true_label,predicted_label,confidence,entropy,margin
0,0,0.9988597,0.008866867,0.9977194
0,0,0.9999999,2.1376331e-06,0.99999976
0,0,1.0,9.55938e-10,1.0
0,0,1.0,2.8517835e-10,1.0
0,0,0.99895066,0.008246689,0.9979013
1,0,1.0,5.129345e-09,1.0
1,1,0.9937184,0.038110435,0.9874368
1,1,0.9999999,2.0196896e-06,0.99999976
0,0,0.819167,0.47265422,0.63833404
1,1,0.9934243,0.03959283,0.9868486
0,0,1.0,6.253227e-10,1.0
1,0,0.99982196,0.0017153285,0.9996439
1,1,0.99387604,0.037310094,0.9877521
0,0,0.9988705,0.008793538,0.997741
0,0,1.0,1.7700148e-09,1.0
1,1,0.9990079,0.007852794,0.99801576
0,0,0.9989597,0.008184665,0.99791944
0,0,0.9984803,0.011380088,0.99696064
0,0,1.0,1.7171775e-09,1.0
0,0,1.0,4.7900745e-08,1.0
1,1,1.0,2.763102e-11,1.0
0,0,1.0,2.763102e-11,1.0
1,1,0.8944596,0.33708864,0.7889192
0,0,0.9998522,0.0014516438,0.99970436
0,0,1.0,2.763102e-11,1.0
1,1,0.9814988,0.09214738,0.96299756
1,1,1.0,2.763102e-11,1.0
1,1,1.0,2.763102e-11,1.0
1,1,0.8902117,0.3460725,0.7804234
1,0,0.9772518,0.108549885,0.95450366
1,0,0.9842153,0.081145585,0.96843064
1,1,0.9999995,7.417722e-06,0.99999905
1,1,0.993869,0.037345886,0.987738
1,1,0.9973085,0.018615292,0.994617
0,0,1.0,5.2890684e-08,1.0
0,0,0.99985224,0.0014511213,0.9997045
1,1,0.9946636,0.033248626,0.9893272
1,0,0.99999994,7.9483357e-07,0.9999999
1,1,0.99999964,5.6661747e-06,0.9999993
0,0,1.0,4.1297343e-10,1.0
0,0,0.98256713,0.08787273,0.96513426
1,0,0.9999998,3.0676865e-06,0.99999964
1,1,0.9999987,1.9072222e-05,0.9999974
1,0,0.9982593,0.0127985235,0.9965186
1,1,0.99998283,0.00020552268,0.99996567
0,0,1.0,8.711995e-10,1.0
1,0,0.99899626,0.007932929,0.9979925
0,0,0.9481102,0.2040424,0.89622045
1,1,1.0,2.763102e-11,1.0
0,0,0.96262944,0.15949574,0.9252589
0,0,1.0,1.335655e-09,1.0
1,1,0.9951233,0.030824717,0.99024665
0,0,1.0,3.0752115e-10,1.0
0,0,0.9989543,0.00822186,0.9979086
0,0,1.0,3.7840764e-10,1.0
1,1,1.0,2.763102e-11,1.0
1,1,0.9999999,2.0196896e-06,0.99999976
1,1,1.0,2.763102e-11,1.0
0,0,0.99893177,0.008376362,0.99786353
0,0,1.0,4.337712e-10,1.0
1,0,0.6661918,0.6368428,0.33238363
1,1,0.974964,0.11703862,0.94992805
0,0,0.9908499,0.052058563,0.9816998
1,0,0.93214196,0.24806283,0.8642839
1,1,0.9908003,0.052290723,0.98160064
1,1,0.9999999,2.0196896e-06,0.99999976
1,0,0.9999978,3.0660914e-05,0.9999956
0,0,0.99999106,0.00011287458,0.9999821
0,0,0.9989571,0.00820278,0.9979142
0,0,1.0,2.763102e-11,1.0
1,0,0.56821245,0.6838122,0.1364249
0,0,1.0,3.3298517e-10,1.0
1,1,0.9940287,0.036531277,0.9880574
0,0,1.0,3.7052413e-07,1.0
0,0,0.99894464,0.008287944,0.9978893
1,0,0.99985117,0.0014604243,0.99970233
1,1,1.0,2.763102e-11,1.0
0,0,0.99894506,0.008285356,0.9978901
0,0,0.9975229,0.017338365,0.9950458
1,1,1.0,2.763102e-11,1.0
0,0,1.0,5.8487273e-09,1.0
1,1,0.93842673,0.23127466,0.87685347
1,1,1.0,2.763102e-11,1.0
1,1,0.93842673,0.23127466,0.87685347
1,1,1.0,2.763102e-11,1.0
1,1,1.0,2.763102e-11,1.0
0,0,0.9998522,0.0014516361,0.99970436
1,1,0.934598,0.24157949,0.86919606
0,0,1.0,1.760467e-07,1.0
1,1,0.9962368,0.024764115,0.9924736
1,1,0.99212706,0.04598093,0.9842541
1,1,0.9595701,0.16930796,0.9191402
1,1,1.0,2.763102e-11,1.0
0,0,0.998951,0.008244311,0.99790204
1,1,0.993869,0.037345886,0.987738
0,0,1.0,2.313367e-07,1.0
1,1,0.86911106,0.38807303,0.7382221
0,0,0.9989396,0.008322718,0.99787915
1,1,1.0,2.763102e-11,1.0
1,1,1.0,2.763102e-11,1.0
0,0,0.998757,0.009558197,0.997514
1,1,1.0,2.763102e-11,1.0
1,1,0.9608246,0.16531458,0.9216492
1,0,0.99999994,7.9483357e-07,0.9999999
1,1,0.97758263,0.107303545,0.95516527
0,0,0.99895465,0.008219432,0.9979093
1,1,0.9999999,2.0196896e-06,0.99999976
0,0,1.0,3.744566e-07,1.0
0,0,0.99997866,0.00025088122,0.9999573
0,0,0.9989628,0.008163296,0.99792564
1,1,0.94095844,0.22432216,0.8819169
0,0,0.9999921,0.00010115244,0.99998415
1,1,1.0,2.763102e-11,1.0
1,1,0.993869,0.037345886,0.987738
1,1,0.8849427,0.35695994,0.7698854
1,1,1.0,2.763102e-11,1.0
1,1,1.0,2.763102e-11,1.0
0,0,1.0,1.7365497e-09,1.0
0,0,0.99985236,0.0014500911,0.9997047
1,0,0.8329555,0.45116884,0.66591096
1,1,0.99418855,0.035711456,0.9883771
1,1,0.9972404,0.019017057,0.99448085
0,0,1.0,6.21156e-10,1.0
0,0,0.9999779,0.00025933792,0.9999558
1,0,0.57905126,0.68059635,0.15810248
0,0,0.67812335,0.62827593,0.35624674
1,1,0.6776328,0.6286409,0.35526562
1,1,0.7056894,0.6059663,0.41137874
0,0,0.9917256,0.047912333,0.98345125
0,0,0.99323356,0.04054715,0.9864671
1,0,0.9999996,6.432392e-06,0.99999917
0,0,0.9997989,0.0019128179,0.9995978
1,1,0.9774253,0.10789704,0.95485055
1,1,0.99999964,5.6661747e-06,0.9999993
0,0,0.99985224,0.0014509979,0.9997045
0,0,0.9974857,0.017561143,0.9949714
1,1,0.99999976,3.87412e-06,0.9999995
1,1,0.9999689,0.00035400613,0.9999378
1,1,0.9368048,0.23567027,0.87360954
1,1,0.9937184,0.038110435,0.9874368
1,1,1.0,2.763102e-11,1.0
1,1,1.0,2.763102e-11,1.0
0,0,0.9636491,0.1561684,0.9272982
1,1,0.9999999,2.0196896e-06,0.99999976
0,0,0.99953675,0.0040197624,0.9990735
1,1,1.0,2.763102e-11,1.0
0,0,0.9989391,0.008326048,0.9978782
0,0,0.9999972,3.8590948e-05,0.9999944
0,0,1.0,2.6545083e-10,1.0
1,0,0.999822,0.0017144604,0.99964404
0,0,1.0,2.763102e-11,1.0
1,0,0.999952,0.00052537053,0.99990404
1,0,0.99999964,5.3682647e-06,0.9999993
1,1,1.0,2.763102e-11,1.0
0,0,1.0,2.9047445e-10,1.0
1,1,0.99998724,0.00015650294,0.9999745
1,0,0.99899626,0.007932929,0.9979925
1,0,0.9972074,0.01921141,0.9944148
1,0,0.59159124,0.6762742,0.18318248
0,0,0.73286474,0.58038867,0.46572948
0,0,0.999737,0.002430677,0.99947405
0,0,1.0,1.5742177e-07,1.0
1,1,1.0,2.763102e-11,1.0
1,1,1.0,2.763102e-11,1.0
1,0,0.7002531,0.6106497,0.40050623
1,0,0.80119014,0.49874812,0.6023803
1,1,0.9896493,0.05760692,0.9792986
1,0,1.0,1.0319424e-09,1.0
0,0,1.0,2.763102e-11,1.0
1,0,0.9968683,0.021184735,0.9937366
1,0,1.0,1.7941863e-10,1.0
0,0,1.0,2.8714237e-10,1.0
1,1,1.0,2.763102e-11,1.0
1,1,0.9999999,2.0196896e-06,0.99999976
0,0,1.0,3.024986e-09,1.0
1,1,0.88955534,0.347444,0.77911067
1,0,0.99482065,0.03242529,0.9896413
0,0,0.99982053,0.0017275373,0.99964106
0,0,1.0,7.856723e-08,1.0
1,0,0.9999984,2.297136e-05,0.9999968
0,0,0.9999998,2.6318166e-06,0.99999964
0,1,0.9961205,0.02541107,0.992241
1,1,0.9999924,9.753035e-05,0.99998474
0,0,0.9494473,0.20013946,0.89889455
1,1,0.8369152,0.44474995,0.6738304
1,1,0.99999857,2.0681588e-05,0.99999714
1,1,1.0,2.763102e-11,1.0
1,1,0.9995466,0.003944,0.9990932
0,0,0.89683235,0.3319878,0.7936647
0,0,1.0,2.9526565e-10,1.0
1,1,1.0,2.763102e-11,1.0
1,0,0.982459,0.08830833,0.964918
0,0,0.9998522,0.0014514487,0.99970436
1,0,1.0,6.0024916e-11,1.0
1,1,1.0,2.763102e-11,1.0
1,0,0.9998205,0.0017280667,0.99964094
1,1,0.99387604,0.037310094,0.9877521
1,1,1.0,2.763102e-11,1.0
1,1,0.9155018,0.28962046,0.83100355
0,0,0.9989413,0.00831099,0.9978826
1,1,0.90600234,0.31169066,0.8120047
0,0,0.9999691,0.00035145317,0.99993825
1,0,0.99886453,0.008833943,0.99772906
1,1,0.99173754,0.04785524,0.9834751
0,0,1.0,2.8712062e-09,1.0
0,0,1.0,1.9868271e-09,1.0
1,1,1.0,2.763102e-11,1.0
1,1,0.99999976,3.87412e-06,0.9999995
0,0,0.6631151,0.6389476,0.32623017
0,0,0.9860256,0.07355441,0.97205114
1,1,0.9999988,1.7452001e-05,0.9999976
0,0,0.99895376,0.008225685,0.9979075
1,0,1.0,2.763102e-11,1.0
1,0,0.9998525,0.0014490022,0.99970496
1,1,1.0,2.763102e-11,1.0
1,1,1.0,2.763102e-11,1.0
0,0,1.0,4.67333e-09,1.0
1,1,0.999998,2.8593053e-05,0.99999595
0,0,0.8593046,0.40622383,0.7186092
0,0,0.998942,0.008306047,0.99788404
1,1,0.9999931,8.9067515e-05,0.9999862
1,1,0.96196425,0.16165061,0.9239285
1,0,1.0,2.7318459e-10,1.0
1,1,0.8354857,0.44708037,0.6709714
0,0,1.0,7.4349856e-08,1.0
0,0,1.0,2.7207242e-10,1.0
0,0,0.9988611,0.008857584,0.99772215
1,1,0.930944,0.2511902,0.86188805
0,0,0.99893576,0.008348956,0.9978715
0,0,0.9894775,0.058388863,0.97895503
1,1,1.0,2.763102e-11,1.0
1,1,0.99999833,2.3871251e-05,0.99999666
1,1,0.9999999,2.0196896e-06,0.99999976
0,0,0.9997722,0.0021383106,0.9995444
0,0,0.9998522,0.0014514345,0.99970436
0,0,1.0,4.0945367e-10,1.0
1,1,0.9913276,0.049807932,0.98265517
0,0,1.0,3.1005068e-10,1.0
1,1,1.0,2.763102e-11,1.0
0,0,0.99895704,0.00820312,0.9979141
1,1,1.0,2.763102e-11,1.0
0,0,1.0,2.2889148e-09,1.0
0,0,0.99881583,0.009163155,0.99763167
0,0,0.9998522,0.0014513087,0.99970436
0,0,0.9989466,0.008274787,0.9978932
0,0,0.9999967,4.4502944e-05,0.99999344
1,1,0.9999995,7.417722e-06,0.99999905
0,0,1.0,4.4106058e-10,1.0
0,0,0.9666544,0.146186,0.93330884
0,0,0.9999997,4.9806613e-06,0.9999994
1,1,0.99547887,0.028920453,0.99095774
0,0,1.0,2.763102e-11,1.0
1,1,0.93842673,0.23127466,0.87685347
1,1,0.9999503,0.000542303,0.9999006
0,0,0.9989129,0.008505392,0.99782574
0,0,1.0,2.763102e-11,1.0
1,0,1.0,7.252653e-10,1.0
0,0,1.0,2.8558192e-10,1.0
1,1,0.9998467,0.0014997673,0.9996934
0,0,1.0,2.763102e-11,1.0
0,0,0.9989574,0.008200773,0.9979148
0,1,0.9999163,0.00086935324,0.99983263
0,0,0.9999998,3.3451122e-06,0.99999964
0,0,0.9998522,0.0014513505,0.99970436
1,1,1.0,2.763102e-11,1.0
0,0,0.9989526,0.0082332,0.99790525
0,0,0.999965,0.00039395285,0.99993
1,1,0.97073215,0.13218784,0.9414643
1,0,0.71978986,0.5931517,0.43957973
1,1,0.9937184,0.038110435,0.9874368
0,1,0.56018525,0.6858851,0.12037051
1,0,0.9968683,0.021184735,0.9937366
0,0,0.9999876,0.00015262834,0.9999752
0,0,0.99894816,0.008263875,0.9978963
0,0,0.99985117,0.0014604243,0.99970233
0,0,1.0,8.036887e-09,1.0
1,0,1.0,2.763102e-11,1.0
0,0,1.0,8.4417975e-09,1.0
1,0,0.9202039,0.27827108,0.84040785
1,1,1.0,2.763102e-11,1.0
0,0,0.987038,0.06920705,0.97407603
0,0,0.99999994,8.8481295e-07,0.9999999
0,0,1.0,4.4451537e-10,1.0
1,1,1.0,2.763102e-11,1.0
0,0,0.9989159,0.0084845275,0.9978318
0,0,0.9998522,0.0014516438,0.99970436
1,1,1.0,2.763102e-11,1.0
0,1,0.9999745,0.000295323,0.999949
0,0,1.0,2.6521318e-10,1.0
1,0,0.8534656,0.4166502,0.70693123
0,0,0.99894875,0.008259904,0.9978975
1,1,0.9500262,0.19843805,0.9000524
0,0,0.9750276,0.1168057,0.95005524
1,1,1.0,2.763102e-11,1.0
1,0,1.0,2.0413245e-10,1.0
1,1,0.9158749,0.28873047,0.8317498
0,0,0.9989226,0.0084390715,0.9978452
1,1,0.99998224,0.00021205258,0.9999645
1,1,0.99998724,0.00015650294,0.9999745
0,0,0.998943,0.008299685,0.99788594
1,1,0.99999475,6.9017464e-05,0.9999895
0,0,0.99860644,0.010556339,0.9972129
0,0,1.0,2.1177504e-08,1.0
1,1,0.94392335,0.21603292,0.8878467
1,1,1.0,2.763102e-11,1.0
1,0,0.9966601,0.022377618,0.9933202
1,1,0.9999989,1.581984e-05,0.99999785
1,1,0.9979305,0.014857629,0.99586105
0,0,0.8697048,0.3869475,0.73940957
1,0,0.9999961,5.2110016e-05,0.99999225
1,1,0.99998724,0.00015650294,0.9999745
0,0,0.9988733,0.008774791,0.9977466
1,1,1.0,2.763102e-11,1.0
0,0,0.99894845,0.008261925,0.9978969
1,1,0.9925881,0.043737262,0.9851762
1,1,0.9999999,2.0196896e-06,0.99999976
1,1,0.8732099,0.38023895,0.7464198
0,0,0.9998522,0.0014514487,0.99970436
0,0,0.9989543,0.008221787,0.9979086
0,0,1.0,3.0654498e-10,1.0
0,0,0.99985236,0.0014497995,0.9997047
1,0,0.99999934,9.63773e-06,0.9999987
1,1,1.0,2.763102e-11,1.0
1,1,0.9999995,7.417722e-06,0.99999905
0,0,0.9989564,0.008207433,0.99791276
1,1,0.5057739,0.6930805,0.011547804
0,0,0.998892,0.008647313,0.997784
1,1,0.9761139,0.11280012,0.95222783
1,1,0.9309531,0.2511666,0.8619062
0,0,1.0,4.5724924e-10,1.0
1,0,0.99833685,0.012304287,0.9966737
1,1,0.93842673,0.23127466,0.87685347
0,0,0.9989387,0.008328978,0.99787736
0,0,0.99893194,0.008375021,0.9978639
0,0,0.9999991,1.3672507e-05,0.9999982
1,0,0.9999873,0.00015557386,0.9999746
1,1,1.0,2.763102e-11,1.0
0,0,0.9999848,0.00018386009,0.9999696
1,1,0.993869,0.037345886,0.987738
0,0,0.99895424,0.008222209,0.9979085
0,0,0.94555223,0.21140885,0.89110446
1,1,0.99803716,0.014196009,0.9960743
0,0,0.9998205,0.0017280771,0.99964094
0,0,0.9989562,0.008208964,0.9979124
1,0,0.738261,0.574868,0.47652194
0,0,1.0,2.763102e-11,1.0
1,0,1.0,1.9749095e-08,1.0
0,0,0.99985224,0.0014511015,0.9997045
0,0,0.9998205,0.0017280667,0.99964094
0,0,1.0,2.5669162e-09,1.0
1,0,0.9828783,0.08661504,0.96575665
1,1,1.0,2.763102e-11,1.0
0,0,0.99908733,0.007300074,0.99817467
1,1,1.0,2.763102e-11,1.0
1,0,0.5088712,0.69298977,0.017742366
1,1,0.99703836,0.020199927,0.9940767
1,1,0.9999999,2.0196896e-06,0.99999976
1,1,0.97246855,0.12605362,0.9449371
1,0,0.99978524,0.0020284338,0.9995705
1,0,0.99769115,0.01632322,0.9953823
1,1,0.99999917,1.2514034e-05,0.99999833
0,0,0.9806221,0.09560798,0.9612442
0,0,1.0,3.2088096e-10,1.0
1,1,1.0,2.763102e-11,1.0
1,0,0.99999994,1.3892782e-06,0.9999999
0,0,0.9999861,0.00016934914,0.9999722
1,1,0.99999976,3.87412e-06,0.9999995
0,0,0.9988739,0.008770721,0.9977478
0,0,0.999975,0.00028980357,0.99995005
0,0,1.0,3.757656e-10,1.0
1,1,0.99999833,2.3871251e-05,0.99999666
1,0,0.99999994,1.3290363e-06,0.9999999
0,0,1.0,3.9933765e-10,1.0
0,0,0.99995977,0.00044766662,0.99991953
0,0,1.0,2.6651403e-10,1.0
0,0,1.0,3.111622e-10,1.0
0,0,0.99999994,7.11641e-07,0.9999999
0,0,0.9989426,0.008301952,0.9978852
0,0,0.9988567,0.008887026,0.99771345
1,1,1.0,2.763102e-11,1.0
0,0,0.99894387,0.008293369,0.99788773
0,0,0.99886143,0.008855195,0.99772286
0,0,0.92827284,0.25808388,0.8565457
1,1,0.9235533,0.27000403,0.8471066
1,1,0.9999993,1.0836571e-05,0.99999857
1,0,0.99999833,2.3910618e-05,0.99999666
1,1,0.99936837,0.0052847825,0.99873674
0,0,1.0,2.763102e-11,1.0
1,0,0.9999979,2.9309173e-05,0.9999958
0,0,1.0,4.0330028e-10,1.0
0,0,0.99853474,0.01102621,0.9970695
0,0,1.0,8.302208e-10,1.0
1,1,1.0,2.763102e-11,1.0
1,1,0.8625302,0.40034378,0.72506034
0,0,1.0,6.241974e-09,1.0
0,0,0.9987233,0.009782815,0.99744666
0,0,0.98466825,0.0792671,0.9693365
1,1,1.0,2.763102e-11,1.0
1,0,0.9999783,0.0002545345,0.9999566
1,1,1.0,2.763102e-11,1.0
1,1,0.99999964,5.6661747e-06,0.9999993
1,1,1.0,2.763102e-11,1.0
0,0,0.51437867,0.69273365,0.028757304
0,0,1.0,4.1533017e-08,1.0
0,0,0.99999994,1.3246087e-06,0.9999999
0,0,0.9998522,0.0014514487,0.99970436
1,1,1.0,2.763102e-11,1.0
1,0,0.9999999,2.027954e-06,0.99999976
1,1,1.0,2.763102e-11,1.0
1,1,0.93842673,0.23127466,0.87685347
1,1,0.99982125,0.0017212986,0.9996425
0,0,0.9989495,0.008254517,0.99789906
0,0,0.9998522,0.0014516438,0.99970436
1,1,0.96672964,0.14593263,0.9334593
0,1,0.99998116,0.00022375648,0.99996233
1,1,0.99999905,1.4174408e-05,0.9999981
0,1,0.9867431,0.07048139,0.9734862
1,1,0.99998724,0.00015650294,0.9999745
0,0,1.0,7.9074375e-10,1.0
1,1,0.99510574,0.030918201,0.9902115
1,1,0.93842673,0.23127466,0.87685347
1,1,0.99999976,3.87412e-06,0.9999995
1,0,0.99995023,0.00054270437,0.99990046
1,1,0.99999857,2.0681588e-05,0.99999714
0,0,0.9998552,0.0014244827,0.99971044
1,1,0.99999976,3.87412e-06,0.9999995
1,0,1.0,8.9969504e-10,1.0
0,0,1.0,7.2882306e-10,1.0
1,1,1.0,2.763102e-11,1.0
1,1,0.9907017,0.052751787,0.98140335
1,1,1.0,2.763102e-11,1.0
0,0,1.0,3.7390518e-10,1.0
1,1,0.8748361,0.37708902,0.7496722
0,0,1.0,3.4210773e-10,1.0
0,0,0.99895513,0.008216051,0.99791026
1,1,1.0,2.763102e-11,1.0
0,0,0.99982184,0.001716127,0.9996437
1,1,1.0,2.763102e-11,1.0
0,0,1.0,4.1520265e-10,1.0
0,0,1.0,2.763102e-11,1.0
1,0,0.9999999,1.615885e-06,0.99999976
1,1,0.9999999,2.0196896e-06,0.99999976
0,0,0.99892724,0.008407272,0.9978545
0,0,0.9999994,8.9596115e-06,0.9999988
1,1,0.9999995,7.417722e-06,0.99999905
1,1,0.99466574,0.03323741,0.9893315
0,0,0.9999999,2.3875384e-06,0.99999976
0,1,0.5726191,0.6825627,0.14523816
1,1,0.9999999,2.0196896e-06,0.99999976
1,0,1.0,1.4175159e-09,1.0
0,0,0.99776894,0.015849888,0.9955379
1,0,0.99999994,1.3651203e-06,0.9999999
0,0,0.9988903,0.008659273,0.99778056
1,1,1.0,2.763102e-11,1.0
0,1,0.9598603,0.16838779,0.91972065
0,0,0.9976334,0.016673079,0.9952668
1,1,1.0,2.763102e-11,1.0
1,0,0.6661918,0.6368428,0.33238363
0,0,0.9999999,1.9754639e-06,0.99999976
0,0,0.99978626,0.00202016,0.9995725
0,0,0.9996949,0.002774787,0.99938977
1,1,1.0,2.763102e-11,1.0
0,0,0.99895805,0.00819595,0.9979161
0,0,1.0,1.429592e-09,1.0
0,0,0.99988425,0.0011650906,0.9997685
1,1,1.0,2.763102e-11,1.0
1,1,0.9811218,0.09364065,0.96224356
0,0,0.99833167,0.012337498,0.99666333
1,1,0.93842673,0.23127466,0.87685347
1,1,0.9995466,0.003944,0.9990932
0,0,1.0,3.9369694e-10,1.0
0,0,1.0,3.9415918e-10,1.0
0,0,0.9998512,0.0014599623,0.99970245
0,0,1.0,3.9872697e-10,1.0
1,0,0.99985117,0.0014604243,0.99970233
1,0,0.92517745,0.26593843,0.8503549
0,0,0.9989464,0.008275769,0.99789286
1,1,1.0,2.763102e-11,1.0
1,1,0.9999988,1.7452001e-05,0.9999976
1,0,0.9968683,0.021184735,0.9937366
1,0,0.9999999,2.2637125e-06,0.99999976
1,1,0.93842673,0.23127466,0.87685347
1,1,0.9986117,0.010521974,0.9972234
0,0,1.0,4.9298476e-10,1.0
0,0,1.0,4.4493292e-10,1.0
1,1,0.99999785,3.0152349e-05,0.9999957
1,1,0.9833592,0.0846605,0.96671844
0,0,1.0,2.763102e-11,1.0
1,1,0.9447175,0.21378475,0.88943505
1,1,1.0,2.763102e-11,1.0
1,0,0.99999976,4.270287e-06,0.9999995
1,0,0.99874,0.009671641,0.99748003
0,0,1.0,8.9359803e-10,1.0
1,1,0.9584981,0.17268817,0.91699624
1,1,0.5769839,0.6812469,0.15396786
1,1,0.949443,0.2001521,0.89888597
1,1,0.9999999,2.0196896e-06,0.99999976
1,0,0.53062177,0.6912706,0.061243504
1,1,0.9999989,1.581984e-05,0.99999785
0,0,0.9989422,0.008304715,0.9978844
1,0,0.7097875,0.6023419,0.419575
0,1,0.99997354,0.00030539182,0.9999471
0,0,0.9989571,0.0082025565,0.9979142
1,1,0.9999994,9.1391485e-06,0.9999988
0,0,1.0,1.7960334e-08,1.0
1,1,0.9999999,2.0196896e-06,0.99999976
0,0,0.9162095,0.28793085,0.83241904
1,0,0.9271424,0.26096874,0.85428476
1,1,1.0,2.763102e-11,1.0
1,1,0.9958912,0.026676586,0.9917824
1,0,0.9998525,0.0014488637,0.99970496
1,0,1.0,1.5038995e-10,1.0
1,1,0.6738205,0.6314399,0.347641
1,0,0.99985236,0.0014499458,0.9997047
0,0,1.0,3.6623128e-08,1.0
0,0,0.9988494,0.008936509,0.9976988
0,0,0.99740255,0.018057259,0.9948051
0,0,1.0,3.139838e-10,1.0
1,1,0.99999905,1.4174408e-05,0.9999981
1,0,0.9607891,0.16542818,0.92157817
1,1,1.0,2.763102e-11,1.0
1,0,1.0,7.8672757e-10,1.0
0,0,0.998949,0.008258439,0.997898
1,0,0.7440708,0.56875575,0.48814166
1,1,0.9999999,2.0196896e-06,0.99999976
1,1,1.0,2.763102e-11,1.0
1,1,0.9990976,0.0072283256,0.9981952
0,0,0.91407466,0.29300776,0.8281493
0,0,1.0,1.4630442e-07,1.0
1,1,0.9855629,0.07551606,0.97112584
1,1,1.0,2.763102e-11,1.0
1,1,0.99913484,0.00696642,0.9982697
0,0,1.0,5.342877e-09,1.0
1,0,0.99982053,0.0017275373,0.99964106
0,1,1.0,2.763102e-11,1.0
1,1,0.9524087,0.19136104,0.90481734
0,0,0.86974657,0.38686818,0.73949313
0,0,0.99896294,0.008162439,0.9979259
0,1,0.64392155,0.6511284,0.2878431
0,0,1.0,1.1493922e-09,1.0
1,1,1.0,2.763102e-11,1.0
0,0,0.99930656,0.0057372805,0.9986131
1,0,0.97697127,0.10960318,0.95394254
0,0,0.9776491,0.1070525,0.9552982
1,1,1.0,2.763102e-11,1.0
1,0,0.7352069,0.5780109,0.4704138
0,0,0.9986541,0.010242115,0.99730825
1,1,1.0,2.763102e-11,1.0
0,0,1.0,3.0206915e-10,1.0
0,0,0.9988445,0.008969704,0.997689
1,1,1.0,2.763102e-11,1.0
0,0,0.98086107,0.09466874,0.96172214
1,0,1.0,1.0396426e-10,1.0
0,0,1.0,5.2823185e-10,1.0
1,1,0.93842673,0.23127466,0.87685347
1,0,0.9996488,0.003144623,0.9992976
1,1,0.9669066,0.1453359,0.9338132
1,1,0.5129908,0.6928096,0.025981545
1,1,0.99387604,0.037310094,0.9877521
1,1,0.993869,0.037345886,0.987738
0,0,1.0,2.8498128e-09,1.0
0,0,1.0,2.763102e-11,1.0
0,0,0.9998522,0.0014513396,0.99970436
1,0,1.0,3.027992e-10,1.0
1,1,0.9999999,2.0196896e-06,0.99999976
1,0,1.0,5.800533e-11,1.0
1,1,0.9953876,0.029411804,0.9907752
1,0,0.8507932,0.42133078,0.70158637
0,0,0.9999909,0.000115140836,0.99998176
1,0,0.9999995,7.5742946e-06,0.99999905
0,0,1.0,5.665162e-10,1.0
1,1,1.0,2.763102e-11,1.0
0,0,0.99985844,0.0013960538,0.9997169
1,1,0.9999999,2.0196896e-06,0.99999976
0,0,0.9989595,0.008186346,0.99791896
1,1,0.9999999,2.0196896e-06,0.99999976
1,1,0.98876184,0.061616573,0.9775237
0,0,1.0,3.3490838e-10,1.0
0,0,1.0,4.6413492e-10,1.0
0,0,0.9997834,0.0020440842,0.9995668
1,1,0.97903466,0.10177263,0.9580693
1,1,1.0,2.763102e-11,1.0
1,1,1.0,2.763102e-11,1.0
0,0,1.0,3.1658842e-10,1.0
0,0,0.9989283,0.008399731,0.9978566
0,0,0.9998067,0.001846431,0.9996134
1,1,0.99998724,0.00015650294,0.9999745
1,0,0.680172,0.62673974,0.36034405
1,1,1.0,2.763102e-11,1.0
0,0,0.99999994,1.4445444e-06,0.9999999
1,1,0.998563,0.010841471,0.997126
0,0,0.99894166,0.00830838,0.9978833
1,1,0.96572757,0.14929341,0.93145514
1,1,0.9575496,0.17565504,0.91509914
1,1,1.0,2.763102e-11,1.0
0,0,0.9989561,0.0082094995,0.99791217
1,1,0.9404787,0.22564837,0.88095737
0,0,1.0,5.181309e-10,1.0
0,1,0.999925,0.00078718405,0.99985003
0,0,1.0,3.1314482e-10,1.0
1,1,0.9936041,0.038687997,0.98720825
0,0,1.0,3.0177164e-10,1.0
1,1,1.0,2.763102e-11,1.0
0,0,1.0,1.4314391e-09,1.0
0,0,1.0,2.763102e-11,1.0
1,1,0.9413363,0.22327478,0.88267255
0,0,1.0,3.6813283e-10,1.0
1,0,0.99999803,2.8107312e-05,0.99999607
0,0,0.99895525,0.008215518,0.9979105
0,0,1.0,3.4316175e-10,1.0
1,0,0.9997852,0.0020288716,0.99957037
0,0,1.0,2.763102e-11,1.0
0,0,1.0,6.8501276e-09,1.0
0,0,1.0,2.763102e-11,1.0
1,1,1.0,2.763102e-11,1.0
0,0,0.99982184,0.0017159403,0.9996437
1,0,0.99899626,0.007932929,0.9979925
1,1,0.6226072,0.6627734,0.24521434
1,0,0.8113102,0.48431763,0.62262034
0,0,0.99998933,0.00013265385,0.99997866
0,0,1.0,2.8685891e-09,1.0
0,0,0.99999547,6.0227347e-05,0.99999094
1,0,0.8870809,0.35257524,0.7741618
0,0,0.99982166,0.0017175418,0.9996433
0,0,0.99894994,0.008251816,0.9978999
1,0,0.9991322,0.006984798,0.99826443
1,1,0.9998714,0.0012809342,0.99974275
1,0,0.78932935,0.5148439,0.5786587
1,0,0.999699,0.0027416016,0.999398
1,1,0.99438334,0.034706518,0.9887667
1,0,0.99999774,3.1969364e-05,0.99999547
0,0,1.0,4.4396248e-10,1.0
1,1,0.97051394,0.1329511,0.9410279
1,1,1.0,2.763102e-11,1.0
0,0,0.99893755,0.008336796,0.9978751
1,0,0.9999999,2.039393e-06,0.99999976
1,1,0.99986315,0.001354364,0.9997263
0,0,1.0,3.1569797e-10,1.0
1,1,0.8264185,0.4615199,0.65283704
1,1,0.99387604,0.037310094,0.9877521
1,1,0.999895,0.0010671715,0.99978995
1,1,1.0,2.763102e-11,1.0
1,1,1.0,2.763102e-11,1.0
0,0,0.9989242,0.008427988,0.9978484
0,0,0.9987903,0.009334779,0.99758065
1,1,0.9917331,0.04787664,0.98346615
0,0,1.0,7.379086e-08,1.0
1,1,0.95762396,0.17542319,0.9152479
1,1,0.99387604,0.037310094,0.9877521
0,0,1.0,9.1467833e-10,1.0
1,1,1.0,2.763102e-11,1.0
1,1,1.0,2.763102e-11,1.0
1,0,0.99821347,0.013089191,0.99642694
0,0,0.99424374,0.035427283,0.9884875
0,0,0.99671173,0.022083214,0.99342346
0,0,0.9989435,0.008295722,0.997887
1,0,1.0,6.975679e-08,1.0
1,1,0.93842673,0.23127466,0.87685347
1,0,1.0,2.763102e-11,1.0
1,1,0.93842673,0.23127466,0.87685347
0,0,0.9998522,0.0014516361,0.99970436
1,0,1.0,9.630365e-10,1.0
0,0,1.0,4.2971177e-10,1.0
0,0,1.0,3.4486378e-10,1.0
0,0,0.99895036,0.00824881,0.9979007
1,1,0.9999995,7.417722e-06,0.99999905
1,0,0.96216714,0.16099457,0.9243343
1,1,0.99881893,0.009142334,0.99763787
0,0,0.99893,0.008388324,0.99785995
1,1,0.9989779,0.008059655,0.9979558
1,1,0.9985843,0.010702068,0.99716854
0,0,0.9906025,0.05321435,0.981205
1,1,1.0,2.763102e-11,1.0
1,1,0.9999999,2.0196896e-06,0.99999976
1,1,0.885504,0.35581326,0.771008
0,0,1.0,7.2521494e-10,1.0
0,0,1.0,2.763102e-11,1.0
1,1,1.0,2.763102e-11,1.0
0,1,0.99999285,9.189632e-05,0.9999857
0,0,1.0,2.763102e-11,1.0
1,1,0.9999999,2.0196896e-06,0.99999976
1,0,0.99899626,0.007932929,0.9979925
0,0,0.9989311,0.008380692,0.9978622
1,1,0.6835417,0.6241709,0.36708343
1,0,0.6340774,0.6567499,0.26815486
1,1,0.97692275,0.10978493,0.9538455
1,1,1.0,2.763102e-11,1.0
0,0,0.99894816,0.008263837,0.9978963
1,1,0.9999981,2.702674e-05,0.9999962
0,0,0.9988895,0.008664579,0.997779
1,0,0.666208,0.63683164,0.3324161
0,0,0.9998522,0.0014515843,0.99970436
0,0,0.9999517,0.0005282485,0.99990344
1,1,0.9921916,0.045668464,0.9843832
0,0,0.9999983,2.4534747e-05,0.99999654
1,1,0.99999774,3.1705014e-05,0.99999547
1,1,0.9937641,0.037878763,0.9875282
1,1,0.993869,0.037345886,0.987738
0,0,1.0,4.3471657e-09,1.0
0,0,0.99932534,0.0056002424,0.99865067
1,1,0.9875293,0.06706892,0.97505856
1,1,0.9999987,1.9072222e-05,0.9999974
1,1,0.9205937,0.27731702,0.84118736
0,0,0.97365767,0.12178825,0.94731534
1,1,0.9999999,2.0196896e-06,0.99999976
1,0,0.9999999,2.1498918e-06,0.99999976
0,0,0.9999953,6.271937e-05,0.9999906
0,0,1.0,2.966631e-10,1.0
1,0,0.8561806,0.41183668,0.7123612
1,1,0.9999999,2.0196896e-06,0.99999976
1,1,0.9929127,0.04214032,0.9858254
1,0,0.99982196,0.0017150046,0.9996439
1,1,0.9999995,7.417722e-06,0.99999905
1,1,1.0,2.763102e-11,1.0
1,1,0.93842673,0.23127466,0.87685347
1,0,0.9968683,0.021184735,0.9937366
1,1,0.99722517,0.019106887,0.99445033
1,1,0.99999976,3.87412e-06,0.9999995
0,0,1.0,3.7219158e-10,1.0
0,0,0.9998522,0.0014513595,0.99970436
0,0,0.99818265,0.013283812,0.9963653
0,0,0.9989412,0.0083116405,0.99788237
1,1,0.93842673,0.23127466,0.87685347
0,0,1.0,4.477726e-10,1.0
1,0,0.9890827,0.060175486,0.9781654
1,0,0.99996465,0.0003977231,0.9999293
1,1,1.0,2.763102e-11,1.0
1,0,1.0,2.763102e-11,1.0
0,0,1.0,2.7710773e-10,1.0
1,1,0.93842673,0.23127466,0.87685347
1,1,0.9508001,0.19615257,0.90160024
1,0,0.99999994,7.599622e-07,0.9999999
1,1,1.0,2.763102e-11,1.0
0,0,0.9579288,0.17447163,0.91585755
1,0,0.9998525,0.0014488637,0.99970496
1,0,0.9999503,0.00054209185,0.9999006
1,1,0.95411676,0.18621045,0.9082335
1,1,0.5769839,0.6812469,0.15396786
1,1,0.91928583,0.28051016,0.83857167
0,0,1.0,4.2846382e-10,1.0
1,1,0.94451386,0.21436246,0.8890277
1,1,0.9999999,2.0196896e-06,0.99999976
1,0,0.9966601,0.022377618,0.9933202
0,0,0.99762744,0.016708985,0.9952549
0,0,0.9993578,0.005362324,0.99871564
1,1,0.93842673,0.23127466,0.87685347
0,0,1.0,5.315486e-10,1.0
0,0,1.0,1.538075e-08,1.0
1,1,1.0,2.763102e-11,1.0
0,0,1.0,4.3087303e-09,1.0
0,0,1.0,3.6255557e-10,1.0
0,0,0.9989536,0.008226761,0.99790716
1,1,1.0,2.763102e-11,1.0
1,1,0.9999995,7.417722e-06,0.99999905
0,0,1.0,2.7683936e-10,1.0
1,1,0.9999999,2.0196896e-06,0.99999976
1,1,0.75384516,0.55807126,0.5076903
0,0,0.803655,0.49529356,0.60731006
1,0,0.99985236,0.0014499458,0.9997047
1,1,0.99999845,2.2281009e-05,0.9999969
1,1,0.993722,0.03809202,0.98744404
0,0,1.0,3.921131e-10,1.0
0,1,0.99998605,0.00016988323,0.9999721
1,1,1.0,2.763102e-11,1.0
1,1,0.9917386,0.047850106,0.98347723
0,0,0.95055073,0.19689043,0.90110147
0,0,0.9989565,0.008206628,0.997913
1,0,0.99999976,3.7630173e-06,0.9999995
1,1,0.9921957,0.045648538,0.98439145
0,0,0.99894696,0.008272039,0.9978939
0,0,1.0,4.800133e-10,1.0
0,1,0.99998116,0.00022375648,0.99996233
1,0,1.0,1.0877829e-07,1.0
1,1,1.0,2.763102e-11,1.0
0,0,0.9989507,0.008246319,0.99790144
0,0,0.9458939,0.21043243,0.89178777
0,0,0.9999996,6.142524e-06,0.99999917
1,1,0.8525111,0.41832846,0.7050222
1,1,0.9999988,1.7452001e-05,0.9999976
1,1,0.9999995,7.417722e-06,0.99999905
1,0,0.92903656,0.256124,0.8580731
1,1,0.72630185,0.5869025,0.4526037
0,0,0.99985236,0.0014500911,0.9997047
0,0,0.9999751,0.00028889833,0.9999502
0,0,1.0,1.2175542e-09,1.0
1,1,1.0,2.763102e-11,1.0
0,0,0.99985224,0.0014511114,0.9997045
1,1,1.0,2.763102e-11,1.0
1,0,0.98297703,0.08621501,0.96595407
0,0,0.99749297,0.017517518,0.99498594
0,0,1.0,2.5648601e-08,1.0
0,0,1.0,3.921971e-10,1.0
1,1,1.0,2.763102e-11,1.0
0,0,0.9997834,0.0020440996,0.9995668
0,0,0.9996069,0.003475271,0.9992138
1,1,0.9763327,0.11198725,0.95266545
1,1,0.7996253,0.5009215,0.59925056
1,1,0.9999999,2.0196896e-06,0.99999976
1,1,0.99541485,0.029265327,0.9908297
1,1,0.9537835,0.18722048,0.907567
0,0,0.99894464,0.008288056,0.9978893
0,0,0.9989437,0.008294673,0.9978874
1,0,0.9981148,0.01371048,0.99622965
1,1,1.0,2.763102e-11,1.0
1,0,0.9999996,6.6012294e-06,0.99999917
0,0,1.0,5.772502e-10,1.0
0,0,0.98067087,0.09541658,0.96134174
1,1,1.0,2.763102e-11,1.0
1,1,0.9999794,0.00024312871,0.99995875
0,0,0.9988837,0.008703975,0.99776745
1,1,1.0,2.763102e-11,1.0
1,1,0.99999976,3.87412e-06,0.9999995
1,1,0.99998724,0.00015650294,0.9999745
1,0,1.0,2.535517e-07,1.0
1,1,0.91180253,0.29834747,0.82360506
1,1,1.0,2.763102e-11,1.0
0,0,1.0,2.763102e-11,1.0
1,1,1.0,2.763102e-11,1.0
1,1,0.9999999,2.0196896e-06,0.99999976
1,1,0.9999999,2.0196896e-06,0.99999976
1,0,0.99803936,0.014182392,0.9960787
0,0,0.9993261,0.0055947118,0.9986522
1,0,0.9997361,0.0024387334,0.99947214
1,1,0.93842673,0.23127466,0.87685347
0,0,1.0,1.2093985e-09,1.0
0,0,1.0,3.3785388e-10,1.0
1,1,1.0,2.763102e-11,1.0
0,0,1.0,3.5150743e-10,1.0
1,0,0.6661918,0.6368428,0.33238363
1,0,0.99848884,0.011324937,0.9969777
1,1,0.9999999,2.0196896e-06,0.99999976
1,1,0.9205937,0.27731702,0.84118736
0,0,0.9999874,0.00015455065,0.99997485
1,0,1.0,4.0650075e-10,1.0
1,1,0.99133897,0.049753975,0.98267794
0,1,0.99451786,0.034008514,0.9890357
0,0,1.0,2.763102e-11,1.0
1,1,0.9919625,0.046775132,0.983925
0,0,1.0,2.763102e-11,1.0
0,0,0.99968,0.0028950823,0.99935997
1,1,1.0,2.763102e-11,1.0
1,1,0.9999999,2.0196896e-06,0.99999976
0,0,1.0,6.807085e-08,1.0
0,0,0.9989555,0.008213675,0.997911
0,0,0.9989581,0.008195727,0.9979162
0,1,0.9999857,0.00017387705,0.9999714
0,0,0.99999994,9.936773e-07,0.9999999
1,0,0.978508,0.103790194,0.957016
0,0,1.0,2.9984118e-10,1.0
0,1,0.9999814,0.00022116103,0.9999628
1,1,0.993869,0.037345886,0.987738
1,1,1.0,2.763102e-11,1.0
1,1,0.7316635,0.5815972,0.46332705
1,1,0.5787531,0.68069124,0.15750623
0,0,1.0,3.1559044e-10,1.0
1,0,0.9979563,0.014698463,0.99591255
0,0,0.9989302,0.008387024,0.99786043
1,1,1.0,2.763102e-11,1.0
0,0,0.9989293,0.008393132,0.99785864
1,1,0.583075,0.67928004,0.16614997
1,1,0.97854954,0.1036316,0.9570991
0,0,0.99983,0.0016456903,0.99966
1,1,1.0,2.763102e-11,1.0
1,1,0.9993061,0.0057406463,0.99861217
1,0,0.99999833,2.4127641e-05,0.99999666
1,0,0.9947916,0.032577645,0.98958325
0,0,1.0,2.9095845e-10,1.0
1,0,0.9892478,0.05943015,0.9784956
0,0,1.0,4.9010267e-09,1.0
0,0,1.0,8.270032e-09,1.0
1,1,0.99999976,3.87412e-06,0.9999995
1,1,1.0,2.763102e-11,1.0
0,0,0.81344587,0.4811877,0.62689173
1,0,0.99899626,0.007932929,0.9979925
1,1,0.9999999,2.0196896e-06,0.99999976
1,1,0.99998724,0.00015650294,0.9999745
0,0,1.0,3.658242e-10,1.0
0,0,1.0,3.295843e-10,1.0
1,0,0.9786877,0.103103295,0.9573754
0,0,0.99894154,0.008309472,0.9978831
1,1,1.0,2.763102e-11,1.0
0,0,0.99893457,0.008357259,0.99786913
0,1,0.8229831,0.46683985,0.6459662
0,1,0.9999832,0.00020159483,0.9999664
1,1,0.94284004,0.21908046,0.8856801
1,1,0.9683307,0.14049783,0.93666136
0,0,0.9999997,4.832963e-06,0.9999994
1,1,1.0,2.763102e-11,1.0
0,0,1.0,5.9835703e-10,1.0
0,0,0.99982184,0.0017159403,0.9996437
1,0,0.9974633,0.017695157,0.9949266
0,0,1.0,4.7412724e-10,1.0
1,0,0.99997586,0.0002807924,0.9999517
0,0,1.0,2.763102e-11,1.0
1,0,0.9998406,0.0015528594,0.99968123
1,0,0.9849081,0.078266785,0.9698162
0,0,0.99894357,0.008295619,0.99788713
1,1,0.9998678,0.0013129229,0.9997356
1,1,0.9952428,0.030187964,0.99048555
1,0,0.99405366,0.036403544,0.9881073
1,0,0.99999964,6.0159427e-06,0.9999993
1,1,1.0,2.763102e-11,1.0
1,1,0.9948257,0.03239856,0.98965144
1,1,0.8604104,0.4042178,0.7208208
1,0,0.5514978,0.68783367,0.102995604
0,0,1.0,3.0270214e-10,1.0
0,0,1.0,2.6305316e-09,1.0
0,0,0.9515933,0.1937969,0.90318656
0,0,0.998916,0.0084842965,0.99783194
1,1,1.0,2.763102e-11,1.0
0,0,0.99993104,0.00073000026,0.9998621
1,1,0.5275337,0.69163024,0.05506742
0,0,0.99576193,0.027384441,0.99152386
1,1,1.0,2.763102e-11,1.0
0,0,1.0,2.763102e-11,1.0
1,1,0.626717,0.6606799,0.25343394
1,1,0.985559,0.075532675,0.971118
1,1,1.0,2.763102e-11,1.0
1,1,0.995297,0.029897831,0.990594
1,1,0.8054142,0.49280453,0.6108284
1,0,0.7396271,0.5734466,0.47925422
1,0,0.9997852,0.0020290606,0.99957037
1,1,1.0,2.763102e-11,1.0
1,1,0.99933976,0.005494903,0.9986795
1,1,0.93842673,0.23127466,0.87685347
1,1,0.994559,0.033794466,0.989118
1,0,0.9999954,6.086433e-05,0.9999908
1,0,0.6661918,0.6368428,0.33238363
1,0,0.8122935,0.4828802,0.62458706
1,1,0.96833974,0.14046685,0.9366795
1,1,0.9999994,9.1391485e-06,0.9999988
1,0,0.5543135,0.6872356,0.10862696
1,1,0.9237039,0.26962858,0.8474078
0,0,0.9989318,0.008375868,0.99786365
1,0,0.99985236,0.0014499458,0.9997047
0,0,0.9998522,0.0014514487,0.99970436
0,0,1.0,3.0162723e-09,1.0
0,0,0.9989563,0.008207982,0.99791265
1,0,0.8623133,0.40074188,0.72462654
1,0,0.99899626,0.007932929,0.9979925
1,0,0.9999999,1.907588e-06,0.99999976
0,0,1.0,1.4970283e-09,1.0
1,1,1.0,2.763102e-11,1.0
0,0,1.0,1.2192213e-09,1.0
1,1,0.9999999,2.0196896e-06,0.99999976
1,0,0.9961965,0.024988763,0.992393
1,1,1.0,2.763102e-11,1.0
0,0,0.9639218,0.15527359,0.9278436
0,0,0.99623275,0.0247868,0.9924655
0,0,1.0,1.5470514e-09,1.0
1,1,1.0,2.763102e-11,1.0
1,1,0.9369117,0.23538186,0.8738234
1,0,0.9923504,0.044897497,0.9847008
1,1,1.0,2.763102e-11,1.0
1,1,1.0,2.763102e-11,1.0
1,1,0.93842673,0.23127466,0.87685347
1,1,0.9999999,2.0196896e-06,0.99999976
1,1,0.99999833,2.3871251e-05,0.99999666
1,1,0.9747515,0.11781608,0.94950294
1,0,0.99899626,0.007932929,0.9979925
1,1,1.0,2.763102e-11,1.0
1,1,1.0,2.763102e-11,1.0
1,0,0.9996744,0.0029403234,0.99934876
0,0,0.9999525,0.00052023033,0.999905
1,0,0.9762889,0.11215019,0.9525778
0,0,1.0,6.2876873e-09,1.0
0,0,0.9988657,0.008826066,0.99773145
0,0,1.0,4.206823e-09,1.0
1,0,0.99965644,0.0030838023,0.9993129
0,0,0.9989589,0.008190444,0.9979178
0,0,1.0,1.21020705e-08,1.0
0,0,1.0,9.481061e-10,1.0
0,0,0.9966371,0.022508694,0.9932742
0,0,0.9989508,0.008246063,0.99790156
1,0,0.99999994,8.378373e-07,0.9999999
1,1,0.9537744,0.18724811,0.9075488
1,1,0.93842673,0.23127466,0.87685347
1,0,0.99899626,0.007932929,0.9979925
0,0,0.9791205,0.10144252,0.958241
0,0,1.0,8.479187e-11,1.0
1,1,1.0,2.763102e-11,1.0
1,1,1.0,2.763102e-11,1.0
1,0,0.9998205,0.0017280667,0.99964094
1,1,0.9999956,5.8801677e-05,0.9999912
0,0,0.9989275,0.008405543,0.99785495
0,1,0.9999832,0.00020159483,0.9999664
0,0,1.0,3.131207e-10,1.0
1,1,1.0,2.763102e-11,1.0
0,0,1.0,2.763102e-11,1.0
1,1,0.99840575,0.011862075,0.9968115
0,0,0.998953,0.008230998,0.99790597
0,0,0.9999994,8.907069e-06,0.9999988
1,1,0.5255118,0.6918449,0.051023602
1,1,0.9999999,2.0196896e-06,0.99999976
0,0,0.9999797,0.0002398818,0.99995935
0,0,0.76520556,0.5450049,0.5304111
0,0,0.99985117,0.0014604364,0.99970233
0,0,1.0,4.4197856e-10,1.0
1,1,0.970998,0.13125576,0.941996
1,1,1.0,2.763102e-11,1.0
0,0,0.9999977,3.254273e-05,0.99999535
1,1,0.9590898,0.17082606,0.91817963
1,0,0.9991295,0.0070043867,0.99825895
1,0,0.9996769,0.0029200786,0.99935377
0,0,1.0,4.0038584e-10,1.0
1,1,0.89435697,0.33730796,0.78871393
1,1,1.0,2.763102e-11,1.0
0,0,0.99893975,0.008321513,0.9978795
0,0,0.97701126,0.10945314,0.9540225
1,1,0.99957246,0.003744106,0.9991449
1,0,0.9999997,4.852656e-06,0.9999994
1,1,0.99998724,0.00015650294,0.9999745
0,0,1.0,2.763102e-11,1.0
0,0,1.0,3.0626326e-10,1.0
1,1,0.9826927,0.087365836,0.96538544
0,0,0.94796246,0.2044715,0.8959249
1,1,1.0,2.763102e-11,1.0
1,1,1.0,2.763102e-11,1.0
0,0,0.9989634,0.008159128,0.99792683
1,1,1.0,2.763102e-11,1.0
0,0,0.9989593,0.008187522,0.9979186
1,1,0.9999968,4.3923472e-05,0.99999356
0,0,1.0,2.851481e-10,1.0
0,0,0.9989629,0.008163065,0.99792576
0,0,1.0,2.763102e-11,1.0
1,0,0.9721176,0.12730224,0.9442352
0,0,0.97879314,0.10269953,0.9575863
1,0,0.9997852,0.002029256,0.99957037
1,1,0.93842673,0.23127466,0.87685347
1,0,1.0,2.798545e-07,1.0
0,0,0.9991209,0.007064533,0.9982418
0,0,0.9999611,0.0004338806,0.99992216
0,0,0.99974734,0.002345374,0.9994947
0,0,0.99890214,0.008578553,0.9978043
0,0,0.94486755,0.21335864,0.8897351
0,0,0.9998522,0.0014514962,0.99970436
0,0,0.97931486,0.10069371,0.9586297
1,1,0.993869,0.037345886,0.987738
0,0,0.9989575,0.008199968,0.997915
1,1,1.0,2.763102e-11,1.0
0,0,1.0,2.763102e-11,1.0
1,1,1.0,2.763102e-11,1.0
1,0,0.99999994,7.948521e-07,0.9999999
1,1,1.0,2.763102e-11,1.0
1,0,0.6661918,0.6368428,0.33238363
0,0,0.9989548,0.008218785,0.99790955
1,1,0.9962721,0.024567096,0.9925442
1,1,0.8756821,0.3754407,0.75136423
1,1,0.9999323,0.00071775087,0.9998646
1,1,0.9999999,2.0196896e-06,0.99999976
0,0,1.0,2.763102e-11,1.0
1,1,1.0,2.763102e-11,1.0
1,0,0.6661918,0.6368428,0.33238363
1,1,1.0,2.763102e-11,1.0
1,1,0.9574417,0.17599107,0.9148834
0,0,1.0,5.1851683e-09,1.0
1,0,0.94413894,0.2154238,0.8882779
0,0,0.9496391,0.19957656,0.89927816
1,1,1.0,2.763102e-11,1.0
0,0,1.0,4.510518e-08,1.0
0,1,0.8530713,0.41734445,0.70614254
1,1,0.9998318,0.0016299414,0.9996636
0,0,0.9874996,0.06719858,0.9749992
1,1,0.8993739,0.32645652,0.7987478
1,1,1.0,2.763102e-11,1.0
1,1,0.9999989,1.581984e-05,0.99999785
0,1,0.99998426,0.00018976498,0.9999685
0,0,1.0,8.176163e-10,1.0
1,0,0.9998525,0.0014490022,0.99970496
0,0,1.0,3.338277e-10,1.0
1,0,0.99899626,0.007932929,0.9979925
1,1,1.0,2.763102e-11,1.0
1,0,0.8534656,0.4166502,0.70693123
1,1,0.824945,0.46381176,0.64988995
0,1,0.93842673,0.23127466,0.87685347
0,0,1.0,8.547533e-09,1.0
1,0,0.9596755,0.1689741,0.919351
1,1,0.99999964,5.6661747e-06,0.9999993
1,1,1.0,2.763102e-11,1.0
1,1,1.0,2.763102e-11,1.0
0,0,0.9957774,0.027299704,0.99155486
0,0,0.9989437,0.008294749,0.9978874
0,0,1.0,3.1542752e-10,1.0
1,1,0.5708689,0.6830685,0.14173782
1,1,0.8264185,0.4615199,0.65283704
0,0,1.0,3.4183258e-09,1.0
1,0,1.0,4.0342646e-11,1.0
1,1,1.0,2.763102e-11,1.0
1,1,0.93201226,0.24840248,0.8640245
0,0,1.0,3.1074937e-10,1.0
1,0,1.0,1.3772386e-07,1.0
1,1,1.0,2.763102e-11,1.0
1,1,1.0,2.763102e-11,1.0
1,1,0.9995591,0.0038474672,0.9991182
0,0,1.0,4.5524268e-10,1.0
1,1,0.9446407,0.21400276,0.8892814
1,1,0.993576,0.038829885,0.987152
0,0,1.0,2.763102e-11,1.0
0,0,0.99889517,0.008625945,0.99779034
0,0,0.99751896,0.017361848,0.9950379
0,0,1.0,6.9340694e-10,1.0
1,1,1.0,2.763102e-11,1.0
1,1,0.9369989,0.23514652,0.8739978
1,1,1.0,2.763102e-11,1.0
0,0,1.0,1.122578e-08,1.0
0,0,0.9998522,0.0014513396,0.99970436
1,1,0.99999976,3.87412e-06,0.9999995
1,1,0.9950883,0.03101099,0.99017656
0,0,0.9989448,0.008286888,0.99788964
1,1,1.0,2.763102e-11,1.0
0,0,0.99985224,0.0014511015,0.9997045
0,0,0.99894387,0.00829328,0.99788773
1,1,0.93842673,0.23127466,0.87685347
1,0,0.6226179,0.662768,0.2452358
1,0,0.99872506,0.009771359,0.9974501
0,0,0.9823531,0.08873436,0.9647062
0,0,0.9999998,2.923014e-06,0.99999964
1,1,0.93842673,0.23127466,0.87685347
1,1,0.97807145,0.10545264,0.9561429
1,1,0.9808085,0.094875686,0.961617
1,0,1.0,5.3671243e-08,1.0
1,0,1.0,1.4133308e-09,1.0
1,1,0.9999999,2.0196896e-06,0.99999976
1,1,0.93842673,0.23127466,0.87685347
0,0,0.99893534,0.008351771,0.9978707
1,1,0.9997187,0.0025809843,0.99943745
0,0,0.99999714,3.9668812e-05,0.9999943
1,1,1.0,2.763102e-11,1.0
1,0,1.0,1.4608933e-07,1.0
0,0,1.0,1.651048e-08,1.0
1,1,0.9999999,2.0196896e-06,0.99999976
0,0,0.9998522,0.0014516041,0.99970436
0,1,0.9885649,0.062496535,0.9771298
1,0,0.99999994,1.393339e-06,0.9999999
0,0,1.0,1.12499094e-08,1.0
1,1,0.97967875,0.099286735,0.9593575
1,1,0.93842673,0.23127466,0.87685347
1,1,1.0,2.763102e-11,1.0
0,0,1.0,2.763102e-11,1.0
1,1,1.0,2.763102e-11,1.0
0,0,0.99894077,0.008314628,0.99788153
0,0,0.99985236,0.0014500911,0.9997047
0,0,0.9989477,0.008267331,0.99789536
0,0,1.0,5.50872e-09,1.0
1,1,0.84408283,0.4328372,0.68816566
0,0,0.9989361,0.008346578,0.99787223
1,1,0.8696618,0.38702908,0.7393236
0,0,0.99893844,0.00833073,0.9978769
0,0,1.0,2.654878e-10,1.0
0,0,1.0,4.4079265e-10,1.0
0,0,0.9998521,0.0014518135,0.99970424
0,0,1.0,2.763102e-11,1.0
0,0,0.635978,0.6556972,0.271956
1,1,0.93842673,0.23127466,0.87685347
0,1,0.99905103,0.007553446,0.99810207
1,1,1.0,2.763102e-11,1.0
1,1,0.99818915,0.013242833,0.9963783
1,1,0.99759114,0.016928026,0.9951823
1,0,0.9987842,0.009375889,0.99756837
1,1,1.0,2.763102e-11,1.0
0,0,0.7039013,0.60752237,0.4078026
1,1,0.993869,0.037345886,0.987738
1,0,0.999822,0.0017147857,0.99964404
1,0,0.99978524,0.002028623,0.9995705
0,0,1.0,3.9354515e-09,1.0
0,0,0.9667126,0.14599001,0.9334252
1,1,1.0,2.763102e-11,1.0
1,1,0.9558153,0.18102252,0.91163063
1,1,0.99999976,3.87412e-06,0.9999995
0,1,0.9999374,0.00066834106,0.99987483
1,0,0.99899626,0.007932929,0.9979925
0,0,0.9941583,0.035866823,0.98831666
0,0,1.0,4.0427597e-10,1.0
1,1,0.99999976,3.87412e-06,0.9999995
0,0,0.9346232,0.24151255,0.86924636
0,0,1.0,3.0931566e-10,1.0
1,1,0.9946636,0.033248626,0.9893272
1,0,1.0,7.8025125e-10,1.0
0,0,0.9970986,0.019848622,0.99419725
1,0,1.0,3.9540896e-07,1.0
0,0,1.0,5.7575376e-09,1.0
1,1,0.999936,0.00068217074,0.99987197
1,1,1.0,2.763102e-11,1.0
1,0,0.9998524,0.0014494712,0.99970484
1,0,0.9998205,0.0017280771,0.99964094
1,1,0.993869,0.037345886,0.987738
1,1,1.0,2.763102e-11,1.0
0,0,1.0,6.173027e-10,1.0
0,0,1.0,2.6403085e-10,1.0
1,1,1.0,2.763102e-11,1.0
0,0,1.0,2.6835903e-10,1.0
1,0,0.55996513,0.68593824,0.11993027
0,0,1.0,4.4079584e-10,1.0
0,0,0.9999991,1.3600767e-05,0.9999982
0,0,0.9989415,0.00830986,0.99788296
1,1,0.72119653,0.59181964,0.44239306
1,0,1.0,7.8615774e-11,1.0
0,0,1.0,3.7300948e-10,1.0
1,1,1.0,2.763102e-11,1.0
1,1,0.98259246,0.08777049,0.9651849
0,0,1.0,2.9533756e-10,1.0
1,1,0.9999999,2.0196896e-06,0.99999976
1,1,0.5361448,0.69053197,0.072289586
1,0,0.9526359,0.19067964,0.90527177
0,0,0.998948,0.008265116,0.99789596
0,0,1.0,1.240445e-09,1.0
1,1,1.0,2.763102e-11,1.0
1,1,0.99999905,1.4174408e-05,0.9999981
0,0,1.0,2.1040047e-09,1.0
0,0,0.83095145,0.45437434,0.6619029
1,1,0.99999714,3.9380062e-05,0.9999943
0,0,1.0,4.065439e-10,1.0
0,0,0.9989375,0.008336948,0.997875
1,1,0.85252047,0.41831207,0.70504093
1,1,0.9887446,0.061693683,0.97748923
1,0,0.83028334,0.45543665,0.6605667
1,1,0.9912503,0.05017394,0.98250055
1,1,1.0,2.763102e-11,1.0
1,0,0.9997853,0.0020281821,0.9995706
1,1,0.9805628,0.09584062,0.9611256
1,1,1.0,2.763102e-11,1.0
0,0,1.0,5.2198774e-09,1.0
1,1,1.0,2.763102e-11,1.0
1,1,1.0,2.763102e-11,1.0
1,0,0.9688302,0.13878521,0.93766046
0,0,0.9988984,0.00860416,0.9977968
0,0,0.99895275,0.008232496,0.9979055
1,1,0.9999999,2.0196896e-06,0.99999976
0,0,1.0,3.7062062e-08,1.0
1,1,0.99186033,0.04726645,0.98372066
1,1,0.99998724,0.00015650294,0.9999745
1,1,1.0,2.763102e-11,1.0
1,1,0.99999976,3.87412e-06,0.9999995
1,1,0.856952,0.4104581,0.713904
1,1,0.99387604,0.037310094,0.9877521
1,1,1.0,2.763102e-11,1.0
1,1,0.93842673,0.23127466,0.87685347
0,0,0.99890405,0.0085656,0.9978081
1,1,1.0,2.763102e-11,1.0
1,1,1.0,2.763102e-11,1.0
0,0,1.0,2.763102e-11,1.0
1,1,0.993869,0.037345886,0.987738
0,0,1.0,3.111742e-10,1.0
0,0,0.9999999,1.6310569e-06,0.99999976
1,0,1.0,6.792394e-08,1.0
0,0,1.0,4.227133e-10,1.0
0,0,1.0,2.763102e-11,1.0
1,1,0.97276884,0.12498155,0.9455377
0,0,1.0,2.763102e-11,1.0
1,1,0.94392335,0.21603292,0.8878467
1,1,0.6178935,0.665086,0.23578703
0,0,1.0,9.7621236e-09,1.0
0,0,1.0,4.1096898e-10,1.0
0,0,0.9989327,0.0083696265,0.99786544
0,0,1.0,2.5449515e-10,1.0
0,0,1.0,2.7040742e-10,1.0
1,1,0.99482393,0.03240796,0.98964787
0,0,1.0,4.88882e-09,1.0
1,1,0.9892781,0.059293136,0.97855616
0,0,1.0,4.2628676e-10,1.0
0,0,0.99894905,0.008257954,0.9978981
1,1,1.0,2.763102e-11,1.0
1,1,0.99999857,2.0681588e-05,0.99999714
0,0,0.9998522,0.0014514345,0.99970436
1,0,0.99999934,9.789964e-06,0.9999987
1,1,1.0,2.763102e-11,1.0
0,0,0.9989329,0.008368581,0.9978658
1,0,1.0,8.432133e-10,1.0
1,0,0.8924296,0.3414054,0.7848592
0,0,0.9989338,0.008362478,0.9978676
1,1,0.999553,0.0038943987,0.99910605
0,0,0.99896103,0.008175648,0.99792206
1,0,0.6661918,0.6368428,0.33238363
1,0,1.0,1.9166482e-10,1.0
0,0,1.0,2.6362681e-10,1.0
1,1,0.998588,0.0106774345,0.99717605
1,1,1.0,2.763102e-11,1.0
1,1,1.0,2.763102e-11,1.0
1,0,1.0,2.763102e-11,1.0
0,0,1.0,2.763102e-11,1.0
1,1,0.993869,0.037345886,0.987738
0,0,1.0,6.022895e-10,1.0
0,0,0.9989435,0.008295808,0.997887
0,0,0.99780154,0.015650718,0.9956031
1,1,0.9999999,2.0196896e-06,0.99999976
1,0,0.99899626,0.007932929,0.9979925
0,0,0.9998522,0.001451593,0.99970436
0,0,0.9999992,1.1479805e-05,0.99999845
0,0,0.9989553,0.008214933,0.9979106
0,0,1.0,4.2802875e-10,1.0
1,0,0.9999995,7.3673364e-06,0.99999905
0,0,0.99892116,0.008448623,0.9978423
0,0,0.9908059,0.0522646,0.98161185
0,0,0.99886215,0.008850402,0.9977243
1,0,0.91088617,0.30048272,0.82177234
1,1,1.0,2.763102e-11,1.0
1,1,0.989884,0.056533806,0.97976804
0,0,0.9140299,0.29311365,0.8280598
0,0,0.9989473,0.008269791,0.99789464
0,0,0.9989373,0.008338275,0.9978746
1,1,0.99999964,5.6661747e-06,0.9999993
0,0,1.0,4.2745252e-10,1.0
1,0,1.0,2.763102e-11,1.0
1,0,0.99871546,0.009835478,0.9974309
0,0,0.9989425,0.008302875,0.997885
0,0,0.9998522,0.0014513505,0.99970436
0,0,0.99983156,0.0016321414,0.9996631
1,1,0.9705219,0.13292319,0.94104385
1,1,0.99999976,3.87412e-06,0.9999995
0,0,0.5914313,0.67633337,0.18286264
1,0,1.0,5.264713e-09,1.0
0,0,0.9998522,0.0014513396,0.99970436
1,1,0.9414841,0.22286431,0.8829682
1,1,1.0,2.763102e-11,1.0
1,1,0.99998724,0.00015650294,0.9999745
1,1,1.0,2.763102e-11,1.0
0,0,1.0,1.5481252e-09,1.0
1,1,0.9936041,0.038687997,0.98720825
0,0,0.99985236,0.0014500911,0.9997047
1,1,0.97337604,0.12280335,0.9467521
0,0,1.0,2.763102e-11,1.0
1,0,1.0,1.4175159e-09,1.0
1,1,0.9797294,0.09909032,0.9594588
1,1,0.99999976,3.87412e-06,0.9999995
0,0,0.9952355,0.030226916,0.990471
0,0,1.0,1.6537554e-08,1.0
0,0,1.0,2.803333e-10,1.0
1,0,0.643646,0.6512915,0.28729197
1,1,1.0,2.763102e-11,1.0
0,0,1.0,2.763102e-11,1.0
0,0,0.9983823,0.012013011,0.99676454
0,0,1.0,2.763102e-11,1.0
0,0,0.99979657,0.0019326605,0.99959314
1,0,0.99899626,0.007932929,0.9979925
1,1,0.99998605,0.00016988323,0.9999721
1,1,1.0,2.763102e-11,1.0
1,1,0.52497077,0.6918996,0.04994154
0,0,1.0,3.3574407e-10,1.0
0,0,1.0,2.1068558e-09,1.0
0,0,0.99894637,0.008276351,0.99789274
1,1,0.9937184,0.038110435,0.9874368
0,0,1.0,1.1157474e-08,1.0
0,0,0.99216,0.045821413,0.98432004
0,0,1.0,4.480251e-10,1.0
1,0,0.8801017,0.36672235,0.76020336
0,0,0.99896234,0.008166752,0.9979247
1,1,1.0,2.763102e-11,1.0
1,1,0.9505992,0.19674715,0.9011984
1,0,0.9727634,0.12500098,0.94552684
1,1,1.0,2.763102e-11,1.0
0,0,0.9989613,0.008173445,0.99792266
0,0,0.65868104,0.64190644,0.3173621
1,1,0.9998777,0.0012241759,0.9997554
0,0,1.0,1.0802477e-09,1.0
0,0,1.0,4.600974e-10,1.0
0,0,0.99894357,0.008295284,0.99788713
1,1,0.99937314,0.0052496376,0.9987463
0,1,0.99998605,0.00016988323,0.9999721
0,0,0.99985224,0.001451075,0.9997045
0,0,1.0,4.0383075e-10,1.0
1,1,0.93842673,0.23127466,0.87685347
1,1,0.9999999,2.0196896e-06,0.99999976
1,1,1.0,2.763102e-11,1.0
1,1,0.99999857,2.0681588e-05,0.99999714
1,0,0.99854386,0.010966534,0.9970877
1,1,0.9979303,0.014859103,0.9958606
1,1,0.99999976,3.87412e-06,0.9999995
1,1,0.95565766,0.1815069,0.9113153
0,0,1.0,4.229813e-09,1.0
0,0,1.0,2.763102e-11,1.0
1,1,0.99999964,5.6661747e-06,0.9999993
1,1,1.0,2.763102e-11,1.0
0,0,0.9989386,0.008329334,0.99787724
0,0,1.0,3.2069305e-09,1.0
1,1,0.7752428,0.5328634,0.5504856
1,1,0.95762396,0.17542319,0.9152479
1,0,0.99999964,6.0371626e-06,0.9999993
0,0,0.998965,0.008148132,0.99793005
1,1,1.0,2.763102e-11,1.0
0,0,1.0,2.9661854e-10,1.0
0,0,0.9989459,0.008279426,0.9978918
1,1,0.99856514,0.010827428,0.9971303
1,1,0.99961865,0.0033831897,0.9992373
0,0,0.9989174,0.008474274,0.9978348
1,1,0.993869,0.037345886,0.987738
0,0,0.9989397,0.008321834,0.9978794
0,0,1.0,3.2198405e-10,1.0
0,0,0.92989725,0.25390467,0.8597945
1,1,1.0,2.763102e-11,1.0
1,1,1.0,2.763102e-11,1.0
0,0,1.0,2.763102e-11,1.0
1,1,0.9999999,2.0196896e-06,0.99999976
1,0,0.9995758,0.00371833,0.9991516
0,0,0.99989176,0.0010968172,0.9997835
1,0,0.99999994,7.599785e-07,0.9999999
1,1,1.0,2.763102e-11,1.0
0,0,0.9989475,0.008268578,0.997895
1,0,0.99978524,0.0020284338,0.9995705
1,1,0.99999976,3.87412e-06,0.9999995
0,0,0.9999992,1.1512813e-05,0.99999845
1,1,1.0,2.763102e-11,1.0
1,0,0.99882907,0.009073896,0.99765813
1,1,0.997463,0.017696925,0.994926
1,1,0.9992442,0.0061879093,0.9984884
1,1,1.0,2.763102e-11,1.0
1,1,0.99998724,0.00015650294,0.9999745
1,1,0.9774678,0.10773686,0.95493555
0,0,1.0,4.0476916e-10,1.0
1,0,0.9736109,0.12195709,0.94722176
1,1,1.0,2.763102e-11,1.0
0,0,1.0,3.5758216e-10,1.0
1,0,0.83692914,0.44472718,0.6738583
1,0,0.59842825,0.6736438,0.1968565
0,0,1.0,3.054807e-10,1.0
0,0,1.0,4.0595197e-10,1.0
1,1,0.93842673,0.23127466,0.87685347
1,1,0.9492589,0.20069155,0.89851785
0,0,0.99859065,0.010660063,0.9971813
1,0,0.9669388,0.14522731,0.9338776
1,1,0.9279685,0.25886238,0.855937
0,0,1.0,3.473735e-10,1.0
0,0,1.0,2.763102e-11,1.0
1,1,1.0,2.763102e-11,1.0
1,0,1.0,1.753708e-08,1.0
1,1,0.9965237,0.023152443,0.99304736
0,0,1.0,2.763102e-11,1.0
1,1,1.0,2.763102e-11,1.0
1,1,0.9999994,9.1391485e-06,0.9999988
1,1,0.99883264,0.009049852,0.9976653
1,1,1.0,2.763102e-11,1.0
1,1,0.993869,0.037345886,0.987738
1,1,0.99961865,0.0033831897,0.9992373
1,1,1.0,2.763102e-11,1.0
0,0,0.9989533,0.008228758,0.99790657
1,1,0.99940205,0.0050357864,0.9988041
1,1,1.0,2.763102e-11,1.0
0,0,1.0,4.2173873e-10,1.0
1,0,1.0,1.08926386e-07,1.0
1,1,1.0,2.763102e-11,1.0
0,0,0.9989424,0.008303613,0.99788475
0,0,0.9999979,2.9182218e-05,0.9999958
1,1,0.9999713,0.00032916968,0.99994254
1,1,1.0,2.763102e-11,1.0
1,1,1.0,2.763102e-11,1.0
1,0,0.9990306,0.007695365,0.9980612
0,0,0.99870986,0.009872716,0.9974197
0,0,0.98668003,0.07075293,0.97336006
1,0,0.99547076,0.02896423,0.9909415
0,0,1.0,2.6997088e-10,1.0
0,1,0.9103674,0.30168688,0.82073486
0,0,0.9910727,0.05101209,0.9821454
1,0,1.0,6.3573515e-11,1.0
0,0,0.99891657,0.008480109,0.99783313
1,1,0.8234661,0.46609676,0.64693224
0,0,1.0,4.5703671e-10,1.0
1,1,1.0,2.763102e-11,1.0
1,1,0.993869,0.037345886,0.987738
0,0,1.0,2.8301986e-10,1.0
1,0,0.9999999,1.6182386e-06,0.99999976
1,1,0.99999964,5.6661747e-06,0.9999993
0,0,0.8309188,0.45442638,0.6618376
0,0,0.99985224,0.0014510828,0.9997045
1,0,0.9995605,0.0038368865,0.99912095
1,1,0.8354857,0.44708037,0.6709714
1,1,1.0,2.763102e-11,1.0
0,0,0.9999552,0.0004935781,0.99991035
0,0,0.97687817,0.10995187,0.95375633
0,0,1.0,1.5299039e-09,1.0
0,0,1.0,3.149657e-10,1.0
1,1,0.9461066,0.20982331,0.8922132
1,0,0.5439116,0.68928576,0.08782315
1,1,1.0,2.763102e-11,1.0
1,1,0.875208,0.37636518,0.75041604
0,0,1.0,2.8928193e-10,1.0
0,0,0.99895924,0.008187905,0.9979185
1,1,0.99999976,3.87412e-06,0.9999995
0,0,0.9300257,0.25357252,0.8600514
1,1,1.0,2.763102e-11,1.0
1,1,1.0,2.763102e-11,1.0
1,0,0.72978663,0.58347094,0.45957324
1,1,0.66453224,0.63798344,0.3290645
1,1,0.99998724,0.00015650294,0.9999745
1,1,0.9445016,0.21439725,0.88900316
0,0,0.9989421,0.0083056595,0.99788415
1,1,1.0,2.763102e-11,1.0
0,0,0.998922,0.00844325,0.997844
1,0,1.0,1.088495e-10,1.0
0,0,1.0,6.244099e-09,1.0
0,0,0.998945,0.00828578,0.99789
1,1,0.9999999,2.0196896e-06,0.99999976
1,1,1.0,2.763102e-11,1.0
0,1,0.57763517,0.68104386,0.15527034
1,1,0.93869454,0.23054454,0.8773891
0,0,1.0,4.537905e-07,1.0
1,0,0.9968683,0.021184735,0.9937366
0,0,1.0,5.433809e-10,1.0
0,0,0.9989551,0.008216505,0.99791014
1,1,0.9616976,0.16251111,0.92339516
1,0,0.86209637,0.40113968,0.72419274
0,0,0.99626565,0.024602959,0.9925313
1,1,0.99999976,3.87412e-06,0.9999995
1,1,0.993869,0.037345886,0.987738
1,1,0.80000633,0.5003936,0.60001266
0,0,1.0,4.878114e-11,1.0
1,1,0.93842673,0.23127466,0.87685347
1,1,0.9999999,2.0196896e-06,0.99999976
1,1,0.9769347,0.10974027,0.95386934
1,0,0.99982196,0.0017151665,0.9996439
0,0,0.9997834,0.0020440996,0.9995668
1,0,0.9998205,0.0017280771,0.99964094
1,1,0.99387604,0.037310094,0.9877521
1,0,0.996606,0.02268562,0.993212
1,1,1.0,2.763102e-11,1.0
1,0,0.9999999,2.0127109e-06,0.99999976
0,0,0.9989457,0.008280857,0.9978914
0,0,1.0,2.763102e-11,1.0
0,0,1.0,6.248352e-09,1.0
1,0,0.99999446,7.283315e-05,0.9999889
0,0,1.0,7.379513e-08,1.0
1,0,0.6740047,0.6313063,0.34800935
1,0,0.99995023,0.00054290006,0.99990046
1,1,1.0,2.763102e-11,1.0
0,0,1.0,5.0310587e-07,1.0
0,0,1.0,2.763102e-11,1.0
0,0,1.0,3.900105e-10,1.0
0,0,0.9999344,0.00069770054,0.99986875
0,0,1.0,2.763102e-11,1.0
0,0,0.9999996,6.746561e-06,0.99999917
1,1,0.9999999,2.0196896e-06,0.99999976
1,1,0.88130635,0.36431405,0.7626127
0,0,1.0,3.0451264e-10,1.0
0,0,0.9997834,0.0020440996,0.9995668
0,0,1.0,1.260319e-09,1.0
0,0,1.0,2.763102e-11,1.0
0,0,0.9999876,0.00015251357,0.9999752
0,0,0.9998522,0.0014514345,0.99970436
1,0,0.99896634,0.008139289,0.9979327
1,1,0.93842673,0.23127466,0.87685347
0,0,0.9989494,0.008255544,0.9978988
0,0,0.9989413,0.008311073,0.9978826
0,0,0.9789668,0.10203342,0.95793355
0,0,0.9205469,0.27743167,0.8410938
1,0,0.9996316,0.0032811726,0.99926317
1,1,0.9998085,0.0018309241,0.999617
1,1,0.9999908,0.00011564377,0.99998164
1,0,0.9999997,4.678142e-06,0.9999994
1,1,0.9650836,0.1514371,0.9301672
1,1,0.9428718,0.21899141,0.8857436
0,0,0.97199064,0.1277529,0.9439813
0,0,0.99894565,0.008281243,0.9978913
0,0,0.9732423,0.123284325,0.94648457
1,1,0.97854954,0.1036316,0.9570991
1,1,0.9999989,1.581984e-05,0.99999785
0,0,1.0,3.1445277e-10,1.0
1,1,0.5280545,0.69157225,0.05610895
1,1,1.0,2.763102e-11,1.0
1,0,1.0,3.7565967e-10,1.0
0,1,0.9999715,0.0003266754,0.999943
0,0,1.0,2.901841e-10,1.0
0,0,0.99884087,0.00899426,0.99768174
0,0,0.9998522,0.0014514487,0.99970436
1,0,0.9998524,0.0014496099,0.99970484
0,0,1.0,2.8071406e-10,1.0
1,0,0.99978524,0.002028623,0.9995705
1,0,0.99946487,0.004566051,0.99892974
1,0,0.7822393,0.52405906,0.56447864
1,1,0.9999981,2.702674e-05,0.9999962
0,0,0.99894077,0.008314761,0.99788153
0,0,0.9814526,0.0923307,0.96290517
1,1,1.0,2.763102e-11,1.0
1,1,1.0,2.763102e-11,1.0
1,1,0.99999917,1.2514034e-05,0.99999833
1,0,0.99681187,0.021509461,0.99362373
1,1,1.0,2.763102e-11,1.0
0,0,0.99999994,1.014e-06,0.9999999
0,0,0.9989315,0.008378031,0.99786305
0,0,1.0,8.323651e-10,1.0
0,0,1.0,4.85902e-10,1.0
0,0,0.99886143,0.008855098,0.99772286
1,1,1.0,2.763102e-11,1.0
1,1,0.96732026,0.14393722,0.9346405
1,1,1.0,2.763102e-11,1.0
0,0,0.998634,0.010375204,0.99726796
0,0,1.0,3.4778844e-10,1.0
1,1,0.81399786,0.4803738,0.6279957
0,0,0.99985224,0.0014511312,0.9997045
1,1,0.99999964,5.6661747e-06,0.9999993
1,0,0.98611623,0.07316838,0.97223246
0,0,1.0,1.4477536e-07,1.0
1,1,0.99387604,0.037310094,0.9877521
1,0,0.99899626,0.007932929,0.9979925
0,0,1.0,2.763102e-11,1.0
0,0,0.99449986,0.034102056,0.9889997
1,1,0.868099,0.38998455,0.73619795
1,1,0.99999964,5.6661747e-06,0.9999993
1,0,0.97229797,0.12666108,0.94459593
1,1,0.6079559,0.66965365,0.21591175
1,1,0.9999999,2.0196896e-06,0.99999976
1,1,0.9999999,2.0196896e-06,0.99999976
1,1,0.99068135,0.052846655,0.9813627
1,1,1.0,2.763102e-11,1.0
1,0,0.99883646,0.009024239,0.9976729
0,0,1.0,3.624049e-10,1.0
1,1,0.8441688,0.432692,0.68833756
1,1,0.9996288,0.0033032943,0.99925756
1,0,1.0,2.3792693e-10,1.0
1,0,0.7165421,0.59618956,0.43308425
0,0,1.0,2.763102e-11,1.0
1,0,0.9983596,0.012158608,0.99671924
1,1,0.9999999,2.0196896e-06,0.99999976
0,0,1.0,3.0810293e-10,1.0
1,1,0.9658834,0.14877288,0.93176675
1,1,1.0,2.763102e-11,1.0
0,0,0.9989642,0.008154072,0.9979284
1,1,0.94104934,0.22407041,0.8820987
0,0,0.9989483,0.008263266,0.99789655
1,0,1.0,1.4628804e-07,1.0
1,1,0.9999993,1.0836571e-05,0.99999857
0,0,0.99999994,6.5628944e-07,0.9999999
0,0,0.9989615,0.008172314,0.997923
1,1,0.93842673,0.23127466,0.87685347
1,0,0.931121,0.25072953,0.862242
1,0,1.0,2.844548e-10,1.0
1,1,0.9938885,0.03724668,0.987777
0,0,1.0,5.2097904e-10,1.0
1,1,0.9999999,2.0196896e-06,0.99999976
1,0,0.9999975,3.5056215e-05,0.999995
1,1,0.9946648,0.033242393,0.9893296
1,0,1.0,6.5069855e-10,1.0
1,0,0.99999946,8.153271e-06,0.9999989
1,1,0.97757643,0.107326955,0.95515287
1,0,0.9982482,0.012869166,0.99649644
1,1,0.99387604,0.037310094,0.9877521
0,0,0.99895245,0.008234522,0.9979049
1,1,0.88955534,0.347444,0.77911067
0,0,0.9989328,0.0083692735,0.99786556
0,0,0.9989568,0.008204661,0.9979136
1,1,1.0,2.763102e-11,1.0
1,1,0.9963104,0.024352726,0.9926208
0,0,1.0,2.763102e-11,1.0
0,0,0.998912,0.008511308,0.99782395
1,1,1.0,2.763102e-11,1.0
1,1,0.9340083,0.24314508,0.8680166
0,0,1.0,4.2728351e-10,1.0
0,0,1.0,2.8142663e-10,1.0
0,0,0.8245723,0.46438897,0.64914465
1,1,1.0,2.763102e-11,1.0
0,0,0.99985236,0.0014498149,0.9997047
1,1,0.993722,0.03809202,0.98744404
0,0,1.0,4.3184856e-10,1.0
1,1,0.9997466,0.002351486,0.99949324
0,0,1.0,4.457097e-10,1.0
1,1,0.9912811,0.050028127,0.9825622
1,0,0.97164524,0.12897588,0.9432905
0,0,1.0,2.763102e-11,1.0
1,1,0.93842673,0.23127466,0.87685347
1,1,0.9932728,0.040351354,0.98654556
1,0,0.9194954,0.28000003,0.8389908
1,1,0.93842673,0.23127466,0.87685347
0,0,1.0,3.8650445e-08,1.0
1,1,0.93842673,0.23127466,0.87685347
0,0,1.0,2.763102e-11,1.0
1,1,0.99957865,0.0036959762,0.9991573
0,0,1.0,2.8098313e-10,1.0
0,0,1.0,3.1372685e-10,1.0
1,0,0.879267,0.36838293,0.75853395
1,0,0.9993524,0.0054020756,0.9987048
1,1,0.9999937,8.195886e-05,0.99998736
1,1,0.9999999,2.0196896e-06,0.99999976
1,1,0.993869,0.037345886,0.987738
0,0,0.9989488,0.00825938,0.9978976
1,1,0.9979565,0.0146969035,0.995913
1,1,0.99387604,0.037310094,0.9877521
0,0,0.994743,0.03283296,0.989486
0,0,0.9989296,0.008390813,0.99785924
1,0,0.8812192,0.36448872,0.7624384
1,1,1.0,2.763102e-11,1.0
0,0,1.0,3.0392483e-10,1.0
1,0,1.0,1.9340776e-10,1.0
0,0,0.9989484,0.008262317,0.9978968
1,1,0.9999999,2.0196896e-06,0.99999976
0,0,0.99993205,0.0007198678,0.9998641
0,0,1.0,7.947325e-10,1.0
1,1,0.99986756,0.001315052,0.9997351
1,1,0.9698277,0.13534056,0.9396554
1,1,0.93842673,0.23127466,0.87685347
1,1,0.9999505,0.00053993985,0.99990106
1,1,1.0,2.763102e-11,1.0
1,1,0.9616976,0.16251111,0.92339516
0,0,1.0,1.2283022e-09,1.0
1,0,0.99999994,7.599785e-07,0.9999999
1,0,0.9999999,2.1216847e-06,0.99999976
1,1,0.82446474,0.46455544,0.6489295
1,1,1.0,2.763102e-11,1.0
1,1,1.0,2.763102e-11,1.0
0,0,1.0,9.880312e-09,1.0
1,0,0.99865913,0.010209023,0.99731827
0,0,0.99892163,0.008445393,0.99784327
1,0,0.9998205,0.0017280771,0.99964094
1,0,0.7473396,0.5652391,0.4946792
0,0,0.9987059,0.009898899,0.99741185
1,1,0.8264185,0.4615199,0.65283704
1,0,0.50826544,0.69301057,0.016530871
1,1,0.945076,0.21276605,0.890152
0,0,1.0,4.306956e-09,1.0
0,0,0.9989474,0.00826917,0.99789476
0,0,1.0,2.763102e-11,1.0
0,0,1.0,4.3888873e-10,1.0
0,0,0.99985313,0.0014433189,0.99970627
0,0,0.9989506,0.008247176,0.9979012
1,1,1.0,2.763102e-11,1.0
1,1,0.9970092,0.020369392,0.99401844
1,0,0.99982196,0.0017153285,0.9996439
1,1,1.0,2.763102e-11,1.0
1,1,1.0,2.763102e-11,1.0
0,0,1.0,2.791609e-10,1.0
1,1,0.93842673,0.23127466,0.87685347
0,0,1.0,8.5627105e-10,1.0
1,0,0.999786,0.0020219448,0.99957204
0,0,0.99999994,1.011068e-06,0.9999999
1,1,0.99998605,0.00016988323,0.9999721
1,1,1.0,2.763102e-11,1.0
0,0,0.9996464,0.0031633372,0.99929285
1,0,0.9994475,0.0046964698,0.99889505
1,1,0.993869,0.037345886,0.987738
0,0,0.9989502,0.00825013,0.99790037
1,1,0.99999964,5.6661747e-06,0.9999993
0,0,1.0,6.982228e-09,1.0
0,0,1.0,3.0920014e-10,1.0
0,0,0.99886715,0.008816157,0.9977343
0,0,1.0,4.3772093e-09,1.0
1,1,0.9999999,2.0196896e-06,0.99999976
0,0,1.0,5.756936e-10,1.0
0,0,0.99894625,0.00827699,0.9978925
0,0,1.0,2.763102e-11,1.0
0,0,0.9891133,0.06003759,0.97822654
1,1,0.77482605,0.53337884,0.5496521
1,1,0.9993741,0.0052426043,0.9987482
1,0,1.0,2.763102e-11,1.0
0,0,0.998943,0.008299529,0.99788594
1,0,0.99899626,0.007932929,0.9979925
0,0,0.8543282,0.41512728,0.70865643
0,1,0.8367499,0.4450202,0.6734998
1,1,0.9890232,0.0604433,0.9780464
0,0,0.9989501,0.008250384,0.99790025
0,0,0.9982047,0.0131444875,0.9964094
1,1,0.9517081,0.19345485,0.90341616
1,1,1.0,2.763102e-11,1.0
1,0,0.99977136,0.0021453043,0.9995427
0,0,1.0,2.7433947e-10,1.0
1,1,0.99999845,2.2281009e-05,0.9999969
1,0,0.99899626,0.007932929,0.9979925
1,0,0.9632116,0.15759957,0.9264232
1,0,0.999452,0.0046630334,0.998904
1,1,0.9999591,0.000454055,0.9999182
1,1,0.993869,0.037345886,0.987738
0,0,0.9979787,0.014559557,0.9959574
1,1,0.993722,0.03809202,0.98744404
1,1,1.0,2.763102e-11,1.0
1,1,0.99999964,5.6661747e-06,0.9999993
1,1,0.524205,0.691975,0.048410058
1,1,0.99999857,2.0681588e-05,0.99999714
0,0,0.9989458,0.008280253,0.99789155
0,0,1.0,7.326917e-08,1.0
0,0,0.9989606,0.008178558,0.9979212
0,0,0.99999994,5.8244206e-07,0.9999999
0,0,0.9999991,1.3035902e-05,0.9999982
0,0,0.97372276,0.1215532,0.9474455
0,0,1.0,2.9362776e-10,1.0
1,1,0.9999933,8.623048e-05,0.99998665
1,1,0.94855696,0.20274247,0.8971139
0,0,0.99887556,0.008759219,0.9977511
1,1,0.993869,0.037345886,0.987738
1,1,1.0,2.763102e-11,1.0
0,0,0.99885607,0.008891597,0.99771214
1,1,0.99387604,0.037310094,0.9877521
1,0,0.8467949,0.4282286,0.6935898
1,0,0.99899626,0.007932929,0.9979925
1,1,0.8354857,0.44708037,0.6709714
1,1,1.0,2.763102e-11,1.0
1,1,0.99999964,5.6661747e-06,0.9999993
0,0,1.0,1.3750845e-07,1.0
1,1,0.99999857,2.0681588e-05,0.99999714
0,0,0.9807565,0.09508012,0.96151304
1,0,1.0,2.763102e-11,1.0
1,1,1.0,2.763102e-11,1.0
0,0,1.0,4.656835e-10,1.0
0,0,1.0,1.0894411e-07,1.0
1,1,0.9999951,6.465688e-05,0.9999902
0,0,0.9999535,0.0005104702,0.999907
0,0,1.0,5.2336574e-10,1.0
1,1,1.0,2.763102e-11,1.0
0,0,0.9998522,0.001451593,0.99970436
1,1,0.9921957,0.045648538,0.98439145
1,0,0.8224342,0.4676823,0.6448684
0,0,0.9999842,0.0001902853,0.9999684
1,0,0.9997852,0.002029256,0.99957037
1,1,1.0,2.763102e-11,1.0
1,0,0.80437136,0.49428236,0.6087427
0,0,1.0,4.697183e-10,1.0
1,0,1.0,1.6614619e-09,1.0
0,0,0.9999364,0.00067833625,0.9998728
1,1,0.99988246,0.0011811244,0.9997649
0,0,0.99999976,4.0811306e-06,0.9999995
1,0,0.94434583,0.21483845,0.88869166
0,0,1.0,4.6448842e-10,1.0
1,1,1.0,2.763102e-11,1.0
1,1,0.99018735,0.055138867,0.9803747
1,0,0.9806922,0.09533288,0.9613844
1,0,0.99999946,8.606544e-06,0.9999989
1,1,0.9999999,2.0196896e-06,0.99999976
1,1,0.9538552,0.18700337,0.90771043
1,1,1.0,2.763102e-11,1.0
0,0,0.9998522,0.001451614,0.99970436
1,1,0.72868145,0.5845659,0.4573629
1,1,0.9366748,0.23602062,0.87334955
1,1,1.0,2.763102e-11,1.0
0,0,0.5306766,0.6912639,0.061353177
1,0,0.6679685,0.63560796,0.335937
1,1,1.0,2.763102e-11,1.0
1,0,1.0,2.763102e-11,1.0
1,0,0.9856413,0.07518472,0.9712826
0,0,0.9998522,0.0014516229,0.99970436
1,1,1.0,2.763102e-11,1.0
1,1,0.99999964,5.6661747e-06,0.9999993
0,0,1.0,2.763102e-11,1.0
0,0,1.0,3.8995762e-10,1.0
0,0,0.99995404,0.0005047753,0.9999081
1,0,0.6661918,0.6368428,0.33238363
1,1,0.9998517,0.0014557103,0.9997034
0,0,0.99998784,0.00015004542,0.9999757
1,1,1.0,2.763102e-11,1.0
0,0,1.0,2.5961537e-09,1.0
0,0,0.9989645,0.008151978,0.997929
0,0,0.9988413,0.008991619,0.9976826
0,0,0.9989542,0.008222791,0.99790835
1,0,0.67483413,0.6307022,0.34966826
1,1,1.0,2.763102e-11,1.0
1,1,1.0,2.763102e-11,1.0
1,1,0.9999999,2.0196896e-06,0.99999976
1,1,0.99987185,0.0012766615,0.9997437
1,1,1.0,2.763102e-11,1.0
0,1,0.9998629,0.0013564847,0.9997258
0,0,0.9989569,0.008203824,0.99791384
0,0,1.0,3.2258545e-09,1.0
0,0,0.9989389,0.00832717,0.99787784
0,0,0.99895483,0.008218045,0.99790967
0,0,0.9999911,0.00011205855,0.99998224
0,0,0.9998522,0.0014513087,0.99970436
1,1,1.0,2.763102e-11,1.0
1,1,1.0,2.763102e-11,1.0
1,1,1.0,2.763102e-11,1.0
1,1,1.0,2.763102e-11,1.0
1,1,0.98243743,0.08839509,0.96487486
0,0,1.0,9.139357e-09,1.0
1,0,0.9998219,0.0017155515,0.9996438
0,0,0.9999998,2.7142391e-06,0.99999964
1,0,0.9998205,0.0017280562,0.99964094
1,1,0.9929482,0.041964952,0.98589635
1,0,0.99899626,0.007932929,0.9979925
0,0,0.9996396,0.0032179162,0.99927914
0,0,1.0,2.8273694e-10,1.0
1,0,0.99881643,0.009159273,0.99763286
1,1,0.99999833,2.3871251e-05,0.99999666
1,1,0.90984184,0.3029036,0.8196837
0,0,0.9989481,0.008264404,0.9978962
1,1,1.0,2.763102e-11,1.0
1,1,0.62205726,0.663048,0.24411452
0,0,0.9999999,2.199161e-06,0.99999976
1,1,0.9948245,0.03240483,0.98964906
1,1,0.98281306,0.08687933,0.9656261
1,1,0.99999976,3.87412e-06,0.9999995
0,0,1.0,1.0388989e-07,1.0
0,0,1.0,4.3220125e-10,1.0
0,0,0.9989599,0.008183379,0.9979198
0,0,0.998934,0.008361293,0.99786794
1,0,0.9991056,0.0071721277,0.99821115
0,0,1.0,7.166886e-09,1.0
0,0,1.0,3.1744998e-10,1.0
1,1,0.7852394,0.5201962,0.5704788
1,1,0.99998724,0.00015650294,0.9999745
1,1,0.8134591,0.48116818,0.6269182
0,0,0.99999994,7.3085494e-07,0.9999999
1,1,1.0,2.763102e-11,1.0
1,1,0.9999999,2.0196896e-06,0.99999976
1,0,1.0,2.1658607e-07,1.0
0,0,0.9180714,0.28345466,0.8361428
0,0,1.0,3.404442e-10,1.0
0,0,1.0,2.763102e-11,1.0
0,0,1.0,3.1366884e-10,1.0
0,0,0.99974763,0.0023432206,0.99949527
1,1,0.96214354,0.16107099,0.9242871
1,0,0.8960397,0.33369845,0.79207945
1,1,1.0,2.763102e-11,1.0
1,1,1.0,2.763102e-11,1.0
0,0,0.9989583,0.008194428,0.9979166
1,1,0.99370486,0.038178932,0.9874097
1,1,0.96096164,0.16487586,0.9219233
0,0,1.0,1.0625442e-09,1.0
0,0,1.0,1.3480812e-09,1.0
0,0,1.0,4.1672013e-10,1.0
0,0,0.99982053,0.0017275373,0.99964106
0,0,0.9998522,0.0014514773,0.99970436
1,1,0.99998665,0.00016320641,0.9999733
1,1,0.62047803,0.6638296,0.24095607
0,0,0.9989508,0.008245844,0.99790156
0,0,1.0,2.763102e-11,1.0
0,0,1.0,2.763102e-11,1.0
1,1,0.85195434,0.41930404,0.7039087
0,0,0.8932949,0.3395707,0.78658974
1,1,0.93842673,0.23127466,0.87685347
1,1,1.0,2.763102e-11,1.0
1,1,1.0,2.763102e-11,1.0
0,0,1.0,3.1207878e-10,1.0
1,1,1.0,2.763102e-11,1.0
0,0,1.0,2.6478839e-10,1.0
0,1,0.8941996,0.33764392,0.7883992
1,1,0.87794876,0.37099212,0.7558975
1,1,0.98412883,0.08150278,0.96825767
1,1,1.0,2.763102e-11,1.0
1,0,0.9218139,0.27431664,0.8436278
0,0,1.0,3.4034807e-07,1.0
1,0,0.9999994,9.48027e-06,0.9999988
1,0,1.0,2.763102e-11,1.0
0,0,0.9989458,0.008280442,0.99789155
0,0,0.9989409,0.008313902,0.99788177
0,0,1.0,2.763102e-11,1.0
1,1,0.99387604,0.037310094,0.9877521
0,0,1.0,5.5658606e-10,1.0
1,1,0.99999785,3.0152349e-05,0.9999957
1,1,0.99947995,0.0044523217,0.9989599
0,0,0.9998522,0.0014513505,0.99970436
1,1,0.9999999,2.0196896e-06,0.99999976
1,1,1.0,2.763102e-11,1.0
1,1,1.0,2.763102e-11,1.0
1,0,0.84907395,0.42431206,0.6981479
1,0,0.99999994,7.599622e-07,0.9999999
0,0,1.0,2.763102e-11,1.0
1,0,0.99899626,0.007932929,0.9979925
0,0,1.0,3.0459632e-10,1.0
1,1,0.9797673,0.09894327,0.95953465
0,0,1.0,6.193295e-11,1.0
1,1,0.99654275,0.023044467,0.9930855
0,0,1.0,2.763102e-11,1.0
1,0,0.9998525,0.0014490022,0.99970496
1,1,0.9999995,7.417722e-06,0.99999905
1,1,1.0,2.763102e-11,1.0
1,0,0.9997661,0.002189206,0.9995322
0,0,1.0,3.8710826e-10,1.0
0,0,0.99894565,0.008281013,0.9978913
1,1,0.8264185,0.4615199,0.65283704
1,1,1.0,2.763102e-11,1.0
0,0,0.9812368,0.09318585,0.96247363
1,1,0.99309325,0.041245684,0.9861865
1,1,0.97058725,0.13269486,0.9411745
1,1,0.96840566,0.1402413,0.9368113
1,1,1.0,2.763102e-11,1.0
1,1,0.99999857,2.0681588e-05,0.99999714
0,0,1.0,3.740209e-07,1.0
0,0,0.99672323,0.022017356,0.99344647
0,0,0.99999917,1.2508604e-05,0.99999833
1,1,1.0,2.763102e-11,1.0
1,1,0.9999995,7.417722e-06,0.99999905
0,1,1.0,2.763102e-11,1.0
1,0,0.99254215,0.04396222,0.9850843
1,1,1.0,2.763102e-11,1.0
0,0,0.9333133,0.24498284,0.8666266
1,1,0.993869,0.037345886,0.987738
1,1,0.9999995,7.417722e-06,0.99999905
1,1,0.93842673,0.23127466,0.87685347
0,0,1.0,2.763102e-11,1.0
0,0,0.9988188,0.009143304,0.9976376
1,1,0.8566249,0.4110433,0.7132498
1,1,1.0,2.763102e-11,1.0
1,1,1.0,2.763102e-11,1.0
1,1,0.993869,0.037345886,0.987738
0,0,1.0,7.0195756e-09,1.0
1,1,1.0,2.763102e-11,1.0
1,1,1.0,2.763102e-11,1.0
0,0,0.99999684,4.3419444e-05,0.9999937
1,0,0.99999976,3.9894408e-06,0.9999995
1,1,0.86484015,0.39607897,0.7296803
1,1,1.0,2.763102e-11,1.0
1,1,0.9988279,0.009082038,0.99765575
1,1,0.98411995,0.08153944,0.9682399
0,0,0.99896103,0.008175572,0.99792206
1,1,0.9999999,2.0196896e-06,0.99999976
1,1,1.0,2.763102e-11,1.0
0,0,1.0,4.043056e-10,1.0
1,1,1.0,2.763102e-11,1.0
0,0,0.9997698,0.002158452,0.9995396
0,0,0.99896455,0.008151563,0.9979291
1,1,1.0,2.763102e-11,1.0
0,0,0.99985135,0.0014588126,0.9997027
0,0,1.0,2.9611755e-10,1.0
0,0,0.99882454,0.009104704,0.9976491
0,0,1.0,8.094312e-09,1.0
1,1,0.99960643,0.0034791762,0.99921286
0,0,1.0,6.231167e-08,1.0
0,0,0.9999997,4.486151e-06,0.9999994
0,0,1.0,3.1316716e-10,1.0
0,0,1.0,4.4020007e-10,1.0
0,0,1.0,2.763102e-11,1.0
1,1,1.0,2.763102e-11,1.0
0,0,0.99893814,0.008332574,0.9978763
0,0,0.993034,0.041539878,0.986068
1,1,1.0,2.763102e-11,1.0
1,1,0.93842673,0.23127466,0.87685347
1,1,0.9992748,0.0059675234,0.9985496
0,0,0.9989426,0.008302079,0.9978852
0,0,0.9802828,0.096936464,0.96056557
0,0,0.99994886,0.0005565396,0.9998977
1,0,0.9982731,0.012711236,0.99654615
0,0,1.0,3.0067987e-10,1.0
1,1,0.8054142,0.49280453,0.6108284
0,0,0.95701283,0.17732395,0.91402566
1,1,0.99999964,5.6661747e-06,0.9999993
0,0,0.9866121,0.071045436,0.97322416
0,1,0.99994564,0.00058816175,0.9998913
1,1,0.856952,0.4104581,0.713904
0,0,1.0,8.6532376e-10,1.0
1,1,0.99929035,0.005854906,0.9985807
1,1,0.93842673,0.23127466,0.87685347
0,0,0.99985117,0.0014604131,0.99970233
1,1,0.5382792,0.6902137,0.07655835
0,0,1.0,3.0223682e-10,1.0
1,1,0.993869,0.037345886,0.987738
0,0,1.0,9.490891e-10,1.0
1,0,0.9999991,1.34787315e-05,0.9999982
1,0,0.99985117,0.0014604243,0.99970233
0,0,0.9989568,0.008204829,0.9979136
0,1,0.5024497,0.6931352,0.0048993826
1,1,0.99937624,0.005226774,0.9987525
0,0,0.9988913,0.008652407,0.9977826
1,1,0.99999785,3.0152349e-05,0.9999957
1,1,0.9690647,0.13797843,0.9381294
1,1,0.993869,0.037345886,0.987738
1,1,1.0,2.763102e-11,1.0
1,1,1.0,2.763102e-11,1.0
1,0,0.9999675,0.00036840042,0.99993503
0,0,0.9990773,0.0073701935,0.99815464
1,0,0.99999875,1.798631e-05,0.9999975
0,0,0.9998522,0.0014513595,0.99970436
1,0,1.0,2.763102e-11,1.0
1,1,1.0,2.763102e-11,1.0
0,0,0.9989602,0.008181281,0.9979204
0,0,0.99896145,0.0081726955,0.9979229
0,0,0.9988336,0.009043279,0.9976672
0,0,0.9998512,0.0014599623,0.99970245
0,0,0.9998207,0.0017261505,0.9996414
1,0,0.99260706,0.043644335,0.9852141
0,0,1.0,2.763102e-11,1.0
0,0,1.0,3.7245063e-10,1.0
0,0,0.9988871,0.008680865,0.99777424
0,0,0.99895877,0.008191264,0.99791753
1,1,1.0,2.763102e-11,1.0
1,1,0.97183436,0.12830676,0.9436687
0,0,0.999995,6.63489e-05,0.99999
1,1,1.0,2.763102e-11,1.0
0,0,1.0,3.835698e-10,1.0
1,1,0.99999845,2.2281009e-05,0.9999969
0,0,0.99896044,0.008179785,0.9979209
0,0,0.9997526,0.0023020231,0.99950516
0,0,0.99895006,0.008250844,0.9979001
1,1,1.0,2.763102e-11,1.0
0,0,1.0,1.2234276e-10,1.0
0,0,1.0,9.183488e-10,1.0
0,0,1.0,2.9579608e-10,1.0
1,0,0.9974379,0.017846603,0.9948758
0,0,1.0,4.0459286e-10,1.0
1,1,1.0,2.763102e-11,1.0
0,0,1.0,3.000928e-10,1.0
1,1,0.99207956,0.046210542,0.9841591
1,1,1.0,2.763102e-11,1.0
0,0,1.0,2.0023421e-07,1.0
0,0,0.9941501,0.035908896,0.9883002
0,0,1.0,2.763102e-11,1.0
0,0,1.0,1.9908126e-09,1.0
1,1,0.99999976,3.87412e-06,0.9999995
1,1,0.92551696,0.26508376,0.8510339
1,1,0.6444899,0.65079105,0.28897977
0,0,0.9992344,0.006258363,0.99846876
1,0,0.63223374,0.65775615,0.26446748
1,1,0.99698,0.020538913,0.99396
1,1,0.9998852,0.0011562824,0.9997704
0,0,0.9999025,0.0009979968,0.999805
1,1,1.0,2.763102e-11,1.0
1,1,0.993869,0.037345886,0.987738
1,0,0.9949795,0.031587534,0.989959
1,1,1.0,2.763102e-11,1.0
0,0,1.0,2.7156255e-10,1.0
0,0,1.0,3.1148037e-10,1.0
1,1,0.99387604,0.037310094,0.9877521
1,1,0.9999999,2.0196896e-06,0.99999976
1,1,0.9912479,0.05018521,0.9824958
0,0,0.7163502,0.5963675,0.4327004
1,1,1.0,2.763102e-11,1.0
0,0,1.0,6.759663e-10,1.0
1,1,0.5639615,0.6849426,0.12792301
0,0,0.9989587,0.0081917755,0.9979174
0,0,0.99437726,0.034738086,0.9887545
0,0,1.0,1.9350967e-08,1.0
1,1,0.8264185,0.4615199,0.65283704
1,1,1.0,2.763102e-11,1.0
1,0,0.99899626,0.007932929,0.9979925
0,0,1.0,2.8890608e-07,1.0
1,1,0.999676,0.0029272991,0.999352
1,1,0.6634105,0.63874733,0.32682097
1,1,0.8264185,0.4615199,0.65283704
0,0,0.5990372,0.67340016,0.19807431
1,1,1.0,2.763102e-11,1.0
0,0,0.999981,0.00022568228,0.999962
0,0,0.9989008,0.00858788,0.99780154
0,0,1.0,2.763102e-11,1.0
1,1,0.9999999,2.0196896e-06,0.99999976
1,1,1.0,2.763102e-11,1.0
1,1,0.9999999,2.0196896e-06,0.99999976
1,1,0.90327865,0.31781873,0.8065573
1,1,0.99942565,0.004860143,0.9988513
0,0,0.99893934,0.008324486,0.9978787
1,0,0.8490884,0.42428714,0.69817674
0,0,1.0,2.763102e-11,1.0
1,1,1.0,2.763102e-11,1.0
1,1,0.99633336,0.024224183,0.9926667
0,0,0.99713975,0.019608138,0.9942795
1,1,0.9999999,2.0196896e-06,0.99999976
0,0,0.9930717,0.04135289,0.98614335
0,0,1.0,7.6449697e-10,1.0
1,1,1.0,2.763102e-11,1.0
0,0,0.9998522,0.0014515843,0.99970436
1,1,1.0,2.763102e-11,1.0
1,1,0.96196425,0.16165061,0.9239285
0,0,0.9999474,0.00057055545,0.99989486
0,0,0.9999962,5.1555595e-05,0.9999924
0,0,0.9904335,0.053999767,0.980867
0,0,0.9989344,0.00835828,0.9978688
1,1,1.0,2.763102e-11,1.0
0,0,1.0,1.8654655e-08,1.0
1,0,0.9998273,0.0016687098,0.99965465
1,1,0.99999964,5.6661747e-06,0.9999993
0,0,0.99894655,0.008275123,0.9978931
0,0,0.9988471,0.008952028,0.99769425
0,0,0.9997837,0.002041812,0.9995674
0,0,0.99894196,0.008306454,0.9978839
1,1,0.64679664,0.6494071,0.2935933
1,1,1.0,2.763102e-11,1.0
1,1,0.98699236,0.06940469,0.9739847
0,0,0.998944,0.008292655,0.99788797
0,0,0.99894565,0.008281036,0.9978913
1,1,0.6243083,0.66191554,0.24861658
1,1,0.99554056,0.02858724,0.9910811
0,0,0.9678555,0.14211932,0.935711
0,0,1.0,1.6669947e-08,1.0
0,0,0.9999995,7.173064e-06,0.99999905
1,1,0.8264185,0.4615199,0.65283704
1,1,1.0,2.763102e-11,1.0
0,0,1.0,4.427364e-10,1.0
1,1,0.99999344,8.480879e-05,0.9999869
1,1,1.0,2.763102e-11,1.0
0,0,0.9999999,1.5927756e-06,0.99999976
1,1,0.9999995,7.417722e-06,0.99999905
1,1,1.0,2.763102e-11,1.0
0,0,0.9989388,0.008328055,0.9978776
0,0,1.0,4.400921e-10,1.0
1,0,1.0,3.1700673e-09,1.0
0,0,0.99806446,0.014025556,0.9961289
0,0,0.9989198,0.008458208,0.99783957
1,1,0.9999995,7.417722e-06,0.99999905
1,0,0.9999991,1.3310619e-05,0.9999982
0,0,0.9989312,0.008380005,0.99786246
0,0,0.9997374,0.002427889,0.99947476
0,0,1.0,3.6262268e-08,1.0
1,1,0.9828058,0.08690875,0.9656116
0,0,0.8698429,0.38668525,0.7396858
1,1,0.948353,0.2033365,0.896706
1,0,0.9847116,0.079086624,0.9694232
1,1,0.6307556,0.6585523,0.2615112
1,1,0.9999999,2.0196896e-06,0.99999976
1,1,1.0,2.763102e-11,1.0
1,1,1.0,2.763102e-11,1.0
0,0,1.0,3.240224e-10,1.0
1,0,0.99899626,0.007932929,0.9979925
0,1,0.9352262,0.2399056,0.8704524
0,0,1.0,3.2978717e-10,1.0
1,1,1.0,2.763102e-11,1.0
0,0,0.9989373,0.008338225,0.9978746
1,1,1.0,2.763102e-11,1.0
1,0,0.9950012,0.031472765,0.9900024
0,0,0.9998205,0.0017280667,0.99964094
1,1,0.8354857,0.44708037,0.6709714
0,0,0.9987338,0.009713114,0.99746764
0,0,0.9999238,0.00079854525,0.99984765
0,0,0.9988922,0.008646433,0.9977844
0,0,0.99985224,0.0014511213,0.9997045
1,1,0.93842673,0.23127466,0.87685347
0,0,1.0,2.8288769e-10,1.0
1,1,0.9987703,0.009469168,0.9975406
1,1,0.9948251,0.032401696,0.98965025
1,1,0.9930401,0.04150963,0.98608017
1,1,0.9955135,0.028733509,0.991027
0,0,0.99333113,0.04005958,0.98666227
0,0,1.0,3.5013728e-10,1.0
1,1,0.9643733,0.15378736,0.9287466
0,0,0.94084245,0.22464322,0.8816849
0,0,1.0,5.7730826e-10,1.0
0,0,1.0,2.95337e-10,1.0
0,0,1.0,2.763102e-11,1.0
1,0,1.0,5.6601274e-10,1.0
1,1,0.99998724,0.00015650294,0.9999745
0,0,1.0,1.1271322e-07,1.0
0,0,0.9989619,0.008169461,0.99792385
0,0,1.0,3.1411776e-10,1.0
0,0,0.9989079,0.008539217,0.99781585
0,0,1.0,2.7789246e-08,1.0
0,0,0.68860835,0.62020963,0.3772167
0,0,0.6631151,0.6389476,0.32623017
1,1,0.9695469,0.13631363,0.9390938
1,0,0.9920463,0.046371035,0.9840926
0,0,1.0,2.6472874e-10,1.0
0,0,1.0,4.9248156e-10,1.0
1,0,0.9997834,0.0020440996,0.9995668
1,1,0.99995935,0.00045164517,0.9999187
0,0,1.0,1.141614e-08,1.0
0,0,1.0,2.1869657e-07,1.0
0,0,0.9990631,0.007469531,0.99812615
0,0,0.9989187,0.0084656365,0.9978374
1,1,1.0,2.763102e-11,1.0
1,1,0.75843924,0.5528723,0.5168785
1,1,1.0,2.763102e-11,1.0
1,0,0.99999964,5.5316614e-06,0.9999993
1,0,0.9998523,0.0014504173,0.9997046
0,0,0.9999996,6.4592487e-06,0.99999917
1,1,0.99996305,0.00041410877,0.9999261
1,0,1.0,2.3909114e-10,1.0
0,0,1.0,2.9056277e-10,1.0
1,1,0.993869,0.037345886,0.987738
1,0,0.9523503,0.19153586,0.90470064
0,0,0.99985224,0.0014510927,0.9997045
0,0,0.9987677,0.009486694,0.99753535
0,0,0.99886733,0.008815261,0.99773467
1,1,1.0,2.763102e-11,1.0
1,1,0.993869,0.037345886,0.987738
0,0,0.9998522,0.0014516361,0.99970436
0,0,1.0,1.5048892e-09,1.0
1,0,0.9998524,0.0014492004,0.99970484
1,1,1.0,2.763102e-11,1.0
1,1,0.95905995,0.17092024,0.9181199
1,0,0.99982196,0.0017150046,0.9996439
1,1,1.0,2.763102e-11,1.0
0,0,0.9999997,4.9905066e-06,0.9999994
0,0,0.9989342,0.008359625,0.9978684
0,0,0.9644295,0.15360197,0.928859
1,0,1.0,1.3239719e-09,1.0
1,1,1.0,2.763102e-11,1.0
1,0,0.99982184,0.0017162593,0.9996437
1,0,0.948844,0.20190504,0.89768803
1,1,0.9608246,0.16531458,0.9216492
1,1,1.0,2.763102e-11,1.0
1,1,1.0,2.763102e-11,1.0
1,0,0.9997241,0.002537101,0.9994482
1,0,1.0,2.2334135e-07,1.0
0,0,1.0,1.1720185e-09,1.0
0,0,1.0,3.9189135e-10,1.0
1,1,0.97248536,0.1259937,0.9449707
0,0,1.0,2.763102e-11,1.0
1,1,0.9811321,0.09359991,0.9622642
1,1,1.0,2.763102e-11,1.0
1,1,0.97802657,0.10562306,0.95605314
0,0,1.0,9.1596497e-10,1.0
1,1,0.93842673,0.23127466,0.87685347
0,0,0.9989186,0.00846622,0.9978372
1,1,1.0,2.763102e-11,1.0
0,0,0.99999994,6.8357457e-07,0.9999999
1,1,1.0,2.763102e-11,1.0
0,0,0.9989405,0.008316399,0.99788105
1,1,0.93842673,0.23127466,0.87685347
0,0,1.0,1.0372134e-09,1.0
0,0,0.9989498,0.008252653,0.99789965
1,1,0.87190986,0.38273996,0.7438197
1,1,0.9999999,2.0196896e-06,0.99999976
0,0,0.99999917,1.2825835e-05,0.99999833
1,0,0.9871745,0.06861487,0.974349
1,0,0.999997,4.062449e-05,0.99999404
1,1,1.0,2.763102e-11,1.0
0,0,1.0,9.599052e-10,1.0
0,0,1.0,2.763102e-11,1.0
0,0,0.9989338,0.008362365,0.9978676
1,1,1.0,2.763102e-11,1.0
1,1,0.97854954,0.1036316,0.9570991
0,0,0.99892664,0.008411427,0.9978533
1,0,0.99999994,7.599622e-07,0.9999999
1,0,1.0,7.7596607e-10,1.0
0,0,0.9999439,0.00060505304,0.9998878
1,1,0.5788244,0.68066865,0.1576488
1,0,0.99899626,0.007932929,0.9979925
0,0,0.99893266,0.008370305,0.9978653
1,1,1.0,2.763102e-11,1.0
1,1,0.99999964,5.6661747e-06,0.9999993
0,0,1.0,2.763102e-11,1.0
0,0,1.0,9.0811636e-10,1.0
1,0,0.99999994,1.3707732e-06,0.9999999
1,1,0.9919186,0.046986267,0.98383725
0,0,0.98240244,0.08853576,0.9648049
1,1,0.93842673,0.23127466,0.87685347
1,1,0.9971621,0.019477254,0.9943242
1,1,1.0,2.763102e-11,1.0
1,1,0.9999981,2.702674e-05,0.9999962
1,1,1.0,2.763102e-11,1.0
1,1,0.9945937,0.033613678,0.98918736
0,0,1.0,3.4084753e-09,1.0
0,0,0.9989565,0.008206617,0.997913
0,0,0.9988778,0.008744076,0.99775565
0,0,0.9999791,0.00024644655,0.99995816
1,1,0.99999976,3.87412e-06,0.9999995
1,1,1.0,2.763102e-11,1.0
0,0,0.9760077,0.113193996,0.9520154
1,1,0.9999999,2.0196896e-06,0.99999976
1,1,0.9996557,0.0030895001,0.99931145
1,0,0.7169839,0.5957794,0.4339678
1,1,1.0,2.763102e-11,1.0
0,0,0.9986486,0.010278779,0.99729717
0,0,0.9971132,0.019763201,0.99422646
0,0,0.9745258,0.11863954,0.9490516
0,0,1.0,2.8771463e-10,1.0
1,0,1.0,2.763102e-11,1.0
1,0,0.99999994,1.4270645e-06,0.9999999
1,0,0.9932646,0.040392213,0.98652923
1,0,0.85301256,0.41744775,0.7060251
1,1,0.9952395,0.03020548,0.990479
1,1,1.0,2.763102e-11,1.0
1,1,0.99387604,0.037310094,0.9877521
0,0,1.0,2.744571e-10,1.0
1,0,0.99999684,4.294164e-05,0.9999937
0,0,1.0,5.9620997e-09,1.0
0,0,1.0,9.2775976e-10,1.0
1,1,1.0,2.763102e-11,1.0
0,0,0.9999999,2.3900946e-06,0.99999976
1,1,0.9998628,0.0013575451,0.9997256
1,1,0.93842673,0.23127466,0.87685347
0,0,1.0,2.763102e-11,1.0
0,0,0.99886036,0.008862313,0.9977207
1,1,0.99387604,0.037310094,0.9877521
1,0,0.9824649,0.088284396,0.9649298
0,0,0.9989408,0.008314332,0.99788165
1,1,0.99999917,1.2514034e-05,0.99999833
0,0,1.0,1.2590579e-09,1.0
1,1,1.0,2.763102e-11,1.0
0,0,1.0,2.8934127e-10,1.0
1,1,0.9993,0.0057848343,0.9986
0,0,1.0,9.553384e-08,1.0
1,1,0.99792624,0.01488414,0.9958525
1,0,0.99969876,0.002743695,0.9993975
1,1,1.0,2.763102e-11,1.0
0,0,0.99999774,3.135275e-05,0.99999547
1,0,0.9998205,0.0017280771,0.99964094
0,0,1.0,5.6731158e-09,1.0
1,1,0.8764412,0.37395623,0.75288236
1,1,0.9998776,0.00122525,0.99975514
1,1,1.0,2.763102e-11,1.0
0,0,0.9988641,0.008836905,0.9977282
0,0,0.99893135,0.008379258,0.9978627
0,0,0.958358,0.17312789,0.916716
1,1,1.0,2.763102e-11,1.0
1,1,0.9999999,2.0196896e-06,0.99999976
1,1,0.8853949,0.35603642,0.77078974
0,0,1.0,3.5451944e-10,1.0
1,0,0.79444444,0.5080083,0.5888889
0,0,1.0,4.91321e-09,1.0
0,0,0.9988633,0.008842602,0.99772656
1,1,1.0,2.763102e-11,1.0
0,0,1.0,3.4398967e-10,1.0
0,0,1.0,2.763102e-11,1.0
1,1,0.93842673,0.23127466,0.87685347
1,1,1.0,2.763102e-11,1.0
0,0,1.0,2.6757778e-09,1.0
1,0,0.9999999,1.7635272e-06,0.99999976
1,1,0.78345406,0.52250135,0.5669081
0,0,1.0,2.763102e-11,1.0
0,0,1.0,2.763102e-11,1.0
1,1,1.0,2.763102e-11,1.0
1,0,1.0,4.5575385e-07,1.0
1,1,0.99387604,0.037310094,0.9877521
1,0,0.99999994,1.197969e-06,0.9999999
1,1,1.0,2.763102e-11,1.0
1,1,1.0,2.763102e-11,1.0
1,0,0.9999995,7.7743525e-06,0.99999905
0,0,1.0,2.8561402e-07,1.0
0,0,1.0,3.834388e-08,1.0
1,1,0.9999999,2.0196896e-06,0.99999976
1,0,0.684868,0.6231455,0.369736
0,0,1.0,6.379349e-10,1.0
0,0,0.9733215,0.12299952,0.946643
0,0,1.0,2.763102e-11,1.0
1,0,0.9989307,0.008383693,0.9978614
0,0,0.9999914,0.000108819804,0.99998283
0,0,0.9624144,0.16019377,0.92482877
0,0,1.0,3.8806047e-10,1.0
1,1,0.9999989,1.581984e-05,0.99999785
1,0,0.9999995,7.264446e-06,0.99999905
1,0,1.0,2.763102e-11,1.0
0,0,0.9998976,0.0010432472,0.9997952
1,1,0.9998776,0.00122525,0.99975514
0,0,0.99892366,0.008431799,0.9978473
1,0,0.7058451,0.6058301,0.41169026
0,0,0.99895847,0.008193148,0.99791694
0,0,1.0,4.5419407e-10,1.0
1,1,1.0,2.763102e-11,1.0
0,0,0.9989569,0.008203935,0.99791384
1,0,1.0,3.7870652e-07,1.0
0,0,0.9998522,0.0014514345,0.99970436
0,0,0.9989522,0.008236246,0.9979044
0,0,1.0,1.0612287e-09,1.0
1,0,0.9994254,0.004862109,0.9988508
0,0,1.0,3.1623382e-10,1.0
0,0,0.9934235,0.039596736,0.98684704
1,1,1.0,2.763102e-11,1.0
1,0,0.73517925,0.5780391,0.4703585
0,0,1.0,2.763102e-11,1.0
1,0,0.99999994,1.3892782e-06,0.9999999
1,1,0.99987817,0.0012198793,0.99975634
1,1,1.0,2.763102e-11,1.0
1,1,1.0,2.763102e-11,1.0
0,0,1.0,3.7449438e-10,1.0
1,0,1.0,2.763102e-11,1.0
0,0,1.0,3.3472447e-10,1.0
1,1,0.9923006,0.04513954,0.98460126
1,1,0.99068284,0.052839704,0.9813657
1,1,0.9516264,0.19369821,0.90325284
0,0,1.0,3.2923383e-10,1.0
1,1,0.9936041,0.038687997,0.98720825
0,0,0.99889314,0.0086399475,0.9977863
1,1,0.7583794,0.5529408,0.5167588
1,0,0.99998254,0.00020904135,0.9999651
0,0,1.0,2.763102e-11,1.0
0,0,1.0,3.7037133e-09,1.0
1,0,0.9932914,0.040258516,0.98658276
1,1,1.0,2.763102e-11,1.0
1,1,0.99999845,2.2281009e-05,0.9999969
0,0,0.9989507,0.008246557,0.99790144
1,0,1.0,9.488984e-10,1.0
1,1,0.999571,0.0037552002,0.99914205
1,1,1.0,2.763102e-11,1.0
1,1,0.99985075,0.0014641149,0.9997015
0,0,1.0,4.0123255e-10,1.0
0,0,0.9998522,0.0014514487,0.99970436
0,0,0.5225532,0.6921296,0.04510644
1,1,1.0,2.763102e-11,1.0
0,0,0.9015667,0.3216269,0.80313337
0,0,1.0,6.594586e-09,1.0
1,0,0.99899626,0.007932929,0.9979925
1,1,0.95260704,0.19076625,0.9052141
1,1,0.96501774,0.15165564,0.9300355
0,0,1.0,4.692071e-10,1.0
1,0,1.0,4.2344706e-08,1.0
1,0,0.99999756,3.429648e-05,0.9999951
0,0,0.9998878,0.0011325023,0.99977565
1,1,0.9999999,2.0196896e-06,0.99999976
0,0,0.9999606,0.00043907153,0.9999212
1,1,0.8264185,0.4615199,0.65283704
0,0,1.0,3.9363063e-10,1.0
1,1,1.0,2.763102e-11,1.0
1,1,1.0,2.763102e-11,1.0
1,1,0.97727054,0.10847955,0.9545411
0,0,1.0,3.0187114e-10,1.0
0,0,0.9988841,0.008701448,0.99776816
0,0,0.99999493,6.701407e-05,0.99998987
0,0,0.998915,0.00849073,0.99783003
1,1,0.99995697,0.0004756818,0.99991393
0,0,1.0,2.1534248e-07,1.0
1,1,0.993722,0.03809202,0.98744404
1,1,1.0,2.763102e-11,1.0
1,0,0.9999999,2.4021415e-06,0.99999976
1,1,1.0,2.763102e-11,1.0
0,0,0.9998522,0.0014513505,0.99970436
0,0,1.0,4.586086e-10,1.0
0,0,0.97428626,0.11951138,0.9485725
1,1,1.0,2.763102e-11,1.0
0,0,0.99985236,0.0014500911,0.9997047
0,0,0.99985117,0.0014604364,0.99970233
1,1,0.93842673,0.23127466,0.87685347
0,0,0.9914069,0.04943161,0.98281384
0,0,1.0,1.0480986e-09,1.0
1,1,0.9999999,2.0196896e-06,0.99999976
1,1,1.0,2.763102e-11,1.0
1,1,1.0,2.763102e-11,1.0
1,1,0.9999999,2.0196896e-06,0.99999976
0,0,0.99893844,0.00833047,0.9978769
0,0,0.99986076,0.001375333,0.9997215
0,0,0.9999953,6.242359e-05,0.9999906
1,1,1.0,2.763102e-11,1.0
0,0,0.99893713,0.008339386,0.99787426
1,1,0.9999982,2.5452973e-05,0.9999964
0,0,1.0,2.8068783e-10,1.0
1,0,0.9091662,0.30446264,0.81833243
1,1,0.9756526,0.11450729,0.95130515
0,0,0.9991096,0.0071438365,0.99821925
1,1,1.0,2.763102e-11,1.0
0,0,1.0,4.072366e-10,1.0
0,0,1.0,2.6513594e-10,1.0
1,1,0.993869,0.037345886,0.987738
0,0,1.0,2.763102e-11,1.0
0,0,1.0,2.9079278e-10,1.0
0,0,0.9693672,0.13693501,0.9387344
0,0,0.99889374,0.008635878,0.9977875
1,0,0.99999994,9.295967e-07,0.9999999
1,0,1.0,1.1908453e-10,1.0
1,1,1.0,2.763102e-11,1.0
1,1,0.9970805,0.01995441,0.994161
1,1,0.993869,0.037345886,0.987738
0,1,0.9728572,0.12466554,0.94571435
0,0,1.0,2.763102e-11,1.0
0,0,1.0,6.7679686e-08,1.0
1,1,0.99387604,0.037310094,0.9877521
1,1,0.9941836,0.035736892,0.9883672
0,0,1.0,3.683924e-10,1.0
1,1,0.8795845,0.36775208,0.759169
0,0,1.0,1.999783e-08,1.0
0,0,0.9989567,0.008205453,0.99791336
1,0,0.9999494,0.0005509711,0.9998988
1,1,0.9876508,0.06653699,0.9753016
1,1,0.99999964,5.6661747e-06,0.9999993
1,1,0.98600763,0.07363085,0.97201526
0,0,0.99893415,0.008359954,0.9978683
1,1,1.0,2.763102e-11,1.0
0,0,1.0,3.6874193e-10,1.0
0,0,1.0,7.6019807e-10,1.0
1,1,0.9999999,2.0196896e-06,0.99999976
1,0,0.99899626,0.007932929,0.9979925
0,0,0.99895626,0.008208468,0.9979125
0,0,0.9999999,1.7809139e-06,0.99999976
1,1,0.9448213,0.2134901,0.8896426
1,1,0.8791189,0.3686768,0.75823784
1,1,0.99999344,8.480879e-05,0.9999869
0,0,0.9999956,5.865635e-05,0.9999912
1,1,0.99951684,0.004172012,0.9990337
0,0,1.0,3.2571312e-10,1.0
0,0,0.9988822,0.0087144375,0.99776435
1,1,0.9795857,0.09964712,0.9591714
1,1,0.9524087,0.19136104,0.90481734
1,1,0.8441688,0.432692,0.68833756
0,0,1.0,3.1973535e-10,1.0
1,1,0.99237376,0.044783834,0.9847475
1,1,1.0,2.763102e-11,1.0
0,0,1.0,2.1876205e-09,1.0
0,0,0.99985224,0.0014511015,0.9997045
1,1,0.99999964,5.6661747e-06,0.9999993
1,0,0.6661918,0.6368428,0.33238363
0,0,0.9989343,0.008358874,0.99786866
1,1,0.93874484,0.23040725,0.8774897
0,0,1.0,4.4610715e-10,1.0
0,0,0.99952435,0.004114677,0.9990487
0,0,1.0,3.6985534e-07,1.0
1,0,0.9999997,4.75847e-06,0.9999994
1,1,0.9811218,0.09364065,0.96224356
0,1,0.9639771,0.15509187,0.9279542
0,0,1.0,2.763102e-11,1.0
1,1,0.9983835,0.012005092,0.99676704
0,0,0.9989268,0.008410037,0.99785364
0,0,1.0,3.205045e-10,1.0
1,1,0.99999964,5.6661747e-06,0.9999993
0,0,0.99893314,0.008366787,0.9978663
1,1,0.9814968,0.09215519,0.9629936
1,1,0.993869,0.037345886,0.987738
1,1,0.59163374,0.67625844,0.18326747
1,0,0.9944581,0.034318984,0.98891616
0,0,0.99892956,0.008391462,0.9978591
1,1,0.9999999,2.0196896e-06,0.99999976
1,0,1.0,3.5748706e-09,1.0
0,0,1.0,2.742621e-10,1.0
0,0,1.0,4.4907102e-07,1.0
0,0,1.0,4.2967088e-10,1.0
0,0,1.0,5.5216667e-09,1.0
1,1,1.0,2.763102e-11,1.0
1,1,0.8229855,0.46683615,0.64597094
0,0,0.99890023,0.008591385,0.99780047
0,0,1.0,3.0328426e-10,1.0
1,1,0.9999999,2.0196896e-06,0.99999976
1,1,0.9999944,7.335365e-05,0.9999888
1,1,0.97891873,0.10221791,0.95783746
1,1,0.9999999,2.0196896e-06,0.99999976
0,0,1.0,2.8334923e-10,1.0
1,1,0.9999999,2.0196896e-06,0.99999976
0,0,0.9989388,0.008328088,0.9978776
1,0,0.99999994,1.2806314e-06,0.9999999
0,0,0.9989515,0.008241201,0.997903
0,0,1.0,4.9665596e-09,1.0
1,1,0.9999999,2.0196896e-06,0.99999976
0,0,0.97095114,0.13142022,0.9419023
0,0,0.9989437,0.00829462,0.9978874
0,0,1.0,6.3343514e-10,1.0
1,1,0.7040137,0.60742503,0.4080274
0,0,0.9999989,1.5842448e-05,0.99999785
1,1,1.0,2.763102e-11,1.0
0,0,0.99985224,0.0014509582,0.9997045
0,0,0.99883133,0.009058747,0.99766266
0,0,0.99893844,0.008330579,0.9978769
1,0,0.99899626,0.007932929,0.9979925
1,1,1.0,2.763102e-11,1.0
1,1,0.99999833,2.3871251e-05,0.99999666
1,0,1.0,2.763102e-11,1.0
1,1,0.99387604,0.037310094,0.9877521
1,1,1.0,2.763102e-11,1.0
0,0,0.99705976,0.020075383,0.9941195
0,0,0.9989295,0.00839179,0.997859
0,0,0.99892515,0.008421321,0.9978503
1,0,0.6661918,0.6368428,0.33238363
1,0,0.7106496,0.60156894,0.42129925
1,0,0.99999994,7.9483357e-07,0.9999999
1,1,1.0,2.763102e-11,1.0
1,1,1.0,2.763102e-11,1.0
1,0,0.99978524,0.0020284338,0.9995705
1,1,0.9916707,0.048174866,0.98334146
1,1,1.0,2.763102e-11,1.0
0,0,0.8825888,0.36173505,0.7651776
0,0,0.99999756,3.4329398e-05,0.9999951
0,0,1.0,4.1189158e-10,1.0
1,0,0.6550924,0.6442371,0.31018484
1,0,0.99936634,0.0052996883,0.9987327
0,0,1.0,4.3852078e-09,1.0
1,0,0.9995918,0.0035933652,0.99918365
0,0,1.0,2.763102e-11,1.0
1,1,1.0,2.763102e-11,1.0
1,1,0.86425275,0.39716774,0.7285055
0,0,0.9999602,0.0004431345,0.99992037
1,1,0.95868665,0.17209582,0.9173733
1,1,1.0,2.763102e-11,1.0
1,1,1.0,2.763102e-11,1.0
1,1,0.99547994,0.028914666,0.9909599
0,0,1.0,4.3888473e-10,1.0
1,1,0.99865,0.0102693215,0.9973
1,1,1.0,2.763102e-11,1.0
1,1,0.9590806,0.1708552,0.91816115
0,0,1.0,3.8558617e-10,1.0
1,0,0.99358433,0.038787924,0.98716867
1,1,0.9990079,0.007852794,0.99801576
1,1,0.994669,0.033220265,0.98933804
1,1,0.99928844,0.0058687315,0.9985769
0,0,1.0,3.8281737e-08,1.0
0,0,1.0,5.990656e-10,1.0
1,1,0.99973696,0.002431259,0.9994739
1,1,0.9946636,0.033248626,0.9893272
0,0,0.99084306,0.052090686,0.9816861
1,0,1.0,2.7664163e-10,1.0
0,0,1.0,5.290288e-10,1.0
0,0,0.9988877,0.008676689,0.99777544
1,1,1.0,2.763102e-11,1.0
1,1,1.0,2.763102e-11,1.0
1,1,1.0,2.763102e-11,1.0
0,0,0.99999994,1.0808614e-06,0.9999999
1,1,0.952309,0.19165954,0.904618
1,0,0.99985236,0.001449805,0.9997047
0,0,1.0,7.123271e-09,1.0
1,1,0.9999999,2.0196896e-06,0.99999976
1,0,0.8261262,0.4619757,0.65225244
0,0,1.0,3.1371075e-10,1.0
0,0,0.9989323,0.008372429,0.9978646
0,0,1.0,3.0615166e-10,1.0
1,1,0.8264185,0.4615199,0.65283704
0,0,1.0,3.3264388e-10,1.0
0,0,0.9887396,0.06171602,0.9774792
1,1,1.0,2.763102e-11,1.0
1,1,0.9565404,0.17878722,0.9130808
0,0,0.98578066,0.07459471,0.9715613
1,1,0.88386,0.35916305,0.76772
1,1,0.9995546,0.0038824438,0.99910915
1,1,0.7899072,0.5140796,0.57981443
1,1,1.0,2.763102e-11,1.0
1,0,1.0,2.763102e-11,1.0
0,1,0.84509236,0.43112826,0.6901847
1,1,0.93842673,0.23127466,0.87685347
0,0,1.0,3.021133e-09,1.0
1,1,1.0,2.763102e-11,1.0
0,0,0.99894774,0.008266746,0.9978955
1,1,0.93842673,0.23127466,0.87685347
0,0,0.9989471,0.008271191,0.99789417
0,0,1.0,4.7867205e-10,1.0
1,1,0.93842673,0.23127466,0.87685347
0,0,0.998936,0.00834726,0.997872
0,0,1.0,1.1215988e-08,1.0
1,1,0.99998915,0.00013485769,0.9999783
1,1,0.837838,0.44323763,0.675676
1,1,0.9994956,0.004333555,0.99899125
0,0,1.0,1.0328391e-08,1.0
1,1,0.82632464,0.46166635,0.6526493
0,0,0.99894804,0.00826466,0.9978961
0,0,0.9999534,0.0005116328,0.9999068
1,0,0.99561995,0.02815716,0.9912399
1,0,0.9998525,0.0014488637,0.99970496
0,0,1.0,2.6996447e-10,1.0
0,0,0.9989531,0.008230201,0.9979062
0,0,0.998943,0.00829952,0.99788594
1,1,1.0,2.763102e-11,1.0
1,1,1.0,2.763102e-11,1.0
0,0,1.0,2.6616712e-10,1.0
1,1,0.93842673,0.23127466,0.87685347
1,0,0.9999994,8.975737e-06,0.9999988
1,0,0.6661918,0.6368428,0.33238363
1,1,0.9745242,0.11864536,0.9490484
1,1,1.0,2.763102e-11,1.0
0,0,1.0,1.792052e-08,1.0
1,1,1.0,2.763102e-11,1.0
0,0,1.0,1.7641201e-10,1.0
0,0,0.99895483,0.008218092,0.99790967
1,1,0.9876605,0.06649441,0.97532105
0,0,0.9989225,0.008439349,0.99784505
0,0,1.0,1.2176523e-07,1.0
0,0,1.0,2.763102e-11,1.0
1,1,1.0,2.763102e-11,1.0
0,0,1.0,8.05966e-09,1.0
1,1,0.99757785,0.017008089,0.9951557
0,0,0.99893713,0.008339714,0.99787426
1,1,0.99999285,9.189632e-05,0.9999857
1,0,0.9998525,0.0014488637,0.99970496
1,1,0.99387604,0.037310094,0.9877521
0,1,0.9999846,0.00018580566,0.99996924
1,1,0.98570246,0.074926056,0.9714049
0,0,1.0,2.763102e-11,1.0
1,1,0.9913487,0.04970792,0.98269737
1,1,0.99291223,0.042142674,0.98582447
1,1,0.980858,0.09468077,0.96171606
1,0,0.9850772,0.07755919,0.9701544
0,0,1.0,6.3037686e-10,1.0
1,1,1.0,2.763102e-11,1.0
0,0,0.88066655,0.36559483,0.7613331
1,1,0.99291295,0.042139143,0.9858259
1,0,0.66619027,0.63684386,0.33238053
0,0,1.0,3.1373146e-10,1.0
1,1,0.999977,0.00026871907,0.999954
0,0,0.9996803,0.0028927256,0.99936056
0,0,1.0,1.1541901e-09,1.0
1,1,0.58914113,0.6771696,0.17828226
1,1,0.99999976,3.87412e-06,0.9999995
0,0,0.9938081,0.037655465,0.9876162
0,0,0.71067035,0.60155034,0.42134073
0,0,1.0,2.763102e-11,1.0
0,0,1.0,3.3587075e-10,1.0
1,1,0.99448377,0.034185722,0.98896754
1,0,1.0,8.326194e-11,1.0
1,1,1.0,2.763102e-11,1.0
0,0,1.0,2.763102e-11,1.0
1,1,0.993722,0.03809202,0.98744404
1,0,0.9858002,0.074511915,0.9716004
0,0,0.994455,0.034335233,0.98890996
1,1,1.0,2.763102e-11,1.0
0,0,1.0,3.0132763e-10,1.0
1,1,0.9999999,2.0196896e-06,0.99999976
1,1,0.99999964,5.6661747e-06,0.9999993
1,1,0.993869,0.037345886,0.987738
0,0,1.0,7.903758e-09,1.0
1,1,0.992912,0.042143855,0.985824
1,1,0.993722,0.03809202,0.98744404
0,0,1.0,2.763102e-11,1.0
0,0,0.99891067,0.00852026,0.99782133
1,0,0.87777776,0.37132943,0.7555555
1,1,1.0,2.763102e-11,1.0
1,0,0.99317956,0.040816396,0.9863591
1,1,1.0,2.763102e-11,1.0
0,0,0.8175972,0.47501746,0.6351944
1,1,0.8538125,0.4160385,0.70762503
0,0,0.99892604,0.008415271,0.9978521
1,0,1.0,2.442789e-10,1.0
0,0,0.99985224,0.0014511521,0.9997045
1,1,0.99387604,0.037310094,0.9877521
1,0,0.99999994,7.9483357e-07,0.9999999
1,1,0.9382497,0.2317566,0.8764994
1,1,0.9999887,0.00014029833,0.99997735
1,1,0.99993277,0.00071317144,0.99986553
1,1,0.99998724,0.00015650294,0.9999745
1,1,1.0,2.763102e-11,1.0
1,1,1.0,2.763102e-11,1.0
1,0,0.6661918,0.6368428,0.33238363
1,0,0.99899626,0.007932929,0.9979925
1,0,0.9999999,2.0664409e-06,0.99999976
0,0,1.0,2.6767981e-09,1.0
1,0,0.9999423,0.00062086893,0.9998846
1,1,1.0,2.763102e-11,1.0
1,0,0.9998218,0.0017166391,0.99964356
0,0,0.9989349,0.00835472,0.99786985
0,0,0.99999994,1.5089738e-06,0.9999999
0,0,0.9725161,0.12588397,0.94503224
0,0,1.0,3.0836825e-10,1.0
1,1,0.99173427,0.047870934,0.98346853
1,1,0.993722,0.03809202,0.98744404
1,1,1.0,2.763102e-11,1.0
0,0,0.99999994,6.657853e-07,0.9999999
1,1,0.99999976,3.87412e-06,0.9999995
1,1,1.0,2.763102e-11,1.0
1,1,0.96506804,0.15148874,0.9301361
0,0,0.9850841,0.07753028,0.97016823
0,0,0.9999878,0.00015049672,0.99997556
0,0,1.0,2.763102e-11,1.0
1,0,0.8374514,0.44387197,0.6749028
0,0,0.949777,0.19917127,0.899554
1,1,1.0,2.763102e-11,1.0
1,0,0.99999994,1.3820982e-06,0.9999999
1,1,1.0,2.763102e-11,1.0
1,0,0.87705076,0.37276027,0.7541015
1,1,1.0,2.763102e-11,1.0
0,0,0.9977308,0.016082231,0.9954616
1,0,1.0,3.0705796e-10,1.0
0,0,1.0,3.433742e-10,1.0
0,0,0.9844183,0.08030541,0.96883655
0,0,1.0,2.8636915e-09,1.0
0,0,1.0,5.7666075e-08,1.0
1,1,0.8428559,0.4349037,0.68571174
1,1,0.99998724,0.00015650294,0.9999745
1,1,0.9975763,0.017017419,0.9951526
1,1,0.93842673,0.23127466,0.87685347
0,0,1.0,8.0271156e-10,1.0
0,0,1.0,4.7538096e-10,1.0
1,1,1.0,2.763102e-11,1.0
1,0,0.99961513,0.0034107915,0.99923027
1,1,1.0,2.763102e-11,1.0
0,0,1.0,6.393795e-08,1.0
1,0,0.99971414,0.0026183203,0.9994283
1,1,0.99999964,5.6661747e-06,0.9999993
1,1,1.0,2.763102e-11,1.0
0,0,1.0,1.5677649e-09,1.0
0,0,0.99895006,0.008250844,0.9979001
0,1,0.9999511,0.000534027,0.99990225
1,0,0.9995256,0.004104921,0.9990512
1,1,0.9990651,0.0074554486,0.9981302
1,0,0.9948673,0.032179724,0.98973465
1,0,1.0,3.0794218e-11,1.0
0,0,0.99891067,0.00852035,0.99782133
1,1,0.83381206,0.44978988,0.6676241
1,1,1.0,2.763102e-11,1.0
1,1,1.0,2.763102e-11,1.0
0,0,0.969576,0.13621293,0.939152
1,1,0.9999999,2.0196896e-06,0.99999976
1,1,0.99999917,1.2514034e-05,0.99999833
1,1,0.93842673,0.23127466,0.87685347
1,1,0.93808895,0.23219377,0.8761779
0,1,0.95732594,0.1763513,0.9146519
1,1,0.9999999,2.0196896e-06,0.99999976
0,0,0.8308687,0.45450604,0.66173744
1,0,0.99999946,8.348168e-06,0.9999989
0,0,1.0,1.3651349e-07,1.0
1,1,1.0,2.763102e-11,1.0
0,0,1.0,3.351943e-10,1.0
0,0,0.99985224,0.0014507996,0.9997045
1,0,0.8923225,0.3416319,0.78464496
0,0,0.9933508,0.039961223,0.9867016
1,1,0.99999976,3.87412e-06,0.9999995
0,0,0.99894375,0.008294098,0.9978875
0,0,1.0,3.0601375e-09,1.0
1,1,1.0,2.763102e-11,1.0
0,0,1.0,2.763102e-11,1.0
1,1,0.93842673,0.23127466,0.87685347
1,1,1.0,2.763102e-11,1.0
1,1,1.0,2.763102e-11,1.0
1,0,1.0,6.9556604e-11,1.0
0,0,1.0,2.057443e-09,1.0
1,1,0.99993515,0.0006902231,0.9998703
0,0,0.9999053,0.000972332,0.9998106
1,0,0.7763053,0.53154457,0.55261064
0,0,0.9998522,0.0014516041,0.99970436
0,0,0.99895805,0.008196017,0.9979161
1,1,1.0,2.763102e-11,1.0
1,1,0.9999995,7.417722e-06,0.99999905
1,1,0.9837249,0.08316477,0.9674498
0,0,0.9989045,0.008562088,0.99780905
1,0,0.5155388,0.6926642,0.031077623
1,0,1.0,8.371187e-10,1.0
0,0,0.97284293,0.12471648,0.94568586
1,1,0.9999999,2.0196896e-06,0.99999976
0,0,0.998954,0.00822387,0.997908
1,1,0.97556406,0.1148338,0.9511281
1,1,1.0,2.763102e-11,1.0
0,0,1.0,2.763102e-11,1.0
1,1,0.93842673,0.23127466,0.87685347
1,1,0.9999999,2.0196896e-06,0.99999976
1,1,0.9902192,0.054991953,0.98043835
1,1,1.0,2.763102e-11,1.0
0,0,1.0,3.4747016e-10,1.0
0,1,0.99928075,0.005924415,0.9985615
0,0,0.9989411,0.008312108,0.99788225
0,0,1.0,9.9547e-10,1.0
0,0,0.99895805,0.008196136,0.9979161
0,0,0.9999536,0.00050920073,0.99990726
1,0,0.85737985,0.40969145,0.7147597
1,0,1.0,2.763102e-11,1.0
1,1,0.99998724,0.00015650294,0.9999745
1,1,1.0,2.763102e-11,1.0
0,0,1.0,3.3860897e-07,1.0
1,1,0.99969006,0.0028139718,0.9993801
0,0,1.0,7.607877e-10,1.0
0,1,0.99833316,0.01232796,0.9966663
1,1,0.9978951,0.015076075,0.99579024
1,0,0.5774064,0.6811154,0.15481284
1,1,1.0,2.763102e-11,1.0
0,0,0.99265504,0.043409098,0.9853101
1,1,1.0,2.763102e-11,1.0
0,0,1.0,3.3673042e-10,1.0
0,0,1.0,1.3732654e-09,1.0
0,0,1.0,2.9206308e-09,1.0
1,0,0.6661918,0.6368428,0.33238363
0,0,1.0,6.0667155e-10,1.0
1,1,0.93842673,0.23127466,0.87685347
0,0,0.9999995,7.4686413e-06,0.99999905
1,0,0.92088264,0.2766084,0.8417653
1,1,0.8264185,0.4615199,0.65283704
1,1,1.0,2.763102e-11,1.0
1,1,0.93201226,0.24840248,0.8640245
0,0,0.9999998,3.336991e-06,0.99999964
1,1,1.0,2.763102e-11,1.0
0,0,0.9989402,0.008318424,0.99788046
1,1,0.9414587,0.22293484,0.8829174
1,1,0.99998724,0.00015650294,0.9999745
1,1,0.93842673,0.23127466,0.87685347
1,1,0.9999999,2.0196896e-06,0.99999976
0,0,1.0,4.148737e-10,1.0
1,1,1.0,2.763102e-11,1.0
1,1,0.993869,0.037345886,0.987738
0,0,1.0,2.763102e-11,1.0
0,0,0.9998522,0.001451614,0.99970436
0,0,0.9990866,0.0073052826,0.99817324
0,0,1.0,7.5300016e-10,1.0
1,0,0.97197485,0.12780896,0.9439497
1,1,0.99813795,0.013565299,0.9962759
1,1,0.9805628,0.09584062,0.9611256
1,1,1.0,2.763102e-11,1.0
0,0,0.99986315,0.0013543575,0.9997263
1,1,1.0,2.763102e-11,1.0
1,1,0.9968485,0.021298645,0.99369705
0,0,1.0,2.763102e-11,1.0
0,0,1.0,1.3525427e-09,1.0
0,0,1.0,4.2024836e-10,1.0
1,0,0.99899626,0.007932929,0.9979925
1,1,0.9950595,0.031163808,0.990119
1,0,1.0,2.763102e-11,1.0
0,0,1.0,4.5816648e-10,1.0
1,1,1.0,2.763102e-11,1.0
1,1,0.9999999,2.0196896e-06,0.99999976
1,0,0.8623245,0.4007213,0.72464895
0,0,0.99427736,0.035254177,0.9885547
1,1,0.93842673,0.23127466,0.87685347
1,1,1.0,2.763102e-11,1.0
1,0,0.802361,0.49711192,0.604722
1,1,0.633583,0.65702116,0.26716602
0,0,1.0,8.7555163e-10,1.0
0,0,1.0,1.6773367e-10,1.0
1,0,0.99969906,0.0027412851,0.9993981
0,0,0.99894416,0.008291499,0.9978883
1,0,0.9899301,0.056322556,0.9798602
0,0,0.9989601,0.00818207,0.99792016
1,1,0.6851484,0.62292767,0.37029684
0,0,1.0,2.5400153e-08,1.0
0,1,0.6811836,0.6259741,0.36236715
1,1,1.0,2.763102e-11,1.0
1,1,0.86705554,0.3919459,0.7341111
1,1,1.0,2.763102e-11,1.0
1,1,1.0,2.763102e-11,1.0
1,1,0.9999999,2.0196896e-06,0.99999976
0,0,0.997736,0.016050704,0.99547195
0,1,0.99998724,0.00015650294,0.9999745
0,0,1.0,1.4240438e-08,1.0
0,0,1.0,3.0548628e-10,1.0
0,0,0.9989644,0.008152252,0.99792886
0,0,0.99999934,9.987709e-06,0.9999987
1,1,0.9999999,2.0196896e-06,0.99999976
0,0,0.96930546,0.1371482,0.9386109
1,1,0.8354857,0.44708037,0.6709714
1,0,0.88621926,0.3543476,0.7724385
0,0,0.9998522,0.0014513307,0.99970436
1,0,0.9998219,0.0017157147,0.9996438
1,0,0.6661918,0.6368428,0.33238363
1,0,1.0,4.4457122e-09,1.0
1,0,0.99899626,0.007932929,0.9979925
1,1,0.9999987,1.9072222e-05,0.9999974
0,0,0.99999994,1.1945558e-06,0.9999999
0,1,0.9998845,0.0011627692,0.999769
0,0,0.7712635,0.5377451,0.54252696
1,1,0.9946654,0.03323928,0.98933077
1,0,1.0,1.7387883e-07,1.0
0,0,1.0,3.0248262e-09,1.0
1,1,1.0,2.763102e-11,1.0
0,0,0.99531174,0.029819053,0.9906235
1,1,1.0,2.763102e-11,1.0
0,0,0.998943,0.008299476,0.99788594
0,0,0.97104114,0.13110429,0.9420823
1,1,1.0,2.763102e-11,1.0
0,0,0.99982184,0.0017159636,0.9996437
1,0,0.99999994,7.9483357e-07,0.9999999
0,0,0.998913,0.008504661,0.997826
0,0,0.9989581,0.008195588,0.9979162
1,1,1.0,2.763102e-11,1.0
0,0,1.0,7.5842926e-10,1.0
1,0,0.8881541,0.3503573,0.7763082
1,1,0.9999999,2.0196896e-06,0.99999976
1,0,1.0,3.546869e-08,1.0
1,0,0.9949341,0.0318275,0.98986816
1,1,0.9999473,0.00057174725,0.9998946
1,1,0.99990964,0.0009317679,0.9998193
0,0,0.9999771,0.00026720815,0.9999542
0,0,0.99895006,0.008250836,0.9979001
1,1,0.98533535,0.07647537,0.9706707
1,1,0.9999567,0.0004780781,0.99991345
0,0,1.0,3.9088965e-10,1.0
1,1,0.9381823,0.23193999,0.8763646
0,0,1.0,4.7265447e-10,1.0
1,1,1.0,2.763102e-11,1.0
1,0,1.0,2.763102e-11,1.0
0,0,1.0,3.1199077e-10,1.0
1,1,0.82936186,0.4568966,0.6587237
1,1,0.8354857,0.44708037,0.6709714
1,0,0.9605609,0.16615745,0.92112184
1,1,0.8264185,0.4615199,0.65283704
1,1,0.97317535,0.123524845,0.9463507
0,0,1.0,2.8921837e-10,1.0
1,0,0.6661918,0.6368428,0.33238363
0,0,1.0,2.763102e-11,1.0
0,0,0.99998385,0.00019452213,0.9999677
1,1,1.0,2.763102e-11,1.0
0,0,0.99893755,0.00833677,0.9978751
1,1,0.6424938,0.6519698,0.28498757
1,1,0.93842673,0.23127466,0.87685347
0,0,0.9997344,0.0024523875,0.9994688
1,1,0.82751465,0.45980525,0.6550293
0,0,0.9998523,0.0014502984,0.9997046
0,0,0.9989604,0.0081802495,0.99792075
1,1,0.90411097,0.3159552,0.80822194
0,0,1.0,3.5117673e-10,1.0
1,1,0.9402474,0.2262862,0.88049483
1,0,0.99824136,0.012912396,0.99648273
1,0,0.999996,5.382432e-05,0.999992
0,0,1.0,4.6029533e-10,1.0
1,1,0.97908586,0.10157576,0.9581717
1,1,1.0,2.763102e-11,1.0
1,1,0.97928107,0.100824036,0.95856214
0,0,1.0,2.763102e-11,1.0
0,0,0.9878628,0.06560608,0.97572565
1,1,0.9999411,0.00063246145,0.9998822
1,1,0.93842673,0.23127466,0.87685347
1,1,0.9959078,0.026585575,0.99181557
0,0,0.99866855,0.010146847,0.9973371
1,1,0.999553,0.0038943987,0.99910605
0,0,0.9989562,0.00820869,0.9979124
0,0,0.99894226,0.00830427,0.9978845
0,0,1.0,5.3497407e-09,1.0
0,0,1.0,2.999724e-09,1.0
0,0,1.0,1.3192454e-09,1.0
1,1,0.9999995,7.417722e-06,0.99999905
1,1,0.8264185,0.4615199,0.65283704
0,0,1.0,3.5580555e-07,1.0
1,0,0.9999998,2.6679545e-06,0.99999964
1,1,1.0,2.763102e-11,1.0
1,1,0.999303,0.0057631796,0.99860597
0,0,1.0,8.043032e-09,1.0
0,0,0.9988722,0.008782115,0.99774444
1,1,0.95699996,0.17736396,0.9139999
0,0,0.9998522,0.0014516361,0.99970436
0,0,0.9998522,0.0014514585,0.99970436
1,0,0.9210615,0.27616912,0.84212303
0,0,1.0,3.0711197e-10,1.0
1,1,1.0,2.763102e-11,1.0
1,0,1.0,1.866027e-10,1.0
1,1,0.9999999,2.0196896e-06,0.99999976
1,0,0.99677104,0.021743782,0.9935421
1,1,0.99998724,0.00015650294,0.9999745
1,1,0.99770206,0.016256975,0.9954041
0,0,1.0,3.2462877e-10,1.0
1,1,1.0,2.763102e-11,1.0
1,1,0.9983032,0.012519425,0.99660635
1,1,0.99387604,0.037310094,0.9877521
1,1,1.0,2.763102e-11,1.0
1,0,0.9999997,4.678142e-06,0.9999994
0,1,0.99998605,0.00016988323,0.9999721
1,0,0.6661918,0.6368428,0.33238363
0,0,0.9989087,0.008533839,0.9978174
1,1,0.99298906,0.04176254,0.9859781
0,0,0.9576452,0.17535695,0.91529036
0,0,1.0,4.033437e-09,1.0
1,1,1.0,2.763102e-11,1.0
1,1,0.99999964,5.6661747e-06,0.9999993
0,0,0.9989558,0.00821167,0.9979116
1,0,0.9999997,4.502076e-06,0.9999994
0,0,1.0,3.6481088e-10,1.0
0,0,1.0,3.628099e-10,1.0
1,1,1.0,2.763102e-11,1.0
1,1,0.99387604,0.037310094,0.9877521
1,1,1.0,2.763102e-11,1.0
1,1,0.97556406,0.1148338,0.9511281
0,0,1.0,3.0368502e-10,1.0
1,1,0.9999926,9.471718e-05,0.9999852
0,0,0.9999999,1.7754654e-06,0.99999976
0,0,1.0,1.4021574e-09,1.0
1,1,0.9413363,0.22327478,0.88267255
0,0,1.0,4.6543808e-10,1.0
0,0,1.0,1.4918023e-09,1.0
0,0,0.99981934,0.0017377776,0.9996387
1,0,1.0,3.9013955e-11,1.0
0,0,1.0,1.4888171e-07,1.0
1,1,1.0,2.763102e-11,1.0
0,0,1.0,2.7444569e-09,1.0
1,1,0.9874865,0.067255944,0.97497296
1,1,1.0,2.763102e-11,1.0
1,1,0.99987435,0.001254201,0.9997487
1,0,0.99982196,0.001714989,0.9996439
1,0,1.0,2.763102e-11,1.0
0,0,0.9789499,0.10209816,0.9578998
1,1,0.9572696,0.17652646,0.9145392
0,0,0.998948,0.008265213,0.99789596
1,1,0.93842673,0.23127466,0.87685347
1,1,0.9077237,0.3077729,0.81544745
1,0,1.0,2.763102e-11,1.0
1,0,0.9997834,0.0020440842,0.9995668
1,1,0.99999917,1.2514034e-05,0.99999833
1,1,1.0,2.763102e-11,1.0
0,0,1.0,3.101728e-10,1.0
1,0,0.8329032,0.45125282,0.6658064
0,0,1.0,2.763102e-11,1.0
0,0,0.9995377,0.004012257,0.9990754
1,1,1.0,2.763102e-11,1.0
1,1,0.93842673,0.23127466,0.87685347
0,0,1.0,3.0914066e-10,1.0
1,1,1.0,2.763102e-11,1.0
1,1,1.0,2.763102e-11,1.0
1,1,1.0,2.763102e-11,1.0
1,1,0.93842673,0.23127466,0.87685347
1,1,1.0,2.763102e-11,1.0
0,0,1.0,1.0603912e-09,1.0
1,0,0.6320313,0.6578657,0.26406267
0,0,1.0,3.167189e-10,1.0
0,0,1.0,1.9858917e-09,1.0
0,0,0.8988693,0.32756037,0.79773855
0,0,0.998839,0.009006725,0.99767804
1,1,1.0,2.763102e-11,1.0
0,0,1.0,4.0803205e-10,1.0
1,1,1.0,2.763102e-11,1.0
0,0,1.0,3.1969494e-10,1.0
0,0,1.0,2.8836303e-10,1.0
1,1,0.8132619,0.48145843,0.62652385
0,0,0.99828136,0.01265841,0.9965627
1,1,0.9423456,0.2204641,0.88469124
0,0,0.999094,0.007253472,0.998188
1,1,0.75896996,0.55226433,0.5179399
0,0,0.99871063,0.009867341,0.99742126
1,1,1.0,2.763102e-11,1.0
0,0,1.0,2.1036701e-08,1.0
1,0,1.0,1.1637206e-09,1.0
1,1,0.99626344,0.024615385,0.9925269
1,1,1.0,2.763102e-11,1.0
1,1,0.9357941,0.23838665,0.87158823
0,0,0.99763536,0.01666099,0.9952707
1,1,0.9044803,0.31512576,0.80896056
0,0,0.9989462,0.008277526,0.9978924
1,0,0.9999999,1.6292857e-06,0.99999976
0,0,0.99887073,0.0087921545,0.99774146
1,0,0.9999994,9.3477865e-06,0.9999988
1,0,1.0,1.3957011e-09,1.0
1,0,0.9998205,0.0017280771,0.99964094
0,0,0.99999994,1.0059401e-06,0.9999999
0,0,0.99995,0.00054512837,0.9999
0,0,1.0,1.4035769e-09,1.0
1,1,1.0,2.763102e-11,1.0
0,0,1.0,2.763102e-11,1.0
0,0,0.9999844,0.00018858623,0.99996877
1,1,1.0,2.763102e-11,1.0
1,1,1.0,2.763102e-11,1.0
1,1,0.96414864,0.1545276,0.9282973
1,1,0.9999994,9.1391485e-06,0.9999988
1,1,0.9936041,0.038687997,0.98720825
1,1,0.99718565,0.019339146,0.9943713
0,0,0.9997834,0.0020440842,0.9995668
0,0,1.0,4.3527756e-10,1.0
0,0,1.0,3.0570232e-10,1.0
1,1,0.93842673,0.23127466,0.87685347
1,1,1.0,2.763102e-11,1.0
1,0,1.0,4.860512e-09,1.0
0,0,1.0,1.0634913e-07,1.0
1,0,0.5524839,0.6876279,0.10496786
1,1,0.9940036,0.036659572,0.9880072
0,0,1.0,2.763102e-11,1.0
0,0,0.9989326,0.008370531,0.9978652
1,1,0.9966558,0.022402184,0.99331164
1,1,0.9999995,7.417722e-06,0.99999905
0,0,0.9517497,0.19333085,0.90349936
1,1,0.99611133,0.025461987,0.99222267
1,1,1.0,2.763102e-11,1.0
1,0,0.5623869,0.6853426,0.12477374
1,1,1.0,2.763102e-11,1.0
0,0,0.9989569,0.008203895,0.99791384
0,0,1.0,2.763102e-11,1.0
0,0,0.9999777,0.0002609092,0.9999554
0,0,1.0,6.0047434e-10,1.0
0,0,0.9989543,0.008221785,0.9979086
1,1,1.0,2.763102e-11,1.0
1,1,1.0,2.763102e-11,1.0
0,0,0.9989226,0.008439003,0.9978452
1,1,0.99999535,6.1735394e-05,0.9999907
1,1,0.9943792,0.034727804,0.98875844
1,1,1.0,2.763102e-11,1.0
0,0,1.0,4.891644e-09,1.0
1,1,0.99999976,3.87412e-06,0.9999995
0,1,0.59685564,0.674266,0.19371128
1,1,0.99957854,0.0036969027,0.9991571
0,0,0.99985117,0.0014604364,0.99970233
1,1,1.0,2.763102e-11,1.0
0,0,1.0,3.0998087e-10,1.0
1,1,1.0,2.763102e-11,1.0
1,0,0.99999964,5.6355284e-06,0.9999993
0,0,1.0,2.7506458e-10,1.0
0,0,1.0,2.8013467e-10,1.0
0,0,1.0,2.763102e-11,1.0
1,1,0.9999995,7.417722e-06,0.99999905
0,0,0.99985117,0.0014604131,0.99970233
1,1,0.9978815,0.01516013,0.99576294
0,0,0.999988,0.00014804465,0.99997604
1,1,0.99999523,6.319763e-05,0.99999046
0,0,1.0,2.763102e-11,1.0
1,1,0.9995783,0.0036987553,0.9991566
0,0,0.9989311,0.008380797,0.9978622
1,0,1.0,1.753708e-08,1.0
0,0,0.9988948,0.008628391,0.9977896
0,0,1.0,1.2582646e-09,1.0
0,0,1.0,2.763102e-11,1.0
0,0,0.54576576,0.6889523,0.091531485
0,0,1.0,2.6369595e-09,1.0
1,1,1.0,2.763102e-11,1.0
1,1,1.0,2.763102e-11,1.0
1,1,0.989739,0.057197444,0.979478
1,1,0.98240167,0.08853896,0.96480334
1,1,0.9999999,2.0196896e-06,0.99999976
0,0,0.99999994,5.9834395e-07,0.9999999
1,0,0.99999845,2.2307431e-05,0.9999969
1,0,0.99982196,0.0017151665,0.9996439
1,0,0.99999994,7.405562e-07,0.9999999
1,1,0.96939063,0.13685405,0.93878126
0,0,1.0,8.010259e-09,1.0
0,0,0.9989391,0.008326063,0.9978782
1,1,0.999863,0.0013554243,0.99972606
0,0,1.0,2.763102e-11,1.0
1,1,0.9998172,0.0017562285,0.9996344
0,0,0.99894714,0.008270979,0.9978943
1,0,0.91561747,0.2893447,0.83123493
1,1,0.993869,0.037345886,0.987738
1,1,0.9948415,0.032315474,0.98968303
0,0,0.9989439,0.008293133,0.99788785
1,1,0.943385,0.21755014,0.88677
1,0,0.6661918,0.6368428,0.33238363
0,0,0.99888444,0.008699033,0.9977689
1,0,1.0,3.369564e-11,1.0
1,1,0.9999999,2.0196896e-06,0.99999976
0,0,0.99896055,0.00817889,0.9979211
0,0,0.9998522,0.0014514487,0.99970436
0,0,1.0,6.223206e-10,1.0
0,0,1.0,3.3615603e-07,1.0
1,1,0.6444216,0.6508317,0.28884315
0,0,0.99895966,0.008185077,0.9979193
1,1,0.9498613,0.19892347,0.8997226
1,1,0.99999976,3.87412e-06,0.9999995
1,1,1.0,2.763102e-11,1.0
1,1,0.99964,0.0032146173,0.99928
0,0,0.99985117,0.0014604364,0.99970233
1,1,1.0,2.763102e-11,1.0
0,0,1.0,7.260243e-10,1.0
1,0,0.9993606,0.0053419764,0.99872124
1,0,1.0,2.763102e-11,1.0
1,1,1.0,2.763102e-11,1.0
0,0,1.0,4.4244397e-10,1.0
1,1,0.999881,0.0011940597,0.99976206
1,1,0.99999976,3.87412e-06,0.9999995
1,1,0.9714343,0.12972051,0.9428686
0,1,0.9998963,0.0010551502,0.9997926
1,1,0.995738,0.027514812,0.99147606
0,0,0.995196,0.03043782,0.99039197
1,1,0.93842673,0.23127466,0.87685347
0,0,0.9985159,0.011148771,0.9970318
1,1,0.93842673,0.23127466,0.87685347
0,0,0.9998522,0.0014513595,0.99970436
0,0,0.99978346,0.0020434733,0.9995669
0,0,0.9989375,0.008337247,0.997875
0,0,0.99824154,0.012911395,0.9964831
1,0,0.9998524,0.0014493336,0.99970484
0,0,1.0,1.1592388e-09,1.0
1,1,0.61903334,0.6645354,0.23806667
0,0,1.0,4.7530263e-10,1.0
0,0,0.99998254,0.00020881355,0.9999651
0,0,1.0,2.118558e-08,1.0
1,1,0.5014542,0.69314295,0.002908349
1,0,0.9968683,0.021184735,0.9937366
0,0,0.9999995,7.2758444e-06,0.99999905
0,0,0.9849793,0.077969216,0.96995854
0,0,1.0,2.763102e-11,1.0
0,0,1.0,8.558581e-09,1.0
0,0,1.0,3.0467162e-10,1.0
1,1,0.99999964,5.6661747e-06,0.9999993
0,0,1.0,2.763102e-11,1.0
0,0,1.0,3.674776e-10,1.0
1,1,0.99998724,0.00015650294,0.9999745
1,1,1.0,2.763102e-11,1.0
1,1,0.8354857,0.44708037,0.6709714
1,1,0.99982834,0.0016599486,0.9996567
0,0,0.9999501,0.0005442939,0.9999002
1,1,0.96891487,0.13849421,0.93782973
1,1,0.8264185,0.4615199,0.65283704
1,0,0.9997583,0.0022545552,0.9995166
0,0,1.0,8.744097e-10,1.0
1,1,0.99063325,0.053070985,0.9812665
1,1,0.9748755,0.11736261,0.949751
0,0,0.99999964,5.7292687e-06,0.9999993
0,0,0.9989169,0.00847784,0.99783385
1,0,0.61551106,0.666219,0.23102209
1,1,0.99387604,0.037310094,0.9877521
0,0,1.0,2.103464e-08,1.0
0,0,1.0,4.8740416e-09,1.0
1,0,0.80891246,0.48779607,0.6178249
1,1,0.99999976,3.87412e-06,0.9999995
0,0,1.0,7.3633557e-09,1.0
0,0,0.50013006,0.6931472,0.00026008487
0,0,0.6631151,0.6389476,0.32623017
1,1,0.9998754,0.0012445599,0.99975085
0,0,1.0,2.6488542e-10,1.0
0,0,1.0,2.763102e-11,1.0
1,1,1.0,2.763102e-11,1.0
1,1,0.993869,0.037345886,0.987738
1,1,0.9999943,7.4793905e-05,0.99998856
1,1,0.93842673,0.23127466,0.87685347
1,1,0.98949987,0.058287278,0.97899973
1,1,1.0,2.763102e-11,1.0
0,0,0.9989447,0.008287732,0.9978894
0,0,1.0,9.553808e-10,1.0
0,0,1.0,2.763102e-11,1.0
0,0,1.0,2.763102e-11,1.0
0,0,1.0,1.1212327e-09,1.0
1,0,0.67648923,0.6294875,0.35297847
1,1,1.0,2.763102e-11,1.0
0,0,0.9989065,0.008548751,0.997813
0,0,0.96687603,0.14543912,0.93375206
1,1,0.9954466,0.029094288,0.99089324
1,1,0.93842673,0.23127466,0.87685347
1,0,0.56530094,0.6845944,0.13060191
0,0,1.0,4.8664595e-10,1.0
0,0,0.95946074,0.1696542,0.9189215
0,0,0.9989505,0.008247958,0.99790096
1,1,0.9999999,2.0196896e-06,0.99999976
1,1,0.993869,0.037345886,0.987738
0,0,0.99892116,0.008448904,0.9978423
1,0,0.71895266,0.5939398,0.43790528
1,1,1.0,2.763102e-11,1.0
0,0,1.0,3.0430636e-10,1.0
1,1,0.99999976,3.87412e-06,0.9999995
1,1,1.0,2.763102e-11,1.0
0,0,0.9999997,4.452533e-06,0.9999994
1,1,0.9444561,0.21452613,0.8889122
1,1,0.86966866,0.3870161,0.7393373
1,1,0.99894553,0.008281978,0.99789107
0,0,0.78847075,0.5159758,0.5769415
0,0,0.9999998,2.9618607e-06,0.99999964
1,1,1.0,2.763102e-11,1.0
1,1,0.98268926,0.087379806,0.9653785
0,0,0.9998207,0.0017261505,0.9996414
1,0,0.9999999,1.9173233e-06,0.99999976
1,0,0.999822,0.0017144604,0.99964404
0,0,0.99763745,0.01664846,0.9952749
0,0,0.99985117,0.0014604364,0.99970233
1,1,0.9999614,0.0004311044,0.99992275
0,0,1.0,2.6497264e-09,1.0
0,0,0.9998522,0.0014512977,0.99970436
1,1,1.0,2.763102e-11,1.0
0,0,0.99870235,0.009922584,0.9974047
1,1,1.0,2.763102e-11,1.0
1,1,1.0,2.763102e-11,1.0
1,1,1.0,2.763102e-11,1.0
0,0,0.9999493,0.0005524604,0.99989855
1,0,1.0,2.763102e-11,1.0
0,0,0.99961156,0.003439009,0.9992231
0,0,0.9989396,0.008322662,0.99787915
1,1,0.93842673,0.23127466,0.87685347
0,0,1.0,5.0355253e-09,1.0
0,0,0.99985224,0.0014511312,0.9997045
0,0,1.0,4.0177497e-10,1.0
1,1,1.0,2.763102e-11,1.0
0,0,1.0,2.763102e-11,1.0
0,0,0.9750709,0.11664702,0.9501418
0,0,0.9989296,0.008390887,0.99785924
1,1,0.99186057,0.047265306,0.98372114
1,1,0.993869,0.037345886,0.987738
1,0,1.0,1.9123285e-10,1.0
1,1,0.9921916,0.045668464,0.9843832
1,1,0.9419226,0.22164431,0.8838452
1,1,1.0,2.763102e-11,1.0
1,1,0.9437571,0.21650203,0.88751423
0,0,1.0,2.763102e-11,1.0
1,1,0.9999999,2.0196896e-06,0.99999976
0,0,1.0,7.665882e-10,1.0
1,1,0.995449,0.029081443,0.990898
0,0,1.0,1.3241375e-07,1.0
1,1,0.9999999,2.0196896e-06,0.99999976
1,0,1.0,1.753708e-08,1.0
0,0,1.0,4.6220905e-10,1.0
0,0,0.9989293,0.008393091,0.99785864
1,1,0.9999901,0.00012391254,0.9999802
1,0,0.99899626,0.007932929,0.9979925
0,0,1.0,4.3725307e-10,1.0
0,0,0.99999833,2.3517483e-05,0.99999666
1,1,1.0,2.763102e-11,1.0
0,0,0.9988872,0.008680332,0.99777436
1,1,0.9999999,2.0196896e-06,0.99999976
0,0,1.0,2.763102e-11,1.0
0,0,0.999978,0.00025786765,0.999956
1,1,0.9303044,0.2528508,0.8606088
0,0,0.99503505,0.031293515,0.9900701
1,1,0.9948251,0.032401696,0.98965025
0,0,0.998926,0.0084157325,0.99785197
0,0,0.9989238,0.008430872,0.99784756
1,1,0.93842673,0.23127466,0.87685347
1,0,0.69034266,0.61882615,0.38068536
0,0,1.0,4.9320853e-10,1.0
1,1,1.0,2.763102e-11,1.0
1,1,1.0,2.763102e-11,1.0
1,1,0.8264185,0.4615199,0.65283704
1,1,0.993869,0.037345886,0.987738
0,0,0.99893475,0.008355871,0.9978695
0,0,1.0,9.559187e-10,1.0
1,1,1.0,2.763102e-11,1.0
0,0,1.0,2.763102e-11,1.0
0,1,0.999907,0.00095615094,0.99981403
1,1,0.99999976,3.87412e-06,0.9999995
0,0,0.9989444,0.008289771,0.9978888
1,1,0.93842673,0.23127466,0.87685347
1,1,0.9999933,8.623048e-05,0.99998665
0,0,1.0,2.763102e-11,1.0
1,1,0.996357,0.024091478,0.99271405
1,1,0.99983656,0.0015884351,0.9996731
1,1,1.0,2.763102e-11,1.0
0,0,0.9923679,0.044812255,0.98473585
0,0,1.0,4.067769e-07,1.0
1,1,0.99387604,0.037310094,0.9877521
0,0,1.0,6.732914e-10,1.0
1,0,0.94450253,0.21439457,0.88900506
1,1,0.9937184,0.038110435,0.9874368
1,1,0.6618246,0.63981783,0.32364917
1,1,0.9999982,2.5452973e-05,0.9999964
0,0,1.0,2.1209319e-09,1.0
1,1,0.9999994,9.1391485e-06,0.9999988
1,1,0.9985273,0.011074663,0.9970546
1,0,0.99999976,3.8098892e-06,0.9999995
1,0,0.9999999,2.1096455e-06,0.99999976
1,1,0.999998,2.8593053e-05,0.99999595
1,1,0.97913957,0.101369135,0.95827913
1,1,1.0,2.763102e-11,1.0
1,1,0.9999994,9.1391485e-06,0.9999988
0,0,0.9989383,0.008331485,0.99787664
0,0,0.9998521,0.0014518003,0.99970424
1,0,0.9999995,7.789842e-06,0.99999905
1,0,0.80861294,0.48822796,0.6172259
0,0,0.99939036,0.0051222304,0.9987807
0,0,0.99601585,0.025990492,0.9920317
1,0,0.9443104,0.21493864,0.88862085
1,0,0.97338104,0.12278539,0.9467621
1,1,0.95157385,0.19385481,0.9031477
1,1,0.8772072,0.37245274,0.75441444
1,1,0.9937184,0.038110435,0.9874368
0,0,0.99999994,8.8481295e-07,0.9999999
1,1,0.79429114,0.5082155,0.5885823
0,0,1.0,5.5018345e-10,1.0
0,0,1.0,2.763102e-11,1.0
1,1,0.9656817,0.1494466,0.93136334
1,1,0.9999999,2.0196896e-06,0.99999976
0,0,1.0,1.7580484e-09,1.0
0,0,0.9999993,1.0651423e-05,0.99999857
1,1,0.9824981,0.088150784,0.9649962
0,0,1.0,2.763102e-11,1.0
0,0,1.0,4.8927656e-10,1.0
1,1,0.9999999,2.0196896e-06,0.99999976
1,1,0.9999989,1.581984e-05,0.99999785
1,1,0.9937184,0.038110435,0.9874368
0,0,0.99888855,0.008671118,0.9977771
0,0,0.9999881,0.0001467672,0.99997616
1,1,0.5438912,0.68928933,0.08778238
1,0,1.0,6.567418e-11,1.0
0,0,1.0,3.6625913e-10,1.0
1,1,0.93917567,0.22922972,0.87835133
1,1,0.9816373,0.09159675,0.9632746
1,1,0.993869,0.037345886,0.987738
1,1,1.0,2.763102e-11,1.0
1,1,0.993722,0.03809202,0.98744404
0,0,0.99241453,0.044585273,0.98482907
0,0,1.0,3.247364e-10,1.0
0,0,0.9987822,0.00938908,0.99756444
0,0,1.0,8.490975e-10,1.0
1,1,1.0,2.763102e-11,1.0
1,1,0.9128734,0.29583895,0.8257468
0,0,0.99999577,5.6681518e-05,0.99999154
1,1,0.99999976,3.87412e-06,0.9999995
0,0,1.0,4.3313095e-10,1.0
1,1,1.0,2.763102e-11,1.0
1,0,0.99999934,9.63773e-06,0.9999987
1,1,0.52643836,0.69174856,0.05287671
1,1,0.99998724,0.00015650294,0.9999745
0,0,1.0,3.6106507e-10,1.0
0,0,0.9999981,2.6783999e-05,0.9999962
0,0,0.99919546,0.00653681,0.9983909
0,0,1.0,4.340723e-09,1.0
1,1,0.99999964,5.6661747e-06,0.9999993
1,1,0.9805628,0.09584062,0.9611256
1,1,1.0,2.763102e-11,1.0
0,1,0.999977,0.00026871907,0.999954
0,0,1.0,1.0470995e-08,1.0
1,1,0.9404787,0.22564837,0.88095737
0,0,0.9989625,0.008165572,0.99792504
0,0,0.9999877,0.00015083708,0.99997544
0,0,1.0,2.763102e-11,1.0
1,1,0.9999999,2.0196896e-06,0.99999976
1,1,0.99387604,0.037310094,0.9877521
1,1,0.993869,0.037345886,0.987738
0,0,0.99762493,0.016723992,0.99524987
1,1,0.738137,0.5749966,0.476274
1,1,0.93842673,0.23127466,0.87685347
0,0,1.0,1.8073601e-08,1.0
0,0,0.9989109,0.008518614,0.9978218
1,1,0.99387604,0.037310094,0.9877521
0,0,1.0,5.87721e-09,1.0
0,0,0.998753,0.0095848795,0.997506
1,0,0.6257162,0.6611963,0.25143245
0,0,1.0,6.627564e-10,1.0
1,1,0.8847887,0.357274,0.7695774
1,0,0.99999994,1.1821181e-06,0.9999999
1,0,0.62933874,0.65930665,0.2586775
0,0,0.99895984,0.008183819,0.9979197
0,0,0.9456024,0.2112655,0.89120483
0,0,1.0,3.127923e-10,1.0
0,0,0.9989603,0.00818066,0.99792063
0,0,0.9989171,0.008476309,0.9978342
1,1,1.0,2.763102e-11,1.0
0,0,1.0,3.21819e-10,1.0
1,1,0.93842673,0.23127466,0.87685347
1,0,0.99999994,7.267528e-07,0.9999999
0,0,0.99950475,0.0042641303,0.9990095
1,0,1.0,7.6424544e-10,1.0
1,1,0.99999976,3.87412e-06,0.9999995
1,1,0.99387604,0.037310094,0.9877521
1,1,0.95906216,0.17091328,0.9181243
1,1,0.97650176,0.11135786,0.9530035
1,0,1.0,2.763102e-11,1.0
0,0,0.998951,0.008244399,0.99790204
1,1,0.9908552,0.052033678,0.98171043
0,0,0.99999374,8.139834e-05,0.9999875
1,1,1.0,2.763102e-11,1.0
1,1,0.9999999,2.0196896e-06,0.99999976
1,0,0.78779566,0.51686263,0.5755913
0,0,1.0,1.923562e-07,1.0
1,0,0.999355,0.005383106,0.99871004
0,0,0.998813,0.009182419,0.99762595
0,0,0.9998522,0.0014516361,0.99970436
1,0,1.0,1.6544573e-09,1.0
0,0,0.9867011,0.07066242,0.97340214
1,1,0.9396343,0.22797252,0.87926865
1,1,0.99387604,0.037310094,0.9877521
1,0,0.6661918,0.6368428,0.33238363
1,1,1.0,2.763102e-11,1.0
1,1,0.9999999,2.0196896e-06,0.99999976
0,0,0.9998205,0.0017280771,0.99964094
1,1,0.98939544,0.058761463,0.9787909
1,1,0.80553746,0.49262938,0.6110749
1,0,0.98886645,0.06114769,0.9777329
0,0,0.9999849,0.0001824968,0.99996984
1,1,0.93842673,0.23127466,0.87685347
1,1,0.9999995,7.417722e-06,0.99999905
1,1,1.0,2.763102e-11,1.0
1,1,1.0,2.763102e-11,1.0
0,0,0.9995528,0.0038963608,0.9991056
1,1,1.0,2.763102e-11,1.0
0,0,0.99891526,0.008489061,0.9978305
1,1,1.0,2.763102e-11,1.0
1,1,0.9965215,0.02316492,0.99304295
0,0,0.9989477,0.008267237,0.99789536
0,0,1.0,3.177507e-10,1.0
0,0,0.99894345,0.008296136,0.9978869
1,1,0.9999999,2.0196896e-06,0.99999976
0,0,1.0,1.4993619e-09,1.0
0,0,1.0,1.7517135e-07,1.0
1,1,0.99387604,0.037310094,0.9877521
0,0,1.0,8.443457e-09,1.0
0,0,1.0,2.9619293e-10,1.0
1,1,0.8779535,0.3709827,0.75590706
0,0,1.0,1.8509373e-07,1.0
1,1,0.99999857,2.0681588e-05,0.99999714
0,0,1.0,6.7907115e-09,1.0
1,1,0.99289954,0.04220541,0.9857991
1,1,0.93842673,0.23127466,0.87685347
1,1,0.7543669,0.5574866,0.50873375
1,0,0.80261475,0.4967562,0.6052295
0,0,1.0,3.0064295e-10,1.0
1,0,1.0,1.15637924e-07,1.0
1,1,0.9999999,2.0196896e-06,0.99999976
1,1,1.0,2.763102e-11,1.0
0,0,0.99985236,0.0014501198,0.9997047
1,1,1.0,2.763102e-11,1.0
1,0,0.99899626,0.007932929,0.9979925
1,1,1.0,2.763102e-11,1.0
1,1,1.0,2.763102e-11,1.0
1,1,0.9900052,0.05597766,0.9800104
1,0,0.9999999,1.7635272e-06,0.99999976
0,0,1.0,5.175662e-10,1.0
1,1,1.0,2.763102e-11,1.0
1,1,1.0,2.763102e-11,1.0
1,1,1.0,2.763102e-11,1.0
1,1,0.58914113,0.6771696,0.17828226
0,0,1.0,3.8370035e-10,1.0
0,0,0.9999998,3.0522463e-06,0.99999964
1,0,1.0,2.763102e-11,1.0
0,0,0.99999994,6.100394e-07,0.9999999
0,0,1.0,4.6758694e-11,1.0
1,1,0.9938974,0.037201453,0.98779476
0,0,1.0,4.2818546e-10,1.0
1,1,0.9951067,0.030913133,0.9902134
1,1,1.0,2.763102e-11,1.0
1,0,0.5738071,0.68221223,0.14761424
1,1,1.0,2.763102e-11,1.0
1,1,0.9999999,2.0196896e-06,0.99999976
1,1,1.0,2.763102e-11,1.0
0,0,0.9999987,1.916156e-05,0.9999974
1,0,0.5760121,0.68154657,0.15202415
0,0,1.0,9.591633e-10,1.0
1,1,0.69555914,0.6145802,0.3911183
1,0,0.99999964,5.484726e-06,0.9999993
0,0,0.99894917,0.008257143,0.99789834
1,1,0.8264185,0.4615199,0.65283704
0,0,0.9985746,0.010765205,0.9971492
0,0,1.0,4.3041076e-10,1.0
1,0,0.99999815,2.6142936e-05,0.9999963
0,0,1.0,2.763102e-11,1.0
1,1,1.0,2.763102e-11,1.0
1,1,0.7396944,0.5733763,0.47938883
1,1,0.8354857,0.44708037,0.6709714
0,0,0.9997271,0.0025125653,0.99945414
1,1,1.0,2.763102e-11,1.0
0,0,1.0,3.16969e-10,1.0
1,0,0.999822,0.0017146224,0.99964404
1,1,1.0,2.763102e-11,1.0
0,0,0.9995024,0.0042818654,0.99900484
0,0,1.0,2.763102e-11,1.0
1,1,1.0,2.763102e-11,1.0
1,1,1.0,2.763102e-11,1.0
1,0,0.6930994,0.61659825,0.3861988
1,1,1.0,2.763102e-11,1.0
1,0,1.0,2.763102e-11,1.0
1,1,0.93842673,0.23127466,0.87685347
0,0,0.9999544,0.0005014548,0.9999088
1,1,1.0,2.763102e-11,1.0
1,1,0.9999999,2.0196896e-06,0.99999976
1,1,0.93842673,0.23127466,0.87685347
1,1,0.8441688,0.432692,0.68833756
1,1,1.0,2.763102e-11,1.0
1,0,0.9998314,0.0016335112,0.99966276
1,1,0.999998,2.8593053e-05,0.99999595
1,1,0.9999999,2.0196896e-06,0.99999976
1,1,0.99370486,0.038178932,0.9874097
1,1,0.9936041,0.038687997,0.98720825
1,1,0.99999547,6.0270104e-05,0.99999094
0,0,0.99999845,2.251103e-05,0.9999969
1,1,1.0,2.763102e-11,1.0
1,0,1.0,1.3050269e-10,1.0
1,0,0.9789738,0.102006495,0.9579476
1,1,0.93842673,0.23127466,0.87685347
1,1,0.9999907,0.00011702566,0.9999814
0,0,0.9998523,0.0014502301,0.9997046
0,0,1.0,2.7839134e-10,1.0
1,1,0.9820238,0.090054825,0.96404755
1,1,0.99998724,0.00015650294,0.9999745
0,0,0.9951813,0.030516008,0.99036264
1,1,1.0,2.763102e-11,1.0
1,1,0.9999999,2.0196896e-06,0.99999976
1,1,1.0,2.763102e-11,1.0
0,0,1.0,2.6778005e-10,1.0
1,1,0.88571084,0.35538995,0.7714217
0,0,0.99996686,0.00037496228,0.9999337
1,0,1.0,3.8544784e-10,1.0
0,1,0.9486314,0.20252544,0.8972628
1,1,0.93842673,0.23127466,0.87685347
1,0,0.9966601,0.022377618,0.9933202
1,1,1.0,2.763102e-11,1.0
0,0,0.99895394,0.008224302,0.9979079
1,1,1.0,2.763102e-11,1.0
1,1,1.0,2.763102e-11,1.0
0,0,1.0,2.258008e-09,1.0
0,0,1.0,3.0151975e-10,1.0
0,0,0.99895704,0.008203108,0.9979141
0,0,1.0,2.763102e-11,1.0
1,1,0.9414587,0.22293484,0.8829174
0,0,1.0,2.8368388e-09,1.0
1,1,0.94097227,0.22428386,0.88194454
1,1,1.0,2.763102e-11,1.0
0,0,0.9921318,0.045957856,0.98426366
1,1,0.99991643,0.000868234,0.99983287
1,1,0.9937184,0.038110435,0.9874368
1,0,0.99999976,4.1185226e-06,0.9999995
1,1,1.0,2.763102e-11,1.0
1,1,0.7499322,0.5624096,0.49986446
0,0,0.9991128,0.0071214815,0.99822557
1,1,0.9999988,1.7452001e-05,0.9999976
1,0,0.99899626,0.007932929,0.9979925
1,1,0.9999999,2.0196896e-06,0.99999976
1,1,0.9999993,1.0836571e-05,0.99999857
0,0,0.99893814,0.008332462,0.9978763
1,1,0.9434493,0.21736917,0.88689864
0,0,1.0,2.763102e-11,1.0
0,0,0.9999983,2.433168e-05,0.99999654
1,1,1.0,2.763102e-11,1.0
1,1,0.9954164,0.02925699,0.9908328
0,0,1.0,2.8200042e-10,1.0
0,0,1.0,4.0032427e-10,1.0
0,0,1.0,2.763102e-11,1.0
0,0,0.99823445,0.012956344,0.9964689
1,1,0.875208,0.37636518,0.75041604
1,1,1.0,2.763102e-11,1.0
1,0,0.99999577,5.632348e-05,0.99999154
1,0,0.63340724,0.65711737,0.26681444
0,0,0.9909031,0.051809214,0.98180616
1,1,1.0,2.763102e-11,1.0
0,0,1.0,2.763102e-11,1.0
1,1,0.99999976,3.87412e-06,0.9999995
1,1,1.0,2.763102e-11,1.0
1,0,0.99999994,7.0240316e-07,0.9999999
1,1,0.9999999,2.0196896e-06,0.99999976
1,1,0.93842673,0.23127466,0.87685347
1,1,0.9999999,2.0196896e-06,0.99999976
0,0,0.9989553,0.008215004,0.9979106
0,0,0.99931115,0.0057038795,0.9986223
0,0,0.99999994,1.0661258e-06,0.9999999
0,0,0.9989349,0.0083546415,0.99786985
1,1,1.0,2.763102e-11,1.0
1,1,1.0,2.763102e-11,1.0
0,0,0.99889356,0.008636953,0.9977871
1,1,0.99387604,0.037310094,0.9877521
1,1,0.86705554,0.3919459,0.7341111
1,1,1.0,2.763102e-11,1.0
1,0,0.99978524,0.002028623,0.9995705
1,1,1.0,2.763102e-11,1.0
0,0,0.99895406,0.008223646,0.9979081
0,0,1.0,5.903376e-10,1.0
1,0,0.99899626,0.007932929,0.9979925
0,0,0.94554365,0.21143329,0.8910873
1,1,0.9999999,2.0196896e-06,0.99999976
1,0,0.83986855,0.4398878,0.6797371
1,0,1.0,1.0607555e-09,1.0
1,1,1.0,2.763102e-11,1.0
1,1,0.9956864,0.02779601,0.9913728
0,0,0.9998522,0.0014512977,0.99970436
0,0,1.0,3.1800335e-10,1.0
0,0,1.0,1.7518748e-09,1.0
1,0,0.9924694,0.04431777,0.98493874
1,1,0.86705554,0.3919459,0.7341111
0,0,1.0,4.912685e-08,1.0
1,1,1.0,2.763102e-11,1.0
1,0,0.82017136,0.4711336,0.6403427
1,1,1.0,2.763102e-11,1.0
1,1,0.98331416,0.084844254,0.9666283
1,1,0.99999547,6.0270104e-05,0.99999094
0,0,1.0,6.902995e-10,1.0
1,1,0.9738931,0.12093724,0.9477862
0,0,1.0,1.0358694e-07,1.0
0,0,0.99894166,0.008308607,0.9978833
1,1,0.93842673,0.23127466,0.87685347
0,0,0.99893713,0.00833938,0.99787426
0,0,0.948518,0.202856,0.89703596
0,0,1.0,3.220037e-09,1.0
0,0,1.0,5.6463744e-08,1.0
0,0,0.95341647,0.18833,0.90683293
1,1,1.0,2.763102e-11,1.0
1,1,1.0,2.763102e-11,1.0
1,1,0.9999999,2.0196896e-06,0.99999976
0,0,0.9999999,1.814888e-06,0.99999976
0,0,0.9988893,0.00866571,0.99777865
0,0,0.9983544,0.012192189,0.99670875
1,0,0.9997005,0.0027294434,0.999401
1,1,0.99998724,0.00015650294,0.9999745
1,1,0.99999964,5.6661747e-06,0.9999993
0,0,0.9908315,0.052144766,0.981663
1,1,1.0,2.763102e-11,1.0
1,1,1.0,2.763102e-11,1.0
0,0,1.0,2.8824737e-10,1.0
1,1,1.0,2.763102e-11,1.0
0,0,0.9989384,0.008330976,0.99787676
1,1,0.9929127,0.04214032,0.9858254
0,0,0.9998522,0.0014513307,0.99970436
1,1,0.9999907,0.00011702566,0.9999814
0,0,0.9310274,0.2509732,0.8620548
1,1,0.9583758,0.17307198,0.9167516
0,0,1.0,2.763102e-11,1.0
0,0,0.9998207,0.0017261505,0.9996414
0,0,0.99871445,0.009842062,0.9974289
1,1,0.993722,0.03809202,0.98744404
1,1,0.99998605,0.00016988323,0.9999721
0,0,0.9133637,0.2946856,0.8267274
1,1,1.0,2.763102e-11,1.0
1,1,0.9999999,2.0196896e-06,0.99999976
1,1,1.0,2.763102e-11,1.0
1,0,0.82016826,0.47113827,0.6403365
1,0,0.999737,0.002430677,0.99947405
1,1,0.9937184,0.038110435,0.9874368
1,0,0.9974633,0.01769523,0.9949266
0,0,1.0,2.763102e-11,1.0
1,1,0.9656817,0.1494466,0.93136334
1,1,0.93842673,0.23127466,0.87685347
1,0,0.5532676,0.6874615,0.1065352
0,0,0.9986957,0.009966774,0.99739134
0,0,0.9989608,0.008177252,0.9979216
1,1,1.0,2.763102e-11,1.0
1,1,1.0,2.763102e-11,1.0
0,0,0.9470131,0.2072179,0.89402616
0,0,1.0,9.792176e-10,1.0
0,0,1.0,3.6248857e-10,1.0
1,1,0.99998724,0.00015650294,0.9999745
1,0,1.0,3.0308167e-09,1.0
1,1,0.9706289,0.13254915,0.94125783
0,0,0.9989558,0.0082116155,0.9979116
1,1,0.8845634,0.35773307,0.7691268
0,0,0.9954281,0.029194105,0.9908562
1,1,0.99998724,0.00015650294,0.9999745
0,0,0.9989559,0.008210989,0.9979118
0,0,1.0,4.6601173e-10,1.0
1,1,0.93842673,0.23127466,0.87685347
0,0,0.99854606,0.010952046,0.9970921
1,1,1.0,2.763102e-11,1.0
1,1,1.0,2.763102e-11,1.0
1,0,0.9999999,1.907588e-06,0.99999976
0,1,0.6299846,0.65896386,0.25996923
0,0,0.99999994,8.435389e-07,0.9999999
1,1,0.9678885,0.14200711,0.93577695
1,1,0.9999999,2.0196896e-06,0.99999976
1,0,0.9998524,0.0014494734,0.99970484
0,0,1.0,1.9232914e-07,1.0
1,0,0.99899626,0.007932929,0.9979925
0,0,1.0,4.686322e-10,1.0
1,1,0.9998658,0.0013310068,0.99973154
0,0,1.0,2.763102e-11,1.0
1,1,0.99999976,3.87412e-06,0.9999995
0,0,1.0,5.9999233e-10,1.0
0,0,0.99999994,1.0237552e-06,0.9999999
0,0,0.9988602,0.008863473,0.99772036
1,1,0.993869,0.037345886,0.987738
0,0,0.99895906,0.008189323,0.9979181
1,0,0.98910385,0.06007997,0.9782077
1,1,0.9996816,0.0028822348,0.9993632
0,0,0.9989494,0.008255298,0.9978988
0,0,1.0,2.763102e-11,1.0
1,1,0.8840165,0.35884523,0.768033
1,1,0.9433778,0.21757044,0.8867556
1,1,0.79387385,0.5087787,0.5877477
0,0,0.9999992,1.1671358e-05,0.99999845
0,0,0.99895746,0.008200168,0.9979149
1,1,0.99853945,0.010995343,0.9970789
0,0,1.0,1.5626607e-09,1.0
0,0,0.99895835,0.0081942165,0.9979167
1,1,0.9937184,0.038110435,0.9874368
1,0,0.99999964,5.4905904e-06,0.9999993
0,0,0.9965939,0.02275452,0.9931878
0,1,0.9999846,0.00018580566,0.99996924
0,0,0.99895096,0.0082448805,0.9979019
1,1,0.9998678,0.0013129229,0.9997356
1,1,1.0,2.763102e-11,1.0
1,0,0.99999994,1.2262784e-06,0.9999999
0,0,1.0,4.3834505e-09,1.0
1,0,0.99982196,0.0017151665,0.9996439
1,0,0.60008013,0.6729791,0.20016026
1,1,0.99482393,0.03240796,0.98964787
1,1,0.997127,0.01968283,0.994254
0,0,0.99982184,0.0017159999,0.9996437
1,1,0.9999999,2.0196896e-06,0.99999976
1,1,0.99999833,2.3871251e-05,0.99999666
0,0,0.9998522,0.001451593,0.99970436
1,1,0.9580151,0.17420182,0.91603017
0,0,1.0,2.763102e-11,1.0
0,0,0.9989538,0.008225188,0.99790764
0,0,0.99894565,0.008281324,0.9978913
0,0,1.0,2.795431e-10,1.0
1,0,0.999822,0.0017144604,0.99964404
0,0,0.99888724,0.008679904,0.9977745
1,1,0.816064,0.47730964,0.632128
0,0,1.0,5.499181e-08,1.0
1,1,1.0,2.763102e-11,1.0
1,1,0.9980363,0.014201209,0.99607265
0,0,0.9987701,0.009470255,0.99754024
0,0,1.0,6.6127384e-09,1.0
1,1,0.51196486,0.69286084,0.023929715
0,0,0.9999999,2.3612208e-06,0.99999976
0,0,0.99994314,0.0006126004,0.9998863
0,0,0.98836046,0.06340638,0.9767209
0,0,1.0,3.7899003e-10,1.0
1,1,0.99999857,2.0681588e-05,0.99999714
1,0,1.0,9.275598e-09,1.0
0,0,0.9999963,4.989599e-05,0.9999926
0,0,0.99985117,0.0014604131,0.99970233
1,1,1.0,2.763102e-11,1.0
0,0,0.9981707,0.01335939,0.99634135
1,1,0.99998724,0.00015650294,0.9999745
0,0,0.97481793,0.11757317,0.94963586
0,0,1.0,2.763102e-11,1.0
0,0,1.0,2.763102e-11,1.0
0,0,1.0,3.6548345e-10,1.0
0,0,0.99893475,0.008355823,0.9978695
0,0,1.0,3.127098e-10,1.0
0,0,1.0,2.763102e-11,1.0
1,1,0.9822219,0.08926109,0.9644438
0,0,0.99985135,0.0014588126,0.9997027
1,1,1.0,2.763102e-11,1.0
1,1,0.99999976,3.87412e-06,0.9999995
1,1,1.0,2.763102e-11,1.0
1,0,0.66619027,0.63684386,0.33238053
1,1,0.99999106,0.000112875336,0.9999821
0,0,1.0,6.783033e-11,1.0
0,0,0.57989764,0.68032503,0.15979528
0,0,0.999999,1.4940279e-05,0.999998
0,0,1.0,2.716098e-10,1.0
0,0,0.99892837,0.008399615,0.99785674
1,1,0.93842673,0.23127466,0.87685347
0,0,0.980731,0.09518042,0.961462
1,1,0.993869,0.037345886,0.987738
1,1,0.99999976,3.87412e-06,0.9999995
1,1,0.93842673,0.23127466,0.87685347
1,1,0.9999999,2.0196896e-06,0.99999976
0,0,0.9999999,1.7730703e-06,0.99999976
1,1,0.52953315,0.6914017,0.059066296
0,0,1.0,3.0276592e-10,1.0
1,1,0.96166193,0.16262598,0.92332387
0,0,1.0,2.8412672e-10,1.0
1,1,0.86425275,0.39716774,0.7285055
0,0,0.98540074,0.0762001,0.9708015
1,0,0.99899626,0.007932929,0.9979925
0,0,0.9998522,0.0014514962,0.99970436
1,1,0.93842673,0.23127466,0.87685347
1,1,0.9999919,0.00010313456,0.9999838
0,0,0.9999915,0.000107783824,0.99998295
1,0,0.99899626,0.007932929,0.9979925
0,0,1.0,2.919744e-10,1.0
1,1,1.0,2.763102e-11,1.0
1,0,0.99881643,0.009159273,0.99763286
1,1,1.0,2.763102e-11,1.0
0,0,0.9919027,0.04706289,0.9838054
1,0,0.99999994,8.378373e-07,0.9999999
0,0,1.0,2.763102e-11,1.0
1,1,1.0,2.763102e-11,1.0
0,0,0.99924946,0.006150026,0.9984989
0,0,1.0,1.6234226e-07,1.0
1,1,0.99999976,3.87412e-06,0.9999995
1,1,0.9774678,0.10773686,0.95493555
0,0,0.9989599,0.008183571,0.9979198
1,0,0.5745063,0.6820034,0.1490126
1,1,0.9950825,0.031041691,0.990165
0,0,0.9998522,0.0014514487,0.99970436
0,0,1.0,2.775024e-10,1.0
1,1,1.0,2.763102e-11,1.0
0,0,1.0,4.8588783e-10,1.0
0,0,1.0,1.4947128e-08,1.0
1,1,1.0,2.763102e-11,1.0
1,0,0.9765537,0.11116424,0.95310736
0,0,0.9987828,0.009385143,0.9975656
1,1,0.99482167,0.032419875,0.98964334
1,1,0.9936041,0.038687997,0.98720825
1,0,1.0,1.1338054e-09,1.0
1,1,0.99387604,0.037310094,0.9877521
0,0,0.99894875,0.008260061,0.9978975
1,1,0.993869,0.037345886,0.987738
0,1,0.9999846,0.00018580566,0.99996924
1,1,1.0,2.763102e-11,1.0
0,0,0.9989572,0.008201715,0.99791443
0,0,1.0,2.6769814e-10,1.0
0,0,0.9999998,2.9740002e-06,0.99999964
0,1,0.9999846,0.00018580566,0.99996924
0,0,1.0,7.231332e-10,1.0
1,1,0.8264185,0.4615199,0.65283704
1,0,1.0,2.763102e-11,1.0
1,1,0.9999999,2.0196896e-06,0.99999976
0,0,1.0,3.1521846e-10,1.0
1,1,0.9575496,0.17565504,0.91509914
1,0,0.99881643,0.009159273,0.99763286
1,1,0.99547994,0.028914666,0.9909599
0,0,1.0,4.6525925e-10,1.0
1,1,0.98848337,0.06285987,0.97696674
0,0,0.99985135,0.0014588126,0.9997027
0,0,0.9972048,0.019226732,0.99440956
1,1,0.8385104,0.44213176,0.6770208
0,0,0.9998522,0.001451366,0.99970436
0,0,0.9989427,0.008301737,0.99788535
1,1,0.9999999,2.0196896e-06,0.99999976
1,1,1.0,2.763102e-11,1.0
1,1,0.8264185,0.4615199,0.65283704
1,1,0.9999995,7.417722e-06,0.99999905
0,0,1.0,2.765332e-10,1.0
1,1,0.93842673,0.23127466,0.87685347
0,0,0.6631151,0.6389476,0.32623017
0,0,0.998952,0.008237815,0.99790394
1,1,1.0,2.763102e-11,1.0
0,1,0.9999715,0.0003266754,0.999943
0,0,1.0,6.2053485e-10,1.0
1,1,0.99994564,0.00058816175,0.9998913
0,0,1.0,4.296657e-09,1.0
1,0,0.99999994,6.665392e-07,0.9999999
0,0,0.9989598,0.008184359,0.99791956
1,1,0.78345406,0.52250135,0.5669081
0,0,1.0,4.0362377e-10,1.0
1,0,0.96403426,0.15490393,0.9280685
1,1,0.54780906,0.6885688,0.09561813
0,0,0.99819213,0.013224081,0.99638426
0,0,0.9998522,0.0014513087,0.99970436
0,0,0.99999994,7.611978e-07,0.9999999
1,0,0.99999994,9.91043e-07,0.9999999
1,1,0.9863012,0.07237858,0.97260237
0,0,1.0,2.763102e-11,1.0
1,1,0.72119653,0.59181964,0.44239306
0,0,1.0,2.763102e-11,1.0
1,1,0.993722,0.03809202,0.98744404
1,1,0.5662345,0.6843473,0.13246906
1,1,1.0,2.763102e-11,1.0
1,1,1.0,2.763102e-11,1.0
0,0,0.9989443,0.008290549,0.99788857
1,0,0.9689026,0.13853636,0.9378052
1,1,1.0,2.763102e-11,1.0
0,0,1.0,3.846992e-10,1.0
0,0,0.9987845,0.009374181,0.99756896
0,0,1.0,6.651061e-10,1.0
0,0,1.0,1.0044684e-09,1.0
1,1,0.9391107,0.22940749,0.8782214
1,1,0.9999976,3.3251406e-05,0.99999523
0,0,0.99999994,7.771521e-07,0.9999999
1,1,0.9999994,9.1391485e-06,0.9999988
0,0,0.8938184,0.33845687,0.78763676
1,1,1.0,2.763102e-11,1.0
1,0,0.99899626,0.007932929,0.9979925
1,1,0.99999964,5.6661747e-06,0.9999993
0,0,1.0,4.476628e-10,1.0
0,0,1.0,2.763102e-11,1.0
1,1,1.0,2.763102e-11,1.0
0,0,1.0,1.1580598e-09,1.0
0,0,1.0,2.763102e-11,1.0
1,1,0.9999943,7.4793905e-05,0.99998856
1,0,0.927102,0.2610714,0.85420406
0,0,0.99894166,0.008308354,0.9978833
1,1,0.9980027,0.01441039,0.9960054
0,0,0.9989554,0.00821409,0.99791086
0,0,1.0,1.0326585e-07,1.0
1,1,0.98181754,0.090878665,0.9636351
1,0,0.99999994,7.9483357e-07,0.9999999
0,0,1.0,2.763102e-11,1.0
0,0,0.9998522,0.0014513307,0.99970436
0,0,1.0,4.6890236e-10,1.0
1,1,1.0,2.763102e-11,1.0
0,1,0.9999653,0.00039092207,0.9999306
0,0,0.9092947,0.30416656,0.81858945
1,0,0.99674165,0.021912098,0.9934833
0,0,0.9989062,0.008550746,0.9978124
0,0,1.0,2.763102e-11,1.0
1,1,0.96675235,0.14585611,0.9335047
1,1,1.0,2.763102e-11,1.0
1,1,0.8354857,0.44708037,0.6709714
0,0,0.99892735,0.008406462,0.9978547
1,1,0.99024826,0.0548576,0.9804965
1,1,1.0,2.763102e-11,1.0
1,0,0.6661918,0.6368428,0.33238363
1,1,1.0,2.763102e-11,1.0
0,0,0.9998205,0.0017280562,0.99964094
0,0,0.98779434,0.06590726,0.9755887
1,1,0.993869,0.037345886,0.987738
0,0,0.9982918,0.012591969,0.9965836
0,0,0.9812586,0.09309972,0.96251714
1,1,0.9999999,2.0196896e-06,0.99999976
1,1,1.0,2.763102e-11,1.0
0,0,0.9993196,0.0056422944,0.9986392
1,0,0.9999669,0.00037420925,0.99993384
1,1,1.0,2.763102e-11,1.0
1,1,0.99998724,0.00015650294,0.9999745
1,1,1.0,2.763102e-11,1.0
1,1,0.86705554,0.3919459,0.7341111
0,0,1.0,6.2577826e-08,1.0
0,0,1.0,3.9812378e-10,1.0
1,1,1.0,2.763102e-11,1.0
1,0,0.99964243,0.0031953237,0.99928486
0,0,0.9989565,0.008206585,0.997913
1,1,0.9133781,0.2946516,0.82675624
1,0,0.6661918,0.6368428,0.33238363
1,1,0.9195978,0.2797506,0.8391956
0,0,1.0,8.429044e-09,1.0
0,0,1.0,2.763102e-11,1.0
0,0,1.0,2.763102e-11,1.0
1,1,0.99999976,3.87412e-06,0.9999995
1,1,1.0,2.763102e-11,1.0
0,0,0.99893874,0.008328626,0.9978775
0,0,1.0,2.7316778e-09,1.0
1,0,0.97228855,0.1266946,0.9445771
0,0,0.9989401,0.008319036,0.9978802
1,1,0.9999999,2.0196896e-06,0.99999976
1,1,0.95260704,0.19076625,0.9052141
0,0,0.99894994,0.008251778,0.9978999
0,0,0.8173001,0.47546285,0.63460016
0,0,0.9989543,0.008221994,0.9979086
1,1,0.62398165,0.66208124,0.24796331
1,0,0.8946698,0.33663929,0.78933954
1,0,0.88804275,0.35058796,0.7760855
1,1,0.9999989,1.581984e-05,0.99999785
1,1,0.9999993,1.0836571e-05,0.99999857
1,1,1.0,2.763102e-11,1.0
1,1,0.9936825,0.03829203,0.987365
0,0,1.0,3.229951e-10,1.0
1,0,1.0,3.9934616e-08,1.0
0,0,1.0,3.8827153e-10,1.0
1,1,1.0,2.763102e-11,1.0
0,0,0.9964988,0.023293117,0.99299765
1,1,0.9999999,2.0196896e-06,0.99999976
0,0,1.0,6.040858e-10,1.0
0,0,1.0,3.72849e-09,1.0
0,0,0.9633405,0.15717846,0.92668104
0,0,0.9836542,0.08345462,0.9673084
1,0,0.999737,0.002430677,0.99947405
1,1,1.0,2.763102e-11,1.0
0,0,0.9989388,0.008328055,0.9978776
0,0,0.9484038,0.20318863,0.89680755
1,1,0.993869,0.037345886,0.987738
0,0,0.9724772,0.12602283,0.9449544
1,0,0.9999995,7.4382306e-06,0.99999905
0,0,0.99893224,0.008373021,0.9978645
1,1,1.0,2.763102e-11,1.0
0,0,0.9993327,0.005546416,0.99866545
1,1,1.0,2.763102e-11,1.0
0,0,1.0,3.6674094e-10,1.0
0,0,0.9989391,0.008325912,0.9978782
1,1,1.0,2.763102e-11,1.0
0,0,0.9997205,0.0025665092,0.999441
0,0,1.0,4.272718e-10,1.0
0,0,0.9998522,0.0014514696,0.99970436
1,0,0.9997066,0.002679645,0.99941325
1,1,0.990334,0.05446119,0.98066795
1,1,0.6840626,0.62376916,0.3681252
0,0,0.999998,2.8297774e-05,0.99999595
1,1,1.0,2.763102e-11,1.0
0,0,0.99893403,0.008360785,0.99786806
1,1,0.97556406,0.1148338,0.9511281
0,0,0.9998207,0.0017261505,0.9996414
0,0,1.0,2.763102e-11,1.0
1,0,1.0,1.1072969e-09,1.0
0,0,0.9997056,0.0026879082,0.9994112
1,1,0.9999999,2.0196896e-06,0.99999976
1,0,1.0,4.6521063e-07,1.0
0,0,1.0,5.855718e-10,1.0
0,0,0.99893427,0.008359162,0.99786854
1,1,0.9824333,0.08841164,0.96486664
1,0,0.9998524,0.0014494734,0.99970484
1,1,1.0,2.763102e-11,1.0
1,0,1.0,8.311994e-11,1.0
0,0,0.9989431,0.008298827,0.9978862
0,0,0.99895483,0.00821834,0.99790967
0,0,0.98345107,0.08428563,0.96690214
0,0,0.94975996,0.19922146,0.8995199
0,0,1.0,2.763102e-11,1.0
0,0,0.99992794,0.00075924257,0.9998559
1,1,0.93842673,0.23127466,0.87685347
0,0,0.998903,0.008572808,0.99780595
1,1,0.9999999,2.0196896e-06,0.99999976
0,0,1.0,5.981447e-10,1.0
1,1,1.0,2.763102e-11,1.0
1,1,0.99999917,1.2514034e-05,0.99999833
1,1,0.99999976,3.87412e-06,0.9999995
0,0,0.9998522,0.0014513505,0.99970436
1,1,0.97958046,0.099667415,0.9591609
1,1,1.0,2.763102e-11,1.0
0,0,0.99891806,0.008469868,0.9978361
0,0,1.0,5.6909655e-10,1.0
0,0,1.0,3.2608842e-09,1.0
1,1,0.99917066,0.006713057,0.9983413
0,0,1.0,8.4497715e-09,1.0
1,1,0.9599774,0.16801599,0.9199548
1,1,0.93842673,0.23127466,0.87685347
1,1,0.9999987,1.9072222e-05,0.9999974
1,1,0.96917164,0.13760993,0.9383433
0,0,1.0,1.3318979e-08,1.0
1,1,1.0,2.763102e-11,1.0
0,0,1.0,2.342243e-08,1.0
0,0,1.0,3.1085695e-10,1.0
1,1,1.0,2.763102e-11,1.0
0,0,0.99985224,0.0014511312,0.9997045
0,0,1.0,2.763102e-11,1.0
0,0,1.0,3.0168987e-10,1.0
1,1,0.9947718,0.032681953,0.98954356
1,1,1.0,2.763102e-11,1.0
1,0,0.9998218,0.0017164783,0.99964356
0,1,0.93842673,0.23127466,0.87685347
0,0,0.99985224,0.0014511213,0.9997045
1,1,0.9608631,0.16519135,0.9217262
1,0,0.9934134,0.039647497,0.9868268
1,1,0.99922633,0.0063162125,0.99845266
0,0,0.9999833,0.0002003847,0.9999666
1,0,0.6661918,0.6368428,0.33238363
0,0,1.0,4.4158965e-10,1.0
0,0,1.0,2.763102e-11,1.0
1,1,0.99999094,0.000114260336,0.9999819
1,1,0.99964917,0.0031417178,0.99929833
1,0,0.9823127,0.08889666,0.96462536
1,0,0.62272346,0.6627151,0.24544692
1,1,0.93842673,0.23127466,0.87685347
0,0,0.9998522,0.0014513307,0.99970436
0,0,1.0,4.0654094e-10,1.0
1,1,0.9999999,2.0196896e-06,0.99999976
0,0,1.0,3.032754e-10,1.0
1,1,1.0,2.763102e-11,1.0
1,1,0.99547946,0.028917236,0.9909589
1,1,0.99999976,3.87412e-06,0.9999995
1,0,0.99899626,0.007932929,0.9979925
0,0,1.0,2.763102e-11,1.0
1,1,0.8696792,0.38699603,0.7393584
0,0,0.9989578,0.008197915,0.9979156
0,0,1.0,3.1813674e-10,1.0
1,1,0.9996834,0.0028678323,0.99936676
0,0,1.0,1.0610115e-09,1.0
1,0,0.9341803,0.24268895,0.86836064
0,0,0.99996555,0.00038860773,0.9999311
1,1,1.0,2.763102e-11,1.0
1,1,0.9919817,0.046682686,0.9839634
1,1,0.93842673,0.23127466,0.87685347
0,0,0.99891657,0.008480247,0.99783313
1,0,1.0,2.763102e-11,1.0
1,1,0.99467033,0.03321341,0.98934066
0,0,1.0,2.8996094e-10,1.0
0,0,0.9994018,0.0050377157,0.9988036
1,1,0.8847887,0.357274,0.7695774
0,0,1.0,4.6552753e-10,1.0
0,1,0.99998605,0.00016988323,0.9999721
1,0,0.99445385,0.034341045,0.9889077
1,1,1.0,2.763102e-11,1.0
0,0,0.99895746,0.008200288,0.9979149
0,0,0.96959084,0.13616163,0.9391817
0,0,0.99894184,0.008307295,0.9978837
1,1,0.9998927,0.0010878973,0.9997854
0,0,1.0,2.9391994e-10,1.0
1,1,0.99998724,0.00015650294,0.9999745
1,0,0.9216494,0.27472234,0.8432988
0,0,0.99895775,0.008198091,0.9979155
1,1,1.0,2.763102e-11,1.0
0,0,1.0,3.0092293e-09,1.0
1,1,0.988665,0.0620498,0.97732997
1,1,0.993869,0.037345886,0.987738
1,0,0.9998219,0.0017155515,0.9996438
0,0,0.9998205,0.0017280771,0.99964094
0,0,0.99967986,0.002896019,0.9993597
0,0,1.0,1.288622e-09,1.0
0,0,0.9999996,6.5654012e-06,0.99999917
0,0,0.99985224,0.001451075,0.9997045
0,0,0.9557935,0.18108958,0.911587
0,0,0.99999577,5.6494086e-05,0.99999154
0,0,0.98925114,0.05941499,0.9785023
0,0,1.0,8.263276e-10,1.0
1,1,1.0,2.763102e-11,1.0
1,1,1.0,2.763102e-11,1.0
1,1,0.93842673,0.23127466,0.87685347
1,0,0.99999964,5.934586e-06,0.9999993
1,1,1.0,2.763102e-11,1.0
0,0,0.9998522,0.0014513595,0.99970436
0,0,0.9988961,0.008619392,0.99779224
0,1,0.99998605,0.00016988323,0.9999721
1,0,1.0,1.8780531e-07,1.0
1,0,0.9999997,4.6967557e-06,0.9999994
1,1,0.93842673,0.23127466,0.87685347
0,0,0.9989604,0.008180121,0.99792075
0,0,1.0,2.763102e-11,1.0
0,0,0.9989448,0.008286959,0.99788964
0,0,1.0,9.4812e-10,1.0
0,0,1.0,1.3669982e-08,1.0
0,0,0.99982053,0.0017275373,0.99964106
0,0,1.0,9.424814e-09,1.0
1,1,0.9608201,0.16532907,0.92164016
1,1,0.8897844,0.34696588,0.7795688
0,1,0.93842673,0.23127466,0.87685347
0,0,1.0,1.3022374e-08,1.0
1,1,0.93842673,0.23127466,0.87685347
1,0,0.99999994,8.659742e-07,0.9999999
1,1,1.0,2.763102e-11,1.0
0,0,1.0,3.870579e-10,1.0
0,0,1.0,5.56242e-09,1.0
1,1,0.9037504,0.31676346,0.80750084
0,0,0.9982807,0.012662508,0.9965614
0,0,0.9998205,0.0017280562,0.99964094
0,0,1.0,1.7627647e-07,1.0
1,0,0.9995883,0.0036209235,0.9991766
1,1,0.95820594,0.17360444,0.9164119
1,1,1.0,2.763102e-11,1.0
0,0,1.0,3.94361e-08,1.0
0,0,0.9989454,0.008282907,0.99789083
1,1,0.9999999,2.0196896e-06,0.99999976
1,1,0.99998724,0.00015650294,0.9999745
1,1,1.0,2.763102e-11,1.0
1,0,0.7438432,0.5689986,0.48768637
0,1,0.50032145,0.69314694,0.0006428957
1,1,1.0,2.763102e-11,1.0
1,0,0.6661918,0.6368428,0.33238363
1,0,0.81301904,0.48181558,0.6260381
0,0,0.9997837,0.002041812,0.9995674
1,0,0.78464055,0.52097154,0.5692811
0,0,0.9989601,0.008182136,0.99792016
1,0,1.0,2.2067208e-10,1.0
1,1,0.84568965,0.4301135,0.6913793
0,0,0.9999861,0.00016897725,0.9999722
0,0,1.0,2.0305337e-09,1.0
1,1,1.0,2.763102e-11,1.0
0,0,0.99999774,3.1372165e-05,0.99999547
0,0,1.0,2.763102e-11,1.0
0,0,0.9989618,0.008170211,0.9979236
0,0,0.99794275,0.014782184,0.9958855
1,1,0.993622,0.038597748,0.987244
0,0,0.9989522,0.008236029,0.9979044
1,0,0.99899626,0.007932929,0.9979925
1,1,0.9999993,1.0836571e-05,0.99999857
1,0,0.99899626,0.007932929,0.9979925
0,0,0.9989367,0.008342503,0.9978734
0,0,1.0,4.6356619e-10,1.0
0,0,1.0,3.5840544e-10,1.0
1,1,1.0,2.763102e-11,1.0
1,1,0.9875996,0.06676123,0.9751992
1,1,1.0,2.763102e-11,1.0
1,1,0.993869,0.037345886,0.987738
0,0,0.9989609,0.008176406,0.9979218
1,1,0.97128,0.1302643,0.94255996
0,0,0.9989446,0.0082885595,0.99788916
1,1,1.0,2.763102e-11,1.0
0,0,1.0,6.3247313e-10,1.0
0,0,1.0,9.893072e-10,1.0
0,0,1.0,1.010489e-09,1.0
1,1,0.9375318,0.23370546,0.87506366
0,0,1.0,2.816597e-10,1.0
1,0,1.0,7.454025e-10,1.0
1,1,0.993869,0.037345886,0.987738
1,1,1.0,2.763102e-11,1.0
1,1,0.9955519,0.028525976,0.99110377
1,1,1.0,2.763102e-11,1.0
0,0,1.0,4.5579457e-10,1.0
1,0,0.9998524,0.0014492004,0.99970484
1,1,0.99048513,0.053760212,0.98097026
1,0,0.82526827,0.46331024,0.65053654
0,0,1.0,3.3287054e-10,1.0
0,0,0.9989547,0.008218955,0.9979094
0,0,1.0,2.763102e-11,1.0
1,1,0.99158514,0.048583526,0.9831703
1,1,1.0,2.763102e-11,1.0
1,0,0.8607071,0.4036778,0.7214142
0,0,0.9989506,0.008247374,0.9979012
0,0,1.0,1.4827068e-08,1.0
0,0,0.99893755,0.008336575,0.9978751
1,1,0.8264185,0.4615199,0.65283704
0,0,0.9998582,0.0013982146,0.9997164
0,0,1.0,1.4528428e-10,1.0
0,0,1.0,2.763102e-11,1.0
0,0,0.9998522,0.0014512977,0.99970436
0,1,0.9999325,0.00071546156,0.99986506
1,0,0.51962245,0.69237685,0.03924492
0,0,1.0,2.763102e-11,1.0
0,0,0.9999992,1.1419058e-05,0.99999845
1,0,0.81724703,0.47554237,0.63449407
1,1,0.93842673,0.23127466,0.87685347
1,1,0.99387604,0.037310094,0.9877521
1,0,0.9998525,0.0014488637,0.99970496
0,0,0.9989445,0.008288969,0.99788904
1,1,1.0,2.763102e-11,1.0
1,1,1.0,2.763102e-11,1.0
1,1,0.99989414,0.001074813,0.9997883
1,1,1.0,2.763102e-11,1.0
0,0,1.0,2.2129204e-10,1.0
1,1,1.0,2.763102e-11,1.0
0,0,0.86496663,0.39584416,0.72993326
0,0,0.99895185,0.0082387775,0.9979037
1,1,0.9999858,0.00017254677,0.9999716
0,0,0.9980251,0.014271144,0.99605024
0,0,0.990851,0.052053604,0.98170197
1,0,0.99899626,0.007932929,0.9979925
1,0,0.983661,0.083426714,0.967322
1,1,0.9725831,0.12564503,0.94516623
1,0,0.995111,0.030890202,0.990222
0,0,0.99894595,0.008279052,0.9978919
0,0,0.9999914,0.00010841866,0.99998283
0,0,0.7172426,0.59553874,0.4344852
1,0,0.99999976,3.8663225e-06,0.9999995
1,1,0.93842673,0.23127466,0.87685347
0,0,1.0,7.447599e-09,1.0
1,1,0.9855629,0.07551606,0.97112584
0,0,1.0,3.2616615e-10,1.0
0,0,1.0,1.6908341e-08,1.0
1,1,0.9992793,0.0059347656,0.99855864
0,0,1.0,3.268849e-10,1.0
1,1,0.9946683,0.033224005,0.9893366
0,0,0.99999994,1.1983913e-06,0.9999999
1,1,0.9990369,0.0076516494,0.9980738
1,1,1.0,2.763102e-11,1.0
1,1,0.9999999,2.0196896e-06,0.99999976
0,0,1.0,7.342447e-10,1.0
1,1,0.93842673,0.23127466,0.87685347
0,0,1.0,4.9537147e-07,1.0
0,0,1.0,2.9112637e-10,1.0
1,1,0.99999344,8.480879e-05,0.9999869
0,0,0.99894965,0.008253884,0.9978993
0,0,0.99888474,0.008696949,0.9977695
1,0,0.8326498,0.45165956,0.66529965
0,0,0.998916,0.00848417,0.99783194
1,1,0.9999999,2.0196896e-06,0.99999976
1,0,0.99982196,0.0017150046,0.9996439
1,1,0.99998724,0.00015650294,0.9999745
0,0,0.9997834,0.002044072,0.9995668
1,1,0.9999999,2.0196896e-06,0.99999976
1,1,0.97794116,0.10594709,0.9558823
1,1,0.9999988,1.7452001e-05,0.9999976
1,0,0.9998634,0.0013523583,0.9997268
0,0,1.0,2.763102e-11,1.0
1,0,0.99899626,0.007932929,0.9979925
1,1,0.9947359,0.032870155,0.9894718
0,0,1.0,5.012122e-07,1.0
0,0,1.0,2.763102e-11,1.0
1,1,0.8264185,0.4615199,0.65283704
0,0,1.0,2.763102e-11,1.0
1,0,1.0,6.406303e-08,1.0
0,0,1.0,1.18608e-09,1.0
1,1,0.9997054,0.0026898324,0.99941075
0,0,0.9989573,0.008201551,0.99791455
1,1,1.0,2.763102e-11,1.0
1,1,0.96802306,0.14154842,0.9360461
0,0,1.0,2.763102e-11,1.0
1,1,1.0,2.763102e-11,1.0
1,1,0.99999976,3.87412e-06,0.9999995
0,0,0.9989565,0.008206614,0.997913
1,1,0.93842673,0.23127466,0.87685347
0,1,0.9999069,0.0009572574,0.9998138
0,0,0.9989006,0.00858889,0.9978012
0,0,0.83142245,0.45362356,0.6628449
0,0,0.9998523,0.0014502984,0.9997046
0,0,1.0,2.763102e-11,1.0
1,1,0.9999999,2.0196896e-06,0.99999976
1,1,1.0,2.763102e-11,1.0
0,0,1.0,1.1671444e-09,1.0
1,1,1.0,2.763102e-11,1.0
0,0,0.9989411,0.008312338,0.99788225
1,1,1.0,2.763102e-11,1.0
1,1,0.7148826,0.5977218,0.42976522
1,1,0.9630413,0.15815523,0.9260826
0,0,1.0,3.5651262e-10,1.0
1,1,0.999982,0.00021465892,0.999964
0,0,1.0,1.4914456e-09,1.0
1,0,1.0,7.191744e-10,1.0
0,0,1.0,2.763102e-11,1.0
0,0,1.0,5.868812e-10,1.0
0,0,0.9999962,5.170748e-05,0.9999924
1,1,1.0,2.763102e-11,1.0
0,0,0.9999997,4.792641e-06,0.9999994
0,0,0.9989478,0.008266316,0.9978956
0,0,0.99895614,0.008209181,0.9979123
1,1,1.0,2.763102e-11,1.0
0,0,1.0,1.9956948e-07,1.0
1,1,1.0,2.763102e-11,1.0
0,0,0.9988811,0.008721801,0.9977622
0,0,1.0,3.1167438e-10,1.0
0,0,1.0,2.7915578e-10,1.0
1,1,0.9999999,2.0196896e-06,0.99999976
0,0,0.9859178,0.0740128,0.9718356
0,0,0.9989444,0.0082897805,0.9978888
0,0,0.9993645,0.005313485,0.998729
1,1,0.99803,0.014240568,0.99606
0,0,1.0,4.1561554e-10,1.0
1,1,0.9998317,0.0016309771,0.99966335
0,0,1.0,1.8326793e-08,1.0
0,0,0.9900478,0.055781618,0.9800956
0,0,1.0,4.3079698e-10,1.0
1,1,0.9816119,0.09169775,0.9632238
0,1,0.53020257,0.6913217,0.060405135
0,0,1.0,1.03694155e-08,1.0
0,1,0.99998724,0.00015650294,0.9999745
0,0,1.0,4.940513e-10,1.0
0,0,1.0,2.763102e-11,1.0
0,0,0.9989534,0.008227895,0.9979068
1,1,1.0,2.763102e-11,1.0
0,0,0.9989595,0.00818621,0.99791896
0,1,0.5014542,0.69314295,0.002908349
0,0,0.9989783,0.008056931,0.99795663
0,0,1.0,3.6756237e-10,1.0
1,0,0.9999708,0.00033406907,0.9999416
1,1,1.0,2.763102e-11,1.0
1,1,1.0,2.763102e-11,1.0
1,0,0.6661918,0.6368428,0.33238363
1,1,0.81985646,0.47161105,0.6397129
0,0,1.0,2.763102e-11,1.0
1,1,1.0,2.763102e-11,1.0
0,0,1.0,5.3777016e-10,1.0
1,1,1.0,2.763102e-11,1.0
0,0,0.9989466,0.008274743,0.9978932
1,0,1.0,6.17107e-09,1.0
1,1,0.9999999,2.0196896e-06,0.99999976
0,0,0.9989409,0.008313943,0.99788177
0,0,1.0,2.763102e-11,1.0
0,0,0.9989556,0.008212733,0.9979112
1,0,1.0,4.8495413e-10,1.0
1,0,1.0,4.4887707e-10,1.0
1,1,1.0,2.763102e-11,1.0
1,1,0.9999999,2.0196896e-06,0.99999976
1,1,0.99999917,1.2514034e-05,0.99999833
0,0,1.0,2.349318e-08,1.0
1,1,0.9999999,2.0196896e-06,0.99999976
1,1,0.85247463,0.41839245,0.70494926
1,1,1.0,2.763102e-11,1.0
1,1,1.0,2.763102e-11,1.0
1,1,1.0,2.763102e-11,1.0
1,1,0.99387604,0.037310094,0.9877521
0,0,0.99338204,0.039804664,0.9867641
1,1,0.9477897,0.20497254,0.89557946
1,1,1.0,2.763102e-11,1.0
0,0,1.0,2.9364014e-10,1.0
0,0,1.0,3.5769612e-10,1.0
0,0,1.0,4.308648e-10,1.0
0,0,1.0,3.0714234e-10,1.0
1,0,0.83504033,0.44780338,0.67008066
0,0,1.0,2.763102e-11,1.0
1,1,1.0,2.763102e-11,1.0
1,0,0.9861082,0.073202685,0.97221637
1,1,0.9998242,0.0016955561,0.99964845
0,0,1.0,4.8685834e-08,1.0
0,0,1.0,2.7996588e-10,1.0
1,1,0.96657,0.14647004,0.93314004
1,0,0.9999996,6.316756e-06,0.99999917
0,0,0.9989584,0.008193753,0.9979168
1,1,0.9999999,2.0196896e-06,0.99999976
0,0,1.0,9.007684e-09,1.0
1,1,0.9999951,6.465688e-05,0.9999902
0,0,0.9989377,0.008335461,0.99787545
1,1,0.79637975,0.5053804,0.5927595
1,1,0.93842673,0.23127466,0.87685347
1,0,0.6661918,0.6368428,0.33238363
1,0,0.99941987,0.0049034394,0.99883974
0,0,0.99999917,1.2181393e-05,0.99999833
0,0,1.0,1.05399444e-07,1.0
0,0,1.0,3.0822933e-10,1.0
1,1,0.99999976,3.87412e-06,0.9999995
0,0,0.98213744,0.08959966,0.9642749
0,1,0.99994564,0.00058816175,0.9998913
1,1,0.99387604,0.037310094,0.9877521
1,0,0.99999964,5.343908e-06,0.9999993
0,0,1.0,2.578706e-07,1.0
0,0,1.0,2.763102e-11,1.0
1,0,1.0,3.513157e-07,1.0
1,0,0.99999994,5.808462e-07,0.9999999
1,1,0.98929405,0.059220847,0.9785881
0,0,1.0,4.0099316e-10,1.0
1,1,1.0,2.763102e-11,1.0
1,1,1.0,2.763102e-11,1.0
0,0,0.9989337,0.008363161,0.99786735
0,0,0.9998522,0.0014514962,0.99970436
1,1,1.0,2.763102e-11,1.0
1,1,1.0,2.763102e-11,1.0
0,0,1.0,2.6268962e-10,1.0
0,1,0.99999976,3.87412e-06,0.9999995
0,0,0.99606264,0.02573164,0.9921253
0,0,0.9989354,0.008351403,0.9978708
0,0,1.0,4.5541182e-10,1.0
0,0,1.0,4.2069326e-10,1.0
0,0,0.9999565,0.00048031175,0.999913
1,1,0.95385116,0.18701565,0.9077023
1,1,0.999998,2.8593053e-05,0.99999595
1,1,0.9928134,0.042630404,0.9856268
1,1,0.940165,0.22651333,0.88032997
0,0,1.0,2.763102e-11,1.0
1,1,0.9999999,2.0196896e-06,0.99999976
0,0,0.9989311,0.008380709,0.9978622
1,0,1.0,2.763102e-11,1.0
0,0,0.9914563,0.049197145,0.98291254
0,0,0.99985236,0.0014500911,0.9997047
0,0,0.86027414,0.40446553,0.7205483
1,1,0.9794209,0.10028439,0.9588418
1,1,1.0,2.763102e-11,1.0
1,1,1.0,2.763102e-11,1.0
1,1,1.0,2.763102e-11,1.0
0,0,1.0,2.763102e-11,1.0
1,1,1.0,2.763102e-11,1.0
0,0,1.0,1.0020555e-09,1.0
1,1,0.9930027,0.041694917,0.9860054
0,0,1.0,1.6143004e-09,1.0
0,0,0.99994504,0.0005939714,0.9998901
1,1,0.97664434,0.11082603,0.9532887
0,0,1.0,1.982437e-09,1.0
1,0,0.52975786,0.6913751,0.059515715
1,1,0.9970469,0.020150319,0.9940938
0,0,0.9998522,0.0014514585,0.99970436
1,1,0.93842673,0.23127466,0.87685347
1,0,0.9977493,0.015969485,0.99549866
1,1,0.8441688,0.432692,0.68833756
1,1,0.98112696,0.09362016,0.9622539
1,1,0.9999999,2.0196896e-06,0.99999976
1,1,0.9978192,0.015542591,0.9956384
0,0,1.0,3.384843e-10,1.0
1,0,0.99833983,0.01228538,0.99667966
1,1,0.93842673,0.23127466,0.87685347
1,0,0.999472,0.0045122732,0.99894404
0,0,1.0,3.1111264e-10,1.0
1,0,0.99985236,0.0014500824,0.9997047
0,0,1.0,3.185594e-10,1.0
0,0,1.0,3.172617e-10,1.0
0,0,0.64038265,0.6531977,0.2807653
1,1,0.9958912,0.026676586,0.9917824
1,0,1.0,8.2280327e-10,1.0
0,0,1.0,3.3655415e-10,1.0
0,0,1.0,3.4002431e-10,1.0
0,0,1.0,5.0853166e-10,1.0
0,0,0.9998521,0.001451829,0.99970424
1,1,1.0,2.763102e-11,1.0
1,1,1.0,2.763102e-11,1.0
1,1,0.97822464,0.10487034,0.9564493
0,0,0.99999994,7.8058895e-07,0.9999999
1,1,0.995529,0.028649762,0.991058
0,0,0.99889016,0.008660211,0.9977803
0,0,0.951435,0.194268,0.90287006
1,1,0.8537906,0.4160772,0.70758116
1,1,1.0,2.763102e-11,1.0
0,0,1.0,4.5200482e-10,1.0
1,1,0.9892225,0.059544347,0.97844505
1,0,0.9995303,0.004069015,0.99906063
1,0,0.99899626,0.007932929,0.9979925
0,0,0.9929216,0.042096455,0.9858432
1,1,1.0,2.763102e-11,1.0
1,1,0.9625307,0.1598164,0.92506135
1,1,0.60269547,0.6719036,0.20539093
0,0,0.999854,0.0014352822,0.99970806
0,0,0.998952,0.008237938,0.99790394
0,0,1.0,5.194877e-09,1.0
1,1,0.9821775,0.08943918,0.964355
0,0,1.0,2.774521e-10,1.0
1,1,0.9917611,0.047742486,0.9835222
1,1,0.99999964,5.6661747e-06,0.9999993
1,1,0.992199,0.045632653,0.984398
0,0,1.0,3.521716e-10,1.0
0,0,0.9989461,0.008278254,0.99789214
1,1,0.99999094,0.000114260336,0.9999819
1,0,0.6661918,0.6368428,0.33238363
1,1,0.9999999,2.0196896e-06,0.99999976
1,1,1.0,2.763102e-11,1.0
1,1,0.93842673,0.23127466,0.87685347
1,0,0.99999994,8.378373e-07,0.9999999
0,0,1.0,4.6185944e-09,1.0
1,1,0.93842673,0.23127466,0.87685347
0,0,0.97408295,0.1202495,0.9481659
0,0,1.0,5.1790344e-10,1.0
1,1,0.9887263,0.061775565,0.97745264
0,0,1.0,2.8279287e-10,1.0
0,0,0.88990736,0.346709,0.7798147
1,1,0.99387604,0.037310094,0.9877521
0,0,0.9989396,0.008322656,0.99787915
0,0,0.9976116,0.016804757,0.99522316
0,0,1.0,4.636078e-10,1.0
1,1,1.0,2.763102e-11,1.0
1,1,0.6123662,0.6676779,0.2247324
0,0,0.9979182,0.014933826,0.9958364
1,1,1.0,2.763102e-11,1.0
0,0,1.0,3.2177008e-10,1.0
0,0,1.0,2.763102e-11,1.0
1,1,0.9486774,0.20239124,0.89735484
0,0,0.9993777,0.0052157775,0.99875546
1,1,0.8791581,0.3685991,0.75831616
0,0,1.0,2.763102e-11,1.0
0,0,0.9988322,0.009052577,0.99766445
0,0,1.0,7.966255e-08,1.0
1,1,0.9414841,0.22286431,0.8829682
1,1,0.99999976,3.87412e-06,0.9999995
0,0,0.98890495,0.060974903,0.9778099
1,0,0.9999996,6.406262e-06,0.99999917
0,0,0.9677435,0.14250045,0.93548703
0,0,1.0,3.0243537e-08,1.0
0,0,1.0,2.3323473e-08,1.0
0,0,0.9989569,0.008203895,0.99791384
0,0,0.99892914,0.008394181,0.9978583
0,0,1.0,8.769676e-10,1.0
0,0,1.0,5.9964154e-09,1.0
0,0,1.0,9.1539587e-10,1.0
1,0,0.7997981,0.50068223,0.59959614
1,1,1.0,2.763102e-11,1.0
1,1,0.99387604,0.037310094,0.9877521
1,0,0.9999965,4.7693826e-05,0.99999297
1,0,0.9929461,0.041975155,0.9858922
1,1,0.99991655,0.0008671146,0.9998331
0,0,0.99890894,0.008532107,0.9978179
0,0,0.99895084,0.008245673,0.9979017
1,0,0.9229933,0.27139717,0.8459866
1,1,1.0,2.763102e-11,1.0
1,0,1.0,2.763102e-11,1.0
1,1,0.99999976,3.87412e-06,0.9999995
1,1,0.9999999,2.0196896e-06,0.99999976
1,0,0.9987309,0.0097323535,0.9974618
1,1,0.93842673,0.23127466,0.87685347
1,0,0.9999982,2.5667407e-05,0.9999964
1,1,1.0,2.763102e-11,1.0
0,0,1.0,1.3417832e-08,1.0
1,1,0.98555493,0.07554979,0.97110987
1,1,0.9995757,0.0037191268,0.99915135
1,1,0.9937184,0.038110435,0.9874368
0,0,1.0,6.488968e-10,1.0
1,1,1.0,2.763102e-11,1.0
0,0,1.0,7.52742e-09,1.0
1,1,0.9993585,0.005357593,0.99871695
1,1,0.99999976,3.87412e-06,0.9999995
1,0,1.0,2.8066677e-10,1.0
1,1,0.99466777,0.03322681,0.98933554
1,1,0.98758286,0.06683454,0.9751657
0,0,0.9999449,0.0005950368,0.99988985
0,0,0.99999994,9.4131553e-07,0.9999999
1,1,0.9777526,0.106661126,0.95550525
0,0,0.970527,0.1329055,0.941054
0,0,0.52990484,0.6913575,0.059809655
0,0,0.9989231,0.008435327,0.99784625
1,1,0.9422556,0.22071546,0.88451123
1,0,0.9993638,0.0053186044,0.99872756
1,1,1.0,2.763102e-11,1.0
0,1,0.8899251,0.34667185,0.77985024
0,0,0.99890256,0.008575619,0.9978051
1,0,1.0,6.750089e-10,1.0
1,1,0.93921447,0.2291235,0.87842894
0,0,0.998925,0.008422743,0.99784994
1,1,1.0,2.763102e-11,1.0
0,0,1.0,2.7271907e-10,1.0
0,0,0.9989542,0.008222753,0.99790835
0,0,0.9895735,0.057952445,0.97914696
1,0,1.0,2.0180286e-09,1.0
1,1,1.0,2.763102e-11,1.0
0,0,1.0,2.6526759e-10,1.0
1,1,1.0,2.763102e-11,1.0
1,1,0.9999995,7.417722e-06,0.99999905
1,0,0.99994725,0.000572229,0.9998945
1,1,0.8424602,0.43556768,0.68492043
0,0,0.99994135,0.0006300928,0.9998827
0,0,1.0,1.1321097e-07,1.0
1,1,0.9996124,0.0034324017,0.9992248
1,1,0.993869,0.037345886,0.987738
1,1,0.99999917,1.2514034e-05,0.99999833
1,1,0.993869,0.037345886,0.987738
1,1,0.99239904,0.044660755,0.9847981
0,0,1.0,3.1537897e-10,1.0
0,0,0.9989358,0.008348408,0.99787164
1,0,0.9997093,0.0026576337,0.9994186
0,0,1.0,4.4415107e-09,1.0
1,1,1.0,2.763102e-11,1.0
1,1,0.9941871,0.03571881,0.98837423
1,0,0.86643755,0.3931031,0.7328751
1,1,0.9563631,0.17933503,0.91272616
0,0,1.0,4.6067794e-09,1.0
1,0,1.0,2.763102e-11,1.0
1,1,0.99999607,5.2894822e-05,0.99999213
1,0,0.7946066,0.50778896,0.58921325
0,0,0.99961704,0.003395965,0.9992341
1,0,0.9874898,0.06724134,0.97497964
0,0,1.0,5.2884072e-08,1.0
1,0,1.0,2.763102e-11,1.0
0,0,0.9994246,0.0048682536,0.99884915
1,1,0.9999999,2.0196896e-06,0.99999976
1,0,1.0,2.763102e-11,1.0
1,0,0.9997834,0.0020440996,0.9995668
0,0,0.99890137,0.008583712,0.99780273
1,1,0.99387604,0.037310094,0.9877521
1,1,0.99387604,0.037310094,0.9877521
0,0,1.0,4.5603907e-10,1.0
1,1,1.0,2.763102e-11,1.0
0,0,0.9989535,0.008227188,0.99790704
0,0,0.99894166,0.008308637,0.9978833
1,1,0.9999999,2.0196896e-06,0.99999976
1,1,1.0,2.763102e-11,1.0
0,0,1.0,4.0489218e-10,1.0
0,0,1.0,5.816376e-10,1.0
0,0,1.0,3.2016484e-10,1.0
1,1,1.0,2.763102e-11,1.0
0,0,0.9989341,0.0083603375,0.9978682
1,1,0.99999785,3.0152349e-05,0.9999957
0,0,1.0,2.6911764e-10,1.0
0,0,0.9998512,0.0014599623,0.99970245
1,1,0.9945937,0.033613678,0.98918736
1,0,0.99899626,0.007932929,0.9979925
0,0,1.0,4.1072905e-09,1.0
0,0,0.9989493,0.008256097,0.9978986
1,0,0.6661918,0.6368428,0.33238363
0,0,1.0,2.763102e-11,1.0
0,0,1.0,2.763102e-11,1.0
1,1,0.99944025,0.004750992,0.9988805
1,0,0.9999979,2.9694995e-05,0.9999958
1,1,0.9999999,2.0196896e-06,0.99999976
0,0,0.9238841,0.26917902,0.8477682
0,0,0.65285796,0.64565945,0.30571592
0,0,1.0,1.804638e-08,1.0
1,1,0.9608246,0.16531458,0.9216492
0,0,1.0,2.763102e-11,1.0
1,0,0.99982196,0.0017150046,0.9996439
0,0,0.99871284,0.009852695,0.9974257
1,0,0.9850233,0.077785,0.97004664
1,0,0.5294513,0.6914114,0.05890262
0,0,0.9989496,0.0082543045,0.9978992
1,1,0.9936041,0.038687997,0.98720825
0,0,0.9621263,0.16112678,0.9242526
1,1,0.9999999,2.0196896e-06,0.99999976
1,1,0.99654275,0.023044467,0.9930855
0,0,0.97239214,0.12632594,0.9447843
0,0,0.9989439,0.008293027,0.99788785
0,0,0.9989315,0.00837789,0.99786305
1,0,0.99899626,0.007932929,0.9979925
1,1,0.89733225,0.33090538,0.7946645
0,0,1.0,2.763102e-11,1.0
0,0,1.0,2.763102e-11,1.0
0,0,1.0,1.473836e-09,1.0
0,0,0.99896,0.008182455,0.99792004
0,0,0.9998217,0.0017171332,0.99964345
1,1,0.985742,0.074758716,0.97148395
1,1,0.99998724,0.00015650294,0.9999745
0,0,0.99894476,0.008287204,0.9978895
0,0,0.99886644,0.0088212285,0.9977329
0,0,0.9998522,0.001451291,0.99970436
1,1,0.993869,0.037345886,0.987738
1,1,1.0,2.763102e-11,1.0
0,0,0.9998522,0.0014514962,0.99970436
0,0,0.9997519,0.0023076106,0.99950385
1,0,0.60216224,0.6721252,0.20432445
1,0,0.7766664,0.5310949,0.5533328
1,0,0.99999994,9.961526e-07,0.9999999
1,1,0.93842673,0.23127466,0.87685347
0,0,0.9969538,0.020690963,0.9939076
0,0,0.9976466,0.016593454,0.99529314
0,0,0.9989464,0.008276024,0.99789286
0,0,0.9999997,4.7984104e-06,0.9999994
1,1,0.9999993,1.0836571e-05,0.99999857
1,1,0.99998724,0.00015650294,0.9999745
0,0,0.9989406,0.008315961,0.9978812
0,0,0.99985236,0.0014500911,0.9997047
1,1,0.96327776,0.15738355,0.9265555
0,0,0.9999987,1.906958e-05,0.9999974
1,0,0.9023079,0.31998214,0.80461586
0,0,1.0,2.739237e-10,1.0
1,0,0.9997298,0.0024900767,0.9994596
1,0,0.9999997,4.826234e-06,0.9999994
0,0,1.0,2.679793e-10,1.0
0,0,1.0,6.0512533e-09,1.0
0,0,0.9989478,0.008266483,0.9978956
1,1,0.9999999,2.0196896e-06,0.99999976
0,0,0.95393825,0.18675187,0.9078765
1,1,0.78269625,0.52347416,0.5653925
0,0,1.0,8.624307e-10,1.0
1,1,0.87717605,0.372514,0.7543521
1,1,0.99999976,3.87412e-06,0.9999995
0,0,0.94728434,0.20643497,0.8945687
1,1,1.0,2.763102e-11,1.0
0,0,1.0,3.743011e-10,1.0
0,0,1.0,3.178147e-10,1.0
1,1,0.8264185,0.4615199,0.65283704
1,0,0.9998525,0.0014490022,0.99970496
0,0,0.9989057,0.00855425,0.99781144
1,1,0.99387604,0.037310094,0.9877521
1,1,0.99633336,0.024224183,0.9926667
0,0,0.9999866,0.00016374957,0.9999732
1,1,0.9454176,0.21179296,0.89083517
1,1,1.0,2.763102e-11,1.0
0,0,0.99865955,0.010206435,0.9973191
0,0,0.9996681,0.0029903152,0.99933624
1,0,0.9998524,0.0014492004,0.99970484
0,0,1.0,9.667964e-10,1.0
0,0,1.0,6.318302e-10,1.0
0,0,0.9989251,0.008421928,0.9978502
0,0,1.0,1.4278908e-09,1.0
0,0,0.99985224,0.0014511521,0.9997045
0,0,0.9989486,0.008261082,0.99789715
1,1,1.0,2.763102e-11,1.0
1,1,0.6233636,0.66239345,0.24672723
1,1,0.9616976,0.16251111,0.92339516
1,1,1.0,2.763102e-11,1.0
1,1,1.0,2.763102e-11,1.0
1,1,1.0,2.763102e-11,1.0
0,0,1.0,7.951817e-08,1.0
1,0,1.0,1.4762901e-07,1.0
0,0,0.9678515,0.1421329,0.93570304
1,1,0.99207884,0.046213996,0.9841577
1,1,0.99999976,3.87412e-06,0.9999995
1,0,0.9994908,0.0043702926,0.9989816
0,0,0.9989449,0.008286299,0.99788976
0,0,1.0,3.365689e-10,1.0
0,0,0.9999992,1.1622112e-05,0.99999845
1,1,0.998331,0.012341681,0.996662
0,0,1.0,4.110337e-10,1.0
1,1,0.86425275,0.39716774,0.7285055
1,1,0.9999999,2.0196896e-06,0.99999976
0,0,1.0,6.5301037e-10,1.0
1,1,0.8264185,0.4615199,0.65283704
1,1,0.93842673,0.23127466,0.87685347
1,1,0.93842673,0.23127466,0.87685347
0,0,1.0,2.6667077e-10,1.0
1,0,0.9997405,0.0024022253,0.99948096
1,0,1.0,2.763102e-11,1.0
0,0,0.9998522,0.0014516438,0.99970436
1,1,0.7040137,0.60742503,0.4080274
1,1,0.93842673,0.23127466,0.87685347
1,1,1.0,2.763102e-11,1.0
0,0,0.9985038,0.011227477,0.9970076
0,0,1.0,7.2235085e-10,1.0
1,1,1.0,2.763102e-11,1.0
0,0,0.99998194,0.00021530608,0.9999639
0,0,1.0,2.763102e-11,1.0
0,0,1.0,9.0004537e-10,1.0
0,0,0.99895495,0.008217281,0.9979099
0,0,1.0,4.6153903e-09,1.0
0,0,0.9989315,0.008377982,0.99786305
0,1,0.63067794,0.6585939,0.26135588
1,1,0.99309325,0.041245684,0.9861865
0,0,0.9998522,0.0014513198,0.99970436
1,1,0.93842673,0.23127466,0.87685347
0,0,1.0,1.3659186e-09,1.0
1,0,0.9953702,0.029505406,0.9907404
1,1,0.99998724,0.00015650294,0.9999745
1,1,0.93842673,0.23127466,0.87685347
0,0,1.0,1.6014252e-07,1.0
1,1,1.0,2.763102e-11,1.0
0,0,0.9989158,0.008485456,0.9978316
0,0,0.9996913,0.0028038612,0.9993826
1,1,0.922661,0.27222165,0.845322
0,0,1.0,2.9891836e-10,1.0
1,1,0.93842673,0.23127466,0.87685347
1,1,0.9926587,0.043391317,0.98531735
0,0,1.0,2.763102e-11,1.0
0,0,0.9957612,0.027388422,0.99152243
1,0,0.8072906,0.49012786,0.6145812
0,0,0.97946227,0.10012459,0.95892453
1,1,0.99387604,0.037310094,0.9877521
0,0,0.9945926,0.03361925,0.9891852
1,1,0.77462304,0.53362966,0.5492461
1,1,0.8847887,0.357274,0.7695774
0,0,0.97480327,0.11762683,0.94960654
1,0,0.99899626,0.007932929,0.9979925
1,0,1.0,9.726236e-10,1.0
1,1,0.9999999,2.0196896e-06,0.99999976
0,0,1.0,3.4714531e-09,1.0
1,1,1.0,2.763102e-11,1.0
1,0,0.99978346,0.0020434733,0.9995669
1,1,1.0,2.763102e-11,1.0
1,1,0.9697688,0.13554485,0.93953764
0,0,0.9999995,7.5680828e-06,0.99999905
0,0,0.9999902,0.00012245378,0.99998045
1,1,0.99387604,0.037310094,0.9877521
1,1,1.0,2.763102e-11,1.0
0,0,1.0,4.7809684e-10,1.0
1,1,1.0,2.763102e-11,1.0
0,1,0.81365293,0.4808826,0.62730587
1,1,0.8354857,0.44708037,0.6709714
0,0,1.0,4.3195766e-10,1.0
1,1,0.9948106,0.032478157,0.98962116
1,0,0.6962458,0.61401176,0.39249158
0,0,0.99892974,0.008390015,0.9978595
0,0,1.0,8.7733965e-10,1.0
0,0,1.0,1.3810882e-07,1.0
0,0,0.99894446,0.008289255,0.9978889
1,0,0.62946737,0.6592386,0.25893474
1,1,0.9976757,0.016416831,0.99535143
1,0,0.54339886,0.6893755,0.086797684
0,0,1.0,2.763102e-11,1.0
1,1,0.99387604,0.037310094,0.9877521
1,0,0.7318888,0.5813711,0.46377757
0,0,1.0,7.0212494e-09,1.0
1,1,1.0,2.763102e-11,1.0
1,0,0.99999934,1.004706e-05,0.9999987
1,1,1.0,2.763102e-11,1.0
0,0,0.99084324,0.052089747,0.9816865
0,0,0.9989317,0.008376552,0.9978634
1,0,0.65626144,0.6434841,0.3125229
1,1,1.0,2.763102e-11,1.0
0,0,0.9989576,0.008199524,0.99791515
1,1,0.9459021,0.21040887,0.8918042
0,0,1.0,4.5727014e-10,1.0
0,0,0.99892193,0.008443622,0.99784386
1,1,1.0,2.763102e-11,1.0
1,1,0.98412883,0.08150278,0.96825767
1,0,0.73898184,0.5741192,0.4779637
0,0,1.0,7.6033296e-10,1.0
1,1,0.9852878,0.07667542,0.9705756
1,1,0.93842673,0.23127466,0.87685347
1,0,0.9527195,0.19042856,0.905439
1,1,0.99527377,0.030022249,0.99054754
1,1,1.0,2.763102e-11,1.0
0,0,0.9989437,0.00829462,0.9978874
0,0,1.0,3.1130815e-10,1.0
1,1,0.85162985,0.4198715,0.7032597
1,1,0.96218866,0.16092497,0.9243773
1,1,0.94338304,0.21755567,0.8867661
1,0,0.7939382,0.5086919,0.58787644
1,1,1.0,2.763102e-11,1.0
1,0,0.9779158,0.10604307,0.95583165
1,1,1.0,2.763102e-11,1.0
1,1,1.0,2.763102e-11,1.0
1,0,0.999822,0.0017147857,0.99964404
1,1,0.9999981,2.702674e-05,0.9999962
0,0,0.99894774,0.008266922,0.9978955
1,1,1.0,2.763102e-11,1.0
0,0,0.9998205,0.0017280562,0.99964094
0,0,1.0,4.928765e-10,1.0
0,0,0.9989535,0.008227077,0.99790704
0,0,1.0,9.1214397e-10,1.0
0,0,0.99967027,0.002973217,0.99934053
0,1,0.99234676,0.044915237,0.9846935
0,0,1.0,6.309848e-10,1.0
1,1,0.99998724,0.00015650294,0.9999745
0,0,0.99894726,0.00826998,0.9978945
0,0,1.0,4.5123616e-10,1.0
1,0,0.999822,0.0017147857,0.99964404
1,0,1.0,3.3446656e-07,1.0
1,1,0.993722,0.03809202,0.98744404
1,1,0.7316635,0.5815972,0.46332705
1,1,0.93842673,0.23127466,0.87685347
1,1,1.0,2.763102e-11,1.0
0,0,1.0,2.763102e-11,1.0
1,1,1.0,2.763102e-11,1.0
0,0,1.0,4.111639e-10,1.0
0,0,1.0,4.718706e-10,1.0
0,0,0.99911636,0.0070963586,0.9982327
0,0,0.97261345,0.12553677,0.9452269
1,1,0.993869,0.037345886,0.987738
1,1,1.0,2.763102e-11,1.0
1,0,0.9999992,1.1686108e-05,0.99999845
0,0,0.99090445,0.05180288,0.9818089
1,1,0.8264185,0.4615199,0.65283704
0,0,1.0,3.3354663e-10,1.0
0,0,0.9967509,0.021859232,0.9935018
1,1,1.0,2.763102e-11,1.0
1,0,0.9998525,0.0014488637,0.99970496
0,0,0.9989089,0.008532502,0.99781775
0,0,0.9989526,0.008233268,0.99790525
1,1,1.0,2.763102e-11,1.0
1,1,0.93842673,0.23127466,0.87685347
1,1,0.99998724,0.00015650294,0.9999745
1,1,1.0,2.763102e-11,1.0
1,1,0.9999999,2.0196896e-06,0.99999976
1,0,0.99999964,5.742078e-06,0.9999993
1,0,0.99999994,8.0627535e-07,0.9999999
1,1,0.95416987,0.18604925,0.90833974
0,0,0.99999434,7.3886025e-05,0.9999887
1,1,1.0,2.763102e-11,1.0
1,1,1.0,2.763102e-11,1.0
1,1,0.9998467,0.0014997673,0.9996934
1,1,0.8354857,0.44708037,0.6709714
1,1,0.9889659,0.06070096,0.97793186
0,0,1.0,3.2383077e-10,1.0
0,0,1.0,1.3532204e-07,1.0
1,0,0.99982184,0.0017162593,0.9996437
1,1,0.9999999,2.0196896e-06,0.99999976
1,1,0.86523455,0.39534628,0.7304691
1,1,1.0,2.763102e-11,1.0
1,1,0.9999988,1.7452001e-05,0.9999976
1,1,0.99984884,0.0014809059,0.9996977
1,1,1.0,2.763102e-11,1.0
1,1,0.93842673,0.23127466,0.87685347
1,0,0.9997834,0.0020440842,0.9995668
0,0,1.0,3.7205947e-07,1.0
0,0,0.9989537,0.008225984,0.9979074
0,0,1.0,2.763102e-11,1.0
0,0,0.86960745,0.38713223,0.7392149
1,1,1.0,2.763102e-11,1.0
1,1,0.93842673,0.23127466,0.87685347
1,1,0.99989426,0.0010737217,0.9997885
1,0,0.9999996,6.5374393e-06,0.99999917
0,0,1.0,3.0293895e-10,1.0
0,0,1.0,2.763102e-11,1.0
1,1,0.99970824,0.0026665595,0.9994165
1,1,0.9937184,0.038110435,0.9874368
1,1,0.97011715,0.1343347,0.9402343
1,1,1.0,2.763102e-11,1.0
1,1,0.99999964,5.6661747e-06,0.9999993
1,1,1.0,2.763102e-11,1.0
1,1,0.993869,0.037345886,0.987738
1,0,0.99899626,0.007932929,0.9979925
1,1,0.96384996,0.15550953,0.9276999
0,0,1.0,3.4337608e-10,1.0
0,0,0.97319084,0.12346916,0.9463817
1,1,0.993869,0.037345886,0.987738
0,0,1.0,2.8291885e-07,1.0
0,0,1.0,2.763102e-11,1.0
1,0,0.9966601,0.022377618,0.9933202
0,0,0.99985224,0.0014510927,0.9997045
1,1,0.99995136,0.00053165987,0.9999027
0,0,0.99609864,0.025532303,0.9921973
0,1,0.5024621,0.6931351,0.004924178
1,1,0.9999999,2.0196896e-06,0.99999976
0,0,0.9989602,0.008181351,0.9979204
1,1,1.0,2.763102e-11,1.0
0,0,1.0,3.6763367e-10,1.0
0,0,1.0,2.763102e-11,1.0
0,0,1.0,2.763102e-11,1.0
1,1,0.8441688,0.432692,0.68833756
0,0,0.9989258,0.0084171835,0.9978516
0,0,0.9998522,0.0014514962,0.99970436
1,0,0.5385572,0.6901709,0.07711434
0,0,1.0,9.616412e-08,1.0
1,0,0.5932573,0.6756511,0.18651459
0,0,0.99894804,0.008264705,0.9978961
1,1,0.8772072,0.37245274,0.75441444
1,1,0.9988827,0.008710711,0.9977654
0,0,0.99894845,0.008262125,0.9978969
1,1,1.0,2.763102e-11,1.0
0,0,1.0,3.7626266e-10,1.0
0,1,0.5287714,0.69149065,0.0575428
1,1,0.9999906,0.00011840602,0.99998116
1,1,0.99463,0.033424266,0.98925996
1,1,1.0,2.763102e-11,1.0
1,0,0.9998525,0.001448726,0.99970496
0,0,0.99894404,0.008292277,0.9978881
1,1,0.9812655,0.09307234,0.962531
0,0,0.99364775,0.038467623,0.9872955
0,0,0.9984895,0.011320641,0.996979
0,0,1.0,3.518532e-10,1.0
0,0,0.9989373,0.008338232,0.9978746
1,0,0.9999968,4.3996486e-05,0.99999356
1,1,1.0,2.763102e-11,1.0
1,1,1.0,2.763102e-11,1.0
0,0,0.9989454,0.008282621,0.99789083
0,0,0.9887711,0.061575122,0.97754216
0,0,0.99893564,0.008349653,0.9978713
1,1,0.9957659,0.027362587,0.99153185
1,1,0.98386025,0.08260898,0.9677205
1,0,1.0,3.6806915e-11,1.0
0,0,1.0,2.8175683e-07,1.0
0,0,0.9125131,0.29668456,0.82502615
0,0,0.99529815,0.02989174,0.9905963
1,1,0.99998724,0.00015650294,0.9999745
1,1,0.93842673,0.23127466,0.87685347
1,1,0.9999815,0.00021986215,0.99996305
1,1,0.8354857,0.44708037,0.6709714
1,1,0.99068165,0.052845262,0.9813633
1,1,1.0,2.763102e-11,1.0
1,1,0.6742887,0.63109976,0.34857738
0,0,0.9770397,0.109346606,0.9540794
0,0,0.99190956,0.047029875,0.9838191
1,1,1.0,2.763102e-11,1.0
1,1,0.8102395,0.48587552,0.620479
0,0,0.9989558,0.008211828,0.9979116
1,1,1.0,2.763102e-11,1.0
1,0,0.9997852,0.002029256,0.99957037
1,1,0.99387604,0.037310094,0.9877521
1,0,0.99969834,0.002746804,0.9993967
1,1,0.9999999,2.0196896e-06,0.99999976
1,1,0.9999999,2.0196896e-06,0.99999976
1,1,0.93842673,0.23127466,0.87685347
1,1,0.8604104,0.4042178,0.7208208
0,0,1.0,4.062796e-07,1.0
0,0,1.0,3.059062e-10,1.0
1,1,0.9991473,0.0068784836,0.9982946
0,0,0.99999994,1.3036823e-06,0.9999999
1,0,0.99982184,0.0017159325,0.9996437
1,1,0.8354857,0.44708037,0.6709714
1,0,0.99536073,0.02955607,0.99072146
1,1,0.9999999,2.0196896e-06,0.99999976
1,1,0.94634753,0.2091324,0.89269507
1,1,0.93842673,0.23127466,0.87685347
1,1,0.9388465,0.23012963,0.87769306
1,0,1.0,2.0519393e-10,1.0
0,1,0.93842673,0.23127466,0.87685347
1,1,1.0,2.763102e-11,1.0
0,0,0.9941154,0.03608714,0.9882308
1,1,0.99998724,0.00015650294,0.9999745
1,1,0.99909985,0.0072124465,0.9981997
0,0,0.99894315,0.008298192,0.9978863
1,1,1.0,2.763102e-11,1.0
0,0,1.0,5.958928e-10,1.0
1,1,0.8732099,0.38023895,0.7464198
0,0,0.9998522,0.0014514487,0.99970436
1,0,1.0,2.763102e-11,1.0
0,0,1.0,3.8318795e-10,1.0
1,0,0.9486917,0.20234957,0.89738345
0,0,0.9989561,0.008209789,0.99791217
0,0,0.9999943,7.49649e-05,0.99998856
1,1,0.8264185,0.4615199,0.65283704
1,1,1.0,2.763102e-11,1.0
0,0,1.0,2.763102e-11,1.0
1,1,0.93842673,0.23127466,0.87685347
1,1,0.99999976,3.87412e-06,0.9999995
0,0,1.0,2.763102e-11,1.0
0,0,1.0,2.789779e-10,1.0
0,0,0.9985114,0.01117846,0.99702275
0,0,1.0,2.7403413e-10,1.0
0,0,0.9969818,0.02052844,0.9939636
0,0,1.0,3.844133e-10,1.0
1,0,0.5299225,0.6913554,0.059845
0,0,0.78867525,0.5157066,0.5773505
1,1,1.0,2.763102e-11,1.0
0,0,1.0,2.9119998e-10,1.0
1,1,0.9999999,2.0196896e-06,0.99999976
0,0,0.9989385,0.008330286,0.997877
1,0,0.9997853,0.0020281821,0.9995706
1,1,1.0,2.763102e-11,1.0
1,1,1.0,2.763102e-11,1.0
0,0,0.99609476,0.02555378,0.9921895
1,1,1.0,2.763102e-11,1.0
0,0,1.0,4.2092663e-10,1.0
1,1,0.9957865,0.027250253,0.991573
0,0,1.0,4.3695142e-10,1.0
1,0,0.99999994,6.5600017e-07,0.9999999
1,1,1.0,2.763102e-11,1.0
0,0,0.9989304,0.008385615,0.9978608
0,0,0.99892056,0.008452854,0.9978411
1,0,0.99899626,0.007932929,0.9979925
1,1,0.9999999,2.0196896e-06,0.99999976
1,1,0.98979694,0.05693257,0.9795939
0,1,0.99997437,0.00029658352,0.99994874
1,1,1.0,2.763102e-11,1.0
0,0,1.0,4.448857e-10,1.0
1,0,0.99999946,8.0329255e-06,0.9999989
0,0,0.9998434,0.0015285125,0.99968684
1,1,0.993869,0.037345886,0.987738
0,0,1.0,2.763102e-11,1.0
0,0,0.9998522,0.0014512977,0.99970436
0,0,0.9989402,0.008318181,0.99788046
0,0,1.0,2.763102e-11,1.0
1,0,0.9999977,3.2582946e-05,0.99999535
0,0,1.0,3.0056146e-10,1.0
0,0,1.0,8.7126645e-10,1.0
1,1,1.0,2.763102e-11,1.0
1,1,0.993869,0.037345886,0.987738
1,1,0.9961892,0.025029493,0.99237835
0,0,1.0,1.5472265e-09,1.0
0,0,0.9989252,0.008421128,0.9978504
0,0,0.9989545,0.0082207145,0.99790895
1,1,1.0,2.763102e-11,1.0
1,0,0.6661918,0.6368428,0.33238363
0,0,0.9998375,0.0015800708,0.99967504
0,0,0.99850565,0.011215395,0.9970113
1,1,0.8625977,0.40021974,0.7251954
0,0,1.0,4.1430753e-10,1.0
1,1,1.0,2.763102e-11,1.0
0,0,1.0,2.7121871e-09,1.0
1,1,1.0,2.763102e-11,1.0
0,0,1.0,3.4093578e-10,1.0
1,1,0.9929125,0.0421415,0.98582494
1,1,0.68349516,0.6242068,0.36699033
1,1,0.9319814,0.24848332,0.86396277
0,0,0.99895823,0.008194714,0.99791646
1,1,0.70802087,0.60391426,0.41604173
0,0,0.9998522,0.001451291,0.99970436
1,1,1.0,2.763102e-11,1.0
0,0,0.9989452,0.0082845865,0.99789035
0,0,1.0,3.574526e-10,1.0
0,0,0.9998521,0.001451829,0.99970424
1,1,0.9999994,9.1391485e-06,0.9999988
1,0,1.0,5.1141885e-10,1.0
0,0,1.0,4.1592071e-10,1.0
0,0,0.99958235,0.0036670812,0.9991647
1,1,1.0,2.763102e-11,1.0
1,1,1.0,2.763102e-11,1.0
1,1,0.88571084,0.35538995,0.7714217
1,0,0.7527921,0.55924684,0.50558424
0,0,0.9998277,0.0016657349,0.99965537
0,0,1.0,2.6179223e-10,1.0
1,1,1.0,2.763102e-11,1.0
1,1,0.5685021,0.6837325,0.13700426
1,1,1.0,2.763102e-11,1.0
1,1,0.99995136,0.00053165987,0.9999027
1,1,1.0,2.763102e-11,1.0
1,1,0.9395033,0.228332,0.8790066
1,0,0.9997834,0.0020440996,0.9995668
1,1,1.0,2.763102e-11,1.0
1,1,0.9686499,0.1394043,0.93729985
0,0,0.9732109,0.12339726,0.94642174
1,0,0.8709247,0.38462505,0.7418494
1,1,0.9999999,2.0196896e-06,0.99999976
1,1,0.9999331,0.0007097346,0.99986625
1,1,1.0,2.763102e-11,1.0
1,0,0.9999999,1.7162854e-06,0.99999976
0,0,0.99893343,0.008364715,0.99786687
1,1,1.0,2.763102e-11,1.0
1,1,0.99999976,3.87412e-06,0.9999995
1,1,0.95364016,0.1876542,0.9072803
0,0,0.9999971,3.986246e-05,0.99999416
1,1,0.98697865,0.06946403,0.9739573
0,1,0.999938,0.0006625692,0.999876
1,1,0.99423707,0.035461765,0.98847413
0,0,0.9808586,0.09467842,0.96171725
1,1,0.93842673,0.23127466,0.87685347
1,1,1.0,2.763102e-11,1.0
0,0,1.0,3.0378125e-10,1.0
0,0,1.0,3.0839317e-07,1.0
1,1,0.90327865,0.31781873,0.8065573
0,0,0.99999994,1.0103194e-06,0.9999999
0,0,1.0,7.2475886e-10,1.0
0,0,0.9989336,0.008363574,0.9978672
1,1,0.86425275,0.39716774,0.7285055
0,0,0.9988941,0.008633288,0.9977882
0,0,1.0,1.75489e-09,1.0
0,0,0.99888235,0.008713275,0.9977647
1,0,0.99517316,0.03055938,0.9903463
1,1,0.93842673,0.23127466,0.87685347
1,0,0.80310047,0.4960741,0.60620093
1,1,1.0,2.763102e-11,1.0
1,1,0.99993515,0.0006902231,0.9998703
1,1,0.93842673,0.23127466,0.87685347
0,0,1.0,4.6879944e-10,1.0
1,1,1.0,2.763102e-11,1.0
1,1,1.0,2.763102e-11,1.0
1,1,0.92473686,0.26704508,0.8494737
1,1,0.98579466,0.074535415,0.9715893
1,1,0.99999976,3.87412e-06,0.9999995
0,0,0.984609,0.07951355,0.969218
1,1,0.9999999,2.0196896e-06,0.99999976
1,1,0.9999993,1.0836571e-05,0.99999857
1,1,0.9999999,2.0196896e-06,0.99999976
1,1,0.9298809,0.25394687,0.85976183
1,1,0.9999999,2.0196896e-06,0.99999976
1,1,0.9995821,0.0036690948,0.9991642
1,1,0.99610907,0.025474546,0.99221814
1,1,1.0,2.763102e-11,1.0
1,1,0.94776195,0.20505305,0.8955239
1,1,1.0,2.763102e-11,1.0
0,0,1.0,3.1134065e-10,1.0
1,0,0.99899626,0.007932929,0.9979925
0,0,0.9998205,0.0017280562,0.99964094
1,1,0.9971258,0.019689802,0.9942516
1,0,0.99966776,0.0029934822,0.9993355
0,0,0.61720216,0.6654172,0.23440436
0,1,0.99996066,0.00043836597,0.9999213
1,1,0.9785091,0.10378595,0.95701826
0,0,1.0,2.763102e-11,1.0
0,0,0.99885625,0.008890134,0.9977125
0,0,1.0,3.9353407e-10,1.0
1,1,0.9414841,0.22286431,0.8829682
1,0,0.9993741,0.005242791,0.9987482
0,0,0.9989397,0.008321955,0.9978794
1,0,0.9396499,0.2279298,0.87929976
1,1,0.93842673,0.23127466,0.87685347
1,0,0.99978507,0.0020299423,0.99957013
1,1,0.97757643,0.107326955,0.95515287
1,1,0.9999473,0.00057174725,0.9998946
1,1,0.99999976,3.87412e-06,0.9999995
1,1,1.0,2.763102e-11,1.0
0,0,1.0,4.5592055e-10,1.0
0,0,1.0,2.763102e-11,1.0
0,0,0.9989336,0.008363487,0.9978672
1,1,1.0,2.763102e-11,1.0
0,0,0.9997931,0.001962169,0.9995862
1,0,0.9999995,7.367324e-06,0.99999905
1,1,0.72363335,0.5894889,0.4472667
1,1,0.9459021,0.21040887,0.8918042
0,0,0.9989447,0.008287587,0.9978894
0,0,1.0,4.5963167e-09,1.0
0,1,0.9237566,0.2694972,0.8475132
1,1,1.0,2.763102e-11,1.0
1,1,0.86600584,0.3939095,0.7320117
0,0,1.0,2.986557e-10,1.0
0,0,1.0,2.763102e-11,1.0
0,0,0.9989564,0.008207573,0.99791276
1,1,0.99370486,0.038178932,0.9874097
1,1,0.978687,0.10310605,0.957374
1,0,0.9961864,0.025045004,0.99237275
1,1,1.0,2.763102e-11,1.0
0,0,0.9999985,2.1240412e-05,0.999997
1,1,1.0,2.763102e-11,1.0
1,1,1.0,2.763102e-11,1.0
1,1,0.9937184,0.038110435,0.9874368
0,1,0.99993944,0.00064869307,0.9998789
1,1,1.0,2.763102e-11,1.0
0,0,0.99985236,0.0014500911,0.9997047
1,1,1.0,2.763102e-11,1.0
1,0,0.99885863,0.0088741,0.99771726
0,0,1.0,4.1923423e-10,1.0
0,0,1.0,2.7869158e-08,1.0
1,1,0.9990534,0.007536852,0.99810684
1,1,0.93842673,0.23127466,0.87685347
1,1,1.0,2.763102e-11,1.0
1,1,0.993869,0.037345886,0.987738
1,1,1.0,2.763102e-11,1.0
0,0,0.99999505,6.5080436e-05,0.9999901
0,0,0.99999976,3.905022e-06,0.9999995
0,0,0.9998522,0.0014513505,0.99970436
1,1,0.9896235,0.057724584,0.979247
0,0,0.9842496,0.08100394,0.9684992
0,0,0.9989476,0.008267563,0.99789524
1,1,0.9937325,0.038038887,0.987465
0,0,1.0,2.763102e-11,1.0
0,0,1.0,2.763102e-11,1.0
1,0,0.63062006,0.6586249,0.26124012
1,1,0.9999981,2.702674e-05,0.9999962
0,0,1.0,2.0564295e-09,1.0
1,1,1.0,2.763102e-11,1.0
0,0,1.0,2.7533076e-10,1.0
0,0,0.9989549,0.008217796,0.9979098
1,0,0.6661918,0.6368428,0.33238363
0,1,0.999977,0.00026871907,0.999954
1,0,1.0,7.0881714e-09,1.0
1,0,0.9902295,0.054944396,0.980459
0,0,1.0,7.75325e-10,1.0
1,1,1.0,2.763102e-11,1.0
0,0,1.0,1.6551461e-09,1.0
0,0,0.998959,0.008189708,0.997918
0,0,0.9989607,0.008177978,0.99792135
1,1,0.93842673,0.23127466,0.87685347
0,0,0.9806493,0.09550126,0.9612986
0,0,0.99957585,0.003717732,0.9991517
1,0,0.9999996,6.9291177e-06,0.99999917
0,0,0.9813834,0.09260536,0.96276677
1,1,0.59478384,0.67507005,0.18956769
0,0,0.9999888,0.00013880545,0.9999776
1,1,0.9922625,0.045324795,0.98452497
0,0,1.0,3.2143146e-10,1.0
1,0,0.9998524,0.0014494734,0.99970484
1,1,0.61797184,0.6650483,0.23594368
0,0,1.0,5.8773164e-09,1.0
0,0,1.0,8.3659085e-10,1.0
0,0,1.0,4.296874e-10,1.0
0,0,0.9989373,0.008338423,0.9978746
1,1,1.0,2.763102e-11,1.0
1,1,0.9882179,0.06403881,0.9764358
0,0,1.0,4.0902586e-07,1.0
1,0,0.99899626,0.007932929,0.9979925
0,0,0.9987122,0.00985724,0.99742436
1,1,0.99654275,0.023044467,0.9930855
1,1,1.0,2.763102e-11,1.0
1,1,1.0,2.763102e-11,1.0
1,1,1.0,2.763102e-11,1.0
1,0,0.9966601,0.022377618,0.9933202
0,0,1.0,2.313781e-08,1.0
0,0,0.9992353,0.0062519545,0.99847054
1,1,0.9999999,2.0196896e-06,0.99999976
1,0,0.99999994,8.8589155e-07,0.9999999
1,1,0.99993336,0.0007074424,0.9998667
1,1,0.96145606,0.16328877,0.9229121
1,1,0.993869,0.037345886,0.987738
1,1,0.93842673,0.23127466,0.87685347
1,1,0.99583995,0.026957711,0.9916799
0,0,0.998946,0.008278575,0.997892
1,0,0.76455027,0.5457779,0.52910054
0,1,0.9999715,0.0003266754,0.999943
0,0,1.0,4.6216586e-09,1.0
1,0,0.73216146,0.5810971,0.46432292
1,0,0.9998444,0.0015200604,0.99968874
1,1,0.9999999,2.0196896e-06,0.99999976
1,1,1.0,2.763102e-11,1.0
0,0,0.99894494,0.008286163,0.9978899
0,0,0.99982053,0.0017275373,0.99964106
0,0,0.9985429,0.010972739,0.9970858
0,0,1.0,3.182521e-10,1.0
0,0,1.0,3.732151e-10,1.0
0,0,0.99999815,2.6380289e-05,0.9999963
0,0,0.99985224,0.0014511422,0.9997045
1,1,1.0,2.763102e-11,1.0
1,1,0.88571084,0.35538995,0.7714217
1,1,1.0,2.763102e-11,1.0
0,0,0.9999979,2.9707984e-05,0.9999958
1,0,0.67878455,0.6277822,0.3575691
1,1,0.92342216,0.27033067,0.8468443
1,1,0.99972886,0.0024979548,0.9994577
0,0,0.9989181,0.00846952,0.99783623
1,1,0.99992526,0.0007849191,0.9998505
1,1,0.89435697,0.33730796,0.78871393
0,0,1.0,3.3910547e-07,1.0
1,1,0.9344755,0.2419053,0.86895096
0,0,0.99894947,0.008255004,0.99789894
1,0,0.6509541,0.6468539,0.30190825
1,1,0.99947923,0.004457729,0.99895847
1,1,1.0,2.763102e-11,1.0
1,1,0.9999999,2.0196896e-06,0.99999976
1,1,0.5708689,0.6830685,0.14173782
1,0,0.5756982,0.68164253,0.1513964
1,1,0.9999999,2.0196896e-06,0.99999976
0,0,0.99991107,0.00091840554,0.99982214
1,0,0.6378012,0.65467286,0.2756023
1,1,0.9979563,0.01469838,0.99591255
0,0,0.9989533,0.008228768,0.99790657
1,0,0.9998523,0.0014505571,0.9997046
0,1,0.9999646,0.00039825973,0.9999292
1,1,0.9999999,2.0196896e-06,0.99999976
0,0,1.0,7.880534e-10,1.0
0,0,1.0,4.6519455e-10,1.0
1,1,0.9998658,0.0013310068,0.99973154
1,0,0.73106724,0.58219445,0.46213448
0,0,0.99073386,0.052601375,0.9814677
1,0,0.98282784,0.08681956,0.9656557
0,0,1.0,3.6615388e-10,1.0
1,1,0.99998724,0.00015650294,0.9999745
1,0,0.99899626,0.007932929,0.9979925
1,0,0.9233302,0.2705596,0.8466604
1,1,0.9921732,0.045757674,0.9843464
0,0,1.0,3.0596556e-10,1.0
0,0,0.99993646,0.0006773435,0.9998729
0,0,1.0,2.4184368e-08,1.0
0,0,0.99895906,0.008189236,0.9979181
1,1,1.0,2.763102e-11,1.0
1,0,0.951818,0.19312711,0.903636
1,1,1.0,2.763102e-11,1.0
0,0,0.999737,0.002430677,0.99947405
0,0,1.0,4.4588213e-09,1.0
1,1,1.0,2.763102e-11,1.0
0,0,1.0,1.7669027e-09,1.0
1,1,0.9999999,2.0196896e-06,0.99999976
0,0,0.99999994,7.79451e-07,0.9999999
1,0,0.81871694,0.47333348,0.6374339
0,0,0.99448025,0.0342041,0.9889605
1,0,0.995575,0.028400732,0.99115
1,1,0.9999999,2.0196896e-06,0.99999976
1,1,0.917559,0.28469098,0.83511806
1,1,0.9974457,0.017800132,0.9948914
1,1,0.99984276,0.0015342685,0.9996855
1,1,0.9999715,0.0003266754,0.999943
1,1,0.8811768,0.36457366,0.76235366
1,1,1.0,2.763102e-11,1.0
1,0,0.999296,0.0058139255,0.998592
0,0,1.0,2.763102e-11,1.0
1,0,0.6661918,0.6368428,0.33238363
0,0,1.0,4.9476334e-10,1.0
0,0,0.9989535,0.008227211,0.99790704
0,0,1.0,3.3890046e-10,1.0
1,1,0.8264185,0.4615199,0.65283704
0,0,1.0,1.4966455e-09,1.0
0,0,0.99882627,0.009092815,0.99765253
1,0,0.99985236,0.0014500824,0.9997047
1,1,0.993869,0.037345886,0.987738
0,0,1.0,2.946357e-10,1.0
1,0,0.99945885,0.0046113413,0.9989177
0,0,0.9999877,0.00015089949,0.99997544
1,1,0.93842673,0.23127466,0.87685347
1,1,0.9999999,2.0196896e-06,0.99999976
0,0,1.0,4.7066834e-10,1.0
0,0,0.99375135,0.037943427,0.9875027
0,0,1.0,2.763102e-11,1.0
1,1,0.5708689,0.6830685,0.14173782
1,1,0.85247463,0.41839245,0.70494926
1,1,1.0,2.763102e-11,1.0
1,0,1.0,2.763102e-11,1.0
1,0,0.9945317,0.033936486,0.9890634
0,0,1.0,2.763102e-11,1.0
1,1,1.0,2.763102e-11,1.0
1,1,0.93842673,0.23127466,0.87685347
1,1,1.0,2.763102e-11,1.0
1,1,1.0,2.763102e-11,1.0
0,0,1.0,4.6372822e-10,1.0
1,0,0.9998219,0.0017157147,0.9996438
1,1,1.0,2.763102e-11,1.0
1,1,1.0,2.763102e-11,1.0
1,0,1.0,2.763102e-11,1.0
0,0,1.0,1.274711e-09,1.0
0,0,0.99893904,0.0083265845,0.9978781
0,0,1.0,1.0456765e-09,1.0
0,0,1.0,1.9309516e-07,1.0
0,0,1.0,1.6662439e-08,1.0
0,0,1.0,2.763102e-11,1.0
1,1,0.99949,0.004376059,0.99898005
1,1,0.99999964,5.6661747e-06,0.9999993
1,1,1.0,2.763102e-11,1.0
1,1,0.99998724,0.00015650294,0.9999745
1,1,0.99999964,5.6661747e-06,0.9999993
1,0,0.99223226,0.045471475,0.9844645
0,0,0.9989213,0.008447971,0.99784255
1,1,0.99999964,5.6661747e-06,0.9999993
1,1,1.0,2.763102e-11,1.0
1,1,1.0,2.763102e-11,1.0
1,1,0.85247463,0.41839245,0.70494926
1,1,1.0,2.763102e-11,1.0
0,0,0.9998522,0.0014514277,0.99970436
1,1,1.0,2.763102e-11,1.0
0,0,1.0,2.8705768e-10,1.0
1,1,0.93842673,0.23127466,0.87685347
0,0,0.99894005,0.008319701,0.9978801
0,0,1.0,5.5480847e-09,1.0
1,1,1.0,2.763102e-11,1.0
0,0,1.0,3.7301565e-10,1.0
1,1,0.9655993,0.1497214,0.9311986
0,0,1.0,1.7680449e-09,1.0
1,1,0.9660199,0.14831606,0.93203986
1,1,0.93842673,0.23127466,0.87685347
1,1,0.99999964,5.6661747e-06,0.9999993
1,0,0.9994906,0.0043715336,0.99898124
1,0,0.9968683,0.021184735,0.9937366
0,0,1.0,2.763102e-11,1.0
1,1,0.993869,0.037345886,0.987738
1,0,1.0,1.591049e-07,1.0
0,0,0.99987084,0.0012859635,0.9997417
0,1,0.9999846,0.00018580566,0.99996924
1,0,0.83987206,0.43988198,0.6797441
1,1,0.9999999,2.0196896e-06,0.99999976
1,1,0.993869,0.037345886,0.987738
0,0,1.0,1.7698144e-09,1.0
1,0,0.9998524,0.0014496099,0.99970484
1,1,0.7607891,0.55016863,0.5215782
0,0,0.9989388,0.00832799,0.9978776
0,0,0.99999946,8.131388e-06,0.9999989
1,1,0.98239684,0.08855838,0.9647937
0,0,1.0,2.763102e-11,1.0
0,0,0.99999994,1.2266547e-06,0.9999999
1,1,1.0,2.763102e-11,1.0
0,0,1.0,4.525677e-10,1.0
1,0,0.99999976,3.5501955e-06,0.9999995
0,0,1.0,2.8458141e-10,1.0
1,1,1.0,2.763102e-11,1.0
1,1,0.94608355,0.20988938,0.8921671
0,0,1.0,3.097896e-10,1.0
0,0,0.9988962,0.008618935,0.99779236
0,0,1.0,2.5240732e-09,1.0
1,1,1.0,2.763102e-11,1.0
1,1,0.9999999,2.0196896e-06,0.99999976
1,1,0.99926144,0.00606391,0.9985229
0,0,1.0,2.763102e-11,1.0
1,1,0.9937184,0.038110435,0.9874368
1,1,0.9999989,1.581984e-05,0.99999785
1,1,0.99422,0.03554954,0.98844004
1,1,1.0,2.763102e-11,1.0
0,0,0.828696,0.45794785,0.657392
1,0,0.9999873,0.00015588736,0.9999746
1,0,1.0,4.8452693e-11,1.0
1,1,0.7778252,0.5296468,0.55565035
1,1,0.8488181,0.42475373,0.69763625
0,0,0.99894565,0.008281155,0.9978913
0,0,0.99973804,0.0024222543,0.9994761
1,1,1.0,2.763102e-11,1.0
1,0,1.0,2.763102e-11,1.0
1,1,1.0,2.763102e-11,1.0
1,1,1.0,2.763102e-11,1.0
0,0,1.0,4.9600796e-10,1.0
0,0,0.9999981,2.6728285e-05,0.9999962
1,1,0.9938684,0.03734892,0.9877368
0,0,0.9999922,9.960255e-05,0.9999844
1,1,0.633583,0.65702116,0.26716602
1,1,0.99999976,3.87412e-06,0.9999995
1,1,0.9867405,0.07049244,0.97348106
1,1,1.0,2.763102e-11,1.0
1,1,1.0,2.763102e-11,1.0
1,1,0.9936041,0.038687997,0.98720825
1,0,1.0,2.0659158e-10,1.0
1,1,0.95385116,0.18701565,0.9077023
1,0,1.0,6.033857e-08,1.0
0,0,1.0,2.7841635e-10,1.0
1,1,1.0,2.763102e-11,1.0
0,1,0.9999683,0.00036018612,0.9999366
0,0,1.0,2.9715738e-10,1.0
1,1,0.9945937,0.033613678,0.98918736
1,0,0.9721021,0.12735727,0.9442042
1,1,0.994825,0.03240232,0.98965
1,1,0.8604104,0.4042178,0.7208208
0,0,1.0,2.004572e-09,1.0
1,1,1.0,2.763102e-11,1.0
1,1,0.993869,0.037345886,0.987738
0,0,0.99895674,0.008205272,0.9979135
0,0,0.9909419,0.051627193,0.98188376
0,0,1.0,2.3627452e-07,1.0
0,0,0.74295235,0.56994617,0.48590466
1,0,0.9998524,0.0014493336,0.99970484
0,0,1.0,7.474633e-09,1.0
0,0,0.98958033,0.057921242,0.97916067
1,0,0.7443498,0.56845784,0.48869956
1,0,0.9866382,0.07093309,0.9732764
1,1,0.9999999,2.0196896e-06,0.99999976
1,1,0.9907382,0.052581135,0.9814764
0,0,0.99986756,0.0013149825,0.9997351
1,1,0.99996877,0.000355243,0.99993753
1,0,0.99985236,0.0014500824,0.9997047
1,1,1.0,2.763102e-11,1.0
1,0,0.9909535,0.051572718,0.981907
0,0,1.0,3.172094e-10,1.0
1,1,0.9794209,0.10028439,0.9588418
0,0,1.0,3.2746348e-09,1.0
0,0,0.99051654,0.05361432,0.9810331
0,0,1.0,5.108237e-09,1.0
1,1,1.0,2.763102e-11,1.0
1,1,0.9999999,2.0196896e-06,0.99999976
1,1,0.9998895,0.0011172675,0.999779
0,0,1.0,1.0955901e-09,1.0
0,0,1.0,2.7944894e-10,1.0
1,1,0.54772526,0.6885848,0.09545052
1,0,0.9844075,0.08035016,0.96881497
1,1,0.9999999,2.0196896e-06,0.99999976
0,0,1.0,4.715477e-10,1.0
0,0,1.0,1.4478908e-08,1.0
1,1,0.99482805,0.032386336,0.9896561
1,1,1.0,2.763102e-11,1.0
0,0,1.0,8.230551e-11,1.0
1,0,0.99982184,0.0017160946,0.9996437
0,0,0.9995262,0.0041002934,0.9990524
1,0,0.9972346,0.01905152,0.99446917
1,1,0.9970092,0.020369392,0.99401844
0,0,1.0,2.763102e-11,1.0
1,0,0.9998524,0.0014493336,0.99970484
0,0,0.9988984,0.0086040925,0.9977968
1,1,0.8354857,0.44708037,0.6709714
1,1,1.0,2.763102e-11,1.0
1,1,0.99387604,0.037310094,0.9877521
0,0,0.71762955,0.59517825,0.4352591
0,0,0.99894994,0.008251637,0.9978999
1,1,0.9999995,7.417722e-06,0.99999905
0,0,0.9989554,0.00821409,0.99791086
1,1,1.0,2.763102e-11,1.0
0,0,0.99999964,5.259375e-06,0.9999993
0,0,1.0,6.634755e-09,1.0
0,0,0.9998205,0.0017280667,0.99964094
1,1,0.6101547,0.6686789,0.22030938
0,0,0.9989312,0.008379905,0.99786246
1,1,0.99487716,0.032127794,0.9897543
1,1,1.0,2.763102e-11,1.0
0,0,0.9999939,7.889206e-05,0.99998784
0,0,1.0,2.763102e-11,1.0
1,1,0.99999976,3.87412e-06,0.9999995
1,0,0.99899626,0.007932929,0.9979925
1,0,0.9999971,3.996738e-05,0.99999416
0,0,1.0,3.0039524e-10,1.0
1,1,0.99689424,0.021035131,0.9937885
1,0,0.6661918,0.6368428,0.33238363
0,0,0.93933994,0.22877981,0.8786799
0,0,1.0,2.763102e-11,1.0
0,1,0.99767596,0.016415386,0.9953519
1,1,1.0,2.763102e-11,1.0
1,1,0.8354857,0.44708037,0.6709714
1,1,1.0,2.763102e-11,1.0
0,0,1.0,3.866493e-10,1.0
0,0,0.9688998,0.1385461,0.9377996
1,1,1.0,2.763102e-11,1.0
0,0,1.0,4.6268045e-10,1.0
1,0,0.88580394,0.3551993,0.7716079
0,0,0.99890876,0.008533432,0.9978175
1,1,0.9999999,2.0196896e-06,0.99999976
1,1,0.8696334,0.38708305,0.73926675
1,1,0.9999999,2.0196896e-06,0.99999976
1,0,0.9986307,0.010396641,0.9972614
0,0,1.0,3.5296954e-10,1.0
1,1,0.99999976,3.87412e-06,0.9999995
1,1,0.95545346,0.1821334,0.9109069
0,0,0.9999686,0.00035689468,0.9999372
0,0,1.0,8.6668833e-10,1.0
1,1,0.9969222,0.02087367,0.9938444
0,0,1.0,3.0648603e-10,1.0
1,0,0.99899626,0.007932929,0.9979925
0,0,1.0,3.074226e-10,1.0
0,0,1.0,2.7627348e-10,1.0
1,1,1.0,2.763102e-11,1.0
0,0,0.99893874,0.008328578,0.9978775
1,1,1.0,2.763102e-11,1.0
0,1,0.99994564,0.00058816175,0.9998913
1,0,0.9998524,0.0014492004,0.99970484
0,0,0.9999992,1.180345e-05,0.99999845
0,1,0.9873656,0.067783386,0.9747312
0,0,0.9989599,0.008183269,0.9979198
0,0,1.0,2.9159866e-10,1.0
1,1,0.99954814,0.0039320677,0.9990963
1,1,1.0,2.763102e-11,1.0
0,0,0.9989234,0.008433186,0.99784684
0,0,0.9816342,0.091609,0.9632684
0,0,0.99895895,0.008190018,0.9979179
0,0,1.0,4.4817927e-10,1.0
1,1,0.97020155,0.13404086,0.9404031
0,0,0.9999989,1.5971482e-05,0.99999785
0,0,0.9998522,0.0014516041,0.99970436
0,0,0.99891543,0.00848802,0.99783087
1,0,0.97478384,0.11769774,0.9495677
1,1,0.93842673,0.23127466,0.87685347
0,0,0.9989461,0.008278274,0.99789214
0,0,0.99887824,0.008741177,0.9977565
0,0,1.0,2.763102e-11,1.0
1,1,1.0,2.763102e-11,1.0
0,0,0.98978555,0.056984708,0.9795711
1,1,0.98842525,0.06311847,0.9768505
1,0,0.9928763,0.04232013,0.9857526
1,1,1.0,2.763102e-11,1.0
0,0,1.0,2.763102e-11,1.0
1,1,1.0,2.763102e-11,1.0
1,0,1.0,4.0948254e-09,1.0
0,0,1.0,3.852073e-09,1.0
1,0,0.9997705,0.0021523514,0.99954104
1,0,0.9918275,0.04742419,0.983655
1,1,0.98281306,0.08687933,0.9656261
1,1,1.0,2.763102e-11,1.0
1,1,1.0,2.763102e-11,1.0
1,0,0.68311155,0.62450176,0.36622313
1,1,1.0,2.763102e-11,1.0
0,0,1.0,2.763102e-11,1.0
0,0,1.0,2.763102e-11,1.0
0,0,1.0,3.5227352e-10,1.0
0,0,1.0,2.763102e-11,1.0
1,1,0.9999995,7.417722e-06,0.99999905
0,0,0.99985236,0.0014501088,0.9997047
0,0,1.0,9.142421e-10,1.0
0,0,0.998916,0.008484194,0.99783194
0,0,1.0,8.0498214e-10,1.0
1,1,1.0,2.763102e-11,1.0
1,1,0.56579083,0.68446517,0.13158166
1,0,0.9966601,0.022377618,0.9933202
0,0,1.0,2.763102e-11,1.0
1,1,1.0,2.763102e-11,1.0
1,0,0.7946066,0.50778896,0.58921325
1,0,0.99985117,0.0014604364,0.99970233
0,0,1.0,2.8502486e-10,1.0
0,0,0.99591887,0.026524693,0.99183774
1,1,0.9581112,0.17390099,0.91622245
1,1,0.9959766,0.026206724,0.99195325
1,1,0.9418182,0.22193515,0.88363636
1,1,0.9871897,0.068548806,0.9743794
1,1,1.0,2.763102e-11,1.0
0,0,1.0,1.7956765e-07,1.0
0,0,0.9989463,0.008276796,0.9978926
1,1,0.82722217,0.4602636,0.65444434
0,0,1.0,2.3096506e-07,1.0
1,1,1.0,2.763102e-11,1.0
0,0,1.0,3.155061e-10,1.0
1,1,0.993869,0.037345886,0.987738
1,1,0.6982055,0.61237717,0.39641094
1,1,1.0,2.763102e-11,1.0
0,1,0.97351575,0.122300155,0.9470315
1,1,0.99906725,0.0074404813,0.9981345
0,0,1.0,3.2531552e-10,1.0
0,0,0.9741787,0.11990211,0.94835734
0,0,0.9998522,0.001451291,0.99970436
1,1,0.99980336,0.0018747366,0.9996067
1,0,0.9999999,1.9830425e-06,0.99999976
0,0,1.0,5.7413274e-10,1.0
0,0,1.0,2.8957775e-10,1.0
1,0,0.9998525,0.0014488637,0.99970496
0,0,0.999737,0.002430697,0.99947405
1,0,1.0,1.6853654e-07,1.0
1,1,0.99999523,6.319763e-05,0.99999046
0,0,1.0,9.057756e-10,1.0
0,0,0.99891275,0.008506228,0.9978255
0,0,1.0,4.6440005e-10,1.0
0,0,1.0,4.650796e-10,1.0
1,1,1.0,2.763102e-11,1.0
1,1,0.99999905,1.4174408e-05,0.9999981
1,1,0.9976757,0.016416831,0.99535143
1,1,0.99999964,5.6661747e-06,0.9999993
1,0,0.9987076,0.009887745,0.9974152
0,0,1.0,3.096013e-10,1.0
0,0,0.9738011,0.12127008,0.94760215
1,1,0.87815076,0.37059334,0.7563015
0,0,0.9998523,0.0014502984,0.9997046
0,0,0.56941456,0.68347925,0.13882911
1,0,0.9998219,0.0017155657,0.9996438
1,1,1.0,2.763102e-11,1.0
1,1,1.0,2.763102e-11,1.0
0,0,0.99764,0.016632969,0.99528
1,0,0.6661918,0.6368428,0.33238363
0,0,1.0,8.54037e-10,1.0
0,0,0.9626309,0.15949081,0.92526186
1,1,0.9079562,0.30724114,0.81591237
0,0,0.998839,0.009006651,0.99767804
0,0,1.0,3.9585923e-10,1.0
1,1,0.93842673,0.23127466,0.87685347
1,0,0.74934983,0.5630483,0.49869967
1,1,1.0,2.763102e-11,1.0
1,0,0.8187747,0.4732464,0.6375494
1,0,0.9998218,0.0017166391,0.99964356
1,1,0.9414841,0.22286431,0.8829682
0,0,1.0,4.6582754e-10,1.0
1,1,0.9983493,0.012224581,0.9966986
0,0,0.9998522,0.0014513087,0.99970436
1,1,0.9618271,0.16209342,0.9236542
1,1,0.9999999,2.0196896e-06,0.99999976
1,1,0.9999999,2.0196896e-06,0.99999976
0,0,0.9989557,0.00821192,0.99791145
1,1,1.0,2.763102e-11,1.0
1,1,0.99999964,5.6661747e-06,0.9999993
0,0,0.99985224,0.0014511422,0.9997045
1,1,0.97197074,0.1278235,0.9439415
1,1,0.9993585,0.005357593,0.99871695
0,0,0.99999994,8.617549e-07,0.9999999
0,0,1.0,5.8814487e-09,1.0
1,1,1.0,2.763102e-11,1.0
1,1,1.0,2.763102e-11,1.0
0,0,0.999999,1.4915893e-05,0.999998
1,1,0.99387604,0.037310094,0.9877521
1,0,0.5060663,0.69307363,0.012132645
1,1,0.859957,0.40504158,0.71991396
1,1,1.0,2.763102e-11,1.0
1,1,1.0,2.763102e-11,1.0
1,1,0.9948257,0.03239856,0.98965144
1,1,0.99999976,3.87412e-06,0.9999995
0,0,1.0,2.920118e-10,1.0
1,1,0.99984896,0.0014798574,0.9996979
0,0,0.998939,0.00832678,0.99787796
1,1,0.8354857,0.44708037,0.6709714
1,1,0.99999857,2.0681588e-05,0.99999714
1,1,0.9912549,0.050151944,0.98250985
1,1,1.0,2.763102e-11,1.0
1,1,0.993722,0.03809202,0.98744404
0,0,1.0,2.9558486e-10,1.0
0,0,1.0,2.8071098e-10,1.0
1,1,1.0,2.763102e-11,1.0
0,0,0.9979157,0.014949383,0.9958314
1,0,0.9996728,0.0029531645,0.99934554
1,1,0.93842673,0.23127466,0.87685347
0,0,1.0,1.9341233e-07,1.0
1,1,0.999995,6.611323e-05,0.99999
0,0,1.0,3.2907654e-10,1.0
0,0,0.99894613,0.008277785,0.99789226
1,1,0.8989963,0.32728276,0.7979926
1,1,0.93842673,0.23127466,0.87685347
1,1,0.93842673,0.23127466,0.87685347
0,0,1.0,2.763102e-11,1.0
0,0,0.9999972,3.8498663e-05,0.9999944
1,1,1.0,2.763102e-11,1.0
1,0,0.99999875,1.8091383e-05,0.9999975
1,1,0.8897844,0.34696588,0.7795688
1,1,1.0,2.763102e-11,1.0
1,1,1.0,2.763102e-11,1.0
1,1,1.0,2.763102e-11,1.0
0,0,0.9998522,0.0014513505,0.99970436
1,1,0.99999905,1.4174408e-05,0.9999981
1,1,0.99999094,0.000114260336,0.9999819
1,1,0.98827213,0.06379844,0.97654426
0,0,0.97351754,0.12229368,0.9470351
1,1,0.93942714,0.22854087,0.8788543
1,1,1.0,2.763102e-11,1.0
0,0,1.0,5.575461e-10,1.0
1,1,0.56903297,0.6835855,0.13806593
1,1,0.9999999,2.0196896e-06,0.99999976
1,0,0.9424729,0.22010845,0.88494575
1,0,0.9999189,0.0008452737,0.99983776
0,0,1.0,4.99671e-10,1.0
1,1,0.8982484,0.3289147,0.79649675
0,0,0.9872643,0.06822468,0.97452855
0,0,1.0,2.763102e-11,1.0
0,0,1.0,3.1388547e-10,1.0
0,0,0.999998,2.8928629e-05,0.99999595
0,0,1.0,1.6643399e-09,1.0
1,0,1.0,2.2745995e-07,1.0
1,1,0.95475584,0.18426636,0.9095117
1,1,0.99387604,0.037310094,0.9877521
0,0,1.0,4.3883971e-10,1.0
0,0,0.9590091,0.17108056,0.9180182
0,0,0.9998521,0.0014518489,0.99970424
0,0,0.99894047,0.008316732,0.99788094
0,0,1.0,2.7771496e-10,1.0
1,1,0.8902117,0.3460725,0.7804234
1,1,0.95745826,0.17593947,0.9149165
1,0,1.0,2.042636e-08,1.0
1,1,1.0,2.763102e-11,1.0
0,0,1.0,4.471183e-10,1.0
0,0,0.99892294,0.008436436,0.9978459
1,1,1.0,2.763102e-11,1.0
1,1,0.94063497,0.2252168,0.88126993
0,0,0.99895436,0.008221508,0.9979087
0,0,1.0,2.120773e-09,1.0
1,1,0.952138,0.19217123,0.904276
1,1,0.9999999,2.0196896e-06,0.99999976
1,1,0.9720424,0.12756935,0.94408476
0,0,0.9989484,0.00826239,0.9978968
1,1,0.9945937,0.033613678,0.98918736
1,0,0.6661918,0.6368428,0.33238363
0,0,0.9989447,0.0082876235,0.9978894
0,0,0.9998521,0.0014518246,0.99970424
1,1,1.0,2.763102e-11,1.0
1,1,0.99956864,0.0037736797,0.9991373
0,0,0.9999996,6.827487e-06,0.99999917
0,0,0.99985224,0.0014510927,0.9997045
1,1,0.99387604,0.037310094,0.9877521
0,0,0.998945,0.00828556,0.99789
0,0,1.0,4.2846612e-10,1.0
0,0,1.0,3.3859834e-10,1.0
1,1,0.99868625,0.01002942,0.9973725
0,0,1.0,2.763102e-11,1.0
1,1,0.72180134,0.591244,0.44360268
1,1,0.97720575,0.10872314,0.9544115
0,1,0.9999677,0.0003663549,0.9999354
1,1,1.0,2.763102e-11,1.0
0,0,1.0,2.763102e-11,1.0
0,0,1.0,4.5711032e-10,1.0
1,1,1.0,2.763102e-11,1.0
1,1,0.9988456,0.008962451,0.99769115
1,1,0.99568176,0.027821306,0.9913635
1,1,0.9976757,0.016416831,0.99535143
1,1,1.0,2.763102e-11,1.0
0,0,1.0,3.9829365e-10,1.0
0,0,0.99888736,0.008679165,0.9977747
1,0,1.0,1.8152659e-10,1.0
1,1,0.9999999,2.0196896e-06,0.99999976
0,0,0.9989489,0.008259027,0.99789774
1,1,0.9937184,0.038110435,0.9874368
1,1,1.0,2.763102e-11,1.0
1,1,1.0,2.763102e-11,1.0
0,0,1.0,5.7494187e-08,1.0
1,1,1.0,2.763102e-11,1.0
0,0,0.98681957,0.07015151,0.97363913
0,0,1.0,3.0746766e-10,1.0
0,0,1.0,1.2617862e-09,1.0
0,0,1.0,4.5246504e-10,1.0
1,1,0.99190193,0.047066525,0.98380387
0,0,1.0,2.917071e-10,1.0
0,0,1.0,1.5336079e-08,1.0
0,0,1.0,2.763102e-11,1.0
1,0,0.99625623,0.024655722,0.99251246
0,0,1.0,5.052224e-10,1.0
0,0,0.9962485,0.02469887,0.99249697
1,0,0.99999994,1.046331e-06,0.9999999
0,0,1.0,3.025076e-10,1.0
0,0,1.0,3.067803e-10,1.0
1,1,0.99723536,0.019046891,0.9944707
0,0,1.0,1.0027921e-09,1.0
1,1,0.9837181,0.08319263,0.9674362
1,1,0.93842673,0.23127466,0.87685347
1,1,0.93842673,0.23127466,0.87685347
1,1,0.99999785,3.0152349e-05,0.9999957
0,0,0.99985224,0.0014511422,0.9997045
1,1,0.9948245,0.03240483,0.98964906
0,0,0.9989489,0.008259247,0.99789774
0,0,0.99999774,3.1668056e-05,0.99999547
0,1,0.9993931,0.005102072,0.9987862
0,0,0.9989459,0.008279482,0.9978918
1,0,1.0,2.763102e-11,1.0
1,0,0.9773381,0.10822551,0.95467615
0,0,0.9998523,0.0014502984,0.9997046
1,1,1.0,2.763102e-11,1.0
0,0,1.0,4.1883536e-10,1.0
1,0,0.85492414,0.4140717,0.7098483
0,0,0.99896026,0.008180905,0.9979205
0,0,0.9991361,0.0069576204,0.9982722
1,1,0.9999999,2.0196896e-06,0.99999976
1,1,0.9948257,0.03239856,0.98965144
1,1,1.0,2.763102e-11,1.0
1,0,0.91552323,0.28956926,0.83104646
1,1,0.6243083,0.66191554,0.24861658
1,1,0.7899009,0.5140879,0.5798018
1,0,1.0,3.3123732e-10,1.0
0,0,1.0,2.763102e-11,1.0
1,0,0.9998524,0.0014493336,0.99970484
0,0,0.9984897,0.011319357,0.99697936
1,1,0.93842673,0.23127466,0.87685347
1,1,1.0,2.763102e-11,1.0
1,1,1.0,2.763102e-11,1.0
1,1,1.0,2.763102e-11,1.0
1,0,0.7943985,0.50807035,0.588797
1,0,0.9999996,6.774784e-06,0.99999917
0,0,1.0,4.3918527e-10,1.0
1,1,1.0,2.763102e-11,1.0
0,0,1.0,3.2999198e-10,1.0
0,0,0.9989551,0.008216625,0.99791014
0,0,1.0,3.6173273e-10,1.0
1,1,0.93842673,0.23127466,0.87685347
0,0,0.9989467,0.008273657,0.99789345
0,0,1.0,2.763102e-11,1.0
0,0,1.0,3.1610523e-10,1.0
1,0,1.0,8.783988e-10,1.0
1,1,0.8732099,0.38023895,0.7464198
0,0,0.9998522,0.001451291,0.99970436
1,1,0.9691827,0.1375717,0.93836546
0,0,1.0,3.0515523e-10,1.0
0,0,1.0,2.9738062e-10,1.0
1,0,0.892928,0.34034947,0.785856
1,0,1.0,2.763102e-11,1.0
1,0,0.9837853,0.08291698,0.96757054
1,1,0.8264185,0.4615199,0.65283704
1,1,1.0,2.763102e-11,1.0
0,0,0.9989612,0.008174412,0.9979224
1,1,0.93842673,0.23127466,0.87685347
1,1,1.0,2.763102e-11,1.0
0,0,0.9989219,0.008443783,0.99784374
1,0,0.5315572,0.6911541,0.063114375
0,0,1.0,2.763102e-11,1.0
0,0,1.0,3.9365586e-10,1.0
0,0,1.0,4.4876616e-10,1.0
1,1,0.99999976,3.87412e-06,0.9999995
0,0,0.993762,0.037889447,0.98752403
0,0,0.9998522,0.0014514487,0.99970436
0,0,1.0,1.1412542e-09,1.0
0,0,1.0,3.9398892e-10,1.0
1,1,1.0,2.763102e-11,1.0
1,0,0.99899626,0.007932929,0.9979925
0,1,0.85293657,0.41758132,0.70587313
1,1,1.0,2.763102e-11,1.0
1,1,0.99998724,0.00015650294,0.9999745
1,1,0.9999261,0.00077698583,0.9998522
0,1,0.9999325,0.00071546156,0.99986506
0,0,0.99999994,9.1597514e-07,0.9999999
1,0,0.9999996,6.5090408e-06,0.99999917
0,0,0.9989306,0.008384539,0.99786115
1,1,1.0,2.763102e-11,1.0
1,1,0.99464613,0.0333399,0.98929226
1,0,1.0,2.763102e-11,1.0
0,0,1.0,2.7066363e-10,1.0
1,0,0.9971793,0.019376164,0.99435866
0,0,0.99980325,0.001875843,0.9996065
1,1,1.0,2.763102e-11,1.0
0,0,1.0,1.0998561e-07,1.0
1,1,1.0,2.763102e-11,1.0
1,1,0.93735874,0.23417404,0.8747175
1,1,0.98437923,0.080467306,0.96875846
1,1,1.0,2.763102e-11,1.0
1,1,0.9993967,0.005075574,0.99879336
1,1,0.9937184,0.038110435,0.9874368
1,0,0.99899626,0.007932929,0.9979925
0,0,0.997957,0.0146939615,0.995914
0,0,1.0,2.763102e-11,1.0
0,0,1.0,1.402908e-09,1.0
1,1,0.99957865,0.0036959762,0.9991573
1,0,0.9998524,0.0014492004,0.99970484
0,0,0.9988994,0.008597155,0.9977988
1,0,0.99999994,1.4659249e-06,0.9999999
1,0,1.0,7.050404e-10,1.0
1,1,1.0,2.763102e-11,1.0
1,1,0.99215513,0.045845106,0.98431027
1,1,0.99269074,0.043233894,0.9853815
0,0,0.9761141,0.112799495,0.9522282
1,1,0.8264185,0.4615199,0.65283704
1,1,1.0,2.763102e-11,1.0
0,0,0.99892724,0.00840724,0.9978545
1,1,1.0,2.763102e-11,1.0
1,1,1.0,2.763102e-11,1.0
0,0,1.0,1.899258e-09,1.0
1,0,1.0,1.8139642e-09,1.0
1,1,0.945076,0.21276605,0.890152
1,1,1.0,2.763102e-11,1.0
1,0,0.9998523,0.0014504173,0.9997046
1,1,0.93095785,0.2511542,0.8619157
1,1,0.99999964,5.6661747e-06,0.9999993
1,0,0.9994475,0.0046964698,0.99889505
0,0,0.7391817,0.57391113,0.4783634
1,1,0.93842673,0.23127466,0.87685347
1,1,0.9999999,2.0196896e-06,0.99999976
1,0,0.9995576,0.0038589917,0.9991152
0,0,1.0,3.199694e-09,1.0
0,0,0.99893206,0.008374299,0.9978641
0,0,0.9998523,0.0014505901,0.9997046
0,0,1.0,3.2596376e-10,1.0
1,1,0.99999964,5.6661747e-06,0.9999993
0,0,0.99895936,0.008187256,0.9979187
0,0,1.0,2.763102e-11,1.0
1,1,1.0,2.763102e-11,1.0
0,0,1.0,3.1301522e-10,1.0
0,0,0.9999988,1.7484263e-05,0.9999976
0,0,1.0,1.0998402e-09,1.0
1,1,1.0,2.763102e-11,1.0
1,1,0.9999989,1.581984e-05,0.99999785
1,0,0.99999994,1.3226031e-06,0.9999999
1,1,0.99201196,0.046536747,0.9840239
1,1,0.9997336,0.0024587521,0.99946725
0,0,0.9988976,0.008609265,0.9977952
1,1,0.9271021,0.26107126,0.8542042
1,1,0.95053667,0.19693202,0.90107334
0,0,0.9999962,5.1745137e-05,0.9999924
0,0,1.0,3.9217127e-10,1.0
0,0,1.0,6.946686e-10,1.0
1,1,0.9830562,0.085893825,0.9661124
1,1,0.9830368,0.085972466,0.96607363
1,0,0.9999997,4.884527e-06,0.9999994
0,1,0.87142456,0.38366967,0.7428491
0,0,1.0,2.763102e-11,1.0
1,1,1.0,2.763102e-11,1.0
0,0,0.99650407,0.023263425,0.99300814
0,0,1.0,4.7432425e-10,1.0
0,0,1.0,2.763102e-11,1.0
0,0,1.0,3.6576725e-10,1.0
1,0,1.0,9.0846514e-10,1.0
1,1,1.0,2.763102e-11,1.0
1,1,0.99908745,0.007299295,0.9981749
1,1,1.0,2.763102e-11,1.0
0,0,0.99848396,0.011356376,0.9969679
1,1,1.0,2.763102e-11,1.0
1,1,0.93842673,0.23127466,0.87685347
1,1,1.0,2.763102e-11,1.0
1,0,0.8490701,0.42431873,0.69814014
1,1,0.998459,0.011518405,0.99691796
1,1,0.9999999,2.0196896e-06,0.99999976
0,0,0.99979615,0.0019360015,0.9995923
0,0,1.0,2.763102e-11,1.0
1,1,1.0,2.763102e-11,1.0
0,0,0.99995,0.0005451627,0.9999
0,0,0.99711996,0.019723972,0.9942399
0,1,0.9999943,7.4793905e-05,0.99998856
0,0,1.0,3.245286e-09,1.0
1,1,0.9684143,0.1402117,0.9368286
1,1,1.0,2.763102e-11,1.0
1,1,0.9999999,2.0196896e-06,0.99999976
0,0,1.0,2.9130562e-10,1.0
1,1,1.0,2.763102e-11,1.0
1,1,0.9996277,0.0033117668,0.9992554
1,0,0.99337864,0.039821707,0.9867573
0,0,0.99604076,0.025852695,0.9920815
1,1,1.0,2.763102e-11,1.0
1,1,1.0,2.763102e-11,1.0
0,0,1.0,3.5949446e-10,1.0
1,1,0.83627343,0.44579804,0.67254686
1,1,1.0,2.763102e-11,1.0
1,1,0.93842673,0.23127466,0.87685347
0,1,0.9999163,0.00086935324,0.99983263
1,1,0.9999999,2.0196896e-06,0.99999976
1,1,0.9133781,0.2946516,0.82675624
1,0,0.8709247,0.38462505,0.7418494
0,0,0.9989442,0.008291071,0.99788845
0,0,1.0,2.8526143e-10,1.0
0,0,0.9998522,0.0014514873,0.99970436
1,0,1.0,5.1342164e-10,1.0
0,0,0.998947,0.008271927,0.99789405
1,1,0.99999964,5.6661747e-06,0.9999993
1,1,1.0,2.763102e-11,1.0
0,0,1.0,1.4738166e-07,1.0
1,0,0.993057,0.04142562,0.986114
0,0,0.99894726,0.0082702525,0.9978945
0,0,0.99985236,0.0014499458,0.9997047
0,0,0.99999964,5.493819e-06,0.9999993
0,0,0.99766666,0.016471598,0.9953333
0,0,0.8808518,0.36522436,0.7617036
1,1,1.0,2.763102e-11,1.0
1,1,0.9999994,9.1391485e-06,0.9999988
1,1,1.0,2.763102e-11,1.0
0,1,0.9999715,0.0003266754,0.999943
0,0,1.0,7.9059925e-10,1.0
1,1,1.0,2.763102e-11,1.0
0,0,1.0,3.748885e-09,1.0
0,0,1.0,3.1636124e-10,1.0
0,0,0.9999993,1.0646465e-05,0.99999857
1,1,0.9983393,0.012288686,0.9966786
1,0,0.9999999,2.2074978e-06,0.99999976
1,1,0.932273,0.24771939,0.86454594
0,0,1.0,2.763102e-11,1.0
1,1,1.0,2.763102e-11,1.0
1,1,1.0,2.763102e-11,1.0
0,0,0.9998522,0.0014516229,0.99970436
0,0,1.0,3.133559e-10,1.0
1,1,0.83969134,0.44018131,0.6793827
1,1,0.999348,0.0054346225,0.99869597
1,0,1.0,8.098649e-08,1.0
1,1,0.99387604,0.037310094,0.9877521
0,0,0.99999774,3.1657008e-05,0.99999547
1,1,0.8724374,0.38172686,0.74487484
0,0,0.9989641,0.008154681,0.99792814
0,0,0.9816408,0.09158283,0.96328163
1,1,0.99982315,0.0017048292,0.9996463
1,1,1.0,2.763102e-11,1.0
1,1,0.99941206,0.0049613873,0.9988241
1,1,0.9999999,2.0196896e-06,0.99999976
1,0,1.0,1.15480304e-07,1.0
1,1,0.93709624,0.23488368,0.8741925
0,0,0.9999893,0.00013355936,0.99997854
1,1,0.8354857,0.44708037,0.6709714
0,0,0.9989462,0.008277555,0.9978924
1,1,1.0,2.763102e-11,1.0
0,0,0.9947434,0.03283082,0.9894868
0,0,0.99273807,0.04300123,0.98547614
1,0,0.99999994,9.137645e-07,0.9999999
1,1,0.93842673,0.23127466,0.87685347
1,1,1.0,2.763102e-11,1.0
0,0,0.9433998,0.2175085,0.8867996
1,0,0.99837273,0.012074389,0.99674547
1,1,1.0,2.763102e-11,1.0
0,0,1.0,7.3484427e-09,1.0
0,0,1.0,3.1539862e-10,1.0
1,1,0.9956781,0.027841086,0.99135625
1,1,1.0,2.763102e-11,1.0
1,1,0.9951036,0.030929606,0.9902072
1,1,0.9667804,0.14576149,0.93356085
0,0,1.0,3.065972e-10,1.0
1,1,0.99906963,0.007423845,0.99813926
1,1,0.9945937,0.033613678,0.98918736
0,0,0.999999,1.4827967e-05,0.999998
1,1,0.99984896,0.0014798574,0.9996979
0,0,0.99894965,0.008253878,0.9978993
1,1,0.9946683,0.033224005,0.9893366
1,1,0.99899226,0.007960654,0.9979845
1,1,1.0,2.763102e-11,1.0
0,0,1.0,2.763102e-11,1.0
1,1,0.9650163,0.1516604,0.9300326
1,1,0.99999464,7.0465496e-05,0.9999893
1,1,0.8604104,0.4042178,0.7208208
1,1,1.0,2.763102e-11,1.0
1,0,0.9420706,0.22123177,0.8841412
0,0,1.0,3.0127575e-10,1.0
1,1,0.9971981,0.01926599,0.9943962
1,1,1.0,2.763102e-11,1.0
0,0,1.0,2.3471937e-07,1.0
1,1,0.9650163,0.1516604,0.9300326
0,0,1.0,2.763102e-11,1.0
1,1,0.99999976,3.87412e-06,0.9999995
0,0,0.99046946,0.053833038,0.9809389
0,0,0.9989598,0.008184124,0.99791956
0,0,0.994577,0.03370071,0.989154
1,0,0.9998524,0.0014496099,0.99970484
1,1,0.8441688,0.432692,0.68833756
0,0,1.0,9.981843e-10,1.0
1,0,0.6661918,0.6368428,0.33238363
1,0,0.99985236,0.0014499458,0.9997047
1,1,0.8264185,0.4615199,0.65283704
1,1,0.9999999,2.0196896e-06,0.99999976
1,0,0.99999964,6.0159427e-06,0.9999993
1,1,0.95954794,0.16937818,0.9190959
1,1,0.8354857,0.44708037,0.6709714
1,1,0.7461144,0.56656384,0.49222875
0,0,0.9999735,0.00030624412,0.99994695
0,0,0.99885964,0.0088671055,0.9977193
1,1,1.0,2.763102e-11,1.0
1,1,1.0,2.763102e-11,1.0
0,0,0.9998522,0.0014514487,0.99970436
1,1,0.9999999,2.0196896e-06,0.99999976
0,0,0.99601513,0.025994347,0.99203026
0,0,1.0,3.1104342e-08,1.0
1,1,1.0,2.763102e-11,1.0
1,1,0.99999964,5.6661747e-06,0.9999993
0,0,0.9751751,0.11626475,0.95035017
1,1,1.0,2.763102e-11,1.0
1,1,0.92960626,0.25465626,0.8592125
0,0,1.0,1.4211875e-08,1.0
1,0,0.9998525,0.0014490022,0.99970496
1,0,0.9997028,0.0027105846,0.9994056
1,1,1.0,2.763102e-11,1.0
0,0,1.0,3.2537154e-10,1.0
1,1,0.93842673,0.23127466,0.87685347
0,0,1.0,3.726996e-10,1.0
1,0,0.9669309,0.14525382,0.93386185
0,0,0.9989291,0.0083944695,0.99785817
1,0,0.99969006,0.0028139104,0.9993801
1,0,0.658273,0.64217436,0.31654596
0,0,1.0,9.653769e-10,1.0
1,1,0.9661614,0.14784229,0.93232274
1,1,0.9999999,2.0196896e-06,0.99999976
1,1,0.995449,0.029081443,0.990898
1,1,0.9946648,0.033242393,0.9893296
0,0,0.9989581,0.008195864,0.9979162
0,0,0.9989322,0.0083733685,0.99786437
1,1,1.0,2.763102e-11,1.0
1,1,0.9743737,0.11919336,0.9487474
1,1,0.99999976,3.87412e-06,0.9999995
1,1,0.99999976,3.87412e-06,0.9999995
0,0,1.0,4.8305876e-10,1.0
0,0,0.99892205,0.008442718,0.9978441
1,1,0.99885917,0.008870462,0.99771833
1,1,1.0,2.763102e-11,1.0
0,0,0.9989599,0.008183492,0.9979198
0,0,0.9998522,0.0014512977,0.99970436
1,1,1.0,2.763102e-11,1.0
0,0,1.0,3.3520595e-10,1.0
0,0,0.99785125,0.015345894,0.9957025
1,0,0.6904034,0.6187775,0.3808068
0,0,0.99999815,2.6559912e-05,0.9999963
1,1,0.96414864,0.1545276,0.9282973
0,0,0.97566646,0.11445596,0.9513329
1,0,0.9966601,0.022377618,0.9933202
1,0,0.998705,0.009904708,0.99741006
1,0,0.9818577,0.09071833,0.96371543
1,1,1.0,2.763102e-11,1.0
0,0,0.97487664,0.11735848,0.9497533
1,1,0.9999999,2.0196896e-06,0.99999976
0,0,0.99823636,0.012944347,0.9964727
1,1,1.0,2.763102e-11,1.0
0,0,0.9989506,0.008247273,0.9979012
1,1,1.0,2.763102e-11,1.0
1,1,0.8264185,0.4615199,0.65283704
1,1,0.6237147,0.6622163,0.24742937
1,1,1.0,2.763102e-11,1.0
1,1,1.0,2.763102e-11,1.0
0,0,0.95030916,0.197604,0.9006183
1,1,0.99999976,3.87412e-06,0.9999995
0,0,0.9998522,0.0014513505,0.99970436
1,0,0.9999999,1.6505851e-06,0.99999976
0,0,1.0,2.763102e-11,1.0
1,1,0.96334654,0.15715876,0.9266931
1,1,0.9999838,0.00019503142,0.9999676
1,1,1.0,2.763102e-11,1.0
0,0,0.9998849,0.0011587989,0.9997698
1,1,0.9437548,0.21650857,0.8875096
1,1,0.93842673,0.23127466,0.87685347
1,1,1.0,2.763102e-11,1.0
1,1,0.99995947,0.00045043975,0.99991894
1,1,0.9936041,0.038687997,0.98720825
1,1,0.99219465,0.045653738,0.9843893
1,1,0.99999964,5.6661747e-06,0.9999993
1,0,0.9998218,0.0017166391,0.99964356
1,1,0.5594209,0.6860688,0.11884177
0,0,0.99890447,0.0085627735,0.99780893
1,1,0.9998037,0.0018716843,0.99960744
1,0,0.9998523,0.0014502786,0.9997046
0,0,1.0,4.6626336e-10,1.0
0,0,1.0,3.341341e-10,1.0
1,1,1.0,2.763102e-11,1.0
1,0,0.6661918,0.6368428,0.33238363
1,1,1.0,2.763102e-11,1.0
0,0,1.0,3.353926e-10,1.0
1,0,0.97914445,0.1013504,0.9582889
1,1,0.9999999,2.0196896e-06,0.99999976
0,0,0.939678,0.22785252,0.879356
0,0,0.97243035,0.12618983,0.9448607
1,1,1.0,2.763102e-11,1.0
0,0,1.0,3.816674e-08,1.0
0,0,1.0,4.4750632e-07,1.0
1,1,0.58121425,0.67989707,0.1624285
0,0,0.8844624,0.35793865,0.76892483
1,1,1.0,2.763102e-11,1.0
1,0,0.99899626,0.007932929,0.9979925
1,1,0.9999995,7.417722e-06,0.99999905
1,0,0.82146215,0.46916908,0.6429243
0,0,0.99893653,0.008343469,0.99787307
1,1,0.9999683,0.00036018612,0.9999366
1,1,1.0,2.763102e-11,1.0
0,0,1.0,4.4201742e-10,1.0
0,0,0.9999788,0.00024936209,0.99995756
0,0,0.9776419,0.10707986,0.95528376
1,1,0.9999982,2.5452973e-05,0.9999964
1,0,0.9999996,6.6726748e-06,0.99999917
1,0,1.0,6.164714e-08,1.0
1,0,0.9994966,0.00432635,0.99899316
1,1,1.0,2.763102e-11,1.0
1,1,0.71766996,0.5951405,0.43533993
0,0,0.9998522,0.0014514345,0.99970436
1,1,1.0,2.763102e-11,1.0
1,1,0.9752381,0.11603344,0.95047617
1,1,0.80000633,0.5003936,0.60001266
1,1,0.9372969,0.23434125,0.87459385
1,0,0.7165421,0.59618956,0.43308425
0,0,0.9999494,0.0005513822,0.9998988
0,0,1.0,3.345449e-10,1.0
0,0,0.9999995,7.100659e-06,0.99999905
0,0,0.95210916,0.19225751,0.9042183
1,1,1.0,2.763102e-11,1.0
1,1,0.58023155,0.68021715,0.1604631
1,1,1.0,2.763102e-11,1.0
1,1,0.99999976,3.87412e-06,0.9999995
0,0,0.9989615,0.008172366,0.997923
0,0,1.0,4.2101833e-10,1.0
0,0,0.94320554,0.21805473,0.8864111
0,0,1.0,4.2637494e-10,1.0
0,0,1.0,6.2898553e-10,1.0
0,0,0.9989534,0.008228196,0.9979068
0,0,1.0,4.1554785e-10,1.0
0,0,1.0,3.3432472e-09,1.0
1,0,0.6661918,0.6368428,0.33238363
1,1,1.0,2.763102e-11,1.0
1,1,1.0,2.763102e-11,1.0
1,1,1.0,2.763102e-11,1.0
1,1,1.0,2.763102e-11,1.0
0,0,1.0,3.4378567e-10,1.0
0,0,1.0,2.763102e-11,1.0
0,0,0.99896026,0.008181091,0.9979205
1,1,0.9994312,0.0048187543,0.9988624
0,0,1.0,3.0882152e-10,1.0
0,0,1.0,3.0697925e-10,1.0
0,0,0.9956026,0.028251126,0.9912052
1,1,1.0,2.763102e-11,1.0
0,0,1.0,4.5255447e-10,1.0
1,1,0.93842673,0.23127466,0.87685347
1,0,0.9999463,0.0005817928,0.9998926
0,0,0.99999994,6.269119e-07,0.9999999
1,1,1.0,2.763102e-11,1.0
1,1,0.99999976,3.87412e-06,0.9999995
0,0,0.99999994,9.1585224e-07,0.9999999
1,0,1.0,2.0752734e-10,1.0
0,0,1.0,1.41741445e-08,1.0
0,0,0.9989501,0.008250343,0.99790025
0,0,0.9989458,0.008280501,0.99789155
0,0,0.99999505,6.570321e-05,0.9999901
0,0,0.99892664,0.008411373,0.9978533
1,1,0.9963856,0.023931159,0.99277115
0,0,1.0,3.4375605e-10,1.0
0,0,1.0,1.4773743e-08,1.0
1,0,0.9971444,0.019581025,0.9942888
0,0,0.9653758,0.15046605,0.93075156
0,0,1.0,2.763102e-11,1.0
1,1,0.9999999,2.0196896e-06,0.99999976
0,0,1.0,5.443639e-09,1.0
1,0,0.7203821,0.59259206,0.44076422
1,0,0.99994653,0.00057962805,0.99989307
1,1,0.99482346,0.032410473,0.9896469
1,0,0.98337084,0.08461318,0.9667417
1,1,0.9794321,0.1002411,0.9588642
0,0,0.9989051,0.008558161,0.99781024
0,0,1.0,4.709535e-10,1.0
0,1,0.93842673,0.23127466,0.87685347
1,0,0.6592732,0.6415164,0.3185464
0,0,0.99985236,0.0014500911,0.9997047
1,1,0.99970883,0.0026617078,0.99941766
1,1,0.9998863,0.0011465439,0.99977255
1,1,0.99999917,1.2514034e-05,0.99999833
1,1,0.93842673,0.23127466,0.87685347
0,0,1.0,7.4129346e-08,1.0
1,1,0.9999988,1.7452001e-05,0.9999976
1,1,0.8781921,0.37051162,0.75638425
0,0,1.0,3.909018e-09,1.0
0,0,1.0,3.8689144e-10,1.0
1,1,1.0,2.763102e-11,1.0
0,0,1.0,2.763102e-11,1.0
0,0,1.0,3.0769298e-10,1.0
1,1,1.0,2.763102e-11,1.0
0,0,1.0,1.9887063e-09,1.0
1,1,1.0,2.763102e-11,1.0
1,0,0.9955909,0.028314523,0.99118185
0,0,0.99952555,0.0041055554,0.9990511
1,1,0.99999976,3.87412e-06,0.9999995
0,0,1.0,2.9032018e-10,1.0
0,0,0.99999905,1.389178e-05,0.9999981
1,0,0.99530005,0.029881537,0.9906001
0,0,1.0,2.763102e-11,1.0
1,1,0.95756924,0.17559373,0.9151385
0,0,1.0,3.283169e-10,1.0
1,1,0.8264185,0.4615199,0.65283704
0,0,1.0,1.2991488e-09,1.0
1,1,0.9994287,0.0048374524,0.9988574
0,0,0.99893343,0.0083650015,0.99786687
1,1,0.9981494,0.013493347,0.9962988
1,1,0.9998611,0.0013723781,0.99972224
0,0,1.0,2.763102e-11,1.0
1,0,0.6661918,0.6368428,0.33238363
0,0,0.9998522,0.0014514585,0.99970436
1,1,0.9999999,2.0196896e-06,0.99999976
1,1,0.9998784,0.0012177301,0.9997568
1,0,0.99181974,0.047461364,0.9836395
0,0,1.0,2.763102e-11,1.0
1,0,0.999822,0.0017144604,0.99964404
1,1,0.9999999,2.0196896e-06,0.99999976
1,1,0.993722,0.03809202,0.98744404
1,1,1.0,2.763102e-11,1.0
1,1,1.0,2.763102e-11,1.0
1,0,0.99928933,0.0058624,0.99857867
0,0,0.9139432,0.29331857,0.82788634
1,0,0.9999999,1.7162854e-06,0.99999976
1,0,0.9998219,0.0017155515,0.9996438
0,0,1.0,2.763102e-11,1.0
1,1,0.9930027,0.041694917,0.9860054
0,0,0.9991241,0.0070419954,0.9982482
1,1,1.0,2.763102e-11,1.0
0,0,0.9988683,0.008808659,0.9977366
1,1,1.0,2.763102e-11,1.0
1,1,0.9999993,1.0836571e-05,0.99999857
0,0,0.99894166,0.008308456,0.9978833
0,0,0.9989225,0.008439429,0.99784505
1,1,0.88571084,0.35538995,0.7714217
1,1,0.99998724,0.00015650294,0.9999745
1,1,0.9996747,0.0029378321,0.99934936
1,0,1.0,1.3746915e-10,1.0
0,0,1.0,1.6603762e-09,1.0
0,0,1.0,2.763102e-11,1.0
1,1,1.0,2.763102e-11,1.0
1,1,0.7049565,0.606606,0.40991294
1,1,0.99999976,3.87412e-06,0.9999995
1,1,1.0,2.763102e-11,1.0
0,0,1.0,3.0309105e-10,1.0
1,1,1.0,2.763102e-11,1.0
1,1,0.993869,0.037345886,0.987738
1,1,0.9840985,0.081627965,0.968197
0,0,0.9989591,0.008188634,0.99791825
0,0,1.0,3.5546197e-10,1.0
1,1,0.9675523,0.14315027,0.9351046
1,1,0.99999976,3.87412e-06,0.9999995
0,0,1.0,2.763102e-11,1.0
1,1,1.0,2.763102e-11,1.0
0,0,1.0,2.840133e-10,1.0
1,1,0.99387604,0.037310094,0.9877521
1,1,0.9999999,2.0196896e-06,0.99999976
0,0,0.99892443,0.008426513,0.99784887
1,0,0.6256857,0.66121197,0.25137135
0,0,1.0,4.533171e-10,1.0
1,1,0.993869,0.037345886,0.987738
1,1,0.93842673,0.23127466,0.87685347
0,0,1.0,2.763102e-11,1.0
1,0,0.9997923,0.001969231,0.99958456
0,0,0.9989569,0.008203959,0.99791384
1,0,0.99999166,0.00010575365,0.9999833
1,1,1.0,2.763102e-11,1.0
0,1,0.7402674,0.57277703,0.4805348
0,0,1.0,2.763102e-11,1.0
0,0,0.9989585,0.008192885,0.99791706
1,0,0.99999714,3.93555e-05,0.9999943
1,0,1.0,2.763102e-11,1.0
0,0,0.9989555,0.00821374,0.997911
1,1,0.8264185,0.4615199,0.65283704
0,0,0.9998522,0.0014516229,0.99970436
1,1,1.0,2.763102e-11,1.0
1,1,0.8264185,0.4615199,0.65283704
1,0,0.5894675,0.6770518,0.17893502
0,0,1.0,3.676162e-10,1.0
0,0,1.0,4.2140227e-10,1.0
0,1,0.99998605,0.00016988323,0.9999721
0,0,1.0,2.763102e-11,1.0
0,0,0.99999475,6.926574e-05,0.9999895
1,0,0.7113197,0.60096586,0.42263934
0,0,0.99895054,0.008247611,0.9979011
0,0,0.99999994,5.913265e-07,0.9999999
1,1,1.0,2.763102e-11,1.0
0,0,1.0,2.763102e-11,1.0
0,0,0.9989501,0.008250507,0.99790025
0,0,0.94397604,0.21588418,0.8879521
0,0,1.0,6.03104e-08,1.0
1,0,1.0,7.8025125e-10,1.0
0,0,1.0,3.8976852e-10,1.0
0,0,1.0,2.751669e-10,1.0
1,1,0.9999988,1.7452001e-05,0.9999976
0,0,1.0,4.1596107e-10,1.0
0,0,1.0,3.673061e-10,1.0
0,0,0.9986439,0.010309951,0.99728775
0,0,1.0,2.9544847e-10,1.0
1,0,0.9997053,0.0026902622,0.9994106
0,0,0.94085675,0.22460364,0.8817135
1,0,0.978941,0.10213233,0.95788205
0,1,0.8843582,0.35815063,0.76871645
1,0,0.5451896,0.6890574,0.09037924
1,1,0.99313253,0.04105042,0.98626506
1,1,0.99977475,0.0021169076,0.9995495
0,0,1.0,1.0451244e-09,1.0
1,1,0.7222066,0.59085715,0.4444132
1,1,1.0,2.763102e-11,1.0
0,0,1.0,2.763102e-11,1.0
0,0,1.0,6.196875e-10,1.0
1,1,1.0,2.763102e-11,1.0
1,0,0.688706,0.6201321,0.37741196
1,0,0.999822,0.0017146224,0.99964404
0,0,1.0,3.635906e-10,1.0
1,1,0.624487,0.6618247,0.24897397
0,0,1.0,4.3853543e-10,1.0
1,0,0.8073675,0.49001768,0.614735
0,0,1.0,4.522928e-10,1.0
1,1,0.993869,0.037345886,0.987738
0,0,0.9989614,0.008173273,0.9979228
1,0,1.0,1.6700166e-09,1.0
1,0,0.99899626,0.007932929,0.9979925
0,0,0.9989339,0.008361646,0.9978678
0,0,0.99985224,0.0014511422,0.9997045
1,0,0.9957662,0.027361017,0.99153244
0,0,0.9999913,0.000109816334,0.9999826
0,0,0.9840387,0.081874564,0.9680774
1,1,1.0,2.763102e-11,1.0
0,0,0.99337536,0.03983821,0.9867507
0,0,0.96385354,0.15549779,0.9277071
1,1,0.9952442,0.030180322,0.9904884
1,1,0.99998724,0.00015650294,0.9999745
0,0,1.0,2.763102e-11,1.0
1,1,1.0,2.763102e-11,1.0
0,0,1.0,3.3406375e-10,1.0
1,1,0.9684812,0.13998272,0.93696237
0,0,0.9999998,3.3148092e-06,0.99999964
0,0,0.9989129,0.008505303,0.99782574
1,1,0.93842673,0.23127466,0.87685347
0,0,0.87502146,0.37672845,0.7500429
1,1,0.9999988,1.7452001e-05,0.9999976
0,0,0.99999994,1.2808173e-06,0.9999999
1,1,0.99990857,0.0009417518,0.99981713
0,0,1.0,2.696432e-10,1.0
1,1,0.9999999,2.0196896e-06,0.99999976
0,0,1.0,2.7681094e-10,1.0
0,0,0.9874972,0.06720912,0.9749944
1,1,1.0,2.763102e-11,1.0
0,0,1.0,4.045899e-10,1.0
0,0,0.9989539,0.008224917,0.99790776
1,0,1.0,8.4528606e-10,1.0
1,0,0.9998205,0.0017280667,0.99964094
0,0,1.0,3.816407e-10,1.0
1,1,1.0,2.763102e-11,1.0
1,0,0.6586534,0.6419247,0.31730676
0,0,0.9998522,0.0014512977,0.99970436
1,0,0.99999994,8.37854e-07,0.9999999
0,0,0.9989348,0.008355476,0.9978696
0,0,0.99895835,0.0081940275,0.9979167
1,1,1.0,2.763102e-11,1.0
0,0,0.9989513,0.0082423445,0.99790263
1,0,0.999737,0.002430697,0.99947405
0,0,1.0,2.763102e-11,1.0
1,1,1.0,2.763102e-11,1.0
1,1,1.0,2.763102e-11,1.0
0,0,0.98970205,0.05736626,0.9794041
1,1,0.9770782,0.10920215,0.9541564
0,0,1.0,3.2406036e-10,1.0
1,1,0.993869,0.037345886,0.987738
0,0,1.0,4.5504692e-10,1.0
0,0,1.0,3.5268916e-10,1.0
1,1,1.0,2.763102e-11,1.0
1,1,0.99979407,0.0019538715,0.99958813
1,0,0.9925354,0.043995105,0.9850708
1,1,0.59341127,0.6755929,0.18682253
1,1,0.8011002,0.49887344,0.6022004
1,1,0.99387604,0.037310094,0.9877521
0,0,1.0,4.0993795e-09,1.0
1,1,0.99999964,5.6661747e-06,0.9999993
0,0,1.0,2.763102e-11,1.0
0,0,1.0,2.1504685e-07,1.0
1,0,0.9999997,4.5807387e-06,0.9999994
0,0,0.999999,1.4652851e-05,0.999998
1,1,0.99387604,0.037310094,0.9877521
0,0,0.9989559,0.008210989,0.9979118
1,1,0.99998724,0.00015650294,0.9999745
0,0,0.9999603,0.00044218867,0.9999206
1,1,0.8699719,0.38644016,0.73994374
0,0,1.0,2.763102e-11,1.0
1,1,1.0,2.763102e-11,1.0
1,1,0.9999943,7.4793905e-05,0.99998856
0,0,1.0,7.5594275e-10,1.0
1,0,0.9950893,0.03100565,0.9901786
1,0,0.99899626,0.007932929,0.9979925
1,1,1.0,2.763102e-11,1.0
1,0,0.9997472,0.0023466146,0.99949443
0,0,1.0,5.743611e-09,1.0
0,0,1.0,2.763102e-11,1.0
1,1,1.0,2.763102e-11,1.0
0,0,1.0,2.855636e-10,1.0
0,0,0.99889886,0.008600854,0.9977977
1,1,0.93842673,0.23127466,0.87685347
0,0,0.99985224,0.0014511213,0.9997045
1,1,0.9999999,2.0196896e-06,0.99999976
0,0,0.9995888,0.0036169682,0.9991776
0,0,1.0,2.3726618e-09,1.0
1,1,0.8847887,0.357274,0.7695774
1,0,0.99625856,0.024642738,0.9925171
0,0,1.0,5.137675e-10,1.0
1,1,0.9792809,0.10082472,0.9585618
0,0,1.0,2.763102e-11,1.0
0,0,1.0,3.114416e-10,1.0
1,0,0.9999999,1.9383815e-06,0.99999976
1,1,0.91249603,0.29672456,0.82499206
0,0,0.9836456,0.08348971,0.96729124
0,0,1.0,5.5099947e-09,1.0
0,1,0.98885053,0.061219133,0.97770107
1,1,1.0,2.763102e-11,1.0
1,0,0.8467941,0.42822993,0.69358826
1,1,1.0,2.763102e-11,1.0
0,0,1.0,2.7388858e-10,1.0
1,0,1.0,5.0247866e-07,1.0
1,1,1.0,2.763102e-11,1.0
0,0,0.9989483,0.008263308,0.99789655
1,0,0.9991969,0.0065264436,0.9983938
1,1,1.0,2.763102e-11,1.0
0,1,0.8709187,0.38463658,0.7418374
0,0,0.99018425,0.05515325,0.9803685
1,1,1.0,2.763102e-11,1.0
0,0,0.9989585,0.008192917,0.99791706
1,0,1.0,9.502714e-11,1.0
1,1,0.9893545,0.058947116,0.978709
1,0,0.7416847,0.57128745,0.48336932
0,0,0.99999845,2.1982025e-05,0.9999969
1,1,1.0,2.763102e-11,1.0
0,0,0.9989511,0.008243819,0.99790215
0,0,0.998941,0.008312876,0.997882
0,0,1.0,4.5079368e-10,1.0
0,0,1.0,2.763102e-11,1.0
1,1,1.0,2.763102e-11,1.0
0,0,1.0,2.763102e-11,1.0
1,1,0.93842673,0.23127466,0.87685347
1,0,0.99999994,7.599622e-07,0.9999999
0,0,0.99894255,0.008302445,0.9978851
0,0,1.0,3.3719075e-10,1.0
0,0,0.99894696,0.008272198,0.9978939
1,1,1.0,2.763102e-11,1.0
1,0,0.9997834,0.002044072,0.9995668
1,0,0.998426,0.01173156,0.99685204
1,1,1.0,2.763102e-11,1.0
1,1,0.99387604,0.037310094,0.9877521
0,0,1.0,9.802437e-10,1.0
1,1,0.93842673,0.23127466,0.87685347
1,0,0.7362864,0.5769055,0.47257283
1,1,0.96584785,0.14889163,0.9316957
1,1,0.98526037,0.076790676,0.97052073
1,1,0.9999999,2.0196896e-06,0.99999976
0,0,1.0,1.1180075e-08,1.0
0,0,1.0,3.3718334e-10,1.0
1,0,0.98589385,0.07411452,0.9717877
1,0,0.9997391,0.0024134,0.9994782
0,0,0.9996466,0.0031621917,0.9992932
1,0,0.9999987,1.9036515e-05,0.9999974
1,1,1.0,2.763102e-11,1.0
0,0,0.98789555,0.06546213,0.9757911
1,1,1.0,2.763102e-11,1.0
1,1,0.6328054,0.65744567,0.2656108
0,0,1.0,4.9834153e-10,1.0
1,0,1.0,3.266342e-10,1.0
0,0,0.994001,0.036672946,0.98800194
0,0,1.0,2.763102e-11,1.0
1,1,0.87118596,0.384126,0.7423719
1,1,0.9814062,0.09251474,0.9628124
1,1,0.93842673,0.23127466,0.87685347
0,0,0.9989583,0.008194599,0.9979166
0,0,0.9989484,0.008262208,0.9978968
1,1,0.9999999,2.0196896e-06,0.99999976
1,1,0.93842673,0.23127466,0.87685347
0,0,0.9988998,0.008594307,0.99779963
0,0,0.9968432,0.021329263,0.99368644
1,0,0.6661918,0.6368428,0.33238363
0,0,0.99982184,0.0017159403,0.9996437
0,0,1.0,2.917381e-10,1.0
0,0,1.0,3.0221303e-10,1.0
0,0,1.0,1.4454399e-07,1.0
0,0,1.0,4.898358e-09,1.0
1,0,0.9999994,9.440895e-06,0.9999988
1,1,0.6237147,0.6622163,0.24742937
1,1,0.9422603,0.22070232,0.88452065
0,0,1.0,2.763102e-11,1.0
1,1,0.9999999,2.0196896e-06,0.99999976
0,0,1.0,3.248869e-10,1.0
0,0,0.91181684,0.2983141,0.8236337
1,1,0.9999999,2.0196896e-06,0.99999976
1,1,0.9944095,0.034571007,0.988819
0,0,1.0,4.4977674e-10,1.0
0,0,0.9989447,0.008287605,0.9978894
1,1,1.0,2.763102e-11,1.0
1,1,0.9775703,0.107350126,0.9551406
1,1,0.9999999,2.0196896e-06,0.99999976
0,0,1.0,2.763102e-11,1.0
1,1,0.9999999,2.0196896e-06,0.99999976
0,0,0.9989266,0.008411776,0.99785316
0,0,0.9989583,0.008194462,0.9979166
0,0,0.9999994,9.504289e-06,0.9999988
1,1,0.99447376,0.03423773,0.9889475
0,0,0.99894917,0.008256992,0.99789834
1,1,0.8881785,0.3503067,0.77635705
0,0,0.9995229,0.00412555,0.99904585
0,0,1.0,1.8767312e-09,1.0
0,0,0.9989368,0.008342026,0.99787354
1,1,0.9966768,0.022282586,0.9933536
0,0,1.0,4.3069215e-10,1.0
1,1,0.7709089,0.5381758,0.5418178
1,1,1.0,2.763102e-11,1.0
1,0,0.8018816,0.49778286,0.6037632
0,0,1.0,1.7446361e-07,1.0
1,1,0.93842673,0.23127466,0.87685347
1,1,1.0,2.763102e-11,1.0
1,1,0.96825856,0.14074443,0.9365171
0,0,1.0,2.763102e-11,1.0
1,1,1.0,2.763102e-11,1.0
0,0,1.0,2.3474215e-08,1.0
1,1,1.0,2.763102e-11,1.0
1,1,0.8354857,0.44708037,0.6709714
1,1,0.993869,0.037345886,0.987738
1,1,0.9459549,0.21025774,0.89190984
1,1,0.8530618,0.41736114,0.7061236
1,1,0.93842673,0.23127466,0.87685347
0,0,1.0,4.6187504e-10,1.0
0,0,0.9999938,8.0849124e-05,0.9999876
0,0,0.9992623,0.006058028,0.99852455
0,0,0.9989369,0.008341016,0.9978738
0,0,1.0,2.763102e-11,1.0
1,1,0.97958046,0.099667415,0.9591609
0,0,0.99894124,0.008311411,0.9978825
0,0,0.9989331,0.0083672125,0.99786615
1,1,0.93842673,0.23127466,0.87685347
0,0,0.99998283,0.00020556716,0.99996567
0,0,1.0,3.4193737e-10,1.0
1,0,0.6661918,0.6368428,0.33238363
1,1,1.0,2.763102e-11,1.0
0,0,0.9998522,0.0014514487,0.99970436
0,0,1.0,3.0479777e-10,1.0
0,0,1.0,4.391732e-10,1.0
1,1,0.99983037,0.0016423666,0.99966073
1,0,0.82062256,0.47044817,0.6412451
0,0,0.99890906,0.00853122,0.9978181
0,0,0.99895376,0.008225498,0.9979075
0,0,0.99894464,0.008288218,0.9978893
0,0,0.9998541,0.001434877,0.9997082
1,1,1.0,2.763102e-11,1.0
0,0,0.9989449,0.008286347,0.99788976
1,1,0.853399,0.4167676,0.70679796
0,0,1.0,2.1175539e-07,1.0
1,1,0.993869,0.037345886,0.987738
0,0,0.9998205,0.0017280771,0.99964094
1,0,0.999689,0.00282278,0.99937797
0,0,0.99893945,0.008323767,0.9978789
1,0,0.9999999,2.0127109e-06,0.99999976
0,0,1.0,4.373763e-10,1.0
1,1,1.0,2.763102e-11,1.0
1,1,1.0,2.763102e-11,1.0
1,1,1.0,2.763102e-11,1.0
1,1,1.0,2.763102e-11,1.0
1,1,0.9999894,0.00013212957,0.9999788
0,0,0.99894524,0.008284038,0.9978905
1,0,0.999737,0.002430697,0.99947405
1,1,0.9763327,0.11198725,0.95266545
0,0,0.99985236,0.0014500999,0.9997047
0,0,1.0,2.7115243e-09,1.0
1,0,0.99999964,5.628069e-06,0.9999993
0,0,0.999997,4.0605242e-05,0.99999404
0,0,1.0,9.067375e-09,1.0
1,1,0.93842673,0.23127466,0.87685347
0,1,0.9999814,0.00022116103,0.9999628
0,0,1.0,1.4658238e-09,1.0
0,0,1.0,3.2432632e-10,1.0
1,1,1.0,2.763102e-11,1.0
1,1,0.96860325,0.13956437,0.9372065
1,1,0.9929062,0.04217243,0.9858124
1,0,0.99999934,9.63773e-06,0.9999987
0,0,0.99107784,0.05098795,0.9821557
1,1,0.7139014,0.59862137,0.4278028
0,0,1.0,2.8588235e-10,1.0
0,0,1.0,3.1673225e-10,1.0
0,0,1.0,3.3747302e-10,1.0
0,0,0.998918,0.008470324,0.997836
1,1,1.0,2.763102e-11,1.0
1,1,1.0,2.763102e-11,1.0
1,1,0.88873273,0.3491567,0.77746546
1,1,0.99986565,0.0013320695,0.9997313
1,1,0.953815,0.18712524,0.90762997
0,0,1.0,3.0590844e-10,1.0
1,1,1.0,2.763102e-11,1.0
1,0,0.99982196,0.0017151601,0.9996439
1,1,0.97838783,0.104248755,0.95677567
1,1,0.99890065,0.008588644,0.9978013
1,1,0.99798137,0.014542873,0.99596274
1,0,1.0,7.3520534e-10,1.0
1,1,1.0,2.763102e-11,1.0
1,0,1.0,7.045171e-10,1.0
0,0,0.72131765,0.59170455,0.4426353
1,1,0.93837804,0.23140728,0.8767561
1,0,0.6661918,0.6368428,0.33238363
1,1,1.0,2.763102e-11,1.0
1,1,1.0,2.763102e-11,1.0
1,1,0.986989,0.06941914,0.97397804
1,1,1.0,2.763102e-11,1.0
1,1,0.99988246,0.0011811244,0.9997649
1,1,0.9864032,0.07194179,0.97280645
1,0,0.8831074,0.36068758,0.76621485
1,1,0.85035247,0.4220972,0.70070493
1,1,0.93842673,0.23127466,0.87685347
0,0,0.99894863,0.008260732,0.99789727
0,0,0.99894154,0.008309257,0.9978831
0,0,1.0,3.0971528e-10,1.0
0,0,1.0,3.21422e-10,1.0
0,0,0.99999994,9.419279e-07,0.9999999
1,1,0.9999987,1.9072222e-05,0.9999974
1,1,0.93842673,0.23127466,0.87685347
1,1,0.8264185,0.4615199,0.65283704
0,0,1.0,4.416632e-10,1.0
1,0,0.7343917,0.5788417,0.46878335
1,1,1.0,2.763102e-11,1.0
1,1,0.993722,0.03809202,0.98744404
1,1,1.0,2.763102e-11,1.0
0,0,0.9963069,0.024372324,0.9926138
1,1,0.8264185,0.4615199,0.65283704
1,1,0.9998307,0.0016392615,0.99966145
1,0,0.9999999,1.6505851e-06,0.99999976
0,0,1.0,7.270726e-10,1.0
1,0,0.9846877,0.07918614,0.9693754
0,0,0.99999994,1.3460882e-06,0.9999999
1,1,1.0,2.763102e-11,1.0
0,0,0.9634952,0.15667246,0.9269904
0,0,0.99885696,0.008885355,0.9977139
1,0,0.999737,0.002430677,0.99947405
1,1,1.0,2.763102e-11,1.0
0,0,1.0,4.7010357e-10,1.0
0,0,0.9997834,0.0020440842,0.9995668
1,1,1.0,2.763102e-11,1.0
0,0,0.9989439,0.008292975,0.99788785
0,0,0.99992484,0.00078898075,0.9998497
1,1,1.0,2.763102e-11,1.0
0,0,1.0,1.0434108e-09,1.0
1,1,0.993722,0.03809202,0.98744404
1,1,0.9893796,0.05883336,0.97875917
1,0,0.8172723,0.47550452,0.6345446
1,1,0.99590164,0.026619302,0.9918033
1,0,0.99982184,0.0017160946,0.9996437
0,0,1.0,1.5279596e-08,1.0
0,1,0.99494874,0.031750113,0.9898975
0,0,0.9581858,0.17366761,0.9163716
1,0,1.0,1.7941863e-10,1.0
0,0,0.9998522,0.0014513307,0.99970436
1,0,0.9998221,0.0017142429,0.99964416
1,1,0.9999999,2.0196896e-06,0.99999976
0,0,0.99896157,0.008171917,0.99792314
0,0,1.0,3.4399406e-10,1.0
0,0,0.99633956,0.024189541,0.9926791
1,1,0.99999845,2.2281009e-05,0.9999969
1,0,1.0,4.7411597e-10,1.0
1,0,0.8881541,0.3503573,0.7763082
1,1,0.84715897,0.42760563,0.69431794
0,0,1.0,3.1119185e-10,1.0
0,0,0.99892694,0.008409429,0.9978539
0,0,0.9989439,0.008293168,0.99788785
1,0,0.9998525,0.001448726,0.99970496
0,0,1.0,4.8632015e-10,1.0
0,0,1.0,1.7049975e-10,1.0
1,0,1.0,3.0169204e-07,1.0
0,0,0.9989235,0.008432951,0.99784696
0,0,1.0,2.7855918e-10,1.0
1,1,1.0,2.763102e-11,1.0
0,0,1.0,3.198495e-10,1.0
0,0,0.95169985,0.19347945,0.9033997
1,0,0.7164649,0.59626114,0.43292975
1,0,1.0,9.7083e-10,1.0
1,1,0.93842673,0.23127466,0.87685347
0,1,0.9323659,0.24747565,0.8647318
0,0,0.99892086,0.008450859,0.9978417
0,0,1.0,4.2662787e-10,1.0
0,0,0.9964033,0.023831515,0.99280655
0,0,1.0,4.0167053e-10,1.0
0,0,1.0,2.9898903e-10,1.0
1,1,0.9776289,0.10712888,0.9552578
0,1,0.9744862,0.11878391,0.94897234
1,0,0.9992243,0.006330791,0.9984486
0,0,0.99893945,0.008323457,0.9978789
1,0,0.7943985,0.50807035,0.588797
1,1,0.99387604,0.037310094,0.9877521
1,1,0.99999976,3.87412e-06,0.9999995
1,1,0.9998123,0.0017982307,0.9996246
0,0,1.0,5.522034e-10,1.0
1,1,1.0,2.763102e-11,1.0
0,0,1.0,2.763102e-11,1.0
1,1,0.95699996,0.17736396,0.9139999
1,1,1.0,2.763102e-11,1.0
1,1,0.8247732,0.46407795,0.6495464
1,1,0.77622044,0.5316502,0.5524409
1,1,0.99387604,0.037310094,0.9877521
1,1,0.8171411,0.47570097,0.63428223
1,1,0.87568676,0.37543163,0.7513735
1,1,1.0,2.763102e-11,1.0
0,0,0.9998205,0.0017280667,0.99964094
1,0,0.82513,0.46352482,0.65026
1,1,0.73323977,0.5800098,0.46647954
0,1,0.9999832,0.00020159483,0.9999664
1,0,0.99899626,0.007932929,0.9979925
1,0,0.98862636,0.06222222,0.9772527
0,0,1.0,1.3183852e-08,1.0
0,0,0.9998522,0.0014513595,0.99970436
0,0,0.9989689,0.008121498,0.9979378
0,0,1.0,4.709285e-10,1.0
0,0,1.0,4.2888199e-10,1.0
1,1,0.99998724,0.00015650294,0.9999745
1,0,0.9705798,0.13272086,0.9411596
1,1,0.99998724,0.00015650294,0.9999745
1,1,0.9937184,0.038110435,0.9874368
0,1,1.0,2.763102e-11,1.0
0,0,1.0,4.0585166e-10,1.0
1,1,1.0,2.763102e-11,1.0
0,0,1.0,2.9134453e-10,1.0
1,1,0.9999999,2.0196896e-06,0.99999976
1,0,0.99949545,0.004334825,0.9989909
1,0,0.99959177,0.0035937952,0.99918354
0,0,1.0,4.824854e-10,1.0
1,1,1.0,2.763102e-11,1.0
0,0,0.9989453,0.008283704,0.9978906
1,1,1.0,2.763102e-11,1.0
1,1,0.99387604,0.037310094,0.9877521
1,1,0.9937184,0.038110435,0.9874368
0,0,0.99895626,0.008208435,0.9979125
0,0,0.9989476,0.008267522,0.99789524
1,1,0.93842673,0.23127466,0.87685347
0,0,0.98867714,0.061995402,0.9773543
1,1,1.0,2.763102e-11,1.0
0,0,1.0,1.50376e-09,1.0
1,0,0.9999983,2.4608473e-05,0.99999654
0,0,1.0,4.0485437e-10,1.0
1,1,0.9999999,2.0196896e-06,0.99999976
0,0,0.99993396,0.00070167216,0.9998679
0,0,1.0,1.3115328e-09,1.0
0,0,0.99892986,0.00838922,0.9978597
1,1,0.9945937,0.033613678,0.98918736
1,1,1.0,2.763102e-11,1.0
0,0,0.99999875,1.791379e-05,0.9999975
1,0,0.7285247,0.58472073,0.45704934
0,0,0.99668354,0.022244168,0.9933671
0,0,0.9998522,0.0014516438,0.99970436
0,0,0.9955017,0.02879733,0.9910034
1,1,1.0,2.763102e-11,1.0
1,1,1.0,2.763102e-11,1.0
1,1,0.95519364,0.18292913,0.9103873
0,0,0.9999936,8.293414e-05,0.99998724
1,0,0.99795425,0.014710837,0.9959085
0,0,1.0,2.6848e-10,1.0
0,0,1.0,4.8637533e-10,1.0
0,0,0.99894,0.008319901,0.99788
0,0,1.0,3.9895912e-10,1.0
1,1,1.0,2.763102e-11,1.0
1,1,1.0,2.763102e-11,1.0
1,1,1.0,2.763102e-11,1.0
1,1,1.0,2.763102e-11,1.0
1,1,0.9853313,0.07649243,0.9706626
1,1,1.0,2.763102e-11,1.0
0,0,1.0,2.6393798e-10,1.0
1,1,0.94185406,0.22183524,0.8837081
1,1,0.95565766,0.1815069,0.9113153
1,1,0.98269296,0.08736487,0.9653859
1,1,1.0,2.763102e-11,1.0
1,1,1.0,2.763102e-11,1.0
0,0,1.0,4.510553e-10,1.0
1,0,1.0,2.763102e-11,1.0
1,0,0.99994713,0.0005732962,0.99989426
0,0,1.0,1.6552187e-09,1.0
1,1,0.9999999,2.0196896e-06,0.99999976
1,1,1.0,2.763102e-11,1.0
0,0,0.9994969,0.0043242155,0.99899375
0,0,0.9989534,0.008228073,0.9979068
0,0,1.0,2.763102e-11,1.0
1,1,0.99998724,0.00015650294,0.9999745
0,0,0.9988687,0.008805971,0.9977374
0,0,0.99895704,0.008202994,0.9979141
0,0,1.0,9.597521e-09,1.0
1,1,0.7462731,0.56639266,0.4925462
1,1,0.92317,0.2709581,0.84633994
1,1,0.89915496,0.32693577,0.7983099
1,0,0.99899626,0.007932929,0.9979925
0,0,1.0,2.641963e-10,1.0
1,1,1.0,2.763102e-11,1.0
1,1,1.0,2.763102e-11,1.0
1,1,0.93842673,0.23127466,0.87685347
1,1,1.0,2.763102e-11,1.0
1,0,0.9966601,0.022377618,0.9933202
0,0,1.0,3.6133754e-10,1.0
0,0,1.0,4.1900486e-10,1.0
0,0,1.0,4.2884588e-10,1.0
1,1,1.0,2.763102e-11,1.0
0,0,1.0,4.9116755e-10,1.0
0,0,0.98863375,0.0621894,0.9772675
1,0,0.9772758,0.10845975,0.9545516
0,0,0.99894404,0.008292287,0.9978881
1,1,0.99387604,0.037310094,0.9877521
0,0,1.0,1.5930138e-09,1.0
0,1,0.6248897,0.6616196,0.24977934
0,0,0.9989249,0.008422949,0.9978498
1,0,1.0,2.2478146e-10,1.0
1,1,0.8264185,0.4615199,0.65283704
0,1,0.999977,0.00026871907,0.999954
0,0,0.99895793,0.008196799,0.99791586
1,1,0.99999976,3.87412e-06,0.9999995
0,0,1.0,4.281839e-10,1.0
1,0,1.0,2.4078346e-07,1.0
1,0,0.99999756,3.4293003e-05,0.9999951
0,0,0.9988747,0.008764938,0.99774945
0,0,1.0,1.7569832e-09,1.0
1,1,0.9380554,0.23228498,0.8761108
1,1,0.9997607,0.0022346107,0.9995214
0,0,1.0,3.2249864e-10,1.0
1,0,0.9997853,0.0020279903,0.9995706
1,1,0.99999964,5.6661747e-06,0.9999993
1,1,1.0,2.763102e-11,1.0
1,1,1.0,2.763102e-11,1.0
0,0,0.9989242,0.0084280865,0.9978484
1,1,0.9590898,0.17082606,0.91817963
1,1,1.0,2.763102e-11,1.0
0,0,1.0,2.763102e-11,1.0
1,1,0.93842673,0.23127466,0.87685347
1,0,0.99999976,4.114094e-06,0.9999995
1,1,0.8747135,0.37732735,0.74942696
0,0,1.0,4.2885842e-10,1.0
0,0,1.0,2.320462e-07,1.0
1,1,0.99999976,3.87412e-06,0.9999995
1,1,0.93842673,0.23127466,0.87685347
1,1,1.0,2.763102e-11,1.0
0,0,1.0,2.763102e-11,1.0
0,0,1.0,4.947352e-07,1.0
0,0,0.99999994,1.4361328e-06,0.9999999
1,1,0.9971631,0.019471316,0.99432623
0,0,1.0,3.0937572e-10,1.0
0,0,0.9997374,0.002427889,0.99947476
1,1,1.0,2.763102e-11,1.0
0,0,0.99894196,0.0083065545,0.9978839
1,1,0.9956463,0.028014109,0.9912926
1,1,0.9999999,2.0196896e-06,0.99999976
0,0,1.0,2.763102e-11,1.0
1,1,0.93842673,0.23127466,0.87685347
0,0,0.99999994,1.0933925e-06,0.9999999
1,1,0.9999995,7.417722e-06,0.99999905
1,1,1.0,2.763102e-11,1.0
1,1,0.9886835,0.06196695,0.97736704
0,0,0.99893034,0.008385996,0.99786067
0,0,1.0,2.763102e-11,1.0
0,0,0.7184507,0.5944106,0.43690145
0,0,0.9989271,0.008408221,0.99785423
0,0,0.99806774,0.014005193,0.9961355
1,0,0.99982196,0.0017153285,0.9996439
0,0,1.0,2.763102e-11,1.0
1,1,0.9937184,0.038110435,0.9874368
0,0,1.0,3.249494e-10,1.0
1,1,0.993722,0.03809202,0.98744404
1,1,1.0,2.763102e-11,1.0
0,0,1.0,1.0401668e-09,1.0
1,1,0.8441688,0.432692,0.68833756
1,1,0.99111265,0.05082382,0.9822253
0,0,0.99999994,6.555268e-07,0.9999999
0,0,1.0,3.1069244e-10,1.0
1,1,0.9933606,0.039912235,0.98672116
1,1,1.0,2.763102e-11,1.0
0,0,0.9998522,0.0014514345,0.99970436
1,1,1.0,2.763102e-11,1.0
1,1,0.99998724,0.00015650294,0.9999745
0,0,0.99895877,0.008191032,0.99791753
1,1,0.99998724,0.00015650294,0.9999745
0,0,1.0,5.7071786e-10,1.0
0,0,1.0,3.1918013e-10,1.0
0,0,0.9999934,8.5740445e-05,0.99998677
1,1,0.99833494,0.012316524,0.9966699
0,0,0.999737,0.002430697,0.99947405
0,0,0.9989431,0.008298637,0.9978862
1,1,1.0,2.763102e-11,1.0
0,0,1.0,5.421218e-10,1.0
1,1,0.9999994,9.1391485e-06,0.9999988
1,1,1.0,2.763102e-11,1.0
1,0,0.9999993,1.0875197e-05,0.99999857
1,1,1.0,2.763102e-11,1.0
1,1,0.94911194,0.20112184,0.8982239
1,1,0.9969893,0.020484973,0.9939786
1,1,1.0,2.763102e-11,1.0
1,1,0.9705268,0.13290611,0.9410536
1,1,1.0,2.763102e-11,1.0
0,0,1.0,1.8847687e-07,1.0
0,0,0.99999994,7.773531e-07,0.9999999
1,0,0.9998523,0.0014504173,0.9997046
1,1,0.99999976,3.87412e-06,0.9999995
1,1,0.99999857,2.0681588e-05,0.99999714
1,1,0.99964225,0.0031966509,0.9992845
1,1,0.98112696,0.09362016,0.9622539
0,0,1.0,2.763102e-11,1.0
0,0,0.97627664,0.11219586,0.9525533
0,0,1.0,8.4140295e-09,1.0
1,1,0.9999857,0.00017387705,0.9999714
1,1,1.0,2.763102e-11,1.0
0,0,1.0,3.511544e-09,1.0
1,1,0.9946672,0.03322993,0.98933434
0,0,0.98097384,0.09422448,0.9619477
1,0,0.999822,0.0017146224,0.99964404
1,0,0.99524087,0.030198205,0.99048173
1,1,0.99997544,0.00028521853,0.9999509
1,0,0.9828751,0.08662825,0.9657502
0,0,1.0,2.7576187e-08,1.0
1,1,0.9712092,0.13051331,0.94241846
1,1,0.9999988,1.7452001e-05,0.9999976
1,1,1.0,2.763102e-11,1.0
1,1,0.99367934,0.03830801,0.9873587
1,1,0.9405856,0.22535312,0.8811712
0,1,0.99956506,0.0038013745,0.99913013
0,0,0.7913179,0.51220536,0.58263576
1,0,0.6661918,0.6368428,0.33238363
0,0,0.9958092,0.027126078,0.9916184
1,1,0.94608355,0.20988938,0.8921671
0,0,1.0,2.763102e-11,1.0
0,0,0.8117343,0.48369843,0.62346864
1,1,1.0,2.763102e-11,1.0
0,0,0.99894255,0.008302445,0.9978851
0,1,0.99977225,0.0021379176,0.9995445
0,0,0.9988894,0.008665429,0.9977788
1,1,0.9999982,2.5452973e-05,0.9999964
0,0,1.0,2.763102e-11,1.0
0,0,1.0,4.2652404e-10,1.0
1,0,0.9968683,0.021184735,0.9937366
1,1,0.9998467,0.0014997673,0.9996934
1,1,0.985559,0.075532675,0.971118
1,1,0.6760272,0.62982786,0.35205436
0,0,0.9989317,0.008376546,0.9978634
1,1,0.9999162,0.0008704724,0.9998324
0,0,1.0,5.260636e-10,1.0
1,1,0.9999999,2.0196896e-06,0.99999976
1,0,0.99982184,0.0017160946,0.9996437
0,0,0.99576813,0.027350504,0.99153626
1,1,1.0,2.763102e-11,1.0
1,1,1.0,2.763102e-11,1.0
1,1,1.0,2.763102e-11,1.0
1,1,1.0,2.763102e-11,1.0
1,1,0.93842673,0.23127466,0.87685347
0,0,1.0,8.060333e-09,1.0
1,1,1.0,2.763102e-11,1.0
0,0,0.9999786,0.00025145343,0.9999572
0,0,0.9988644,0.008834794,0.9977288
0,0,1.0,6.962836e-09,1.0
0,0,0.9877926,0.0659148,0.9755852
1,1,0.9999994,9.1391485e-06,0.9999988
1,1,0.99387604,0.037310094,0.9877521
1,1,1.0,2.763102e-11,1.0
1,1,0.9999999,2.0196896e-06,0.99999976
0,0,0.9989452,0.008284371,0.99789035
1,1,0.99999976,3.87412e-06,0.9999995
1,0,1.0,2.2167192e-10,1.0
0,0,0.9989418,0.008307618,0.99788356
0,0,1.0,2.763102e-11,1.0
1,1,0.9824356,0.08840252,0.96487117
1,1,0.95182836,0.19309613,0.9036567
1,1,0.93842673,0.23127466,0.87685347
1,1,1.0,2.763102e-11,1.0
1,1,0.9937184,0.038110435,0.9874368
1,0,0.99985236,0.0014500824,0.9997047
1,1,0.9413732,0.2231722,0.88274646
0,0,1.0,2.1688577e-07,1.0
1,1,0.9954821,0.02890309,0.9909642
0,0,1.0,3.1446484e-10,1.0
0,0,1.0,8.4518403e-10,1.0
1,1,0.93842673,0.23127466,0.87685347
1,1,0.99999964,5.6661747e-06,0.9999993
0,0,0.9998522,0.0014514585,0.99970436
0,0,0.9998522,0.0014514487,0.99970436
1,1,0.99840933,0.011839041,0.99681866
1,1,0.93842673,0.23127466,0.87685347
1,1,0.9689233,0.1384653,0.93784654
1,1,0.8354857,0.44708037,0.6709714
1,1,0.9837249,0.08316477,0.9674498
0,0,1.0,3.157419e-10,1.0
1,1,0.86705554,0.3919459,0.7341111
1,1,1.0,2.763102e-11,1.0
1,1,0.95057136,0.19682947,0.9011427
0,1,0.5194289,0.692392,0.038857818
1,1,0.99998724,0.00015650294,0.9999745
1,1,0.99378514,0.037772026,0.9875703
1,1,0.93842673,0.23127466,0.87685347
0,0,0.99895126,0.008242686,0.9979025
1,0,0.9983434,0.01226238,0.9966868
1,1,0.9999994,9.1391485e-06,0.9999988
1,1,1.0,2.763102e-11,1.0
1,1,1.0,2.763102e-11,1.0
0,1,0.6125956,0.66757286,0.22519124
1,1,1.0,2.763102e-11,1.0
1,1,0.99999976,3.87412e-06,0.9999995
0,0,0.9999893,0.00013330967,0.99997854
1,1,1.0,2.763102e-11,1.0
0,0,0.999969,0.0003525006,0.999938
1,1,1.0,2.763102e-11,1.0
0,0,1.0,7.64054e-10,1.0
1,1,0.99999964,5.6661747e-06,0.9999993
1,1,0.998588,0.0106774345,0.99717605
0,0,1.0,3.1560315e-10,1.0
0,0,1.0,1.3669095e-09,1.0
1,0,0.99899626,0.007932929,0.9979925
1,1,0.99999976,3.87412e-06,0.9999995
1,1,1.0,2.763102e-11,1.0
1,1,0.9948256,0.03239919,0.9896512
1,0,0.9711446,0.13074064,0.94228923
1,1,1.0,2.763102e-11,1.0
0,0,0.99980617,0.0018506878,0.99961233
1,1,0.99868184,0.010058671,0.9973637
1,1,1.0,2.763102e-11,1.0
0,0,0.9989362,0.008346078,0.99787235
1,1,0.74556476,0.5671555,0.49112952
0,0,1.0,9.0547836e-08,1.0
1,0,0.99899626,0.007932929,0.9979925
1,1,1.0,2.763102e-11,1.0
1,1,1.0,2.763102e-11,1.0
0,1,0.9999794,0.00024312871,0.99995875
0,1,0.9780839,0.10540533,0.9561678
1,1,0.94944483,0.20014668,0.89888966
1,1,0.9970394,0.020194031,0.99407876
0,0,1.0,2.763102e-11,1.0
0,0,0.96734524,0.1438526,0.9346905
0,0,0.9942415,0.03543909,0.98848295
0,0,0.99893665,0.008342906,0.9978733
1,1,1.0,2.763102e-11,1.0
0,0,1.0,1.5282843e-09,1.0
0,0,0.99878556,0.009366778,0.9975711
1,1,0.9988691,0.008802981,0.99773824
0,0,1.0,3.8946538e-10,1.0
1,1,0.993722,0.03809202,0.98744404
1,1,0.9945937,0.033613678,0.98918736
0,0,1.0,4.6418253e-10,1.0
0,0,0.9996219,0.0033573268,0.99924386
1,1,1.0,2.763102e-11,1.0
0,0,1.0,9.527637e-08,1.0
1,1,0.93488675,0.24081093,0.8697735
0,0,1.0,3.2088096e-10,1.0
0,0,1.0,3.3645813e-07,1.0
1,0,0.99899626,0.007932929,0.9979925
0,0,1.0,2.763102e-11,1.0
1,0,0.9833487,0.08470329,0.96669745
1,0,0.99398214,0.03676916,0.9879643
0,0,0.99996656,0.00037784094,0.9999331
1,0,0.6789398,0.627666,0.35787967
1,1,0.93842673,0.23127466,0.87685347
1,0,1.0,2.763102e-11,1.0
1,1,0.9999999,2.0196896e-06,0.99999976
0,0,0.99895597,0.008210419,0.99791193
0,0,0.9998217,0.001717272,0.99964345
0,0,0.98752195,0.067100964,0.9750439
1,0,0.9912569,0.05014261,0.9825138
0,0,0.99999994,7.072765e-07,0.9999999
0,0,1.0,2.5362851e-08,1.0
1,1,0.99999774,3.1705014e-05,0.99999547
1,1,1.0,2.763102e-11,1.0
0,0,1.0,2.997914e-09,1.0
0,0,1.0,4.6285575e-10,1.0
1,1,0.88571084,0.35538995,0.7714217
1,1,1.0,2.763102e-11,1.0
0,0,1.0,4.6225473e-10,1.0
0,0,1.0,6.595283e-09,1.0
1,1,0.9999994,9.1391485e-06,0.9999988
0,0,0.99999994,6.5090757e-07,0.9999999
1,1,0.9948251,0.032401696,0.98965025
0,0,1.0,7.986157e-10,1.0
0,0,1.0,3.1043199e-10,1.0
1,1,0.99999976,3.87412e-06,0.9999995
1,0,0.99053717,0.053518422,0.98107433
1,1,0.99999976,3.87412e-06,0.9999995
0,0,1.0,6.8832284e-10,1.0
0,0,0.9999937,8.190315e-05,0.99998736
0,0,0.9989218,0.008444465,0.9978436
0,0,0.99893194,0.008374953,0.9978639
1,1,0.99659663,0.02273886,0.99319327
0,0,1.0,2.763102e-11,1.0
0,0,0.9998522,0.0014514773,0.99970436
1,1,0.93842673,0.23127466,0.87685347
1,1,0.99999964,5.6661747e-06,0.9999993
1,1,0.8264185,0.4615199,0.65283704
1,1,0.98754287,0.06700949,0.97508574
1,1,0.99230087,0.04513838,0.98460174
0,0,1.0,3.012349e-10,1.0
0,0,1.0,2.763102e-11,1.0
1,1,0.8264185,0.4615199,0.65283704
0,0,0.7896489,0.5144215,0.5792978
1,1,1.0,2.763102e-11,1.0
1,1,0.99999976,3.87412e-06,0.9999995
0,0,0.998935,0.008354378,0.99786997
0,0,0.99893105,0.008381058,0.9978621
1,1,0.93842673,0.23127466,0.87685347
1,1,1.0,2.763102e-11,1.0
1,1,0.9493043,0.20055866,0.89860857
0,0,1.0,1.93088e-09,1.0
1,0,0.99985117,0.0014604243,0.99970233
1,1,0.93842673,0.23127466,0.87685347
1,1,1.0,2.763102e-11,1.0
1,0,0.69758344,0.61289793,0.3951669
0,0,1.0,6.3333083e-10,1.0
0,0,1.0,6.813456e-09,1.0
0,0,1.0,8.386183e-10,1.0
1,1,0.9999982,2.5452973e-05,0.9999964
1,0,0.9971736,0.01940977,0.9943472
1,1,0.99999285,9.189632e-05,0.9999857
1,1,0.79528975,0.5068633,0.5905795
0,0,1.0,2.6650673e-09,1.0
1,1,1.0,2.763102e-11,1.0
1,0,0.9999955,5.93177e-05,0.99999106
0,0,0.9989505,0.008248087,0.99790096
1,1,0.9976757,0.016416831,0.99535143
1,0,1.0,7.7094714e-10,1.0
1,1,0.8264185,0.4615199,0.65283704
0,1,0.99994564,0.00058816175,0.9998913
0,0,1.0,4.5180837e-09,1.0
1,1,1.0,2.763102e-11,1.0
0,0,0.99893093,0.008382131,0.99786186
0,1,0.99999285,9.189632e-05,0.9999857
1,1,1.0,2.763102e-11,1.0
1,0,0.9999979,2.9256447e-05,0.9999958
1,1,1.0,2.763102e-11,1.0
0,0,1.0,4.2895498e-10,1.0
0,0,0.99894005,0.008319506,0.9978801
1,0,0.99899626,0.007932929,0.9979925
1,1,0.9903384,0.054440767,0.9806768
0,0,0.9989517,0.008239928,0.99790335
1,1,1.0,2.763102e-11,1.0
1,1,0.8264185,0.4615199,0.65283704
1,0,0.9999505,0.00054000906,0.99990106
1,1,0.9999999,2.0196896e-06,0.99999976
0,0,0.99999964,5.510134e-06,0.9999993
1,1,0.99999976,3.87412e-06,0.9999995
1,1,0.99188495,0.047148183,0.9837699
0,0,0.9628401,0.15881078,0.92568016
1,1,1.0,2.763102e-11,1.0
1,1,0.8264185,0.4615199,0.65283704
1,1,0.9988967,0.008615434,0.99779344
1,0,0.6157646,0.66609955,0.23152927
1,1,1.0,2.763102e-11,1.0
0,0,1.0,6.22801e-08,1.0
0,0,1.0,2.763102e-11,1.0
1,0,1.0,3.5731842e-10,1.0
1,1,1.0,2.763102e-11,1.0
1,0,0.72755075,0.58567977,0.45510152
1,1,0.9999989,1.581984e-05,0.99999785
1,0,1.0,1.7233612e-09,1.0
1,0,0.66621965,0.6368236,0.3324393
0,0,1.0,5.049876e-10,1.0
0,0,0.9989468,0.008273325,0.9978936
0,0,0.99895376,0.008225533,0.9979075
0,1,0.9999846,0.00018580566,0.99996924
1,1,0.9948257,0.03239856,0.98965144
1,1,1.0,2.763102e-11,1.0
1,1,1.0,2.763102e-11,1.0
0,0,1.0,2.805732e-10,1.0
1,0,0.99985236,0.0014500824,0.9997047
1,1,0.99999344,8.480879e-05,0.9999869
1,0,0.9998221,0.0017142429,0.99964416
0,0,0.9999999,2.1129015e-06,0.99999976
1,0,0.9999859,0.00017169339,0.99997175
1,1,0.9970092,0.020369392,0.99401844
0,0,0.99759954,0.01687722,0.9951991
0,0,1.0,8.363707e-10,1.0
1,1,0.993869,0.037345886,0.987738
0,0,0.99994993,0.00054564443,0.99989986
0,0,0.70390177,0.607522,0.4078035
0,0,0.99895144,0.008241595,0.99790287
1,1,1.0,2.763102e-11,1.0
1,1,0.998588,0.0106774345,0.99717605
0,0,0.9927907,0.042742267,0.9855814
1,1,1.0,2.763102e-11,1.0
0,0,0.99797624,0.014574762,0.9959525
1,0,0.9985904,0.010661743,0.9971808
0,0,1.0,6.0442845e-10,1.0
0,0,0.9989462,0.008277647,0.9978924
0,0,0.9989493,0.008256212,0.9978986
0,0,0.99896044,0.008179713,0.9979209
0,0,1.0,1.1069207e-09,1.0
1,1,1.0,2.763102e-11,1.0
0,0,1.0,6.220091e-08,1.0
1,1,1.0,2.763102e-11,1.0
1,1,1.0,2.763102e-11,1.0
1,1,1.0,2.763102e-11,1.0
1,1,1.0,2.763102e-11,1.0
0,0,0.9996589,0.0030643975,0.99931777
0,0,0.99998677,0.00016212989,0.99997354
1,1,0.99999976,3.87412e-06,0.9999995
1,1,1.0,2.763102e-11,1.0
1,1,0.9897384,0.05720017,0.9794768
1,0,0.6661918,0.6368428,0.33238363
1,1,0.9476304,0.20543413,0.8952608
1,1,0.93842673,0.23127466,0.87685347
1,1,1.0,2.763102e-11,1.0
0,0,1.0,3.1844394e-10,1.0
1,1,0.8264185,0.4615199,0.65283704
0,1,0.93842673,0.23127466,0.87685347
0,0,0.99892896,0.008395366,0.9978579
0,0,0.9989515,0.008241265,0.997903
1,1,0.93842673,0.23127466,0.87685347
0,0,0.99894214,0.008305311,0.9978843
1,1,1.0,2.763102e-11,1.0
1,1,0.9999949,6.756673e-05,0.99998975
1,0,0.78723925,0.5175916,0.5744785
0,0,0.999999,1.4931682e-05,0.999998
1,1,0.993869,0.037345886,0.987738
1,1,0.99914753,0.0068767983,0.99829507
1,1,1.0,2.763102e-11,1.0
0,0,0.9999995,7.467499e-06,0.99999905
0,0,0.99878985,0.009338023,0.9975797
0,0,1.0,3.131941e-10,1.0
1,1,0.99251986,0.044071168,0.9850397
0,0,0.99999756,3.4077686e-05,0.9999951
0,0,0.9842755,0.08089671,0.96855104
1,1,1.0,2.763102e-11,1.0
0,0,0.9999285,0.00075413927,0.99985695
1,0,1.0,5.061856e-08,1.0
0,0,0.99631053,0.024352103,0.99262106
0,0,0.98173785,0.091196336,0.9634757
0,0,1.0,4.2769824e-10,1.0
1,1,0.9999999,2.0196896e-06,0.99999976
1,1,1.0,2.763102e-11,1.0
1,1,1.0,2.763102e-11,1.0
0,0,0.9999608,0.00043721037,0.99992156
1,1,1.0,2.763102e-11,1.0
0,0,1.0,2.9954644e-10,1.0
1,1,1.0,2.763102e-11,1.0
1,1,0.8264185,0.4615199,0.65283704
0,0,0.9998207,0.0017261505,0.9996414
1,0,0.99985236,0.0014499458,0.9997047
1,1,0.94055873,0.22542737,0.88111746
0,0,1.0,2.763102e-11,1.0
1,0,0.78042567,0.5263687,0.56085134
0,0,0.97146326,0.12961829,0.9429265
1,0,1.0,4.2205762e-08,1.0
1,0,0.6661918,0.6368428,0.33238363
1,1,0.9999999,2.0196896e-06,0.99999976
1,1,0.99999094,0.000114260336,0.9999819
1,0,0.91908616,0.28099567,0.8381723
1,1,1.0,2.763102e-11,1.0
1,0,0.8919811,0.34235317,0.78396225
1,0,0.9999997,4.4725452e-06,0.9999994
1,1,1.0,2.763102e-11,1.0
0,0,1.0,2.9199257e-10,1.0
0,0,0.9989571,0.008202762,0.9979142
0,0,0.9989465,0.008275415,0.997893
1,1,1.0,2.763102e-11,1.0
1,0,0.99999857,2.093142e-05,0.99999714
0,0,1.0,1.02616234e-07,1.0
1,1,0.9999423,0.00062083855,0.9998846
1,1,1.0,2.763102e-11,1.0
0,0,0.9629009,0.15861276,0.92580175
1,1,1.0,2.763102e-11,1.0
0,0,0.9999981,2.7165772e-05,0.9999962
1,1,0.9941776,0.03576784,0.98835516
0,1,0.9999846,0.00018580566,0.99996924
0,0,1.0,2.3394142e-07,1.0
1,0,0.99999994,1.363695e-06,0.9999999
1,1,1.0,2.763102e-11,1.0
1,1,0.99998724,0.00015650294,0.9999745
0,0,0.9982391,0.012926699,0.9964782
1,1,0.993869,0.037345886,0.987738
1,1,0.93842673,0.23127466,0.87685347
0,0,0.962476,0.15999377,0.92495203
0,0,1.0,2.3929807e-09,1.0
1,0,0.8707254,0.3850054,0.7414508
1,1,0.9945937,0.033613678,0.98918736
0,1,0.9986745,0.010107259,0.997349
0,0,0.9998522,0.0014514487,0.99970436
1,1,0.9998853,0.0011552009,0.99977064
1,1,0.995449,0.029081443,0.990898
0,0,0.97417474,0.11991636,0.9483495
1,1,0.9999993,1.0836571e-05,0.99999857
0,0,0.9989481,0.008264387,0.9978962
0,0,1.0,1.2544754e-09,1.0
0,0,0.99894685,0.008272937,0.9978937
0,0,0.9998207,0.0017261505,0.9996414
1,1,1.0,2.763102e-11,1.0
1,1,0.9948376,0.03233617,0.98967516
1,1,1.0,2.763102e-11,1.0
0,0,1.0,1.1694915e-08,1.0
0,0,0.9998522,0.0014514487,0.99970436
1,0,1.0,1.7941863e-10,1.0
1,0,0.99999994,6.1293304e-07,0.9999999
0,1,0.999972,0.00032168088,0.999944
1,1,1.0,2.763102e-11,1.0
1,1,0.804637,0.49390656,0.609274
1,1,0.993869,0.037345886,0.987738
1,1,0.8898499,0.34682906,0.7796998
0,0,1.0,8.723467e-08,1.0
1,1,1.0,2.763102e-11,1.0
0,0,1.0,4.710095e-10,1.0
1,1,0.61903334,0.6645354,0.23806667
1,0,0.99899626,0.007932929,0.9979925
1,1,1.0,2.763102e-11,1.0
1,1,0.9983835,0.012005092,0.99676704
1,1,0.99999976,3.87412e-06,0.9999995
0,0,0.94575304,0.21083522,0.8915061
0,0,0.9998522,0.0014513307,0.99970436
0,0,0.9998512,0.0014599623,0.99970245
0,0,0.9989171,0.0084764585,0.9978342
1,1,0.93842673,0.23127466,0.87685347
1,1,0.93842673,0.23127466,0.87685347
1,0,0.98107886,0.0938101,0.9621577
0,0,0.99762523,0.016722288,0.99525046
1,1,0.5987555,0.67351305,0.19751096
1,1,1.0,2.763102e-11,1.0
0,0,0.9999997,4.7418234e-06,0.9999994
1,1,0.9724476,0.1261284,0.94489515
1,1,0.93842673,0.23127466,0.87685347
1,0,0.9966601,0.022377618,0.9933202
1,1,0.9999999,2.0196896e-06,0.99999976
1,1,0.96334654,0.15715876,0.9266931
1,1,0.99303824,0.041518796,0.9860765
0,0,0.9989554,0.00821409,0.99791086
0,0,1.0,2.763102e-11,1.0
1,1,0.99998724,0.00015650294,0.9999745
1,1,0.9999999,2.0196896e-06,0.99999976
1,0,0.99985236,0.001449805,0.9997047
1,0,0.99899626,0.007932929,0.9979925
1,0,0.99999994,6.9008325e-07,0.9999999
0,0,0.99893916,0.008325655,0.9978783
0,0,0.99891984,0.008457674,0.9978397
0,0,1.0,3.557934e-10,1.0
1,1,1.0,2.763102e-11,1.0
0,0,0.9999992,1.1436633e-05,0.99999845
0,0,1.0,2.929391e-10,1.0
0,0,0.99999994,7.0857584e-07,0.9999999
1,1,1.0,2.763102e-11,1.0
1,1,0.9811218,0.09364065,0.96224356
1,0,0.6689408,0.6349262,0.33788157
1,1,0.99999976,3.87412e-06,0.9999995
0,0,1.0,4.4608917e-10,1.0
1,0,0.99543774,0.029142112,0.9908755
0,0,1.0,2.763102e-11,1.0
0,0,0.9996867,0.0028409476,0.99937344
1,1,1.0,2.763102e-11,1.0
1,0,1.0,5.6907986e-08,1.0
1,0,0.99982184,0.0017159325,0.9996437
0,0,0.9999999,2.1245035e-06,0.99999976
1,1,0.99094087,0.05163196,0.98188174
1,1,0.98424315,0.081030525,0.9684863
0,0,0.9989079,0.008539217,0.99781585
0,0,1.0,4.877399e-09,1.0
1,1,0.8264185,0.4615199,0.65283704
1,1,0.99998724,0.00015650294,0.9999745
1,1,0.93842673,0.23127466,0.87685347
1,1,0.99999964,5.6661747e-06,0.9999993
0,0,0.99894327,0.008297456,0.99788654
0,0,0.9997837,0.002041812,0.9995674
1,1,1.0,2.763102e-11,1.0
0,0,1.0,2.763102e-11,1.0
0,0,0.99084705,0.052071985,0.9816941
0,0,0.99631107,0.02434919,0.99262214
1,0,0.9989892,0.007981698,0.99797845
0,0,0.9989475,0.008268367,0.997895
1,1,0.9999999,2.0196896e-06,0.99999976
1,1,0.99999976,3.87412e-06,0.9999995
1,1,0.9999999,2.0196896e-06,0.99999976
1,0,1.0,1.545281e-09,1.0
0,0,1.0,6.0289795e-10,1.0
1,1,0.9968226,0.021447798,0.9936452
0,0,1.0,3.2471975e-10,1.0
0,0,1.0,2.763102e-11,1.0
1,1,0.9366765,0.23601598,0.873353
0,0,1.0,5.7382404e-10,1.0
0,0,0.9988248,0.009103018,0.99764955
0,0,1.0,1.0764193e-09,1.0
0,0,0.99893683,0.008341729,0.99787366
1,0,0.9997523,0.0023045086,0.99950457
0,0,0.9999995,7.0504543e-06,0.99999905
1,1,1.0,2.763102e-11,1.0
1,1,1.0,2.763102e-11,1.0
0,0,1.0,2.813519e-10,1.0
1,1,0.8234661,0.46609676,0.64693224
0,0,0.9997837,0.002041812,0.9995674
0,0,0.9985154,0.011151784,0.99703085
1,1,1.0,2.763102e-11,1.0
1,0,0.99916476,0.006754732,0.9983295
0,0,0.9989624,0.008166068,0.9979248
0,0,0.99894404,0.008292137,0.9978881
0,0,0.9989566,0.008205882,0.99791324
1,0,0.99999946,8.367898e-06,0.9999989
1,1,0.99999726,3.7855916e-05,0.9999945
1,1,1.0,2.763102e-11,1.0
1,1,0.8264185,0.4615199,0.65283704
0,0,1.0,3.163508e-10,1.0
1,1,1.0,2.763102e-11,1.0
0,0,0.9922746,0.045266,0.98454916
0,0,0.999791,0.001979724,0.99958205
0,0,0.9989282,0.008400828,0.9978564
1,1,0.9981494,0.013493347,0.9962988
1,1,1.0,2.763102e-11,1.0
0,0,0.99424154,0.035438713,0.9884831
0,0,0.9989381,0.008332889,0.99787617
0,0,1.0,2.763102e-11,1.0
1,1,1.0,2.763102e-11,1.0
1,0,1.0,7.8672757e-10,1.0
0,0,1.0,3.556675e-08,1.0
1,1,0.999553,0.0038943987,0.99910605
1,1,0.993869,0.037345886,0.987738
1,0,1.0,2.763102e-11,1.0
1,1,0.8354857,0.44708037,0.6709714
0,0,1.0,3.5464215e-10,1.0
1,1,0.9999999,2.0196896e-06,0.99999976
1,1,0.99994016,0.0006417424,0.9998803
0,0,0.9998219,0.0017157187,0.9996438
0,0,1.0,1.5752224e-08,1.0
0,0,1.0,5.4309873e-10,1.0
0,0,0.9999994,9.17539e-06,0.9999988
1,1,1.0,2.763102e-11,1.0
1,0,0.9966601,0.022377618,0.9933202
0,0,1.0,3.8469986e-10,1.0
0,0,1.0,3.374959e-10,1.0
1,1,1.0,2.763102e-11,1.0
1,0,0.9998205,0.0017280562,0.99964094
0,0,1.0,3.6570497e-10,1.0
1,0,1.0,3.6869802e-11,1.0
1,1,0.97514206,0.11638598,0.9502841
0,0,1.0,1.922265e-09,1.0
0,0,0.99892956,0.0083911875,0.9978591
1,1,0.9998795,0.0012080539,0.99975896
1,0,0.99982196,0.0017153363,0.9996439
0,0,0.9996905,0.0028103972,0.99938095
0,0,1.0,6.00615e-10,1.0
1,1,0.9976757,0.016416831,0.99535143
0,0,0.9988303,0.009065706,0.99766064
1,1,0.9999999,2.0196896e-06,0.99999976
0,0,1.0,2.763102e-11,1.0
0,0,1.0,5.1004506e-10,1.0
1,1,0.93842673,0.23127466,0.87685347
1,1,0.9999999,2.0196896e-06,0.99999976
0,0,0.99893373,0.00836292,0.99786747
1,1,0.9996234,0.0033456257,0.99924684
0,1,0.8842297,0.358412,0.76845944
1,1,0.9956761,0.027852109,0.9913522
0,0,0.9999548,0.00049720006,0.99990964
0,0,1.0,4.1836798e-10,1.0
1,1,1.0,2.763102e-11,1.0
0,0,1.0,3.0421665e-10,1.0
1,1,0.99387604,0.037310094,0.9877521
1,0,0.99999994,1.4080384e-06,0.9999999
0,0,1.0,1.6526352e-08,1.0
1,1,0.9981762,0.01332443,0.99635243
1,1,1.0,2.763102e-11,1.0
0,0,0.99999994,1.183672e-06,0.9999999
0,0,0.99985236,0.0014501198,0.9997047
0,0,1.0,2.682568e-10,1.0
0,0,1.0,2.763102e-11,1.0
0,0,1.0,2.5026446e-07,1.0
0,0,0.99999774,3.142241e-05,0.99999547
0,0,0.9998205,0.0017280771,0.99964094
1,0,0.99899626,0.007932929,0.9979925
1,1,1.0,2.763102e-11,1.0
1,1,0.93842673,0.23127466,0.87685347
0,0,0.9989471,0.008271239,0.99789417
1,1,0.6011908,0.6725259,0.20238161
0,0,1.0,2.763102e-11,1.0
0,0,1.0,2.9744447e-09,1.0
1,1,0.9999976,3.3251406e-05,0.99999523
0,0,1.0,2.914006e-10,1.0
1,0,0.9999998,2.7598064e-06,0.99999964
0,0,1.0,1.5314807e-08,1.0
0,0,1.0,3.1487343e-10,1.0
0,0,1.0,1.2074579e-09,1.0
1,1,0.99999976,3.87412e-06,0.9999995
1,1,0.9999999,2.0196896e-06,0.99999976
0,0,0.99896324,0.008160396,0.9979265
1,1,0.80452263,0.49406844,0.60904527
0,0,1.0,3.4119185e-10,1.0
0,0,1.0,3.0282582e-10,1.0
0,0,0.98970616,0.057347354,0.9794123
1,1,1.0,2.763102e-11,1.0
0,0,1.0,1.0470111e-09,1.0
1,1,0.9999883,0.0001443656,0.99997663
0,0,0.9583733,0.17307983,0.9167466
0,0,0.99982184,0.0017159533,0.9996437
1,1,0.9999999,2.0196896e-06,0.99999976
0,1,0.9999832,0.00020159483,0.9999664
1,1,0.9468532,0.20767853,0.89370644
1,1,0.99482745,0.032389473,0.9896549
1,0,0.52381635,0.6920123,0.047632664
1,0,1.0,6.023203e-10,1.0
1,1,0.9949144,0.031931374,0.9898288
1,1,0.97969764,0.09921351,0.9593953
1,1,1.0,2.763102e-11,1.0
1,0,0.99899626,0.007932929,0.9979925
1,1,1.0,2.763102e-11,1.0
0,0,0.99985224,0.0014511521,0.9997045
0,0,1.0,5.288829e-08,1.0
0,0,0.9982955,0.012568289,0.996591
1,1,0.9555739,0.18176395,0.91114783
0,0,0.78426,0.52146316,0.56851995
1,1,0.5498024,0.68817836,0.099604845
1,1,0.99520063,0.03041295,0.99040127
0,0,0.9989398,0.008321171,0.9978796
1,1,1.0,2.763102e-11,1.0
1,0,0.99967986,0.002896019,0.9993597
1,1,1.0,2.763102e-11,1.0
0,0,1.0,3.1681696e-10,1.0
1,0,1.0,2.8014263e-08,1.0
1,0,0.9986569,0.010223631,0.99731386
1,1,0.99757665,0.017015265,0.9951533
1,1,1.0,2.763102e-11,1.0
0,0,0.9998522,0.0014514345,0.99970436
1,0,1.0,2.763102e-11,1.0
0,0,0.99894077,0.008314761,0.99788153
1,1,1.0,2.763102e-11,1.0
1,1,0.99998724,0.00015650294,0.9999745
0,0,0.99888736,0.008679165,0.9977747
1,0,0.9997394,0.0024110232,0.9994788
0,0,1.0,1.5962096e-08,1.0
1,0,0.99843067,0.011701545,0.99686134
0,0,0.9989184,0.008467348,0.9978368
1,1,1.0,2.763102e-11,1.0
1,0,0.99982184,0.0017159752,0.9996437
0,0,0.9989466,0.00827465,0.9978932
1,0,0.98683286,0.07009431,0.9736657
0,0,1.0,4.1123313e-10,1.0
1,1,1.0,2.763102e-11,1.0
0,0,1.0,2.6525543e-10,1.0
0,1,0.93842673,0.23127466,0.87685347
0,0,0.97367424,0.121728465,0.9473485
1,1,0.9890534,0.060307242,0.97810686
0,0,0.99892396,0.008429656,0.9978479
0,0,0.9989514,0.008241834,0.99790275
1,1,0.9948245,0.03240483,0.98964906
0,0,1.0,4.0161027e-10,1.0
0,0,0.9989554,0.008214228,0.99791086
0,0,0.9989363,0.00834536,0.9978726
1,1,1.0,2.763102e-11,1.0
1,0,1.0,2.763102e-11,1.0
1,0,0.9985582,0.010872655,0.99711645
1,0,0.80518687,0.4931273,0.61037374
1,1,1.0,2.763102e-11,1.0
1,1,0.9999988,1.7452001e-05,0.9999976
0,0,1.0,4.1620785e-10,1.0
0,0,1.0,5.073884e-10,1.0
0,0,1.0,4.5364854e-07,1.0
1,1,0.98143506,0.092400305,0.9628701
0,1,0.5382153,0.6902235,0.07643056
1,1,0.93842673,0.23127466,0.87685347
1,1,0.93488675,0.24081093,0.8697735
0,0,0.9988758,0.0087578185,0.9977516
0,0,0.9999961,5.2003892e-05,0.99999225
1,0,1.0,2.763102e-11,1.0
0,0,0.9989429,0.008299818,0.9978858
0,0,0.99895424,0.008222206,0.9979085
0,0,0.8749881,0.37679335,0.74997616
1,1,0.9476721,0.2053133,0.89534426
1,1,0.6081283,0.66957796,0.21625662
1,1,0.99998724,0.00015650294,0.9999745
1,1,0.9945937,0.033613678,0.98918736
0,0,0.9815134,0.092089444,0.96302676
0,0,1.0,7.564363e-10,1.0
0,0,0.998931,0.008381498,0.997862
1,0,0.6089338,0.6692226,0.21786758
1,1,0.99992025,0.0008323263,0.9998405
1,1,1.0,2.763102e-11,1.0
1,1,1.0,2.763102e-11,1.0
1,1,0.99441355,0.034550007,0.9888271
1,0,0.9998524,0.0014496099,0.99970484
0,0,1.0,2.763102e-11,1.0
0,0,0.9989326,0.008370492,0.9978652
0,1,0.6129458,0.66741216,0.22589159
0,0,0.99999994,1.4272676e-06,0.9999999
0,0,0.9984397,0.011642995,0.99687946
0,0,0.9988555,0.008895559,0.99771094
0,0,0.99343055,0.03956151,0.9868611
0,0,0.9989161,0.008483232,0.9978322
1,1,1.0,2.763102e-11,1.0
0,0,1.0,7.620212e-10,1.0
1,0,1.0,1.4305689e-09,1.0
1,0,0.9966601,0.022377618,0.9933202
0,0,0.99774027,0.016024679,0.99548054
1,1,1.0,2.763102e-11,1.0
1,1,0.9657357,0.14926635,0.93147135
1,1,0.99999356,8.338493e-05,0.9999871
1,0,0.9999967,4.4970984e-05,0.99999344
1,0,1.0,4.496119e-08,1.0
1,0,1.0,2.065908e-10,1.0
1,1,0.99739504,0.018101964,0.9947901
1,0,0.99899626,0.007932929,0.9979925
0,0,1.0,3.1761746e-10,1.0
1,1,1.0,2.763102e-11,1.0
0,0,1.0,4.5281628e-10,1.0
0,0,1.0,3.468231e-10,1.0
1,1,1.0,2.763102e-11,1.0
1,0,0.9998299,0.0016467049,0.9996598
0,0,1.0,3.870161e-10,1.0
1,0,0.9997772,0.002096559,0.9995544
1,1,0.8441688,0.432692,0.68833756
0,0,0.98883003,0.061311096,0.97766006
1,1,0.9920513,0.04634696,0.9841026
0,0,1.0,2.9284042e-10,1.0
0,0,1.0,5.3639257e-09,1.0
0,0,0.9726573,0.12538004,0.94531465
1,1,0.9947155,0.032976963,0.989431
0,0,0.9998522,0.001451593,0.99970436
0,0,0.9934256,0.039586183,0.9868512
0,0,1.0,8.314495e-10,1.0
1,1,0.9675859,0.14303611,0.93517184
1,1,0.93842673,0.23127466,0.87685347
0,0,0.998949,0.008258181,0.997898
0,0,1.0,2.763102e-11,1.0
1,1,0.98821473,0.064052805,0.97642946
0,0,0.99999785,3.0375308e-05,0.9999957
0,1,0.805237,0.49305612,0.610474
1,1,0.99387604,0.037310094,0.9877521
1,1,0.9950435,0.031248532,0.99008703
0,0,1.0,2.659892e-10,1.0
0,0,1.0,2.763102e-11,1.0
0,0,0.99923223,0.0062739193,0.99846447
1,1,1.0,2.763102e-11,1.0
0,0,1.0,1.452927e-07,1.0
0,0,0.9989329,0.008368394,0.9978658
0,0,1.0,2.763102e-11,1.0
1,0,0.9966601,0.022377618,0.9933202
0,0,0.99999225,9.9046156e-05,0.9999845
1,1,0.9948238,0.03240859,0.9896476
0,0,1.0,2.6511943e-10,1.0
1,1,1.0,2.763102e-11,1.0
0,0,0.9980555,0.014081491,0.99611104
1,1,0.8775955,0.3716886,0.75519097
0,1,0.64215815,0.65216637,0.2843163
1,0,0.99509,0.031001931,0.99018
1,1,0.99999964,5.6661747e-06,0.9999993
0,0,0.9989427,0.008301595,0.99788535
1,0,0.87188685,0.3827841,0.7437737
0,0,1.0,3.027048e-08,1.0
1,1,1.0,2.763102e-11,1.0
0,0,1.0,3.3865587e-07,1.0
0,0,0.99894154,0.008309301,0.9978831
0,0,0.99985236,0.0014500911,0.9997047
0,0,1.0,3.1184108e-10,1.0
1,0,0.8660921,0.39374855,0.7321842
0,0,0.93151855,0.24969308,0.8630371
1,1,1.0,2.763102e-11,1.0
1,1,0.9548768,0.1838974,0.90975356
0,0,0.99964064,0.0032095658,0.9992813
0,0,1.0,4.1647038e-08,1.0
1,1,0.93842673,0.23127466,0.87685347
0,0,0.9989598,0.008184408,0.99791956
0,0,0.9746914,0.118035525,0.9493828
0,0,0.9998205,0.0017280771,0.99964094
0,0,0.9989437,0.008294567,0.9978874
1,1,0.98858696,0.062398165,0.9771739
1,1,0.99387604,0.037310094,0.9877521
0,0,0.99995345,0.0005111249,0.9999069
1,1,0.90558386,0.3126378,0.8111677
0,0,1.0,4.2996198e-10,1.0
1,1,1.0,2.763102e-11,1.0
1,1,1.0,2.763102e-11,1.0
1,0,0.73882693,0.5742803,0.47765386
0,0,1.0,1.5341595e-08,1.0
1,1,0.9968478,0.021302762,0.9936956
0,0,1.0,2.763102e-11,1.0
1,1,0.8441688,0.432692,0.68833756
0,0,1.0,4.6432017e-10,1.0
0,0,0.9998522,0.0014513595,0.99970436
1,0,0.88444877,0.3579664,0.76889753
1,1,0.8264185,0.4615199,0.65283704
1,1,1.0,2.763102e-11,1.0
1,0,0.98976624,0.057072908,0.9795325
0,0,1.0,2.2723867e-09,1.0
0,0,0.9988767,0.00875154,0.9977534
1,0,0.99999994,1.3892782e-06,0.9999999
0,0,1.0,4.0319992e-10,1.0
1,1,0.9999999,2.0196896e-06,0.99999976
0,0,1.0,2.763102e-11,1.0
1,0,0.8224342,0.4676823,0.6448684
1,1,0.9994554,0.0046374276,0.9989108
1,1,0.9999161,0.00087159127,0.99983215
1,1,0.9993585,0.005357593,0.99871695
1,1,0.99387604,0.037310094,0.9877521
0,0,0.9999872,0.00015729705,0.99997437
0,1,0.9997104,0.0026490865,0.99942076
1,1,0.9999987,1.9072222e-05,0.9999974
1,1,0.9945937,0.033613678,0.98918736
1,1,1.0,2.763102e-11,1.0
0,0,1.0,2.763102e-11,1.0
1,1,0.8264185,0.4615199,0.65283704
1,1,0.99970007,0.0027329102,0.99940014
1,1,0.99999964,5.6661747e-06,0.9999993
1,1,1.0,2.763102e-11,1.0
0,0,1.0,3.8043122e-08,1.0
1,1,0.99998724,0.00015650294,0.9999745
1,1,0.9999999,2.0196896e-06,0.99999976
1,1,0.9846763,0.079233535,0.9693526
1,1,0.94801766,0.20431128,0.8960353
1,1,0.9999989,1.581984e-05,0.99999785
0,0,0.9989617,0.008171268,0.9979234
1,1,0.99999964,5.6661747e-06,0.9999993
1,0,0.64855444,0.6483369,0.29710892
1,1,0.99999964,5.6661747e-06,0.9999993
1,0,1.0,2.2330679e-10,1.0
1,1,0.97596073,0.113367975,0.95192146
1,0,0.58757055,0.67773056,0.17514107
1,1,0.92768407,0.25958878,0.85536814
1,1,0.93842673,0.23127466,0.87685347
1,1,0.9993305,0.0055624866,0.99866104
0,0,1.0,2.763102e-11,1.0
0,0,1.0,3.0253282e-09,1.0
0,0,0.9989557,0.00821192,0.99791145
1,1,1.0,2.763102e-11,1.0
0,0,0.99883634,0.009024965,0.9976727
0,0,0.9999973,3.7405076e-05,0.99999464
1,1,0.99387604,0.037310094,0.9877521
1,1,1.0,2.763102e-11,1.0
1,0,0.9995982,0.003543377,0.9991964
1,1,0.9892777,0.059294753,0.97855544
1,1,0.9999988,1.7452001e-05,0.9999976
0,0,0.9835782,0.083765805,0.9671564
0,0,1.0,4.755271e-10,1.0
0,0,0.9989448,0.0082869,0.99788964
1,1,0.99355716,0.038924813,0.9871143
0,0,0.9989484,0.0082624955,0.9978968
1,1,0.9999218,0.0008176872,0.9998436
0,1,0.9998258,0.0016821503,0.99965155
0,0,0.99893916,0.008325685,0.9978783
1,0,0.9665292,0.14660732,0.9330584
0,0,1.0,2.763102e-11,1.0
1,1,0.99520373,0.030396415,0.99040747
1,1,1.0,2.763102e-11,1.0
1,0,1.0,2.763102e-11,1.0
0,0,0.9998522,0.0014514487,0.99970436
0,0,0.9998522,0.0014514487,0.99970436
0,0,1.0,2.8457725e-10,1.0
1,0,0.9991046,0.007179124,0.99820924
0,0,1.0,2.763102e-11,1.0
0,0,0.99999994,1.0128285e-06,0.9999999
1,1,1.0,2.763102e-11,1.0
0,0,0.99893755,0.008336853,0.9978751
0,0,1.0,3.061782e-07,1.0
1,1,1.0,2.763102e-11,1.0
1,1,0.9999453,0.00059167243,0.99989057
0,0,1.0,9.455554e-10,1.0
1,0,1.0,2.763102e-11,1.0
1,1,0.99998724,0.00015650294,0.9999745
1,1,0.6840626,0.62376916,0.3681252
0,0,0.9989447,0.008287838,0.9978894
1,1,1.0,2.763102e-11,1.0
1,1,0.99467176,0.03320593,0.9893435
1,0,1.0,2.6417975e-08,1.0
0,0,1.0,5.414255e-09,1.0
1,1,0.7564531,0.555134,0.5129062
1,1,0.9960179,0.02597918,0.99203575
0,0,0.9860976,0.07324791,0.97219515
0,0,0.99999994,1.000514e-06,0.9999999
1,1,0.8472203,0.4275006,0.6944406
0,0,1.0,4.025001e-10,1.0
0,0,1.0,4.2492343e-10,1.0
1,0,0.99999964,5.4286998e-06,0.9999993
1,1,0.9998915,0.0010987862,0.99978304
1,0,0.99999994,1.1742615e-06,0.9999999
1,1,0.94913155,0.20106445,0.8982631
0,0,0.9998522,0.001451593,0.99970436
0,0,1.0,2.763102e-11,1.0
1,1,0.9996138,0.0034211623,0.99922764
1,0,0.999737,0.002430697,0.99947405
1,0,0.9997852,0.0020290606,0.99957037
1,0,0.833727,0.4499271,0.667454
0,0,1.0,3.6594278e-10,1.0
1,1,0.9999995,7.417722e-06,0.99999905
0,0,1.0,2.8502753e-09,1.0
0,0,1.0,3.974553e-10,1.0
0,0,1.0,1.9719975e-09,1.0
0,0,1.0,4.291631e-10,1.0
1,1,1.0,2.763102e-11,1.0
1,1,1.0,2.763102e-11,1.0
1,1,1.0,2.763102e-11,1.0
0,0,0.9989099,0.008525639,0.9978198
1,1,0.8756941,0.3754173,0.7513882
1,1,0.93842673,0.23127466,0.87685347
1,1,0.99482626,0.03239574,0.9896525
1,0,0.99999934,9.63773e-06,0.9999987
0,0,1.0,4.243615e-10,1.0
0,0,0.9980275,0.014256047,0.996055
0,0,1.0,2.763102e-11,1.0
1,1,1.0,2.763102e-11,1.0
1,1,1.0,2.763102e-11,1.0
0,0,0.98146605,0.092277326,0.9629321
0,0,0.9998522,0.0014513505,0.99970436
1,1,1.0,2.763102e-11,1.0
0,0,1.0,2.763102e-11,1.0
1,1,0.8264185,0.4615199,0.65283704
1,1,0.9948226,0.03241486,0.98964524
1,1,0.9998498,0.0014725134,0.9996996
1,0,0.99899626,0.007932929,0.9979925
0,0,0.99985224,0.0014510927,0.9997045
1,1,1.0,2.763102e-11,1.0
1,1,0.9999999,2.0196896e-06,0.99999976
1,1,0.9999999,2.0196896e-06,0.99999976
1,1,1.0,2.763102e-11,1.0
1,1,0.9999995,7.417722e-06,0.99999905
1,1,0.93842673,0.23127466,0.87685347
0,0,0.9889711,0.06067775,0.9779422
1,1,1.0,2.763102e-11,1.0
0,0,1.0,2.763102e-11,1.0
0,0,0.99892026,0.008454753,0.9978405
1,1,1.0,2.763102e-11,1.0
1,0,0.99985236,0.0014500824,0.9997047
1,1,0.9500262,0.19843805,0.9000524
0,0,1.0,2.915816e-10,1.0
0,0,1.0,6.8339345e-10,1.0
0,0,0.9989421,0.00830551,0.99788415
1,1,0.9948784,0.032121196,0.9897568
1,1,0.9999988,1.7452001e-05,0.9999976
0,0,1.0,2.763102e-11,1.0
1,1,0.98509336,0.07749156,0.9701867
1,1,1.0,2.763102e-11,1.0
1,1,0.8354857,0.44708037,0.6709714
1,1,0.99175733,0.04776047,0.98351467
1,1,0.5725639,0.68257886,0.14512777
0,0,0.9998217,0.0017171435,0.99964345
1,1,0.9954175,0.029251216,0.99083495
1,1,1.0,2.763102e-11,1.0
0,0,0.9989601,0.008182352,0.99792016
0,0,0.81152594,0.48400274,0.6230519
1,1,1.0,2.763102e-11,1.0
1,1,0.888869,0.3488735,0.777738
0,0,0.9989317,0.008376538,0.9978634
1,1,0.9993585,0.005357593,0.99871695
0,0,1.0,2.763102e-11,1.0
0,0,1.0,2.6747857e-10,1.0
1,1,0.9999999,2.0196896e-06,0.99999976
0,0,0.9989485,0.00826154,0.997897
1,1,0.9996513,0.003124642,0.9993026
1,1,0.99999464,7.0465496e-05,0.9999893
1,0,0.99899626,0.007932929,0.9979925
0,0,1.0,3.486837e-10,1.0
1,1,0.99573934,0.02750766,0.9914787
1,1,1.0,2.763102e-11,1.0
0,0,0.97231525,0.1265996,0.9446305
1,1,1.0,2.763102e-11,1.0
1,1,1.0,2.763102e-11,1.0
0,0,1.0,4.5797616e-10,1.0
1,1,1.0,2.763102e-11,1.0
1,1,0.9946636,0.033248626,0.9893272
0,0,0.9989531,0.008229947,0.9979062
1,1,0.9912503,0.05017394,0.98250055
0,0,0.9989441,0.008291862,0.9978882
0,0,1.0,2.755679e-10,1.0
0,0,0.99999076,0.00011609466,0.9999815
1,0,0.9937649,0.037874833,0.98752975
1,1,0.9999912,0.00011148874,0.99998236
1,0,0.99743366,0.017871981,0.9948673
0,0,1.0,3.0833042e-10,1.0
0,0,0.99621725,0.024873208,0.9924345
1,1,1.0,2.763102e-11,1.0
0,0,0.99922484,0.0063268715,0.9984497
0,0,0.99999857,2.0520341e-05,0.99999714
1,1,0.99999964,5.6661747e-06,0.9999993
1,1,1.0,2.763102e-11,1.0
1,1,0.9999999,2.0196896e-06,0.99999976
1,1,1.0,2.763102e-11,1.0
1,0,0.99899626,0.007932929,0.9979925
0,0,0.5439116,0.68928576,0.08782315
1,1,1.0,2.763102e-11,1.0
0,0,0.9989377,0.008335609,0.99787545
1,1,0.99912566,0.0070311,0.9982513
1,0,0.99999994,7.599622e-07,0.9999999
0,0,1.0,2.763102e-11,1.0
0,0,1.0,3.1190564e-10,1.0
0,0,0.99893266,0.008370305,0.9978653
1,0,0.99899626,0.007932929,0.9979925
1,0,0.6661918,0.6368428,0.33238363
0,0,0.99895453,0.008220373,0.99790907
0,0,0.9989346,0.008356695,0.99786925
0,0,1.0,3.2073877e-10,1.0
0,0,1.0,7.5981593e-10,1.0
0,0,1.0,3.2588012e-08,1.0
1,0,0.7301386,0.58312094,0.4602772
0,0,1.0,2.763102e-11,1.0
0,0,0.99891555,0.008487142,0.9978311
0,0,1.0,1.1506802e-09,1.0
0,0,0.9989555,0.008213699,0.997911
0,0,1.0,3.192351e-10,1.0
0,0,0.99894655,0.008275123,0.9978931
1,0,0.9999999,2.1130672e-06,0.99999976
0,0,0.99999106,0.00011306118,0.9999821
0,0,1.0,2.763102e-11,1.0
0,0,1.0,2.763102e-11,1.0
0,0,0.99999374,8.133052e-05,0.9999875
0,0,1.0,2.941068e-10,1.0
1,1,0.8441688,0.432692,0.68833756
0,0,1.0,1.041346e-09,1.0
0,0,1.0,2.763102e-11,1.0
0,0,1.0,2.763102e-11,1.0
0,0,1.0,3.0859648e-10,1.0
0,0,0.9989012,0.008584841,0.9978024
1,1,0.99997866,0.0002508334,0.9999573
1,1,0.99999964,5.6661747e-06,0.9999993
1,1,0.5014542,0.69314295,0.002908349
1,0,0.99999994,1.0478569e-06,0.9999999
1,1,1.0,2.763102e-11,1.0
1,1,1.0,2.763102e-11,1.0
0,0,0.9988504,0.008929632,0.9977008
1,1,1.0,2.763102e-11,1.0
1,1,0.99631125,0.024348056,0.9926225
0,0,1.0,7.722295e-10,1.0
0,0,0.9989357,0.008349424,0.9978714
1,1,0.9996402,0.0032127267,0.99928045
1,1,0.9555739,0.18176395,0.91114783
0,0,1.0,2.763102e-11,1.0
1,1,0.98836225,0.06339849,0.9767245
0,1,0.97454154,0.118582144,0.9490831
0,0,1.0,3.4162817e-10,1.0
0,0,1.0,2.763102e-11,1.0
0,1,0.90606385,0.31155124,0.8121277
1,1,1.0,2.763102e-11,1.0
1,1,0.99998724,0.00015650294,0.9999745
0,0,1.0,4.2148485e-10,1.0
1,1,0.99879324,0.009315208,0.9975865
1,1,0.9999715,0.0003266754,0.999943
1,1,1.0,2.763102e-11,1.0
1,1,0.99998724,0.00015650294,0.9999745
1,0,0.86231893,0.40073153,0.72463787
1,1,0.99541545,0.029262122,0.9908309
1,1,0.9925478,0.043934476,0.9850956
0,0,1.0,2.763102e-11,1.0
1,1,1.0,2.763102e-11,1.0
0,0,0.9998522,0.0014513396,0.99970436
1,1,0.9999988,1.7452001e-05,0.9999976
1,1,0.9999999,2.0196896e-06,0.99999976
0,0,1.0,8.477396e-09,1.0
0,0,0.9989539,0.008224747,0.99790776
0,0,1.0,4.231887e-09,1.0
0,0,1.0,2.763102e-11,1.0
1,1,0.99999976,3.87412e-06,0.9999995
1,1,0.93842673,0.23127466,0.87685347
1,1,0.885504,0.35581326,0.771008
0,0,1.0,4.3906095e-08,1.0
0,0,0.9998522,0.0014516229,0.99970436
0,0,0.9999995,7.552124e-06,0.99999905
0,0,1.0,2.8185274e-10,1.0
0,0,1.0,8.425507e-10,1.0
1,1,0.9970805,0.01995441,0.994161
1,1,0.9937225,0.038089607,0.987445
1,1,0.89435697,0.33730796,0.78871393
1,1,0.94484544,0.21342152,0.8896909
0,0,1.0,5.5450946e-09,1.0
1,0,0.9108135,0.30065158,0.821627
0,0,0.99893296,0.008368252,0.9978659
0,0,0.99982166,0.001717691,0.9996433
1,0,0.99967986,0.002896019,0.9993597
1,0,0.9999996,6.423609e-06,0.99999917
1,0,0.9851189,0.07738446,0.97023785
0,1,0.93842673,0.23127466,0.87685347
1,1,0.95993805,0.16814098,0.9198761
1,1,1.0,2.763102e-11,1.0
1,0,1.0,7.4746076e-10,1.0
1,1,0.69267595,0.61694276,0.3853519
1,0,0.9630411,0.15815587,0.92608225
1,1,0.98959154,0.05787015,0.9791831
0,0,1.0,3.2110903e-10,1.0
0,1,0.9999511,0.000534027,0.99990225
1,0,0.7295738,0.5836823,0.45914757
0,0,1.0,9.529549e-10,1.0
1,1,0.9999999,2.0196896e-06,0.99999976
0,0,0.8839974,0.3588841,0.76799476
0,0,1.0,3.2529393e-09,1.0
0,0,0.9989368,0.008341874,0.99787354
1,0,0.99899626,0.007932929,0.9979925
1,1,0.9839684,0.0821642,0.96793675
0,0,1.0,2.8798405e-10,1.0
0,1,0.99212533,0.04598929,0.98425066
1,1,0.9145402,0.29190573,0.82908034
1,1,0.9539975,0.18657222,0.907995
1,1,0.9999999,2.0196896e-06,0.99999976
0,0,0.99894714,0.00827078,0.9978943
1,1,0.9572333,0.17663929,0.9144666
0,0,1.0,4.0239692e-10,1.0
0,0,1.0,4.8675113e-09,1.0
1,1,1.0,2.763102e-11,1.0
1,0,0.54773104,0.68858373,0.095462084
1,1,0.99999833,2.3871251e-05,0.99999666
0,0,0.99894774,0.008266746,0.9978955
0,0,0.99875647,0.0095618665,0.99751294
1,1,0.9838558,0.08262735,0.96771157
1,1,1.0,2.763102e-11,1.0
1,1,0.9999918,0.00010453116,0.99998355
0,0,1.0,1.2088353e-09,1.0
0,0,0.9992672,0.0060220947,0.99853444
0,0,0.99995553,0.0004901049,0.99991107
1,1,0.93842673,0.23127466,0.87685347
1,0,0.7718944,0.5369772,0.5437888
1,1,0.9999943,7.4793905e-05,0.99998856
1,1,0.99999857,2.0681588e-05,0.99999714
0,0,0.9998522,0.0014514696,0.99970436
1,1,0.99268556,0.043259364,0.9853711
0,0,1.0,2.826142e-10,1.0
0,0,0.9998522,0.0014514773,0.99970436
1,1,0.9515513,0.1939219,0.90310264
1,1,1.0,2.763102e-11,1.0
0,0,0.98061293,0.09564408,0.96122587
0,0,1.0,2.9116157e-10,1.0
0,0,1.0,2.763102e-11,1.0
1,1,0.99482286,0.032413606,0.9896457
1,1,0.99999917,1.2514034e-05,0.99999833
1,1,1.0,2.763102e-11,1.0
1,0,1.0,1.0506777e-09,1.0
0,0,0.9989334,0.008365085,0.99786675
0,0,1.0,4.1889212e-10,1.0
0,0,1.0,3.7235312e-10,1.0
1,0,0.5378333,0.6902817,0.07566655
0,0,0.99893373,0.00836268,0.99786747
1,1,0.9999995,7.417722e-06,0.99999905
1,0,0.97069484,0.13231851,0.9413897
0,0,1.0,4.4850392e-08,1.0
1,1,1.0,2.763102e-11,1.0
1,1,0.9937184,0.038110435,0.9874368
1,0,0.99985117,0.0014604364,0.99970233
1,1,0.99739504,0.018101964,0.9947901
1,0,0.7440708,0.56875575,0.48814166
1,0,0.99899626,0.007932929,0.9979925
1,0,0.99999994,6.1179287e-07,0.9999999
0,0,1.0,5.214073e-10,1.0
1,1,1.0,2.763102e-11,1.0
1,1,0.9999999,2.0196896e-06,0.99999976
0,0,0.99999994,1.4270473e-06,0.9999999
1,0,1.0,2.763102e-11,1.0
1,1,0.9829723,0.08623415,0.96594465
0,0,0.998944,0.008292517,0.99788797
1,1,0.993869,0.037345886,0.987738
1,1,0.9934528,0.039449807,0.9869056
1,1,1.0,2.763102e-11,1.0
0,0,1.0,7.9697706e-08,1.0
1,1,0.80218995,0.49735147,0.6043799
0,0,1.0,3.27306e-10,1.0
1,0,0.9999996,6.316756e-06,0.99999917
1,1,0.93842673,0.23127466,0.87685347
1,1,1.0,2.763102e-11,1.0
0,0,0.99921405,0.006403957,0.9984281
1,1,0.9999999,2.0196896e-06,0.99999976
1,0,0.99964106,0.003206145,0.9992821
0,0,1.0,1.4895458e-08,1.0
1,1,0.9979253,0.01489003,0.99585056
0,0,1.0,2.763102e-11,1.0
0,1,0.93842673,0.23127466,0.87685347
1,1,0.99998724,0.00015650294,0.9999745
1,1,0.93842673,0.23127466,0.87685347
1,1,1.0,2.763102e-11,1.0
0,0,0.98371816,0.083192326,0.9674363
1,1,0.9999999,2.0196896e-06,0.99999976
1,1,0.9919996,0.046596225,0.98399925
1,1,1.0,2.763102e-11,1.0
1,1,1.0,2.763102e-11,1.0
1,1,1.0,2.763102e-11,1.0
0,0,1.0,8.335636e-10,1.0
0,0,0.9735889,0.12203651,0.94717777
1,1,1.0,2.763102e-11,1.0
0,0,1.0,1.4525337e-07,1.0
0,0,1.0,1.901752e-09,1.0
1,1,0.9999999,2.0196896e-06,0.99999976
1,1,1.0,2.763102e-11,1.0
0,0,1.0,2.3139799e-07,1.0
0,0,0.99961245,0.0034317323,0.9992249
1,1,0.99999976,3.87412e-06,0.9999995
1,1,1.0,2.763102e-11,1.0
0,0,0.9660851,0.14809784,0.93217015
1,1,0.99387604,0.037310094,0.9877521
1,1,1.0,2.763102e-11,1.0
0,1,0.999972,0.00032168088,0.999944
0,0,1.0,3.088713e-10,1.0
1,1,1.0,2.763102e-11,1.0
1,1,1.0,2.763102e-11,1.0
1,0,1.0,2.763102e-11,1.0
1,1,1.0,2.763102e-11,1.0
0,0,0.99894816,0.00826403,0.9978963
0,0,1.0,3.0883904e-10,1.0
1,0,1.0,2.763102e-11,1.0
1,0,0.99899626,0.007932929,0.9979925
0,0,0.999998,2.8273344e-05,0.99999595
1,0,0.79918987,0.5015235,0.59837973
1,1,0.94734734,0.20625298,0.8946947
1,1,0.9999696,0.00034657502,0.9999392
0,0,1.0,2.6456537e-10,1.0
0,0,0.9999238,0.0007984214,0.99984765
1,1,0.93842673,0.23127466,0.87685347
1,1,0.99998724,0.00015650294,0.9999745
1,1,0.93842673,0.23127466,0.87685347
1,1,1.0,2.763102e-11,1.0
1,0,1.0,4.2402593e-08,1.0
1,1,0.999446,0.0047081187,0.99889195
1,1,1.0,2.763102e-11,1.0
1,1,0.9871421,0.06875563,0.9742842
1,1,1.0,2.763102e-11,1.0
0,0,0.9989344,0.008358283,0.9978688
1,1,1.0,2.763102e-11,1.0
1,0,0.99985296,0.0014448828,0.9997059
1,0,0.9997834,0.0020440996,0.9995668
0,0,0.9974925,0.017520618,0.994985
0,0,0.9445899,0.21414678,0.8891798
0,0,0.9995741,0.0037313467,0.99914825
1,1,1.0,2.763102e-11,1.0
1,1,0.9616976,0.16251111,0.92339516
1,1,0.997127,0.01968283,0.994254
1,1,1.0,2.763102e-11,1.0
0,0,0.9989254,0.008419712,0.9978508
0,0,0.9998521,0.0014518389,0.99970424
0,0,0.9999876,0.00015262834,0.9999752
0,0,0.9989301,0.0083877845,0.9978602
1,1,0.9999646,0.00039825973,0.9999292
0,0,0.6983118,0.6122879,0.39662364
1,1,0.9999999,2.0196896e-06,0.99999976
0,0,1.0,2.763102e-11,1.0
1,1,0.64208883,0.6522069,0.28417766
0,0,0.99999726,3.751558e-05,0.9999945
0,0,0.9971658,0.019455658,0.9943316
1,1,1.0,2.763102e-11,1.0
0,0,1.0,6.5723277e-10,1.0
1,1,0.89435697,0.33730796,0.78871393
0,0,0.9989375,0.008336934,0.997875
1,1,1.0,2.763102e-11,1.0
0,0,1.0,3.1633227e-10,1.0
1,1,0.994825,0.03240232,0.98965
0,0,0.9988827,0.008710773,0.9977654
1,1,0.99999905,1.4174408e-05,0.9999981
0,0,0.9989461,0.0082783215,0.99789214
0,0,0.99985135,0.0014588126,0.9997027
1,1,1.0,2.763102e-11,1.0
1,1,0.99680847,0.021528972,0.99361694
0,0,0.99895054,0.008247611,0.9979011
0,1,0.9999939,7.909993e-05,0.99998784
0,0,0.9954672,0.028983511,0.9909344
1,1,0.6930605,0.61662996,0.38612103
0,0,1.0,4.502734e-10,1.0
1,1,1.0,2.763102e-11,1.0
1,0,0.9997971,0.0019281892,0.9995942
1,0,0.74424714,0.56856745,0.48849428
0,0,0.9999707,0.00033562776,0.99994135
0,0,1.0,4.2648732e-10,1.0
1,1,0.99999917,1.2514034e-05,0.99999833
0,0,0.99985117,0.0014604243,0.99970233
1,1,0.9076027,0.30804944,0.81520545
1,1,0.993722,0.03809202,0.98744404
0,0,1.0,4.552058e-09,1.0
1,1,0.9999999,2.0196896e-06,0.99999976
1,1,1.0,2.763102e-11,1.0
0,0,0.99140173,0.049456187,0.98280346
1,0,0.6585828,0.641971,0.3171656
1,1,0.993869,0.037345886,0.987738
1,1,0.9858905,0.074128725,0.971781
1,1,0.8316531,0.45325527,0.66330624
1,1,0.99998724,0.00015650294,0.9999745
1,0,0.99860436,0.010570185,0.9972087
1,1,1.0,2.763102e-11,1.0
1,0,0.96650517,0.14668809,0.93301034
1,1,0.9902018,0.0550723,0.98040354
1,1,0.993869,0.037345886,0.987738
0,0,0.99984926,0.0014771359,0.9996985
0,0,0.9989399,0.008320739,0.99787974
1,0,0.6661918,0.6368428,0.33238363
1,0,0.82986325,0.45610297,0.6597265
1,0,0.999822,0.0017146224,0.99964404
1,1,0.993869,0.037345886,0.987738
1,1,0.9902018,0.0550723,0.98040354
0,0,0.9989434,0.008296708,0.9978868
1,1,0.99387604,0.037310094,0.9877521
1,1,1.0,2.763102e-11,1.0
0,0,0.99992675,0.00077076536,0.9998535
0,0,0.99873275,0.00972021,0.9974655
1,1,0.9999999,2.0196896e-06,0.99999976
1,0,0.99999857,2.0724436e-05,0.99999714
1,1,0.9999994,9.1391485e-06,0.9999988
1,1,1.0,2.763102e-11,1.0
1,1,0.93842673,0.23127466,0.87685347
0,0,0.99896246,0.0081657935,0.9979249
1,1,1.0,2.763102e-11,1.0
1,0,0.9981848,0.013270306,0.9963696
1,1,0.99999964,5.6661747e-06,0.9999993
1,1,0.99879444,0.009307197,0.9975889
0,0,1.0,2.3124711e-08,1.0
1,1,1.0,2.763102e-11,1.0
0,0,0.91793895,0.28377452,0.8358779
1,1,1.0,2.763102e-11,1.0
1,1,0.99957865,0.0036959762,0.9991573
1,1,0.93842673,0.23127466,0.87685347
1,1,0.8259583,0.4622373,0.6519166
0,0,0.99983275,0.0016216687,0.9996655
0,0,1.0,2.763102e-11,1.0
1,0,0.999998,2.8547638e-05,0.99999595
0,0,1.0,2.8684485e-10,1.0
0,0,1.0,4.641791e-10,1.0
1,1,1.0,2.763102e-11,1.0
1,0,0.99899626,0.007932929,0.9979925
0,0,0.9802529,0.097053155,0.96050584
0,0,0.99895895,0.008189988,0.9979179
1,1,0.93842673,0.23127466,0.87685347
1,1,0.9999776,0.00026234568,0.9999552
1,1,1.0,2.763102e-11,1.0
1,1,0.93842673,0.23127466,0.87685347
0,0,1.0,7.3680546e-08,1.0
0,1,0.8569038,0.41054443,0.7138076
0,0,1.0,3.4860131e-10,1.0
1,1,1.0,2.763102e-11,1.0
1,1,1.0,2.763102e-11,1.0
1,1,1.0,2.763102e-11,1.0
1,1,0.99387604,0.037310094,0.9877521
1,1,1.0,2.763102e-11,1.0
1,1,0.95783544,0.17476328,0.9156709
0,0,1.0,2.763102e-11,1.0
1,1,0.8264185,0.4615199,0.65283704
1,1,1.0,2.763102e-11,1.0
1,0,0.80891246,0.48779607,0.6178249
1,1,1.0,2.763102e-11,1.0
1,1,1.0,2.763102e-11,1.0
1,0,0.999822,0.0017146224,0.99964404
0,0,1.0,2.763102e-11,1.0
0,0,1.0,1.1221056e-07,1.0
0,0,0.99892074,0.008451455,0.9978415
1,1,0.93842673,0.23127466,0.87685347
1,1,0.985622,0.075266466,0.971244
1,1,0.999401,0.005043748,0.99880195
1,0,0.9997851,0.0020295032,0.99957025
1,1,0.95965225,0.16904777,0.9193045
0,0,1.0,1.4235763e-09,1.0
0,0,1.0,2.763102e-11,1.0
0,0,1.0,3.192971e-10,1.0
1,1,0.99999964,5.6661747e-06,0.9999993
0,0,1.0,3.9890946e-10,1.0
1,0,0.9968683,0.021184735,0.9937366
0,0,1.0,3.811596e-10,1.0
0,0,0.99999547,6.048085e-05,0.99999094
1,1,0.9312439,0.25040942,0.8624878
0,0,0.866067,0.39379537,0.732134
1,1,0.9937184,0.038110435,0.9874368
1,1,0.99387604,0.037310094,0.9877521
1,1,0.9518224,0.19311392,0.9036448
0,1,0.9999832,0.00020159483,0.9999664
0,0,1.0,2.763102e-11,1.0
0,0,0.9988948,0.0086285155,0.9977896
0,0,0.99896264,0.008164594,0.9979253
1,0,0.99899626,0.007932929,0.9979925
0,1,0.50664216,0.69305897,0.013284326
1,1,0.9999893,0.0001334943,0.99997854
1,1,0.99999905,1.4174408e-05,0.9999981
1,0,0.99911606,0.007098581,0.9982321
1,1,0.99395186,0.036923755,0.9879037
0,0,1.0,3.1674907e-10,1.0
1,0,1.0,1.2686527e-09,1.0
0,0,0.9975404,0.017233115,0.9950808
0,0,0.9998522,0.0014512977,0.99970436
1,0,0.99982184,0.0017162593,0.9996437
1,1,1.0,2.763102e-11,1.0
0,0,0.9989599,0.008183379,0.9979198
0,0,1.0,3.413806e-10,1.0
0,0,1.0,3.3389677e-10,1.0
0,0,1.0,1.5589671e-09,1.0
0,0,0.99644274,0.023609577,0.9928855
1,1,0.99990225,0.0010002954,0.9998045
0,0,1.0,4.5442689e-10,1.0
0,0,1.0,3.8520165e-09,1.0
1,1,0.8604104,0.4042178,0.7208208
1,1,0.99999976,3.87412e-06,0.9999995
1,1,1.0,2.763102e-11,1.0
1,1,0.99999976,3.87412e-06,0.9999995
0,0,0.9570183,0.17730701,0.91403663
0,0,0.99999994,7.978114e-07,0.9999999
0,0,0.9989427,0.00830156,0.99788535
1,1,1.0,2.763102e-11,1.0
1,1,1.0,2.763102e-11,1.0
1,1,0.9854233,0.07610494,0.97084665
1,0,0.8404193,0.4389739,0.6808386
1,1,0.99999976,3.87412e-06,0.9999995
1,1,1.0,2.763102e-11,1.0
0,0,1.0,1.5291139e-10,1.0
0,0,0.9248178,0.266842,0.8496356
0,0,1.0,2.763102e-11,1.0
0,0,0.96263033,0.15949282,0.92526066
1,1,0.993869,0.037345886,0.987738
1,1,1.0,2.763102e-11,1.0
0,0,1.0,7.967667e-09,1.0
1,1,0.819913,0.47152534,0.63982606
1,1,0.9999939,7.909993e-05,0.99998784
1,1,1.0,2.763102e-11,1.0
0,0,0.9989441,0.008291703,0.9978882
1,1,0.99999976,3.87412e-06,0.9999995
1,1,0.9998765,0.0012349095,0.999753
1,1,0.99999976,3.87412e-06,0.9999995
0,0,0.9791183,0.101451114,0.9582366
1,0,1.0,4.0471307e-11,1.0
1,0,0.99994826,0.00056215335,0.9998965
0,0,0.9989423,0.008303862,0.99788463
0,0,1.0,4.527583e-10,1.0
1,1,0.9999994,9.1391485e-06,0.9999988
1,1,1.0,2.763102e-11,1.0
0,0,1.0,4.0421533e-10,1.0
0,0,0.9989455,0.00828231,0.99789095
1,1,0.9946642,0.03324551,0.9893284
1,1,1.0,2.763102e-11,1.0
0,0,0.99985236,0.0014500911,0.9997047
1,0,0.68011045,0.6267861,0.36022094
1,0,0.99977314,0.0021303408,0.9995463
1,0,0.9968683,0.021184735,0.9937366
0,0,1.0,4.2794648e-10,1.0
0,0,1.0,2.6682717e-10,1.0
1,1,0.99999976,3.87412e-06,0.9999995
1,1,1.0,2.763102e-11,1.0
0,0,0.99894357,0.008295575,0.99788713
1,0,0.9931255,0.0410854,0.986251
1,1,0.99985945,0.0013871914,0.9997189
0,0,1.0,3.1383202e-10,1.0
1,1,1.0,2.763102e-11,1.0
1,1,0.9869126,0.06974969,0.9738252
1,1,0.99294794,0.04196613,0.9858959
1,0,1.0,1.5683414e-08,1.0
0,0,1.0,3.678054e-10,1.0
0,0,0.9989611,0.008175411,0.9979222
1,1,0.9999999,2.0196896e-06,0.99999976
0,0,1.0,2.9863106e-10,1.0
1,1,0.8732719,0.38011932,0.74654377
1,1,0.99387604,0.037310094,0.9877521
1,1,0.99999964,5.6661747e-06,0.9999993
0,0,0.99895793,0.008196969,0.99791586
0,0,0.99893945,0.008323631,0.9978789
0,0,0.9989349,0.008354509,0.99786985
1,0,1.0,4.7597115e-10,1.0
0,0,0.9720518,0.127536,0.9441036
1,0,0.9786804,0.10313138,0.95736074
0,0,1.0,3.6275014e-10,1.0
0,0,1.0,5.448304e-10,1.0
1,1,0.9999771,0.00026744563,0.9999542
1,1,0.8264185,0.4615199,0.65283704
1,1,1.0,2.763102e-11,1.0
1,0,0.8469839,0.42790532,0.6939678
0,0,1.0,3.1718442e-10,1.0
1,1,0.93842673,0.23127466,0.87685347
0,0,1.0,4.7606e-10,1.0
0,0,0.8699428,0.38649547,0.73988557
0,1,0.9999715,0.0003266754,0.999943
1,1,0.99998724,0.00015650294,0.9999745
0,0,0.99895906,0.00818916,0.9979181
1,0,0.9999995,7.789842e-06,0.99999905
0,0,0.99893796,0.008333889,0.9978759
0,0,0.99960876,0.0034607863,0.9992175
1,1,0.99999964,5.6661747e-06,0.9999993
1,1,0.94113785,0.22382513,0.8822757
0,0,0.9653132,0.15067425,0.9306264
0,0,0.9998522,0.0014513595,0.99970436
0,0,0.9049123,0.31415346,0.8098246
0,0,0.9905872,0.053285737,0.98117435
1,1,0.9829677,0.08625301,0.96593535
1,1,1.0,2.763102e-11,1.0
1,1,1.0,2.763102e-11,1.0
1,1,0.9999999,2.0196896e-06,0.99999976
0,0,1.0,9.710124e-11,1.0
0,0,0.99894285,0.008300514,0.9978857
0,0,1.0,4.8745347e-10,1.0
1,1,0.9998467,0.0014997673,0.9996934
0,0,0.9990377,0.007646227,0.99807537
1,0,0.7822393,0.52405906,0.56447864
0,0,1.0,4.74861e-10,1.0
0,0,0.9999993,1.0651423e-05,0.99999857
1,0,0.9999999,2.2994661e-06,0.99999976
1,1,1.0,2.763102e-11,1.0
0,0,0.9427794,0.21925032,0.88555884
1,1,0.9921936,0.045658935,0.98438716
1,1,0.99680316,0.02155944,0.9936063
0,0,1.0,6.603704e-09,1.0
0,0,0.9989616,0.008171469,0.99792325
0,0,0.9989648,0.008149717,0.9979296
1,0,0.99999994,1.0618193e-06,0.9999999
0,0,1.0,2.7043962e-10,1.0
1,0,0.9779546,0.10589597,0.95590925
0,0,0.99894345,0.008296404,0.9978869
1,1,1.0,2.763102e-11,1.0
0,0,0.9989585,0.0081928475,0.99791706
0,0,0.9989409,0.008313898,0.99788177
1,1,0.9999018,0.0010046968,0.99980354
0,0,0.99895984,0.0081837,0.9979197
0,0,1.0,2.668516e-10,1.0
1,1,0.99988246,0.0011811244,0.9997649
0,0,1.0,3.1985423e-10,1.0
0,0,0.9998522,0.0014513087,0.99970436
0,0,0.99084145,0.052098162,0.9816829
0,0,0.9989376,0.008336349,0.9978752
0,0,0.99889886,0.008600955,0.9977977
1,1,1.0,2.763102e-11,1.0
1,1,1.0,2.763102e-11,1.0
0,0,1.0,9.809557e-08,1.0
0,0,1.0,1.7695227e-07,1.0
1,1,0.93842673,0.23127466,0.87685347
0,0,0.9977018,0.016258297,0.99540365
1,1,1.0,2.763102e-11,1.0
1,1,0.9999999,2.0196896e-06,0.99999976
0,0,1.0,1.7628498e-09,1.0
0,0,0.9998522,0.0014513595,0.99970436
0,0,0.99999434,7.411186e-05,0.9999887
1,0,0.996948,0.020724325,0.993896
0,0,0.99894583,0.008280047,0.99789166
1,1,0.9997009,0.0027261402,0.9994018
0,1,0.9910712,0.05101901,0.98214245
0,0,1.0,7.1832795e-10,1.0
1,1,0.99999964,5.6661747e-06,0.9999993
0,0,0.99887204,0.008783202,0.9977441
1,1,0.9994611,0.0045943973,0.9989222
0,0,1.0,2.5355178e-09,1.0
1,1,0.99999845,2.2281009e-05,0.9999969
1,0,1.0,1.2300536e-09,1.0
0,0,1.0,2.763102e-11,1.0
0,0,0.9989534,0.00822814,0.9979068
0,0,0.9989607,0.00817823,0.99792135
1,1,1.0,2.763102e-11,1.0
0,0,0.9989437,0.008294702,0.9978874
0,0,1.0,2.763102e-11,1.0
1,0,1.0,6.711878e-10,1.0
1,1,1.0,2.763102e-11,1.0
1,0,1.0,8.643359e-11,1.0
1,1,0.98738503,0.06769868,0.97477007
1,1,0.9886777,0.061993062,0.97735536
1,1,0.8264185,0.4615199,0.65283704
0,0,1.0,3.2502123e-09,1.0
1,0,0.9999514,0.0005310173,0.99990284
1,0,0.9998219,0.0017157147,0.9996438
0,0,1.0,2.763102e-11,1.0
0,0,0.9998217,0.0017173071,0.99964345
1,0,0.9998218,0.0017165523,0.99964356
1,1,1.0,2.763102e-11,1.0
0,0,1.0,4.5198248e-10,1.0
1,1,0.98112696,0.09362016,0.9622539
1,1,0.9999999,2.0196896e-06,0.99999976
0,0,0.999636,0.0032463856,0.999272
0,0,0.9989435,0.008295849,0.997887
1,1,1.0,2.763102e-11,1.0
0,0,0.99995,0.0005454264,0.9999
1,1,0.9911726,0.05054094,0.9823452
0,0,1.0,4.2957574e-10,1.0
0,0,0.9998522,0.0014516438,0.99970436
1,1,1.0,2.763102e-11,1.0
1,0,0.99486667,0.03218306,0.98973334
1,1,0.993869,0.037345886,0.987738
0,0,1.0,3.6515635e-10,1.0
1,1,0.94798934,0.20439348,0.8959787
1,1,0.96765566,0.1427992,0.9353113
1,1,0.9883974,0.063242234,0.97679484
0,0,1.0,2.763102e-11,1.0
0,0,0.9989343,0.008358778,0.99786866
1,1,0.79387385,0.5087787,0.5877477
1,1,0.58914113,0.6771696,0.17828226
1,1,0.9517081,0.19345485,0.90341616
0,0,0.9989409,0.00831368,0.99788177
1,1,1.0,2.763102e-11,1.0
0,0,1.0,2.99995e-10,1.0
0,0,1.0,2.763102e-11,1.0
1,0,0.99899626,0.007932929,0.9979925
0,0,1.0,3.998394e-10,1.0
1,0,1.0,2.763102e-11,1.0
0,0,0.99895126,0.008242703,0.9979025
0,0,0.99999994,8.298458e-07,0.9999999
1,1,0.9999999,2.0196896e-06,0.99999976
1,1,0.93842673,0.23127466,0.87685347
1,1,1.0,2.763102e-11,1.0
1,1,1.0,2.763102e-11,1.0
1,1,0.8403793,0.43904036,0.6807586
1,0,0.97248214,0.12600513,0.9449643
1,0,0.6863433,0.6219953,0.37268665
0,0,0.98429483,0.08081685,0.96858966
0,0,0.9989063,0.008550112,0.9978126
0,0,1.0,4.3388323e-07,1.0
1,0,1.0,2.763102e-11,1.0
1,1,0.99999845,2.2281009e-05,0.9999969
1,1,0.99968946,0.0028187863,0.9993789
1,1,1.0,2.763102e-11,1.0
1,1,0.993722,0.03809202,0.98744404
0,0,0.9995196,0.0041508763,0.9990392
0,0,0.9989419,0.008306915,0.9978838
0,0,1.0,2.8175312e-10,1.0
1,1,0.9912081,0.05037344,0.98241615
0,0,1.0,3.9413467e-10,1.0
0,0,1.0,4.9425386e-10,1.0
1,0,0.985351,0.07640943,0.97070205
0,0,1.0,2.763102e-11,1.0
0,0,1.0,1.1048872e-07,1.0
1,1,0.8761945,0.37443927,0.75238895
1,1,1.0,2.763102e-11,1.0
0,0,0.9889239,0.06088989,0.9778478
0,0,0.99893844,0.008330408,0.9978769
1,1,1.0,2.763102e-11,1.0
1,0,0.9973383,0.018438812,0.9946766
1,0,0.9999997,5.1884867e-06,0.9999994
0,0,1.0,3.1044617e-10,1.0
1,0,0.9999979,2.966122e-05,0.9999958
1,1,0.93201226,0.24840248,0.8640245
1,1,1.0,2.763102e-11,1.0
1,0,0.9999996,6.268142e-06,0.99999917
0,0,1.0,1.1131195e-08,1.0
1,1,0.99999976,3.87412e-06,0.9999995
1,0,0.99981815,0.001747856,0.9996363
1,1,1.0,2.763102e-11,1.0
0,0,0.9999993,1.1058099e-05,0.99999857
1,1,0.99387604,0.037310094,0.9877521
1,1,1.0,2.763102e-11,1.0
0,0,0.961365,0.1635817,0.92272997
1,1,0.9811218,0.09364065,0.96224356
1,1,0.99999976,3.87412e-06,0.9999995
1,1,0.9999896,0.00012939608,0.99997926
1,1,0.8441688,0.432692,0.68833756
1,1,0.99545103,0.029070524,0.99090207
1,1,0.99984396,0.0015238242,0.9996879
0,0,1.0,3.6439296e-10,1.0
0,1,0.93098533,0.25108272,0.86197066
1,1,0.99999,0.00012528554,0.99998
1,1,0.9924098,0.044608187,0.98481965
0,0,0.9989544,0.008221093,0.99790883
0,0,1.0,4.131239e-10,1.0
1,1,0.95585334,0.18090561,0.9117067
0,0,0.99999994,9.2133894e-07,0.9999999
0,0,1.0,9.082492e-10,1.0
0,0,1.0,1.0332147e-08,1.0
0,1,0.9999846,0.00018580566,0.99996924
1,0,0.6560956,0.64359134,0.31219128
1,1,0.9667235,0.14595331,0.933447
0,1,0.9996706,0.0029703549,0.99934125
0,0,0.99886286,0.008845426,0.9977257
0,0,1.0,2.763102e-11,1.0
0,0,1.0,4.2887885e-10,1.0
1,0,0.96479064,0.15240821,0.9295813
0,0,0.998944,0.008292549,0.99788797
0,0,0.99893695,0.0083409175,0.9978739
0,0,1.0,2.763102e-11,1.0
0,0,1.0,6.390371e-09,1.0
0,0,0.99999994,1.423551e-06,0.9999999
1,1,0.8354857,0.44708037,0.6709714
0,0,1.0,2.763102e-11,1.0
0,0,1.0,5.191027e-09,1.0
1,1,0.8604104,0.4042178,0.7208208
0,0,0.9989362,0.0083461,0.99787235
1,1,0.9998466,0.0015008142,0.99969316
1,1,1.0,2.763102e-11,1.0
0,0,1.0,3.1239958e-10,1.0
0,0,1.0,2.763102e-11,1.0
1,1,0.9946879,0.033121437,0.9893758
0,0,1.0,2.763102e-11,1.0
0,0,0.99999523,6.343551e-05,0.99999046
0,0,1.0,2.763102e-11,1.0
0,0,1.0,2.763102e-11,1.0
0,0,0.9986341,0.01037436,0.9972682
1,1,0.98143506,0.092400305,0.9628701
0,0,0.9501674,0.19802196,0.90033484
0,0,1.0,2.9483763e-10,1.0
0,0,0.9998217,0.0017172967,0.99964345
0,1,0.8326646,0.45163587,0.6653292
1,1,0.9341483,0.24277389,0.8682966
0,0,0.99973613,0.002438342,0.99947226
1,1,0.88386,0.35916305,0.76772
1,1,1.0,2.763102e-11,1.0
0,0,0.99894804,0.008264772,0.9978961
0,0,0.9982864,0.0126262065,0.99657285
1,1,0.9999925,9.612471e-05,0.999985
0,0,1.0,6.657669e-09,1.0
0,0,1.0,4.3858117e-10,1.0
1,1,0.9936041,0.038687997,0.98720825
0,0,0.99999356,8.3498104e-05,0.9999871
1,1,1.0,2.763102e-11,1.0
1,1,1.0,2.763102e-11,1.0
0,0,0.99326944,0.040368058,0.9865389
0,0,0.9569068,0.17765294,0.9138136
1,0,1.0,2.763102e-11,1.0
1,0,0.99899626,0.007932929,0.9979925
0,0,1.0,3.0819886e-10,1.0
1,1,0.9573737,0.17620274,0.91474736
0,1,0.9999069,0.0009572574,0.9998138
1,0,1.0,2.763102e-11,1.0
0,0,1.0,1.4848472e-09,1.0
1,0,0.99999905,1.4468333e-05,0.9999981
1,1,0.9999999,2.0196896e-06,0.99999976
1,0,0.9998524,0.0014494734,0.99970484
1,1,1.0,2.763102e-11,1.0
1,1,0.9999993,1.0836571e-05,0.99999857
1,1,0.9918371,0.04737806,0.98367417
0,0,1.0,3.5425798e-10,1.0
0,0,0.9995453,0.003954263,0.99909055
1,1,1.0,2.763102e-11,1.0
1,0,0.9998142,0.0017817449,0.9996284
1,1,0.8691348,0.38802814,0.73826957
1,1,0.89889145,0.3275119,0.7977829
1,1,0.99998724,0.00015650294,0.9999745
1,1,0.993869,0.037345886,0.987738
1,1,1.0,2.763102e-11,1.0
0,0,0.9998522,0.0014513595,0.99970436
0,0,0.96920586,0.13749187,0.9384117
0,0,0.99895597,0.008210533,0.99791193
0,1,0.93842673,0.23127466,0.87685347
1,1,0.99998724,0.00015650294,0.9999745
1,0,0.99994737,0.0005711595,0.99989474
0,0,1.0,2.763102e-11,1.0
0,0,0.9998522,0.0014513087,0.99970436
1,0,0.9999997,5.15289e-06,0.9999994
1,1,0.99999833,2.3871251e-05,0.99999666
1,1,0.93842673,0.23127466,0.87685347
0,0,1.0,1.8642872e-08,1.0
0,0,1.0,7.908333e-09,1.0
0,0,1.0,2.763102e-11,1.0
0,0,0.9989506,0.008247083,0.9979012
1,1,0.99999857,2.0681588e-05,0.99999714
0,0,1.0,5.752556e-10,1.0
1,1,0.9510501,0.1954116,0.9021002
0,0,1.0,3.0995986e-10,1.0
1,1,1.0,2.763102e-11,1.0
0,0,0.99894094,0.008313396,0.9978819
1,0,0.9999998,3.1025663e-06,0.99999964
0,0,0.99915564,0.0068193115,0.9983113
0,0,1.0,2.763102e-11,1.0
0,0,0.9988089,0.009209869,0.99761784
0,0,1.0,4.6313622e-10,1.0
0,0,1.0,3.7046075e-10,1.0
0,0,1.0,2.8725178e-10,1.0
0,0,1.0,1.4197111e-08,1.0
0,0,0.99893767,0.008335961,0.99787533
1,1,1.0,2.763102e-11,1.0
1,1,1.0,2.763102e-11,1.0
1,1,0.8604104,0.4042178,0.7208208
1,1,0.99173427,0.047870934,0.98346853
1,1,0.9967179,0.022048099,0.99343574
0,0,0.9919374,0.04689589,0.9838748
1,1,0.993869,0.037345886,0.987738
1,1,0.9841245,0.081520736,0.96824896
0,0,0.99893695,0.008340648,0.9978739
1,0,0.99449867,0.034108233,0.98899734
0,0,0.92048526,0.27758265,0.8409705
0,0,1.0,3.8314582e-10,1.0
1,1,0.6327321,0.6574856,0.2654642
1,1,0.9636015,0.15632431,0.92720306
1,1,0.9997305,0.0024842434,0.99946105
0,0,0.9999999,2.1246287e-06,0.99999976
1,1,0.9999999,2.0196896e-06,0.99999976
0,0,0.9997834,0.002044072,0.9995668
1,1,1.0,2.763102e-11,1.0
0,0,0.998958,0.0081964955,0.997916
1,0,0.9880753,0.0646695,0.97615063
1,0,0.6661918,0.6368428,0.33238363
0,0,0.9998522,0.0014514487,0.99970436
0,0,0.99999714,3.9481172e-05,0.9999943
1,1,0.86705554,0.3919459,0.7341111
1,1,1.0,2.763102e-11,1.0
0,0,1.0,3.0324096e-10,1.0
1,1,0.9930027,0.041694917,0.9860054
1,1,0.96426123,0.15415677,0.92852247
0,0,1.0,2.933348e-10,1.0
1,1,0.9998871,0.0011389627,0.9997742
1,1,1.0,2.763102e-11,1.0
0,0,1.0,6.8224537e-09,1.0
1,1,1.0,2.763102e-11,1.0
1,1,0.993869,0.037345886,0.987738
1,0,0.9998219,0.0017157147,0.9996438
0,0,0.9772326,0.10862229,0.95446515
1,1,0.96000004,0.16794401,0.9200001
1,1,0.9999999,2.0196896e-06,0.99999976
1,1,0.9842832,0.08086486,0.9685664
1,1,0.9963237,0.024278289,0.9926474
1,0,0.9998219,0.0017157147,0.9996438
1,0,0.8962677,0.33320707,0.7925354
1,1,1.0,2.763102e-11,1.0
1,0,0.99978346,0.0020434733,0.9995669
0,0,0.9999557,0.0004883526,0.9999114
0,0,0.9989508,0.008245973,0.99790156
0,0,0.99891114,0.008517262,0.9978223
1,0,0.91870636,0.2819176,0.8374127
1,1,0.72868145,0.5845659,0.4573629
1,0,0.9939127,0.037123382,0.9878254
1,1,0.99998724,0.00015650294,0.9999745
1,1,0.7368453,0.57633084,0.47369063
1,0,1.0,1.5592325e-10,1.0
0,0,0.9989422,0.008304842,0.9978844
1,1,0.93953276,0.22825123,0.8790655
1,1,0.85911524,0.40656632,0.7182305
0,0,1.0,2.8089103e-10,1.0
1,1,0.9991466,0.0068835374,0.99829316
1,1,0.993869,0.037345886,0.987738
1,1,0.9999999,2.0196896e-06,0.99999976
0,0,1.0,4.0531564e-10,1.0
1,1,0.99009246,0.055576257,0.9801849
0,0,0.998965,0.008148321,0.99793005
0,0,0.9998931,0.0010840807,0.99978626
1,1,1.0,2.763102e-11,1.0
0,0,0.9997632,0.0022136709,0.9995264
1,1,0.9668519,0.14552051,0.9337038
1,1,0.99999285,9.189632e-05,0.9999857
1,1,0.98901445,0.060482733,0.9780289
0,0,1.0,2.763102e-11,1.0
1,1,1.0,2.763102e-11,1.0
1,1,1.0,2.763102e-11,1.0
0,0,1.0,2.7332725e-09,1.0
1,1,1.0,2.763102e-11,1.0
1,1,0.9937184,0.038110435,0.9874368
1,1,0.9878805,0.06552826,0.97576106
1,1,0.9846763,0.079233535,0.9693526
1,1,1.0,2.763102e-11,1.0
0,0,1.0,4.933072e-07,1.0
0,0,1.0,3.3591752e-10,1.0
0,0,0.99894655,0.008274894,0.9978931
0,0,0.9486658,0.20242508,0.8973316
1,1,1.0,2.763102e-11,1.0
0,0,1.0,8.1019863e-10,1.0
1,1,1.0,2.763102e-11,1.0
1,0,0.9993312,0.005557661,0.99866235
0,0,0.99999696,4.1822474e-05,0.9999939
0,0,0.99985224,0.0014511213,0.9997045
1,0,1.0,2.763102e-11,1.0
0,0,1.0,1.066979e-07,1.0
1,0,0.6661918,0.6368428,0.33238363
0,0,0.763309,0.5472356,0.526618
1,1,0.64257103,0.65192455,0.28514206
0,0,1.0,1.0008019e-09,1.0
1,1,0.993869,0.037345886,0.987738
0,0,1.0,7.914424e-10,1.0
0,0,1.0,4.8462684e-10,1.0
0,0,0.99893093,0.00838186,0.99786186
0,0,0.99895734,0.00820089,0.9979147
1,1,0.9999907,0.00011702566,0.9999814
0,0,0.99894726,0.008270097,0.9978945
0,0,0.99895364,0.008226421,0.9979073
0,0,1.0,3.010893e-10,1.0
1,1,0.99672675,0.021997325,0.9934535
1,1,0.99988246,0.0011811244,0.9997649
1,1,0.9460873,0.20987862,0.8921746
1,1,1.0,2.763102e-11,1.0
0,0,0.9989622,0.008167291,0.99792445
0,0,0.9998522,0.0014514487,0.99970436
1,1,0.99999905,1.4174408e-05,0.9999981
0,0,1.0,4.478644e-10,1.0
1,1,0.93959033,0.22809324,0.87918067
0,0,0.9998522,0.0014513396,0.99970436
0,0,1.0,5.02611e-10,1.0
1,1,1.0,2.763102e-11,1.0
0,0,0.9813448,0.09275819,0.96268964
1,0,0.84579754,0.42992994,0.6915951
1,1,1.0,2.763102e-11,1.0
1,1,0.9675262,0.1432389,0.9350524
0,0,0.998933,0.0083678,0.99786603
1,0,0.99973166,0.002475097,0.9994633
1,1,1.0,2.763102e-11,1.0
0,0,0.99894196,0.008306454,0.9978839
1,1,0.63656014,0.6553717,0.27312028
1,1,1.0,2.763102e-11,1.0
1,1,1.0,2.763102e-11,1.0
0,0,0.99896234,0.008166592,0.9979247
0,0,1.0,6.7423656e-10,1.0
1,0,0.99999994,8.378373e-07,0.9999999
1,1,0.999998,2.8593053e-05,0.99999595
1,1,0.96352905,0.15656169,0.9270581
1,1,1.0,2.763102e-11,1.0
0,0,1.0,2.7970598e-10,1.0
1,1,0.9999989,1.581984e-05,0.99999785
1,1,0.9477095,0.20520504,0.895419
1,0,0.99981064,0.0018125351,0.9996213
1,1,1.0,2.763102e-11,1.0
0,0,1.0,2.763102e-11,1.0
1,1,0.9999703,0.00033912712,0.99994063
1,1,0.9578578,0.17469345,0.9157156
0,0,0.9996584,0.0030680432,0.9993168
1,1,0.98162776,0.09163469,0.9632555
0,0,0.94481105,0.21351925,0.8896221
0,0,1.0,6.311614e-10,1.0
1,1,0.993722,0.03809202,0.98744404
1,1,0.9998658,0.0013310068,0.99973154
1,1,0.91424924,0.2925948,0.8284985
1,1,0.9999999,2.0196896e-06,0.99999976
1,1,0.9999975,3.4791836e-05,0.999995
0,0,1.0,1.7073122e-09,1.0
0,0,0.99999774,3.1857875e-05,0.99999547
0,0,0.99851114,0.011179964,0.9970223
0,0,1.0,3.51806e-08,1.0
1,1,1.0,2.763102e-11,1.0
1,0,0.8887097,0.34920448,0.77741945
0,0,1.0,2.763102e-11,1.0
1,1,0.93842673,0.23127466,0.87685347
0,0,0.9998522,0.0014515778,0.99970436
1,0,0.99967986,0.002896019,0.9993597
1,0,0.9998205,0.0017280771,0.99964094
1,0,0.9271424,0.26096874,0.85428476
0,0,1.0,2.763102e-11,1.0
0,0,0.9795618,0.09973963,0.9591236
0,0,0.9989444,0.0082896,0.9978888
0,0,1.0,4.273516e-10,1.0
1,1,0.70546335,0.60616386,0.4109267
1,1,0.8094753,0.48698288,0.6189506
0,0,0.9998522,0.001451722,0.99970436
1,1,0.99784005,0.015414694,0.9956801
0,0,0.99798155,0.014541698,0.9959631
0,0,0.9993118,0.0056989607,0.9986236
0,0,0.99893683,0.008341685,0.99787366
1,1,0.9999999,2.0196896e-06,0.99999976
0,0,0.99999946,8.309291e-06,0.9999989
0,0,1.0,2.763102e-11,1.0
1,1,0.99387604,0.037310094,0.9877521
0,0,0.9989306,0.00838439,0.99786115
1,1,1.0,2.763102e-11,1.0
0,0,0.99892724,0.00840724,0.9978545
0,0,1.0,2.6541097e-10,1.0
0,0,0.99893636,0.008344874,0.9978727
1,0,0.6661918,0.6368428,0.33238363
0,0,1.0,2.763102e-11,1.0
1,1,0.99998724,0.00015650294,0.9999745
0,0,0.998952,0.0082377745,0.99790394
0,0,0.9999976,3.341255e-05,0.99999523
0,0,0.9998522,0.0014514487,0.99970436
1,1,0.99998724,0.00015650294,0.9999745
0,0,0.99985224,0.0014509582,0.9997045
1,1,1.0,2.763102e-11,1.0
0,0,1.0,1.2181304e-09,1.0
0,0,1.0,2.654742e-10,1.0
1,1,0.993869,0.037345886,0.987738
1,1,0.93842673,0.23127466,0.87685347
1,0,0.99973065,0.0024834427,0.9994613
1,1,1.0,2.763102e-11,1.0
0,0,0.998938,0.00833345,0.99787605
1,1,0.8354857,0.44708037,0.6709714
1,1,0.99225616,0.04535546,0.9845123
1,1,0.9999999,2.0196896e-06,0.99999976
0,0,1.0,6.007446e-10,1.0
1,1,0.95144606,0.19423522,0.9028921
1,1,0.9999999,2.0196896e-06,0.99999976
0,0,0.9998205,0.0017280667,0.99964094
1,0,1.0,5.810437e-11,1.0
0,0,1.0,4.847714e-10,1.0
1,1,1.0,2.763102e-11,1.0
1,1,0.9999999,2.0196896e-06,0.99999976
0,0,1.0,3.8131384e-10,1.0
1,1,0.8354857,0.44708037,0.6709714
0,0,1.0,2.6923737e-09,1.0
1,0,0.9999827,0.00020667918,0.9999654
0,0,1.0,4.1180037e-10,1.0
0,0,0.99681604,0.021485372,0.9936321
1,0,0.7059392,0.6057477,0.41187838
1,1,1.0,2.763102e-11,1.0
1,1,1.0,2.763102e-11,1.0
1,1,0.93842673,0.23127466,0.87685347
0,0,0.9656355,0.14960077,0.93127096
1,1,0.93842673,0.23127466,0.87685347
1,1,0.99998426,0.00018976498,0.9999685
0,0,1.0,2.763102e-11,1.0
1,1,0.99999976,3.87412e-06,0.9999995
0,0,1.0,2.763102e-11,1.0
0,0,1.0,4.2006534e-10,1.0
1,1,0.9831224,0.08562478,0.9662448
0,0,0.9989484,0.008262273,0.9978968
0,0,1.0,7.792698e-09,1.0
1,1,0.9999994,9.1391485e-06,0.9999988
0,0,1.0,4.3632728e-10,1.0
0,0,1.0,3.8973855e-10,1.0
1,1,0.938269,0.23170404,0.87653804
1,1,0.9698529,0.13525304,0.93970585
1,1,1.0,2.763102e-11,1.0
0,0,0.99882495,0.009101853,0.9976499
1,1,0.993869,0.037345886,0.987738
1,0,0.9999989,1.5585832e-05,0.99999785
1,1,1.0,2.763102e-11,1.0
0,0,1.0,4.113155e-09,1.0
1,1,1.0,2.763102e-11,1.0
0,0,0.9989532,0.00822912,0.99790645
0,0,0.9866918,0.07070238,0.97338355
0,0,1.0,4.637979e-09,1.0
0,0,0.9994976,0.0043184594,0.9989952
1,0,1.0,1.3028027e-10,1.0
1,0,0.9998523,0.0014502786,0.9997046
1,1,0.9876516,0.066533595,0.9753032
1,1,0.81403446,0.4803198,0.6280689
1,1,0.99999917,1.2514034e-05,0.99999833
0,0,0.99895,0.008251472,0.9979
0,0,0.99851227,0.0111725265,0.99702454
0,0,0.6007986,0.6726866,0.20159718
1,1,0.93842673,0.23127466,0.87685347
0,0,1.0,4.7373516e-10,1.0
1,1,1.0,2.763102e-11,1.0
0,0,0.9987195,0.009808261,0.997439
1,1,0.9999999,2.0196896e-06,0.99999976
1,1,0.8264185,0.4615199,0.65283704
1,0,0.75912625,0.552085,0.5182525
1,1,0.9954815,0.028906304,0.990963
1,0,0.5694548,0.683468,0.13890955
0,0,1.0,3.4245243e-10,1.0
1,0,0.9998524,0.0014496099,0.99970484
1,1,1.0,2.763102e-11,1.0
0,0,0.99895924,0.008187809,0.9979185
0,0,0.98000765,0.09800935,0.9600153
1,1,1.0,2.763102e-11,1.0
1,1,1.0,2.763102e-11,1.0
1,1,0.98268455,0.08739882,0.9653691
0,0,0.9998522,0.0014514585,0.99970436
1,0,0.635357,0.65604293,0.27071407
1,1,0.93842673,0.23127466,0.87685347
1,1,0.9999924,9.753035e-05,0.99998474
0,0,0.9989189,0.008464194,0.9978378
0,0,1.0,3.3253852e-10,1.0
1,1,1.0,2.763102e-11,1.0
0,0,0.99887383,0.008771155,0.99774766
1,0,0.99484926,0.032274812,0.9896985
1,1,0.9831224,0.08562478,0.9662448
1,0,0.7572919,0.55418146,0.5145838
1,1,0.9996921,0.0027975927,0.99938416
1,1,0.9427124,0.21943802,0.88542485
0,0,1.0,2.763102e-11,1.0
1,1,0.99387604,0.037310094,0.9877521
0,0,1.0,4.646483e-10,1.0
0,0,0.9980383,0.014188802,0.9960766
1,1,0.9999999,2.0196896e-06,0.99999976
1,1,0.86997896,0.3864267,0.7399579
0,0,1.0,4.4113807e-10,1.0
0,0,1.0,2.763102e-11,1.0
0,0,0.9989431,0.008298576,0.9978862
1,1,0.9999999,2.0196896e-06,0.99999976
1,1,0.8732099,0.38023895,0.7464198
1,1,1.0,2.763102e-11,1.0
1,1,0.9875201,0.06710905,0.9750402
0,0,1.0,2.763102e-11,1.0
0,0,0.99999994,8.4386255e-07,0.9999999
1,1,0.9999999,2.0196896e-06,0.99999976
1,0,0.9998523,0.0014502786,0.9997046
0,0,0.9989398,0.008321277,0.9978796
1,1,0.9794209,0.10028439,0.9588418
0,0,1.0,3.0869543e-10,1.0
1,1,0.9697688,0.13554485,0.93953764
1,0,0.99974006,0.0024055047,0.9994801
0,0,0.99895114,0.00824349,0.9979023
1,1,1.0,2.763102e-11,1.0
1,1,0.99998724,0.00015650294,0.9999745
0,0,0.9998522,0.0014515778,0.99970436
0,0,0.9989446,0.008288551,0.99788916
1,0,1.0,1.0903517e-10,1.0
0,0,1.0,3.2394526e-10,1.0
1,1,1.0,2.763102e-11,1.0
1,1,1.0,2.763102e-11,1.0
1,1,0.943746,0.21653345,0.88749194
0,0,0.99888396,0.008702151,0.9977679
1,1,1.0,2.763102e-11,1.0
1,1,1.0,2.763102e-11,1.0
1,0,0.9848208,0.07863131,0.96964157
0,0,0.9997834,0.0020440842,0.9995668
1,0,0.9999998,3.0299914e-06,0.99999964
1,1,0.99999297,9.0482936e-05,0.99998593
0,0,0.99985224,0.0014511422,0.9997045
1,1,1.0,2.763102e-11,1.0
0,0,1.0,4.890224e-10,1.0
1,1,0.9999988,1.7452001e-05,0.9999976
1,0,0.9813585,0.092703864,0.96271706
0,0,0.9998522,0.0014513396,0.99970436
0,0,1.0,1.7456719e-07,1.0
1,1,0.9999999,2.0196896e-06,0.99999976
0,0,1.0,5.8076843e-08,1.0
1,1,0.9441314,0.21544522,0.88826275
0,0,0.99893725,0.008338681,0.9978745
1,1,0.5306065,0.6912725,0.061213017
1,1,0.8514226,0.4202335,0.7028452
1,0,0.9983986,0.011908224,0.9967972
1,0,0.9999991,1.3446268e-05,0.9999982
0,0,0.99895895,0.008189995,0.9979179
0,0,1.0,2.8457203e-10,1.0
1,0,0.99978137,0.0020610748,0.99956274
0,0,0.95650285,0.17890324,0.9130057
1,1,0.52698165,0.69169044,0.053963304
1,1,0.99999964,5.6661747e-06,0.9999993
1,0,0.9902959,0.05463738,0.9805918
0,0,1.0,6.5243966e-10,1.0
0,0,1.0,3.9395145e-10,1.0
0,0,0.94548935,0.21158826,0.8909787
0,0,0.98062634,0.09559138,0.9612527
0,0,0.99894303,0.008299278,0.99788606
1,1,1.0,2.763102e-11,1.0
1,1,1.0,2.763102e-11,1.0
0,0,0.9999961,5.1930958e-05,0.99999225
0,0,1.0,2.7406521e-10,1.0
1,1,0.99999785,3.0152349e-05,0.9999957
1,1,0.9993987,0.005060549,0.9987974
0,0,0.99894,0.008319782,0.99788
0,0,0.9990404,0.0076271794,0.99808085
0,0,1.0,3.3729694e-10,1.0
1,1,1.0,2.763102e-11,1.0
0,1,0.54913676,0.6883105,0.098273516
0,1,0.9999683,0.00036018612,0.9999366
0,0,0.9989357,0.008349205,0.9978714
0,0,1.0,6.4180405e-10,1.0
0,0,1.0,2.763102e-11,1.0
1,1,0.9999999,2.0196896e-06,0.99999976
0,0,1.0,4.5591808e-10,1.0
0,0,1.0,9.198379e-09,1.0
1,1,0.99998724,0.00015650294,0.9999745
1,0,0.9966601,0.022377618,0.9933202
1,0,1.0,1.7159891e-08,1.0
0,0,1.0,2.799582e-10,1.0
0,0,0.9989613,0.008173445,0.99792266
0,0,0.99894667,0.008274134,0.99789333
0,0,0.99999994,1.4730418e-06,0.9999999
0,0,0.99894804,0.008264772,0.9978961
1,1,0.99999833,2.3871251e-05,0.99999666
1,1,0.99999475,6.9017464e-05,0.9999895
0,0,0.9988849,0.008695787,0.99776983
1,0,0.99999946,8.131004e-06,0.9999989
1,0,1.0,9.470619e-10,1.0
1,1,1.0,2.763102e-11,1.0
1,0,0.6661918,0.6368428,0.33238363
0,0,1.0,5.0379606e-10,1.0
0,0,0.99999994,7.0831254e-07,0.9999999
1,1,0.99999833,2.3871251e-05,0.99999666
0,0,0.99734867,0.018377446,0.99469733
0,0,1.0,2.763102e-11,1.0
1,1,0.99662006,0.02260574,0.9932401
1,1,1.0,2.763102e-11,1.0
0,0,0.95874393,0.17191565,0.91748786
1,1,1.0,2.763102e-11,1.0
1,1,0.93842673,0.23127466,0.87685347
0,0,0.99893665,0.008342799,0.9978733
1,1,0.9997627,0.0022177056,0.9995254
1,1,0.93842673,0.23127466,0.87685347
1,1,1.0,2.763102e-11,1.0
0,0,1.0,1.7474491e-07,1.0
0,0,1.0,2.763102e-11,1.0
0,0,0.9988815,0.008718741,0.99776304
0,0,1.0,4.5082504e-10,1.0
0,0,0.99894357,0.008295352,0.99788713
0,0,0.8135519,0.48103145,0.6271038
1,1,1.0,2.763102e-11,1.0
0,0,0.9998207,0.0017261505,0.9996414
1,1,0.86705554,0.3919459,0.7341111
0,1,0.93842673,0.23127466,0.87685347
1,1,0.99387604,0.037310094,0.9877521
1,1,1.0,2.763102e-11,1.0
0,0,0.98084456,0.09473381,0.9616891
1,1,0.99999833,2.3871251e-05,0.99999666
1,0,0.999737,0.002430697,0.99947405
0,0,1.0,1.288271e-08,1.0
1,0,0.9998219,0.0017157381,0.9996438
0,0,1.0,3.0485472e-10,1.0
0,0,0.99888235,0.008713275,0.9977647
1,1,1.0,2.763102e-11,1.0
1,0,0.99899626,0.007932929,0.9979925
1,1,0.9414587,0.22293484,0.8829174
1,1,0.9996747,0.0029378321,0.99934936
0,0,1.0,2.968147e-10,1.0
1,1,0.58914113,0.6771696,0.17828226
1,1,0.9733523,0.122888714,0.9467046
0,1,0.9998568,0.001410429,0.99971366
1,0,0.6617012,0.63990057,0.32340243
1,1,1.0,2.763102e-11,1.0
1,1,0.9827414,0.08716907,0.96548283
1,0,0.6661918,0.6368428,0.33238363
0,0,0.9989482,0.008263551,0.99789643
0,0,0.9989485,0.008261566,0.997897
1,1,0.9576642,0.1752977,0.9153284
0,0,0.9998522,0.0014513307,0.99970436
0,0,1.0,6.5133987e-09,1.0
1,0,1.0,1.7901322e-10,1.0
1,1,0.8656323,0.394606,0.7312646
1,1,1.0,2.763102e-11,1.0
1,0,1.0,1.3243662e-09,1.0
0,0,0.9998983,0.0010365403,0.9997966
1,1,1.0,2.763102e-11,1.0
0,0,0.989434,0.058586415,0.978868
1,1,0.93842673,0.23127466,0.87685347
0,0,1.0,3.0282834e-08,1.0
1,0,0.94801104,0.20433053,0.8960221
1,0,0.5219848,0.6921802,0.04396963
1,0,1.0,2.763102e-11,1.0
1,1,0.9993585,0.005357593,0.99871695
1,1,1.0,2.763102e-11,1.0
1,1,0.99999833,2.3871251e-05,0.99999666
0,0,0.9989477,0.008267237,0.99789536
0,0,0.9998522,0.001451291,0.99970436
1,1,0.9999999,2.0196896e-06,0.99999976
1,1,1.0,2.763102e-11,1.0
0,0,0.99999994,1.0020319e-06,0.9999999
1,0,0.9998524,0.0014494734,0.99970484
0,0,1.0,3.9576722e-10,1.0
1,1,1.0,2.763102e-11,1.0
0,0,0.9989396,0.008322839,0.99787915
0,0,0.99999154,0.00010705361,0.9999831
0,0,0.9989383,0.008331249,0.99787664
1,1,1.0,2.763102e-11,1.0
1,1,0.94392335,0.21603292,0.8878467
1,0,0.9968683,0.021184735,0.9937366
1,1,1.0,2.763102e-11,1.0
0,0,0.9989369,0.008341139,0.9978738
1,0,0.54090226,0.68979746,0.081804514
1,1,0.9999993,1.0836571e-05,0.99999857
1,1,0.9978187,0.015545513,0.9956374
1,1,1.0,2.763102e-11,1.0
0,0,0.99999297,9.0283065e-05,0.99998593
1,1,0.99387604,0.037310094,0.9877521
0,0,1.0,3.1184166e-10,1.0
1,1,1.0,2.763102e-11,1.0
1,1,1.0,2.763102e-11,1.0
1,1,0.999998,2.8593053e-05,0.99999595
0,0,0.9955262,0.028664948,0.9910524
0,0,1.0,4.5386503e-10,1.0
0,0,0.9989477,0.008267237,0.99789536
1,1,0.77404207,0.5343459,0.54808414
0,0,1.0,6.054133e-10,1.0
1,1,1.0,2.763102e-11,1.0
1,1,0.993869,0.037345886,0.987738
0,0,0.9989461,0.008278174,0.99789214
1,0,0.8774541,0.371967,0.7549082
0,0,1.0,2.813699e-10,1.0
0,0,1.0,1.1869732e-09,1.0
0,0,0.89734507,0.33087763,0.79469013
1,1,0.88571084,0.35538995,0.7714217
1,1,1.0,2.763102e-11,1.0
1,0,0.99602896,0.025917813,0.9920579
1,1,0.9937075,0.038165655,0.98741496
1,1,0.99999964,5.6661747e-06,0.9999993
0,0,0.8569555,0.41045183,0.71391106
0,0,0.9999989,1.5481168e-05,0.99999785
0,0,0.81379473,0.48067352,0.62758946
1,1,0.99999905,1.4174408e-05,0.9999981
1,0,0.99943644,0.004779721,0.9988729
1,1,0.93842673,0.23127466,0.87685347
1,1,0.99999356,8.338493e-05,0.9999871
1,1,1.0,2.763102e-11,1.0
1,1,0.6444216,0.6508317,0.28884315
1,0,0.98309296,0.08574436,0.9661859
0,0,1.0,6.304971e-08,1.0
0,0,1.0,3.849683e-10,1.0
1,1,0.9999999,2.0196896e-06,0.99999976
0,0,1.0,3.383647e-10,1.0
1,1,1.0,2.763102e-11,1.0
0,0,1.0,1.25605455e-08,1.0
1,1,0.9971644,0.019463629,0.99432886
0,0,0.9989382,0.008332238,0.9978764
0,0,1.0,4.8675103e-10,1.0
1,1,1.0,2.763102e-11,1.0
0,0,1.0,2.763102e-11,1.0
1,1,1.0,2.763102e-11,1.0
1,1,1.0,2.763102e-11,1.0
1,1,1.0,2.763102e-11,1.0
0,0,0.99896044,0.00817976,0.9979209
0,0,0.9998522,0.0014513505,0.99970436
0,0,0.9986575,0.010219756,0.99731505
1,1,0.8901899,0.34611815,0.7803798
0,0,1.0,3.4075622e-09,1.0
1,0,0.5241484,0.6919805,0.04829681
1,1,0.99999785,3.0152349e-05,0.9999957
0,0,1.0,8.6803137e-10,1.0
1,1,1.0,2.763102e-11,1.0
1,1,1.0,2.763102e-11,1.0
1,1,0.99695873,0.020662244,0.99391747
0,0,1.0,3.5427572e-08,1.0
1,1,0.8299302,0.4559969,0.6598604
1,1,0.99999833,2.3871251e-05,0.99999666
1,0,0.97664607,0.110819586,0.95329213
1,1,0.93842673,0.23127466,0.87685347
0,0,0.99996054,0.00043957043,0.9999211
0,0,1.0,3.0591611e-09,1.0
1,1,0.993869,0.037345886,0.987738
0,0,1.0,2.763102e-11,1.0
0,0,1.0,2.763102e-11,1.0
0,0,0.99554414,0.028567836,0.9910883
1,1,0.99998724,0.00015650294,0.9999745
1,1,0.9999999,2.0196896e-06,0.99999976
0,0,0.99896187,0.008169947,0.99792373
1,1,0.99999607,5.2894822e-05,0.99999213
1,1,0.9983339,0.012323386,0.99666774
0,0,0.9998522,0.0014516041,0.99970436
1,0,0.9814881,0.09218978,0.9629762
0,0,1.0,3.521439e-10,1.0
0,0,1.0,3.022665e-09,1.0
1,1,0.99097973,0.05144942,0.98195946
0,0,0.9989591,0.008188833,0.99791825
0,0,1.0,2.763102e-11,1.0
1,0,1.0,2.763102e-11,1.0
1,0,1.0,4.054059e-11,1.0
1,1,0.93842673,0.23127466,0.87685347
1,1,0.97942936,0.1002517,0.9588587
1,1,0.9691862,0.13755977,0.9383724
0,0,0.9514772,0.1941424,0.90295446
1,1,0.9868162,0.070165984,0.97363245
1,0,0.9997834,0.0020440996,0.9995668
1,1,1.0,2.763102e-11,1.0
0,0,0.9921746,0.045750648,0.98434925
1,0,0.999822,0.0017147857,0.99964404
1,1,1.0,2.763102e-11,1.0
0,0,1.0,7.381662e-08,1.0
1,1,1.0,2.763102e-11,1.0
0,0,0.9935862,0.0387785,0.98717237
0,0,0.9999999,1.7643247e-06,0.99999976
1,1,0.99999976,3.87412e-06,0.9999995
1,1,0.99998724,0.00015650294,0.9999745
1,1,1.0,2.763102e-11,1.0
1,0,0.99679226,0.021622118,0.9935845
1,1,0.9999995,7.417722e-06,0.99999905
1,1,1.0,2.763102e-11,1.0
1,0,0.9387331,0.23043932,0.8774662
1,1,0.9946879,0.033121437,0.9893758
0,0,0.99894524,0.008283859,0.9978905
0,0,0.9935343,0.039039854,0.98706865
1,1,0.99781835,0.015547703,0.9956367
1,0,0.99982184,0.0017160946,0.9996437
1,1,0.9937184,0.038110435,0.9874368
1,1,0.9999943,7.4793905e-05,0.99998856
0,0,0.99894553,0.008282115,0.99789107
1,0,0.99982196,0.0017153285,0.9996439
0,0,1.0,2.763102e-11,1.0
1,0,0.99999994,7.267384e-07,0.9999999
0,0,1.0,1.747241e-07,1.0
1,1,0.99602854,0.02592025,0.9920571
1,1,1.0,2.763102e-11,1.0
1,1,0.9999988,1.7452001e-05,0.9999976
0,0,0.9989969,0.007928622,0.9979938
0,0,1.0,3.7891026e-10,1.0
0,0,0.99894994,0.0082519045,0.9978999
0,0,0.9999997,4.5972897e-06,0.9999994
1,1,1.0,2.763102e-11,1.0
1,0,0.9997141,0.00261911,0.99942815
0,0,0.9985287,0.0110652065,0.99705744
1,1,0.8942159,0.3376092,0.78843176
1,1,0.99199814,0.046603408,0.9839963
0,0,1.0,1.6565247e-09,1.0
0,0,0.99732167,0.018537363,0.99464333
0,0,1.0,6.1929377e-09,1.0
0,0,1.0,8.63314e-10,1.0
0,0,1.0,1.3685182e-09,1.0
1,1,0.99999964,5.6661747e-06,0.9999993
1,1,1.0,2.763102e-11,1.0
1,0,0.99999994,1.4270645e-06,0.9999999
0,0,0.9989534,0.008227891,0.9979068
0,0,0.9833563,0.0846725,0.9667126
1,0,0.96866786,0.13934276,0.9373357
1,1,1.0,2.763102e-11,1.0
1,0,0.6005626,0.6727829,0.20112517
1,1,0.93842673,0.23127466,0.87685347
1,0,0.9998524,0.0014496099,0.99970484
0,0,0.99999917,1.2346284e-05,0.99999833
1,0,0.9989132,0.008502733,0.99782646
0,0,0.9882821,0.063754395,0.97656417
0,0,0.9989211,0.008449156,0.9978422
1,1,0.9536845,0.18752007,0.907369
1,1,0.99037266,0.054282025,0.9807453
1,1,0.99999976,3.87412e-06,0.9999995
0,0,1.0,1.1475583e-09,1.0
0,0,1.0,2.763102e-11,1.0
1,1,0.99440396,0.03459972,0.9888079
1,1,0.993869,0.037345886,0.987738
0,0,0.99999964,5.611327e-06,0.9999993
0,0,1.0,4.2913093e-10,1.0
0,0,1.0,4.5282705e-10,1.0
1,0,0.99978507,0.0020299423,0.99957013
1,1,0.99999845,2.2281009e-05,0.9999969
1,1,1.0,2.763102e-11,1.0
1,1,1.0,2.763102e-11,1.0
0,0,0.99895906,0.008189078,0.9979181
0,0,0.99750805,0.01742727,0.9950161
0,0,1.0,2.5216753e-08,1.0
0,1,0.79387385,0.5087787,0.5877477
1,0,0.9993402,0.0054919743,0.99868035
1,1,1.0,2.763102e-11,1.0
1,0,0.9999994,8.770078e-06,0.9999988
1,0,0.99584836,0.026911661,0.9916967
0,0,0.99884284,0.008981069,0.9976857
1,1,1.0,2.763102e-11,1.0
1,0,0.9999269,0.000769192,0.99985385
0,0,1.0,2.763102e-11,1.0
1,0,0.59134376,0.67636573,0.18268749
1,1,0.9999964,4.8427057e-05,0.99999285
1,1,0.9995142,0.004192028,0.99902844
1,1,0.9890232,0.0604433,0.9780464
1,1,0.99915314,0.006837188,0.9983063
1,0,1.0,7.781057e-10,1.0
1,0,0.9992853,0.0058917557,0.99857056
1,1,1.0,2.763102e-11,1.0
1,1,1.0,2.763102e-11,1.0
1,0,0.8459749,0.42962793,0.69194984
0,0,0.998945,0.008285639,0.99789
1,1,0.99717134,0.019423082,0.9943427
1,1,0.9160368,0.2883438,0.83207357
1,1,0.9937184,0.038110435,0.9874368
1,1,1.0,2.763102e-11,1.0
1,0,0.99999994,7.9483357e-07,0.9999999
1,1,0.93842673,0.23127466,0.87685347
1,1,1.0,2.763102e-11,1.0
1,1,0.9999981,2.702674e-05,0.9999962
1,1,1.0,2.763102e-11,1.0
1,1,1.0,2.763102e-11,1.0
0,0,1.0,3.5828276e-10,1.0
1,1,1.0,2.763102e-11,1.0
0,0,1.0,2.8136789e-08,1.0
1,1,1.0,2.763102e-11,1.0
1,1,0.9999999,2.0196896e-06,0.99999976
0,0,1.0,2.763102e-11,1.0
1,1,0.99999917,1.2514034e-05,0.99999833
1,1,1.0,2.763102e-11,1.0
1,1,0.8732099,0.38023895,0.7464198
0,0,1.0,4.0657816e-10,1.0
0,1,0.99998724,0.00015650294,0.9999745
1,0,0.5514697,0.6878395,0.1029394
0,0,1.0,2.763102e-11,1.0
1,1,0.97976184,0.09896455,0.9595237
1,1,0.99999976,3.87412e-06,0.9999995
1,1,0.9877752,0.06599129,0.9755504
1,1,0.9890814,0.060181305,0.97816277
1,1,1.0,2.763102e-11,1.0
1,1,0.93080324,0.25155625,0.8616065
0,0,1.0,6.9574674e-10,1.0
1,0,1.0,4.082254e-07,1.0
1,1,1.0,2.763102e-11,1.0
0,0,1.0,2.763102e-11,1.0
1,1,0.93842673,0.23127466,0.87685347
1,1,1.0,2.763102e-11,1.0
1,1,0.99950397,0.0042701354,0.99900794
0,0,1.0,2.763102e-11,1.0
0,0,1.0,5.206741e-10,1.0
1,1,1.0,2.763102e-11,1.0
1,1,1.0,2.763102e-11,1.0
1,0,0.66719425,0.63614786,0.33438852
0,0,0.9999489,0.00055573677,0.99989784
0,0,0.99996233,0.00042148543,0.99992466
1,1,0.93842673,0.23127466,0.87685347
1,0,0.9998524,0.0014496099,0.99970484
1,1,0.99999976,3.87412e-06,0.9999995
1,1,0.99998724,0.00015650294,0.9999745
0,0,1.0,1.2213213e-09,1.0
1,1,1.0,2.763102e-11,1.0
0,0,1.0,6.1461664e-10,1.0
1,1,0.993869,0.037345886,0.987738
1,1,0.99999833,2.3871251e-05,0.99999666
1,1,0.99387604,0.037310094,0.9877521
1,1,0.99387604,0.037310094,0.9877521
0,0,1.0,1.256177e-09,1.0
1,1,0.993722,0.03809202,0.98744404
1,1,0.99999344,8.480879e-05,0.9999869
0,0,1.0,1.590163e-09,1.0
0,0,1.0,3.0848404e-10,1.0
1,0,0.6766749,0.6293505,0.3533498
0,0,0.9998522,0.0014514773,0.99970436
1,1,1.0,2.763102e-11,1.0
0,1,0.85840815,0.40784264,0.7168163
1,1,1.0,2.763102e-11,1.0
0,0,0.9989034,0.008570106,0.9978068
1,1,1.0,2.763102e-11,1.0
0,0,0.9989453,0.008283568,0.9978906
0,0,0.6600034,0.64103323,0.32000685
0,0,1.0,1.2415595e-08,1.0
0,0,1.0,3.116972e-10,1.0
1,0,1.0,1.908008e-10,1.0
0,0,0.9998522,0.0014516229,0.99970436
1,1,0.993869,0.037345886,0.987738
0,0,0.9988782,0.008741422,0.99775636
1,1,0.93842673,0.23127466,0.87685347
1,1,1.0,2.763102e-11,1.0
1,1,1.0,2.763102e-11,1.0
0,0,0.9960903,0.025578618,0.9921806
1,1,0.93842673,0.23127466,0.87685347
0,0,0.99893916,0.008325685,0.9978783
0,0,1.0,2.6513886e-10,1.0
0,0,0.99893266,0.008370029,0.9978653
1,1,0.99140316,0.04944944,0.9828063
0,0,0.9998522,0.0014516361,0.99970436
1,1,1.0,2.763102e-11,1.0
0,0,0.9999254,0.0007838982,0.99985075
0,0,0.9963319,0.02423257,0.99266374
0,0,1.0,2.763102e-11,1.0
1,0,0.6661918,0.6368428,0.33238363
0,0,0.9999865,0.00016475856,0.99997306
0,0,0.52101207,0.6922639,0.042024106
1,0,1.0,1.2300536e-09,1.0
1,1,1.0,2.763102e-11,1.0
1,1,0.9999999,2.0196896e-06,0.99999976
1,0,0.9997432,0.0023796195,0.99948645
0,0,0.9989619,0.008169388,0.99792385
0,0,1.0,1.158392e-09,1.0
1,0,0.80320513,0.49592692,0.60641026
0,0,1.0,2.758401e-10,1.0
1,1,1.0,2.763102e-11,1.0
0,0,0.99999386,7.982544e-05,0.9999877
1,1,0.9987583,0.009549376,0.99751663
1,0,0.8517317,0.41969347,0.70346344
0,0,0.99895525,0.008215489,0.9979105
0,0,0.99891764,0.008472856,0.9978353
0,0,1.0,4.4986564e-10,1.0
1,1,1.0,2.763102e-11,1.0
1,1,0.54772526,0.6885848,0.09545052
1,0,0.99999624,5.0503542e-05,0.9999925
0,0,1.0,2.736619e-10,1.0
0,0,1.0,2.763102e-11,1.0
0,0,0.99893683,0.008341495,0.99787366
1,1,1.0,2.763102e-11,1.0
1,1,1.0,2.763102e-11,1.0
0,0,1.0,2.763102e-11,1.0
1,1,0.7222066,0.59085715,0.4444132
1,1,0.704317,0.607162,0.40863395
1,1,0.99998724,0.00015650294,0.9999745
1,1,1.0,2.763102e-11,1.0
1,1,0.9519749,0.1926586,0.90394986
1,0,0.9999464,0.00058070914,0.99989283
0,0,0.9989381,0.008333071,0.99787617
0,0,0.9998522,0.0014514345,0.99970436
1,1,1.0,2.763102e-11,1.0
1,1,0.99387604,0.037310094,0.9877521
1,1,1.0,2.763102e-11,1.0
1,0,0.9996961,0.0027652038,0.99939215
1,1,0.97914517,0.10134757,0.95829034
1,1,1.0,2.763102e-11,1.0
1,0,0.99999994,1.2468732e-06,0.9999999
1,1,1.0,2.763102e-11,1.0
1,1,0.8718442,0.3828659,0.74368834
1,0,1.0,1.9298474e-08,1.0
0,0,0.994768,0.03270177,0.98953605
1,1,0.7365498,0.5766349,0.4730996
1,1,0.993722,0.03809202,0.98744404
0,0,1.0,4.072366e-10,1.0
0,0,1.0,2.8745435e-09,1.0
1,0,0.7896489,0.5144215,0.5792978
1,0,1.0,2.763102e-11,1.0
1,1,1.0,2.763102e-11,1.0
1,0,0.5740415,0.68214244,0.14808294
0,0,1.0,3.2528635e-10,1.0
0,0,1.0,4.0763343e-10,1.0
1,1,1.0,2.763102e-11,1.0
1,0,0.99885577,0.00889353,0.99771154
1,1,0.89889485,0.3275045,0.7977897
1,1,0.99832326,0.012391207,0.9966465
1,1,0.93842673,0.23127466,0.87685347
0,0,1.0,2.763102e-11,1.0
1,0,0.99542606,0.02920498,0.9908521
1,1,1.0,2.763102e-11,1.0
1,1,0.99999964,5.6661747e-06,0.9999993
1,1,1.0,2.763102e-11,1.0
0,0,0.9989597,0.008184752,0.99791944
1,1,0.9999999,2.0196896e-06,0.99999976
1,1,1.0,2.763102e-11,1.0
1,0,0.99841297,0.011815464,0.99682593
1,0,0.99999976,3.5471292e-06,0.9999995
1,1,0.9999999,2.0196896e-06,0.99999976
0,0,0.9989006,0.008588911,0.9978012
1,1,1.0,2.763102e-11,1.0
1,1,0.5755131,0.6816989,0.15102625
1,1,0.95385116,0.18701565,0.9077023
1,1,0.99866664,0.010159357,0.9973333
0,0,0.9711945,0.13056508,0.942389
0,0,0.9998896,0.0011162489,0.9997792
0,0,0.999815,0.0017749934,0.99963
1,1,1.0,2.763102e-11,1.0
1,1,0.994825,0.03240232,0.98965
1,1,0.9996025,0.0035099979,0.999205
0,0,0.9989032,0.008571199,0.99780643
1,1,1.0,2.763102e-11,1.0
1,1,0.8354857,0.44708037,0.6709714
0,0,0.9998207,0.0017261505,0.9996414
1,1,1.0,2.763102e-11,1.0
1,1,1.0,2.763102e-11,1.0
1,0,0.9864343,0.0718087,0.97286856
0,0,1.0,7.05359e-10,1.0
0,0,0.9989004,0.008590344,0.9978008
0,0,0.99985224,0.0014511312,0.9997045
1,1,0.99467176,0.03320593,0.9893435
1,0,0.99999994,7.9483357e-07,0.9999999
1,1,0.9999999,2.0196896e-06,0.99999976
1,0,0.99982196,0.0017150046,0.9996439
1,0,0.9997852,0.0020288716,0.99957037
0,0,0.99889094,0.0086547015,0.9977819
1,1,0.9999331,0.0007097346,0.99986625
1,0,1.0,9.1302305e-10,1.0
0,0,1.0,4.1598164e-10,1.0
1,1,0.99999535,6.1735394e-05,0.9999907
1,1,0.72744143,0.58578706,0.45488286
1,1,0.9829723,0.08623415,0.96594465
0,0,0.9989345,0.008357482,0.997869
1,0,1.0,1.6657322e-09,1.0
1,1,0.87795043,0.37098885,0.75590086
1,1,1.0,2.763102e-11,1.0
1,1,1.0,2.763102e-11,1.0
0,0,0.9998522,0.0014514696,0.99970436
0,0,0.9998522,0.0014514773,0.99970436
0,0,0.9966326,0.02253461,0.99326515
1,1,0.8525157,0.41832042,0.7050314
1,0,1.0,4.58252e-11,1.0
0,0,0.99999124,0.000110734814,0.9999825
1,1,1.0,2.763102e-11,1.0
0,0,0.99994993,0.0005457294,0.99989986
1,1,0.9150426,0.29071322,0.83008516
1,0,0.6341555,0.6567069,0.26831102
1,0,0.9999997,4.8576417e-06,0.9999994
0,0,0.99894196,0.008306608,0.9978839
0,0,1.0,2.763102e-11,1.0
1,0,0.98831,0.0636306,0.97661996
0,0,0.98607194,0.073356956,0.9721439
0,0,1.0,4.056207e-10,1.0
1,1,0.93842673,0.23127466,0.87685347
1,1,0.99999857,2.0681588e-05,0.99999714
0,0,0.769555,0.5398135,0.53910995
0,1,0.9999683,0.00036018612,0.9999366
1,1,0.9999962,5.140933e-05,0.9999924
1,0,0.99982196,0.0017150046,0.9996439
0,0,1.0,9.594929e-10,1.0
1,1,1.0,2.763102e-11,1.0
1,1,0.9896235,0.057724584,0.979247
1,1,0.9999999,2.0196896e-06,0.99999976
1,1,0.5348787,0.69071215,0.06975734
1,1,1.0,2.763102e-11,1.0
0,0,0.9989323,0.008372429,0.9978646
0,0,0.999989,0.00013714675,0.99997795
0,0,1.0,2.763102e-11,1.0
0,0,0.9988462,0.008958456,0.99769235
1,0,0.9649367,0.1519245,0.92987335
1,1,0.99999905,1.4174408e-05,0.9999981
0,0,1.0,3.6855835e-10,1.0
1,0,0.9999999,1.6439869e-06,0.99999976
0,0,1.0,1.431061e-07,1.0
0,0,0.6933497,0.6163942,0.38669944
1,1,1.0,2.763102e-11,1.0
0,0,1.0,9.16571e-09,1.0
0,0,0.9989394,0.008324096,0.9978788
0,0,1.0,2.9649028e-09,1.0
1,1,0.9948245,0.03240483,0.98964906
0,0,0.98081344,0.09485628,0.9616269
0,0,1.0,3.7314613e-10,1.0
0,0,1.0,1.2116719e-09,1.0
1,1,0.99998724,0.00015650294,0.9999745
1,1,0.93842673,0.23127466,0.87685347
0,0,0.9998522,0.0014514487,0.99970436
1,1,0.99999917,1.2514034e-05,0.99999833
1,1,0.993869,0.037345886,0.987738
1,1,1.0,2.763102e-11,1.0
0,0,0.9989617,0.0081710145,0.9979234
0,0,1.0,3.985679e-10,1.0
1,1,0.9808139,0.09485435,0.96162784
1,1,0.9999999,2.0196896e-06,0.99999976
0,0,1.0,6.206938e-10,1.0
0,0,1.0,9.5957935e-09,1.0
1,1,0.94435287,0.21481854,0.88870573
0,0,1.0,3.7514833e-10,1.0
0,0,1.0,2.763102e-11,1.0
0,0,1.0,1.0199025e-09,1.0
0,0,0.9989069,0.00854598,0.9978138
0,0,1.0,2.9661745e-10,1.0
0,0,0.99894637,0.008276322,0.99789274
1,1,0.99999976,3.87412e-06,0.9999995
0,0,0.99999994,6.627009e-07,0.9999999
0,0,1.0,2.276088e-09,1.0
0,0,1.0,7.612095e-09,1.0
1,0,0.999416,0.0049321023,0.998832
0,0,0.999737,0.002430697,0.99947405
0,0,0.99895936,0.008186983,0.9979187
0,0,1.0,1.5654694e-08,1.0
1,1,1.0,2.763102e-11,1.0
1,1,1.0,2.763102e-11,1.0
0,0,1.0,4.733487e-10,1.0
1,1,1.0,2.763102e-11,1.0
0,0,0.9819768,0.09024264,0.9639536
1,0,0.93510294,0.24023451,0.8702059
1,0,0.9955534,0.028517924,0.99110675
0,0,1.0,2.7709146e-10,1.0
0,0,0.7654,0.5447751,0.5308
1,1,1.0,2.763102e-11,1.0
1,1,0.95745826,0.17593947,0.9149165
0,0,1.0,4.818483e-10,1.0
0,0,0.99895793,0.008196863,0.99791586
1,0,0.9999971,3.989283e-05,0.99999416
1,1,0.99999964,5.6661747e-06,0.9999993
0,1,0.7415846,0.57139295,0.4831692
1,1,0.98112696,0.09362016,0.9622539
0,0,1.0,4.0640685e-07,1.0
0,0,0.99982184,0.0017159403,0.9996437
1,0,1.0,2.763102e-11,1.0
0,0,0.99896115,0.008174829,0.9979223
1,0,0.9999996,6.248534e-06,0.99999917
1,1,0.93842673,0.23127466,0.87685347
0,0,0.98939306,0.05877228,0.9787861
1,0,1.0,1.4358378e-09,1.0
1,1,1.0,2.763102e-11,1.0
0,0,0.9998655,0.001333469,0.99973094
1,1,1.0,2.763102e-11,1.0
0,0,0.99895024,0.008249837,0.9979005
0,0,0.998947,0.00827165,0.99789405
1,1,0.9875836,0.06683141,0.97516716
1,1,0.993869,0.037345886,0.987738
0,0,1.0,2.9116531e-10,1.0
1,0,0.9753299,0.11569615,0.95065975
0,0,0.99998075,0.00022827159,0.9999615
1,1,0.97627556,0.112199806,0.9525511
0,0,1.0,4.6758275e-10,1.0
0,0,1.0,3.1484634e-10,1.0
0,0,0.9989593,0.008187436,0.9979186
0,0,0.99697083,0.020592004,0.99394166
1,1,0.9998815,0.0011897498,0.999763
0,0,0.99982166,0.0017177145,0.9996433
1,1,0.99999964,5.6661747e-06,0.9999993
1,1,0.7839071,0.5219182,0.56781423
0,0,0.9989446,0.0082883425,0.99788916
0,0,0.9989413,0.008311147,0.9978826
1,1,1.0,2.763102e-11,1.0
0,0,0.9662161,0.1476588,0.9324322
0,0,0.9998492,0.001477783,0.9996984
1,1,0.9699811,0.13480796,0.93996215
0,0,0.9988712,0.008788925,0.9977424
1,1,0.99999976,3.87412e-06,0.9999995
0,0,0.99999475,6.8937225e-05,0.9999895
1,1,0.99965,0.0031350788,0.9993
1,0,0.7322104,0.5810479,0.46442077
1,0,0.99999905,1.4463349e-05,0.9999981
0,0,0.9989147,0.008492572,0.99782944
1,0,0.9785572,0.103602186,0.95711446
1,1,1.0,2.763102e-11,1.0
1,1,1.0,2.763102e-11,1.0
1,0,0.96091354,0.16502996,0.9218271
0,0,0.9993368,0.005516882,0.99867356
0,0,0.99997723,0.00026592024,0.99995446
0,0,1.0,1.0504891e-10,1.0
0,1,0.9995498,0.0039192108,0.9990996
0,0,1.0,2.763102e-11,1.0
1,1,0.94255704,0.219873,0.8851141
0,0,0.99876237,0.009522402,0.99752474
1,0,0.99999994,1.1664893e-06,0.9999999
1,1,1.0,2.763102e-11,1.0
1,1,1.0,2.763102e-11,1.0
1,0,1.0,2.763102e-11,1.0
0,0,1.0,2.763102e-11,1.0
1,1,1.0,2.763102e-11,1.0
1,0,0.9998523,0.0014502786,0.9997046
0,0,0.9989575,0.008199916,0.997915
0,0,1.0,2.763102e-11,1.0
0,0,1.0,1.3225218e-09,1.0
1,0,0.85878426,0.40716428,0.7175685
1,1,0.87717605,0.372514,0.7543521
1,1,1.0,2.763102e-11,1.0
0,0,0.9874916,0.067233525,0.9749832
1,1,1.0,2.763102e-11,1.0
0,0,0.9989399,0.008320763,0.99787974
0,0,1.0,3.9419962e-10,1.0
0,0,0.991416,0.049388476,0.98283195
1,1,1.0,2.763102e-11,1.0
1,0,0.9999996,6.927533e-06,0.99999917
0,0,0.9985752,0.010761441,0.9971504
1,1,0.9599774,0.16801599,0.9199548
1,0,1.0,2.763102e-11,1.0
1,1,0.583075,0.67928004,0.16614997
1,1,0.6423255,0.65206844,0.28465104
1,1,0.99999964,5.6661747e-06,0.9999993
0,0,0.9989391,0.008325957,0.9978782
0,0,1.0,2.763102e-11,1.0
1,1,0.98947376,0.05840592,0.9789475
1,0,0.99999994,1.3290363e-06,0.9999999
1,1,0.99972314,0.0025448876,0.9994463
0,0,0.9998522,0.0014517298,0.99970436
1,1,0.9967944,0.021609742,0.9935888
0,0,1.0,1.0738437e-09,1.0
0,0,0.9998522,0.0014514773,0.99970436
0,0,1.0,2.763102e-11,1.0
1,1,1.0,2.763102e-11,1.0
0,0,1.0,1.5399209e-09,1.0
1,1,0.93842673,0.23127466,0.87685347
1,0,0.99428844,0.03519685,0.9885769
1,0,0.99999994,7.267384e-07,0.9999999
0,0,0.99999994,6.0295616e-07,0.9999999
1,1,0.92317,0.2709581,0.84633994
1,1,1.0,2.763102e-11,1.0
1,1,0.8712248,0.3840517,0.74244964
1,0,0.5228646,0.69210124,0.04572913
1,1,0.9946695,0.033217773,0.989339
0,0,0.9894223,0.058639422,0.97884464
0,0,0.99881357,0.009178383,0.99762714
1,1,1.0,2.763102e-11,1.0
0,0,1.0,4.62016e-09,1.0
1,1,0.993869,0.037345886,0.987738
1,1,0.9900709,0.05567558,0.98014176
1,1,1.0,2.763102e-11,1.0
0,0,0.9989422,0.00830493,0.9978844
1,1,1.0,2.763102e-11,1.0
1,1,1.0,2.763102e-11,1.0
0,0,0.9989615,0.008172343,0.997923
0,0,1.0,3.0205477e-10,1.0
1,1,0.88792354,0.3508348,0.7758471
1,1,0.9937184,0.038110435,0.9874368
1,0,0.999822,0.0017147857,0.99964404
0,0,0.924098,0.26864472,0.848196
1,0,0.99999946,8.344993e-06,0.9999989
0,0,1.0,3.1484174e-10,1.0
1,1,0.9985715,0.01078567,0.99714303
1,1,0.81574374,0.47778645,0.6314875
1,1,0.9996927,0.0027927728,0.99938536
0,0,0.9989421,0.0083056595,0.99788415
0,0,0.99889296,0.0086409,0.9977859
1,0,0.9998524,0.0014496099,0.99970484
1,1,0.99998724,0.00015650294,0.9999745
0,0,1.0,3.7336959e-10,1.0
1,0,0.90661347,0.3103038,0.81322694
1,0,0.99985236,0.001449805,0.9997047
1,1,1.0,2.763102e-11,1.0
0,0,0.9998522,0.0014513307,0.99970436
0,0,0.9837867,0.082911134,0.9675734
0,0,0.9989604,0.008180086,0.99792075
1,1,0.86425275,0.39716774,0.7285055
1,1,1.0,2.763102e-11,1.0
1,1,0.96970147,0.13577837,0.93940294
0,0,0.995781,0.02728014,0.991562
1,0,0.6661918,0.6368428,0.33238363
1,0,0.99999785,3.0270374e-05,0.9999957
0,0,0.8937624,0.33857605,0.7875248
1,1,1.0,2.763102e-11,1.0
1,1,0.99387604,0.037310094,0.9877521
1,1,0.9937184,0.038110435,0.9874368
0,0,1.0,2.763102e-11,1.0
1,1,1.0,2.763102e-11,1.0
0,0,1.0,2.763102e-11,1.0
1,1,0.9999999,2.0196896e-06,0.99999976
1,0,0.99899626,0.007932929,0.9979925
1,1,1.0,2.763102e-11,1.0
0,0,0.99895185,0.008238768,0.9979037
1,1,0.9886904,0.06193631,0.97738075
1,0,1.0,2.8142405e-11,1.0
1,0,0.99999976,4.168512e-06,0.9999995
1,1,1.0,2.763102e-11,1.0
1,0,0.99899626,0.007932929,0.9979925
0,0,0.9999745,0.00029515277,0.999949
1,1,0.96840566,0.1402413,0.9368113
0,0,1.0,3.8685066e-08,1.0
0,0,0.9989486,0.008261019,0.99789715
1,1,1.0,2.763102e-11,1.0
1,1,0.9999999,2.0196896e-06,0.99999976
0,0,1.0,3.3924377e-10,1.0
1,0,0.6661918,0.6368428,0.33238363
1,1,0.9978235,0.015516298,0.99564695
0,0,1.0,6.941289e-10,1.0
1,0,0.7165421,0.59618956,0.43308425
1,1,0.99387604,0.037310094,0.9877521
0,0,0.9998522,0.0014515655,0.99970436
1,0,0.8395339,0.44044197,0.67906785
1,1,1.0,2.763102e-11,1.0
1,1,0.9999794,0.00024312871,0.99995875
1,0,0.9998007,0.0018974917,0.99960136
1,1,1.0,2.763102e-11,1.0
1,0,0.99938655,0.0051504085,0.9987731
1,1,1.0,2.763102e-11,1.0
0,0,0.9973225,0.018532356,0.994645
1,1,0.9999716,0.0003254275,0.99994326
1,1,1.0,2.763102e-11,1.0
0,0,1.0,2.7018707e-10,1.0
1,0,1.0,1.0578366e-09,1.0
0,0,0.99887884,0.008736948,0.9977577
0,0,1.0,3.7463085e-10,1.0
1,1,1.0,2.763102e-11,1.0
1,1,0.9997003,0.002730976,0.9994006
1,1,0.99999166,0.00010592603,0.9999833
1,1,0.52700186,0.6916883,0.054003716
1,0,0.8366325,0.44521207,0.673265
0,0,0.99614227,0.025290314,0.99228454
0,0,0.99894434,0.008290043,0.9978887
1,1,1.0,2.763102e-11,1.0
1,1,0.93842673,0.23127466,0.87685347
0,0,0.98681223,0.07018328,0.97362447
1,1,0.87176967,0.38300875,0.74353933
0,0,0.9989136,0.008500507,0.9978272
0,0,0.9989513,0.008242234,0.99790263
1,1,1.0,2.763102e-11,1.0
0,0,0.9988716,0.008785911,0.99774325
1,1,0.967373,0.14375848,0.934746
1,1,0.9870079,0.06933734,0.97401583
1,1,1.0,2.763102e-11,1.0
1,1,0.9999105,0.00092399376,0.99982095
1,1,0.9645434,0.15322584,0.9290868
1,1,0.9999999,2.0196896e-06,0.99999976
0,0,1.0,2.763102e-11,1.0
1,0,0.99745506,0.017744288,0.9949101
0,0,0.99887365,0.008772156,0.9977473
0,0,0.99999845,2.2634453e-05,0.9999969
1,0,0.99999946,8.267435e-06,0.9999989
0,0,0.9999791,0.0002464177,0.99995816
1,0,1.0,4.0745585e-10,1.0
0,0,0.9916895,0.048085146,0.983379
0,0,0.99999976,3.7938894e-06,0.9999995
1,1,0.99633336,0.024224183,0.9926667
0,0,0.93244505,0.24726799,0.8648901
1,1,0.99998724,0.00015650294,0.9999745
0,0,1.0,2.0013703e-08,1.0
0,0,0.9989528,0.008232238,0.9979056
1,0,1.0,7.3926576e-10,1.0
0,0,0.9998522,0.0014515778,0.99970436
1,1,0.8264185,0.4615199,0.65283704
0,0,0.9981769,0.013320422,0.99635375
0,0,0.9999201,0.0008333789,0.99984026
1,0,0.95785296,0.17470856,0.9157059
0,0,1.0,6.059905e-10,1.0
1,1,1.0,2.763102e-11,1.0
0,0,1.0,2.763102e-11,1.0
1,1,1.0,2.763102e-11,1.0
0,0,0.9989385,0.008330011,0.997877
1,1,1.0,2.763102e-11,1.0
0,0,0.9957069,0.02768425,0.99141383
1,1,1.0,2.763102e-11,1.0
1,1,1.0,2.763102e-11,1.0
1,1,0.999303,0.0057631796,0.99860597
1,1,0.9947265,0.03291951,0.98945296
1,1,1.0,2.763102e-11,1.0
1,1,1.0,2.763102e-11,1.0
1,1,0.99998724,0.00015650294,0.9999745
0,0,0.99785566,0.015318818,0.9957113
0,0,1.0,8.752505e-08,1.0
1,0,0.8841104,0.3586545,0.7682208
0,0,0.95484746,0.18398689,0.9096949
0,0,0.99334884,0.039970923,0.9866977
1,1,0.97757643,0.107326955,0.95515287
1,1,0.9999974,3.632659e-05,0.99999475
1,1,1.0,2.763102e-11,1.0
0,0,0.999978,0.0002579105,0.999956
1,1,0.93842673,0.23127466,0.87685347
0,0,0.99893606,0.0083468985,0.9978721
0,0,1.0,3.83817e-10,1.0
1,1,0.6432682,0.65151453,0.28653646
0,0,0.9989024,0.00857674,0.99780476
0,0,1.0,2.763102e-11,1.0
1,1,1.0,2.763102e-11,1.0
1,1,0.9999999,2.0196896e-06,0.99999976
0,0,0.7873105,0.5174983,0.57462096
0,0,0.99999964,5.930045e-06,0.9999993
0,0,1.0,4.0451809e-10,1.0
1,1,0.99482685,0.032392606,0.9896537
1,0,0.999737,0.002430677,0.99947405
0,0,0.99449414,0.034131754,0.9889883
1,1,0.95394903,0.18671912,0.90789807
0,0,0.9989406,0.008316032,0.9978812
1,1,0.7322004,0.581058,0.46440077
0,0,0.99996537,0.0003900604,0.99993074
1,1,1.0,2.763102e-11,1.0
0,0,1.0,4.332705e-10,1.0
0,0,1.0,2.763102e-11,1.0
1,0,0.99982196,0.0017153285,0.9996439
1,1,1.0,2.763102e-11,1.0
1,1,0.99999976,3.87412e-06,0.9999995
0,0,1.0,3.675866e-10,1.0
0,0,0.9997607,0.0022346068,0.9995214
1,0,0.6661918,0.6368428,0.33238363
0,0,1.0,2.763102e-11,1.0
0,0,0.9999999,1.9413928e-06,0.99999976
0,0,1.0,2.9400393e-10,1.0
0,0,0.9998207,0.0017261505,0.9996414
1,1,0.9999999,2.0196896e-06,0.99999976
1,1,1.0,2.763102e-11,1.0
0,0,1.0,3.146855e-10,1.0
1,1,0.9964809,0.023394333,0.99296176
0,0,1.0,4.6453774e-10,1.0
0,0,0.99894106,0.008312477,0.9978821
0,0,1.0,5.722212e-10,1.0
0,0,0.9594049,0.16983084,0.9188098
0,1,0.999977,0.00026871907,0.999954
0,0,1.0,5.131756e-09,1.0
1,1,1.0,2.763102e-11,1.0
1,1,0.99701,0.02036489,0.99402
0,0,1.0,3.5436112e-10,1.0
1,1,0.9894386,0.058565635,0.9788772
0,0,0.9999856,0.00017532716,0.99997115
1,1,0.8264185,0.4615199,0.65283704
0,0,1.0,8.414061e-09,1.0
1,1,0.8264185,0.4615199,0.65283704
1,1,0.93483645,0.24094494,0.8696729
1,1,0.9641765,0.15443596,0.92835295
1,0,0.998272,0.012717839,0.996544
1,1,0.99995506,0.00049481564,0.9999101
1,1,0.999866,0.0013288808,0.999732
1,1,1.0,2.763102e-11,1.0
1,1,0.99387604,0.037310094,0.9877521
1,1,1.0,2.763102e-11,1.0
0,0,0.99997824,0.00025555238,0.9999565
0,0,1.0,2.6534974e-10,1.0
0,0,0.9879463,0.06523875,0.97589254
0,0,0.9586748,0.17213307,0.9173496
1,0,0.9998205,0.0017280771,0.99964094
0,0,0.97223514,0.12688461,0.9444703
0,0,0.98206073,0.08990698,0.96412146
1,1,0.9969999,0.020423394,0.99399984
1,1,0.9896937,0.05740432,0.9793874
0,0,0.9952256,0.030279713,0.9904512
1,1,0.993722,0.03809202,0.98744404
0,1,0.52259094,0.69212615,0.04518187
1,1,0.99999976,3.87412e-06,0.9999995
1,1,1.0,2.763102e-11,1.0
1,0,0.99548566,0.028883714,0.9909713
1,0,0.9999731,0.00030975448,0.99994624
0,0,0.99999994,7.7272085e-07,0.9999999
0,0,1.0,3.6257217e-10,1.0
0,0,1.0,2.7277893e-09,1.0
0,0,0.9979034,0.015025061,0.9958068
1,1,0.9999999,2.0196896e-06,0.99999976
1,1,0.87567407,0.3754564,0.75134814
1,1,1.0,2.763102e-11,1.0
1,1,1.0,2.763102e-11,1.0
1,1,0.974703,0.11799307,0.949406
0,0,1.0,3.8376924e-10,1.0
1,1,1.0,2.763102e-11,1.0
1,1,0.98336905,0.084620394,0.9667381
1,1,0.96423787,0.15423375,0.92847574
0,0,1.0,1.9761037e-08,1.0
0,0,0.980946,0.09433421,0.961892
0,0,1.0,3.438738e-10,1.0
0,0,0.9276457,0.2596867,0.85529137
0,0,1.0,8.428524e-09,1.0
1,1,0.98315626,0.08548713,0.9663125
1,1,0.9945937,0.033613678,0.98918736
1,1,1.0,2.763102e-11,1.0
1,0,0.99999785,3.0196696e-05,0.9999957
0,0,0.9951771,0.030538457,0.9903542
0,0,0.9984322,0.011691304,0.99686444
0,0,1.0,4.408144e-08,1.0
1,0,0.99994373,0.00060708163,0.99988747
0,0,1.0,5.7627625e-10,1.0
0,0,0.9989274,0.008405907,0.9978548
1,1,1.0,2.763102e-11,1.0
0,0,0.9761958,0.11249604,0.9523916
0,0,1.0,1.8020928e-09,1.0
1,1,0.93842673,0.23127466,0.87685347
1,0,0.9997852,0.0020290606,0.99957037
0,0,0.98575974,0.07468345,0.9715195
1,1,0.9539927,0.18658668,0.90798545
1,1,0.9999994,9.1391485e-06,0.9999988
0,0,1.0,4.3129716e-10,1.0
0,0,0.99998534,0.000177678,0.9999707
1,1,0.9434874,0.21726197,0.8869748
1,1,0.9909389,0.051641196,0.9818778
1,1,1.0,2.763102e-11,1.0
0,0,0.9999989,1.5593343e-05,0.99999785
1,0,0.7645534,0.5457742,0.52910686
0,0,0.99985236,0.0014500911,0.9997047
0,0,1.0,2.763102e-11,1.0
0,0,1.0,2.763102e-11,1.0
1,1,1.0,2.763102e-11,1.0
1,0,1.0,1.0319424e-09,1.0
1,1,1.0,2.763102e-11,1.0
1,0,1.0,2.5959307e-07,1.0
0,0,1.0,1.5939057e-07,1.0
1,1,0.94800276,0.20435454,0.8960055
0,0,1.0,1.6598884e-08,1.0
1,1,0.9998752,0.0012467032,0.9997504
1,1,0.9946689,0.03322089,0.9893378
1,1,1.0,2.763102e-11,1.0
1,0,0.9998219,0.0017155515,0.9996438
1,1,0.9705861,0.13269882,0.94117224
1,1,0.99999774,3.1705014e-05,0.99999547
0,0,1.0,3.353975e-10,1.0
0,0,0.99999976,3.6608421e-06,0.9999995
1,1,0.98412883,0.08150278,0.96825767
0,0,0.998936,0.008347269,0.997872
1,1,1.0,2.763102e-11,1.0
1,1,0.9999999,2.0196896e-06,0.99999976
0,0,0.99985224,0.0014510927,0.9997045
0,0,0.99997586,0.00028073095,0.9999517
1,1,0.8604104,0.4042178,0.7208208
0,0,0.9938319,0.037534658,0.98766375
0,1,0.99661726,0.022621667,0.9932345
1,1,1.0,2.763102e-11,1.0
1,0,0.99999744,3.5804664e-05,0.9999949
1,1,0.93842673,0.23127466,0.87685347
1,1,0.9945937,0.033613678,0.98918736
0,0,0.99894184,0.008307263,0.9978837
1,1,0.9937184,0.038110435,0.9874368
0,0,1.0,1.2362787e-08,1.0
0,0,1.0,2.8194877e-10,1.0
0,0,0.999983,0.00020372354,0.999966
1,1,0.8418936,0.43651646,0.6837872
1,1,0.993869,0.037345886,0.987738
0,0,0.98779094,0.06592227,0.9755819
1,0,0.6661918,0.6368428,0.33238363
0,0,1.0,3.7140265e-07,1.0
0,0,1.0,2.7154662e-10,1.0
1,1,0.9999999,2.0196896e-06,0.99999976
1,0,0.9813894,0.09258139,0.9627788
0,0,1.0,4.7086995e-10,1.0
1,0,0.995641,0.028042825,0.991282
1,1,0.9999999,2.0196896e-06,0.99999976
1,1,0.99520123,0.030409768,0.99040246
1,1,1.0,2.763102e-11,1.0
1,1,0.94800276,0.20435454,0.8960055
1,1,0.99482286,0.032413606,0.9896457
1,1,1.0,2.763102e-11,1.0
1,0,0.90702295,0.30937207,0.8140459
0,0,1.0,2.968381e-10,1.0
0,0,1.0,2.1778153e-08,1.0
0,0,1.0,4.0829953e-10,1.0
1,1,1.0,2.763102e-11,1.0
1,0,0.99899626,0.007932929,0.9979925
0,0,1.0,2.763102e-11,1.0
0,0,0.96847826,0.13999268,0.9369565
1,1,0.7599838,0.55109864,0.51996756
1,1,1.0,2.763102e-11,1.0
0,0,0.99980706,0.0018431556,0.9996141
1,1,1.0,2.763102e-11,1.0
1,0,0.9998219,0.0017157147,0.9996438
1,1,0.9351431,0.24012737,0.8702862
1,1,0.99991,0.0009284371,0.99982
0,0,0.9988366,0.009023214,0.99767315
0,0,1.0,4.827353e-10,1.0
1,0,0.9995495,0.003921648,0.999099
0,0,1.0,6.123454e-10,1.0
0,0,0.99999577,5.6568264e-05,0.99999154
0,0,0.9989371,0.0083401175,0.99787414
1,1,1.0,2.763102e-11,1.0
0,0,0.99895906,0.008189006,0.9979181
1,1,0.8830633,0.36077678,0.76612663
1,1,1.0,2.763102e-11,1.0
1,0,0.9999999,1.9327872e-06,0.99999976
1,1,1.0,2.763102e-11,1.0
1,1,0.9995009,0.0042937077,0.99900174
1,0,0.81678784,0.4762295,0.6335757
1,1,0.99990225,0.0010002954,0.9998045
1,0,0.99999964,5.556625e-06,0.9999993
0,0,1.0,2.763102e-11,1.0
0,0,1.0,3.8461467e-10,1.0
0,0,0.9998512,0.0014599623,0.99970245
1,0,1.0,2.763102e-11,1.0
1,1,1.0,2.763102e-11,1.0
1,1,0.99999976,3.87412e-06,0.9999995
0,0,0.98536277,0.076360054,0.97072554
1,0,0.99999994,7.599622e-07,0.9999999
1,1,0.96267277,0.15935487,0.92534554
0,0,1.0,3.0685615e-10,1.0
1,1,1.0,2.763102e-11,1.0
0,0,0.99985236,0.0014501198,0.9997047
0,0,0.9989591,0.0081888735,0.99791825
1,1,0.999984,0.00019239997,0.99996805
1,1,1.0,2.763102e-11,1.0
1,0,0.9997852,0.002029256,0.99957037
0,0,0.9999998,3.3692938e-06,0.99999964
1,0,0.9998217,0.0017173954,0.99964345
1,1,1.0,2.763102e-11,1.0
0,0,0.9989375,0.008337046,0.997875
1,1,0.9916224,0.04840577,0.9832448
1,1,0.9907357,0.052592836,0.9814714
1,1,0.99998724,0.00015650294,0.9999745
0,0,1.0,4.637979e-10,1.0
0,0,1.0,2.763102e-11,1.0
1,0,0.99970925,0.0026585013,0.9994185
1,1,1.0,2.763102e-11,1.0
0,0,0.9818632,0.090696536,0.9637264
1,1,1.0,2.763102e-11,1.0
0,0,0.99978346,0.0020434733,0.9995669
1,1,1.0,2.763102e-11,1.0
1,0,0.9796605,0.09935741,0.959321
0,0,0.998906,0.008552192,0.99781203
0,0,0.97171396,0.12873277,0.9434279
1,1,0.93551105,0.23914441,0.8710221
0,0,0.99675214,0.021852009,0.9935043
1,1,0.99904627,0.0075866184,0.99809253
0,0,1.0,2.9556754e-10,1.0
0,0,1.0,4.164441e-10,1.0
0,0,1.0,2.763102e-11,1.0
1,1,1.0,2.763102e-11,1.0
1,0,0.99955326,0.0038926478,0.9991065
0,0,0.9999988,1.7352675e-05,0.9999976
1,1,0.9460873,0.20987862,0.8921746
1,0,0.99999994,1.194015e-06,0.9999999
1,0,0.9999978,3.0898922e-05,0.9999956
0,0,0.9989585,0.008192996,0.99791706
0,0,1.0,7.904721e-09,1.0
0,0,1.0,2.9720476e-10,1.0
0,0,1.0,1.190946e-09,1.0
1,1,1.0,2.763102e-11,1.0
0,0,1.0,2.763102e-11,1.0
0,0,1.0,5.609768e-10,1.0
1,1,0.99998844,0.00014301106,0.9999769
1,1,0.9999285,0.0007542672,0.99985695
1,0,0.6562507,0.6434911,0.3125014
1,1,0.99985003,0.0014704145,0.99970007
0,0,1.0,3.045344e-10,1.0
1,1,1.0,2.763102e-11,1.0
0,0,0.99891156,0.008514199,0.9978231
0,0,1.0,2.7923916e-10,1.0
1,1,1.0,2.763102e-11,1.0
0,0,0.9986721,0.010123213,0.99734426
0,0,1.0,2.763102e-11,1.0
0,0,0.9989395,0.008323301,0.997879
1,1,0.9736487,0.12182051,0.94729745
0,0,0.99973184,0.0024732875,0.9994637
0,0,1.0,3.9151704e-10,1.0
1,0,1.0,9.109426e-11,1.0
0,0,1.0,4.30633e-10,1.0
1,1,1.0,2.763102e-11,1.0
1,1,0.99466234,0.03325517,0.9893247
1,1,0.9998271,0.001670796,0.9996542
1,0,0.9921821,0.045714702,0.98436415
0,0,1.0,6.706273e-09,1.0
1,0,0.78570694,0.5195894,0.5714139
0,0,0.998948,0.008265084,0.99789596
1,1,1.0,2.763102e-11,1.0
1,1,1.0,2.763102e-11,1.0
1,1,0.93842673,0.23127466,0.87685347
0,0,1.0,2.763102e-11,1.0
1,1,0.93842673,0.23127466,0.87685347
1,1,0.9758598,0.11374151,0.95171964
1,0,1.0,6.346528e-11,1.0
0,0,1.0,4.4913512e-10,1.0
1,1,0.8085757,0.48828167,0.6171514
0,0,1.0,2.763102e-11,1.0
1,1,0.993869,0.037345886,0.987738
0,0,0.9989427,0.008301597,0.99788535
0,0,1.0,3.5706466e-10,1.0
1,0,0.99999994,1.2140426e-06,0.9999999
0,0,0.9989596,0.008185483,0.9979192
1,1,0.99999034,0.00012116223,0.9999807
0,0,0.9999981,2.6739423e-05,0.9999962
0,0,1.0,3.9534578e-10,1.0
0,0,0.9989434,0.008296716,0.9978868
0,0,1.0,3.1727562e-10,1.0
1,1,0.91657627,0.2870527,0.83315253
1,1,0.8460979,0.4294184,0.6921958
0,0,1.0,1.993121e-09,1.0
0,0,1.0,4.0626196e-09,1.0
1,0,0.99999994,1.197969e-06,0.9999999
0,0,1.0,3.2661124e-08,1.0
1,1,1.0,2.763102e-11,1.0
1,1,0.7312384,0.58202314,0.46247685
0,0,1.0,9.724922e-10,1.0
0,0,1.0,1.1105713e-09,1.0
0,0,0.94620717,0.20953512,0.89241433
0,0,1.0,3.4480066e-10,1.0
0,0,0.9998827,0.0011790782,0.9997654
0,0,0.99904615,0.0075873598,0.9980923
1,1,1.0,2.763102e-11,1.0
1,1,1.0,2.763102e-11,1.0
0,0,0.9923507,0.04489604,0.9847014
1,1,1.0,2.763102e-11,1.0
0,0,1.0,1.1138003e-09,1.0
1,1,0.99999976,3.87412e-06,0.9999995
1,0,0.99982196,0.0017150046,0.9996439
0,0,1.0,5.9378973e-09,1.0
1,1,0.99077445,0.05241173,0.9815489
1,1,1.0,2.763102e-11,1.0
1,0,0.6645211,0.6379911,0.32904217
1,1,0.8748361,0.37708902,0.7496722
0,0,0.9989486,0.008261075,0.99789715
1,1,0.99999964,5.6661747e-06,0.9999993
0,1,0.79377365,0.50891376,0.5875473
1,0,1.0,1.2259432e-07,1.0
1,1,1.0,2.763102e-11,1.0
0,0,1.0,2.763102e-11,1.0
1,1,0.9999995,7.417722e-06,0.99999905
1,1,1.0,2.763102e-11,1.0
1,1,0.9999999,2.0196896e-06,0.99999976
1,1,0.9999999,2.0196896e-06,0.99999976
0,0,0.9999505,0.00054009445,0.99990106
1,1,0.9999999,2.0196896e-06,0.99999976
1,1,0.55857605,0.68626904,0.117152095
1,0,0.9994097,0.004979154,0.99881935
1,1,0.9502266,0.19784747,0.9004532
1,1,0.86705554,0.3919459,0.7341111
1,1,0.95699996,0.17736396,0.9139999
0,0,1.0,2.763102e-11,1.0
0,0,1.0,4.1515555e-10,1.0
1,1,1.0,2.763102e-11,1.0
0,0,0.99894136,0.008310404,0.9978827
1,1,1.0,2.763102e-11,1.0
0,0,0.9998207,0.0017261505,0.9996414
1,1,0.9961243,0.025389904,0.99224865
0,0,0.9989581,0.008195788,0.9979162
1,1,0.9936041,0.038687997,0.98720825
1,0,0.99512726,0.030803677,0.9902545
0,0,0.9831918,0.08534257,0.9663836
0,0,0.9989584,0.008193575,0.9979168
0,0,0.99894714,0.008270938,0.9978943
1,1,1.0,2.763102e-11,1.0
0,0,0.99893695,0.008340621,0.9978739
1,1,0.9981989,0.013181104,0.99639785
1,0,0.9214313,0.27525967,0.8428626
0,0,1.0,4.0800066e-10,1.0
1,1,0.99667263,0.022306379,0.99334526
0,0,1.0,3.0834735e-10,1.0
1,1,1.0,2.763102e-11,1.0
1,1,0.86705554,0.3919459,0.7341111
1,1,0.93842673,0.23127466,0.87685347
0,0,1.0,1.1629427e-09,1.0
1,1,1.0,2.763102e-11,1.0
1,1,1.0,2.763102e-11,1.0
1,1,1.0,2.763102e-11,1.0
0,0,1.0,5.4522292e-08,1.0
1,0,0.95622545,0.17975971,0.9124509
0,0,1.0,3.095803e-10,1.0
1,1,0.93842673,0.23127466,0.87685347
0,0,1.0,1.3341678e-09,1.0
0,0,0.9989492,0.008256641,0.99789846
0,0,1.0,4.3192636e-09,1.0
1,0,0.9998891,0.0011209872,0.99977815
0,0,0.9999997,4.768623e-06,0.9999994
1,0,0.99899626,0.007932929,0.9979925
1,1,1.0,2.763102e-11,1.0
0,0,1.0,2.8423333e-09,1.0
1,0,0.98998696,0.056061406,0.9799739
1,1,0.9999999,2.0196896e-06,0.99999976
1,1,0.9960859,0.025603049,0.99217176
1,0,0.6008027,0.67268485,0.20160544
0,0,1.0,1.7843933e-09,1.0
1,0,0.9999997,4.502076e-06,0.9999994
0,0,1.0,3.122131e-10,1.0
1,1,0.99387604,0.037310094,0.9877521
0,0,0.998918,0.00847018,0.997836
0,0,0.99999994,9.0280946e-07,0.9999999
0,0,0.94583696,0.21059528,0.8916739
0,0,0.99894196,0.0083063925,0.9978839
1,1,1.0,2.763102e-11,1.0
1,1,0.9757958,0.113978244,0.9515916
1,1,0.7936181,0.5091233,0.58723617
0,0,0.9998522,0.0014513198,0.99970436
1,1,1.0,2.763102e-11,1.0
1,1,0.9930027,0.041694917,0.9860054
1,1,0.93842673,0.23127466,0.87685347
0,0,0.973295,0.123095006,0.94658995
1,1,1.0,2.763102e-11,1.0
1,1,0.93842673,0.23127466,0.87685347
1,0,0.99899626,0.007932929,0.9979925
1,1,0.9951711,0.030570246,0.99034226
1,0,0.77131605,0.5376812,0.5426321
1,1,1.0,2.763102e-11,1.0
1,1,0.9785091,0.10378595,0.95701826
1,1,0.9999931,8.9067515e-05,0.9999862
0,0,0.99895304,0.008230392,0.9979061
0,0,0.9989398,0.008321118,0.9978796
1,1,1.0,2.763102e-11,1.0
0,0,0.9998522,0.0014515843,0.99970436
1,1,1.0,2.763102e-11,1.0
1,1,0.99999917,1.2514034e-05,0.99999833
0,0,1.0,1.4847714e-09,1.0
1,0,0.99899626,0.007932929,0.9979925
1,1,1.0,2.763102e-11,1.0
1,1,0.9942654,0.035315875,0.98853076
1,1,0.99387604,0.037310094,0.9877521
0,0,1.0,3.8276585e-10,1.0
1,1,0.9936242,0.038586613,0.9872484
1,0,0.8194839,0.47217524,0.63896775
0,0,0.99896026,0.008180902,0.9979205
0,0,1.0,8.41103e-09,1.0
0,0,0.9998521,0.0014518389,0.99970424
1,1,1.0,2.763102e-11,1.0
1,0,1.0,7.454025e-10,1.0
1,1,1.0,2.763102e-11,1.0
1,1,0.8441688,0.432692,0.68833756
1,1,1.0,2.763102e-11,1.0
1,1,1.0,2.763102e-11,1.0
1,0,0.9998217,0.0017169581,0.99964345
1,0,0.99899626,0.007932929,0.9979925
0,0,0.99895054,0.008247816,0.9979011
1,1,0.99999857,2.0681588e-05,0.99999714
0,0,0.9978718,0.01521943,0.99574363
0,0,1.0,2.678742e-09,1.0
0,0,1.0,2.763102e-11,1.0
0,0,1.0,2.763102e-11,1.0
1,1,0.8264185,0.4615199,0.65283704
1,1,0.7326285,0.58062685,0.46525705
0,0,1.0,4.6424875e-10,1.0
0,0,1.0,4.520239e-10,1.0
1,0,0.5745698,0.68198425,0.14913961
0,0,0.99895984,0.008183671,0.9979197
1,1,1.0,2.763102e-11,1.0
0,0,0.9998522,0.0014513396,0.99970436
1,1,0.9373795,0.23411791,0.87475896
0,0,0.99944955,0.004681251,0.9988991
1,1,0.9811218,0.09364065,0.96224356
1,1,0.95558065,0.18174328,0.9111613
1,1,0.9999994,9.1391485e-06,0.9999988
1,0,1.0,1.1349743e-09,1.0
0,0,0.9684937,0.13993987,0.9369874
0,0,0.65868104,0.64190644,0.3173621
1,1,0.8441688,0.432692,0.68833756
0,0,0.9995762,0.0037147903,0.9991524
0,0,0.99756587,0.017080083,0.99513173
1,0,0.9572195,0.17668223,0.91443896
1,1,0.95047253,0.19712153,0.90094507
0,0,1.0,3.283217e-10,1.0
0,0,1.0,7.776904e-10,1.0
1,0,0.99899626,0.007932929,0.9979925
1,0,0.9769374,0.109730035,0.9538748
1,0,0.6661918,0.6368428,0.33238363
0,0,1.0,2.763102e-11,1.0
1,1,0.9945937,0.033613678,0.98918736
1,1,1.0,2.763102e-11,1.0
1,1,0.8264185,0.4615199,0.65283704
1,1,0.99999964,5.6661747e-06,0.9999993
1,1,1.0,2.763102e-11,1.0
0,0,0.9989487,0.008260186,0.9978974
0,1,0.9999846,0.00018580566,0.99996924
0,0,1.0,3.7114228e-10,1.0
0,0,0.99975055,0.0023188454,0.9995011
1,1,0.6151511,0.66638803,0.23030221
1,0,0.9997834,0.0020440842,0.9995668
0,0,0.9988234,0.009112366,0.9976468
0,0,1.0,4.6342874e-10,1.0
0,0,0.99831134,0.012467431,0.9966227
0,0,1.0,2.763102e-11,1.0
1,1,0.5129908,0.6928096,0.025981545
1,1,0.86425275,0.39716774,0.7285055
1,1,0.93842673,0.23127466,0.87685347
0,0,0.9987132,0.009850325,0.9974264
1,0,0.9998512,0.0014599623,0.99970245
0,0,0.9998522,0.0014514585,0.99970436
1,0,0.9994937,0.0043479456,0.99898744
1,1,0.9999956,5.8801677e-05,0.9999912
0,0,0.9827717,0.08704668,0.9655434
0,0,0.99050444,0.05367057,0.9810089
0,0,0.9998522,0.0014514773,0.99970436
0,0,1.0,4.3996887e-10,1.0
0,0,0.9998522,0.0014514962,0.99970436
1,0,0.78169197,0.52475816,0.56338394
1,0,1.0,1.7057541e-10,1.0
0,0,1.0,3.2298326e-09,1.0
0,0,1.0,2.8646416e-10,1.0
0,0,1.0,7.956542e-10,1.0
1,1,1.0,2.763102e-11,1.0
1,1,0.5482257,0.6884885,0.0964514
0,0,0.99893916,0.008325744,0.9978783
0,0,1.0,4.4066517e-10,1.0
0,0,0.9989287,0.00839696,0.99785745
1,1,0.99931204,0.0056972736,0.9986241
1,1,1.0,2.763102e-11,1.0
0,0,0.9997611,0.0022309958,0.9995222
1,1,0.99995863,0.00045887052,0.99991727
1,1,0.9999999,2.0196896e-06,0.99999976
1,0,0.86209637,0.40113968,0.72419274
0,0,0.9999942,7.5224045e-05,0.99998844
0,0,0.9989334,0.008365151,0.99786675
1,1,0.9495297,0.19989766,0.8990594
0,0,1.0,3.2215983e-10,1.0
0,0,0.99895763,0.008198967,0.99791527
1,1,0.9999995,7.417722e-06,0.99999905
0,0,1.0,5.974967e-09,1.0
1,0,0.6661918,0.6368428,0.33238363
1,0,0.9993108,0.005706522,0.9986216
1,1,0.8452311,0.43089277,0.69046223
1,1,1.0,2.763102e-11,1.0
0,0,0.9999998,2.6782131e-06,0.99999964
1,1,0.9998729,0.0012670418,0.99974585
0,0,1.0,2.763102e-11,1.0
0,0,1.0,3.488759e-10,1.0
1,1,1.0,2.763102e-11,1.0
1,1,0.9937184,0.038110435,0.9874368
1,1,0.99999845,2.2281009e-05,0.9999969
0,0,0.99896103,0.008175529,0.99792206
1,1,0.99999964,5.6661747e-06,0.9999993
1,1,1.0,2.763102e-11,1.0
1,1,0.997931,0.014854684,0.995862
1,1,0.9999999,2.0196896e-06,0.99999976
0,0,1.0,3.0849423e-10,1.0
1,1,0.9314029,0.24999481,0.86280584
1,1,1.0,2.763102e-11,1.0
1,1,0.98556674,0.07549995,0.9711335
1,1,0.9999876,0.00015246759,0.9999752
0,0,1.0,3.8294644e-08,1.0
0,0,0.99895734,0.0082010245,0.9979147
1,1,1.0,2.763102e-11,1.0
0,0,0.9989508,0.008246187,0.99790156
1,1,0.9829815,0.08619692,0.965963
1,1,0.99987006,0.0012926748,0.9997401
1,0,0.99899626,0.007932929,0.9979925
0,0,0.9999982,2.569106e-05,0.9999964
1,1,1.0,2.763102e-11,1.0
1,1,0.9999999,2.0196896e-06,0.99999976
1,1,1.0,2.763102e-11,1.0
1,1,1.0,2.763102e-11,1.0
1,1,0.99910766,0.007157661,0.9982153
0,0,1.0,2.763102e-11,1.0
1,1,1.0,2.763102e-11,1.0
0,0,1.0,2.763102e-11,1.0
1,0,0.99999964,5.709527e-06,0.9999993
1,1,0.8793765,0.3681655,0.75875294
0,0,1.0,3.1987943e-10,1.0
0,0,0.9986277,0.0104163345,0.99725544
1,1,0.93851316,0.23103917,0.8770263
1,0,0.9966196,0.022608478,0.99323916
1,0,0.9968683,0.021184735,0.9937366
0,0,1.0,1.3433703e-07,1.0
1,1,1.0,2.763102e-11,1.0
1,1,0.9608465,0.16524458,0.92169297
1,1,1.0,2.763102e-11,1.0
0,0,0.9998522,0.0014513198,0.99970436
1,0,0.99899626,0.007932929,0.9979925
1,0,0.910071,0.30237347,0.82014203
0,0,0.9989593,0.008187618,0.9979186
0,0,0.9999695,0.0003480192,0.99993896
1,0,0.6661918,0.6368428,0.33238363
0,0,1.0,5.2030673e-09,1.0
1,0,0.71457934,0.59800035,0.4291587
1,1,1.0,2.763102e-11,1.0
0,0,1.0,1.3632644e-09,1.0
0,0,1.0,3.08042e-10,1.0
0,0,1.0,3.1707523e-10,1.0
1,1,0.53396314,0.6908384,0.06792629
1,1,0.99999964,5.6661747e-06,0.9999993
0,0,0.99415153,0.035901673,0.98830307
1,1,1.0,2.763102e-11,1.0
1,1,0.93842673,0.23127466,0.87685347
0,1,0.9704213,0.13327457,0.9408426
1,1,0.9999739,0.00030162008,0.9999478
0,1,0.83393407,0.44959307,0.66786814
1,0,0.9999996,6.69803e-06,0.99999917
1,1,1.0,2.763102e-11,1.0
0,0,0.9989428,0.008300892,0.9978856
0,0,0.9998217,0.0017173293,0.99964345
1,0,1.0,1.04473256e-10,1.0
1,1,0.93842673,0.23127466,0.87685347
0,1,0.86238074,0.40061814,0.7247615
1,1,0.99387604,0.037310094,0.9877521
1,0,0.9998512,0.0014599623,0.99970245
0,0,1.0,2.908498e-10,1.0
0,0,1.0,4.376189e-10,1.0
1,0,0.9999999,1.7152398e-06,0.99999976
0,0,0.99753076,0.017291214,0.9950615
1,0,0.9998524,0.0014494734,0.99970484
0,0,0.9989524,0.008235023,0.9979048
0,0,1.0,2.763102e-11,1.0
0,0,1.0,4.660927e-10,1.0
1,1,1.0,2.763102e-11,1.0
1,1,0.9862066,0.0727828,0.9724132
0,0,0.9988454,0.008963829,0.9976908
0,0,0.5087813,0.6929929,0.017562598
0,0,0.9989213,0.008448131,0.99784255
1,1,1.0,2.763102e-11,1.0
0,0,1.0,3.3479863e-10,1.0
1,1,0.9941426,0.03594758,0.9882852
1,1,0.993869,0.037345886,0.987738
0,0,1.0,4.511808e-10,1.0
0,0,0.9998522,0.0014516438,0.99970436
1,0,0.83767027,0.44351298,0.67534053
0,0,0.95925736,0.17029709,0.9185147
0,0,1.0,2.763102e-11,1.0
0,0,1.0,1.3102447e-09,1.0
1,1,0.99224263,0.04542111,0.98448527
0,0,1.0,3.870622e-10,1.0
1,1,0.98699576,0.069389984,0.9739915
0,0,0.9989577,0.008198675,0.9979154
1,0,0.9987198,0.009806245,0.9974396
1,1,0.99867153,0.010127,0.99734306
0,0,0.9989499,0.008252093,0.9978998
0,0,1.0,1.3182482e-09,1.0
0,0,0.998943,0.008299632,0.99788594
1,0,0.99881405,0.009175419,0.9976281
0,0,1.0,3.2591134e-09,1.0
1,0,0.9968683,0.021184735,0.9937366
0,0,0.9989355,0.008350593,0.99787104
1,1,0.9633218,0.15723962,0.9266436
1,1,0.99999857,2.0681588e-05,0.99999714
0,0,0.9806807,0.095377915,0.9613614
1,0,0.66619027,0.63684386,0.33238053
1,1,0.8983176,0.328764,0.79663515
0,0,1.0,8.371019e-10,1.0
0,0,1.0,2.763102e-11,1.0
1,1,1.0,2.763102e-11,1.0
0,0,1.0,2.763102e-11,1.0
1,1,0.9997769,0.002098877,0.9995538
1,1,0.99500054,0.031476203,0.9900011
1,1,1.0,2.763102e-11,1.0
0,0,0.9998522,0.0014516537,0.99970436
1,0,1.0,2.763102e-11,1.0
0,0,0.99998623,0.00016811516,0.99997246
0,0,1.0,3.0770425e-10,1.0
0,0,0.99895436,0.008221415,0.9979087
0,0,1.0,2.9322147e-10,1.0
0,0,0.9989454,0.008282672,0.99789083
1,0,1.0,2.2117164e-10,1.0
0,0,0.99892175,0.008444643,0.9978435
1,1,1.0,2.763102e-11,1.0
0,0,0.9998522,0.0014513307,0.99970436
0,0,0.9999914,0.00010845096,0.99998283
0,0,0.9998522,0.0014512977,0.99970436
1,1,0.98562336,0.07526067,0.9712467
1,1,0.95260704,0.19076625,0.9052141
0,0,1.0,5.465096e-10,1.0
1,0,0.5058464,0.6930789,0.011692792
1,1,1.0,2.763102e-11,1.0
1,0,1.0,2.763102e-11,1.0
0,0,1.0,2.8330513e-10,1.0
1,0,0.9999951,6.4689644e-05,0.9999902
1,1,0.9999995,7.417722e-06,0.99999905
1,1,1.0,2.763102e-11,1.0
0,0,1.0,6.6070585e-09,1.0
1,1,0.93842673,0.23127466,0.87685347
0,0,0.93797225,0.23251088,0.8759445
1,0,0.6661918,0.6368428,0.33238363
1,1,0.9959006,0.026625196,0.99180114
0,0,1.0,3.111326e-10,1.0
1,1,0.9992362,0.0062452704,0.99847245
1,1,0.9999331,0.0007097346,0.99986625
1,1,1.0,2.763102e-11,1.0
0,0,1.0,3.954225e-10,1.0
0,0,0.99760747,0.016829614,0.99521494
0,0,1.0,4.3088527e-10,1.0
0,0,1.0,1.7547595e-07,1.0
0,0,0.9989277,0.008404102,0.9978554
1,1,0.9796816,0.09927565,0.9593632
0,0,1.0,9.536553e-10,1.0
1,1,1.0,2.763102e-11,1.0
1,1,0.9495297,0.19989766,0.8990594
1,1,0.9980611,0.014046552,0.99612224
1,1,0.9936041,0.038687997,0.98720825
1,1,0.9999999,2.0196896e-06,0.99999976
1,1,1.0,2.763102e-11,1.0
1,1,0.5499941,0.68814003,0.09998822
1,1,0.9999994,9.1391485e-06,0.9999988
1,1,1.0,2.763102e-11,1.0
1,1,1.0,2.763102e-11,1.0
1,1,0.9552412,0.18278357,0.9104824
1,1,0.9937184,0.038110435,0.9874368
0,0,1.0,1.8328863e-09,1.0
0,0,0.99998724,0.00015666304,0.9999745
0,0,1.0,7.492664e-09,1.0
0,0,1.0,4.0699942e-07,1.0
0,0,0.9989625,0.008165572,0.99792504
1,1,0.97337604,0.12280335,0.9467521
1,1,0.98698723,0.06942688,0.97397447
1,1,0.9890203,0.060456444,0.9780406
1,1,1.0,2.763102e-11,1.0
1,1,1.0,2.763102e-11,1.0
1,0,0.9999932,8.776735e-05,0.9999864
0,0,1.0,3.0681516e-10,1.0
1,1,0.93488675,0.24081093,0.8697735
0,0,0.99675506,0.02183532,0.9935101
0,0,0.99893767,0.008335914,0.99787533
0,0,0.9989345,0.008357574,0.997869
0,0,1.0,7.1580617e-09,1.0
1,1,0.993869,0.037345886,0.987738
0,0,0.9989444,0.0082897805,0.9978888
1,1,0.9999999,2.0196896e-06,0.99999976
0,0,0.99999994,7.1339724e-07,0.9999999
1,1,0.99999833,2.3871251e-05,0.99999666
0,0,1.0,4.1237666e-10,1.0
1,1,1.0,2.763102e-11,1.0
1,0,1.0,4.027392e-11,1.0
0,0,0.9989531,0.008230052,0.9979062
1,1,0.93842673,0.23127466,0.87685347
0,0,0.9998205,0.0017280667,0.99964094
0,0,1.0,3.4190926e-09,1.0
0,0,0.9989348,0.008355591,0.9978696
0,0,1.0,3.3596484e-07,1.0
0,0,1.0,2.74694e-10,1.0
1,1,0.99309546,0.041234728,0.9861909
1,1,1.0,2.763102e-11,1.0
1,1,0.86839813,0.3894205,0.73679626
1,1,0.9999989,1.581984e-05,0.99999785
0,0,1.0,3.0480893e-10,1.0
1,1,0.999303,0.0057631796,0.99860597
1,1,0.9999988,1.7452001e-05,0.9999976
1,1,0.9572143,0.17669839,0.9144286
1,0,0.89056087,0.3453411,0.78112173
1,1,0.88792354,0.3508348,0.7758471
1,0,0.7776226,0.52990055,0.55524516
0,0,0.9989521,0.008237152,0.9979042
1,1,0.99998724,0.00015650294,0.9999745
1,1,1.0,2.763102e-11,1.0
0,0,1.0,5.666686e-10,1.0
1,1,0.99936634,0.005299708,0.9987327
1,0,1.0,2.0519393e-10,1.0
1,1,0.9638622,0.1554694,0.92772436
0,0,1.0,2.763102e-11,1.0
1,1,0.9997441,0.0023722027,0.99948823
1,1,0.9999982,2.5452973e-05,0.9999964
1,1,1.0,2.763102e-11,1.0
1,1,1.0,2.763102e-11,1.0
1,1,1.0,2.763102e-11,1.0
1,1,1.0,2.763102e-11,1.0
1,1,1.0,2.763102e-11,1.0
1,0,0.9995696,0.0037661076,0.9991392
0,0,0.99889505,0.008626764,0.9977901
1,0,0.8408113,0.43832207,0.6816226
0,0,0.99973714,0.002429875,0.9994743
1,0,1.0,2.763102e-11,1.0
1,1,1.0,2.763102e-11,1.0
0,0,1.0,2.763102e-11,1.0
1,1,1.0,2.763102e-11,1.0
1,1,0.9385729,0.23087636,0.87714577
1,1,1.0,2.763102e-11,1.0
1,1,0.8354857,0.44708037,0.6709714
1,0,0.8490916,0.4242816,0.6981832
1,0,1.0,2.763102e-11,1.0
0,1,0.9265092,0.26257637,0.8530184
1,1,1.0,2.763102e-11,1.0
0,0,1.0,3.5086953e-10,1.0
1,1,1.0,2.763102e-11,1.0
0,0,0.99893546,0.008350964,0.9978709
1,1,0.9892783,0.059292056,0.97855663
1,1,1.0,2.763102e-11,1.0
1,1,1.0,2.763102e-11,1.0
0,0,1.0,6.2625444e-10,1.0
0,0,0.9989309,0.008382396,0.99786174
1,1,1.0,2.763102e-11,1.0
0,0,1.0,4.846091e-10,1.0
0,0,1.0,2.763102e-11,1.0
0,0,0.9998521,0.0014518489,0.99970424
1,1,0.9972584,0.018910978,0.99451685
1,1,0.9999999,2.0196896e-06,0.99999976
0,0,1.0,2.7354963e-10,1.0
1,1,1.0,2.763102e-11,1.0
0,0,0.6156474,0.6661548,0.23129475
1,1,1.0,2.763102e-11,1.0
1,1,1.0,2.763102e-11,1.0
0,0,1.0,3.0376568e-10,1.0
0,0,0.62521577,0.6614529,0.25043154
0,0,0.99985117,0.0014604131,0.99970233
1,1,0.99792624,0.01488414,0.9958525
0,0,1.0,3.1159336e-10,1.0
1,1,0.9985349,0.011024906,0.99706984
1,1,0.9975942,0.016909705,0.99518836
0,0,1.0,5.7404743e-09,1.0
1,1,0.93842673,0.23127466,0.87685347
1,1,0.8354857,0.44708037,0.6709714
0,0,1.0,1.394771e-09,1.0
0,0,1.0,5.5378893e-09,1.0
0,0,1.0,4.3049664e-10,1.0
0,0,0.9989477,0.008267242,0.99789536
1,1,0.93842673,0.23127466,0.87685347
1,0,0.99999964,5.893291e-06,0.9999993
1,1,0.99520004,0.030416127,0.9904001
1,0,1.0,2.763102e-11,1.0
0,0,1.0,3.1957903e-10,1.0
1,1,0.88571084,0.35538995,0.7714217
1,1,0.9991264,0.0070260633,0.99825275
0,0,0.9998522,0.0014517298,0.99970436
1,0,0.99985224,0.0014511213,0.9997045
1,0,1.0,2.763102e-11,1.0
0,0,1.0,4.1498383e-10,1.0
0,0,0.97776544,0.10661262,0.9555309
0,0,0.99999994,9.835258e-07,0.9999999
1,1,0.93995947,0.22707903,0.87991893
1,1,0.99701947,0.020309817,0.99403894
0,0,0.9989425,0.008302731,0.997885
1,1,0.9999999,2.0196896e-06,0.99999976
1,0,0.99899626,0.007932929,0.9979925
0,0,0.9999358,0.00068384444,0.9998716
1,1,1.0,2.763102e-11,1.0
1,1,0.96219033,0.16091958,0.92438066
0,0,0.9908142,0.052225746,0.9816284
1,1,0.995738,0.027514812,0.99147606
0,0,0.9921814,0.045717932,0.98436284
0,0,1.0,1.3569e-09,1.0
1,1,0.9909067,0.051792245,0.98181343
1,1,0.85441595,0.41497207,0.7088319
0,0,1.0,2.6620758e-10,1.0
0,0,0.9528313,0.1900926,0.90566266
0,0,0.99995315,0.00051372737,0.9999063
1,0,0.99261034,0.04362844,0.9852207
1,1,0.99482626,0.03239574,0.9896525
1,0,0.99999994,1.2303444e-06,0.9999999
0,0,0.9988901,0.008660436,0.9977802
1,0,0.9613698,0.16356608,0.9227396
1,0,0.9997834,0.0020440996,0.9995668
0,0,1.0,2.763102e-11,1.0
0,0,1.0,6.0034583e-10,1.0
0,0,1.0,2.9717973e-10,1.0
1,1,0.93842673,0.23127466,0.87685347
0,0,1.0,3.9537476e-10,1.0
1,0,0.981079,0.093809664,0.96215796
0,0,0.99895155,0.008240861,0.9979031
0,0,0.99999464,7.063073e-05,0.9999893
0,0,1.0,4.729227e-10,1.0
1,1,0.93889433,0.22999904,0.87778866
0,0,1.0,1.159633e-09,1.0
0,0,1.0,2.763102e-11,1.0
1,1,1.0,2.763102e-11,1.0
0,0,1.0,2.9311462e-10,1.0
1,1,1.0,2.763102e-11,1.0
1,1,0.8264185,0.4615199,0.65283704
1,0,0.650991,0.64683104,0.30198205
0,0,1.0,1.323237e-09,1.0
0,0,0.9960201,0.025967127,0.99204016
0,0,0.9998522,0.0014515778,0.99970436
0,0,1.0,3.59557e-10,1.0
0,0,1.0,1.1548926e-09,1.0
1,1,1.0,2.763102e-11,1.0
1,1,0.9980317,0.014230173,0.99606335
1,0,0.99977696,0.002098164,0.9995539
1,1,1.0,2.763102e-11,1.0
1,1,0.99956137,0.0038299616,0.99912274
0,0,0.9999901,0.00012420137,0.9999802
0,0,0.99729764,0.018679518,0.9945953
0,0,1.0,6.974468e-08,1.0
1,1,0.99999964,5.6661747e-06,0.9999993
0,0,1.0,1.8642492e-09,1.0
0,0,1.0,1.1097679e-09,1.0
1,1,1.0,2.763102e-11,1.0
1,1,0.993869,0.037345886,0.987738
0,0,1.0,2.908972e-10,1.0
1,1,0.9948515,0.032262772,0.98970306
1,1,1.0,2.763102e-11,1.0
1,0,0.99592626,0.026483873,0.9918525
1,0,0.99960124,0.0035198494,0.9992025
1,1,0.99998724,0.00015650294,0.9999745
1,1,0.81574374,0.47778645,0.6314875
1,0,1.0,7.8025125e-10,1.0
0,0,1.0,4.2861045e-10,1.0
0,0,0.99985224,0.0014511521,0.9997045
1,1,0.96327776,0.15738355,0.9265555
0,0,1.0,2.763102e-11,1.0
1,1,0.99614584,0.02527044,0.9922917
1,1,1.0,2.763102e-11,1.0
0,0,0.99894524,0.008284098,0.9978905
0,0,1.0,3.5156147e-10,1.0
1,1,0.993869,0.037345886,0.987738
0,0,0.99996126,0.00043253406,0.9999225
1,0,1.0,2.763102e-11,1.0
1,1,0.994666,0.03323616,0.98933196
1,1,0.82230467,0.4678808,0.64460933
1,1,0.9827759,0.08702955,0.96555185
0,0,1.0,6.2523814e-10,1.0
0,0,1.0,4.9333854e-10,1.0
1,1,1.0,2.763102e-11,1.0
0,0,0.9988897,0.008663323,0.99777937
1,1,0.95535606,0.18243186,0.9107121
0,1,0.67290294,0.6321037,0.34580588
1,1,1.0,2.763102e-11,1.0
1,0,1.0,7.4746076e-10,1.0
0,0,0.9989304,0.008385465,0.9978608
1,1,1.0,2.763102e-11,1.0
1,1,0.99999094,0.000114260336,0.9999819
0,0,1.0,3.2114078e-10,1.0
1,1,1.0,2.763102e-11,1.0
0,0,1.0,6.315489e-08,1.0
1,0,0.9999999,1.6505851e-06,0.99999976
0,0,0.9989477,0.008267237,0.99789536
1,1,0.9997713,0.0021459141,0.9995426
0,0,0.998961,0.008176216,0.99792194
0,0,0.9999993,1.0467559e-05,0.99999857
1,1,1.0,2.763102e-11,1.0
0,0,0.9998536,0.0014388004,0.9997072
0,0,0.9999355,0.00068689865,0.999871
1,0,0.99985236,0.001449805,0.9997047
0,0,0.99999934,9.732905e-06,0.9999987
1,1,0.9691849,0.1375643,0.93836975
0,0,1.0,3.3071487e-10,1.0
0,1,0.98885566,0.06119614,0.9777113
1,1,1.0,2.763102e-11,1.0
1,1,0.93842673,0.23127466,0.87685347
0,0,0.9997834,0.0020440996,0.9995668
0,0,0.99892807,0.00840136,0.99785614
1,1,1.0,2.763102e-11,1.0
1,0,0.99999994,7.267384e-07,0.9999999
1,1,0.9389987,0.2297138,0.8779974
0,0,0.9989343,0.0083588315,0.99786866
1,1,0.9993418,0.005480061,0.9986836
1,0,0.9999993,1.0781337e-05,0.99999857
0,0,0.9999981,2.6822001e-05,0.9999962
1,1,1.0,2.763102e-11,1.0
1,0,0.9999955,5.9335052e-05,0.99999106
1,0,0.99999994,8.37854e-07,0.9999999
0,0,1.0,3.7480166e-10,1.0
1,1,0.9999999,2.0196896e-06,0.99999976
0,0,0.9949091,0.031959254,0.9898182
1,1,0.99999976,3.87412e-06,0.9999995
1,0,0.99985117,0.0014604364,0.99970233
0,0,0.99893326,0.00836605,0.9978665
1,1,0.993869,0.037345886,0.987738
1,1,0.993869,0.037345886,0.987738
0,0,1.0,2.763102e-11,1.0
1,0,0.63016474,0.65886796,0.26032948
1,1,1.0,2.763102e-11,1.0
1,1,0.93842673,0.23127466,0.87685347
1,1,1.0,2.763102e-11,1.0
1,1,0.9999051,0.0009738374,0.9998102
1,1,1.0,2.763102e-11,1.0
1,1,0.9794265,0.100262746,0.958853
1,1,1.0,2.763102e-11,1.0
0,0,0.9989366,0.00834335,0.9978732
1,1,0.85340637,0.4167546,0.70681274
1,1,1.0,2.763102e-11,1.0
0,0,0.9997833,0.002044996,0.99956656
1,0,0.88231444,0.36228818,0.7646289
0,0,0.7106465,0.6015718,0.42129305
1,1,0.9999869,0.00016052829,0.9999738
1,1,1.0,2.763102e-11,1.0
0,0,0.9989569,0.008203906,0.99791384
1,1,0.54290205,0.68946147,0.085804105
0,0,0.99894434,0.008290211,0.9978887
0,0,1.0,2.763102e-11,1.0
0,0,1.0,7.210021e-10,1.0
1,1,1.0,2.763102e-11,1.0
0,0,0.9998342,0.0016093065,0.99966836
1,0,1.0,2.763102e-11,1.0
1,1,0.9991666,0.0067418003,0.9983332
0,0,0.9989256,0.008418305,0.99785125
1,1,0.99985826,0.0013977599,0.9997165
1,1,0.9959078,0.026585575,0.99181557
0,0,1.0,1.3469136e-08,1.0
0,0,0.99084705,0.052071985,0.9816941
1,1,0.99701,0.02036489,0.99402
1,1,0.8953716,0.33513516,0.79074323
1,0,0.7202987,0.592671,0.44059741
1,1,0.9999999,2.0196896e-06,0.99999976
1,1,0.9755574,0.11485841,0.9511148
0,0,1.0,2.858467e-10,1.0
1,0,0.99999994,7.267384e-07,0.9999999
1,1,0.99998724,0.00015650294,0.9999745
1,1,0.99999857,2.0681588e-05,0.99999714
1,1,0.9999999,2.0196896e-06,0.99999976
1,0,1.0,5.123059e-07,1.0
1,1,0.9738237,0.12118824,0.94764745
0,0,1.0,2.763102e-11,1.0
0,0,1.0,1.4125269e-08,1.0
0,0,0.9999988,1.764012e-05,0.9999976
1,1,0.9999999,2.0196896e-06,0.99999976
1,0,1.0,2.763102e-11,1.0
0,0,0.994972,0.031627256,0.989944
1,1,0.75969243,0.5514342,0.51938486
1,0,0.82526827,0.46331024,0.65053654
1,0,0.9984759,0.011408756,0.9969518
0,0,1.0,4.722403e-10,1.0
1,0,0.99990994,0.00092879776,0.9998199
1,1,0.9999999,2.0196896e-06,0.99999976
0,0,0.9998571,0.0014078226,0.99971426
0,0,0.99893314,0.00836701,0.9978663
0,0,0.67888117,0.62770987,0.35776237
0,0,1.0,4.1774734e-10,1.0
0,0,1.0,2.763102e-11,1.0
1,1,1.0,2.763102e-11,1.0
0,0,0.96781236,0.1422663,0.9356247
0,0,1.0,4.114914e-07,1.0
1,1,0.9999999,2.0196896e-06,0.99999976
0,0,0.9989475,0.008268379,0.997895
1,1,0.93201226,0.24840248,0.8640245
0,0,1.0,1.0389611e-08,1.0
1,0,0.9999979,2.9694995e-05,0.9999958
1,1,0.99387604,0.037310094,0.9877521
0,1,0.93842673,0.23127466,0.87685347
1,0,0.9410387,0.2240998,0.88207746
0,0,0.99895996,0.0081829885,0.9979199
1,1,0.97557074,0.114809185,0.9511415
1,1,1.0,2.763102e-11,1.0
1,1,1.0,2.763102e-11,1.0
1,1,0.99999833,2.3871251e-05,0.99999666
0,0,0.99985224,0.0014511114,0.9997045
1,1,0.9937184,0.038110435,0.9874368
0,0,0.9999997,4.8048005e-06,0.9999994
1,1,1.0,2.763102e-11,1.0
1,1,0.9948257,0.03239856,0.98965144
1,1,1.0,2.763102e-11,1.0
1,1,0.9433858,0.21754795,0.88677156
1,1,1.0,2.763102e-11,1.0
1,0,0.99899626,0.007932929,0.9979925
0,0,1.0,2.7449884e-10,1.0
1,0,0.9998525,0.0014490022,0.99970496
1,1,0.9999995,7.417722e-06,0.99999905
1,0,0.99999994,7.267384e-07,0.9999999
0,0,1.0,3.1431574e-10,1.0
1,0,0.99899626,0.007932929,0.9979925
1,1,0.99999964,5.6661747e-06,0.9999993
0,0,1.0,4.687222e-10,1.0
0,0,0.99343264,0.039550964,0.9868653
0,0,1.0,4.8635396e-10,1.0
1,1,0.9946666,0.033233043,0.98933315
1,1,0.9999999,2.0196896e-06,0.99999976
1,0,1.0,2.763102e-11,1.0
1,1,0.99387604,0.037310094,0.9877521
1,1,0.9926277,0.043543335,0.98525536
1,1,1.0,2.763102e-11,1.0
1,1,0.99999964,5.6661747e-06,0.9999993
1,1,0.96219033,0.16091958,0.92438066
0,0,1.0,2.8169067e-10,1.0
0,0,0.9780244,0.10563122,0.95604885
0,0,0.998948,0.008265213,0.99789596
0,0,0.9989624,0.008166289,0.9979248
1,1,0.995782,0.027274683,0.99156404
1,0,0.9937208,0.038098045,0.98744166
1,0,0.9980899,0.013866644,0.9961798
1,1,0.9996387,0.0032250122,0.99927735
1,1,0.99999154,0.00010731921,0.9999831
0,0,0.99982184,0.001716114,0.9996437
1,1,0.96336746,0.15709037,0.9267349
0,0,1.0,1.3797113e-09,1.0
0,1,0.9981981,0.013186377,0.9963962
1,1,0.55818075,0.6863618,0.1163615
0,0,0.99895656,0.008206487,0.9979131
0,0,0.9977281,0.016098559,0.9954562
1,1,1.0,2.763102e-11,1.0
1,0,0.67141587,0.63317144,0.34283173
0,0,0.9999578,0.00046732102,0.9999156
1,0,0.9997852,0.0020290606,0.99957037
1,1,0.9999999,2.0196896e-06,0.99999976
1,0,0.999995,6.634223e-05,0.99999
1,1,0.9999999,2.0196896e-06,0.99999976
0,0,0.9989414,0.00831009,0.99788284
1,1,1.0,2.763102e-11,1.0
1,1,1.0,2.763102e-11,1.0
0,0,0.9850905,0.07750359,0.970181
1,1,1.0,2.763102e-11,1.0
1,1,1.0,2.763102e-11,1.0
1,1,0.99387604,0.037310094,0.9877521
0,0,0.97199976,0.12772049,0.9439995
0,0,1.0,2.763102e-11,1.0
0,0,0.9999904,0.0001204135,0.9999808
1,1,0.9791413,0.10136249,0.9582826
1,1,1.0,2.763102e-11,1.0
0,0,1.0,5.150212e-10,1.0
0,0,1.0,3.3390718e-10,1.0
1,1,1.0,2.763102e-11,1.0
1,0,1.0,2.0715984e-07,1.0
0,0,1.0,3.073089e-10,1.0
0,0,0.99998635,0.00016676297,0.9999727
0,0,0.9999986,1.9707126e-05,0.99999726
1,1,1.0,2.763102e-11,1.0
1,1,0.93842673,0.23127466,0.87685347
0,0,0.99985117,0.0014604131,0.99970233
0,0,0.99999577,5.691924e-05,0.99999154
1,1,0.9973424,0.018414468,0.9946848
1,0,1.0,2.763102e-11,1.0
0,0,0.99886036,0.008862426,0.9977207
1,1,1.0,2.763102e-11,1.0
1,1,0.99482226,0.03241674,0.9896445
0,0,1.0,4.1732087e-10,1.0
1,1,0.9936041,0.038687997,0.98720825
1,0,1.0,2.763102e-11,1.0
1,1,0.9999603,0.00044199184,0.9999206
0,0,0.99999976,4.21951e-06,0.9999995
1,0,1.0,2.763102e-11,1.0
0,0,0.9453553,0.21197058,0.8907106
1,1,1.0,2.763102e-11,1.0
1,1,0.9666755,0.14611493,0.93335104
1,1,0.9946666,0.033233043,0.98933315
1,0,0.9906701,0.052899275,0.98134017
1,0,0.95046186,0.19715308,0.9009237
1,1,0.93842673,0.23127466,0.87685347
1,0,0.89293355,0.34033775,0.7858671
1,0,0.99899626,0.007932929,0.9979925
0,0,0.9997135,0.0026237788,0.99942696
1,0,0.5666269,0.6842424,0.13325381
1,1,0.99471444,0.032982584,0.9894289
0,0,0.9999601,0.00044389802,0.99992025
1,1,0.9705917,0.13267922,0.94118345
1,0,0.99999994,1.3276526e-06,0.9999999
0,0,1.0,3.6728387e-10,1.0
0,0,0.9989438,0.0082939025,0.9978876
1,1,0.837838,0.44323763,0.675676
1,1,1.0,2.763102e-11,1.0
1,1,0.993869,0.037345886,0.987738
0,0,0.99889153,0.008650695,0.99778306
1,0,0.9999999,1.6505851e-06,0.99999976
0,0,0.9998522,0.0014513396,0.99970436
1,1,1.0,2.763102e-11,1.0
1,1,0.98699397,0.06939772,0.97398794
0,0,1.0,9.938457e-08,1.0
1,1,1.0,2.763102e-11,1.0
1,1,0.5915408,0.67629284,0.18308163
1,1,0.9843887,0.080428034,0.9687774
1,1,1.0,2.763102e-11,1.0
1,1,0.9999994,9.1391485e-06,0.9999988
1,1,0.9960368,0.025874468,0.99207366
1,1,0.9826931,0.0873644,0.96538615
1,1,1.0,2.763102e-11,1.0
0,0,0.99757844,0.017004471,0.9951569
0,0,1.0,3.0722277e-10,1.0
0,0,0.9989333,0.008365491,0.99786663
0,0,1.0,3.4912868e-11,1.0
1,1,1.0,2.763102e-11,1.0
0,0,0.998941,0.008313157,0.997882
0,0,1.0,7.6013557e-10,1.0
1,1,1.0,2.763102e-11,1.0
0,0,1.0,3.0026048e-10,1.0
1,1,0.99939525,0.0050861756,0.9987905
0,0,1.0,2.101603e-09,1.0
0,0,1.0,5.761888e-10,1.0
1,1,0.9999362,0.000679868,0.99987245
1,1,1.0,2.763102e-11,1.0
1,1,0.9999999,2.0196896e-06,0.99999976
0,0,0.99892795,0.008402315,0.9978559
1,1,0.7721171,0.5367056,0.54423416
0,0,1.0,4.2760587e-10,1.0
1,1,1.0,2.763102e-11,1.0
1,1,0.99650013,0.02328558,0.99300027
0,0,0.99985236,0.0014500911,0.9997047
0,0,0.99895036,0.0082489615,0.9979007
1,0,0.66910845,0.63480824,0.3382169
1,1,0.8354857,0.44708037,0.6709714
1,1,0.93842673,0.23127466,0.87685347
0,0,0.99999994,1.0062557e-06,0.9999999
1,1,0.9999999,2.0196896e-06,0.99999976
1,0,0.99982196,0.0017150046,0.9996439
0,0,0.9998522,0.001451291,0.99970436
1,0,0.5398736,0.68996406,0.07974723
1,1,0.9998945,0.0010715388,0.999789
1,1,0.9971621,0.019477254,0.9943242
1,1,0.9999999,2.0196896e-06,0.99999976
1,1,1.0,2.763102e-11,1.0
0,0,0.9989007,0.008588135,0.9978014
0,0,1.0,4.4425108e-10,1.0
1,1,0.9999995,7.417722e-06,0.99999905
1,1,1.0,2.763102e-11,1.0
0,0,0.99217194,0.045763664,0.9843439
1,0,0.9749003,0.11727187,0.9498006
0,0,1.0,3.3462901e-09,1.0
0,0,1.0,3.127144e-10,1.0
0,0,1.0,2.5322546e-09,1.0
0,0,0.998938,0.008333267,0.99787605
0,0,0.9998885,0.0011262771,0.99977696
0,0,1.0,8.160947e-09,1.0
1,0,0.8323383,0.45215917,0.66467655
0,0,0.99895483,0.008218092,0.99790967
1,1,0.9988456,0.008962451,0.99769115
1,1,1.0,2.763102e-11,1.0
1,1,0.99387604,0.037310094,0.9877521
1,1,0.9999994,9.1391485e-06,0.9999988
0,0,0.99896276,0.00816386,0.9979255
0,0,1.0,2.763102e-11,1.0
0,0,1.0,3.5036363e-10,1.0
1,1,0.91123796,0.29966426,0.8224759
1,1,1.0,2.763102e-11,1.0
1,1,0.99986696,0.0013203729,0.9997339
1,1,1.0,2.763102e-11,1.0
1,1,0.99998724,0.00015650294,0.9999745
1,1,0.9996697,0.0029780003,0.99933934
0,0,0.9639983,0.15502217,0.92799664
1,0,0.9999983,2.4608473e-05,0.99999654
0,0,1.0,4.1384066e-10,1.0
0,0,0.9999965,4.7921283e-05,0.99999297
1,1,0.9999999,2.0196896e-06,0.99999976
1,1,0.99579775,0.02718867,0.9915955
0,0,0.9989573,0.00820134,0.99791455
0,1,0.9999646,0.00039825973,0.9999292
0,0,1.0,2.9265917e-10,1.0
1,1,1.0,2.763102e-11,1.0
1,1,0.93842673,0.23127466,0.87685347
0,0,0.996734,0.021955807,0.99346805
0,0,1.0,2.763102e-11,1.0
1,1,0.93842673,0.23127466,0.87685347
0,0,1.0,3.0515077e-10,1.0
0,0,0.9983314,0.012338923,0.99666286
0,0,0.9998522,0.001451506,0.99970436
0,0,1.0,5.4117804e-09,1.0
1,0,1.0,1.8056588e-09,1.0
0,0,0.998941,0.008312888,0.997882
1,0,1.0,2.2067208e-10,1.0
1,1,1.0,2.763102e-11,1.0
0,0,1.0,1.4173416e-07,1.0
1,1,0.99387604,0.037310094,0.9877521
0,0,0.9989501,0.0082503725,0.99790025
1,1,0.9978436,0.01539275,0.99568725
0,0,1.0,2.763102e-11,1.0
0,0,0.9998522,0.0014513198,0.99970436
1,1,0.95135844,0.19449581,0.9027169
0,0,0.99985224,0.0014511521,0.9997045
1,1,1.0,2.763102e-11,1.0
1,0,0.91248816,0.29674298,0.8249763
1,0,0.9992286,0.00630008,0.9984572
1,1,1.0,2.763102e-11,1.0
1,1,1.0,2.763102e-11,1.0
0,0,0.9989594,0.008186694,0.99791884
1,1,0.99999976,3.87412e-06,0.9999995
0,0,1.0,2.763102e-11,1.0
0,0,0.9988921,0.00864683,0.99778426
1,0,1.0,3.074179e-11,1.0
1,1,0.88292474,0.36105686,0.7658495
1,0,0.9968683,0.021184735,0.9937366
0,0,1.0,2.763102e-11,1.0
1,1,0.98492044,0.07821521,0.9698409
0,0,1.0,5.229446e-10,1.0
1,1,0.99999976,3.87412e-06,0.9999995
1,1,0.99999857,2.0681588e-05,0.99999714
0,0,1.0,2.763102e-11,1.0
0,0,1.0,3.0432587e-10,1.0
0,1,0.99996066,0.00043836597,0.9999213
0,0,0.9998522,0.0014513396,0.99970436
1,0,0.93163985,0.24937639,0.8632797
0,0,1.0,2.763102e-11,1.0
0,0,0.998961,0.008176234,0.99792194
0,0,0.9989363,0.008345121,0.9978726
1,1,1.0,2.763102e-11,1.0
1,1,1.0,2.763102e-11,1.0
1,1,0.99999976,3.87412e-06,0.9999995
0,0,0.9989549,0.008217871,0.9979098
1,0,0.6661918,0.6368428,0.33238363
1,1,0.96672195,0.14595854,0.9334439
0,0,1.0,3.2189681e-10,1.0
0,0,1.0,2.763102e-11,1.0
0,0,0.9957341,0.027536308,0.9914682
0,0,0.99985236,0.0014500999,0.9997047
0,0,0.99999875,1.8148705e-05,0.9999975
0,0,0.9999999,1.7813181e-06,0.99999976
0,0,1.0,5.488343e-10,1.0
1,1,0.993869,0.037345886,0.987738
0,0,1.0,4.451374e-10,1.0
0,0,0.99996763,0.00036685198,0.99993527
0,0,0.9979021,0.015033182,0.9958042
0,0,0.99895567,0.008212493,0.99791133
0,0,0.9998522,0.0014514487,0.99970436
0,0,1.0,4.2306394e-10,1.0
0,0,1.0,3.1159905e-10,1.0
1,1,1.0,2.763102e-11,1.0
0,0,1.0,2.763102e-11,1.0
1,1,1.0,2.763102e-11,1.0
1,1,0.93842673,0.23127466,0.87685347
1,0,0.9943112,0.035079505,0.9886224
1,1,1.0,2.763102e-11,1.0
0,0,1.0,6.670341e-08,1.0
0,0,1.0,2.763102e-11,1.0
0,0,0.99202883,0.046455335,0.98405766
1,0,0.555713,0.68692636,0.111425996
0,1,0.9994659,0.004558492,0.99893177
1,1,0.9999982,2.5452973e-05,0.9999964
1,1,1.0,2.763102e-11,1.0
1,1,0.99590164,0.026619302,0.9918033
1,1,0.93842673,0.23127466,0.87685347
0,0,1.0,2.763102e-11,1.0
1,1,0.9999999,2.0196896e-06,0.99999976
0,0,1.0,3.726472e-09,1.0
0,0,0.9989537,0.008226069,0.9979074
0,0,0.99985224,0.0014511422,0.9997045
1,1,0.6975084,0.6129607,0.3950168
0,0,1.0,5.29616e-08,1.0
1,1,0.93842673,0.23127466,0.87685347
0,0,0.9999988,1.7143197e-05,0.9999976
1,1,0.99654275,0.023044467,0.9930855
0,0,1.0,3.156026e-10,1.0
1,1,1.0,2.763102e-11,1.0
1,0,0.9960846,0.025610307,0.99216914
1,1,0.99392974,0.037036534,0.9878595
0,0,0.9999979,2.9418437e-05,0.9999958
0,0,1.0,2.9387956e-10,1.0
0,0,1.0,2.872102e-10,1.0
0,0,1.0,1.1840731e-09,1.0
1,1,0.993869,0.037345886,0.987738
1,0,0.99656266,0.022931596,0.9931253
1,1,0.99991,0.0009284371,0.99982
0,0,0.9993278,0.005582463,0.99865556
1,1,0.8354857,0.44708037,0.6709714
1,1,0.99998724,0.00015650294,0.9999745
1,1,1.0,2.763102e-11,1.0
1,1,0.9999999,2.0196896e-06,0.99999976
1,1,0.94255704,0.219873,0.8851141
1,1,0.99387604,0.037310094,0.9877521
0,0,1.0,3.7232312e-10,1.0
1,1,0.93842673,0.23127466,0.87685347
0,0,0.99893904,0.008326549,0.9978781
0,0,0.999737,0.002430677,0.99947405
1,0,0.8887097,0.34920448,0.77741945
0,0,0.99894583,0.008279824,0.99789166
1,1,0.99482393,0.03240796,0.98964787
1,1,0.9994779,0.00446764,0.99895585
0,0,1.0,3.1398262e-10,1.0
0,0,1.0,3.0031164e-10,1.0
1,0,0.9684742,0.14000662,0.9369484
1,0,1.0,2.8113555e-11,1.0
1,0,0.50344026,0.6931235,0.006880522
0,0,0.99893665,0.008342835,0.9978733
0,0,1.0,3.125638e-10,1.0
0,0,0.99895585,0.008211165,0.9979117
0,0,1.0,7.0624184e-10,1.0
1,1,1.0,2.763102e-11,1.0
1,1,1.0,2.763102e-11,1.0
1,1,0.970998,0.13125576,0.941996
1,1,0.5747919,0.6819174,0.14958382
0,0,1.0,3.3206207e-10,1.0
1,1,0.9999902,0.00012253811,0.99998045
1,1,0.9999999,2.0196896e-06,0.99999976
1,1,0.93842673,0.23127466,0.87685347
0,0,1.0,2.786597e-10,1.0
0,0,1.0,4.6558207e-10,1.0
1,1,1.0,2.763102e-11,1.0
1,1,1.0,2.763102e-11,1.0
1,1,1.0,2.763102e-11,1.0
0,0,0.9989349,0.008354619,0.99786985
0,0,0.9989446,0.008288636,0.99788916
0,0,0.99896216,0.008167792,0.9979243
0,0,0.9978835,0.015147523,0.995767
1,1,1.0,2.763102e-11,1.0
1,1,0.9999634,0.00041045717,0.9999268
0,0,1.0,2.763102e-11,1.0
0,0,0.75149035,0.56069195,0.5029807
0,0,0.51673716,0.6925868,0.033474326
1,0,0.9999955,5.9309143e-05,0.99999106
1,0,0.99985236,0.001449805,0.9997047
1,1,0.85247463,0.41839245,0.70494926
1,1,0.9937184,0.038110435,0.9874368
1,1,0.9363803,0.23681314,0.87276065
1,1,1.0,2.763102e-11,1.0
0,0,0.99994993,0.0005458089,0.99989986
0,0,1.0,1.576244e-09,1.0
1,1,0.9725831,0.12564503,0.94516623
1,0,0.9997853,0.0020279903,0.9995706
0,0,1.0,1.9906492e-09,1.0
0,0,1.0,7.1181905e-09,1.0
1,1,1.0,2.763102e-11,1.0
0,0,0.94922125,0.20080192,0.8984425
0,0,0.99895006,0.008250864,0.9979001
0,0,0.9989371,0.008339854,0.99787414
0,0,1.0,1.0593503e-07,1.0
1,1,0.93842673,0.23127466,0.87685347
0,0,0.9989418,0.008307786,0.99788356
0,0,0.9998522,0.0014514962,0.99970436
1,1,0.9999999,2.0196896e-06,0.99999976
1,0,1.0,2.0943238e-08,1.0
1,1,0.9947142,0.032983832,0.9894284
1,1,1.0,2.763102e-11,1.0
0,0,0.9998522,0.0014516229,0.99970436
0,0,1.0,4.589856e-10,1.0
1,0,0.9999996,6.942403e-06,0.99999917
0,0,1.0,2.7585934e-10,1.0
1,0,0.6661918,0.6368428,0.33238363
0,0,0.99895024,0.008249822,0.9979005
0,0,1.0,2.4641915e-08,1.0
0,0,1.0,2.763102e-11,1.0
0,0,1.0,2.763102e-11,1.0
0,0,1.0,2.8408667e-09,1.0
1,0,0.99999994,7.9483357e-07,0.9999999
0,0,0.9999502,0.0005433649,0.99990034
0,0,0.9989452,0.008284283,0.99789035
1,0,0.9858097,0.07447168,0.97161937
0,0,0.99890053,0.008589546,0.99780107
1,1,0.93842673,0.23127466,0.87685347
1,1,0.78656065,0.51847804,0.5731213
0,0,0.9989058,0.0085536055,0.99781156
1,1,0.9999995,7.417722e-06,0.99999905
0,0,1.0,3.5262457e-10,1.0
0,0,0.9797735,0.09891917,0.95954704
0,0,1.0,3.8355465e-09,1.0
1,1,1.0,2.763102e-11,1.0
1,1,0.992249,0.045390166,0.984498
0,0,0.99758035,0.016992988,0.9951607
1,1,0.9713004,0.1301923,0.94260085
1,1,0.9953961,0.029366307,0.99079216
1,1,0.9409248,0.22441523,0.88184965
1,1,1.0,2.763102e-11,1.0
1,1,1.0,2.763102e-11,1.0
1,1,1.0,2.763102e-11,1.0
1,1,0.9952748,0.03001683,0.99054956
1,1,1.0,2.763102e-11,1.0
1,1,1.0,2.763102e-11,1.0
1,1,0.99974316,0.0023800882,0.9994863
0,0,1.0,1.4104956e-08,1.0
1,1,1.0,2.763102e-11,1.0
1,1,1.0,2.763102e-11,1.0
0,0,1.0,1.3524711e-09,1.0
0,0,0.9998522,0.001451593,0.99970436
1,1,1.0,2.763102e-11,1.0
1,1,1.0,2.763102e-11,1.0
0,0,0.9989349,0.008354512,0.99786985
1,1,0.51432824,0.6927365,0.028656483
0,0,1.0,2.846659e-10,1.0
0,0,1.0,4.4053652e-07,1.0
1,1,1.0,2.763102e-11,1.0
0,0,0.9982287,0.012992495,0.99645746
0,0,0.9999893,0.00013336696,0.99997854
0,0,1.0,4.687394e-10,1.0
1,1,1.0,2.763102e-11,1.0
1,1,1.0,2.763102e-11,1.0
1,1,0.93842673,0.23127466,0.87685347
0,0,0.9998521,0.0014518246,0.99970424
1,1,1.0,2.763102e-11,1.0
0,0,0.9989591,0.008188705,0.99791825
0,0,0.98539835,0.076210216,0.9707967
0,0,0.99997514,0.00028819928,0.9999503
1,1,0.9999999,2.0196896e-06,0.99999976
1,1,1.0,2.763102e-11,1.0
0,0,0.9922311,0.045477167,0.98446214
1,1,1.0,2.763102e-11,1.0
0,0,0.99141437,0.049396213,0.98282874
1,1,1.0,2.763102e-11,1.0
1,1,1.0,2.763102e-11,1.0
1,1,0.993869,0.037345886,0.987738
1,1,0.9952435,0.030184142,0.990487
1,1,1.0,2.763102e-11,1.0
1,1,0.99998724,0.00015650294,0.9999745
1,1,1.0,2.763102e-11,1.0
1,1,1.0,2.763102e-11,1.0
1,1,0.9943862,0.034691706,0.9887724
1,1,1.0,2.763102e-11,1.0
1,0,0.7577065,0.5537092,0.51541305
1,1,1.0,2.763102e-11,1.0
1,1,0.9882179,0.06403881,0.9764358
0,0,1.0,3.00952e-10,1.0
1,1,0.9165757,0.28705412,0.83315134
0,0,0.9988543,0.008903546,0.99770856
1,1,0.9992663,0.006028654,0.99853265
0,0,0.9999794,0.00024314332,0.99995875
0,0,0.99896216,0.008167913,0.9979243
1,1,0.61360955,0.66710603,0.2272191
1,1,0.98269445,0.08735886,0.9653889
1,1,0.99482393,0.03240796,0.98964787
1,0,0.99982196,0.0017153285,0.9996439
0,0,0.99999607,5.315432e-05,0.99999213
0,0,1.0,3.0428165e-08,1.0
1,1,0.9999994,9.1391485e-06,0.9999988
1,1,1.0,2.763102e-11,1.0
0,0,0.9667797,0.1457639,0.9335594
1,1,1.0,2.763102e-11,1.0
1,1,0.8264185,0.4615199,0.65283704
1,1,0.767014,0.5428592,0.53402805
0,0,1.0,3.0180755e-10,1.0
0,0,1.0,3.065983e-10,1.0
1,0,1.0,7.8672757e-10,1.0
1,0,0.8110127,0.48475125,0.6220254
1,1,0.9741566,0.1199822,0.94831324
0,0,0.99999994,1.4305429e-06,0.9999999
0,0,0.9989437,0.008294504,0.9978874
0,0,1.0,1.4060013e-09,1.0
0,0,0.99895823,0.008194923,0.99791646
1,1,0.97514206,0.11638598,0.9502841
1,1,0.9590806,0.1708552,0.91816115
1,1,1.0,2.763102e-11,1.0
1,1,1.0,2.763102e-11,1.0
1,1,0.99387604,0.037310094,0.9877521
1,0,0.99985236,0.0014498257,0.9997047
1,1,0.99408025,0.036267344,0.9881605
0,0,1.0,4.3346327e-10,1.0
1,1,0.9999999,2.0196896e-06,0.99999976
1,1,0.9827157,0.0872729,0.96543145
1,1,0.9999999,2.0196896e-06,0.99999976
0,0,1.0,3.1247455e-10,1.0
1,1,0.9309531,0.2511666,0.8619062
0,1,0.8721191,0.38233837,0.74423826
0,0,0.99999994,1.013971e-06,0.9999999
1,0,0.9999998,3.2502899e-06,0.99999964
1,1,0.9937184,0.038110435,0.9874368
1,1,1.0,2.763102e-11,1.0
0,0,1.0,2.678365e-10,1.0
1,0,0.85480964,0.41427475,0.7096193
1,1,1.0,2.763102e-11,1.0
0,0,0.99342084,0.039610185,0.9868417
1,1,0.99453366,0.033926345,0.9890673
0,0,0.99886906,0.008803407,0.9977381
0,0,1.0,3.034943e-10,1.0
1,1,1.0,2.763102e-11,1.0
0,0,1.0,3.5524658e-10,1.0
1,1,0.993869,0.037345886,0.987738
1,0,0.9996624,0.0030360098,0.9993248
0,0,1.0,1.6492137e-08,1.0
0,0,0.99824,0.012921066,0.99648
1,1,0.9999999,2.0196896e-06,0.99999976
1,1,1.0,2.763102e-11,1.0
1,1,0.9995061,0.004253805,0.99901223
1,1,0.9963104,0.024352726,0.9926208
0,0,1.0,4.400921e-10,1.0
1,1,0.9433806,0.21756254,0.8867612
0,0,1.0,2.763102e-11,1.0
1,1,0.993869,0.037345886,0.987738
0,0,0.8717497,0.383047,0.7434994
1,1,1.0,2.763102e-11,1.0
0,0,0.9998419,0.0015416067,0.99968386
0,0,0.9999999,1.7725498e-06,0.99999976
1,1,0.99329996,0.040215537,0.9865999
1,0,0.99982196,0.0017151665,0.9996439
1,1,1.0,2.763102e-11,1.0
0,0,1.0,3.4959655e-10,1.0
1,1,0.62366766,0.66224,0.24733531
1,1,1.0,2.763102e-11,1.0
1,1,0.9999999,2.0196896e-06,0.99999976
1,1,0.9969278,0.020841276,0.9938556
1,1,1.0,2.763102e-11,1.0
0,1,0.62928283,0.6593362,0.25856566
1,0,0.92922574,0.25563714,0.8584515
1,1,1.0,2.763102e-11,1.0
1,1,0.9999907,0.00011702566,0.9999814
1,1,1.0,2.763102e-11,1.0
1,1,0.99999964,5.6661747e-06,0.9999993
1,1,0.993869,0.037345886,0.987738
0,0,1.0,3.003623e-10,1.0
0,0,1.0,1.2073808e-09,1.0
1,1,1.0,2.763102e-11,1.0
1,1,0.9999999,2.0196896e-06,0.99999976
1,1,1.0,2.763102e-11,1.0
0,0,1.0,2.763102e-11,1.0
0,0,1.0,4.3600556e-10,1.0
1,1,1.0,2.763102e-11,1.0
1,1,0.99999917,1.2514034e-05,0.99999833
1,1,0.98268926,0.087379806,0.9653785
0,0,0.99639744,0.023864439,0.9927949
0,0,0.99999547,6.0116923e-05,0.99999094
1,1,0.98342633,0.0843866,0.96685266
0,0,1.0,2.763102e-11,1.0
1,0,0.66090345,0.6404344,0.3218069
1,1,1.0,2.763102e-11,1.0
1,1,0.9958912,0.026676586,0.9917824
1,0,1.0,6.018765e-10,1.0
0,0,1.0,1.0012867e-09,1.0
0,0,1.0,3.9429776e-10,1.0
1,1,0.993722,0.03809202,0.98744404
1,0,0.98281574,0.086868465,0.9656315
1,1,1.0,2.763102e-11,1.0
0,0,0.93147284,0.24981241,0.8629457
1,1,1.0,2.763102e-11,1.0
0,0,0.9998522,0.0014514873,0.99970436
1,1,0.76663196,0.5433141,0.5332639
1,1,0.99998724,0.00015650294,0.9999745
0,1,0.8998134,0.32549274,0.7996268
0,0,0.9988603,0.008862645,0.9977206
0,0,0.9998522,0.0014514873,0.99970436
0,0,0.9780822,0.10541184,0.95616436
1,1,0.9999999,2.0196896e-06,0.99999976
1,1,0.9999994,9.1391485e-06,0.9999988
1,0,0.9994874,0.004396019,0.9989748
0,0,1.0,1.375668e-07,1.0
0,0,1.0,4.0613704e-10,1.0
0,0,1.0,7.9036067e-10,1.0
0,0,1.0,3.000714e-08,1.0
1,1,0.9821775,0.08943918,0.964355
1,1,0.9727725,0.12496855,0.94554496
0,0,1.0,4.3718984e-10,1.0
1,0,0.9993313,0.0055569285,0.9986626
1,1,0.95965225,0.16904777,0.9193045
1,1,1.0,2.763102e-11,1.0
0,0,0.9989349,0.008354655,0.99786985
1,1,0.540006,0.6899428,0.080011964
1,1,1.0,2.763102e-11,1.0
0,1,0.93939954,0.22861652,0.8787991
0,0,0.99980986,0.0018193347,0.9996197
0,0,1.0,4.796524e-10,1.0
0,0,1.0,4.683441e-10,1.0
1,0,0.99999994,8.8589155e-07,0.9999999
0,0,1.0,2.858195e-10,1.0
0,0,1.0,2.763102e-11,1.0
0,1,0.99069595,0.052778497,0.9813919
1,1,1.0,2.763102e-11,1.0
1,1,1.0,2.763102e-11,1.0
0,0,1.0,2.763102e-11,1.0
1,1,1.0,2.763102e-11,1.0
1,0,0.6619787,0.6397143,0.32395744
0,0,0.9998522,0.0014514696,0.99970436
1,1,0.8264185,0.4615199,0.65283704
1,1,0.99999964,5.6661747e-06,0.9999993
1,0,0.99968797,0.002830876,0.99937594
0,0,0.9989524,0.008234892,0.9979048
1,1,1.0,2.763102e-11,1.0
0,0,0.9998522,0.001451506,0.99970436
0,0,0.99895155,0.008240621,0.9979031
0,0,0.8127994,0.48213825,0.6255988
0,0,1.0,4.3866305e-10,1.0
1,0,0.99899626,0.007932929,0.9979925
1,1,1.0,2.763102e-11,1.0
1,0,0.5972418,0.67411417,0.19448364
1,0,0.64000964,0.6534127,0.28001925
1,1,1.0,2.763102e-11,1.0
1,1,0.6613868,0.6401113,0.32277358
1,0,0.999822,0.0017147857,0.99964404
0,0,0.9989498,0.008252421,0.99789965
0,0,1.0,3.0850436e-10,1.0
1,1,0.99999964,5.6661747e-06,0.9999993
0,0,1.0,2.743686e-10,1.0
1,1,0.993869,0.037345886,0.987738
0,0,0.995992,0.026121875,0.991984
1,1,0.9369117,0.23538186,0.8738234
0,0,1.0,3.1084782e-10,1.0
0,0,1.0,1.7879546e-10,1.0
0,0,0.9999999,2.3323903e-06,0.99999976
1,1,1.0,2.763102e-11,1.0
1,1,0.993869,0.037345886,0.987738
1,1,0.99249893,0.0441734,0.98499787
1,1,0.9996673,0.002997101,0.9993346
0,0,1.0,3.624118e-09,1.0
1,1,0.99395907,0.036886953,0.98791814
0,0,0.9989565,0.008206614,0.997913
1,0,0.6464735,0.6496024,0.29294705
0,0,0.99985224,0.0014511521,0.9997045
1,1,0.98386467,0.08259085,0.96772933
1,1,0.7791833,0.5279397,0.55836666
1,1,0.99998724,0.00015650294,0.9999745
0,0,0.998943,0.008299711,0.99788594
1,1,0.99995446,0.00050077814,0.9999089
0,0,1.0,6.287127e-08,1.0
1,1,0.9999999,2.0196896e-06,0.99999976
0,0,0.9998522,0.0014514873,0.99970436
1,0,0.99899626,0.007932929,0.9979925
1,1,0.9708108,0.13191245,0.94162154
0,0,0.98906565,0.060252108,0.9781313
0,0,1.0,3.5444808e-10,1.0
1,1,1.0,2.763102e-11,1.0
1,0,0.9996889,0.0028232594,0.99937785
1,1,0.9999988,1.7452001e-05,0.9999976
0,0,0.9989532,0.008229336,0.99790645
1,1,0.87721205,0.37244323,0.7544241
1,1,0.993869,0.037345886,0.987738
1,0,0.6661918,0.6368428,0.33238363
1,1,1.0,2.763102e-11,1.0
0,0,0.9604173,0.16661578,0.92083454
0,0,0.9999968,4.4100656e-05,0.99999356
0,0,1.0,4.1713527e-10,1.0
0,0,0.9989354,0.008351356,0.9978708
1,1,0.9341483,0.24277389,0.8682966
0,0,1.0,3.3217585e-11,1.0
0,0,0.9988671,0.0088167805,0.9977342
0,0,0.9458508,0.21055567,0.8917016
0,0,0.9989264,0.008412961,0.9978528
1,0,0.8196857,0.47186977,0.6393714
0,0,0.9783738,0.10430218,0.95674765
1,0,0.99555564,0.028505657,0.9911113
0,0,1.0,4.8571625e-10,1.0
1,1,0.99998724,0.00015650294,0.9999745
0,0,1.0,4.8813686e-08,1.0
0,0,0.99887747,0.00874621,0.99775493
0,0,1.0,2.9176642e-10,1.0
1,1,0.99998724,0.00015650294,0.9999745
0,0,1.0,3.1208566e-10,1.0
0,0,1.0,5.889731e-10,1.0
1,0,0.6661918,0.6368428,0.33238363
0,0,0.9824121,0.088497065,0.9648242
0,0,1.0,4.5337356e-10,1.0
0,1,0.9999646,0.00039825973,0.9999292
0,0,0.99288404,0.04228206,0.9857681
0,0,0.99894947,0.008255094,0.99789894
0,0,0.99891454,0.008494022,0.9978291
0,0,1.0,2.763102e-11,1.0
0,0,0.9998522,0.0014514696,0.99970436
0,0,0.9989527,0.008232769,0.9979054
0,1,0.99998605,0.00016988323,0.9999721
1,1,1.0,2.763102e-11,1.0
1,1,1.0,2.763102e-11,1.0
0,0,0.9989473,0.008269852,0.99789464
1,1,0.9999982,2.5452973e-05,0.9999964
0,1,0.9685221,0.13984264,0.93704414
1,1,1.0,2.763102e-11,1.0
1,1,1.0,2.763102e-11,1.0
0,0,0.99893725,0.008338681,0.9978745
0,0,1.0,1.8021916e-08,1.0
1,1,0.9571181,0.17699726,0.9142362
1,1,0.8264185,0.4615199,0.65283704
0,0,0.99176943,0.047702484,0.98353887
1,1,0.9650473,0.15155756,0.9300946
0,1,0.9998568,0.001410429,0.99971366
1,1,1.0,2.763102e-11,1.0
0,0,1.0,3.660225e-10,1.0
0,0,1.0,3.2530423e-10,1.0
1,1,0.99998343,0.00019897206,0.99996686
1,1,1.0,2.763102e-11,1.0
0,0,0.9941445,0.03593789,0.988289
1,1,0.99998724,0.00015650294,0.9999745
1,1,0.94688857,0.2075767,0.89377713
1,1,1.0,2.763102e-11,1.0
1,1,0.99998724,0.00015650294,0.9999745
1,1,1.0,2.763102e-11,1.0
0,0,0.99893457,0.008357205,0.99786913
1,1,0.9205937,0.27731702,0.84118736
0,0,0.9992489,0.0061541093,0.99849784
1,1,1.0,2.763102e-11,1.0
0,0,1.0,3.528235e-10,1.0
0,0,0.96361715,0.15627313,0.9272343
1,1,0.93921447,0.2291235,0.87842894
0,0,0.99985236,0.0014500285,0.9997047
0,0,1.0,1.6102851e-09,1.0
1,1,0.8354857,0.44708037,0.6709714
0,0,1.0,2.763102e-11,1.0
0,0,0.99895555,0.008213292,0.9979111
1,0,0.99999994,7.599622e-07,0.9999999
0,0,1.0,2.763102e-11,1.0
1,1,0.99679226,0.021622056,0.9935845
1,0,0.9464777,0.20875868,0.8929554
1,0,1.0,2.763102e-11,1.0
1,1,0.9999999,2.0196896e-06,0.99999976
1,1,0.8354857,0.44708037,0.6709714
1,1,0.93842673,0.23127466,0.87685347
1,1,1.0,2.763102e-11,1.0
0,0,0.9989453,0.008283694,0.9978906
1,0,0.98382026,0.08277331,0.9676405
1,1,0.91687715,0.28633097,0.8337543
1,1,0.9999907,0.00011702566,0.9999814
1,1,0.9441099,0.21550588,0.88821983
1,1,1.0,2.763102e-11,1.0
1,1,1.0,2.763102e-11,1.0
1,1,0.99491537,0.03192634,0.98983073
1,1,0.9999988,1.7452001e-05,0.9999976
1,1,0.9999999,2.0196896e-06,0.99999976
0,0,0.99798006,0.014551073,0.9959601
0,0,0.9444991,0.21440437,0.88899815
1,1,0.9678885,0.14200711,0.93577695
1,1,0.93842673,0.23127466,0.87685347
1,1,0.9996939,0.00278313,0.99938774
1,1,0.993869,0.037345886,0.987738
1,1,0.9995714,0.003752427,0.99914277
0,0,1.0,2.763102e-11,1.0
0,0,0.99894637,0.008276363,0.99789274
0,0,1.0,4.0531564e-10,1.0
0,1,0.8444605,0.4321988,0.688921
0,0,1.0,4.5751875e-10,1.0
1,1,1.0,2.763102e-11,1.0
1,1,0.994294,0.0351683,0.988588
1,1,0.95411676,0.18621045,0.9082335
1,1,0.9945937,0.033613678,0.98918736
0,0,0.99985117,0.0014604131,0.99970233
1,1,0.9999999,2.0196896e-06,0.99999976
0,0,0.9998205,0.0017280771,0.99964094
1,1,1.0,2.763102e-11,1.0
0,0,0.99457777,0.033696555,0.98915553
0,0,1.0,3.5155764e-10,1.0
1,0,0.99999994,7.5240405e-07,0.9999999
1,1,0.86425275,0.39716774,0.7285055
0,0,0.9989448,0.008286906,0.99788964
1,1,0.99998724,0.00015650294,0.9999745
0,0,0.9877026,0.066309825,0.9754052
0,0,0.9999999,1.6194812e-06,0.99999976
0,0,1.0,2.72991e-10,1.0
1,0,0.71347976,0.59900653,0.4269595
1,1,1.0,2.763102e-11,1.0
0,0,1.0,1.4193319e-08,1.0
0,0,0.97782,0.10640624,0.95563996
0,0,1.0,6.6243044e-10,1.0
1,1,1.0,2.763102e-11,1.0
1,1,1.0,2.763102e-11,1.0
1,1,0.9945937,0.033613678,0.98918736
1,1,1.0,2.763102e-11,1.0
0,0,0.99999624,5.061671e-05,0.9999925
1,1,0.99998724,0.00015650294,0.9999745
0,0,0.96604544,0.1482307,0.9320909
0,0,0.99895483,0.008218234,0.99790967
0,0,0.99999404,7.787859e-05,0.9999881
0,1,0.91798156,0.28367165,0.83596313
0,0,1.0,4.2701617e-10,1.0
1,0,0.99999994,1.1664893e-06,0.9999999
0,1,0.52694184,0.69169474,0.05388367
1,0,1.0,7.4746076e-10,1.0
1,1,1.0,2.763102e-11,1.0
0,0,0.99985135,0.0014588126,0.9997027
0,0,1.0,2.763102e-11,1.0
0,0,0.9999993,1.0469159e-05,0.99999857
0,0,0.99997073,0.00033484216,0.99994147
1,1,0.9953961,0.029366307,0.99079216
1,1,0.741595,0.571382,0.48318994
0,0,0.9998522,0.001451593,0.99970436
0,0,0.9998521,0.0014518389,0.99970424
1,1,0.8732099,0.38023895,0.7464198
0,1,0.93842673,0.23127466,0.87685347
0,1,0.999925,0.00078718405,0.99985003
0,0,0.99849784,0.0112664625,0.9969957
1,1,1.0,2.763102e-11,1.0
0,0,0.9504175,0.19728404,0.90083504
1,1,0.8354857,0.44708037,0.6709714
1,0,0.99766266,0.016495863,0.9953253
1,1,0.99999964,5.6661747e-06,0.9999993
1,1,0.9869442,0.06961309,0.9738884
0,0,0.9989121,0.008510645,0.9978242
1,0,0.9944768,0.03422186,0.9889536
1,0,0.70522934,0.6063682,0.41045868
1,1,1.0,2.763102e-11,1.0
0,0,0.99892867,0.008397431,0.99785733
1,0,1.0,4.3952617e-10,1.0
1,1,0.86966866,0.3870161,0.7393373
0,1,0.9001598,0.32473177,0.80031955
1,1,1.0,2.763102e-11,1.0
1,1,0.9999995,7.417722e-06,0.99999905
0,0,0.99894845,0.008261949,0.9978969
0,0,0.9999999,1.7797462e-06,0.99999976
1,0,1.0,2.763102e-11,1.0
1,1,1.0,2.763102e-11,1.0
0,0,1.0,2.763102e-11,1.0
1,1,1.0,2.763102e-11,1.0
1,0,0.57553935,0.681691,0.15107867
0,0,0.9969257,0.0208534,0.9938514
1,1,1.0,2.763102e-11,1.0
1,1,0.9999999,2.0196896e-06,0.99999976
1,1,1.0,2.763102e-11,1.0
1,0,0.99967825,0.0029092967,0.9993565
1,0,0.67389834,0.6313834,0.3477967
1,0,0.90856725,0.30584016,0.8171345
1,1,1.0,2.763102e-11,1.0
1,1,1.0,2.763102e-11,1.0
0,0,1.0,2.763102e-11,1.0
0,0,0.9998522,0.0014513595,0.99970436
1,1,1.0,2.763102e-11,1.0
1,1,0.86339056,0.39876056,0.72678113
1,1,1.0,2.763102e-11,1.0
0,0,1.0,2.763102e-11,1.0
1,0,1.0,1.0250503e-09,1.0
1,0,0.9882997,0.063676044,0.97659945
0,0,0.9989602,0.008181351,0.9979204
1,1,0.93842673,0.23127466,0.87685347
0,0,1.0,4.8680615e-09,1.0
1,1,1.0,2.763102e-11,1.0
1,1,0.955223,0.18283921,0.91044605
0,0,0.9998522,0.0014516438,0.99970436
0,0,0.9193855,0.28026766,0.838771
0,0,0.9998522,0.0014514487,0.99970436
0,0,0.98095953,0.09428084,0.96191907
1,0,0.71231264,0.600068,0.42462528
0,0,1.0,4.3793466e-10,1.0
1,0,1.0,4.860512e-09,1.0
0,0,1.0,6.4890987e-10,1.0
0,0,0.9998522,0.001451593,0.99970436
1,0,0.6661918,0.6368428,0.33238363
1,1,0.9957788,0.027292268,0.9915576
0,0,0.99894744,0.008268867,0.9978949
1,0,0.99899626,0.007932929,0.9979925
1,1,0.9999994,9.1391485e-06,0.9999988
1,0,0.9662448,0.14756247,0.93248963
1,1,0.9841245,0.081520736,0.96824896
0,0,0.99894714,0.008270862,0.9978943
0,0,0.9989376,0.008336323,0.9978752
1,0,0.78911847,0.5151223,0.57823694
1,1,0.93842673,0.23127466,0.87685347
1,1,1.0,2.763102e-11,1.0
1,1,1.0,2.763102e-11,1.0
1,1,0.99998724,0.00015650294,0.9999745
1,0,0.99978346,0.0020434733,0.9995669
1,1,1.0,2.763102e-11,1.0
1,1,0.9158749,0.28873047,0.8317498
0,0,1.0,4.815988e-10,1.0
0,0,0.9999434,0.0006102171,0.99988675
0,0,1.0,2.9067776e-10,1.0
1,1,1.0,2.763102e-11,1.0
0,0,1.0,1.3749769e-09,1.0
1,1,0.98198366,0.09021525,0.9639673
1,1,0.99482346,0.032410473,0.9896469
1,1,1.0,2.763102e-11,1.0
0,0,1.0,4.3802086e-09,1.0
1,1,0.9999999,2.0196896e-06,0.99999976
1,1,0.93842673,0.23127466,0.87685347
0,0,1.0,4.007906e-10,1.0
0,0,1.0,3.869382e-10,1.0
1,1,0.9999999,2.0196896e-06,0.99999976
0,0,0.99894345,0.008296404,0.9978869
1,1,0.93842673,0.23127466,0.87685347
0,0,0.99274445,0.042969864,0.9854889
1,1,0.99998724,0.00015650294,0.9999745
1,1,1.0,2.763102e-11,1.0
0,0,0.9652715,0.15081297,0.93054295
0,0,1.0,1.2089566e-09,1.0
0,0,0.9969115,0.020935318,0.99382305
0,0,1.0,2.763102e-11,1.0
0,0,0.99995035,0.0005417609,0.9999007
1,1,0.8406119,0.4386539,0.68122375
0,0,1.0,7.3254824e-10,1.0
1,0,0.6661918,0.6368428,0.33238363
0,0,0.99893963,0.008322383,0.99787927
1,1,1.0,2.763102e-11,1.0
1,1,1.0,2.763102e-11,1.0
1,1,0.8264185,0.4615199,0.65283704
0,0,0.99894744,0.008268737,0.9978949
0,0,0.9983205,0.012408801,0.99664104
1,1,1.0,2.763102e-11,1.0
0,0,0.96763015,0.14288594,0.9352603
1,1,0.61269855,0.66752565,0.22539711
1,1,0.9794209,0.10028439,0.9588418
1,0,0.6661918,0.6368428,0.33238363
0,0,1.0,6.9226913e-10,1.0
0,0,1.0,4.6941495e-10,1.0
1,0,0.57682526,0.68129605,0.15365049
1,0,0.99899626,0.007932929,0.9979925
0,0,1.0,2.763102e-11,1.0
1,0,0.68153274,0.6257087,0.36306548
0,0,0.9989576,0.008199379,0.99791515
1,1,1.0,2.763102e-11,1.0
1,0,0.9984291,0.011711344,0.99685824
1,0,0.99899626,0.007932929,0.9979925
1,1,0.9999987,1.9072222e-05,0.9999974
1,1,0.9999999,2.0196896e-06,0.99999976
0,0,0.9999998,2.9292926e-06,0.99999964
0,0,0.99892026,0.008454757,0.9978405
1,1,0.993869,0.037345886,0.987738
1,0,0.9953893,0.029402785,0.99077857
0,0,1.0,1.0466401e-09,1.0
0,0,0.99894357,0.008295619,0.99788713
1,1,0.93842673,0.23127466,0.87685347
0,0,0.9989433,0.008297014,0.99788666
1,1,1.0,2.763102e-11,1.0
0,0,0.9998522,0.0014514487,0.99970436
1,1,0.9940825,0.036255736,0.988165
1,0,0.82526827,0.46331024,0.65053654
0,0,0.99894744,0.008268966,0.9978949
0,0,0.99988353,0.0011712492,0.99976707
1,0,0.99999994,7.9483357e-07,0.9999999
1,1,0.8525306,0.41829428,0.7050612
1,1,0.93842673,0.23127466,0.87685347
1,1,1.0,2.763102e-11,1.0
0,0,0.9989548,0.008218598,0.99790955
1,0,0.99978346,0.0020434733,0.9995669
0,0,0.9989486,0.008261184,0.99789715
0,0,0.9998522,0.0014514487,0.99970436
0,0,1.0,2.763102e-11,1.0
1,1,1.0,2.763102e-11,1.0
0,0,1.0,3.0361105e-10,1.0
0,0,1.0,7.938306e-10,1.0
1,1,0.8264185,0.4615199,0.65283704
0,0,1.0,3.8073558e-10,1.0
1,1,0.99387604,0.037310094,0.9877521
1,1,1.0,2.763102e-11,1.0
1,0,0.71780705,0.59501255,0.43561408
1,0,0.9999996,6.4062515e-06,0.99999917
0,0,0.9999401,0.0006423019,0.9998802
1,1,1.0,2.763102e-11,1.0
0,0,1.0,2.763102e-11,1.0
1,0,0.9550122,0.18348391,0.9100244
1,0,0.8198302,0.4716509,0.63966036
1,0,0.99972886,0.0024978889,0.9994577
1,0,0.9933747,0.03984152,0.9867494
0,0,0.9989384,0.008331034,0.99787676
1,1,0.99999094,0.000114260336,0.9999819
0,0,1.0,3.661478e-10,1.0
0,0,0.9637825,0.15573095,0.927565
1,0,0.6166004,0.6657039,0.23320082
1,1,0.9996747,0.0029378321,0.99934936
0,0,0.9989447,0.008287828,0.9978894
0,0,0.9998522,0.0014513505,0.99970436
1,1,0.99999964,5.6661747e-06,0.9999993
0,0,1.0,3.358757e-10,1.0
1,1,0.99999845,2.2281009e-05,0.9999969
0,0,0.9989251,0.008421811,0.9978502
1,1,1.0,2.763102e-11,1.0
1,1,0.9771995,0.10874666,0.954399
0,0,1.0,2.763102e-11,1.0
0,0,0.9998207,0.0017261505,0.9996414
1,1,1.0,2.763102e-11,1.0
0,0,0.9989382,0.008332359,0.9978764
1,0,1.0,2.763102e-11,1.0
1,1,1.0,2.763102e-11,1.0
1,1,0.999998,2.8593053e-05,0.99999595
0,0,1.0,9.468131e-08,1.0
1,0,0.9998525,0.001448726,0.99970496
0,0,0.9989452,0.008284278,0.99789035
0,1,0.99997437,0.00029658352,0.99994874
0,0,1.0,2.1061881e-08,1.0
1,0,0.8793249,0.36826792,0.7586498
1,1,0.9562809,0.1795887,0.9125618
1,1,1.0,2.763102e-11,1.0
0,0,1.0,4.325518e-10,1.0
1,1,0.62092876,0.66360766,0.24185753
1,1,0.93842673,0.23127466,0.87685347
1,1,0.99591535,0.026543975,0.9918307
1,1,0.993722,0.03809202,0.98744404
1,0,0.9435584,0.21706212,0.8871168
1,1,0.9999999,2.0196896e-06,0.99999976
1,1,0.98684794,0.0700291,0.9736959
1,0,1.0,2.763102e-11,1.0
0,0,1.0,7.693409e-09,1.0
0,1,0.9999814,0.00022116103,0.9999628
1,0,0.9998524,0.0014492004,0.99970484
1,1,0.9873366,0.06790988,0.97467315
0,0,1.0,4.437797e-10,1.0
1,1,1.0,2.763102e-11,1.0
0,0,1.0,1.4533575e-07,1.0
1,1,0.95965225,0.16904777,0.9193045
1,1,1.0,2.763102e-11,1.0
1,0,0.99899626,0.007932929,0.9979925
1,0,0.6661918,0.6368428,0.33238363
1,0,0.99944645,0.004704491,0.9988929
0,0,0.9480578,0.20419477,0.89611554
0,0,0.9998207,0.0017261505,0.9996414
1,0,0.7707145,0.53841156,0.54142904
1,1,0.9778112,0.10643939,0.95562243
0,0,1.0,1.3719017e-09,1.0
0,0,0.99894345,0.008296145,0.9978869
1,1,0.9950459,0.03123589,0.9900918
1,1,1.0,2.763102e-11,1.0
0,0,0.99894214,0.008305119,0.9978843
1,1,1.0,2.763102e-11,1.0
1,1,0.9996513,0.003124642,0.9993026
0,0,1.0,2.763102e-11,1.0
1,1,1.0,2.763102e-11,1.0
0,0,0.9998522,0.0014514873,0.99970436
1,1,0.9370468,0.23501712,0.87409365
1,1,0.9951272,0.03080411,0.9902544
0,0,0.9998521,0.001451829,0.99970424
0,0,1.0,3.2522737e-10,1.0
1,0,0.9999469,0.00057593366,0.9998938
1,1,1.0,2.763102e-11,1.0
0,0,1.0,3.27727e-10,1.0
1,1,0.9999937,8.195886e-05,0.99998736
1,1,1.0,2.763102e-11,1.0
0,0,1.0,2.854099e-10,1.0
1,1,0.8264185,0.4615199,0.65283704
0,0,0.9739705,0.1206572,0.94794095
1,1,0.99697113,0.020590408,0.99394226
1,0,0.9998205,0.0017280667,0.99964094
1,1,1.0,2.763102e-11,1.0
0,0,0.99895626,0.0082083065,0.9979125
0,0,1.0,2.763102e-11,1.0
0,0,1.0,1.9780222e-10,1.0
1,1,0.99999976,3.87412e-06,0.9999995
1,0,0.74564844,0.56706554,0.4912969
1,1,1.0,2.763102e-11,1.0
1,1,1.0,2.763102e-11,1.0
1,1,0.99998,0.00023668921,0.99995995
0,0,1.0,3.100371e-10,1.0
1,1,1.0,2.763102e-11,1.0
1,1,0.99999976,3.87412e-06,0.9999995
1,1,0.9999999,2.0196896e-06,0.99999976
0,0,1.0,3.5523226e-10,1.0
1,1,0.993869,0.037345886,0.987738
1,1,0.9999776,0.00026234568,0.9999552
1,1,0.9185666,0.28225636,0.83713317
1,1,0.932273,0.24771939,0.86454594
0,0,0.9989487,0.008260473,0.9978974
1,1,0.993722,0.03809202,0.98744404
1,1,1.0,2.763102e-11,1.0
1,0,0.9999999,1.8029289e-06,0.99999976
0,0,0.9065313,0.31049055,0.81306255
1,1,0.97908014,0.10159777,0.9581603
0,0,1.0,5.8774554e-09,1.0
1,0,0.7047113,0.6068194,0.40942264
0,0,0.9989493,0.008256212,0.9978986
1,1,0.9391107,0.22940749,0.8782214
1,0,1.0,1.0873712e-09,1.0
0,0,1.0,1.8767177e-09,1.0
1,1,0.9519749,0.1926586,0.90394986
1,1,0.94621366,0.20951644,0.8924273
1,1,1.0,2.763102e-11,1.0
1,1,1.0,2.763102e-11,1.0
1,0,0.71965003,0.59328353,0.43930006
1,1,0.9936041,0.038687997,0.98720825
1,0,0.99985236,0.0014501198,0.9997047
1,1,0.93842673,0.23127466,0.87685347
1,1,0.99686414,0.021208707,0.9937283
1,1,0.96670717,0.14600833,0.93341434
1,1,1.0,2.763102e-11,1.0
1,0,1.0,3.4385675e-07,1.0
0,0,0.9989253,0.008420157,0.99785066
1,1,0.6476948,0.648862,0.29538965
1,0,1.0,2.763102e-11,1.0
1,1,0.99999833,2.3871251e-05,0.99999666
1,1,1.0,2.763102e-11,1.0
0,0,0.9876068,0.06672966,0.97521365
1,0,0.7050587,0.60651696,0.4101174
0,0,1.0,8.3067775e-10,1.0
0,0,1.0,3.564454e-10,1.0
1,1,1.0,2.763102e-11,1.0
0,0,0.9989446,0.008288569,0.99788916
1,1,0.99968314,0.002869753,0.9993663
1,1,0.9978198,0.01553894,0.99563956
1,1,1.0,2.763102e-11,1.0
1,0,0.9999995,7.4563077e-06,0.99999905
0,0,0.99895513,0.008216329,0.99791026
1,0,0.99899626,0.007932929,0.9979925
1,1,0.9991309,0.0069941515,0.9982618
1,1,1.0,2.763102e-11,1.0
0,0,0.9804418,0.0963147,0.9608836
1,1,0.96345425,0.15680651,0.9269085
1,1,0.999998,2.8593053e-05,0.99999595
1,0,0.99982196,0.001714989,0.9996439
0,0,1.0,2.7681296e-10,1.0
1,1,0.9999993,1.0836571e-05,0.99999857
1,1,1.0,2.763102e-11,1.0
1,1,1.0,2.763102e-11,1.0
0,0,1.0,1.335865e-09,1.0
1,1,1.0,2.763102e-11,1.0
1,1,0.9920913,0.046153817,0.9841826
1,1,0.9929484,0.04196377,0.9858968
1,1,0.9599504,0.16810179,0.9199008
1,0,0.99899626,0.007932929,0.9979925
1,0,0.97240597,0.12627657,0.94481194
1,1,0.8604104,0.4042178,0.7208208
0,0,1.0,3.625589e-10,1.0
1,0,0.9998219,0.0017155515,0.9996438
0,0,1.0,2.763102e-11,1.0
0,0,0.9989609,0.008176467,0.9979218
1,0,0.78483975,0.5207138,0.5696795
1,0,0.6661918,0.6368428,0.33238363
1,1,0.9906804,0.052851107,0.9813608
0,0,0.9989465,0.008275341,0.997893
1,0,0.68855214,0.6202543,0.37710428
0,0,1.0,2.763102e-11,1.0
1,0,0.99888384,0.008703031,0.9977677
0,0,0.9989358,0.00834857,0.99787164
1,1,0.95516133,0.18302795,0.91032267
1,1,0.98482865,0.078598544,0.9696573
1,1,0.9769347,0.10974027,0.95386934
0,0,0.9989447,0.008287681,0.9978894
0,0,0.99999857,2.1011216e-05,0.99999714
1,1,0.9838558,0.08262735,0.96771157
0,0,1.0,1.2606758e-09,1.0
1,1,1.0,2.763102e-11,1.0
1,1,0.93842673,0.23127466,0.87685347
1,0,1.0,1.9785588e-10,1.0
1,0,0.99982184,0.0017160946,0.9996437
0,0,0.99985135,0.0014588126,0.9997027
1,1,0.9593573,0.16998126,0.91871464
0,0,1.0,2.9246464e-10,1.0
1,0,0.9999995,7.280249e-06,0.99999905
1,1,0.99999976,3.87412e-06,0.9999995
1,1,0.6145521,0.66666824,0.22910416
1,1,0.823465,0.4660985,0.64693
1,1,0.8441688,0.432692,0.68833756
0,0,0.9989548,0.008218708,0.99790955
1,1,0.95366985,0.18756443,0.9073397
1,1,1.0,2.763102e-11,1.0
1,1,1.0,2.763102e-11,1.0
0,0,0.9999968,4.365479e-05,0.99999356
1,1,0.87645805,0.37392318,0.7529161
1,0,0.99899626,0.007932929,0.9979925
1,1,0.9956807,0.027827144,0.9913614
1,0,0.99994725,0.00057222723,0.9998945
1,1,1.0,2.763102e-11,1.0
1,1,1.0,2.763102e-11,1.0
0,0,1.0,1.20435635e-08,1.0
0,0,0.9998522,0.0014513307,0.99970436
0,0,0.9989385,0.008330011,0.997877
1,1,0.98908126,0.06018184,0.9781625
1,0,0.6533954,0.64531934,0.30679086
1,1,0.9366765,0.23601598,0.873353
1,1,1.0,2.763102e-11,1.0
1,1,0.8354857,0.44708037,0.6709714
0,0,0.9989519,0.0082381815,0.9979038
0,0,0.9994486,0.0046884827,0.9988972
0,0,0.9989418,0.008307775,0.99788356
0,0,1.0,2.9881164e-10,1.0
0,0,0.9999195,0.0008397162,0.99983895
1,1,0.998466,0.011472857,0.996932
0,0,1.0,6.093731e-10,1.0
1,1,0.9973074,0.018621637,0.99461484
0,0,0.9960563,0.025766648,0.99211264
0,0,0.99893713,0.008339687,0.99787426
0,0,0.99985224,0.0014511015,0.9997045
1,0,1.0,9.045103e-09,1.0
1,1,1.0,2.763102e-11,1.0
0,0,1.0,3.4487893e-10,1.0
0,0,1.0,6.2714873e-09,1.0
1,1,1.0,2.763102e-11,1.0
1,1,1.0,2.763102e-11,1.0
1,1,1.0,2.763102e-11,1.0
1,0,0.9480053,0.20434706,0.89601064
0,0,1.0,3.95773e-10,1.0
1,1,0.86425275,0.39716774,0.7285055
1,1,0.9992747,0.0059683854,0.99854934
0,0,1.0,5.130873e-10,1.0
1,1,0.99649835,0.023295688,0.9929967
0,0,0.99895686,0.008204394,0.9979137
1,1,1.0,2.763102e-11,1.0
0,0,0.9989463,0.008276637,0.9978926
0,0,0.99985236,0.0014499458,0.9997047
1,1,0.93842673,0.23127466,0.87685347
1,1,0.93842673,0.23127466,0.87685347
1,0,1.0,2.763102e-11,1.0
1,0,0.87455285,0.37763935,0.7491057
1,1,1.0,2.763102e-11,1.0
1,0,0.99899626,0.007932929,0.9979925
1,0,0.99999994,1.2153733e-06,0.9999999
0,0,0.9989587,0.008191557,0.9979174
0,0,0.99894804,0.008264784,0.9978961
1,0,0.93393075,0.24335057,0.8678615
1,1,0.99999976,3.87412e-06,0.9999995
1,0,1.0,2.763102e-11,1.0
0,0,0.9747806,0.11770964,0.94956124
0,0,0.81062907,0.48530954,0.62125814
1,1,1.0,2.763102e-11,1.0
0,0,0.99999994,8.7185936e-07,0.9999999
1,1,0.99669147,0.022198923,0.99338293
0,0,0.99893975,0.008321715,0.9978795
0,0,1.0,3.4435943e-09,1.0
1,1,0.9998857,0.0011519556,0.99977136
1,1,0.9999987,1.9072222e-05,0.9999974
1,1,0.94372165,0.21660203,0.8874433
0,0,0.99893755,0.008336572,0.9978751
0,1,0.86507374,0.39564517,0.7301475
1,1,1.0,2.763102e-11,1.0
0,0,0.99895924,0.008187809,0.9979185
1,1,0.93842673,0.23127466,0.87685347
1,0,0.9951371,0.030751409,0.9902742
1,1,0.9954211,0.02923165,0.9908422
1,1,0.9999999,2.0196896e-06,0.99999976
0,0,0.9999741,0.0002999035,0.99994814
1,1,1.0,2.763102e-11,1.0
1,1,1.0,2.763102e-11,1.0
1,0,0.7571061,0.5543927,0.51421225
0,0,1.0,3.6276607e-10,1.0
0,0,0.9989427,0.008301737,0.99788535
0,0,0.9989619,0.008169388,0.99792385
0,0,0.9989544,0.00822104,0.99790883
0,0,0.9999667,0.0003769512,0.99993336
1,0,0.9990204,0.0077663152,0.9980408
1,1,0.993869,0.037345886,0.987738
0,1,0.9999999,2.0196896e-06,0.99999976
1,1,0.79387385,0.5087787,0.5877477
1,1,0.99998724,0.00015650294,0.9999745
1,1,0.993869,0.037345886,0.987738
1,0,0.9981301,0.013614815,0.99626017
1,0,1.0,2.9528383e-07,1.0
0,0,1.0,4.0952648e-07,1.0
1,1,0.992215,0.04555523,0.98442996
1,0,0.94849914,0.20291093,0.8969983
0,0,0.99894077,0.008314584,0.99788153
0,0,0.9988767,0.008751498,0.9977534
1,0,0.99899626,0.007932929,0.9979925
1,1,0.99999976,3.87412e-06,0.9999995
0,0,0.9989455,0.008282439,0.99789095
0,0,1.0,1.9433946e-10,1.0
0,0,1.0,1.7686712e-09,1.0
0,0,1.0,1.8727413e-09,1.0
1,1,1.0,2.763102e-11,1.0
1,1,0.99387604,0.037310094,0.9877521
1,1,0.9999982,2.5452973e-05,0.9999964
1,1,0.9999794,0.00024312871,0.99995875
1,0,0.5788095,0.68067336,0.157619
1,1,0.8106264,0.48531342,0.6212528
0,0,0.9989583,0.008194375,0.9979166
0,0,0.9997658,0.0021918407,0.9995316
0,0,1.0,7.739158e-10,1.0
0,0,0.999955,0.00049524475,0.99991
1,1,0.9965676,0.022903603,0.9931352
1,1,0.9999912,0.00011148874,0.99998236
0,0,0.9989533,0.0082287565,0.99790657
0,0,0.9989347,0.008356375,0.9978694
1,1,0.9999857,0.00017387705,0.9999714
0,0,0.9978374,0.015430722,0.99567485
1,1,1.0,2.763102e-11,1.0
0,0,0.9989584,0.008193657,0.9979168
1,1,1.0,2.763102e-11,1.0
1,1,1.0,2.763102e-11,1.0
0,0,1.0,4.2047515e-07,1.0
1,1,1.0,2.763102e-11,1.0
0,0,0.9998522,0.0014512977,0.99970436
1,1,0.82722217,0.4602636,0.65444434
1,1,0.980738,0.095152944,0.96147597
1,1,0.93842673,0.23127466,0.87685347
1,1,0.85247463,0.41839245,0.70494926
1,1,0.9782825,0.10465005,0.956565
0,0,1.0,3.079196e-10,1.0
1,1,0.9999999,2.0196896e-06,0.99999976
1,1,0.93842673,0.23127466,0.87685347
1,1,0.9620754,0.16129133,0.9241508
0,0,0.9988888,0.008669436,0.9977776
1,1,0.99998724,0.00015650294,0.9999745
1,1,1.0,2.763102e-11,1.0
1,0,0.87144387,0.38363275,0.74288774
1,1,0.85247463,0.41839245,0.70494926
1,1,1.0,2.763102e-11,1.0
0,0,1.0,2.763102e-11,1.0
1,1,0.83243126,0.45201012,0.6648625
1,1,0.9185666,0.28225636,0.83713317
0,0,0.97244835,0.1261257,0.9448967
1,0,0.9997852,0.0020290606,0.99957037
0,1,0.6003644,0.67286366,0.20072877
0,0,0.9988773,0.008747498,0.9977546
0,0,0.9989545,0.0082207145,0.99790895
1,0,0.99965495,0.0030954771,0.9993099
0,0,0.99999994,8.631954e-07,0.9999999
1,0,0.99999976,4.2313395e-06,0.9999995
0,0,1.0,9.544191e-10,1.0
0,0,1.0,4.4221973e-10,1.0
0,0,0.9989109,0.008518614,0.9978218
0,0,1.0,2.8544073e-10,1.0
0,0,1.0,1.6580346e-07,1.0
1,1,0.9999988,1.7452001e-05,0.9999976
1,1,0.7564531,0.555134,0.5129062
0,0,1.0,3.0713954e-10,1.0
0,0,0.9989483,0.00826302,0.99789655
1,1,1.0,2.763102e-11,1.0
0,0,0.9989612,0.008174511,0.9979224
1,1,0.93842673,0.23127466,0.87685347
0,0,0.99871683,0.009826367,0.99743366
0,0,0.9989447,0.008287681,0.9978894
0,0,1.0,4.832656e-10,1.0
0,0,0.9998522,0.0014514345,0.99970436
1,0,0.99415356,0.035891213,0.9883071
0,0,0.9989267,0.008410935,0.9978534
1,1,0.99907863,0.0073609883,0.99815726
1,0,0.99899626,0.007932929,0.9979925
1,1,0.99373734,0.038014423,0.9874747
1,1,1.0,2.763102e-11,1.0
1,0,0.9984338,0.0116810715,0.99686766
1,1,0.99387604,0.037310094,0.9877521
0,0,0.9878233,0.06577989,0.9756466
0,0,1.0,6.27208e-08,1.0
1,1,0.9999999,2.0196896e-06,0.99999976
1,1,0.9879793,0.06509321,0.9759586
1,0,0.99985236,0.0014499458,0.9997047
1,1,1.0,2.763102e-11,1.0
1,1,1.0,2.763102e-11,1.0
0,0,1.0,2.763102e-11,1.0
1,1,1.0,2.763102e-11,1.0
1,1,1.0,2.763102e-11,1.0
0,0,0.99892247,0.008439953,0.99784493
1,1,0.93842673,0.23127466,0.87685347
1,1,0.99961865,0.0033831897,0.9992373
0,0,1.0,2.763102e-11,1.0
0,0,0.99895036,0.008248771,0.9979007
0,0,0.9998522,0.0014514773,0.99970436
1,1,0.972938,0.12437613,0.945876
1,0,0.9955492,0.028540604,0.9910984
1,1,0.99937975,0.0052008145,0.9987595
1,1,1.0,2.763102e-11,1.0
0,0,0.99894154,0.008309413,0.9978831
1,0,0.99999887,1.6780246e-05,0.99999774
0,0,0.552116,0.68770516,0.10423195
1,1,1.0,2.763102e-11,1.0
1,1,1.0,2.763102e-11,1.0
0,0,1.0,2.763102e-11,1.0
0,0,0.9989496,0.008254143,0.9978992
0,0,1.0,3.0554448e-10,1.0
0,0,1.0,1.422624e-08,1.0
0,0,0.99985224,0.0014510927,0.9997045
1,0,0.9999987,1.928032e-05,0.9999974
1,1,1.0,2.763102e-11,1.0
0,0,1.0,2.1314546e-07,1.0
1,1,1.0,2.763102e-11,1.0
0,0,1.0,3.5241383e-09,1.0
0,0,0.9989072,0.008544044,0.9978144
1,1,0.99512875,0.030795868,0.9902575
1,0,0.5810406,0.67995393,0.16208127
1,1,0.98538095,0.07628345,0.9707619
0,0,1.0,2.6781097e-10,1.0
1,1,0.99977416,0.0021219123,0.9995483
1,1,1.0,2.763102e-11,1.0
1,1,0.9965486,0.023011379,0.9930972
1,1,0.993869,0.037345886,0.987738
0,0,0.99999267,9.41548e-05,0.99998534
0,0,0.639719,0.6535797,0.27943802
1,1,0.99231905,0.045050025,0.9846381
0,0,0.9989581,0.008195593,0.9979162
1,1,1.0,2.763102e-11,1.0
1,0,0.99899626,0.007932929,0.9979925
1,0,0.99999994,6.55667e-07,0.9999999
1,1,0.99999213,0.00010033607,0.99998426
1,0,1.0,2.763102e-11,1.0
0,0,0.9985726,0.010778682,0.9971452
0,0,1.0,1.3373102e-09,1.0
1,0,0.99999946,8.457431e-06,0.9999989
0,0,0.9998892,0.0011201514,0.9997784
0,0,0.9989155,0.008487436,0.997831
1,1,0.9037504,0.31676346,0.80750084
0,0,0.9989427,0.008301737,0.99788535
1,1,1.0,2.763102e-11,1.0
0,0,1.0,7.566134e-09,1.0
0,1,0.94405866,0.21565075,0.8881173
1,1,0.9999981,2.702674e-05,0.9999962
1,1,1.0,2.763102e-11,1.0
0,0,0.9999656,0.0003880491,0.9999312
1,1,0.99387604,0.037310094,0.9877521
1,1,0.63213646,0.65780884,0.26427293
0,0,1.0,5.815812e-10,1.0
1,1,0.99999464,7.0465496e-05,0.9999893
1,1,0.9987207,0.009800428,0.9974414
0,0,0.9989414,0.008310193,0.99788284
0,0,1.0,2.669186e-10,1.0
1,1,1.0,2.763102e-11,1.0
0,0,0.9967171,0.022052435,0.9934342
0,0,1.0,3.026894e-10,1.0
0,0,1.0,3.1378697e-09,1.0
1,0,0.9968683,0.021184735,0.9937366
0,0,1.0,2.763102e-11,1.0
1,0,1.0,2.763102e-11,1.0
1,1,1.0,2.763102e-11,1.0
1,1,0.9165695,0.287069,0.83313894
0,0,1.0,9.0614e-10,1.0
1,1,1.0,2.763102e-11,1.0
0,0,0.9988844,0.008699539,0.99776876
1,1,0.99908924,0.007286779,0.9981785
0,0,0.99894166,0.008308365,0.9978833
1,0,1.0,2.763102e-11,1.0
0,0,0.9973782,0.01820221,0.99475634
0,0,1.0,3.9515333e-10,1.0
1,1,0.95822746,0.17353705,0.9164549
1,1,1.0,2.763102e-11,1.0
1,1,1.0,2.763102e-11,1.0
1,1,0.9998079,0.0018360256,0.9996158
0,0,1.0,7.349817e-08,1.0
1,0,0.6120323,0.66783035,0.22406456
0,0,1.0,6.666473e-09,1.0
0,0,0.92587566,0.26417896,0.8517513
1,1,0.9999988,1.7452001e-05,0.9999976
0,0,0.9889267,0.060877115,0.9778534
1,1,1.0,2.763102e-11,1.0
0,0,1.0,8.669895e-08,1.0
1,1,1.0,2.763102e-11,1.0
1,0,0.9844035,0.08036675,0.968807
1,0,0.9998524,0.0014496099,0.99970484
1,1,1.0,2.763102e-11,1.0
1,1,0.9999995,7.417722e-06,0.99999905
0,1,0.9999646,0.00039825973,0.9999292
0,0,1.0,2.8143488e-10,1.0
1,1,1.0,2.763102e-11,1.0
0,1,0.9998965,0.0010529626,0.99979305
1,1,0.9419708,0.22150993,0.88394165
1,0,0.61779964,0.6651311,0.23559931
1,1,1.0,2.763102e-11,1.0
0,0,1.0,2.763102e-11,1.0
0,0,0.9989294,0.008392397,0.99785876
1,1,0.90716726,0.30904323,0.8143345
1,0,0.9997851,0.0020295032,0.99957025
1,1,1.0,2.763102e-11,1.0
1,0,0.8699924,0.3864012,0.73998475
1,1,1.0,2.763102e-11,1.0
1,1,0.9476924,0.20525458,0.8953848
0,0,0.9903657,0.054314423,0.98073137
0,0,0.99917996,0.006647097,0.9983599
1,1,1.0,2.763102e-11,1.0
0,0,1.0,2.763102e-11,1.0
0,0,0.95800686,0.1742275,0.9160137
0,0,1.0,2.763102e-11,1.0
0,0,1.0,2.6781197e-10,1.0
1,1,0.9999981,2.702674e-05,0.9999962
0,0,0.99750245,0.017460892,0.9950049
1,0,0.98588187,0.0741654,0.97176373
1,0,0.5248554,0.6919111,0.04971075
1,0,0.9998205,0.0017280667,0.99964094
0,0,1.0,2.7310101e-10,1.0
0,0,0.9998522,0.0014516041,0.99970436
0,0,1.0,3.2036307e-10,1.0
0,0,0.9989441,0.00829193,0.9978882
0,0,1.0,4.2727882e-10,1.0
0,0,0.9998522,0.0014513307,0.99970436
0,0,1.0,2.2021416e-08,1.0
1,1,0.9970099,0.020365583,0.99401975
1,1,0.993454,0.039443817,0.98690796
0,0,0.9992104,0.006430038,0.99842083
1,1,0.99988294,0.0011768085,0.9997659
1,1,0.99999785,3.0152349e-05,0.9999957
1,1,1.0,2.763102e-11,1.0
1,1,0.9962368,0.024764115,0.9924736
1,1,0.99999917,1.2514034e-05,0.99999833
0,0,1.0,3.0615505e-10,1.0
0,0,1.0,3.637118e-10,1.0
1,1,0.9998846,0.0011616884,0.9997692
1,0,0.99899626,0.007932929,0.9979925
0,0,1.0,1.2487528e-09,1.0
0,0,1.0,6.762729e-08,1.0
1,1,0.99408025,0.036267344,0.9881605
1,1,0.99792624,0.01488414,0.9958525
0,0,0.99985224,0.0014511521,0.9997045
1,0,1.0,2.0799643e-10,1.0
0,0,0.9989556,0.008212745,0.9979112
1,1,0.9999999,2.0196896e-06,0.99999976
0,0,1.0,7.045533e-10,1.0
0,0,1.0,6.2017955e-09,1.0
1,1,0.99999964,5.6661747e-06,0.9999993
1,1,0.9712092,0.13051331,0.94241846
0,0,0.99895626,0.008208409,0.9979125
0,0,0.9942284,0.035506353,0.98845685
0,0,0.9941559,0.035879225,0.98831177
0,0,1.0,2.6580949e-10,1.0
1,1,0.9656817,0.1494466,0.93136334
1,1,0.9840591,0.08179045,0.9681182
1,0,0.8623209,0.40072793,0.7246418
1,1,1.0,2.763102e-11,1.0
1,1,1.0,2.763102e-11,1.0
1,0,0.99899626,0.007932929,0.9979925
0,0,0.97059906,0.13265355,0.9411981
1,1,0.5136201,0.6927761,0.027240157
1,1,0.9938473,0.03745624,0.9876946
1,1,0.93842673,0.23127466,0.87685347
1,1,0.9985273,0.011074663,0.9970546
1,0,0.9999987,1.9433126e-05,0.9999974
1,0,0.98467594,0.07923498,0.9693519
1,0,0.9942737,0.035272904,0.98854744
0,0,1.0,3.4000433e-10,1.0
0,0,0.9989531,0.0082299635,0.9979062
1,1,0.99999964,5.6661747e-06,0.9999993
0,0,1.0,3.1240244e-10,1.0
0,0,0.9811222,0.09363906,0.9622444
1,1,0.75896996,0.55226433,0.5179399
1,1,0.993869,0.037345886,0.987738
0,0,0.99893606,0.008346887,0.9978721
1,1,0.99857473,0.010764586,0.99714947
1,0,0.99559295,0.028303538,0.9911859
1,0,0.9997149,0.0026120339,0.9994298
0,0,0.9989297,0.008390679,0.99785936
0,0,1.0,7.498939e-09,1.0
1,1,0.8867473,0.35326234,0.7734946
1,1,0.96642727,0.14694999,0.93285453
1,1,0.9999999,2.0196896e-06,0.99999976
1,1,0.93842673,0.23127466,0.87685347
1,1,0.9961099,0.025469918,0.9922198
0,0,1.0,9.684765e-10,1.0
1,1,0.55225515,0.687676,0.10451031
1,1,1.0,2.763102e-11,1.0
1,0,0.9999998,2.8254053e-06,0.99999964
1,1,0.9712092,0.13051331,0.94241846
0,0,0.99999547,6.0063616e-05,0.99999094
1,0,1.0,9.723944e-10,1.0
0,1,0.9997099,0.0026529708,0.9994198
1,1,0.99318624,0.040783077,0.9863725
0,0,0.9932541,0.040444583,0.98650825
1,1,0.99998593,0.0001712155,0.99997187
1,1,0.993722,0.03809202,0.98744404
1,1,0.9999776,0.00026234568,0.9999552
0,0,0.99999976,4.248908e-06,0.9999995
1,1,0.99998724,0.00015650294,0.9999745
0,0,0.9999998,3.3379404e-06,0.99999964
0,0,0.9695492,0.1363058,0.93909836
1,1,0.99999285,9.189632e-05,0.9999857
1,1,0.9999994,9.1391485e-06,0.9999988
1,1,1.0,2.763102e-11,1.0
0,0,0.9613681,0.1635716,0.92273617
1,1,0.99999976,3.87412e-06,0.9999995
1,1,0.9999908,0.00011564377,0.99998164
1,1,0.99999285,9.189632e-05,0.9999857
1,1,0.99999976,3.87412e-06,0.9999995
1,1,0.99999905,1.4174408e-05,0.9999981
0,0,0.9989537,0.008225935,0.9979074
1,1,1.0,2.763102e-11,1.0
0,0,0.9998522,0.0014516229,0.99970436
1,1,0.999998,2.8593053e-05,0.99999595
0,0,0.9998522,0.0014514585,0.99970436
1,1,1.0,2.763102e-11,1.0
1,1,1.0,2.763102e-11,1.0
1,0,0.9862288,0.0726879,0.97245765
1,1,0.99697185,0.02058626,0.9939437
0,0,1.0,7.948553e-09,1.0
1,1,0.9999999,2.0196896e-06,0.99999976
1,0,0.9999999,2.071882e-06,0.99999976
1,1,1.0,2.763102e-11,1.0
1,1,0.9996138,0.0034211623,0.99922764
1,1,0.9999999,2.0196896e-06,0.99999976
1,1,0.9999999,2.0196896e-06,0.99999976
0,0,1.0,6.5713296e-10,1.0
0,0,0.99985224,0.0014511015,0.9997045
1,1,0.8354857,0.44708037,0.6709714
1,1,1.0,2.763102e-11,1.0
1,0,0.99924225,0.006202068,0.9984845
0,0,1.0,2.1196704e-09,1.0
0,0,1.0,1.045197e-09,1.0
0,0,0.9922388,0.045439526,0.98447764
1,1,1.0,2.763102e-11,1.0
0,0,0.9999513,0.00053224416,0.9999026
0,0,1.0,9.678159e-08,1.0
1,1,1.0,2.763102e-11,1.0
1,0,0.96353465,0.15654334,0.9270693
1,0,0.99899626,0.007932929,0.9979925
1,1,0.9635323,0.15655096,0.92706466
0,0,1.0,2.893137e-10,1.0
0,1,0.6069668,0.67008555,0.21393359
0,0,0.99896085,0.008176753,0.9979217
1,1,0.93842673,0.23127466,0.87685347
0,0,1.0,4.2699505e-10,1.0
1,1,1.0,2.763102e-11,1.0
1,1,0.9999999,2.0196896e-06,0.99999976
0,0,1.0,2.6437785e-10,1.0
0,0,0.9889065,0.06096793,0.977813
0,0,0.99764764,0.01658688,0.9952953
1,1,0.99548256,0.028900517,0.9909651
1,0,0.99985236,0.0014499732,0.9997047
1,1,1.0,2.763102e-11,1.0
0,0,1.0,2.9293426e-10,1.0
1,0,1.0,4.8535537e-11,1.0
0,0,1.0,2.8723324e-09,1.0
1,1,1.0,2.763102e-11,1.0
1,1,0.9999999,2.0196896e-06,0.99999976
1,1,0.9830335,0.085986026,0.96606696
0,1,0.9999939,7.909993e-05,0.99998784
1,0,0.99885356,0.008908546,0.9977071
0,0,0.998958,0.008196507,0.997916
0,0,0.9999923,9.845852e-05,0.9999846
1,1,0.9936041,0.038687997,0.98720825
1,1,0.9999999,2.0196896e-06,0.99999976
1,0,0.99985236,0.001449805,0.9997047
1,1,0.99387604,0.037310094,0.9877521
0,0,0.99889123,0.008652672,0.99778247
1,1,0.9999776,0.00026234568,0.9999552
1,1,1.0,2.763102e-11,1.0
0,0,0.99893504,0.008353978,0.9978701
0,0,1.0,4.7516957e-10,1.0
1,1,1.0,2.763102e-11,1.0
0,1,0.5872139,0.67785656,0.17442775
0,0,0.9999661,0.00038298115,0.99993217
1,0,0.9998524,0.001449622,0.99970484
0,1,0.9999511,0.000534027,0.99990225
1,1,0.9998671,0.0013193089,0.99973416
1,1,0.9794321,0.1002411,0.9588642
1,1,0.9999995,7.417722e-06,0.99999905
0,0,0.998963,0.008162096,0.997926
1,0,0.59417987,0.6753011,0.18835977
0,0,1.0,2.763102e-11,1.0
0,0,0.998924,0.00842914,0.99784803
0,0,0.99915576,0.0068185907,0.9983115
0,1,0.8704149,0.3855972,0.7408298
0,0,0.9747799,0.117712274,0.9495598
0,0,0.9997615,0.0022275303,0.99952304
1,1,0.9999143,0.000888355,0.9998286
0,0,1.0,4.2236292e-10,1.0
1,0,0.9765505,0.111176014,0.95310104
0,0,1.0,2.763102e-11,1.0
1,1,0.9919022,0.047065377,0.98380435
1,1,1.0,2.763102e-11,1.0
0,0,0.99999774,3.1747106e-05,0.99999547
1,1,1.0,2.763102e-11,1.0
0,0,0.99894685,0.008273089,0.9978937
0,0,0.9929009,0.04219867,0.9858018
1,1,0.99691343,0.020924304,0.99382687
0,0,1.0,1.8746873e-09,1.0
1,1,0.993869,0.037345886,0.987738
0,0,1.0,1.13056046e-07,1.0
0,0,0.9998522,0.0014516361,0.99970436
1,0,0.9997502,0.002322014,0.9995004
0,1,0.99998724,0.00015650294,0.9999745
1,1,0.99999964,5.6661747e-06,0.9999993
1,1,0.7757135,0.53227997,0.551427
1,1,1.0,2.763102e-11,1.0
1,1,1.0,2.763102e-11,1.0
0,0,0.9930008,0.041704483,0.9860016
0,0,1.0,4.4639625e-10,1.0
0,0,0.75470525,0.5571066,0.5094105
1,1,0.8969682,0.33169395,0.7939364
0,0,1.0,2.8651823e-10,1.0
0,0,0.99999964,5.4451702e-06,0.9999993
1,1,0.5462109,0.6888702,0.09242177
1,1,1.0,2.763102e-11,1.0
0,0,0.97329867,0.12308173,0.94659734
1,1,0.9999999,2.0196896e-06,0.99999976
0,1,0.93842673,0.23127466,0.87685347
0,0,0.9989384,0.008331141,0.99787676
0,0,0.9989447,0.008287867,0.9978894
1,1,0.9947425,0.032835472,0.989485
1,1,0.99387604,0.037310094,0.9877521
1,1,0.9990889,0.0072892825,0.99817777
0,0,0.9988757,0.008758368,0.99775136
0,0,1.0,3.6143283e-10,1.0
1,1,0.96404207,0.15487826,0.92808414
1,1,0.9990079,0.007852794,0.99801576
0,0,1.0,2.763102e-11,1.0
1,1,0.99999917,1.2514034e-05,0.99999833
1,1,1.0,2.763102e-11,1.0
1,1,0.97337604,0.12280335,0.9467521
0,0,1.0,4.183067e-10,1.0
1,1,1.0,2.763102e-11,1.0
1,0,0.9691992,0.13751504,0.93839836
0,0,1.0,2.827359e-10,1.0
1,1,1.0,2.763102e-11,1.0
0,0,1.0,2.763102e-11,1.0
0,0,1.0,4.715451e-10,1.0
0,0,0.99890196,0.008579729,0.9978039
0,0,1.0,2.763102e-11,1.0
0,0,0.9989475,0.008268511,0.997895
1,0,0.64784694,0.64876926,0.29569384
0,0,1.0,3.9518874e-10,1.0
1,0,0.9999997,4.884527e-06,0.9999994
1,1,0.9650163,0.1516604,0.9300326
0,0,0.994999,0.03148428,0.989998
0,0,1.0,4.4588677e-10,1.0
0,0,0.998906,0.008551955,0.99781203
0,0,0.98693115,0.06966954,0.9738623
1,1,0.99999774,3.1705014e-05,0.99999547
1,1,0.86600584,0.3939095,0.7320117
0,0,0.99895257,0.008233608,0.99790514
0,0,1.0,2.763102e-11,1.0
0,0,1.0,2.5941278e-09,1.0
1,0,0.99461395,0.033508077,0.9892279
0,0,1.0,2.8708505e-10,1.0
1,0,1.0,3.3470897e-09,1.0
0,0,1.0,3.634495e-10,1.0
1,1,0.9997639,0.0022077532,0.9995278
0,0,1.0,1.5434518e-08,1.0
1,0,0.9997853,0.0020281821,0.9995706
0,0,1.0,2.9173626e-09,1.0
0,0,1.0,3.039126e-10,1.0
1,1,1.0,2.763102e-11,1.0
1,1,1.0,2.763102e-11,1.0
0,0,0.99895775,0.008198266,0.9979155
1,0,1.0,2.2217375e-10,1.0
0,0,0.99985135,0.0014588126,0.9997027
1,1,0.9999999,2.0196896e-06,0.99999976
1,1,1.0,2.763102e-11,1.0
0,0,1.0,2.763102e-11,1.0
1,1,1.0,2.763102e-11,1.0
1,1,1.0,2.763102e-11,1.0
0,0,1.0,4.2867007e-10,1.0
1,1,1.0,2.763102e-11,1.0
1,0,0.9998525,0.0014490022,0.99970496
1,1,1.0,2.763102e-11,1.0
1,0,0.57860374,0.6807387,0.15720746
0,0,0.9998522,0.0014516361,0.99970436
1,0,0.99982184,0.0017159752,0.9996437
0,0,1.0,3.1274475e-10,1.0
1,1,1.0,2.763102e-11,1.0
1,1,0.9970003,0.020421317,0.99400055
1,0,0.9997851,0.0020297426,0.99957025
1,0,0.99982184,0.0017162593,0.9996437
0,0,1.0,2.3865454e-09,1.0
0,0,1.0,2.763102e-11,1.0
0,0,0.9999984,2.2778644e-05,0.9999968
0,0,1.0,2.763102e-11,1.0
1,0,0.99971193,0.0026364736,0.99942386
0,0,0.9989012,0.008584841,0.9978024
1,1,0.99998975,0.0001280273,0.9999795
1,0,0.77004117,0.5392266,0.54008234
1,0,0.9994054,0.0050108596,0.99881077
1,1,1.0,2.763102e-11,1.0
0,1,0.83663446,0.44520882,0.6732689
1,1,1.0,2.763102e-11,1.0
1,1,1.0,2.763102e-11,1.0
1,0,0.96994424,0.1349359,0.9398885
1,0,1.0,2.763102e-11,1.0
1,1,1.0,2.763102e-11,1.0
1,1,1.0,2.763102e-11,1.0
1,1,1.0,2.763102e-11,1.0
0,0,1.0,2.763102e-11,1.0
0,0,0.9988612,0.008856828,0.9977224
0,0,0.99890804,0.008538344,0.9978161
1,1,0.99998724,0.00015650294,0.9999745
1,0,0.994902,0.031996895,0.989804
0,0,0.99894565,0.008280991,0.9978913
0,0,0.9988291,0.009073709,0.99765825
1,1,0.99999964,5.6661747e-06,0.9999993
1,1,0.9999987,1.9072222e-05,0.9999974
1,1,0.9999794,0.00024312871,0.99995875
1,1,0.99960333,0.0035034632,0.99920666
0,0,0.9997735,0.0021273154,0.999547
1,0,0.9998129,0.0017931,0.9996258
1,0,0.9995725,0.003743568,0.99914503
0,0,1.0,1.4995317e-09,1.0
1,1,0.989739,0.057197444,0.979478
0,0,1.0,4.654534e-10,1.0
1,1,1.0,2.763102e-11,1.0
0,0,1.0,9.0088154e-10,1.0
1,1,0.98143,0.0924204,0.96286
0,0,0.9995978,0.0035469364,0.9991956
0,0,0.99888724,0.008679904,0.9977745
0,0,1.0,4.2883017e-10,1.0
0,0,1.0,5.7042865e-10,1.0
0,0,1.0,3.5337518e-08,1.0
1,0,0.773012,0.5356113,0.54602396
1,0,1.0,2.2103544e-08,1.0
1,1,1.0,2.763102e-11,1.0
1,1,1.0,2.763102e-11,1.0
0,0,0.96975327,0.13559876,0.93950653
0,0,1.0,2.763102e-11,1.0
1,1,0.9996654,0.0030123694,0.99933076
0,0,1.0,6.881869e-10,1.0
1,0,0.99752754,0.01731036,0.9950551
1,1,0.93842673,0.23127466,0.87685347
0,0,1.0,7.962422e-10,1.0
1,1,0.965156,0.15119664,0.93031204
1,1,1.0,2.763102e-11,1.0
0,0,0.9989567,0.008205389,0.99791336
1,1,0.9999999,2.0196896e-06,0.99999976
1,0,0.7776226,0.52990055,0.55524516
1,1,0.9309556,0.2511601,0.8619112
1,1,0.99751353,0.01739445,0.99502707
0,0,0.9989517,0.008239877,0.99790335
0,0,0.9998522,0.0014514962,0.99970436
1,0,0.6661918,0.6368428,0.33238363
1,0,0.9998219,0.0017157381,0.9996438
0,0,0.99894047,0.008316732,0.99788094
0,0,0.9989572,0.008201764,0.99791443
1,1,1.0,2.763102e-11,1.0
1,1,1.0,2.763102e-11,1.0
0,0,1.0,2.763102e-11,1.0
1,1,0.9719919,0.12774844,0.9439838
1,0,0.9998523,0.0014503269,0.9997046
0,0,0.99895734,0.0082008615,0.9979147
0,0,0.99896157,0.008171923,0.99792314
1,1,1.0,2.763102e-11,1.0
0,0,0.9998522,0.0014514873,0.99970436
1,1,0.9945937,0.033613678,0.98918736
0,0,0.9998522,0.0014514487,0.99970436
1,1,0.9988279,0.009082038,0.99765575
1,0,0.9997853,0.0020279903,0.9995706
1,1,0.9999999,2.0196896e-06,0.99999976
0,0,1.0,1.6171441e-09,1.0
0,0,0.99985236,0.0014500911,0.9997047
1,1,1.0,2.763102e-11,1.0
1,0,0.99985236,0.0014500824,0.9997047
0,0,1.0,6.966838e-10,1.0
0,0,0.99890965,0.008527143,0.9978193
0,0,1.0,4.2296328e-10,1.0
0,0,1.0,4.039564e-10,1.0
1,0,1.0,1.2920774e-09,1.0
1,1,1.0,2.763102e-11,1.0
1,1,0.99996877,0.000355243,0.99993753
1,1,0.9999999,2.0196896e-06,0.99999976
1,0,0.5024636,0.693135,0.0049271286
1,1,0.99387604,0.037310094,0.9877521
0,0,1.0,4.5842563e-10,1.0
1,1,0.9945937,0.033613678,0.98918736
1,0,0.93328667,0.24505311,0.86657333
1,1,1.0,2.763102e-11,1.0
1,1,1.0,2.763102e-11,1.0
0,0,1.0,2.3458742e-07,1.0
0,0,0.99895936,0.008187157,0.9979187
0,0,0.99583393,0.026990656,0.99166787
1,1,0.8264185,0.4615199,0.65283704
1,1,0.99999976,3.87412e-06,0.9999995
1,1,0.99998724,0.00015650294,0.9999745
1,1,0.9999907,0.00011702566,0.9999814
1,1,0.99999547,6.0270104e-05,0.99999094
0,0,1.0,2.1104057e-08,1.0
1,1,1.0,2.763102e-11,1.0
0,0,0.99895626,0.008208289,0.9979125
1,0,0.999822,0.0017146224,0.99964404
1,1,0.973395,0.122735135,0.94679
1,1,0.8441688,0.432692,0.68833756
1,1,0.7858649,0.5193841,0.5717298
1,1,0.5157266,0.69265246,0.03145325
0,0,1.0,3.2524652e-09,1.0
1,1,0.9987192,0.009810352,0.99743843
1,1,1.0,2.763102e-11,1.0
1,1,0.8264185,0.4615199,0.65283704
1,1,1.0,2.763102e-11,1.0
0,0,1.0,2.763102e-11,1.0
1,0,0.9998207,0.0017261505,0.9996414
0,0,1.0,3.2532207e-10,1.0
1,0,0.9819058,0.09052631,0.96381164
0,0,0.9989406,0.008315897,0.9978812
0,0,0.9989571,0.0082028145,0.9979142
0,0,0.99894565,0.00828116,0.9978913
1,1,1.0,2.763102e-11,1.0
1,1,0.9642192,0.1542952,0.9284384
1,1,0.99649054,0.023339802,0.9929811
0,0,1.0,2.763102e-11,1.0
0,0,1.0,3.5100833e-10,1.0
0,0,0.99888855,0.008671118,0.9977771
0,0,0.9989437,0.008294661,0.9978874
0,0,1.0,2.5553808e-07,1.0
0,1,0.999977,0.00026871907,0.999954
0,0,1.0,8.469688e-09,1.0
1,1,0.99387604,0.037310094,0.9877521
1,1,0.86705554,0.3919459,0.7341111
1,1,0.9518224,0.19311392,0.9036448
1,1,0.99387604,0.037310094,0.9877521
0,0,1.0,2.763102e-11,1.0
0,0,1.0,2.763102e-11,1.0
0,0,0.9989622,0.008167396,0.99792445
0,0,1.0,3.0124925e-10,1.0
0,0,1.0,4.4105813e-10,1.0
1,1,0.99986076,0.0013755542,0.9997215
0,0,0.9998522,0.0014514773,0.99970436
1,1,1.0,2.763102e-11,1.0
0,0,1.0,3.2350536e-10,1.0
1,1,1.0,2.763102e-11,1.0
0,0,0.9995114,0.0042133485,0.99902284
1,1,0.9999999,2.0196896e-06,0.99999976
1,0,0.9999464,0.0005803809,0.99989283
1,0,0.7902913,0.5135704,0.5805826
1,0,0.9999512,0.0005335903,0.99990237
0,0,0.9989146,0.008493393,0.9978292
1,1,0.53121006,0.69119775,0.06242013
0,0,1.0,2.7664113e-10,1.0
1,0,0.99985117,0.0014604364,0.99970233
1,1,0.9945937,0.033613678,0.98918736
0,0,0.9999998,2.726411e-06,0.99999964
1,0,0.9999886,0.00014093114,0.99997723
1,1,1.0,2.763102e-11,1.0
0,0,0.9989359,0.008348046,0.99787176
1,1,0.9999999,2.0196896e-06,0.99999976
1,1,0.99387604,0.037310094,0.9877521
1,0,1.0,2.763102e-11,1.0
0,0,1.0,1.4244605e-09,1.0
0,0,0.9989622,0.008167538,0.99792445
1,1,0.9941426,0.03594758,0.9882852
0,0,0.99540603,0.029312896,0.99081206
1,0,1.0,2.763102e-11,1.0
0,0,1.0,2.015055e-09,1.0
1,0,0.9998524,0.0014493336,0.99970484
1,0,1.0,9.456409e-11,1.0
1,1,1.0,2.763102e-11,1.0
0,0,1.0,1.4939452e-09,1.0
0,0,0.99580896,0.02712747,0.9916179
0,0,1.0,2.763102e-11,1.0
0,0,0.9989477,0.008267237,0.99789536
0,0,1.0,3.4591363e-10,1.0
0,0,0.99893767,0.008335973,0.99787533
1,1,1.0,2.763102e-11,1.0
1,1,1.0,2.763102e-11,1.0
0,0,0.9994244,0.0048694545,0.9988488
0,0,0.99973714,0.002429875,0.9994743
1,0,0.99382484,0.037570458,0.9876497
1,1,1.0,2.763102e-11,1.0
0,0,1.0,3.0193972e-10,1.0
1,1,1.0,2.763102e-11,1.0
0,0,0.9988025,0.009252957,0.99760497
1,0,0.7577065,0.5537092,0.51541305
1,0,0.99749535,0.017503342,0.9949907
0,0,0.9989498,0.00825248,0.99789965
1,1,0.53864187,0.69015783,0.07728374
0,0,1.0,2.628326e-10,1.0
0,0,0.9836934,0.08329377,0.96738684
0,0,0.99996036,0.00044116497,0.9999207
1,1,0.99999976,3.87412e-06,0.9999995
1,0,0.9966601,0.022377618,0.9933202
0,0,0.9989298,0.008389786,0.9978596
1,0,0.989853,0.056675848,0.97970605
1,1,0.93842673,0.23127466,0.87685347
1,1,0.9974464,0.017795864,0.99489284
0,0,0.9989424,0.008303631,0.99788475
0,0,0.99115974,0.050601665,0.9823195
1,1,0.58914113,0.6771696,0.17828226
0,0,1.0,2.763102e-11,1.0
0,0,0.99985224,0.0014511312,0.9997045
0,0,0.99999523,6.3058396e-05,0.99999046
1,1,0.99999976,3.87412e-06,0.9999995
0,0,0.99892986,0.008389454,0.9978597
1,1,0.93842673,0.23127466,0.87685347
1,1,0.99999905,1.4174408e-05,0.9999981
1,1,0.9999999,2.0196896e-06,0.99999976
1,1,0.993722,0.03809202,0.98744404
1,1,0.73167807,0.5815826,0.46335614
1,1,1.0,2.763102e-11,1.0
0,0,0.99999774,3.148902e-05,0.99999547
0,0,1.0,6.6592404e-10,1.0
0,0,0.99985224,0.0014510927,0.9997045
0,0,1.0,3.170015e-10,1.0
0,0,0.9744531,0.11890436,0.9489062
1,1,0.9905917,0.05326454,0.9811834
1,0,1.0,6.1181766e-09,1.0
0,0,0.95395726,0.18669423,0.9079145
1,1,1.0,2.763102e-11,1.0
0,0,1.0,3.2561057e-10,1.0
1,1,1.0,2.763102e-11,1.0
0,0,1.0,3.1103803e-10,1.0
1,1,0.99998724,0.00015650294,0.9999745
0,0,1.0,2.763102e-11,1.0
1,0,0.9573153,0.17638433,0.91463065
0,0,0.99999994,7.881105e-07,0.9999999
0,0,1.0,7.6175927e-10,1.0
0,0,1.0,2.9741115e-10,1.0
1,1,0.9896263,0.057711817,0.9792526
0,0,0.99999845,2.2287204e-05,0.9999969
0,0,0.9998522,0.0014514873,0.99970436
0,1,0.99900776,0.007853618,0.9980155
1,1,0.9999999,2.0196896e-06,0.99999976
1,1,0.9656817,0.1494466,0.93136334
0,0,1.0,9.061201e-10,1.0
0,0,1.0,2.763102e-11,1.0
1,1,0.9286326,0.25716168,0.85726523
1,1,0.94307405,0.21842404,0.8861481
0,0,0.99097574,0.051468253,0.9819515
1,0,0.9997851,0.002029689,0.99957025
1,0,0.93658805,0.23625414,0.8731761
0,0,1.0,2.763102e-11,1.0
0,0,1.0,3.3397077e-10,1.0
0,0,1.0,3.9809257e-11,1.0
1,1,0.9927142,0.043118518,0.98542845
1,0,0.9999997,5.1056304e-06,0.9999994
1,1,0.9999999,2.0196896e-06,0.99999976
1,1,1.0,2.763102e-11,1.0
1,1,1.0,2.763102e-11,1.0
0,0,1.0,4.2582585e-10,1.0
1,1,0.94476783,0.21364193,0.88953567
1,1,1.0,2.763102e-11,1.0
0,0,1.0,2.6447813e-10,1.0
1,1,1.0,2.763102e-11,1.0
0,0,1.0,2.763102e-11,1.0
1,0,0.99985236,0.0014499458,0.9997047
0,0,1.0,4.4411694e-10,1.0
0,0,0.99985236,0.0014499534,0.9997047
1,1,0.9999448,0.0005963497,0.9998896
1,1,0.99793696,0.014817847,0.9958739
0,0,1.0,4.7108883e-10,1.0
0,0,1.0,2.763102e-11,1.0
1,1,0.9999999,2.0196896e-06,0.99999976
0,0,0.99892586,0.008416557,0.9978517
0,0,0.99894524,0.008283936,0.9978905
0,0,0.9931193,0.041116208,0.9862386
0,0,0.9999931,8.894928e-05,0.9999862
0,0,0.9406481,0.22518055,0.88129616
0,0,0.9989486,0.008261134,0.99789715
1,0,0.98761684,0.06668591,0.9752337
1,0,0.9999995,7.3673364e-06,0.99999905
1,0,0.5883254,0.6774622,0.17665073
1,1,1.0,2.763102e-11,1.0
1,0,0.99875003,0.00960468,0.99750006
1,0,0.99999994,1.4233605e-06,0.9999999
0,0,0.9989213,0.008447865,0.99784255
1,1,0.8354857,0.44708037,0.6709714
1,0,0.99982053,0.0017275373,0.99964106
1,1,1.0,2.763102e-11,1.0
0,0,0.99985117,0.0014604243,0.99970233
1,1,0.993869,0.037345886,0.987738
0,0,0.5039289,0.6931163,0.0078577995
1,1,1.0,2.763102e-11,1.0
1,1,0.9792804,0.10082656,0.9585608
0,1,0.5975385,0.6739971,0.19507694
0,0,0.9917387,0.047849763,0.98347735
0,0,1.0,2.763102e-11,1.0
0,0,0.998957,0.008203465,0.99791396
1,1,0.99998724,0.00015650294,0.9999745
1,1,0.7222066,0.59085715,0.4444132
1,1,0.9999999,2.0196896e-06,0.99999976
1,1,0.8264185,0.4615199,0.65283704
0,0,0.999979,0.00024685665,0.99995804
0,0,0.99894017,0.00831887,0.99788034
1,0,0.99899626,0.007932929,0.9979925
0,0,1.0,2.763102e-11,1.0
0,0,0.9989477,0.008267136,0.99789536
1,1,1.0,2.763102e-11,1.0
1,1,0.99807894,0.013935195,0.9961579
1,0,0.9998525,0.0014488637,0.99970496
1,0,0.99017954,0.055174965,0.9803591
1,1,1.0,2.763102e-11,1.0
1,1,1.0,2.763102e-11,1.0
1,1,1.0,2.763102e-11,1.0
1,1,1.0,2.763102e-11,1.0
1,1,0.99999917,1.2514034e-05,0.99999833
0,0,0.9999994,8.912371e-06,0.9999988
1,1,0.9657064,0.14936404,0.9314128
1,1,0.993869,0.037345886,0.987738
0,0,1.0,7.9090867e-10,1.0
1,0,0.99999994,7.267528e-07,0.9999999
0,0,1.0,2.7178948e-10,1.0
0,0,0.7132869,0.59918237,0.42657372
0,0,1.0,3.727699e-10,1.0
1,1,0.99482286,0.032413606,0.9896457
1,1,1.0,2.763102e-11,1.0
0,0,1.0,1.1023933e-09,1.0
0,0,0.99985117,0.0014604243,0.99970233
1,1,1.0,2.763102e-11,1.0
1,0,0.99999994,1.2140426e-06,0.9999999
1,1,1.0,2.763102e-11,1.0
1,1,0.9988943,0.008632069,0.99778855
1,0,0.9999994,9.403419e-06,0.9999988
1,0,1.0,4.0948254e-09,1.0
0,0,0.9901803,0.05517137,0.9803606
0,0,0.9976483,0.016582843,0.9952966
0,0,1.0,2.8836356e-10,1.0
0,0,0.9989483,0.008263198,0.99789655
1,0,0.99985224,0.0014507511,0.9997045
1,1,1.0,2.763102e-11,1.0
1,1,0.9952716,0.03003373,0.99054325
1,1,1.0,2.763102e-11,1.0
1,1,1.0,2.763102e-11,1.0
0,0,1.0,4.0681342e-10,1.0
1,0,0.99899626,0.007932929,0.9979925
1,1,0.985544,0.07559585,0.97108805
1,1,1.0,2.763102e-11,1.0
0,0,1.0,7.378316e-10,1.0
0,0,1.0,8.410233e-09,1.0
0,0,0.9989499,0.008252124,0.9978998
0,0,0.99985236,0.0014499458,0.9997047
0,0,0.99955446,0.0038833064,0.9991089
1,0,0.9999994,9.3563685e-06,0.9999988
1,0,0.89308655,0.3400131,0.7861731
0,0,0.9998864,0.0011453334,0.9997728
1,0,0.9999471,0.00057430734,0.99989414
1,1,0.9999999,2.0196896e-06,0.99999976
1,0,0.85301256,0.41744775,0.7060251
0,0,0.9989612,0.008174324,0.9979224
1,1,1.0,2.763102e-11,1.0
1,1,0.93842673,0.23127466,0.87685347
0,0,1.0,1.1662301e-09,1.0
0,0,0.98671967,0.07058225,0.97343934
0,0,0.9999894,0.00013184083,0.9999788
0,0,0.998924,0.00842914,0.99784803
1,1,1.0,2.763102e-11,1.0
1,0,0.99246246,0.04435144,0.9849249
1,1,0.52710134,0.69167745,0.054202676
1,1,0.99999976,3.87412e-06,0.9999995
1,1,0.9999999,2.0196896e-06,0.99999976
1,1,0.9999999,2.0196896e-06,0.99999976
1,1,0.99889684,0.008614623,0.9977937
0,0,0.99896824,0.008126215,0.9979365
0,0,0.99886817,0.008809356,0.99773633
1,1,0.9999951,6.465688e-05,0.9999902
1,1,1.0,2.763102e-11,1.0
1,1,0.9999987,1.9072222e-05,0.9999974
1,1,1.0,2.763102e-11,1.0
1,1,0.99999976,3.87412e-06,0.9999995
0,0,1.0,2.763102e-11,1.0
1,0,0.99899626,0.007932929,0.9979925
1,1,0.97293067,0.1244024,0.94586134
0,0,1.0,2.763102e-11,1.0
1,0,0.69909066,0.6116328,0.39818132
1,1,0.993869,0.037345886,0.987738
0,0,0.9989293,0.008393132,0.99785864
1,0,1.0,1.6657322e-09,1.0
1,0,0.9999995,7.789842e-06,0.99999905
1,1,0.93842673,0.23127466,0.87685347
1,0,0.99899626,0.007932929,0.9979925
1,1,0.9999995,7.417722e-06,0.99999905
0,0,1.0,7.1295614e-09,1.0
0,0,1.0,3.5911094e-10,1.0
0,0,0.9989417,0.008308111,0.99788344
0,0,1.0,2.763102e-11,1.0
0,0,1.0,9.040794e-09,1.0
1,1,1.0,2.763102e-11,1.0
1,0,1.0,6.7314854e-10,1.0
1,1,0.93842673,0.23127466,0.87685347
0,0,0.9957612,0.027388422,0.99152243
0,0,0.9999896,0.00012916198,0.99997926
0,0,1.0,1.6545064e-08,1.0
1,1,0.93842673,0.23127466,0.87685347
0,0,1.0,1.3013409e-09,1.0
1,1,0.993869,0.037345886,0.987738
1,1,0.9999999,2.0196896e-06,0.99999976
0,0,0.9809129,0.0944646,0.96182585
1,0,0.9448209,0.21349129,0.88964176
0,0,0.97326106,0.12321692,0.9465221
0,0,1.0,1.21517125e-08,1.0
1,0,1.0,1.4395318e-09,1.0
1,0,1.0,2.763102e-11,1.0
1,1,0.89485013,0.33625323,0.78970027
0,0,1.0,1.6143284e-07,1.0
1,1,0.8403793,0.43904036,0.6807586
1,1,1.0,2.763102e-11,1.0
1,1,0.9493198,0.20051327,0.89863956
0,0,0.9509907,0.19558787,0.90198135
0,0,0.9977501,0.015964592,0.9955002
1,1,0.99990594,0.0009661043,0.9998119
1,1,0.99387604,0.037310094,0.9877521
1,0,0.68619883,0.62210834,0.37239766
1,1,1.0,2.763102e-11,1.0
1,1,1.0,2.763102e-11,1.0
1,1,0.7942145,0.508319,0.588429
1,1,0.9936041,0.038687997,0.98720825
1,1,0.99999964,5.6661747e-06,0.9999993
1,1,0.99999964,5.6661747e-06,0.9999993
0,0,1.0,7.963435e-09,1.0
0,0,0.8073646,0.49002182,0.61472917
0,0,1.0,3.2953845e-10,1.0
0,0,0.99895954,0.00818596,0.9979191
1,1,0.8388191,0.4416229,0.6776382
1,1,0.9999999,2.0196896e-06,0.99999976
0,0,1.0,8.288619e-10,1.0
1,0,0.9997853,0.0020281821,0.9995706
0,0,1.0,4.7948034e-10,1.0
0,0,0.9989578,0.008197659,0.9979156
1,1,1.0,2.763102e-11,1.0
0,0,1.0,4.5915952e-10,1.0
1,1,1.0,2.763102e-11,1.0
1,0,0.99999803,2.7623775e-05,0.99999607
0,0,0.999915,0.00088148017,0.99983
1,1,0.9946731,0.033199072,0.98934615
0,1,0.61887616,0.6646116,0.23775232
1,0,0.99999976,4.2035986e-06,0.9999995
1,1,0.9999993,1.0836571e-05,0.99999857
0,0,1.0,2.8026706e-10,1.0
0,0,1.0,2.763102e-11,1.0
1,0,0.9998205,0.0017280562,0.99964094
1,0,0.9999989,1.5612592e-05,0.99999785
1,0,0.6661918,0.6368428,0.33238363
1,1,0.9999999,2.0196896e-06,0.99999976
0,0,1.0,3.852489e-10,1.0
1,1,0.93842673,0.23127466,0.87685347
0,1,0.93842673,0.23127466,0.87685347
1,1,1.0,2.763102e-11,1.0
1,0,0.9999996,6.934964e-06,0.99999917
0,0,0.9996363,0.0032437118,0.9992726
0,0,1.0,2.763102e-11,1.0
1,0,1.0,7.073831e-10,1.0
1,1,0.8264185,0.4615199,0.65283704
0,0,1.0,4.0465892e-07,1.0
0,0,1.0,3.2391204e-10,1.0
1,1,0.9940832,0.036252074,0.98816645
0,0,0.99895924,0.008187821,0.9979185
1,1,0.9500262,0.19843805,0.9000524
1,1,0.9616976,0.16251111,0.92339516
0,0,1.0,3.5656095e-10,1.0
0,0,1.0,2.763102e-11,1.0
0,0,0.9773861,0.108044565,0.95477223
0,0,0.9989456,0.008281543,0.9978912
1,1,0.9999999,2.0196896e-06,0.99999976
1,1,0.9945937,0.033613678,0.98918736
1,1,0.9684143,0.1402117,0.9368286
0,0,0.94520235,0.2124063,0.8904047
1,0,0.99999994,8.8589155e-07,0.9999999
1,1,1.0,2.763102e-11,1.0
1,1,0.993869,0.037345886,0.987738
0,1,0.9664914,0.14673445,0.9329828
0,0,1.0,3.3385888e-10,1.0
1,1,1.0,2.763102e-11,1.0
1,1,0.97677827,0.11032563,0.95355654
1,0,0.99994695,0.0005753803,0.9998939
0,0,1.0,3.937157e-10,1.0
1,0,1.0,1.9214609e-07,1.0
0,0,1.0,2.7835004e-10,1.0
1,1,0.93842673,0.23127466,0.87685347
1,1,1.0,2.763102e-11,1.0
0,0,0.99983674,0.0015868081,0.9996735
1,1,0.99998486,0.00018316152,0.9999697
1,1,0.9890232,0.0604433,0.9780464
1,1,0.99387604,0.037310094,0.9877521
1,1,0.9441138,0.21549493,0.8882276
0,0,1.0,3.0761893e-07,1.0
1,0,0.99999964,5.709527e-06,0.9999993
0,0,1.0,3.3869696e-10,1.0
0,0,1.0,2.1221451e-08,1.0
1,1,0.99999404,7.7667e-05,0.9999881
1,0,0.99999946,8.4632675e-06,0.9999989
0,0,0.9998522,0.0014514487,0.99970436
0,0,0.99894416,0.0082914345,0.9978883
0,0,0.99995023,0.0005429914,0.99990046
0,0,1.0,9.66588e-10,1.0
1,0,0.99899626,0.007932929,0.9979925
0,0,0.9999846,0.00018603096,0.99996924
1,1,0.99387604,0.037310094,0.9877521
1,1,0.99387604,0.037310094,0.9877521
0,0,0.99890226,0.008577753,0.9978045
1,1,0.93770695,0.23323086,0.8754139
0,0,0.9989122,0.008509971,0.99782443
1,1,0.93842673,0.23127466,0.87685347
0,0,0.99893904,0.008326329,0.9978781
0,0,1.0,3.7663342e-10,1.0
0,0,0.99999994,7.75481e-07,0.9999999
1,1,0.8264185,0.4615199,0.65283704
1,1,0.97757643,0.107326955,0.95515287
1,1,0.9882117,0.06406627,0.9764234
1,0,0.94851553,0.20286323,0.89703107
0,0,1.0,4.0790807e-10,1.0
0,0,0.9998522,0.001451291,0.99970436
1,1,1.0,2.763102e-11,1.0
1,0,0.9543581,0.1854774,0.9087162
1,1,0.8739896,0.37873167,0.74797916
0,0,0.99893725,0.008338749,0.9978745
1,0,1.0,1.9882355e-10,1.0
1,1,0.99863654,0.010358246,0.9972731
1,1,1.0,2.763102e-11,1.0
1,0,0.9978986,0.0150547195,0.99579716
1,1,0.93842673,0.23127466,0.87685347
0,0,1.0,1.6714501e-09,1.0
0,0,0.9998522,0.001451506,0.99970436
0,0,1.0,5.1845643e-09,1.0
1,1,0.99999964,5.6661747e-06,0.9999993
0,0,1.0,1.4360771e-08,1.0
0,0,1.0,4.4131976e-10,1.0
0,0,0.99893975,0.008321417,0.9978795
1,0,0.99985236,0.001449805,0.9997047
1,1,1.0,2.763102e-11,1.0
0,0,0.9989483,0.008263081,0.99789655
1,1,1.0,2.763102e-11,1.0
1,1,0.93842673,0.23127466,0.87685347
1,0,0.87212604,0.38232508,0.7442521
0,0,1.0,2.763102e-11,1.0
1,1,0.85247463,0.41839245,0.70494926
1,1,1.0,2.763102e-11,1.0
0,0,1.0,2.4459987e-09,1.0
1,1,1.0,2.763102e-11,1.0
1,0,0.99999994,1.1472481e-06,0.9999999
1,0,0.9999587,0.0004582827,0.9999174
1,1,0.81574374,0.47778645,0.6314875
0,0,1.0,3.0934286e-10,1.0
1,1,1.0,2.763102e-11,1.0
0,0,0.6019031,0.6722325,0.20380616
0,0,1.0,1.4488988e-07,1.0
1,1,0.9999999,2.0196896e-06,0.99999976
0,0,0.99892986,0.008389337,0.9978597
1,1,0.8594019,0.40604776,0.71880376
0,0,1.0,1.4918242e-09,1.0
1,1,0.9999999,2.0196896e-06,0.99999976
1,0,0.99982584,0.0016817019,0.9996517
0,0,0.9999998,2.5597942e-06,0.99999964
0,0,1.0,4.3328368e-09,1.0
1,1,0.7179588,0.5948708,0.43591762
0,0,0.998923,0.008436251,0.997846
1,1,1.0,2.763102e-11,1.0
1,1,0.8941427,0.3377654,0.7882854
0,0,0.99891776,0.008471927,0.9978355
1,0,0.99999994,7.599785e-07,0.9999999
1,1,0.99387604,0.037310094,0.9877521
1,1,0.99807703,0.013947122,0.99615407
1,1,1.0,2.763102e-11,1.0
1,1,0.97496516,0.11703448,0.9499303
0,0,1.0,2.589112e-09,1.0
1,1,0.86705554,0.3919459,0.7341111
0,0,1.0,4.2836104e-10,1.0
0,0,0.9989394,0.008324046,0.9978788
1,0,0.99999994,7.556554e-07,0.9999999
1,0,0.5539491,0.6873148,0.107898235
0,0,0.9999994,8.937905e-06,0.9999988
1,1,0.993869,0.037345886,0.987738
0,0,0.99892616,0.008414587,0.9978523
0,0,1.0,3.5284156e-10,1.0
1,0,0.99899626,0.007932929,0.9979925
1,0,0.9998219,0.0017155515,0.9996438
0,0,1.0,2.6929173e-10,1.0
1,0,0.99982196,0.0017151665,0.9996439
1,0,0.99999744,3.540621e-05,0.9999949
0,0,0.9988745,0.0087665515,0.997749
1,1,0.9999999,2.0196896e-06,0.99999976
0,0,0.9989192,0.008462248,0.9978384
1,0,0.9998523,0.0014504173,0.9997046
1,1,1.0,2.763102e-11,1.0
0,0,0.99893546,0.008351112,0.9978709
0,0,0.9879927,0.065034166,0.9759854
1,0,0.80891246,0.48779607,0.6178249
0,0,1.0,6.2389405e-09,1.0
0,0,0.98330426,0.08488463,0.9666085
0,0,1.0,2.6496988e-10,1.0
0,0,1.0,2.11639e-07,1.0
0,0,1.0,1.1021214e-09,1.0
0,0,0.99894303,0.00829903,0.99788606
0,0,0.9979451,0.014767731,0.99589014
0,0,0.99891764,0.008472836,0.9978353
0,0,1.0,3.084264e-10,1.0
1,1,0.99999976,3.87412e-06,0.9999995
1,1,0.99387604,0.037310094,0.9877521
1,1,0.993869,0.037345886,0.987738
1,1,0.99163604,0.048340604,0.9832721
0,0,0.9840039,0.08201795,0.9680078
0,0,1.0,2.763102e-11,1.0
1,1,0.99999297,9.0482936e-05,0.99998593
0,0,0.9989539,0.008224788,0.99790776
1,1,1.0,2.763102e-11,1.0
1,1,1.0,2.763102e-11,1.0
1,0,0.81887096,0.4731012,0.6377419
0,0,1.0,3.122377e-10,1.0
1,1,0.991744,0.047824416,0.98348796
1,1,0.93842673,0.23127466,0.87685347
1,1,0.993869,0.037345886,0.987738
0,0,1.0,4.158964e-10,1.0
1,0,0.99977845,0.0020859723,0.9995569
0,0,1.0,9.537634e-10,1.0
1,1,0.9517081,0.19345485,0.90341616
1,1,0.8878729,0.35093963,0.77574575
0,0,0.9989235,0.008432951,0.99784696
1,1,0.994666,0.03323616,0.98933196
0,0,0.9989313,0.008379612,0.9978626
1,1,0.9999999,2.0196896e-06,0.99999976
0,0,1.0,1.6686909e-09,1.0
0,0,1.0,2.763102e-11,1.0
1,1,0.9691803,0.13758013,0.9383606
0,0,1.0,5.449321e-10,1.0
1,1,0.72119653,0.59181964,0.44239306
1,1,0.9366748,0.23602062,0.87334955
1,0,0.99957913,0.003692327,0.99915826
0,0,1.0,4.805081e-10,1.0
0,0,1.0,2.763102e-11,1.0
1,0,0.9013795,0.3220412,0.80275905
1,0,0.99928933,0.005862358,0.99857867
1,1,1.0,2.763102e-11,1.0
1,1,0.9907432,0.052557737,0.98148644
0,1,0.9999069,0.0009572574,0.9998138
0,0,1.0,3.1122377e-10,1.0
1,1,0.8264185,0.4615199,0.65283704
1,1,0.99006325,0.05571069,0.9801265
0,0,0.9989084,0.008535698,0.9978168
1,1,0.8785211,0.3698613,0.75704217
0,0,1.0,3.1613476e-10,1.0
1,1,0.92816865,0.25835052,0.8563373
1,1,0.9250271,0.26631644,0.85005414
1,1,0.99992466,0.00079058,0.9998493
0,0,0.99894476,0.008287122,0.9978895
0,1,0.93842673,0.23127466,0.87685347
1,1,1.0,2.763102e-11,1.0
1,0,0.99999994,7.267384e-07,0.9999999
1,1,0.9999982,2.5452973e-05,0.9999964
1,1,0.9376966,0.23325899,0.87539315
0,0,1.0,2.6542413e-10,1.0
1,1,0.94634753,0.2091324,0.89269507
0,0,0.9999731,0.0003100415,0.99994624
0,0,0.9869639,0.06952781,0.97392786
1,1,0.94147295,0.22289526,0.8829459
0,0,1.0,4.084423e-10,1.0
1,1,1.0,2.763102e-11,1.0
1,1,1.0,2.763102e-11,1.0
1,1,1.0,2.763102e-11,1.0
1,1,0.8969715,0.33168674,0.79394305
0,0,0.999737,0.002430677,0.99947405
1,1,1.0,2.763102e-11,1.0
0,0,1.0,2.6372726e-10,1.0
1,0,0.9999451,0.0005936219,0.9998902
0,0,0.955365,0.18240453,0.91073
1,0,0.95702213,0.17729516,0.91404426
0,0,1.0,2.9128427e-10,1.0
1,1,0.99999964,5.6661747e-06,0.9999993
0,0,0.9989616,0.008171603,0.99792325
0,1,0.9999646,0.00039825973,0.9999292
1,0,0.6661918,0.6368428,0.33238363
0,0,0.9998217,0.0017173071,0.99964345
1,1,0.9999999,2.0196896e-06,0.99999976
1,1,0.99999833,2.3871251e-05,0.99999666
0,0,1.0,1.0428505e-09,1.0
1,0,0.99868786,0.010018745,0.9973757
0,0,0.9999999,2.1139351e-06,0.99999976
1,1,0.99999964,5.6661747e-06,0.9999993
1,1,0.95565766,0.1815069,0.9113153
1,1,1.0,2.763102e-11,1.0
0,0,0.9466609,0.2082321,0.89332175
1,1,1.0,2.763102e-11,1.0
1,0,0.6661918,0.6368428,0.33238363
0,0,0.99894035,0.008317564,0.9978807
1,1,0.99998724,0.00015650294,0.9999745
1,1,1.0,2.763102e-11,1.0
1,0,0.99999994,7.599622e-07,0.9999999
0,0,1.0,1.3798237e-08,1.0
0,0,1.0,1.6639298e-09,1.0
1,1,0.9462652,0.20936859,0.89253044
1,0,0.99844366,0.0116175935,0.9968873
1,1,0.9993538,0.0053917523,0.99870765
1,1,0.99998724,0.00015650294,0.9999745
1,1,0.9999995,7.417722e-06,0.99999905
1,1,1.0,2.763102e-11,1.0
1,1,1.0,2.763102e-11,1.0
1,1,0.9756413,0.11454886,0.9512826
1,0,1.0,1.5618849e-10,1.0
0,0,0.9989574,0.008200779,0.9979148
0,0,0.99985224,0.0014511422,0.9997045
0,0,0.9989424,0.008303658,0.99788475
1,0,1.0,2.763102e-11,1.0
1,1,0.5009606,0.69314533,0.0019211769
1,0,0.99899626,0.007932929,0.9979925
1,1,0.86705554,0.3919459,0.7341111
1,0,0.99603385,0.025890876,0.9920677
0,0,0.9989322,0.0083733685,0.99786437
1,1,1.0,2.763102e-11,1.0
1,1,1.0,2.763102e-11,1.0
1,1,0.93842673,0.23127466,0.87685347
1,1,1.0,2.763102e-11,1.0
1,1,1.0,2.763102e-11,1.0
1,1,0.85035247,0.4220972,0.70070493
0,0,1.0,3.0997915e-10,1.0
0,0,1.0,4.1028474e-09,1.0
0,0,1.0,4.5693882e-10,1.0
0,0,0.9998229,0.0017068218,0.9996458
1,1,0.99387604,0.037310094,0.9877521
1,1,0.9999999,2.0196896e-06,0.99999976
0,0,1.0,4.5632376e-10,1.0
1,0,0.99999994,8.378373e-07,0.9999999
1,1,1.0,2.763102e-11,1.0
0,1,0.8984418,0.3284933,0.7968836
0,0,0.996747,0.021881381,0.99349403
0,0,0.9998522,0.0014513396,0.99970436
1,1,0.99989045,0.001108575,0.9997809
1,1,1.0,2.763102e-11,1.0
1,1,0.9382497,0.2317566,0.8764994
0,0,1.0,2.763102e-11,1.0
0,0,0.9999999,2.127841e-06,0.99999976
0,0,1.0,1.47746295e-08,1.0
0,0,1.0,4.525462e-10,1.0
0,0,1.0,2.3307013e-08,1.0
1,0,0.94430596,0.2149513,0.8886119
0,1,0.8525006,0.41834688,0.70500124
0,0,1.0,1.7929543e-09,1.0
0,0,0.9991848,0.006612668,0.9983696
0,0,0.99885976,0.008866535,0.9977195
1,0,0.999949,0.00055503,0.99989796
1,0,1.0,2.2117164e-10,1.0
1,1,0.70972174,0.60240066,0.4194435
0,0,0.99999976,4.207988e-06,0.9999995
1,0,0.9998219,0.0017155515,0.9996438
1,0,1.0,8.586401e-08,1.0
1,1,0.9999999,2.0196896e-06,0.99999976
0,0,0.9998522,0.0014513396,0.99970436
0,0,1.0,3.6981015e-10,1.0
1,1,1.0,2.763102e-11,1.0
1,1,0.9586367,0.17225285,0.9172734
0,0,1.0,3.0423503e-10,1.0
1,1,0.99998724,0.00015650294,0.9999745
1,1,1.0,2.763102e-11,1.0
1,0,0.99651486,0.023202246,0.9930297
1,1,0.99998724,0.00015650294,0.9999745
1,1,0.99691975,0.020887792,0.9938395
1,1,0.99999976,3.87412e-06,0.9999995
1,1,0.9937649,0.037874833,0.98752975
0,0,0.9996966,0.0027608115,0.9993932
0,0,0.9581622,0.17374153,0.9163244
1,1,0.8513826,0.4203033,0.7027652
0,0,1.0,4.276325e-10,1.0
0,0,0.9689063,0.13852376,0.93781257
1,1,0.993869,0.037345886,0.987738
0,0,0.99895996,0.008183177,0.9979199
1,1,1.0,2.763102e-11,1.0
0,0,0.99695784,0.020667419,0.9939157
1,1,1.0,2.763102e-11,1.0
1,1,0.9999999,2.0196896e-06,0.99999976
1,0,0.9996969,0.002758389,0.9993938
1,0,0.9893097,0.059149865,0.97861946
1,1,1.0,2.763102e-11,1.0
1,1,1.0,2.763102e-11,1.0
1,1,0.993722,0.03809202,0.98744404
0,0,1.0,4.3346565e-10,1.0
0,0,0.9999946,7.108692e-05,0.99998915
0,0,1.0,7.522448e-09,1.0
1,1,0.8354857,0.44708037,0.6709714
1,0,0.9999996,6.4248798e-06,0.99999917
1,1,0.9999999,2.0196896e-06,0.99999976
1,1,0.99757665,0.017015265,0.9951533
1,1,0.993869,0.037345886,0.987738
0,0,0.9997834,0.002044072,0.9995668
0,0,0.9989358,0.008348373,0.99787164
0,0,1.0,3.2103492e-10,1.0
0,0,1.0,2.9326067e-10,1.0
1,1,0.87441576,0.3779055,0.7488315
0,0,1.0,3.2305783e-10,1.0
0,0,1.0,1.4297801e-09,1.0
0,0,1.0,5.7694174e-09,1.0
1,1,1.0,2.763102e-11,1.0
1,1,1.0,2.763102e-11,1.0
1,0,0.99899626,0.007932929,0.9979925
1,1,0.93842673,0.23127466,0.87685347
1,0,0.9999925,9.6324795e-05,0.999985
0,0,1.0,3.4461192e-10,1.0
0,1,0.9139949,0.29319632,0.8279898
0,0,1.0,2.2593967e-09,1.0
1,1,0.9915542,0.048731007,0.9831084
0,0,0.9934302,0.039563276,0.9868604
1,1,0.9999999,2.0196896e-06,0.99999976
0,0,1.0,4.5573953e-10,1.0
1,1,1.0,2.763102e-11,1.0
0,0,0.99915665,0.006812259,0.9983133
1,0,0.9968683,0.021184735,0.9937366
0,0,0.9989405,0.008316145,0.99788105
0,0,1.0,2.763102e-11,1.0
1,1,0.99869764,0.009953851,0.9973953
1,1,1.0,2.763102e-11,1.0
0,0,0.99892795,0.008402315,0.9978559
0,0,0.99893403,0.008360846,0.99786806
1,0,1.0,1.7852534e-07,1.0
1,1,1.0,2.763102e-11,1.0
1,1,0.9351431,0.24012737,0.8702862
1,1,0.9625307,0.1598164,0.92506135
1,0,0.99679786,0.021589879,0.9935957
1,1,0.9794265,0.100262746,0.958853
1,1,0.8054142,0.49280453,0.6108284
0,0,1.0,2.763102e-11,1.0
0,0,0.9995856,0.0036419078,0.99917126
0,0,0.9999854,0.00017697486,0.9999708
0,0,1.0,1.2475512e-09,1.0
0,0,0.9989455,0.008282286,0.99789095
1,0,0.9999409,0.00063492934,0.99988174
1,1,1.0,2.763102e-11,1.0
0,0,1.0,3.2609213e-10,1.0
1,1,0.99488103,0.032107376,0.98976207
0,0,1.0,7.353567e-08,1.0
0,0,1.0,2.763102e-11,1.0
1,0,0.9443501,0.21482632,0.88870025
0,0,0.9989444,0.00828968,0.9978888
1,1,1.0,2.763102e-11,1.0
0,0,1.0,3.8769976e-10,1.0
1,1,0.993869,0.037345886,0.987738
0,0,1.0,1.453347e-07,1.0
1,1,1.0,2.763102e-11,1.0
1,1,0.99387604,0.037310094,0.9877521
0,0,0.9999906,0.000118685115,0.99998116
0,0,1.0,3.4596553e-10,1.0
1,1,0.993869,0.037345886,0.987738
1,1,1.0,2.763102e-11,1.0
0,0,1.0,3.2889697e-10,1.0
0,0,1.0,2.763102e-11,1.0
1,1,0.93488675,0.24081093,0.8697735
1,1,0.9999995,7.417722e-06,0.99999905
0,0,0.9999997,4.411037e-06,0.9999994
1,0,0.99000525,0.05597744,0.9800105
0,0,0.994057,0.036386486,0.988114
0,0,0.99884623,0.008958061,0.99769247
1,0,1.0,2.763102e-11,1.0
1,1,1.0,2.763102e-11,1.0
1,0,0.99899626,0.007932929,0.9979925
0,0,0.9998987,0.001033116,0.99979734
0,0,0.9999981,2.6941732e-05,0.9999962
1,1,1.0,2.763102e-11,1.0
1,1,1.0,2.763102e-11,1.0
0,0,0.99985224,0.0014511312,0.9997045
0,0,1.0,4.0615714e-10,1.0
0,0,1.0,3.8846423e-10,1.0
0,0,1.0,3.2511543e-10,1.0
1,0,0.97448283,0.118796006,0.94896567
1,1,1.0,2.763102e-11,1.0
1,1,0.9962159,0.024880769,0.99243176
0,0,0.98819655,0.06413322,0.9763931
1,1,0.997285,0.018754099,0.99457
1,0,0.86543304,0.39497703,0.7308661
1,1,1.0,2.763102e-11,1.0
0,0,1.0,1.217145e-09,1.0
1,1,1.0,2.763102e-11,1.0
1,0,1.0,2.763102e-11,1.0
1,1,0.9999981,2.702674e-05,0.9999962
0,1,0.99999094,0.000114260336,0.9999819
1,0,0.9986741,0.010109897,0.9973482
1,1,0.93503743,0.24040928,0.87007487
0,0,0.99997765,0.00026165516,0.9999553
0,0,0.99999976,3.8240973e-06,0.9999995
0,0,0.99895966,0.008184994,0.9979193
1,0,1.0,2.763102e-11,1.0
0,0,0.9989491,0.008257472,0.9978982
0,0,0.96912897,0.13775699,0.93825793
1,0,0.9838849,0.08250776,0.96776974
1,1,1.0,2.763102e-11,1.0
1,0,0.9999999,2.1272776e-06,0.99999976
1,1,0.86997896,0.3864267,0.7399579
1,1,0.9999982,2.5452973e-05,0.9999964
1,1,1.0,2.763102e-11,1.0
0,0,0.999734,0.002455864,0.99946797
1,1,1.0,2.763102e-11,1.0
0,0,1.0,2.102646e-09,1.0
1,1,0.9999511,0.000534027,0.99990225
1,1,0.92195684,0.2739639,0.8439137
0,0,0.9635834,0.1563837,0.9271668
0,0,1.0,7.91425e-10,1.0
1,1,0.9999999,2.0196896e-06,0.99999976
0,0,1.0,5.712829e-10,1.0
1,1,1.0,2.763102e-11,1.0
0,0,1.0,4.528494e-10,1.0
1,1,1.0,2.763102e-11,1.0
1,1,0.94608355,0.20988938,0.8921671
0,0,1.0,2.7650787e-10,1.0
0,0,0.9965039,0.023264393,0.9930078
0,0,1.0,3.079481e-07,1.0
1,0,0.99899626,0.007932929,0.9979925
1,1,0.9999993,1.0836571e-05,0.99999857
1,1,0.9999999,2.0196896e-06,0.99999976
0,1,0.9999814,0.00022116103,0.9999628
1,0,0.9697178,0.1357217,0.9394356
1,1,0.9477897,0.20497254,0.89557946
1,1,1.0,2.763102e-11,1.0
1,1,0.9992362,0.0062452704,0.99847245
1,1,0.99999225,9.893413e-05,0.9999845
0,0,0.9998522,0.001451291,0.99970436
0,0,0.99982166,0.0017175276,0.9996433
0,0,1.0,2.763102e-11,1.0
1,0,0.9997851,0.0020295032,0.99957025
0,0,0.9999956,5.8750367e-05,0.9999912
1,0,0.98359346,0.083703324,0.9671869
1,0,1.0,3.4824277e-10,1.0
1,1,0.99988234,0.001182203,0.9997647
1,0,1.0,2.763102e-11,1.0
1,0,0.9999952,6.38792e-05,0.99999034
0,0,1.0,2.763102e-11,1.0
0,0,0.9995302,0.004070013,0.9990604
0,0,0.99884385,0.008973993,0.9976877
1,1,1.0,2.763102e-11,1.0
1,1,1.0,2.763102e-11,1.0
1,1,0.99998724,0.00015650294,0.9999745
1,1,0.9999664,0.00037988782,0.99993277
0,0,0.9684955,0.13993374,0.936991
0,0,0.9999996,6.829458e-06,0.99999917
0,0,1.0,1.909369e-09,1.0
0,0,0.97249556,0.12595734,0.9449911
0,0,1.0,1.581404e-08,1.0
0,0,1.0,6.937913e-10,1.0
0,0,0.9989473,0.008269843,0.99789464
1,0,0.9997834,0.0020440996,0.9995668
0,0,0.9989503,0.008249208,0.9979006
0,0,1.0,2.9050637e-10,1.0
1,1,0.67428607,0.63110167,0.34857213
0,0,0.998936,0.008347216,0.997872
1,1,1.0,2.763102e-11,1.0
0,0,1.0,1.0697125e-07,1.0
0,0,0.9999671,0.00037260412,0.9999342
1,0,0.5287781,0.69148993,0.057556152
1,1,0.9999981,2.702674e-05,0.9999962
1,0,0.9998525,0.001448726,0.99970496
1,1,0.9999999,2.0196896e-06,0.99999976
1,1,1.0,2.763102e-11,1.0
1,1,0.99716383,0.019467123,0.99432766
0,0,0.79787445,0.503335,0.5957489
1,0,1.0,2.763102e-11,1.0
0,0,0.99999607,5.2986943e-05,0.99999213
1,1,1.0,2.763102e-11,1.0
1,1,0.99998724,0.00015650294,0.9999745
1,1,0.9583758,0.17307198,0.9167516
1,1,0.88571084,0.35538995,0.7714217
1,1,0.9821775,0.08943918,0.964355
0,0,1.0,3.5200526e-10,1.0
1,1,1.0,2.763102e-11,1.0
1,1,1.0,2.763102e-11,1.0
1,1,1.0,2.763102e-11,1.0
1,0,0.9970907,0.019895067,0.9941814
1,1,0.9907286,0.052625973,0.98145723
1,1,1.0,2.763102e-11,1.0
1,1,1.0,2.763102e-11,1.0
0,0,0.99893564,0.008349582,0.9978713
1,1,0.8628239,0.39980397,0.7256478
0,0,0.9989211,0.008449204,0.9978422
1,0,1.0,1.4277002e-10,1.0
1,1,1.0,2.763102e-11,1.0
0,0,0.9989437,0.008294708,0.9978874
1,1,0.9926258,0.043552686,0.98525155
0,0,1.0,3.8693043e-10,1.0
1,1,1.0,2.763102e-11,1.0
1,1,1.0,2.763102e-11,1.0
1,1,0.9916216,0.04840947,0.9832432
0,0,0.9989579,0.00819748,0.99791574
1,0,0.99899626,0.007932929,0.9979925
0,0,1.0,7.29818e-10,1.0
0,0,1.0,7.3201875e-08,1.0
1,0,0.9999995,7.4720574e-06,0.99999905
1,1,0.99466765,0.033227436,0.9893353
1,0,0.7415981,0.5713787,0.48319623
1,1,0.8525258,0.41830274,0.70505154
0,0,1.0,9.49734e-08,1.0
1,0,0.9999973,3.742367e-05,0.99999464
1,1,0.99494404,0.031774987,0.9898881
0,0,1.0,1.4132533e-08,1.0
0,0,1.0,3.2483513e-10,1.0
1,1,0.9999988,1.7452001e-05,0.9999976
0,0,0.5085136,0.6930022,0.017027259
0,0,0.9887817,0.06152762,0.9775634
1,1,0.8633275,0.39887685,0.726655
0,0,1.0,2.2644195e-09,1.0
0,0,1.0,2.7887315e-10,1.0
1,0,0.9999998,2.86042e-06,0.99999964
1,1,0.9999989,1.581984e-05,0.99999785
0,0,1.0,3.0629074e-10,1.0
1,1,0.94372165,0.21660203,0.8874433
0,0,0.9989146,0.008493522,0.9978292
1,1,0.9999994,9.1391485e-06,0.9999988
0,0,0.99999976,3.6904512e-06,0.9999995
1,1,0.9989544,0.008221073,0.99790883
1,0,1.0,7.964897e-10,1.0
1,1,0.8441688,0.432692,0.68833756
1,1,1.0,2.763102e-11,1.0
1,1,1.0,2.763102e-11,1.0
1,1,1.0,2.763102e-11,1.0
0,0,1.0,2.3695301e-09,1.0
1,1,1.0,2.763102e-11,1.0
1,1,1.0,2.763102e-11,1.0
1,1,0.9999999,2.0196896e-06,0.99999976
0,0,1.0,2.763102e-11,1.0
0,0,0.9997834,0.0020440996,0.9995668
0,0,0.97573835,0.11419052,0.9514767
1,0,0.95018053,0.19798335,0.90036106
0,0,1.0,7.7761925e-10,1.0
0,0,0.9989144,0.008494771,0.99782884
1,0,0.9998524,0.0014492004,0.99970484
1,1,0.99999905,1.4174408e-05,0.9999981
0,0,0.99893475,0.008355806,0.9978695
0,0,1.0,2.9587083e-10,1.0
0,0,1.0,4.0592973e-09,1.0
0,0,0.9309547,0.25116238,0.8619094
1,1,0.9995845,0.0036505393,0.999169
0,0,1.0,4.724815e-10,1.0
1,1,0.93842673,0.23127466,0.87685347
1,1,0.92816865,0.25835052,0.8563373
1,0,0.95355475,0.18791236,0.9071095
1,1,0.99286145,0.042393476,0.9857229
1,1,0.93842673,0.23127466,0.87685347
1,1,0.99387604,0.037310094,0.9877521
1,1,1.0,2.763102e-11,1.0
1,0,0.99477816,0.03264848,0.9895563
0,0,0.9941761,0.035775412,0.9883522
1,1,1.0,2.763102e-11,1.0
1,1,0.93842673,0.23127466,0.87685347
0,0,0.99985236,0.0014501088,0.9997047
0,0,0.99895096,0.008244693,0.9979019
1,1,0.9158749,0.28873047,0.8317498
0,0,1.0,2.763102e-11,1.0
1,1,0.993869,0.037345886,0.987738
0,0,0.9832193,0.085230626,0.96643865
0,0,0.99894977,0.0082528945,0.99789953
1,1,0.99998724,0.00015650294,0.9999745
1,1,0.9957409,0.027499206,0.9914818
1,1,0.96196425,0.16165061,0.9239285
0,0,1.0,2.8065444e-10,1.0
1,1,0.93842673,0.23127466,0.87685347
0,0,0.99998933,0.00013286233,0.99997866
1,0,0.99999994,1.2262784e-06,0.9999999
0,0,0.97873676,0.10291545,0.9574735
0,0,0.99895114,0.008243718,0.9979023
0,1,0.9314849,0.24978098,0.86296976
1,1,0.9205937,0.27731702,0.84118736
0,0,0.99992317,0.0008046896,0.99984634
1,1,0.99999964,5.6661747e-06,0.9999993
0,1,0.8861661,0.35445672,0.7723322
1,0,1.0,2.763102e-11,1.0
1,1,0.8847887,0.357274,0.7695774
0,0,1.0,1.6653217e-09,1.0
0,0,1.0,3.3661948e-10,1.0
1,1,0.993869,0.037345886,0.987738
1,1,1.0,2.763102e-11,1.0
1,1,0.93842673,0.23127466,0.87685347
0,0,0.9989505,0.008248166,0.99790096
1,1,1.0,2.763102e-11,1.0
1,1,0.9921895,0.04567857,0.98437905
0,0,0.63610107,0.65562856,0.27220213
1,1,0.83627343,0.44579804,0.67254686
0,0,1.0,2.1410436e-09,1.0
0,0,1.0,4.8827857e-09,1.0
1,1,1.0,2.763102e-11,1.0
1,1,0.993869,0.037345886,0.987738
1,0,0.9994506,0.00467342,0.99890125
1,0,0.9994818,0.0044383514,0.9989636
0,0,1.0,3.6129446e-09,1.0
0,0,1.0,3.4241857e-10,1.0
1,1,0.99998903,0.00013621978,0.99997807
1,1,0.943746,0.21653345,0.88749194
1,1,0.98285437,0.08671215,0.96570873
1,1,1.0,2.763102e-11,1.0
1,0,0.6661918,0.6368428,0.33238363
0,0,1.0,4.65341e-10,1.0
1,1,1.0,2.763102e-11,1.0
1,1,1.0,2.763102e-11,1.0
0,0,0.9921682,0.04578202,0.9843364
1,1,0.99999976,3.87412e-06,0.9999995
1,1,0.98814327,0.06436911,0.97628653
1,1,0.67343867,0.6317166,0.34687734
0,0,0.9989311,0.008380692,0.9978622
1,0,0.8534656,0.4166502,0.70693123
0,0,0.9999989,1.5587026e-05,0.99999785
1,1,0.5567767,0.68668604,0.113553405
0,0,0.7067759,0.6050133,0.4135518
1,1,0.99998724,0.00015650294,0.9999745
1,1,0.7263357,0.5868695,0.4526714
1,1,1.0,2.763102e-11,1.0
1,1,0.9959078,0.026585575,0.99181557
0,0,0.9999999,1.7646189e-06,0.99999976
1,1,0.9999999,2.0196896e-06,0.99999976
0,0,1.0,3.8324408e-10,1.0
1,1,1.0,2.763102e-11,1.0
0,0,1.0,3.8669745e-10,1.0
1,0,0.9999998,2.6037303e-06,0.99999964
0,0,1.0,2.763102e-11,1.0
1,1,0.93842673,0.23127466,0.87685347
0,0,0.97165906,0.12892699,0.9433181
1,1,0.8225757,0.4674653,0.6451514
1,1,1.0,2.763102e-11,1.0
0,0,0.99896526,0.008146446,0.9979305
1,0,0.999822,0.0017147857,0.99964404
1,1,0.9952754,0.03001364,0.99055076
1,0,0.9999996,6.3994253e-06,0.99999917
1,1,0.5431872,0.68941224,0.0863744
1,1,0.99998724,0.00015650294,0.9999745
1,1,0.94913155,0.20106445,0.8982631
0,0,0.9989273,0.008406828,0.9978546
1,0,0.6661918,0.6368428,0.33238363
0,0,0.99887884,0.0087369075,0.9977577
1,0,1.0,2.0380282e-08,1.0
1,1,0.994666,0.03323616,0.98933196
1,1,1.0,2.763102e-11,1.0
1,1,0.97474456,0.11784133,0.9494891
0,0,0.99904716,0.0075803264,0.9980943
1,0,0.5550408,0.6870759,0.11008155
1,1,0.9999999,2.0196896e-06,0.99999976
0,0,0.9989381,0.00833287,0.99787617
1,1,1.0,2.763102e-11,1.0
0,0,0.99894786,0.008266175,0.9978957
0,0,1.0,3.379133e-10,1.0
1,1,0.9999999,2.0196896e-06,0.99999976
0,0,0.9998522,0.001451593,0.99970436
1,1,0.9999982,2.5452973e-05,0.9999964
1,0,0.9968683,0.021184735,0.9937366
1,1,0.9794153,0.100306034,0.9588306
0,0,1.0,4.062181e-10,1.0
0,0,0.99982166,0.0017175276,0.9996433
1,1,0.99999976,3.87412e-06,0.9999995
0,0,0.9229176,0.27158514,0.8458352
0,0,1.0,1.2213837e-07,1.0
1,0,1.0,1.6532882e-10,1.0
1,1,0.9999646,0.00039825973,0.9999292
0,0,0.99985224,0.0014509825,0.9997045
1,1,0.993869,0.037345886,0.987738
1,1,0.93842673,0.23127466,0.87685347
1,1,0.9999994,9.1391485e-06,0.9999988
1,0,0.99928933,0.005862358,0.99857867
0,0,1.0,3.265098e-10,1.0
0,0,0.9989493,0.0082561355,0.9978986
1,0,0.99994916,0.00055370334,0.9998983
0,0,1.0,2.763102e-11,1.0
1,0,0.9997852,0.002029256,0.99957037
1,0,0.56182027,0.6854841,0.12364051
0,0,1.0,1.7788319e-09,1.0
0,0,0.9989491,0.008257372,0.9978982
0,0,1.0,3.1945677e-10,1.0
1,0,0.9998523,0.0014502786,0.9997046
0,0,1.0,2.763102e-11,1.0
1,0,1.0,2.763102e-11,1.0
1,1,0.99901867,0.0077781365,0.99803734
1,0,0.99899626,0.007932929,0.9979925
0,0,1.0,2.9872518e-10,1.0
1,1,0.8354857,0.44708037,0.6709714
0,0,0.9999988,1.7485541e-05,0.9999976
1,0,0.9998524,0.0014492004,0.99970484
0,0,1.0,5.2142635e-10,1.0
1,0,0.9999999,1.6505851e-06,0.99999976
1,1,1.0,2.763102e-11,1.0
1,1,0.81503314,0.478842,0.6300663
0,0,1.0,3.344996e-10,1.0
0,0,1.0,5.791446e-10,1.0
0,0,0.9981303,0.013613115,0.99626064
0,0,0.9989555,0.008213747,0.997911
0,0,1.0,2.8451994e-10,1.0
1,0,0.99985236,0.001449805,0.9997047
1,1,1.0,2.763102e-11,1.0
1,1,1.0,2.763102e-11,1.0
1,1,0.99998724,0.00015650294,0.9999745
0,0,1.0,2.763102e-11,1.0
1,1,1.0,2.763102e-11,1.0
0,0,0.99895453,0.008220272,0.99790907
1,1,0.99520004,0.030416127,0.9904001
1,1,0.57998973,0.68029535,0.15997946
0,0,1.0,4.6216425e-10,1.0
1,0,0.9881766,0.0642218,0.97635317
1,0,0.6218151,0.66316855,0.24363014
0,0,1.0,1.9934178e-07,1.0
1,1,1.0,2.763102e-11,1.0
0,0,0.9998522,0.0014516361,0.99970436
0,0,1.0,1.6089391e-09,1.0
1,1,0.99269754,0.04320052,0.9853951
1,0,0.51673675,0.69258684,0.033473462
0,0,0.99892825,0.008400134,0.9978565
1,1,0.5768484,0.68128884,0.15369678
1,0,1.0,1.6614619e-09,1.0
0,0,1.0,2.9333694e-10,1.0
0,0,1.0,4.7104054e-10,1.0
1,0,0.94423455,0.21515344,0.8884691
1,1,1.0,2.763102e-11,1.0
1,1,0.9999325,0.00071546156,0.99986506
1,1,0.9999051,0.0009738374,0.9998102
1,0,0.999998,2.8547638e-05,0.99999595
1,1,0.993869,0.037345886,0.987738
1,1,0.9427124,0.21943802,0.88542485
0,0,1.0,3.2299863e-10,1.0
0,0,0.998947,0.008271712,0.99789405
0,0,0.99986386,0.0013478277,0.9997277
0,0,1.0,4.1814444e-10,1.0
1,1,1.0,2.763102e-11,1.0
1,1,0.99770087,0.016264215,0.99540174
1,1,0.99986696,0.0013203729,0.9997339
1,0,1.0,2.5950553e-09,1.0
0,0,0.99895215,0.00823666,0.9979043
0,0,1.0,8.327106e-10,1.0
1,1,0.95982647,0.16849524,0.91965294
1,1,0.9997582,0.0022554696,0.99951637
1,1,0.9999999,2.0196896e-06,0.99999976
1,1,0.93842673,0.23127466,0.87685347
0,0,1.0,2.763102e-11,1.0
0,0,1.0,1.4560245e-09,1.0
1,1,1.0,2.763102e-11,1.0
1,1,0.99999976,3.87412e-06,0.9999995
1,0,0.99954325,0.0039694947,0.9990865
0,0,0.9986381,0.010348,0.9972762
1,1,0.90683764,0.30979395,0.8136753
0,0,0.99999946,8.443622e-06,0.9999989
1,1,1.0,2.763102e-11,1.0
0,0,1.0,3.1102892e-10,1.0
1,1,0.9971624,0.019475508,0.9943248
1,1,0.99999976,3.87412e-06,0.9999995
1,1,0.9999999,2.0196896e-06,0.99999976
1,1,0.99998724,0.00015650294,0.9999745
1,1,0.9991641,0.006759544,0.9983282
1,0,0.5249323,0.6919035,0.04986465
0,0,0.9998522,0.0014513505,0.99970436
0,1,0.93842673,0.23127466,0.87685347
1,1,1.0,2.763102e-11,1.0
1,1,1.0,2.763102e-11,1.0
0,0,1.0,3.7446646e-09,1.0
0,0,0.99894667,0.008274134,0.99789333
0,0,1.0,4.2702553e-10,1.0
1,1,0.9999999,2.0196896e-06,0.99999976
1,1,0.99998724,0.00015650294,0.9999745
0,0,0.9989484,0.008262249,0.9978968
0,0,1.0,6.941962e-10,1.0
1,1,0.99999976,3.87412e-06,0.9999995
1,1,0.894428,0.33715618,0.788856
0,0,0.99979484,0.0019473141,0.9995897
1,0,1.0,1.5445448e-09,1.0
0,0,1.0,1.3779988e-09,1.0
1,1,0.93842673,0.23127466,0.87685347
1,1,0.99999976,3.87412e-06,0.9999995
1,1,0.99999976,3.87412e-06,0.9999995
0,0,1.0,2.1463578e-08,1.0
1,1,0.9591982,0.17048407,0.91839635
0,0,1.0,3.868056e-09,1.0
0,0,1.0,1.9335054e-08,1.0
0,0,1.0,1.2008057e-09,1.0
1,0,0.99999994,1.2303444e-06,0.9999999
1,0,0.9998524,0.0014496099,0.99970484
1,1,0.99999976,3.87412e-06,0.9999995
0,0,0.9998522,0.001451593,0.99970436
0,0,1.0,4.387405e-09,1.0
1,0,0.9998523,0.0014505571,0.9997046
1,1,0.9948415,0.032315474,0.98968303
1,1,0.99999785,3.0152349e-05,0.9999957
1,0,0.9999979,2.9302408e-05,0.9999958
1,1,1.0,2.763102e-11,1.0
0,0,0.9997834,0.0020440842,0.9995668
1,1,1.0,2.763102e-11,1.0
1,1,0.9987519,0.009592425,0.99750376
1,0,0.99978524,0.002028623,0.9995705
0,0,1.0,2.371459e-09,1.0
0,0,0.99589497,0.026655871,0.99178994
0,1,0.93842673,0.23127466,0.87685347
0,0,0.9997834,0.0020440842,0.9995668
0,0,0.84466994,0.4318443,0.6893399
1,1,1.0,2.763102e-11,1.0
0,0,0.998949,0.008258421,0.997898
1,1,0.93842673,0.23127466,0.87685347
0,0,0.99887806,0.008742234,0.9977561
1,0,0.9969213,0.020878822,0.9938426
1,0,0.9998524,0.0014496099,0.99970484
1,0,0.9998523,0.0014502786,0.9997046
1,1,1.0,2.763102e-11,1.0
0,0,0.99987006,0.0012926245,0.9997401
1,1,0.99926823,0.006014887,0.99853647
0,0,0.9988487,0.008941649,0.99769735
1,1,0.9999999,2.0196896e-06,0.99999976
1,1,1.0,2.763102e-11,1.0
0,0,1.0,1.4868499e-09,1.0
0,0,0.9989521,0.00823691,0.9979042
1,1,0.999995,6.611323e-05,0.99999
1,0,0.9997853,0.0020281821,0.9995706
1,1,0.99387604,0.037310094,0.9877521
1,1,0.93842673,0.23127466,0.87685347
1,0,1.0,3.86285e-09,1.0
0,0,0.99895084,0.008245561,0.9979017
1,0,1.0,7.171952e-10,1.0
0,1,0.963647,0.15617529,0.927294
0,1,0.9999325,0.00071546156,0.99986506
1,1,1.0,2.763102e-11,1.0
0,0,1.0,4.8767645e-10,1.0
1,1,0.93842673,0.23127466,0.87685347
0,1,0.98812836,0.06443501,0.9762567
1,0,0.99999964,5.51649e-06,0.9999993
0,0,0.98017395,0.09736141,0.9603479
1,1,0.98094016,0.09435727,0.9618803
0,0,0.660002,0.6410342,0.32000396
1,1,1.0,2.763102e-11,1.0
0,0,0.99895585,0.008211329,0.9979117
1,0,0.99970394,0.0027014695,0.9994079
1,1,1.0,2.763102e-11,1.0
1,1,0.7724649,0.5362808,0.54492974
1,0,0.99985236,0.0014500824,0.9997047
0,0,1.0,2.9117436e-10,1.0
0,0,0.9998685,0.0013065523,0.999737
1,0,1.0,1.965404e-07,1.0
1,1,0.94627225,0.20934841,0.8925445
1,0,0.99985236,0.001449805,0.9997047
0,0,0.9999987,1.9164303e-05,0.9999974
0,0,1.0,1.4802125e-09,1.0
1,1,0.93842673,0.23127466,0.87685347
0,0,1.0,2.720203e-09,1.0
1,1,0.95086735,0.1959534,0.9017347
1,0,1.0,2.763102e-11,1.0
0,0,0.99895513,0.008216051,0.99791026
0,0,1.0,3.368254e-10,1.0
1,1,0.99770147,0.016260596,0.99540293
0,0,0.99892074,0.008451755,0.9978415
1,0,0.6891076,0.61981285,0.3782152
1,1,0.9999999,2.0196896e-06,0.99999976
0,0,0.99999917,1.2469004e-05,0.99999833
1,0,0.6661918,0.6368428,0.33238363
1,1,0.99946517,0.0045638806,0.99893034
0,0,0.99999994,7.068417e-07,0.9999999
0,0,1.0,1.6759205e-09,1.0
1,1,0.9999999,2.0196896e-06,0.99999976
0,0,0.9522048,0.1919714,0.90440965
1,1,1.0,2.763102e-11,1.0
0,0,1.0,4.0806417e-10,1.0
0,0,1.0,7.4680095e-10,1.0
1,1,1.0,2.763102e-11,1.0
0,0,0.99893975,0.008321565,0.9978795
0,0,1.0,2.763102e-11,1.0
1,1,1.0,2.763102e-11,1.0
1,0,0.99999994,7.599785e-07,0.9999999
1,1,0.9999982,2.5452973e-05,0.9999964
0,0,1.0,4.969037e-10,1.0
1,1,1.0,2.763102e-11,1.0
1,1,1.0,2.763102e-11,1.0
1,1,1.0,2.763102e-11,1.0
1,1,0.99482286,0.032413606,0.9896457
1,1,0.9999999,2.0196896e-06,0.99999976
1,1,0.99998724,0.00015650294,0.9999745
1,1,0.93842673,0.23127466,0.87685347
1,1,0.99999976,3.87412e-06,0.9999995
1,0,0.99999046,0.00011973124,0.9999809
0,0,0.9989516,0.008240146,0.9979032
0,0,1.0,2.9005706e-11,1.0
0,0,1.0,2.763102e-11,1.0
1,1,1.0,2.763102e-11,1.0
1,0,0.999376,0.00522847,0.998752
1,0,1.0,2.763102e-11,1.0
0,0,1.0,2.763102e-11,1.0
1,1,0.8565838,0.41111678,0.71316755
1,1,1.0,2.763102e-11,1.0
0,0,1.0,2.763102e-11,1.0
1,1,1.0,2.763102e-11,1.0
1,1,0.9430186,0.21857962,0.88603723
1,1,0.9999989,1.581984e-05,0.99999785
1,0,0.87221944,0.38214576,0.7444389
1,1,0.86705554,0.3919459,0.7341111
1,1,0.9428718,0.21899141,0.8857436
1,1,0.99846244,0.011496021,0.9969249
0,0,1.0,2.739543e-10,1.0
1,1,0.993722,0.03809202,0.98744404
0,0,1.0,3.252898e-08,1.0
1,1,0.85247463,0.41839245,0.70494926
0,0,1.0,2.7257424e-10,1.0
1,1,0.99999976,3.87412e-06,0.9999995
1,1,1.0,2.763102e-11,1.0
0,0,0.9998522,0.0014514773,0.99970436
1,0,0.71646214,0.5962637,0.43292427
0,0,1.0,3.9161668e-10,1.0
1,1,1.0,2.763102e-11,1.0
0,0,1.0,4.6257126e-10,1.0
1,1,1.0,2.763102e-11,1.0
0,0,1.0,4.1150194e-10,1.0
0,0,0.9999999,1.9425172e-06,0.99999976
0,0,1.0,2.763102e-11,1.0
0,0,0.99999803,2.8031813e-05,0.99999607
0,0,1.0,3.180517e-10,1.0
0,0,1.0,1.1534017e-09,1.0
1,1,0.9523622,0.1915003,0.90472436
1,0,0.99970806,0.002668149,0.9994161
1,1,0.8560515,0.4120669,0.712103
0,0,0.9999967,4.4582666e-05,0.99999344
1,1,0.99999774,3.1705014e-05,0.99999547
0,0,0.9998522,0.001451593,0.99970436
1,0,0.98968124,0.05746126,0.9793625
0,0,0.9989524,0.008235123,0.9979048
1,0,0.99851835,0.011132877,0.9970367
1,1,0.9165723,0.2870623,0.83314455
0,0,0.8059774,0.49200344,0.6119548
0,0,0.99894327,0.008297566,0.99788654
1,1,1.0,2.763102e-11,1.0
0,0,0.99895024,0.008249822,0.9979005
1,1,0.9999999,2.0196896e-06,0.99999976
1,1,1.0,2.763102e-11,1.0
1,1,1.0,2.763102e-11,1.0
1,0,0.99949485,0.004339468,0.9989897
1,1,0.99387604,0.037310094,0.9877521
1,1,0.99999917,1.2514034e-05,0.99999833
0,0,0.99894977,0.008252986,0.99789953
1,1,1.0,2.763102e-11,1.0
1,1,0.9999999,2.0196896e-06,0.99999976
0,0,1.0,8.5251933e-10,1.0
1,0,1.0,5.457585e-09,1.0
0,0,0.98496515,0.07802825,0.9699303
1,1,0.9999999,2.0196896e-06,0.99999976
1,1,1.0,2.763102e-11,1.0
0,0,0.99986744,0.0013161725,0.9997349
1,1,1.0,2.763102e-11,1.0
0,0,0.99999964,5.468428e-06,0.9999993
1,0,0.5305166,0.69128346,0.06103328
1,1,0.993869,0.037345886,0.987738
0,0,0.5082016,0.6930127,0.016403228
0,0,1.0,2.0337492e-09,1.0
1,1,1.0,2.763102e-11,1.0
0,0,0.9989536,0.008226761,0.99790716
1,0,0.99899626,0.007932929,0.9979925
0,0,0.99895126,0.008242864,0.9979025
1,0,0.9999995,7.6163956e-06,0.99999905
0,0,1.0,7.522393e-09,1.0
1,1,0.93842673,0.23127466,0.87685347
0,0,1.0,2.6782862e-10,1.0
1,1,1.0,2.763102e-11,1.0
1,1,0.74569345,0.5670171,0.4913869
0,0,1.0,6.312849e-10,1.0
0,1,0.93842673,0.23127466,0.87685347
0,0,0.9986443,0.010306959,0.9972886
0,0,1.0,2.983938e-10,1.0
0,0,1.0,3.2107378e-10,1.0
1,1,0.97140986,0.12980668,0.9428197
1,0,0.999999,1.5309668e-05,0.999998
1,1,1.0,2.763102e-11,1.0
1,1,1.0,2.763102e-11,1.0
0,0,0.9906941,0.05278702,0.9813882
1,0,0.9999999,2.2369024e-06,0.99999976
1,0,0.9998525,0.0014490022,0.99970496
1,0,0.7702371,0.53898966,0.5404742
1,1,0.9901805,0.0551705,0.980361
1,0,0.9823132,0.08889448,0.96462643
0,0,0.9999975,3.460139e-05,0.999995
1,0,0.99899626,0.007932929,0.9979925
0,0,1.0,3.1488093e-10,1.0
0,0,0.99999934,9.7781285e-06,0.9999987
0,0,0.9999989,1.6028342e-05,0.99999785
0,0,0.99982166,0.0017175535,0.9996433
0,0,1.0,6.2749066e-08,1.0
0,0,0.9741501,0.120005794,0.94830024
1,1,1.0,2.763102e-11,1.0
1,1,1.0,2.763102e-11,1.0
0,0,0.99895763,0.008199118,0.99791527
0,0,1.0,2.763102e-11,1.0
0,0,0.9978089,0.015605673,0.99561775
1,1,1.0,2.763102e-11,1.0
1,1,0.99999976,3.87412e-06,0.9999995
0,0,1.0,3.1427375e-10,1.0
1,1,0.8043557,0.49430454,0.60871136
1,1,0.9999994,9.1391485e-06,0.9999988
1,1,0.9996816,0.0028822348,0.9993632
1,0,0.9999995,7.5838375e-06,0.99999905
0,0,1.0,5.196368e-10,1.0
1,1,0.99999857,2.0681588e-05,0.99999714
0,0,0.99985224,0.0014510134,0.9997045
1,1,0.96428275,0.15408587,0.9285655
1,0,0.99982196,0.0017151665,0.9996439
1,0,0.99999964,5.6415643e-06,0.9999993
1,1,0.99948466,0.0044166967,0.9989693
1,1,0.9999995,7.417722e-06,0.99999905
1,1,0.9999999,2.0196896e-06,0.99999976
0,0,1.0,1.0359087e-07,1.0
0,0,1.0,2.763102e-11,1.0
1,0,0.9968683,0.021184735,0.9937366
0,0,0.99892026,0.008454718,0.9978405
0,1,0.88716215,0.35240772,0.7743243
0,0,0.9989217,0.008445013,0.9978434
1,1,0.98935133,0.05896143,0.97870266
1,0,0.9999999,1.8570834e-06,0.99999976
1,1,0.9902485,0.054856498,0.980497
0,0,1.0,2.763102e-11,1.0
0,1,0.99998605,0.00016988323,0.9999721
1,0,0.97690034,0.10986882,0.9538007
1,0,0.75757897,0.5538546,0.51515794
1,1,0.8498603,0.42295134,0.6997206
0,0,1.0,3.736048e-10,1.0
0,0,1.0,3.7609735e-10,1.0
1,1,0.99999917,1.2514034e-05,0.99999833
0,0,1.0,4.6686105e-10,1.0
1,0,0.99658835,0.022785882,0.9931767
1,1,0.99999285,9.189632e-05,0.9999857
1,1,1.0,2.763102e-11,1.0
1,1,0.9879531,0.06520855,0.97590625
0,0,0.99932957,0.0055694124,0.99865913
0,0,0.99887323,0.008775198,0.99774647
0,0,0.9999996,6.8890945e-06,0.99999917
1,1,0.99219054,0.04567366,0.9843811
1,1,0.9999999,2.0196896e-06,0.99999976
0,0,0.99894226,0.008304349,0.9978845
0,0,1.0,2.763102e-11,1.0
1,0,0.9999996,6.3707002e-06,0.99999917
1,1,0.9999999,2.0196896e-06,0.99999976
0,0,1.0,1.105633e-09,1.0
1,1,0.9999914,0.0001087107,0.99998283
0,0,1.0,1.4078421e-07,1.0
0,1,0.99998605,0.00016988323,0.9999721
1,0,0.9999998,2.9258636e-06,0.99999964
1,1,0.9937184,0.038110435,0.9874368
1,1,1.0,2.763102e-11,1.0
1,0,0.6661918,0.6368428,0.33238363
1,1,0.93932354,0.22882476,0.8786471
0,0,1.0,2.9726466e-10,1.0
0,0,1.0,2.763102e-11,1.0
0,0,0.9989554,0.008214274,0.99791086
1,0,0.5408046,0.68981344,0.08160925
1,0,0.9610263,0.16466868,0.9220526
1,0,1.0,4.4094153e-07,1.0
0,0,0.97847515,0.10391569,0.9569503
0,0,0.9989273,0.0084069865,0.9978546
1,1,0.9433791,0.21756674,0.8867582
0,0,0.9989473,0.0082696555,0.99789464
1,1,0.9999999,2.0196896e-06,0.99999976
0,0,1.0,2.763102e-11,1.0
0,0,0.99999946,8.07044e-06,0.9999989
0,0,1.0,4.573262e-10,1.0
1,1,1.0,2.763102e-11,1.0
1,1,0.99986124,0.0013713194,0.9997225
0,0,0.99894184,0.0083071925,0.9978837
0,0,1.0,2.3192787e-07,1.0
1,1,1.0,2.763102e-11,1.0
1,1,1.0,2.763102e-11,1.0
1,1,1.0,2.763102e-11,1.0
1,1,1.0,2.763102e-11,1.0
0,0,0.9989622,0.008167332,0.99792445
1,1,1.0,2.763102e-11,1.0
1,0,1.0,2.061245e-10,1.0
1,0,0.9604093,0.16664122,0.92081857
0,0,1.0,6.8874595e-10,1.0
1,0,0.9998205,0.0017280771,0.99964094
0,0,1.0,4.127436e-09,1.0
0,0,0.99895436,0.008221623,0.9979087
0,0,0.9988588,0.008873052,0.9977176
0,0,0.99895024,0.008249544,0.9979005
0,0,1.0,4.2044074e-10,1.0
1,1,0.9999999,2.0196896e-06,0.99999976
0,0,0.99893326,0.008366193,0.9978665
1,1,0.9948245,0.03240483,0.98964906
0,0,0.9989418,0.008307768,0.99788356
0,0,1.0,2.7385047e-10,1.0
1,1,0.993869,0.037345886,0.987738
1,1,0.99999964,5.6661747e-06,0.9999993
1,1,0.76317644,0.54739076,0.5263529
0,0,0.9754652,0.115198135,0.95093036
0,0,0.9998522,0.0014514873,0.99970436
0,0,0.9998205,0.0017280667,0.99964094
0,0,0.99999994,9.270786e-07,0.9999999
1,1,1.0,2.763102e-11,1.0
0,0,0.9708395,0.1318117,0.941679
1,1,0.9997098,0.002653942,0.99941957
1,0,0.6661918,0.6368428,0.33238363
0,0,1.0,1.1234376e-08,1.0
1,1,0.9829705,0.086241655,0.96594095
1,0,0.90237904,0.31982398,0.8047581
1,0,0.6817243,0.6255629,0.3634486
1,1,1.0,2.763102e-11,1.0
0,0,0.8914586,0.3434549,0.78291714
1,1,1.0,2.763102e-11,1.0
1,1,0.998901,0.008586207,0.997802
0,0,1.0,2.763102e-11,1.0
0,0,0.99985236,0.0014500911,0.9997047
1,0,0.99899626,0.007932929,0.9979925
0,0,1.0,4.7095006e-10,1.0
0,0,0.9989358,0.008348373,0.99787164
0,0,1.0,3.1550954e-10,1.0
1,1,0.99999976,3.87412e-06,0.9999995
0,0,0.99893177,0.008376256,0.99786353
0,0,0.9372943,0.23434836,0.8745886
0,0,1.0,3.2481315e-10,1.0
1,0,0.8183216,0.47392902,0.6366432
1,1,1.0,2.763102e-11,1.0
0,1,0.9999069,0.0009572574,0.9998138
1,1,0.9896208,0.05773681,0.9792416
1,1,1.0,2.763102e-11,1.0
0,0,0.9998522,0.0014513307,0.99970436
1,1,0.5708689,0.6830685,0.14173782
1,1,1.0,2.763102e-11,1.0
1,1,0.6930605,0.61662996,0.38612103
1,1,0.99703836,0.020199927,0.9940767
0,0,0.9989032,0.008571199,0.99780643
1,1,0.6112809,0.66817164,0.22256184
1,0,0.99899626,0.007932929,0.9979925
1,1,1.0,2.763102e-11,1.0
0,1,0.9999465,0.000579961,0.99989295
1,1,0.57698816,0.68124557,0.15397632
1,1,0.96829736,0.14061178,0.9365947
0,0,0.9989477,0.008267237,0.99789536
1,1,0.8264185,0.4615199,0.65283704
0,0,1.0,3.5582853e-10,1.0
1,1,0.94307405,0.21842404,0.8861481
0,0,0.9922696,0.04529039,0.98453915
1,0,0.99999994,1.4196837e-06,0.9999999
1,1,0.9967944,0.021609742,0.9935888
0,0,0.9999108,0.00092142465,0.99982154
0,0,1.0,3.2876574e-10,1.0
1,1,1.0,2.763102e-11,1.0
1,1,1.0,2.763102e-11,1.0
0,0,0.6600034,0.64103323,0.32000685
1,1,0.93842673,0.23127466,0.87685347
0,0,0.9989561,0.008209547,0.99791217
1,1,1.0,2.763102e-11,1.0
1,0,1.0,7.781057e-10,1.0
1,0,0.8968842,0.33187568,0.7937684
0,0,1.0,9.457921e-10,1.0
0,0,0.9989474,0.0082694255,0.99789476
1,1,1.0,2.763102e-11,1.0
0,0,1.0,1.4531001e-09,1.0
1,1,0.993869,0.037345886,0.987738
1,0,0.9996803,0.0028927256,0.99936056
0,0,0.984254,0.080985606,0.968508
1,0,0.99978524,0.002028623,0.9995705
0,0,0.9989348,0.008355306,0.9978696
1,1,0.9749644,0.11703732,0.94992876
1,1,0.9830415,0.085953355,0.96608305
1,1,1.0,2.763102e-11,1.0
0,0,0.99999994,1.1050589e-06,0.9999999
1,1,0.999506,0.0042547127,0.999012
1,0,0.99970406,0.002700387,0.9994081
1,0,0.9998858,0.0011509008,0.9997716
1,1,0.9369117,0.23538186,0.8738234
1,1,0.93842673,0.23127466,0.87685347
0,0,0.9989526,0.008233306,0.99790525
1,1,0.98665035,0.070880786,0.9733007
0,0,0.98745483,0.0673941,0.97490966
1,1,1.0,2.763102e-11,1.0
0,0,1.0,5.9792915e-10,1.0
0,0,0.9963111,0.024348656,0.99262226
1,0,0.99919945,0.006508264,0.9983989
1,1,0.993722,0.03809202,0.98744404
1,0,0.5751703,0.6818031,0.15034056
1,1,0.99503064,0.031316776,0.9900613
1,0,0.8473628,0.4272564,0.69472563
1,1,0.9945937,0.033613678,0.98918736
0,0,0.99999994,1.2659509e-06,0.9999999
1,1,0.993722,0.03809202,0.98744404
0,0,0.9989431,0.008298567,0.9978862
1,1,0.9999995,7.417722e-06,0.99999905
1,1,1.0,2.763102e-11,1.0
0,0,0.9998205,0.0017280667,0.99964094
1,1,0.9205937,0.27731702,0.84118736
0,0,1.0,3.6607276e-10,1.0
0,0,1.0,1.4307331e-07,1.0
0,0,0.9989186,0.008466281,0.9978372
1,1,0.82632464,0.46166635,0.6526493
1,1,0.9999994,9.1391485e-06,0.9999988
1,1,0.9528259,0.19010893,0.9056518
0,0,0.9989526,0.008233197,0.99790525
0,0,0.9889497,0.06077384,0.97789943
1,1,0.9907432,0.052557737,0.98148644
1,0,0.9814887,0.092187464,0.9629774
0,0,1.0,3.0459463e-10,1.0
1,1,1.0,2.763102e-11,1.0
1,1,0.9999999,2.0196896e-06,0.99999976
1,1,0.94734734,0.20625298,0.8946947
1,0,0.99985236,0.0014500824,0.9997047
1,1,0.9946648,0.033242393,0.9893296
0,0,0.92854196,0.25739422,0.8570839
1,1,0.99996734,0.0003700509,0.9999347
0,0,0.99939114,0.005116485,0.9987823
0,0,1.0,3.1062303e-10,1.0
0,0,0.9989582,0.008195208,0.99791634
1,1,1.0,2.763102e-11,1.0
1,1,1.0,2.763102e-11,1.0
1,0,0.9945968,0.033597454,0.98919356
0,0,1.0,4.2789244e-10,1.0
0,0,1.0,4.539423e-10,1.0
1,1,1.0,2.763102e-11,1.0
1,1,0.9519324,0.1927857,0.90386474
1,1,0.99449,0.03415321,0.98898005
1,1,0.99958855,0.0036189635,0.9991771
0,0,0.9989198,0.008458281,0.99783957
0,0,0.999867,0.0013198584,0.99973404
1,0,1.0,2.983222e-10,1.0
1,1,0.94634753,0.2091324,0.89269507
0,0,1.0,2.066953e-09,1.0
1,1,1.0,2.763102e-11,1.0
1,1,0.7121684,0.6001987,0.4243368
0,0,0.9989014,0.008583273,0.99780285
0,0,1.0,3.5793e-10,1.0
1,1,1.0,2.763102e-11,1.0
0,0,1.0,4.704668e-10,1.0
0,0,0.9606377,0.16591224,0.9212754
1,0,0.99998826,0.00014505073,0.9999765
0,0,1.0,2.75301e-10,1.0
0,0,0.9978144,0.015571905,0.99562883
0,0,1.0,6.483741e-09,1.0
0,0,0.9989501,0.008250406,0.99790025
1,1,0.9444662,0.21449758,0.88893235
1,0,0.99103713,0.05117958,0.98207426
1,1,1.0,2.763102e-11,1.0
1,0,0.74703443,0.56556976,0.49406886
1,1,1.0,2.763102e-11,1.0
1,0,0.99739397,0.018108469,0.99478793
1,0,0.60008013,0.6729791,0.20016026
1,1,1.0,2.763102e-11,1.0
1,0,0.999822,0.0017147857,0.99964404
0,0,0.99999577,5.6838577e-05,0.99999154
0,0,1.0,6.02759e-10,1.0
0,0,1.0,4.516757e-10,1.0
1,1,0.9999993,1.0836571e-05,0.99999857
0,0,0.9998128,0.0017940812,0.99962556
0,0,0.9997236,0.0025411258,0.9994472
1,1,1.0,2.763102e-11,1.0
1,0,0.8408113,0.43832207,0.6816226
1,0,1.0,7.3926576e-10,1.0
0,0,0.9999971,4.013364e-05,0.99999416
0,0,0.99888086,0.008723324,0.9977617
0,0,0.9989321,0.008373786,0.99786425
0,0,0.99892306,0.008435761,0.9978461
1,0,1.0,7.2116035e-10,1.0
0,0,0.99894565,0.008281032,0.9978913
0,0,1.0,2.979569e-10,1.0
0,0,0.9989457,0.008280763,0.9978914
0,0,1.0,1.319255e-09,1.0
1,1,0.99999976,3.87412e-06,0.9999995
1,1,0.9675262,0.1432389,0.9350524
1,0,0.58645195,0.67812395,0.1729039
1,1,1.0,2.763102e-11,1.0
1,1,0.9999995,7.417722e-06,0.99999905
0,0,0.94670546,0.20810384,0.8934109
0,0,0.9989449,0.008286499,0.99788976
1,0,1.0,1.2014575e-09,1.0
1,1,1.0,2.763102e-11,1.0
0,0,0.9999985,2.1315655e-05,0.999997
1,1,0.99999154,0.00010731921,0.9999831
1,1,0.98112696,0.09362016,0.9622539
1,1,1.0,2.763102e-11,1.0
0,0,1.0,2.763102e-11,1.0
0,0,0.9989428,0.008300709,0.9978856
1,0,1.0,2.763102e-11,1.0
1,0,0.9997826,0.002050794,0.99956524
0,0,0.99896055,0.008178847,0.9979211
1,1,0.5584262,0.68630433,0.1168524
1,1,0.99999905,1.4174408e-05,0.9999981
1,1,1.0,2.763102e-11,1.0
1,0,1.0,2.2167192e-10,1.0
0,0,0.9989375,0.008337081,0.997875
0,0,1.0,1.9104114e-09,1.0
0,0,1.0,3.680351e-10,1.0
1,1,0.98913515,0.0599389,0.9782703
1,1,0.993869,0.037345886,0.987738
0,0,1.0,9.614747e-09,1.0
1,1,0.9999999,2.0196896e-06,0.99999976
0,0,0.75096726,0.56127,0.5019345
0,0,0.9657774,0.14912707,0.9315548
1,1,1.0,2.763102e-11,1.0
0,0,0.9989612,0.00817425,0.9979224
0,0,0.9733349,0.122951284,0.9466698
1,1,0.9999914,0.0001087107,0.99998283
0,0,0.9998207,0.0017261505,0.9996414
1,1,0.97908586,0.10157576,0.9581717
1,1,1.0,2.763102e-11,1.0
1,1,1.0,2.763102e-11,1.0
1,0,1.0,1.5366316e-09,1.0
0,1,0.74181217,0.5711529,0.48362434
0,0,0.95653427,0.17880622,0.91306853
0,0,1.0,4.039379e-10,1.0
0,0,1.0,3.900362e-10,1.0
1,1,0.99999964,5.6661747e-06,0.9999993
1,0,0.7527933,0.5592456,0.5055866
1,0,0.9999951,6.468027e-05,0.9999902
0,0,0.9989378,0.008335141,0.9978756
1,0,0.9998219,0.0017157381,0.9996438
0,0,0.80460566,0.49395096,0.6092113
1,1,1.0,2.763102e-11,1.0
0,0,1.0,5.1794014e-09,1.0
0,0,1.0,6.572352e-10,1.0
1,0,0.99712425,0.019698767,0.9942485
1,1,0.6734385,0.6317167,0.34687698
1,1,1.0,2.763102e-11,1.0
1,0,0.9932092,0.040668793,0.98641837
1,0,0.99999994,7.9483357e-07,0.9999999
0,0,0.9998522,0.0014514873,0.99970436
1,1,0.968794,0.13890971,0.937588
1,1,0.89416784,0.33771175,0.7883357
0,0,0.9913335,0.049779914,0.98266697
1,0,0.99899626,0.007932929,0.9979925
0,0,0.97506154,0.116681345,0.9501231
0,0,1.0,3.533601e-10,1.0
0,0,0.9981058,0.013767041,0.99621165
1,0,0.5756501,0.68165725,0.15130022
1,1,1.0,2.763102e-11,1.0
0,0,0.99888384,0.00870296,0.9977677
0,0,0.9989513,0.008242306,0.99790263
0,0,0.8735852,0.37951407,0.74717045
1,1,1.0,2.763102e-11,1.0
1,1,1.0,2.763102e-11,1.0
0,0,0.95015067,0.19807136,0.90030134
0,0,1.0,7.392714e-08,1.0
0,0,0.99894714,0.0082708085,0.9978943
0,0,0.9989511,0.008243991,0.99790215
1,1,0.9369676,0.23523098,0.8739352
0,1,0.9999794,0.00024312871,0.99995875
0,0,1.0,1.6632827e-09,1.0
1,1,0.99999523,6.319763e-05,0.99999046
0,0,0.9984715,0.011437274,0.996943
0,1,0.58967614,0.6769762,0.17935228
1,0,0.88028204,0.36636263,0.7605641
0,0,0.99895525,0.008215346,0.9979105
1,1,0.99999833,2.3871251e-05,0.99999666
1,1,0.99999857,2.0681588e-05,0.99999714
1,1,0.9999999,2.0196896e-06,0.99999976
1,1,1.0,2.763102e-11,1.0
0,0,1.0,2.1180389e-08,1.0
1,1,1.0,2.763102e-11,1.0
1,0,1.0,4.157883e-10,1.0
0,0,1.0,1.9620845e-10,1.0
1,1,0.93842673,0.23127466,0.87685347
1,1,0.9987583,0.009549376,0.99751663
0,0,1.0,2.763102e-11,1.0
0,0,1.0,4.9350234e-07,1.0
0,0,0.5666269,0.6842424,0.13325381
0,0,1.0,2.820903e-10,1.0
0,0,1.0,3.8356415e-10,1.0
0,0,1.0,3.781964e-10,1.0
0,0,1.0,5.8602403e-09,1.0
1,1,0.5275605,0.69162726,0.055120945
1,1,0.57476133,0.6819266,0.14952266
0,0,0.99896115,0.00817468,0.9979223
0,0,0.99999464,7.017712e-05,0.9999893
1,0,0.9917955,0.04757771,0.98359096
0,0,1.0,3.2350833e-10,1.0
1,1,0.93842673,0.23127466,0.87685347
1,1,0.8043557,0.49430454,0.60871136
1,1,0.92768407,0.25958878,0.85536814
0,0,0.9989517,0.008239855,0.99790335
0,0,0.99896216,0.008167913,0.9979243
1,0,0.9992985,0.0057958076,0.998597
1,1,0.9806982,0.09530916,0.96139646
1,1,1.0,2.763102e-11,1.0
0,0,1.0,9.392368e-09,1.0
1,1,0.9645434,0.15322584,0.9290868
1,1,1.0,2.763102e-11,1.0
1,0,0.7763053,0.53154457,0.55261064
1,0,0.6661918,0.6368428,0.33238363
1,1,1.0,2.763102e-11,1.0
1,1,0.9919119,0.047018662,0.9838238
1,1,1.0,2.763102e-11,1.0
0,0,0.9989445,0.008288764,0.99788904
0,0,1.0,2.9254607e-10,1.0
1,0,0.99999994,7.391285e-07,0.9999999
1,1,0.9410255,0.22413647,0.882051
1,0,0.9998523,0.0014506221,0.9997046
0,0,0.51596016,0.6926377,0.031920314
1,1,0.9999999,2.0196896e-06,0.99999976
1,1,0.9963567,0.024093151,0.99271345
1,0,0.82526827,0.46331024,0.65053654
0,0,0.9998522,0.0014513505,0.99970436
0,0,0.9989198,0.008458281,0.99783957
1,1,0.9999372,0.0006706483,0.99987435
1,1,1.0,2.763102e-11,1.0
1,0,0.99215794,0.04583152,0.9843159
1,1,1.0,2.763102e-11,1.0
0,0,1.0,4.4405515e-10,1.0
1,1,0.87741375,0.37204644,0.7548275
1,1,0.9968226,0.021447798,0.9936452
1,1,0.9617246,0.16242406,0.92344916
1,1,0.96518666,0.15109487,0.9303733
1,1,0.9747515,0.11781608,0.94950294
1,1,0.9999999,2.0196896e-06,0.99999976
1,1,0.99387604,0.037310094,0.9877521
1,1,0.9953389,0.029673263,0.99067783
1,1,0.953038,0.18947104,0.90607595
0,0,1.0,1.21241985e-08,1.0
1,0,1.0,7.1681605e-08,1.0
1,1,0.9369413,0.23530191,0.87388265
0,0,1.0,3.2089972e-10,1.0
0,1,0.9997987,0.0019143578,0.99959743
1,1,0.99551046,0.028749928,0.9910209
0,0,1.0,4.1322313e-08,1.0
1,1,1.0,2.763102e-11,1.0
1,0,1.0,8.32843e-10,1.0
1,0,0.79586434,0.5060825,0.5917287
1,0,0.9999467,0.00057753077,0.9998934
0,0,1.0,2.763102e-11,1.0
1,1,0.99999964,5.6661747e-06,0.9999993
0,0,0.9989539,0.008224631,0.99790776
1,0,0.99985236,0.001449805,0.9997047
1,1,1.0,2.763102e-11,1.0
1,1,0.9978676,0.015245563,0.99573517
1,1,0.9999999,2.0196896e-06,0.99999976
1,1,0.9999995,7.417722e-06,0.99999905
0,0,0.98255503,0.08792148,0.96511006
0,0,0.99964696,0.0031593668,0.9992939
0,0,0.99629915,0.024415871,0.9925983
1,1,0.8264185,0.4615199,0.65283704
1,1,0.9734022,0.12270917,0.9468044
1,0,0.92869127,0.25701112,0.85738254
1,0,0.8776911,0.3715002,0.7553822
1,1,0.89824754,0.32891655,0.7964951
0,0,0.94077075,0.22484148,0.8815415
0,0,0.9945988,0.033586908,0.9891976
1,1,0.9999999,2.0196896e-06,0.99999976
1,1,0.9771691,0.10886087,0.9543382
0,0,0.9989623,0.008167139,0.99792457
1,1,0.8847887,0.357274,0.7695774
1,1,1.0,2.763102e-11,1.0
0,0,1.0,9.500437e-10,1.0
0,0,0.9840201,0.08195111,0.9680402
1,0,0.5931003,0.67571026,0.18620062
0,0,1.0,4.5761592e-10,1.0
1,1,0.9999988,1.7452001e-05,0.9999976
0,0,1.0,3.85263e-10,1.0
0,0,1.0,5.514622e-09,1.0
1,0,0.99999994,9.368988e-07,0.9999999
0,1,0.9999794,0.00024312871,0.99995875
1,0,0.8872029,0.35232365,0.77440584
0,0,0.9874844,0.06726501,0.9749688
1,1,0.9999999,2.0196896e-06,0.99999976
0,0,1.0,2.7747642e-08,1.0
0,0,1.0,3.480235e-10,1.0
0,0,0.99886787,0.008811552,0.99773574
1,1,1.0,2.763102e-11,1.0
0,0,1.0,2.7597507e-08,1.0
1,1,1.0,2.763102e-11,1.0
0,0,1.0,1.7659255e-07,1.0
0,0,0.99890536,0.0085565,0.9978107
1,1,0.9833188,0.08482531,0.9666376
1,1,1.0,2.763102e-11,1.0
1,1,1.0,2.763102e-11,1.0
1,1,0.9999994,9.1391485e-06,0.9999988
1,1,1.0,2.763102e-11,1.0
0,0,0.99894136,0.008310571,0.9978827
0,0,0.9999998,3.3220886e-06,0.99999964
1,1,1.0,2.763102e-11,1.0
0,0,1.0,6.792369e-08,1.0
1,1,0.8264185,0.4615199,0.65283704
1,1,1.0,2.763102e-11,1.0
1,1,0.86425275,0.39716774,0.7285055
0,0,0.9999894,0.00013190659,0.9999788
1,0,0.99899626,0.007932929,0.9979925
0,0,1.0,4.005974e-09,1.0
1,1,0.93842673,0.23127466,0.87685347
1,1,1.0,2.763102e-11,1.0
1,1,0.93842673,0.23127466,0.87685347
0,0,0.998944,0.008292688,0.99788797
1,1,0.9999975,3.4791836e-05,0.999995
0,0,1.0,3.2330638e-10,1.0
1,1,0.99998665,0.00016320641,0.9999733
0,0,0.9989476,0.008267634,0.99789524
1,0,0.9999999,1.9160539e-06,0.99999976
0,1,0.90761316,0.3080256,0.8152263
0,0,1.0,1.7971947e-08,1.0
1,1,1.0,2.763102e-11,1.0
1,1,0.9999993,1.0836571e-05,0.99999857
1,1,0.99387604,0.037310094,0.9877521
0,0,1.0,2.763102e-11,1.0
1,0,0.9998219,0.0017155657,0.9996438
1,0,1.0,3.4980945e-11,1.0
0,0,0.99999225,9.910911e-05,0.9999845
1,1,1.0,2.763102e-11,1.0
1,1,1.0,2.763102e-11,1.0
1,1,0.99068165,0.052845262,0.9813633
0,0,0.9978971,0.015063821,0.9957942
0,0,1.0,3.3282482e-10,1.0
1,0,0.99587566,0.026761994,0.9917513
0,0,1.0,8.167722e-10,1.0
0,0,1.0,5.438524e-10,1.0
0,0,1.0,4.985714e-10,1.0
0,0,1.0,4.9224816e-08,1.0
1,1,0.83627343,0.44579804,0.67254686
0,0,0.9988854,0.008692328,0.9977708
0,0,1.0,2.763102e-11,1.0
0,0,1.0,3.1287994e-10,1.0
1,1,1.0,2.763102e-11,1.0
1,1,1.0,2.763102e-11,1.0
1,1,0.6145521,0.66666824,0.22910416
1,0,0.99998283,0.00020550087,0.99996567
0,0,1.0,2.6467586e-10,1.0
1,1,0.98901445,0.060482733,0.9780289
0,0,0.99999213,0.000100485995,0.99998426
0,0,1.0,3.011676e-10,1.0
1,1,1.0,2.763102e-11,1.0
1,1,0.9970395,0.020193338,0.994079
0,0,1.0,1.1833422e-09,1.0
0,1,0.9992823,0.0059131985,0.9985646
0,0,0.9989524,0.008235035,0.9979048
1,1,0.99998724,0.00015650294,0.9999745
1,1,0.9917196,0.047941115,0.9834392
1,1,0.7365498,0.5766349,0.4730996
1,1,0.5474676,0.68863404,0.09493518
1,1,0.9774678,0.10773686,0.95493555
0,0,0.99891424,0.00849613,0.9978285
0,0,0.99890596,0.008552324,0.9978119
1,1,0.9900052,0.05597766,0.9800104
1,0,1.0,2.6708097e-10,1.0
0,0,0.9989309,0.008382447,0.99786174
1,1,1.0,2.763102e-11,1.0
0,0,0.9999231,0.00080552563,0.9998462
1,1,0.8264185,0.4615199,0.65283704
0,0,0.99894553,0.008282115,0.99789107
1,0,0.7546834,0.5571312,0.50936675
1,1,0.6307556,0.6585523,0.2615112
1,1,1.0,2.763102e-11,1.0
1,0,1.0,6.17107e-09,1.0
1,0,0.99975616,0.0022724317,0.9995123
0,0,1.0,4.051962e-10,1.0
1,0,0.99999994,1.4755008e-06,0.9999999
0,0,0.9999998,2.9609419e-06,0.99999964
1,1,0.99961865,0.0033831897,0.9992373
0,0,0.9999998,2.6803518e-06,0.99999964
1,1,0.5021121,0.69313824,0.004224181
1,1,1.0,2.763102e-11,1.0
1,1,0.99999964,5.6661747e-06,0.9999993
1,0,0.9999994,8.958684e-06,0.9999988
1,1,0.9368048,0.23567027,0.87360954
1,0,0.9997214,0.0025589354,0.9994428
0,0,0.99999917,1.2499676e-05,0.99999833
1,1,0.99999297,9.0482936e-05,0.99998593
0,0,0.9795689,0.099712186,0.9591378
1,1,0.99226147,0.045329716,0.98452294
1,1,1.0,2.763102e-11,1.0
0,0,0.9989416,0.008309,0.9978832
0,1,0.8450307,0.43123284,0.69006145
1,1,0.8772023,0.37246245,0.75440454
0,0,0.9988691,0.00880287,0.99773824
0,0,1.0,1.0354305e-08,1.0
1,1,0.993869,0.037345886,0.987738
1,1,0.93842673,0.23127466,0.87685347
1,1,1.0,2.763102e-11,1.0
1,1,0.9999999,2.0196896e-06,0.99999976
1,1,1.0,2.763102e-11,1.0
1,1,0.93842673,0.23127466,0.87685347
1,1,0.5275605,0.69162726,0.055120945
1,1,1.0,2.763102e-11,1.0
0,0,1.0,3.1516653e-10,1.0
0,0,0.9989191,0.008462731,0.99783826
1,0,0.9999999,1.9666054e-06,0.99999976
1,1,0.9999995,7.417722e-06,0.99999905
1,1,0.8281994,0.45872986,0.6563988
1,0,0.99985236,0.0014501198,0.9997047
1,1,1.0,2.763102e-11,1.0
1,1,0.8161492,0.47718272,0.63229835
1,1,1.0,2.763102e-11,1.0
0,0,1.0,8.61397e-10,1.0
0,0,0.99895155,0.008240823,0.9979031
0,1,0.9502885,0.19766498,0.90057695
1,1,1.0,2.763102e-11,1.0
0,0,1.0,4.39766e-10,1.0
1,1,0.93842673,0.23127466,0.87685347
1,0,0.99999964,5.496461e-06,0.9999993
1,1,1.0,2.763102e-11,1.0
1,1,1.0,2.763102e-11,1.0
0,0,0.99993974,0.00064566475,0.9998795
0,0,0.99893785,0.008334822,0.9978757
1,1,0.56959176,0.68342966,0.13918352
1,0,0.99999994,7.267384e-07,0.9999999
1,1,1.0,2.763102e-11,1.0
1,0,0.994136,0.035981655,0.98827195
0,0,1.0,7.639101e-10,1.0
1,1,1.0,2.763102e-11,1.0
0,0,0.99999976,3.7944822e-06,0.9999995
1,1,1.0,2.763102e-11,1.0
0,0,0.89664394,0.33239505,0.7932879
0,0,1.0,2.763102e-11,1.0
1,1,0.95364016,0.1876542,0.9072803
0,0,1.0,3.20256e-09,1.0
1,1,0.9998565,0.001413594,0.99971294
0,0,0.9989522,0.008236231,0.9979044
0,0,0.9989466,0.008274628,0.9978932
1,0,0.86389136,0.39783615,0.7277827
1,0,1.0,1.8197857e-08,1.0
0,0,0.9989445,0.008289073,0.99788904
1,1,0.99999976,3.87412e-06,0.9999995
1,0,0.99995244,0.00052101153,0.9999049
1,0,1.0,1.2504432e-10,1.0
1,1,0.93842673,0.23127466,0.87685347
0,0,1.0,2.763102e-11,1.0
1,1,0.9999999,2.0196896e-06,0.99999976
0,0,1.0,3.0540168e-09,1.0
0,0,1.0,2.9844516e-10,1.0
1,1,0.993869,0.037345886,0.987738
1,1,1.0,2.763102e-11,1.0
0,0,1.0,3.67481e-10,1.0
1,1,0.99934334,0.005468707,0.9986867
0,0,1.0,2.8736438e-10,1.0
0,0,1.0,1.2418641e-08,1.0
1,1,0.99851125,0.011179103,0.9970225
1,0,1.0,9.540297e-09,1.0
1,1,1.0,2.763102e-11,1.0
1,0,0.99933,0.0055663125,0.99865997
1,1,1.0,2.763102e-11,1.0
1,1,0.99999857,2.0681588e-05,0.99999714
0,0,1.0,4.979605e-07,1.0
0,0,0.9998522,0.0014513087,0.99970436
0,0,1.0,5.8975345e-09,1.0
1,0,0.9744549,0.118897945,0.94890976
0,0,1.0,5.2130553e-09,1.0
1,0,1.0,6.9674244e-10,1.0
1,1,0.9937184,0.038110435,0.9874368
1,0,0.7495431,0.5628365,0.49908617
1,0,0.6661918,0.6368428,0.33238363
1,1,1.0,2.763102e-11,1.0
1,1,0.9880602,0.064736314,0.97612035
0,0,1.0,2.763102e-11,1.0
0,0,0.9998522,0.0014514345,0.99970436
1,0,0.9999951,6.462375e-05,0.9999902
1,1,1.0,2.763102e-11,1.0
1,1,0.55037415,0.68806344,0.1007483
1,1,0.9999999,2.0196896e-06,0.99999976
0,0,0.99894094,0.008313579,0.9978819
0,0,0.9997144,0.0026164746,0.99942875
1,1,0.8347995,0.44819373,0.66959906
0,0,0.9989381,0.0083330665,0.99787617
0,0,1.0,2.7184724e-10,1.0
0,0,1.0,3.5168832e-10,1.0
0,0,0.99999994,7.9335706e-07,0.9999999
1,1,1.0,2.763102e-11,1.0
1,0,0.99967,0.0029751963,0.99934006
1,0,0.99899626,0.007932929,0.9979925
1,1,0.8354857,0.44708037,0.6709714
0,0,1.0,2.763102e-11,1.0
1,1,0.99998724,0.00015650294,0.9999745
0,1,0.90538985,0.31307623,0.8107797
1,0,0.6661918,0.6368428,0.33238363
0,0,0.9998522,0.0014514773,0.99970436
1,1,0.97969764,0.09921351,0.9593953
1,0,0.9080701,0.30698037,0.8161402
0,0,1.0,1.9050734e-09,1.0
0,0,1.0,6.5192786e-08,1.0
0,0,1.0,1.028563e-09,1.0
1,1,1.0,2.763102e-11,1.0
0,0,1.0,1.2090549e-08,1.0
1,1,1.0,2.763102e-11,1.0
0,0,0.9987236,0.009781092,0.99744725
1,1,1.0,2.763102e-11,1.0
1,1,0.9882179,0.06403881,0.9764358
1,0,1.0,2.763102e-11,1.0
0,0,0.9999981,2.6935268e-05,0.9999962
1,1,1.0,2.763102e-11,1.0
0,0,1.0,9.490024e-10,1.0
0,0,0.9985748,0.010764061,0.9971496
1,1,1.0,2.763102e-11,1.0
1,1,1.0,2.763102e-11,1.0
0,0,0.9954846,0.028889515,0.9909692
1,1,1.0,2.763102e-11,1.0
1,1,0.9804419,0.09631419,0.96088386
1,1,1.0,2.763102e-11,1.0
1,1,0.9893545,0.058947116,0.978709
0,0,0.99919266,0.0065565766,0.9983853
0,0,1.0,2.763102e-11,1.0
0,1,0.63995767,0.6534425,0.27991533
1,1,0.93842673,0.23127466,0.87685347
1,1,1.0,2.763102e-11,1.0
1,1,0.9794265,0.100262746,0.958853
0,0,1.0,2.763102e-11,1.0
0,0,0.99881583,0.009163155,0.99763167
1,1,1.0,2.763102e-11,1.0
0,0,1.0,4.5249815e-10,1.0
1,0,1.0,2.800503e-11,1.0
0,0,1.0,7.687628e-09,1.0
1,0,0.9997834,0.0020440842,0.9995668
1,1,0.9943409,0.034926035,0.9886818
1,1,1.0,2.763102e-11,1.0
1,0,0.74421036,0.56860673,0.4884207
1,1,0.9999999,2.0196896e-06,0.99999976
1,0,0.9999999,2.4296487e-06,0.99999976
1,1,1.0,2.763102e-11,1.0
1,1,1.0,2.763102e-11,1.0
1,0,0.8760226,0.3747755,0.75204515
0,0,1.0,4.1649748e-10,1.0
1,1,1.0,2.763102e-11,1.0
0,0,1.0,2.763102e-11,1.0
0,0,1.0,4.748792e-10,1.0
0,0,1.0,2.9316402e-10,1.0
0,0,1.0,6.339753e-10,1.0
0,1,0.8602182,0.40456712,0.72043645
1,1,1.0,2.763102e-11,1.0
0,0,1.0,4.3010365e-10,1.0
0,0,1.0,3.7183606e-10,1.0
0,0,1.0,5.1342164e-10,1.0
1,1,0.9472954,0.20640299,0.89459085
1,1,0.99999976,3.87412e-06,0.9999995
0,1,0.99859685,0.010619527,0.9971937
1,1,1.0,2.763102e-11,1.0
1,1,0.9937609,0.037895083,0.98752177
1,1,0.99089175,0.05186241,0.9817835
0,0,0.99982053,0.0017275373,0.99964106
0,0,0.9989585,0.008192885,0.99791706
1,1,0.991663,0.048211902,0.98332596
1,0,0.99899626,0.007932929,0.9979925
1,0,0.9857622,0.07467311,0.97152436
1,1,1.0,2.763102e-11,1.0
1,1,0.98411995,0.08153944,0.9682399
0,0,0.99895376,0.00822551,0.9979075
1,0,1.0,2.763102e-11,1.0
1,1,0.99998724,0.00015650294,0.9999745
1,0,0.99899626,0.007932929,0.9979925
0,0,0.998937,0.008340524,0.997874
1,1,1.0,2.763102e-11,1.0
0,0,0.99985224,0.0014511015,0.9997045
1,1,1.0,2.763102e-11,1.0
1,0,0.87777776,0.37132943,0.7555555
0,0,1.0,3.088464e-10,1.0
1,1,0.993869,0.037345886,0.987738
0,0,1.0,2.763102e-11,1.0
1,1,0.98268926,0.087379806,0.9653785
1,1,0.9680256,0.1415397,0.93605125
1,0,1.0,9.6646275e-08,1.0
1,0,0.99899626,0.007932929,0.9979925
0,0,1.0,5.462159e-09,1.0
0,0,0.99891835,0.008468054,0.9978367
1,0,0.99999994,8.378373e-07,0.9999999
1,1,0.93842673,0.23127466,0.87685347
0,0,0.7039013,0.60752237,0.4078026
0,0,0.9988706,0.008793021,0.9977412
1,1,0.9992791,0.0059364904,0.99855816
0,0,1.0,2.793051e-07,1.0
0,0,0.99985117,0.0014604243,0.99970233
0,0,1.0,2.1270596e-09,1.0
1,1,0.89825916,0.32889122,0.7965183
1,0,1.0,1.1411666e-09,1.0
1,1,1.0,2.763102e-11,1.0
1,0,0.74587643,0.5668202,0.49175283
1,1,1.0,2.763102e-11,1.0
1,1,1.0,2.763102e-11,1.0
0,0,1.0,3.0900144e-10,1.0
0,0,1.0,2.763102e-11,1.0
1,1,0.9678972,0.14197747,0.93579435
1,0,1.0,2.763102e-11,1.0
1,1,0.99999976,3.87412e-06,0.9999995
1,1,1.0,2.763102e-11,1.0
1,0,0.99899626,0.007932929,0.9979925
0,0,0.9989391,0.008326042,0.9978782
1,1,0.93842673,0.23127466,0.87685347
1,1,0.9859043,0.074070245,0.97180855
1,1,0.99387604,0.037310094,0.9877521
1,0,0.99999994,1.3892782e-06,0.9999999
1,1,0.8354857,0.44708037,0.6709714
1,1,0.99980146,0.0018910047,0.9996029
1,1,0.93842673,0.23127466,0.87685347
0,0,0.99894637,0.008276169,0.99789274
0,0,0.9998659,0.0013297121,0.9997318
0,0,1.0,2.763102e-11,1.0
1,1,1.0,2.763102e-11,1.0
0,0,0.9989461,0.008278271,0.99789214
1,1,0.87220156,0.38218012,0.7444031
1,0,0.9998061,0.0018511547,0.9996122
1,1,0.99482626,0.03239574,0.9896525
0,0,0.95902276,0.17103758,0.9180455
1,1,1.0,2.763102e-11,1.0
1,0,0.99999994,7.6723893e-07,0.9999999
0,0,1.0,2.7372407e-10,1.0
1,0,0.9990601,0.007490451,0.9981202
1,0,0.99478483,0.032613546,0.98956966
0,0,1.0,3.8244366e-10,1.0
0,0,1.0,3.7102052e-07,1.0
1,0,0.96181023,0.16214785,0.92362046
1,0,0.9999973,3.6908987e-05,0.99999464
0,0,0.9999749,0.00029092713,0.9999498
1,1,0.9690477,0.13803695,0.93809545
1,1,0.9919848,0.04666775,0.98396957
0,0,1.0,4.5424395e-10,1.0
0,0,0.9989457,0.008280896,0.9978914
1,1,0.9598074,0.16855577,0.9196148
0,0,0.9989447,0.008287691,0.9978894
0,0,0.9989455,0.0082822535,0.99789095
1,1,0.9999163,0.00086935324,0.99983263
1,1,0.9999795,0.00024184221,0.999959
0,0,1.0,2.655243e-10,1.0
1,1,0.99999976,3.87412e-06,0.9999995
0,0,1.0,2.8694833e-10,1.0
0,0,0.99999994,1.3114156e-06,0.9999999
1,1,0.8354857,0.44708037,0.6709714
1,1,0.999987,0.00015918759,0.999974
1,1,1.0,2.763102e-11,1.0
0,0,0.9989561,0.00820948,0.99791217
0,0,0.99894994,0.0082516745,0.9978999
1,1,0.75896996,0.55226433,0.5179399
1,1,0.8625977,0.40021974,0.7251954
0,0,1.0,3.0677583e-10,1.0
1,1,0.9982381,0.0129332775,0.9964762
0,0,1.0,2.763102e-11,1.0
0,0,0.9999985,2.1413396e-05,0.999997
0,0,0.9666154,0.14631736,0.93323076
1,1,1.0,2.763102e-11,1.0
1,0,0.7678352,0.54187894,0.5356704
1,1,0.99998724,0.00015650294,0.9999745
1,0,0.8977524,0.3299936,0.7955048
1,1,1.0,2.763102e-11,1.0
0,0,1.0,2.7803154e-10,1.0
1,1,0.943746,0.21653345,0.88749194
1,1,1.0,2.763102e-11,1.0
0,0,0.9989403,0.00831777,0.9978806
0,0,1.0,3.101512e-10,1.0
1,1,0.99999976,3.87412e-06,0.9999995
0,0,1.0,1.0100643e-09,1.0
0,0,0.99983627,0.0015908309,0.99967253
0,0,1.0,8.201929e-10,1.0
1,0,0.99967986,0.002896036,0.9993597
0,0,0.9956643,0.027916245,0.9913286
0,0,1.0,2.763102e-11,1.0
1,1,0.98247313,0.08825137,0.96494627
1,1,1.0,2.763102e-11,1.0
0,0,0.99895847,0.00819328,0.99791694
0,0,0.9998523,0.0014503269,0.9997046
0,0,0.9989357,0.008349288,0.9978714
1,1,0.99696034,0.020652922,0.9939207
1,1,0.9929483,0.041964363,0.9858966
0,0,1.0,2.763102e-11,1.0
0,0,1.0,3.1689934e-10,1.0
0,0,1.0,2.763102e-11,1.0
0,0,0.9989417,0.008308023,0.99788344
1,1,0.85247463,0.41839245,0.70494926
1,1,0.99999917,1.2514034e-05,0.99999833
0,0,0.9981428,0.013534989,0.99628556
0,0,1.0,7.571534e-09,1.0
1,0,0.952845,0.19005159,0.90568995
0,0,1.0,3.2084332e-10,1.0
1,1,1.0,2.763102e-11,1.0
0,0,0.9998311,0.0016362672,0.99966216
0,0,0.9999727,0.0003140046,0.9999454
0,0,1.0,2.763102e-11,1.0
0,0,1.0,2.763102e-11,1.0
1,1,0.99387604,0.037310094,0.9877521
0,0,0.99552304,0.028681912,0.9910461
1,1,0.93842673,0.23127466,0.87685347
1,1,0.99877065,0.009466771,0.9975413
0,0,1.0,3.4504824e-10,1.0
0,0,1.0,3.8640585e-10,1.0
0,0,1.0,4.0697357e-10,1.0
1,1,0.9386777,0.2305904,0.87735546
0,0,0.9908777,0.051928427,0.9817554
0,0,1.0,4.3991574e-10,1.0
0,0,0.9988961,0.008619462,0.99779224
1,1,0.93842673,0.23127466,0.87685347
0,0,0.9988943,0.008632145,0.99778855
0,0,0.99999946,8.114746e-06,0.9999989
1,1,0.87520653,0.37636808,0.75041306
0,1,0.93842673,0.23127466,0.87685347
1,1,0.9991084,0.007152639,0.99821675
0,0,0.99887043,0.008794133,0.99774086
1,1,0.79948926,0.5011096,0.5989785
0,0,0.99449867,0.034108233,0.98899734
0,0,0.9989571,0.008202652,0.9979142
1,0,1.0,1.6728942e-09,1.0
0,0,0.9873616,0.06780073,0.9747232
1,1,0.9989538,0.008225163,0.99790764
1,0,0.9999994,9.356385e-06,0.9999988
1,0,0.99994856,0.00055932446,0.9998971
1,1,1.0,2.763102e-11,1.0
1,0,0.99999964,5.355322e-06,0.9999993
0,0,1.0,3.864026e-09,1.0
1,1,0.93276715,0.24642164,0.8655343
0,0,0.9287005,0.25698745,0.857401
1,1,0.5305922,0.6912743,0.061184406
0,0,0.999997,4.066871e-05,0.99999404
1,1,0.99998903,0.00013621978,0.99997807
1,1,1.0,2.763102e-11,1.0
1,0,0.7651833,0.5450312,0.53036666
0,0,0.9989208,0.008451078,0.9978416
0,0,1.0,1.595569e-07,1.0
1,1,1.0,2.763102e-11,1.0
1,1,1.0,2.763102e-11,1.0
1,0,1.0,7.4746076e-10,1.0
0,0,1.0,1.5751392e-09,1.0
0,0,0.97303635,0.12402371,0.9460727
1,0,0.9998525,0.0014490022,0.99970496
1,0,1.0,6.1148014e-10,1.0
1,0,0.54102445,0.6897774,0.08204889
1,1,0.9999999,2.0196896e-06,0.99999976
1,0,0.7079675,0.6039615,0.41593504
1,1,0.99387604,0.037310094,0.9877521
0,0,0.9989413,0.008311044,0.9978826
1,1,1.0,2.763102e-11,1.0
1,1,1.0,2.763102e-11,1.0
1,1,0.9385729,0.23087636,0.87714577
0,0,0.9998796,0.0012069367,0.9997592
0,0,1.0,3.0216432e-10,1.0
1,0,1.0,2.763102e-11,1.0
1,1,0.99995387,0.0005067329,0.99990773
1,0,0.9826947,0.08735788,0.9653894
1,0,0.99985117,0.0014604364,0.99970233
1,1,1.0,2.763102e-11,1.0
1,1,0.993869,0.037345886,0.987738
0,0,0.9988628,0.008845694,0.9977256
1,0,0.8977524,0.3299936,0.7955048
1,1,0.9999999,2.0196896e-06,0.99999976
0,0,0.9989605,0.008179374,0.997921
0,0,1.0,2.676712e-10,1.0
1,1,0.8798275,0.36726856,0.759655
0,0,0.9989006,0.008588911,0.9978012
1,1,0.6014909,0.6724025,0.20298183
1,1,0.8264185,0.4615199,0.65283704
0,0,1.0,3.99497e-10,1.0
1,1,0.9999999,2.0196896e-06,0.99999976
1,1,1.0,2.763102e-11,1.0
0,0,0.99985135,0.0014588126,0.9997027
1,1,0.8381513,0.4427228,0.67630255
0,0,0.998937,0.008340509,0.997874
1,0,0.99841577,0.011797401,0.99683154
1,0,0.9997834,0.002044072,0.9995668
1,1,1.0,2.763102e-11,1.0
1,1,0.9999999,2.0196896e-06,0.99999976
1,1,1.0,2.763102e-11,1.0
1,1,0.97185385,0.12823772,0.9437077
0,0,0.99982184,0.0017159403,0.9996437
0,0,0.99892217,0.008441985,0.99784434
1,1,0.87717605,0.372514,0.7543521
0,1,0.8597699,0.40538102,0.71953976
1,1,0.99801207,0.014352217,0.99602413
1,1,0.93842673,0.23127466,0.87685347
0,0,1.0,2.763102e-11,1.0
0,0,1.0,2.763102e-11,1.0
1,1,0.993869,0.037345886,0.987738
0,0,0.9999993,1.0674127e-05,0.99999857
1,1,1.0,2.763102e-11,1.0
1,1,0.99387604,0.037310094,0.9877521
0,0,0.99999994,1.2259734e-06,0.9999999
1,1,0.9998565,0.001413594,0.99971294
0,0,1.0,1.12590506e-07,1.0
1,1,0.87220156,0.38218012,0.7444031
1,0,0.9998523,0.0014503269,0.9997046
1,1,1.0,2.763102e-11,1.0
1,1,1.0,2.763102e-11,1.0
0,0,0.9889513,0.060766585,0.97790265
0,0,1.0,1.7709652e-09,1.0
0,0,1.0,6.6198236e-10,1.0
0,0,1.0,2.763102e-11,1.0
1,1,1.0,2.763102e-11,1.0
0,0,1.0,2.763102e-11,1.0
0,0,1.0,5.273395e-10,1.0
1,0,0.9966601,0.022377618,0.9933202
1,1,1.0,2.763102e-11,1.0
1,1,0.9279685,0.25886238,0.855937
0,0,1.0,3.0924768e-10,1.0
1,1,0.93842673,0.23127466,0.87685347
0,0,0.99090576,0.05179681,0.9818115
0,0,0.9989513,0.008242306,0.99790263
0,0,1.0,3.1846897e-10,1.0
1,1,0.8608015,0.40350583,0.72160304
1,1,1.0,2.763102e-11,1.0
1,1,1.0,2.763102e-11,1.0
0,0,0.9989599,0.008183286,0.9979198
0,0,0.9999999,2.3678551e-06,0.99999976
1,1,0.8779535,0.3709827,0.75590706
1,1,1.0,2.763102e-11,1.0
1,1,0.9937184,0.038110435,0.9874368
1,0,0.6661918,0.6368428,0.33238363
1,1,1.0,2.763102e-11,1.0
0,0,0.94285506,0.2190384,0.8857101
0,0,0.9988559,0.008892823,0.9977118
1,0,0.9956444,0.028024493,0.9912888
1,0,0.9942798,0.03524141,0.9885596
1,1,0.91165847,0.29868385,0.82331693
1,1,0.99890566,0.008554527,0.9978113
1,1,1.0,2.763102e-11,1.0
1,1,1.0,2.763102e-11,1.0
1,1,0.993869,0.037345886,0.987738
1,1,1.0,2.763102e-11,1.0
1,0,0.9981118,0.013729452,0.99622357
1,1,0.9824981,0.088150784,0.9649962
0,0,0.99814457,0.013523597,0.99628913
0,0,0.99896145,0.008172722,0.9979229
1,1,0.8525157,0.41832042,0.7050314
0,0,1.0,5.2027165e-09,1.0
1,1,0.93842673,0.23127466,0.87685347
0,0,1.0,4.4096615e-10,1.0
0,0,0.9986486,0.010278779,0.99729717
1,0,0.641516,0.652541,0.2830319
1,1,0.9999995,7.417722e-06,0.99999905
0,0,1.0,2.9813868e-10,1.0
1,1,0.93842673,0.23127466,0.87685347
1,1,0.5702817,0.6832354,0.14056337
1,0,0.9996744,0.002940199,0.99934876
1,1,0.93842673,0.23127466,0.87685347
1,1,0.9865622,0.07125981,0.9731244
1,1,1.0,2.763102e-11,1.0
1,0,0.9980874,0.013882152,0.9961748
0,0,0.99985236,0.0014500911,0.9997047
0,0,0.9989039,0.008566723,0.99780774
0,0,1.0,3.1118444e-10,1.0
0,0,1.0,9.839788e-10,1.0
1,1,0.8625977,0.40021974,0.7251954
1,0,0.9999997,4.502076e-06,0.9999994
1,0,1.0,2.763102e-11,1.0
0,1,0.93842673,0.23127466,0.87685347
1,0,0.66815364,0.6354785,0.33630726
1,1,0.9991473,0.0068784836,0.9982946
0,0,1.0,8.963857e-10,1.0
0,0,1.0,7.96899e-10,1.0
0,0,0.9989486,0.008261196,0.99789715
1,1,0.93842673,0.23127466,0.87685347
0,0,0.9999721,0.00032027287,0.9999442
1,1,1.0,2.763102e-11,1.0
1,1,0.998898,0.008606506,0.99779606
1,1,0.99999654,4.6930018e-05,0.9999931
0,0,0.99734944,0.018372633,0.9946989
1,1,0.9999995,7.417722e-06,0.99999905
1,1,0.9808085,0.094875686,0.961617
0,0,1.0,3.4092518e-10,1.0
1,1,1.0,2.763102e-11,1.0
1,1,0.99466777,0.03322681,0.98933554
1,1,0.975161,0.11631642,0.95032203
1,1,0.99999964,5.6661747e-06,0.9999993
1,1,1.0,2.763102e-11,1.0
0,0,0.6465872,0.64953375,0.2931744
0,0,0.50666904,0.69305825,0.013338119
1,1,1.0,2.763102e-11,1.0
0,0,0.9988342,0.009039222,0.9976684
0,0,1.0,2.980257e-10,1.0
0,0,1.0,1.2971025e-09,1.0
0,0,1.0,3.65626e-10,1.0
1,1,0.8354857,0.44708037,0.6709714
1,0,0.99951434,0.004191225,0.9990287
0,0,1.0,2.4813056e-09,1.0
0,0,0.998934,0.008361089,0.99786794
1,1,1.0,2.763102e-11,1.0
0,1,0.9999249,0.0007883162,0.9998498
1,1,0.9999999,2.0196896e-06,0.99999976
1,1,0.9999999,2.0196896e-06,0.99999976
1,1,0.99980515,0.0018594686,0.9996103
0,0,1.0,5.841405e-09,1.0
1,1,0.93842673,0.23127466,0.87685347
1,1,0.9947008,0.033054054,0.9894016
0,0,0.9830868,0.085769385,0.96617365
1,1,1.0,2.763102e-11,1.0
1,0,0.9999475,0.00057009346,0.999895
1,0,0.99999994,1.2262784e-06,0.9999999
1,1,0.959114,0.17074971,0.91822803
1,1,0.99482685,0.032392606,0.9896537
0,0,1.0,1.0305351e-07,1.0
1,1,0.99999285,9.189632e-05,0.9999857
0,0,1.0,6.2046335e-10,1.0
1,1,0.93842673,0.23127466,0.87685347
1,1,0.9999999,2.0196896e-06,0.99999976
1,1,1.0,2.763102e-11,1.0
0,0,0.9989327,0.008369633,0.99786544
1,1,0.9998517,0.0014557103,0.9997034
1,1,1.0,2.763102e-11,1.0
0,0,1.0,2.3102315e-08,1.0
0,0,1.0,1.668453e-09,1.0
1,1,0.9459021,0.21040887,0.8918042
1,1,0.98001695,0.09797315,0.9600339
1,1,0.8264185,0.4615199,0.65283704
1,0,0.9998524,0.001449622,0.99970484
0,0,1.0,2.9594238e-10,1.0
1,1,1.0,2.763102e-11,1.0
0,1,0.93842673,0.23127466,0.87685347
1,0,0.9997748,0.0021164527,0.9995496
1,1,1.0,2.763102e-11,1.0
1,1,0.99930143,0.0057744416,0.99860287
0,0,0.99890035,0.008590683,0.9978007
0,0,0.6353569,0.65604293,0.27071384
0,0,0.9989592,0.008188369,0.99791837
0,1,0.5005024,0.69314665,0.0010048151
1,0,0.99982196,0.0017150046,0.9996439
1,1,0.99999976,3.87412e-06,0.9999995
0,0,1.0,3.0986902e-10,1.0
0,0,0.9989532,0.008229245,0.99790645
1,1,1.0,2.763102e-11,1.0
0,0,0.9997346,0.002450936,0.99946916
0,0,0.99896234,0.008166752,0.9979247
0,0,0.9998522,0.0014516041,0.99970436
0,0,0.995927,0.026480094,0.99185395
1,0,0.999822,0.0017146224,0.99964404
0,0,0.9988144,0.009172761,0.9976288
1,1,0.93842673,0.23127466,0.87685347
0,0,0.9998522,0.0014514696,0.99970436
0,0,1.0,2.763102e-11,1.0
1,1,0.6739827,0.63132226,0.34796536
1,1,0.9967319,0.021968005,0.99346375
1,0,1.0,2.763102e-11,1.0
1,1,0.8264185,0.4615199,0.65283704
1,1,0.72521305,0.58796215,0.4504261
1,1,0.9968688,0.021181915,0.9937376
1,1,0.99370486,0.038178932,0.9874097
0,1,0.87299645,0.38065064,0.7459929
1,1,1.0,2.763102e-11,1.0
0,0,0.9997454,0.0023615318,0.99949086
0,0,0.996078,0.025646597,0.992156
1,1,1.0,2.763102e-11,1.0
1,1,0.99986124,0.0013713194,0.9997225
1,1,0.98025024,0.09706362,0.9605005
1,0,0.99982184,0.0017163202,0.9996437
0,0,0.9654649,0.1501693,0.9309298
1,1,1.0,2.763102e-11,1.0
0,0,0.98541623,0.076134905,0.97083247
1,1,1.0,2.763102e-11,1.0
0,0,1.0,4.3926723e-10,1.0
1,1,0.993722,0.03809202,0.98744404
1,1,0.96168876,0.16253954,0.9233775
0,0,0.97381574,0.12121708,0.9476315
1,0,0.7055553,0.6060836,0.41111064
1,1,1.0,2.763102e-11,1.0
0,0,1.0,2.6545766e-10,1.0
1,0,0.6661918,0.6368428,0.33238363
1,1,0.99961865,0.0033831897,0.9992373
0,0,0.9989099,0.008525639,0.9978198
0,0,1.0,1.653826e-09,1.0
1,1,1.0,2.763102e-11,1.0
1,1,0.995481,0.028908877,0.990962
1,0,0.99823844,0.01293104,0.9964769
1,0,0.9966601,0.022377618,0.9933202
0,0,0.9999977,3.2649972e-05,0.99999535
1,0,0.99999994,1.3820982e-06,0.9999999
1,1,1.0,2.763102e-11,1.0
1,1,0.99998724,0.00015650294,0.9999745
1,1,1.0,2.763102e-11,1.0
1,1,0.8354857,0.44708037,0.6709714
1,1,0.99999976,3.87412e-06,0.9999995
0,0,1.0,4.2075948e-10,1.0
0,0,0.99892956,0.008391373,0.9978591
0,0,1.0,5.353355e-10,1.0
1,1,0.99387604,0.037310094,0.9877521
1,1,0.8354857,0.44708037,0.6709714
0,0,1.0,7.350978e-10,1.0
0,0,1.0,3.282291e-10,1.0
1,1,1.0,2.763102e-11,1.0
0,0,0.99978346,0.0020434733,0.9995669
0,0,1.0,3.0223185e-10,1.0
0,0,1.0,4.6535464e-10,1.0
0,0,0.99960667,0.0034772828,0.99921334
0,0,0.72937286,0.5838816,0.45874572
1,1,1.0,2.763102e-11,1.0
1,1,1.0,2.763102e-11,1.0
0,0,1.0,2.1723089e-07,1.0
1,1,0.99999976,3.87412e-06,0.9999995
1,1,0.9999981,2.702674e-05,0.9999962
0,0,1.0,2.763102e-11,1.0
0,0,1.0,4.076525e-09,1.0
1,1,0.96365124,0.15616141,0.9273025
0,0,1.0,4.24799e-10,1.0
0,0,0.9989587,0.008191658,0.9979174
1,1,0.99911255,0.007123333,0.9982251
1,1,0.98049563,0.09610389,0.96099126
0,0,1.0,3.239678e-10,1.0
1,1,0.9999999,2.0196896e-06,0.99999976
0,0,1.0,3.2566605e-10,1.0
1,1,0.99995637,0.00048167005,0.99991274
1,1,0.993869,0.037345886,0.987738
0,0,0.999999,1.4861946e-05,0.999998
1,0,0.99999994,1.2140426e-06,0.9999999
1,1,1.0,2.763102e-11,1.0
1,1,1.0,2.763102e-11,1.0
1,0,0.9998564,0.0014143414,0.9997128
1,1,1.0,2.763102e-11,1.0
0,1,0.9999846,0.00018580566,0.99996924
1,1,0.8701641,0.38607463,0.7403282
1,1,0.9999999,2.0196896e-06,0.99999976
0,0,0.9989037,0.008567907,0.9978074
1,0,1.0,2.763102e-11,1.0
0,0,0.9999999,1.6520956e-06,0.99999976
1,1,1.0,2.763102e-11,1.0
0,0,1.0,3.036448e-09,1.0
1,1,0.9434874,0.21726197,0.8869748
0,1,0.9998399,0.0015592983,0.9996798
0,0,1.0,3.249113e-10,1.0
0,0,1.0,4.5982973e-10,1.0
0,0,0.9989317,0.008376546,0.9978634
1,1,0.9997433,0.0023791026,0.99948657
1,1,1.0,2.763102e-11,1.0
1,1,0.99999905,1.4174408e-05,0.9999981
1,1,0.993869,0.037345886,0.987738
0,0,0.9998522,0.0014514345,0.99970436
1,0,0.9853838,0.07627138,0.9707676
0,0,1.0,3.2015517e-08,1.0
1,1,1.0,2.763102e-11,1.0
1,1,1.0,2.763102e-11,1.0
1,0,0.99999964,5.484726e-06,0.9999993
1,1,0.99998724,0.00015650294,0.9999745
1,1,1.0,2.763102e-11,1.0
0,1,0.99998605,0.00016988323,0.9999721
1,1,0.8354857,0.44708037,0.6709714
0,0,1.0,5.0489986e-09,1.0
0,1,0.99998605,0.00016988323,0.9999721
1,0,0.99982053,0.0017276495,0.99964106
0,0,1.0,8.6808366e-10,1.0
1,1,0.8806305,0.3656669,0.761261
0,0,0.9989561,0.008209605,0.99791217
1,1,0.540006,0.6899428,0.080011964
1,1,1.0,2.763102e-11,1.0
0,0,1.0,3.1025632e-10,1.0
0,0,1.0,4.0533565e-10,1.0
0,0,1.0,4.0300288e-10,1.0
1,1,1.0,2.763102e-11,1.0
0,0,1.0,3.4410685e-10,1.0
0,0,0.9999968,4.4096312e-05,0.99999356
1,0,0.9907039,0.05274155,0.98140776
0,0,0.99894994,0.008251778,0.9978999
0,0,0.9945311,0.033939663,0.9890622
0,0,1.0,9.284044e-10,1.0
1,1,1.0,2.763102e-11,1.0
1,1,0.9945937,0.033613678,0.98918736
0,0,0.9989531,0.008229935,0.9979062
1,1,0.99998724,0.00015650294,0.9999745
0,0,0.9989508,0.008246063,0.99790156
0,0,1.0,9.0846514e-10,1.0
1,1,0.95386505,0.1869736,0.9077301
0,1,0.9998399,0.0015592983,0.9996798
1,1,1.0,2.763102e-11,1.0
1,1,0.9595701,0.16930796,0.9191402
1,0,1.0,3.760998e-08,1.0
0,0,1.0,2.831002e-10,1.0
1,1,0.9162535,0.28782558,0.832507
1,1,0.9536881,0.18750925,0.90737617
0,0,1.0,3.4308634e-10,1.0
0,0,0.998961,0.008176234,0.99792194
1,1,1.0,2.763102e-11,1.0
1,1,0.99998283,0.00020552268,0.99996567
0,0,0.9999721,0.0003201586,0.9999442
1,0,0.99976206,0.002223119,0.9995241
1,1,0.99999917,1.2514034e-05,0.99999833
0,0,0.9989586,0.008192392,0.9979172
0,0,1.0,2.763102e-11,1.0
0,0,0.9989496,0.008254322,0.9978992
0,0,1.0,1.0255814e-10,1.0
1,1,0.99999976,3.87412e-06,0.9999995
1,0,1.0,2.763102e-11,1.0
1,1,0.9993668,0.0052961963,0.99873364
1,1,1.0,2.763102e-11,1.0
0,0,1.0,1.3119306e-09,1.0
1,0,1.0,2.763102e-11,1.0
0,0,0.9989057,0.008553963,0.99781144
1,0,0.6661918,0.6368428,0.33238363
1,0,0.99904895,0.0075680427,0.9980979
1,1,0.86425275,0.39716774,0.7285055
0,0,1.0,3.0869768e-10,1.0
0,0,1.0,2.9356624e-09,1.0
1,1,0.99998724,0.00015650294,0.9999745
1,1,1.0,2.763102e-11,1.0
0,0,0.99999845,2.2210035e-05,0.9999969
0,0,0.9999977,3.2209722e-05,0.99999535
0,0,0.9989296,0.008391075,0.99785924
0,0,0.9988984,0.008603949,0.9977968
0,0,0.99999994,1.3082763e-06,0.9999999
1,0,0.64590657,0.6499438,0.29181314
0,0,1.0,3.5734708e-08,1.0
0,0,0.68840176,0.6203735,0.37680352
1,1,1.0,2.763102e-11,1.0
1,1,0.99978155,0.0020597395,0.9995631
1,0,0.9998218,0.0017164783,0.99964356
0,0,0.9989379,0.00833436,0.9978758
1,0,0.99899626,0.007932929,0.9979925
0,0,0.9989292,0.008393743,0.9978584
1,0,1.0,2.2067208e-10,1.0
1,1,0.99999845,2.2281009e-05,0.9999969
1,1,0.9366765,0.23601598,0.873353
1,0,1.0,2.763102e-11,1.0
1,1,0.99787664,0.01518984,0.9957533
1,1,0.993869,0.037345886,0.987738
1,1,1.0,2.763102e-11,1.0
1,1,0.88571084,0.35538995,0.7714217
1,1,0.8264185,0.4615199,0.65283704
1,1,0.9552585,0.18273066,0.910517
0,0,0.99891585,0.008484885,0.9978317
0,0,1.0,1.8373878e-08,1.0
0,0,0.91060835,0.3011281,0.8212167
1,1,0.9999881,0.000147071,0.99997616
0,0,0.99992836,0.0007554746,0.9998567
0,0,1.0,5.563402e-09,1.0
1,0,0.9997852,0.002029256,0.99957037
1,1,0.9945937,0.033613678,0.98918736
1,0,0.98168427,0.09140971,0.96336854
1,0,1.0,2.0752734e-10,1.0
1,1,0.99998724,0.00015650294,0.9999745
1,0,0.9997648,0.0022004321,0.9995296
1,1,0.97969764,0.09921351,0.9593953
1,1,0.9725831,0.12564503,0.94516623
0,0,0.9989523,0.00823534,0.99790466
1,0,0.99674165,0.021912098,0.9934833
1,1,1.0,2.763102e-11,1.0
1,0,0.99982196,0.0017153285,0.9996439
1,1,1.0,2.763102e-11,1.0
0,0,0.998932,0.008374757,0.997864
0,0,0.99888724,0.008679772,0.9977745
0,0,1.0,3.755359e-10,1.0
1,1,1.0,2.763102e-11,1.0
1,1,0.93842673,0.23127466,0.87685347
1,0,0.56063116,0.6857768,0.12126228
1,1,0.95411676,0.18621045,0.9082335
1,0,0.9999969,4.2448522e-05,0.9999938
0,0,1.0,6.040523e-08,1.0
1,0,0.9857637,0.07466662,0.97152746
1,0,0.999612,0.0034356785,0.99922395
0,0,1.0,4.7054605e-10,1.0
0,0,1.0,1.5580785e-07,1.0
0,0,0.9996352,0.003252317,0.99927044
0,0,0.99985224,0.0014511015,0.9997045
1,1,1.0,2.763102e-11,1.0
1,1,1.0,2.763102e-11,1.0
1,1,0.96592885,0.1486208,0.9318577
1,1,0.538865,0.69012314,0.07772994
0,0,1.0,2.763102e-11,1.0
0,1,0.9999846,0.00018580566,0.99996924
1,1,0.93842673,0.23127466,0.87685347
1,0,0.99999994,8.378373e-07,0.9999999
1,1,1.0,2.763102e-11,1.0
0,0,1.0,1.1657699e-09,1.0
1,1,0.9999995,7.417722e-06,0.99999905
1,1,0.9492953,0.20058504,0.89859056
1,1,0.8633275,0.39887685,0.726655
0,0,0.998941,0.0083130235,0.997882
0,0,0.9998522,0.0014513782,0.99970436
1,0,0.9999999,1.9499296e-06,0.99999976
0,0,1.0,8.791024e-10,1.0
1,1,1.0,2.763102e-11,1.0
1,1,0.9999999,2.0196896e-06,0.99999976
0,0,0.9989332,0.0083666,0.9978664
1,1,1.0,2.763102e-11,1.0
1,1,0.993869,0.037345886,0.987738
1,1,1.0,2.763102e-11,1.0
0,0,0.9989394,0.008324096,0.9978788
1,1,0.993869,0.037345886,0.987738
0,0,0.9929115,0.042146176,0.98582304
0,0,1.0,2.763102e-11,1.0
0,0,0.99894017,0.0083185835,0.99788034
1,1,1.0,2.763102e-11,1.0
1,1,0.9999881,0.000147071,0.99997616
1,1,0.99999857,2.0681588e-05,0.99999714
1,1,0.99962485,0.003334345,0.9992497
0,0,1.0,2.763102e-11,1.0
0,0,0.9920695,0.046259236,0.98413897
1,1,0.8354857,0.44708037,0.6709714
0,0,0.9897082,0.057338167,0.9794164
1,1,0.937925,0.23263924,0.87584996
1,1,1.0,2.763102e-11,1.0
1,1,0.9999999,2.0196896e-06,0.99999976
1,0,0.99982184,0.0017159325,0.9996437
0,0,1.0,5.718518e-10,1.0
1,1,0.8054142,0.49280453,0.6108284
1,1,0.9999527,0.0005186194,0.99990535
0,0,1.0,2.763102e-11,1.0
1,1,0.9740069,0.120525196,0.9480138
1,1,1.0,2.763102e-11,1.0
1,1,0.96981156,0.1353966,0.9396231
1,0,0.71136165,0.60092795,0.42272332
1,1,1.0,2.763102e-11,1.0
1,0,0.9983568,0.012176467,0.99671364
1,1,0.87569094,0.3754235,0.7513819
0,0,1.0,2.763102e-11,1.0
0,0,1.0,1.13279e-08,1.0
0,0,0.99890625,0.008550359,0.9978125
0,0,0.89588654,0.3340283,0.7917731
1,0,1.0,2.0448142e-10,1.0
1,1,0.9998692,0.0013001392,0.99973845
1,0,0.99999803,2.805566e-05,0.99999607
1,1,0.9997924,0.0019680304,0.9995848
1,0,0.9985848,0.010698405,0.9971696
1,0,0.7011395,0.6098957,0.40227902
0,0,1.0,1.0547635e-09,1.0
1,1,1.0,2.763102e-11,1.0
0,0,1.0,4.248457e-10,1.0
1,0,0.99860436,0.010570185,0.9972087
0,0,0.99893373,0.008362817,0.99786747
0,0,1.0,3.8865486e-10,1.0
1,0,0.66090345,0.6404344,0.3218069
0,0,0.98077005,0.095026866,0.9615401
1,1,0.9753143,0.115753286,0.95062864
1,1,0.9999999,2.0196896e-06,0.99999976
1,1,0.8732099,0.38023895,0.7464198
1,1,0.93842673,0.23127466,0.87685347
1,0,0.9999999,2.2699328e-06,0.99999976
1,1,1.0,2.763102e-11,1.0
0,0,0.9998522,0.0014515843,0.99970436
1,1,0.97762454,0.10714532,0.9552491
0,0,1.0,3.5539555e-10,1.0
1,1,1.0,2.763102e-11,1.0
1,1,0.6307556,0.6585523,0.2615112
1,1,1.0,2.763102e-11,1.0
0,0,0.9038946,0.3164404,0.8077892
0,0,0.9618838,0.16191044,0.92376757
0,0,1.0,3.3375924e-10,1.0
1,1,1.0,2.763102e-11,1.0
1,1,0.9671281,0.14458765,0.9342562
0,0,1.0,5.694434e-10,1.0
1,1,1.0,2.763102e-11,1.0
1,1,0.9879793,0.06509321,0.9759586
1,0,1.0,3.2181663e-10,1.0
0,0,1.0,3.2849493e-10,1.0
1,0,0.5704577,0.68318546,0.14091536
1,1,0.9537835,0.18722048,0.907567
1,1,0.9540917,0.18628642,0.90818346
1,1,0.99311984,0.041113555,0.9862397
1,0,0.999441,0.0047453223,0.99888206
1,1,0.9994779,0.00446764,0.99895585
0,0,0.9998522,0.0014512977,0.99970436
0,0,0.9999996,6.4950877e-06,0.99999917
0,0,0.99896014,0.00818169,0.9979203
1,0,0.9998205,0.0017280667,0.99964094
1,1,0.93842673,0.23127466,0.87685347
1,1,0.93842673,0.23127466,0.87685347
1,1,0.9823888,0.08859074,0.9647776
1,1,0.81399786,0.4803738,0.6279957
1,1,0.9994293,0.004833002,0.9988586
0,0,1.0,2.763102e-11,1.0
1,1,1.0,2.763102e-11,1.0
0,0,1.0,1.612053e-09,1.0
0,0,1.0,7.445675e-10,1.0
1,1,0.9999988,1.7452001e-05,0.9999976
0,0,0.9998522,0.0014514962,0.99970436
0,0,0.99985236,0.0014500911,0.9997047
0,0,0.99999857,2.0670077e-05,0.99999714
1,1,0.9645899,0.15307224,0.9291798
1,1,0.9998331,0.0016185406,0.9996662
1,1,0.9999999,2.0196896e-06,0.99999976
1,1,0.99999285,9.189632e-05,0.9999857
1,0,0.99899626,0.007932929,0.9979925
0,0,0.9989439,0.008293086,0.99788785
1,1,1.0,2.763102e-11,1.0
1,1,1.0,2.763102e-11,1.0
0,0,0.9386436,0.23068354,0.87728715
1,1,0.8264185,0.4615199,0.65283704
1,1,0.9999994,9.1391485e-06,0.9999988
0,0,1.0,3.8244155e-10,1.0
0,0,0.99894387,0.008293377,0.99788773
0,0,1.0,3.6886957e-10,1.0
1,0,0.63016474,0.65886796,0.26032948
1,0,0.9999999,2.1498918e-06,0.99999976
1,1,0.87224036,0.38210556,0.7444807
0,0,0.9989374,0.008337398,0.99787486
1,0,0.99999994,1.3159232e-06,0.9999999
1,0,0.92282003,0.27182728,0.84564006
0,0,1.0,1.6645859e-09,1.0
1,1,0.99999964,5.6661747e-06,0.9999993
0,0,0.99894863,0.008260617,0.99789727
0,0,0.9989541,0.008223026,0.99790823
1,1,0.9599151,0.16821387,0.9198302
0,0,1.0,8.5439895e-09,1.0
0,0,1.0,6.5623134e-09,1.0
1,0,1.0,4.3158732e-07,1.0
1,1,1.0,2.763102e-11,1.0
1,1,1.0,2.763102e-11,1.0
0,0,1.0,2.763102e-11,1.0
1,0,0.9638858,0.15539184,0.92777157
0,0,1.0,7.0135857e-09,1.0
1,1,1.0,2.763102e-11,1.0
0,0,0.9989426,0.008302091,0.9978852
0,0,1.0,3.434056e-10,1.0
1,1,0.70630974,0.6054229,0.41261947
1,1,0.99387604,0.037310094,0.9877521
1,1,0.99999976,3.87412e-06,0.9999995
1,1,1.0,2.763102e-11,1.0
1,1,1.0,2.763102e-11,1.0
1,1,0.9537502,0.18732135,0.9075004
1,1,1.0,2.763102e-11,1.0
1,0,1.0,4.4358572e-11,1.0
1,1,0.993869,0.037345886,0.987738
1,0,0.99978507,0.0020299423,0.99957013
0,0,0.7545868,0.5572397,0.50917363
1,1,1.0,2.763102e-11,1.0
1,1,1.0,2.763102e-11,1.0
1,0,0.9984794,0.011386057,0.99695885
1,1,0.99999917,1.2514034e-05,0.99999833
0,0,1.0,2.763102e-11,1.0
0,0,0.9989276,0.0084049525,0.9978552
1,1,0.8761945,0.37443927,0.75238895
1,1,0.9999999,2.0196896e-06,0.99999976
0,0,0.9989267,0.008410771,0.9978534
0,0,0.9989368,0.008341868,0.99787354
1,1,1.0,2.763102e-11,1.0
1,0,0.9918348,0.047388896,0.98366964
0,0,0.99999994,6.009097e-07,0.9999999
0,0,0.99892014,0.008455857,0.9978403
0,0,1.0,3.1674385e-10,1.0
1,0,0.94035995,0.22597592,0.8807199
1,0,0.99978524,0.002028623,0.9995705
1,1,0.98901737,0.06046959,0.97803473
0,0,0.998953,0.00823105,0.99790597
1,1,1.0,2.763102e-11,1.0
1,1,0.9998845,0.0011627692,0.999769
