true_label,predicted_label,confidence,entropy,margin
1,0,0.92435175,0.26801005,0.8487035
0,1,0.81010544,0.48607004,0.6202109
0,0,0.95008564,0.19826299,0.9001713
0,1,0.8166159,0.47648638,0.63323176
1,1,0.63418317,0.65669173,0.26836634
1,0,0.86343426,0.39867997,0.7268685
1,0,0.9984307,0.01170115,0.99686146
0,1,0.8028833,0.4963792,0.60576665
0,1,0.8151532,0.47866392,0.63030636
0,1,0.81113183,0.48457763,0.62226367
1,1,0.9995597,0.0038428616,0.9991194
0,1,0.7212668,0.5917529,0.4425336
1,0,0.97503966,0.116761476,0.9500793
1,0,0.9415327,0.2227293,0.88306534
1,0,0.9671112,0.14464486,0.93422234
1,1,0.83113813,0.45407695,0.66227627
0,1,0.78723764,0.5175936,0.5744753
0,1,0.8041597,0.4945815,0.6083194
1,1,0.80111545,0.4988522,0.6022309
1,0,0.93647015,0.23657155,0.8729403
1,1,0.63463646,0.65644187,0.26927292
1,1,0.8111449,0.48455858,0.6222898
1,1,0.5415037,0.6896981,0.083007455
1,0,0.9936511,0.038450904,0.9873022
1,1,0.57280374,0.6825086,0.14560747
1,1,0.9996691,0.0029827768,0.99933815
1,1,0.9995597,0.0038428616,0.9991194
0,1,0.68625295,0.622066,0.3725059
1,0,0.9451892,0.21244389,0.89037836
0,1,0.79968953,0.50083256,0.59937906
1,1,0.99970776,0.0026704404,0.9994155
0,1,0.8011381,0.49882063,0.6022762
0,1,0.81249094,0.48259085,0.6249819
1,0,0.7079231,0.6040008,0.41584623
0,0,0.82277507,0.46715933,0.64555013
0,1,0.8108253,0.48502406,0.6216506
0,1,0.8157027,0.47784755,0.63140535
1,1,0.9995678,0.0037801447,0.9991356
1,1,0.8140576,0.4802856,0.6281152
1,0,0.67338014,0.6317589,0.3467603
1,0,0.8396207,0.44029832,0.6792414
0,0,0.9558804,0.18082233,0.9117608
0,1,0.8729366,0.38076597,0.7458732
1,1,0.7506122,0.56166154,0.5012244
0,1,0.8140524,0.48029333,0.6281048
0,1,0.6292994,0.6593275,0.2585988
0,1,0.81883186,0.47316018,0.6376637
1,0,0.9414309,0.22301197,0.88286185
0,1,0.7028451,0.6084343,0.4056902
0,1,0.8146264,0.47944468,0.6292528
1,0,0.9822183,0.08927543,0.96443665
0,1,0.80170727,0.49802652,0.60341454
0,1,0.77606857,0.531839,0.55213714
1,0,0.92739654,0.26032186,0.8547931
0,1,0.81545687,0.47821298,0.63091373
1,0,0.94166213,0.22236934,0.88332427
1,0,0.9657702,0.14915112,0.93154037
1,1,0.81210846,0.4831512,0.6242169
0,0,0.5118756,0.69286513,0.023751289
1,1,0.99968266,0.0028735946,0.9993653
1,1,0.9993278,0.0055825193,0.99865556
1,1,0.6285299,0.6597335,0.2570598
0,0,0.64297026,0.65169,0.28594053
0,1,0.79993105,0.50049794,0.5998621
0,1,0.6109445,0.66832376,0.22188902
1,0,0.993912,0.037127137,0.98782396
0,1,0.77271116,0.5359796,0.5454223
1,0,0.5580231,0.6863986,0.11604616
1,0,0.7960863,0.50578034,0.5921726
1,0,0.7546676,0.55714893,0.50933516
0,1,0.81411487,0.48020104,0.62822974
1,0,0.7493675,0.563029,0.49873498
1,0,0.9763331,0.11198591,0.95266616
1,0,0.7809581,0.52569264,0.56191623
0,1,0.80202305,0.49758506,0.6040461
1,0,0.9772896,0.10840776,0.95457923
1,1,0.5415037,0.6896981,0.083007455
0,1,0.8065865,0.49113488,0.613173
0,1,0.60834706,0.66948175,0.21669412
0,1,0.7991263,0.50161123,0.59825265
1,0,0.5904906,0.6766795,0.18098113
1,1,0.8120694,0.48320836,0.62413883
1,1,0.79724735,0.50419486,0.5944947
1,0,0.9961141,0.025446765,0.99222815
1,1,0.57280374,0.6825086,0.14560747
1,0,0.60779214,0.6697255,0.21558425
0,1,0.5909503,0.6765108,0.18190062
1,0,0.6433945,0.65144014,0.2867889
1,0,0.9331882,0.24531287,0.8663764
1,1,0.999371,0.0052654576,0.998742
0,1,0.81287056,0.48203373,0.6257411
1,1,0.99954176,0.003981142,0.9990835
0,0,0.95962936,0.16912025,0.9192587
1,1,0.9994783,0.004464938,0.99895656
0,1,0.80773485,0.48949087,0.6154697
1,0,0.9416784,0.22232409,0.8833568
1,1,0.6038337,0.67142665,0.20766735
0,1,0.56126153,0.68562233,0.12252307
0,1,0.7852225,0.52021813,0.57044494
0,0,0.9493331,0.20047426,0.89866614
0,0,0.95688254,0.17772804,0.9137651
0,1,0.9383965,0.23135698,0.876793
1,0,0.9901489,0.055316105,0.9802978
1,1,0.81642056,0.47677797,0.6328411
0,1,0.9997582,0.0022554696,0.99951637
1,0,0.7960863,0.50578034,0.5921726
1,1,0.6204977,0.66381997,0.2409954
1,1,0.9997454,0.0023613544,0.99949086
1,1,0.8175177,0.4751367,0.6350354
1,0,0.9561866,0.17987952,0.9123732
1,1,0.74918234,0.56323165,0.4983647
0,1,0.8075605,0.48974097,0.615121
0,0,0.9605726,0.16612016,0.9211452
0,1,0.81461555,0.47946072,0.6292311
1,1,0.9997873,0.0020114344,0.99957454
1,1,0.5859265,0.67830694,0.17185295
1,0,0.92975056,0.25428373,0.8595011
0,1,0.8166159,0.47648638,0.63323176
0,1,0.8177328,0.47481397,0.6354656
1,1,0.99965346,0.0031075529,0.9993069
1,0,0.7079231,0.6040008,0.41584623
1,0,0.9917859,0.047623724,0.98357177
1,0,0.9481998,0.20378211,0.8963996
1,0,0.6369418,0.65515745,0.27388358
0,1,0.7773043,0.5302987,0.5546086
0,1,0.58657986,0.6780791,0.17315972
1,1,0.99940705,0.0049986076,0.9988141
0,1,0.81130767,0.48432127,0.62261534
0,1,0.55972534,0.6859959,0.11945069
1,0,0.94321656,0.21802378,0.8864331
0,0,0.94751364,0.20577213,0.8950273
0,1,0.77094644,0.5381302,0.5418929
0,0,0.9089107,0.30505088,0.8178214
0,0,0.6084873,0.6694199,0.21697462
1,1,0.63663244,0.6553312,0.27326488
0,1,0.8003413,0.4999289,0.6006826
0,1,0.5552729,0.68702453,0.110545754
0,1,0.9997788,0.0020828324,0.9995576
1,1,0.804554,0.49402407,0.609108
0,1,0.7840154,0.5217786,0.56803083
1,0,0.6286579,0.65966606,0.25731575
1,0,0.98240626,0.08852044,0.9648125
0,0,0.9649272,0.15195584,0.9298544
1,1,0.99965346,0.0031075529,0.9993069
1,0,0.92975056,0.25428373,0.8595011
1,1,0.9996613,0.0030447787,0.99932265
1,0,0.9399952,0.2269807,0.87999046
1,0,0.9412217,0.2235926,0.8824434
0,1,0.58635086,0.67815924,0.17270172
1,0,0.98538154,0.07628087,0.9707631
1,1,0.8128188,0.48210973,0.62563765
1,1,0.57280374,0.6825086,0.14560747
1,0,0.94198966,0.22145745,0.8839793
0,1,0.8704308,0.3855669,0.74086165
1,1,0.9995877,0.0036254677,0.9991754
1,1,0.99961394,0.0034202253,0.9992279
1,1,0.99954176,0.003981142,0.9990835
1,1,0.60427374,0.67124075,0.20854747
1,0,0.9416716,0.22234306,0.8833432
0,1,0.80231386,0.49717796,0.6046277
1,0,0.6960324,0.6141886,0.3920648
1,0,0.9950468,0.031231044,0.9900936
0,0,0.6871953,0.6213264,0.37439063
1,0,0.9420495,0.22129057,0.884099
1,1,0.8163074,0.47694677,0.63261485
1,0,0.94256204,0.21985894,0.8851241
1,1,0.8171627,0.47566867,0.6343254
0,1,0.7996728,0.5008557,0.59934556
0,0,0.9556261,0.18160388,0.91125214
0,1,0.7351886,0.5780296,0.4703772
0,1,0.5987078,0.6735321,0.19741559
0,1,0.6528444,0.645668,0.30568886
1,0,0.9936563,0.038424682,0.98731256
1,1,0.8126708,0.48232698,0.62534165
1,1,0.999724,0.0025380508,0.99944794
1,1,0.9997212,0.0025605056,0.99944246
1,1,0.81649315,0.47666967,0.6329863
0,1,0.82819194,0.45874158,0.6563839
1,1,0.81375694,0.48072928,0.6275139
0,1,0.6163426,0.6658262,0.23268521
0,1,0.81697494,0.47594965,0.6339499
1,0,0.9405456,0.2254636,0.88109124
0,1,0.7558059,0.55586636,0.5116118
0,0,0.52040005,0.6923146,0.040800095
0,1,0.8123646,0.48277608,0.62472916
1,0,0.97453594,0.118602514,0.9490719
0,1,0.8112259,0.4844405,0.6224518
1,0,0.5578915,0.68642926,0.11578295
1,0,0.9744083,0.11906737,0.94881666
0,1,0.9997788,0.0020828324,0.9995576
1,1,0.79979724,0.50068337,0.5995945
0,1,0.5997138,0.67312753,0.1994276
1,0,0.57077605,0.683095,0.14155209
1,1,0.75408125,0.55780685,0.5081625
1,0,0.99816394,0.013401728,0.9963279
0,1,0.8146914,0.4793484,0.62938285
1,0,0.9314957,0.2497527,0.86299145
1,1,0.81772393,0.4748273,0.63544786
0,0,0.9649496,0.15188158,0.9298992
1,0,0.65040654,0.6471946,0.30081308
1,0,0.90179247,0.3211266,0.80358493
1,0,0.9871458,0.06873961,0.97429156
1,1,0.63418317,0.65669173,0.26836634
1,0,0.90907294,0.3046775,0.8181459
0,1,0.81385094,0.48059064,0.6277019
1,1,0.80257565,0.49681103,0.6051513
1,1,0.9997454,0.0023613544,0.99949086
1,1,0.9996971,0.0027570701,0.9993942
0,1,0.7350703,0.57815033,0.47014058
1,1,0.81294876,0.48191887,0.6258975
1,1,0.9996383,0.0032278462,0.99927664
1,0,0.932126,0.24810463,0.864252
1,1,0.9998203,0.0017295255,0.9996406
1,1,0.999326,0.005595578,0.998652
1,0,0.95246917,0.19117968,0.90493834
1,1,0.941741,0.22215,0.883482
1,0,0.99899215,0.007961564,0.9979843
1,0,0.98885995,0.061176885,0.9777199
0,0,0.9356227,0.23884574,0.8712454
0,1,0.7390068,0.5740932,0.47801363
1,0,0.64962775,0.64767677,0.2992555
0,1,0.78723764,0.5175936,0.5744753
0,1,0.81446135,0.47968888,0.6289227
1,0,0.9866806,0.07075051,0.97336125
0,1,0.8153226,0.47841245,0.63064516
0,1,0.81561637,0.4779759,0.63123274
0,1,0.78760356,0.5171145,0.5752071
1,1,0.9997038,0.0027024266,0.99940765
1,1,0.8017343,0.4979887,0.60346866
0,1,0.78806335,0.5165113,0.5761267
0,1,0.8129607,0.48190135,0.62592137
1,0,0.98482275,0.07862317,0.9696455
1,1,0.80126435,0.49864468,0.6025287
1,1,0.8140354,0.48031837,0.62807083
1,0,0.94096833,0.22429481,0.88193667
1,0,0.9425663,0.21984719,0.88513255
0,1,0.8127178,0.48225808,0.6254356
1,0,0.6433945,0.65144014,0.2867889
1,0,0.50061864,0.69314647,0.0012372732
1,1,0.8112737,0.48437083,0.6225474
0,0,0.97523034,0.11606189,0.9504607
1,1,0.9997873,0.0020114344,0.99957454
1,0,0.92975056,0.25428373,0.8595011
1,0,0.94174075,0.22215073,0.8834815
0,1,0.8277757,0.45939562,0.65555143
0,1,0.786201,0.51894677,0.572402
0,0,0.5007467,0.6931461,0.0014934242
1,1,0.81153345,0.4839918,0.6230669
1,1,0.9996971,0.0027570701,0.9993942
0,0,0.96074134,0.16558091,0.9214827
1,1,0.9996691,0.0029827768,0.99933815
1,0,0.993912,0.037127137,0.98782396
1,0,0.9498714,0.19889364,0.89974284
0,0,0.94924074,0.20074481,0.8984815
1,0,0.5121597,0.6928514,0.02431941
1,0,0.553372,0.6874392,0.10674402
1,0,0.8907319,0.3449825,0.78146374
1,0,0.9414818,0.22287063,0.88296366
1,0,0.9772896,0.10840776,0.95457923
0,0,0.9494514,0.20012748,0.8989028
1,0,0.6960324,0.6141886,0.3920648
1,1,0.9997372,0.002429294,0.9994744
1,1,0.9995864,0.0036356852,0.9991728
0,1,0.56890124,0.6836221,0.13780248
1,0,0.8082304,0.4887788,0.6164608
1,1,0.99970776,0.0026704404,0.9994155
0,0,0.9475143,0.20577015,0.8950286
1,0,0.99046135,0.053870723,0.9809227
0,1,0.9997788,0.0020828324,0.9995576
1,0,0.9248193,0.26683822,0.8496386
1,0,0.9909815,0.051441103,0.98196304
1,1,0.99978787,0.0020063939,0.99957573
1,1,0.7872542,0.517572,0.5745084
1,0,0.96848005,0.13998654,0.9369601
1,1,0.81137866,0.4842177,0.6227573
0,1,0.7877515,0.51692057,0.575503
1,1,0.9995864,0.0036356852,0.9991728
1,0,0.9693681,0.1369319,0.9387362
0,0,0.9394284,0.22853741,0.8788568
1,0,0.9465569,0.20853102,0.89311385
1,1,0.82120395,0.46956295,0.6424079
0,1,0.8020227,0.49758554,0.6040454
1,0,0.9299383,0.25379848,0.85987663
0,1,0.8127375,0.4822291,0.62547505
0,1,0.7354053,0.57780814,0.47081065
1,1,0.9997008,0.0027271076,0.99940157
0,0,0.9507622,0.19626485,0.9015244
1,1,0.7972764,0.50415504,0.59455276
1,0,0.9925114,0.04411242,0.9850228
0,1,0.8170655,0.4758142,0.63413095
0,1,0.8113283,0.4842912,0.6226566
0,1,0.8129662,0.4818932,0.62593246
1,1,0.81562805,0.47795853,0.6312561
0,1,0.6186977,0.66469806,0.2373954
1,0,0.9405775,0.22537547,0.881155
0,1,0.8145418,0.47956985,0.62908363
1,1,0.81907195,0.47279784,0.6381439
1,1,0.9994267,0.004852137,0.99885345
1,0,0.9425375,0.21992767,0.885075
1,1,0.9996971,0.0027570701,0.9993942
1,0,0.93997777,0.22702873,0.87995553
1,1,0.99963117,0.0032844557,0.99926233
0,0,0.9329078,0.24605149,0.86581564
0,1,0.81650203,0.47665638,0.63300407
1,1,0.5956333,0.6747425,0.19126666
1,0,0.9230201,0.27133048,0.84604025
1,0,0.82523656,0.46335942,0.6504731
0,1,0.5865803,0.67807907,0.17316055
1,1,0.9994492,0.004683977,0.9988984
0,0,0.63815665,0.6544714,0.27631333
1,1,0.99968386,0.0028639894,0.9993677
1,1,0.62929946,0.6593275,0.25859892
1,1,0.8115368,0.4839869,0.6230736
0,1,0.5318283,0.69111973,0.06365657
0,1,0.7932897,0.5095653,0.58657944
0,1,0.8164835,0.47668406,0.632967
1,1,0.99971455,0.0026150658,0.9994291
1,0,0.98091406,0.0944602,0.9618281
0,1,0.8137608,0.48072356,0.62752163
0,1,0.7559511,0.5557022,0.5119022
1,0,0.7960863,0.50578034,0.5921726
0,1,0.79083306,0.5128508,0.5816661
0,1,0.6845711,0.6233758,0.36914217
1,0,0.7520271,0.56009716,0.5040542
1,0,0.9912671,0.050094444,0.98253417
0,1,0.98186123,0.09070434,0.96372247
0,1,0.7821479,0.524176,0.56429577
0,1,0.80024266,0.50006586,0.6004853
0,1,0.78488886,0.52065027,0.5697777
1,1,0.8114916,0.48405287,0.6229832
0,0,0.96726495,0.14412461,0.9345299
0,1,0.8130256,0.48180595,0.6260512
1,0,0.7079231,0.6040008,0.41584623
1,1,0.99971455,0.0026150658,0.9994291
0,1,0.5046454,0.693104,0.009290814
1,0,0.52183694,0.69219315,0.043673873
0,1,0.7880838,0.5164845,0.5761676
0,0,0.5252657,0.6918699,0.050531417
0,1,0.8119384,0.4834,0.6238768
1,1,0.505362,0.69308966,0.0107239485
1,0,0.99928147,0.005919109,0.99856293
0,1,0.81561977,0.47797084,0.63123953
0,1,0.5733223,0.682356,0.14664459
1,0,0.87964815,0.36762547,0.7592963
1,0,0.9737516,0.12144899,0.9475032
1,0,0.7760575,0.5318528,0.55211496
0,0,0.96514803,0.15122321,0.93029606
0,1,0.8128704,0.482034,0.62574077
0,0,0.95981693,0.16852552,0.91963387
0,1,0.7710177,0.53804374,0.54203534
0,1,0.78794897,0.5166615,0.57589793
0,1,0.8133369,0.4813481,0.6266738
1,1,0.99971455,0.0026150658,0.9994291
0,1,0.8003869,0.4998656,0.6007738
0,1,0.6083471,0.6694817,0.21669424
1,0,0.89153326,0.34329763,0.7830665
1,0,0.993912,0.037127137,0.98782396
1,1,0.9997522,0.00230503,0.99950445
1,1,0.8166006,0.4765092,0.63320124
0,1,0.80315626,0.49599564,0.6063125
1,1,0.9992817,0.005917513,0.9985634
1,1,0.9994783,0.004464938,0.99895656
0,0,0.59881306,0.67349,0.19762614
1,0,0.92739654,0.26032186,0.8547931
1,0,0.7234936,0.58962345,0.44698715
1,1,0.8118,0.4836024,0.6236
0,1,0.7853652,0.520033,0.57073045
1,1,0.9994267,0.004852137,0.99885345
0,1,0.81283545,0.48208532,0.6256709
0,0,0.6306142,0.658628,0.26122844
1,1,0.5921799,0.6760553,0.18435979
1,0,0.9557111,0.18134274,0.91142225
0,1,0.8156617,0.4779085,0.63132346
1,1,0.5415037,0.6896981,0.083007455
1,1,0.862589,0.4002357,0.725178
1,0,0.7245393,0.5886149,0.44907853
1,0,0.9947812,0.03263253,0.9895624
1,0,0.5508702,0.68796265,0.10174036
1,1,0.81310827,0.48168445,0.62621653
0,1,0.8011169,0.49885023,0.60223377
1,1,0.99954176,0.003981142,0.9990835
1,1,0.8131534,0.48161805,0.6263068
0,1,0.81946623,0.47220188,0.63893247
0,1,0.59490085,0.6750251,0.1898017
0,1,0.8151835,0.4786189,0.63036704
0,1,0.81318104,0.4815774,0.6263621
1,1,0.99977916,0.0020798224,0.9995583
1,1,0.8009956,0.49901915,0.6019912
1,1,0.99979573,0.0019396995,0.99959147
0,1,0.81443286,0.47973108,0.6288657
1,1,0.8114621,0.48409593,0.6229242
1,0,0.58704966,0.6779144,0.17409933
0,0,0.65038085,0.6472106,0.30076167
1,0,0.9402959,0.2261526,0.88059175
1,1,0.99961394,0.0034202253,0.9992279
1,0,0.6466485,0.6494967,0.29329705
1,1,0.8013125,0.49857754,0.602625
1,0,0.99774396,0.016002037,0.9954879
0,0,0.5712112,0.6829705,0.14242247
1,0,0.93980026,0.22751677,0.8796005
0,1,0.8152123,0.47857618,0.6304246
1,1,0.6172117,0.66541266,0.2344234
1,1,0.99971455,0.0026150658,0.9994291
1,0,0.553372,0.6874392,0.10674402
0,1,0.81271595,0.48226076,0.6254319
0,0,0.9545763,0.1848135,0.9091526
1,0,0.94284075,0.21907851,0.8856815
0,1,0.8222786,0.46792066,0.64455724
0,1,0.7934831,0.5093051,0.58696616
1,1,0.9995864,0.0036356852,0.9991728
1,0,0.99046135,0.053870723,0.9809227
1,0,0.6289848,0.6594938,0.25796965
1,0,0.9431145,0.2183104,0.88622904
1,0,0.9871458,0.06873961,0.97429156
0,0,0.6428864,0.65173936,0.28577283
0,1,0.7828794,0.5232394,0.5657588
0,1,0.80397314,0.4948449,0.6079463
0,1,0.8206826,0.47035688,0.6413652
0,1,0.58556414,0.6784324,0.17112827
0,1,0.8165113,0.47664258,0.63302255
0,1,0.827494,0.45983756,0.65498805
1,1,0.81436574,0.4798303,0.6287315
0,1,0.51040286,0.6929307,0.020805717
0,1,0.5237858,0.69201523,0.04757166
1,0,0.9402959,0.2261526,0.88059175
0,0,0.95211154,0.19225042,0.9042231
0,1,0.8151479,0.47867182,0.63029575
1,1,0.99965453,0.0030990036,0.99930906
0,0,0.55895543,0.6861795,0.11791089
0,1,0.78893757,0.51536095,0.57787514
1,1,0.9996207,0.0033672324,0.99924135
0,1,0.80148065,0.49834293,0.6029613
1,0,0.7079231,0.6040008,0.41584623
0,1,0.8130011,0.48184198,0.6260022
1,1,0.80470145,0.49381533,0.6094029
1,0,0.9774124,0.1079455,0.9548248
0,1,0.7737081,0.5347568,0.5474162
1,0,0.9164092,0.28745297,0.8328184
0,1,0.839674,0.44021007,0.679348
0,1,0.7627639,0.547873,0.52552783
1,1,0.99970776,0.0026704404,0.9994155
1,1,0.9992084,0.0064445282,0.9984168
0,0,0.9612727,0.16387811,0.92254543
1,0,0.8029196,0.49632823,0.60583925
1,0,0.99816394,0.013401728,0.9963279
1,1,0.83706564,0.44450384,0.6741313
1,0,0.6466485,0.6494967,0.29329705
1,0,0.9428349,0.21909487,0.8856698
0,1,0.71471846,0.5978726,0.42943692
1,0,0.5541126,0.68727934,0.10822523
1,0,0.9830309,0.08599649,0.96606183
0,1,0.79861647,0.50231445,0.59723294
1,0,0.975335,0.11567721,0.95067
1,1,0.80560416,0.49253458,0.6112083
0,1,0.8162768,0.4769925,0.6325536
0,1,0.57470137,0.6819447,0.14940274
1,0,0.93463165,0.24149005,0.8692633
0,0,0.5016115,0.693142,0.0032229722
0,1,0.55640477,0.6867706,0.11280954
1,1,0.80315447,0.4959982,0.60630894
1,1,0.9993278,0.0055825193,0.99865556
0,1,0.5503789,0.6880625,0.10075784
1,1,0.92837816,0.25781408,0.8567563
0,1,0.8129034,0.4819855,0.6258068
1,1,0.8030672,0.49612084,0.6061344
0,0,0.50320256,0.6931267,0.0064050853
0,1,0.81445456,0.47969896,0.6289091
0,1,0.77894425,0.528241,0.5578885
1,1,0.9997154,0.0026082546,0.9994308
1,0,0.84961313,0.42337954,0.69922626
1,1,0.63399667,0.6567943,0.26799333
1,0,0.5578915,0.68642926,0.11578295
0,1,0.9824249,0.088445455,0.9648498
1,1,0.99971455,0.0026150658,0.9994291
1,1,0.999724,0.0025380508,0.99944794
0,1,0.7829166,0.52319163,0.5658332
1,0,0.94618446,0.20960024,0.8923689
0,1,0.7984397,0.5025579,0.59687936
0,1,0.8144609,0.4796896,0.62892175
0,0,0.95481837,0.18407561,0.90963674
0,1,0.7907998,0.51289505,0.5815996
1,0,0.98030627,0.09684477,0.96061254
1,1,0.8114872,0.48405933,0.6229744
0,0,0.64646196,0.6496093,0.29292393
0,1,0.5105931,0.6929227,0.021186233
0,0,0.88256097,0.36179122,0.76512194
1,0,0.7960863,0.50578034,0.5921726
1,0,0.942038,0.22132269,0.884076
0,1,0.8371069,0.44443634,0.67421377
0,0,0.9671697,0.144447,0.9343394
1,0,0.9805659,0.095828444,0.9611318
0,1,0.5859265,0.67830694,0.17185295
1,1,0.7972155,0.5042384,0.59443104
1,1,0.999371,0.0052654576,0.998742
1,1,0.9995684,0.0037755272,0.9991368
1,0,0.5121597,0.6928514,0.02431941
0,1,0.8002861,0.50000554,0.6005722
0,0,0.6134095,0.66719854,0.22681901
1,0,0.9977068,0.016228229,0.99541354
1,0,0.981256,0.09310983,0.962512
0,0,0.5204655,0.69230926,0.040930957
0,1,0.9997788,0.0020828324,0.9995576
1,0,0.99134207,0.04973932,0.98268414
0,0,0.9516667,0.19357815,0.9033334
0,1,0.97259706,0.12559524,0.9451941
1,0,0.7710795,0.5379687,0.54215896
1,1,0.9997372,0.002429294,0.9994744
1,0,0.8117598,0.48366112,0.62351966
1,0,0.9262005,0.26335794,0.852401
0,1,0.91712284,0.28574076,0.8342457
0,1,0.81290483,0.48198342,0.62580967
1,0,0.97353405,0.12223415,0.9470681
1,1,0.81050175,0.48549458,0.6210035
0,0,0.8706931,0.38506705,0.7413862
0,0,0.9638177,0.15561539,0.92763543
0,0,0.9692017,0.13750626,0.93840337
0,1,0.787503,0.51724625,0.575006
1,1,0.60198873,0.6721971,0.20397747
0,1,0.80350316,0.49550748,0.6070063
1,0,0.7049759,0.6065891,0.4099518
1,0,0.5255351,0.69184256,0.051070184
1,1,0.9994492,0.004683977,0.9988984
0,0,0.58349454,0.67913896,0.16698906
0,1,0.5909501,0.67651093,0.18190014
1,0,0.50061864,0.69314647,0.0012372732
1,0,0.58704966,0.6779144,0.17409933
0,1,0.8011129,0.49885577,0.6022258
1,1,0.81395745,0.48043346,0.6279149
0,1,0.9997788,0.0020828324,0.9995576
1,0,0.9499974,0.19852279,0.89999485
1,1,0.99969006,0.0028139718,0.9993801
1,1,0.81067884,0.48523715,0.6213577
1,0,0.58704966,0.6779144,0.17409933
1,0,0.97131056,0.13015668,0.9426211
0,1,0.8286757,0.45797992,0.6573514
0,1,0.6163426,0.6658262,0.23268521
1,1,0.5428014,0.68947875,0.08560276
1,1,0.5234634,0.6920457,0.046926856
1,0,0.994696,0.033078954,0.98939204
1,1,0.63418317,0.65669173,0.26836634
1,0,0.9938338,0.03752504,0.98766756
1,0,0.9950468,0.031231044,0.9900936
1,0,0.97394764,0.120739736,0.9478953
1,0,0.6088624,0.66925424,0.21772477
1,0,0.85623455,0.41174042,0.7124691
0,1,0.7763559,0.5314816,0.55271184
1,1,0.9997377,0.0024253621,0.99947536
1,0,0.67024684,0.6340037,0.3404937
0,1,0.81390166,0.48051578,0.6278033
0,0,0.9422015,0.22086662,0.884403
0,1,0.77219474,0.5366108,0.5443895
1,1,0.9995751,0.0037237543,0.99915016
1,0,0.9571057,0.17703575,0.9142114
1,0,0.7785176,0.52877784,0.5570352
1,0,0.50061864,0.69314647,0.0012372732
0,1,0.8169669,0.4759617,0.6339338
1,1,0.81170064,0.4837476,0.6234013
1,1,0.9997309,0.0024813039,0.99946177
1,1,0.63418317,0.65669173,0.26836634
1,0,0.91374385,0.2937893,0.8274877
0,1,0.81577104,0.47774583,0.6315421
0,1,0.7892059,0.5150069,0.5784118
0,1,0.81336653,0.48130447,0.62673306
1,1,0.5505206,0.6880338,0.1010412
0,1,0.7742917,0.5340384,0.5485834
1,1,0.806428,0.4913611,0.61285603
0,1,0.8222245,0.46800357,0.644449
1,0,0.8396207,0.44029832,0.6792414
1,1,0.99975854,0.0022524914,0.9995171
1,1,0.8112339,0.48442888,0.62246776
1,1,0.99952734,0.0040918062,0.9990547
1,1,0.99948716,0.0043977397,0.9989743
1,0,0.9830309,0.08599649,0.96606183
0,1,0.78806394,0.51651055,0.5761279
0,1,0.83801526,0.44294643,0.6760305
1,0,0.986182,0.07288791,0.97236395
1,1,0.6335071,0.65706277,0.26701415
1,1,0.5415037,0.6896981,0.083007455
1,1,0.7984241,0.50257933,0.59684825
1,1,0.81404483,0.48030448,0.62808967
1,1,0.80436605,0.49428993,0.6087321
1,1,0.55498296,0.6870887,0.10996592
1,1,0.8204268,0.47074568,0.64085364
1,1,0.79721117,0.5042443,0.59442234
1,0,0.67338014,0.6317589,0.3467603
1,0,0.981256,0.09310983,0.962512
0,1,0.5463017,0.6888533,0.092603445
0,0,0.9682424,0.14079963,0.9364848
0,1,0.76909786,0.54036415,0.5381957
0,1,0.5375465,0.690325,0.07509303
1,1,0.7959787,0.50592685,0.59195745
1,1,0.9996226,0.0033522039,0.99924517
1,0,0.52183694,0.69219315,0.043673873
0,1,0.9997788,0.0020828324,0.9995576
1,1,0.9997309,0.0024813039,0.99946177
0,1,0.8437308,0.43343124,0.6874616
1,0,0.8396207,0.44029832,0.6792414
0,1,0.81571156,0.47783434,0.6314231
1,1,0.99948716,0.0043977397,0.9989743
0,1,0.81555337,0.47806957,0.63110673
1,0,0.85623455,0.41174042,0.7124691
1,0,0.5276091,0.6916219,0.05521825
1,0,0.9744286,0.11899356,0.9488572
1,1,0.7908588,0.5128166,0.5817176
0,0,0.9546538,0.18457747,0.9093076
1,0,0.97442055,0.119022906,0.9488411
0,1,0.7864375,0.5186386,0.572875
0,1,0.8167883,0.47622874,0.63357663
0,1,0.7880688,0.51650417,0.57613754
0,1,0.8127264,0.48224545,0.62545276
0,1,0.748788,0.56366277,0.497576
1,1,0.63418317,0.65669173,0.26836634
1,1,0.540361,0.6898856,0.080721974
0,1,0.9026393,0.31924474,0.80527866
1,1,0.8115447,0.48397535,0.62308943
1,0,0.99827427,0.01270359,0.99654853
1,0,0.94667566,0.20818965,0.8933513
1,0,0.6288623,0.6595584,0.25772464
0,1,0.60834724,0.66948164,0.21669447
1,0,0.87927026,0.36837646,0.7585405
0,0,0.9572153,0.17669527,0.9144306
0,0,0.944114,0.21549428,0.88822806
1,0,0.60779214,0.6697255,0.21558425
1,1,0.99971455,0.0026150658,0.9994291
0,1,0.7239594,0.5891748,0.44791877
1,0,0.9512049,0.19495206,0.9024098
1,0,0.9428982,0.2189174,0.8857964
1,0,0.67338014,0.6317589,0.3467603
1,1,0.5303713,0.6913012,0.060742617
0,1,0.60383224,0.6714272,0.20766449
1,1,0.99952686,0.004095457,0.9990537
0,1,0.81547314,0.4781888,0.6309463
1,1,0.99954945,0.0039219665,0.9990989
1,0,0.7079231,0.6040008,0.41584623
1,0,0.7809581,0.52569264,0.56191623
1,0,0.94205874,0.22126484,0.8841175
1,0,0.9954813,0.028907306,0.9909626
0,1,0.78731096,0.5174977,0.5746219
1,0,0.96247035,0.16001214,0.9249407
1,1,0.9997801,0.0020717923,0.99956024
1,1,0.999724,0.0025380508,0.99944794
0,1,0.7811014,0.52551043,0.5622028
1,1,0.999724,0.0025380508,0.99944794
1,0,0.96670455,0.14601713,0.9334091
1,1,0.9329882,0.24583983,0.86597645
0,1,0.7848187,0.5207411,0.5696374
1,0,0.9546793,0.18449973,0.9093586
0,0,0.9427567,0.21931402,0.8855134
0,1,0.78944737,0.51468796,0.57889473
0,0,0.5287887,0.6914886,0.05757734
1,0,0.97891414,0.10223557,0.9578283
0,0,0.9643506,0.1538622,0.92870116
0,0,0.96879464,0.13890742,0.9375893
1,0,0.9344817,0.24188879,0.86896336
1,0,0.6189668,0.6645677,0.23793367
1,1,0.6183602,0.6648612,0.23672044
1,1,0.8104182,0.48561603,0.6208364
1,0,0.9941139,0.036094703,0.98822784
1,0,0.94298875,0.21866338,0.8859775
1,1,0.7879233,0.5166952,0.57584655
1,1,0.9997601,0.002239579,0.9995202
1,0,0.9428682,0.21900158,0.88573635
1,0,0.99549025,0.028859,0.9909805
0,0,0.6014825,0.67240596,0.20296502
1,1,0.9995597,0.0038428616,0.9991194
1,0,0.94993865,0.1986959,0.8998773
1,0,0.9961141,0.025446765,0.99222815
1,0,0.5121597,0.6928514,0.02431941
1,0,0.6189668,0.6645677,0.23793367
1,1,0.999724,0.0025380508,0.99944794
0,1,0.8029635,0.4962666,0.605927
1,0,0.58014315,0.68024576,0.1602863
1,1,0.81339675,0.48126,0.6267935
1,0,0.9978343,0.01544986,0.99566865
0,1,0.8145853,0.47950548,0.62917066
0,1,0.60497457,0.670943,0.20994914
1,1,0.8112402,0.48441967,0.6224804
1,1,0.99967647,0.0029234677,0.99935293
1,0,0.9424414,0.2201964,0.8848828
1,0,0.5121597,0.6928514,0.02431941
0,0,0.6400385,0.653396,0.28007698
0,1,0.8016121,0.49815947,0.60322416
1,0,0.948289,0.2035228,0.89657795
1,1,0.9997212,0.0025605056,0.99944246
1,1,0.8019711,0.49765778,0.60394216
1,1,0.9997309,0.0024813039,0.99946177
0,1,0.9997451,0.0023643137,0.99949014
0,0,0.94856125,0.20272994,0.8971225
1,0,0.5121597,0.6928514,0.02431941
1,0,0.989263,0.05936137,0.978526
1,0,0.9691454,0.13770036,0.93829083
1,0,0.7833792,0.5225976,0.5667584
1,1,0.81193036,0.4834118,0.6238607
1,0,0.75658345,0.55498624,0.5131669
0,0,0.9622008,0.16088565,0.92440164
0,1,0.9997788,0.0020828324,0.9995576
0,1,0.79973924,0.5007637,0.5994785
1,1,0.99971455,0.0026150658,0.9994291
0,1,0.8112819,0.4843588,0.62256384
0,1,0.8067958,0.4908359,0.61359155
0,1,0.8196402,0.4719386,0.63928044
1,1,0.63418317,0.65669173,0.26836634
1,1,0.59906656,0.67338836,0.19813311
1,0,0.9970651,0.020044172,0.99413025
1,0,0.9335683,0.24430953,0.8671366
0,1,0.81308544,0.481718,0.6261709
1,0,0.6524198,0.64593583,0.30483958
0,1,0.78181523,0.52460086,0.56363046
1,0,0.94353145,0.21713792,0.8870629
0,1,0.7987728,0.502099,0.5975456
1,0,0.9235427,0.27003047,0.84708536
1,1,0.51895976,0.69242805,0.03791952
0,1,0.52111065,0.6922556,0.042221308
1,1,0.856289,0.4116432,0.71257806
1,0,0.95438117,0.18540724,0.90876234
0,1,0.68432015,0.6235701,0.3686403
1,0,0.9251329,0.26605058,0.85026574
1,0,0.94667566,0.20818965,0.8933513
1,0,0.5863498,0.6781596,0.17269957
1,1,0.57308483,0.682426,0.14616966
1,0,0.92975056,0.25428373,0.8595011
1,1,0.81301993,0.4818143,0.62603986
0,1,0.5317773,0.6911262,0.063554645
0,1,0.814778,0.4792202,0.62955594
0,1,0.5463017,0.6888533,0.092603445
1,0,0.9728166,0.124810755,0.9456332
0,1,0.8029743,0.49625146,0.60594857
1,0,0.98287135,0.08664335,0.9657427
0,1,0.87030005,0.3858159,0.7406001
1,1,0.9996383,0.0032278462,0.99927664
1,0,0.9941139,0.036094703,0.98822784
0,1,0.73505306,0.5781679,0.47010612
1,0,0.9413228,0.22331214,0.8826456
1,1,0.63418317,0.65669173,0.26836634
1,1,0.9996395,0.0032183977,0.999279
0,1,0.8353378,0.4473206,0.67067564
0,1,0.8152296,0.47855052,0.6304592
0,1,0.68792164,0.6207535,0.3758433
1,1,0.7972693,0.5041648,0.59453857
1,0,0.50061864,0.69314647,0.0012372732
1,1,0.9997372,0.002429294,0.9994744
0,1,0.7115569,0.60075176,0.42311382
1,1,0.8118725,0.48349643,0.62374496
1,1,0.9997744,0.002119911,0.9995488
0,1,0.79990214,0.50053805,0.5998043
0,0,0.9505879,0.19678043,0.90117586
1,1,0.5443512,0.6892079,0.08870244
0,1,0.78606564,0.51912296,0.5721313
0,1,0.80817074,0.48886454,0.6163415
0,0,0.5116553,0.69287544,0.023310542
0,1,0.8181631,0.47416747,0.6363262
1,0,0.96418154,0.15441927,0.9283631
1,1,0.8116762,0.4837833,0.6233524
1,1,0.99971455,0.0026150658,0.9994291
1,1,0.7985145,0.5024549,0.597029
0,1,0.814098,0.48022595,0.628196
1,0,0.58448356,0.67880356,0.16896713
1,0,0.9571057,0.17703575,0.9142114
1,0,0.96446157,0.15349606,0.92892313
1,1,0.99969006,0.0028139718,0.9993801
1,1,0.9995877,0.0036254677,0.9991754
0,1,0.7911494,0.51242983,0.58229876
1,0,0.5930338,0.6757353,0.18606755
1,0,0.97376925,0.12138522,0.9475385
0,0,0.9385556,0.2309235,0.8771112
1,0,0.9830309,0.08599649,0.96606183
1,0,0.9520507,0.19243224,0.9041014
1,1,0.9997372,0.002429294,0.9994744
1,1,0.8120344,0.48325956,0.62406886
1,1,0.9996971,0.0027570701,0.9993942
1,1,0.9996613,0.0030447787,0.99932265
1,1,0.81207806,0.48319566,0.6241561
1,0,0.99553263,0.02863011,0.99106526
0,1,0.57266325,0.68254983,0.1453265
0,1,0.7866697,0.5183358,0.57333934
1,0,0.96667236,0.14612556,0.9333447
0,1,0.8115353,0.48398912,0.6230706
1,1,0.999371,0.0052654576,0.998742
1,0,0.841764,0.4367332,0.68352795
1,0,0.94232357,0.22052576,0.88464713
0,1,0.80324674,0.49586838,0.6064935
1,0,0.94667566,0.20818965,0.8933513
1,0,0.9698608,0.13522579,0.9397216
0,1,0.7449129,0.5678552,0.48982584
0,1,0.53862786,0.69016004,0.077255726
1,0,0.61560977,0.6661725,0.23121953
1,1,0.505362,0.69308966,0.0107239485
1,1,0.75130177,0.5609005,0.50260353
1,1,0.80237687,0.49708968,0.60475373
1,0,0.9604407,0.16654111,0.9208814
0,1,0.9525778,0.19085386,0.90515566
0,1,0.7879655,0.5166398,0.57593095
1,1,0.9997744,0.002119911,0.9995488
1,0,0.6990307,0.61168337,0.3980614
1,0,0.746689,0.5659435,0.49337804
1,0,0.89042175,0.34563267,0.7808435
1,0,0.96670455,0.14601713,0.9334091
0,0,0.951004,0.19554822,0.90200806
1,0,0.5121597,0.6928514,0.02431941
1,0,0.61602867,0.66597486,0.23205733
1,0,0.94924885,0.20072109,0.8984977
1,1,0.81303394,0.48179367,0.6260679
0,1,0.7953902,0.506727,0.5907804
0,1,0.82045335,0.47070533,0.6409067
1,1,0.5594358,0.6860652,0.11887157
1,0,0.553372,0.6874392,0.10674402
0,1,0.6040381,0.67134035,0.20807624
1,0,0.7546676,0.55714893,0.50933516
0,1,0.7800111,0.52689385,0.56002223
0,1,0.79915786,0.50156766,0.5983157
1,1,0.7998301,0.5006379,0.59966016
1,0,0.6521565,0.6461015,0.30431297
1,0,0.9424564,0.22015437,0.88491285
0,1,0.81732714,0.47542232,0.6346543
0,1,0.8153987,0.47829938,0.6307974
0,1,0.8217431,0.46874008,0.64348614
1,1,0.9996811,0.0028860741,0.99936223
0,0,0.66435695,0.6381031,0.3287139
1,0,0.993912,0.037127137,0.98782396
1,1,0.81166667,0.48379725,0.62333333
0,1,0.9997788,0.0020828324,0.9995576
1,1,0.99952734,0.0040918062,0.9990547
0,1,0.7201063,0.5928529,0.4402126
1,0,0.9555103,0.18195905,0.91102064
0,1,0.5863791,0.67814934,0.17275822
0,0,0.9394616,0.22844638,0.8789232
1,1,0.63626033,0.65553963,0.27252066
0,0,0.94514275,0.2125761,0.8902855
1,0,0.553372,0.6874392,0.10674402
0,1,0.8127183,0.48225737,0.62543654
0,1,0.8140128,0.48035172,0.62802565
0,0,0.90526825,0.3133508,0.8105365
1,0,0.9871458,0.06873961,0.97429156
1,0,0.98095685,0.09429144,0.9619137
1,1,0.9997522,0.00230503,0.99950445
1,0,0.94264716,0.2196208,0.8852943
0,1,0.81123704,0.4844243,0.6224741
0,0,0.50108033,0.6931448,0.0021606684
0,1,0.8100407,0.4861639,0.6200814
0,1,0.8130986,0.48169863,0.6261972
1,1,0.9996214,0.0033615977,0.9992428
0,1,0.57773155,0.6810136,0.1554631
1,0,0.7867035,0.51829165,0.57340705
1,1,0.9996049,0.003491323,0.99920976
1,0,0.5904906,0.6766795,0.18098113
1,0,0.95597386,0.18053488,0.9119477
0,1,0.7986005,0.50233644,0.597201
1,0,0.94209915,0.22115214,0.8841983
0,1,0.815638,0.47794372,0.631276
0,0,0.9155856,0.28942072,0.83117115
1,0,0.9429108,0.21888208,0.8858216
1,1,0.63418317,0.65669173,0.26836634
1,1,0.7705551,0.53860474,0.54111016
0,1,0.5505604,0.6880257,0.10112083
0,1,0.8158039,0.47769696,0.6316078
0,1,0.78832304,0.51617,0.5766461
1,0,0.99748707,0.017553039,0.99497414
0,1,0.81613624,0.477202,0.6322725
1,1,0.765506,0.5446497,0.53101206
0,1,0.80510694,0.49324065,0.6102139
0,1,0.80148953,0.49833053,0.60297906
0,1,0.81406,0.48028213,0.62811995
1,1,0.99971455,0.0026150658,0.9994291
1,1,0.99967647,0.0029234677,0.99935293
1,1,0.9993278,0.0055825193,0.99865556
0,1,0.64218605,0.65215003,0.2843721
0,1,0.5777317,0.6810136,0.15546346
0,0,0.63761616,0.65477747,0.2752323
1,1,0.6351425,0.6561619,0.270285
1,1,0.9995684,0.0037755272,0.9991368
1,1,0.62146705,0.6633414,0.24293411
1,1,0.5118471,0.69286644,0.023694158
1,0,0.9424589,0.2201474,0.88491786
1,0,0.8017874,0.4979146,0.60357475
0,1,0.568901,0.68362224,0.137802
0,1,0.61250716,0.6676134,0.22501433
1,1,0.8115497,0.48396802,0.62309945
1,1,0.99967647,0.0029234677,0.99935293
1,1,0.99983764,0.0015790772,0.9996753
0,0,0.949186,0.200905,0.89837205
0,0,0.84274834,0.43508425,0.6854967
1,1,0.63418317,0.65669173,0.26836634
1,0,0.5904906,0.6766795,0.18098113
0,0,0.9489631,0.20155708,0.8979262
0,0,0.95459706,0.18475026,0.9091941
0,1,0.8129031,0.48198593,0.6258062
1,0,0.766024,0.5440361,0.532048
1,0,0.92272586,0.2720609,0.8454517
0,1,0.80215156,0.49740523,0.6043031
1,1,0.9992817,0.005917513,0.9985634
1,1,0.81229186,0.48288262,0.6245837
0,1,0.7985341,0.5024279,0.5970682
0,1,0.8159825,0.47743106,0.63196504
0,1,0.6573935,0.6427492,0.31478703
1,0,0.9792979,0.10075923,0.95859575
0,0,0.9430743,0.21842334,0.8861486
0,0,0.92694056,0.26148182,0.8538811
1,1,0.9996383,0.0032278462,0.99927664
1,0,0.746689,0.5659435,0.49337804
0,0,0.95969784,0.16890323,0.9193957
0,1,0.8141758,0.48011106,0.62835157
1,0,0.9370278,0.23506847,0.8740556
1,1,0.9994753,0.004487453,0.9989506
0,1,0.8111127,0.4846055,0.6222254
1,0,0.5283284,0.6915413,0.056656808
0,1,0.5036387,0.6931207,0.0072773695
1,0,0.97428113,0.119529895,0.94856226
1,0,0.9374534,0.23391789,0.8749068
0,1,0.788033,0.51655114,0.576066
1,0,0.95209646,0.1922954,0.9041929
1,0,0.97069126,0.13233103,0.9413825
1,1,0.8032625,0.49584627,0.60652494
0,1,0.8351698,0.44759336,0.6703396
1,0,0.993912,0.037127137,0.98782396
1,0,0.94667566,0.20818965,0.8933513
1,1,0.8114516,0.48411125,0.6229032
0,0,0.58440816,0.6788292,0.16881633
1,0,0.993912,0.037127137,0.98782396
0,0,0.9394199,0.2285607,0.87883985
1,0,0.8466027,0.4285571,0.69320536
1,0,0.9719746,0.12780984,0.9439492
1,1,0.9994267,0.004852137,0.99885345
1,1,0.99975985,0.0022415665,0.9995197
1,0,0.9954813,0.028907306,0.9909626
1,1,0.7091462,0.6029144,0.4182924
1,0,0.9648448,0.15222888,0.92968965
0,1,0.78669167,0.5183071,0.57338333
1,1,0.9996049,0.003491323,0.99920976
1,1,0.9995684,0.0037755272,0.9991368
1,1,0.9996207,0.0033672324,0.99924135
0,0,0.94301313,0.21859498,0.88602626
1,1,0.8174097,0.47529864,0.6348194
0,1,0.8021775,0.49736893,0.604355
1,1,0.82172495,0.46876776,0.6434499
1,0,0.90179247,0.3211266,0.80358493
0,1,0.7986169,0.50231385,0.5972338
0,1,0.817181,0.47564128,0.634362
0,1,0.5976592,0.67394936,0.19531834
1,0,0.93002087,0.25358498,0.86004174
0,1,0.8169759,0.4759482,0.6339518
1,0,0.5121597,0.6928514,0.02431941
0,1,0.5953057,0.6748692,0.19061136
0,1,0.78859335,0.5158144,0.5771867
1,0,0.81475145,0.47925952,0.6295029
1,0,0.94253546,0.2199334,0.8850709
0,1,0.80572134,0.49236792,0.6114427
0,0,0.9322254,0.24784411,0.8644508
1,1,0.6172117,0.66541266,0.2344234
1,0,0.84806836,0.42604515,0.6961367
1,1,0.5415037,0.6896981,0.083007455
1,0,0.99873817,0.009683961,0.99747634
0,1,0.81571126,0.4778348,0.6314225
1,0,0.8320684,0.4525913,0.66413677
1,1,0.9994492,0.004683977,0.9988984
1,1,0.74104995,0.57195586,0.4820999
0,1,0.7475423,0.56501913,0.49508464
0,1,0.5865797,0.67807925,0.17315936
1,1,0.9997212,0.0025605056,0.99944246
1,0,0.6339822,0.6568022,0.2679644
0,1,0.7839522,0.5218601,0.56790435
1,0,0.93463165,0.24149005,0.8692633
0,1,0.77635187,0.53148663,0.55270374
0,1,0.5597545,0.6859889,0.11950898
0,1,0.6163426,0.6658262,0.23268521
1,0,0.993912,0.037127137,0.98782396
1,1,0.9320693,0.2482531,0.8641386
0,0,0.5220609,0.6921735,0.044121742
1,1,0.5868187,0.67799556,0.17363739
1,1,0.9993861,0.0051541245,0.99877214
0,0,0.84831595,0.42561913,0.6966319
1,1,0.99975246,0.0023030504,0.9995049
1,0,0.7960863,0.50578034,0.5921726
1,0,0.5543836,0.68722034,0.10876715
1,1,0.82416457,0.46501946,0.64832914
0,1,0.71357375,0.5989207,0.4271475
1,0,0.9858934,0.07411622,0.97178686
1,1,0.99969006,0.0028139718,0.9993801
0,0,0.9441889,0.21528259,0.8883778
0,1,0.5958175,0.6746711,0.19163501
1,1,0.63418317,0.65669173,0.26836634
1,0,0.9984307,0.01170115,0.99686146
1,0,0.87504184,0.37668872,0.7500837
0,1,0.8445506,0.4320463,0.6891012
0,0,0.58004725,0.68027675,0.1600945
1,0,0.97364897,0.12181958,0.94729793
0,1,0.8122268,0.48297796,0.62445354
1,0,0.71488434,0.5977202,0.42976868
1,0,0.8683614,0.38948977,0.7367228
1,1,0.61223984,0.66773564,0.22447968
1,0,0.993912,0.037127137,0.98782396
0,1,0.82819086,0.45874327,0.6563817
1,0,0.98578733,0.074566565,0.97157466
1,0,0.98142475,0.09244122,0.9628495
0,1,0.99975795,0.0022574547,0.9995159
1,0,0.87415195,0.37841713,0.7483039
0,0,0.9687944,0.13890834,0.9375888
1,0,0.6182571,0.6649109,0.23651421
0,0,0.94547784,0.21162112,0.8909557
0,1,0.7844425,0.5212275,0.56888497
0,1,0.7873257,0.51747847,0.57465136
1,0,0.9416563,0.2223856,0.8833126
0,0,0.7876848,0.517008,0.5753696
1,0,0.9546793,0.18449973,0.9093586
1,0,0.92975056,0.25428373,0.8595011
1,0,0.951428,0.1942889,0.902856
1,0,0.9397862,0.22755542,0.8795724
0,1,0.59906656,0.67338836,0.19813311
1,1,0.79854006,0.5024197,0.5970801
1,0,0.52619165,0.69177455,0.052383304
1,0,0.9400203,0.22691163,0.88004065
0,1,0.7879642,0.51664144,0.57592845
0,0,0.51971996,0.6923692,0.039439887
0,1,0.7987781,0.50209165,0.59755623
0,1,0.8140746,0.48026055,0.62814915
0,1,0.8015697,0.49821863,0.6031394
0,1,0.8051359,0.4931996,0.6102718
0,1,0.7926355,0.5104438,0.585271
1,0,0.912063,0.29773864,0.824126
0,0,0.9714437,0.12968732,0.9428874
1,1,0.81163627,0.4838416,0.62327254
0,0,0.93561286,0.238872,0.8712257
1,0,0.94838846,0.20323333,0.8967769
1,1,0.655219,0.64415586,0.31043804
0,1,0.81293243,0.48194286,0.62586486
0,1,0.80532265,0.49293453,0.6106453
1,0,0.53219545,0.69107264,0.06439087
1,1,0.9995877,0.0036254677,0.9991754
0,1,0.73133445,0.58192706,0.4626689
0,0,0.9325215,0.24706721,0.86504304
0,1,0.50330526,0.6931253,0.0066105127
1,1,0.5682406,0.6838045,0.13648117
1,0,0.9432813,0.21784185,0.8865626
1,0,0.96446157,0.15349606,0.92892313
1,1,0.63418317,0.65669173,0.26836634
0,1,0.59215397,0.67606497,0.18430793
1,1,0.8027668,0.49654284,0.6055336
1,0,0.97190803,0.12804581,0.94381607
1,1,0.99982065,0.001726441,0.9996413
1,1,0.99976116,0.0022306344,0.9995223
1,1,0.99954176,0.003981142,0.9990835
0,1,0.5859265,0.67830694,0.17185295
0,1,0.8165502,0.4765845,0.6331004
1,1,0.620681,0.6637298,0.24136198
1,1,0.8115433,0.48397744,0.6230866
1,1,0.999724,0.0025380508,0.99944794
0,0,0.95111907,0.19520691,0.90223813
0,1,0.7989728,0.5018232,0.5979456
0,1,0.8158328,0.47765398,0.6316656
0,1,0.8267677,0.46097463,0.65353537
0,1,0.7704989,0.5386728,0.54099774
1,1,0.63418317,0.65669173,0.26836634
1,1,0.99954176,0.003981142,0.9990835
1,0,0.98030627,0.09684477,0.96061254
0,1,0.9997793,0.0020788186,0.99955857
1,1,0.9996613,0.0030447787,0.99932265
1,0,0.90333384,0.3176954,0.8066677
0,1,0.7610778,0.5498344,0.52215564
0,1,0.8079612,0.48916575,0.61592245
1,0,0.9811809,0.09340698,0.9623618
0,0,0.6374605,0.6548654,0.2749209
1,0,0.994696,0.033078954,0.98939204
0,0,0.93219316,0.24792859,0.8643863
1,0,0.94231343,0.220554,0.88462687
0,1,0.8346295,0.4484691,0.66925895
0,1,0.55104506,0.6879269,0.10209012
1,1,0.9996691,0.0029827768,0.99933815
0,1,0.8043011,0.49438173,0.60860217
0,1,0.7899111,0.51407444,0.5798222
1,0,0.96788156,0.1420306,0.9357631
1,0,0.746689,0.5659435,0.49337804
0,1,0.78811836,0.5164391,0.5762367
1,1,0.9996613,0.0030447787,0.99932265
1,1,0.81176347,0.4836558,0.62352693
0,1,0.59906656,0.67338836,0.19813311
1,1,0.61786324,0.66510046,0.23572648
0,1,0.9997788,0.0020828324,0.9995576
0,0,0.95562226,0.18161553,0.9112445
0,1,0.50330526,0.6931253,0.0066105127
1,1,0.99965346,0.0031075529,0.9993069
1,0,0.8683614,0.38948977,0.7367228
1,1,0.9997454,0.0023613544,0.99949086
0,1,0.56890124,0.6836221,0.13780248
1,0,0.993912,0.037127137,0.98782396
1,1,0.8115792,0.48392493,0.62315845
0,0,0.61844456,0.66482043,0.23688912
1,1,0.9996226,0.0033522039,0.99924517
0,0,0.64141405,0.6526003,0.28282806
0,1,0.8025362,0.49686635,0.6050724
0,1,0.8157477,0.4777806,0.63149536
0,1,0.7777458,0.5297463,0.55549157
0,1,0.8139726,0.4804111,0.6279452
1,1,0.635036,0.6562209,0.27007198
0,1,0.5733223,0.682356,0.14664459
0,1,0.8153977,0.47830093,0.63079536
0,0,0.80907154,0.48756644,0.6181431
1,1,0.8162639,0.47701165,0.6325278
0,1,0.5916233,0.67626226,0.18324661
0,1,0.6038123,0.6714356,0.20762455
0,1,0.9997788,0.0020828324,0.9995576
1,1,0.8113159,0.4843093,0.6226318
1,0,0.65405285,0.64490163,0.3081057
0,1,0.9567154,0.17824583,0.9134308
0,1,0.56126153,0.68562233,0.12252307
1,1,0.8115794,0.4839247,0.6231588
1,0,0.941906,0.22169065,0.88381195
0,1,0.80107903,0.49890292,0.60215807
1,1,0.99961394,0.0034202253,0.9992279
1,0,0.50061864,0.69314647,0.0012372732
1,1,0.99971455,0.0026150658,0.9994291
1,0,0.93769926,0.23325177,0.8753985
0,1,0.5865797,0.67807925,0.17315936
1,0,0.85566723,0.41275144,0.71133447
1,1,0.8113801,0.48421562,0.6227602
1,0,0.64012754,0.65334475,0.28025508
1,1,0.999724,0.0025380508,0.99944794
1,0,0.9737559,0.12143342,0.9475118
1,0,0.9373774,0.23412357,0.8747548
1,0,0.9394043,0.22860348,0.8788086
0,1,0.7955891,0.5064568,0.5911782
0,1,0.8395087,0.44048363,0.6790174
1,0,0.79143375,0.51205087,0.5828675
0,1,0.6782946,0.62814826,0.3565892
0,1,0.79852504,0.50244033,0.5970501
0,1,0.9997378,0.0024243793,0.9994756
0,1,0.5428193,0.6894757,0.08563864
1,1,0.99961394,0.0034202253,0.9992279
0,0,0.95061755,0.19669291,0.9012351
0,0,0.5798013,0.680356,0.15960264
1,0,0.8687487,0.38875842,0.73749745
0,1,0.81280535,0.4821295,0.6256107
1,1,0.8137228,0.48077965,0.6274456
1,1,0.81469816,0.4793384,0.6293963
1,1,0.9997008,0.0027271076,0.99940157
0,0,0.94911355,0.2011171,0.8982271
1,1,0.8127533,0.48220587,0.62550664
0,1,0.9997105,0.0026481154,0.999421
1,1,0.5415037,0.6896981,0.083007455
1,0,0.97453594,0.118602514,0.9490719
1,1,0.81627387,0.4769968,0.63254774
1,1,0.9995078,0.0042410973,0.99901557
1,0,0.85623455,0.41174042,0.7124691
0,0,0.55257773,0.6876081,0.10515544
0,1,0.8138755,0.4805544,0.627751
1,1,0.5415037,0.6896981,0.083007455
1,0,0.93276995,0.24641429,0.8655399
1,0,0.9422522,0.22072494,0.88450444
0,1,0.7704802,0.5386954,0.54096043
1,1,0.9992084,0.0064445282,0.9984168
1,0,0.98203677,0.090002865,0.96407354
0,1,0.7782684,0.5290909,0.5565368
0,1,0.7246713,0.58848715,0.4493426
1,0,0.9424414,0.22019641,0.8848828
1,0,0.9331882,0.24531287,0.8663764
0,1,0.71848303,0.5943803,0.43696606
1,1,0.81067014,0.4852498,0.6213403
0,0,0.9499571,0.19864161,0.89991415
1,0,0.9977986,0.015668457,0.99559724
1,1,0.9996971,0.0027570701,0.9993942
0,1,0.6212353,0.66345614,0.24247062
0,0,0.9231361,0.2710423,0.84627223
0,1,0.81134754,0.4842631,0.6226951
0,1,0.81299967,0.48184407,0.62599933
1,0,0.9961141,0.025446765,0.99222815
0,0,0.63834023,0.6543672,0.2766805
0,0,0.94489443,0.21328232,0.88978887
0,1,0.95583457,0.18096335,0.91166914
1,0,0.983189,0.08535407,0.966378
1,1,0.81466997,0.4793802,0.62933993
0,1,0.81702864,0.4758693,0.6340573
0,0,0.9512183,0.19491231,0.9024366
1,1,0.9998042,0.0018676135,0.9996084
1,1,0.81292033,0.48196065,0.62584066
0,1,0.8127018,0.48228148,0.62540364
0,1,0.568901,0.68362224,0.137802
0,1,0.8130742,0.48173457,0.62614834
1,1,0.99983764,0.0015790772,0.9996753
0,1,0.5865797,0.67807925,0.17315936
1,0,0.76346743,0.54705006,0.52693486
1,0,0.93493646,0.24067846,0.8698729
1,0,0.89796066,0.32954085,0.7959213
1,0,0.9721865,0.12705755,0.944373
1,0,0.5613935,0.6855898,0.12278697
1,1,0.8119369,0.4834022,0.62387383
1,1,0.9994267,0.004852137,0.99885345
1,0,0.8117598,0.48366112,0.62351966
1,1,0.9995877,0.0036254677,0.9991754
1,0,0.99046135,0.053870723,0.9809227
1,0,0.79143375,0.51205087,0.5828675
1,0,0.973127,0.123698406,0.946254
1,1,0.811612,0.4838771,0.623224
0,1,0.76064324,0.5503373,0.5212865
1,1,0.9997733,0.0021289168,0.99954665
0,1,0.80590653,0.4921044,0.61181307
0,1,0.7130196,0.5994258,0.42603922
0,1,0.8144673,0.4796801,0.6289346
1,0,0.9425949,0.21976706,0.8851898
1,0,0.6433945,0.65144014,0.2867889
1,0,0.67338014,0.6317589,0.3467603
1,0,0.92975056,0.25428373,0.8595011
0,1,0.58171964,0.6797309,0.16343927
0,1,0.8188977,0.47306085,0.63779545
0,1,0.8020227,0.49758554,0.6040454
0,1,0.7908013,0.5128931,0.5816026
1,1,0.64945114,0.6477858,0.29890227
0,1,0.80251044,0.49690247,0.6050209
0,1,0.7884397,0.5160166,0.5768794
0,1,0.81520987,0.4785798,0.63041973
0,0,0.95496166,0.18363832,0.9099233
0,1,0.5622516,0.68537647,0.124503255
0,1,0.8015456,0.49825227,0.60309124
1,1,0.8133696,0.4813,0.62673914
1,0,0.9658648,0.14883511,0.93172956
1,0,0.9289621,0.25631544,0.8579242
1,1,0.7994814,0.50112057,0.5989628
1,1,0.9997309,0.0024813039,0.99946177
0,1,0.81571585,0.47782794,0.6314317
1,0,0.553372,0.6874392,0.10674402
1,0,0.93957824,0.22812647,0.8791565
1,0,0.92975056,0.25428373,0.8595011
1,1,0.999724,0.0025380508,0.99944794
1,0,0.88928664,0.34800416,0.7785733
0,0,0.91799223,0.28364587,0.83598447
1,1,0.751472,0.5607122,0.502944
1,1,0.8425597,0.43540084,0.6851194
0,1,0.52489996,0.6919067,0.04979992
0,0,0.9671695,0.14444749,0.93433905
0,1,0.7670374,0.54283136,0.5340748
0,1,0.7854437,0.5199312,0.57088745
1,0,0.7760575,0.5318528,0.55211496
1,0,0.9402778,0.22620246,0.8805556
0,1,0.81300694,0.4818334,0.6260139
0,1,0.8033141,0.4957736,0.6066282
1,0,0.9657702,0.14915112,0.93154037
1,0,0.96727526,0.14408961,0.9345505
0,1,0.6169794,0.6655235,0.23395884
0,1,0.81417614,0.48011053,0.6283523
0,1,0.80282027,0.49646777,0.60564053
1,0,0.7520271,0.56009716,0.5040542
0,1,0.57077616,0.683095,0.14155233
1,0,0.773578,0.53491676,0.547156
1,1,0.63418317,0.65669173,0.26836634
1,1,0.63418317,0.65669173,0.26836634
1,0,0.5121597,0.6928514,0.02431941
0,1,0.6163426,0.6658262,0.23268521
1,0,0.97347593,0.122443624,0.94695187
1,1,0.9996613,0.0030447787,0.99932265
1,0,0.9668426,0.14555193,0.9336852
1,0,0.60779214,0.6697255,0.21558425
0,1,0.9226468,0.27225685,0.84529364
1,0,0.6382889,0.65439636,0.27657783
1,0,0.85623455,0.41174042,0.7124691
1,1,0.6223313,0.6629113,0.24466264
0,1,0.63373595,0.65693736,0.2674719
0,1,0.76776874,0.5419584,0.5355375
0,0,0.67156225,0.6330668,0.3431245
0,1,0.5372711,0.6903664,0.074542165
1,0,0.9402554,0.22626422,0.8805108
1,1,0.99949646,0.0043272194,0.9989929
1,0,0.9028524,0.31876996,0.80570483
0,1,0.5859265,0.67830694,0.17185295
0,1,0.8111859,0.48449883,0.6223718
0,1,0.81518173,0.47862154,0.63036346
0,1,0.5688326,0.6836412,0.13766515
0,1,0.5733223,0.682356,0.14664459
1,1,0.9997676,0.0021768631,0.9995352
1,1,0.99971455,0.0026150658,0.9994291
1,1,0.78755015,0.5171845,0.5751003
1,1,0.9996971,0.0027570701,0.9993942
1,0,0.9423266,0.22051723,0.8846532
1,0,0.61560977,0.6661725,0.23121953
1,0,0.9421256,0.22107829,0.88425124
0,1,0.8130664,0.48174596,0.62613285
0,1,0.53565437,0.69060254,0.07130873
1,0,0.94414365,0.21541052,0.8882873
1,1,0.62228614,0.6629338,0.24457228
0,1,0.77035236,0.53885025,0.5407047
0,1,0.95696133,0.17748378,0.91392267
0,1,0.8032522,0.4958607,0.60650444
1,1,0.9997962,0.0019356478,0.9995924
1,0,0.92975056,0.25428373,0.8595011
1,1,0.8114208,0.48415622,0.6228416
1,1,0.9996971,0.0027570701,0.9993942
1,0,0.7049759,0.6065891,0.4099518
0,0,0.94496447,0.21308324,0.88992894
0,0,0.5510025,0.6879356,0.102004975
1,0,0.553372,0.6874392,0.10674402
1,1,0.5868187,0.67799556,0.17363739
0,0,0.93824273,0.23177558,0.87648547
1,1,0.99940705,0.0049986076,0.9988141
0,1,0.8131402,0.48163745,0.6262804
1,0,0.6563275,0.64344144,0.312655
1,1,0.8132227,0.48151612,0.6264454
1,1,0.80312693,0.49603692,0.60625386
0,0,0.9146928,0.29154372,0.82938564
1,0,0.9043345,0.31545338,0.808669
1,1,0.7925459,0.51056397,0.5850918
1,1,0.6418268,0.65235984,0.28365362
1,0,0.92975056,0.25428373,0.8595011
0,1,0.6392073,0.65387297,0.2784146
1,1,0.78963155,0.5144445,0.5792631
1,1,0.99961394,0.0034202253,0.9992279
0,1,0.7897795,0.5142487,0.57955897
0,0,0.585024,0.67861855,0.17004803
1,1,0.9997372,0.002429294,0.9994744
1,1,0.99948716,0.0043977397,0.9989743
0,1,0.81309325,0.48170653,0.6261865
1,0,0.9401588,0.2265304,0.88031757
1,0,0.8396207,0.44029832,0.6792414
0,1,0.58950144,0.6770395,0.17900288
1,0,0.7867035,0.51829165,0.57340705
0,0,0.9485309,0.20281833,0.8970618
0,0,0.52049494,0.6923069,0.040989846
0,0,0.8283333,0.45851913,0.65666664
1,0,0.5904906,0.6766795,0.18098116
1,1,0.99954176,0.003981142,0.9990835
0,1,0.8144626,0.47968704,0.6289252
1,0,0.99046135,0.053870723,0.9809227
0,1,0.5678739,0.683905,0.13574779
0,1,0.76041424,0.55060196,0.5208285
0,1,0.9997788,0.0020828324,0.9995576
1,1,0.8117896,0.48361763,0.62357914
1,0,0.7079231,0.6040008,0.41584623
1,0,0.96377033,0.15577084,0.92754066
1,1,0.81173277,0.48370063,0.62346554
0,0,0.55065864,0.68800575,0.10131729
0,1,0.8126987,0.48228604,0.62539744
1,0,0.53219545,0.69107264,0.06439087
0,1,0.82006806,0.4712903,0.6401361
1,1,0.99967647,0.0029234677,0.99935293
0,1,0.5689016,0.68362206,0.1378032
1,0,0.942621,0.21969405,0.885242
0,1,0.7921249,0.51112765,0.58424985
0,1,0.8143274,0.47988695,0.62865484
0,1,0.76899564,0.54048705,0.5379913
1,1,0.99940085,0.0050446317,0.9988017
1,1,0.7733667,0.5351762,0.5467334
1,0,0.61560977,0.6661725,0.23121953
0,0,0.9399692,0.22705232,0.87993836
1,0,0.9687745,0.1389767,0.937549
0,0,0.50641227,0.6930649,0.012824506
1,1,0.9992084,0.0064445282,0.9984168
1,1,0.9997309,0.0024813039,0.99946177
0,1,0.53007746,0.69133675,0.060154915
1,0,0.766024,0.5440361,0.532048
1,1,0.8122042,0.48301107,0.62440836
1,1,0.99961394,0.0034202253,0.9992279
1,0,0.7319404,0.58131933,0.4638808
0,1,0.80083555,0.49924195,0.6016711
0,1,0.8080764,0.48900023,0.61615276
1,0,0.9721865,0.12705755,0.944373
1,0,0.9986697,0.0101391915,0.99733937
1,1,0.999371,0.0052654576,0.998742
1,1,0.81277895,0.48216826,0.6255579
0,1,0.80325454,0.49585742,0.6065091
1,0,0.67338014,0.6317589,0.3467603
1,0,0.9800321,0.09791425,0.9600642
1,0,0.65183544,0.64630306,0.3036709
1,0,0.5904906,0.6766795,0.18098113
1,1,0.8120442,0.48324522,0.6240884
0,1,0.8002848,0.50000733,0.6005696
1,0,0.9525364,0.19097811,0.9050728
1,1,0.9532795,0.18874334,0.906559
0,1,0.74868685,0.56377316,0.4973737
1,1,0.8013657,0.49850336,0.60273135
1,0,0.5121597,0.6928514,0.02431941
0,0,0.94347835,0.21728747,0.8869567
1,1,0.82084656,0.47010738,0.6416931
1,1,0.7844553,0.5212109,0.5689106
0,1,0.5368767,0.6904249,0.07375336
1,1,0.8175423,0.4750998,0.6350846
0,1,0.7760544,0.53185666,0.55210876
1,1,0.9996691,0.0029827768,0.99933815
1,1,0.7836894,0.5221986,0.56737876
1,1,0.765506,0.5446497,0.53101206
1,1,0.7983063,0.50274146,0.5966126
1,0,0.993912,0.037127137,0.98782396
1,1,0.8152257,0.47855628,0.63045144
1,0,0.96996194,0.13487437,0.9399239
1,0,0.9842557,0.080978714,0.96851134
1,0,0.9813462,0.09275265,0.9626924
0,1,0.6967803,0.6135677,0.39356065
0,0,0.64132214,0.6526537,0.2826443
1,1,0.8108778,0.48494762,0.6217556
0,1,0.77239597,0.53636503,0.54479194
1,1,0.999326,0.005595578,0.998652
1,0,0.746689,0.5659435,0.49337804
1,0,0.5082077,0.6930124,0.016415358
1,0,0.738541,0.5745775,0.47708198
1,0,0.9900425,0.05580602,0.980085
0,1,0.80693495,0.49063691,0.6138699
1,0,0.8780601,0.37077233,0.7561202
0,1,0.8166264,0.47647062,0.63325286
1,0,0.9428232,0.21912777,0.88564634
1,1,0.8300719,0.45577213,0.66014385
1,1,0.99952686,0.004095457,0.9990537
0,0,0.53987753,0.68996334,0.07975504
1,0,0.94275665,0.2193141,0.8855133
1,0,0.98030627,0.09684477,0.96061254
1,1,0.63418317,0.65669173,0.26836634
1,1,0.8114137,0.48416656,0.6228274
1,1,0.63418317,0.65669173,0.26836634
0,1,0.5599583,0.68593985,0.11991656
0,0,0.7106781,0.60154337,0.42135623
1,0,0.9486906,0.2023528,0.8973812
0,0,0.9498326,0.19900784,0.89966524
1,1,0.9996691,0.0029827768,0.99933815
0,1,0.7763559,0.5314816,0.55271184
0,1,0.9325513,0.2469889,0.86510265
0,1,0.77307385,0.53553545,0.5461477
1,1,0.99954176,0.003981142,0.9990835
0,1,0.81566316,0.47790632,0.6313263
1,0,0.9800321,0.09791425,0.9600642
0,1,0.8130744,0.48173422,0.6261488
0,1,0.8201559,0.47115698,0.64031184
0,1,0.78835297,0.5161307,0.57670593
0,0,0.938795,0.23027037,0.87758994
0,1,0.8027959,0.49650198,0.6055918
1,1,0.9996971,0.0027570701,0.9993942
0,1,0.8409364,0.4381138,0.68187284
1,0,0.81475145,0.47925952,0.6295029
1,0,0.9023239,0.31994665,0.8046478
1,0,0.9936563,0.038424682,0.98731256
1,1,0.81277984,0.48216695,0.6255597
1,1,0.6663889,0.6367065,0.33277786
0,1,0.57582694,0.68160325,0.15165389
1,1,0.9996971,0.0027570701,0.9993942
1,0,0.89946055,0.32626665,0.7989211
1,0,0.99134207,0.04973932,0.98268414
0,0,0.70976794,0.60235935,0.4195359
1,0,0.9935298,0.039062493,0.9870596
1,0,0.93634933,0.23689647,0.87269866
1,1,0.78970957,0.51434124,0.57941914
1,1,0.9996971,0.0027570701,0.9993942
0,0,0.96980435,0.13542168,0.9396087
1,1,0.9996226,0.0033522039,0.99924517
1,0,0.99999946,8.31792e-06,0.9999989
1,1,0.5415037,0.6896981,0.083007455
0,1,0.78161496,0.5248563,0.5632299
1,1,0.8114679,0.4840875,0.6229358
0,1,0.5368767,0.6904249,0.07375336
0,1,0.817484,0.47518724,0.63496804
1,1,0.79725844,0.5041796,0.5945169
0,0,0.5249193,0.6919048,0.049838573
0,1,0.81419843,0.4800776,0.62839687
0,1,0.7822774,0.52401036,0.5645548
0,1,0.6040381,0.67134035,0.20807624
0,1,0.81409544,0.48022974,0.6281909
1,0,0.9688342,0.13877147,0.93766844
0,1,0.73362726,0.5796176,0.46725452
1,1,0.63418317,0.65669173,0.26836634
1,1,0.9997377,0.0024253621,0.99947536
0,1,0.8137882,0.4806832,0.62757635
1,0,0.7206416,0.5923463,0.44128326
0,1,0.7911435,0.5124377,0.58228695
1,0,0.9683963,0.14027338,0.9367926
1,0,0.9386681,0.23061673,0.87733614
1,1,0.81429195,0.4799394,0.6285839
0,1,0.81390494,0.48051095,0.6278099
0,1,0.7423417,0.57059324,0.4846834
0,0,0.94110674,0.22391137,0.8822135
1,0,0.9734651,0.12248275,0.94693017
1,0,0.94255626,0.21987519,0.8851125
1,0,0.5121597,0.6928514,0.02431941
0,1,0.7615134,0.54932916,0.5230268
0,1,0.81282306,0.48210353,0.6256461
1,1,0.9995078,0.0042410973,0.99901557
1,0,0.974791,0.11767166,0.949582
1,0,0.9453873,0.2118793,0.8907746
0,1,0.84679407,0.42823005,0.69358814
1,1,0.81515723,0.4786579,0.63031447
0,1,0.8170365,0.47585756,0.634073
0,0,0.9430833,0.21839806,0.8861666
0,0,0.93621606,0.2372547,0.8724321
0,1,0.62060136,0.66376895,0.24120271
1,0,0.9330909,0.24556929,0.86618185
1,1,0.59043765,0.67669886,0.1808753
1,1,0.99954945,0.0039219665,0.9990989
0,0,0.9555455,0.18185121,0.91109097
1,0,0.9978343,0.01544986,0.99566865
0,1,0.8039745,0.49484298,0.607949
1,0,0.6556848,0.6438563,0.3113697
0,1,0.79666203,0.50499517,0.59332407
1,1,0.9996691,0.0029827768,0.99933815
1,1,0.99971455,0.0026150658,0.9994291
1,0,0.50061864,0.69314647,0.0012372732
1,1,0.80461556,0.49393696,0.6092311
0,1,0.55995846,0.6859398,0.119916916
1,1,0.99977916,0.0020798224,0.9995583
1,0,0.99046135,0.053870723,0.9809227
0,1,0.7340534,0.5791855,0.46810675
1,1,0.63418317,0.65669173,0.26836634
1,1,0.82441044,0.46463943,0.6488209
1,1,0.8127532,0.48220608,0.6255064
0,1,0.81523347,0.47854477,0.63046694
1,1,0.9995078,0.0042410973,0.99901557
0,0,0.5252657,0.6918699,0.050531417
1,1,0.8111139,0.48460376,0.6222278
0,1,0.62429965,0.66191995,0.24859929
0,1,0.76153755,0.54930115,0.5230751
1,0,0.97012895,0.13429365,0.9402579
0,1,0.8034125,0.49563515,0.606825
0,1,0.80333775,0.49574038,0.6066755
1,1,0.57280374,0.6825086,0.14560747
0,1,0.8156089,0.477987,0.63121784
0,1,0.8463013,0.42907155,0.69260263
0,1,0.77895546,0.52822685,0.5579109
0,1,0.815643,0.47793627,0.631286
1,1,0.8637613,0.39807644,0.7275226
0,1,0.59599227,0.6746032,0.19198453
1,1,0.799079,0.50167656,0.598158
1,1,0.61647844,0.6657618,0.23295689
0,1,0.8047577,0.49373567,0.6095154
0,1,0.50221914,0.69313735,0.004438281
1,1,0.63354963,0.6570394,0.26709926
0,1,0.83754086,0.4437253,0.67508173
1,0,0.7347194,0.57850814,0.46943882
1,0,0.7760575,0.5318528,0.55211496
0,1,0.8138568,0.480582,0.62771356
1,1,0.52796376,0.69158244,0.055927515
1,0,0.58448356,0.67880356,0.16896713
1,1,0.9995877,0.0036254677,0.9991754
1,0,0.7079231,0.6040008,0.41584623
0,0,0.94506484,0.21279776,0.8901297
1,1,0.81169033,0.48376265,0.62338066
0,1,0.7590425,0.5521811,0.518085
1,1,0.9997372,0.002429294,0.9994744
0,1,0.633736,0.65693736,0.26747203
0,1,0.81681144,0.47619417,0.6336229
0,1,0.7279866,0.58525115,0.45597315
1,0,0.9957679,0.027351735,0.9915358
1,0,0.9997841,0.0020379487,0.9995682
1,0,0.9424313,0.22022471,0.88486254
0,1,0.84490144,0.43145204,0.6898029
0,1,0.71666825,0.59607255,0.4333365
0,1,0.9997577,0.0022594398,0.9995154
1,1,0.9995684,0.0037755272,0.9991368
1,0,0.9304637,0.25243795,0.86092734
0,1,0.5678739,0.683905,0.13574779
0,1,0.5402544,0.6899028,0.08050883
1,0,0.96540105,0.1503819,0.9308021
1,0,0.89763504,0.33024848,0.7952701
1,0,0.70201194,0.60914993,0.40402386
0,1,0.82828695,0.45859212,0.6565739
0,1,0.63332975,0.6571597,0.2666595
0,1,0.7995954,0.50096273,0.59919083
0,1,0.5284921,0.6915227,0.056984186
0,1,0.81452745,0.47959113,0.6290549
0,0,0.9485489,0.20276594,0.8970978
0,1,0.6212356,0.66345596,0.24247122
1,0,0.8051586,0.49316734,0.61031723
0,1,0.74006665,0.5729872,0.4801333
0,1,0.758446,0.5528646,0.51689196
1,0,0.84961313,0.42337954,0.69922626
1,1,0.7999452,0.5004784,0.59989035
0,1,0.7938333,0.5088333,0.58766663
1,0,0.6559323,0.6436968,0.31186458
0,1,0.71885896,0.59402776,0.4377179
1,0,0.9331882,0.24531287,0.8663764
1,1,0.7896396,0.5144338,0.5792792
0,1,0.7873257,0.51747847,0.57465136
1,1,0.99971455,0.0026150658,0.9994291
1,0,0.67639434,0.6295575,0.35278872
1,0,0.76668537,0.54325056,0.53337073
0,1,0.99975795,0.0022574547,0.9995159
0,0,0.9491485,0.20101489,0.89829695
1,0,0.94249004,0.22006036,0.8849801
0,0,0.6971804,0.61323446,0.39436075
1,0,0.92975056,0.25428373,0.8595011
1,1,0.9994267,0.004852137,0.99885345
1,1,0.63418317,0.65669173,0.26836634
0,0,0.9430593,0.2184653,0.88611865
0,1,0.7824294,0.5238159,0.5648588
0,1,0.796195,0.5056323,0.59238994
1,0,0.7079231,0.6040008,0.41584623
1,1,0.7989388,0.50187004,0.5978776
1,0,0.9772896,0.10840776,0.95457923
1,1,0.5824356,0.67949367,0.16487122
1,1,0.8454391,0.43053955,0.69087815
0,1,0.8033565,0.4957139,0.60671306
1,1,0.63418317,0.65669173,0.26836634
1,0,0.9486417,0.20249534,0.89728343
0,1,0.82027894,0.47097024,0.6405579
1,1,0.7989554,0.50184715,0.59791076
0,0,0.94406796,0.21562453,0.8881359
0,0,0.979666,0.09933615,0.959332
0,1,0.80270994,0.49662262,0.6054199
0,1,0.80657536,0.4911508,0.6131507
1,0,0.94431704,0.21491992,0.8886341
0,1,0.81679565,0.4762178,0.6335913
0,0,0.9545633,0.18485305,0.90912664
1,0,0.63689685,0.6551827,0.2737937
0,1,0.80286056,0.4964112,0.6057211
1,0,0.7520271,0.56009716,0.5040542
0,1,0.8131033,0.48169172,0.62620664
0,1,0.50289774,0.6931304,0.005795479
0,1,0.8277932,0.45936823,0.65558636
1,1,0.8118183,0.48357564,0.6236366
1,0,0.9423658,0.22040768,0.88473165
0,1,0.7643792,0.5459793,0.5287584
1,1,0.6564299,0.64337516,0.31285977
1,1,0.999597,0.0035528964,0.999194
0,1,0.5053603,0.6930897,0.010720611
0,1,0.7014576,0.6096242,0.40291524
1,0,0.55337214,0.68743914,0.10674426
0,1,0.8126718,0.48232558,0.62534356
1,1,0.99952686,0.004095457,0.9990537
0,1,0.75540227,0.5563219,0.51080453
1,1,0.9996214,0.0033615977,0.9992428
0,0,0.6802585,0.6266745,0.36051705
0,1,0.59906656,0.67338836,0.19813311
1,1,0.9997309,0.0024813039,0.99946177
1,1,0.81533927,0.47838765,0.63067853
0,1,0.99975187,0.0023079992,0.99950373
1,0,0.96045643,0.16649088,0.92091286
1,0,0.9328943,0.2460872,0.8657886
1,0,0.7493675,0.563029,0.49873498
0,0,0.87047434,0.38548398,0.7409487
1,1,0.9996062,0.0034810454,0.9992124
0,1,0.8113602,0.48424467,0.62272036
0,1,0.81332505,0.48136553,0.6266501
0,1,0.81523687,0.47853974,0.63047373
0,0,0.97644866,0.1115557,0.9528973
1,0,0.67024684,0.6340037,0.3404937
0,1,0.63332975,0.6571597,0.2666595
1,0,0.5283284,0.6915413,0.056656808
1,0,0.9545199,0.18498506,0.90903986
0,1,0.747165,0.5654283,0.49433005
0,1,0.80275965,0.49655285,0.6055193
0,1,0.778044,0.5293725,0.556088
0,1,0.78362334,0.5222836,0.5672467
1,0,0.9636228,0.15625457,0.9272456
0,1,0.79836994,0.50265384,0.5967399
0,1,0.81151813,0.48401415,0.62303627
1,0,0.9043345,0.31545338,0.808669
1,0,0.57599413,0.68155205,0.1519883
1,0,0.971343,0.13004233,0.94268596
1,1,0.9997309,0.0024813039,0.99946177
0,1,0.5987078,0.6735321,0.19741559
1,0,0.89153326,0.34329763,0.7830665
0,1,0.80838126,0.48856166,0.6167625
0,1,0.7990187,0.5017598,0.59803736
1,1,0.81288934,0.4820062,0.6257787
1,0,0.8683614,0.38948977,0.7367228
0,1,0.8108305,0.48501652,0.62166095
0,1,0.80397445,0.49484307,0.6079489
1,0,0.99659455,0.022750791,0.9931891
1,0,0.67338014,0.6317589,0.3467603
0,1,0.7501538,0.56216615,0.50030756
0,1,0.58657974,0.67807925,0.17315948
0,0,0.9671694,0.14444791,0.9343388
0,1,0.5953057,0.6748692,0.19061136
1,1,0.63418317,0.65669173,0.26836634
0,1,0.80258244,0.4968015,0.6051649
0,1,0.8018302,0.49785477,0.60366035
1,0,0.85623455,0.41174042,0.7124691
1,1,0.9994753,0.004487453,0.9989506
0,1,0.9997105,0.0026481154,0.999421
0,1,0.54650676,0.6888151,0.093013525
1,0,0.6466485,0.6494967,0.29329705
1,1,0.99954176,0.003981142,0.9990835
0,1,0.5688327,0.68364114,0.13766539
1,1,0.81613326,0.4772064,0.6322665
0,1,0.53853333,0.6901746,0.07706666
0,1,0.97393155,0.12079808,0.9478631
1,1,0.7991431,0.5015881,0.59828615
0,1,0.5926018,0.6758976,0.18520355
1,1,0.99963117,0.0032844557,0.99926233
0,1,0.8393326,0.44077498,0.67866516
1,0,0.6563275,0.64344144,0.312655
0,0,0.9545094,0.18501727,0.90901875
1,0,0.9429235,0.2188465,0.885847
1,1,0.81151885,0.48401314,0.6230377
0,1,0.7998662,0.5005879,0.5997324
1,0,0.7960863,0.50578034,0.5921726
1,1,0.81154424,0.48397604,0.6230885
1,1,0.99971455,0.0026150658,0.9994291
0,1,0.8132195,0.48152083,0.626439
0,0,0.9321783,0.24796751,0.86435664
1,0,0.9889256,0.06088227,0.97785115
1,1,0.79880935,0.5020486,0.5976187
0,0,0.9254603,0.26522654,0.85092056
0,1,0.7765555,0.53123313,0.55311096
0,1,0.5237858,0.69201523,0.04757166
1,1,0.8028651,0.49640483,0.6057302
1,1,0.63418317,0.65669173,0.26836634
0,1,0.63477814,0.6563636,0.26955628
1,1,0.81138414,0.48420972,0.6227683
0,1,0.72663337,0.58657867,0.45326674
0,0,0.9515067,0.1940548,0.90301335
1,1,0.57280374,0.6825086,0.14560747
0,1,0.78668654,0.51831377,0.5733731
0,0,0.82548785,0.46296912,0.6509757
1,1,0.5415037,0.6896981,0.083007455
1,0,0.9933144,0.040143453,0.9866288
0,0,0.63677526,0.655251,0.27355054
1,0,0.96247035,0.16001214,0.9249407
1,1,0.81112605,0.48458606,0.6222521
0,1,0.5597254,0.6859959,0.11945081
0,1,0.74218535,0.5707587,0.4843707
1,0,0.9839579,0.08220735,0.9679158
0,1,0.81407535,0.48025942,0.6281507
1,0,0.9950322,0.031308442,0.9900644
1,0,0.64012754,0.65334475,0.28025508
1,0,0.9856533,0.07513409,0.97130656
0,1,0.6040381,0.67134035,0.20807624
1,1,0.8302917,0.4554234,0.6605834
1,1,0.99977916,0.0020798224,0.9995583
1,0,0.9372957,0.23434456,0.87459135
0,0,0.9335568,0.24433985,0.8671136
0,1,0.6163426,0.6658262,0.23268521
0,1,0.7971335,0.50435066,0.594267
1,0,0.9319645,0.24852742,0.86392903
1,1,0.7998771,0.50057274,0.5997542
1,1,0.9997652,0.002196799,0.99953043
1,1,0.99938273,0.005178799,0.99876547
0,1,0.6931657,0.61654425,0.38633144
0,0,0.95979625,0.16859108,0.9195925
1,0,0.9492766,0.20063967,0.89855325
1,1,0.9997522,0.00230503,0.99950445
0,0,0.9408971,0.22449198,0.8817942
1,1,0.83068,0.45480633,0.66136
1,0,0.9356785,0.23869641,0.87135696
0,1,0.78908896,0.5151612,0.5781779
1,0,0.9681567,0.14109239,0.9363134
1,1,0.6022932,0.67207086,0.20458639
0,1,0.8081842,0.48884517,0.6163684
1,0,0.9948091,0.03248596,0.9896182
1,0,0.7520271,0.56009716,0.5040542
0,1,0.7884845,0.51595765,0.576969
1,0,0.99588525,0.02670938,0.9917705
1,1,0.99968266,0.0028735946,0.9993653
0,1,0.5058921,0.69307774,0.011784196
1,1,0.9997309,0.0024813039,0.99946177
1,1,0.99940705,0.0049986076,0.9988141
1,0,0.57077605,0.683095,0.14155209
0,1,0.81303525,0.48179176,0.6260705
1,1,0.99954176,0.003981142,0.9990835
1,1,0.9997038,0.0027024266,0.99940765
1,0,0.993912,0.037127137,0.98782396
1,0,0.9424466,0.22018188,0.8848932
0,0,0.94897485,0.2015228,0.8979497
1,0,0.7079231,0.6040008,0.41584623
1,0,0.7049759,0.6065891,0.4099518
1,0,0.9828359,0.08678693,0.9656718
0,1,0.5909503,0.6765108,0.18190062
1,1,0.99971455,0.0026150658,0.9994291
0,1,0.7901698,0.5137316,0.58033955
1,1,0.81134844,0.4842618,0.6226969
0,1,0.80251527,0.4968957,0.60503054
0,1,0.80313426,0.49602658,0.6062685
1,0,0.89785546,0.3297696,0.7957109
0,1,0.7986695,0.5022413,0.59733903
1,1,0.6216989,0.66322625,0.24339783
0,1,0.7421853,0.57075876,0.4843706
0,1,0.9138202,0.293609,0.8276404
1,1,0.9995782,0.0036996817,0.99915636
1,0,0.89763504,0.33024848,0.7952701
1,0,0.6563275,0.64344144,0.312655
1,1,0.9997212,0.0025605056,0.99944246
1,0,0.9424991,0.22003502,0.8849982
0,1,0.79857993,0.50236475,0.59715986
1,0,0.6466485,0.6494967,0.29329705
0,0,0.6309705,0.6584372,0.261941
1,0,0.9970651,0.020044172,0.99413025
0,1,0.80293775,0.49630278,0.6058755
1,1,0.8112171,0.4844533,0.62243426
0,1,0.8302199,0.45553732,0.66043985
0,0,0.6163968,0.6658006,0.23279354
1,0,0.5904906,0.6766795,0.18098113
0,1,0.8175349,0.4751109,0.63506985
1,1,0.8144576,0.47969446,0.6289152
0,1,0.7690277,0.54044855,0.5380554
0,1,0.68456894,0.62337744,0.36913788
1,0,0.9740608,0.12032986,0.94812155
1,0,0.97455305,0.11854023,0.9491061
0,1,0.8133838,0.48127902,0.62676764
1,0,0.96247035,0.16001214,0.9249407
1,1,0.9997038,0.0027024266,0.99940765
1,0,0.88307595,0.36075124,0.7661519
1,1,0.9996691,0.0029827768,0.99933815
1,0,0.7760575,0.5318528,0.55211496
1,0,0.7079231,0.6040008,0.41584623
1,0,0.9251528,0.26600048,0.85030556
0,0,0.9435964,0.21695492,0.88719285
0,1,0.7848492,0.5207016,0.56969845
1,0,0.6990307,0.61168337,0.3980614
1,1,0.999597,0.0035528964,0.999194
0,1,0.8149785,0.47892308,0.62995696
0,1,0.8131046,0.48168975,0.62620926
0,1,0.81582177,0.47767037,0.63164353
0,0,0.9465917,0.20843117,0.89318335
1,0,0.60779214,0.6697255,0.21558425
1,1,0.8045473,0.49403352,0.6090946
0,0,0.7557876,0.555887,0.5115752
1,1,0.75967306,0.55145645,0.5193461
0,1,0.8023445,0.497135,0.604689
0,1,0.72433466,0.58881265,0.4486693
0,1,0.792668,0.5104003,0.58533597
1,1,0.9996383,0.0032278462,0.99927664
0,1,0.764882,0.54538685,0.52976406
0,1,0.81570876,0.47783852,0.6314175
1,1,0.81147677,0.48407453,0.62295353
0,1,0.7723785,0.5363864,0.544757
0,0,0.69408154,0.6157959,0.38816306
1,0,0.8683614,0.38948977,0.7367228
1,1,0.8115523,0.48396426,0.6231046
1,1,0.99967647,0.0029234677,0.99935293
1,1,0.8116229,0.48386115,0.62324584
0,1,0.9608715,0.16516446,0.92174304
0,1,0.79232395,0.5108613,0.5846479
0,1,0.6159892,0.6659935,0.23197842
1,0,0.9850843,0.077529594,0.9701686
1,0,0.52124083,0.6922445,0.04248163
1,0,0.96746075,0.14346099,0.9349215
1,1,0.8129725,0.481884,0.625945
0,1,0.5953057,0.6748692,0.19061136
1,0,0.97033614,0.13357171,0.9406723
1,0,0.7785176,0.52877784,0.5570352
1,0,0.9719425,0.1279236,0.94388497
1,0,0.993912,0.037127137,0.98782396
0,1,0.81281877,0.48210979,0.62563753
1,0,0.9772896,0.10840776,0.95457923
1,1,0.9995284,0.0040835906,0.9990568
0,1,0.6040381,0.67134035,0.20807624
0,0,0.9434257,0.21743555,0.88685143
0,1,0.79083264,0.51285136,0.5816653
1,1,0.9996214,0.0033615977,0.9992428
0,1,0.80083555,0.49924195,0.6016711
1,1,0.81140256,0.48418283,0.6228051
0,1,0.7757637,0.5322177,0.5515274
0,1,0.77019817,0.5390368,0.54039633
1,0,0.60779214,0.6697255,0.21558425
1,1,0.81271714,0.482259,0.6254343
0,1,0.80276823,0.4965408,0.60553646
0,1,0.6037998,0.67144084,0.20759964
0,1,0.8144128,0.47976077,0.62882555
0,1,0.71731067,0.5954754,0.43462133
1,1,0.8153868,0.47831714,0.63077354
1,1,0.81310034,0.48169607,0.6262007
0,0,0.52172077,0.6922033,0.043441564
0,1,0.6108853,0.6683504,0.22177064
1,0,0.7079231,0.6040008,0.41584623
1,0,0.940594,0.22532997,0.88118804
1,1,0.81411546,0.48020017,0.6282309
1,1,0.81148547,0.48406184,0.62297094
1,0,0.82190454,0.46849322,0.6438091
1,1,0.5815409,0.6797898,0.16308177
0,1,0.8027832,0.4965198,0.6055664
0,1,0.5368767,0.6904249,0.07375336
1,0,0.6444558,0.6508113,0.2889116
1,1,0.8075573,0.48974562,0.61511457
1,0,0.9418927,0.22172765,0.88378537
0,1,0.81113696,0.48457015,0.6222739
1,0,0.8626115,0.40019447,0.72522295
1,1,0.5474041,0.6886461,0.09480822
1,0,0.58704966,0.6779144,0.17409933
1,0,0.9757542,0.11413201,0.9515084
1,1,0.9996226,0.0033522039,0.99924517
0,1,0.5641682,0.6848893,0.12833643
0,0,0.94541854,0.2117903,0.8908371
1,0,0.8017874,0.4979146,0.60357475
0,1,0.8290583,0.45737627,0.6581166
0,0,0.9239461,0.26902422,0.84789217
1,0,0.8683614,0.38948977,0.7367228
1,0,0.97069126,0.13233103,0.9413825
1,0,0.98142475,0.09244122,0.9628495
0,1,0.80395454,0.49487114,0.6079091
1,0,0.85623455,0.41174042,0.7124691
0,1,0.8414695,0.43722504,0.68293905
1,0,0.61560977,0.6661725,0.23121953
0,1,0.6040381,0.67134035,0.20807624
0,1,0.8113602,0.48424467,0.62272036
0,0,0.6811472,0.6260017,0.3622944
1,1,0.811568,0.48394132,0.62313604
0,1,0.80111355,0.49885488,0.6022271
0,1,0.60381234,0.6714356,0.20762467
1,0,0.6433946,0.65144,0.2867892
1,0,0.9770842,0.10917956,0.95416844
0,1,0.9748377,0.117500834,0.94967544
0,1,0.9188484,0.28157303,0.8376968
0,1,0.8118381,0.48354673,0.6236762
1,0,0.9954383,0.029139236,0.99087656
1,1,0.9995078,0.0042410973,0.99901557
1,1,0.9997212,0.0025605056,0.99944246
0,1,0.77467954,0.53355986,0.5493591
1,1,0.8120036,0.48330462,0.6240072
0,1,0.81417626,0.48011035,0.6283525
1,1,0.8050157,0.49337012,0.61003137
1,1,0.83082753,0.4545716,0.66165507
1,1,0.813155,0.48161572,0.62631
0,0,0.9550513,0.18336435,0.9101026
0,1,0.5237566,0.69201803,0.047513247
0,1,0.82654095,0.4613288,0.6530819
0,1,0.57696,0.68125427,0.15392005
1,1,0.8123849,0.4827463,0.6247698
0,1,0.8147173,0.47931007,0.6294346
0,0,0.93766844,0.23333529,0.8753369
1,0,0.5030267,0.6931289,0.0060534775
0,1,0.5733223,0.682356,0.14664459
0,0,0.51761997,0.6925261,0.035239935
0,1,0.8156408,0.47793958,0.6312816
0,1,0.8155935,0.47800994,0.63118696
1,1,0.99968386,0.0028639894,0.9993677
0,1,0.81410974,0.48020864,0.6282195
0,1,0.57309085,0.68242425,0.1461817
1,0,0.6289848,0.6594938,0.25796965
0,1,0.80349404,0.49552035,0.6069881
0,1,0.8386566,0.44189084,0.6773132
0,1,0.7735609,0.5349378,0.54712176
0,1,0.81431085,0.47991148,0.6286217
1,1,0.5303713,0.6913012,0.060742617
0,1,0.8104443,0.4855781,0.6208886
1,1,0.8115109,0.4840247,0.62302184
1,0,0.9107317,0.3008417,0.82146335
0,1,0.81681615,0.4761871,0.6336323
0,1,0.8154279,0.47825605,0.6308558
0,1,0.74355125,0.56930953,0.4871025
0,0,0.5252657,0.6918699,0.050531417
1,1,0.8170248,0.47587502,0.63404965
1,0,0.92975056,0.25428373,0.8595011
0,1,0.7488888,0.5635526,0.49777758
0,0,0.9693663,0.136938,0.9387326
0,1,0.80202556,0.49758154,0.6040511
1,0,0.9416917,0.22228721,0.8833834
0,1,0.81640685,0.47679844,0.6328137
1,0,0.9373174,0.23428589,0.87463474
0,1,0.50913274,0.69298035,0.018265486
0,1,0.99975795,0.0022574547,0.9995159
1,1,0.9996691,0.0029827768,0.99933815
1,0,0.99659455,0.022750791,0.9931891
1,0,0.94276726,0.21928442,0.8855345
0,1,0.5733223,0.682356,0.14664459
1,0,0.58704966,0.6779144,0.17409933
1,0,0.9889256,0.06088227,0.97785115
0,1,0.67426,0.6311207,0.34852004
1,0,0.97829,0.104621395,0.95658004
1,0,0.9610451,0.16460851,0.9220902
0,1,0.63414305,0.6567138,0.2682861
1,0,0.746689,0.5659435,0.49337804
1,0,0.553372,0.6874392,0.10674402
1,0,0.96219677,0.16089879,0.92439353
1,1,0.99940085,0.0050446317,0.9988017
1,0,0.9366382,0.23611921,0.87327635
1,0,0.97218734,0.12705448,0.9443747
0,0,0.9180229,0.2835718,0.83604574
1,1,0.81148887,0.48405686,0.62297773
0,0,0.7143645,0.5981974,0.42872906
1,0,0.5283284,0.6915413,0.056656808
1,1,0.8018217,0.4978666,0.6036434
1,0,0.9934063,0.03968325,0.9868126
1,1,0.6471977,0.6491641,0.29439545
0,0,0.917894,0.28388304,0.835788
1,0,0.9012028,0.3224321,0.8024056
1,1,0.99974006,0.0024056921,0.9994801
0,1,0.8129426,0.4819279,0.62588525
1,1,0.99971455,0.0026150658,0.9994291
0,0,0.90445405,0.31518477,0.8089081
1,1,0.9995684,0.0037755272,0.9991368
1,0,0.6289848,0.6594938,0.25796965
1,0,0.9633927,0.15700789,0.92678535
0,1,0.8193618,0.4723598,0.6387236
1,1,0.5415037,0.6896981,0.083007455
1,1,0.99971455,0.0026150658,0.9994291
0,1,0.675585,0.6301527,0.35116994
1,0,0.58704966,0.6779144,0.17409933
0,1,0.81294334,0.48192683,0.6258867
1,0,0.9978343,0.01544986,0.99566865
0,0,0.9315029,0.24973398,0.86300576
1,0,0.6761668,0.62972516,0.35233355
1,0,0.5121597,0.6928514,0.02431941
1,1,0.81238824,0.48274142,0.6247765
0,1,0.55334723,0.68744445,0.10669446
1,0,0.9425644,0.21985233,0.88512886
1,1,0.99971455,0.0026150658,0.9994291
1,0,0.62843156,0.65978515,0.25686312
1,0,0.99748707,0.017553039,0.99497414
1,1,0.81688696,0.47608125,0.6337739
1,1,0.9996971,0.0027570701,0.9993942
1,1,0.63434327,0.6566036,0.26868653
1,1,0.8166566,0.4764256,0.6333132
1,0,0.94368345,0.21670973,0.8873669
1,0,0.9610451,0.16460851,0.9220902
0,1,0.7880926,0.5164729,0.5761852
1,0,0.9883137,0.06361407,0.97662735
1,1,0.7717585,0.53714275,0.543517
0,1,0.81450063,0.47963083,0.62900126
1,1,0.99967647,0.0029234677,0.99935293
0,1,0.6337359,0.6569374,0.2674718
0,0,0.9405746,0.22538355,0.8811492
0,0,0.96841747,0.14020085,0.93683493
0,1,0.8158315,0.4776559,0.63166296
1,1,0.9996971,0.0027570701,0.9993942
0,1,0.71730757,0.5954783,0.43461514
0,0,0.63704145,0.6551014,0.2740829
0,1,0.8151707,0.4786379,0.6303414
1,1,0.9996811,0.0028860741,0.99936223
1,1,0.9997744,0.002119911,0.9995488
1,1,0.6172117,0.66541266,0.2344234
1,0,0.99748707,0.017553039,0.99497414
0,1,0.8013771,0.49848738,0.60275424
0,1,0.7848135,0.5207478,0.56962705
1,1,0.9994879,0.0043923208,0.99897575
1,1,0.8115426,0.48397845,0.62308514
1,0,0.9423917,0.22033535,0.8847834
0,1,0.81674266,0.47629696,0.6334853
1,1,0.9997522,0.00230503,0.99950445
0,1,0.8130701,0.48174053,0.62614024
1,0,0.9759712,0.1133291,0.95194244
1,1,0.9996971,0.0027570701,0.9993942
0,1,0.7921709,0.5110662,0.58434176
1,1,0.8115475,0.48397127,0.62309504
1,0,0.993912,0.037127137,0.98782396
0,1,0.7086899,0.6033206,0.41737986
1,0,0.9968085,0.021528617,0.99361706
0,0,0.764447,0.5458995,0.52889395
0,0,0.60887545,0.66924846,0.2177509
0,1,0.7656683,0.5444577,0.53133655
0,1,0.7879,0.51672584,0.57579994
0,1,0.73952055,0.5735578,0.4790411
0,1,0.6163426,0.6658262,0.23268521
1,0,0.99046135,0.053870723,0.9809227
1,1,0.813118,0.48167014,0.62623596
1,0,0.94254607,0.2199037,0.88509214
1,1,0.63418317,0.65669173,0.26836634
1,0,0.9453873,0.2118793,0.8907746
1,0,0.60779214,0.6697255,0.21558425
0,1,0.8115233,0.48400658,0.62304664
1,1,0.63418317,0.65669173,0.26836634
0,1,0.79891884,0.5018976,0.5978377
1,1,0.99967647,0.0029234677,0.99935293
1,1,0.60378027,0.67144907,0.20756054
1,0,0.9139743,0.293245,0.8279486
0,1,0.9997788,0.0020828324,0.9995576
0,1,0.76158106,0.5492506,0.5231621
0,1,0.57309115,0.6824241,0.1461823
0,1,0.80116993,0.49877626,0.60233986
1,0,0.94728357,0.20643722,0.89456713
1,0,0.61560977,0.6661725,0.23121953
1,1,0.99963117,0.0032844557,0.99926233
1,1,0.8145274,0.4795912,0.6290548
0,1,0.8015347,0.49826747,0.6030694
1,0,0.553372,0.6874392,0.10674402
0,1,0.8226624,0.46733224,0.6453248
1,0,0.9721229,0.1272835,0.9442458
0,1,0.59906656,0.67338836,0.19813311
1,0,0.58704966,0.6779144,0.17409933
1,1,0.81454855,0.4795599,0.6290971
1,1,0.8029921,0.49622643,0.6059842
1,1,0.57280374,0.6825086,0.14560747
1,1,0.99967647,0.0029234677,0.99935293
1,0,0.9741804,0.1198958,0.9483608
1,1,0.9997763,0.0021038877,0.9995526
1,1,0.99954176,0.003981142,0.9990835
0,1,0.82989085,0.45605925,0.6597817
1,0,0.6189668,0.6645677,0.23793367
0,1,0.78790456,0.51671976,0.5758091
0,1,0.90445954,0.31517237,0.8089191
0,1,0.77311355,0.53548676,0.5462271
0,1,0.83808756,0.44282758,0.6761751
0,0,0.8704883,0.3854575,0.7409766
1,0,0.9931577,0.040925276,0.98631537
1,1,0.99971455,0.0026150658,0.9994291
1,0,0.67024684,0.6340037,0.3404937
1,1,0.8001838,0.5001476,0.60036755
0,1,0.76447004,0.5458724,0.5289401
1,1,0.81106925,0.4846688,0.6221385
0,1,0.8140453,0.48030376,0.6280906
0,1,0.7922403,0.5109732,0.58448064
1,1,0.8130307,0.48179844,0.62606144
0,1,0.7784504,0.52886224,0.55690086
1,1,0.9993112,0.0057033487,0.9986224
1,0,0.978678,0.10314042,0.957356
1,0,0.94728976,0.20641938,0.8945795
1,0,0.7079231,0.6040008,0.41584623
0,0,0.51905,0.6924212,0.038100034
0,1,0.7932944,0.509559,0.58658886
1,1,0.9996226,0.0033522039,0.99924517
1,1,0.9996613,0.0030447787,0.99932265
0,1,0.5111973,0.69289637,0.022394657
0,1,0.5622322,0.68538135,0.12446439
1,0,0.50061864,0.69314647,0.0012372732
0,0,0.51700914,0.6925685,0.034018308
0,1,0.8130358,0.481791,0.6260716
1,0,0.993912,0.037127126,0.98782396
0,0,0.6881231,0.62059414,0.37624618
0,1,0.81478506,0.4792097,0.6295701
1,0,0.95165265,0.19362003,0.9033053
1,1,0.81100327,0.48476493,0.62200654
0,1,0.58171964,0.6797309,0.16343927
0,1,0.81696755,0.4759607,0.6339351
1,1,0.99982065,0.001726441,0.9996413
1,0,0.9594896,0.16956283,0.91897917
0,0,0.5936054,0.6755194,0.18721077
0,1,0.8115376,0.4839857,0.62307525
0,1,0.8026559,0.49669844,0.60531175
0,0,0.73192155,0.5813382,0.46384308
0,1,0.8142656,0.47997832,0.6285312
1,0,0.7234936,0.58962345,0.44698715
1,1,0.7976819,0.5035992,0.59536386
1,1,0.81153035,0.48399633,0.6230607
1,1,0.81740266,0.4753092,0.6348053
0,1,0.76157385,0.549259,0.5231477
1,1,0.5445055,0.68918043,0.089010954
1,1,0.813301,0.48140085,0.62660205
0,0,0.6706435,0.63372195,0.34128702
1,0,0.97425896,0.119610496,0.9485179
1,1,0.8115743,0.4839322,0.62314856
1,0,0.7685612,0.54100907,0.53712237
0,1,0.63332975,0.6571597,0.2666595
0,1,0.61697936,0.6655235,0.23395872
1,0,0.95932144,0.17009474,0.9186429
0,0,0.584068,0.67894495,0.168136
0,1,0.8131811,0.48157734,0.6263622
1,1,0.63418317,0.65669173,0.26836634
1,0,0.5121597,0.6928514,0.02431941
0,0,0.7097707,0.6023569,0.41954136
0,1,0.8048774,0.49356613,0.6097548
1,0,0.93247557,0.24718787,0.86495113
0,1,0.5972266,0.6741202,0.19445324
1,0,0.993912,0.037127137,0.98782396
0,1,0.5513278,0.6878688,0.10265565
1,0,0.6278336,0.6600986,0.25566724
1,0,0.9687745,0.1389767,0.937549
1,0,0.9423495,0.22045325,0.884699
0,1,0.81448424,0.47965506,0.6289685
0,1,0.727184,0.5860396,0.454368
1,1,0.8371,0.44444758,0.67420006
0,1,0.7879791,0.5166219,0.57595825
1,1,0.9997454,0.0023613544,0.99949086
0,1,0.80030596,0.499978,0.6006119
0,1,0.81282955,0.48209396,0.6256591
0,1,0.6339552,0.6568171,0.26791036
1,0,0.948548,0.20276846,0.89709604
1,1,0.78970546,0.5143467,0.5794109
1,1,0.9996971,0.0027570701,0.9993942
0,0,0.5512153,0.68789196,0.10243061
1,1,0.7971592,0.5043155,0.5943184
1,0,0.9871458,0.06873961,0.97429156
0,1,0.7858959,0.5193438,0.57179177
0,0,0.6579346,0.642396,0.3158692
1,0,0.9772896,0.10840776,0.95457923
0,1,0.813281,0.48143035,0.626562
1,1,0.81443316,0.4797306,0.6288663
0,1,0.7655397,0.54460984,0.5310794
0,1,0.8149785,0.47892308,0.62995696
0,1,0.81159276,0.4839052,0.6231855
0,1,0.7567174,0.55483425,0.51343477
1,0,0.50061864,0.69314647,0.0012372732
1,1,0.80110073,0.4988727,0.60220146
1,1,0.81139153,0.48419893,0.62278306
1,1,0.6242374,0.66195154,0.24847484
1,0,0.7079231,0.6040008,0.41584623
0,1,0.8145688,0.47952992,0.62913764
0,0,0.73672426,0.5764554,0.47344854
1,1,0.8145424,0.47956896,0.6290848
0,0,0.6311872,0.6583208,0.26237437
1,0,0.9402959,0.2261526,0.88059175
1,1,0.8103699,0.48568618,0.6207398
1,1,0.9998203,0.0017295255,0.9996406
0,1,0.7716953,0.53721976,0.54339063
1,1,0.8152475,0.47852397,0.63049495
0,1,0.53275174,0.69100034,0.06550348
0,1,0.61697847,0.665524,0.23395693
1,0,0.95483214,0.18403359,0.9096643
1,1,0.51895976,0.69242805,0.03791952
0,1,0.81287915,0.48202115,0.6257583
0,1,0.78249687,0.52372956,0.56499374
1,0,0.9506024,0.19673759,0.9012048
0,1,0.7996616,0.50087124,0.59932315
0,0,0.9552684,0.18270034,0.91053677
1,0,0.6289848,0.6594938,0.25796965
1,0,0.95699126,0.17739101,0.9139825
0,1,0.7772525,0.53036344,0.554505
1,0,0.8876815,0.3513355,0.77536297
1,0,0.60779214,0.6697255,0.21558425
1,1,0.82546353,0.46300694,0.65092707
0,0,0.9426033,0.21974358,0.8852066
0,1,0.790099,0.5138255,0.58019805
0,0,0.68348897,0.62421155,0.36697796
0,0,0.6829952,0.6245911,0.3659904
0,0,0.9694298,0.13671875,0.9388596
1,0,0.58938575,0.67708135,0.1787715
0,1,0.8031404,0.49601796,0.6062808
1,0,0.50061864,0.69314647,0.0012372732
0,0,0.5007467,0.6931461,0.0014934242
0,1,0.8066111,0.49109975,0.61322224
1,0,0.9424729,0.22010837,0.88494575
1,1,0.62146705,0.6633414,0.24293411
0,1,0.8002935,0.4999953,0.600587
0,1,0.9284673,0.2575857,0.85693455
1,1,0.81634414,0.476892,0.6326883
1,0,0.9126744,0.29630607,0.82534885
0,1,0.81528676,0.47846562,0.6305735
1,0,0.9742428,0.11966929,0.9484856
0,1,0.5844185,0.67882574,0.16883695
1,0,0.631572,0.6581137,0.26314405
1,0,0.7546676,0.55714893,0.50933516
1,0,0.6209754,0.6635846,0.24195075
1,0,0.9364344,0.2366677,0.8728688
1,1,0.6088711,0.66925037,0.2177422
1,1,0.8204785,0.47066715,0.640957
1,1,0.9996214,0.0033615977,0.9992428
1,0,0.9475701,0.20560876,0.8951402
0,1,0.8149785,0.47892308,0.62995696
1,0,0.6551936,0.6441722,0.31038725
1,1,0.9997309,0.0024813039,0.99946177
1,1,0.7563785,0.5552186,0.51275694
1,1,0.6367124,0.6552863,0.27342474
0,1,0.6762824,0.62964,0.3525648
0,1,0.7238451,0.58928496,0.44769025
1,0,0.97394764,0.120739736,0.9478953
1,0,0.98706126,0.06910621,0.9741225
1,1,0.8114153,0.48416424,0.6228306
1,0,0.8516942,0.41975904,0.70338845
0,0,0.96489346,0.15206765,0.9297869
1,1,0.7973073,0.5041127,0.5946146
1,0,0.50061864,0.69314647,0.0012372732
1,0,0.96219677,0.16089879,0.92439353
0,1,0.75015056,0.5621697,0.5003011
1,0,0.94075954,0.22487244,0.8815191
1,0,0.729143,0.5841093,0.45828608
0,1,0.57750094,0.6810858,0.15500188
1,1,0.8476999,0.42667824,0.69539976
1,1,0.99967647,0.0029234677,0.99935293
1,0,0.82190454,0.46849322,0.6438091
1,0,0.56162184,0.6855333,0.12324369
1,1,0.9994267,0.004852137,0.99885345
0,1,0.6422499,0.65211266,0.28449976
1,1,0.99952686,0.004095457,0.9990537
1,0,0.58704966,0.6779144,0.17409933
0,1,0.8114447,0.48412132,0.6228894
0,0,0.5260868,0.6917855,0.052173585
1,0,0.7760575,0.5318528,0.55211496
1,0,0.97069126,0.13233103,0.9413825
1,1,0.9997038,0.0027024266,0.99940765
1,1,0.81181127,0.4835859,0.62362254
0,1,0.99975795,0.0022574547,0.9995159
1,1,0.9994267,0.004852137,0.99885345
1,0,0.79296875,0.50999665,0.5859375
1,1,0.9994492,0.004683977,0.9988984
1,0,0.553372,0.6874392,0.10674402
1,1,0.9997458,0.0023583944,0.9994916
1,0,0.9772896,0.10840776,0.95457923
0,1,0.7926615,0.510409,0.585323
0,1,0.8127592,0.48219723,0.62551844
1,1,0.8116694,0.48379323,0.6233388
0,1,0.7998688,0.50058424,0.59973764
1,0,0.9429235,0.2188465,0.885847
0,1,0.61091274,0.66833806,0.22182548
0,1,0.55972534,0.6859959,0.11945069
0,1,0.76694983,0.54293567,0.53389966
1,1,0.9997038,0.0027024266,0.99940765
1,0,0.7079231,0.6040008,0.41584623
0,1,0.8164288,0.4767657,0.63285756
1,1,0.81653684,0.4766044,0.6330737
1,0,0.9430491,0.21849409,0.88609815
0,1,0.77237004,0.53639674,0.5447401
1,1,0.9998399,0.0015592983,0.9996798
1,1,0.6331428,0.6572618,0.26628566
1,1,0.8139046,0.4805115,0.62780917
0,1,0.81315523,0.48161533,0.62631047
1,0,0.94215167,0.22100559,0.88430333
1,0,0.8702412,0.38592792,0.74048245
1,1,0.99971455,0.0026150658,0.9994291
1,0,0.7493675,0.563029,0.49873498
1,0,0.941264,0.2234754,0.88252795
0,1,0.7879799,0.5166209,0.5759598
0,1,0.81161976,0.48386574,0.6232395
0,1,0.54337096,0.68938035,0.086741924
0,0,0.94416744,0.21534325,0.8883349
0,1,0.81683135,0.4761644,0.6336627
1,0,0.5121597,0.6928514,0.02431941
0,1,0.80290216,0.49635276,0.6058043
1,1,0.9996226,0.0033522039,0.99924517
0,1,0.54627275,0.68885875,0.09254551
1,0,0.5121597,0.6928514,0.02431941
1,1,0.9996691,0.0029827768,0.99933815
0,1,0.6212352,0.6634562,0.24247038
1,1,0.8412684,0.43756056,0.68253684
1,1,0.81632423,0.47692168,0.63264847
0,1,0.5689013,0.6836221,0.1378026
1,0,0.99659455,0.022750791,0.9931891
0,1,0.5997137,0.67312765,0.19942737
0,1,0.81141627,0.4841628,0.62283254
0,1,0.80387205,0.49498755,0.6077441
0,1,0.7971335,0.50435066,0.594267
0,1,0.7173076,0.59547824,0.43461525
0,0,0.9547612,0.18425003,0.9095224
0,1,0.82994866,0.4559676,0.6598973
1,1,0.8133997,0.4812557,0.62679935
0,1,0.80791855,0.48922706,0.6158371
0,1,0.7896812,0.5143788,0.5793624
0,1,0.9997788,0.0020828324,0.9995576
0,1,0.78545153,0.51992106,0.57090306
1,1,0.9997522,0.00230503,0.99950445
0,0,0.9514785,0.19413866,0.90295696
1,0,0.84961313,0.42337954,0.69922626
0,1,0.8399475,0.4397569,0.67989504
0,1,0.72026956,0.5926986,0.44053912
0,0,0.94541943,0.21178775,0.89083886
1,1,0.7969947,0.50454056,0.5939894
0,1,0.8130809,0.48172468,0.6261618
1,0,0.6279218,0.6600525,0.25584364
0,1,0.81379944,0.4806666,0.6275989
1,0,0.5121597,0.6928514,0.02431941
1,0,0.7079231,0.6040008,0.41584623
1,0,0.993912,0.037127137,0.98782396
0,1,0.62077403,0.6636839,0.24154806
1,0,0.97441125,0.119056776,0.9488225
0,0,0.5252657,0.6918699,0.050531417
1,0,0.53219545,0.69107264,0.06439087
1,1,0.5304991,0.6912856,0.0609982
1,0,0.50061864,0.69314647,0.0012372732
0,1,0.5194187,0.6923928,0.038837433
1,1,0.8237516,0.46565676,0.64750326
1,0,0.9429972,0.21863961,0.88599443
1,0,0.93647015,0.23657155,0.8729403
1,0,0.61560977,0.6661725,0.23121953
0,0,0.61707735,0.6654768,0.23415473
0,1,0.79913837,0.5015946,0.59827673
1,0,0.9499974,0.19852279,0.89999485
1,0,0.7760575,0.5318528,0.55211496
1,0,0.9687745,0.1389767,0.937549
1,0,0.5904906,0.6766795,0.18098113
0,1,0.80991256,0.48634976,0.6198251
0,1,0.6329826,0.65734917,0.26596522
1,1,0.80238265,0.49708158,0.6047653
0,0,0.8762394,0.37435132,0.75247884
1,1,0.5415037,0.6896981,0.083007455
1,1,0.80317557,0.49596852,0.60635114
0,1,0.5021046,0.6931383,0.004209161
0,1,0.81943804,0.47224453,0.6388761
1,0,0.938264,0.23171766,0.876528
0,1,0.5616055,0.68553734,0.123211026
0,0,0.95564735,0.18153854,0.9112947
1,0,0.96247035,0.16001214,0.9249407
1,1,0.77865356,0.52860683,0.5573071
0,1,0.7738286,0.5346086,0.54765725
0,1,0.77748877,0.53006804,0.55497754
1,0,0.5578915,0.68642926,0.11578295
1,0,0.88656217,0.35364312,0.77312434
0,0,0.6706778,0.6336976,0.34135553
1,1,0.9995078,0.0042410973,0.99901557
1,1,0.63418317,0.65669173,0.26836634
0,1,0.8235646,0.46594507,0.6471292
1,0,0.7965499,0.50514823,0.59309983
0,1,0.847439,0.42712584,0.694878
1,1,0.99971455,0.0026150658,0.9994291
0,1,0.8110463,0.48470226,0.6220926
0,0,0.8844235,0.35801786,0.768847
0,1,0.7964527,0.50528085,0.5929054
1,0,0.9148546,0.29115984,0.8297092
1,0,0.9953029,0.029866332,0.99060583
1,1,0.99971455,0.0026150658,0.9994291
0,1,0.7778863,0.5295702,0.55577254
1,0,0.5121597,0.6928514,0.02431941
1,1,0.99980146,0.0018910047,0.9996029
0,1,0.7706746,0.53845996,0.5413492
1,1,0.799487,0.50111276,0.598974
1,0,0.99134207,0.04973932,0.98268414
1,1,0.9033204,0.3177255,0.80664074
1,0,0.9912671,0.050094444,0.98253417
1,1,0.9994492,0.004683977,0.9988984
0,1,0.59094995,0.67651093,0.1818999
1,0,0.6289848,0.6594938,0.25796965
1,1,0.52796376,0.69158244,0.055927515
1,1,0.8115792,0.48392493,0.62315845
1,1,0.81123173,0.48443198,0.62246346
1,1,0.9997212,0.0025605056,0.99944246
1,0,0.9681567,0.14109239,0.9363134
1,1,0.9996691,0.0029827768,0.99933815
0,1,0.7835467,0.52238226,0.5670934
0,1,0.94173497,0.22216676,0.88346994
0,1,0.75362396,0.5583187,0.5072479
1,0,0.6189668,0.6645677,0.23793367
0,1,0.9480311,0.20427215,0.89606225
1,1,0.63418317,0.65669173,0.26836634
1,1,0.81159544,0.48390126,0.6231909
1,1,0.81153965,0.48398274,0.6230793
1,0,0.9903123,0.054561555,0.98062456
1,0,0.7782108,0.5291631,0.55642164
1,1,0.9997454,0.0023613544,0.99949086
0,0,0.79869306,0.5022089,0.5973861
0,0,0.8980295,0.32939112,0.796059
0,1,0.812833,0.4820889,0.625666
1,1,0.7904737,0.5133284,0.5809474
1,1,0.8152178,0.47856802,0.6304356
1,0,0.99899215,0.007961564,0.9979843
1,0,0.9774124,0.1079455,0.9548248
0,1,0.7528246,0.55921066,0.5056492
0,0,0.97342956,0.12261074,0.9468591
0,1,0.8150675,0.478791,0.63013506
0,0,0.68348897,0.62421155,0.36697796
0,0,0.8601273,0.4047324,0.72025454
0,1,0.84038323,0.43903387,0.68076646
0,1,0.8025362,0.49686635,0.6050724
0,0,0.68788016,0.6207863,0.37576032
1,0,0.9564236,0.17914823,0.91284716
1,0,0.64988863,0.64751554,0.29977724
0,0,0.95459795,0.18474752,0.9091959
0,1,0.7775792,0.52995485,0.5551584
0,1,0.80740505,0.4899639,0.6148101
1,0,0.7493675,0.563029,0.49873498
0,1,0.80063146,0.4995258,0.6012629
1,0,0.9394043,0.22860348,0.8788086
0,1,0.7777492,0.529742,0.55549836
0,0,0.94564736,0.21113722,0.8912947
0,1,0.8016344,0.49812835,0.60326874
1,0,0.98787546,0.06555055,0.9757509
0,1,0.7567271,0.5548233,0.5134542
1,1,0.57280374,0.6825086,0.14560747
0,1,0.53298694,0.69096935,0.06597388
0,0,0.9081147,0.30687818,0.81622934
0,1,0.7591948,0.5520063,0.5183896
0,1,0.5500089,0.68813705,0.100017786
0,0,0.95988065,0.16832326,0.9197613
1,0,0.9753755,0.115528345,0.95075095
1,0,0.94298506,0.21867378,0.8859701
1,1,0.63418317,0.65669173,0.26836634
0,1,0.5428016,0.68947875,0.08560324
0,1,0.7919235,0.51139694,0.58384705
1,1,0.9994267,0.004852137,0.99885345
0,1,0.80033344,0.49993983,0.6006669
1,0,0.65235114,0.64597905,0.3047023
1,1,0.999527,0.0040945443,0.99905396
1,1,0.8130414,0.48178273,0.6260828
1,1,0.9995751,0.0037237543,0.99915016
1,0,0.9050206,0.31390947,0.8100412
0,1,0.7986323,0.5022926,0.59726465
1,1,0.83448607,0.44870114,0.66897213
0,1,0.8140124,0.48035234,0.6280248
1,0,0.5121597,0.6928514,0.02431941
1,1,0.999597,0.0035528964,0.999194
1,0,0.8082304,0.4887788,0.6164608
0,0,0.9521164,0.19223593,0.90423274
1,0,0.53219545,0.69107264,0.06439087
1,1,0.99940705,0.0049986076,0.9988141
1,1,0.8116606,0.4838061,0.6233212
0,1,0.78956527,0.5145321,0.57913053
1,1,0.9997454,0.0023613544,0.99949086
1,0,0.9906709,0.05289542,0.98134184
1,0,0.97117877,0.13062052,0.94235754
1,0,0.9425767,0.219818,0.8851534
1,0,0.97117877,0.13062052,0.94235754
0,1,0.6038407,0.6714236,0.20768142
0,0,0.966738,0.14590451,0.933476
1,1,0.5303713,0.6913012,0.060742617
0,1,0.8139964,0.480376,0.62799275
0,1,0.57266325,0.68254983,0.1453265
1,0,0.99389184,0.037229616,0.9877837
1,1,0.94692343,0.20747626,0.89384687
1,0,0.6563275,0.64344144,0.312655
0,1,0.76447475,0.54586685,0.5289495
1,1,0.99998915,0.00013485769,0.9999783
0,0,0.621793,0.6631795,0.24358594
1,0,0.989263,0.05936137,0.978526
1,0,0.64012754,0.65334475,0.28025508
0,0,0.9138137,0.29362428,0.8276274
0,0,0.9430781,0.21841264,0.8861562
0,1,0.79446256,0.50798374,0.5889251
1,1,0.99971455,0.0026150658,0.9994291
1,0,0.9424799,0.22008878,0.8849598
1,1,0.8157249,0.47781447,0.6314498
1,1,0.99969697,0.002758036,0.99939394
1,0,0.7234936,0.58962345,0.44698715
1,1,0.81292224,0.48195782,0.6258445
1,1,0.5824356,0.67949367,0.16487122
1,0,0.53219545,0.69107264,0.06439087
1,0,0.58448356,0.67880356,0.16896713
0,1,0.6339552,0.6568171,0.26791036
0,0,0.949954,0.19865079,0.89990795
1,0,0.9774124,0.1079455,0.9548248
1,0,0.7833792,0.5225976,0.5667584
1,0,0.95943797,0.16972621,0.91887593
1,0,0.9565938,0.1786221,0.9131876
0,1,0.81397885,0.48040187,0.6279577
1,0,0.82148725,0.4691308,0.6429745
1,0,0.50061864,0.69314647,0.0012372732
0,0,0.96796596,0.14174311,0.9359319
0,1,0.8155093,0.47813505,0.63101864
0,1,0.81580436,0.47769627,0.6316087
1,0,0.9213017,0.2755786,0.84260345
0,1,0.80468017,0.49384546,0.60936034
1,0,0.9706584,0.13244599,0.94131684
0,0,0.64483607,0.6505848,0.28967217
1,0,0.9954383,0.029139236,0.99087656
1,1,0.5688042,0.68364906,0.13760841
1,0,0.9711221,0.13081971,0.9422442
1,0,0.9687745,0.1389767,0.937549
0,0,0.93691367,0.23537657,0.87382734
1,0,0.9421498,0.22101076,0.88429964
0,1,0.8154847,0.47817165,0.6309694
1,0,0.993912,0.037127137,0.98782396
1,0,0.6088624,0.66925424,0.21772477
0,1,0.7173076,0.59547824,0.43461525
1,0,0.9235427,0.27003047,0.84708536
1,1,0.9992459,0.006175913,0.99849176
0,1,0.8056556,0.49246144,0.6113112
1,0,0.63123584,0.6582947,0.2624717
0,1,0.8083969,0.48853916,0.61679375
1,1,0.9996691,0.0029827768,0.99933815
0,0,0.9515038,0.19406328,0.9030076
1,1,0.99973804,0.0024224133,0.9994761
1,0,0.96247035,0.16001214,0.9249407
0,1,0.82240874,0.46772128,0.6448175
1,0,0.9932165,0.04063213,0.986433
1,1,0.8114904,0.4840546,0.62298083
0,0,0.9387932,0.23027529,0.87758636
0,1,0.94283855,0.21908464,0.8856771
0,0,0.9671689,0.14444949,0.93433785
1,0,0.9961141,0.025446765,0.99222815
1,0,0.98956215,0.058003936,0.9791243
0,0,0.932428,0.24731272,0.864856
0,1,0.81315166,0.4816206,0.6263033
1,1,0.8165505,0.47658402,0.633101
1,0,0.970734,0.13218138,0.941468
1,0,0.6301043,0.65890014,0.26020864
0,1,0.81331414,0.4813816,0.6266283
1,0,0.7079231,0.6040008,0.41584623
0,1,0.78483784,0.5207163,0.5696757
1,1,0.99969006,0.0028139718,0.9993801
1,0,0.5613935,0.6855898,0.12278697
0,1,0.8131358,0.48164392,0.6262716
1,0,0.8017874,0.4979146,0.60357475
0,0,0.9637256,0.15591754,0.92745125
1,0,0.9654643,0.15017137,0.9309286
0,0,0.55895174,0.68618035,0.1179035
0,0,0.92954355,0.25481802,0.8590871
0,0,0.7773355,0.5302597,0.55467105
1,0,0.9953948,0.029372953,0.99078965
0,1,0.7349985,0.5782236,0.46999705
1,0,0.993912,0.037127137,0.98782396
0,0,0.5249193,0.6919048,0.049838573
1,1,0.8071448,0.49033663,0.61428964
1,1,0.8116303,0.48385036,0.6232606
0,1,0.7848354,0.52071947,0.5696708
1,1,0.8024889,0.49693263,0.60497785
1,0,0.9978343,0.01544986,0.99566865
0,0,0.5884694,0.67741084,0.17693874
1,0,0.58938575,0.67708135,0.1787715
1,0,0.99046135,0.053870723,0.9809227
0,0,0.56186724,0.68547237,0.123734444
1,0,0.553372,0.6874392,0.10674402
1,0,0.5121597,0.6928514,0.02431941
0,1,0.814852,0.47911054,0.629704
1,1,0.81153584,0.48398834,0.6230717
0,1,0.83084375,0.4545458,0.6616875
0,1,0.74760544,0.5649506,0.4952109
1,0,0.64679694,0.6494069,0.2935939
0,1,0.828519,0.4582268,0.657038
0,0,0.63153094,0.6581359,0.26306188
0,0,0.94440514,0.21467052,0.8888103
1,0,0.85623455,0.41174042,0.7124691
1,0,0.88685876,0.3530329,0.7737175
1,0,0.9684251,0.14017478,0.9368502
1,1,0.52796376,0.69158244,0.055927515
0,1,0.5997136,0.6731276,0.19942725
0,1,0.8042089,0.49451202,0.60841775
0,0,0.9332296,0.24520364,0.86645925
0,0,0.94900477,0.2014353,0.89800954
1,0,0.98238385,0.08861059,0.9647677
1,0,0.92394173,0.2690351,0.84788346
1,1,0.9997372,0.002429294,0.9994744
0,1,0.8004216,0.4998174,0.6008432
0,1,0.5599583,0.68593985,0.11991656
0,1,0.7725913,0.53612626,0.5451826
0,1,0.7990894,0.50166225,0.59817874
1,0,0.9917859,0.047623724,0.98357177
0,1,0.8158972,0.47755802,0.63179445
0,0,0.9491187,0.20110208,0.89823735
1,0,0.84735954,0.427262,0.6947191
0,1,0.78338206,0.522594,0.5667641
0,1,0.77724963,0.530367,0.55449927
0,1,0.8409429,0.438103,0.68188584
1,1,0.8129419,0.48192894,0.6258838
1,1,0.9995252,0.0041082306,0.9990504
1,1,0.65360445,0.6451868,0.3072089
1,0,0.95043737,0.19722539,0.90087473
0,0,0.7378715,0.5752715,0.4757431
1,0,0.9741804,0.1198958,0.9483608
0,1,0.6258377,0.66113377,0.25167537
1,1,0.99977905,0.0020808259,0.9995581
1,1,0.9992817,0.005917513,0.9985634
0,1,0.7891542,0.5150752,0.57830834
0,1,0.5237566,0.69201803,0.047513247
1,0,0.67338014,0.6317589,0.3467603
1,0,0.9529726,0.18966784,0.9059452
0,1,0.56126153,0.68562233,0.12252307
1,0,0.6189668,0.6645677,0.23793367
0,1,0.7763559,0.5314816,0.55271184
0,1,0.81296635,0.48189303,0.6259327
1,0,0.64988863,0.64751554,0.29977724
0,0,0.5213081,0.6922388,0.042616248
1,0,0.54327035,0.6893978,0.0865407
0,1,0.80029505,0.49999312,0.6005901
0,1,0.5995149,0.6732079,0.1990298
1,1,0.5683812,0.6837658,0.13676238
1,0,0.67024684,0.6340037,0.3404937
0,1,0.815383,0.47832268,0.63076603
1,0,0.60779214,0.6697255,0.21558425
0,1,0.7755383,0.53249717,0.55107665
0,1,0.79865193,0.5022656,0.59730387
1,0,0.99748707,0.017553039,0.99497414
1,1,0.9996613,0.0030447787,0.99932265
0,1,0.8714351,0.3836495,0.7428702
1,0,0.53539824,0.690639,0.07079646
0,0,0.59478253,0.6750705,0.18956506
1,1,0.81295806,0.48190522,0.6259161
0,1,0.7664745,0.5435013,0.532949
1,1,0.8012837,0.49861765,0.60256743
0,1,0.5909499,0.67651093,0.18189979
0,0,0.95104754,0.19541918,0.9020951
0,1,0.7299499,0.5833087,0.45989978
1,0,0.8708723,0.3847251,0.74174464
0,1,0.8169764,0.47594744,0.63395286
1,1,0.59906656,0.67338836,0.19813311
0,1,0.7866353,0.51838064,0.57327056
0,1,0.81238097,0.48275203,0.62476194
0,1,0.5997136,0.6731276,0.19942725
0,0,0.82534105,0.46319723,0.6506821
0,1,0.78269076,0.5234812,0.5653815
1,0,0.6519712,0.6462178,0.30394244
1,0,0.97394764,0.120739736,0.9478953
1,0,0.50061864,0.69314647,0.0012372732
1,0,0.98030627,0.09684477,0.96061254
1,0,0.50061864,0.69314647,0.0012372732
1,0,0.9489146,0.20169882,0.8978292
0,1,0.9516286,0.19369164,0.90325725
1,0,0.96727526,0.14408961,0.9345505
0,1,0.6931657,0.61654425,0.38633144
1,1,0.81470644,0.47932613,0.6294129
1,1,0.53701943,0.6904038,0.07403886
1,0,0.9900425,0.05580602,0.980085
1,0,0.99196357,0.046769902,0.98392713
0,1,0.6167559,0.66563,0.2335118
0,1,0.5819667,0.67964923,0.1639334
1,1,0.9996691,0.0029827768,0.99933815
0,0,0.9072022,0.30896363,0.81440437
1,0,0.7685612,0.54100907,0.53712237
1,1,0.7971592,0.5043155,0.5943184
0,0,0.95118976,0.19499703,0.9023795
0,0,0.94413567,0.21543306,0.88827133
0,1,0.8166159,0.47648638,0.63323176
0,1,0.7923689,0.5108011,0.5847378
1,0,0.98287135,0.08664335,0.9657427
1,0,0.92594606,0.2640012,0.8518921
1,1,0.8112213,0.48444724,0.6224426
0,1,0.8123074,0.48285985,0.62461483
0,1,0.7833795,0.52259725,0.566759
1,1,0.6400283,0.6534019,0.2800566
1,1,0.8199833,0.4714188,0.6399666
0,1,0.77650726,0.5312932,0.5530145
1,1,0.99948716,0.0043977397,0.9989743
0,1,0.60815,0.6695684,0.21630001
1,0,0.9499974,0.19852279,0.89999485
1,0,0.89153326,0.34329763,0.7830665
1,0,0.553372,0.6874392,0.10674402
0,1,0.6212354,0.6634561,0.24247074
1,1,0.8164239,0.476773,0.6328478
0,1,0.8056318,0.49249524,0.61126363
0,1,0.81410027,0.48022258,0.62820053
1,1,0.99967647,0.0029234677,0.99935293
1,0,0.7314075,0.58185387,0.46281508
0,0,0.94934607,0.20043628,0.89869213
1,0,0.9757542,0.11413201,0.9515084
1,0,0.98706126,0.06910621,0.9741225
1,1,0.5234634,0.6920457,0.046926856
1,1,0.5594358,0.6860652,0.11887157
1,1,0.9997522,0.00230503,0.99950445
1,1,0.999371,0.0052654576,0.998742
1,1,0.99975854,0.0022524914,0.9995171
0,0,0.9232868,0.27066758,0.8465736
1,0,0.58704966,0.6779144,0.17409933
1,1,0.999759,0.0022485196,0.99951804
1,0,0.9698608,0.13522579,0.9397216
1,0,0.9088108,0.3052806,0.8176216
0,0,0.68789595,0.6207738,0.3757919
0,0,0.63076293,0.65854836,0.26152587
0,1,0.5365052,0.6904795,0.073010445
0,1,0.70861924,0.60338336,0.41723847
0,1,0.8032474,0.4958675,0.6064948
0,1,0.8132019,0.48154676,0.6264038
1,1,0.99948716,0.0043977397,0.9989743
1,0,0.9757542,0.11413201,0.9515084
0,1,0.9997788,0.0020828324,0.9995576
1,1,0.79698807,0.5045496,0.59397614
1,1,0.8140287,0.48032832,0.62805736
0,1,0.8202009,0.4710887,0.64040184
0,0,0.61457217,0.6666589,0.22914436
0,1,0.7999193,0.50051427,0.5998386
0,1,0.80222565,0.4973015,0.6044513
0,0,0.9660189,0.1483195,0.93203783
1,0,0.6458663,0.649968,0.29173252
0,1,0.7536641,0.5582738,0.50732815
1,0,0.9950322,0.031308442,0.9900644
0,1,0.8016261,0.49813992,0.6032522
0,1,0.7313341,0.5819274,0.46266818
1,1,0.94166625,0.22235797,0.8833325
1,0,0.993912,0.037127137,0.98782396
1,1,0.8185768,0.4735447,0.6371536
0,1,0.7626602,0.54799414,0.5253204
0,1,0.80508643,0.49326974,0.61017287
0,1,0.7998791,0.50057,0.59975815
0,1,0.89136297,0.3436562,0.78272593
1,0,0.94210637,0.22113197,0.88421273
1,1,0.7997798,0.5007076,0.59955955
1,0,0.53219545,0.69107264,0.06439087
0,1,0.7410714,0.57193327,0.4821428
0,1,0.9205847,0.27733904,0.84116936
0,0,0.7319494,0.5813103,0.46389878
0,1,0.59948653,0.6732193,0.19897306
1,1,0.9997008,0.0027271076,0.99940157
1,1,0.9995078,0.0042410973,0.99901557
0,1,0.81326294,0.48145694,0.6265259
1,0,0.5613935,0.6855898,0.12278697
0,1,0.761822,0.5489707,0.523644
0,0,0.52091336,0.6922722,0.041826695
0,1,0.80282086,0.49646693,0.6056417
0,1,0.7615151,0.5493272,0.52303016
1,0,0.97364897,0.12181958,0.94729793
1,1,0.8115387,0.4839841,0.6230774
1,1,0.99933964,0.005495776,0.9986793
1,1,0.9995284,0.0040835906,0.9990568
0,0,0.873865,0.3789729,0.74773
1,1,0.61738133,0.66533154,0.23476267
1,0,0.9888509,0.06121754,0.9777018
0,1,0.9997788,0.0020828324,0.9995576
1,0,0.9906709,0.05289542,0.98134184
1,1,0.8151576,0.47865736,0.6303152
0,0,0.6304189,0.65873235,0.26083776
1,1,0.9952029,0.030400867,0.9904058
0,1,0.5462726,0.68885875,0.09254515
0,1,0.8101146,0.48605672,0.62022924
0,1,0.82107735,0.46975595,0.6421547
1,1,0.63418317,0.65669173,0.26836634
1,0,0.994746,0.03281706,0.98949206
0,0,0.57175934,0.6828127,0.14351872
1,1,0.9997008,0.0027271076,0.99940157
1,1,0.9857992,0.07451621,0.9715984
0,0,0.9461479,0.20970486,0.89229584
0,1,0.81039613,0.48564804,0.62079227
1,0,0.5121597,0.6928514,0.02431941
1,1,0.7972585,0.5041796,0.594517
0,1,0.59906656,0.67338836,0.19813311
1,1,0.8116803,0.48377728,0.62336063
1,0,0.9868158,0.07016772,0.9736316
0,1,0.56890094,0.68362224,0.13780189
1,1,0.999371,0.0052654576,0.998742
0,1,0.8201288,0.47119814,0.6402576
1,0,0.941733,0.22217219,0.883466
1,0,0.5121597,0.6928514,0.02431941
1,0,0.5121597,0.6928514,0.02431941
1,1,0.8114522,0.48411036,0.6229044
0,1,0.81640327,0.47680378,0.63280654
1,0,0.98551804,0.07570548,0.9710361
1,1,0.81442356,0.4797448,0.6288471
0,1,0.82655644,0.4613046,0.6531129
0,1,0.81260616,0.48242188,0.6252123
0,0,0.9502048,0.19791184,0.9004096
0,1,0.8115527,0.48396367,0.6231054
1,1,0.81544816,0.47822592,0.63089633
1,0,0.6189668,0.6645677,0.23793367
0,0,0.9394984,0.22834544,0.87899685
1,0,0.9499176,0.1987578,0.8998352
0,0,0.93150556,0.24972698,0.8630111
1,0,0.9933144,0.040143453,0.9866288
1,0,0.7785176,0.52877784,0.5570352
1,1,0.7975105,0.5038343,0.595021
1,0,0.9383117,0.23158792,0.8766234
0,1,0.7983254,0.5027151,0.59665084
0,1,0.79861885,0.5023111,0.5972377
0,1,0.6762821,0.6296402,0.35256422
0,0,0.8504884,0.42186093,0.70097685
0,1,0.7354507,0.57776177,0.47090137
0,1,0.8381339,0.44275144,0.67626774
1,0,0.61602867,0.66597486,0.23205733
0,0,0.66242015,0.6394172,0.3248403
0,0,0.95112514,0.19518885,0.9022503
0,1,0.7038959,0.6075271,0.40779185
0,0,0.7103524,0.60183585,0.42070484
1,0,0.920138,0.2784322,0.840276
0,1,0.80083555,0.49924195,0.6016711
0,1,0.811605,0.48388737,0.62320995
1,0,0.9772896,0.10840776,0.95457923
0,1,0.81456184,0.47954023,0.6291237
0,1,0.9997788,0.0020828324,0.9995576
0,1,0.8200288,0.47134984,0.64005756
1,1,0.8161038,0.47725034,0.63220763
1,1,0.9997212,0.0025605056,0.99944246
1,0,0.94418734,0.21528691,0.8883747
1,1,0.81449085,0.47964525,0.6289817
1,1,0.9996755,0.0029311301,0.999351
0,1,0.616979,0.6655237,0.233958
1,1,0.999597,0.0035528964,0.999194
1,0,0.9428769,0.21897717,0.88575375
1,1,0.81440043,0.479779,0.62880087
1,1,0.5953715,0.6748438,0.19074297
1,0,0.92975056,0.25428373,0.8595011
1,0,0.5578915,0.68642926,0.11578295
1,1,0.9995864,0.0036356852,0.9991728
0,0,0.5446528,0.68915415,0.08930564
1,1,0.8179352,0.47451,0.63587046
1,1,0.8113654,0.48423702,0.62273085
0,1,0.7639943,0.5464319,0.52798855
0,0,0.63085014,0.6585017,0.26170027
1,0,0.94243914,0.22020276,0.8848783
0,1,0.8404511,0.4389211,0.68090224
1,0,0.9315353,0.24964936,0.8630706
0,1,0.9997788,0.0020828324,0.9995576
0,0,0.967206,0.14432411,0.934412
0,0,0.9429353,0.2188134,0.8858706
0,1,0.8381761,0.44268203,0.67635214
0,0,0.68094337,0.62615633,0.36188677
1,1,0.66408557,0.63828826,0.32817113
1,1,0.80131936,0.49856794,0.6026387
1,1,0.9996755,0.0029311301,0.999351
0,0,0.9399613,0.22707398,0.8799226
1,1,0.5415037,0.6896981,0.083007455
1,1,0.80684084,0.49077147,0.6136817
0,1,0.812719,0.4822563,0.625438
0,0,0.90445405,0.31518477,0.8089081
0,1,0.8027447,0.49657387,0.6054894
1,0,0.97394764,0.120739736,0.9478953
0,1,0.81649005,0.47667426,0.6329801
0,1,0.5865791,0.6780795,0.17315817
0,1,0.8040384,0.49475276,0.6080768
1,1,0.7850919,0.5203874,0.57018375
0,1,0.7567461,0.5548017,0.5134922
1,1,0.8152732,0.47848573,0.63054645
1,0,0.9297097,0.25438926,0.85941935
0,1,0.6368706,0.6551975,0.27374125
1,1,0.8240151,0.4652503,0.64803016
0,0,0.9751914,0.1162048,0.9503828
0,1,0.8153127,0.47842717,0.63062537
1,0,0.6466485,0.6494967,0.29329705
0,1,0.7589985,0.55223155,0.517997
1,1,0.81153136,0.48399484,0.62306273
0,1,0.8022379,0.4972843,0.60447586
0,1,0.8131067,0.4816867,0.62621343
0,0,0.95467496,0.18451294,0.9093499
0,0,0.97151893,0.12942195,0.94303787
0,1,0.9997105,0.0026481154,0.999421
0,1,0.7893309,0.51484185,0.5786618
1,1,0.7817745,0.52465284,0.56354904
1,0,0.9382075,0.23187144,0.876415
0,1,0.8157691,0.47774875,0.63153815
1,1,0.81668603,0.47638157,0.63337207
1,0,0.978678,0.10314042,0.957356
1,0,0.61560977,0.6661725,0.23121953
1,1,0.63418317,0.65669173,0.26836634
1,0,0.8952254,0.33544892,0.7904508
0,0,0.52172077,0.6922033,0.043441564
1,0,0.93761927,0.23346856,0.87523854
0,1,0.79001725,0.51393384,0.5800345
0,1,0.71156,0.60074896,0.42312002
1,0,0.6189668,0.6645677,0.23793367
1,0,0.96316403,0.15775485,0.92632806
1,0,0.9453873,0.2118793,0.8907746
0,1,0.81610066,0.47725505,0.6322013
1,0,0.94619805,0.20956126,0.8923961
1,1,0.8933414,0.33947176,0.78668284
1,0,0.553372,0.6874392,0.10674402
0,1,0.78111964,0.5254872,0.5622393
1,0,0.9383117,0.23158792,0.8766234
0,0,0.9516311,0.19368413,0.90326226
1,1,0.8131733,0.48158878,0.6263466
1,1,0.99963,0.003293877,0.99925995
1,1,0.8131141,0.48167583,0.6262282
1,0,0.9453873,0.2118793,0.8907746
1,0,0.9227709,0.2719491,0.84554183
0,1,0.5873671,0.6778025,0.17473423
1,1,0.7971257,0.50436133,0.5942514
0,0,0.54885435,0.68836606,0.09770867
0,1,0.8025717,0.49681652,0.6051434
0,1,0.7721741,0.536636,0.54434824
1,0,0.50061864,0.69314647,0.0012372732
1,0,0.65226257,0.6460347,0.30452517
1,1,0.8164272,0.47676814,0.63285434
1,1,0.99954945,0.0039219665,0.9990989
0,1,0.7762474,0.5316167,0.55249476
1,0,0.97441125,0.119056776,0.9488225
1,1,0.817313,0.47544354,0.63462603
1,0,0.92975056,0.25428373,0.8595011
0,1,0.77881414,0.5284048,0.5576283
0,0,0.95115685,0.1950948,0.9023137
0,1,0.8013642,0.49850544,0.60272837
1,1,0.99970776,0.0026704404,0.9994155
0,1,0.8149632,0.47894567,0.62992644
1,1,0.7986191,0.5023108,0.5972382
1,0,0.6088624,0.66925424,0.21772477
1,1,0.8120474,0.48324054,0.62409484
1,0,0.97069126,0.13233103,0.9413825
0,1,0.95700586,0.17734565,0.9140117
0,1,0.812031,0.48326457,0.62406194
0,0,0.9497901,0.19913282,0.89958024
1,1,0.99967647,0.0029234677,0.99935293
1,1,0.99952686,0.004095457,0.9990537
1,1,0.7819978,0.52436775,0.5639956
0,1,0.81452596,0.47959328,0.6290519
1,0,0.94196975,0.22151297,0.8839395
1,1,0.7717585,0.53714275,0.543517
1,0,0.68575674,0.6224538,0.3715135
0,1,0.8015385,0.49826217,0.60307705
0,1,0.8142628,0.4799825,0.6285256
0,1,0.800409,0.4998349,0.60081804
1,1,0.9995078,0.0042410973,0.99901557
1,0,0.67024684,0.6340037,0.3404937
1,0,0.5613935,0.6855898,0.12278697
0,1,0.81664526,0.4764425,0.6332905
0,0,0.949551,0.19983518,0.899102
0,1,0.8113602,0.48424467,0.62272036
1,0,0.7234936,0.58962345,0.44698715
1,0,0.9402959,0.2261526,0.88059175
1,1,0.81282943,0.48209414,0.62565887
0,1,0.5237566,0.69201803,0.047513247
0,1,0.5503789,0.6880625,0.10075784
0,1,0.7518596,0.56028295,0.5037192
1,1,0.9083443,0.3063518,0.81668866
1,1,0.8011313,0.49883008,0.6022626
1,0,0.9918957,0.047096558,0.98379135
1,1,0.51895976,0.69242805,0.03791952
0,1,0.80814314,0.48890427,0.6162863
1,0,0.98885995,0.061176885,0.9777199
0,0,0.9212645,0.27567005,0.84252906
1,1,0.63418317,0.65669173,0.26836634
1,1,0.60427374,0.67124075,0.20854747
0,1,0.70252806,0.6087071,0.40505612
0,0,0.6382191,0.654436,0.27643827
0,0,0.95484257,0.18400177,0.90968513
0,0,0.58886266,0.6772698,0.17772534
1,0,0.5121597,0.6928514,0.02431941
1,0,0.871391,0.38373387,0.742782
1,0,0.86794126,0.39028165,0.7358825
0,1,0.5058214,0.69307935,0.011642814
0,1,0.7888096,0.51552963,0.5776192
1,0,0.94293606,0.21881121,0.8858721
1,1,0.8116611,0.48380533,0.62332225
0,1,0.81292886,0.48194814,0.6258577
1,1,0.99952686,0.004095457,0.9990537
1,1,0.81206876,0.4832093,0.6241375
1,1,0.9995078,0.0042410973,0.99901557
0,1,0.8207597,0.47023952,0.6415194
1,1,0.9997385,0.00241848,0.999477
1,1,0.9997212,0.0025605056,0.99944246
1,1,0.9997309,0.0024813039,0.99946177
0,1,0.8080822,0.48899186,0.61616445
1,1,0.8117582,0.48366344,0.62351644
0,1,0.5597541,0.685989,0.11950815
0,1,0.81467247,0.47937644,0.62934494
1,0,0.7960863,0.50578034,0.5921726
1,0,0.9429972,0.21863961,0.88599443
0,1,0.59906656,0.67338836,0.19813311
1,1,0.99978155,0.0020597395,0.9995631
1,0,0.5578915,0.68642926,0.11578295
1,0,0.9754746,0.11516342,0.9509492
1,1,0.6946032,0.6153679,0.3892064
1,0,0.6962588,0.614001,0.39251754
0,1,0.814061,0.48028064,0.628122
0,1,0.8016589,0.49809402,0.60331786
1,0,0.6990307,0.61168337,0.3980614
0,1,0.80177,0.49793893,0.60353994
1,0,0.58704966,0.6779144,0.17409933
0,1,0.5907215,0.67659485,0.18144298
1,1,0.99961394,0.0034202253,0.9992279
0,1,0.80995566,0.48628727,0.6199113
0,1,0.80443186,0.49419686,0.6088637
0,1,0.5548411,0.68711996,0.1096822
0,0,0.93314976,0.24541423,0.8662995
1,1,0.9997458,0.0023583944,0.9994916
0,1,0.81295013,0.48191684,0.62590027
0,0,0.9496901,0.19942673,0.8993802
0,1,0.7772791,0.53033024,0.55455816
1,0,0.993912,0.037127137,0.98782396
1,1,0.60641485,0.6703248,0.21282971
1,1,0.7985147,0.5024546,0.59702945
1,0,0.920138,0.2784322,0.840276
0,0,0.95476884,0.18422675,0.9095377
0,1,0.821745,0.46873716,0.64348996
1,1,0.80074793,0.4993638,0.60149586
0,1,0.8140429,0.48030728,0.62808585
1,1,0.8126531,0.48235297,0.62530625
0,1,0.787502,0.5172476,0.575004
0,1,0.8131244,0.48166066,0.62624884
0,1,0.76047224,0.55053496,0.5209445
1,0,0.9499974,0.19852279,0.89999485
1,1,0.9996971,0.0027570701,0.9993942
0,1,0.7973148,0.5041024,0.59462965
0,1,0.5686009,0.6837052,0.13720179
1,0,0.97069126,0.13233103,0.9413825
1,0,0.58704966,0.6779144,0.17409933
1,1,0.811391,0.4841997,0.622782
0,1,0.84285575,0.43490392,0.6857115
0,1,0.76525885,0.54494196,0.5305177
1,1,0.56914276,0.683555,0.13828552
0,1,0.83240646,0.45204985,0.6648129
1,1,0.8113038,0.48432696,0.6226076
1,0,0.81475145,0.47925952,0.6295029
1,0,0.9435732,0.21702047,0.88714635
0,1,0.8228807,0.46699715,0.6457614
1,0,0.90333384,0.3176954,0.8066677
1,0,0.993912,0.037127137,0.98782396
0,1,0.6212351,0.66345626,0.24247015
1,0,0.7960863,0.50578034,0.5921726
1,1,0.5415037,0.6896981,0.083007455
0,1,0.56419724,0.6848818,0.12839448
1,1,0.93155295,0.2496033,0.8631059
0,1,0.76158756,0.5492431,0.5231751
0,1,0.7379684,0.57517123,0.47593677
0,1,0.8330107,0.45108014,0.66602135
1,0,0.5121597,0.6928514,0.02431941
1,0,0.8771921,0.37248248,0.75438416
0,1,0.7894335,0.5147063,0.57886696
0,0,0.528808,0.6914865,0.057616025
1,1,0.60427374,0.67124075,0.20854747
0,0,0.9438369,0.21627682,0.88767385
0,1,0.8147155,0.47931272,0.629431
1,1,0.99961394,0.0034202253,0.9992279
1,0,0.67338014,0.6317589,0.3467603
1,0,0.93981194,0.22748463,0.8796239
1,1,0.81148076,0.48406872,0.6229615
1,0,0.79143375,0.51205087,0.5828675
0,1,0.79433453,0.50815684,0.58866906
1,1,0.99971455,0.0026150658,0.9994291
0,0,0.5536209,0.6873857,0.10724175
1,1,0.53486615,0.69071394,0.06973231
1,1,0.78767234,0.5170244,0.5753447
0,1,0.8162992,0.47695902,0.6325984
1,1,0.99933964,0.005495776,0.9986793
1,0,0.9495788,0.19975355,0.89915764
1,0,0.6189668,0.6645677,0.23793367
1,0,0.6433945,0.65144014,0.2867889
1,0,0.9772896,0.10840776,0.95457923
0,1,0.80390036,0.4949476,0.6078007
0,1,0.77467644,0.53356373,0.5493529
1,1,0.9993861,0.0051541245,0.99877214
1,1,0.7895765,0.51451725,0.57915294
0,0,0.9649234,0.15196851,0.92984676
0,1,0.81581014,0.47768766,0.6316203
0,1,0.5863509,0.67815924,0.17270184
0,0,0.5914299,0.6763339,0.18285978
1,0,0.6314676,0.65817,0.26293513
1,0,0.993912,0.037127137,0.98782396
1,1,0.8118054,0.48359448,0.62361085
0,0,0.949172,0.20094606,0.89834404
0,0,0.95260483,0.19077283,0.90520966
1,1,0.99983096,0.0016371909,0.9996619
0,0,0.59214044,0.67607003,0.1842809
0,1,0.7525793,0.55948377,0.50515854
1,0,0.98538154,0.07628087,0.9707631
1,0,0.89763504,0.33024848,0.7952701
1,0,0.9352226,0.23991513,0.87044525
1,0,0.5613935,0.6855898,0.12278697
1,0,0.7867035,0.51829165,0.57340705
0,0,0.9503026,0.19762331,0.9006052
0,0,0.9434158,0.21746348,0.88683164
1,1,0.9997372,0.002429294,0.9994744
1,0,0.9633927,0.15700789,0.92678535
0,1,0.6292203,0.65936935,0.2584406
1,1,0.57280374,0.6825086,0.14560747
0,1,0.5686686,0.68368655,0.13733721
1,0,0.94924885,0.20072109,0.8984977
1,0,0.53219545,0.69107264,0.06439087
1,1,0.52796376,0.69158244,0.055927515
0,1,0.80289805,0.49635854,0.6057961
0,1,0.81295484,0.48190993,0.6259097
0,0,0.6668072,0.63641673,0.33361432
0,1,0.99975795,0.0022574547,0.9995159
1,0,0.9744677,0.118851185,0.9489354
1,1,0.99941134,0.004966707,0.9988227
0,1,0.8147673,0.47923604,0.6295346
0,0,0.9475554,0.20565122,0.89511085
1,0,0.9414627,0.22292379,0.8829254
0,1,0.81311685,0.4816718,0.6262337
0,1,0.79972816,0.50077903,0.5994563
1,0,0.97421336,0.11977625,0.9484267
1,0,0.9759712,0.1133291,0.95194244
0,1,0.7875912,0.5171307,0.57518244
1,0,0.9792979,0.10075923,0.95859575
1,1,0.9995252,0.0041082306,0.9990504
1,1,0.81131786,0.4843064,0.6226357
1,1,0.8118577,0.48351806,0.6237154
0,0,0.93302464,0.24574384,0.8660493
1,1,0.99940705,0.0049986076,0.9988141
0,1,0.81300306,0.4818391,0.6260061
1,1,0.99954176,0.003981142,0.9990835
0,0,0.63718164,0.65502256,0.27436325
0,0,0.5016042,0.69314206,0.0032084286
0,1,0.81382555,0.4806281,0.6276511
0,0,0.9451263,0.21262293,0.8902526
0,1,0.7350699,0.57815075,0.47013974
1,0,0.6595259,0.64134943,0.31905177
0,1,0.81694996,0.47598705,0.6338999
1,1,0.8143409,0.47986704,0.6286818
0,1,0.7448112,0.5679642,0.48962235
1,0,0.52619165,0.69177455,0.052383304
1,0,0.6088624,0.66925424,0.21772477
1,1,0.9994267,0.004852137,0.99885345
1,0,0.6527672,0.6457168,0.30553433
0,1,0.52304304,0.6920849,0.046086073
1,1,0.6209786,0.66358304,0.24195719
1,0,0.93478394,0.24108478,0.8695679
1,1,0.81302017,0.4818139,0.62604034
1,1,0.797314,0.50410354,0.594628
0,1,0.8146268,0.47944403,0.6292536
1,1,0.81003845,0.4861672,0.6200769
1,1,0.99954176,0.003981142,0.9990835
0,1,0.8150778,0.47877577,0.63015556
0,1,0.5821966,0.67957306,0.16439319
1,1,0.99969006,0.0028139718,0.9993801
1,1,0.99976677,0.0021838434,0.99953353
0,0,0.7713262,0.53766894,0.54265237
1,0,0.9917479,0.047805533,0.98349583
1,0,0.992894,0.042232864,0.985788
1,0,0.7843092,0.52139956,0.5686184
1,1,0.54150367,0.6896981,0.083007336
1,1,0.99952686,0.004095457,0.9990537
0,0,0.95139915,0.19437474,0.9027983
1,0,0.99701834,0.02031635,0.9940367
0,1,0.8023607,0.49711227,0.6047214
0,1,0.76703584,0.5428332,0.5340717
0,0,0.58470154,0.67872906,0.1694031
0,0,0.6559222,0.64370334,0.31184438
1,1,0.9995252,0.0041082306,0.9990504
1,0,0.6533905,0.64532244,0.30678105
1,1,0.8106322,0.4853049,0.62126446
1,1,0.999724,0.0025380508,0.99944794
0,1,0.8164932,0.47666955,0.6329864
0,1,0.7441026,0.5687219,0.4882052
1,1,0.9994267,0.004852137,0.99885345
0,1,0.6038399,0.671424,0.20767975
0,1,0.81560355,0.47799498,0.6312071
0,1,0.730506,0.5827549,0.461012
1,1,0.8110364,0.48471665,0.6220728
1,1,0.81145525,0.48410594,0.6229105
1,0,0.9498585,0.19893171,0.899717
1,1,0.999759,0.0022485196,0.99951804
0,1,0.9997788,0.0020828324,0.9995576
0,1,0.8032317,0.49588954,0.60646343
0,0,0.62484443,0.6616427,0.24968886
0,1,0.8195375,0.47209403,0.63907504
0,1,0.83698446,0.4446367,0.6739689
1,1,0.9993278,0.0055825193,0.99865556
0,0,0.9101937,0.3020895,0.82038736
1,0,0.5836005,0.67910326,0.16720104
0,1,0.586351,0.6781591,0.17270195
1,1,0.81291217,0.4819726,0.62582433
0,1,0.8003728,0.4998852,0.60074556
0,0,0.5382732,0.69021463,0.07654643
1,1,0.99963,0.003293877,0.99925995
1,0,0.99347365,0.03934491,0.9869473
1,0,0.95816225,0.17374122,0.9163245
0,1,0.6163426,0.6658262,0.23268521
0,1,0.81433153,0.47988087,0.62866306
0,1,0.80234593,0.49713302,0.60469186
0,0,0.94908404,0.20120345,0.8981681
1,1,0.9997038,0.0027024266,0.99940765
1,1,0.8028667,0.49640256,0.6057334
1,0,0.86535805,0.39511657,0.7307161
1,1,0.8162603,0.47701707,0.63252056
0,1,0.8093695,0.4871359,0.618739
1,1,0.99965453,0.0030990036,0.99930906
1,1,0.81580704,0.47769225,0.6316141
0,1,0.84534824,0.4306939,0.6906965
1,0,0.94924885,0.20072109,0.8984977
1,0,0.9787016,0.10305025,0.9574032
1,0,0.9610451,0.16460851,0.9220902
0,0,0.6884353,0.6203469,0.3768706
1,0,0.931394,0.25001812,0.86278796
1,0,0.5121597,0.6928514,0.02431941
0,1,0.7615485,0.5492884,0.52309704
0,1,0.83957106,0.44038048,0.6791421
0,1,0.8153134,0.4784261,0.6306268
0,1,0.775555,0.53247654,0.55111
1,0,0.6433945,0.65144014,0.2867889
1,1,0.65453565,0.6445936,0.3090713
0,0,0.6468269,0.6493888,0.29365385
1,0,0.7079231,0.6040008,0.41584623
0,1,0.62872636,0.65963006,0.25745273
1,0,0.989263,0.05936137,0.978526
0,1,0.8143975,0.47978333,0.628795
1,1,0.9997309,0.0024813039,0.99946177
1,0,0.9415879,0.22257581,0.88317585
0,0,0.6447496,0.65063643,0.28949916
1,0,0.553372,0.6874392,0.10674402
0,1,0.64540446,0.6502452,0.29080892
1,0,0.9918957,0.047096558,0.98379135
0,1,0.81297815,0.4818757,0.6259563
1,0,0.9741268,0.12009035,0.94825363
1,1,0.81391,0.48050347,0.62782
0,1,0.7991389,0.5015938,0.5982778
1,1,0.9997652,0.002196799,0.99953043
0,0,0.93995976,0.22707823,0.8799195
0,0,0.6106907,0.6684381,0.2213814
1,0,0.941264,0.2234754,0.88252795
0,1,0.8427546,0.43507376,0.6855092
1,1,0.9996691,0.0029827768,0.99933815
0,1,0.70674735,0.6050384,0.4134947
0,1,0.7528136,0.55922294,0.50562716
1,1,0.89076674,0.34490928,0.7815335
1,1,0.9997676,0.0021768631,0.9995352
1,0,0.50061864,0.69314647,0.0012372732
1,1,0.99979573,0.0019396995,0.99959147
0,0,0.9596307,0.16911596,0.91926146
0,1,0.7923686,0.5108015,0.5847372
0,0,0.96570474,0.1493696,0.9314095
0,0,0.97806185,0.10548912,0.9561237
1,0,0.64988863,0.64751554,0.29977724
0,1,0.799176,0.5015426,0.59835196
1,0,0.932126,0.24810463,0.864252
1,1,0.9995252,0.0041082306,0.9990504
0,1,0.81291956,0.4819618,0.6258391
1,1,0.853158,0.4171919,0.706316
0,1,0.63332975,0.6571597,0.2666595
0,1,0.8151442,0.47867727,0.63028836
1,0,0.9023239,0.31994665,0.8046478
0,1,0.8129401,0.48193157,0.62588024
1,0,0.9693738,0.13691214,0.93874764
0,1,0.811407,0.48417634,0.62281406
0,0,0.9515423,0.19394866,0.90308464
0,1,0.7919738,0.5113297,0.58394766
0,1,0.64604235,0.6498622,0.2920847
0,1,0.81403536,0.4803185,0.6280707
1,1,0.81521237,0.4785761,0.63042474
0,1,0.8142113,0.48005855,0.6284226
1,1,0.95310676,0.18926391,0.9062135
0,1,0.7935867,0.50916564,0.58717334
1,0,0.6466485,0.6494967,0.29329705
0,1,0.84014857,0.43942344,0.68029714
1,1,0.80206174,0.49753094,0.6041235
1,0,0.9676548,0.14280206,0.93530965
0,1,0.7410713,0.5719334,0.48214257
1,0,0.58704966,0.6779144,0.17409933
0,1,0.5519901,0.6877315,0.10398018
1,1,0.99963,0.003293877,0.99925995
0,1,0.78715795,0.51769793,0.5743159
1,1,0.8066921,0.49098402,0.61338425
0,1,0.7723768,0.5363885,0.54475355
0,1,0.564401,0.6848291,0.12880194
1,0,0.9700592,0.13453622,0.94011843
1,1,0.9996613,0.0030447787,0.99932265
0,1,0.83607006,0.4461295,0.6721401
0,1,0.53008133,0.6913363,0.060162663
0,1,0.78538424,0.5200083,0.5707685
0,1,0.81155497,0.4839604,0.62310994
1,1,0.6172116,0.6654127,0.23442316
0,0,0.584068,0.67894495,0.168136
0,1,0.80303407,0.49616742,0.60606813
0,1,0.5048502,0.6931001,0.0097004175
0,1,0.78995293,0.514019,0.57990587
1,1,0.82333696,0.4662956,0.6466739
1,0,0.9942243,0.035527557,0.9884486
0,1,0.81403077,0.48032522,0.62806153
1,1,0.811201,0.48447686,0.62240195
1,1,0.7973137,0.50410396,0.5946274
1,1,0.81168485,0.48377067,0.6233697
1,1,0.9997008,0.0027271076,0.99940157
0,0,0.530623,0.6912705,0.061246037
1,1,0.76014113,0.5509172,0.52028227
0,1,0.8100213,0.4861921,0.62004256
1,0,0.8051586,0.49316734,0.61031723
1,0,0.7685612,0.54100907,0.53712237
0,0,0.9548079,0.18410763,0.90961576
0,1,0.78668207,0.5183196,0.57336414
1,0,0.9346292,0.24149662,0.8692584
1,1,0.5958733,0.6746495,0.19174659
0,1,0.81153023,0.48399648,0.62306046
1,0,0.6386592,0.6541858,0.27731836
1,0,0.8396207,0.44029832,0.6792414
1,1,0.99975246,0.0023030504,0.9995049
1,0,0.67024684,0.6340037,0.3404937
1,0,0.9383117,0.23158792,0.8766234
1,1,0.81237775,0.4827568,0.6247555
1,1,0.642347,0.65205586,0.28469396
1,0,0.52171874,0.69220346,0.04343745
1,1,0.9994267,0.004852137,0.99885345
1,0,0.97702837,0.109389156,0.95405674
1,0,0.9770451,0.10932629,0.95409024
0,1,0.7488924,0.5635487,0.49778485
1,0,0.97464,0.11822312,0.94928
1,0,0.9377313,0.23316479,0.87546265
1,1,0.9995684,0.0037755272,0.9991368
0,1,0.7881127,0.5164465,0.5762254
1,0,0.9411674,0.22374325,0.8823348
1,0,0.5578915,0.68642926,0.11578295
0,1,0.81524557,0.47852683,0.63049114
0,1,0.8042873,0.4944012,0.6085746
0,1,0.5599583,0.68593985,0.11991656
1,1,0.9997454,0.0023613544,0.99949086
1,0,0.9424392,0.2202025,0.8848784
0,1,0.5597545,0.6859889,0.11950898
1,1,0.80225074,0.49726635,0.6045015
1,1,0.52796376,0.69158244,0.055927515
1,1,0.81080204,0.4850579,0.6216041
0,1,0.7858959,0.5193438,0.57179177
0,1,0.79486376,0.5074408,0.5897275
0,1,0.586351,0.6781591,0.17270195
1,0,0.93831044,0.23159134,0.8766209
1,0,0.9683963,0.14027338,0.9367926
0,0,0.97148997,0.12952419,0.94297993
1,0,0.9941905,0.035701245,0.988381
1,1,0.505362,0.69308966,0.0107239485
0,1,0.6163426,0.6658262,0.23268521
1,1,0.99971455,0.0026150658,0.9994291
1,0,0.9573123,0.1763937,0.9146246
1,0,0.93647015,0.23657155,0.8729403
0,0,0.80591834,0.4920876,0.6118367
0,0,0.89306843,0.3400516,0.78613687
1,0,0.8898138,0.3469045,0.77962756
1,1,0.81424564,0.48000783,0.6284913
1,0,0.7166593,0.5960809,0.43331861
0,1,0.79993415,0.5004937,0.5998683
0,0,0.63769317,0.6547339,0.27538636
1,0,0.993912,0.037127137,0.98782396
0,1,0.5733223,0.682356,0.14664459
0,0,0.5143351,0.69273615,0.028670192
1,0,0.64988863,0.64751554,0.29977724
1,0,0.871391,0.38373387,0.742782
0,1,0.5146751,0.6927164,0.029350162
1,0,0.50061864,0.69314647,0.0012372732
0,1,0.819256,0.47251976,0.638512
1,1,0.79043764,0.51337624,0.5808753
1,1,0.811553,0.48396325,0.623106
1,1,0.99954176,0.003981142,0.9990835
0,1,0.7877515,0.51692057,0.575503
1,0,0.9772896,0.10840776,0.95457923
1,1,0.63418317,0.65669173,0.26836634
0,1,0.5282565,0.6915494,0.05651295
1,0,0.61560977,0.6661725,0.23121953
1,0,0.95246917,0.19117968,0.90493834
0,1,0.79999846,0.50040454,0.5999969
1,0,0.5121597,0.6928514,0.02431941
1,0,0.9774933,0.107640736,0.9549866
0,1,0.8010931,0.4988833,0.6021862
0,1,0.8384823,0.44217798,0.67696464
0,0,0.51195574,0.69286126,0.023911446
0,1,0.80215377,0.49740213,0.60430753
0,1,0.71731055,0.5954755,0.4346211
1,0,0.9314957,0.2497527,0.86299145
0,1,0.8129417,0.4819293,0.62588334
1,0,0.9426134,0.21971521,0.88522685
1,0,0.85623455,0.41174042,0.7124691
1,1,0.63418317,0.65669173,0.26836634
0,1,0.73860407,0.57451195,0.47720814
0,1,0.8078306,0.48935342,0.61566114
0,1,0.7767813,0.5309516,0.55356264
1,0,0.97012895,0.13429365,0.9402579
0,1,0.54563606,0.68897605,0.091272116
0,1,0.7583114,0.5530185,0.5166228
0,0,0.97069496,0.13231806,0.9413899
1,1,0.8033843,0.49567485,0.6067686
1,0,0.9067017,0.3101032,0.81340337
1,1,0.9996049,0.003491323,0.99920976
0,1,0.80286217,0.49640894,0.60572433
1,0,0.97138816,0.12988323,0.9427763
1,0,0.9402959,0.2261526,0.88059175
0,1,0.60339385,0.67161155,0.2067877
1,0,0.99928147,0.005919109,0.99856293
0,0,0.63729864,0.6549567,0.2745973
1,1,0.80151707,0.49829215,0.60303414
0,1,0.6878407,0.6208175,0.3756814
1,1,0.9996214,0.0033615977,0.9992428
1,1,0.80309796,0.49607766,0.6061959
1,1,0.99967647,0.0029234677,0.99935293
0,1,0.7419122,0.5710473,0.48382437
1,1,0.51895976,0.69242805,0.03791952
0,0,0.9318623,0.24879491,0.8637246
1,0,0.9555103,0.18195905,0.91102064
0,1,0.5815409,0.6797898,0.16308177
1,1,0.99969006,0.0028139718,0.9993801
1,1,0.8114442,0.48412204,0.62288845
0,1,0.98209685,0.08976233,0.9641937
1,0,0.6962588,0.614001,0.39251754
1,0,0.9331882,0.24531287,0.8663764
0,1,0.7758331,0.53213155,0.55166614
1,1,0.99952686,0.004095457,0.9990537
1,1,0.9996062,0.0034810454,0.9992124
0,1,0.7854325,0.5199457,0.57086504
1,1,0.8571428,0.4101164,0.7142856
1,0,0.9609121,0.1650345,0.9218242
0,1,0.79177296,0.5115981,0.5835459
1,1,0.7966255,0.50504506,0.593251
0,1,0.7239602,0.58917403,0.44792044
1,1,0.6465418,0.64956117,0.29308355
0,1,0.73409593,0.5791422,0.46819186
1,1,0.6946769,0.61530733,0.38935375
0,1,0.8170407,0.4758513,0.63408136
0,1,0.7784556,0.5288557,0.55691123
0,1,0.80433834,0.49432904,0.6086767
1,0,0.983189,0.08535407,0.966378
0,1,0.5469718,0.688728,0.093943596
1,0,0.9406109,0.22528337,0.8812218
1,0,0.94232523,0.22052109,0.88465047
1,1,0.8109904,0.4847837,0.6219808
0,1,0.8028268,0.49645856,0.60565364
1,1,0.63418317,0.65669173,0.26836634
0,1,0.8145329,0.47958308,0.62906575
1,0,0.8702412,0.38592792,0.74048245
0,1,0.8151336,0.478693,0.63026714
0,0,0.5113846,0.69288796,0.022769243
0,1,0.78353214,0.522401,0.5670643
1,1,0.7984508,0.50254256,0.59690166
1,1,0.99971455,0.0026150658,0.9994291
1,0,0.94468504,0.21387695,0.8893701
0,1,0.8172919,0.47547513,0.63458383
1,1,0.9997454,0.0023613544,0.99949086
1,1,0.79887015,0.50196475,0.5977403
0,1,0.70880353,0.6032195,0.41760707
1,1,0.9996971,0.0027570701,0.9993942
0,1,0.79524285,0.5069269,0.5904857
1,1,0.99951637,0.0041756527,0.99903274
1,1,0.75112575,0.561095,0.5022515
0,1,0.81563437,0.47794914,0.63126874
0,1,0.9525973,0.19079538,0.90519464
1,1,0.81150204,0.48403764,0.6230041
0,1,0.752499,0.55957305,0.50499797
1,1,0.8115519,0.4839648,0.62310386
1,0,0.9427346,0.21937594,0.8854692
0,1,0.7866688,0.518337,0.57333755
1,1,0.99967647,0.0029234677,0.99935293
0,1,0.8023574,0.497117,0.60471475
0,1,0.82894856,0.4575495,0.6578971
1,0,0.65235686,0.6459755,0.30471376
1,0,0.88104236,0.36484304,0.7620847
1,0,0.9577818,0.17493078,0.9155636
1,1,0.9419415,0.22159165,0.883883
0,1,0.53275126,0.69100034,0.065502524
0,1,0.7168915,0.59586525,0.43378305
1,0,0.9780512,0.105529584,0.9561024
0,1,0.5859265,0.67830694,0.17185295
1,1,0.5616055,0.68553734,0.123211026
0,0,0.93240565,0.24737136,0.8648113
0,1,0.7974558,0.5039093,0.5949116
1,1,0.9996062,0.0034810454,0.9992124
0,1,0.81878406,0.47323227,0.6375681
0,0,0.63124055,0.6582922,0.2624811
1,1,0.9994753,0.004487453,0.9989506
1,0,0.9429972,0.21863961,0.88599443
1,1,0.8115324,0.48399335,0.62306476
0,1,0.59095,0.67651093,0.18190002
0,0,0.5107007,0.6929182,0.021401405
0,0,0.90445405,0.31518477,0.8089081
1,1,0.9996049,0.003491323,0.99920976
1,1,0.81182194,0.4835703,0.6236439
0,1,0.8142511,0.47999972,0.62850225
1,0,0.98104024,0.09396267,0.9620805
0,1,0.7996053,0.5009491,0.5992106
0,0,0.964816,0.15232438,0.92963195
0,1,0.7781241,0.529272,0.5562482
1,1,0.52796376,0.69158244,0.055927515
0,1,0.81163836,0.48383862,0.6232767
1,1,0.81137437,0.48422396,0.62274873
0,1,0.7086977,0.6033137,0.41739535
0,1,0.77656573,0.5312204,0.55313146
0,1,0.5733223,0.682356,0.14664459
0,1,0.81124794,0.48440838,0.6224959
0,1,0.81308526,0.48171824,0.6261705
0,1,0.81412524,0.4801857,0.6282505
1,1,0.81636155,0.47686604,0.6327231
0,1,0.9997788,0.0020828324,0.9995576
1,1,0.9996691,0.0029827768,0.99933815
1,0,0.9687745,0.1389767,0.937549
1,1,0.9995252,0.0041082306,0.9990504
1,0,0.94906896,0.20124756,0.8981379
1,0,0.9415511,0.2226781,0.8831022
1,1,0.5234634,0.6920457,0.046926856
0,1,0.78851676,0.5159153,0.5770335
1,1,0.8146694,0.47938102,0.62933874
1,0,0.98287135,0.08664335,0.9657427
1,0,0.9402959,0.2261526,0.88059175
1,0,0.6433945,0.65144014,0.2867889
1,1,0.9997372,0.002429294,0.9994744
1,0,0.9830309,0.08599649,0.96606183
0,1,0.80257773,0.4968081,0.60515547
1,1,0.99967647,0.0029234677,0.99935293
1,1,0.94368833,0.21669595,0.88737667
1,1,0.5234634,0.6920457,0.046926856
0,1,0.86805856,0.3900607,0.7361171
1,0,0.553372,0.6874392,0.10674402
1,0,0.9828359,0.08678693,0.9656718
1,1,0.99971455,0.0026150658,0.9994291
1,0,0.58938575,0.67708135,0.1787715
1,1,0.9996568,0.0030809434,0.9993136
0,1,0.64604235,0.6498622,0.2920847
0,1,0.7721741,0.536636,0.54434824
0,1,0.9997788,0.0020828324,0.9995576
0,0,0.87519497,0.3763906,0.75038993
1,1,0.99971455,0.0026150658,0.9994291
1,0,0.9871458,0.06873961,0.97429156
1,0,0.9499974,0.19852279,0.89999485
1,0,0.98030627,0.09684477,0.96061254
0,0,0.6967301,0.6136095,0.39346015
0,0,0.5279735,0.69158137,0.055946946
1,1,0.63418317,0.65669173,0.26836634
0,1,0.5865797,0.67807925,0.17315936
1,0,0.5543836,0.68722034,0.10876715
1,1,0.99954945,0.0039219665,0.9990989
0,1,0.82506967,0.4636184,0.65013933
0,1,0.8154196,0.47826836,0.6308392
1,1,0.9997309,0.0024813039,0.99946177
1,1,0.999846,0.0015060476,0.99969196
1,0,0.7546676,0.55714893,0.50933516
1,0,0.6189668,0.6645677,0.23793367
0,1,0.815718,0.47782478,0.631436
1,0,0.84961313,0.42337954,0.69922626
0,1,0.8002681,0.5000305,0.6005362
1,1,0.9996226,0.0033522039,0.99924517
1,1,0.999371,0.0052654576,0.998742
0,1,0.8052672,0.49301323,0.6105344
0,1,0.80431265,0.4943654,0.6086253
0,1,0.8173327,0.47541407,0.63466537
0,1,0.5811774,0.6799091,0.16235483
1,1,0.8127058,0.48227564,0.6254116
0,1,0.7959979,0.50590074,0.59199584
0,1,0.81431293,0.47990838,0.62862587
1,0,0.92272586,0.2720609,0.8454517
1,0,0.7291153,0.5841368,0.4582306
0,1,0.8302874,0.4554302,0.6605748
1,1,0.8119196,0.48342746,0.62383926
1,1,0.80817646,0.48885638,0.6163529
0,1,0.7524814,0.5595926,0.5049628
0,1,0.5865803,0.67807907,0.17316055
1,1,0.6411397,0.6527597,0.28227937
0,0,0.8387971,0.4416592,0.6775942
1,1,0.99969006,0.0028139718,0.9993801
0,1,0.8152279,0.478553,0.63045585
1,0,0.9654962,0.15006512,0.93099236
1,0,0.6189668,0.6645677,0.23793367
1,1,0.99977916,0.0020798224,0.9995583
1,0,0.6466485,0.6494967,0.29329705
1,1,0.9995751,0.0037237543,0.99915016
0,1,0.82175934,0.4687152,0.6435187
0,0,0.5007467,0.6931461,0.0014934242
1,0,0.7914338,0.51205075,0.5828676
0,1,0.81794304,0.47449827,0.6358861
0,0,0.9559985,0.18045901,0.91199696
0,1,0.80110383,0.49886838,0.60220766
1,0,0.5578915,0.68642926,0.11578295
1,0,0.89741784,0.3307198,0.7948357
1,1,0.99963117,0.0032844557,0.99926233
0,1,0.77029717,0.538917,0.54059434
0,0,0.97968113,0.09927743,0.95936227
0,1,0.55550647,0.6869725,0.111012936
1,0,0.67024684,0.6340037,0.3404937
1,0,0.9429351,0.21881396,0.8858702
1,0,0.9499974,0.19852279,0.89999485
1,1,0.9996049,0.003491323,0.99920976
1,1,0.9996691,0.0029827768,0.99933815
0,0,0.6726198,0.63230777,0.34523964
0,1,0.8133414,0.48134148,0.62668276
1,1,0.5870134,0.67792714,0.17402685
1,0,0.9793676,0.10049018,0.9587352
1,0,0.74219817,0.5707451,0.48439634
0,1,0.55240655,0.6876442,0.1048131
1,1,0.8115416,0.48397988,0.62308323
0,1,0.81471694,0.47931063,0.6294339
0,1,0.82733357,0.4600891,0.65466714
0,1,0.811452,0.4841107,0.62290394
1,0,0.7833792,0.5225976,0.5667584
1,0,0.50036204,0.69314694,0.0007240474
0,1,0.8126489,0.48235917,0.6252978
1,0,0.5578915,0.68642926,0.11578295
1,0,0.5121597,0.6928514,0.02431941
1,0,0.9139743,0.293245,0.8279486
1,0,0.94137126,0.22317761,0.8827425
1,1,0.99974006,0.0024056921,0.9994801
0,1,0.8117736,0.48364097,0.6235472
1,1,0.99967647,0.0029234677,0.99935293
0,0,0.9704036,0.1333364,0.9408072
1,0,0.94246036,0.22014341,0.8849207
0,1,0.72718334,0.58604026,0.45436668
1,0,0.9235427,0.27003047,0.84708536
0,0,0.9322177,0.2478642,0.86443543
0,1,0.6163426,0.6658262,0.23268521
1,0,0.97246224,0.12607612,0.9449245
1,0,0.50061864,0.69314647,0.0012372732
1,1,0.58636576,0.678154,0.17273152
0,1,0.51844347,0.69246674,0.03688693
0,1,0.5368767,0.6904249,0.07375336
1,1,0.63418317,0.65669173,0.26836634
1,0,0.553372,0.6874392,0.10674402
1,1,0.8168907,0.47607565,0.63378143
1,0,0.9953472,0.02962888,0.9906944
1,1,0.99971455,0.0026150658,0.9994291
0,1,0.80233777,0.49714446,0.60467553
0,1,0.8114067,0.4841768,0.62281334
1,1,0.8114814,0.48406777,0.62296283
0,1,0.71730405,0.5954816,0.4346081
0,1,0.8028149,0.49647528,0.6056298
1,0,0.50061864,0.69314647,0.0012372732
0,1,0.81300426,0.4818373,0.6260085
1,1,0.81396717,0.48041913,0.62793434
0,0,0.9843014,0.080789655,0.9686028
1,0,0.96247035,0.16001214,0.9249407
1,1,0.8132011,0.48154786,0.62640226
1,0,0.94262666,0.21967821,0.8852533
1,0,0.97190803,0.12804581,0.94381607
0,1,0.5074391,0.6930365,0.014878154
0,1,0.7213927,0.59163314,0.44278538
1,1,0.81804883,0.47433925,0.63609767
1,1,0.811802,0.48359942,0.62360406
1,1,0.59371084,0.6754794,0.18742168
0,1,0.81742126,0.4752813,0.6348425
0,1,0.7999377,0.50048876,0.59987545
0,0,0.964266,0.15414104,0.928532
0,1,0.78757346,0.517154,0.5751469
1,0,0.9431354,0.21825175,0.88627076
0,1,0.7874226,0.5173516,0.5748452
0,1,0.80325514,0.49585658,0.6065103
1,0,0.9807407,0.09514208,0.96148145
0,1,0.81835425,0.47387987,0.6367085
1,1,0.63418317,0.65669173,0.26836634
0,1,0.7229299,0.5901648,0.4458598
0,1,0.7444844,0.5683139,0.48896885
0,1,0.8073954,0.48997772,0.6147908
1,1,0.63418317,0.65669173,0.26836634
1,0,0.9435732,0.21702047,0.88714635
1,0,0.9415538,0.22267073,0.88310754
0,1,0.61678386,0.66561663,0.23356771
1,0,0.9687745,0.1389767,0.937549
1,0,0.9413529,0.22322863,0.8827058
1,0,0.7206416,0.5923463,0.44128326
1,0,0.5398848,0.68996215,0.07976964
1,1,0.999278,0.005944251,0.998556
0,1,0.78832304,0.51617,0.5766461
1,0,0.99134207,0.04973932,0.98268414
1,0,0.60779214,0.6697255,0.21558425
0,1,0.81086725,0.48496297,0.6217345
1,0,0.9422089,0.2208459,0.8844178
0,1,0.514912,0.69270235,0.029824018
0,1,0.80487204,0.49357373,0.6097441
0,1,0.8115999,0.48389474,0.6231998
0,1,0.79912037,0.50161946,0.59824073
0,1,0.5686694,0.6836863,0.13733876
1,1,0.80921304,0.48736206,0.6184261
0,1,0.6038407,0.6714236,0.20768142
1,1,0.999724,0.0025380508,0.99944794
1,0,0.9489878,0.20148489,0.89797556
1,1,0.8114588,0.48410076,0.62291765
0,1,0.82130116,0.46941474,0.6426023
1,0,0.74219817,0.5707451,0.48439634
1,1,0.9997309,0.0024813039,0.99946177
0,1,0.5375465,0.690325,0.07509303
1,0,0.981256,0.09310983,0.962512
1,1,0.80410105,0.4946643,0.6082021
0,1,0.6038121,0.6714357,0.2076242
1,1,0.80067873,0.49946007,0.60135746
1,0,0.9895286,0.058156565,0.9790572
0,1,0.8144105,0.4797641,0.628821
1,1,0.8010707,0.49891454,0.6021414
1,1,0.63641953,0.65545046,0.27283907
0,1,0.813462,0.48116386,0.62692404
1,0,0.5613935,0.6855898,0.12278697
1,0,0.7347194,0.57850814,0.46943882
0,1,0.81334907,0.48133016,0.62669814
0,0,0.95971173,0.16885921,0.91942346
1,0,0.96670455,0.14601713,0.9334091
1,1,0.9996971,0.0027570701,0.9993942
0,1,0.7215537,0.5914799,0.44310737
1,1,0.9994783,0.004464938,0.99895656
1,0,0.5283284,0.6915413,0.056656808
1,1,0.999371,0.0052654576,0.998742
0,1,0.8114177,0.48416078,0.6228354
0,1,0.6212353,0.66345614,0.24247062
0,1,0.80206496,0.4975264,0.6041299
0,1,0.83635527,0.44566458,0.67271054
0,1,0.79655874,0.50513613,0.5931175
1,1,0.8119952,0.4833169,0.6239904
0,1,0.79830384,0.50274485,0.5966077
1,0,0.96656525,0.14648612,0.9331305
0,1,0.7606433,0.55033726,0.5212866
0,0,0.96059954,0.166034,0.9211991
1,0,0.96247035,0.16001214,0.9249407
1,1,0.99967647,0.0029234677,0.99935293
1,1,0.5469718,0.688728,0.093943596
0,0,0.6285019,0.6597482,0.25700375
0,1,0.6583571,0.64211917,0.31671417
1,1,0.99976677,0.0021838434,0.99953353
1,0,0.98203677,0.090002865,0.96407354
1,0,0.6766876,0.6293411,0.35337523
0,1,0.79846233,0.5025267,0.59692466
1,1,0.8120706,0.48320657,0.6241412
0,0,0.6937401,0.61607534,0.3874803
0,1,0.7695585,0.5398093,0.539117
1,0,0.61560977,0.6661725,0.23121953
0,1,0.76247436,0.548211,0.5249487
1,1,0.811452,0.4841107,0.62290394
0,1,0.81686056,0.47612074,0.6337211
0,1,0.6339552,0.6568171,0.26791036
1,1,0.9996062,0.0034810454,0.9992124
1,1,0.93905336,0.22956434,0.8781067
0,1,0.94133085,0.22328983,0.8826617
1,1,0.7659385,0.5441375,0.53187704
0,1,0.62085223,0.6636454,0.24170446
1,0,0.9485738,0.20269331,0.89714766
0,1,0.6380023,0.6545589,0.27600455
1,1,0.52796376,0.69158244,0.055927515
0,0,0.5608132,0.68573236,0.12162641
0,1,0.81290436,0.4819841,0.6258087
1,0,0.94228846,0.2206238,0.8845769
1,0,0.97069126,0.13233103,0.9413825
1,0,0.64988863,0.64751554,0.29977724
1,1,0.72588557,0.58730835,0.45177114
1,0,0.91208977,0.29767603,0.82417953
1,0,0.95048136,0.19709551,0.9009627
1,0,0.9583195,0.1732486,0.916639
0,1,0.8141524,0.48014557,0.62830484
0,1,0.8129775,0.48187664,0.625955
1,1,0.82330227,0.46634898,0.64660454
0,1,0.8000981,0.5002664,0.60019624
1,1,0.5868187,0.67799556,0.17363739
1,0,0.9418878,0.22174123,0.8837756
1,0,0.9439685,0.21590547,0.88793695
0,1,0.77246284,0.5362833,0.5449257
1,0,0.96515566,0.15119782,0.9303113
0,1,0.67665833,0.6293627,0.35331666
0,1,0.8104274,0.48560262,0.62085485
0,1,0.7982685,0.50279343,0.596537
1,1,0.5324595,0.6910384,0.064918995
0,1,0.79726434,0.50417155,0.5945287
1,1,0.999326,0.005595578,0.998652
1,1,0.9995252,0.0041082306,0.9990504
0,1,0.8145613,0.479541,0.6291226
0,0,0.9394253,0.2285459,0.8788506
1,0,0.9383117,0.23158792,0.8766234
1,1,0.9994393,0.004758131,0.9988786
1,1,0.9996971,0.0027570701,0.9993942
0,1,0.81667256,0.47640175,0.6333451
1,0,0.64209354,0.65220416,0.2841871
1,0,0.9706584,0.13244599,0.94131684
1,1,0.8298876,0.45606434,0.65977526
0,0,0.960656,0.16585377,0.921312
0,1,0.5552727,0.68702453,0.1105454
1,1,0.8164512,0.47673228,0.6329024
1,1,0.8115533,0.48396283,0.6231066
0,1,0.69270015,0.6169231,0.3854003
0,0,0.5213783,0.69223285,0.042756528
1,1,0.5512887,0.6878768,0.10257745
0,1,0.5373409,0.6903559,0.07468176
0,1,0.72250414,0.5905727,0.44500828
0,0,0.9019754,0.32072076,0.8039508
1,1,0.6172117,0.66541266,0.2344234
1,0,0.64988863,0.64751554,0.29977724
0,1,0.81855345,0.47357988,0.6371069
1,1,0.8114999,0.4840408,0.6229998
0,0,0.6439264,0.65112555,0.28785273
1,0,0.940388,0.22589856,0.88077605
1,0,0.50061864,0.69314647,0.0012372732
0,0,0.9394337,0.22852296,0.8788674
0,1,0.9997799,0.0020738002,0.99955976
0,1,0.76437074,0.5459893,0.5287415
1,0,0.8771921,0.37248248,0.75438416
1,1,0.99938273,0.005178799,0.99876547
0,1,0.801533,0.49826992,0.60306597
0,1,0.8045918,0.4939706,0.60918355
0,0,0.968584,0.1396304,0.937168
0,1,0.81631386,0.47693717,0.6326277
0,1,0.57266325,0.68254983,0.1453265
0,1,0.6119224,0.6678804,0.22384477
0,1,0.5811774,0.6799091,0.16235483
1,0,0.97142285,0.12976089,0.9428457
1,0,0.87340975,0.37985316,0.7468195
0,1,0.80993104,0.48632294,0.6198621
0,1,0.69835305,0.6122533,0.3967061
1,1,0.8166365,0.47645557,0.633273
0,1,0.8128971,0.48199478,0.6257942
1,1,0.99968266,0.0028735946,0.9993653
0,1,0.80115074,0.49880302,0.6023015
1,1,0.9995877,0.0036254677,0.9991754
1,1,0.81238437,0.48274708,0.62476873
0,1,0.8132946,0.48141035,0.6265892
1,0,0.96702003,0.14495294,0.93404007
0,1,0.59906656,0.67338836,0.19813311
0,1,0.7927723,0.51026034,0.5855446
0,1,0.8040679,0.4947111,0.6081358
1,1,0.8132565,0.4814664,0.626513
0,1,0.8147202,0.47930577,0.6294404
0,1,0.79986364,0.5005914,0.5997273
1,1,0.99983704,0.001584277,0.9996741
0,1,0.81511426,0.47872165,0.6302285
1,1,0.9995078,0.0042410973,0.99901557
1,1,0.8343022,0.4489985,0.6686044
1,0,0.9662388,0.14758267,0.9324776
0,0,0.95544374,0.18216318,0.9108875
0,1,0.8130688,0.48174244,0.6261376
0,1,0.7691038,0.54035693,0.53820765
0,1,0.60834724,0.66948164,0.21669447
1,0,0.75658345,0.55498624,0.5131669
1,1,0.57280374,0.6825086,0.14560747
1,1,0.56245136,0.6853264,0.124902725
1,1,0.99963,0.003293877,0.99925995
0,1,0.7889905,0.5152911,0.577981
0,1,0.69396794,0.61588895,0.38793588
1,1,0.9995751,0.0037237543,0.99915016
0,1,0.6598039,0.6411655,0.31960785
1,1,0.81909436,0.472764,0.6381887
0,1,0.60485023,0.67099595,0.20970047
1,1,0.9996971,0.0027570701,0.9993942
1,0,0.7049759,0.6065891,0.4099518
0,1,0.7987674,0.5021064,0.5975348
1,0,0.5283284,0.6915413,0.056656808
0,0,0.5370619,0.6903975,0.07412386
1,0,0.75658345,0.55498624,0.5131669
1,1,0.9997154,0.0026082546,0.9994308
1,1,0.63418317,0.65669173,0.26836634
0,1,0.78810644,0.5164547,0.5762129
1,0,0.67639434,0.6295575,0.35278872
1,0,0.7520271,0.56009716,0.5040542
1,0,0.9423787,0.2203716,0.8847574
0,0,0.9614395,0.16334209,0.922879
1,1,0.82119393,0.4695782,0.64238787
1,1,0.9997793,0.0020788186,0.99955857
1,1,0.9993261,0.0055947076,0.9986522
1,1,0.9997309,0.0024813039,0.99946177
0,1,0.7582929,0.55303967,0.5165858
1,0,0.999184,0.006618145,0.998368
1,0,0.97017646,0.1341283,0.9403529
1,1,0.8409021,0.43817097,0.6818042
1,1,0.9994267,0.004852137,0.99885345
1,0,0.9499974,0.19852279,0.89999485
0,0,0.95976925,0.16867678,0.9195385
0,0,0.9497805,0.19916102,0.89956105
1,0,0.9417954,0.2219985,0.8835908
0,1,0.8137885,0.48068276,0.62757695
0,1,0.81683135,0.4761644,0.6336627
0,0,0.7213098,0.591712,0.4426196
1,0,0.94361156,0.2169123,0.8872231
0,1,0.76763195,0.5421219,0.5352639
0,0,0.973396,0.1227315,0.946792
0,1,0.7664745,0.5435013,0.532949
1,0,0.9403443,0.22601914,0.88068855
1,0,0.6189668,0.6645677,0.23793367
1,1,0.999767,0.0021818492,0.999534
0,1,0.8715781,0.38337573,0.7431562
0,1,0.81793517,0.47451007,0.63587034
1,1,0.99952686,0.004095457,0.9990537
0,1,0.80224144,0.49727938,0.6044829
1,0,0.9428962,0.21892303,0.8857924
0,1,0.8155183,0.47812164,0.63103664
0,1,0.76682425,0.5430852,0.5336485
1,1,0.97488153,0.11734058,0.94976306
1,0,0.7960863,0.50578034,0.5921726
0,1,0.8140257,0.48033273,0.6280514
1,0,0.9691102,0.1378218,0.9382204
0,1,0.5079618,0.69302046,0.01592362
0,1,0.81600565,0.47739658,0.6320113
1,0,0.96727526,0.14408961,0.9345505
0,1,0.8029846,0.49623695,0.6059692
1,1,0.81665313,0.47643074,0.63330626
0,0,0.93241715,0.24734113,0.8648343
0,1,0.80869395,0.48811123,0.6173879
1,1,0.81162256,0.48386168,0.6232451
1,1,0.8248077,0.46402448,0.6496154
0,1,0.8192544,0.4725222,0.6385088
1,0,0.9585585,0.17249863,0.917117
0,1,0.74104273,0.5719634,0.48208547
0,1,0.8229583,0.46687794,0.6459166
1,0,0.89153326,0.34329763,0.7830665
0,1,0.6167839,0.66561663,0.23356783
0,1,0.816222,0.47707415,0.632444
0,0,0.72698516,0.58623445,0.4539703
1,0,0.92975056,0.25428373,0.8595011
1,1,0.81178266,0.48362774,0.6235653
1,0,0.9559505,0.18060671,0.911901
1,1,0.81158984,0.4839095,0.6231797
1,1,0.8129519,0.4819142,0.62590384
0,1,0.7753407,0.53274214,0.55068135
0,0,0.95550376,0.18197921,0.9110075
1,1,0.5303713,0.6913012,0.060742617
0,1,0.8128078,0.48212594,0.6256156
1,1,0.58171964,0.6797309,0.16343927
1,1,0.63418317,0.65669173,0.26836634
1,1,0.5999495,0.67303216,0.19989896
1,0,0.9589416,0.17129335,0.91788316
0,1,0.7871279,0.5177372,0.5742558
0,1,0.5909501,0.67651093,0.18190014
1,1,0.79931533,0.5013501,0.59863067
1,1,0.7675462,0.54222435,0.53509235
0,1,0.816478,0.47669226,0.632956
0,1,0.81562334,0.47796553,0.6312467
0,1,0.57341915,0.6823274,0.1468383
1,0,0.75728935,0.5541843,0.5145787
0,1,0.79867566,0.5022329,0.5973513
0,0,0.95505464,0.1833542,0.9101093
0,1,0.79159206,0.5118396,0.5831841
0,0,0.6612128,0.6402278,0.32242557
0,1,0.59094995,0.67651093,0.1818999
1,1,0.79854375,0.5024146,0.5970875
0,1,0.8127183,0.48225737,0.62543654
0,0,0.9694606,0.13661225,0.9389212
1,0,0.50061864,0.69314647,0.0012372732
1,1,0.9995372,0.004015944,0.99907446
0,1,0.8026481,0.49670935,0.60529625
0,1,0.63376313,0.65692246,0.26752627
0,1,0.8210427,0.46980867,0.64208543
0,1,0.81536573,0.4783484,0.63073146
0,0,0.53328526,0.6909298,0.06657049
0,1,0.8141194,0.48019433,0.6282388
0,0,0.95030344,0.19762084,0.9006069
0,1,0.7718729,0.5370034,0.54374576
1,0,0.50061864,0.69314647,0.0012372732
0,1,0.8132625,0.48145753,0.62652504
0,1,0.78672457,0.5182642,0.57344913
0,0,0.5589521,0.68618023,0.11790416
1,1,0.9997454,0.0023613544,0.99949086
0,1,0.76902765,0.54044855,0.5380553
0,1,0.8039813,0.49483338,0.6079626
0,1,0.94683695,0.20772539,0.8936739
0,1,0.8025083,0.49690545,0.6050166
1,1,0.9996691,0.0029827768,0.99933815
1,0,0.7079231,0.6040008,0.41584623
1,1,0.9996691,0.0029827768,0.99933815
0,1,0.8035733,0.49540865,0.6071466
0,0,0.87068087,0.38509035,0.74136174
1,1,0.999597,0.0035528964,0.999194
1,1,0.79723275,0.5042148,0.5944655
1,0,0.9606764,0.16578855,0.92135274
1,1,0.9997793,0.0020788186,0.99955857
0,1,0.99975795,0.0022574547,0.9995159
1,1,0.8013435,0.49853426,0.602687
0,1,0.960855,0.16521731,0.92171
1,0,0.61977327,0.66417503,0.23954654
1,0,0.6990307,0.61168337,0.3980614
1,0,0.9405742,0.22538456,0.88114846
1,0,0.94285583,0.2190362,0.88571167
0,1,0.62101275,0.6635661,0.2420255
1,1,0.9994267,0.004852137,0.99885345
1,1,0.9998111,0.0018084557,0.9996222
0,1,0.7878023,0.516854,0.57560456
0,0,0.9551007,0.18321332,0.91020143
0,1,0.79177296,0.5115981,0.5835459
1,0,0.96623504,0.14759535,0.9324701
1,1,0.51895976,0.69242805,0.03791952
1,1,0.81947094,0.4721948,0.6389419
0,1,0.568901,0.68362224,0.137802
1,0,0.9499974,0.19852279,0.89999485
1,0,0.5283284,0.6915413,0.056656808
1,1,0.81138307,0.48421127,0.62276614
0,1,0.7931892,0.5097004,0.58637846
0,1,0.55081135,0.6879747,0.1016227
1,0,0.5758543,0.6815949,0.15170863
1,1,0.8291458,0.45723808,0.6582916
1,0,0.6433945,0.65144014,0.2867889
0,1,0.8140646,0.48027527,0.62812924
0,0,0.95080173,0.19614783,0.90160346
1,1,0.9997038,0.0027024266,0.99940765
0,1,0.5450472,0.68908316,0.09009445
0,1,0.83083,0.45456773,0.66165996
1,0,0.9604407,0.16654111,0.9208814
0,0,0.954646,0.18460114,0.909292
0,1,0.8046477,0.49389142,0.60929537
1,1,0.8129852,0.48186535,0.62597036
1,1,0.9997335,0.0024597328,0.999467
0,1,0.8119074,0.48344535,0.6238148
1,0,0.9606764,0.16578855,0.92135274
0,1,0.81661856,0.47648236,0.6332371
0,1,0.7721741,0.536636,0.54434824
1,0,0.9393973,0.2286227,0.87879455
1,0,0.61560977,0.6661725,0.23121953
1,0,0.7079231,0.6040008,0.41584623
0,1,0.5093552,0.6929722,0.018710375
0,1,0.8076735,0.48957887,0.615347
1,1,0.63418317,0.65669173,0.26836634
0,1,0.8722146,0.38215503,0.74442923
0,0,0.94002837,0.22688945,0.88005674
1,0,0.743992,0.5688399,0.4879839
1,0,0.92975056,0.25428373,0.8595011
0,1,0.8228277,0.4670785,0.6456554
1,1,0.99952686,0.004095457,0.9990537
0,1,0.77755684,0.52998286,0.5551137
1,1,0.61223984,0.66773564,0.22447968
1,0,0.9419053,0.2216925,0.88381064
1,1,0.9996568,0.0030809434,0.9993136
1,0,0.5121597,0.6928514,0.02431941
1,1,0.9996568,0.0030809434,0.9993136
0,1,0.784638,0.5209748,0.569276
0,0,0.73134077,0.58192074,0.4626815
1,0,0.97389126,0.12094392,0.9477825
0,1,0.82155603,0.46902576,0.64311206
1,0,0.7809581,0.52569264,0.56191623
0,1,0.81569266,0.47786245,0.6313853
0,1,0.99975795,0.0022574547,0.9995159
1,0,0.993912,0.037127137,0.98782396
0,1,0.81300646,0.48183405,0.6260129
1,1,0.81408554,0.48024437,0.6281711
0,0,0.52649224,0.6917429,0.052984506
1,0,0.6995554,0.61124057,0.39911082
0,0,0.94509137,0.21272227,0.89018273
0,1,0.8077432,0.4894789,0.6154864
0,1,0.8023316,0.49715307,0.60466325
0,1,0.7849342,0.52059156,0.56986845
1,0,0.9492991,0.2005739,0.8985982
1,1,0.811774,0.48364037,0.62354803
0,1,0.6083471,0.6694817,0.21669424
1,0,0.9421104,0.22112069,0.88422084
1,0,0.9422771,0.22065553,0.88455415
0,0,0.97143626,0.1297136,0.9428725
0,1,0.6038123,0.6714356,0.20762455
1,1,0.81154597,0.4839735,0.62309194
1,1,0.99967647,0.0029234677,0.99935293
0,1,0.7841219,0.5216413,0.56824374
1,1,0.81171155,0.48373166,0.6234231
1,1,0.9995751,0.0037237543,0.99915016
0,1,0.8132097,0.48153523,0.6264194
1,0,0.99347365,0.03934491,0.9869473
0,1,0.5463021,0.68885326,0.09260416
1,1,0.9997309,0.0024813039,0.99946177
1,1,0.9996226,0.0033522039,0.99924517
0,0,0.9454194,0.21178791,0.89083874
1,0,0.9436433,0.216823,0.88728654
1,0,0.9678831,0.1420253,0.9357662
0,1,0.5255783,0.69183815,0.05115664
0,0,0.68079066,0.6262721,0.36158133
0,1,0.8876509,0.35139868,0.7753018
1,1,0.99967504,0.00293496,0.9993501
0,1,0.86776924,0.3906054,0.7355385
0,1,0.80774105,0.48948196,0.6154821
0,1,0.7271808,0.5860428,0.45436156
1,1,0.9995684,0.0037755272,0.9991368
0,1,0.73133445,0.58192706,0.4626689
1,1,0.505362,0.69308966,0.0107239485
0,0,0.8429283,0.4347821,0.6858566
1,1,0.81792855,0.47452006,0.6358571
0,1,0.58657974,0.67807925,0.17315948
1,0,0.94667566,0.20818965,0.8933513
1,0,0.871391,0.38373387,0.742782
1,0,0.993912,0.037127137,0.98782396
0,1,0.6236312,0.6622585,0.24726236
0,1,0.7871485,0.5177103,0.57429695
0,1,0.5500089,0.68813705,0.100017786
1,0,0.94765365,0.20536679,0.8953073
0,1,0.8111338,0.48457476,0.6222676
0,1,0.7130216,0.599424,0.42604315
1,1,0.9911015,0.050876357,0.982203
1,0,0.90179247,0.3211266,0.80358493
1,0,0.96681386,0.14564879,0.9336277
0,1,0.8049545,0.4934568,0.60990906
1,0,0.5904906,0.6766795,0.18098113
0,1,0.8141913,0.48008817,0.62838256
0,1,0.77605313,0.5318582,0.55210626
1,0,0.5121597,0.6928514,0.02431941
1,0,0.9729304,0.1244035,0.94586074
1,1,0.8152036,0.4785891,0.6304072
0,1,0.81433016,0.4798829,0.6286603
0,1,0.99975795,0.0022574547,0.9995159
1,0,0.9368923,0.23543426,0.87378454
1,0,0.9711979,0.13055316,0.9423958
0,0,0.66213346,0.63961023,0.3242669
1,1,0.80302984,0.49617338,0.6060597
1,0,0.50061864,0.69314647,0.0012372732
1,1,0.9992459,0.006175913,0.99849176
0,1,0.63332975,0.6571597,0.2666595
0,1,0.8144621,0.47968775,0.62892425
0,1,0.81308234,0.48172253,0.6261647
0,1,0.8129605,0.48190162,0.625921
1,0,0.6295066,0.6592178,0.25901318
1,0,0.9499974,0.19852279,0.89999485
1,0,0.8683614,0.38948977,0.7367228
0,1,0.99975795,0.0022574547,0.9995159
1,1,0.8136258,0.48092258,0.6272516
1,1,0.8033588,0.49571073,0.6067176
1,0,0.978678,0.10314042,0.957356
0,1,0.8146286,0.4794414,0.6292572
1,1,0.8178711,0.47460634,0.6357422
1,1,0.9780076,0.105694994,0.9560152
1,1,0.804542,0.49404103,0.609084
1,0,0.5121597,0.6928514,0.02431941
1,0,0.993912,0.037127137,0.98782396
0,1,0.7922767,0.5109246,0.58455336
0,1,0.59924257,0.6733176,0.19848514
1,1,0.8744185,0.37790018,0.748837
1,0,0.5121597,0.6928514,0.02431941
0,0,0.9648534,0.15220037,0.9297068
0,1,0.76925385,0.54017633,0.5385077
1,1,0.99977916,0.0020798224,0.9995583
1,1,0.63418317,0.65669173,0.26836634
1,1,0.99967504,0.00293496,0.9993501
0,1,0.80207676,0.49750993,0.6041535
0,1,0.79911107,0.5016323,0.59822214
1,1,0.99948716,0.0043977397,0.9989743
0,0,0.95487833,0.1838927,0.90975666
0,1,0.81162876,0.48385262,0.6232575
1,1,0.8393083,0.44081506,0.67861664
1,1,0.81144255,0.48412448,0.6228851
1,0,0.9813462,0.09275265,0.9626924
1,1,0.99952686,0.004095457,0.9990537
1,1,0.99967647,0.0029234677,0.99935293
0,1,0.59906656,0.67338836,0.19813311
1,1,0.9992459,0.006175913,0.99849176
1,0,0.9499974,0.19852279,0.89999485
0,1,0.5733223,0.682356,0.14664459
1,0,0.920138,0.2784322,0.840276
1,1,0.9994492,0.004683977,0.9988984
1,1,0.80287147,0.4963959,0.60574293
0,1,0.7972608,0.5041764,0.59452164
1,1,0.8117402,0.48368979,0.62348044
0,1,0.81398743,0.48038918,0.62797487
1,1,0.99976677,0.0021838434,0.99953353
1,1,0.8145894,0.47949946,0.62917876
1,0,0.97998327,0.09810422,0.95996654
1,1,0.5505206,0.6880338,0.1010412
0,0,0.94476783,0.21364196,0.88953567
1,1,0.7820301,0.5243265,0.5640602
0,0,0.9515577,0.19390295,0.9031154
0,1,0.8457144,0.4300714,0.6914288
0,1,0.797266,0.5041692,0.594532
0,1,0.8207688,0.47022575,0.64153755
1,0,0.9887546,0.06164904,0.97750914
0,1,0.81411386,0.48020256,0.6282277
0,0,0.94933224,0.2004768,0.8986645
0,1,0.80274785,0.49656942,0.6054957
0,1,0.81409883,0.48022473,0.62819767
0,1,0.78475744,0.5208204,0.5695149
1,0,0.9918957,0.047096558,0.98379135
0,1,0.81158,0.48392382,0.62316
0,1,0.62393075,0.662107,0.2478615
1,0,0.65004665,0.6474177,0.3000933
0,1,0.8025362,0.49686635,0.6050724
1,1,0.99978095,0.0020647626,0.9995619
1,1,0.9995597,0.0038428616,0.9991194
0,1,0.5811774,0.6799091,0.16235483
0,1,0.5282856,0.6915462,0.056571245
1,1,0.8181666,0.4741622,0.6363332
1,1,0.9997212,0.0025605056,0.99944246
1,0,0.60779214,0.6697255,0.21558425
0,1,0.909328,0.30408987,0.81865597
0,1,0.7866395,0.51837516,0.573279
0,0,0.5914346,0.6763321,0.18286917
1,0,0.7493675,0.563029,0.49873498
0,1,0.81293744,0.4819355,0.6258749
1,0,0.97886944,0.10240705,0.9577389
0,0,0.97244084,0.1261524,0.9448817
0,1,0.8205522,0.47055516,0.64110434
1,1,0.99933964,0.005495776,0.9986793
1,1,0.8150338,0.47884107,0.6300676
0,0,0.94915694,0.20099017,0.8983139
0,1,0.7999385,0.5004877,0.599877
1,1,0.99963117,0.0032844557,0.99926233
0,0,0.83563757,0.4468335,0.67127514
1,0,0.53219545,0.69107264,0.06439087
1,0,0.66875625,0.63505596,0.33751252
0,1,0.8199772,0.47142804,0.63995445
0,1,0.745627,0.5670886,0.49125397
1,0,0.9352226,0.23991513,0.87044525
1,0,0.6563275,0.64344144,0.312655
0,1,0.59906656,0.67338836,0.19813311
1,1,0.8114291,0.48414412,0.62285817
1,1,0.7885171,0.51591474,0.57703424
0,1,0.586318,0.6781707,0.17263603
1,1,0.81428266,0.4799531,0.6285653
1,0,0.58704966,0.6779144,0.17409933
0,1,0.752554,0.55951184,0.505108
0,1,0.8477525,0.42658788,0.695505
1,0,0.89153326,0.34329763,0.7830665
1,0,0.9577818,0.17493078,0.9155636
1,1,0.9996226,0.0033522039,0.99924517
0,1,0.80500764,0.4933815,0.6100153
1,0,0.7049759,0.6065891,0.4099518
1,1,0.9995751,0.0037237543,0.99915016
1,1,0.9997309,0.0024813039,0.99946177
0,0,0.97986865,0.09854987,0.9597373
0,1,0.74578464,0.56691897,0.49156928
1,1,0.81317234,0.4815902,0.6263447
1,1,0.9994267,0.004852137,0.99885345
0,0,0.9694399,0.13668369,0.93887985
0,1,0.99975795,0.0022574547,0.9995159
0,1,0.8109911,0.48478267,0.6219822
1,0,0.7079231,0.6040008,0.41584623
1,1,0.9997454,0.0023613544,0.99949086
1,1,0.8025634,0.49682814,0.60512686
0,1,0.80159354,0.49818534,0.6031871
1,0,0.6466485,0.6494967,0.29329705
1,1,0.99961394,0.0034202253,0.9992279
1,0,0.67338014,0.6317589,0.3467603
1,0,0.9161831,0.28799394,0.8323662
0,1,0.73582476,0.5773789,0.47164953
1,1,0.9965862,0.022798087,0.9931724
1,0,0.6990307,0.61168337,0.3980614
0,1,0.8203232,0.47090298,0.64064646
1,0,0.93238294,0.24743092,0.8647659
0,1,0.73542815,0.5777848,0.4708563
0,1,0.72112215,0.59189034,0.4422443
1,1,0.9995877,0.0036254677,0.9991754
1,1,0.99971455,0.0026150658,0.9994291
1,0,0.5121597,0.6928514,0.02431941
0,1,0.52392274,0.6920022,0.047845483
1,0,0.9422977,0.22059801,0.8845954
0,1,0.9997788,0.0020828324,0.9995576
1,0,0.9807407,0.09514208,0.96148145
0,1,0.81610066,0.47725505,0.6322013
1,0,0.902385,0.3198108,0.80477
1,1,0.8181293,0.4742183,0.6362586
1,0,0.9424644,0.22013202,0.8849288
0,1,0.81157416,0.48393235,0.6231483
0,1,0.8015286,0.49827605,0.60305715
1,0,0.9716521,0.12895155,0.9433042
1,0,0.7234936,0.58962345,0.44698715
0,1,0.8125309,0.4825323,0.62506175
0,1,0.58658,0.6780791,0.17315996
1,0,0.9604407,0.16654111,0.9208814
1,0,0.7206416,0.5923463,0.44128326
0,1,0.76910335,0.54035753,0.5382067
1,1,0.8142364,0.4800215,0.6284728
0,1,0.8136388,0.48090345,0.6272776
0,1,0.8127286,0.48224223,0.62545717
1,0,0.5121597,0.6928514,0.02431941
1,1,0.8185155,0.4736371,0.63703096
1,1,0.8111338,0.48457476,0.6222676
1,0,0.9367542,0.23580652,0.87350845
1,1,0.8809294,0.36506915,0.7618588
0,1,0.8039742,0.4948434,0.6079484
0,1,0.8139319,0.4804712,0.62786376
1,1,0.9996691,0.0029827768,0.99933815
1,1,0.9995877,0.0036254677,0.9991754
1,1,0.99963,0.003293877,0.99925995
1,1,0.53701943,0.6904038,0.07403886
1,1,0.8118111,0.4835862,0.6236222
0,1,0.90281045,0.31886354,0.8056209
0,0,0.886212,0.3543625,0.772424
0,1,0.7052574,0.6063436,0.41051483
0,1,0.81570095,0.47785014,0.6314019
1,1,0.8410421,0.43793777,0.6820842
1,1,0.99971455,0.0026150658,0.9994291
1,1,0.63418317,0.65669173,0.26836634
0,0,0.9081712,0.3067487,0.81634235
1,1,0.5415037,0.6896981,0.083007455
1,1,0.5682406,0.6838045,0.13648117
1,0,0.9883137,0.06361407,0.97662735
0,1,0.81295747,0.4819061,0.62591493
0,1,0.81585073,0.47762722,0.63170147
0,1,0.8179772,0.47444695,0.6359544
1,0,0.7581922,0.5531548,0.51638436
1,1,0.99971455,0.0026150658,0.9994291
0,1,0.8010616,0.49892724,0.60212314
1,0,0.97012895,0.13429365,0.9402579
0,0,0.9549393,0.1837065,0.9098786
0,1,0.5859265,0.67830694,0.17185295
1,1,0.7987384,0.50214636,0.59747684
0,1,0.78805363,0.5165241,0.57610726
1,1,0.9995252,0.0041082306,0.9990504
1,0,0.5283284,0.6915413,0.056656808
1,0,0.98142475,0.09244122,0.9628495
0,1,0.6040385,0.6713402,0.20807695
0,1,0.7871485,0.5177103,0.57429695
1,0,0.9687084,0.13920361,0.9374168
0,1,0.5907212,0.676595,0.18144238
1,1,0.9998399,0.0015592983,0.9996798
1,1,0.7897844,0.51424223,0.57956874
0,1,0.81416047,0.48013368,0.62832093
0,1,0.8160888,0.4772727,0.6321776
1,1,0.9997008,0.0027271076,0.99940157
1,0,0.9085882,0.30579212,0.81717634
0,1,0.7908022,0.5128919,0.58160436
0,1,0.63332975,0.6571597,0.2666595
1,1,0.9996971,0.0027570701,0.9993942
1,1,0.9992817,0.005917513,0.9985634
1,0,0.8884171,0.34981197,0.77683425
1,0,0.7546676,0.55714893,0.50933516
0,1,0.81475055,0.4792608,0.6295011
1,0,0.993912,0.037127137,0.98782396
0,1,0.80164355,0.4981155,0.6032871
0,1,0.8158473,0.4776324,0.63169456
1,0,0.91990083,0.2790115,0.83980167
0,0,0.69771945,0.61278427,0.39543888
1,1,0.8169873,0.47593123,0.63397455
1,1,0.9996226,0.0033522039,0.99924517
1,0,0.9918957,0.047096558,0.98379135
1,1,0.9998141,0.001782879,0.9996282
0,1,0.7998345,0.5006318,0.599669
0,1,0.5865801,0.6780791,0.1731602
1,0,0.9719746,0.12780984,0.9439492
1,1,0.9997008,0.0027271076,0.99940157
0,1,0.78681314,0.51814854,0.5736263
1,0,0.94168484,0.22230622,0.8833697
1,0,0.9986697,0.0101391915,0.99733937
0,1,0.8040748,0.49470136,0.60814965
1,0,0.6563275,0.64344144,0.312655
0,1,0.5815409,0.6797898,0.16308177
0,1,0.5684207,0.6837549,0.13684142
1,0,0.75658345,0.55498624,0.5131669
0,1,0.86821425,0.3897673,0.7364285
1,0,0.52619165,0.69177455,0.052383304
1,1,0.9997212,0.0025605056,0.99944246
0,1,0.8018846,0.49777868,0.6037692
0,0,0.9238789,0.26919192,0.8477578
0,1,0.8145944,0.47949207,0.6291888
1,0,0.994746,0.03281706,0.98949206
1,0,0.9772896,0.10840776,0.95457923
0,0,0.9391072,0.22941715,0.87821436
0,0,0.62024695,0.6639432,0.2404939
1,1,0.99952686,0.004095457,0.9990537
1,1,0.9997869,0.002014458,0.9995738
0,0,0.8936534,0.3388082,0.7873068
0,0,0.9433903,0.21753524,0.8867806
1,0,0.9954383,0.029139236,0.99087656
1,1,0.8115507,0.48396665,0.62310135
1,0,0.94184846,0.22185084,0.8836969
0,1,0.9997788,0.0020828324,0.9995576
1,1,0.8056554,0.49246168,0.61131084
0,1,0.79524285,0.5069269,0.5904857
1,1,0.9997652,0.002196799,0.99953043
1,1,0.8000831,0.5002872,0.6001662
0,1,0.80161667,0.49815303,0.60323334
0,1,0.8140638,0.48027647,0.6281276
0,0,0.5339653,0.6908381,0.06793058
1,0,0.7867035,0.51829165,0.57340705
1,1,0.9997522,0.00230503,0.99950445
0,1,0.79907656,0.5016799,0.5981531
0,0,0.95008326,0.19827002,0.9001665
0,1,0.5599586,0.6859398,0.119917154
0,1,0.8166864,0.47638106,0.6333728
0,1,0.8150588,0.4788039,0.63011765
1,0,0.6289848,0.6594938,0.25796965
1,1,0.99968386,0.0028639894,0.9993677
1,1,0.99975806,0.0022564621,0.9995161
0,1,0.8014706,0.498357,0.60294116
1,0,0.93647015,0.23657155,0.8729403
0,1,0.5303713,0.6913012,0.060742617
1,1,0.99963117,0.0032844557,0.99926233
0,1,0.5118446,0.69286656,0.02368915
0,1,0.50582194,0.69307935,0.011643887
1,1,0.81146723,0.48408848,0.62293446
0,1,0.53007483,0.6913371,0.06014967
1,0,0.94394016,0.2159855,0.8878803
1,1,0.8227908,0.46713513,0.6455816
1,1,0.80152905,0.4982754,0.6030581
0,1,0.9997788,0.0020828324,0.9995576
1,0,0.93391067,0.24340376,0.86782134
0,1,0.8131598,0.48160863,0.62631965
0,0,0.93879074,0.230282,0.8775815
1,0,0.7234936,0.58962345,0.44698715
0,1,0.8146472,0.47941387,0.6292944
1,1,0.8114728,0.48408037,0.62294555
1,0,0.94233215,0.22050174,0.8846643
1,1,0.9997309,0.0024813039,0.99946177
1,0,0.553372,0.6874392,0.10674402
1,1,0.64997405,0.6474627,0.2999481
1,0,0.99046135,0.053870723,0.9809227
0,1,0.79921913,0.5014831,0.59843826
1,1,0.999371,0.0052654576,0.998742
1,1,0.8123627,0.48277888,0.62472534
0,1,0.73217064,0.5810879,0.46434128
1,0,0.69940203,0.6113701,0.39880407
1,0,0.978678,0.10314042,0.957356
1,1,0.99982685,0.001672861,0.9996537
1,1,0.63418317,0.65669173,0.26836634
1,0,0.993912,0.037127137,0.98782396
1,1,0.617646,0.66520476,0.23529196
1,1,0.99999976,3.87412e-06,0.9999995
0,1,0.83477193,0.4482384,0.66954386
1,0,0.75658345,0.55498624,0.5131669
0,1,0.63332975,0.6571597,0.2666595
0,1,0.55995804,0.6859399,0.11991608
1,1,0.99970776,0.0026704404,0.9994155
1,1,0.6758512,0.62995726,0.35170245
1,0,0.98514277,0.077284336,0.97028553
1,0,0.9331882,0.24531287,0.8663764
0,1,0.80242944,0.497016,0.6048589
1,1,0.8140111,0.48035428,0.6280222
0,0,0.9555925,0.18170688,0.911185
0,1,0.79024833,0.51362747,0.58049667
1,0,0.58448356,0.67880356,0.16896713
0,0,0.9497805,0.19916102,0.89956105
0,1,0.7969283,0.50463134,0.5938566
0,0,0.954735,0.18433002,0.90946996
0,1,0.83720195,0.44428068,0.6744039
1,1,0.99948716,0.0043977397,0.9989743
1,0,0.9422791,0.22064993,0.8845582
0,1,0.8146885,0.4793527,0.629377
1,0,0.50061864,0.69314647,0.0012372732
1,1,0.8045847,0.49398065,0.60916936
1,0,0.84961313,0.42337954,0.69922626
0,1,0.5503789,0.6880625,0.10075784
0,0,0.62999856,0.65895647,0.25999713
0,1,0.7523019,0.55979216,0.50460374
1,0,0.9943326,0.03496889,0.9886652
0,1,0.80022466,0.50009084,0.6004493
1,1,0.99952686,0.004095457,0.9990537
1,1,0.56109565,0.6856631,0.12219131
0,1,0.8184162,0.47378662,0.63683236
1,1,0.9997038,0.0027024266,0.99940765
1,1,0.9997522,0.00230503,0.99950445
0,1,0.80003756,0.50035036,0.6000751
0,1,0.59530574,0.6748692,0.19061148
1,0,0.99046135,0.053870723,0.9809227
0,1,0.5036387,0.6931207,0.0072773695
1,0,0.97437006,0.119206585,0.9487401
1,0,0.6563275,0.64344144,0.312655
0,1,0.767037,0.5428319,0.53407395
1,1,0.9997212,0.0025605056,0.99944246
1,0,0.94272673,0.21939799,0.88545346
1,0,0.994746,0.03281706,0.98949206
1,0,0.9161831,0.28799394,0.8323662
0,0,0.9720532,0.127531,0.94410634
1,1,0.99982685,0.001672861,0.9996537
1,1,0.8863568,0.35406524,0.77271354
1,0,0.67024684,0.6340037,0.3404937
1,1,0.8129884,0.4818606,0.6259768
1,1,0.8113645,0.48423842,0.62272894
1,1,0.63418317,0.65669173,0.26836634
0,1,0.8002056,0.5001173,0.6004112
1,0,0.9828359,0.08678693,0.9656718
1,0,0.553372,0.6874392,0.10674402
1,1,0.8116464,0.48382682,0.6232928
1,1,0.814415,0.4797575,0.62882996
1,0,0.68268627,0.624828,0.36537254
1,0,0.553372,0.6874392,0.10674402
0,1,0.6339554,0.6568169,0.26791084
1,1,0.8135683,0.48100734,0.6271366
1,1,0.99971455,0.0026150658,0.9994291
0,1,0.81303895,0.48178634,0.6260779
0,1,0.8030797,0.49610326,0.60615945
0,1,0.8128549,0.48205677,0.6257098
1,0,0.9370414,0.23503181,0.8740828
0,1,0.81398606,0.48039123,0.6279721
0,1,0.76437944,0.545979,0.5287589
0,1,0.81610066,0.47725505,0.6322013
1,0,0.92487717,0.26669297,0.84975433
1,1,0.99971455,0.0026150658,0.9994291
1,0,0.9428013,0.21918899,0.8856026
0,1,0.5327516,0.6910003,0.06550324
1,0,0.932126,0.24810463,0.864252
1,0,0.9960818,0.025625587,0.99216366
0,1,0.81615144,0.47717935,0.6323029
1,1,0.8115316,0.48399448,0.6230632
1,0,0.98578733,0.074566565,0.97157466
0,1,0.6984323,0.6121868,0.39686465
1,1,0.99952686,0.004095457,0.9990537
0,1,0.99975795,0.0022574547,0.9995159
1,1,0.9996062,0.0034810454,0.9992124
0,1,0.5907498,0.6765845,0.1814996
1,1,0.9995078,0.0042410973,0.99901557
0,0,0.9500712,0.19830556,0.90014243
1,0,0.9484659,0.2030078,0.89693177
0,0,0.6163908,0.6658034,0.23278162
0,1,0.819989,0.47141013,0.63997805
1,0,0.9889256,0.06088227,0.97785115
1,0,0.5904906,0.6766795,0.18098113
0,1,0.8140275,0.4803301,0.628055
0,1,0.8217263,0.46876568,0.64345264
0,1,0.82122916,0.4695245,0.6424583
0,1,0.8247881,0.46405488,0.6495762
1,0,0.86863196,0.38897908,0.7372639
1,1,0.7497828,0.5625736,0.4995656
1,1,0.8066173,0.4910909,0.61323464
1,0,0.5121597,0.6928514,0.02431941
0,1,0.7986695,0.5022413,0.59733903
0,1,0.8173941,0.47532207,0.63478816
1,0,0.9405252,0.22552006,0.88105035
1,1,0.63418317,0.65669173,0.26836634
1,0,0.99046135,0.053870723,0.9809227
0,1,0.8208045,0.47017142,0.64160895
1,1,0.8115166,0.48401642,0.62303317
0,0,0.5434123,0.68937314,0.086824626
1,1,0.6163426,0.6658262,0.23268521
1,0,0.7079231,0.6040008,0.41584623
0,1,0.78362334,0.5222836,0.5672467
0,1,0.80490077,0.493533,0.60980153
1,1,0.8121101,0.48314875,0.62422025
0,1,0.79993933,0.5004865,0.59987867
0,1,0.7558456,0.5558215,0.5116912
0,0,0.9350291,0.24043155,0.8700582
0,1,0.81291586,0.4819672,0.6258317
0,0,0.92315197,0.27100283,0.84630394
1,1,0.8115513,0.48396575,0.62310255
1,0,0.9792979,0.10075923,0.95859575
1,0,0.5121597,0.6928514,0.02431941
1,1,0.99970776,0.0026704404,0.9994155
1,0,0.7079231,0.6040008,0.41584623
1,0,0.941264,0.2234754,0.88252795
1,1,1.0,2.763102e-11,1.0
0,1,0.53003913,0.6913414,0.060078263
1,0,0.6380791,0.6545154,0.2761582
1,0,0.92975056,0.25428373,0.8595011
0,1,0.78801394,0.5165762,0.57602787
1,0,0.9322925,0.24766809,0.86458504
1,1,0.99971455,0.0026150658,0.9994291
0,0,0.79869306,0.5022089,0.5973861
1,1,0.8030735,0.496112,0.60614705
1,0,0.9780555,0.10551325,0.95611095
0,1,0.7867141,0.5182779,0.57342815
0,1,0.81435686,0.47984344,0.6287137
0,0,0.96418667,0.15440238,0.92837334
0,0,0.9395588,0.22817978,0.8791176
1,0,0.8964887,0.33273026,0.79297745
1,0,0.5121597,0.6928514,0.02431941
0,0,0.964287,0.15407193,0.92857397
0,1,0.789494,0.5146263,0.57898796
0,1,0.7930164,0.50993264,0.58603275
0,1,0.6163426,0.6658262,0.23268521
1,1,0.8182105,0.47409618,0.63642097
0,1,0.63332975,0.6571597,0.2666595
0,0,0.6441576,0.65098846,0.28831518
0,1,0.8169604,0.4759714,0.6339208
1,1,0.8131058,0.48168802,0.62621164
1,0,0.9772896,0.10840776,0.95457923
0,1,0.82751817,0.45979974,0.65503633
1,0,0.99125993,0.050128162,0.98251987
1,1,0.99970776,0.0026704404,0.9994155
1,0,0.9430776,0.21841395,0.88615525
1,1,0.9994267,0.004852137,0.99885345
1,1,0.8077022,0.48953772,0.61540437
0,1,0.74655634,0.5660869,0.49311268
0,1,0.79118794,0.51237845,0.5823759
0,1,0.80616325,0.49173874,0.6123265
1,1,0.81288695,0.48200968,0.6257739
1,0,0.7049759,0.6065891,0.4099518
1,0,0.94096637,0.2243002,0.88193274
0,1,0.812328,0.48282972,0.62465596
0,1,0.7299259,0.58333254,0.45985174
0,1,0.6286849,0.6596519,0.25736976
1,1,0.5415037,0.6896981,0.083007455
0,1,0.8209939,0.46988302,0.6419878
1,1,0.505362,0.69308966,0.0107239485
1,0,0.7760575,0.5318528,0.55211496
1,0,0.8239751,0.465312,0.6479502
1,1,0.8115216,0.48400915,0.6230432
0,1,0.7923156,0.5108724,0.5846312
1,1,0.5999495,0.67303216,0.19989896
1,0,0.9440462,0.21568601,0.8880924
0,1,0.8163883,0.4768261,0.6327766
1,1,0.9996226,0.0033522039,0.99924517
0,0,0.94908994,0.20118615,0.8981799
1,1,0.6035311,0.67155397,0.20706224
1,1,0.9994267,0.004852137,0.99885345
0,1,0.78791046,0.51671207,0.5758209
1,1,0.999724,0.0025380508,0.99944794
1,1,0.9997309,0.0024813039,0.99946177
1,1,0.63418317,0.65669173,0.26836634
1,0,0.6990307,0.61168337,0.3980614
0,1,0.80109096,0.49888635,0.6021819
1,1,0.9996049,0.003491323,0.99920976
0,1,0.6420729,0.6522162,0.28414583
1,0,0.9943326,0.03496889,0.9886652
1,0,0.993912,0.037127137,0.98782396
0,1,0.8168924,0.47607312,0.6337848
1,0,0.9941905,0.035701245,0.988381
1,1,0.63418317,0.65669173,0.26836634
1,1,0.81304073,0.4817837,0.62608147
1,0,0.9106524,0.30102578,0.8213048
0,1,0.8215845,0.46898228,0.64316905
1,0,0.98240626,0.08852044,0.9648125
1,0,0.9674417,0.1435256,0.93488336
0,1,0.8151511,0.47866702,0.6303022
1,1,0.9998203,0.0017295255,0.9996406
1,0,0.54327035,0.6893978,0.0865407
0,0,0.93879235,0.23027758,0.8775847
1,1,0.9995751,0.0037237543,0.99915016
0,1,0.5775009,0.6810858,0.15500176
0,0,0.50160515,0.69314206,0.0032102764
1,0,0.9424853,0.22007376,0.88497055
1,1,0.9996691,0.0029827768,0.99933815
1,1,0.99973804,0.0024224133,0.9994761
1,0,0.5121597,0.6928514,0.02431941
0,1,0.78874266,0.5156178,0.5774853
0,1,0.5347385,0.6907317,0.06947696
1,1,0.8117932,0.4836123,0.6235864
0,0,0.9547123,0.18439922,0.90942454
1,1,0.81154597,0.4839735,0.62309194
1,0,0.50061864,0.69314647,0.0012372732
0,1,0.57280624,0.6825079,0.14561248
1,1,0.80158454,0.4981979,0.6031691
0,1,0.5987078,0.6735321,0.19741559
1,0,0.9741804,0.1198958,0.9483608
1,0,0.9148752,0.2911108,0.8297504
1,1,0.9998203,0.0017295255,0.9996406
1,0,0.97268665,0.12527542,0.9453733
0,1,0.7871485,0.5177103,0.57429695
1,1,0.9997212,0.0025605056,0.99944246
0,0,0.9548292,0.1840426,0.90965843
0,1,0.7872379,0.5175934,0.57447577
1,0,0.52183694,0.69219315,0.043673873
0,0,0.59641004,0.67444044,0.19282007
0,0,0.96885926,0.13868548,0.9377185
0,0,0.6413791,0.6526206,0.2827582
1,0,0.9440971,0.21554214,0.8881942
1,0,0.7321656,0.581093,0.46433112
1,1,0.9997789,0.0020818294,0.99955785
0,1,0.6925829,0.6170184,0.3851658
1,1,0.8118209,0.4835718,0.62364185
1,1,0.8067212,0.49094248,0.6134424
1,0,0.60779214,0.6697255,0.21558425
1,0,0.99347365,0.03934491,0.9869473
1,0,0.9093396,0.30406305,0.8186792
1,1,0.8134,0.48125523,0.62679994
0,1,0.81447333,0.47967118,0.62894666
1,0,0.94257814,0.21981391,0.8851563
0,1,0.722353,0.5907173,0.44470596
1,0,0.50061864,0.69314647,0.0012372732
0,1,0.951711,0.19344616,0.903422
0,0,0.94949996,0.199985,0.8989999
1,1,0.99971455,0.0026150658,0.9994291
0,1,0.802838,0.49644282,0.60567605
0,1,0.8197038,0.4718423,0.63940763
1,1,0.9997522,0.00230503,0.99950445
1,0,0.993912,0.037127137,0.98782396
1,0,0.9423243,0.22052369,0.88464856
1,1,0.8117316,0.4837024,0.62346315
1,1,0.99963117,0.0032844557,0.99926233
1,0,0.746689,0.5659435,0.49337804
1,0,0.9352226,0.23991513,0.87044525
1,1,0.8101294,0.4860353,0.6202588
1,0,0.553372,0.6874392,0.10674402
0,0,0.97568405,0.11439117,0.9513681
0,1,0.5775009,0.6810858,0.15500176
1,0,0.92975056,0.25428373,0.8595011
1,0,0.5121597,0.6928514,0.02431941
1,1,0.63418317,0.65669173,0.26836634
1,1,0.999326,0.005595578,0.998652
0,1,0.7552233,0.5565237,0.51044655
1,1,0.9997372,0.002429294,0.9994744
1,0,0.67338014,0.6317589,0.3467603
1,1,0.79162294,0.51179844,0.5832459
0,1,0.80215156,0.49740523,0.6043031
0,0,0.932988,0.24584049,0.865976
0,1,0.7988277,0.5020233,0.5976554
0,1,0.8172671,0.47551233,0.63453424
1,1,0.9997154,0.0026082546,0.9994308
1,1,0.6022932,0.67207086,0.20458639
1,0,0.9929278,0.0420657,0.9858556
1,0,0.98482275,0.07862317,0.9696455
1,1,0.5133347,0.6927915,0.026669383
1,1,0.63418317,0.65669173,0.26836634
1,1,0.9997454,0.0023613544,0.99949086
1,1,0.999371,0.0052654576,0.998742
1,1,0.52796376,0.69158244,0.055927515
1,1,0.9481115,0.20403878,0.89622295
1,0,0.9425156,0.21998888,0.8850312
1,0,0.50061864,0.69314647,0.0012372732
0,0,0.97342634,0.122622214,0.9468527
1,0,0.93921703,0.22911644,0.87843406
1,0,0.9833456,0.08471601,0.96669126
0,0,0.95022565,0.19785026,0.9004513
1,0,0.58704966,0.6779144,0.17409933
0,1,0.5507424,0.68798876,0.101484776
1,1,0.9994753,0.004487453,0.9989506
0,1,0.78140974,0.5251179,0.5628195
1,0,0.8082304,0.4887788,0.6164608
0,0,0.5249193,0.6919048,0.049838573
1,0,0.50061864,0.69314647,0.0012372732
1,1,0.8163776,0.4768421,0.63275516
1,1,0.9995684,0.0037755272,0.9991368
1,0,0.9654643,0.15017137,0.9309286
0,1,0.76892346,0.54057384,0.5378469
1,0,0.6990307,0.61168337,0.3980614
1,0,0.67024684,0.6340037,0.3404937
0,1,0.6040381,0.67134035,0.20807624
1,1,0.99952686,0.004095457,0.9990537
1,1,0.8277642,0.45941368,0.6555284
0,1,0.8025362,0.49686635,0.6050724
1,0,0.9680145,0.14157772,0.93602896
1,0,0.9452574,0.21224953,0.89051485
1,0,0.98030627,0.09684477,0.96061254
1,0,0.6189668,0.6645677,0.23793367
1,0,0.94210875,0.22112541,0.8842175
0,0,0.5007467,0.6931461,0.0014934242
1,1,0.8219182,0.46847236,0.6438364
0,1,0.71576947,0.59690464,0.43153894
1,1,0.9997309,0.0024813039,0.99946177
0,1,0.7884729,0.515973,0.5769458
1,0,0.67833483,0.6281183,0.35666966
0,1,0.8113524,0.48425606,0.62270474
1,1,0.81160223,0.48389137,0.62320447
1,1,0.9997309,0.0024813039,0.99946177
1,1,0.85999745,0.40496808,0.7199949
1,1,0.50376695,0.6931188,0.007533908
0,1,0.5950771,0.6749573,0.1901542
0,0,0.94940424,0.20026577,0.8988085
0,1,0.8356908,0.44674695,0.6713816
1,0,0.9411505,0.22379011,0.882301
0,1,0.84280425,0.4349904,0.6856085
1,0,0.9298761,0.25395942,0.8597522
1,1,0.813922,0.4804858,0.627844
0,1,0.9997788,0.0020828324,0.9995576
1,0,0.85699874,0.41037446,0.7139975
0,1,0.7997419,0.50075996,0.59948385
1,1,0.6612599,0.6401963,0.32251978
1,1,0.6212306,0.66345847,0.2424612
0,1,0.8148138,0.47916716,0.6296276
1,0,0.65269613,0.6457616,0.30539224
0,1,0.81654274,0.47659558,0.6330855
1,1,0.6168586,0.6655811,0.2337172
1,1,0.79705375,0.50445974,0.5941075
0,1,0.58171964,0.6797309,0.16343927
1,1,0.99971455,0.0026150658,0.9994291
1,0,0.95713085,0.17695764,0.9142617
1,0,0.9654643,0.15017137,0.9309286
1,0,0.9499974,0.19852279,0.89999485
0,1,0.81435204,0.4798506,0.6287041
1,1,0.5303713,0.6913012,0.060742617
0,1,0.81405973,0.48028243,0.62811947
0,1,0.674821,0.6307118,0.34964204
0,1,0.81953317,0.47210062,0.63906634
1,1,0.9997212,0.0025605056,0.99944246
1,1,0.99961394,0.0034202253,0.9992279
0,1,0.7157467,0.5969256,0.4314934
1,0,0.9423442,0.22046809,0.8846884
1,1,0.9994267,0.004852137,0.99885345
1,0,0.7049759,0.6065891,0.4099518
0,1,0.82675946,0.4609875,0.6535189
0,1,0.75600064,0.55564624,0.5120013
0,1,0.81385094,0.48059064,0.6277019
1,1,0.63418317,0.65669173,0.26836634
1,0,0.9425124,0.2199979,0.8850248
1,1,0.58168083,0.67974365,0.16336167
0,0,0.6161305,0.6659267,0.23226091
1,0,0.6289848,0.6594938,0.25796965
0,1,0.8260267,0.4621308,0.65205336
1,1,0.99973804,0.0024224133,0.9994761
0,1,0.74020696,0.57284033,0.4804139
1,1,0.9951079,0.030906796,0.9902158
1,0,0.6189668,0.6645677,0.23793367
1,1,0.999278,0.005944251,0.998556
0,1,0.7916266,0.5117936,0.58325315
0,1,0.8212631,0.4694728,0.64252615
1,1,0.99965453,0.0030990036,0.99930906
0,1,0.81700623,0.47590286,0.63401246
1,0,0.6960324,0.6141886,0.3920648
0,1,0.629852,0.6590344,0.259704
1,1,0.9998203,0.0017295255,0.9996406
1,0,0.9941091,0.036119413,0.9882182
0,1,0.6113249,0.66815174,0.22264981
1,1,0.87441087,0.37791494,0.74882174
1,1,0.6172117,0.66541266,0.2344234
1,0,0.9443532,0.21481751,0.88870645
1,1,0.5347385,0.6907317,0.06947696
1,1,0.8139033,0.48051345,0.62780654
1,1,0.8114439,0.48412248,0.62288785
0,1,0.79077405,0.5129293,0.5815481
1,0,0.9409334,0.22439149,0.8818668
0,1,0.5614622,0.68557286,0.12292445
1,0,0.6990307,0.61168337,0.3980614
1,0,0.993912,0.037127137,0.98782396
1,0,0.553372,0.6874392,0.10674402
1,0,0.63071084,0.65857625,0.2614217
1,1,0.8010033,0.49900842,0.60200655
0,1,0.8024851,0.496938,0.6049702
0,1,0.5682406,0.6838045,0.13648117
1,0,0.553372,0.6874392,0.10674402
0,0,0.96492577,0.15196055,0.92985153
1,1,0.78223073,0.52407,0.56446147
0,1,0.7727111,0.5359797,0.5454222
1,1,0.9996971,0.0027570701,0.9993942
1,1,0.9997309,0.0024813039,0.99946177
1,1,0.90084565,0.3232209,0.8016913
0,1,0.81291145,0.48197368,0.6258229
1,0,0.6990307,0.61168337,0.3980614
1,1,0.9993555,0.005379494,0.998711
1,0,0.94015133,0.22655088,0.88030267
0,1,0.76695013,0.5429354,0.53390026
0,1,0.77414006,0.5342253,0.5482801
0,1,0.8133018,0.48139974,0.6266036
1,1,0.6500871,0.6473927,0.30017424
1,0,0.92975056,0.25428373,0.8595011
0,1,0.8137179,0.48078683,0.6274358
1,1,0.99975854,0.0022524914,0.9995171
0,1,0.80161226,0.49815923,0.6032245
1,1,0.9994783,0.004464938,0.99895656
0,1,0.57309085,0.68242425,0.1461817
0,0,0.9243574,0.2679959,0.8487148
0,0,0.9672391,0.14421216,0.93447816
1,0,0.9739572,0.12070529,0.94791436
1,1,0.8020169,0.49759364,0.6040338
0,1,0.76928765,0.5401357,0.5385753
1,1,0.81167763,0.48378122,0.62335527
1,1,0.9997372,0.002429294,0.9994744
0,1,0.55974174,0.68599194,0.11948347
0,1,0.7627433,0.5478971,0.5254866
0,0,0.9688462,0.13873035,0.9376924
0,0,0.9453101,0.2120993,0.89062023
0,1,0.7870707,0.517812,0.5741414
0,1,0.8176299,0.47496843,0.63525975
0,1,0.58199537,0.67963976,0.16399074
1,0,0.66709864,0.6362143,0.33419725
0,0,0.9430217,0.21857092,0.8860434
1,0,0.94249225,0.22005416,0.8849845
1,0,0.94267637,0.21953899,0.88535273
1,0,0.6960324,0.6141886,0.3920648
1,0,0.9402959,0.2261526,0.88059175
1,0,0.553372,0.6874392,0.10674402
1,0,0.5904906,0.6766795,0.18098113
1,0,0.67024684,0.6340037,0.3404937
1,1,0.99954945,0.0039219665,0.9990989
1,1,0.81428576,0.47994855,0.6285715
1,0,0.9402959,0.2261526,0.88059175
0,0,0.97040206,0.13334182,0.9408041
1,0,0.97069126,0.13233103,0.9413825
0,1,0.8078711,0.4892952,0.6157422
1,0,0.9429972,0.21863961,0.88599443
0,1,0.81294507,0.4819243,0.62589014
0,0,0.7454473,0.5672818,0.49089453
0,1,0.81579745,0.47770655,0.6315949
1,1,0.82986903,0.4560938,0.65973806
0,1,0.7991095,0.5016344,0.59821904
1,0,0.6365943,0.6553526,0.27318862
1,0,0.9422837,0.22063707,0.8845674
0,0,0.95865434,0.17219737,0.9173087
1,1,0.99941134,0.004966707,0.9988227
1,1,0.8112784,0.48436394,0.6225568
1,1,0.8111471,0.48455536,0.6222942
0,1,0.79954576,0.50103146,0.59909153
1,0,0.6433945,0.65144014,0.2867889
1,0,0.996567,0.022906996,0.993134
0,1,0.8113602,0.48424467,0.62272036
1,0,0.5121597,0.6928514,0.02431941
1,1,0.99952686,0.004095457,0.9990537
0,1,0.8026731,0.4966743,0.6053462
0,1,0.81797206,0.47445464,0.6359441
0,1,0.7987002,0.50219905,0.5974004
0,1,0.7892448,0.5149556,0.57848954
1,1,0.9994783,0.004464938,0.99895656
0,0,0.95356274,0.18788826,0.9071255
1,0,0.9669284,0.14526232,0.93385684
1,0,0.94054407,0.22546785,0.88108814
1,1,0.9996574,0.0030761885,0.9993148
1,1,0.811494,0.48404938,0.622988
1,0,0.9451892,0.21244389,0.89037836
1,0,0.87258023,0.38145217,0.74516046
1,1,0.8119633,0.48336357,0.62392664
1,1,0.9992817,0.005917513,0.9985634
1,1,0.9992084,0.0064445282,0.9984168
1,0,0.95165265,0.19362003,0.9033053
1,0,0.97364897,0.12181958,0.94729793
1,0,0.74082303,0.5721943,0.48164603
1,1,0.793133,0.509776,0.58626604
1,0,0.67024684,0.6340037,0.3404937
1,0,0.553372,0.6874392,0.10674402
0,1,0.91732895,0.285245,0.8346579
0,1,0.69678193,0.6135664,0.39356387
1,1,0.9997309,0.0024813039,0.99946177
0,1,0.80155206,0.49824327,0.6031041
1,1,0.9996226,0.0033522039,0.99924517
0,1,0.76248384,0.5481999,0.5249677
0,1,0.81295204,0.48191404,0.6259041
1,1,0.81265163,0.48235515,0.62530327
1,0,0.9093396,0.30406305,0.8186792
1,1,0.9996691,0.0029827768,0.99933815
0,1,0.76494163,0.5453166,0.52988327
0,1,0.8025362,0.49686635,0.6050724
0,0,0.95003164,0.19842204,0.9000633
0,1,0.6188079,0.6646447,0.23761582
1,0,0.50061864,0.69314647,0.0012372732
0,1,0.80278623,0.4965155,0.60557246
0,1,0.8132087,0.48153675,0.6264174
0,1,0.8021626,0.4973898,0.6043252
0,1,0.55104476,0.68792695,0.102089524
0,0,0.96945584,0.13662869,0.9389117
1,1,0.6172117,0.66541266,0.2344234
0,1,0.8113792,0.48421693,0.6227584
1,0,0.9489983,0.20145431,0.89799654
0,1,0.9997788,0.0020828324,0.9995576
0,1,0.5863509,0.67815924,0.17270184
1,1,0.63346326,0.65708673,0.26692653
1,1,0.99971455,0.0026150658,0.9994291
0,1,0.8139317,0.48047146,0.6278634
0,1,0.7038951,0.6075278,0.40779018
1,0,0.98578733,0.074566565,0.97157466
0,1,0.8298287,0.45615777,0.65965736
1,1,0.8169636,0.4759666,0.6339272
1,0,0.5121597,0.6928514,0.02431941
1,0,0.98994005,0.056276795,0.9798801
0,1,0.94687414,0.20761825,0.8937483
0,0,0.9598043,0.16856563,0.9196086
0,1,0.5733223,0.682356,0.14664459
0,1,0.8041479,0.49459815,0.6082958
0,1,0.85191435,0.41937405,0.7038287
0,0,0.5252657,0.6918699,0.050531417
0,1,0.63332975,0.6571597,0.2666595
0,0,0.9547278,0.18435182,0.90945566
1,1,0.9997372,0.002429294,0.9994744
1,1,0.63331145,0.6571697,0.2666229
1,1,0.99969697,0.002758036,0.99939394
0,1,0.5379339,0.6902665,0.07586777
1,0,0.5613935,0.6855898,0.12278697
1,0,0.9426744,0.2195445,0.8853488
0,1,0.59095,0.67651093,0.18190002
0,1,0.8203696,0.4708326,0.6407392
0,1,0.7997777,0.5007105,0.5995554
1,1,0.63418317,0.65669173,0.26836634
1,1,0.8141532,0.48014444,0.6283064
1,0,0.82148725,0.4691308,0.6429745
0,1,0.81474525,0.47926867,0.6294905
1,1,0.9995751,0.0037237543,0.99915016
1,0,0.9687745,0.1389767,0.937549
1,0,0.9499974,0.19852279,0.89999485
0,1,0.82940924,0.4568217,0.6588185
1,1,0.5995909,0.6731772,0.1991818
1,1,0.8149637,0.478945,0.6299274
1,0,0.9923253,0.04501961,0.9846506
0,1,0.7528241,0.55921113,0.50564826
1,1,0.8174836,0.47518784,0.6349672
1,0,0.9206886,0.27708423,0.84137726
0,1,0.80264944,0.4967075,0.6052989
1,0,0.89763504,0.33024848,0.7952701
0,1,0.7582891,0.553044,0.5165782
1,1,0.8118168,0.4835778,0.6236336
1,1,0.7970922,0.50440717,0.5941844
0,0,0.9490002,0.20144875,0.89800036
0,1,0.7538267,0.5580919,0.50765336
1,0,0.9265466,0.26248163,0.85309315
0,1,0.62242126,0.66286635,0.24484253
1,1,0.99952686,0.004095457,0.9990537
1,0,0.9715451,0.1293295,0.9430902
0,1,0.61855125,0.66476893,0.23710251
0,1,0.7313375,0.581924,0.46267498
1,1,0.811505,0.4840333,0.62301004
0,1,0.7485396,0.56393385,0.49707925
1,0,0.50061864,0.69314647,0.0012372732
1,0,0.94667566,0.20818965,0.8933513
0,1,0.73481095,0.57841486,0.4696219
1,1,0.52796376,0.69158244,0.055927515
0,1,0.5819667,0.67964923,0.1639334
0,1,0.74615,0.5665254,0.49230003
0,1,0.9997788,0.0020828324,0.9995576
0,1,0.8022268,0.49729994,0.60445356
0,1,0.9997788,0.0020828324,0.9995576
1,0,0.5121597,0.6928514,0.02431941
0,1,0.813107,0.48168623,0.626214
0,0,0.6721469,0.63264775,0.3442938
0,1,0.58556414,0.6784324,0.17112827
1,1,0.81289095,0.4820038,0.6257819
1,0,0.9881014,0.064554155,0.97620285
1,1,0.78234,0.5239303,0.56468
1,1,0.8166165,0.4764855,0.63323295
1,0,0.94369483,0.21667764,0.88738966
1,0,0.50061864,0.69314647,0.0012372732
1,1,0.63418317,0.65669173,0.26836634
1,1,0.9995751,0.0037237543,0.99915016
0,0,0.90891206,0.30504775,0.8178241
1,0,0.9727936,0.124893054,0.94558716
1,0,0.7079231,0.6040008,0.41584623
0,1,0.81459045,0.47949785,0.6291809
1,1,0.9997454,0.0023613544,0.99949086
1,1,0.8110757,0.48465943,0.6221514
0,0,0.50347906,0.693123,0.006958127
1,0,0.981256,0.09310983,0.962512
1,0,0.89153326,0.34329763,0.7830665
0,0,0.5007467,0.6931461,0.0014934242
0,1,0.7998861,0.5005603,0.5997722
1,1,0.63418317,0.65669173,0.26836634
1,1,0.8112882,0.48434973,0.62257636
0,0,0.5849408,0.67864704,0.16988155
0,1,0.5284922,0.6915227,0.056984425
0,0,0.9694548,0.13663211,0.93890965
1,1,0.9994267,0.004852137,0.99885345
0,1,0.79797286,0.5031998,0.5959457
0,1,0.7472834,0.5653,0.4945668
1,0,0.98551804,0.07570548,0.9710361
1,1,0.9994492,0.004683977,0.9988984
1,1,0.9996214,0.0033615977,0.9992428
0,1,0.5951064,0.674946,0.19021285
0,1,0.71155685,0.6007518,0.4231137
1,1,0.80463773,0.49390554,0.60927546
1,0,0.9422421,0.22075322,0.8844842
0,1,0.8144556,0.47969735,0.62891126
0,1,0.516356,0.69261205,0.032711983
0,1,0.8039742,0.4948434,0.6079484
1,1,0.7998215,0.5006498,0.599643
1,0,0.94320494,0.21805637,0.8864099
0,1,0.7592645,0.5519262,0.51852906
1,1,0.99967647,0.0029234677,0.99935293
1,0,0.6524504,0.6459166,0.30490077
1,0,0.5578915,0.68642926,0.11578295
1,1,0.8192424,0.47254032,0.63848484
1,1,0.9995751,0.0037237543,0.99915016
1,1,0.9997825,0.0020516992,0.999565
1,1,0.9998418,0.0015426173,0.9996836
1,0,0.9711979,0.13055316,0.9423958
0,1,0.5599584,0.68593985,0.1199168
0,1,0.9187374,0.2818423,0.8374748
1,1,0.9994753,0.004487453,0.9989506
1,1,0.8101789,0.4859635,0.62035775
1,0,0.9601781,0.16737781,0.92035615
0,1,0.8401583,0.4394073,0.68031657
0,1,0.8014939,0.49832445,0.60298777
0,1,0.81302637,0.48180485,0.62605274
1,0,0.9947771,0.032654025,0.98955417
1,1,0.63418317,0.65669173,0.26836634
0,1,0.7514913,0.5606908,0.5029826
1,1,0.5324595,0.6910384,0.064918995
1,0,0.9499974,0.19852279,0.89999485
1,1,0.9996691,0.0029827768,0.99933815
1,1,0.5303713,0.6913012,0.060742617
0,1,0.7871485,0.5177103,0.57429695
1,0,0.729143,0.5841093,0.45828608
1,1,0.6172117,0.66541266,0.2344234
0,0,0.6338945,0.65685034,0.267789
1,0,0.99928147,0.005919109,0.99856293
1,0,0.9842557,0.080978714,0.96851134
1,1,0.81407875,0.48025438,0.6281575
0,1,0.8140791,0.48025388,0.6281582
1,0,0.94343734,0.21740295,0.8868747
1,1,0.99954945,0.0039219665,0.9990989
1,0,0.942532,0.21994306,0.885064
0,1,0.7871485,0.5177103,0.57429695
1,0,0.7079231,0.6040008,0.41584623
1,0,0.5121597,0.6928514,0.02431941
1,1,0.81860113,0.47350803,0.63720226
1,0,0.7960863,0.50578034,0.5921726
0,1,0.77959377,0.52742165,0.55918753
0,1,0.80168396,0.49805906,0.6033679
0,1,0.6159892,0.6659935,0.23197842
0,1,0.92881817,0.25668532,0.85763633
0,1,0.8111248,0.48458785,0.6222496
1,1,0.8043805,0.4942695,0.60876095
1,1,0.9996613,0.0030447787,0.99932265
0,1,0.7848172,0.520743,0.56963444
1,0,0.6088624,0.66925424,0.21772477
0,1,0.77192754,0.53693676,0.5438551
0,1,0.80704004,0.49048656,0.6140801
1,0,0.67639434,0.6295575,0.35278872
1,0,0.9375878,0.2335538,0.8751756
0,1,0.8116329,0.4838466,0.62326574
0,1,0.7892083,0.51500374,0.5784166
0,1,0.8127183,0.48225737,0.62543654
0,1,0.89352065,0.33909065,0.7870413
0,1,0.985154,0.07723739,0.97030795
0,0,0.97688735,0.109917454,0.9537747
1,0,0.9468901,0.20757222,0.89378023
1,1,0.8119728,0.48334974,0.6239456
1,1,0.99961394,0.0034202253,0.9992279
1,0,0.96446157,0.15349606,0.92892313
0,0,0.71744174,0.5953533,0.43488348
0,1,0.8049538,0.4934578,0.6099076
0,1,0.81564397,0.47793484,0.63128793
0,1,0.78768814,0.51700366,0.5753763
0,1,0.8186172,0.4734838,0.63723445
1,0,0.9499974,0.19852279,0.89999485
1,1,0.8131887,0.4815662,0.62637734
1,0,0.9752878,0.11585072,0.9505756
1,1,0.81291044,0.48197517,0.6258209
1,1,0.99954945,0.0039219665,0.9990989
0,1,0.9313054,0.2502491,0.8626108
1,0,0.9422172,0.22082277,0.88443434
1,1,0.99999,0.00012528554,0.99998
0,1,0.70848614,0.6035016,0.41697228
0,1,0.8167914,0.47622412,0.63358283
0,1,0.7737492,0.53470635,0.54749835
1,1,0.9994783,0.004464938,0.99895656
1,1,0.8146914,0.4793484,0.62938285
1,0,0.9687745,0.1389767,0.937549
0,0,0.9548849,0.18387263,0.9097698
0,1,0.77163583,0.5372922,0.54327166
1,0,0.99197185,0.046730023,0.9839437
0,0,0.94509137,0.21272227,0.89018273
1,1,0.52796376,0.69158244,0.055927515
0,0,0.5060408,0.6930742,0.012081653
0,1,0.8149785,0.47892308,0.62995696
0,1,0.7536641,0.5582738,0.50732815
1,1,0.7873098,0.5174992,0.57461965
1,0,0.94980717,0.19908263,0.89961433
1,1,0.81142044,0.48415673,0.6228409
1,0,0.9954383,0.029139236,0.99087656
0,1,0.6040381,0.67134035,0.20807624
0,0,0.5651835,0.68462515,0.13036701
0,1,0.79880184,0.5020589,0.5976037
1,0,0.6289848,0.6594938,0.25796965
1,0,0.97829,0.104621395,0.95658004
1,0,0.954871,0.18391503,0.909742
1,0,0.95657146,0.17869121,0.9131429
1,0,0.98030627,0.09684477,0.96061254
0,0,0.93308353,0.24558875,0.86616707
1,1,0.79836696,0.50265795,0.5967339
0,1,0.75812405,0.55323267,0.5162481
1,0,0.8907319,0.3449825,0.78146374
0,1,0.8601479,0.4046949,0.7202958
0,0,0.97477347,0.117735796,0.94954693
0,0,0.93222934,0.24783379,0.8644587
0,1,0.7488924,0.5635487,0.49778485
1,1,0.99971455,0.0026150658,0.9994291
0,1,0.8032511,0.4958623,0.6065022
1,0,0.7546676,0.55714893,0.50933516
1,0,0.9889256,0.06088227,0.97785115
0,1,0.8288354,0.457728,0.65767086
1,0,0.94248223,0.2200822,0.88496447
1,1,0.8115472,0.4839717,0.62309444
0,0,0.9147482,0.29141232,0.8294964
0,1,0.79018545,0.51371086,0.5803709
0,1,0.75868535,0.5525906,0.5173707
1,0,0.9450399,0.21286866,0.89007986
1,0,0.7960863,0.50578034,0.5921726
1,0,0.89914834,0.32695025,0.7982967
1,1,0.9997454,0.0023613544,0.99949086
0,0,0.9556771,0.18144727,0.9113542
0,1,0.57266325,0.68254983,0.1453265
0,1,0.812897,0.4819949,0.62579405
1,0,0.9709197,0.13153046,0.94183946
1,0,0.7960863,0.50578034,0.5921726
0,1,0.73564076,0.57756734,0.47128153
1,0,0.94263285,0.21966079,0.8852657
1,1,0.81417966,0.48010534,0.6283593
1,0,0.65647614,0.64334524,0.31295228
1,0,0.96670455,0.14601713,0.9334091
1,0,0.7079231,0.6040008,0.41584623
1,0,0.7960863,0.50578034,0.5921726
0,1,0.5053534,0.69308984,0.010706782
1,0,0.6524582,0.64591163,0.30491638
1,0,0.9322076,0.24789079,0.86441517
0,0,0.91513216,0.2905002,0.83026433
1,1,0.9484098,0.20317113,0.8968196
0,0,0.9660425,0.1482405,0.93208504
1,0,0.9093396,0.30406305,0.8186792
1,0,0.9436454,0.21681693,0.88729084
0,0,0.58751607,0.6777499,0.17503214
0,1,0.8141179,0.48019654,0.6282358
1,1,0.99970776,0.0026704404,0.9994155
0,1,0.6212356,0.66345596,0.24247122
0,1,0.80390114,0.4949465,0.6078023
1,0,0.9942243,0.035527557,0.9884486
0,1,0.9118748,0.29817867,0.82374954
0,1,0.81241846,0.48269713,0.6248369
0,1,0.78805244,0.5165256,0.5761049
0,1,0.5733224,0.682356,0.14664483
0,1,0.8128379,0.4820817,0.6256758
1,0,0.7079231,0.6040008,0.41584623
0,1,0.81717277,0.4756536,0.63434553
0,1,0.62123513,0.6634562,0.24247026
0,1,0.8161595,0.47716734,0.632319
1,0,0.7760575,0.5318528,0.55211496
1,0,0.9429689,0.21871904,0.8859378
0,1,0.81299716,0.4818477,0.6259943
0,1,0.58029133,0.6801978,0.16058266
0,1,0.5865797,0.67807925,0.17315936
1,1,0.999326,0.005595578,0.998652
1,1,0.99975854,0.0022524914,0.9995171
0,1,0.7871933,0.5176517,0.5743866
0,1,0.8151423,0.47868007,0.63028455
1,0,0.7245393,0.5886149,0.44907853
0,1,0.9997788,0.0020828324,0.9995576
0,1,0.7982761,0.50278294,0.59655225
0,1,0.8168299,0.47616655,0.63365984
1,1,0.9998029,0.0018788053,0.9996058
0,1,0.8209816,0.46990174,0.64196324
0,1,0.96843386,0.14014478,0.9368677
1,1,0.53701943,0.6904038,0.07403886
1,0,0.9731846,0.123491704,0.9463692
1,0,0.9416334,0.22244933,0.8832668
0,1,0.71730703,0.5954788,0.43461406
1,1,0.8114039,0.48418093,0.62280774
1,0,0.92975056,0.25428373,0.8595011
0,0,0.50581133,0.6930796,0.0116226375
1,0,0.81042325,0.48560864,0.6208465
1,0,0.920138,0.2784322,0.840276
0,1,0.61223984,0.66773564,0.22447968
0,1,0.75884426,0.55240846,0.5176885
1,1,0.5616055,0.68553734,0.123211026
1,0,0.5578915,0.68642926,0.11578295
0,1,0.80230606,0.4971889,0.6046121
1,1,0.9996214,0.0033615977,0.9992428
1,0,0.84961313,0.42337954,0.69922626
1,1,0.5059499,0.6930764,0.011899829
1,0,0.5578915,0.68642926,0.11578295
0,0,0.95557785,0.18175186,0.9111557
1,0,0.943402,0.21750239,0.886804
0,0,0.923879,0.26919168,0.84775805
1,1,0.81631935,0.476929,0.6326387
0,1,0.81125134,0.4844034,0.6225027
1,0,0.94025606,0.22626235,0.8805121
0,1,0.55972534,0.6859959,0.11945069
1,1,0.8409072,0.43816245,0.68181443
0,1,0.5503789,0.6880625,0.10075784
0,1,0.8140418,0.48030895,0.6280836
1,0,0.6189668,0.6645677,0.23793367
0,1,0.80779463,0.48940504,0.61558926
1,1,0.9996971,0.0027570701,0.9993942
1,0,0.75016886,0.5621495,0.5003377
0,1,0.78511417,0.5203585,0.57022834
1,0,0.6466485,0.6494967,0.29329705
1,0,0.94131964,0.2233209,0.8826393
1,0,0.7079231,0.6040008,0.41584623
1,0,0.9423808,0.22036579,0.8847616
1,1,0.8115406,0.48398137,0.6230812
1,1,0.99967647,0.0029234677,0.99935293
1,0,0.9978343,0.01544986,0.99566865
0,1,0.53267324,0.6910106,0.06534648
1,1,0.99971455,0.0026150658,0.9994291
0,1,0.8154845,0.47817189,0.63096905
0,1,0.81082493,0.48502463,0.62164986
1,1,0.99971455,0.0026150658,0.9994291
1,0,0.94026387,0.22624083,0.88052773
0,1,0.78540474,0.51998174,0.5708095
0,1,0.81414557,0.48015568,0.62829113
1,1,0.9997008,0.0027271076,0.99940157
0,1,0.75927484,0.55191433,0.5185497
1,0,0.942264,0.22069198,0.88452804
0,1,0.8140168,0.48034585,0.62803364
1,0,0.9866806,0.07075051,0.97336125
1,0,0.58704966,0.6779144,0.17409933
0,0,0.5249193,0.6919048,0.049838573
0,0,0.55836594,0.68631846,0.11673185
0,1,0.7985579,0.50239515,0.59711576
0,0,0.9466259,0.20833272,0.8932518
1,1,0.9996971,0.0027570701,0.9993942
1,1,0.99968266,0.0028735946,0.9993653
1,1,0.99963117,0.0032844557,0.99926233
1,1,0.9995252,0.0041082306,0.9990504
0,1,0.80105287,0.49893934,0.60210574
1,0,0.9416724,0.22234094,0.88334477
1,1,0.99933964,0.005495776,0.9986793
1,1,0.99971455,0.0026150658,0.9994291
1,0,0.9427638,0.21929412,0.8855276
0,1,0.80285764,0.4964153,0.6057153
0,1,0.5282568,0.6915494,0.056513548
1,1,0.99978083,0.0020657673,0.99956167
0,1,0.79884887,0.50199413,0.59769773
0,1,0.813906,0.4805094,0.627812
0,1,0.50589174,0.6930778,0.011783481
0,1,0.81529343,0.47845572,0.63058686
0,0,0.8997696,0.32558888,0.7995392
0,1,0.8110593,0.48468333,0.6221186
1,0,0.6289848,0.6594938,0.25796965
0,0,0.9499888,0.1985483,0.89997756
1,1,0.99971455,0.0026150658,0.9994291
0,1,0.8127183,0.48225737,0.62543654
0,1,0.95676464,0.17809339,0.9135293
0,1,0.81714326,0.47569776,0.6342865
1,0,0.9184762,0.2824753,0.83695245
0,1,0.78598,0.5192344,0.57196
0,1,0.8143154,0.47990477,0.62863076
1,0,0.5904906,0.6766795,0.18098113
0,0,0.91381484,0.2936217,0.8276297
1,1,0.9998111,0.0018084557,0.9996222
1,1,0.81133527,0.484281,0.62267053
1,1,0.99969006,0.0028139718,0.9993801
0,1,0.81425595,0.47999257,0.6285119
0,1,0.77870226,0.52854556,0.5574045
1,0,0.9383117,0.23158792,0.8766234
0,1,0.81735075,0.47538698,0.6347015
0,1,0.8023546,0.49712092,0.60470915
0,1,0.598435,0.6736411,0.19686997
0,1,0.7861903,0.5189607,0.57238054
1,1,0.8131946,0.4815575,0.62638915
0,1,0.84134513,0.4374326,0.68269026
0,1,0.8145314,0.4795853,0.6290628
0,1,0.9997788,0.0020828324,0.9995576
1,0,0.9414523,0.22295251,0.88290465
0,1,0.8070231,0.49051082,0.6140462
1,0,0.9399543,0.22709332,0.87990856
1,0,0.9871458,0.06873961,0.97429156
1,1,0.54325473,0.68940055,0.086509466
1,0,0.9925891,0.043732207,0.98517823
1,1,0.7928476,0.5101593,0.58569515
0,0,0.96492535,0.15196194,0.9298507
1,1,0.8159781,0.47743756,0.6319562
1,0,0.5121597,0.6928514,0.02431941
1,1,0.8658303,0.39423692,0.7316606
1,1,0.81294525,0.48192403,0.6258905
0,1,0.6286091,0.6596918,0.25721824
1,0,0.93476045,0.24114728,0.8695209
0,0,0.9491529,0.201002,0.8983058
0,1,0.8130598,0.48175567,0.6261196
1,1,0.83307236,0.45098096,0.6661447
1,0,0.97478974,0.11767618,0.9495795
0,1,0.80967695,0.48669106,0.6193539
1,0,0.993912,0.037127137,0.98782396
1,0,0.51210964,0.6928538,0.024219245
0,1,0.8140687,0.48026925,0.62813735
1,0,0.7454945,0.56723106,0.49098897
1,0,0.94225717,0.22071117,0.88451433
1,0,0.9604407,0.16654111,0.9208814
0,1,0.79902685,0.50174856,0.5980537
1,0,0.64012754,0.65334475,0.28025508
0,1,0.8068042,0.49082386,0.61360836
1,0,0.98142475,0.09244122,0.9628495
1,0,0.88685876,0.3530329,0.7737175
0,1,0.9997577,0.0022594398,0.9995154
0,1,0.8141743,0.48011327,0.6283486
1,0,0.98339516,0.08451386,0.9667903
1,0,0.9704747,0.13308814,0.94094944
0,1,0.63431656,0.65661836,0.26863313
0,1,0.7264936,0.5867153,0.4529872
0,1,0.8112198,0.4844494,0.6224396
0,1,0.80664325,0.49105382,0.6132865
0,1,0.81424683,0.48000604,0.62849367
0,1,0.5678739,0.683905,0.13574779
1,1,0.81113774,0.484569,0.6222755
0,0,0.93204737,0.24831054,0.86409473
0,1,0.8130576,0.4817589,0.6261152
0,1,0.80274475,0.49657378,0.6054895
0,1,0.8171765,0.47564796,0.63435304
0,1,0.81957763,0.47203332,0.63915527
0,1,0.51531076,0.6926783,0.030621529
0,1,0.54341483,0.6893727,0.08682966
0,1,0.81124365,0.48441464,0.6224873
1,1,0.8152347,0.4785429,0.63046944
0,1,0.59530574,0.6748692,0.19061148
1,0,0.93463165,0.24149005,0.8692633
0,1,0.7877515,0.51692057,0.575503
0,1,0.8139739,0.48040918,0.6279478
1,0,0.90907294,0.3046775,0.8181459
0,0,0.9390596,0.22954726,0.87811923
1,0,0.9034281,0.31748474,0.80685616
1,0,0.9365135,0.2364549,0.87302697
0,1,0.78910357,0.51514196,0.57820714
0,0,0.9445919,0.21414126,0.88918376
1,1,0.999371,0.0052654576,0.998742
1,1,0.8119101,0.4834414,0.6238202
1,1,0.51895976,0.69242805,0.03791952
0,0,0.91460866,0.29174334,0.8292173
1,1,0.9996226,0.0033522039,0.99924517
0,1,0.81367064,0.48085654,0.6273413
0,1,0.52825683,0.6915494,0.056513667
0,1,0.7872377,0.5175936,0.5744754
0,1,0.77534026,0.5327427,0.5506805
0,1,0.79985523,0.5006031,0.59971046
1,0,0.7079231,0.6040008,0.41584623
0,1,0.7866638,0.5183435,0.57332754
0,1,0.63332975,0.6571597,0.2666595
1,0,0.97117877,0.13062052,0.94235754
1,1,0.6542838,0.6447544,0.30856764
0,1,0.78362334,0.5222836,0.5672467
0,1,0.62929946,0.6593275,0.25859892
1,1,0.999597,0.0035528964,0.999194
1,1,0.8128582,0.48205185,0.62571645
1,1,0.99940705,0.0049986076,0.9988141
0,1,0.8123995,0.4827249,0.624799
1,1,0.63594097,0.65571797,0.27188194
1,0,0.9374642,0.23388861,0.87492836
0,1,0.8327804,0.45145,0.66556084
0,1,0.8025045,0.4969108,0.60500896
1,0,0.7801089,0.52677006,0.56021786
0,1,0.81166685,0.48379698,0.6233337
1,0,0.98994005,0.056276795,0.9798801
0,1,0.74113315,0.57186836,0.4822663
0,1,0.785532,0.5198166,0.571064
0,1,0.81466407,0.4793889,0.62932813
1,1,0.9992084,0.0064445282,0.9984168
1,0,0.97448355,0.11879348,0.9489671
1,0,0.7914338,0.51205075,0.5828676
1,1,0.8388575,0.4415596,0.67771494
0,1,0.62104064,0.6635524,0.24208128
1,0,0.94289064,0.21893856,0.8857813
1,0,0.99899215,0.007961564,0.9979843
1,1,0.8132635,0.48145616,0.62652695
1,0,0.97117877,0.13062052,0.94235754
0,1,0.81153184,0.48399413,0.6230637
1,0,0.5121597,0.6928514,0.02431941
0,1,0.81581503,0.4776804,0.63163006
1,0,0.99134207,0.04973932,0.98268414
1,1,0.9996613,0.0030447787,0.99932265
1,0,0.9452625,0.21223506,0.890525
1,0,0.9383117,0.23158792,0.8766234
0,1,0.80407,0.49470818,0.60814
1,1,0.8143554,0.47984564,0.62871075
1,0,0.92975056,0.25428373,0.8595011
0,0,0.9616293,0.16273125,0.92325854
0,0,0.5552068,0.68703914,0.11041355
0,1,0.8039742,0.4948434,0.6079484
1,0,0.9986697,0.0101391915,0.99733937
0,0,0.6309586,0.6584435,0.26191723
0,1,0.7257592,0.5874314,0.45151842
0,0,0.94881654,0.20198527,0.8976331
0,1,0.80725634,0.49017692,0.6145127
1,0,0.92975056,0.25428373,0.8595011
1,0,0.89153326,0.34329763,0.7830665
1,1,0.81396264,0.48042583,0.6279253
1,0,0.50061864,0.69314647,0.0012372732
0,0,0.9410909,0.22395526,0.88218176
1,0,0.746689,0.5659435,0.49337804
1,1,0.8109837,0.48479342,0.62196743
0,1,0.80151516,0.49829477,0.6030303
0,1,0.8077534,0.48946422,0.61550677
1,0,0.6323978,0.65766716,0.2647955
1,1,0.574255,0.6820787,0.14850998
1,1,0.9995782,0.0036996817,0.99915636
0,1,0.89199185,0.34233052,0.7839837
1,0,0.993912,0.037127137,0.98782396
0,1,0.5158714,0.6926433,0.03174281
1,0,0.8965478,0.33260268,0.7930956
1,0,0.94667566,0.20818965,0.8933513
0,1,0.59906656,0.67338836,0.19813311
0,1,0.7953615,0.5067659,0.59072304
1,0,0.6962588,0.614001,0.39251754
1,0,0.6960324,0.6141886,0.3920648
0,1,0.81158644,0.48391438,0.6231729
1,1,0.99963117,0.0032844557,0.99926233
1,0,0.97842735,0.104098104,0.9568547
1,0,0.9953472,0.02962888,0.9906944
0,1,0.8146232,0.47944945,0.62924635
0,1,0.80247283,0.49695516,0.60494566
0,1,0.81289977,0.48199084,0.62579954
1,1,0.8118084,0.48359013,0.6236168
0,1,0.80512154,0.49321994,0.6102431
0,1,0.95700586,0.17734565,0.9140117
1,0,0.9759712,0.1133291,0.95194244
1,0,0.6088624,0.66925424,0.21772477
1,1,0.9996383,0.0032278462,0.99927664
1,1,0.8113518,0.48425692,0.62270355
1,0,0.9739965,0.12056277,0.94799304
1,1,0.9994492,0.004683977,0.9988984
0,1,0.99975795,0.0022574547,0.9995159
1,1,0.63418317,0.65669173,0.26836634
1,0,0.94107306,0.22400469,0.8821461
1,1,0.81520677,0.4785844,0.63041353
1,0,0.8771921,0.37248248,0.75438416
0,1,0.5891847,0.6771539,0.1783694
1,0,0.5578915,0.68642926,0.11578295
0,1,0.81305003,0.48177004,0.62610006
1,0,0.94129014,0.22340278,0.8825803
0,1,0.7999469,0.500476,0.5998938
1,1,0.999846,0.0015060476,0.99969196
0,1,0.7747388,0.5334867,0.5494776
1,0,0.942685,0.21951482,0.88537
0,0,0.5007467,0.6931461,0.0014934242
1,1,0.9997309,0.0024813039,0.99946177
0,1,0.9997788,0.0020828324,0.9995576
1,1,0.99948716,0.0043977397,0.9989743
1,0,0.9950468,0.031231044,0.9900936
1,0,0.9838069,0.08282812,0.9676138
0,1,0.8174209,0.47528183,0.6348418
0,1,0.7893963,0.5147554,0.5787926
0,1,0.8234212,0.46616596,0.64684236
0,1,0.5138845,0.69276154,0.02776897
0,0,0.56458324,0.6847818,0.12916648
1,0,0.8396207,0.44029832,0.6792414
0,1,0.79524285,0.5069269,0.5904857
1,0,0.5121597,0.6928514,0.02431941
1,1,0.80293936,0.49630052,0.6058787
0,1,0.81989866,0.47154713,0.63979733
1,0,0.5121597,0.6928514,0.02431941
0,1,0.5368767,0.6904249,0.07375336
1,0,0.9610451,0.16460851,0.9220902
1,0,0.50061864,0.69314647,0.0012372732
1,1,0.99965346,0.0031075529,0.9993069
0,1,0.81289166,0.48200274,0.6257833
0,1,0.8141635,0.4801292,0.628327
1,0,0.9918957,0.047096558,0.98379135
1,1,0.8114351,0.48413533,0.6228702
1,1,0.99954176,0.003981142,0.9990835
1,0,0.5398848,0.68996215,0.07976964
1,0,0.553372,0.6874392,0.10674402
0,1,0.7589345,0.552305,0.517869
1,0,0.98153794,0.09199185,0.9630759
1,0,0.99197185,0.046730023,0.9839437
0,1,0.85265297,0.4180795,0.70530593
0,1,0.8196508,0.47192252,0.63930166
1,0,0.96679705,0.14570546,0.9335941
0,1,0.8360918,0.4460941,0.67218363
1,0,0.94250333,0.22002317,0.88500667
1,0,0.9918957,0.047096558,0.98379135
0,1,0.81847376,0.47369993,0.6369475
1,0,0.50061864,0.69314647,0.0012372732
0,1,0.78764135,0.517065,0.5752827
0,1,0.8040825,0.49469054,0.608165
1,1,0.96707857,0.14475511,0.93415713
1,0,0.7374798,0.5756765,0.4749596
0,1,0.80446124,0.4941553,0.6089225
0,1,0.8041093,0.49465275,0.60821855
1,1,0.99967647,0.0029234677,0.99935293
0,1,0.5859265,0.67830694,0.17185295
1,1,0.848015,0.42613685,0.69603
1,0,0.72632766,0.58687735,0.4526553
0,1,0.99977964,0.002075808,0.9995593
0,1,0.61697954,0.6655234,0.23395908
1,1,0.9996214,0.0033615977,0.9992428
1,0,0.96667236,0.14612556,0.9333447
1,1,0.8126736,0.48232287,0.62534726
1,0,0.993912,0.037127137,0.98782396
0,1,0.8149785,0.47892308,0.62995696
1,1,0.9994267,0.004852137,0.99885345
1,1,0.9996049,0.003491323,0.99920976
1,1,0.99973804,0.0024224133,0.9994761
1,0,0.9547738,0.1842117,0.90954757
1,1,0.99965346,0.0031075529,0.9993069
0,0,0.9504118,0.19730096,0.9008236
0,0,0.97127235,0.13029109,0.9425447
1,1,0.63418317,0.65669173,0.26836634
0,1,0.767038,0.5428307,0.534076
0,1,0.81610066,0.47725505,0.6322013
0,0,0.94343644,0.21740538,0.8868729
1,1,0.99967647,0.0029234677,0.99935293
1,0,0.94914454,0.20102645,0.8982891
1,1,0.79854375,0.5024146,0.5970875
1,1,0.5234634,0.6920457,0.046926856
0,1,0.81445676,0.47969568,0.6289135
1,0,0.93757296,0.233594,0.8751459
1,1,0.9996544,0.0030999533,0.9993088
1,0,0.6339822,0.6568022,0.2679644
0,1,0.813206,0.48154068,0.62641203
1,1,0.99971455,0.0026150658,0.9994291
1,0,0.58704966,0.6779144,0.17409933
1,1,0.99963117,0.0032844557,0.99926233
0,1,0.76775205,0.54197836,0.5355041
1,1,0.6709967,0.63347054,0.34199345
1,0,0.8396207,0.44029832,0.6792414
1,0,0.6674695,0.6359562,0.33493903
0,1,0.7464506,0.5662011,0.4929012
0,1,0.79091716,0.51273894,0.5818343
1,0,0.9954383,0.029139236,0.99087656
0,1,0.81610066,0.47725505,0.6322013
0,1,0.51881665,0.6924389,0.0376333
1,0,0.6560861,0.6435975,0.31217217
0,1,0.7802746,0.5265602,0.56054926
1,0,0.99046135,0.053870723,0.9809227
1,1,0.79734135,0.5040661,0.5946827
1,1,0.63418317,0.65669173,0.26836634
1,0,0.9604407,0.16654111,0.9208814
1,0,0.9935298,0.039062493,0.9870596
1,0,0.94667566,0.20818965,0.8933513
1,1,0.7996709,0.50085837,0.59934175
1,1,0.9997454,0.0023613544,0.99949086
1,0,0.9417134,0.22222678,0.8834268
0,1,0.81417114,0.48011792,0.6283423
0,0,0.96112555,0.16435046,0.9222511
0,1,0.8176482,0.47494102,0.63529634
0,1,0.58171964,0.6797309,0.16343927
0,1,0.7639973,0.5464283,0.52799463
0,0,0.9507622,0.19626485,0.9015244
1,1,0.6758512,0.62995726,0.35170245
0,1,0.8020227,0.49758554,0.6040454
0,0,0.9572767,0.17650443,0.9145534
1,1,0.6035311,0.67155397,0.20706224
1,1,0.8102883,0.48580462,0.6205766
0,1,0.81311095,0.48168048,0.6262219
1,1,0.79904234,0.50172716,0.5980847
0,1,0.668036,0.6355608,0.33607197
1,0,0.7079231,0.6040008,0.41584623
0,0,0.9061239,0.3114152,0.81224775
0,0,0.5259087,0.69180405,0.051817387
1,1,0.9997212,0.0025605056,0.99944246
0,1,0.71731055,0.5954755,0.4346211
1,0,0.94667566,0.20818965,0.8933513
1,0,0.7937697,0.50891906,0.58753943
1,0,0.920138,0.2784322,0.840276
1,1,0.9997309,0.0024813039,0.99946177
0,1,0.80149984,0.49831617,0.6029997
0,1,0.81994194,0.4714815,0.6398839
1,1,0.8011344,0.4988258,0.6022688
0,0,0.9383408,0.2315087,0.87668157
1,0,0.9945432,0.033876646,0.9890864
0,0,0.95082825,0.19606927,0.9016565
1,1,0.99971455,0.0026150658,0.9994291
0,1,0.6040381,0.67134035,0.20807624
1,0,0.9918957,0.047096558,0.98379135
0,1,0.9818917,0.090582736,0.9637834
1,0,0.993912,0.037127137,0.98782396
1,1,0.81301033,0.4818284,0.62602067
0,1,0.8141406,0.480163,0.62828124
0,1,0.60834724,0.66948164,0.21669447
1,1,0.7822349,0.5240647,0.5644698
0,1,0.8153102,0.47843087,0.63062036
1,1,0.63418317,0.65669173,0.26836634
0,1,0.8025362,0.49686635,0.6050724
0,1,0.63709027,0.655074,0.27418053
1,1,0.8151952,0.47860157,0.6303904
1,1,0.99971455,0.0026150658,0.9994291
0,1,0.81145763,0.48410246,0.62291527
1,1,0.81134266,0.48427022,0.6226853
0,1,0.7615661,0.54926795,0.5231322
1,1,0.8133648,0.481307,0.6267296
1,0,0.9314957,0.2497527,0.86299145
1,1,0.87884206,0.3692258,0.7576841
0,1,0.73494416,0.578279,0.46988833
0,0,0.5830629,0.6792841,0.16612574
1,0,0.58938575,0.67708135,0.1787715
0,1,0.5644009,0.6848291,0.12880182
0,0,0.9728407,0.12472442,0.94568145
0,1,0.7919601,0.51134807,0.58392024
0,1,0.57773167,0.6810136,0.15546334
0,1,0.7354477,0.5777648,0.4708954
1,1,0.9140339,0.29310417,0.8280678
1,1,0.9997583,0.002254477,0.9995166
1,1,0.6172117,0.66541266,0.2344234
0,1,0.9997788,0.0020828324,0.9995576
1,1,0.5415037,0.6896981,0.083007455
0,1,0.57266325,0.68254983,0.1453265
1,1,0.9995372,0.004015944,0.99907446
1,1,0.8166346,0.47645843,0.6332692
0,0,0.9491412,0.20103621,0.8982824
0,1,0.81681514,0.47618863,0.6336303
0,0,0.9798436,0.09864706,0.95968723
1,1,0.9994267,0.004852137,0.99885345
1,1,0.9996226,0.0033522039,0.99924517
1,0,0.9889256,0.06088227,0.97785115
1,0,0.9680811,0.14135036,0.93616223
0,1,0.9333967,0.24476278,0.8667934
1,0,0.97441125,0.119056776,0.9488225
1,1,0.9994753,0.004487453,0.9989506
0,1,0.81885695,0.4731223,0.6377139
0,1,0.5597254,0.6859959,0.11945081
0,1,0.81363684,0.48090634,0.6272737
0,1,0.8147445,0.47926983,0.62948895
1,0,0.9774124,0.1079455,0.9548248
0,1,0.839985,0.43969476,0.67997
1,0,0.97390014,0.12091182,0.9478003
1,0,0.75355756,0.5583929,0.5071151
0,1,0.61223984,0.66773564,0.22447968
1,0,0.9492185,0.20080988,0.898437
0,1,0.7615151,0.5493272,0.52303016
1,0,0.766024,0.5440361,0.532048
1,1,0.8117783,0.48363408,0.6235566
1,0,0.993912,0.037127137,0.98782396
1,0,0.9414461,0.2229698,0.88289225
0,1,0.81729704,0.47546744,0.6345941
0,1,0.80213314,0.497431,0.6042663
1,0,0.9167634,0.28660387,0.83352685
0,1,0.8166464,0.4764408,0.6332928
1,1,0.9996207,0.0033672324,0.99924135
1,1,0.9996971,0.0027570701,0.9993942
1,0,0.993912,0.037127137,0.98782396
0,1,0.8706291,0.38518912,0.74125814
1,0,0.841764,0.4367332,0.68352795
1,0,0.67024684,0.6340037,0.3404937
1,1,0.99999,0.00012528554,0.99998
1,1,0.8114705,0.48408365,0.622941
1,1,0.58168083,0.67974365,0.16336167
1,1,0.8130945,0.48170465,0.626189
0,1,0.81402713,0.4803306,0.62805426
1,1,0.8119337,0.4834069,0.6238674
0,1,0.75391483,0.55799323,0.50782967
1,0,0.9507532,0.19629145,0.9015064
0,1,0.80465925,0.4938751,0.6093185
0,1,0.5469718,0.688728,0.093943596
0,1,0.65679264,0.64314,0.31358528
1,1,0.81858414,0.47353363,0.6371683
1,1,0.81130373,0.48432702,0.62260747
0,1,0.78801435,0.5165757,0.5760287
1,1,0.81192195,0.4834241,0.6238439
1,0,0.71085274,0.60138637,0.4217055
1,0,0.941129,0.22384962,0.88225806
1,0,0.94187915,0.2217653,0.8837583
0,1,0.7717505,0.5371525,0.543501
0,1,0.7891544,0.51507485,0.5783088
0,1,0.7957438,0.50624645,0.59148765
1,1,0.8239379,0.46536946,0.6478758
1,0,0.92435175,0.26801005,0.8487035
1,1,0.8116641,0.48380098,0.6233282
1,1,0.60525745,0.67082226,0.2105149
0,1,0.80046064,0.4997632,0.6009213
0,1,0.8029473,0.49628937,0.60589457
1,0,0.9555103,0.18195905,0.91102064
0,1,0.81400967,0.4803564,0.62801933
0,1,0.802488,0.49693388,0.60497606
0,0,0.5994971,0.67321503,0.19899413
0,1,0.7475423,0.56501913,0.49508464
1,1,0.99954176,0.003981142,0.9990835
1,1,0.81148314,0.48406523,0.6229663
0,1,0.99975795,0.0022574547,0.9995159
0,0,0.7400961,0.5729564,0.48019215
1,0,0.993912,0.037127137,0.98782396
0,1,0.9997788,0.0020828324,0.9995576
0,0,0.533965,0.6908382,0.06792998
0,1,0.568901,0.68362224,0.137802
0,0,0.5263854,0.69175416,0.052770883
0,1,0.68889344,0.6199832,0.37778687
1,0,0.7079231,0.6040008,0.41584623
1,0,0.6960324,0.6141886,0.3920648
0,1,0.7052307,0.606367,0.41046143
0,1,0.82447773,0.46453536,0.64895546
1,0,0.9435732,0.21702047,0.88714635
0,0,0.5645832,0.6847818,0.12916636
0,1,0.80258083,0.49680373,0.60516167
1,0,0.993912,0.037127137,0.98782396
0,1,0.9997788,0.0020828324,0.9995576
0,1,0.75906193,0.55215883,0.51812387
1,1,0.75135463,0.56084204,0.50270927
1,1,0.9768521,0.110049374,0.95370424
1,0,0.9839579,0.08220735,0.9679158
1,0,0.9426271,0.21967694,0.88525414
1,1,0.81155396,0.48396185,0.6231079
1,0,0.75658345,0.55498624,0.5131669
1,0,0.993912,0.037127137,0.98782396
1,0,0.920138,0.2784322,0.840276
1,1,0.8165848,0.47653276,0.63316965
1,0,0.9947599,0.03274432,0.98951983
1,1,0.63418317,0.65669173,0.26836634
0,0,0.95992655,0.16817753,0.9198531
0,1,0.7904456,0.5133656,0.58089125
0,1,0.8112774,0.48436543,0.6225548
1,0,0.53219545,0.69107264,0.06439087
0,0,0.95148546,0.19411792,0.9029709
0,1,0.80192673,0.49771982,0.60385346
1,1,0.799878,0.5005715,0.599756
1,0,0.68268627,0.624828,0.36537254
1,0,0.98030627,0.09684477,0.96061254
1,1,0.792226,0.5109924,0.58445203
0,1,0.81404245,0.480308,0.6280849
1,1,0.8115514,0.48396558,0.6231028
1,1,0.99961394,0.0034202253,0.9992279
0,1,0.8345393,0.448615,0.6690786
1,0,0.7319404,0.58131933,0.4638808
1,1,0.99971455,0.0026150658,0.9994291
0,1,0.8154821,0.47817552,0.63096416
1,1,0.61223984,0.66773564,0.22447968
1,0,0.94323975,0.21795855,0.8864795
1,1,0.7863402,0.51876545,0.57268035
1,1,0.9995252,0.0041082306,0.9990504
1,0,0.9499974,0.19852279,0.89999485
1,1,0.80241334,0.49703854,0.6048267
1,1,0.8110535,0.48469177,0.622107
1,1,0.79911613,0.5016253,0.59823227
1,1,0.9997212,0.0025605056,0.99944246
0,0,0.9489908,0.20147604,0.89798164
1,1,0.99978787,0.0020063939,0.99957573
1,1,0.7996709,0.50085837,0.59934175
1,0,0.70201194,0.60914993,0.40402386
0,1,0.5865797,0.67807925,0.17315936
1,0,0.9871458,0.06873961,0.97429156
0,1,0.5420303,0.68960994,0.08406055
0,1,0.75597036,0.5556805,0.5119407
0,1,0.8182879,0.4739797,0.6365758
0,1,0.5733223,0.682356,0.14664459
0,1,0.78692484,0.5180026,0.5738497
1,0,0.6435252,0.6513629,0.28705037
1,1,0.8133101,0.48138756,0.6266202
0,0,0.95511276,0.18317646,0.9102255
1,1,0.81198245,0.48333558,0.6239649
1,1,0.8163566,0.47687346,0.6327132
1,0,0.99816394,0.013401728,0.9963279
0,1,0.6762821,0.6296402,0.35256422
1,1,0.7992875,0.50138855,0.598575
1,0,0.67877275,0.62779105,0.3575455
1,1,0.6487968,0.6481883,0.2975936
0,1,0.60812205,0.6695807,0.2162441
1,0,0.5121597,0.6928514,0.02431941
0,1,0.6040381,0.67134035,0.20807624
0,0,0.97154814,0.12931874,0.9430963
1,1,0.8115524,0.4839641,0.6231048
0,1,0.7987434,0.50213945,0.59748685
0,1,0.53731114,0.6903603,0.07462227
0,1,0.9997788,0.0020828324,0.9995576
1,0,0.871391,0.38373387,0.742782
1,0,0.94667566,0.20818965,0.8933513
0,1,0.81471556,0.47931263,0.6294311
0,1,0.7224447,0.5906295,0.44488943
0,1,0.80415833,0.49458343,0.60831666
0,0,0.9548055,0.1841149,0.909611
1,0,0.75728935,0.5541843,0.5145787
0,1,0.7719643,0.53689194,0.5439286
1,0,0.9610451,0.16460851,0.9220902
1,1,0.99978334,0.0020446605,0.9995667
1,1,0.8131613,0.48160642,0.6263226
1,0,0.9974522,0.017761303,0.9949044
1,1,0.91489977,0.29105252,0.82979953
0,0,0.9180228,0.28357196,0.8360456
1,0,0.6525192,0.6458732,0.30503842
1,0,0.5121597,0.6928514,0.02431941
1,0,0.94064873,0.22517875,0.88129747
1,1,0.8115483,0.4839701,0.6230966
1,0,0.66709864,0.6362143,0.33419725
1,1,0.81176716,0.4836504,0.6235343
1,0,0.9974522,0.017761303,0.9949044
0,1,0.81691486,0.47603953,0.6338297
0,1,0.9997788,0.0020828324,0.9995576
0,1,0.70118403,0.60985774,0.40236807
1,0,0.97012895,0.13429365,0.9402579
0,1,0.79680705,0.50479704,0.5936141
1,1,0.99978846,0.0020013514,0.9995769
1,0,0.94568896,0.21101832,0.8913779
1,1,0.99967647,0.0029234677,0.99935293
1,1,0.80662245,0.49108356,0.6132449
1,0,0.7760575,0.5318528,0.55211496
1,0,0.93858063,0.23085517,0.87716126
1,0,0.95246917,0.19117968,0.90493834
0,0,0.8865722,0.35362256,0.77314436
0,1,0.5404955,0.6898638,0.08099103
0,1,0.8162137,0.47708648,0.63242745
1,0,0.993912,0.037127137,0.98782396
1,0,0.9222312,0.27328587,0.8444624
1,0,0.8396207,0.44029832,0.6792414
0,1,0.5997136,0.6731276,0.19942725
0,1,0.7620049,0.5487579,0.5240098
0,1,0.8142478,0.48000467,0.6284956
0,1,0.74020934,0.5728378,0.48041868
0,1,0.80276823,0.4965408,0.60553646
0,1,0.77147484,0.5374881,0.5429497
1,0,0.50061864,0.69314647,0.0012372732
0,0,0.914134,0.2928674,0.82826805
1,1,0.99967647,0.0029234677,0.99935293
1,1,0.81149054,0.48405445,0.6229811
0,1,0.7738181,0.5346216,0.54763615
0,1,0.79965174,0.50088483,0.5993035
1,0,0.8396207,0.44029832,0.6792414
1,1,0.9997793,0.0020788186,0.99955857
1,1,0.7987059,0.50219125,0.59741175
1,1,0.9995597,0.0038428616,0.9991194
1,0,0.67024684,0.6340037,0.3404937
1,1,0.99961394,0.0034202253,0.9992279
1,0,0.94291556,0.2188687,0.8858311
0,1,0.8010749,0.49890867,0.60214984
1,0,0.8661252,0.3936867,0.73225045
0,1,0.9387165,0.2304847,0.87743294
1,0,0.8683614,0.38948977,0.7367228
0,0,0.51565945,0.69265664,0.031318903
1,1,0.999597,0.0035528964,0.999194
1,0,0.8765118,0.3738178,0.7530236
0,1,0.8041479,0.49459815,0.6082958
0,1,0.57773155,0.6810136,0.1554631
1,1,0.7972548,0.5041846,0.5945096
1,0,0.9412155,0.22360983,0.88243103
0,1,0.9997788,0.0020828324,0.9995576
0,1,0.5293968,0.6914178,0.058793545
1,0,0.9918957,0.047096558,0.98379135
0,1,0.8288248,0.45774472,0.65764964
1,1,0.6172116,0.6654127,0.23442316
1,1,0.8661874,0.39357057,0.7323748
1,0,0.993912,0.037127137,0.98782396
0,1,0.78488487,0.5206554,0.56976974
1,1,0.8164105,0.47679302,0.63282096
1,1,0.99971455,0.0026150658,0.9994291
0,1,0.81431293,0.47990838,0.62862587
0,1,0.5505604,0.6880257,0.10112083
1,1,0.81335056,0.48132798,0.6267011
1,0,0.9664593,0.14684238,0.93291855
1,1,0.9997372,0.002429294,0.9994744
0,1,0.68136764,0.6258342,0.36273527
0,1,0.7893309,0.51484185,0.5786618
1,0,0.8396207,0.44029832,0.6792414
1,0,0.9889256,0.06088227,0.97785115
1,0,0.7079231,0.6040008,0.41584623
1,1,0.66695064,0.63631713,0.3339013
0,1,0.5909499,0.67651093,0.18189979
0,1,0.79989755,0.5005444,0.5997951
1,0,0.57077616,0.683095,0.14155233
1,0,0.920138,0.2784322,0.840276
1,0,0.8765118,0.3738178,0.7530236
1,1,0.62929946,0.6593275,0.25859892
1,1,0.63418317,0.65669173,0.26836634
0,1,0.82903117,0.4574191,0.65806234
1,0,0.7685612,0.54100907,0.53712237
0,1,0.573091,0.6824242,0.14618194
1,0,0.92394173,0.2690351,0.84788346
1,0,0.9507532,0.19629145,0.9015064
0,1,0.8096708,0.48669994,0.6193416
1,0,0.96670455,0.14601713,0.9334091
0,1,0.7936555,0.50907296,0.587311
0,1,0.52368635,0.6920247,0.0473727
1,0,0.5121597,0.6928514,0.02431941
0,1,0.81157154,0.4839362,0.6231431
1,1,0.81130105,0.48433092,0.6226021
0,1,0.52951336,0.6914041,0.05902672
0,0,0.9430217,0.21857092,0.8860434
1,0,0.9825478,0.087950416,0.96509564
0,1,0.7879149,0.5167062,0.57582974
1,1,0.55253536,0.68761706,0.10507071
1,0,0.94892496,0.20166858,0.8978499
1,0,0.9415351,0.22272252,0.88307023
1,0,0.8275413,0.45976347,0.6550826
1,1,0.99970776,0.0026704404,0.9994155
0,1,0.81145436,0.48410726,0.6229087
0,1,0.7884062,0.5160607,0.5768124
1,1,0.9997652,0.002196799,0.99953043
0,1,0.8214759,0.46914804,0.64295185
1,0,0.58938575,0.67708135,0.1787715
1,1,0.82722056,0.46026614,0.6544411
1,1,0.8010728,0.49891162,0.60214555
1,1,0.9995252,0.0041082306,0.9990504
0,1,0.7867063,0.51828796,0.57341266
0,1,0.7703558,0.538846,0.54071164
1,1,0.9995751,0.0037237543,0.99915016
0,1,0.8152381,0.47853786,0.63047624
1,0,0.9953948,0.029372953,0.99078965
1,0,0.9950468,0.031231044,0.9900936
0,1,0.8019537,0.4976821,0.60390735
1,0,0.9248193,0.26683822,0.8496386
0,0,0.94509137,0.21272227,0.89018273
1,0,0.94002026,0.22691174,0.8800405
1,0,0.92905295,0.25608182,0.8581059
0,1,0.7690128,0.5404664,0.5380256
0,1,0.8288807,0.45765656,0.65776145
1,1,0.79422754,0.5083014,0.5884551
0,1,0.8179784,0.47444516,0.63595676
0,0,0.9080149,0.30710673,0.8160298
0,1,0.5997136,0.6731276,0.19942725
1,1,0.6338632,0.6568675,0.26772642
1,1,0.8064733,0.49129647,0.6129466
0,0,0.9751514,0.11635162,0.95030284
1,1,0.63418317,0.65669173,0.26836634
0,1,0.5503789,0.6880625,0.10075784
1,0,0.9950468,0.031231044,0.9900936
1,0,0.8463018,0.42907077,0.6926036
1,0,0.9794839,0.10004101,0.9589678
0,1,0.8128446,0.48207194,0.62568915
0,1,0.7893309,0.51484185,0.5786618
0,0,0.9672978,0.14401339,0.9345956
0,1,0.8129957,0.4818499,0.62599134
1,0,0.94266397,0.21957375,0.88532794
0,1,0.8163689,0.4768551,0.63273776
1,1,0.9995864,0.0036356852,0.9991728
1,0,0.6533668,0.64533746,0.30673364
1,0,0.7079231,0.6040008,0.41584623
0,0,0.9074081,0.30849382,0.81481624
0,1,0.8031136,0.49605566,0.60622716
0,1,0.7801039,0.5267764,0.56020784
0,1,0.77774894,0.5297423,0.5554979
0,1,0.81406635,0.4802727,0.6281327
1,1,0.9995252,0.0041082306,0.9990504
0,1,0.6539021,0.64499754,0.30780423
1,0,0.50061864,0.69314647,0.0012372732
0,1,0.57773155,0.6810136,0.1554631
1,0,0.9126744,0.29630607,0.82534885
0,0,0.6314977,0.6581538,0.26299536
1,1,0.9998399,0.0015592983,0.9996798
1,0,0.9741804,0.1198958,0.9483608
0,1,0.8168884,0.4760791,0.6337768
0,1,0.5997136,0.6731276,0.19942725
0,1,0.8416514,0.43692133,0.68330276
1,1,0.81341606,0.48123157,0.6268321
0,1,0.8147276,0.47929478,0.6294552
0,1,0.81449354,0.47964132,0.6289871
0,1,0.7294892,0.5837662,0.4589784
1,0,0.99748707,0.017553039,0.99497414
0,1,0.63395536,0.65681696,0.26791072
1,0,0.94667566,0.20818965,0.8933513
0,1,0.8000197,0.50037515,0.60003936
0,1,0.8114483,0.48411614,0.62289655
0,1,0.73107827,0.5821834,0.46215653
1,1,0.99970776,0.0026704404,0.9994155
0,1,0.7605004,0.5505025,0.52100074
0,1,0.82180774,0.46864122,0.6436155
0,1,0.8158564,0.4776188,0.6317128
0,1,0.81825805,0.47402465,0.6365161
0,1,0.5682406,0.6838045,0.13648117
1,0,0.99334604,0.039985023,0.9866921
1,0,0.9730793,0.12386946,0.94615865
0,1,0.8085782,0.48827803,0.6171564
1,1,0.5868187,0.67799556,0.17363739
1,1,0.8326141,0.4517169,0.66522825
0,1,0.7911857,0.5123815,0.58237135
1,0,0.98706126,0.06910621,0.9741225
0,0,0.9666381,0.14624104,0.9332762
1,0,0.97117877,0.13062052,0.94235754
1,1,0.6691676,0.6347666,0.33833516
1,0,0.96935534,0.13697588,0.9387107
0,1,0.8386886,0.4418381,0.6773772
0,1,0.58171964,0.6797309,0.16343927
0,1,0.8029488,0.4962873,0.60589755
1,0,0.99134207,0.04973932,0.98268414
0,0,0.95582736,0.18098551,0.9116547
1,0,0.9352226,0.23991513,0.87044525
1,1,0.79959524,0.50096303,0.5991905
1,1,0.9997309,0.0024813039,0.99946177
1,1,0.79717493,0.504294,0.59434986
1,0,0.9420224,0.22136621,0.88404477
0,0,0.52608645,0.6917855,0.05217287
1,0,0.50061864,0.69314647,0.0012372732
1,0,0.95246917,0.19117968,0.90493834
1,1,0.9996691,0.0029827768,0.99933815
1,1,0.9996691,0.0029827768,0.99933815
1,1,0.81639,0.47682363,0.63277996
0,1,0.7721741,0.536636,0.54434824
1,1,0.8022216,0.49730718,0.6044432
0,1,0.75362396,0.5583187,0.5072479
1,0,0.53219545,0.69107264,0.06439087
1,1,0.8551537,0.41366434,0.71030736
1,0,0.9258924,0.26413664,0.8517848
0,1,0.80295885,0.49627316,0.6059177
0,1,0.8151831,0.47861952,0.6303662
1,1,0.99975985,0.0022415665,0.9995197
1,1,0.81339663,0.48126018,0.62679327
1,1,0.81633025,0.47691268,0.6326605
0,1,0.99977964,0.002075808,0.9995593
1,1,0.9997789,0.0020818294,0.99955785
1,0,0.9871458,0.06873961,0.97429156
0,1,0.94855714,0.20274195,0.8971143
0,1,0.81583977,0.47764355,0.63167953
1,1,0.9996971,0.0027570701,0.9993942
1,1,0.9337092,0.24393693,0.8674184
1,0,0.9447439,0.21371,0.88948774
1,1,0.99967647,0.0029234677,0.99935293
1,0,0.94248384,0.22007772,0.8849677
0,1,0.57311994,0.6824157,0.14623988
0,0,0.97127235,0.13029109,0.9425447
0,1,0.8018398,0.49784127,0.60367966
1,0,0.94066596,0.22513115,0.8813319
1,1,0.51895976,0.69242805,0.03791952
1,1,0.9995597,0.0038428616,0.9991194
1,0,0.9429776,0.2186947,0.8859552
1,0,0.98617077,0.072935715,0.97234154
1,1,0.6643164,0.6381308,0.32863283
0,0,0.9666277,0.14627594,0.93325543
0,1,0.8140298,0.48032665,0.6280596
0,1,0.8180012,0.47441083,0.6360024
0,1,0.5815409,0.6797898,0.16308177
0,1,0.78672105,0.51826876,0.5734421
1,0,0.9462968,0.20927796,0.8925936
0,1,0.63718,0.65502346,0.27435994
1,0,0.902385,0.3198108,0.80477
0,1,0.586379,0.6781494,0.17275798
1,0,0.9773814,0.108062245,0.9547628
1,0,0.92975056,0.25428373,0.8595011
1,0,0.67639434,0.6295575,0.35278872
1,0,0.93751794,0.23374303,0.8750359
0,1,0.83416843,0.44921464,0.66833687
0,0,0.9453034,0.21211854,0.89060676
1,0,0.93741316,0.23402679,0.8748263
1,0,0.9900344,0.055843357,0.9800688
1,0,0.7843092,0.52139956,0.5686184
1,1,0.54219264,0.6895825,0.084385276
1,1,0.9996383,0.0032278462,0.99927664
1,1,0.66947293,0.6345513,0.33894587
0,1,0.8158118,0.47768515,0.6316236
1,1,0.9994492,0.004683977,0.9988984
0,1,0.72250426,0.59057254,0.44500852
0,1,0.99975795,0.0022574547,0.9995159
1,0,0.9747358,0.117873326,0.9494716
0,1,0.68796474,0.62071943,0.37592947
1,1,0.81520313,0.47858977,0.63040626
0,0,0.9676324,0.14287822,0.9352648
1,0,0.96670455,0.14601713,0.9334091
1,0,0.94220686,0.22085156,0.8844137
0,1,0.99975795,0.0022574547,0.9995159
0,1,0.7985692,0.50237954,0.5971384
1,0,0.60779214,0.6697255,0.21558425
1,0,0.994696,0.033078954,0.98939204
1,0,0.50061864,0.69314647,0.0012372732
0,0,0.95335174,0.18852545,0.9067035
0,1,0.80278164,0.49652198,0.6055633
1,1,0.81134945,0.48426032,0.6226989
0,1,0.9997788,0.0020828324,0.9995576
0,1,0.77166563,0.5372559,0.54333127
1,1,0.9997522,0.00230503,0.99950445
1,0,0.93844616,0.23122172,0.8768923
1,0,0.64679694,0.6494069,0.2935939
1,1,0.99978,0.0020727965,0.99956
1,1,0.9995597,0.0038428616,0.9991194
0,1,0.5909499,0.67651093,0.18189979
1,1,0.9779864,0.105775505,0.9559728
0,0,0.682559,0.6249255,0.36511806
0,1,0.81305164,0.48176765,0.6261033
1,1,0.81145436,0.48410726,0.6229087
1,1,0.99941134,0.004966707,0.9988227
1,1,0.81175417,0.4836694,0.62350833
0,1,0.8152106,0.47857875,0.63042116
1,0,0.9917479,0.047805533,0.98349583
1,1,0.7972155,0.5042384,0.59443104
0,1,0.56126153,0.68562233,0.12252307
1,0,0.92975056,0.25428373,0.8595011
0,1,0.80161226,0.49815923,0.6032245
1,0,0.5613935,0.6855898,0.12278697
1,1,0.86222476,0.40090424,0.7244495
1,0,0.9354092,0.23941681,0.8708184
0,1,0.81378144,0.48069313,0.6275629
1,0,0.67024684,0.6340037,0.3404937
1,1,0.81448907,0.4796479,0.62897813
1,0,0.97069126,0.13233103,0.9413825
1,1,0.9759665,0.11334656,0.951933
1,1,0.50825655,0.69301087,0.01651311
0,1,0.6040381,0.67134035,0.20807624
1,0,0.8518947,0.41940844,0.70378935
1,1,0.5304991,0.6912856,0.0609982
0,1,0.5997136,0.6731276,0.19942725
0,0,0.9238792,0.2691912,0.8477584
1,0,0.9616513,0.1626602,0.92330265
0,0,0.90325785,0.3178652,0.8065157
0,1,0.51844347,0.69246674,0.03688693
0,1,0.78858036,0.51583153,0.5771607
1,0,0.9093396,0.30406305,0.8186792
1,1,0.81867826,0.47339183,0.6373565
0,1,0.7892079,0.5150043,0.57841575
1,0,0.93990475,0.22722952,0.8798095
0,1,0.8133942,0.48126376,0.6267884
0,1,0.7874398,0.517329,0.57487965
1,1,0.856289,0.4116432,0.71257806
1,1,0.7896763,0.5143852,0.5793526
1,0,0.8176917,0.4748757,0.63538337
0,1,0.79761547,0.50369036,0.59523094
1,0,0.9970651,0.020044172,0.99413025
1,0,0.67024684,0.6340037,0.3404937
1,0,0.9772896,0.10840776,0.95457923
1,0,0.5543836,0.68722034,0.10876715
1,1,0.63757104,0.6548029,0.27514207
0,1,0.82769436,0.45952332,0.6553887
0,1,0.8156009,0.47799894,0.63120174
0,1,0.81304437,0.48177838,0.62608874
0,1,0.5831535,0.6792537,0.16630697
1,1,0.8152614,0.47850326,0.63052285
0,0,0.5032023,0.6931267,0.0064046085
1,1,0.9997789,0.0020818294,0.99955785
0,1,0.8131584,0.48161072,0.6263168
0,1,0.7805801,0.52617276,0.5611602
1,0,0.993912,0.037127137,0.98782396
0,1,0.8069736,0.49058166,0.61394715
0,0,0.9509323,0.1957608,0.90186465
1,0,0.96247035,0.16001214,0.9249407
1,1,0.9994267,0.004852137,0.99885345
1,0,0.743992,0.5688399,0.4879839
0,1,0.8141017,0.4802205,0.6282034
1,1,0.9996691,0.0029827768,0.99933815
0,1,0.800405,0.49984044,0.60081005
1,1,0.9996691,0.0029827768,0.99933815
0,1,0.8143095,0.47991347,0.62861896
1,0,0.65422547,0.6447916,0.3084509
0,0,0.71788025,0.59494424,0.4357605
1,1,0.63418317,0.65669173,0.26836634
0,1,0.81309456,0.48170456,0.6261891
1,0,0.9430155,0.21858834,0.88603103
0,0,0.94875467,0.20216589,0.89750934
1,0,0.6378038,0.65467143,0.27560762
1,1,0.63418317,0.65669173,0.26836634
0,1,0.80157274,0.4982144,0.6031455
1,0,0.97347593,0.122443624,0.94695187
1,0,0.9404274,0.22578983,0.88085485
1,1,0.79868644,0.502218,0.5973729
1,1,0.9996971,0.0027570701,0.9993942
1,1,0.99971455,0.0026150658,0.9994291
0,1,0.81480885,0.4791745,0.6296177
0,1,0.5865803,0.67807907,0.17316055
1,1,0.9995252,0.0041082306,0.9990504
0,1,0.8142079,0.4800636,0.6284158
1,0,0.7079231,0.6040008,0.41584623
1,0,0.99134207,0.04973932,0.98268414
1,1,0.60427374,0.67124075,0.20854747
1,0,0.9933144,0.040143453,0.9866288
0,1,0.5987078,0.6735321,0.19741559
1,0,0.7725841,0.5361351,0.54516816
1,0,0.67639434,0.6295575,0.35278872
0,1,0.780376,0.5264317,0.56075203
1,1,0.999326,0.005595578,0.998652
0,1,0.8194541,0.4722203,0.63890815
0,1,0.8173962,0.47531882,0.63479245
1,1,0.8115731,0.4839339,0.6231462
0,1,0.60041845,0.67284167,0.2008369
0,1,0.81525075,0.47851908,0.6305015
0,1,0.8133018,0.48139974,0.6266036
1,1,0.8126562,0.4823484,0.62531245
0,1,0.8170201,0.47588205,0.63404024
1,1,0.7988115,0.50204563,0.597623
1,0,0.53219545,0.69107264,0.06439087
0,1,0.81632566,0.4769196,0.6326513
0,0,0.8797671,0.3673887,0.75953424
1,1,0.81257284,0.48247075,0.6251457
1,0,0.9900344,0.055843357,0.9800688
0,0,0.9431504,0.21820964,0.8863008
0,1,0.816315,0.47693548,0.63263
1,1,0.9996214,0.0033615977,0.9992428
0,1,0.8112077,0.48446703,0.6224154
1,0,0.6433945,0.65144014,0.2867889
1,1,0.8377947,0.4433087,0.67558944
0,1,0.762227,0.5484993,0.524454
1,0,0.5121597,0.6928514,0.02431941
1,0,0.94667566,0.20818965,0.8933513
1,1,0.8146532,0.479405,0.62930644
0,1,0.7690619,0.5404073,0.53812385
1,0,0.99588525,0.02670938,0.9917705
1,0,0.65355784,0.64521635,0.30711567
1,1,0.8115056,0.48403245,0.62301123
1,1,0.79913,0.5016061,0.59826005
1,0,0.99197185,0.046730023,0.9839437
1,0,0.98885995,0.061176885,0.9777199
1,1,0.9995877,0.0036254677,0.9991754
1,1,0.99971455,0.0026150658,0.9994291
0,1,0.76157224,0.54926085,0.5231445
0,0,0.9454196,0.21178715,0.8908392
1,0,0.940899,0.22448662,0.881798
1,1,0.80477303,0.49371397,0.60954607
1,0,0.9447439,0.21371,0.88948774
0,1,0.7038957,0.60752726,0.40779138
0,1,0.7225051,0.59057176,0.4450102
1,0,0.841764,0.4367332,0.68352795
1,1,0.9997372,0.002429294,0.9994744
1,1,0.57280374,0.6825086,0.14560747
1,0,0.9737128,0.12158912,0.9474256
0,1,0.5036387,0.6931207,0.0072773695
0,1,0.5365052,0.6904795,0.073010445
1,0,0.9342787,0.24242787,0.86855745
0,1,0.52006453,0.6923418,0.040129066
0,0,0.6157361,0.666113,0.23147228
1,1,0.9995284,0.0040835906,0.9990568
1,1,0.9996691,0.0029827768,0.99933815
0,1,0.77812386,0.5292723,0.5562477
1,1,0.999527,0.0040945443,0.99905396
1,0,0.9800321,0.09791425,0.9600642
0,0,0.6894331,0.61955357,0.3788662
1,1,0.99971455,0.0026150658,0.9994291
1,1,0.52796376,0.69158244,0.055927515
1,0,0.743992,0.5688399,0.4879839
1,1,0.99971455,0.0026150658,0.9994291
1,1,0.81775963,0.47477373,0.63551927
1,0,0.9741804,0.1198958,0.9483608
1,0,0.94253963,0.21992168,0.88507926
1,0,0.64012754,0.65334475,0.28025508
1,1,0.57280374,0.6825086,0.14560747
0,1,0.8130299,0.48179963,0.6260598
0,0,0.9332828,0.24506336,0.8665656
0,1,0.8055171,0.49265835,0.61103415
0,1,0.6083471,0.6694817,0.21669424
0,1,0.5815409,0.6797898,0.16308177
0,0,0.967182,0.1444054,0.93436396
0,1,0.7880471,0.5165327,0.57609415
1,1,0.80313367,0.49602747,0.60626733
1,0,0.86535805,0.39511657,0.7307161
1,0,0.53219545,0.69107264,0.06439087
1,0,0.6189668,0.6645677,0.23793367
1,1,0.82891,0.45761037,0.65782
1,1,0.9996691,0.0029827768,0.99933815
0,0,0.7392993,0.5737886,0.47859856
1,0,0.65308034,0.6455189,0.30616066
0,1,0.8162221,0.47707403,0.63244414
0,0,0.93785256,0.23283583,0.8757051
1,0,0.9284839,0.25754303,0.8569678
0,0,0.63789237,0.65462124,0.27578473
0,1,0.81151295,0.48402172,0.6230259
1,0,0.9429972,0.21863961,0.88599443
1,1,0.9996383,0.0032278462,0.99927664
1,0,0.99196357,0.046769902,0.98392713
0,1,0.79971814,0.5007929,0.5994363
0,1,0.8140776,0.48025605,0.62815523
0,1,0.82064694,0.47041106,0.6412939
1,0,0.9329837,0.24585178,0.8659674
0,0,0.9345763,0.24163729,0.86915255
0,1,0.8003462,0.49992216,0.6006924
0,1,0.7575486,0.5538892,0.51509714
0,1,0.7922944,0.51090086,0.58458877
1,0,0.5121597,0.6928514,0.02431941
0,1,0.80083555,0.49924195,0.6016711
0,1,0.8143043,0.47992116,0.6286086
1,0,0.9430208,0.2185734,0.88604164
0,1,0.78622353,0.51891744,0.57244706
1,0,0.95209646,0.1922954,0.9041929
0,1,0.8204565,0.4707006,0.640913
1,0,0.96219677,0.16089879,0.92439353
1,0,0.9251528,0.26600048,0.85030556
1,1,0.8065256,0.49122185,0.6130512
1,1,0.8107703,0.48510414,0.62154055
1,1,0.92924166,0.25559616,0.8584833
0,1,0.9997788,0.0020828324,0.9995576
1,0,0.5213743,0.69223315,0.04274857
0,1,0.81007254,0.48611772,0.6201451
1,0,0.50061864,0.69314647,0.0012372732
1,0,0.5904906,0.6766795,0.18098119
1,1,0.9997309,0.0024813039,0.99946177
1,0,0.9548476,0.1839865,0.90969515
1,1,0.93894774,0.2298531,0.8778955
0,0,0.95649356,0.17893197,0.9129871
0,0,0.7412665,0.571728,0.482533
1,1,0.99967647,0.0029234677,0.99935293
0,1,0.79304516,0.509894,0.5860903
1,0,0.99553263,0.02863011,0.99106526
0,1,0.8028268,0.49645856,0.60565364
1,0,0.9429596,0.2187452,0.8859192
0,1,0.78956336,0.5145346,0.5791267
1,0,0.9436416,0.21682763,0.8872832
0,1,0.811552,0.48396474,0.623104
1,0,0.6990307,0.61168337,0.3980614
1,0,0.67024684,0.6340037,0.3404937
1,1,0.81179905,0.48360378,0.6235981
1,1,0.99971455,0.0026150658,0.9994291
0,1,0.8070198,0.4905155,0.61403966
0,1,0.7259952,0.58720154,0.45199037
1,1,0.9997454,0.0023613544,0.99949086
0,1,0.7874703,0.5172891,0.57494056
0,1,0.5682406,0.6838045,0.13648117
0,0,0.949532,0.199891,0.89906394
1,1,0.81457055,0.47952735,0.6291411
1,1,0.51895976,0.69242805,0.03791952
0,1,0.8010893,0.4988886,0.6021786
1,1,0.8115556,0.48395938,0.62311125
0,1,0.99975914,0.0022475263,0.9995183
1,0,0.7234936,0.58962345,0.44698715
1,0,0.9555103,0.18195905,0.91102064
0,1,0.5509758,0.6879411,0.1019516
1,0,0.67024684,0.6340037,0.3404937
0,0,0.9676324,0.14287822,0.9352648
0,1,0.8137729,0.48070574,0.62754583
0,1,0.59948653,0.6732193,0.19897306
1,1,0.79639745,0.50535625,0.5927949
1,0,0.50061864,0.69314647,0.0012372732
1,0,0.94308937,0.21838105,0.88617873
1,0,0.978678,0.10314042,0.957356
0,1,0.50474757,0.6931021,0.009495139
0,0,0.5558055,0.6869056,0.11161101
0,0,0.96117485,0.16419226,0.9223497
0,1,0.53182113,0.6911206,0.06364226
1,1,0.9997652,0.002196799,0.99953043
1,1,0.78718716,0.5176597,0.5743743
0,1,0.81715256,0.47568384,0.6343051
1,1,0.8137121,0.48079535,0.62742424
1,1,0.79726875,0.50416553,0.5945375
1,1,0.7886915,0.51568514,0.57738304
1,0,0.6274556,0.660296,0.25491118
0,1,0.7538957,0.55801463,0.5077914
1,1,0.81496423,0.47894418,0.62992847
1,0,0.9628188,0.15888003,0.9256376
1,0,0.7079231,0.6040008,0.41584623
1,0,0.7079231,0.6040008,0.41584623
1,1,0.9995877,0.0036254677,0.9991754
0,1,0.8009253,0.499117,0.6018506
1,0,0.8466027,0.4285571,0.69320536
0,1,0.81189847,0.4834584,0.62379694
1,0,0.66875625,0.63505596,0.33751252
0,1,0.58171964,0.6797309,0.16343927
1,0,0.61560977,0.6661725,0.23121953
1,0,0.50061864,0.69314647,0.0012372732
1,0,0.9719746,0.12780984,0.9439492
0,1,0.8681402,0.38990682,0.73628044
1,0,0.94453007,0.21431653,0.88906014
1,0,0.88685876,0.3530329,0.7737175
1,1,0.99982065,0.001726441,0.9996413
0,1,0.7590849,0.5521325,0.51816976
1,1,0.5415037,0.6896981,0.083007455
1,1,0.9995597,0.0038428616,0.9991194
1,0,0.9418711,0.22178781,0.8837422
1,1,0.99971455,0.0026150658,0.9994291
1,1,0.8164489,0.47673565,0.63289785
0,0,0.68720925,0.62131536,0.37441853
0,0,0.90445405,0.31518477,0.8089081
1,0,0.553372,0.6874392,0.10674402
0,1,0.7654002,0.5447749,0.53080034
0,1,0.7313373,0.5819242,0.46267462
1,0,0.58704966,0.6779144,0.17409933
0,1,0.9780086,0.10569114,0.95601726
1,0,0.7960863,0.50578034,0.5921726
0,1,0.8168159,0.4761875,0.6336318
0,1,0.74332386,0.56955147,0.48664773
0,1,0.77205783,0.53677785,0.54411566
0,1,0.6212353,0.66345614,0.24247062
1,0,0.9447439,0.21371,0.88948774
1,0,0.92990804,0.25387675,0.8598161
0,1,0.7883988,0.5160704,0.5767976
1,0,0.9739323,0.12079528,0.94786465
1,0,0.871391,0.38373387,0.742782
1,1,0.7863402,0.51876545,0.57268035
0,1,0.7731312,0.5354651,0.5462624
1,0,0.58704966,0.6779144,0.17409933
1,1,0.5234634,0.6920457,0.046926856
1,0,0.5121597,0.6928514,0.02431941
0,1,0.8314561,0.45356983,0.66291225
0,0,0.67239356,0.63247055,0.3447871
1,1,0.99971455,0.0026150658,0.9994291
1,0,0.7809581,0.52569264,0.56191623
0,1,0.78700984,0.5178915,0.5740197
1,1,0.63418305,0.6566918,0.2683661
0,0,0.96068203,0.16577049,0.92136407
1,0,0.9294228,0.25512946,0.8588456
1,1,0.81658196,0.47653705,0.6331639
0,0,0.954661,0.18455547,0.909322
1,1,0.99971455,0.0026150658,0.9994291
1,0,0.94183105,0.2218993,0.8836621
1,1,0.9995877,0.0036254677,0.9991754
1,0,0.97394764,0.120739736,0.9478953
1,1,0.9996207,0.0033672324,0.99924135
1,1,0.8115456,0.48397404,0.6230912
0,1,0.5791466,0.68056595,0.15829325
0,1,0.5500089,0.68813705,0.100017786
0,1,0.6956094,0.61453867,0.39121878
1,1,0.99967647,0.0029234677,0.99935293
0,1,0.5599584,0.68593985,0.1199168
1,0,0.6189668,0.6645677,0.23793367
0,1,0.89102495,0.34436703,0.7820499
0,1,0.73499805,0.57822406,0.4699961
1,0,0.9425298,0.21994925,0.8850596
1,0,0.9499974,0.19852279,0.89999485
1,0,0.75540423,0.5563197,0.51080847
0,1,0.7867152,0.5182764,0.5734304
0,1,0.81694317,0.47599715,0.63388634
0,0,0.9316934,0.24923652,0.86338675
1,1,0.81167614,0.4837834,0.6233523
1,0,0.9918957,0.047096558,0.98379135
1,1,0.9996207,0.0033672324,0.99924135
1,1,0.9995252,0.0041082306,0.9990504
0,0,0.9501411,0.19809961,0.90028214
1,1,0.8386313,0.44193262,0.67726254
0,1,0.61651576,0.66574407,0.23303151
0,0,0.96725595,0.14415511,0.9345119
1,0,0.82523656,0.46335942,0.6504731
1,1,0.8116213,0.4838635,0.6232426
1,0,0.50061864,0.69314647,0.0012372732
0,1,0.5121057,0.69285405,0.024211407
1,1,0.9997372,0.002429294,0.9994744
1,0,0.9499974,0.19852279,0.89999485
1,0,0.920138,0.2784322,0.840276
1,1,0.9995597,0.0038428616,0.9991194
1,0,0.941098,0.2239357,0.88219595
1,0,0.9737619,0.121411756,0.94752383
0,1,0.81305563,0.4817618,0.62611127
1,1,0.5036387,0.6931207,0.0072773695
1,1,0.82799494,0.45905128,0.6559899
1,0,0.58704966,0.6779144,0.17409933
0,0,0.79869306,0.5022089,0.5973861
1,0,0.99816394,0.013401728,0.9963279
1,0,0.6990307,0.61168337,0.3980614
1,1,0.55498296,0.6870887,0.10996592
1,1,0.9996214,0.0033615977,0.9992428
1,0,0.7079231,0.6040008,0.41584623
1,0,0.9936563,0.038424682,0.98731256
0,1,0.5733223,0.682356,0.14664459
1,1,0.99970776,0.0026704404,0.9994155
1,1,0.63663244,0.6553312,0.27326488
0,1,0.75728333,0.55419123,0.51456666
1,0,0.9948091,0.03248596,0.9896182
1,0,0.9499974,0.19852279,0.89999485
0,0,0.9564847,0.17895949,0.91296935
1,1,0.9995751,0.0037237543,0.99915016
0,1,0.9176719,0.28441885,0.83534384
1,1,0.99970776,0.0026704404,0.9994155
1,0,0.9731455,0.12363212,0.94629097
1,0,0.9561866,0.17987952,0.9123732
0,1,0.81255245,0.48250067,0.6251049
1,0,0.6563275,0.64344144,0.312655
1,1,0.9992817,0.005917513,0.9985634
1,1,0.81157225,0.48393512,0.6231445
0,1,0.6210132,0.66356593,0.24202645
1,1,0.9996691,0.0029827768,0.99933815
1,0,0.9850843,0.077529594,0.9701686
1,1,0.9996062,0.0034810454,0.9992124
0,1,0.797451,0.5039158,0.59490204
0,1,0.8117737,0.48364082,0.62354743
1,0,0.9950468,0.031231044,0.9900936
1,0,0.94246453,0.22013177,0.88492906
1,1,0.5815409,0.6797898,0.16308177
1,1,0.8114069,0.48417646,0.6228138
0,1,0.6368678,0.65519905,0.27373564
0,1,0.7840865,0.5216869,0.56817305
0,1,0.7877515,0.51692057,0.575503
0,0,0.90271086,0.31908545,0.8054217
1,0,0.8620903,0.40115076,0.7241806
1,0,0.55078894,0.6879792,0.10157788
0,1,0.8182647,0.47401458,0.63652945
1,0,0.7079231,0.6040008,0.41584623
0,0,0.9450973,0.2127053,0.89019465
1,1,0.55498296,0.6870887,0.10996592
1,1,0.8152735,0.4784853,0.63054705
0,1,0.59906656,0.67338836,0.19813311
0,1,0.8113695,0.48423108,0.62273896
1,0,0.7685612,0.54100907,0.53712237
0,0,0.93289065,0.24609667,0.8657813
1,1,0.99983764,0.0015790772,0.9996753
0,1,0.77410394,0.53426975,0.5482079
1,1,0.9995252,0.0041082306,0.9990504
1,0,0.99134207,0.04973932,0.98268414
0,0,0.9356128,0.23887214,0.8712256
0,1,0.7951958,0.50699073,0.59039164
1,0,0.60779214,0.6697255,0.21558425
1,0,0.9427136,0.21943462,0.88542724
1,1,0.9992459,0.006175913,0.99849176
1,1,0.81541413,0.4782765,0.63082826
1,1,0.99954176,0.003981142,0.9990835
1,1,0.9996971,0.0027570701,0.9993942
0,1,0.59906656,0.67338836,0.19813311
0,1,0.77235216,0.53641856,0.5447043
1,0,0.9830309,0.08599649,0.96606183
1,0,0.9961141,0.025446765,0.99222815
0,1,0.8157624,0.4777587,0.6315248
1,1,0.6505849,0.6470839,0.30116975
0,0,0.9434667,0.2173202,0.88693345
1,0,0.932661,0.24670073,0.865322
0,1,0.80355793,0.49543035,0.60711586
0,1,0.62101305,0.663566,0.24202609
0,0,0.5249193,0.6919048,0.049838573
1,0,0.67639434,0.6295575,0.35278872
0,1,0.80020666,0.50011575,0.6004133
1,1,0.79704297,0.5044745,0.59408593
1,1,0.81138384,0.48421013,0.6227677
0,0,0.91462713,0.29169953,0.82925427
0,1,0.7488893,0.5635521,0.49777865
1,0,0.7760575,0.5318528,0.55211496
1,0,0.9830309,0.08599649,0.96606183
1,1,0.9994267,0.004852137,0.99885345
1,0,0.9664593,0.14684238,0.93291855
1,1,0.8120655,0.4832141,0.62413096
1,0,0.94201034,0.22139984,0.8840207
0,0,0.95094264,0.19573028,0.9018853
1,0,0.981256,0.09310983,0.962512
0,1,0.8020227,0.49758554,0.6040454
0,1,0.5570663,0.6866198,0.11413264
1,1,0.8116385,0.48383844,0.62327695
1,0,0.94345415,0.21735558,0.8869083
0,1,0.8195452,0.47208244,0.6390904
0,1,0.6038406,0.6714237,0.20768118
1,1,0.8167667,0.47626108,0.63353336
1,1,0.79723185,0.504216,0.5944637
0,1,0.71730816,0.5954777,0.43461633
1,1,0.9995877,0.0036254677,0.9991754
0,1,0.5238209,0.69201183,0.047641754
1,0,0.81042325,0.48560864,0.6208465
1,1,0.63418317,0.65669173,0.26836634
1,1,0.99952686,0.004095457,0.9990537
0,1,0.81610066,0.47725505,0.6322013
1,0,0.72318447,0.5899205,0.44636896
0,1,0.6040381,0.67134035,0.20807624
1,1,0.8119047,0.48344928,0.62380946
1,0,0.9900344,0.055843357,0.9800688
1,1,0.505362,0.69308966,0.0107239485
0,0,0.9629392,0.15848792,0.9258784
0,1,0.8153032,0.47844124,0.6306064
1,0,0.76802623,0.5416503,0.53605247
0,1,0.81815046,0.47418648,0.6363009
1,1,0.9994783,0.004464938,0.99895656
0,1,0.9997788,0.0020828324,0.9995576
1,1,0.63418317,0.65669173,0.26836634
0,0,0.95458156,0.18479744,0.9091631
0,0,0.63106465,0.6583866,0.26212934
1,1,0.6172117,0.66541266,0.2344234
0,1,0.56152517,0.68555725,0.12305033
0,0,0.9552438,0.18277556,0.91048765
1,0,0.5181638,0.6924872,0.03632763
1,0,0.9426647,0.21957168,0.88532937
0,1,0.8128488,0.48206568,0.6256976
0,1,0.79975104,0.5007473,0.5995021
1,0,0.9770842,0.10917956,0.95416844
0,0,0.63830084,0.6543896,0.27660167
1,0,0.8396207,0.44029832,0.6792414
0,1,0.99975795,0.0022574547,0.9995159
1,0,0.94530004,0.21212807,0.8906001
1,0,0.99196357,0.046769902,0.98392713
1,1,0.9992084,0.0064445282,0.9984168
1,0,0.989263,0.05936137,0.978526
1,1,0.6014654,0.672413,0.20293081
1,0,0.7347194,0.57850814,0.46943882
0,1,0.772324,0.5364529,0.54464805
1,1,0.63418317,0.65669173,0.26836634
1,0,0.94604516,0.2099993,0.8920903
1,1,0.81024694,0.4858647,0.6204939
0,1,0.7487088,0.5637492,0.49741757
1,1,0.8207355,0.47027636,0.641471
1,1,0.8166929,0.47637135,0.6333858
1,1,0.99971455,0.0026150658,0.9994291
1,0,0.93999445,0.2269828,0.8799889
1,1,0.81355274,0.48103026,0.6271055
0,1,0.8101802,0.4859616,0.6203604
1,0,0.989263,0.05936137,0.978526
1,0,0.5283284,0.6915413,0.056656808
0,1,0.7353956,0.57781804,0.47079122
0,1,0.8246532,0.46426374,0.6493064
1,0,0.93402994,0.24308774,0.8680599
0,1,0.754248,0.5576199,0.50849605
1,1,0.55498296,0.6870887,0.10996592
1,0,0.58014315,0.68024576,0.1602863
1,0,0.75658345,0.55498624,0.5131669
1,0,0.9739096,0.12087741,0.94781923
1,0,0.9936563,0.038424682,0.98731256
0,1,0.8140704,0.48026675,0.6281408
1,0,0.5651103,0.68464434,0.13022065
0,1,0.8215035,0.46910596,0.64300704
0,0,0.6784817,0.6280086,0.35696337
0,1,0.7703527,0.53884983,0.54070544
0,1,0.7487664,0.5636863,0.49753284
1,1,0.9996062,0.0034810454,0.9992124
0,1,0.6087695,0.6692953,0.21753895
1,1,0.81138074,0.48421466,0.6227615
0,0,0.83029723,0.4554146,0.66059446
1,0,0.8876815,0.3513355,0.77536297
0,1,0.742162,0.5707834,0.48432398
1,0,0.5806117,0.68009377,0.16122338
1,0,0.96132463,0.16371128,0.92264926
1,1,0.51973426,0.6923681,0.039468527
1,1,0.9997372,0.002429294,0.9994744
1,1,0.81652063,0.4766286,0.63304126
1,0,0.9850843,0.077529594,0.9701686
0,0,0.93157035,0.24955782,0.8631407
1,0,0.993912,0.037127137,0.98782396
1,0,0.7319404,0.58131933,0.4638808
1,1,0.99963117,0.0032844557,0.99926233
0,1,0.774727,0.53350127,0.549454
1,0,0.9792002,0.10113582,0.95840037
1,0,0.94105136,0.22406483,0.8821027
1,0,0.9434857,0.21726686,0.88697135
0,0,0.97148913,0.12952714,0.94297826
1,1,0.9996691,0.0029827768,0.99933815
1,1,0.64895403,0.6480918,0.29790807
1,1,0.81139576,0.48419273,0.6227915
0,0,0.96431935,0.15396526,0.9286387
0,1,0.81560147,0.47799805,0.63120294
1,1,0.81712884,0.47571933,0.6342577
0,0,0.82277507,0.46715933,0.64555013
1,0,0.8667066,0.3925997,0.7334132
0,0,0.9598151,0.16853136,0.91963017
0,1,0.7991472,0.5015824,0.5982944
1,1,0.99970776,0.0026704404,0.9994155
1,0,0.9680811,0.14135036,0.93616223
0,1,0.5375465,0.690325,0.07509303
0,0,0.95356274,0.18788826,0.9071255
1,0,0.8835441,0.35980368,0.7670882
1,1,0.63418317,0.65669173,0.26836634
0,1,0.9997788,0.0020828324,0.9995576
1,0,0.7079231,0.6040008,0.41584623
0,1,0.53400743,0.6908324,0.06801486
0,1,0.57332224,0.682356,0.14664447
1,0,0.9800321,0.09791425,0.9600642
0,0,0.6926597,0.616956,0.38531935
0,1,0.78548086,0.519883,0.5709617
1,1,0.80663043,0.49107215,0.61326087
0,0,0.51972187,0.6923691,0.03944373
0,1,0.59530574,0.6748692,0.19061148
0,1,0.8011225,0.4988424,0.602245
0,1,0.80202025,0.497589,0.6040405
1,1,0.80321306,0.4959158,0.6064261
1,0,0.53219545,0.69107264,0.06439087
1,0,0.86535805,0.39511657,0.7307161
0,0,0.87068087,0.38509035,0.74136174
0,0,0.9362656,0.23712155,0.8725312
1,0,0.64883053,0.6481676,0.2976611
0,1,0.5469718,0.688728,0.093943596
1,1,0.63303655,0.6573198,0.2660731
1,0,0.9600709,0.16771877,0.9201418
1,1,0.9996226,0.0033522039,0.99924517
0,1,0.99975854,0.0022524914,0.9995171
0,1,0.83427006,0.44905046,0.6685401
1,1,0.8139766,0.4804052,0.6279532
1,0,0.9431152,0.21830854,0.88623035
1,1,0.99938273,0.005178799,0.99876547
0,0,0.5254712,0.691849,0.05094242
0,1,0.82529885,0.46326274,0.6505977
1,1,0.99970776,0.0026704404,0.9994155
1,1,0.8129523,0.4819137,0.62590456
0,1,0.77293724,0.5357028,0.5458745
1,1,0.8305349,0.4550371,0.66106975
1,0,0.92975056,0.25428373,0.8595011
1,1,0.7947132,0.5076447,0.5894264
1,0,0.86343426,0.39867997,0.7268685
1,0,0.6466485,0.6494967,0.29329705
1,1,0.8120299,0.48326614,0.6240598
1,1,0.9996971,0.0027570701,0.9993942
1,1,0.99975854,0.0022524914,0.9995171
1,1,0.5505604,0.6880257,0.10112083
1,1,0.99933964,0.005495776,0.9986793
0,1,0.6163426,0.6658262,0.23268521
0,1,0.80759156,0.48969644,0.6151831
1,1,0.765506,0.5446497,0.53101206
1,1,0.99954176,0.003981142,0.9990835
0,1,0.80462927,0.49391752,0.60925853
0,1,0.81576747,0.47775117,0.63153493
1,0,0.99646175,0.023502335,0.9929235
0,1,0.81410205,0.48022,0.6282041
1,0,0.7079231,0.6040008,0.41584623
1,1,0.81285053,0.48206314,0.62570107
1,1,0.78749126,0.5172617,0.5749825
1,0,0.94667566,0.20818965,0.8933513
0,1,0.83750975,0.4437763,0.6750195
0,1,0.5616055,0.68553734,0.123211026
0,1,0.78739643,0.51738584,0.57479286
1,0,0.96472967,0.15261006,0.92945933
0,1,0.8142572,0.47999075,0.6285144
0,1,0.82032746,0.47089654,0.6406549
1,0,0.52619165,0.69177455,0.052383304
1,1,0.8129551,0.48190957,0.62591016
1,0,0.67338014,0.6317589,0.3467603
0,0,0.61551535,0.66621697,0.23103067
1,1,0.9996214,0.0033615977,0.9992428
1,1,0.5365052,0.6904795,0.073010445
1,1,0.5036387,0.6931207,0.0072773695
0,1,0.78663963,0.51837504,0.57327926
0,1,0.79311466,0.5098007,0.5862293
0,1,0.72380173,0.5893268,0.44760346
0,1,0.5859265,0.67830694,0.17185295
0,1,0.8187832,0.47323352,0.63756645
1,0,0.94274205,0.21935506,0.8854841
0,1,0.82833046,0.45852363,0.6566609
1,0,0.94468504,0.21387695,0.8893701
0,1,0.7926717,0.5103953,0.58534336
1,1,0.9946785,0.033170704,0.989357
0,1,0.8148424,0.47912475,0.6296848
0,1,0.54650676,0.6888151,0.093013525
0,1,0.81449634,0.47963715,0.6289927
1,0,0.9166755,0.28681475,0.833351
1,1,0.6483777,0.6484451,0.29675543
1,0,0.9706584,0.13244599,0.94131684
1,0,0.53216004,0.69107723,0.06432009
0,1,0.5733219,0.6823561,0.14664376
1,0,0.9929278,0.0420657,0.9858556
0,0,0.84009075,0.43951938,0.6801815
1,1,0.9997657,0.0021928137,0.9995314
1,1,0.8114001,0.4841864,0.62280023
1,1,0.509873,0.69295216,0.019745946
0,1,0.814594,0.47949266,0.62918794
0,1,0.8299103,0.45602846,0.65982056
0,1,0.81696266,0.47596803,0.6339253
1,0,0.9432032,0.2180613,0.8864064
0,0,0.9694316,0.1367126,0.93886316
0,1,0.7862029,0.51894426,0.5724058
0,0,0.55550957,0.6869719,0.111019164
0,1,0.7414155,0.5715711,0.482831
0,1,0.79893994,0.5018685,0.5978799
1,1,0.9997522,0.00230503,0.99950445
1,0,0.993912,0.037127137,0.98782396
1,1,0.99952734,0.0040918062,0.9990547
1,0,0.5121597,0.6928514,0.02431941
0,1,0.815705,0.4778441,0.63141
0,1,0.5500089,0.68813705,0.100017786
0,0,0.91839385,0.2826747,0.8367877
1,0,0.993912,0.037127137,0.98782396
1,0,0.6563275,0.64344144,0.312655
1,1,0.80047584,0.4997421,0.6009517
0,1,0.5247001,0.6919265,0.04940021
0,1,0.7111534,0.6011157,0.42230678
1,0,0.9402959,0.2261526,0.88059175
1,0,0.6595259,0.64134943,0.31905177
1,1,0.81164145,0.48383406,0.6232829
0,1,0.51948905,0.69238734,0.0389781
1,1,0.81201774,0.48328397,0.6240355
1,1,0.9997454,0.0023613544,0.99949086
1,0,0.993912,0.037127137,0.98782396
1,0,0.94667566,0.20818965,0.8933513
0,0,0.96796596,0.14174311,0.9359319
0,1,0.9608529,0.16522399,0.92170584
0,1,0.8146692,0.4793813,0.6293384
1,1,0.9995078,0.0042410973,0.99901557
1,1,0.8106835,0.4852304,0.621367
0,1,0.79673564,0.5048946,0.5934713
0,1,0.69250953,0.61707795,0.38501906
1,1,0.9996062,0.0034810454,0.9992124
1,0,0.9402959,0.2261526,0.88059175
1,0,0.9678462,0.14215109,0.9356924
0,0,0.5383954,0.69019586,0.07679078
1,0,0.94437104,0.21476702,0.8887421
1,1,0.6163426,0.6658262,0.23268521
0,1,0.8154879,0.47816682,0.63097584
1,0,0.994696,0.033078954,0.98939204
0,1,0.81176233,0.48365748,0.62352467
0,1,0.77563125,0.532382,0.5512625
1,1,0.79888064,0.50195026,0.5977613
1,0,0.94326377,0.21789113,0.88652754
0,0,0.9088658,0.30515414,0.8177316
1,1,0.8071101,0.49038637,0.61422014
0,0,0.92331034,0.27060893,0.8466207
0,0,0.9492438,0.2007359,0.89848757
0,1,0.8114724,0.48408085,0.62294483
1,1,0.81165963,0.4838075,0.62331927
0,1,0.8128578,0.48205248,0.6257156
1,1,0.8115369,0.48398674,0.6230738
1,1,0.7887026,0.51567054,0.5774052
1,1,0.91652584,0.28717354,0.8330517
0,1,0.9997788,0.0020828324,0.9995576
0,1,0.8025362,0.49686635,0.6050724
0,1,0.59906656,0.67338836,0.19813311
0,1,0.6742602,0.6311205,0.3485204
1,0,0.58704966,0.6779144,0.17409933
1,0,0.9633927,0.15700789,0.92678535
0,1,0.7721741,0.536636,0.54434824
0,1,0.8006061,0.49956107,0.60121214
0,0,0.9139227,0.29336685,0.82784545
0,1,0.5909499,0.67651093,0.18189979
1,0,0.9917479,0.047805533,0.98349583
1,1,0.93048626,0.2523793,0.8609725
0,1,0.99975795,0.0022574547,0.9995159
1,0,0.8320684,0.4525913,0.66413677
1,1,0.81155044,0.483967,0.6231009
1,1,0.5824356,0.67949367,0.16487122
1,0,0.9548476,0.1839865,0.90969515
0,1,0.6339549,0.6568172,0.26790977
1,0,0.85122824,0.42057264,0.7024565
0,1,0.8141039,0.48021722,0.6282078
1,0,0.9430671,0.21844357,0.88613415
0,0,0.9549307,0.1837327,0.90986145
1,1,0.9994492,0.004683977,0.9988984
1,0,0.94077426,0.22483182,0.8815485
1,0,0.989263,0.05936137,0.978526
0,1,0.8494306,0.42369545,0.69886124
0,1,0.8134707,0.48115107,0.62694144
0,1,0.80143505,0.4984066,0.6028701
0,1,0.5042697,0.6931107,0.008539438
1,1,0.9994267,0.004852137,0.99885345
1,0,0.9757542,0.11413201,0.9515084
0,1,0.81203586,0.48325744,0.6240717
1,0,0.58938575,0.67708135,0.1787715
1,0,0.99701834,0.02031635,0.9940367
1,1,0.8115149,0.48401886,0.6230298
0,1,0.8002056,0.5001173,0.6004112
0,1,0.5907209,0.6765951,0.18144178
0,1,0.8240161,0.4652487,0.6480322
1,0,0.67338014,0.6317589,0.3467603
1,0,0.67639434,0.6295575,0.35278872
0,1,0.56866276,0.68368816,0.13732553
1,0,0.9437153,0.21662,0.88743055
1,0,0.746689,0.5659435,0.49337804
1,1,0.9996049,0.003491323,0.99920976
0,0,0.96494347,0.15190196,0.92988694
1,0,0.5283284,0.6915413,0.056656808
1,0,0.7079231,0.6040008,0.41584623
1,1,0.8246073,0.4643348,0.6492146
1,0,0.93449366,0.24185693,0.8689873
1,0,0.766024,0.5440361,0.532048
1,0,0.9950468,0.031231044,0.9900936
0,1,0.8131138,0.48167628,0.6262276
1,0,0.5121597,0.6928514,0.02431941
0,1,0.7697496,0.53957874,0.53949916
0,1,0.79969066,0.50083095,0.5993813
1,0,0.993912,0.037127137,0.98782396
0,1,0.56152904,0.6855563,0.12305808
1,1,0.8117616,0.4836585,0.62352324
1,0,0.96376216,0.15579763,0.9275243
0,1,0.81306714,0.4817449,0.6261343
1,0,0.78907835,0.5151752,0.5781567
0,1,0.81447613,0.479667,0.62895226
1,1,0.9993278,0.0055825193,0.99865556
1,1,0.999326,0.005595578,0.998652
0,1,0.8454787,0.4304722,0.6909574
0,1,0.81279856,0.48213947,0.6255971
0,1,0.8127119,0.48226672,0.6254238
0,0,0.9488149,0.20198998,0.89762986
1,1,0.81791073,0.4745468,0.63582146
1,1,0.9993861,0.0051541245,0.99877214
1,0,0.70016813,0.6107218,0.40033627
1,0,0.6189668,0.6645677,0.23793367
1,0,0.6209754,0.6635846,0.24195075
1,0,0.9419462,0.22157857,0.8838924
0,1,0.78026193,0.5265763,0.56052387
1,1,0.81142575,0.48414898,0.6228515
1,1,0.634183,0.6566918,0.26836598
1,0,0.9430368,0.21852864,0.8860736
0,1,0.7221764,0.590886,0.44435275
0,1,0.8011555,0.4987964,0.602311
1,1,0.8121077,0.48315233,0.62421536
1,0,0.94157654,0.22260743,0.8831531
1,1,0.9995597,0.0038428616,0.9991194
1,0,0.9356785,0.23869641,0.87135696
0,0,0.6283488,0.6598286,0.25669768
0,1,0.56890094,0.68362224,0.13780189
1,0,0.6339822,0.6568022,0.2679644
0,0,0.94366115,0.21677254,0.8873223
1,0,0.5121597,0.6928514,0.02431941
1,1,0.9997454,0.0023613544,0.99949086
1,0,0.9499974,0.19852279,0.89999485
1,0,0.9429972,0.21863961,0.88599443
0,1,0.79985887,0.500598,0.59971774
0,1,0.79019254,0.51370144,0.5803851
1,1,0.99963117,0.0032844557,0.99926233
1,0,0.95772856,0.1750969,0.9154571
1,0,0.9126744,0.29630607,0.82534885
1,1,0.63418317,0.65669173,0.26836634
1,1,0.87956345,0.3677939,0.7591269
1,1,0.9996568,0.0030809434,0.9993136
0,1,0.81801707,0.47438705,0.63603413
0,1,0.76298964,0.54760927,0.5259793
1,1,0.59643376,0.6744312,0.19286752
0,1,0.72386074,0.58926994,0.44772148
1,1,0.9016689,0.32140046,0.8033378
1,1,0.5999495,0.67303216,0.19989896
1,0,0.92215824,0.27346626,0.8443165
0,0,0.6256423,0.66123426,0.25128457
0,1,0.77030843,0.53890336,0.54061687
0,1,0.80323005,0.4958919,0.6064601
0,1,0.81737965,0.47534367,0.6347593
1,1,0.8107383,0.4851506,0.62147665
1,0,0.72632766,0.58687735,0.4526553
1,1,0.8148232,0.4791532,0.6296464
0,1,0.69406694,0.6158079,0.38813388
1,0,0.5121597,0.6928514,0.02431941
1,0,0.6189668,0.6645677,0.23793367
1,1,0.81514657,0.47867376,0.63029313
1,0,0.9820513,0.08994468,0.9641026
1,1,0.81154525,0.48397455,0.6230905
1,0,0.99816394,0.013401728,0.9963279
0,1,0.81517404,0.478633,0.6303481
1,1,0.811388,0.48420405,0.62277603
0,1,0.7802551,0.5265849,0.56051016
1,1,0.81210744,0.4831527,0.6242149
1,0,0.63621116,0.65556705,0.27242234
1,1,0.81847614,0.47369635,0.6369523
1,1,0.63418317,0.65669173,0.26836634
1,1,0.80284685,0.49643046,0.6056937
0,0,0.9694497,0.13664995,0.9388994
0,0,0.94911975,0.20109901,0.8982395
1,0,0.9909815,0.051441103,0.98196304
1,0,0.96219677,0.16089879,0.92439353
1,1,0.8111337,0.48457494,0.62226737
0,0,0.64360243,0.65131724,0.28720486
1,1,0.8167647,0.476264,0.6335294
1,0,0.8768394,0.37317532,0.7536788
0,1,0.8127183,0.48225737,0.62543654
1,1,0.8152711,0.47848892,0.63054216
1,0,0.9402959,0.2261526,0.88059175
1,0,0.9397862,0.22755542,0.8795724
0,1,0.81572837,0.47780934,0.63145673
1,0,0.7156639,0.5970021,0.4313278
0,1,0.7956548,0.5063675,0.59130955
1,1,0.99970776,0.0026704404,0.9994155
0,1,0.8070245,0.49050885,0.61404896
1,1,0.99970776,0.0026704404,0.9994155
0,1,0.56890094,0.68362224,0.13780189
0,0,0.97149336,0.1295121,0.9429867
0,0,0.95138556,0.19441518,0.9027711
1,1,0.64937246,0.64783424,0.29874492
1,0,0.94192314,0.22164282,0.8838463
0,0,0.75046676,0.56182176,0.5009335
1,1,0.63418317,0.65669173,0.26836634
1,1,0.81906235,0.4728123,0.6381247
0,1,0.7690012,0.54048043,0.5380024
1,0,0.920138,0.2784322,0.840276
1,0,0.992894,0.042232864,0.985788
1,1,0.8118529,0.4835251,0.62370574
0,1,0.66804284,0.635556,0.33608568
0,1,0.73995113,0.573108,0.47990227
0,0,0.5785965,0.68074095,0.15719298
1,1,0.9994267,0.004852137,0.99885345
0,1,0.80431265,0.4943654,0.6086253
1,1,0.99999,0.00012528554,0.99998
1,0,0.5121597,0.6928514,0.02431941
1,1,0.999724,0.0025380508,0.99944794
1,1,0.99940705,0.0049986076,0.9988141
1,1,0.62937987,0.65928495,0.25875974
1,1,0.81016916,0.4859776,0.6203383
1,1,0.80366164,0.4952842,0.6073233
0,1,0.7852614,0.52016765,0.5705228
0,0,0.5576081,0.686495,0.115216225
1,1,0.8115484,0.48396993,0.6230968
1,1,0.99971455,0.0026150658,0.9994291
1,0,0.9384316,0.23126131,0.87686324
1,0,0.9453873,0.2118793,0.8907746
1,0,0.7960863,0.50578034,0.5921726
1,0,0.94214636,0.2210204,0.8842927
0,1,0.5859265,0.67830694,0.17185295
0,0,0.66434693,0.63811,0.32869384
1,1,0.99971455,0.0026150658,0.9994291
0,1,0.7885825,0.5158287,0.577165
0,1,0.5874313,0.6777798,0.17486262
0,1,0.81726754,0.47551167,0.6345351
1,0,0.9426677,0.21956326,0.88533545
1,0,0.8396207,0.44029832,0.6792414
1,1,0.99969006,0.0028139718,0.9993801
1,0,0.50061864,0.69314647,0.0012372732
0,1,0.79668826,0.50495934,0.5933765
1,1,0.9996971,0.0027570701,0.9993942
1,1,0.76596,0.544112,0.53191996
0,1,0.81394845,0.48044676,0.6278969
1,0,0.6466485,0.6494967,0.29329705
1,1,0.7982924,0.5027606,0.5965848
0,1,0.81139815,0.48418927,0.6227963
0,1,0.5290453,0.69145894,0.058090568
1,0,0.5121597,0.6928514,0.02431941
0,1,0.9997788,0.0020828324,0.9995576
1,0,0.7801089,0.52677006,0.56021786
0,1,0.98218244,0.08941935,0.9643649
0,0,0.96418613,0.1544042,0.92837226
1,1,0.81236225,0.4827795,0.6247245
0,1,0.68950206,0.6194985,0.37900412
0,1,0.7389068,0.5741973,0.4778136
0,0,0.5160086,0.6926345,0.0320172
0,1,0.81318057,0.48157808,0.62636113
1,1,0.8130321,0.48179638,0.6260642
1,0,0.97441125,0.119056776,0.9488225
0,1,0.519489,0.69238734,0.03897798
1,0,0.743992,0.5688399,0.4879839
0,0,0.954806,0.18411331,0.90961206
1,0,0.9828359,0.08678693,0.9656718
0,1,0.5500089,0.68813705,0.100017786
1,1,0.7959603,0.5059519,0.5919206
1,1,0.96759284,0.14301263,0.9351857
0,1,0.7885484,0.51587355,0.5770968
0,0,0.9487821,0.20208585,0.8975642
1,1,0.99952686,0.004095457,0.9990537
1,1,0.7990536,0.5017116,0.5981072
1,0,0.5121597,0.6928514,0.02431941
0,0,0.6163908,0.6658034,0.23278162
0,1,0.71155685,0.6007518,0.4231137
1,0,0.97429305,0.11948661,0.9485861
1,1,0.99978846,0.0020013514,0.9995769
1,0,0.9732369,0.123303585,0.94647384
1,1,0.8130688,0.48174244,0.6261376
1,0,0.58938575,0.67708135,0.1787715
0,1,0.8130929,0.48170704,0.6261858
0,0,0.63779247,0.65467775,0.2755849
0,1,0.8159767,0.4774397,0.63195336
1,1,0.9996383,0.0032278462,0.99927664
0,1,0.7848135,0.5207478,0.56962705
1,0,0.58704966,0.6779144,0.17409933
0,1,0.76151425,0.5493282,0.5230285
0,1,0.8008459,0.49922746,0.60169184
0,1,0.78093654,0.52572006,0.5618731
1,1,0.6032286,0.67168087,0.20645726
0,1,0.81554717,0.47807878,0.63109434
1,1,0.5415037,0.6896981,0.083007455
1,0,0.7079231,0.6040008,0.41584623
1,1,0.81298196,0.4818701,0.6259639
0,1,0.8138987,0.4805202,0.62779737
1,0,0.9948091,0.03248596,0.9896182
1,0,0.67338014,0.6317589,0.3467603
0,1,0.80329293,0.49580342,0.60658586
0,1,0.6038123,0.6714356,0.20762455
1,0,0.96515566,0.15119782,0.9303113
0,1,0.81695545,0.47597882,0.6339109
0,1,0.7763559,0.5314816,0.55271184
0,1,0.7931894,0.5097002,0.5863788
0,1,0.78089947,0.52576715,0.56179893
1,1,0.81411886,0.48019513,0.6282377
1,0,0.9415478,0.22268724,0.8830956
0,1,0.535842,0.69057566,0.071684
0,0,0.6097264,0.66887033,0.21945283
0,1,0.8140297,0.48032683,0.6280594
0,1,0.81542534,0.47825983,0.6308507
0,0,0.93943113,0.22852995,0.87886226
1,1,0.9994492,0.004683977,0.9988984
0,1,0.61675614,0.66562986,0.23351228
1,1,0.9997522,0.00230503,0.99950445
1,1,0.8021401,0.49742123,0.60428023
1,1,0.63641953,0.65545046,0.27283907
0,1,0.81297594,0.48187894,0.6259519
1,1,0.80335337,0.49571836,0.60670674
0,1,0.99975795,0.0022574547,0.9995159
0,0,0.924016,0.26884967,0.848032
0,0,0.60887545,0.66924846,0.2177509
1,1,0.99971455,0.0026150658,0.9994291
1,0,0.9350952,0.24025525,0.8701904
1,1,0.815521,0.47811764,0.631042
1,0,0.9859201,0.074003145,0.97184014
1,0,0.5121597,0.6928514,0.02431941
0,1,0.73220205,0.5810563,0.4644041
0,0,0.9604924,0.16637616,0.92098475
0,0,0.94998485,0.19855985,0.8999697
1,0,0.7206416,0.5923463,0.44128326
0,0,0.54680765,0.68875885,0.09361532
1,0,0.9453873,0.2118793,0.8907746
1,0,0.90907294,0.3046775,0.8181459
1,1,0.99952686,0.004095457,0.9990537
1,1,0.7790837,0.5280652,0.55816746
0,1,0.55081123,0.6879747,0.10162246
1,1,0.8020232,0.49758488,0.60404634
1,0,0.993912,0.037127137,0.98782396
1,0,0.92215824,0.27346626,0.8443165
0,1,0.5239923,0.6919955,0.0479846
0,0,0.9394418,0.2285007,0.8788836
1,1,0.63418317,0.65669173,0.26836634
1,1,0.9993278,0.0055825193,0.99865556
0,1,0.80338794,0.49566972,0.6067759
1,0,0.9447439,0.21371,0.88948774
0,1,0.6339551,0.6568171,0.26791024
0,1,0.7997379,0.50076556,0.59947574
1,1,0.80246776,0.4969623,0.6049355
1,0,0.67024684,0.6340037,0.3404937
0,1,0.8031306,0.4960317,0.60626125
1,1,0.8013712,0.49849564,0.60274243
0,1,0.7911659,0.51240784,0.5823318
1,1,0.99967647,0.0029234677,0.99935293
0,1,0.7542479,0.55762005,0.5084958
1,0,0.994746,0.03281706,0.98949206
1,0,0.6270275,0.66051877,0.25405505
1,1,0.9997008,0.0027271076,0.99940157
1,1,0.81137043,0.48422968,0.62274086
0,0,0.9494336,0.20017949,0.89886725
1,1,0.62146705,0.6633414,0.24293411
1,1,0.81142396,0.4841516,0.6228479
0,1,0.9515974,0.19378468,0.9031948
1,0,0.50061864,0.69314647,0.0012372732
0,1,0.7885373,0.5158882,0.57707465
1,0,0.5284616,0.6915262,0.05692315
0,1,0.7201144,0.5928452,0.44022882
1,0,0.86716557,0.39173958,0.73433113
0,0,0.7524948,0.5595777,0.5049896
0,0,0.6224383,0.66285783,0.2448766
0,1,0.83082587,0.4545743,0.66165173
1,0,0.9408592,0.22459678,0.8817184
0,1,0.6107958,0.6683908,0.22159159
1,0,0.9499974,0.19852279,0.89999485
1,1,0.814167,0.480124,0.62833405
1,1,0.99963,0.003293877,0.99925995
0,1,0.5503789,0.6880625,0.10075784
0,1,0.7787196,0.52852374,0.5574392
1,1,0.789956,0.514015,0.57991195
1,1,0.8114152,0.48416442,0.6228304
0,1,0.8441134,0.4327855,0.6882268
0,0,0.5293567,0.6914226,0.058713466
1,1,0.8013527,0.4985215,0.60270536
1,1,0.8140716,0.48026496,0.6281432
0,1,0.8168711,0.47610497,0.6337422
0,1,0.6169794,0.6655235,0.23395884
1,0,0.97891414,0.10223557,0.9578283
1,1,0.5415037,0.6896981,0.083007455
1,0,0.981256,0.09310983,0.962512
1,0,0.81004333,0.4861601,0.62008667
0,1,0.63332975,0.6571597,0.2666595
1,0,0.902385,0.3198108,0.80477
1,1,0.9997458,0.0023583944,0.9994916
1,0,0.9499974,0.19852279,0.89999485
1,0,0.78907835,0.5151752,0.5781567
1,0,0.65281105,0.64568913,0.3056221
1,1,0.8143484,0.47985595,0.6286968
0,1,0.7257602,0.58743036,0.45152044
1,0,0.60779214,0.6697255,0.21558425
0,0,0.95509356,0.18323524,0.9101871
1,1,0.63418317,0.65669173,0.26836634
1,1,0.9996062,0.0034810454,0.9992124
0,1,0.8418567,0.43657815,0.68371344
1,0,0.942265,0.22068936,0.88452995
0,0,0.9635953,0.15634477,0.92719054
1,1,0.9993278,0.0055825193,0.99865556
1,0,0.974273,0.1195594,0.94854605
1,1,0.99967647,0.0029234677,0.99935293
0,1,0.80290306,0.49635148,0.6058061
1,1,0.8127828,0.4821626,0.62556565
1,1,0.79453707,0.507883,0.58907413
1,1,0.8164598,0.47671944,0.63291955
0,1,0.7999911,0.5004148,0.59998214
1,0,0.9731171,0.12373389,0.9462342
1,1,0.80243033,0.49701476,0.60486066
0,1,0.7724716,0.5362725,0.5449432
0,1,0.7991129,0.5016297,0.59822583
1,0,0.553372,0.6874392,0.10674402
1,1,0.8035991,0.49537235,0.60719824
0,1,0.8129676,0.48189119,0.6259352
1,1,0.9996691,0.0029827768,0.99933815
1,0,0.98238385,0.08861061,0.9647677
1,1,0.8723701,0.3818562,0.74474025
0,1,0.80188954,0.4977718,0.6037791
1,1,0.99979573,0.0019396995,0.99959147
0,1,0.6032546,0.67166996,0.20650923
1,1,0.59906656,0.67338836,0.19813311
1,1,0.62146705,0.6633414,0.24293411
0,1,0.8140566,0.48028713,0.62811315
1,1,0.8233867,0.466219,0.64677346
0,1,0.86015135,0.40468866,0.7203027
1,0,0.6289848,0.6594938,0.25796965
0,1,0.7861147,0.5190591,0.5722294
0,1,0.7618076,0.5489874,0.52361524
1,0,0.6899859,0.61911196,0.37997174
0,1,0.7873601,0.51743346,0.57472014
1,1,0.77452195,0.53375447,0.5490439
0,1,0.8703767,0.38567,0.7407534
1,1,0.9995597,0.0038428616,0.9991194
0,1,0.7703785,0.53881866,0.54075694
0,1,0.58160764,0.6797678,0.16321528
0,1,0.82154083,0.469049,0.64308167
1,1,0.81686777,0.47610995,0.63373554
1,1,0.8114917,0.48405272,0.62298346
0,1,0.72675973,0.58645517,0.45351946
0,1,0.5555066,0.6869725,0.111013174
0,1,0.5865797,0.67807925,0.17315936
0,1,0.81430763,0.47991621,0.62861526
0,0,0.61616415,0.6659107,0.2323283
1,1,0.8118528,0.48352516,0.6237056
0,1,0.7920204,0.51126754,0.58404076
0,1,0.54182374,0.68964463,0.08364749
0,1,0.5815409,0.6797898,0.16308177
0,1,0.7158553,0.59682536,0.4317106
1,1,0.81146127,0.48409712,0.62292254
1,1,0.99970776,0.0026704404,0.9994155
1,1,0.63418317,0.65669173,0.26836634
0,1,0.8101246,0.48604226,0.62024915
0,1,0.7850958,0.5203823,0.5701916
1,1,0.6042866,0.6712353,0.20857322
1,0,0.871391,0.38373387,0.742782
0,1,0.6386058,0.6542162,0.27721155
1,1,0.9996971,0.0027570701,0.9993942
1,0,0.65228677,0.6460196,0.30457354
0,1,0.7769072,0.5307946,0.5538144
1,1,0.84040505,0.43899763,0.6808101
0,1,0.5909506,0.6765107,0.18190122
0,1,0.7746364,0.53361315,0.5492728
0,0,0.640475,0.6531444,0.28094995
1,1,0.63418317,0.65669173,0.26836634
1,0,0.65229005,0.64601743,0.3045801
1,1,0.62146705,0.6633414,0.24293411
1,0,0.6960324,0.6141886,0.3920648
1,1,0.5800998,0.6802597,0.16019964
0,1,0.8171324,0.475714,0.6342648
1,1,0.9587123,0.17201522,0.91742456
1,0,0.67024684,0.6340037,0.3404937
1,0,0.9590169,0.17105588,0.91803384
1,1,0.81655455,0.47657797,0.6331091
1,0,0.9315209,0.24968705,0.86304176
1,0,0.9604407,0.16654111,0.9208814
1,1,0.8129421,0.48192868,0.6258842
1,0,0.98482275,0.07862317,0.9696455
0,1,0.817084,0.47578645,0.634168
0,0,0.9141074,0.2929304,0.82821476
1,1,0.9701489,0.13422412,0.94029784
1,1,0.9992084,0.0064445282,0.9984168
0,1,0.5909492,0.67651117,0.18189836
1,0,0.5613935,0.6855898,0.12278697
1,0,0.94906896,0.20124756,0.8981379
0,1,0.7705759,0.5385796,0.54115176
0,1,0.813164,0.48160246,0.626328
1,1,0.9995078,0.0042410973,0.99901557
0,1,0.5368767,0.6904249,0.07375336
1,0,0.7546676,0.55714893,0.50933516
1,1,0.9995252,0.0041082306,0.9990504
0,1,0.81299186,0.48185554,0.6259837
0,1,0.81794685,0.47449255,0.6358937
1,0,0.9402722,0.22621787,0.8805444
0,1,0.5375465,0.690325,0.07509303
0,1,0.8357165,0.44670516,0.671433
1,0,0.9106524,0.30102578,0.8213048
1,1,0.8113771,0.48421997,0.6227542
1,1,0.8118999,0.4834563,0.6237998
1,1,0.99971455,0.0026150658,0.9994291
1,0,0.96219677,0.16089879,0.92439353
1,1,0.8209015,0.47002372,0.641803
1,1,0.9997377,0.0024253621,0.99947536
0,1,0.5733223,0.682356,0.14664459
0,1,0.6969243,0.61344784,0.39384866
0,1,0.75780165,0.55360067,0.5156033
1,1,0.5415037,0.6896981,0.083007455
0,1,0.81402856,0.4803285,0.6280571
1,1,0.9997309,0.0024813039,0.99946177
1,0,0.9871458,0.06873961,0.97429156
0,1,0.7977671,0.50348234,0.5955342
1,1,0.6042864,0.6712353,0.20857275
1,1,0.80108625,0.49889284,0.6021725
1,1,0.9996049,0.003491323,0.99920976
1,0,0.50061864,0.69314647,0.0012372732
1,0,0.5121597,0.6928514,0.02431941
1,1,0.7727661,0.53591233,0.5455322
1,0,0.5613935,0.6855898,0.12278697
0,1,0.81376433,0.48071837,0.62752867
0,0,0.98006666,0.09777963,0.9601333
0,1,0.7419049,0.571055,0.48380983
1,0,0.67635906,0.6295835,0.35271809
0,0,0.6625594,0.63932323,0.3251188
1,1,0.6172117,0.66541266,0.2344234
1,1,0.999326,0.005595578,0.998652
0,0,0.9671693,0.14444831,0.93433857
0,1,0.99975795,0.0022574547,0.9995159
1,0,0.98203677,0.090002865,0.96407354
1,0,0.993912,0.037127137,0.98782396
1,1,0.77285504,0.5358035,0.5457101
1,0,0.5283284,0.6915413,0.056656808
0,1,0.53440666,0.69077766,0.068813324
1,0,0.65311503,0.64549696,0.30623004
0,1,0.5316751,0.6911392,0.0633502
0,1,0.80193263,0.4977115,0.60386527
0,1,0.771488,0.53747207,0.542976
0,1,0.79531676,0.50682664,0.5906335
0,1,0.5953058,0.6748691,0.1906116
0,0,0.66660684,0.6365557,0.3332137
0,1,0.8002898,0.50000036,0.6005796
1,1,0.99978083,0.0020657673,0.99956167
1,0,0.746689,0.5659435,0.49337804
0,0,0.92672384,0.26203206,0.8534477
1,0,0.9942243,0.035527557,0.9884486
0,1,0.80331355,0.4957744,0.6066271
0,1,0.8116259,0.4838568,0.6232518
1,0,0.9909815,0.051441103,0.98196304
1,1,0.81120634,0.48446906,0.6224127
0,1,0.8692041,0.38789687,0.7384082
0,1,0.7747786,0.5334375,0.5495572
1,1,0.9997763,0.0021038877,0.9995526
0,1,0.79983866,0.500626,0.5996773
1,0,0.9326429,0.24674837,0.86528575
0,1,0.8128027,0.48213345,0.62560534
1,0,0.6990307,0.61168337,0.3980614
1,1,0.9996971,0.0027570701,0.9993942
1,0,0.67024684,0.6340037,0.3404937
1,0,0.53219545,0.69107264,0.06439087
1,1,0.6347964,0.6563536,0.26959276
1,0,0.9477512,0.20508416,0.89550245
1,0,0.9239207,0.26908764,0.8478414
1,1,0.8196238,0.4719634,0.63924766
0,1,0.8154946,0.47815692,0.6309892
1,0,0.9585585,0.17249863,0.917117
0,1,0.8195507,0.47207412,0.6391014
1,0,0.9490175,0.20139803,0.89803505
1,1,0.9997762,0.0021048896,0.99955237
1,0,0.9525364,0.19097811,0.9050728
1,0,0.9494058,0.2002612,0.8988116
1,0,0.93701786,0.23509534,0.8740357
0,1,0.80141515,0.49843436,0.6028303
1,1,0.8155864,0.4780205,0.6311728
1,0,0.93907183,0.22951376,0.87814367
0,1,0.7739369,0.5344754,0.54787385
0,1,0.77668226,0.5310751,0.5533645
1,1,0.9994492,0.004683977,0.9988984
0,0,0.96458226,0.15309742,0.9291645
1,0,0.9507515,0.19629657,0.90150297
0,0,0.9493117,0.20053706,0.89862335
0,0,0.5205141,0.6923053,0.041028142
1,0,0.94249177,0.22005555,0.88498354
0,1,0.7725839,0.5361353,0.5451678
0,1,0.7998362,0.5006294,0.59967244
1,1,0.63418317,0.65669173,0.26836634
0,1,0.6762821,0.6296402,0.35256422
0,0,0.95126843,0.19476333,0.90253687
1,1,0.99952686,0.004095457,0.9990537
1,1,0.811299,0.48433387,0.62259805
1,1,0.9997396,0.002409628,0.9994792
1,1,0.6498173,0.64755964,0.29963458
0,1,0.71730894,0.595477,0.43461788
1,0,0.9953029,0.029866332,0.99060583
1,1,0.9998111,0.0018084557,0.9996222
1,0,0.94618446,0.20960024,0.8923689
0,1,0.5303713,0.6913012,0.060742617
1,1,0.8114563,0.48410437,0.62291265
1,0,0.7079232,0.6040008,0.41584635
1,1,0.8126588,0.48234466,0.6253176
0,1,0.80083555,0.49924195,0.6016711
1,1,0.8110767,0.48465794,0.6221534
0,1,0.9479227,0.20458686,0.8958454
1,1,0.5304991,0.6912856,0.0609982
1,1,0.81241775,0.48269817,0.6248355
1,0,0.9429753,0.21870124,0.88595057
0,1,0.7689324,0.5405631,0.5378648
0,1,0.8112671,0.48438048,0.62253416
1,0,0.9423817,0.2203633,0.88476336
0,1,0.6878301,0.6208259,0.37566018
1,0,0.98030627,0.09684477,0.96061254
1,0,0.6795998,0.62717074,0.35919964
1,1,0.9387724,0.23033208,0.87754476
1,0,0.66709864,0.6362143,0.33419725
1,0,0.70201194,0.60914993,0.40402386
0,0,0.5168725,0.6925777,0.03374505
0,1,0.7419107,0.5710489,0.4838214
1,1,0.8107186,0.48517933,0.6214372
1,1,0.8109363,0.4848625,0.62187254
0,1,0.7601431,0.55091494,0.5202862
1,0,0.9557668,0.18117164,0.9115336
1,1,0.505362,0.69308966,0.0107239485
1,0,0.96418154,0.15441927,0.9283631
1,1,0.9994267,0.004852137,0.99885345
0,1,0.8128128,0.48211855,0.6256256
0,1,0.7873257,0.51747847,0.57465136
1,1,0.81334543,0.48133552,0.62669086
0,1,0.7844257,0.5212492,0.56885135
0,0,0.94454724,0.21426788,0.8890945
0,1,0.81169635,0.48375386,0.6233927
0,0,0.959992,0.16796961,0.919984
1,1,0.81111413,0.4846034,0.62222826
1,0,0.9380082,0.23241323,0.8760164
1,0,0.9331882,0.24531287,0.8663764
0,0,0.9666769,0.1461103,0.9333538
0,1,0.5620594,0.68542457,0.124118805
0,1,0.8147192,0.47930726,0.6294384
1,1,0.63418317,0.65669173,0.26836634
1,0,0.89324564,0.33967528,0.7864913
0,1,0.5282564,0.6915495,0.056512833
1,0,0.9562022,0.17983133,0.9124044
0,1,0.5865797,0.67807925,0.17315936
1,1,0.8113969,0.4841911,0.6227938
1,0,0.5121597,0.6928514,0.02431941
1,1,0.99970776,0.0026704404,0.9994155
0,1,0.6210133,0.6635659,0.24202657
1,1,0.8188994,0.47305828,0.6377988
0,1,0.752889,0.55913895,0.50577796
1,0,0.553372,0.6874392,0.10674402
1,0,0.9678831,0.1420253,0.9357662
1,0,0.9952216,0.030300861,0.9904432
1,1,0.59490085,0.6750251,0.1898017
1,0,0.9420808,0.22120331,0.8841616
0,0,0.58836615,0.6774477,0.17673233
1,1,0.6518022,0.6463239,0.30360436
0,1,0.8167331,0.47631124,0.63346624
0,1,0.7899224,0.5140595,0.57984483
1,0,0.766024,0.5440361,0.532048
0,1,0.8114576,0.48410255,0.62291515
0,1,0.81582665,0.4776631,0.6316533
0,1,0.9245482,0.26751804,0.8490964
1,0,0.9772896,0.10840776,0.95457923
1,0,0.95781064,0.1748407,0.9156213
1,0,0.69903004,0.61168396,0.39806008
0,1,0.8040701,0.494708,0.60814023
1,1,0.99971455,0.0026150658,0.9994291
0,1,0.81265336,0.4823526,0.6253067
1,0,0.746689,0.5659435,0.49337804
0,1,0.56225187,0.6853764,0.12450373
1,1,0.9997789,0.0020818294,0.99955785
1,1,0.9997008,0.0027271076,0.99940157
1,0,0.9850843,0.077529594,0.9701686
0,1,0.79963946,0.5009018,0.5992789
1,1,0.8127359,0.48223144,0.62547183
0,1,0.78792435,0.51669383,0.5758487
0,1,0.97170705,0.1287573,0.9434141
1,0,0.9353685,0.23952556,0.87073696
1,0,0.9947812,0.03263253,0.9895624
0,1,0.80037093,0.49988776,0.60074186
1,1,0.81320107,0.48154795,0.62640214
1,1,0.9992459,0.006175913,0.99849176
1,1,0.63873,0.6541455,0.27745998
1,1,0.81211954,0.48313496,0.6242391
0,0,0.70990014,0.60224104,0.41980028
0,0,0.5481751,0.68849826,0.09635019
1,0,0.5121597,0.6928514,0.02431941
1,0,0.96051013,0.1663195,0.92102027
0,1,0.7250706,0.5881003,0.4501412
1,1,0.9996049,0.003491323,0.99920976
1,1,0.63348967,0.65707225,0.26697934
1,0,0.93168503,0.24925834,0.86337006
1,1,0.8131785,0.48158115,0.62635696
1,1,0.78849083,0.51594937,0.57698166
1,0,0.993912,0.037127137,0.98782396
1,1,0.8114109,0.48417068,0.6228218
1,0,0.94667566,0.20818965,0.8933513
1,1,0.7982053,0.50288033,0.59641063
1,0,0.9687745,0.1389767,0.937549
1,0,0.50061864,0.69314647,0.0012372732
0,1,0.8167756,0.47624773,0.63355124
0,1,0.8114046,0.48417988,0.6228092
1,0,0.92435175,0.26801005,0.8487035
1,0,0.954948,0.18368,0.909896
1,0,0.9331882,0.24531287,0.8663764
1,1,0.99941134,0.004966707,0.9988227
1,0,0.7049759,0.6065891,0.4099518
1,1,0.79943323,0.50118715,0.59886646
0,1,0.5418247,0.68964446,0.0836494
1,0,0.9850843,0.077529594,0.9701686
1,1,0.81155217,0.48396444,0.62310433
0,1,0.81450975,0.4796173,0.6290195
0,0,0.8236797,0.46576768,0.6473594
0,1,0.8129983,0.4818461,0.6259966
1,1,0.99933964,0.005495776,0.9986793
0,1,0.5622519,0.6853764,0.12450385
1,0,0.94938606,0.20031898,0.8987721
1,1,0.8143456,0.47986007,0.6286912
1,0,0.9427181,0.21942213,0.8854362
1,1,0.99954945,0.0039219665,0.9990989
0,1,0.812146,0.48309624,0.624292
1,1,0.7767234,0.53102386,0.55344677
1,0,0.87927026,0.36837646,0.7585405
0,1,0.5048503,0.69310015,0.009700656
0,1,0.8165256,0.47662124,0.63305116
1,0,0.9741804,0.1198958,0.9483608
1,0,0.9691205,0.13778624,0.938241
1,1,0.81138736,0.484205,0.6227747
1,1,0.8069655,0.49059325,0.61393094
0,1,0.81292045,0.48196048,0.6258409
0,0,0.7851327,0.5203345,0.5702654
0,0,0.9560014,0.18045008,0.9120028
1,1,0.78440356,0.5212777,0.5688071
1,1,0.56474966,0.6847385,0.12949932
0,1,0.85204846,0.41913933,0.7040969
0,1,0.5508403,0.6879688,0.10168064
0,1,0.72949225,0.5837632,0.4589845
1,0,0.7046444,0.60687757,0.40928876
1,1,0.99971455,0.0026150658,0.9994291
1,1,0.902502,0.31955048,0.805004
1,1,0.99968386,0.0028639894,0.9993677
0,1,0.8062118,0.49166948,0.61242366
0,1,0.56126153,0.68562233,0.12252307
0,1,0.75909007,0.5521265,0.51818013
0,0,0.9545067,0.18502536,0.9090134
1,1,0.99982065,0.001726441,0.9996413
1,1,0.99978846,0.0020013514,0.9995769
0,1,0.77913976,0.5279946,0.5582795
1,1,0.9992817,0.005917513,0.9985634
1,1,0.99967647,0.0029234677,0.99935293
0,0,0.9356619,0.23874073,0.8713238
0,1,0.83579296,0.4465807,0.6715859
0,0,0.52533245,0.6918632,0.0506649
1,1,0.99971455,0.0026150658,0.9994291
1,0,0.94201654,0.22138248,0.8840331
1,0,0.7206416,0.5923463,0.44128326
1,1,0.8264037,0.46154308,0.65280735
1,0,0.99711263,0.019766703,0.99422526
1,1,0.7972118,0.50424343,0.59442365
0,1,0.7615752,0.5492574,0.52315044
0,1,0.79352844,0.5092441,0.5870569
1,1,0.89219713,0.3418969,0.78439426
0,1,0.62344337,0.6623533,0.24688673
0,1,0.81651855,0.4766317,0.6330371
1,1,0.999371,0.0052654576,0.998742
0,1,0.7880705,0.5165019,0.576141
1,0,0.9711979,0.13055316,0.9423958
0,1,0.8900757,0.34635708,0.78015137
0,1,0.8139162,0.48049432,0.6278324
1,1,0.99975806,0.0022564621,0.9995161
1,0,0.9139743,0.293245,0.8279486
0,1,0.7984644,0.50252384,0.59692883
1,0,0.553372,0.6874392,0.10674402
1,1,0.81139827,0.4841891,0.62279654
1,1,0.51895976,0.69242805,0.03791952
0,1,0.6163426,0.6658262,0.23268521
1,1,0.86427456,0.39712736,0.7285491
1,0,0.58448356,0.67880356,0.16896713
0,1,0.79867864,0.5022288,0.5973573
0,1,0.8448748,0.43149722,0.6897496
1,0,0.90147936,0.3218203,0.8029587
1,0,0.7960863,0.50578034,0.5921726
1,1,0.8116047,0.4838878,0.62320936
1,0,0.9409378,0.22437924,0.88187563
0,0,0.9356397,0.2388002,0.87127936
1,0,0.920138,0.2784322,0.840276
1,1,0.9996691,0.0029827768,0.99933815
0,1,0.5616055,0.68553734,0.123211026
1,0,0.5543836,0.68722034,0.10876715
1,0,0.8900653,0.3463788,0.7801306
1,0,0.9754567,0.11522927,0.9509134
1,1,0.9996691,0.0029827768,0.99933815
1,1,0.811389,0.4842026,0.62277806
0,1,0.81326836,0.48144895,0.6265367
0,1,0.7918054,0.5115548,0.5836108
0,0,0.5871792,0.6778688,0.17435837
0,1,0.8145001,0.4796316,0.6290002
0,1,0.5815409,0.6797898,0.16308177
1,1,0.9993555,0.005379494,0.998711
1,1,0.9996971,0.0027570701,0.9993942
1,0,0.92978024,0.25420702,0.8595605
0,1,0.8381989,0.44264448,0.6763978
1,0,0.859185,0.4064402,0.71836996
1,0,0.5543836,0.68722034,0.10876715
1,0,0.6189668,0.6645677,0.23793367
0,1,0.81298804,0.48186117,0.6259761
0,0,0.96666056,0.14616536,0.9333211
1,0,0.6319944,0.6578857,0.26398885
0,1,0.63332975,0.6571597,0.2666595
0,1,0.75394136,0.55796355,0.5078827
1,1,0.9996062,0.0034810454,0.9992124
1,1,0.8115149,0.48401886,0.6230298
1,0,0.92215824,0.27346626,0.8443165
1,1,0.87889767,0.36911556,0.75779533
0,1,0.50279576,0.69313157,0.0055915117
0,1,0.78852934,0.5158987,0.5770587
1,0,0.97229224,0.12668154,0.9445845
0,1,0.81645817,0.47672182,0.63291633
0,1,0.78495127,0.5205695,0.56990254
0,0,0.9454201,0.21178582,0.8908402
0,1,0.8139893,0.48038647,0.62797856
1,0,0.94845104,0.20305105,0.8969021
1,0,0.89153326,0.34329763,0.7830665
1,0,0.96981424,0.13538727,0.9396285
0,1,0.78545475,0.5199169,0.5709095
1,0,0.9139743,0.293245,0.8279486
1,0,0.94223064,0.22078522,0.8844613
0,1,0.7694172,0.5399795,0.53883445
0,1,0.8152203,0.47856432,0.6304406
0,1,0.7975055,0.50384116,0.595011
1,0,0.989263,0.05936137,0.978526
0,1,0.7946086,0.5077863,0.5892172
1,0,0.58704966,0.6779144,0.17409933
1,0,0.99046135,0.053870723,0.9809227
1,1,0.78573495,0.519553,0.5714699
0,1,0.9997788,0.0020828324,0.9995576
1,0,0.58704966,0.6779144,0.17409933
1,0,0.9960818,0.025625587,0.99216366
0,1,0.78860354,0.515801,0.5772071
0,1,0.80271465,0.496616,0.6054293
1,0,0.9850843,0.077529594,0.9701686
1,1,0.99933964,0.005495776,0.9986793
1,0,0.7079231,0.6040008,0.41584623
0,1,0.59906656,0.67338836,0.19813311
1,0,0.6554816,0.6439871,0.31096318
0,1,0.7596216,0.5515157,0.51924324
1,0,0.94335085,0.21764618,0.8867017
1,1,0.7878883,0.51674116,0.5757766
0,1,0.81145185,0.4841109,0.6229037
0,1,0.8020227,0.49758554,0.6040454
1,1,0.7972783,0.5041524,0.59455657
1,1,0.81150275,0.48403662,0.6230055
1,1,0.8236335,0.4658389,0.647267
1,0,0.9432861,0.21782821,0.88657224
0,0,0.65150046,0.64651287,0.30300093
1,0,0.9737128,0.12158912,0.9474256
1,0,0.978156,0.105131485,0.95631194
1,0,0.94667566,0.20818965,0.8933513
0,0,0.9855209,0.07569351,0.9710418
1,1,0.9997372,0.002429294,0.9994744
0,0,0.95462185,0.18467475,0.9092437
1,0,0.9633927,0.15700789,0.92678535
0,1,0.8140083,0.48035842,0.6280166
0,1,0.980257,0.09703732,0.96051395
1,1,0.8069225,0.4906547,0.613845
0,1,0.80245364,0.49698207,0.6049073
0,1,0.7931653,0.50973254,0.58633065
0,1,0.7932837,0.50957334,0.5865674
1,1,0.96355313,0.15648285,0.92710626
1,1,0.81150216,0.48403746,0.6230043
1,0,0.86446893,0.39676738,0.72893786
0,0,0.6224383,0.66285783,0.2448766
0,1,0.7674712,0.54231393,0.5349424
1,0,0.9415683,0.22263029,0.88313663
0,1,0.5987078,0.6735321,0.19741559
0,1,0.6680392,0.63555855,0.3360784
1,0,0.92975056,0.25428373,0.8595011
1,1,0.8323028,0.45221597,0.6646056
1,1,0.8626428,0.40013683,0.72528565
0,1,0.5503789,0.6880625,0.10075784
0,1,0.8152104,0.47857898,0.6304208
1,0,0.9721865,0.12705755,0.944373
1,0,0.97464,0.11822312,0.94928
0,0,0.9315025,0.24973494,0.86300504
0,1,0.62929946,0.6593275,0.25859892
0,1,0.76955897,0.53980875,0.53911793
0,1,0.5128382,0.69281745,0.02567637
0,1,0.52597696,0.691797,0.05195391
1,1,0.81326973,0.48144692,0.62653947
1,0,0.91138726,0.2993164,0.8227745
1,1,0.83647066,0.4454763,0.6729413
0,1,0.8281244,0.45884776,0.6562488
1,1,0.6167773,0.6656198,0.2335546
1,0,0.9986697,0.0101391915,0.99733937
0,1,0.56890094,0.68362224,0.13780189
0,0,0.9449307,0.21317935,0.88986135
1,0,0.97465414,0.11817153,0.9493083
0,1,0.82303274,0.46676353,0.6460655
0,1,0.81272733,0.48224404,0.62545466
1,0,0.9435732,0.21702047,0.88714635
0,1,0.8139969,0.48037523,0.6279938
1,1,0.99948716,0.0043977397,0.9989743
0,1,0.6040376,0.6713406,0.20807517
0,1,0.8029419,0.4962969,0.60588384
0,1,0.63332975,0.6571597,0.2666595
0,1,0.8107239,0.4851716,0.6214478
1,1,0.79979956,0.50068015,0.5995991
1,0,0.993912,0.037127137,0.98782396
1,0,0.941264,0.2234754,0.88252795
1,0,0.8683614,0.38948977,0.7367228
0,1,0.74355096,0.56930983,0.4871019
1,0,0.96266294,0.15938684,0.9253259
0,1,0.8002772,0.50001794,0.60055435
0,0,0.93845046,0.23120998,0.8769009
0,1,0.5815409,0.6797898,0.16308177
0,0,0.9155434,0.28952128,0.83108675
1,1,0.82827574,0.45860973,0.6565515
1,0,0.6527662,0.6457174,0.30553243
0,1,0.79968184,0.50084317,0.5993637
1,1,0.81398904,0.48038685,0.6279781
1,1,0.9997873,0.0020114344,0.99957454
0,1,0.79988277,0.5005649,0.59976554
0,1,0.8140474,0.48030066,0.6280948
1,1,0.8114664,0.48408967,0.6229328
1,0,0.7809581,0.52569264,0.56191623
0,1,0.7914643,0.51201004,0.58292866
1,0,0.7079231,0.6040008,0.41584623
0,1,0.74446416,0.5683356,0.48892832
1,0,0.9772896,0.10840776,0.95457923
1,1,0.99967647,0.0029234677,0.99935293
0,1,0.79973334,0.5007719,0.5994667
0,0,0.9694818,0.13653873,0.93896365
0,1,0.5347385,0.6907317,0.06947696
0,1,0.79906785,0.50169194,0.5981357
1,0,0.98142475,0.09244122,0.9628495
0,1,0.50642484,0.69306463,0.0128496885
0,1,0.5163025,0.69261557,0.032605052
0,0,0.5058132,0.6930796,0.011626363
1,0,0.7546676,0.55714893,0.50933516
0,1,0.816445,0.47674152,0.63289
1,0,0.96667236,0.14612556,0.9333447
0,1,0.68343484,0.6242533,0.3668697
1,1,0.81681025,0.47619593,0.6336205
1,1,0.9997372,0.002429294,0.9994744
0,1,0.8126805,0.4823128,0.62536097
0,1,0.7726159,0.5360961,0.5452318
1,0,0.61560977,0.6661725,0.23121953
1,1,0.99969006,0.0028139718,0.9993801
0,1,0.7246713,0.58848715,0.4493426
0,1,0.77398056,0.5344217,0.5479611
1,0,0.9941139,0.036094703,0.98822784
1,1,0.99963117,0.0032844557,0.99926233
1,0,0.99816394,0.013401728,0.9963279
1,0,0.86343426,0.39867997,0.7268685
0,0,0.9248639,0.26672634,0.84972775
1,1,0.8129587,0.48190424,0.62591743
0,1,0.74815595,0.564352,0.4963119
0,1,0.5303713,0.6913012,0.060742617
1,1,0.5682406,0.6838045,0.13648117
0,1,0.8128003,0.48213696,0.6256006
1,1,0.7984855,0.5024948,0.59697104
0,1,0.6263815,0.66085345,0.25276303
1,0,0.9648448,0.15222888,0.92968965
1,0,0.9417385,0.22215702,0.883477
1,1,0.9997522,0.00230503,0.99950445
0,1,0.81117696,0.48451185,0.6223539
1,1,0.82676196,0.46098357,0.6535239
1,0,0.5613935,0.6855898,0.12278697
1,1,0.81156236,0.4839496,0.6231247
0,1,0.76430404,0.5460678,0.5286081
0,1,0.59530574,0.6748692,0.19061148
1,0,0.95295423,0.18972306,0.90590847
0,1,0.7598102,0.5512986,0.5196204
1,1,0.93323845,0.24518037,0.8664769
0,1,0.8154419,0.4782352,0.6308838
0,1,0.7751693,0.53295434,0.5503386
0,1,0.81615305,0.47717696,0.6323061
1,1,0.99975854,0.0022524914,0.9995171
0,1,0.60863286,0.6693557,0.21726573
1,0,0.61560977,0.6661725,0.23121953
1,0,0.6379237,0.6546035,0.27584746
1,1,0.82280207,0.4671179,0.64560413
0,1,0.61697793,0.66552424,0.23395586
1,1,0.52796376,0.69158244,0.055927515
0,1,0.71111894,0.60114676,0.42223787
0,1,0.8025648,0.49682623,0.6051296
1,0,0.9830309,0.08599649,0.96606183
1,0,0.92394173,0.2690351,0.84788346
1,0,0.9752878,0.11585072,0.9505756
1,0,0.8017874,0.4979146,0.60357475
1,0,0.9326588,0.24670658,0.8653176
1,0,0.9757542,0.11413201,0.9515084
0,1,0.8129284,0.48194882,0.62585676
0,0,0.55760837,0.68649495,0.1152167
0,1,0.8267973,0.46092832,0.6535946
0,1,0.60205436,0.6721699,0.20410872
0,1,0.80774105,0.48948196,0.6154821
1,0,0.6493886,0.6478243,0.29877722
0,0,0.94962573,0.1996158,0.89925146
0,1,0.7722934,0.5364903,0.5445868
1,1,0.9997385,0.00241848,0.999477
1,1,0.99965453,0.0030990036,0.99930906
1,0,0.6526576,0.6457859,0.30531526
0,1,0.6038406,0.6714237,0.20768118
0,1,0.79495233,0.5073209,0.58990467
0,1,0.553047,0.6875086,0.106094
0,0,0.5712112,0.6829705,0.14242247
1,1,0.57280374,0.6825086,0.14560747
1,0,0.5121597,0.6928514,0.02431941
0,0,0.75256103,0.55950403,0.50512207
0,1,0.8008008,0.4992903,0.6016016
1,0,0.7314075,0.58185387,0.46281508
1,1,0.76619434,0.54383403,0.5323887
0,1,0.81293327,0.48194164,0.62586653
1,1,0.63418317,0.65669173,0.26836634
0,0,0.9714327,0.12972617,0.9428654
1,1,0.81146574,0.48409063,0.6229315
1,1,0.9996613,0.0030447787,0.99932265
0,1,0.5420302,0.68960994,0.08406043
1,0,0.82148725,0.4691308,0.6429745
0,0,0.7686563,0.5408948,0.5373126
0,1,0.5500089,0.68813705,0.100017786
0,0,0.9436589,0.21677892,0.8873178
1,1,0.802265,0.49724638,0.60453
1,0,0.98240626,0.08852044,0.9648125
0,1,0.8129024,0.48198697,0.6258048
0,0,0.5880429,0.67756295,0.17608583
0,0,0.9401098,0.22666532,0.8802196
1,1,0.8135983,0.48096317,0.62719655
0,1,0.71302265,0.599423,0.4260453
1,1,0.81624115,0.4770456,0.6324823
1,1,0.9994492,0.004683977,0.9988984
1,0,0.9139743,0.293245,0.8279486
1,0,0.9719746,0.12780984,0.9439492
1,1,0.9994393,0.004758131,0.9988786
1,1,0.84347445,0.43386328,0.6869489
1,1,0.8114869,0.48405975,0.6229738
0,1,0.8157157,0.47782823,0.63143134
0,1,0.7871068,0.51776475,0.5742136
0,1,0.7474628,0.5651054,0.49492562
1,0,0.6466485,0.6494967,0.29329705
1,1,0.81542784,0.4782561,0.6308557
1,0,0.99553263,0.02863011,0.99106526
0,0,0.9243083,0.26811874,0.8486166
1,1,0.9995877,0.0036254677,0.9991754
0,0,0.637624,0.654773,0.27524805
0,1,0.8181631,0.47416747,0.6363262
1,1,0.9238789,0.26919198,0.8477578
1,1,0.8105768,0.48538554,0.6211536
0,1,0.82687163,0.46081215,0.65374327
0,1,0.81689,0.47607666,0.63378
1,0,0.94208807,0.22118308,0.88417614
1,1,0.76620144,0.5438256,0.5324029
1,0,0.95335484,0.18851602,0.9067097
0,0,0.961372,0.16355902,0.92274404
1,0,0.7685612,0.54100907,0.53712237
1,0,0.50061864,0.69314647,0.0012372732
0,1,0.7868878,0.51805097,0.57377565
1,0,0.7079231,0.6040008,0.41584623
0,1,0.79753435,0.5038016,0.5950687
1,1,0.9997522,0.00230503,0.99950445
1,1,0.63418317,0.65669173,0.26836634
0,0,0.95027184,0.19771409,0.9005437
1,1,0.81408405,0.48024654,0.6281681
0,1,0.81729674,0.47546792,0.6345935
0,1,0.8031008,0.4960736,0.60620165
0,1,0.86978495,0.3867953,0.7395699
1,1,0.99954176,0.003981142,0.9990835
0,0,0.68310636,0.62450576,0.36621273
1,1,0.5682406,0.6838045,0.13648117
0,1,0.8167179,0.47633392,0.63343585
0,1,0.7853496,0.52005327,0.5706992
0,1,0.8128446,0.48207194,0.62568915
0,1,0.9997788,0.0020828324,0.9995576
1,0,0.99450046,0.03409901,0.9890009
1,1,0.99969006,0.0028139718,0.9993801
1,1,0.99975985,0.0022415665,0.9995197
0,0,0.51817894,0.6924861,0.03635791
0,0,0.64927435,0.64789474,0.29854873
1,0,0.9426276,0.21967554,0.8852552
1,1,0.999597,0.0035528964,0.999194
1,0,0.993912,0.037127137,0.98782396
1,1,0.63418317,0.65669173,0.26836634
1,1,0.8061121,0.49181157,0.6122242
1,0,0.99046135,0.053870723,0.9809227
0,1,0.56126153,0.68562233,0.12252307
0,1,0.8151782,0.47862676,0.63035643
0,0,0.95697194,0.17745091,0.9139439
1,1,0.9996049,0.003491323,0.99920976
1,0,0.9734763,0.12244232,0.9469526
1,0,0.9657702,0.14915112,0.93154037
0,1,0.8067549,0.49089432,0.6135098
0,1,0.81533015,0.47840124,0.6306603
1,0,0.94667566,0.20818965,0.8933513
0,1,0.73308337,0.5801679,0.46616673
0,0,0.9157302,0.2890759,0.83146036
1,1,0.8115758,0.48393,0.62315154
0,1,0.7667017,0.5432311,0.5334034
0,1,0.8129563,0.48190784,0.62591255
1,1,0.57280374,0.6825086,0.14560747
1,0,0.94355166,0.2170811,0.8871033
0,1,0.8003418,0.49992824,0.60068357
1,0,0.9499974,0.19852279,0.89999485
1,1,0.9997454,0.0023613544,0.99949086
1,1,0.9994393,0.004758131,0.9988786
1,1,0.93282586,0.2462672,0.8656517
1,0,0.96693313,0.14524636,0.93386626
0,1,0.78935736,0.51480687,0.5787147
1,0,0.9706584,0.13244599,0.94131684
0,1,0.51040274,0.69293076,0.020805478
1,0,0.9828359,0.08678693,0.9656718
1,1,0.99971455,0.0026150658,0.9994291
1,0,0.993912,0.037127137,0.98782396
1,0,0.7079231,0.6040008,0.41584623
1,0,0.6289848,0.6594938,0.25796965
1,0,0.9319308,0.24861574,0.86386156
1,0,0.9429396,0.2188014,0.88587916
0,1,0.9997788,0.0020828324,0.9995576
0,1,0.81455606,0.47954878,0.6291121
1,0,0.98271036,0.08729462,0.9654207
1,0,0.8528563,0.41772243,0.70571256
1,1,0.8130201,0.48181403,0.6260402
0,1,0.5284923,0.6915227,0.056984544
1,1,0.8129076,0.48197937,0.62581515
1,0,0.88685876,0.3530329,0.7737175
1,0,0.9418042,0.2219742,0.88360834
1,1,0.9997818,0.0020577298,0.9995636
1,0,0.9604407,0.16654111,0.9208814
1,0,0.97447044,0.118841164,0.9489409
1,0,0.9907342,0.052599728,0.98146844
0,1,0.60834706,0.66948175,0.21669412
0,0,0.94899744,0.20145667,0.8979949
1,0,0.9689333,0.13843083,0.93786657
0,1,0.8143871,0.47979873,0.62877417
1,0,0.92594606,0.2640012,0.8518921
0,0,0.9195236,0.2799314,0.8390472
0,1,0.57332236,0.682356,0.14664471
1,0,0.9424229,0.22024804,0.88484585
1,1,0.8114014,0.4841845,0.62280285
1,0,0.9811809,0.09340698,0.9623618
0,0,0.63290596,0.65739095,0.26581192
1,0,0.5121597,0.6928514,0.02431941
1,1,0.8119429,0.4833935,0.62388575
1,1,0.9996971,0.0027570701,0.9993942
1,1,0.8116185,0.4838676,0.623237
1,0,0.9424158,0.22026809,0.88483155
0,1,0.6038407,0.6714236,0.20768142
0,1,0.79265195,0.51042175,0.5853039
1,0,0.58704966,0.6779144,0.17409933
1,1,0.80283594,0.49644578,0.6056719
1,1,0.9996971,0.0027570701,0.9993942
1,0,0.67338014,0.6317589,0.3467603
0,1,0.79148966,0.5119763,0.5829793
0,0,0.9505993,0.1967468,0.9011986
1,1,0.9995751,0.0037237543,0.99915016
1,0,0.6990307,0.61168337,0.3980614
1,1,0.51895976,0.69242805,0.03791952
0,1,0.81685084,0.47613525,0.6337017
1,1,0.6337565,0.65692604,0.26751304
1,1,0.6336233,0.6569991,0.2672466
1,1,0.8117085,0.4837361,0.623417
1,0,0.6189668,0.6645677,0.23793367
1,1,0.8171428,0.47569847,0.63428557
1,1,0.9995078,0.0042410973,0.99901557
0,0,0.9542821,0.18570834,0.9085642
1,0,0.9984307,0.01170115,0.99686146
0,0,0.6370737,0.6550833,0.2741474
1,0,0.78907835,0.5151752,0.5781567
1,1,0.81634253,0.47689438,0.63268507
1,0,0.9942243,0.035527557,0.9884486
0,1,0.9713155,0.13013919,0.942631
1,0,0.8604466,0.40415198,0.72089314
0,1,0.7990348,0.5017376,0.59806955
0,0,0.93946356,0.22844106,0.8789271
0,1,0.53747654,0.6903356,0.07495308
0,1,0.5239923,0.6919955,0.0479846
1,0,0.946168,0.20964737,0.892336
0,0,0.69707227,0.6133246,0.39414454
1,0,0.95131934,0.19461209,0.9026387
1,1,0.7999117,0.5005248,0.59982336
1,0,0.5121597,0.6928514,0.02431941
1,1,0.8002223,0.5000941,0.60044456
1,0,0.82523656,0.46335942,0.6504731
0,1,0.814384,0.47980332,0.62876797
0,0,0.5516874,0.68779445,0.10337484
1,0,0.96247035,0.16001214,0.9249407
1,0,0.9741804,0.1198958,0.9483608
1,0,0.7457377,0.5669695,0.49147534
1,0,0.97789514,0.106121495,0.9557903
0,1,0.8322816,0.45224994,0.6645632
0,0,0.9494479,0.2001377,0.89889574
1,1,0.81125164,0.48440298,0.6225033
0,0,0.9666155,0.14631705,0.933231
1,1,0.9996971,0.0027570701,0.9993942
0,1,0.8158288,0.47765988,0.6316576
0,1,0.81742626,0.4752738,0.6348525
1,0,0.5613935,0.6855898,0.12278697
0,1,0.80265766,0.496696,0.6053153
1,0,0.9453873,0.2118793,0.8907746
0,0,0.8050938,0.49325925,0.61018765
1,1,0.9995877,0.0036254677,0.9991754
0,1,0.7553944,0.5563308,0.5107888
0,1,0.79852444,0.50244117,0.5970489
1,1,0.9995597,0.0038428616,0.9991194
1,0,0.9772896,0.10840776,0.95457923
1,1,0.63351643,0.65705764,0.26703286
0,1,0.8043333,0.49433616,0.60866666
0,0,0.85491914,0.41408056,0.7098383
0,1,0.80460596,0.49395055,0.6092119
0,0,0.51591253,0.69264066,0.031825095
1,1,0.81404877,0.48029867,0.62809753
1,0,0.9479029,0.20464426,0.89580584
0,1,0.81616753,0.4771554,0.63233507
1,1,0.8100801,0.48610678,0.6201602
0,1,0.9997788,0.0020828324,0.9995576
1,1,0.63378316,0.6569115,0.26756632
0,1,0.6337358,0.6569375,0.26747155
0,1,0.8139659,0.48042098,0.62793183
0,1,0.8141856,0.48009652,0.62837124
1,0,0.5121597,0.6928514,0.02431941
1,0,0.5904906,0.6766795,0.18098113
1,0,0.9933436,0.03999719,0.9866872
1,0,0.993912,0.037127137,0.98782396
1,0,0.99725235,0.018946733,0.9945047
0,1,0.78788745,0.5167422,0.5757749
0,1,0.81292033,0.48196065,0.62584066
0,1,0.80423415,0.49447632,0.6084683
0,0,0.9390044,0.22969818,0.87800884
1,1,0.63418317,0.65669173,0.26836634
1,0,0.9423051,0.22057728,0.8846102
1,1,0.9997762,0.0021048896,0.99955237
0,0,0.58785045,0.6776314,0.17570093
1,0,0.9422819,0.22064206,0.8845638
1,0,0.82523656,0.46335942,0.6504731
1,0,0.97149366,0.12951116,0.9429873
1,0,0.93697774,0.2352037,0.8739555
1,0,0.9909815,0.051441103,0.98196304
1,1,0.9997522,0.00230503,0.99950445
0,1,0.80853814,0.48833573,0.6170763
1,0,0.89785546,0.3297696,0.7957109
1,1,0.8173202,0.47543272,0.63464046
0,0,0.9356373,0.23880659,0.8712746
0,1,0.8367255,0.44506013,0.67345095
0,1,0.8109278,0.48487484,0.6218556
0,1,0.8197909,0.4717104,0.6395818
0,0,0.93968785,0.2278256,0.8793757
0,1,0.5865797,0.67807925,0.17315936
1,0,0.9830149,0.08606153,0.96602976
1,1,0.797268,0.5041666,0.59453595
1,1,0.9996971,0.0027570701,0.9993942
1,1,0.96469516,0.1527242,0.9293903
1,1,0.99963,0.003293877,0.99925995
1,0,0.6117667,0.6679513,0.22353336
1,1,0.99971455,0.0026150658,0.9994291
1,0,0.9393617,0.22872023,0.8787234
1,0,0.96727526,0.14408961,0.9345505
0,0,0.9666459,0.14621471,0.9332918
0,1,0.715973,0.5967165,0.43194604
1,0,0.9585585,0.17249863,0.917117
0,1,0.8140911,0.48023617,0.6281822
0,1,0.5616055,0.68553734,0.123211026
1,0,0.8396207,0.44029832,0.6792414
1,0,0.859185,0.4064402,0.71836996
1,1,0.9995252,0.0041082306,0.9990504
0,1,0.6742159,0.6311527,0.34843183
1,0,0.9353945,0.23945598,0.87078905
1,0,0.9794839,0.10004101,0.9589678
0,1,0.6939706,0.6158868,0.38794124
0,0,0.9496472,0.19955274,0.8992944
0,1,0.8681282,0.38992953,0.73625636
1,0,0.94229573,0.22060347,0.88459146
1,1,0.99952734,0.0040918062,0.9990547
0,1,0.7722886,0.53649616,0.54457724
1,1,0.99954945,0.0039219665,0.9990989
1,0,0.993912,0.037127137,0.98782396
0,1,0.7938593,0.5087983,0.5877186
1,1,0.99970776,0.0026704404,0.9994155
1,0,0.9423624,0.22041711,0.88472486
1,1,0.63418317,0.65669173,0.26836634
1,0,0.53219545,0.69107264,0.06439087
1,0,0.5904906,0.6766795,0.18098113
0,1,0.5903864,0.67671764,0.18077278
0,1,0.5742124,0.6820915,0.14842474
1,1,0.5921799,0.6760553,0.18435979
1,0,0.9811809,0.09340698,0.9623618
1,0,0.5904906,0.6766795,0.18098113
0,1,0.93075466,0.2516825,0.8615093
0,1,0.75282335,0.5592121,0.5056467
1,0,0.6289848,0.6594938,0.25796965
1,1,0.99954176,0.003981142,0.9990835
0,0,0.96722525,0.14425892,0.9344505
1,0,0.82488906,0.46389842,0.6497781
0,0,0.52457035,0.6919393,0.049140662
1,0,0.94218117,0.22092329,0.88436234
0,1,0.7263703,0.58683574,0.45274055
1,0,0.9527842,0.1902343,0.90556836
1,1,0.8111164,0.48460013,0.6222328
1,1,0.63418317,0.65669173,0.26836634
1,0,0.9402959,0.2261526,0.88059175
0,1,0.8187944,0.47321662,0.63758886
1,0,0.93065464,0.25194225,0.8613093
0,1,0.81126475,0.48438385,0.6225295
0,0,0.83950394,0.44049153,0.6790079
1,0,0.67338014,0.6317589,0.3467603
1,0,0.7221155,0.5909442,0.444231
0,1,0.8103891,0.4856583,0.6207782
0,1,0.5865801,0.6780791,0.1731602
1,0,0.7760575,0.5318528,0.55211496
1,0,0.8117598,0.48366112,0.62351966
0,1,0.816961,0.4759705,0.633922
1,0,0.7314075,0.58185387,0.46281508
1,0,0.9984307,0.01170115,0.99686146
0,1,0.55550647,0.6869725,0.111012936
1,0,0.743992,0.5688399,0.4879839
1,1,0.8115448,0.48397526,0.62308955
0,1,0.8027626,0.49654865,0.60552526
1,1,0.80092555,0.49911666,0.6018511
1,1,0.8167493,0.47628707,0.63349855
1,1,0.81216365,0.48307043,0.6243273
1,1,0.9994492,0.004683977,0.9988984
1,0,0.6960324,0.6141886,0.3920648
1,0,0.9774124,0.1079455,0.9548248
0,1,0.8273344,0.46008778,0.6546688
0,1,0.72442365,0.58872664,0.4488473
1,0,0.993912,0.037127137,0.98782396
1,0,0.9418779,0.22176887,0.8837558
1,0,0.8190026,0.47290248,0.63800526
1,1,0.8152816,0.47847325,0.63056326
1,0,0.98905885,0.060282785,0.9781177
0,0,0.56991065,0.6833401,0.13982126
1,1,0.79915905,0.50156605,0.5983181
1,0,0.52124083,0.6922445,0.04248163
1,1,0.9995078,0.0042410973,0.99901557
1,1,0.63418317,0.65669173,0.26836634
1,1,0.8137714,0.4807079,0.62754285
1,1,0.79908925,0.5016624,0.5981785
1,1,0.99978846,0.0020013514,0.9995769
1,1,0.8165335,0.47660938,0.633067
1,1,0.9997372,0.002429294,0.9994744
0,1,0.8140326,0.48032254,0.6280652
0,1,0.5811774,0.6799091,0.16235483
1,1,0.9994267,0.004852137,0.99885345
1,1,0.99963117,0.0032844557,0.99926233
1,1,0.509873,0.69295216,0.019745946
1,0,0.9961141,0.025446765,0.99222815
1,0,0.7960863,0.50578034,0.5921726
0,1,0.81119585,0.48448431,0.6223917
1,0,0.93463165,0.24149005,0.8692633
1,1,0.8284856,0.45827937,0.6569712
1,1,0.9994492,0.004683977,0.9988984
1,0,0.6368474,0.65521055,0.27369472
1,0,0.50061864,0.69314647,0.0012372732
1,0,0.7079231,0.6040008,0.41584623
0,1,0.5373117,0.69036025,0.07462335
1,0,0.85623455,0.41174042,0.7124691
1,1,0.99975854,0.0022524914,0.9995171
1,0,0.70201194,0.60914993,0.40402386
0,1,0.793165,0.50973296,0.58633006
1,0,0.642573,0.6519234,0.28514603
0,1,0.7873512,0.5174451,0.5747024
0,1,0.6163426,0.6658262,0.23268521
0,1,0.8169595,0.47597277,0.633919
1,0,0.9658175,0.14899302,0.931635
0,1,0.8704945,0.38544565,0.74098897
1,0,0.9463059,0.209252,0.89261174
0,0,0.9557788,0.1811349,0.91155756
1,1,0.99952686,0.004095457,0.9990537
1,0,0.9362633,0.23712772,0.87252665
1,0,0.9382075,0.23187144,0.876415
1,0,0.96343267,0.15687713,0.92686534
1,1,0.99971455,0.0026150658,0.9994291
1,0,0.9929278,0.0420657,0.9858556
1,0,0.94468504,0.21387695,0.8893701
1,0,0.9427485,0.21933702,0.885497
0,0,0.92396045,0.26898834,0.8479209
0,1,0.80560386,0.492535,0.6112077
1,0,0.8665894,0.392819,0.73317885
0,1,0.9997788,0.0020828324,0.9995576
1,0,0.993912,0.037127137,0.98782396
1,1,0.8120993,0.48316464,0.62419856
1,0,0.9420569,0.22126997,0.8841138
0,1,0.8152686,0.47849268,0.63053715
1,0,0.9426203,0.21969596,0.88524055
1,1,0.9997454,0.0023613544,0.99949086
1,0,0.53219545,0.69107264,0.06439087
0,1,0.8363192,0.44572335,0.6726384
1,0,0.6433945,0.65144014,0.2867889
0,1,0.80076665,0.4993378,0.6015333
1,1,0.7896763,0.5143852,0.5793526
0,1,0.77235615,0.53641367,0.5447123
0,1,0.81398475,0.48039317,0.6279695
0,0,0.943518,0.21717587,0.88703597
1,1,0.8437137,0.43346012,0.6874274
1,0,0.53219545,0.69107264,0.06439087
0,1,0.71533936,0.5973014,0.43067873
1,1,0.9995597,0.0038428616,0.9991194
1,0,0.6289848,0.6594938,0.25796965
0,1,0.97070134,0.13229573,0.9414027
1,0,0.9520776,0.19235173,0.90415525
1,0,0.9934063,0.03968325,0.9868126
0,1,0.7999336,0.5004944,0.5998672
0,1,0.8002703,0.5000274,0.60054064
1,1,0.6172117,0.66541266,0.2344234
0,1,0.5733224,0.682356,0.14664483
0,1,0.8117682,0.4836489,0.62353635
1,1,0.8141418,0.48016125,0.6282836
0,1,0.7087018,0.60331,0.41740358
0,1,0.81401813,0.48034388,0.62803626
1,1,0.9797363,0.09906351,0.95947266
0,1,0.7689871,0.5404973,0.53797424
1,1,0.9994267,0.004852137,0.99885345
0,1,0.51948905,0.69238734,0.0389781
1,0,0.8683614,0.38948977,0.7367228
1,1,0.5304991,0.6912856,0.0609982
0,1,0.8157977,0.4777062,0.6315954
1,1,0.99954945,0.0039219665,0.9990989
1,1,0.99963,0.003293877,0.99925995
1,0,0.5904906,0.6766795,0.18098113
1,1,0.5415037,0.6896981,0.083007455
1,1,0.63418317,0.65669173,0.26836634
1,1,0.99978334,0.0020446605,0.9995667
0,1,0.5859265,0.67830694,0.17185295
1,1,0.53701943,0.6904038,0.07403886
1,1,0.51895976,0.69242805,0.03791952
0,1,0.8024564,0.49697828,0.60491276
0,1,0.8202724,0.47098023,0.6405448
0,1,0.7667918,0.5431239,0.53358364
0,1,0.9997788,0.0020828324,0.9995576
1,0,0.9741804,0.1198958,0.9483608
0,1,0.81685865,0.47612357,0.6337173
1,0,0.996813,0.021502905,0.993626
1,1,0.6709713,0.63348866,0.34194255
1,0,0.9698425,0.13528931,0.939685
1,1,0.9997454,0.0023613544,0.99949086
1,1,0.9996226,0.0033522039,0.99924517
1,0,0.60779214,0.6697255,0.21558425
1,1,0.9996971,0.0027570701,0.9993942
0,1,0.8320216,0.45266616,0.6640432
1,1,0.8116836,0.4837725,0.6233672
0,1,0.86003506,0.40489984,0.7200701
1,0,0.94271123,0.21944132,0.88542247
1,1,0.9996971,0.0027570701,0.9993942
1,0,0.993912,0.037127137,0.98782396
0,1,0.7601431,0.55091494,0.5202862
0,1,0.8146654,0.47938696,0.62933075
1,0,0.9953472,0.02962888,0.9906944
1,1,0.8153475,0.47837546,0.630695
0,0,0.56186724,0.68547237,0.123734444
1,1,0.9996971,0.0027570701,0.9993942
0,1,0.8284789,0.45828998,0.65695775
0,0,0.9853844,0.07626889,0.9707688
1,0,0.9681567,0.14109239,0.9363134
1,1,0.99971455,0.0026150658,0.9994291
0,1,0.63332975,0.6571597,0.2666595
1,1,0.9996971,0.0027570701,0.9993942
0,1,0.7884189,0.516044,0.5768378
1,1,0.9997372,0.002429294,0.9994744
1,1,0.8116449,0.48382902,0.6232898
0,1,0.8133726,0.48129553,0.6267452
1,1,0.63418317,0.65669173,0.26836634
0,1,0.5162613,0.69261825,0.03252256
0,0,0.5506768,0.6880021,0.101353675
0,1,0.99975795,0.0022574547,0.9995159
0,1,0.6337295,0.65694094,0.26745903
1,0,0.97364897,0.12181958,0.94729793
1,0,0.94509137,0.21272227,0.89018273
0,1,0.56152856,0.6855564,0.12305713
1,0,0.93077004,0.2516425,0.8615401
1,0,0.96848005,0.13998654,0.9369601
1,1,0.63418317,0.65669173,0.26836634
1,1,0.8203741,0.4708258,0.64074814
1,1,0.83557767,0.4469309,0.67115533
1,1,0.9997309,0.0024813039,0.99946177
0,0,0.8601273,0.4047324,0.72025454
1,0,0.553372,0.6874392,0.10674402
0,1,0.8117347,0.4836979,0.62346935
0,1,0.8055074,0.4926721,0.61101484
1,1,0.9996062,0.0034810454,0.9992124
1,0,0.993912,0.037127137,0.98782396
0,1,0.81601936,0.47737616,0.6320387
1,0,0.9960818,0.025625587,0.99216366
1,1,0.78573495,0.519553,0.5714699
1,0,0.9737128,0.12158912,0.9474256
1,0,0.52619165,0.69177455,0.052383304
0,1,0.5327809,0.69099647,0.06556177
0,1,0.8032151,0.49591294,0.6064302
1,1,0.59554255,0.6747776,0.1910851
0,1,0.798773,0.5020987,0.597546
0,1,0.8055264,0.4926451,0.61105275
0,1,0.99975795,0.0022574547,0.9995159
1,1,0.8133133,0.48138282,0.6266266
1,1,0.9997454,0.0023613544,0.99949086
0,1,0.5622523,0.68537635,0.124504566
1,0,0.99659455,0.022750791,0.9931891
1,1,0.8028809,0.49638262,0.60576177
0,1,0.66803545,0.6355612,0.3360709
1,1,0.79858756,0.50235426,0.5971751
1,0,0.7079231,0.6040008,0.41584623
0,0,0.95454806,0.18489943,0.9090961
0,0,0.58094716,0.67998445,0.16189432
1,1,0.9997372,0.002429294,0.9994744
1,0,0.58448356,0.67880356,0.16896713
0,1,0.79571766,0.506282,0.5914353
0,1,0.5733223,0.682356,0.14664459
0,0,0.95571953,0.18131691,0.91143906
1,0,0.9772896,0.10840776,0.95457923
1,0,0.9422767,0.2206566,0.88455343
0,0,0.7745282,0.5337467,0.5490564
1,1,0.9995751,0.0037237543,0.99915016
1,1,0.816589,0.47652656,0.633178
1,1,0.80139625,0.4984607,0.6027925
0,1,0.8089183,0.48778763,0.6178366
0,0,0.5109538,0.6929072,0.021907568
0,1,0.93344927,0.24462396,0.86689854
0,1,0.8140844,0.48024604,0.6281688
0,1,0.81662935,0.47646624,0.6332587
1,0,0.7493675,0.563029,0.49873498
0,1,0.78722227,0.51761377,0.57444453
1,1,0.8116225,0.48386174,0.623245
1,0,0.6189668,0.6645677,0.23793367
1,1,0.8183634,0.47386605,0.63672686
1,0,0.93741214,0.23402949,0.8748243
0,1,0.5865797,0.67807925,0.17315936
0,1,0.9997788,0.0020828324,0.9995576
0,1,0.80676216,0.49088395,0.6135243
1,0,0.9468088,0.20780636,0.89361763
1,0,0.9235427,0.27003047,0.84708536
0,0,0.9080821,0.30695277,0.81616426
1,0,0.9555103,0.18195905,0.91102064
0,0,0.5595818,0.68603027,0.11916363
0,1,0.7573818,0.5540791,0.5147636
1,1,0.99971455,0.0026150658,0.9994291
0,1,0.52076864,0.6922843,0.041537285
0,1,0.7927587,0.5102786,0.5855174
1,0,0.985761,0.074678145,0.971522
1,1,0.99969006,0.0028139718,0.9993801
1,1,0.80227804,0.49722812,0.6045561
1,1,0.78705835,0.5178281,0.5741167
0,1,0.9997788,0.0020828324,0.9995576
0,1,0.83519256,0.44755644,0.6703851
1,1,0.8115538,0.48396212,0.62310755
1,1,0.9996691,0.0029827768,0.99933815
0,0,0.5580231,0.6863986,0.11604616
1,0,0.9298761,0.25395942,0.8597522
1,1,0.9996226,0.0033522039,0.99924517
0,1,0.54139745,0.68971574,0.082794905
1,1,0.81800663,0.47440273,0.63601327
1,0,0.999184,0.006618145,0.998368
1,1,0.9995864,0.0036356852,0.9991728
1,0,0.9499974,0.19852279,0.89999485
1,1,0.999527,0.0040945443,0.99905396
0,1,0.8151239,0.4787073,0.63024783
1,1,0.81170565,0.48374027,0.6234113
1,0,0.859185,0.4064402,0.71836996
1,0,0.94667566,0.20818965,0.8933513
1,0,0.97636956,0.11185021,0.9527391
0,1,0.7721741,0.536636,0.54434824
0,1,0.7323467,0.58091074,0.46469343
0,1,0.5815409,0.6797898,0.16308177
1,1,0.8158407,0.47764212,0.63168144
0,1,0.57777,0.68100154,0.15553999
0,0,0.5206425,0.6922947,0.041285068
0,1,0.7354472,0.57776535,0.47089446
1,1,0.80292034,0.49632722,0.6058407
1,1,0.9997008,0.0027271076,0.99940157
1,1,0.7767234,0.53102386,0.55344677
0,1,0.7772766,0.53033334,0.55455315
0,1,0.9602197,0.16724536,0.92043936
0,1,0.6984336,0.6121857,0.39686716
0,1,0.82833105,0.45852268,0.6566621
0,0,0.524431,0.69195294,0.04886195
0,1,0.81634325,0.47689334,0.6326865
1,1,0.8113074,0.4843217,0.62261474
0,0,0.67466235,0.63082755,0.3493247
1,1,0.9995284,0.0040835906,0.9990568
1,1,0.9996613,0.0030447787,0.99932265
1,0,0.9977986,0.015668457,0.99559724
1,1,0.8115386,0.4839843,0.62307715
1,1,0.9997454,0.0023613544,0.99949086
0,1,0.77781856,0.5296551,0.5556371
0,1,0.73133475,0.58192676,0.4626695
1,1,0.9995252,0.0041082306,0.9990504
0,1,0.79262906,0.51045245,0.5852581
1,1,0.99967647,0.0029234677,0.99935293
1,0,0.993912,0.037127137,0.98782396
0,1,0.59906656,0.67338836,0.19813311
1,0,0.9925891,0.043732207,0.98517823
1,1,0.8116983,0.483751,0.62339664
1,0,0.9891614,0.05982045,0.97832274
1,1,0.99980146,0.0018910047,0.9996029
0,1,0.770236,0.538991,0.54047203
0,1,0.81409246,0.48023415,0.6281849
0,1,0.73499054,0.5782317,0.46998107
1,0,0.9752878,0.11585072,0.9505756
1,0,0.99659455,0.022750791,0.9931891
0,1,0.76903176,0.54044366,0.5380635
1,0,0.8396207,0.44029832,0.6792414
1,0,0.9415787,0.22260141,0.8831574
1,1,0.81398743,0.48038918,0.62797487
1,0,0.96767956,0.14271796,0.9353591
1,1,0.63418317,0.65669173,0.26836634
0,1,0.80144393,0.49839416,0.60288787
1,1,0.59906656,0.67338836,0.19813311
1,1,0.9992459,0.006175913,0.99849176
0,1,0.8168397,0.47615194,0.6336794
1,1,0.57280374,0.6825086,0.14560747
1,1,0.99942553,0.004861033,0.99885106
1,1,0.8141631,0.4801298,0.6283262
1,0,0.8683614,0.38948977,0.7367228
0,1,0.7350034,0.5782186,0.47000682
0,1,0.78749216,0.5172605,0.5749843
0,0,0.9080634,0.3069956,0.8161268
0,1,0.79985887,0.500598,0.59971774
0,1,0.5597253,0.6859958,0.11945057
0,1,0.81518745,0.47861305,0.6303749
1,0,0.743992,0.5688399,0.4879839
0,1,0.8139892,0.48038658,0.62797844
1,0,0.9298761,0.25395942,0.8597522
1,1,0.8117804,0.48363107,0.6235608
1,1,0.99971455,0.0026150658,0.9994291
0,0,0.63097394,0.65843534,0.26194787
1,1,0.5907429,0.676587,0.18148577
1,1,0.99971455,0.0026150658,0.9994291
0,1,0.5239923,0.6919955,0.0479846
0,1,0.79470307,0.5076584,0.58940613
1,1,0.7991431,0.5015881,0.59828615
0,1,0.7763559,0.5314816,0.55271184
0,1,0.58189845,0.6796718,0.1637969
1,0,0.5543836,0.68722034,0.10876715
0,1,0.814109,0.48020965,0.62821805
0,1,0.60381234,0.6714356,0.20762467
0,1,0.7957137,0.5062874,0.59142745
0,0,0.6301669,0.65886676,0.26033375
0,1,0.7921411,0.511106,0.58428216
1,0,0.9352226,0.23991513,0.87044525
1,1,0.81668293,0.4763862,0.63336587
0,1,0.7989669,0.5018313,0.59793377
0,1,0.6984368,0.612183,0.3968736
1,0,0.96143353,0.16336122,0.92286706
0,1,0.8129415,0.48192954,0.625883
1,0,0.97421336,0.11977625,0.9484267
1,0,0.9429235,0.2188465,0.885847
1,1,0.63418317,0.65669173,0.26836634
1,0,0.9571057,0.17703575,0.9142114
0,1,0.8128644,0.4820428,0.62572885
1,1,0.999724,0.0025380508,0.99944794
0,1,0.81675124,0.47628415,0.6335025
1,1,0.81505823,0.47880477,0.63011646
0,1,0.6175917,0.6652308,0.23518336
1,1,0.99940705,0.0049986076,0.9988141
0,1,0.80005366,0.50032806,0.6001073
0,1,0.782971,0.52312183,0.56594205
0,1,0.9546725,0.18452038,0.90934503
0,1,0.57266325,0.68254983,0.1453265
1,1,0.9996207,0.0033672324,0.99924135
1,0,0.993912,0.037127137,0.98782396
0,0,0.6168947,0.6655638,0.23378944
0,1,0.8019767,0.4976499,0.60395336
0,1,0.58291763,0.6793328,0.16583526
1,1,0.99965346,0.0031075529,0.9993069
1,1,0.9997212,0.0025605056,0.99944246
0,1,0.7608139,0.55013996,0.5216278
1,0,0.9871458,0.06873961,0.97429156
1,1,0.63418317,0.65669173,0.26836634
1,1,0.9950624,0.031148314,0.9901248
1,0,0.94827247,0.20357077,0.89654493
1,1,0.99976677,0.0021838434,0.99953353
0,1,0.5030783,0.6931282,0.0061565638
0,1,0.8125483,0.48250675,0.62509656
0,0,0.57076573,0.68309784,0.14153144
0,1,0.817227,0.47557235,0.634454
0,1,0.79486394,0.50744057,0.5897279
1,0,0.5904906,0.6766795,0.18098113
1,1,0.81135625,0.4842504,0.6227125
0,1,0.79601264,0.50588065,0.5920253
0,1,0.8152299,0.47855008,0.6304598
0,1,0.74355125,0.56930953,0.4871025
1,1,0.62146705,0.6633414,0.24293411
1,0,0.7079231,0.6040008,0.41584623
0,1,0.8080822,0.48899186,0.61616445
1,1,0.999371,0.0052654576,0.998742
0,0,0.95504135,0.18339474,0.9100827
0,1,0.67420465,0.63116086,0.3484093
1,0,0.9978343,0.01544986,0.99566865
1,0,0.89763504,0.33024848,0.7952701
1,0,0.5904906,0.6766795,0.18098113
0,0,0.94947547,0.20005685,0.89895093
0,1,0.75008225,0.5622448,0.5001645
0,1,0.8139601,0.4804296,0.62792015
1,1,0.9996971,0.0027570701,0.9993942
0,0,0.60965365,0.66890275,0.2193073
0,1,0.70284444,0.6084349,0.40568888
0,1,0.8124343,0.48267385,0.62486863
0,1,0.8129499,0.4819172,0.6258998
1,1,0.999371,0.0052654576,0.998742
0,1,0.78241223,0.52383786,0.56482446
1,0,0.9912671,0.050094444,0.98253417
1,0,0.94224393,0.22074807,0.88448787
0,1,0.8098731,0.4864069,0.6197462
1,0,0.6529689,0.64558935,0.30593777
0,0,0.9682424,0.14079963,0.9364848
1,1,0.99977916,0.0020798224,0.9995583
1,1,0.81909215,0.4727673,0.6381843
1,1,0.8120305,0.48326528,0.624061
0,1,0.78517294,0.5202823,0.5703459
1,1,0.8265804,0.4612672,0.6531608
0,1,0.7867608,0.51821685,0.5735216
1,0,0.94240636,0.22029436,0.8848127
1,0,0.97577703,0.11404769,0.95155406
1,0,0.94134706,0.22324485,0.8826941
1,1,0.76814276,0.5415107,0.5362855
1,0,0.9429235,0.2188465,0.885847
0,1,0.75979125,0.55132043,0.5195825
1,0,0.7942597,0.50825787,0.58851945
0,1,0.78353655,0.5223953,0.5670731
1,1,0.8163128,0.47693878,0.6326256
0,0,0.9185529,0.2822896,0.83710575
0,1,0.7876493,0.51705456,0.57529855
0,1,0.8132685,0.48144877,0.62653697
0,1,0.8018846,0.49777868,0.6037692
1,1,0.99954945,0.0039219665,0.9990989
1,1,0.8180376,0.4743561,0.63607526
1,0,0.98857826,0.062437065,0.9771565
1,1,0.52796376,0.69158244,0.055927515
0,1,0.76919955,0.5402417,0.5383991
0,0,0.83151317,0.45347875,0.66302633
1,1,0.7972444,0.5041988,0.59448886
0,1,0.74455744,0.56823575,0.48911488
1,0,0.9972953,0.01869322,0.99459064
0,1,0.8027823,0.49652106,0.6055646
1,1,0.82656443,0.46129215,0.65312886
1,1,0.9995684,0.0037755272,0.9991368
0,0,0.6117159,0.66797435,0.2234318
1,0,0.65495807,0.6443232,0.30991614
1,1,0.8024634,0.4969684,0.6049268
1,0,0.932126,0.24810463,0.864252
1,0,0.6289848,0.6594938,0.25796965
1,0,0.6960324,0.6141886,0.3920648
0,0,0.7570282,0.55448127,0.51405644
1,1,0.5095283,0.6929656,0.019056559
0,0,0.9709819,0.13131231,0.9419638
1,0,0.82148725,0.4691308,0.6429745
0,1,0.8140136,0.48035055,0.6280272
1,0,0.553372,0.6874392,0.10674402
1,1,0.9996214,0.0033615977,0.9992428
0,1,0.8117797,0.48363212,0.62355936
1,1,0.99971455,0.0026150658,0.9994291
0,1,0.5819661,0.6796495,0.1639322
0,1,0.784343,0.521356,0.568686
1,0,0.746689,0.5659435,0.49337804
0,1,0.7471233,0.5654735,0.4942466
1,1,0.5303713,0.6913012,0.060742617
1,0,0.9400888,0.22672312,0.8801776
0,1,0.82622534,0.4618212,0.6524507
1,0,0.9918957,0.047096558,0.98379135
0,1,0.81391865,0.48049074,0.6278373
1,1,0.99954176,0.003981142,0.9990835
1,0,0.9148546,0.29115984,0.8297092
0,1,0.7714807,0.537481,0.54296136
0,1,0.81299734,0.48184747,0.6259947
1,0,0.92272586,0.2720609,0.8454517
0,1,0.8155351,0.47809666,0.63107026
1,0,0.9746807,0.11807444,0.94936144
1,1,0.8142848,0.47994995,0.6285696
0,1,0.8156499,0.47792602,0.63129985
1,1,0.9997845,0.0020345997,0.99956906
1,1,0.99967647,0.0029234677,0.99935293
0,1,0.81406903,0.48026875,0.62813807
1,1,0.9996691,0.0029827768,0.99933815
1,0,0.9453873,0.2118793,0.8907746
1,1,0.8180249,0.4743753,0.63604975
0,1,0.57033473,0.6832203,0.14066947
1,0,0.99347365,0.03934491,0.9869473
0,1,0.5863795,0.6781492,0.17275906
1,1,0.7844575,0.52120805,0.568915
1,0,0.5121597,0.6928514,0.02431941
1,1,0.78607583,0.5191097,0.57215166
0,1,0.99975914,0.0022475263,0.9995183
0,1,0.9073132,0.30871034,0.81462646
0,1,0.5599584,0.68593985,0.1199168
1,0,0.96567225,0.14947806,0.9313445
1,1,0.81198037,0.48333862,0.62396073
0,1,0.5922552,0.67602724,0.18451035
1,1,0.81115913,0.48453784,0.62231827
1,1,0.9994267,0.004852137,0.99885345
0,0,0.9597146,0.16885017,0.9194292
1,1,0.8152686,0.47849268,0.63053715
1,1,0.63418305,0.6566918,0.2683661
0,1,0.82937235,0.45688003,0.6587447
0,1,0.55550575,0.6869727,0.111011505
1,1,0.999326,0.005595578,0.998652
0,1,0.8025362,0.49686635,0.6050724
1,0,0.8017874,0.4979146,0.60357475
1,1,0.9997825,0.0020516992,0.999565
0,1,0.78482455,0.5207335,0.5696491
1,0,0.9417551,0.22211073,0.88351023
0,1,0.5113106,0.6928913,0.022621155
1,1,0.9996691,0.0029827768,0.99933815
1,0,0.50061864,0.69314647,0.0012372732
1,0,0.8604466,0.40415198,0.72089314
1,0,0.91368264,0.2939337,0.8273653
1,1,0.63418317,0.65669173,0.26836634
1,0,0.8466027,0.4285571,0.69320536
0,1,0.82580346,0.46247834,0.6516069
1,0,0.9429972,0.21863961,0.88599443
1,0,0.92975056,0.25428373,0.8595011
0,1,0.80181074,0.49788195,0.6036215
1,0,0.9525364,0.19097811,0.9050728
1,0,0.7319404,0.58131933,0.4638808
0,1,0.80774105,0.48948196,0.6154821
0,1,0.80126023,0.4986504,0.60252047
1,0,0.989263,0.05936137,0.978526
1,0,0.993912,0.037127137,0.98782396
1,1,0.8115518,0.48396498,0.6231036
1,1,0.9996049,0.003491323,0.99920976
1,1,0.7497828,0.5625736,0.4995656
1,0,0.7079231,0.6040008,0.41584623
1,0,0.553372,0.6874392,0.10674402
0,1,0.6339552,0.6568171,0.26791036
0,0,0.96716505,0.14446262,0.9343301
1,1,0.81153804,0.4839851,0.6230761
1,0,0.9805659,0.095828444,0.9611318
1,0,0.9729304,0.1244035,0.94586074
1,0,0.93858784,0.23083556,0.8771757
1,1,0.99975246,0.0023030504,0.9995049
1,0,0.5543836,0.68722034,0.10876715
0,1,0.8163379,0.47690135,0.63267577
1,0,0.89763504,0.33024848,0.7952701
1,1,0.99969006,0.0028139718,0.9993801
1,0,0.50061864,0.69314647,0.0012372732
1,1,0.8117774,0.4836354,0.6235548
0,0,0.94091004,0.22445615,0.8818201
1,0,0.94289714,0.21892035,0.8857943
1,0,0.9917169,0.047953933,0.98343384
0,1,0.78825885,0.5162544,0.5765177
0,0,0.5548588,0.687116,0.10971758
1,0,0.93598825,0.23786621,0.8719765
0,1,0.81168497,0.48377052,0.62336993
0,0,0.7904145,0.51340693,0.580829
0,1,0.82240546,0.4677263,0.6448109
1,1,0.9996971,0.0027570701,0.9993942
0,1,0.7886083,0.51579475,0.5772166
0,1,0.78672105,0.51826876,0.5734421
0,1,0.7737389,0.53471893,0.54747784
1,1,0.99963,0.003293877,0.99925995
0,0,0.5868734,0.67797637,0.17374685
0,1,0.77307075,0.5355392,0.5461415
0,1,0.60339385,0.67161155,0.2067877
0,1,0.90091765,0.323062,0.8018353
1,1,0.84562147,0.43022949,0.69124293
0,1,0.5676293,0.68397164,0.13525856
1,1,0.81382674,0.4806263,0.6276535
0,0,0.933751,0.24382639,0.867502
0,1,0.80323917,0.49587905,0.60647833
0,1,0.75810426,0.55325526,0.5162085
0,1,0.5733223,0.682356,0.14664459
1,0,0.9384309,0.23126331,0.8768618
1,0,0.78907835,0.5151752,0.5781567
1,0,0.64988863,0.64751554,0.29977724
0,1,0.53298694,0.69096935,0.06597388
0,1,0.8127139,0.48226374,0.62542784
0,1,0.6159892,0.6659935,0.23197842
0,1,0.7884844,0.51595783,0.5769688
0,1,0.55758196,0.68650115,0.11516392
0,1,0.9997105,0.0026481154,0.999421
1,1,0.9996691,0.0029827768,0.99933815
0,1,0.9617765,0.16225666,0.923553
1,0,0.9871458,0.06873961,0.97429156
0,1,0.6040385,0.6713402,0.20807695
1,0,0.96727526,0.14408961,0.9345505
1,1,0.81297725,0.48187697,0.6259545
1,1,0.99963117,0.0032844557,0.99926233
1,0,0.99588525,0.02670938,0.9917705
0,0,0.5594628,0.68605876,0.11892554
1,0,0.99134207,0.04973932,0.98268414
1,0,0.96316403,0.15775485,0.92632806
0,0,0.9434314,0.21741965,0.88686275
1,0,0.94667566,0.20818965,0.8933513
0,1,0.8140877,0.4802412,0.6281754
0,1,0.8095344,0.4868974,0.61906874
0,1,0.72011435,0.5928453,0.4402287
1,0,0.94259804,0.21975827,0.8851961
1,1,0.99977916,0.0020798224,0.9995583
0,1,0.5859265,0.67830694,0.17185295
1,0,0.8552484,0.41349614,0.7104968
1,1,0.99967647,0.0029234677,0.99935293
1,0,0.96247035,0.16001214,0.9249407
1,1,0.99961394,0.0034202253,0.9992279
1,0,0.9678831,0.1420253,0.9357662
1,0,0.96517193,0.1511438,0.93034387
0,1,0.78920823,0.5150038,0.57841647
0,0,0.94108653,0.22396734,0.88217306
1,0,0.7319404,0.58131933,0.4638808
0,1,0.82220536,0.46803287,0.6444107
1,0,0.7079231,0.6040008,0.41584623
1,0,0.67338014,0.6317589,0.3467603
1,0,0.60779214,0.6697255,0.21558425
0,1,0.76298386,0.547616,0.5259677
1,0,0.86343426,0.39867997,0.7268685
0,1,0.76921135,0.54022753,0.5384227
0,1,0.5997137,0.67312765,0.19942737
1,1,0.765506,0.5446497,0.53101206
1,0,0.81475145,0.47925952,0.6295029
1,0,0.67338014,0.6317589,0.3467603
1,1,0.63296425,0.65735924,0.2659285
1,0,0.61560977,0.6661725,0.23121953
0,1,0.81703794,0.4758554,0.6340759
1,1,0.80313426,0.49602658,0.6062685
1,0,0.98551804,0.07570548,0.9710361
0,1,0.81600183,0.47740227,0.63200366
0,0,0.94441444,0.21464413,0.8888289
0,1,0.61756486,0.6652436,0.23512971
0,1,0.8167941,0.4762201,0.6335882
0,1,0.7403772,0.57266206,0.48075438
0,0,0.8706931,0.38506705,0.7413862
0,1,0.8340972,0.44932967,0.6681944
1,1,0.77450895,0.53377044,0.5490179
0,1,0.8114056,0.4841784,0.6228112
0,0,0.6310251,0.65840787,0.26205015
1,0,0.96219677,0.16089879,0.92439353
1,1,0.99954945,0.0039219665,0.9990989
0,0,0.9597692,0.16867693,0.9195384
1,0,0.9774124,0.1079455,0.9548248
1,0,0.9828359,0.08678693,0.9656718
1,0,0.61560977,0.6661725,0.23121953
1,0,0.553372,0.6874392,0.10674402
1,0,0.5121597,0.6928514,0.02431941
1,0,0.9772896,0.10840776,0.95457923
1,1,0.99952686,0.004095457,0.9990537
0,1,0.81655264,0.47658083,0.6331053
0,1,0.8023271,0.49715942,0.6046542
0,1,0.9997788,0.0020828324,0.9995576
1,1,0.81091094,0.4848994,0.6218219
1,0,0.7760575,0.5318528,0.55211496
1,1,0.99971455,0.0026150658,0.9994291
1,0,0.553372,0.6874392,0.10674402
0,1,0.63332975,0.6571597,0.2666595
1,0,0.99134207,0.04973932,0.98268414
1,1,0.9995877,0.0036254677,0.9991754
0,1,0.89172286,0.34289807,0.7834457
1,1,0.8117729,0.483642,0.62354577
0,1,0.94875103,0.20217645,0.89750206
1,0,0.9585585,0.17249863,0.917117
1,1,0.81803584,0.4743588,0.6360717
0,1,0.61223984,0.66773564,0.22447968
0,1,0.5678819,0.68390274,0.13576376
0,1,0.9046543,0.3147343,0.80930865
1,1,0.9996691,0.0029827768,0.99933815
0,1,0.8004027,0.49984366,0.6008054
0,1,0.8096909,0.48667085,0.6193818
0,1,0.8044023,0.49423864,0.6088046
1,1,0.99970776,0.0026704404,0.9994155
1,0,0.6312385,0.65829325,0.26247704
1,0,0.9742838,0.11952025,0.9485676
0,1,0.6967638,0.6135814,0.39352763
1,0,0.6289848,0.6594938,0.25796965
1,1,0.8417326,0.4367856,0.68346524
1,1,0.8112753,0.48436844,0.6225506
0,1,0.5622518,0.68537647,0.12450361
1,1,0.9994267,0.004852137,0.99885345
1,1,0.63418317,0.65669173,0.26836634
1,0,0.9426919,0.21949542,0.88538384
1,1,0.9997212,0.0025605056,0.99944246
0,1,0.81931096,0.47243673,0.6386219
1,0,0.9941139,0.036094703,0.98822784
1,0,0.94219905,0.22087343,0.8843981
1,1,0.8484783,0.42533958,0.69695663
1,0,0.75444984,0.5573935,0.5088997
1,0,0.9331882,0.24531287,0.8663764
1,1,0.8210743,0.46976054,0.6421486
0,1,0.8141369,0.48016846,0.62827384
0,1,0.72395897,0.5891752,0.44791794
1,1,0.8139671,0.48041922,0.6279342
0,1,0.9997788,0.0020828324,0.9995576
0,1,0.78990376,0.51408416,0.5798075
1,1,0.8206863,0.47035128,0.64137256
1,0,0.993912,0.037127137,0.98782396
0,0,0.9672749,0.14409086,0.9345498
1,1,0.99971455,0.0026150658,0.9994291
0,1,0.81163037,0.48385024,0.62326074
1,0,0.9409192,0.22443075,0.88183844
1,0,0.97188216,0.1281375,0.9437643
1,0,0.67338014,0.6317589,0.3467603
1,0,0.5904906,0.6766795,0.18098113
1,0,0.50061864,0.69314647,0.0012372732
1,1,0.999767,0.0021818492,0.999534
0,1,0.8014229,0.49842355,0.6028458
1,0,0.99013597,0.055375874,0.98027194
0,1,0.5465072,0.6888151,0.09301436
0,1,0.70252216,0.60871214,0.40504432
0,1,0.57332236,0.682356,0.14664471
1,1,0.64106023,0.65280575,0.28212047
1,0,0.993912,0.037127137,0.98782396
1,1,0.99975806,0.0022564621,0.9995161
1,0,0.98885995,0.061176885,0.9777199
0,0,0.6371623,0.65503347,0.27432466
1,0,0.9414751,0.22288933,0.8829502
0,1,0.7601431,0.55091494,0.5202862
0,0,0.66434425,0.6381118,0.3286885
0,0,0.95564735,0.18153854,0.9112947
1,1,0.7846767,0.5209248,0.56935334
1,0,0.97966826,0.09932743,0.9593365
1,1,0.8417468,0.4367619,0.6834936
1,0,0.9428968,0.2189214,0.88579357
0,1,0.8145154,0.47960892,0.6290308
1,0,0.9402959,0.2261526,0.88059175
1,1,0.9997372,0.002429294,0.9994744
1,1,0.9997038,0.0027024266,0.99940765
1,0,0.9794839,0.10004101,0.9589678
1,1,0.9997212,0.0025605056,0.99944246
0,0,0.9688755,0.13862948,0.93775105
0,1,0.81287223,0.4820313,0.62574446
0,1,0.7471233,0.5654735,0.4942466
1,0,0.5904906,0.6766795,0.18098113
1,0,0.94287634,0.21897864,0.8857527
0,1,0.9525712,0.1908737,0.9051424
0,1,0.81406295,0.48027772,0.6281259
1,1,0.9998141,0.001782879,0.9996282
1,0,0.553372,0.6874392,0.10674402
1,1,0.99969006,0.0028139718,0.9993801
0,0,0.9500485,0.19837238,0.900097
0,0,0.6117159,0.66797435,0.2234318
1,1,0.8140798,0.4802528,0.62815964
0,1,0.80288553,0.4963761,0.60577106
1,0,0.924268,0.2682196,0.848536
1,0,0.52619165,0.69177455,0.052383304
0,1,0.7500349,0.56229675,0.50006986
1,1,0.9996049,0.003491323,0.99920976
0,1,0.8172745,0.47550124,0.634549
1,0,0.5121597,0.6928514,0.02431941
0,1,0.81581455,0.4776811,0.6316291
1,1,0.9997845,0.0020345997,0.99956906
0,0,0.92312884,0.27106038,0.8462577
1,1,0.99968386,0.0028639894,0.9993677
1,0,0.993912,0.037127137,0.98782396
0,0,0.70976496,0.60236204,0.41952989
1,1,0.78344184,0.5225171,0.5668837
1,0,0.9499974,0.19852279,0.89999485
0,1,0.81415224,0.48014587,0.6283045
0,1,0.73138493,0.58187646,0.46276987
1,0,0.94415957,0.21536547,0.88831913
1,0,0.89042175,0.34563267,0.7808435
0,1,0.8027216,0.49660623,0.60544324
1,0,0.973731,0.12152348,0.94746196
0,1,0.81439966,0.47978017,0.6287993
0,1,0.814169,0.48012108,0.628338
0,0,0.6243207,0.6619093,0.24864137
0,1,0.81134593,0.48426545,0.62269187
1,0,0.85623455,0.41174042,0.7124691
0,1,0.8112144,0.48445728,0.6224288
1,1,0.9997744,0.002119911,0.9995488
0,1,0.8092826,0.48726153,0.6185652
1,1,0.9996049,0.003491323,0.99920976
0,1,0.6579857,0.6423625,0.31597137
0,0,0.6130248,0.6673758,0.22604954
1,1,0.9998111,0.0018084557,0.9996222
0,1,0.57773155,0.6810136,0.1554631
1,1,0.815703,0.4778471,0.63140595
1,1,0.63418317,0.65669173,0.26836634
1,1,0.5304991,0.6912856,0.0609982
1,1,0.63418317,0.65669173,0.26836634
0,1,0.82173383,0.46875417,0.64346766
0,1,0.63332975,0.6571597,0.2666595
0,1,0.790374,0.51346076,0.58074796
0,1,0.8129643,0.48189598,0.62592864
0,1,0.7586494,0.55263174,0.5172988
1,0,0.9447439,0.21371,0.88948774
1,1,0.81558394,0.47802413,0.6311679
1,1,0.99971455,0.0026150658,0.9994291
1,1,0.5415037,0.6896981,0.083007455
1,1,0.81650347,0.47665426,0.63300693
0,1,0.81559545,0.47800702,0.6311909
1,1,0.81465083,0.4794085,0.62930167
1,1,0.9996691,0.0029827768,0.99933815
1,1,0.8127456,0.48221728,0.62549114
1,0,0.9347423,0.24119568,0.86948454
0,1,0.5599586,0.6859398,0.119917154
0,1,0.72851044,0.5847348,0.45702088
1,1,0.81164676,0.48382634,0.6232935
0,1,0.91991657,0.2789731,0.83983314
1,1,0.79652965,0.5051759,0.5930593
0,1,0.8039476,0.4948809,0.60789526
1,0,0.942081,0.22120285,0.88416195
1,0,0.5121597,0.6928514,0.02431941
0,0,0.9246458,0.26727343,0.84929156
1,1,0.9994267,0.004852137,0.99885345
1,0,0.9941905,0.035701245,0.988381
1,0,0.553372,0.6874392,0.10674402
1,1,0.63418317,0.65669173,0.26836634
1,1,0.81169266,0.48375928,0.6233853
0,0,0.64740276,0.6490396,0.29480556
1,0,0.7079231,0.6040008,0.41584623
0,1,0.8138875,0.48053673,0.62777495
0,1,0.78362334,0.5222836,0.5672467
1,1,0.6172117,0.66541266,0.2344234
1,0,0.9562338,0.17973399,0.9124676
1,0,0.58704966,0.6779144,0.17409933
1,0,0.9507532,0.19629145,0.9015064
0,1,0.80431205,0.49436623,0.6086241
1,0,0.5904906,0.6766795,0.18098113
1,1,0.99949646,0.0043272194,0.9989929
0,1,0.80314815,0.49600708,0.6062963
0,1,0.50163966,0.6931418,0.0032793283
1,0,0.553372,0.6874392,0.10674402
1,1,0.99983096,0.0016371909,0.9996619
1,0,0.5543836,0.68722034,0.10876715
1,0,0.7520271,0.56009716,0.5040542
0,1,0.5420304,0.6896099,0.08406079
0,1,0.79375994,0.50893223,0.5875199
0,0,0.94379455,0.21639645,0.8875891
0,0,0.93357086,0.24430273,0.8671417
1,1,0.53075486,0.69125426,0.06150973
1,0,0.9752878,0.11585072,0.9505756
1,1,0.64968634,0.6476406,0.29937267
1,1,0.8115401,0.48398203,0.62308025
0,1,0.531,0.691224,0.062000036
1,1,0.9995252,0.0041082306,0.9990504
0,1,0.7879103,0.51671225,0.57582057
0,1,0.7877515,0.51692057,0.575503
0,1,0.72395873,0.58917546,0.44791746
1,1,0.81283283,0.48208916,0.62566566
1,1,0.9996691,0.0029827768,0.99933815
1,0,0.50061864,0.69314647,0.0012372732
1,0,0.9077592,0.30769175,0.8155184
0,1,0.9997788,0.0020828324,0.9995576
1,0,0.9427739,0.21926594,0.88554776
0,1,0.81189066,0.48346984,0.6237813
0,1,0.80003756,0.50035036,0.6000751
0,0,0.6428861,0.65173954,0.2857722
0,0,0.5769973,0.6812427,0.15399459
1,0,0.8926416,0.3409565,0.7852832
1,1,0.7984372,0.50256133,0.59687436
0,0,0.9507379,0.19633684,0.9014758
1,1,0.8124972,0.48258168,0.6249944
1,0,0.86110437,0.40295362,0.72220874
1,0,0.98030627,0.09684477,0.96061254
1,0,0.96247035,0.16001214,0.9249407
1,0,0.6990307,0.61168337,0.3980614
0,0,0.96570474,0.1493696,0.9314095
1,0,0.9453485,0.2119899,0.890697
0,1,0.8239703,0.4653194,0.64794064
0,0,0.9482104,0.20375116,0.89642084
1,0,0.7836838,0.5222058,0.56736755
0,1,0.8218188,0.4686243,0.64363766
0,1,0.9997788,0.0020828324,0.9995576
1,0,0.8718339,0.3828856,0.74366784
0,1,0.99975795,0.0022574547,0.9995159
0,1,0.8083485,0.48860884,0.61669695
0,1,0.6040381,0.67134035,0.20807624
0,1,0.822635,0.46737432,0.64527
1,0,0.553372,0.6874392,0.10674402
0,1,0.7861177,0.51905525,0.57223535
1,0,0.9383117,0.23158792,0.8766234
0,1,0.7970763,0.504429,0.59415257
0,1,0.7405333,0.5724984,0.48106658
1,0,0.92975056,0.25428373,0.8595011
1,0,0.65298766,0.64557755,0.30597532
0,1,0.7858959,0.5193438,0.57179177
1,1,0.81073993,0.48514825,0.62147987
0,1,0.7937591,0.50893337,0.5875182
1,1,0.9996691,0.0029827768,0.99933815
1,0,0.9687745,0.1389767,0.937549
1,0,0.941733,0.22217219,0.883466
1,1,0.63418317,0.65669173,0.26836634
1,0,0.8965478,0.33260268,0.7930956
0,0,0.8828221,0.36126423,0.7656442
0,1,0.7171399,0.59563434,0.4342798
0,1,0.8160705,0.4773,0.632141
1,0,0.94264716,0.2196208,0.8852943
0,1,0.51881665,0.6924389,0.0376333
1,1,0.8208682,0.47007445,0.6417364
1,0,0.978678,0.10314042,0.957356
1,0,0.9850843,0.077529594,0.9701686
0,1,0.80536103,0.49288,0.61072206
0,0,0.88624954,0.35428542,0.7724991
0,1,0.82188684,0.4685203,0.6437737
1,1,0.8010599,0.49892956,0.6021198
0,1,0.81331843,0.48137528,0.62663686
1,0,0.5121597,0.6928514,0.02431941
1,0,0.92975056,0.25428373,0.8595011
0,1,0.8128417,0.4820761,0.6256834
0,0,0.9694298,0.13671875,0.9388596
1,1,0.9996613,0.0030447787,0.99932265
0,0,0.71042883,0.60176724,0.4208577
1,1,0.8129235,0.481956,0.625847
1,0,0.7546676,0.55714893,0.50933516
1,0,0.95631236,0.17949162,0.9126247
1,1,0.99954176,0.003981142,0.9990835
0,1,0.5873478,0.67780936,0.17469561
0,1,0.6169794,0.6655235,0.23395884
1,0,0.58448356,0.67880356,0.16896713
0,1,0.5987078,0.6735321,0.19741559
1,1,0.9996214,0.0033615977,0.9992428
1,0,0.98030627,0.09684477,0.96061254
0,1,0.9997788,0.0020828324,0.9995576
1,0,0.62252426,0.66281486,0.24504855
0,0,0.8506515,0.42157733,0.701303
1,0,0.9984307,0.01170115,0.99686146
1,0,0.6376306,0.6547693,0.27526113
0,1,0.6984336,0.6121857,0.39686716
0,1,0.8047364,0.4937659,0.60947275
1,0,0.9126744,0.29630607,0.82534885
0,1,0.77914816,0.52798396,0.5582963
0,1,0.63332975,0.6571597,0.2666595
0,1,0.7239595,0.58917475,0.447919
1,1,0.99940705,0.0049986076,0.9988141
0,0,0.95650524,0.17889588,0.9130105
1,1,0.7998495,0.50061095,0.599699
0,1,0.81876093,0.47326717,0.63752186
1,0,0.94105685,0.2240496,0.8821137
1,1,0.97374314,0.12147954,0.9474863
0,1,0.8092253,0.48734432,0.61845064
1,1,0.62929946,0.6593275,0.25859892
1,0,0.9329837,0.24585178,0.8659674
0,0,0.58306247,0.6792842,0.16612494
1,1,0.84322023,0.43429118,0.68644047
0,1,0.83409065,0.44934028,0.6681813
0,1,0.9997788,0.0020828324,0.9995576
1,0,0.9508724,0.19593844,0.90174484
0,0,0.90008634,0.32489324,0.8001727
0,1,0.8149785,0.47892308,0.62995696
1,0,0.99549025,0.028859,0.9909805
0,1,0.81441414,0.47975874,0.6288283
1,0,0.53219545,0.69107264,0.06439087
0,1,0.5074391,0.6930365,0.014878154
0,1,0.54650664,0.6888152,0.09301329
1,1,0.99967647,0.0029234677,0.99935293
0,1,0.775342,0.53274053,0.550684
1,0,0.9419934,0.22144702,0.88398683
1,1,0.78497624,0.52053714,0.5699525
1,0,0.553372,0.6874392,0.10674402
0,1,0.99975795,0.0022574547,0.9995159
1,1,0.9997454,0.0023613544,0.99949086
0,0,0.944015,0.21577401,0.88803005
1,0,0.775183,0.53293735,0.55036604
1,0,0.56706595,0.6841243,0.13413191
0,1,0.6169794,0.6655235,0.23395884
0,1,0.75206757,0.5600522,0.50413513
1,0,0.94106525,0.22402632,0.8821305
0,0,0.9382489,0.23175888,0.87649775
0,1,0.86519885,0.39541265,0.7303977
0,1,0.79898316,0.5018088,0.5979663
0,1,0.59971327,0.6731278,0.19942653
0,0,0.94992304,0.19874182,0.8998461
1,0,0.9402959,0.2261526,0.88059175
1,0,0.5283284,0.6915413,0.056656808
0,1,0.7294892,0.5837662,0.4589784
0,1,0.55550647,0.6869725,0.111012936
1,0,0.7546676,0.55714893,0.50933516
0,1,0.59075,0.6765844,0.18149996
0,1,0.7714209,0.5375538,0.5428418
0,1,0.77015716,0.53908634,0.5403143
0,1,0.7598345,0.5512706,0.51966906
1,0,0.9353945,0.23945598,0.87078905
1,0,0.9929278,0.0420657,0.9858556
1,0,0.96727526,0.14408961,0.9345505
1,1,0.63418317,0.65669173,0.26836634
0,0,0.95095795,0.19568485,0.9019159
1,1,0.9996971,0.0027570701,0.9993942
1,1,0.9994492,0.004683977,0.9988984
1,0,0.9381763,0.23195639,0.87635255
0,0,0.94558704,0.21130945,0.8911741
1,1,0.6608736,0.64045435,0.32174718
1,0,0.65234685,0.6459817,0.3046937
1,1,0.9994492,0.004683977,0.9988984
0,0,0.9546355,0.1846331,0.909271
1,0,0.58704966,0.6779144,0.17409933
0,1,0.7724799,0.53626245,0.5449598
0,1,0.8236576,0.46580178,0.64731514
1,0,0.7314075,0.58185387,0.46281508
0,0,0.9429561,0.21875502,0.8859122
0,1,0.59948665,0.67321926,0.1989733
0,0,0.64473826,0.6506431,0.2894765
0,1,0.8031627,0.49598664,0.6063254
0,1,0.85778445,0.40896505,0.7155689
1,1,0.60397077,0.6713688,0.20794153
1,1,0.8270879,0.46047384,0.65417576
0,1,0.77507555,0.5330704,0.5501511
0,1,0.73133445,0.58192706,0.4626689
0,1,0.7740163,0.53437763,0.54803264
1,1,0.63418317,0.65669173,0.26836634
0,1,0.8398961,0.43984216,0.67979217
1,0,0.90333384,0.3176954,0.8066677
0,0,0.94925797,0.20069431,0.89851594
1,1,0.8114452,0.48412064,0.62289035
1,0,0.7513886,0.5608045,0.5027772
0,1,0.8142933,0.47993737,0.62858665
0,1,0.812883,0.48201543,0.62576604
0,1,0.5119946,0.6928594,0.0239892
0,1,0.83959746,0.4403368,0.6791949
0,1,0.60868704,0.6693318,0.21737409
0,1,0.78125983,0.5253088,0.56251967
0,1,0.78852826,0.51590014,0.5770565
1,0,0.94667566,0.20818965,0.8933513
1,0,0.993912,0.037127137,0.98782396
0,1,0.8130266,0.4818045,0.6260532
1,1,0.9996574,0.0030761885,0.9993148
1,1,0.9994267,0.004852137,0.99885345
1,0,0.96670455,0.14601713,0.9334091
0,0,0.73198396,0.5812755,0.46396792
1,1,0.9676829,0.1427066,0.9353658
0,1,0.8153714,0.47833997,0.6307428
0,1,0.8153056,0.4784377,0.6306112
0,1,0.8139436,0.48045388,0.62788725
0,0,0.9698077,0.13541001,0.93961537
1,0,0.7960863,0.50578034,0.5921726
1,0,0.932126,0.24810463,0.864252
1,1,0.9997583,0.002254477,0.9995166
1,1,0.90379477,0.3166641,0.80758953
0,1,0.814222,0.48004282,0.62844396
0,1,0.8152551,0.47851264,0.6305102
0,1,0.75240535,0.5596771,0.5048107
1,1,0.8115192,0.48401254,0.6230384
1,0,0.6942836,0.61563027,0.38856718
1,0,0.9687745,0.1389767,0.937549
1,0,0.9499974,0.19852279,0.89999485
1,1,0.63418317,0.65669173,0.26836634
1,1,0.8052878,0.49298406,0.61057556
0,1,0.6168672,0.665577,0.23373437
1,1,0.7998481,0.500613,0.59969616
0,1,0.81430244,0.47992387,0.6286049
0,1,0.79964066,0.50090015,0.5992813
1,0,0.64679694,0.6494069,0.2935939
1,0,0.71085274,0.60138637,0.4217055
0,1,0.7874029,0.5173773,0.57480586
0,1,0.814127,0.4801831,0.62825406
1,1,0.8009464,0.4990876,0.6018928
0,1,0.79303783,0.50990385,0.58607566
0,1,0.8139985,0.48037285,0.62799704
1,0,0.7087865,0.60323465,0.41757295
1,0,0.7314075,0.58185387,0.46281508
0,1,0.8128408,0.48207742,0.62568164
0,1,0.63332975,0.6571597,0.2666595
1,1,0.99971455,0.0026150658,0.9994291
0,1,0.56096834,0.68569434,0.12193668
1,0,0.94251126,0.22000109,0.8850225
0,1,0.7271751,0.58604836,0.45435023
0,1,0.8143342,0.4798769,0.6286684
0,1,0.8114971,0.48404488,0.6229942
0,1,0.79989237,0.5005516,0.59978473
0,0,0.6414083,0.6526036,0.28281662
1,0,0.73568356,0.57752347,0.47136715
1,1,0.7898714,0.514127,0.5797428
0,1,0.8100708,0.48612025,0.6201416
1,0,0.50061864,0.69314647,0.0012372732
1,1,0.9997008,0.0027271076,0.99940157
0,1,0.63332975,0.6571597,0.2666595
0,0,0.6320537,0.65785366,0.26410735
1,1,0.8115472,0.4839717,0.62309444
0,1,0.87045395,0.38552284,0.7409079
0,0,0.644738,0.65064335,0.28947604
1,1,0.9995782,0.0036996817,0.99915636
1,1,0.828488,0.45827562,0.656976
0,0,0.6379835,0.6545696,0.275967
0,1,0.818852,0.47312978,0.637704
0,1,0.81402504,0.4803337,0.6280501
1,0,0.5121597,0.6928514,0.02431941
0,0,0.9799164,0.09836438,0.9598328
0,0,0.97241426,0.12624715,0.9448285
0,1,0.8301325,0.45567608,0.66026497
0,0,0.9451263,0.21262293,0.8902526
1,0,0.9394043,0.22860348,0.8788086
0,1,0.9025754,0.31938717,0.80515075
0,1,0.78852457,0.51590496,0.57704914
1,0,0.9424045,0.2202995,0.884809
1,0,0.9950468,0.031231044,0.9900936
1,1,0.9995751,0.0037237543,0.99915016
1,1,0.81196415,0.48336238,0.6239283
1,0,0.62253785,0.66280806,0.24507573
0,0,0.8672437,0.3915929,0.7344874
1,0,0.7760575,0.5318528,0.55211496
1,0,0.9451892,0.21244389,0.89037836
1,1,0.8114525,0.48410994,0.622905
1,0,0.65319645,0.64544535,0.30639288
1,0,0.93333364,0.2449292,0.8666673
0,1,0.8023239,0.4971639,0.60464776
1,1,0.9997744,0.002119911,0.9995488
0,1,0.6494791,0.6477685,0.29895818
0,0,0.58995485,0.676875,0.17990968
1,0,0.6990307,0.61168337,0.3980614
0,1,0.8114363,0.4841336,0.6228726
1,0,0.9938868,0.03725511,0.98777366
0,1,0.80156094,0.49823087,0.6031219
1,1,0.7988498,0.5019928,0.59769964
1,0,0.97477573,0.11772744,0.94955146
0,1,0.8041479,0.49459815,0.6082958
1,0,0.978678,0.10314042,0.957356
0,1,0.8172391,0.47555423,0.6344782
0,1,0.64540446,0.6502452,0.29080892
1,1,0.80099165,0.49902463,0.6019833
0,1,0.708699,0.6033125,0.41739798
0,1,0.5918296,0.6761857,0.1836592
0,1,0.80431134,0.49436724,0.60862267
0,1,0.8165606,0.47656888,0.63312125
0,0,0.90887684,0.30512878,0.8177537
1,0,0.95208037,0.19234355,0.90416074
0,0,0.9597922,0.16860399,0.9195844
1,1,0.99975854,0.0022524914,0.9995171
1,1,0.8185687,0.47355694,0.6371374
1,1,0.9997454,0.0023613544,0.99949086
1,1,0.99961394,0.0034202253,0.9992279
0,1,0.82660735,0.46122512,0.6532147
1,1,0.99971455,0.0026150658,0.9994291
0,1,0.61223984,0.66773564,0.22447968
1,0,0.9770842,0.10917956,0.95416844
1,1,0.8273938,0.45999473,0.65478754
1,0,0.9772896,0.10840776,0.95457923
1,1,0.8104551,0.48556244,0.62091017
1,1,0.63418317,0.65669173,0.26836634
1,1,0.9996691,0.0029827768,0.99933815
1,0,0.992336,0.04496779,0.98467195
0,1,0.57311994,0.6824157,0.14623988
1,0,0.97421336,0.11977625,0.9484267
0,1,0.801127,0.4988361,0.60225403
0,1,0.5048503,0.69310015,0.009700656
1,0,0.53219545,0.69107264,0.06439087
0,1,0.8156063,0.47799087,0.6312126
0,1,0.78746235,0.51729953,0.5749247
1,0,0.58704966,0.6779144,0.17409933
0,1,0.7528246,0.55921066,0.5056492
1,0,0.54327035,0.6893978,0.0865407
0,1,0.7988026,0.50205785,0.5976052
1,1,0.99969006,0.0028139718,0.9993801
1,1,0.8117427,0.4836861,0.62348545
0,1,0.80097836,0.49904314,0.6019567
1,1,0.9998418,0.0015426173,0.9996836
0,1,0.76660234,0.54334927,0.5332047
0,1,0.5058916,0.69307774,0.011783242
0,1,0.8030521,0.49614203,0.60610425
0,1,0.59906656,0.67338836,0.19813311
1,0,0.9648448,0.15222888,0.92968965
1,1,0.8114016,0.4841842,0.6228032
1,1,0.8170386,0.4758544,0.6340772
1,1,0.9997008,0.0027271076,0.99940157
1,0,0.92975056,0.25428373,0.8595011
1,1,0.8115472,0.4839717,0.62309444
1,0,0.983189,0.08535407,0.966378
1,0,0.97430265,0.119451694,0.9486053
0,1,0.7835961,0.52231866,0.5671922
1,0,0.8396207,0.44029832,0.6792414
1,1,0.99970776,0.0026704404,0.9994155
1,0,0.8785837,0.36973736,0.75716746
1,1,0.81152445,0.4840049,0.6230489
1,0,0.99785197,0.0153416535,0.99570394
1,1,0.8673557,0.39138266,0.7347114
0,0,0.949151,0.2010076,0.89830196
0,0,0.656339,0.643434,0.31267798
0,1,0.59906656,0.67338836,0.19813311
1,0,0.5121597,0.6928514,0.02431941
1,1,0.8162935,0.47696757,0.63258696
1,1,0.99961394,0.0034202253,0.9992279
1,0,0.9936511,0.038450904,0.9873022
0,0,0.54533315,0.68903136,0.090666294
1,1,0.9996226,0.0033522039,0.99924517
0,1,0.77821505,0.5291579,0.5564301
0,1,0.8124485,0.48265308,0.624897
1,1,0.99940705,0.0049986076,0.9988141
1,1,0.9099507,0.30265194,0.81990135
1,0,0.9424522,0.22016619,0.8849044
1,0,0.7079231,0.6040008,0.41584623
0,1,0.80970305,0.48665327,0.6194061
0,1,0.5469718,0.688728,0.093943596
0,0,0.50108033,0.6931448,0.0021606684
0,0,0.95557034,0.18177491,0.9111407
0,1,0.5374762,0.69033563,0.074952364
0,1,0.80225027,0.497267,0.60450053
1,0,0.9291527,0.25582513,0.85830545
1,1,0.99961394,0.0034202253,0.9992279
0,0,0.68719757,0.62132466,0.37439516
0,1,0.81407094,0.48026592,0.6281419
0,1,0.7778198,0.52965355,0.5556396
0,1,0.7305119,0.582749,0.4610238
1,1,0.9994879,0.0043923208,0.99897575
1,1,0.80121076,0.49871933,0.6024215
0,1,0.77597904,0.53195024,0.5519581
0,1,0.8169377,0.47600538,0.63387537
1,1,0.9992817,0.005917513,0.9985634
0,1,0.81323737,0.48149452,0.62647474
1,1,0.81034046,0.48572892,0.6206809
0,0,0.95971733,0.16884138,0.91943467
0,1,0.5159366,0.6926391,0.031873226
1,0,0.9952216,0.030300861,0.9904432
1,1,0.5415037,0.6896981,0.083007455
1,0,0.7079231,0.6040008,0.41584623
1,0,0.97190803,0.12804581,0.94381607
1,1,0.8113432,0.48426944,0.6226864
1,0,0.95165265,0.19362003,0.9033053
1,0,0.94197416,0.22150065,0.8839483
0,1,0.7567926,0.5547489,0.5135852
0,1,0.63431656,0.65661836,0.26863313
1,0,0.9772896,0.10840776,0.95457923
0,1,0.6285868,0.6597035,0.25717366
0,1,0.55097616,0.68794096,0.101952314
0,1,0.8115245,0.48400486,0.623049
0,0,0.6827129,0.6248076,0.36542583
0,1,0.78921884,0.51498985,0.5784377
0,1,0.9997788,0.0020828324,0.9995576
0,1,0.75241286,0.5596688,0.5048257
0,1,0.78710353,0.5177691,0.57420707
0,1,0.86018854,0.4046211,0.7203771
0,1,0.8031351,0.49602544,0.6062702
0,1,0.8004235,0.49981478,0.600847
0,1,0.5420302,0.68960994,0.08406043
0,1,0.8023642,0.4971075,0.60472834
1,0,0.87340975,0.37985316,0.7468195
0,1,0.5284923,0.6915227,0.056984544
1,0,0.993912,0.037127137,0.98782396
1,1,0.8113318,0.48428607,0.6226636
0,1,0.6083471,0.6694817,0.21669424
1,1,0.8113883,0.4842036,0.6227766
1,1,0.8164077,0.4767972,0.63281536
0,1,0.8029704,0.4962569,0.6059408
0,0,0.9493854,0.20032091,0.8987708
1,1,0.99982065,0.001726441,0.9996413
0,1,0.78790265,0.51672226,0.5758053
1,0,0.981256,0.09310983,0.962512
1,1,0.99963,0.003293877,0.99925995
0,1,0.9997788,0.0020828324,0.9995576
0,1,0.8029401,0.4962995,0.60588014
0,0,0.9408973,0.22449149,0.8817946
1,0,0.9353945,0.23945598,0.87078905
0,0,0.5252657,0.6918699,0.050531417
0,1,0.803265,0.49584275,0.60652995
1,0,0.7960863,0.50578034,0.5921726
1,1,0.66636324,0.63672423,0.33272648
0,1,0.7877515,0.51692057,0.575503
0,1,0.79989326,0.5005504,0.5997865
0,0,0.9437137,0.21662441,0.88742745
1,0,0.64012754,0.65334475,0.28025508
1,0,0.994696,0.033078954,0.98939204
1,1,0.9997763,0.0021038877,0.9995526
0,1,0.7848687,0.5206764,0.56973743
1,1,0.9997522,0.00230503,0.99950445
0,1,0.8118556,0.4835211,0.6237112
1,0,0.94018304,0.22646359,0.8803661
1,0,0.6990307,0.61168337,0.3980614
0,1,0.79143184,0.5120534,0.5828637
1,1,0.8131686,0.48159572,0.6263372
1,0,0.98482275,0.07862317,0.9696455
1,0,0.84961313,0.42337954,0.69922626
0,0,0.6194205,0.66434705,0.23884109
1,1,0.9997212,0.0025605056,0.99944246
1,0,0.67639434,0.6295575,0.35278872
1,1,0.6640085,0.63834083,0.328017
1,0,0.99785197,0.0153416535,0.99570394
0,1,0.9420313,0.2213413,0.88406265
0,1,0.8162997,0.47695833,0.63259935
1,0,0.60779214,0.6697255,0.21558425
1,0,0.94256485,0.21985117,0.8851297
0,1,0.7911815,0.51238704,0.582363
1,0,0.75212675,0.5599866,0.5042535
1,0,0.5904906,0.6766795,0.18098113
0,1,0.9373088,0.23430917,0.8746176
1,1,0.78207874,0.52426434,0.5641575
0,1,0.79157674,0.5118601,0.5831535
0,1,0.8046703,0.49385947,0.60934055
1,1,0.9997795,0.0020768116,0.99955904
1,0,0.82148725,0.4691308,0.6429745
0,1,0.820272,0.47098073,0.64054406
0,0,0.9491772,0.2009308,0.8983544
1,0,0.94266564,0.21956904,0.8853313
1,1,0.8114821,0.48406678,0.62296414
1,1,0.9996971,0.0027570701,0.9993942
0,1,0.9997582,0.0022554696,0.99951637
0,1,0.8151021,0.47873968,0.6302042
0,0,0.96716905,0.14444913,0.9343381
1,0,0.89153326,0.34329763,0.7830665
1,0,0.6960324,0.6141886,0.3920648
1,0,0.553372,0.6874392,0.10674402
1,1,0.999371,0.0052654576,0.998742
1,1,0.99971455,0.0026150658,0.9994291
0,1,0.8156392,0.47794193,0.6312784
0,1,0.5599583,0.68593985,0.11991656
0,1,0.7542468,0.5576213,0.50849354
1,0,0.93647015,0.23657155,0.8729403
0,0,0.67055404,0.6337856,0.34110805
0,1,0.8165448,0.47659254,0.63308954
0,1,0.78362334,0.5222836,0.5672467
1,0,0.9638381,0.15554842,0.9276762
0,0,0.71599054,0.5967003,0.43198112
0,1,0.80145603,0.4983773,0.60291207
0,0,0.528808,0.6914865,0.057616025
1,0,0.5121597,0.6928514,0.02431941
0,1,0.7880013,0.5165928,0.5760026
1,1,0.9997212,0.0025605056,0.99944246
1,0,0.9837777,0.08294811,0.9675554
1,1,0.99971455,0.0026150658,0.9994291
0,0,0.8974851,0.33057395,0.79497015
1,1,0.8185002,0.47366008,0.63700044
0,1,0.50233626,0.69313633,0.0046725273
1,1,0.9997309,0.0024813039,0.99946177
0,1,0.717307,0.59547883,0.43461394
1,0,0.994696,0.033078954,0.98939204
0,1,0.8056742,0.49243498,0.6113484
1,0,0.6433945,0.65144014,0.2867889
0,1,0.8087664,0.4880067,0.61753285
0,1,0.71765053,0.59515864,0.43530107
0,1,0.79982996,0.50063807,0.5996599
1,0,0.97378206,0.12133891,0.9475641
0,0,0.9844632,0.08011916,0.9689264
1,1,0.99971455,0.0026150658,0.9994291
1,0,0.99196357,0.046769902,0.98392713
1,1,0.9994753,0.004487453,0.9989506
0,1,0.9997788,0.0020828324,0.9995576
1,0,0.94141936,0.22304408,0.8828387
1,1,0.792688,0.5103734,0.585376
0,0,0.73133886,0.58192265,0.46267772
0,1,0.816425,0.47677132,0.63285005
1,1,0.9997154,0.0026082546,0.9994308
1,1,0.57280374,0.6825086,0.14560747
0,1,0.82788414,0.45922536,0.6557683
1,1,0.9992943,0.005826374,0.99858856
1,0,0.7760575,0.5318528,0.55211496
1,1,0.99954176,0.003981142,0.9990835
0,1,0.7762474,0.5316167,0.55249476
1,1,0.8114738,0.48407888,0.6229476
1,0,0.553372,0.6874392,0.10674402
1,1,0.6170224,0.665503,0.23404479
1,1,0.9995877,0.0036254677,0.9991754
1,0,0.9534049,0.188365,0.9068098
0,1,0.82101285,0.46985418,0.6420257
0,1,0.6044381,0.67117107,0.20887625
0,0,0.94220865,0.22084655,0.8844173
0,1,0.8057145,0.4923777,0.611429
0,1,0.81522995,0.47854996,0.6304599
0,0,0.9703627,0.13347907,0.94072545
1,1,0.8172733,0.47550303,0.63454664
0,1,0.82190275,0.46849597,0.6438055
1,0,0.9331882,0.24531287,0.8663764
1,1,0.7558955,0.5557651,0.511791
1,0,0.9871458,0.06873961,0.97429156
1,0,0.65263915,0.6457976,0.30527827
1,1,0.99977916,0.0020798224,0.9995583
0,0,0.9441245,0.21546456,0.88824904
0,1,0.9107412,0.30081958,0.8214824
0,1,0.8149789,0.47892243,0.6299578
0,0,0.9387907,0.23028211,0.87758136
1,0,0.96727526,0.14408961,0.9345505
1,1,0.8167085,0.47634804,0.633417
1,0,0.84961313,0.42337954,0.69922626
0,1,0.78894246,0.51535445,0.5778849
0,1,0.81473637,0.47928184,0.62947273
1,1,0.8136258,0.48092258,0.6272516
0,1,0.75500715,0.5567671,0.5100143
0,1,0.5282567,0.6915494,0.05651343
1,0,0.9607617,0.16551578,0.92152345
1,1,0.99940705,0.0049986076,0.9988141
0,1,0.7051697,0.6064202,0.41033936
1,1,0.99952686,0.004095457,0.9990537
0,1,0.5744405,0.6820231,0.14888096
1,1,0.5505206,0.6880338,0.1010412
1,1,0.8116663,0.48379776,0.6233326
0,1,0.7999234,0.50050855,0.59984684
1,1,0.54598135,0.68891263,0.091962695
0,1,0.519489,0.69238734,0.03897798
0,1,0.8225617,0.4674868,0.64512336
1,0,0.99928147,0.005919109,0.99856293
0,1,0.6212353,0.66345614,0.24247062
1,1,0.9996971,0.0027570701,0.9993942
0,1,0.99971575,0.0026053346,0.9994315
0,1,0.78818774,0.5163479,0.5763755
0,1,0.80109954,0.49887437,0.6021991
0,1,0.8127433,0.48222062,0.6254866
0,1,0.78050846,0.5262637,0.5610169
0,1,0.80104953,0.498944,0.60209906
0,1,0.6879649,0.6207193,0.37592983
1,1,0.63527554,0.6560881,0.2705511
0,1,0.5420298,0.68961,0.084059596
0,1,0.537248,0.6903697,0.07449603
0,1,0.8151699,0.4786392,0.63033974
0,1,0.5307867,0.6912503,0.061573386
0,1,0.63332975,0.6571597,0.2666595
1,1,0.7887026,0.51567054,0.5774052
1,1,0.9996691,0.0029827768,0.99933815
1,1,0.63418317,0.65669173,0.26836634
1,1,0.9996613,0.0030447787,0.99932265
0,1,0.8114951,0.48404774,0.62299025
1,0,0.9690901,0.13789104,0.9381802
1,0,0.9402959,0.2261526,0.88059175
1,0,0.9425972,0.21976061,0.8851944
1,1,0.99949646,0.0043272194,0.9989929
0,1,0.8139116,0.48050112,0.62782323
1,0,0.7760575,0.5318528,0.55211496
0,1,0.8130717,0.48173815,0.62614346
1,1,0.51895976,0.69242805,0.03791952
0,1,0.8115584,0.48395532,0.62311685
1,1,0.8161463,0.47718698,0.6322926
1,1,0.81394273,0.48045516,0.62788546
0,1,0.7926347,0.5104449,0.58526945
1,1,0.9995751,0.0037237543,0.99915016
1,1,0.9996613,0.0030447787,0.99932265
1,0,0.89153326,0.34329763,0.7830665
0,1,0.75465643,0.55716145,0.50931287
1,0,0.9577818,0.17493078,0.9155636
1,0,0.92668056,0.26214182,0.8533611
1,1,0.8151673,0.47864294,0.6303346
0,1,0.78944236,0.5146946,0.5788847
0,1,0.81155986,0.48395324,0.6231197
0,1,0.9997788,0.0020828324,0.9995576
0,1,0.8153141,0.47842503,0.6306282
1,1,0.9996613,0.0030447787,0.99932265
1,1,0.8130737,0.48173523,0.6261474
1,0,0.97069126,0.13233103,0.9413825
1,0,0.7079231,0.6040008,0.41584623
1,1,0.82948023,0.45670944,0.65896046
0,1,0.59906656,0.67338836,0.19813311
1,0,0.9883137,0.06361407,0.97662735
1,1,0.99963117,0.0032844557,0.99926233
0,0,0.9489524,0.20158839,0.89790475
0,1,0.8681421,0.38990325,0.73628426
0,1,0.7839583,0.5218522,0.56791663
1,1,0.99975854,0.0022524914,0.9995171
1,0,0.9394043,0.22860348,0.8788086
1,1,0.99948716,0.0043977397,0.9989743
1,0,0.99134207,0.04973932,0.98268414
1,0,0.9139743,0.293245,0.8279486
1,0,0.93956196,0.22817104,0.8791239
1,0,0.67024684,0.6340037,0.3404937
1,1,0.9993861,0.0051541245,0.99877214
1,0,0.9383117,0.23158792,0.8766234
1,1,0.9992084,0.0064445282,0.9984168
1,0,0.9912671,0.050094444,0.98253417
1,0,0.9174889,0.28486001,0.83497775
1,1,0.81129324,0.48434234,0.6225865
1,0,0.9812403,0.09317209,0.96248055
0,1,0.573091,0.6824242,0.14618194
1,1,0.99954176,0.003981142,0.9990835
0,1,0.816789,0.47622776,0.63357794
0,0,0.63645256,0.655432,0.27290508
1,1,0.9997212,0.0025605056,0.99944246
0,1,0.7959996,0.5058984,0.5919992
1,0,0.9485331,0.20281199,0.89706624
0,1,0.83556867,0.44694555,0.67113733
0,0,0.8601273,0.4047324,0.72025454
1,0,0.9221223,0.2735551,0.8442446
0,1,0.8100149,0.48620135,0.6200298
1,1,0.99938273,0.005178799,0.99876547
1,0,0.5904906,0.6766795,0.18098113
0,1,0.81522655,0.47855502,0.6304531
0,1,0.81371236,0.48079503,0.6274247
0,1,0.8089904,0.48768356,0.61798084
1,1,0.81176084,0.48365963,0.6235217
0,1,0.78835374,0.5161297,0.5767075
0,1,0.70624363,0.6054809,0.41248727
1,1,0.9996691,0.0029827768,0.99933815
1,0,0.974158,0.119977236,0.948316
0,1,0.7871485,0.5177103,0.57429695
1,1,0.99948716,0.0043977397,0.9989743
1,1,0.8154311,0.47825122,0.63086224
0,1,0.6040381,0.67134035,0.20807624
0,0,0.71196795,0.6003802,0.42393592
0,1,0.821174,0.4696086,0.64234805
1,1,0.8094014,0.48708975,0.6188028
1,0,0.65220165,0.6460731,0.30440333
1,0,0.9196885,0.27952945,0.83937705
0,1,0.6095188,0.66896284,0.21903765
0,1,0.81273776,0.48222876,0.6254755
1,0,0.7543478,0.557508,0.5086956
1,1,0.99971455,0.0026150658,0.9994291
1,0,0.9266568,0.2622022,0.85331357
0,1,0.7737081,0.5347568,0.5474162
0,1,0.8146475,0.47941345,0.629295
0,1,0.5300839,0.69133604,0.06016779
1,1,0.60427374,0.67124075,0.20854747
1,1,0.82332593,0.4663126,0.64665186
1,0,0.5121597,0.6928514,0.02431941
1,1,0.68649375,0.6218774,0.3729875
0,1,0.7931644,0.5097338,0.58632874
1,0,0.93463165,0.24149005,0.8692633
0,1,0.8721307,0.38231617,0.7442614
0,0,0.61909294,0.66450644,0.23818588
0,1,0.59971327,0.6731278,0.19942653
1,1,0.99963,0.003293877,0.99925995
1,0,0.91374385,0.2937893,0.8274877
1,0,0.96418154,0.15441927,0.9283631
0,1,0.8033564,0.49571407,0.6067128
0,1,0.8024465,0.4969921,0.60489297
0,1,0.99975795,0.0022574547,0.9995159
1,0,0.9601011,0.16762269,0.92020226
0,1,0.79524285,0.5069269,0.5904857
0,1,0.81104016,0.4847112,0.6220803
0,1,0.79415995,0.50839263,0.5883199
1,1,0.7969637,0.50458294,0.5939274
1,0,0.9805659,0.095828444,0.9611318
0,1,0.81610066,0.47725505,0.6322013
1,0,0.5121597,0.6928514,0.02431941
1,0,0.50061864,0.69314647,0.0012372732
0,1,0.81398517,0.48039255,0.62797034
1,1,0.9022269,0.32016218,0.80445385
0,1,0.799643,0.50089693,0.59928596
0,1,0.7986695,0.5022413,0.59733903
0,1,0.5347385,0.6907317,0.06947696
1,0,0.981256,0.09310983,0.962512
1,0,0.50061864,0.69314647,0.0012372732
0,1,0.8140027,0.48036668,0.6280054
1,0,0.6327212,0.65749156,0.2654424
0,0,0.9442818,0.21501966,0.88856363
1,0,0.96574754,0.14922675,0.9314951
1,1,0.6365262,0.65539074,0.27305245
0,1,0.5480837,0.68851596,0.096167445
1,1,0.99951637,0.0041756527,0.99903274
0,1,0.58219653,0.6795731,0.16439307
1,0,0.9741622,0.11996194,0.94832444
0,0,0.95500684,0.1835003,0.9100137
0,1,0.50233406,0.6931363,0.0046681166
0,1,0.7742917,0.5340384,0.5485834
1,1,0.8373077,0.44410747,0.6746154
1,1,0.9995078,0.0042410973,0.99901557
1,1,0.90815574,0.30678412,0.8163115
1,0,0.85623455,0.41174042,0.7124691
1,1,0.9997789,0.0020818294,0.99955785
1,1,0.8131329,0.48164824,0.62626576
0,1,0.8029153,0.49633434,0.60583055
1,0,0.9638381,0.15554842,0.9276762
0,0,0.9468986,0.20754783,0.89379716
0,1,0.81701535,0.4758892,0.6340307
0,1,0.99975914,0.0022475263,0.9995183
1,0,0.99666077,0.022374041,0.99332154
0,0,0.9672932,0.14402895,0.9345864
1,1,0.6022932,0.67207086,0.20458639
0,1,0.8152582,0.47850806,0.6305164
0,1,0.78681755,0.51814276,0.5736351
1,0,0.9367074,0.23593277,0.87341475
1,1,0.8144327,0.47973132,0.62886536
1,0,0.94195926,0.22154215,0.8839185
1,0,0.73214465,0.58111405,0.4642893
0,0,0.94222057,0.22081329,0.88444114
1,1,0.80470926,0.49380428,0.6094185
1,0,0.94281787,0.2191426,0.88563573
1,1,0.99963,0.003293877,0.99925995
0,1,0.7576608,0.5537613,0.5153216
0,1,0.7354457,0.5777669,0.47089136
1,0,0.9918957,0.047096558,0.98379135
0,0,0.63789284,0.65462095,0.2757857
0,1,0.7858959,0.5193438,0.57179177
0,1,0.81158644,0.48391438,0.6231729
1,0,0.53219545,0.69107264,0.06439087
1,0,0.6960324,0.6141886,0.3920648
1,1,0.8180561,0.47432834,0.6361122
1,1,0.634183,0.6566918,0.26836598
1,1,0.8681443,0.3898992,0.73628855
0,0,0.69254655,0.6170479,0.3850931
0,1,0.7561297,0.55550027,0.51225936
1,1,0.5085387,0.6930014,0.017077446
0,0,0.94090605,0.22446716,0.8818121
0,0,0.9555775,0.181753,0.911155
1,1,0.85054183,0.42176807,0.70108366
1,0,0.6525762,0.6458372,0.30515245
1,0,0.97464,0.11822312,0.94928
1,0,0.7079231,0.6040008,0.41584623
0,0,0.93159455,0.24949464,0.8631891
1,0,0.9499974,0.19852279,0.89999485
1,0,0.5121597,0.6928514,0.02431941
0,1,0.6368705,0.65519756,0.273741
0,1,0.7211451,0.5918686,0.4422902
1,0,0.993912,0.037127137,0.98782396
1,0,0.5613935,0.6855898,0.12278697
0,1,0.57773155,0.6810136,0.1554631
1,1,0.9994492,0.004683977,0.9988984
0,1,0.8022706,0.49723858,0.6045412
1,0,0.9887546,0.06164904,0.97750914
1,0,0.9402959,0.2261526,0.88059175
1,1,0.81676453,0.47626427,0.63352907
0,1,0.8027666,0.49654305,0.60553324
1,0,0.92975056,0.25428373,0.8595011
1,0,0.9507532,0.19629145,0.9015064
0,1,0.78394,0.5218758,0.56788003
0,0,0.9146799,0.2915744,0.82935977
0,0,0.6332096,0.6572254,0.26641917
1,0,0.9668855,0.14540713,0.933771
1,0,0.98030627,0.09684477,0.96061254
0,1,0.7939145,0.50872386,0.587829
1,0,0.9871458,0.06873961,0.97429156
1,0,0.974163,0.11995903,0.948326
1,0,0.9961141,0.025446765,0.99222815
1,0,0.9589416,0.17129335,0.91788316
1,1,0.9997372,0.002429294,0.9994744
1,1,0.8027104,0.49662197,0.6054208
0,0,0.9544387,0.18523234,0.9088774
1,0,0.99000573,0.055975165,0.98001146
1,1,0.81110996,0.48460948,0.6222199
1,1,0.9994267,0.004852137,0.99885345
0,1,0.81521976,0.4785651,0.6304395
0,1,0.5293714,0.69142085,0.05874276
1,0,0.6433945,0.65144014,0.2867889
0,1,0.7998047,0.50067306,0.5996094
0,1,0.64080435,0.652954,0.2816087
0,0,0.9093467,0.3040467,0.8186934
1,1,0.81272596,0.48224607,0.6254519
1,0,0.9005296,0.3239177,0.80105925
0,1,0.8141434,0.48015887,0.62828684
1,0,0.94304353,0.21850964,0.88608706
1,1,0.99975854,0.0022524914,0.9995171
0,1,0.8215065,0.46910137,0.643013
1,0,0.8765118,0.3738178,0.7530236
0,1,0.8028564,0.49641705,0.6057128
0,0,0.94860196,0.20261133,0.8972039
1,1,0.7982321,0.50284356,0.59646416
1,1,0.58681875,0.6779955,0.17363751
0,1,0.6762857,0.6296376,0.35257137
1,0,0.9425541,0.21988116,0.88510823
0,1,0.8000374,0.5003506,0.60007477
0,1,0.6210409,0.6635523,0.24208176
0,1,0.7555477,0.5561579,0.5110954
1,1,0.8115497,0.48396802,0.62309945
1,0,0.5939224,0.6753991,0.18784478
0,1,0.5865803,0.67807907,0.17316055
1,1,0.9996971,0.0027570701,0.9993942
1,1,0.99967647,0.0029234677,0.99935293
1,0,0.7801089,0.52677006,0.56021786
0,1,0.7653559,0.5448273,0.53071177
0,0,0.9546176,0.18468763,0.90923524
0,1,0.76824874,0.54138374,0.5364975
0,1,0.776351,0.53148776,0.55270195
0,1,0.7130223,0.59942335,0.42604458
1,0,0.81042325,0.48560864,0.6208465
0,1,0.80542624,0.49278742,0.6108525
0,0,0.6643475,0.63810956,0.3286951
0,1,0.7978146,0.50341713,0.5956292
1,0,0.88263947,0.3616328,0.76527894
1,0,0.95457083,0.1848301,0.90914166
0,0,0.94909257,0.20117849,0.89818513
0,1,0.8255246,0.462912,0.65104926
0,0,0.9454188,0.21178956,0.89083755
0,1,0.81571877,0.47782362,0.63143754
0,1,0.80390126,0.49494636,0.6078025
1,1,0.5415037,0.6896981,0.083007455
0,0,0.9324317,0.24730295,0.8648634
0,1,0.8035506,0.49544066,0.6071012
0,1,0.81138885,0.48420283,0.6227777
0,1,0.8156762,0.47788692,0.6313524
1,1,0.82332563,0.466313,0.64665127
0,1,0.9997789,0.0020818294,0.99955785
0,0,0.5252657,0.6918699,0.050531417
0,1,0.6094262,0.6690041,0.2188524
1,1,0.9995252,0.0041082306,0.9990504
1,1,0.99969006,0.0028139718,0.9993801
0,0,0.502177,0.69313776,0.00435403
1,1,0.8117738,0.4836407,0.62354755
0,0,0.942524,0.21996537,0.88504803
1,1,0.81542975,0.47825328,0.6308595
1,0,0.95699126,0.17739101,0.9139825
1,0,0.52619165,0.69177455,0.052383304
1,0,0.7319404,0.58131933,0.4638808
1,1,0.9997372,0.002429294,0.9994744
1,0,0.993912,0.037127137,0.98782396
0,1,0.7534116,0.55855596,0.5068232
0,1,0.8079879,0.48912737,0.61597586
1,0,0.98153794,0.09199185,0.9630759
0,0,0.72740626,0.5858216,0.45481253
0,1,0.814076,0.48025844,0.628152
1,1,0.9995751,0.0037237543,0.99915016
1,1,0.8115524,0.4839641,0.6231048
1,0,0.94246256,0.22013725,0.8849251
1,0,0.9306903,0.25184965,0.8613806
0,1,0.837198,0.44428712,0.67439604
0,1,0.51941854,0.6923928,0.038837075
0,0,0.5257843,0.6918169,0.051568627
0,1,0.57311994,0.6824157,0.14623988
1,0,0.8516942,0.41975904,0.70338845
0,1,0.74218535,0.5707587,0.4843707
1,1,0.9995078,0.0042410973,0.99901557
1,1,0.8172642,0.47551662,0.6345284
1,0,0.94340426,0.21749601,0.8868085
0,1,0.56866926,0.6836864,0.13733852
0,1,0.77830994,0.52903867,0.5566199
0,0,0.9399598,0.227078,0.87991965
0,1,0.5510455,0.68792677,0.102090955
1,1,0.63418317,0.65669173,0.26836634
0,1,0.8236359,0.4658352,0.64727175
1,0,0.9793281,0.100642726,0.9586562
0,0,0.94919294,0.20088473,0.8983859
1,0,0.9948091,0.03248596,0.9896182
1,0,0.9977986,0.015668457,0.99559724
0,1,0.7789046,0.52829087,0.55780923
1,1,0.80242246,0.4970258,0.6048449
0,1,0.817246,0.4755439,0.63449204
1,0,0.9874108,0.06758641,0.97482157
1,1,0.81143486,0.4841357,0.62286973
0,1,0.81426877,0.47997367,0.62853754
1,1,0.62405235,0.66204536,0.24810469
1,1,0.9992459,0.006175913,0.99849176
0,0,0.949462,0.20009637,0.898924
1,1,0.9997454,0.0023613544,0.99949086
1,0,0.993912,0.037127137,0.98782396
1,0,0.95765644,0.17532192,0.9153129
1,0,0.58704966,0.6779144,0.17409933
0,0,0.9693702,0.13692473,0.9387404
0,0,0.6292155,0.6593719,0.25843093
0,1,0.81425846,0.47998887,0.6285169
0,1,0.81848896,0.47367704,0.6369779
1,1,0.63418317,0.65669173,0.26836634
1,1,0.9996214,0.0033615977,0.9992428
0,1,0.5430473,0.68943644,0.08609462
1,0,0.52124083,0.6922445,0.04248163
1,0,0.87496895,0.37683058,0.7499379
0,1,0.8218184,0.46862495,0.6436368
1,1,0.7899943,0.5139642,0.5799886
1,0,0.98578733,0.074566565,0.97157466
0,1,0.8123809,0.48275214,0.6247618
1,1,0.8116306,0.4838499,0.6232612
0,0,0.5007467,0.6931461,0.0014934242
1,0,0.9772896,0.10840776,0.95457923
0,1,0.79854554,0.50241214,0.5970911
0,0,0.95131576,0.19462268,0.9026315
0,1,0.5609353,0.68570244,0.12187064
1,0,0.93999445,0.2269828,0.8799889
1,0,0.68268645,0.62482786,0.3653729
0,1,0.8055183,0.49265653,0.61103666
0,0,0.9504118,0.19730096,0.9008236
0,1,0.53099996,0.691224,0.061999917
1,0,0.9555103,0.18195905,0.91102064
0,1,0.81187695,0.48348993,0.6237539
0,1,0.815599,0.4780017,0.63119805
0,0,0.9390116,0.22967863,0.87802315
0,1,0.81088406,0.48493856,0.6217681
0,1,0.8180967,0.4742673,0.6361934
1,1,0.8158972,0.47755802,0.63179445
1,0,0.81795037,0.47448727,0.63590074
1,0,0.9812551,0.09311332,0.9625102
1,0,0.9378823,0.23275514,0.8757646
1,0,0.9934063,0.03968325,0.9868126
0,1,0.79069394,0.5130358,0.5813879
0,1,0.7878547,0.51678526,0.57570934
0,1,0.81177694,0.48363608,0.6235539
1,0,0.6433945,0.65144014,0.2867889
1,1,0.9996971,0.0027570701,0.9993942
0,1,0.5058921,0.69307774,0.011784196
1,0,0.94230545,0.22057638,0.8846109
1,0,0.7079231,0.6040008,0.41584623
1,1,0.8030288,0.4961748,0.60605764
1,1,0.505362,0.69308966,0.0107239485
1,0,0.8524037,0.41851687,0.7048074
0,1,0.8141976,0.48007882,0.6283952
0,1,0.86819214,0.389809,0.7363843
0,1,0.80768996,0.48955527,0.6153799
1,1,0.8115148,0.48401904,0.6230296
0,1,0.7805004,0.52627385,0.5610008
1,0,0.69301766,0.6166649,0.38603532
1,1,0.8152647,0.4784984,0.6305294
0,1,0.8115227,0.48400748,0.62304544
0,1,0.81405383,0.4802912,0.62810767
1,1,0.84731674,0.42733538,0.6946335
1,1,0.81143785,0.48413134,0.6228757
0,0,0.92833036,0.25793654,0.8566607
1,0,0.9421123,0.22111535,0.88422465
1,0,0.9772896,0.10840776,0.95457923
1,0,0.9687745,0.1389767,0.937549
1,0,0.889717,0.3471066,0.77943397
0,1,0.81293917,0.48193294,0.62587833
0,0,0.5220641,0.69217324,0.04412821
1,0,0.97441125,0.119056776,0.9488225
1,1,0.63418305,0.6566918,0.2683661
1,0,0.82488906,0.46389842,0.6497781
0,0,0.9072008,0.30896676,0.8144016
0,1,0.7713648,0.5376219,0.5427296
1,0,0.9618587,0.16199145,0.9237174
1,1,0.7921947,0.51103425,0.58438945
1,0,0.7079231,0.6040008,0.41584623
0,0,0.5722844,0.6826604,0.1445688
1,0,0.99134207,0.04973932,0.98268414
0,1,0.7500075,0.5623269,0.500015
0,1,0.92255074,0.27249494,0.8451015
0,1,0.5101664,0.6929405,0.020332813
0,1,0.8138382,0.48060942,0.62767637
0,1,0.8143031,0.4799229,0.6286062
1,0,0.9557668,0.18117164,0.9115336
0,1,0.74363565,0.5692197,0.4872713
1,0,0.94337535,0.21757731,0.8867507
1,1,0.9995252,0.0041082306,0.9990504
1,1,0.8126022,0.48242766,0.62520444
1,0,0.9488019,0.20202804,0.89760375
1,0,0.993912,0.037127137,0.98782396
0,1,0.5682406,0.6838045,0.13648117
0,1,0.60381216,0.67143565,0.20762432
0,0,0.5032022,0.6931267,0.0064044297
0,1,0.81446886,0.4796778,0.6289377
1,0,0.65368825,0.6451335,0.3073765
1,1,0.52796376,0.69158244,0.055927515
1,0,0.9368955,0.23542565,0.873791
0,1,0.93948597,0.22837956,0.87897193
0,1,0.83205444,0.45261365,0.6641089
0,0,0.970982,0.1313119,0.94196403
0,1,0.7636892,0.54679,0.52737844
0,1,0.80573666,0.49234614,0.6114733
1,0,0.6524501,0.6459167,0.30490017
0,1,0.8073453,0.49004954,0.61469054
1,1,0.8115002,0.48404032,0.6230004
0,1,0.8143127,0.4799087,0.6286254
0,1,0.84320205,0.43432176,0.6864041
1,0,0.9822183,0.08927543,0.96443665
0,1,0.8123671,0.4827724,0.62473416
0,1,0.755994,0.5556537,0.51198804
0,0,0.75188464,0.56025517,0.5037693
1,0,0.93999445,0.2269828,0.8799889
1,0,0.9917859,0.047623724,0.98357177
1,1,0.99954176,0.003981142,0.9990835
1,0,0.92905295,0.25608182,0.8581059
0,1,0.79462814,0.5077598,0.5892563
1,0,0.6563275,0.64344144,0.312655
1,1,0.9919017,0.047067672,0.9838034
1,1,0.99977916,0.0020798224,0.9995583
1,1,0.8142902,0.47994193,0.62858045
1,0,0.9235427,0.27003047,0.84708536
0,1,0.60834724,0.66948164,0.21669447
0,0,0.9322592,0.24775553,0.8645184
1,1,0.9996062,0.0034810454,0.9992124
1,1,0.81184113,0.48354226,0.62368226
1,0,0.9977986,0.015668457,0.99559724
1,0,0.8965478,0.33260268,0.7930956
1,0,0.9426267,0.21967803,0.8852534
0,1,0.80098397,0.49903533,0.60196793
0,1,0.6040381,0.67134035,0.20807624
1,1,0.8377343,0.44340795,0.67546856
0,0,0.63007754,0.65891445,0.26015508
1,0,0.7483221,0.56417096,0.4966443
0,1,0.7884031,0.51606476,0.5768062
1,0,0.97966826,0.09932743,0.9593365
1,1,0.7969992,0.50453436,0.59399843
0,1,0.7921249,0.51112765,0.58424985
1,0,0.9648448,0.15222888,0.92968965
1,1,0.9997372,0.002429294,0.9994744
1,1,0.77915376,0.52797693,0.5583075
1,1,0.9995252,0.0041082306,0.9990504
1,0,0.7079231,0.6040008,0.41584623
1,1,0.99971455,0.0026150658,0.9994291
1,1,0.9997454,0.0023613544,0.99949086
1,0,0.52124083,0.6922445,0.04248163
0,1,0.5815409,0.6797898,0.16308177
0,1,0.8303525,0.45532688,0.660705
1,0,0.9404798,0.22564526,0.88095963
0,1,0.7158553,0.59682536,0.4317106
0,1,0.99976474,0.0022007832,0.9995295
0,0,0.90336007,0.3176368,0.80672014
0,1,0.8031536,0.49599946,0.60630715
1,0,0.99134207,0.04973932,0.98268414
1,0,0.93652445,0.23642537,0.8730489
1,0,0.9842557,0.080978714,0.96851134
1,0,0.68268627,0.624828,0.36537254
0,1,0.81338966,0.4812704,0.6267793
1,1,0.99969006,0.0028139718,0.9993801
0,0,0.60887545,0.66924846,0.2177509
1,0,0.93745077,0.233925,0.87490153
0,1,0.8151853,0.47861624,0.6303706
1,0,0.94414365,0.21541052,0.8882873
1,0,0.53219545,0.69107264,0.06439087
1,1,0.8113425,0.4842705,0.62268496
0,1,0.66004884,0.64100313,0.32009768
1,1,0.9996971,0.0027570701,0.9993942
0,0,0.94885427,0.20187503,0.89770854
0,1,0.7929087,0.51007724,0.58581746
1,0,0.94308496,0.21839339,0.8861699
0,1,0.7643798,0.5459786,0.5287596
1,0,0.920138,0.2784322,0.840276
1,1,0.9995751,0.0037237543,0.99915016
1,1,0.99954945,0.0039219665,0.9990989
1,0,0.92975056,0.25428373,0.8595011
0,1,0.8148557,0.47910506,0.6297114
0,1,0.81241095,0.4827081,0.6248219
0,1,0.80309653,0.49607965,0.60619307
0,1,0.775308,0.5327826,0.550616
1,0,0.9529726,0.18966784,0.9059452
0,1,0.7866403,0.51837415,0.5732806
1,1,0.57280374,0.6825086,0.14560747
0,1,0.81284434,0.4820723,0.6256887
1,1,0.6500871,0.6473927,0.30017424
1,1,0.7988121,0.5020448,0.5976242
1,1,0.8119609,0.48336717,0.62392175
1,0,0.9181099,0.2833616,0.8362198
0,1,0.80174637,0.4979719,0.60349274
1,1,0.999724,0.0025380508,0.99944794
0,1,0.8139271,0.48047823,0.6278542
0,0,0.57695866,0.68125474,0.15391734
0,1,0.568901,0.68362224,0.137802
1,0,0.5121597,0.6928514,0.02431941
1,1,0.9996395,0.0032183977,0.999279
1,1,0.8072046,0.490251,0.6144092
0,1,0.7985416,0.50241756,0.5970832
1,1,0.9996049,0.003491323,0.99920976
1,1,0.9995252,0.0041082306,0.9990504
1,0,0.7520271,0.56009716,0.5040542
1,0,0.6433945,0.65144014,0.2867889
0,1,0.7969594,0.5045888,0.5939188
1,0,0.978678,0.10314042,0.957356
1,1,0.8113411,0.4842725,0.6226822
1,1,0.9997522,0.00230503,0.99950445
1,1,0.6172117,0.66541266,0.2344234
1,0,0.98142475,0.09244122,0.9628495
1,1,0.8140944,0.48023123,0.62818885
0,1,0.9997788,0.0020828324,0.9995576
1,0,0.52478623,0.69191796,0.049572498
1,0,0.96219677,0.16089879,0.92439353
0,1,0.78952825,0.514581,0.5790565
0,1,0.53003913,0.6913414,0.060078263
1,1,0.9997454,0.0023613544,0.99949086
1,1,0.81269544,0.48229086,0.6253909
1,0,0.9953472,0.02962888,0.9906944
0,1,0.6083471,0.6694817,0.21669424
1,0,0.87340975,0.37985316,0.7468195
1,1,0.81130373,0.48432702,0.62260747
0,1,0.81008244,0.48610342,0.6201649
1,0,0.9499974,0.19852279,0.89999485
0,1,0.79600924,0.50588524,0.5920185
0,0,0.9451697,0.2124993,0.8903394
1,0,0.94225734,0.22071066,0.8845147
1,1,0.99970776,0.0026704404,0.9994155
0,1,0.5909501,0.67651093,0.18190014
0,1,0.7755552,0.5324763,0.5511104
1,1,0.8477385,0.4266119,0.695477
1,0,0.60779214,0.6697255,0.21558425
1,1,0.8115176,0.48401493,0.6230352
1,1,0.60427374,0.67124075,0.20854747
0,1,0.59530574,0.6748692,0.19061148
0,1,0.6163426,0.6658262,0.23268521
1,1,0.9996691,0.0029827768,0.99933815
0,1,0.80037844,0.49987733,0.6007569
0,1,0.8027583,0.4965548,0.60551655
1,1,0.99970776,0.0026704404,0.9994155
0,1,0.7996696,0.5008601,0.59933925
1,1,0.6197739,0.6641747,0.23954785
1,0,0.94276494,0.21929091,0.8855299
1,0,0.91368467,0.29392898,0.82736933
0,1,0.6339552,0.6568171,0.26791036
1,0,0.9139743,0.293245,0.8279486
1,0,0.6826863,0.624828,0.3653727
0,1,0.81651706,0.47663394,0.6330341
0,1,0.9997788,0.0020828324,0.9995576
0,1,0.74207807,0.57087207,0.48415613
1,1,0.9993112,0.0057033487,0.9986224
1,1,0.99982685,0.001672861,0.9996537
1,1,0.9996214,0.0033615977,0.9992428
0,0,0.9557615,0.18118791,0.911523
1,1,0.8132712,0.48144472,0.62654245
1,1,0.7820402,0.5243136,0.56408036
0,1,0.8128433,0.48207372,0.62568665
0,1,0.6210409,0.6635523,0.24208176
1,0,0.97421336,0.11977625,0.9484267
0,1,0.8012901,0.49860877,0.6025802
1,1,0.8190296,0.4728617,0.63805926
1,0,0.97656614,0.11111788,0.9531323
1,0,0.9420479,0.22129513,0.8840958
1,0,0.9425131,0.2199959,0.8850262
1,1,0.9996691,0.0029827768,0.99933815
0,1,0.7180194,0.5948142,0.43603885
1,0,0.9499974,0.19852279,0.89999485
1,0,0.67024684,0.6340037,0.3404937
1,1,0.81899947,0.47290725,0.63799894
1,1,0.99978155,0.0020597395,0.9995631
1,1,0.9996383,0.0032278462,0.99927664
1,0,0.92395085,0.26901233,0.8479017
0,0,0.95611525,0.18009947,0.9122305
1,1,0.9996226,0.0033522039,0.99924517
1,1,0.81399196,0.4803825,0.6279839
0,1,0.8152368,0.47853982,0.6304736
0,1,0.71540356,0.59724224,0.4308071
0,0,0.5712112,0.6829705,0.14242247
1,1,0.9994267,0.004852137,0.99885345
1,0,0.75658345,0.55498624,0.5131669
0,0,0.94495267,0.2131168,0.88990533
0,1,0.96174145,0.16236968,0.9234829
1,1,0.81305486,0.48176295,0.6261097
0,1,0.9525549,0.19092269,0.90510976
0,0,0.6372504,0.6549838,0.27450082
0,1,0.9997788,0.0020828324,0.9995576
1,1,0.8115386,0.4839843,0.62307715
1,0,0.99134207,0.04973932,0.98268414
0,1,0.80217785,0.4973684,0.6043557
0,1,0.5995149,0.6732079,0.1990298
1,0,0.9724407,0.12615278,0.94488144
1,1,0.81159234,0.4839058,0.6231847
0,1,0.8197958,0.471703,0.6395916
1,1,0.8909946,0.3444308,0.7819892
1,1,0.9995597,0.0038428616,0.9991194
0,1,0.8163504,0.47688267,0.6327008
1,1,0.81550956,0.4781347,0.6310191
0,1,0.9997788,0.0020828324,0.9995576
1,1,0.632971,0.65735555,0.26594198
1,1,0.816098,0.477259,0.63219595
1,1,0.9997396,0.002409628,0.9994792
1,1,0.79834825,0.50268376,0.5966965
1,0,0.6990307,0.61168337,0.3980614
1,1,0.81103086,0.48472476,0.6220617
0,1,0.76245266,0.54823625,0.5249053
1,0,0.93999445,0.2269828,0.8799889
1,1,0.9527913,0.190213,0.90558255
0,0,0.9317605,0.24906114,0.863521
0,1,0.81322795,0.4815084,0.6264559
1,1,0.9996971,0.0027570701,0.9993942
0,0,0.97040206,0.13334182,0.9408041
1,0,0.67751265,0.6287302,0.3550253
1,0,0.6466485,0.6494967,0.29329705
0,1,0.8171793,0.47564375,0.63435864
1,1,0.99971455,0.0026150658,0.9994291
1,0,0.859185,0.4064402,0.71836996
1,1,0.79888034,0.50195074,0.5977607
0,1,0.77812344,0.5292728,0.5562469
0,0,0.9728735,0.12460704,0.945747
1,1,0.541456,0.689706,0.08291197
1,1,0.999724,0.0025380508,0.99944794
1,0,0.9715346,0.12936664,0.9430692
0,1,0.8162897,0.47697318,0.63257945
0,0,0.9434402,0.21739478,0.8868804
1,1,0.6749326,0.63063025,0.3498652
1,1,0.9995684,0.0037755272,0.9991368
1,0,0.5121597,0.6928514,0.02431941
1,1,0.99971455,0.0026150658,0.9994291
1,0,0.58704966,0.6779144,0.17409933
1,0,0.94353384,0.2171313,0.8870677
1,0,0.96670455,0.14601713,0.9334091
0,1,0.8436417,0.43358147,0.6872834
1,0,0.5543836,0.68722034,0.10876715
0,1,0.8168106,0.47619542,0.6336212
0,1,0.8344594,0.44874424,0.66891885
0,1,0.81141883,0.48415908,0.62283766
1,1,0.9995078,0.0042410973,0.99901557
0,0,0.9499569,0.19864215,0.8999138
1,1,0.9994492,0.004683977,0.9988984
1,0,0.9363711,0.23683801,0.8727422
0,0,0.9240135,0.2688559,0.848027
0,1,0.7718728,0.53700346,0.54374564
1,1,0.57280374,0.6825086,0.14560747
0,1,0.7958471,0.5061059,0.59169424
0,1,0.8222238,0.46800464,0.64444757
1,0,0.94092155,0.2244243,0.8818431
0,1,0.98166156,0.0915002,0.9633231
0,0,0.9752248,0.116082296,0.9504496
0,1,0.52371603,0.69202185,0.047432065
1,0,0.9927822,0.042784166,0.98556435
1,0,0.94345987,0.21733949,0.88691974
0,1,0.8186813,0.47338724,0.6373626
0,1,0.79872465,0.5021654,0.5974493
1,1,0.51895976,0.69242805,0.03791952
1,0,0.86535805,0.39511657,0.7307161
1,0,0.8396207,0.44029832,0.6792414
0,1,0.81393236,0.48047054,0.6278647
1,0,0.94314325,0.21822971,0.8862865
1,0,0.9706584,0.13244599,0.94131684
1,1,0.8204492,0.4707117,0.64089835
1,0,0.941264,0.2234754,0.88252795
0,1,0.7668681,0.54303306,0.5337362
0,1,0.8294814,0.45670754,0.65896285
0,1,0.79369366,0.5090215,0.5873873
1,1,0.552433,0.68763864,0.10486603
1,0,0.9838069,0.0828281,0.9676138
1,1,0.9997522,0.00230503,0.99950445
0,1,0.799214,0.5014901,0.598428
0,1,0.8143728,0.47981992,0.62874556
1,0,0.775034,0.5331218,0.550068
1,1,0.99970776,0.0026704404,0.9994155
0,0,0.77976716,0.5272025,0.5595343
1,1,0.81326616,0.48145217,0.6265323
1,0,0.871391,0.38373387,0.742782
1,0,0.6960324,0.6141886,0.3920648
1,0,0.5613935,0.6855898,0.12278697
1,0,0.920138,0.2784322,0.840276
1,0,0.553372,0.6874392,0.10674402
1,0,0.9939444,0.036961716,0.9878888
1,1,0.63346326,0.65708673,0.26692653
0,1,0.8014495,0.49838644,0.60289896
1,0,0.981256,0.09310983,0.962512
0,1,0.81552553,0.47811094,0.63105106
1,0,0.96670455,0.14601713,0.9334091
1,0,0.7785176,0.52877784,0.5570352
1,0,0.60779214,0.6697255,0.21558425
0,1,0.8067805,0.49085772,0.61356103
1,0,0.61560977,0.6661725,0.23121953
1,0,0.6189668,0.6645677,0.23793367
0,1,0.7466502,0.5659854,0.49330044
1,0,0.99196357,0.046769902,0.98392713
0,1,0.87066567,0.38511932,0.74133134
1,0,0.9833456,0.08471601,0.96669126
0,1,0.8041479,0.49459815,0.6082958
1,0,0.50061864,0.69314647,0.0012372732
0,0,0.91346914,0.2944372,0.8269383
0,1,0.60489386,0.6709774,0.20978773
0,0,0.5332869,0.6909295,0.06657383
1,0,0.6189668,0.6645677,0.23793367
0,0,0.9598094,0.16854931,0.91961884
1,1,0.9996691,0.0029827768,0.99933815
0,0,0.9329544,0.24592894,0.86590874
0,1,0.8182286,0.47406894,0.6364572
1,0,0.5252657,0.6918699,0.050531417
1,0,0.7079231,0.6040008,0.41584623
0,1,0.7846927,0.52090406,0.5693854
0,1,0.77889776,0.5282995,0.5577955
0,1,0.5994865,0.6732193,0.19897294
0,1,0.81385094,0.48059064,0.6277019
0,0,0.96014905,0.16747023,0.9202981
0,1,0.81109893,0.48462555,0.62219787
0,0,0.9241519,0.26851,0.8483038
0,0,0.72067636,0.5923134,0.44135273
1,1,0.99967647,0.0029234677,0.99935293
0,1,0.76065326,0.55032575,0.5213065
1,1,0.8193896,0.4723178,0.63877916
0,1,0.78850675,0.5159284,0.5770135
1,0,0.7801089,0.52677006,0.56021786
1,1,0.81461954,0.47945482,0.6292391
1,1,0.9996207,0.0033672324,0.99924135
1,1,0.9996691,0.0029827768,0.99933815
0,1,0.7853025,0.52011436,0.57060504
0,1,0.6163426,0.6658262,0.23268521
1,1,0.81282616,0.48209897,0.6256523
0,1,0.76158863,0.5492418,0.52317727
1,0,0.9331882,0.24531287,0.8663764
0,0,0.5316615,0.69114095,0.06332299
1,1,0.62322086,0.66246533,0.24644172
0,1,0.80606,0.49188584,0.61212003
1,1,0.8022523,0.4972642,0.6045046
1,1,0.9994267,0.004852137,0.99885345
1,1,0.648325,0.6484773,0.29665005
1,0,0.932126,0.24810463,0.864252
1,0,0.9331882,0.24531287,0.8663764
1,0,0.93864256,0.23068634,0.8772851
1,0,0.7760575,0.5318528,0.55211496
1,0,0.9453873,0.2118793,0.8907746
1,1,0.57280374,0.6825086,0.14560747
1,1,0.80122393,0.49870098,0.60244787
0,1,0.78100765,0.52562964,0.5620153
1,1,0.63418317,0.65669173,0.26836634
1,0,0.942318,0.22054115,0.88463604
0,1,0.80001634,0.5003798,0.6000327
1,1,0.81267834,0.48231596,0.6253567
1,0,0.960551,0.16618893,0.92110205
0,1,0.8027896,0.49651077,0.60557926
1,0,0.60779214,0.6697255,0.21558425
0,1,0.7735859,0.534907,0.54717183
0,1,0.5739629,0.68216586,0.14792585
1,0,0.9918957,0.047096558,0.98379135
1,1,0.99970776,0.0026704404,0.9994155
1,1,0.8038728,0.49498644,0.60774565
1,0,0.981256,0.09310983,0.962512
1,1,0.5415037,0.6896981,0.083007455
1,0,0.7046444,0.60687757,0.40928876
0,1,0.809635,0.4867518,0.61926997
1,0,0.9936511,0.038450904,0.9873022
1,0,0.8683614,0.38948977,0.7367228
0,1,0.52375656,0.69201803,0.047513127
0,1,0.81836796,0.47385925,0.6367359
0,0,0.5112703,0.69289315,0.0225406
1,1,0.99971455,0.0026150658,0.9994291
1,0,0.7960863,0.50578034,0.5921726
1,1,0.7984568,0.50253433,0.5969136
0,0,0.5505452,0.6880288,0.10109046
1,0,0.6256469,0.6612319,0.25129378
0,1,0.8072146,0.4902367,0.61442924
1,0,0.7079231,0.6040008,0.41584623
0,1,0.80774087,0.48948216,0.61548173
1,1,0.75288385,0.5591447,0.5057677
1,0,0.93721384,0.23456593,0.8744277
1,0,0.92612654,0.26354504,0.8522531
0,1,0.7866945,0.5183034,0.57338905
1,0,0.8396207,0.44029832,0.6792414
0,1,0.8139933,0.4803806,0.62798655
0,0,0.8867069,0.35334545,0.7734138
1,0,0.993912,0.037127137,0.98782396
1,1,0.99971455,0.0026150658,0.9994291
1,0,0.978678,0.10314042,0.957356
0,1,0.63332975,0.6571597,0.2666595
1,0,0.9280352,0.25869188,0.8560704
1,1,0.81354696,0.48103878,0.6270939
1,0,0.6990307,0.61168337,0.3980614
1,0,0.9883975,0.0632419,0.97679496
1,1,0.8023146,0.49717695,0.60462916
1,1,0.9997522,0.00230503,0.99950445
0,1,0.81631494,0.47693557,0.6326299
0,1,0.70444334,0.6070523,0.40888667
1,1,0.81680954,0.476197,0.63361907
1,1,0.79562485,0.50640815,0.5912497
0,1,0.81409705,0.48022735,0.6281941
1,1,0.7928476,0.5101593,0.58569515
0,1,0.52466583,0.6919299,0.049331665
1,1,0.6381198,0.6544923,0.27623963
1,1,0.99975854,0.0022524914,0.9995171
1,0,0.58704966,0.6779144,0.17409933
1,0,0.50061864,0.69314647,0.0012372732
1,1,0.9994492,0.004683977,0.9988984
1,1,0.94207597,0.2212168,0.88415194
0,1,0.7866606,0.5183476,0.5733212
1,1,0.8141781,0.48010764,0.6283562
1,1,0.81579596,0.47770876,0.6315919
1,0,0.94194627,0.22157833,0.88389254
1,1,0.79990345,0.5005362,0.5998069
1,0,0.8528563,0.41772243,0.70571256
1,0,0.9499974,0.19852279,0.89999485
0,0,0.97150517,0.12947056,0.94301033
0,1,0.80269986,0.4966368,0.6053997
0,1,0.78789485,0.5167325,0.5757897
1,0,0.98240626,0.08852044,0.9648125
0,1,0.7690277,0.54044855,0.5380554
1,1,0.8117872,0.48362112,0.6235744
1,0,0.99785197,0.0153416535,0.99570394
0,0,0.9289965,0.25622702,0.857993
1,0,0.94287944,0.21897005,0.8857589
1,1,0.8112375,0.48442358,0.622475
0,1,0.51844347,0.69246674,0.03688693
0,1,0.8146168,0.47945887,0.6292336
0,0,0.66221154,0.6395577,0.32442304
1,1,0.63418305,0.6566918,0.2683661
1,0,0.71085274,0.60138637,0.4217055
1,0,0.978678,0.10314042,0.957356
0,1,0.7909011,0.5127603,0.58180225
0,1,0.8129656,0.4818942,0.62593114
0,1,0.6206279,0.6637559,0.24125576
1,0,0.99588525,0.02670938,0.9917705
0,1,0.6081351,0.669575,0.21627021
1,1,0.9995684,0.0037755272,0.9991368
0,1,0.9716709,0.128885,0.94334185
1,1,0.9996049,0.003491323,0.99920976
1,1,0.80111444,0.4988536,0.6022289
1,0,0.94166946,0.22234903,0.8833389
0,1,0.816261,0.47701603,0.632522
1,1,0.81070346,0.48520136,0.6214069
0,0,0.9694411,0.13667952,0.93888223
1,0,0.553372,0.6874392,0.10674402
1,1,0.8146861,0.47935623,0.62937224
0,1,0.9997788,0.0020828324,0.9995576
0,1,0.77805144,0.52936316,0.5561029
1,0,0.89763504,0.33024848,0.7952701
1,1,0.8065594,0.49117362,0.61311877
1,1,0.6465418,0.64956117,0.29308355
1,0,0.67338014,0.6317589,0.3467603
0,1,0.80209875,0.49747914,0.6041975
1,1,0.7972798,0.5041504,0.59455955
1,1,0.99978787,0.0020063939,0.99957573
1,1,0.80102885,0.49897283,0.6020577
0,1,0.79846674,0.5025207,0.5969335
1,0,0.933087,0.24557967,0.866174
0,1,0.8043011,0.49438173,0.60860217
1,0,0.9950468,0.031231044,0.9900936
1,1,0.7819333,0.5244501,0.5638666
0,0,0.6428864,0.65173936,0.28577283
1,0,0.9555103,0.18195905,0.91102064
0,1,0.8179444,0.4744962,0.6358888
0,1,0.7668681,0.54303306,0.5337362
0,1,0.70869774,0.60331357,0.41739547
0,1,0.8089489,0.48774353,0.61789775
1,1,0.99954945,0.0039219665,0.9990989
1,1,0.6500609,0.64740896,0.30012178
1,1,0.63330305,0.65717435,0.2666061
1,0,0.6795998,0.62717074,0.35919964
0,0,0.9547524,0.1842769,0.9095048
1,0,0.6189668,0.6645677,0.23793367
1,0,0.67338014,0.6317589,0.3467603
1,0,0.9559204,0.18069941,0.9118408
1,1,0.8130764,0.4817313,0.62615275
1,1,0.9997454,0.0023613544,0.99949086
0,1,0.8165095,0.47664523,0.633019
0,1,0.813122,0.4816643,0.62624395
0,1,0.77200925,0.5368371,0.5440185
1,1,0.99977905,0.0020808259,0.9995581
0,1,0.57332236,0.682356,0.14664471
0,1,0.8216795,0.46883723,0.64335895
0,1,0.53078717,0.69125026,0.06157434
0,0,0.96489406,0.15206563,0.9297881
0,1,0.58657986,0.6780791,0.17315972
0,0,0.6373308,0.65493846,0.27466157
0,1,0.57375205,0.6822287,0.14750409
1,0,0.9889256,0.06088227,0.97785115
0,1,0.5815409,0.6797898,0.16308177
0,1,0.7999281,0.50050205,0.59985626
1,1,0.7902141,0.5136728,0.58042824
1,0,0.8771921,0.37248248,0.75438416
0,1,0.8030543,0.49613902,0.60610855
1,0,0.9139743,0.293245,0.8279486
1,1,0.8706444,0.3851599,0.7412888
1,0,0.87415195,0.37841713,0.7483039
0,1,0.80627006,0.49158645,0.6125401
0,1,0.7500577,0.5622717,0.5001154
1,1,0.9997762,0.0021048896,0.99955237
1,0,0.9427263,0.21939908,0.8854526
0,1,0.9997799,0.0020738002,0.99955976
1,0,0.941767,0.22207764,0.88353395
1,0,0.94767016,0.20531902,0.8953403
0,1,0.9567519,0.17813289,0.91350377
1,1,0.9997212,0.0025605056,0.99944246
0,1,0.9997788,0.0020828324,0.9995576
1,1,0.99968386,0.0028639894,0.9993677
0,1,0.81154644,0.48397282,0.6230929
0,0,0.7481211,0.56438994,0.49624217
1,1,0.999724,0.0025380508,0.99944794
1,1,0.8166746,0.47639868,0.6333492
0,1,0.7273665,0.5858606,0.454733
0,1,0.8025362,0.49686635,0.6050724
1,1,0.8116069,0.48388457,0.62321377
0,1,0.78672206,0.5182674,0.5734441
1,1,0.81211644,0.48313951,0.6242329
1,0,0.9072347,0.30888942,0.81446946
0,1,0.5716035,0.68285775,0.14320695
1,0,0.5613935,0.6855898,0.12278697
1,1,0.9997652,0.002196799,0.99953043
0,1,0.7102065,0.6019667,0.42041302
1,1,0.8144239,0.47974426,0.62884784
1,0,0.95209646,0.1922954,0.9041929
1,0,0.9339665,0.24325584,0.86793303
1,1,0.6145532,0.66666776,0.22910643
0,1,0.7524811,0.55959296,0.5049622
1,1,0.8120362,0.4832569,0.62407243
1,1,0.63418317,0.65669173,0.26836634
0,1,0.80658025,0.49114382,0.6131605
1,0,0.99134207,0.04973932,0.98268414
1,1,0.80691475,0.49066582,0.6138295
1,1,0.8127191,0.4822561,0.6254382
1,1,0.625988,0.66105646,0.251976
0,1,0.8132988,0.48140413,0.62659764
1,1,0.9997008,0.0027271076,0.99940157
1,0,0.938603,0.2307943,0.87720597
0,1,0.9997788,0.0020828324,0.9995576
1,1,0.79712516,0.5043621,0.5942503
0,1,0.81151503,0.48401868,0.62303007
0,1,0.8107508,0.48513246,0.62150156
1,1,0.81533724,0.4783907,0.6306745
0,1,0.8211261,0.46968162,0.6422522
1,0,0.94619805,0.20956126,0.8923961
1,0,0.92975056,0.25428373,0.8595011
1,0,0.96515566,0.15119782,0.9303113
1,1,0.8784498,0.37000233,0.7568996
1,1,0.99971455,0.0026150658,0.9994291
1,0,0.9499974,0.19852279,0.89999485
1,1,0.81324065,0.48148972,0.6264813
1,0,0.9938287,0.037550718,0.9876574
0,1,0.5066346,0.69305915,0.013269186
0,1,0.5733223,0.682356,0.14664459
1,1,0.999724,0.0025380508,0.99944794
1,0,0.7546676,0.55714893,0.50933516
0,0,0.9351307,0.24016047,0.87026143
0,1,0.8170637,0.47581688,0.6341274
1,0,0.87340975,0.37985316,0.7468195
1,1,0.79700404,0.50452775,0.5940081
0,1,0.8218073,0.46864185,0.64361465
1,1,0.6016672,0.67232984,0.20333445
0,1,0.8113602,0.48424467,0.62272036
0,1,0.5074391,0.6930365,0.014878154
0,1,0.9533766,0.18845043,0.9067532
1,0,0.96782523,0.14222239,0.93565047
1,1,0.9994492,0.004683977,0.9988984
0,1,0.81271714,0.482259,0.6254343
1,0,0.83014584,0.45565492,0.6602917
0,0,0.5994971,0.67321503,0.19899413
1,0,0.993912,0.037127137,0.98782396
1,0,0.97067076,0.1324028,0.9413415
0,0,0.57589865,0.6815814,0.15179732
1,0,0.97299784,0.12416178,0.9459957
1,1,0.8023448,0.49713463,0.6046896
0,1,0.82075995,0.47023916,0.6415199
0,0,0.50614727,0.6930716,0.012294531
0,1,0.61710334,0.6654644,0.23420668
0,1,0.7912884,0.51224464,0.58257675
0,1,0.8036773,0.49526215,0.60735464
1,0,0.5651103,0.68464434,0.13022065
1,1,0.9994267,0.004852137,0.99885345
1,1,0.99963,0.003293877,0.99925995
0,1,0.7730528,0.5355612,0.5461056
0,1,0.7879639,0.51664186,0.57592785
1,0,0.6433945,0.65144014,0.2867889
1,1,0.99978644,0.0020184885,0.9995729
1,0,0.9434513,0.21736363,0.8869026
1,1,0.79730797,0.50411177,0.59461594
1,0,0.9414905,0.22284655,0.88298094
0,1,0.73327225,0.5799769,0.4665445
1,1,0.8198285,0.4716534,0.639657
0,1,0.50388414,0.693117,0.0077682734
0,0,0.62447715,0.6618297,0.24895433
0,0,0.9602751,0.16706885,0.9205502
0,1,0.77227473,0.5365131,0.54454947
1,0,0.9447439,0.21371,0.88948774
0,1,0.77180934,0.5370809,0.5436187
0,1,0.7960985,0.50576377,0.59219694
0,0,0.7105007,0.6017027,0.42100146
1,1,0.8000532,0.5003287,0.60010636
1,1,0.81289905,0.4819919,0.6257981
1,0,0.66709864,0.6362143,0.33419725
1,0,0.9672822,0.14406621,0.93456435
0,1,0.80409503,0.49467283,0.60819006
0,1,0.81293947,0.48193255,0.62587893
1,1,0.63418317,0.65669173,0.26836634
1,1,0.9994267,0.004852137,0.99885345
1,0,0.94252133,0.21997285,0.88504267
0,0,0.50320256,0.6931267,0.0064050853
1,1,0.6183602,0.6648612,0.23672044
0,1,0.7926104,0.5104775,0.5852208
0,1,0.7763559,0.5314816,0.55271184
0,1,0.8045541,0.4940239,0.6091082
0,1,0.8115823,0.48392043,0.62316465
0,0,0.56935966,0.68349457,0.13871935
1,0,0.94667566,0.20818965,0.8933513
0,1,0.89070415,0.3450406,0.7814083
0,0,0.9387915,0.2302798,0.877583
1,0,0.9352226,0.23991513,0.87044525
0,1,0.86018854,0.4046211,0.7203771
1,1,0.81661946,0.47648102,0.6332389
0,1,0.79941535,0.5012119,0.5988307
1,1,0.99970776,0.0026704404,0.9994155
1,0,0.94879735,0.20204121,0.8975947
0,0,0.9606622,0.16583395,0.9213244
1,1,0.8103415,0.48572743,0.62068295
1,0,0.936754,0.23580721,0.873508
1,0,0.94284177,0.21907559,0.88568354
1,1,0.63418317,0.65669173,0.26836634
0,0,0.91200024,0.29788536,0.8240005
1,1,0.81833667,0.47390634,0.63667333
0,1,0.80149615,0.49832132,0.6029923
1,0,0.871391,0.38373387,0.742782
0,1,0.9997577,0.0022594398,0.9995154
1,1,0.99961394,0.0034202253,0.9992279
1,0,0.9451892,0.21244389,0.89037836
0,1,0.6163426,0.6658262,0.23268521
0,1,0.5733223,0.682356,0.14664459
0,1,0.8141116,0.4802059,0.6282232
0,1,0.8164282,0.4767666,0.63285637
1,1,0.67056555,0.6337774,0.3411311
1,0,0.9970651,0.020044172,0.99413025
0,1,0.81145126,0.4841118,0.6229025
1,1,0.5505206,0.6880338,0.1010412
1,0,0.9421831,0.22091796,0.88436615
0,0,0.9558673,0.18086267,0.9117346
0,1,0.8155016,0.47814655,0.63100314
1,1,0.9997396,0.002409628,0.9994792
1,1,0.5587944,0.68621767,0.11758876
0,1,0.7860445,0.5191505,0.57208896
1,0,0.9520507,0.19243224,0.9041014
1,0,0.9912671,0.050094444,0.98253417
0,1,0.9997788,0.0020828324,0.9995576
0,1,0.81145865,0.484101,0.6229173
0,0,0.8446226,0.4319244,0.6892452
1,0,0.5904906,0.6766795,0.18098113
1,0,0.88928664,0.34800416,0.7785733
0,1,0.7444845,0.56831384,0.48896897
0,1,0.8019108,0.49774203,0.60382164
0,1,0.80106825,0.49891794,0.6021365
1,1,0.8176763,0.4748988,0.6353526
0,1,0.62101275,0.6635661,0.2420255
0,0,0.55168784,0.6877943,0.10337564
0,1,0.923885,0.26917678,0.84777
1,1,0.7764851,0.5313208,0.5529702
1,1,0.5227072,0.6921156,0.045414448
1,0,0.9871458,0.06873961,0.97429156
0,1,0.7664745,0.5435013,0.532949
0,1,0.7545583,0.5572717,0.50911665
1,1,0.9996691,0.0029827768,0.99933815
1,1,0.8028275,0.49645764,0.60565495
1,0,0.9889256,0.06088227,0.97785115
1,0,0.9771538,0.108918466,0.95430756
0,1,0.8126958,0.48229033,0.6253916
0,0,0.9649227,0.15197071,0.92984545
1,0,0.9453873,0.2118793,0.8907746
1,1,0.8169371,0.47600627,0.6338742
0,1,0.5307871,0.69125026,0.06157422
1,1,0.6172117,0.66541266,0.2344234
1,1,0.8136261,0.48092213,0.6272522
1,0,0.58704966,0.6779144,0.17409933
0,1,0.7809345,0.5257226,0.561869
1,1,0.999371,0.0052654576,0.998742
0,1,0.76724935,0.5425787,0.5344987
0,1,0.8142998,0.47992778,0.62859964
0,0,0.94989467,0.1988253,0.89978933
1,1,0.9995597,0.0038428616,0.9991194
0,1,0.782856,0.5232694,0.565712
1,1,0.81147736,0.48407364,0.6229547
1,0,0.96360576,0.1563105,0.9272115
0,1,0.81497025,0.47893524,0.6299405
0,1,0.77294934,0.535688,0.5458987
1,0,0.84437,0.43235183,0.68874
0,1,0.6328046,0.65744615,0.26560915
0,1,0.5997137,0.67312765,0.19942737
0,0,0.60076666,0.6726996,0.20153335
0,1,0.52715427,0.6916717,0.054308534
1,0,0.67639434,0.6295575,0.35278872
1,0,0.93611115,0.23753637,0.8722223
1,0,0.9235427,0.27003047,0.84708536
1,1,0.9997454,0.0023613544,0.99949086
1,1,0.81134474,0.48426718,0.6226895
0,1,0.80278295,0.49652016,0.6055659
0,1,0.8139959,0.48037672,0.6279918
0,1,0.5616055,0.68553734,0.123211026
1,0,0.9342787,0.24242787,0.86855745
0,1,0.80393064,0.49490488,0.6078613
0,0,0.5994971,0.67321503,0.19899413
1,0,0.98030627,0.09684477,0.96061254
1,0,0.5613935,0.6855898,0.12278697
1,1,0.8115507,0.48396665,0.62310135
1,1,0.8114864,0.48406047,0.62297285
0,0,0.97127235,0.13029109,0.9425447
0,1,0.9997788,0.0020828324,0.9995576
1,1,0.63418317,0.65669173,0.26836634
1,0,0.9331882,0.24531287,0.8663764
1,1,0.99973804,0.0024224133,0.9994761
0,1,0.8152217,0.4785622,0.63044345
0,1,0.7989513,0.50185275,0.59790266
1,0,0.6960324,0.6141886,0.3920648
0,1,0.77221227,0.5365894,0.54442453
0,1,0.81564337,0.47793576,0.63128674
1,0,0.8876815,0.3513355,0.77536297
1,0,0.9604234,0.16659614,0.9208468
1,0,0.7079231,0.6040008,0.41584623
0,1,0.8046756,0.49385196,0.60935116
0,1,0.812787,0.48215646,0.625574
0,1,0.8172445,0.47554612,0.63448906
0,1,0.56096804,0.68569446,0.12193608
1,1,0.8010389,0.4989588,0.60207784
0,1,0.8376915,0.44347817,0.675383
0,1,0.78508896,0.52039117,0.5701779
1,0,0.96670455,0.14601713,0.9334091
1,1,0.509873,0.69295216,0.019745946
1,0,0.9938868,0.03725511,0.98777366
1,1,0.7991752,0.5015437,0.5983504
1,1,0.99940705,0.0049986076,0.9988141
1,1,0.81426907,0.47997323,0.62853813
0,1,0.8428168,0.43496928,0.68563366
1,0,0.6466485,0.6494967,0.29329705
0,1,0.6415888,0.6524986,0.2831776
0,1,0.546272,0.68885887,0.09254396
0,1,0.8050224,0.49336055,0.61004484
0,0,0.91474307,0.29142454,0.82948613
0,0,0.9734104,0.1226795,0.94682086
0,1,0.78740084,0.51738006,0.5748017
0,1,0.79999816,0.50040495,0.5999963
0,1,0.8265583,0.46130174,0.6531166
0,1,0.51102155,0.69290423,0.022043109
1,1,0.999724,0.0025380508,0.99944794
0,1,0.82979965,0.45620373,0.6595993
1,0,0.9731273,0.123697355,0.9462546
0,1,0.86816967,0.38985136,0.73633933
1,1,0.99970776,0.0026704404,0.9994155
0,1,0.7804735,0.52630806,0.56094694
1,0,0.60779214,0.6697255,0.21558425
1,0,0.94667566,0.20818965,0.8933513
1,0,0.94287807,0.21897386,0.88575613
1,0,0.94324285,0.2179499,0.8864857
1,0,0.7760575,0.5318528,0.55211496
1,0,0.99134207,0.04973932,0.98268414
1,0,0.9349821,0.24055678,0.86996424
0,1,0.7212595,0.59175986,0.44251895
0,1,0.77494663,0.5332298,0.54989326
0,1,0.7932602,0.50960493,0.58652043
1,1,0.6172117,0.66541266,0.2344234
0,1,0.75728333,0.55419123,0.51456666
1,0,0.99785197,0.0153416535,0.99570394
1,0,0.9753406,0.115656644,0.9506812
1,0,0.62395084,0.66209686,0.24790165
1,0,0.96727526,0.14408961,0.9345505
1,1,0.99967647,0.0029234677,0.99935293
0,1,0.8099852,0.48624444,0.61997044
0,1,0.8238102,0.4655664,0.64762044
1,0,0.9805659,0.095828444,0.9611318
1,0,0.5613935,0.6855898,0.12278697
1,1,0.9995252,0.0041082306,0.9990504
0,1,0.8151979,0.47859758,0.63039577
0,1,0.8129784,0.48187536,0.6259568
1,0,0.9413005,0.22337404,0.882601
0,1,0.7884845,0.51595765,0.576969
1,0,0.95295423,0.18972306,0.90590847
1,1,0.9993112,0.0057033487,0.9986224
1,1,0.63418317,0.65669173,0.26836634
1,1,0.81407017,0.48026705,0.62814033
0,1,0.9997788,0.0020828324,0.9995576
1,0,0.9402959,0.2261526,0.88059175
1,0,0.9423231,0.22052707,0.8846462
0,0,0.9549647,0.18362904,0.9099294
1,1,0.9997454,0.0023613544,0.99949086
1,1,0.81302863,0.48180148,0.62605727
0,1,0.80205315,0.49754292,0.6041063
0,1,0.8126741,0.48232216,0.6253482
1,1,0.8114734,0.4840794,0.62294686
0,1,0.8131254,0.4816593,0.62625074
0,1,0.7760607,0.5318488,0.5521214
1,1,0.9997372,0.002429294,0.9994744
1,0,0.9932165,0.04063213,0.986433
0,0,0.95777076,0.17496514,0.9155415
1,1,0.9997459,0.0023574077,0.9994918
0,0,0.9382421,0.23177737,0.87648416
0,1,0.7871485,0.5177103,0.57429695
0,1,0.81662834,0.4764678,0.6332567
0,1,0.7549588,0.55682147,0.5099176
0,1,0.8161182,0.4772289,0.63223636
1,1,0.5815409,0.6797898,0.16308177
1,1,0.63303596,0.6573201,0.26607192
0,1,0.82404846,0.46519879,0.6480969
1,0,0.9425825,0.21980178,0.885165
1,0,0.6433945,0.65144014,0.2867889
1,1,0.9994492,0.004683977,0.9988984
0,1,0.75673205,0.5548177,0.5134641
0,0,0.96948606,0.13652413,0.9389721
0,1,0.6038123,0.6714356,0.20762455
0,1,0.5284923,0.6915227,0.056984544
1,1,0.8112603,0.48439038,0.62252057
1,1,0.8171747,0.47565073,0.63434935
1,0,0.9102381,0.30198666,0.8204762
1,1,0.9995078,0.0042410973,0.99901557
0,0,0.9467211,0.20805892,0.89344215
1,0,0.5836005,0.67910326,0.16720104
1,1,0.9996226,0.0033522039,0.99924517
1,0,0.9942243,0.035527557,0.9884486
1,0,0.89042175,0.34563267,0.7808435
1,1,0.812886,0.48201108,0.625772
1,0,0.65249896,0.64588594,0.3049979
1,1,0.81691176,0.47604418,0.6338235
1,1,0.64000183,0.6534171,0.28000367
1,1,0.99975854,0.0022524914,0.9995171
0,1,0.6518743,0.6462786,0.3037486
1,1,0.8171279,0.4757208,0.63425577
1,0,0.9429972,0.21863961,0.88599443
1,1,0.79866314,0.50225013,0.5973263
1,0,0.9927643,0.042872325,0.9855286
0,1,0.81765944,0.4749241,0.6353189
0,1,0.85767686,0.40915835,0.7153537
1,1,0.7971683,0.504303,0.5943366
1,1,0.81155163,0.48396525,0.62310326
1,0,0.58704966,0.6779144,0.17409933
1,0,0.99659455,0.022750791,0.9931891
0,0,0.71216035,0.600206,0.42432067
0,1,0.80121493,0.49871355,0.60242987
0,1,0.5688327,0.68364114,0.13766539
0,1,0.5821967,0.67957306,0.16439342
0,1,0.7817649,0.52466506,0.56352985
1,1,0.9997212,0.0025605056,0.99944246
0,1,0.8222818,0.46791583,0.64456356
1,1,0.81196564,0.48336017,0.6239313
1,0,0.5578915,0.68642926,0.11578295
1,0,0.9499974,0.19852279,0.89999485
1,0,0.93647015,0.23657155,0.8729403
1,1,0.9995252,0.0041082306,0.9990504
0,1,0.8114284,0.4841451,0.62285686
1,0,0.8796401,0.36764145,0.7592802
0,1,0.80674624,0.4909067,0.6134925
1,0,0.93999445,0.2269828,0.8799889
1,1,0.9995751,0.0037237543,0.99915016
1,0,0.6433945,0.65144014,0.2867889
1,1,0.62919223,0.6593842,0.25838447
1,1,0.9997309,0.0024813039,0.99946177
0,1,0.5733223,0.682356,0.14664459
1,0,0.9706584,0.13244599,0.94131684
1,0,0.6553756,0.64405525,0.31075117
1,0,0.9724407,0.12615278,0.94488144
1,1,0.81148124,0.48406804,0.6229625
1,1,0.9994753,0.004487453,0.9989506
0,1,0.77636653,0.5314684,0.55273306
1,1,0.81277734,0.48217064,0.6255547
1,1,0.87917614,0.36856323,0.7583523
0,0,0.95475584,0.18426634,0.9095117
1,1,0.8026947,0.49664405,0.60538936
1,1,0.9997038,0.0027024266,0.99940765
1,0,0.963771,0.15576877,0.927542
0,0,0.78986096,0.51414084,0.5797219
1,1,0.6362335,0.65555453,0.27246702
1,0,0.96727526,0.14408961,0.9345505
1,0,0.96219677,0.16089879,0.92439353
1,0,0.85623455,0.41174042,0.7124691
1,1,0.9997309,0.0024813039,0.99946177
1,1,0.99971455,0.0026150658,0.9994291
0,1,0.77671087,0.5310395,0.55342174
0,1,0.81467175,0.47937754,0.6293435
0,0,0.9514785,0.19413866,0.90295696
1,1,0.99961394,0.0034202253,0.9992279
1,0,0.942327,0.22051606,0.88465405
1,1,0.99963117,0.0032844557,0.99926233
1,0,0.9487767,0.20210145,0.89755344
1,1,0.83756214,0.4436904,0.6751243
0,1,0.77223265,0.53656447,0.5444653
1,1,0.5999495,0.67303216,0.19989896
1,1,0.8162571,0.4770218,0.63251424
1,0,0.7079231,0.6040008,0.41584623
0,1,0.9997788,0.0020828324,0.9995576
1,0,0.96667236,0.14612556,0.9333447
0,1,0.80141973,0.49842793,0.60283947
0,1,0.7852444,0.5201897,0.5704888
1,0,0.978678,0.10314042,0.957356
0,0,0.7691524,0.54029846,0.5383048
1,1,0.81166583,0.48379847,0.62333167
0,1,0.7883233,0.5161697,0.57664657
0,1,0.7800111,0.52689385,0.56002223
0,1,0.81754446,0.47509658,0.6350889
0,1,0.8038468,0.4950232,0.60769355
1,1,0.8149804,0.47892022,0.6299608
0,0,0.896438,0.3328397,0.792876
0,1,0.5903867,0.67671746,0.18077338
1,0,0.9499974,0.19852279,0.89999485
1,0,0.64988863,0.64751554,0.29977724
1,1,0.9995372,0.004015944,0.99907446
1,1,0.99971455,0.0026150658,0.9994291
1,0,0.97421336,0.11977625,0.9484267
0,1,0.5472947,0.6886669,0.09458935
1,0,0.92033666,0.27794635,0.8406733
0,1,0.7428585,0.5700457,0.48571706
0,1,0.76558805,0.5445527,0.5311761
0,1,0.75847256,0.5528342,0.5169451
1,1,0.811342,0.48427117,0.622684
1,0,0.67024684,0.6340037,0.3404937
0,1,0.54244983,0.68953884,0.084899664
0,1,0.90391475,0.31639525,0.8078295
1,1,0.99973804,0.0024224133,0.9994761
0,0,0.9500063,0.19849667,0.9000126
1,0,0.5613935,0.6855898,0.12278697
1,0,0.9280208,0.25872874,0.85604155
0,1,0.72992605,0.5833324,0.4598521
1,1,0.57280374,0.6825086,0.14560747
0,0,0.9138137,0.29362428,0.8276274
0,1,0.7720533,0.5367834,0.5441066
1,0,0.75658345,0.55498624,0.5131669
0,0,0.96147203,0.16323744,0.92294407
0,1,0.80171925,0.4980098,0.6034385
0,0,0.948975,0.20152217,0.89795005
0,1,0.6186977,0.66469806,0.2373954
1,0,0.95032555,0.19755554,0.9006511
1,1,0.8887762,0.34906638,0.77755237
1,1,0.99948716,0.0043977397,0.9989743
1,1,0.81357116,0.4810031,0.6271423
0,1,0.7205017,0.5924789,0.44100344
1,0,0.5121597,0.6928514,0.02431941
1,1,0.6172117,0.66541266,0.2344234
0,1,0.50282764,0.6931312,0.0056552887
0,1,0.7936808,0.5090389,0.5873616
1,1,0.81853646,0.47360545,0.6370729
0,1,0.77139777,0.5375819,0.54279554
0,1,0.81396264,0.48042583,0.6279253
1,0,0.553372,0.6874392,0.10674402
0,1,0.8156619,0.4779082,0.6313238
1,0,0.9425507,0.21989068,0.88510144
1,0,0.8466027,0.4285571,0.69320536
0,1,0.78479606,0.5207704,0.5695921
1,0,0.9868158,0.07016772,0.9736316
0,1,0.9997788,0.0020828324,0.9995576
1,1,0.7996519,0.5008846,0.59930384
1,0,0.96901757,0.13814078,0.93803513
1,0,0.89948565,0.32621166,0.7989713
1,0,0.94713366,0.20687002,0.8942673
0,1,0.8157422,0.47778875,0.6314844
1,1,0.62093663,0.6636037,0.24187326
0,1,0.80766344,0.48959333,0.6153269
1,1,0.7970334,0.5044876,0.59406686
0,1,0.80161226,0.49815923,0.6032245
0,1,0.79893994,0.5018685,0.5978799
1,1,0.6331964,0.6572325,0.26639283
0,1,0.81801486,0.47439033,0.6360297
1,0,0.9491713,0.20094804,0.8983426
1,1,0.8114995,0.4840414,0.62299895
0,1,0.7873096,0.5174995,0.5746192
1,0,0.96446157,0.15349606,0.92892313
1,0,0.9943326,0.03496889,0.9886652
1,1,0.5095141,0.6929661,0.019028187
0,1,0.8035884,0.49538743,0.6071768
0,1,0.8015722,0.49821514,0.6031444
1,0,0.9883137,0.06361407,0.97662735
0,1,0.8136727,0.48085344,0.62734544
0,0,0.8899312,0.34665918,0.7798624
1,0,0.96515566,0.15119782,0.9303113
1,0,0.6563276,0.6434414,0.31265518
0,0,0.9269811,0.2613788,0.8539622
1,0,0.97602075,0.11314557,0.9520415
0,0,0.57960355,0.6804196,0.15920708
1,0,0.9408257,0.22468944,0.8816514
0,1,0.5599583,0.68593985,0.11991656
0,1,0.60414433,0.67129546,0.20828867
1,1,0.9994753,0.004487453,0.9989506
0,1,0.7879576,0.51665014,0.5759152
1,1,0.8117532,0.48367077,0.6235064
0,0,0.9460814,0.20989555,0.8921628
1,0,0.9970651,0.020044172,0.99413025
1,0,0.9399726,0.22704296,0.87994516
1,0,0.94155943,0.222655,0.88311887
1,1,0.6381198,0.6544923,0.27623963
0,1,0.8020878,0.49749446,0.60417557
0,1,0.8152428,0.47853088,0.63048565
1,1,0.9996226,0.0033522039,0.99924517
0,1,0.8162507,0.4770314,0.63250136
0,0,0.66284883,0.6391278,0.32569766
1,1,0.6022932,0.67207086,0.20458639
1,1,0.6163426,0.6658262,0.23268521
1,1,0.9996971,0.0027570701,0.9993942
0,1,0.59924257,0.6733176,0.19848514
0,0,0.95445496,0.18518284,0.9089099
0,1,0.81319577,0.48155576,0.62639153
1,0,0.5121597,0.6928514,0.02431941
0,1,0.5733223,0.682356,0.14664459
1,0,0.94218403,0.22091527,0.88436806
0,1,0.81416184,0.4801317,0.6283237
0,1,0.7856314,0.51968753,0.57126284
1,1,0.9994267,0.004852137,0.99885345
0,1,0.7836383,0.52226436,0.5672766
1,0,0.7079231,0.6040008,0.41584623
1,1,0.5415037,0.6896981,0.083007455
1,0,0.97069126,0.13233103,0.9413825
0,1,0.7504819,0.56180507,0.5009638
0,1,0.6212353,0.66345614,0.24247062
1,0,0.90179247,0.3211266,0.80358493
0,1,0.79396826,0.5086513,0.5879365
1,1,0.81534433,0.4783802,0.63068867
1,1,0.62146705,0.6633414,0.24293411
1,0,0.9843478,0.080597416,0.96869564
1,1,0.9232125,0.27085227,0.84642506
1,1,0.59906656,0.67338836,0.19813311
1,1,0.55503947,0.6870762,0.11007893
1,0,0.8396207,0.44029832,0.6792414
1,0,0.7546676,0.55714893,0.50933516
1,0,0.9421653,0.22096753,0.88433063
1,1,0.8014091,0.49844274,0.60281825
1,1,0.5367807,0.6904391,0.07356143
0,1,0.8128252,0.48210037,0.6256504
1,1,0.9997762,0.0021048896,0.99955237
1,1,0.57280374,0.6825086,0.14560747
1,1,0.9997212,0.0025605056,0.99944246
1,1,0.99968266,0.0028735946,0.9993653
0,0,0.93217844,0.24796723,0.8643569
1,1,0.7972792,0.5041512,0.59455836
1,0,0.65222013,0.6460614,0.30444026
1,1,0.9996971,0.0027570701,0.9993942
1,0,0.50061864,0.69314647,0.0012372732
1,1,0.9995958,0.0035622125,0.99919164
1,1,0.63418317,0.65669173,0.26836634
1,0,0.9941139,0.036094703,0.98822784
0,1,0.9997788,0.0020828324,0.9995576
0,0,0.71016544,0.6020035,0.42033088
0,1,0.8165747,0.4765479,0.6331494
1,1,0.8167698,0.47625643,0.63353956
1,0,0.9130839,0.29534414,0.8261678
0,0,0.93239707,0.24739388,0.86479414
0,0,0.89609057,0.3335889,0.79218113
1,1,0.81689316,0.476072,0.6337863
0,0,0.630158,0.65887153,0.260316
0,1,0.76998866,0.5392901,0.5399773
0,1,0.81244016,0.4826653,0.6248803
0,1,0.8152009,0.47859305,0.63040185
1,1,0.9996755,0.0029311301,0.999351
1,1,0.9996207,0.0033672324,0.99924135
0,1,0.81573963,0.4777926,0.63147926
1,1,0.63418317,0.65669173,0.26836634
0,0,0.5994971,0.67321503,0.19899413
1,1,0.8118118,0.48358512,0.6236236
1,1,0.63418317,0.65669173,0.26836634
1,1,0.81185085,0.48352808,0.6237017
1,0,0.9338604,0.24353683,0.86772084
0,0,0.55492127,0.6871023,0.10984254
0,0,0.9242549,0.26825237,0.8485098
1,1,0.99971455,0.0026150658,0.9994291
0,1,0.63332975,0.6571597,0.2666595
1,1,0.9998091,0.0018258209,0.9996182
0,0,0.943667,0.21675612,0.887334
0,1,0.61223984,0.66773564,0.22447968
1,0,0.50061864,0.69314647,0.0012372732
1,1,0.64024013,0.6532799,0.28048027
1,1,0.999724,0.0025380508,0.99944794
1,1,0.63418317,0.65669173,0.26836634
0,1,0.7954315,0.50667083,0.590863
1,1,0.7994071,0.50122327,0.59881425
1,1,0.9996971,0.0027570701,0.9993942
0,1,0.81195307,0.48337856,0.62390614
0,1,0.81307113,0.48173904,0.62614226
0,1,0.8129698,0.48188794,0.6259396
1,0,0.9585585,0.17249863,0.917117
0,1,0.81363755,0.48090526,0.6272751
1,1,0.999663,0.0030314396,0.999326
0,1,0.81452096,0.47960073,0.6290419
1,0,0.89153326,0.34329763,0.7830665
1,1,0.9997372,0.002429294,0.9994744
1,1,0.99954945,0.0039219665,0.9990989
1,0,0.85623455,0.41174042,0.7124691
0,1,0.81043154,0.4855966,0.6208631
1,1,0.8318177,0.45299232,0.6636354
1,0,0.9170376,0.28594562,0.8340752
0,1,0.80226094,0.4972521,0.6045219
1,1,0.99961394,0.0034202253,0.9992279
1,1,0.82175946,0.468715,0.6435189
0,1,0.7833306,0.5226601,0.56666124
0,1,0.81578755,0.47772127,0.6315751
1,0,0.9953029,0.029866332,0.99060583
1,0,0.98578733,0.074566565,0.97157466
0,1,0.63221824,0.65776455,0.26443648
1,0,0.9954383,0.029139236,0.99087656
1,1,0.9996971,0.0027570701,0.9993942
1,1,0.87276894,0.38108897,0.7455379
0,1,0.7255785,0.58760715,0.45115697
0,1,0.7354465,0.577766,0.47089303
1,0,0.7760575,0.5318528,0.55211496
0,1,0.8209192,0.46999678,0.64183843
0,0,0.6871943,0.62132716,0.37438858
1,0,0.68268627,0.624828,0.36537254
0,1,0.8142068,0.48006526,0.62841356
1,0,0.97364897,0.12181958,0.94729793
1,0,0.9706584,0.13244599,0.94131684
1,0,0.97069126,0.13233103,0.9413825
0,0,0.6376832,0.65473956,0.27536643
1,0,0.50061864,0.69314647,0.0012372732
0,1,0.78789073,0.51673794,0.57578146
1,0,0.859185,0.4064402,0.71836996
1,0,0.98787546,0.06555055,0.9757509
0,1,0.8162498,0.47703272,0.6324996
0,0,0.53507674,0.69068444,0.070153445
1,0,0.5121597,0.6928514,0.02431941
1,1,0.63418305,0.6566918,0.2683661
1,1,0.8198204,0.47166568,0.6396408
0,1,0.5933798,0.6756048,0.18675959
1,0,0.7546676,0.55714893,0.50933516
1,1,0.63418317,0.65669173,0.26836634
1,0,0.97117877,0.13062052,0.94235754
0,0,0.5994971,0.67321503,0.19899413
1,1,0.7971591,0.5043156,0.59431815
1,0,0.7546676,0.55714893,0.50933516
0,1,0.5548411,0.68711996,0.1096822
1,0,0.93834955,0.23148485,0.8766991
0,1,0.81943804,0.47224453,0.6388761
1,0,0.60779214,0.6697255,0.21558425
0,1,0.8145693,0.47952917,0.6291386
1,0,0.5081042,0.6930158,0.01620841
1,0,0.6189668,0.6645677,0.23793367
1,0,0.58704966,0.6779144,0.17409933
1,0,0.986182,0.07288791,0.97236395
0,1,0.919903,0.27900624,0.83980596
0,1,0.8138886,0.48053506,0.6277772
1,0,0.6530839,0.64551663,0.30616787
0,1,0.5994865,0.6732193,0.19897294
0,1,0.7801109,0.5267676,0.5602218
0,1,0.8129636,0.48189706,0.6259272
0,1,0.7971509,0.5043268,0.5943018
1,0,0.62745655,0.6602955,0.25491312
0,0,0.5440327,0.6892644,0.088065356
1,0,0.7710795,0.5379687,0.54215896
0,0,0.9672776,0.14408171,0.9345552
1,1,0.8128823,0.4820165,0.6257646
1,1,0.63418317,0.65669173,0.26836634
0,1,0.81633234,0.4769096,0.6326647
0,1,0.791858,0.5114845,0.58371603
1,1,0.6172117,0.66541266,0.2344234
0,1,0.8112722,0.48437297,0.6225444
1,0,0.69671786,0.6136196,0.3934357
1,1,0.5617375,0.6855047,0.123474956
1,0,0.96219677,0.16089879,0.92439353
1,0,0.94667566,0.20818965,0.8933513
1,0,0.9078942,0.307383,0.8157884
0,1,0.7988733,0.5019604,0.5977466
1,1,0.8115433,0.48397744,0.6230866
0,0,0.94915885,0.20098458,0.8983177
0,1,0.81278414,0.48216066,0.6255683
0,1,0.81181455,0.48358113,0.6236291
1,0,0.9331882,0.24531287,0.8663764
0,1,0.8053231,0.49293387,0.61064625
1,0,0.52124083,0.6922445,0.04248163
1,0,0.9425607,0.21986286,0.88512135
0,1,0.81695276,0.47598284,0.63390553
0,1,0.8181631,0.47416747,0.6363262
1,1,0.6400549,0.6533866,0.28010976
1,1,0.99971455,0.0026150658,0.9994291
0,1,0.816925,0.47602436,0.63385
0,1,0.7723821,0.53638196,0.54476416
1,1,0.811394,0.48419538,0.62278795
0,1,0.81162274,0.48386142,0.6232455
0,1,0.80316126,0.49598867,0.6063225
1,1,0.99971455,0.0026150658,0.9994291
1,0,0.9850843,0.077529594,0.9701686
1,1,0.9994393,0.004758131,0.9988786
1,1,0.8114111,0.4841704,0.62282217
0,1,0.7885624,0.51585513,0.57712483
0,1,0.8164532,0.47672924,0.63290644
1,0,0.67178893,0.6329045,0.3435779
1,1,0.8107356,0.48515463,0.62147117
0,0,0.6163904,0.66580355,0.23278081
0,1,0.63332975,0.6571597,0.2666595
0,0,0.92831504,0.25797576,0.8566301
0,1,0.8146359,0.47943065,0.62927175
0,0,0.62497294,0.6615771,0.24994588
0,0,0.5794698,0.6804626,0.1589396
0,1,0.7986645,0.5022482,0.597329
1,1,0.9993278,0.0055825193,0.99865556
0,1,0.95675176,0.17813325,0.9135035
1,1,0.9996574,0.0030761885,0.9993148
0,1,0.79870874,0.5021873,0.5974175
0,1,0.78956515,0.51453227,0.5791303
1,1,0.7844553,0.5212109,0.5689106
0,1,0.7092771,0.60279775,0.4185542
1,0,0.993912,0.037127137,0.98782396
1,1,0.9997522,0.00230503,0.99950445
1,1,0.79857564,0.50237066,0.5971513
1,1,0.51895976,0.69242805,0.03791952
1,0,0.7234936,0.58962345,0.44698715
0,1,0.8025362,0.49686635,0.6050724
1,1,0.99952686,0.004095457,0.9990537
0,1,0.6047358,0.67104465,0.20947158
1,0,0.97423077,0.11971291,0.94846153
1,0,0.5121597,0.6928514,0.02431941
0,1,0.6169797,0.66552335,0.23395944
0,1,0.80198234,0.497642,0.6039647
1,0,0.7166593,0.5960809,0.43331861
0,1,0.80455446,0.49402338,0.6091089
1,0,0.6521565,0.6461015,0.30431297
0,0,0.5963149,0.6744776,0.19262984
1,0,0.8683614,0.38948977,0.7367228
1,1,0.797242,0.5042022,0.594484
0,1,0.8015875,0.49819374,0.60317504
0,1,0.77462,0.53363335,0.54924
1,0,0.993912,0.037127137,0.98782396
0,0,0.63547534,0.65597713,0.27095068
1,1,0.81165963,0.4838075,0.62331927
1,1,0.99938273,0.005178799,0.99876547
0,1,0.7443189,0.56849086,0.4886378
1,0,0.97012895,0.13429365,0.9402579
0,1,0.7976578,0.5036323,0.5953156
0,1,0.8021054,0.49746978,0.60421085
1,0,0.9889256,0.06088227,0.97785115
0,1,0.7770416,0.53062683,0.5540832
0,1,0.8139395,0.48045993,0.627879
1,0,0.9724407,0.12615278,0.94488144
1,1,0.81278056,0.48216593,0.6255611
0,1,0.7973918,0.50399697,0.59478354
1,1,0.81166553,0.48379892,0.62333107
1,1,0.99971455,0.0026150658,0.9994291
1,0,0.9548409,0.18400693,0.9096818
1,1,0.647188,0.64917,0.29437602
0,1,0.5503789,0.6880625,0.10075784
1,1,0.9992817,0.005917513,0.9985634
0,1,0.7932944,0.509559,0.58658886
1,1,0.9994267,0.004852137,0.99885345
0,1,0.71751064,0.59528905,0.43502128
1,0,0.6534567,0.6452805,0.30691335
0,1,0.80605376,0.49189472,0.6121075
0,1,0.82033366,0.47088718,0.6406673
0,1,0.99975795,0.0022574547,0.9995159
0,1,0.7866949,0.5183029,0.57338977
1,0,0.9139743,0.293245,0.8279486
1,0,0.9948091,0.03248596,0.9896182
0,1,0.8065124,0.49124065,0.61302483
1,1,0.8115519,0.4839648,0.62310386
1,0,0.8466027,0.4285571,0.69320536
1,1,0.60427374,0.67124075,0.20854747
1,0,0.5121597,0.6928514,0.02431941
1,0,0.69603264,0.61418843,0.39206526
1,0,0.9953029,0.029866332,0.99060583
0,1,0.74410737,0.56871676,0.48821473
0,1,0.813901,0.48051676,0.627802
1,1,0.99971455,0.0026150658,0.9994291
1,1,0.7972842,0.5041444,0.5945684
0,1,0.86826855,0.38966492,0.7365371
0,1,0.77101904,0.53804207,0.5420381
1,0,0.9435955,0.21695745,0.88719106
0,1,0.81569564,0.477858,0.6313913
0,1,0.8112946,0.4843403,0.62258923
1,1,0.9996613,0.0030447787,0.99932265
0,0,0.94929355,0.20059007,0.8985871
0,0,0.6304737,0.6587031,0.26094735
0,1,0.75260097,0.5594596,0.50520194
1,0,0.58704966,0.6779144,0.17409933
1,0,0.9757542,0.11413201,0.9515084
1,1,0.99963,0.003293877,0.99925995
1,0,0.9251156,0.26609403,0.8502312
1,1,0.8132772,0.48143595,0.62655437
1,0,0.5121597,0.6928514,0.02431941
1,1,0.8115524,0.4839641,0.6231048
0,0,0.5498193,0.68817496,0.09963858
0,0,0.7097628,0.60236394,0.41952562
0,0,0.9466576,0.20824152,0.8933152
1,0,0.58704966,0.6779144,0.17409933
1,1,0.81272006,0.4822547,0.6254401
1,0,0.94376636,0.216476,0.8875327
1,1,0.8198414,0.4716339,0.63968277
1,0,0.94190097,0.2217046,0.88380194
1,0,0.9506459,0.19660899,0.90129185
0,1,0.8163877,0.476827,0.6327754
1,0,0.94667566,0.20818965,0.8933513
1,1,0.8142145,0.48005384,0.62842906
0,1,0.6978925,0.6126394,0.39578497
0,0,0.64624566,0.64973974,0.29249132
0,1,0.785921,0.5193112,0.57184196
0,1,0.9997788,0.0020828324,0.9995576
1,0,0.993912,0.037127137,0.98782396
1,1,0.8002291,0.5000847,0.60045815
0,1,0.81321293,0.48153052,0.62642586
1,0,0.9424213,0.22025259,0.88484263
0,1,0.7564137,0.55517864,0.5128274
1,0,0.6563275,0.64344144,0.312655
0,0,0.5249193,0.6919048,0.049838573
0,1,0.8193022,0.47244996,0.6386044
0,1,0.81298465,0.48186612,0.6259693
1,0,0.94509137,0.21272227,0.89018273
1,1,0.7818881,0.5245078,0.56377625
1,0,0.9648448,0.15222888,0.92968965
1,1,0.8130853,0.48171818,0.62617064
0,1,0.5987078,0.6735321,0.19741559
1,0,0.95198065,0.19264154,0.9039613
1,1,0.99973804,0.0024224133,0.9994761
1,0,0.7079231,0.6040008,0.41584623
1,0,0.94887465,0.20181552,0.8977493
1,0,0.5578915,0.68642926,0.11578295
1,0,0.553372,0.6874392,0.10674402
0,1,0.77919453,0.5279255,0.55838907
1,1,0.9997038,0.0027024266,0.99940765
0,1,0.79910046,0.50164694,0.5982009
1,0,0.87552094,0.37575522,0.7510419
1,0,0.5121597,0.6928514,0.02431941
1,1,0.8117498,0.48367572,0.62349963
0,0,0.5263305,0.69175994,0.052660972
0,1,0.95167965,0.1935396,0.9033593
0,1,0.81275415,0.48220468,0.6255083
1,1,0.5728037,0.68250865,0.14560735
0,0,0.9492324,0.20076923,0.8984648
0,1,0.79321873,0.5096607,0.58643746
0,1,0.81316143,0.48160625,0.62632287
1,1,0.8199931,0.471404,0.63998616
1,1,0.6334365,0.6571014,0.266873
1,1,0.99952686,0.004095457,0.9990537
0,1,0.8157555,0.47776896,0.631511
0,1,0.57131344,0.6829412,0.14262688
1,1,0.8012866,0.49861366,0.60257316
1,1,0.63418317,0.65669173,0.26836634
1,1,0.7972839,0.5041448,0.5945678
0,1,0.6344102,0.65656674,0.2688204
1,1,0.8167524,0.47628248,0.63350475
1,0,0.75016886,0.5621495,0.5003377
0,1,0.81408036,0.48025203,0.6281607
1,1,0.9996971,0.0027570701,0.9993942
0,0,0.9651667,0.15116125,0.9303334
0,0,0.61171573,0.6679744,0.22343147
0,1,0.54752165,0.6886238,0.0950433
1,0,0.50061864,0.69314647,0.0012372732
1,1,0.81715727,0.47567677,0.63431454
0,1,0.55673397,0.6866958,0.11346793
1,1,0.81212986,0.48311985,0.6242597
1,1,0.8012902,0.4986086,0.6025804
0,1,0.80151147,0.49829993,0.60302293
1,0,0.96247035,0.16001214,0.9249407
0,1,0.73507017,0.57815045,0.47014034
0,0,0.9460754,0.20991275,0.89215076
1,1,0.5824356,0.67949367,0.16487122
0,1,0.8010643,0.49892342,0.6021286
1,1,0.62146705,0.6633414,0.24293411
1,0,0.993912,0.037127137,0.98782396
1,0,0.92975056,0.25428373,0.8595011
1,1,0.8114285,0.484145,0.622857
1,1,0.9997212,0.0025605056,0.99944246
1,0,0.9426711,0.21955365,0.88534224
1,1,0.9997309,0.0024813039,0.99946177
1,1,0.60427374,0.67124075,0.20854747
0,0,0.95567644,0.1814492,0.9113529
1,0,0.9978343,0.01544986,0.99566865
1,1,0.80309665,0.49607947,0.6061933
1,1,0.9992817,0.005917513,0.9985634
0,0,0.95010364,0.19821,0.9002073
0,1,0.80001277,0.5003847,0.60002553
1,0,0.98309183,0.08574903,0.96618366
1,1,0.81295013,0.48191684,0.62590027
0,1,0.8165006,0.47665852,0.6330012
1,0,0.99928147,0.005919109,0.99856293
1,0,0.6189668,0.6645677,0.23793367
1,1,0.9993278,0.0055825193,0.99865556
1,1,0.63418317,0.65669173,0.26836634
1,1,0.9995252,0.0041082306,0.9990504
1,0,0.7206416,0.5923463,0.44128326
0,1,0.78814095,0.5164094,0.5762819
1,1,0.5234634,0.6920457,0.046926856
0,0,0.9643212,0.15395917,0.9286424
0,1,0.8052221,0.49307728,0.6104442
1,0,0.5543836,0.68722034,0.10876715
0,0,0.9450223,0.21291885,0.89004457
1,1,0.798092,0.50303614,0.596184
1,1,0.999724,0.0025380508,0.99944794
0,0,0.9683005,0.14060092,0.93660104
0,1,0.78804374,0.5165371,0.5760875
1,0,0.94284135,0.21907681,0.8856827
1,0,0.99748707,0.017553039,0.99497414
0,1,0.80680615,0.49082106,0.6136123
0,1,0.81450456,0.479625,0.6290091
1,1,0.8371707,0.44433182,0.67434144
0,1,0.7653565,0.54482657,0.53071296
1,1,0.99975854,0.0022524914,0.9995171
0,1,0.81460786,0.4794721,0.6292157
1,0,0.9402959,0.2261526,0.88059175
1,0,0.9918957,0.047096558,0.98379135
1,0,0.9093396,0.30406305,0.8186792
1,0,0.9780512,0.105529584,0.9561024
0,1,0.5735055,0.68230176,0.14701104
0,1,0.79557776,0.5064722,0.5911555
0,1,0.78856635,0.51584995,0.5771327
1,0,0.6433945,0.65144014,0.2867889
0,0,0.528808,0.6914865,0.057616025
1,1,0.9996971,0.0027570701,0.9993942
1,1,0.811837,0.48354828,0.62367404
0,0,0.97042716,0.1332542,0.9408543
1,1,0.99977916,0.0020798224,0.9995583
0,1,0.7983746,0.5026475,0.5967492
1,0,0.9770842,0.10917956,0.95416844
1,0,0.6466485,0.6494967,0.29329705
0,1,0.5368767,0.6904249,0.07375336
0,1,0.50510234,0.69309515,0.010204673
1,1,0.9997372,0.002429294,0.9994744
0,1,0.70869875,0.60331273,0.4173975
0,1,0.79824126,0.5028309,0.5964825
1,0,0.94568896,0.21101832,0.8913779
0,1,0.81281465,0.48211583,0.6256293
0,1,0.59510624,0.67494607,0.19021249
1,1,0.99976677,0.0021838434,0.99953353
0,1,0.8169234,0.47602677,0.63384676
0,1,0.8154858,0.47817004,0.63097155
1,0,0.84437,0.43235183,0.68874
1,1,0.63418317,0.65669173,0.26836634
1,1,0.8129467,0.48192194,0.62589335
0,1,0.7354477,0.5777648,0.4708954
1,0,0.52619165,0.69177455,0.052383304
0,0,0.9269834,0.26137295,0.85396683
0,1,0.70517045,0.60641956,0.4103409
1,1,0.8157575,0.47776598,0.631515
1,1,0.99952686,0.004095457,0.9990537
1,1,0.82680076,0.46092293,0.6536015
1,1,0.9995597,0.0038428616,0.9991194
0,1,0.8139351,0.48046643,0.6278702
0,1,0.77545524,0.5326003,0.5509105
0,1,0.54716223,0.688692,0.09432447
1,1,0.99948716,0.0043977397,0.9989743
1,0,0.6289848,0.6594938,0.25796965
1,1,0.6487183,0.6482364,0.2974366
0,1,0.60339385,0.67161155,0.2067877
0,1,0.63373595,0.65693736,0.2674719
1,0,0.9402959,0.2261526,0.88059175
1,0,0.94218284,0.22091866,0.8843657
1,0,0.7960863,0.50578034,0.5921726
1,0,0.94667566,0.20818965,0.8933513
0,1,0.78404045,0.52174634,0.5680809
1,0,0.50061864,0.69314647,0.0012372732
1,0,0.9770842,0.10917956,0.95416844
1,1,0.81661737,0.47648415,0.63323474
1,0,0.94311357,0.21831301,0.88622713
0,1,0.8157187,0.4778237,0.6314374
1,0,0.5543836,0.68722034,0.10876715
0,1,0.6167559,0.66563,0.2335118
0,1,0.81298494,0.4818657,0.6259699
0,1,0.7987195,0.5021724,0.59743905
0,1,0.8028606,0.4964111,0.60572124
1,1,0.8010861,0.49889302,0.60217226
0,0,0.62945,0.65924776,0.25890005
0,1,0.81255037,0.4825037,0.62510073
0,1,0.9997788,0.0020828324,0.9995576
0,1,0.81954163,0.4720878,0.63908327
1,0,0.8466027,0.4285571,0.69320536
1,1,0.8122584,0.4829316,0.62451684
1,0,0.871391,0.38373387,0.742782
1,1,0.9997309,0.0024813039,0.99946177
0,1,0.54179555,0.68964934,0.0835911
0,1,0.77534175,0.53274083,0.5506835
0,1,0.81402665,0.4803313,0.6280533
1,1,0.9997583,0.002254477,0.9995166
0,0,0.6312698,0.65827644,0.2625396
0,0,0.9461159,0.20979662,0.8922318
0,1,0.814615,0.47946155,0.62923
1,1,0.9996568,0.0030809434,0.9993136
0,0,0.5513464,0.68786496,0.10269287
0,1,0.5907213,0.676595,0.18144262
1,0,0.9772896,0.10840776,0.95457923
0,1,0.8341678,0.4492157,0.66833556
1,1,0.99968266,0.0028735946,0.9993653
1,1,0.8179587,0.4744747,0.6359174
0,1,0.8147131,0.47931623,0.62942624
0,1,0.82256144,0.46748716,0.6451229
1,1,0.9997038,0.0027024266,0.99940765
1,1,0.9994267,0.004852137,0.99885345
0,0,0.67330176,0.6318157,0.3466035
1,1,0.8166981,0.4763636,0.63339615
1,0,0.973938,0.12077473,0.947876
1,0,0.993912,0.037127137,0.98782396
1,1,0.79198855,0.51131004,0.5839771
0,1,0.81118166,0.484505,0.6223633
1,1,0.9996568,0.0030809434,0.9993136
1,1,0.7998215,0.5006498,0.599643
1,1,0.798814,0.5020422,0.597628
1,1,0.9997789,0.0020818294,0.99955785
0,0,0.9552109,0.18287627,0.91042185
1,0,0.92552215,0.26507068,0.8510443
0,1,0.75281626,0.55921996,0.5056325
1,0,0.9936563,0.038424682,0.98731256
1,0,0.9120479,0.2977739,0.82409585
1,1,0.8118163,0.48357856,0.62363255
0,1,0.8153497,0.4783722,0.6306994
1,1,0.9420174,0.22138017,0.88403475
1,0,0.9427287,0.21939239,0.8854574
0,0,0.688369,0.6203995,0.37673795
1,1,0.8117009,0.48374724,0.62340176
0,1,0.81610066,0.47725505,0.6322013
1,0,0.9687745,0.1389767,0.937549
1,0,0.7867035,0.51829165,0.57340705
0,1,0.74949574,0.56288844,0.4989915
1,0,0.9486499,0.20247157,0.89729977
0,1,0.80984837,0.48644274,0.61969674
0,1,0.5987078,0.6735321,0.19741559
1,1,0.9996691,0.0029827768,0.99933815
0,1,0.7998099,0.5006659,0.59961975
0,0,0.68166643,0.62560695,0.36333287
0,0,0.69174254,0.6176993,0.38348505
1,1,0.81045836,0.48555765,0.6209167
1,0,0.9447439,0.21371,0.88948774
1,1,0.63418317,0.65669173,0.26836634
0,0,0.95211154,0.19225042,0.9042231
1,0,0.92975056,0.25428373,0.8595011
0,1,0.8127183,0.48225737,0.62543654
1,0,0.9425431,0.219912,0.8850862
0,1,0.75149435,0.5606875,0.5029887
0,1,0.80869395,0.48811123,0.6173879
1,0,0.9454205,0.21178462,0.890841
1,1,0.76571405,0.54440343,0.5314281
0,0,0.94902706,0.20137015,0.8980541
1,0,0.993912,0.037127137,0.98782396
1,1,0.9419721,0.22150645,0.88394415
0,0,0.9751494,0.116359055,0.9502988
0,0,0.9457289,0.21090421,0.8914578
1,1,0.8384663,0.4422044,0.6769326
0,1,0.99976474,0.0022007832,0.9995295
1,1,0.81177926,0.48363268,0.6235585
1,1,0.8131121,0.4816788,0.62622416
0,1,0.7847324,0.52085274,0.5694648
0,1,0.592491,0.6759391,0.18498194
0,1,0.7849684,0.52054733,0.56993675
1,1,0.6501832,0.64733315,0.3003664
0,1,0.57928705,0.6805211,0.1585741
1,0,0.9909815,0.051441103,0.98196304
1,0,0.6990307,0.61168337,0.3980614
1,1,0.9996226,0.0033522039,0.99924517
0,0,0.96663904,0.14623782,0.9332781
0,1,0.8000145,0.5003823,0.600029
0,1,0.81746346,0.47521806,0.6349269
0,1,0.9997788,0.0020828324,0.9995576
0,0,0.68757993,0.6210233,0.37515986
1,0,0.9984307,0.01170115,0.99686146
1,0,0.97012895,0.13429365,0.9402579
0,1,0.8125293,0.4825346,0.62505865
1,0,0.9453873,0.2118793,0.8907746
0,1,0.8169462,0.47599265,0.6338924
0,1,0.8025362,0.49686635,0.6050724
1,0,0.9372188,0.23455258,0.8744376
0,1,0.8026808,0.4966635,0.6053616
1,1,0.9996691,0.0029827768,0.99933815
1,1,0.8028716,0.4963957,0.60574317
0,0,0.950094,0.19823843,0.90018797
1,1,0.8118758,0.48349154,0.62375164
1,1,0.8672812,0.39152253,0.7345624
0,1,0.78958136,0.5145108,0.5791627
0,1,0.8151107,0.47872698,0.63022137
0,1,0.7737081,0.5347568,0.5474162
1,0,0.6545135,0.6446078,0.30902693
0,1,0.8010138,0.49899375,0.60202765
0,1,0.8137927,0.48067653,0.6275854
1,1,0.7998383,0.5006265,0.5996766
0,0,0.64089334,0.6529025,0.28178668
1,0,0.5613935,0.6855898,0.12278697
1,0,0.9422099,0.2208431,0.8844198
1,0,0.9528439,0.19005485,0.9056878
0,0,0.8720646,0.38244307,0.7441292
1,0,0.99046135,0.053870723,0.9809227
1,0,0.9424893,0.22006238,0.88497865
0,1,0.7827584,0.52339447,0.5655168
0,1,0.80873454,0.4880527,0.6174691
0,1,0.51040274,0.69293076,0.020805478
0,1,0.81441146,0.47976267,0.6288229
1,0,0.9139743,0.293245,0.8279486
1,1,0.81206876,0.4832093,0.6241375
1,1,0.8114175,0.48416102,0.62283504
1,0,0.9842429,0.08103146,0.96848583
1,1,0.9997372,0.002429294,0.9994744
0,1,0.8146619,0.47939208,0.62932384
0,1,0.9997788,0.0020828324,0.9995576
1,0,0.6524838,0.6458955,0.30496764
1,0,0.97001034,0.13470615,0.9400207
1,1,0.99969006,0.0028139718,0.9993801
1,0,0.90333384,0.3176954,0.8066677
0,1,0.64020574,0.6532997,0.28041148
0,1,0.8209465,0.4699552,0.641893
0,1,0.74886143,0.56358254,0.49772286
1,0,0.9811809,0.09340698,0.9623618
0,1,0.83289576,0.45126477,0.6657915
1,0,0.52172077,0.6922033,0.043441564
1,1,0.80648494,0.4912799,0.6129699
1,1,0.9997454,0.0023613544,0.99949086
0,0,0.57076573,0.68309784,0.14153144
1,0,0.9838069,0.08282812,0.9676138
1,1,0.8115903,0.48390877,0.6231806
0,1,0.7879731,0.5166298,0.5759462
1,0,0.9430199,0.21857598,0.88603985
0,1,0.8045268,0.4940625,0.6090536
0,1,0.7800111,0.52689385,0.56002223
1,1,0.9996691,0.0029827768,0.99933815
1,0,0.9453873,0.2118793,0.8907746
1,1,0.7885171,0.51591474,0.57703424
0,1,0.7858959,0.5193438,0.57179177
1,0,0.9738191,0.121204995,0.94763815
0,1,0.8285377,0.4581973,0.6570754
1,0,0.61560977,0.6661725,0.23121953
0,1,0.58658034,0.678079,0.17316067
0,1,0.810523,0.48546374,0.62104595
0,1,0.78750336,0.51724577,0.5750067
0,1,0.5686983,0.6836784,0.13739657
1,0,0.99553263,0.02863011,0.99106526
1,0,0.58704966,0.6779144,0.17409933
1,1,0.8019037,0.49775195,0.60380745
0,1,0.80278134,0.49652243,0.6055627
1,1,0.78734106,0.5174583,0.5746821
1,1,0.79913896,0.50159377,0.5982779
1,1,0.99949646,0.0043272194,0.9989929
0,1,0.6163426,0.6658262,0.23268521
0,1,0.67269427,0.6322542,0.34538853
1,1,0.81632215,0.47692478,0.6326443
1,0,0.84806836,0.42604515,0.6961367
0,1,0.7317069,0.5815537,0.46341383
1,0,0.87415195,0.37841713,0.7483039
0,1,0.812548,0.48250723,0.62509596
0,0,0.9430217,0.21857092,0.8860434
0,0,0.9797921,0.09884712,0.95958424
1,0,0.993912,0.037127137,0.98782396
1,1,0.8126546,0.48235077,0.6253092
1,1,0.9994492,0.004683977,0.9988984
1,1,0.9997454,0.0023613544,0.99949086
1,1,0.63418317,0.65669173,0.26836634
0,1,0.8129151,0.48196834,0.6258302
1,0,0.93848234,0.23112318,0.8769647
1,1,0.79913,0.5016061,0.59826005
1,0,0.92990804,0.25387675,0.8598161
0,1,0.78807276,0.5164989,0.5761455
1,0,0.7079231,0.6040008,0.41584623
1,1,0.9997522,0.00230503,0.99950445
0,1,0.79986405,0.50059086,0.5997281
0,1,0.78672105,0.51826876,0.5734421
1,1,0.8100442,0.48615885,0.62008846
1,0,0.9235427,0.27003047,0.84708536
0,1,0.8127782,0.4821694,0.62555635
0,1,0.6167558,0.66563,0.23351157
1,1,0.81308043,0.48172534,0.62616086
1,1,0.63281286,0.6574416,0.26562572
1,0,0.7319404,0.58131933,0.4638808
1,1,0.99975854,0.0022524914,0.9995171
1,1,0.9997454,0.0023613544,0.99949086
1,1,0.9996971,0.0027570701,0.9993942
1,0,0.96670455,0.14601713,0.9334091
0,1,0.9997788,0.0020828324,0.9995576
1,1,0.78608525,0.51909745,0.5721705
1,0,0.67024684,0.6340037,0.3404937
1,0,0.9286185,0.25719792,0.857237
0,1,0.7501538,0.56216615,0.50030756
0,1,0.55830115,0.68633366,0.1166023
0,1,0.815664,0.4779051,0.631328
1,1,0.9044416,0.31521273,0.8088832
1,0,0.94221896,0.22081783,0.8844379
0,0,0.89647365,0.33276278,0.7929473
1,0,0.9802116,0.0972144,0.96042323
1,1,0.57280374,0.6825086,0.14560747
1,0,0.9917859,0.047623724,0.98357177
1,0,0.98142475,0.09244122,0.9628495
1,1,0.91978043,0.2793053,0.83956087
0,0,0.9546046,0.18472715,0.90920925
1,1,0.53701943,0.6904038,0.07403886
0,1,0.81511366,0.47872254,0.6302273
0,1,0.80726975,0.49015772,0.6145395
1,0,0.6960324,0.6141886,0.3920648
0,1,0.7542451,0.55762315,0.5084902
1,0,0.8677123,0.3907125,0.73542464
0,1,0.8144917,0.47964403,0.6289834
0,1,0.5865797,0.67807925,0.17315936
0,1,0.80027133,0.50002605,0.60054266
0,0,0.55520505,0.6870395,0.110410094
0,1,0.8182785,0.4739939,0.636557
1,1,0.7764851,0.5313208,0.5529702
0,1,0.8100355,0.48617145,0.62007105
1,1,0.81282103,0.4821065,0.62564206
0,1,0.8139754,0.480407,0.6279508
0,1,0.51881665,0.6924389,0.0376333
0,1,0.54650676,0.6888151,0.093013525
0,0,0.8157988,0.47770452,0.63159764
0,0,0.9547289,0.18434855,0.9094578
1,1,0.7970245,0.5044998,0.594049
0,0,0.6357358,0.6558323,0.27147162
0,1,0.62101305,0.663566,0.24202609
1,0,0.94197905,0.221487,0.8839581
0,1,0.58171964,0.6797309,0.16343927
1,0,0.6381861,0.6544547,0.2763722
0,1,0.7573518,0.55411327,0.51470363
1,0,0.993912,0.037127137,0.98782396
0,1,0.7086988,0.6033126,0.41739762
1,1,0.5415037,0.6896981,0.083007455
1,0,0.743992,0.5688399,0.4879839
1,1,0.81301117,0.48182717,0.62602234
1,0,0.9918957,0.047096558,0.98379135
1,1,0.6341298,0.6567211,0.26825964
0,1,0.8144679,0.4796792,0.6289358
1,1,0.9995684,0.0037755272,0.9991368
1,1,0.7971536,0.5043231,0.5943072
1,1,0.63418317,0.65669173,0.26836634
0,1,0.8039886,0.4948231,0.60797715
1,1,0.63418305,0.6566918,0.2683661
0,0,0.9489701,0.20153673,0.89794016
0,1,0.58556414,0.6784324,0.17112827
0,1,0.6258375,0.6611339,0.251675
1,1,0.9995284,0.0040835906,0.9990568
0,1,0.59906656,0.67338836,0.19813311
0,0,0.9597499,0.16873822,0.91949975
1,1,0.8115022,0.4840374,0.62300444
0,1,0.5192529,0.69240564,0.038505793
1,1,0.62929946,0.6593275,0.25859892
1,0,0.5308844,0.6912383,0.06176874
0,1,0.6210121,0.66356647,0.24202418
0,1,0.5682406,0.6838045,0.13648117
0,1,0.80042243,0.49981624,0.60084486
1,0,0.9918957,0.047096558,0.98379135
0,0,0.514969,0.69269896,0.029937953
0,1,0.8023985,0.49705935,0.604797
1,1,0.99967647,0.0029234677,0.99935293
0,0,0.95128137,0.19472489,0.90256274
1,1,0.8210753,0.46975902,0.64215064
0,1,0.81834203,0.47389826,0.63668406
0,0,0.9422273,0.2207945,0.8844546
1,0,0.9382419,0.23177782,0.8764838
1,1,0.9996214,0.0033615977,0.9992428
0,1,0.81393045,0.4804733,0.6278609
1,1,0.81191427,0.48343533,0.62382853
0,1,0.7871485,0.5177103,0.57429695
1,0,0.9423321,0.22050186,0.8846642
0,1,0.81401354,0.48035067,0.6280271
1,1,0.9238307,0.26931232,0.8476614
0,1,0.78490573,0.52062845,0.56981146
1,0,0.9648448,0.15222888,0.92968965
1,0,0.5121597,0.6928514,0.02431941
0,1,0.818509,0.47364688,0.63701797
1,1,0.99961394,0.0034202253,0.9992279
1,1,0.8129576,0.4819059,0.62591517
1,0,0.553372,0.6874392,0.10674402
0,1,0.8301901,0.45558465,0.66038024
0,1,0.8029947,0.49622273,0.60598946
0,0,0.97154814,0.12931874,0.9430963
1,0,0.6534437,0.6452887,0.30688742
0,1,0.5727002,0.682539,0.1454004
1,0,0.9424153,0.22026938,0.8848306
0,1,0.8011389,0.49881953,0.60227776
1,0,0.978678,0.10314042,0.957356
0,1,0.6159892,0.6659935,0.23197842
0,1,0.55081123,0.6879747,0.10162246
1,0,0.63699955,0.655125,0.2739991
0,1,0.5237566,0.69201803,0.047513247
0,1,0.5616055,0.68553734,0.123211026
0,1,0.8143054,0.4799195,0.62861085
1,0,0.993912,0.037127137,0.98782396
0,1,0.50474787,0.6931021,0.009495735
1,0,0.9917479,0.047805533,0.98349583
0,1,0.7933468,0.50948846,0.58669364
1,0,0.9960818,0.025625587,0.99216366
1,1,0.8129585,0.4819046,0.62591696
1,0,0.94295156,0.21876773,0.8859031
1,1,0.8115336,0.48399162,0.62306714
0,1,0.79994804,0.50047445,0.5998961
1,0,0.81475145,0.47925952,0.6295029
1,1,0.81544363,0.47823265,0.63088727
1,1,0.9996207,0.0033672324,0.99924135
1,0,0.94282496,0.21912277,0.8856499
0,1,0.83566004,0.44679695,0.6713201
1,1,0.9997008,0.0027271076,0.99940157
1,1,0.9211073,0.27605662,0.8422146
1,0,0.7079231,0.6040008,0.41584623
1,1,0.9997396,0.002409628,0.9994792
0,1,0.8082819,0.48870468,0.6165638
1,0,0.993912,0.037127137,0.98782396
1,0,0.9792979,0.10075923,0.95859575
1,0,0.58704966,0.6779144,0.17409933
1,0,0.90399545,0.31621426,0.8079909
1,0,0.97477186,0.117741674,0.9495437
1,1,0.8115408,0.4839811,0.62308156
0,0,0.68997324,0.6191221,0.3799465
0,1,0.8162761,0.47699353,0.63255215
1,1,0.81293327,0.48194164,0.62586653
0,1,0.61697954,0.6655234,0.23395908
0,1,0.5815409,0.6797898,0.16308177
1,0,0.5904906,0.6766795,0.18098113
1,1,0.80199856,0.49761933,0.6039971
1,0,0.65298975,0.64557624,0.3059795
0,1,0.99972326,0.0025439109,0.9994465
1,1,0.6496341,0.64767283,0.29926825
0,1,0.80282396,0.49646255,0.6056479
1,1,0.99969006,0.0028139718,0.9993801
1,1,0.9993261,0.0055947076,0.9986522
0,1,0.8043125,0.49436557,0.60862505
1,1,0.9997522,0.00230503,0.99950445
1,1,0.8117157,0.48372555,0.62343144
0,1,0.81274754,0.48221436,0.6254951
1,1,0.7879863,0.5166125,0.57597256
0,1,0.8019691,0.49766052,0.6039382
0,1,0.54770935,0.6885879,0.09541869
1,0,0.50061864,0.69314647,0.0012372732
1,0,0.9954813,0.028907306,0.9909626
0,1,0.8277487,0.45943803,0.65549743
1,1,0.99952734,0.0040918062,0.9990547
0,1,0.76824903,0.5413834,0.53649807
0,1,0.78215736,0.52416384,0.5643147
1,0,0.65519893,0.64416873,0.3103979
0,0,0.9081712,0.3067487,0.81634235
0,1,0.8009751,0.4990477,0.60195017
0,1,0.57773155,0.6810136,0.1554631
0,0,0.9442837,0.21501426,0.88856745
1,1,0.53003913,0.6913414,0.060078263
0,1,0.8157775,0.4777363,0.63155496
1,1,0.50790024,0.6930224,0.015800476
1,0,0.9993749,0.005236604,0.99874985
1,1,0.6384648,0.6542964,0.27692962
0,1,0.6489762,0.6480781,0.2979524
0,1,0.7858959,0.5193438,0.57179177
1,0,0.67024684,0.6340037,0.3404937
1,1,0.7983075,0.5027398,0.59661496
1,1,0.82074916,0.47025558,0.6414983
1,1,0.8115351,0.48398936,0.62307024
0,1,0.80994713,0.4862996,0.61989427
1,1,0.9997869,0.002014458,0.9995738
0,1,0.7998707,0.50058156,0.59974146
1,1,0.51895976,0.69242805,0.03791952
1,1,0.99967647,0.0029234677,0.99935293
1,1,0.8145844,0.47950685,0.62916875
0,1,0.5552729,0.68702453,0.110545754
1,0,0.9720213,0.12764427,0.94404256
1,1,0.51895976,0.69242805,0.03791952
0,1,0.5733223,0.682356,0.14664459
0,0,0.9698077,0.13541001,0.93961537
1,0,0.57599413,0.68155205,0.1519883
0,0,0.9595853,0.1692599,0.9191706
0,1,0.5036387,0.6931207,0.0072773695
0,0,0.50675946,0.69305575,0.0135189295
0,1,0.61710334,0.6654644,0.23420668
0,1,0.9997788,0.0020828324,0.9995576
1,0,0.9828359,0.08678693,0.9656718
1,0,0.82488906,0.46389842,0.6497781
1,1,0.7999746,0.5004376,0.59994924
0,1,0.8139251,0.48048124,0.6278502
1,0,0.9687745,0.1389767,0.937549
1,0,0.8902675,0.34595573,0.780535
0,1,0.70389605,0.60752696,0.4077921
1,0,0.50061864,0.69314647,0.0012372732
1,1,0.505362,0.69308966,0.0107239485
0,1,0.94265205,0.21960708,0.8853041
0,1,0.5307787,0.69125134,0.061557412
0,1,0.81429815,0.47993022,0.6285963
1,1,0.78970957,0.51434124,0.57941914
1,0,0.93999445,0.2269828,0.8799889
1,1,0.79986745,0.50058615,0.5997349
1,1,0.7944306,0.50802696,0.5888612
0,0,0.9649341,0.15193298,0.9298682
1,0,0.94270223,0.2194666,0.88540447
1,0,0.58704966,0.6779144,0.17409933
0,1,0.8163023,0.4769544,0.6326046
1,0,0.9807407,0.09514208,0.96148145
1,0,0.94337535,0.21757737,0.8867507
0,1,0.7597887,0.55132335,0.5195774
1,0,0.9856427,0.07517901,0.97128534
0,1,0.80566156,0.49245298,0.6113231
1,0,0.94904673,0.20131253,0.89809346
1,0,0.9432755,0.21785805,0.886551
1,0,0.61560977,0.6661725,0.23121953
1,1,0.5377908,0.6902882,0.07558155
0,1,0.78503096,0.52046627,0.5700619
0,1,0.5436512,0.6893315,0.08730245
1,1,0.5657385,0.684479,0.131477
1,0,0.7079231,0.6040008,0.41584623
1,0,0.5904906,0.6766795,0.18098113
1,1,0.99980146,0.0018910047,0.9996029
1,1,0.81150895,0.48402756,0.6230179
0,1,0.8128095,0.48212337,0.62561905
0,1,0.8140373,0.48031554,0.62807465
0,1,0.81280583,0.4821288,0.62561166
0,1,0.836101,0.44607913,0.672202
0,1,0.7255184,0.58766556,0.4510368
1,1,0.9995877,0.0036254677,0.9991754
0,1,0.79977995,0.5007073,0.5995599
0,1,0.8014713,0.49835598,0.6029426
1,0,0.94728357,0.20643722,0.89456713
0,1,0.6924666,0.6171129,0.38493323
0,0,0.50320256,0.6931267,0.0064050853
0,0,0.53061354,0.6912716,0.061227083
1,1,0.63418317,0.65669173,0.26836634
1,1,0.8127444,0.48221904,0.62548876
1,0,0.993912,0.037127137,0.98782396
0,0,0.89768034,0.3301501,0.7953607
1,1,0.79998404,0.5004245,0.5999681
1,0,0.92443407,0.267804,0.84886813
0,0,0.954837,0.18401869,0.90967405
1,1,0.86481494,0.39612576,0.7296299
1,0,0.52619165,0.69177455,0.052383304
0,1,0.8127031,0.48227966,0.62540615
0,1,0.55104506,0.6879269,0.10209012
1,0,0.941264,0.2234754,0.88252795
0,1,0.8169327,0.4760129,0.63386536
0,0,0.6192105,0.66444933,0.23842093
1,0,0.58704966,0.6779144,0.17409933
0,1,0.8074737,0.48986542,0.61494744
1,0,0.95260406,0.19077511,0.9052081
1,1,0.81771994,0.4748333,0.6354399
1,1,0.81396526,0.48042196,0.6279305
0,1,0.84010214,0.43950045,0.6802043
1,0,0.9331882,0.24531287,0.8663764
0,1,0.70382375,0.6075896,0.4076475
1,0,0.81042325,0.48560864,0.6208465
1,0,0.553372,0.6874392,0.10674402
1,0,0.9369324,0.23532599,0.87386477
1,0,0.9772896,0.10840776,0.95457923
0,1,0.80486816,0.4935792,0.6097363
0,0,0.93879473,0.23027101,0.87758946
1,0,0.9398526,0.22737293,0.8797052
1,0,0.58704966,0.6779144,0.17409933
1,0,0.9402959,0.2261526,0.88059175
1,0,0.9648448,0.15222888,0.92968965
0,0,0.94275254,0.21932566,0.8855051
0,1,0.79988533,0.50056136,0.59977067
0,1,0.797805,0.5034303,0.59561
1,1,0.99971455,0.0026150658,0.9994291
0,1,0.8011198,0.49884614,0.6022396
1,0,0.94148564,0.22285998,0.8829713
0,1,0.82829,0.45858735,0.65658
1,0,0.9429644,0.21873179,0.88592875
1,0,0.9123921,0.29696822,0.82478416
0,1,0.81435215,0.4798504,0.6287043
0,1,0.8163566,0.47687346,0.6327132
0,1,0.5487032,0.6883956,0.09740639
0,0,0.9689888,0.13823995,0.93797755
1,0,0.993912,0.037127137,0.98782396
0,0,0.939421,0.2285577,0.878842
0,0,0.5252657,0.6918699,0.050531417
1,0,0.65606797,0.64360917,0.31213596
0,1,0.81746733,0.47521225,0.63493466
0,1,0.5103962,0.692931,0.020792365
0,0,0.96944493,0.13666631,0.93888986
0,1,0.5616055,0.68553734,0.123211026
0,0,0.5079911,0.69301945,0.015982121
0,1,0.77182543,0.5370612,0.54365087
0,0,0.5558306,0.6869,0.111661196
0,1,0.8151618,0.47865108,0.63032365
0,1,0.8151014,0.47874075,0.6302028
0,0,0.97433215,0.119344406,0.9486643
1,0,0.9427452,0.21934624,0.8854904
0,0,0.9499186,0.19875482,0.89983726
1,1,0.99961394,0.0034202253,0.9992279
0,0,0.9501443,0.19809017,0.9002886
1,1,0.62114215,0.6635022,0.2422843
0,1,0.8099554,0.4862876,0.61991084
0,1,0.7998293,0.50063896,0.5996586
1,1,0.8010135,0.49899414,0.60202706
0,1,0.81471527,0.4793131,0.62943053
1,1,0.81306696,0.48174518,0.6261339
1,1,0.81441295,0.47976053,0.6288259
1,0,0.69301766,0.6166649,0.38603532
1,0,0.89153326,0.34329763,0.7830665
1,1,0.84193605,0.43644547,0.6838721
1,0,0.85623455,0.41174042,0.7124691
1,1,0.59906656,0.67338836,0.19813311
0,1,0.7989714,0.50182503,0.5979428
0,1,0.5227188,0.6921145,0.045437574
0,1,0.78796077,0.51664597,0.57592154
1,0,0.553372,0.6874392,0.10674402
1,0,0.92975056,0.25428373,0.8595011
1,1,0.9996971,0.0027570701,0.9993942
1,1,0.81353474,0.4810568,0.6270695
1,1,0.8191335,0.47270483,0.63826704
1,0,0.6433945,0.65144014,0.2867889
1,1,0.8119548,0.48337603,0.6239096
1,0,0.99134207,0.04973932,0.98268414
1,0,0.5613935,0.6855898,0.12278697
1,0,0.58938575,0.67708135,0.1787715
1,1,0.79237366,0.51079476,0.5847473
0,1,0.8026964,0.49664164,0.6053928
0,1,0.564401,0.6848291,0.12880194
1,0,0.9954813,0.028907306,0.9909626
1,1,0.99971455,0.0026150658,0.9994291
0,1,0.8022613,0.4972516,0.6045226
0,1,0.80967695,0.48669106,0.6193539
0,1,0.8133737,0.48129392,0.62674737
0,1,0.8115893,0.48391026,0.6231786
0,1,0.748889,0.5635524,0.49777806
1,1,0.81373715,0.48075846,0.6274743
1,0,0.66393507,0.6383908,0.32787013
1,1,0.86427456,0.39712736,0.7285491
0,1,0.5192822,0.69240344,0.038564444
0,1,0.81149584,0.4840467,0.6229917
1,1,0.999371,0.0052654576,0.998742
1,1,0.81134,0.48427415,0.62267995
1,0,0.9687745,0.1389767,0.937549
1,0,0.99748707,0.017553039,0.99497414
0,1,0.8161549,0.4771742,0.6323098
0,1,0.8065802,0.4911439,0.6131604
0,1,0.8112909,0.48434567,0.62258184
1,1,0.99971455,0.0026150658,0.9994291
0,1,0.55187684,0.6877551,0.103753686
0,1,0.59906656,0.67338836,0.19813311
1,1,0.82350665,0.46603435,0.6470133
1,0,0.97107524,0.1309845,0.9421505
0,1,0.7879887,0.5166093,0.57597744
1,0,0.97117877,0.13062052,0.94235754
0,1,0.802285,0.49721834,0.60457003
0,0,0.9641009,0.15468468,0.9282018
0,0,0.93958426,0.22810993,0.8791685
1,0,0.978678,0.10314042,0.957356
1,1,0.8131402,0.48163745,0.6262804
1,0,0.7760575,0.5318528,0.55211496
0,1,0.9244664,0.26772305,0.84893274
1,1,0.99961394,0.0034202253,0.9992279
0,1,0.8116012,0.48389286,0.62320244
1,0,0.90333384,0.3176954,0.8066677
0,1,0.78739923,0.5173822,0.57479846
0,1,0.81798005,0.47444266,0.6359601
0,1,0.9223656,0.27295336,0.8447312
1,0,0.8938881,0.3383083,0.78777623
1,1,0.9995597,0.0038428616,0.9991194
0,0,0.9431519,0.21820545,0.8863038
1,1,0.999326,0.005595578,0.998652
0,1,0.6742351,0.63113874,0.3484702
1,0,0.94260824,0.21972974,0.8852165
1,0,0.86343426,0.39867997,0.7268685
1,1,0.9995684,0.0037755272,0.9991368
1,0,0.8695036,0.38732922,0.73900723
0,1,0.9997788,0.0020828324,0.9995576
1,0,0.9485109,0.20287669,0.8970218
1,0,0.993912,0.037127137,0.98782396
1,0,0.9933144,0.040143453,0.9866288
0,0,0.63137805,0.6582182,0.26275608
1,1,0.999278,0.005944251,0.998556
1,1,0.99968386,0.0028639894,0.9993677
1,0,0.94315475,0.21819742,0.8863095
0,1,0.8260162,0.46214718,0.6520324
1,0,0.95246917,0.19117968,0.90493834
1,0,0.95581096,0.18103589,0.9116219
0,1,0.8113714,0.4842283,0.6227428
1,0,0.9507532,0.19629145,0.9015064
0,1,0.8125308,0.48253238,0.62506163
0,0,0.9694817,0.13653916,0.9389634
1,1,0.99970776,0.0026704404,0.9994155
1,1,0.6491372,0.64797914,0.2982744
1,1,0.81146204,0.48409602,0.6229241
1,1,0.9996691,0.0029827768,0.99933815
0,1,0.50040424,0.6931468,0.0008084774
0,0,0.967165,0.14446282,0.93433
1,0,0.6189668,0.6645677,0.23793367
1,1,0.81187135,0.4834981,0.6237427
0,1,0.7884093,0.51605666,0.5768186
1,1,0.81556886,0.47804654,0.6311377
1,1,0.9994783,0.004464938,0.99895656
0,1,0.7874952,0.5172565,0.5749904
1,1,0.9995684,0.0037755272,0.9991368
0,1,0.80214477,0.49741474,0.60428953
0,1,0.79905033,0.50171614,0.59810066
0,1,0.8128064,0.48212793,0.62561285
1,1,0.7990472,0.5017205,0.59809434
1,0,0.9499974,0.19852279,0.89999485
0,0,0.9427771,0.21925682,0.8855542
1,1,0.99948716,0.0043977397,0.9989743
1,1,0.999326,0.005595578,0.998652
0,1,0.5909499,0.67651093,0.18189979
0,1,0.79445875,0.5079889,0.5889175
1,1,0.801924,0.4977236,0.603848
1,1,0.9996613,0.0030447787,0.99932265
1,1,0.5347385,0.6907317,0.06947696
1,1,0.99977916,0.0020798224,0.9995583
0,1,0.5997136,0.6731276,0.19942725
1,0,0.9948091,0.03248596,0.9896182
0,0,0.64483607,0.6505848,0.28967217
0,1,0.815841,0.4776417,0.63168204
0,0,0.78986067,0.5141412,0.57972133
1,1,0.9998399,0.0015592983,0.9996798
0,0,0.93995965,0.22707856,0.8799193
1,0,0.939915,0.22720131,0.87983
1,0,0.9425096,0.22000577,0.8850192
0,0,0.53350353,0.6909005,0.067007095
1,0,0.5578915,0.68642926,0.11578295
1,1,0.81155276,0.4839636,0.6231055
0,1,0.81521046,0.47857893,0.6304209
1,1,0.9676879,0.14268959,0.9353758
0,0,0.5516926,0.6877934,0.10338524
1,1,0.9997309,0.0024813039,0.99946177
1,0,0.93926257,0.22899179,0.87852514
1,1,0.509873,0.69295216,0.019745946
1,1,0.8113548,0.4842525,0.62270963
1,0,0.93786013,0.23281525,0.87572026
1,1,0.66751206,0.6359266,0.33502412
0,1,0.76466155,0.5456468,0.5293231
1,0,0.93999445,0.2269828,0.8799889
1,1,0.81324923,0.48147708,0.62649846
1,1,0.8019495,0.49768794,0.603899
1,0,0.50061864,0.69314647,0.0012372732
1,1,0.9997309,0.0024813039,0.99946177
0,1,0.8055016,0.49268037,0.61100316
1,1,0.63418317,0.65669173,0.26836634
1,0,0.941733,0.22217219,0.883466
1,1,0.81312656,0.4816575,0.6262531
1,1,0.9994267,0.004852137,0.99885345
1,0,0.82148725,0.4691308,0.6429745
1,1,0.9995684,0.0037755272,0.9991368
1,0,0.8985969,0.32815504,0.79719377
1,1,0.6495979,0.6476952,0.29919577
1,1,0.81302744,0.48180324,0.6260549
0,1,0.7791579,0.52797174,0.55831575
1,1,0.8133362,0.4813491,0.6266724
0,1,0.531,0.691224,0.062000036
1,0,0.7079231,0.6040008,0.41584623
1,1,0.60303617,0.6717614,0.20607233
0,1,0.511426,0.692886,0.022851944
0,1,0.80122936,0.49869347,0.6024587
1,0,0.7960863,0.50578034,0.5921726
1,1,0.99971455,0.0026150658,0.9994291
1,0,0.7079231,0.6040008,0.41584623
1,1,0.9998203,0.0017295255,0.9996406
1,1,0.5415037,0.6896981,0.083007455
0,1,0.8019895,0.497632,0.603979
0,1,0.7999794,0.500431,0.5999588
1,0,0.553372,0.6874392,0.10674402
1,0,0.50061864,0.69314647,0.0012372732
0,1,0.5293991,0.6914176,0.058798194
0,1,0.57262945,0.6825597,0.1452589
1,0,0.993912,0.037127137,0.98782396
0,1,0.7038936,0.6075291,0.4077872
0,1,0.5975595,0.6739888,0.19511902
1,1,0.8157396,0.47779268,0.63147914
1,1,0.8144813,0.47965938,0.62896264
1,0,0.94074893,0.22490181,0.88149786
0,1,0.5372711,0.6903664,0.074542165
0,0,0.9645779,0.15311179,0.9291558
1,1,0.8185658,0.4735613,0.6371316
0,1,0.5733223,0.682356,0.14664459
1,0,0.62799776,0.6600127,0.25599554
0,1,0.7800111,0.52689385,0.56002223
1,0,0.9984307,0.01170115,0.99686146
1,1,0.99961394,0.0034202253,0.9992279
1,0,0.97364897,0.12181958,0.94729793
1,0,0.9811809,0.09340698,0.9623618
1,1,0.999724,0.0025380508,0.99944794
0,0,0.97127235,0.13029109,0.9425447
1,0,0.9555103,0.18195905,0.91102064
1,1,0.81144154,0.48412597,0.6228831
1,0,0.9550793,0.1832788,0.91015863
1,1,0.63418317,0.65669173,0.26836634
0,1,0.786759,0.51821923,0.57351804
1,1,0.8095929,0.48681274,0.6191858
1,0,0.6209754,0.6635846,0.24195075
1,1,0.7973197,0.50409573,0.5946394
1,0,0.58704966,0.6779144,0.17409933
1,0,0.95295423,0.18972306,0.90590847
1,0,0.7960863,0.50578034,0.5921726
0,1,0.80244595,0.49699286,0.6048919
1,1,0.99963117,0.0032844557,0.99926233
1,0,0.5121597,0.6928514,0.02431941
0,0,0.96354073,0.15652338,0.92708147
0,1,0.8022698,0.49723965,0.60453963
0,1,0.7574472,0.55400467,0.51489437
1,0,0.9842557,0.080978714,0.96851134
0,1,0.78806305,0.5165117,0.5761261
0,1,0.6038121,0.6714357,0.2076242
1,0,0.94388705,0.21613537,0.8877741
0,1,0.8145961,0.4794895,0.62919223
0,1,0.7524816,0.55959237,0.50496316
0,1,0.8004038,0.49984217,0.60080755
0,1,0.7435517,0.56930906,0.48710334
1,0,0.9888509,0.06121754,0.9777018
0,1,0.8156527,0.47792184,0.63130546
0,1,0.53536636,0.69064355,0.07073271
0,1,0.8016126,0.4981587,0.60322523
1,1,0.57797134,0.68093836,0.15594268
1,0,0.78907835,0.5151752,0.5781567
0,1,0.81389326,0.48052818,0.6277865
1,1,0.5616055,0.68553734,0.123211026
0,0,0.94629574,0.20928101,0.8925915
0,1,0.78473634,0.5208476,0.5694727
1,0,0.58704966,0.6779144,0.17409933
1,0,0.6256469,0.6612319,0.25129378
0,0,0.9558369,0.18095618,0.9116738
1,1,0.63418317,0.65669173,0.26836634
1,1,0.7691706,0.5402766,0.53834116
0,1,0.82283366,0.46706936,0.6456673
1,1,0.63418317,0.65669173,0.26836634
1,1,0.5592943,0.686099,0.11858857
0,1,0.83122486,0.45393872,0.6624497
0,1,0.7257626,0.5874281,0.4515252
1,1,0.5511046,0.68791467,0.10220921
1,1,0.7859947,0.5192152,0.5719894
1,1,0.8114676,0.4840879,0.6229352
0,1,0.7528243,0.559211,0.5056486
0,1,0.7875998,0.5171194,0.5751996
1,0,0.9112197,0.2997067,0.82243943
1,1,0.8116951,0.4837557,0.6233902
0,1,0.719897,0.5930506,0.43979394
1,1,0.99963,0.003293877,0.99925995
0,1,0.7829522,0.523146,0.5659044
0,1,0.7960198,0.5058709,0.5920396
1,0,0.9447439,0.21371,0.88948774
1,1,0.99952686,0.004095457,0.9990537
0,1,0.8129683,0.4818901,0.6259366
1,1,0.99970776,0.0026704404,0.9994155
0,0,0.55492127,0.6871023,0.10984254
0,0,0.9240105,0.26886332,0.84802103
0,1,0.9574951,0.17582476,0.9149902
0,1,0.9997788,0.0020828324,0.9995576
1,1,0.99961394,0.0034202253,0.9992279
1,0,0.993912,0.037127137,0.98782396
0,0,0.7109413,0.6013067,0.4218826
1,0,0.5904906,0.6766795,0.18098113
1,1,0.6172117,0.66541266,0.2344234
1,1,0.6424293,0.65200764,0.28485858
1,1,0.9992459,0.006175913,0.99849176
1,0,0.7079231,0.6040008,0.41584623
1,0,0.5253798,0.6918584,0.050759584
1,1,0.9996971,0.0027570701,0.9993942
1,1,0.79667133,0.5049825,0.59334266
0,1,0.5815409,0.6797898,0.16308177
0,1,0.8188395,0.47314867,0.637679
0,1,0.81626874,0.47700447,0.6325375
1,0,0.94246876,0.22011988,0.8849375
1,0,0.94906896,0.20124756,0.8981379
1,1,0.99971455,0.0026150658,0.9994291
1,0,0.60779214,0.6697255,0.21558425
1,1,0.81134075,0.48427302,0.6226815
0,1,0.7922053,0.5110202,0.58441055
0,1,0.7419107,0.5710489,0.4838214
0,1,0.7722777,0.53650945,0.5445554
0,1,0.8204631,0.47069052,0.64092624
1,1,0.99977976,0.002074804,0.9995595
0,1,0.81326187,0.48145854,0.62652373
0,1,0.8344456,0.44876665,0.6688912
1,1,0.6336916,0.6569617,0.26738322
1,1,0.811326,0.48429447,0.62265205
1,0,0.97069126,0.13233103,0.9413825
1,1,0.99952686,0.004095457,0.9990537
1,1,0.52796376,0.69158244,0.055927515
1,0,0.84437,0.43235183,0.68874
1,1,0.8114638,0.48409352,0.62292755
0,0,0.9550199,0.18346035,0.9100398
1,1,0.60427374,0.67124075,0.20854747
0,1,0.8142404,0.48001564,0.6284808
1,1,0.9994267,0.004852137,0.99885345
0,0,0.9554688,0.18208644,0.91093755
0,0,0.70619404,0.6055244,0.41238806
0,1,0.8023441,0.4971356,0.60468817
1,0,0.96247035,0.16001214,0.9249407
0,1,0.79997534,0.5004366,0.5999507
0,0,0.9138838,0.29345885,0.8277676
1,0,0.5121597,0.6928514,0.02431941
1,0,0.993912,0.037127137,0.98782396
1,1,0.9995751,0.0037237543,0.99915016
0,1,0.7350697,0.5781509,0.47013938
1,0,0.97829,0.104621395,0.95658004
1,1,0.8098757,0.4864031,0.61975145
0,1,0.57309115,0.6824241,0.1461823
0,1,0.75836986,0.5529517,0.5167397
1,0,0.993912,0.037127137,0.98782396
0,0,0.6368136,0.65522957,0.27362716
0,1,0.6979073,0.612627,0.39581466
0,1,0.81779665,0.47471815,0.6355933
0,0,0.7324477,0.5808091,0.46489537
0,1,0.6040385,0.6713402,0.20807695
0,0,0.96490556,0.1520276,0.9298111
1,0,0.96247035,0.16001214,0.9249407
0,0,0.51591253,0.69264066,0.031825095
0,1,0.743365,0.5695077,0.48672998
0,1,0.81088203,0.48494148,0.62176406
0,1,0.6167839,0.66561663,0.23356783
0,1,0.72967297,0.58358383,0.45934594
0,1,0.8140879,0.48024082,0.62817585
0,1,0.8266642,0.46113634,0.6533284
0,0,0.9510675,0.19535993,0.902135
0,1,0.7894722,0.5146551,0.57894444
0,1,0.5503789,0.6880625,0.10075784
1,0,0.94266635,0.219567,0.8853327
0,0,0.5035088,0.6931225,0.0070176125
0,1,0.621235,0.6634563,0.24247003
1,1,0.51895976,0.69242805,0.03791952
0,1,0.81280017,0.48213714,0.62560034
1,0,0.5939224,0.6753991,0.18784478
0,1,0.67830825,0.62813807,0.3566165
0,1,0.56076324,0.6857446,0.12152648
1,1,0.61095846,0.66831744,0.22191691
1,1,0.99961394,0.0034202253,0.9992279
0,0,0.52068853,0.6922909,0.041377038
1,1,0.9998141,0.001782879,0.9996282
0,1,0.5815409,0.6797898,0.16308177
0,1,0.82659984,0.46123686,0.6531997
1,1,0.8120955,0.48317015,0.62419105
0,0,0.956854,0.17781666,0.913708
1,0,0.7347194,0.57850814,0.46943882
1,1,0.999597,0.0035528964,0.999194
1,0,0.584068,0.67894495,0.168136
1,1,0.79246783,0.5106686,0.58493567
1,1,0.99971455,0.0026150658,0.9994291
1,1,0.99970776,0.0026704404,0.9994155
1,0,0.94235194,0.22044648,0.8847039
1,1,0.57280374,0.6825086,0.14560747
1,1,0.99971455,0.0026150658,0.9994291
0,0,0.63801754,0.6545503,0.27603507
1,0,0.98482275,0.07862317,0.9696455
0,1,0.81172824,0.48370725,0.6234565
0,1,0.78797835,0.5166229,0.5759567
1,0,0.52619165,0.69177455,0.052383304
0,1,0.5615123,0.68556046,0.12302458
1,0,0.5121597,0.6928514,0.02431941
1,1,0.79730797,0.50411177,0.59461594
0,0,0.97126925,0.13030212,0.9425385
1,1,0.79857564,0.50237066,0.5971513
1,0,0.992894,0.042232864,0.985788
1,0,0.9828359,0.08678693,0.9656718
0,1,0.55550665,0.6869725,0.11101329
0,1,0.7664745,0.5435013,0.532949
1,0,0.71138096,0.60091054,0.42276195
1,0,0.93717337,0.23467533,0.87434673
1,1,0.9996613,0.0030447787,0.99932265
0,0,0.9330941,0.24556091,0.86618817
1,1,0.99968386,0.0028639894,0.9993677
0,0,0.79175115,0.51162726,0.5835023
1,0,0.9729644,0.124281466,0.9459288
1,1,0.99969006,0.0028139718,0.9993801
0,1,0.8205979,0.4704857,0.6411958
1,0,0.9505605,0.19686154,0.901121
1,0,0.79296875,0.50999665,0.5859375
1,0,0.9119459,0.29801247,0.82389176
1,1,0.9641338,0.15457645,0.9282676
1,1,0.60427374,0.67124075,0.20854747
1,0,0.5283284,0.6915413,0.056656808
0,1,0.7710865,0.5379602,0.542173
0,1,0.814466,0.47968203,0.628932
1,0,0.9943326,0.03496889,0.9886652
1,0,0.5518954,0.6877512,0.10379076
1,0,0.9941905,0.035701245,0.988381
0,1,0.54484797,0.6891191,0.08969593
1,0,0.94323456,0.21797317,0.8864691
1,1,0.8644939,0.39672112,0.7289878
1,0,0.94355416,0.21707398,0.8871083
1,1,0.79905885,0.5017044,0.5981177
1,0,0.9604407,0.16654111,0.9208814
0,1,0.80295146,0.4962835,0.6059029
1,0,0.98030627,0.09684477,0.96061254
0,1,0.80287004,0.49639785,0.6057401
1,1,0.8116289,0.48385245,0.62325776
0,1,0.7871485,0.5177103,0.57429695
0,0,0.91701686,0.28599542,0.8340337
0,1,0.8157749,0.47774008,0.63154984
1,0,0.78907835,0.5151752,0.5781567
1,0,0.9889256,0.06088227,0.97785115
1,0,0.90410876,0.31596017,0.8082175
0,0,0.94916195,0.20097554,0.8983239
1,0,0.9889256,0.06088227,0.97785115
1,0,0.93509537,0.24025476,0.87019074
0,1,0.8024369,0.49700558,0.6048738
0,1,0.79848814,0.5024912,0.5969763
1,0,0.9352226,0.23991513,0.87044525
0,1,0.579284,0.6805221,0.15856802
0,1,0.8154657,0.47819987,0.6309314
1,0,0.94851446,0.20286624,0.8970289
1,1,0.801018,0.49898797,0.602036
0,0,0.93239135,0.24740893,0.8647827
1,1,0.9995078,0.0042410973,0.99901557
1,0,0.993912,0.037127137,0.98782396
1,0,0.98030627,0.09684477,0.96061254
0,1,0.75865006,0.55263096,0.5173001
1,0,0.9432847,0.21783221,0.8865694
0,1,0.81414306,0.4801594,0.6282861
1,1,0.54150367,0.6896981,0.083007336
1,0,0.7319404,0.58131933,0.4638808
1,0,0.97813463,0.10521259,0.95626926
0,1,0.8141876,0.48009363,0.6283752
1,0,0.9412762,0.22344148,0.8825524
1,1,0.8180743,0.474301,0.6361486
0,1,0.8175742,0.47505194,0.6351484
0,1,0.7932749,0.50958526,0.58654976
0,1,0.83059835,0.45493618,0.6611967
0,0,0.61651784,0.6657431,0.23303568
0,1,0.81616616,0.47715735,0.6323323
1,0,0.9740514,0.12036373,0.94810283
0,0,0.564312,0.6848521,0.12862396
0,1,0.77233577,0.5364386,0.54467154
1,0,0.5121597,0.6928514,0.02431941
0,1,0.77271116,0.5359796,0.5454223
0,1,0.5036387,0.6931207,0.0072773695
0,1,0.5420128,0.68961287,0.08402562
0,1,0.79894435,0.5018624,0.5978887
1,0,0.9383117,0.23158792,0.8766234
1,0,0.993912,0.037127137,0.98782396
0,1,0.78777546,0.5168891,0.5755509
1,0,0.93396217,0.2432673,0.86792433
0,1,0.8108129,0.4850421,0.6216258
0,1,0.8011962,0.49873966,0.60239244
1,1,0.9996971,0.0027570701,0.9993942
1,1,0.79470944,0.5076498,0.5894189
1,0,0.50061864,0.69314647,0.0012372732
0,1,0.7753077,0.532783,0.55061543
0,1,0.57309115,0.6824241,0.1461823
1,1,0.52796376,0.69158244,0.055927515
1,0,0.9561031,0.18013687,0.9122062
0,1,0.81725043,0.47553727,0.63450086
1,1,0.7284169,0.58482707,0.45683384
0,1,0.8115394,0.4839831,0.6230788
0,0,0.7997985,0.50068164,0.599597
1,1,0.52796376,0.69158244,0.055927515
0,0,0.65441215,0.6446725,0.30882427
0,1,0.99975795,0.0022574547,0.9995159
1,1,0.65746593,0.64270204,0.31493187
0,0,0.63710904,0.65506345,0.27421808
1,0,0.9424158,0.22026809,0.88483155
1,0,0.9482014,0.20377734,0.89640284
1,1,0.98445475,0.08015421,0.9689095
1,1,0.8128684,0.4820369,0.62573683
0,1,0.9579236,0.17448784,0.9158472
0,1,0.743374,0.5694982,0.48674798
1,1,0.78580904,0.51945674,0.5716181
1,0,0.97364897,0.12181958,0.94729793
0,1,0.8020227,0.49758554,0.6040454
0,1,0.8298921,0.45605725,0.6597842
1,1,0.5415037,0.6896981,0.083007455
0,0,0.95048803,0.19707571,0.90097606
1,1,0.81253326,0.4825288,0.6250665
1,0,0.5121597,0.6928514,0.02431941
1,0,0.92975056,0.25428373,0.8595011
1,1,0.81301266,0.481825,0.6260253
1,1,0.7985266,0.50243825,0.5970532
0,0,0.96947795,0.13655221,0.9389559
1,1,0.61619616,0.6658956,0.23239231
1,1,0.9996613,0.0030447787,0.99932265
1,1,0.63418317,0.65669173,0.26836634
1,0,0.9489304,0.20165265,0.89786077
0,1,0.8128352,0.48208565,0.62567043
0,1,0.81642723,0.47676805,0.63285446
0,1,0.5295137,0.691404,0.059027433
1,0,0.989263,0.05936137,0.978526
0,1,0.7986451,0.50227505,0.59729016
0,1,0.8019378,0.49770427,0.60387564
1,0,0.5121597,0.6928514,0.02431941
0,1,0.9997788,0.0020828324,0.9995576
1,0,0.99553263,0.02863011,0.99106526
0,1,0.81282467,0.48210114,0.62564933
1,0,0.78907835,0.5151752,0.5781567
1,1,0.8116525,0.48381793,0.62330496
1,0,0.9687745,0.1389767,0.937549
1,0,0.6727797,0.6321926,0.34555933
0,1,0.81688446,0.476085,0.6337689
1,1,0.99975854,0.0022524914,0.9995171
0,1,0.8134736,0.48114687,0.62694716
0,1,0.5429501,0.68945324,0.08590019
0,1,0.59562045,0.67474747,0.1912409
1,0,0.9706584,0.13244599,0.94131684
1,0,0.9429317,0.21882343,0.8858634
1,1,0.9995252,0.0041082306,0.9990504
0,1,0.9672339,0.1442297,0.9344678
1,1,0.8114465,0.48411873,0.622893
0,1,0.86631644,0.3933295,0.7326329
1,0,0.871391,0.38373387,0.742782
0,1,0.7298741,0.58338404,0.45974815
1,1,0.9998418,0.0015426173,0.9996836
1,1,0.63418317,0.65669173,0.26836634
1,0,0.6546806,0.64450085,0.30936122
1,1,0.9996214,0.0033615977,0.9992428
0,1,0.7867059,0.5182885,0.5734118
0,1,0.82423216,0.464915,0.6484643
1,0,0.5870497,0.6779144,0.17409942
0,0,0.9460949,0.20985691,0.89218974
1,0,0.94604516,0.2099993,0.8920903
1,0,0.50061864,0.69314647,0.0012372732
0,1,0.5859265,0.67830694,0.17185295
0,1,0.6368704,0.6551976,0.27374077
1,0,0.9571057,0.17703575,0.9142114
1,0,0.9757542,0.11413201,0.9515084
0,1,0.5859265,0.67830694,0.17185295
1,0,0.7319404,0.58131933,0.4638808
0,0,0.52664125,0.69172704,0.05328247
1,0,0.9645133,0.15332529,0.9290266
0,0,0.94002426,0.22690073,0.8800485
1,0,0.9671347,0.14456525,0.9342694
0,1,0.78914917,0.5150818,0.57829833
0,0,0.9510545,0.19539848,0.902109
0,0,0.94971275,0.19936018,0.8994255
0,1,0.73457915,0.57865095,0.4691583
0,0,0.94919664,0.20087394,0.8983933
1,1,0.81295425,0.48191082,0.6259085
1,0,0.6563275,0.64344144,0.312655
1,1,0.99978155,0.0020597395,0.9995631
1,0,0.99659455,0.022750791,0.9931891
0,1,0.53389305,0.69084793,0.0677861
0,0,0.6319057,0.65793365,0.26381132
1,1,0.8116918,0.48376048,0.62338364
0,1,0.6608569,0.6404655,0.3217138
0,1,0.79660517,0.50507283,0.59321034
1,0,0.95165265,0.19362003,0.9033053
0,1,0.81338084,0.48128343,0.6267617
1,1,0.8120611,0.48322055,0.62412214
0,1,0.80617,0.4917291,0.61234
1,1,0.81182927,0.4835596,0.62365854
1,1,0.81145734,0.4841029,0.6229147
0,1,0.8115215,0.48400927,0.62304294
1,0,0.94568896,0.21101832,0.8913779
1,1,0.8009686,0.49905673,0.6019372
0,0,0.9694887,0.1365151,0.93897736
0,1,0.50739604,0.69303775,0.014792085
1,1,0.81315094,0.48162168,0.6263019
1,1,0.84045786,0.4389099,0.6809157
0,1,0.99975795,0.0022574547,0.9995159
1,0,0.6526381,0.6457982,0.3052762
0,1,0.8043157,0.49436107,0.6086314
0,0,0.5618228,0.68548346,0.123645574
1,1,0.9992943,0.005826374,0.99858856
1,1,0.63354295,0.6570431,0.2670859
0,1,0.81184494,0.4835367,0.6236899
1,0,0.6466485,0.6494967,0.29329705
1,0,0.7079231,0.6040008,0.41584623
0,0,0.9601902,0.16733927,0.92038035
0,0,0.52423406,0.69197214,0.048468113
1,1,0.81139964,0.48418713,0.6227993
1,0,0.6990307,0.61168337,0.3980614
0,1,0.734983,0.5782394,0.46996605
1,0,0.6563275,0.64344144,0.312655
1,0,0.94244814,0.2201776,0.8848963
0,1,0.50533193,0.6930903,0.010663867
0,1,0.5748779,0.68189144,0.14975584
0,0,0.93886554,0.2300777,0.8777311
1,1,0.8007993,0.49929234,0.6015986
1,1,0.9995751,0.0037237543,0.99915016
0,1,0.8101143,0.48605716,0.62022865
0,1,0.61907095,0.66451716,0.2381419
0,1,0.8140611,0.48028043,0.6281222
0,1,0.8215685,0.46900675,0.643137
1,1,0.99938273,0.005178799,0.99876547
0,1,0.62929946,0.6593275,0.25859892
1,0,0.64988863,0.64751554,0.29977724
1,0,0.92150265,0.27508393,0.8430053
1,0,0.7785176,0.52877784,0.5570352
1,0,0.9828359,0.08678693,0.9656718
0,0,0.9450911,0.21272296,0.89018226
1,0,0.9709446,0.13144325,0.94188917
1,0,0.7079231,0.6040008,0.41584623
1,1,0.8128301,0.48209316,0.6256602
0,1,0.75241256,0.55966914,0.5048251
1,1,0.9997309,0.0024813039,0.99946177
0,0,0.7777239,0.5297737,0.5554478
1,0,0.6990307,0.61168337,0.3980614
0,0,0.50011575,0.6931471,0.00023147464
1,1,0.99971455,0.0026150658,0.9994291
0,0,0.9431844,0.21811415,0.88636875
1,0,0.9842557,0.080978714,0.96851134
1,1,0.9996544,0.0030999533,0.9993088
1,0,0.899773,0.32558143,0.799546
0,1,0.63397044,0.65680873,0.26794088
0,1,0.7567253,0.5548253,0.5134506
1,0,0.951428,0.1942889,0.902856
0,1,0.8168877,0.47608018,0.63377535
0,1,0.6163426,0.6658262,0.23268521
1,1,0.6277969,0.66011786,0.25559378
1,1,0.811708,0.4837369,0.62341595
0,1,0.7931258,0.50978565,0.5862516
1,1,0.63418317,0.65669173,0.26836634
0,1,0.81462085,0.47945285,0.6292417
1,1,0.635116,0.6561766,0.27023196
0,1,0.78565955,0.51965094,0.5713191
0,1,0.7896812,0.5143788,0.5793624
1,0,0.9929278,0.0420657,0.9858556
1,0,0.9648448,0.15222888,0.92968965
1,0,0.98091406,0.0944602,0.9618281
1,1,0.9996691,0.0029827768,0.99933815
1,1,0.99978846,0.0020013514,0.9995769
0,0,0.56517714,0.6846268,0.13035429
0,0,0.63034034,0.6587743,0.2606807
0,0,0.924397,0.2678968,0.848794
1,0,0.9868384,0.070070304,0.9736768
0,1,0.8115062,0.48403156,0.6230124
1,0,0.9575249,0.17573187,0.9150498
0,0,0.94341236,0.21747315,0.8868247
0,1,0.8131886,0.48156628,0.6263772
0,1,0.7940165,0.5085863,0.58803296
1,1,0.9992817,0.005917513,0.9985634
1,1,0.99954176,0.003981142,0.9990835
1,1,0.99982685,0.001672861,0.9996537
0,1,0.81626135,0.4770155,0.6325227
1,1,0.99961394,0.0034202253,0.9992279
1,0,0.9794839,0.10004101,0.9589678
0,1,0.6163426,0.6658262,0.23268521
0,0,0.903256,0.31786934,0.806512
1,1,0.81424624,0.480007,0.6284925
0,0,0.96838886,0.14029887,0.9367777
1,1,0.99961394,0.0034202253,0.9992279
1,0,0.9429163,0.21886675,0.88583255
1,1,0.99975854,0.0022524914,0.9995171
0,1,0.7879149,0.5167062,0.57582974
0,1,0.5919341,0.67614686,0.18386817
0,1,0.80161244,0.49815896,0.6032249
1,0,0.9719746,0.12780984,0.9439492
0,1,0.81459594,0.47948974,0.6291919
0,1,0.82362014,0.46585947,0.6472403
0,0,0.93356067,0.24432963,0.86712134
1,1,0.6172117,0.66541266,0.2344234
0,1,0.79906404,0.5016972,0.5981281
0,1,0.5510452,0.6879269,0.10209036
0,1,0.8382812,0.44250906,0.6765624
0,1,0.63376313,0.65692246,0.26752627
1,0,0.92975056,0.25428373,0.8595011
0,0,0.95520943,0.18288085,0.91041887
0,1,0.768114,0.5415452,0.53622794
1,1,0.82005703,0.47130698,0.64011407
1,1,0.864642,0.39644653,0.72928405
0,1,0.7866611,0.518347,0.5733222
0,1,0.8140166,0.4803462,0.62803316
0,1,0.5859265,0.67830694,0.17185295
0,1,0.5074391,0.6930365,0.014878154
0,1,0.5859265,0.67830694,0.17185295
1,0,0.5121597,0.6928514,0.02431941
1,0,0.8017874,0.4979146,0.60357475
0,0,0.52161473,0.69221246,0.04322946
0,1,0.5742124,0.6820915,0.14842474
1,0,0.9811809,0.09340698,0.9623618
1,0,0.9436225,0.21688141,0.88724506
0,1,0.5741001,0.682125,0.14820015
0,1,0.70869744,0.60331386,0.41739488
0,1,0.99975795,0.0022574547,0.9995159
1,0,0.5904906,0.6766795,0.18098113
0,1,0.51198876,0.69285965,0.023977518
0,0,0.95575905,0.18119541,0.9115181
1,1,0.9997212,0.0025605056,0.99944246
1,0,0.50061864,0.69314647,0.0012372732
0,1,0.75998163,0.5511011,0.51996326
0,0,0.9494622,0.20009576,0.89892435
0,0,0.5595658,0.68603414,0.119131595
1,0,0.9986697,0.0101391915,0.99733937
0,0,0.9698077,0.13541001,0.93961537
0,1,0.6258377,0.66113377,0.25167537
0,1,0.5909499,0.67651093,0.18189979
0,1,0.7874226,0.5173516,0.5748452
1,0,0.9842429,0.08103146,0.96848583
1,1,0.8304264,0.45520943,0.6608528
0,0,0.9449549,0.21311057,0.88990974
0,1,0.81538117,0.47832543,0.63076234
0,1,0.799784,0.5007017,0.599568
0,0,0.9383867,0.23138374,0.87677336
0,1,0.70869756,0.60331374,0.4173951
1,0,0.9977986,0.015668463,0.99559724
1,1,0.8167561,0.47627684,0.63351226
0,1,0.6212353,0.66345614,0.24247062
0,0,0.5829418,0.6793247,0.16588354
0,1,0.83867854,0.44185466,0.6773571
1,1,0.7974162,0.50396353,0.5948324
1,1,0.99963117,0.0032844557,0.99926233
0,0,0.5545157,0.68719137,0.10903144
1,0,0.9729298,0.124405555,0.94585955
1,0,0.9850843,0.077529594,0.9701686
1,0,0.9502764,0.19770065,0.90055275
0,1,0.8080816,0.4889927,0.61616325
0,1,0.8146416,0.47942215,0.6292832
1,1,0.8115354,0.4839889,0.62307084
1,1,0.9997212,0.0025605056,0.99944246
0,1,0.6040381,0.67134035,0.20807624
1,0,0.96219677,0.16089879,0.92439353
0,0,0.97918767,0.10118394,0.95837533
1,0,0.7079231,0.6040008,0.41584623
0,1,0.8107916,0.4850731,0.6215832
0,1,0.58657974,0.67807925,0.17315948
0,1,0.76941854,0.53997797,0.5388371
1,0,0.82148725,0.4691308,0.6429745
1,1,0.797171,0.50429934,0.594342
0,1,0.5689016,0.68362206,0.1378032
1,0,0.5904906,0.6766795,0.18098113
0,1,0.78295213,0.5231461,0.56590426
1,0,0.9441477,0.21539903,0.8882954
1,1,0.81181824,0.4835757,0.6236365
0,1,0.7444837,0.5683147,0.48896742
1,0,0.9438274,0.21630377,0.8876548
1,0,0.6189668,0.6645677,0.23793367
1,1,0.8151846,0.4786173,0.6303692
0,0,0.90445405,0.31518477,0.8089081
1,0,0.9678831,0.1420253,0.9357662
1,1,0.9996049,0.003491323,0.99920976
0,1,0.7979159,0.5032781,0.59583175
0,1,0.8128128,0.48211855,0.6256256
1,1,0.7987428,0.5021404,0.59748554
0,1,0.81527346,0.4784854,0.6305469
0,1,0.74636036,0.5662985,0.49272072
1,0,0.94253963,0.21992168,0.88507926
0,0,0.9553876,0.18233523,0.9107752
0,0,0.9689429,0.1383978,0.93788576
0,0,0.6978462,0.61267823,0.39569232
0,1,0.9647595,0.15251121,0.92951906
0,1,0.8025139,0.4968976,0.6050278
1,1,0.81069326,0.48521614,0.6213865
1,0,0.5346694,0.6907413,0.06933883
0,1,0.63644636,0.65543544,0.2728927
1,0,0.9977068,0.016228229,0.99541354
1,1,0.999371,0.0052654576,0.998742
1,1,0.8118466,0.48353425,0.6236932
1,0,0.88928664,0.34800416,0.7785733
1,0,0.94160634,0.22252452,0.8832127
1,1,0.9997038,0.0027024266,0.99940765
1,0,0.9353919,0.23946294,0.8707838
1,0,0.94250774,0.22001092,0.8850155
1,0,0.9950468,0.031231044,0.9900936
1,0,0.5121597,0.6928514,0.02431941
0,0,0.56458324,0.6847818,0.12916648
1,1,0.9997454,0.0023613544,0.99949086
1,1,0.9996691,0.0029827768,0.99933815
0,1,0.8130532,0.4817654,0.6261064
1,1,0.99969006,0.0028139718,0.9993801
1,1,0.82844836,0.45833805,0.6568967
1,0,0.97891414,0.10223557,0.9578283
1,1,0.76170164,0.54911053,0.5234033
0,1,0.81701845,0.47588456,0.6340369
1,0,0.9907585,0.052486464,0.98151696
1,0,0.992336,0.04496779,0.98467195
1,1,0.81285465,0.48205715,0.6257093
1,0,0.983189,0.08535407,0.966378
1,1,0.8151963,0.47859997,0.63039255
1,0,0.67338014,0.6317589,0.3467603
0,1,0.6742602,0.6311205,0.3485204
1,1,0.99967647,0.0029234677,0.99935293
0,1,0.724334,0.5888133,0.448668
1,0,0.94300157,0.21862748,0.88600314
1,0,0.94252473,0.21996336,0.88504946
1,1,0.63418317,0.65669173,0.26836634
1,1,0.9994753,0.004487453,0.9989506
1,1,0.801041,0.4989559,0.602082
0,0,0.9556429,0.18155232,0.91128576
0,1,0.780917,0.5257449,0.561834
1,1,0.99969006,0.0028139718,0.9993801
0,0,0.6655154,0.63730913,0.33103088
0,1,0.80232537,0.4971618,0.60465074
1,0,0.5836005,0.67910326,0.16720104
0,1,0.81285274,0.48205993,0.6257055
1,1,0.8113159,0.4843093,0.6226318
1,1,0.9192224,0.2806644,0.8384448
0,1,0.74710006,0.5654987,0.4942001
1,0,0.58704966,0.6779144,0.17409933
0,1,0.8029559,0.49627724,0.60591185
0,1,0.80396515,0.49485618,0.6079303
1,0,0.9772896,0.10840776,0.95457923
0,1,0.81521213,0.47857642,0.63042426
0,1,0.81456697,0.47953263,0.62913394
0,1,0.5192528,0.69240564,0.038505554
1,0,0.9410739,0.22400242,0.8821478
0,1,0.8361272,0.4460364,0.67225444
1,0,0.9871458,0.06873961,0.97429156
1,1,0.83924377,0.44092178,0.67848754
0,1,0.9997788,0.0020828324,0.9995576
0,1,0.81298417,0.48186684,0.62596834
1,0,0.58704966,0.6779144,0.17409933
0,1,0.8222245,0.46800357,0.644449
1,0,0.65217614,0.6460891,0.3043523
0,1,0.5909499,0.67651093,0.18189979
0,1,0.6159892,0.6659935,0.23197842
1,1,0.9995684,0.0037755272,0.9991368
0,1,0.54742235,0.6886426,0.0948447
1,0,0.9837777,0.08294811,0.9675554
1,0,0.7937697,0.50891906,0.58753943
0,0,0.92317426,0.27094746,0.8463485
0,0,0.9414018,0.22309293,0.88280356
1,0,0.92739654,0.26032186,0.8547931
1,0,0.9950468,0.031231044,0.9900936
0,1,0.5678739,0.683905,0.13574779
0,1,0.63332975,0.6571597,0.2666595
1,0,0.97441125,0.119056776,0.9488225
1,1,0.77189535,0.53697604,0.5437907
0,1,0.79135156,0.5121605,0.5827031
1,1,0.79844284,0.5025536,0.5968857
0,1,0.7801831,0.5266762,0.56036615
1,1,0.81155366,0.4839623,0.6231073
1,0,0.553372,0.6874392,0.10674402
0,1,0.81804276,0.47434843,0.6360855
1,0,0.74219817,0.5707451,0.48439634
1,0,0.94081146,0.22472893,0.8816229
1,0,0.86535805,0.39511657,0.7307161
1,0,0.5121597,0.6928514,0.02431941
0,1,0.81794494,0.4744954,0.6358899
0,0,0.6108704,0.66835713,0.22174084
0,1,0.81401426,0.48034963,0.6280285
0,1,0.77690583,0.5307963,0.55381167
1,1,0.99970776,0.0026704404,0.9994155
0,1,0.8077408,0.48948228,0.6154816
0,1,0.8140111,0.48035428,0.6280222
0,1,0.78927124,0.51492065,0.5785425
0,1,0.5114274,0.692886,0.022854805
1,1,0.80449027,0.49411422,0.60898054
1,0,0.6289848,0.6594938,0.25796965
1,0,0.7867035,0.51829165,0.57340705
1,0,0.69903076,0.61168337,0.39806148
1,0,0.50061864,0.69314647,0.0012372732
0,0,0.5170386,0.6925664,0.034077168
0,1,0.61175436,0.6679568,0.22350872
0,1,0.78883046,0.5155021,0.5776609
0,0,0.5367322,0.69044626,0.07346442
1,1,0.79204786,0.5112307,0.5840957
0,1,0.7750103,0.53315115,0.5500206
0,0,0.9606693,0.16581132,0.92133856
0,1,0.74619097,0.56648123,0.49238193
1,1,0.63418317,0.65669173,0.26836634
1,0,0.9737039,0.12162124,0.94740784
1,0,0.7079231,0.6040008,0.41584623
1,1,0.9994492,0.004683977,0.9988984
0,0,0.61616415,0.6659107,0.2323283
0,0,0.94509137,0.21272227,0.89018273
1,0,0.76668537,0.54325056,0.53337073
1,0,0.9772896,0.10840776,0.95457923
1,0,0.9663482,0.1472157,0.93269634
0,1,0.66640556,0.63669497,0.33281112
1,0,0.993912,0.037127137,0.98782396
1,0,0.9638381,0.15554842,0.9276762
1,1,0.813313,0.48138326,0.626626
0,1,0.568901,0.68362224,0.137802
1,1,0.9996971,0.0027570701,0.9993942
1,1,0.81282943,0.48209414,0.62565887
0,1,0.81610066,0.47725505,0.6322013
1,0,0.97012895,0.13429365,0.9402579
0,1,0.79542625,0.506678,0.5908525
1,1,0.99963117,0.0032844557,0.99926233
0,0,0.95447516,0.18512131,0.9089503
1,1,0.6385973,0.65422094,0.27719462
0,1,0.80337375,0.49568966,0.6067475
0,1,0.81557596,0.478036,0.6311519
1,0,0.9482014,0.20377734,0.89640284
0,0,0.94389623,0.21610948,0.88779247
1,1,0.9993861,0.0051541245,0.99877214
0,1,0.7445603,0.5682327,0.4891206
1,0,0.993912,0.037127137,0.98782396
0,1,0.81412226,0.48019016,0.6282445
0,1,0.81729394,0.4754721,0.6345879
1,0,0.94678974,0.20786136,0.8935795
1,1,0.99970776,0.0026704404,0.9994155
1,1,0.6172117,0.66541266,0.2344234
0,1,0.5500089,0.68813705,0.100017786
0,0,0.9720532,0.127531,0.94410634
0,1,0.7919518,0.5113592,0.58390355
1,0,0.6292045,0.6593777,0.25840905
1,1,0.99967647,0.0029234677,0.99935293
1,0,0.993912,0.037127137,0.98782396
1,1,0.6172117,0.66541266,0.2344234
0,0,0.5197196,0.6923693,0.0394392
0,1,0.81794775,0.47449118,0.6358955
0,1,0.99975795,0.0022574547,0.9995159
1,1,0.99971455,0.0026150658,0.9994291
0,1,0.68796587,0.62071854,0.37593174
1,0,0.5121597,0.6928514,0.02431941
1,0,0.6433945,0.65144014,0.2867889
1,1,0.9997377,0.0024253621,0.99947536
0,1,0.99975795,0.0022574547,0.9995159
1,0,0.9499974,0.19852279,0.89999485
1,1,0.99977976,0.002074804,0.9995595
1,0,0.97348213,0.122421235,0.94696426
0,0,0.9688238,0.13880734,0.9376476
0,1,0.7257602,0.58743036,0.45152044
0,1,0.81138057,0.48421493,0.62276113
1,1,0.9994267,0.004852137,0.99885345
1,1,0.54598135,0.68891263,0.091962695
1,0,0.97069126,0.13233103,0.9413825
0,0,0.9492736,0.20064864,0.8985472
0,1,0.7969283,0.50463134,0.5938566
1,1,0.99971455,0.0026150658,0.9994291
0,1,0.7353187,0.57789665,0.47063744
1,1,0.62146705,0.6633414,0.24293411
1,1,0.9996691,0.0029827768,0.99933815
0,1,0.81692,0.4760319,0.63383996
0,0,0.6194205,0.66434705,0.23884109
0,1,0.57332224,0.682356,0.14664447
0,1,0.80279577,0.49650216,0.60559154
1,1,0.79904234,0.50172716,0.5980847
1,0,0.993912,0.037127137,0.98782396
0,1,0.7126482,0.59976345,0.42529643
1,1,0.8148327,0.47913912,0.6296654
1,1,0.99983096,0.0016371909,0.9996619
0,1,0.8119417,0.48339522,0.62388337
1,0,0.6619642,0.639724,0.32392833
0,1,0.5194872,0.69238746,0.038974404
1,0,0.7079231,0.6040008,0.41584623
1,0,0.9419028,0.22169942,0.88380563
1,1,0.9997038,0.0027024266,0.99940765
0,0,0.97040206,0.13334182,0.9408041
0,0,0.56874824,0.68366456,0.1374965
1,1,0.9997763,0.0021038877,0.9995526
1,0,0.9423294,0.22050941,0.8846588
0,0,0.9400408,0.22685513,0.88008165
0,0,0.55121315,0.6878924,0.10242626
0,0,0.9544761,0.1851185,0.90895224
0,0,0.94110674,0.22391137,0.8822135
1,1,0.99963,0.003293877,0.99925995
1,1,0.57266325,0.68254983,0.1453265
0,1,0.81298834,0.4818607,0.6259767
1,0,0.9396153,0.22802468,0.8792306
0,0,0.96424377,0.1542143,0.92848754
1,1,0.8014904,0.4983293,0.60298085
1,0,0.9772896,0.10840776,0.95457923
1,1,0.75130177,0.5609005,0.50260353
0,1,0.8115576,0.48395655,0.6231152
0,0,0.96510977,0.15135023,0.93021953
1,0,0.9231872,0.2709153,0.8463744
0,1,0.79860795,0.50232613,0.5972159
0,0,0.9507437,0.19631965,0.90148735
0,1,0.54959744,0.68821925,0.099194884
1,0,0.90333384,0.3176954,0.8066677
0,1,0.81403524,0.48031864,0.6280705
0,1,0.6159892,0.6659935,0.23197842
0,1,0.5284921,0.6915227,0.056984186
0,0,0.96158075,0.16288745,0.9231615
1,0,0.993912,0.037127137,0.98782396
0,1,0.81202906,0.48326737,0.6240581
0,1,0.8163838,0.47683287,0.63276756
0,1,0.7215536,0.59147996,0.44310725
1,0,0.94279397,0.21920963,0.88558793
0,1,0.97502315,0.11682202,0.9500463
1,0,0.9139743,0.293245,0.8279486
0,1,0.6163426,0.6658262,0.23268521
1,1,0.9995864,0.0036356852,0.9991728
0,1,0.8065939,0.49112433,0.6131878
0,0,0.6652671,0.6374798,0.33053425
1,0,0.99928147,0.005919109,0.99856293
1,0,0.68268627,0.624828,0.36537254
1,1,0.7860382,0.51915866,0.57207644
1,0,0.8791623,0.3685907,0.7583246
1,1,0.85989106,0.4051612,0.7197821
1,1,0.9992817,0.005917513,0.9985634
0,0,0.9246187,0.26734132,0.84923744
1,0,0.6122414,0.6677349,0.2244828
1,0,0.7079231,0.6040008,0.41584623
1,1,0.8141099,0.48020834,0.62821984
1,1,0.9993861,0.0051541245,0.99877214
1,1,0.8185024,0.47365674,0.63700485
1,0,0.57077605,0.683095,0.14155209
0,0,0.95645857,0.1790401,0.91291714
0,1,0.7007699,0.61021054,0.4015398
0,1,0.7653372,0.5448493,0.53067446
1,0,0.99553263,0.02863011,0.99106526
0,0,0.9514994,0.19407646,0.9029988
0,1,0.8129994,0.48184443,0.62599885
0,1,0.80141354,0.49843657,0.6028271
1,0,0.78907835,0.5151752,0.5781567
1,0,0.6289848,0.6594938,0.25796965
0,1,0.6138041,0.667016,0.2276082
0,0,0.90883344,0.30522853,0.8176669
1,1,0.814669,0.4793816,0.629338
1,1,0.8143653,0.47983092,0.62873065
0,1,0.81108963,0.4846391,0.62217927
0,1,0.79804456,0.50310135,0.5960891
0,0,0.9855209,0.07569351,0.9710418
1,1,0.81687886,0.47609338,0.6337577
0,1,0.8077604,0.48945415,0.61552083
0,0,0.7015484,0.60954666,0.4030968
1,0,0.94187427,0.22177899,0.88374853
1,0,0.5578915,0.68642926,0.11578295
1,0,0.50061864,0.69314647,0.0012372732
1,0,0.5507619,0.68798476,0.10152376
0,1,0.5119993,0.6928592,0.023998618
1,1,0.8043995,0.4942426,0.608799
1,1,0.811305,0.48432517,0.62261
1,1,0.79918295,0.50153303,0.5983659
1,0,0.993912,0.037127137,0.98782396
0,0,0.94220144,0.22086671,0.8844029
0,1,0.7263803,0.58682597,0.45276058
1,1,0.5734891,0.68230665,0.14697826
1,0,0.9961141,0.025446765,0.99222815
0,1,0.8168542,0.47613025,0.63370836
1,0,0.9687745,0.1389767,0.937549
1,1,0.81160414,0.48388857,0.6232083
1,0,0.942448,0.22017789,0.88489604
0,1,0.7173063,0.5954794,0.43461263
1,1,0.99965346,0.0031075529,0.9993069
1,1,0.52796376,0.69158244,0.055927515
0,0,0.5378424,0.6902804,0.075684786
1,1,0.5883312,0.6774602,0.17666245
1,0,0.7079231,0.6040008,0.41584623
1,0,0.9871458,0.06873961,0.97429156
0,0,0.6211654,0.6634908,0.24233076
0,1,0.78044134,0.52634877,0.5608827
1,1,0.9997454,0.0023613544,0.99949086
1,0,0.9427497,0.21933371,0.88549936
1,0,0.9499974,0.19852279,0.89999485
1,0,0.92975056,0.25428373,0.8595011
1,0,0.8017874,0.4979146,0.60357475
0,1,0.7866381,0.518377,0.57327616
0,1,0.53305525,0.6909603,0.06611049
1,1,0.7505664,0.561712,0.50113285
1,1,0.55498296,0.6870887,0.10996592
1,1,0.8113238,0.4842977,0.62264764
0,1,0.7926188,0.5104662,0.5852376
0,1,0.8151525,0.47866488,0.63030505
1,0,0.94280833,0.21916933,0.88561666
0,1,0.60834706,0.66948175,0.21669412
1,1,0.63418317,0.65669173,0.26836634
0,1,0.80112356,0.49884087,0.6022471
1,1,0.9997873,0.0020114344,0.99957454
0,1,0.7986657,0.5022466,0.5973314
0,1,0.59095,0.67651093,0.18190002
0,0,0.971486,0.12953825,0.94297194
1,0,0.53219545,0.69107264,0.06439087
1,0,0.9418998,0.2217079,0.88379955
0,1,0.6611679,0.6402577,0.32233584
1,0,0.9423895,0.22034153,0.884779
0,1,0.8105213,0.48546618,0.6210426
1,1,0.9997763,0.0021038877,0.9995526
1,0,0.9757542,0.11413201,0.9515084
0,1,0.9997788,0.0020828324,0.9995576
1,1,0.99963117,0.0032844557,0.99926233
1,0,0.9831352,0.08557262,0.96627045
1,1,0.99940705,0.0049986076,0.9988141
1,0,0.97433764,0.1193245,0.9486753
1,1,0.90150744,0.32175812,0.8030149
0,0,0.78718966,0.51765645,0.5743793
0,1,0.80100375,0.49900776,0.6020075
1,0,0.9657702,0.14915112,0.93154037
1,1,0.999724,0.0025380508,0.99944794
1,0,0.9447439,0.21371,0.88948774
0,1,0.80397356,0.49484432,0.6079471
1,1,0.9291002,0.25596023,0.85820043
1,0,0.6521889,0.6460811,0.3043778
1,1,0.63418317,0.65669173,0.26836634
1,1,0.78761894,0.5170944,0.5752379
0,1,0.8169146,0.4760399,0.63382924
0,1,0.79923826,0.5014566,0.5984765
0,0,0.9491147,0.20111376,0.89822936
1,0,0.9447439,0.21371,0.88948774
0,1,0.81880593,0.47319928,0.63761187
1,1,0.7877097,0.51697534,0.5754194
1,0,0.7079231,0.6040008,0.41584623
1,0,0.9431122,0.21831694,0.8862244
0,1,0.8327552,0.45149046,0.6655104
1,1,0.99970776,0.0026704404,0.9994155
0,1,0.7724449,0.5363052,0.5448898
1,1,0.9997372,0.002429294,0.9994744
1,1,0.57280374,0.6825086,0.14560747
1,1,0.9998141,0.001782879,0.9996282
0,1,0.6163426,0.6658262,0.23268521
1,1,0.8155789,0.47803164,0.63115776
0,0,0.9649106,0.15201078,0.92982125
1,0,0.9757542,0.11413201,0.9515084
1,1,0.99969006,0.0028139718,0.9993801
1,0,0.9842429,0.08103146,0.96848583
1,0,0.8678587,0.390437,0.7357174
0,1,0.7897798,0.5142483,0.57955956
1,1,0.6487968,0.6481883,0.2975936
0,0,0.87768024,0.37152162,0.7553605
0,0,0.5032023,0.6931267,0.0064046085
0,1,0.59906656,0.67338836,0.19813311
1,1,0.9997454,0.0023613544,0.99949086
1,0,0.9687745,0.1389767,0.937549
1,0,0.97401863,0.12048265,0.94803727
0,1,0.81156313,0.48394847,0.62312627
1,1,0.99965453,0.0030990036,0.99930906
0,1,0.6979079,0.6126265,0.39581585
1,1,0.9992817,0.005917513,0.9985634
0,1,0.5689015,0.68362206,0.13780296
1,0,0.94275326,0.2193236,0.8855065
0,1,0.748888,0.5635535,0.49777603
0,1,0.84525794,0.43084723,0.6905159
1,1,0.8136644,0.48086572,0.62732875
0,1,0.79010624,0.5138159,0.5802125
1,0,0.9794839,0.10004101,0.9589678
1,1,0.80827045,0.48872113,0.6165409
1,1,0.8224654,0.46763438,0.64493084
1,1,0.9994267,0.004852137,0.99885345
1,0,0.97117877,0.13062052,0.94235754
1,1,0.7985968,0.5023415,0.5971936
1,0,0.9772896,0.10840776,0.95457923
1,1,0.9997818,0.0020577298,0.9995636
1,1,0.99971455,0.0026150658,0.9994291
0,1,0.8127666,0.48218644,0.6255332
1,0,0.94667566,0.20818965,0.8933513
0,1,0.81278545,0.48215872,0.6255709
1,0,0.5121597,0.6928514,0.02431941
0,1,0.7879585,0.516649,0.575917
0,1,0.8130507,0.48176908,0.6261014
1,1,0.6074826,0.66986084,0.21496522
1,0,0.9772896,0.10840776,0.95457923
0,1,0.5811774,0.6799091,0.16235483
0,1,0.6208484,0.6636473,0.24169683
0,1,0.6339551,0.6568171,0.26791024
1,1,0.8114613,0.48409706,0.62292266
0,1,0.81326616,0.48145217,0.6265323
0,1,0.8139684,0.48041728,0.62793684
0,1,0.52375686,0.692018,0.047513723
1,0,0.841764,0.4367332,0.68352795
1,0,0.9906709,0.05289542,0.98134184
1,0,0.8466027,0.4285571,0.69320536
1,0,0.50061864,0.69314647,0.0012372732
0,1,0.617258,0.6653905,0.23451602
1,1,0.9997212,0.0025605056,0.99944246
1,0,0.64988863,0.64751554,0.29977724
0,1,0.5738715,0.6821931,0.14774299
0,1,0.5307873,0.6912503,0.06157458
1,1,0.7843977,0.5212853,0.56879544
1,0,0.9974522,0.017761303,0.9949044
1,0,0.50061864,0.69314647,0.0012372732
0,1,0.82128006,0.4694469,0.6425601
0,1,0.81526333,0.47850043,0.63052666
0,1,0.8139918,0.4803828,0.62798357
1,1,0.63418317,0.65669173,0.26836634
1,1,0.9997372,0.002429294,0.9994744
0,1,0.7605557,0.5504386,0.52111137
0,0,0.9399599,0.22707787,0.87991977
1,0,0.6563275,0.64344144,0.312655
0,1,0.60812205,0.6695807,0.2162441
1,0,0.6433945,0.65144014,0.2867889
0,1,0.77086645,0.5382273,0.5417329
1,0,0.9499408,0.19868952,0.8998816
0,1,0.7956296,0.5064017,0.59125924
0,1,0.81289333,0.4820003,0.62578666
1,0,0.5398848,0.68996215,0.07976964
1,0,0.53219545,0.69107264,0.06439087
1,0,0.6289848,0.6594938,0.25796965
1,0,0.94667566,0.20818965,0.8933513
1,0,0.9970492,0.020136861,0.9940984
0,1,0.75728333,0.55419123,0.51456666
1,0,0.93984866,0.22738367,0.8796973
0,1,0.8114083,0.4841745,0.62281656
0,1,0.81798404,0.47443667,0.6359681
1,0,0.60779214,0.6697255,0.21558425
0,1,0.80614084,0.49177063,0.6122817
1,1,0.81476873,0.47923392,0.62953746
1,0,0.6466485,0.6494967,0.29329705
1,0,0.9383117,0.23158792,0.8766234
0,1,0.81445557,0.47969747,0.62891114
0,1,0.76398,0.5464487,0.52795994
0,1,0.7720207,0.53682315,0.5440414
1,1,0.811576,0.48392966,0.623152
1,0,0.98551804,0.07570548,0.9710361
1,1,0.9997845,0.0020345997,0.99956906
0,0,0.61470616,0.6665963,0.22941232
1,1,0.8121259,0.48312563,0.62425184
1,1,0.9997454,0.0023613544,0.99949086
0,0,0.63331574,0.65716743,0.26663148
0,1,0.8133358,0.48134977,0.62667155
0,1,0.81662834,0.4764678,0.6332567
1,0,0.57077616,0.683095,0.14155233
0,0,0.94937855,0.20034106,0.8987571
0,1,0.6344159,0.6565635,0.26883185
1,0,0.99553263,0.02863011,0.99106526
0,1,0.80408514,0.49468678,0.6081703
1,1,0.9994393,0.004758131,0.9988786
0,1,0.8131848,0.4815719,0.6263696
1,1,0.81156874,0.48394024,0.6231375
0,0,0.6366576,0.65531707,0.27331522
1,1,0.63441736,0.65656275,0.2688347
1,0,0.5613935,0.6855898,0.12278697
1,1,0.8672812,0.39152253,0.7345624
1,0,0.9741804,0.1198958,0.9483608
1,1,0.9994267,0.004852137,0.99885345
1,0,0.99134207,0.04973932,0.98268414
0,1,0.8158288,0.47765988,0.6316576
1,1,0.99975854,0.0022524914,0.9995171
0,1,0.82330817,0.4663399,0.64661634
0,0,0.50778437,0.693026,0.015568763
1,1,0.99971455,0.0026150658,0.9994291
0,0,0.68803006,0.6206678,0.37606013
1,1,0.6344497,0.6565449,0.26889944
0,1,0.7622265,0.5484998,0.52445304
1,0,0.9227709,0.2719491,0.84554183
1,0,0.8765118,0.3738178,0.7530236
0,1,0.8126702,0.48232794,0.62534034
0,1,0.8152878,0.47846407,0.63057566
0,1,0.7448954,0.56787395,0.4897908
0,0,0.50771356,0.6930282,0.015427142
0,0,0.95602185,0.18038708,0.9120437
1,0,0.9257736,0.26443657,0.85154724
1,1,0.8143249,0.47989067,0.62864983
0,0,0.9315778,0.24953839,0.8631556
1,0,0.823709,0.4657225,0.647418
0,1,0.6169794,0.6655235,0.23395884
1,1,0.9992459,0.006175913,0.99849176
0,0,0.97127235,0.13029109,0.9425447
0,1,0.7778187,0.529655,0.55563736
1,0,0.9418927,0.22172761,0.88378537
0,0,0.9439817,0.21586815,0.8879634
1,0,0.94414365,0.21541052,0.8882873
1,0,0.6279355,0.66004527,0.2558711
0,1,0.8127762,0.4821723,0.6255524
0,1,0.8071837,0.490281,0.61436737
1,0,0.989263,0.05936137,0.978526
1,0,0.5121597,0.6928514,0.02431941
0,1,0.81253225,0.4825303,0.6250645
1,1,0.99961394,0.0034202253,0.9992279
1,0,0.8765118,0.3738178,0.7530236
1,0,0.7347194,0.57850814,0.46943882
1,1,0.99977976,0.002074804,0.9995595
1,1,0.9994783,0.004464938,0.99895656
0,0,0.7610521,0.5498642,0.52210414
0,1,0.7415435,0.5714363,0.48308694
1,1,0.8115198,0.4840117,0.6230396
0,1,0.79974496,0.5007558,0.5994899
1,1,0.8115258,0.48400292,0.62305164
0,1,0.52558357,0.69183755,0.05116713
0,1,0.8129143,0.48196948,0.6258286
1,1,0.9997309,0.0024813039,0.99946177
1,0,0.6466485,0.6494967,0.29329705
0,0,0.91381717,0.2936162,0.82763433
1,1,0.8024966,0.49692184,0.6049932
1,0,0.9315761,0.24954295,0.86315215
1,0,0.94468504,0.21387695,0.8893701
0,1,0.8131407,0.48163676,0.6262814
1,1,0.9997309,0.0024813039,0.99946177
1,0,0.9494851,0.2000285,0.89897025
1,0,0.9220161,0.2738176,0.84403217
0,0,0.6461421,0.64980215,0.29228428
0,1,0.7173043,0.59548134,0.43460858
0,1,0.8168561,0.47612745,0.6337122
1,1,0.76608545,0.54396325,0.5321709
1,1,0.9996691,0.0029827768,0.99933815
0,1,0.8142432,0.48001146,0.6284864
0,0,0.94584215,0.21058044,0.8916843
1,1,0.99954176,0.003981142,0.9990835
1,0,0.94250864,0.22000834,0.8850173
0,1,0.56225157,0.6853765,0.124503136
1,0,0.9842557,0.080978714,0.96851134
0,1,0.5997136,0.6731276,0.19942725
1,0,0.9938287,0.037550718,0.9876574
0,1,0.76057017,0.55042183,0.52114034
0,1,0.61223984,0.66773564,0.22447968
1,1,0.8115768,0.4839285,0.62315357
1,0,0.94287425,0.2189846,0.8857485
1,0,0.8604843,0.40408337,0.7209686
0,1,0.6339551,0.6568171,0.26791024
1,0,0.9331882,0.24531287,0.8663764
0,1,0.57773155,0.6810136,0.1554631
0,1,0.8114321,0.48413968,0.62286425
1,0,0.902385,0.3198108,0.80477
1,0,0.9932165,0.04063213,0.986433
0,0,0.9693595,0.13696155,0.93871903
0,0,0.9853844,0.07626889,0.9707688
1,0,0.9423871,0.22034822,0.8847742
0,0,0.9239156,0.2691003,0.84783125
1,0,0.63675153,0.6552644,0.27350304
0,1,0.7906419,0.513105,0.5812838
0,0,0.55067444,0.6880026,0.10134888
1,0,0.9423877,0.22034656,0.8847754
1,1,0.8002736,0.5000229,0.6005472
1,0,0.96935534,0.13697588,0.9387107
1,1,0.8117909,0.48361573,0.62358177
0,1,0.99975795,0.0022574547,0.9995159
1,0,0.6433945,0.65144014,0.2867889
0,0,0.93238986,0.24741282,0.8647797
0,1,0.81525207,0.47851714,0.63050413
1,1,0.79911184,0.5016312,0.5982237
0,1,0.6082311,0.6695328,0.21646225
1,1,0.8025377,0.49686426,0.60507536
0,0,0.9734354,0.122589625,0.9468708
0,1,0.811643,0.4838318,0.623286
0,0,0.9764436,0.111574575,0.9528872
0,1,0.814809,0.4791742,0.62961805
0,0,0.51621556,0.6926212,0.032431096
0,1,0.5146761,0.69271636,0.029352188
1,0,0.553372,0.6874392,0.10674402
1,0,0.61560977,0.6661725,0.23121953
1,0,0.9426518,0.21960771,0.8853036
0,1,0.81398183,0.48039746,0.62796366
1,1,0.8114916,0.48405287,0.6229832
0,1,0.5239925,0.6919955,0.047984958
0,1,0.80560726,0.49253017,0.6112145
1,0,0.9429756,0.21870033,0.88595116
1,1,0.57280374,0.6825086,0.14560747
1,0,0.58704966,0.6779144,0.17409933
1,1,0.8141263,0.48018414,0.6282526
0,0,0.6313087,0.65825546,0.26261732
1,1,0.99977916,0.0020798224,0.9995583
0,0,0.95782655,0.17479096,0.9156531
1,0,0.9546793,0.18449973,0.9093586
0,1,0.7933263,0.50951606,0.58665264
0,0,0.9491288,0.20107244,0.8982576
1,1,0.9994492,0.004683977,0.9988984
0,1,0.8137479,0.48074263,0.62749577
1,0,0.5121597,0.6928514,0.02431941
1,0,0.9842557,0.080978714,0.96851134
1,0,0.94667566,0.20818965,0.8933513
1,1,0.99971455,0.0026150658,0.9994291
1,0,0.941264,0.2234754,0.88252795
1,1,0.99954176,0.003981142,0.9990835
0,1,0.80612814,0.49178874,0.6122563
0,1,0.75401384,0.55788237,0.5080277
0,1,0.7826065,0.52358913,0.56521297
1,0,0.6276573,0.66019076,0.25531456
1,0,0.9424251,0.22024201,0.88485014
1,1,0.81679326,0.47622135,0.6335865
0,0,0.9508309,0.19606152,0.90166175
1,1,0.999278,0.005944251,0.998556
0,1,0.57126427,0.6829553,0.14252853
0,1,0.799051,0.5017152,0.598102
1,0,0.9780512,0.105529584,0.9561024
1,0,0.58938575,0.67708135,0.1787715
0,1,0.81329006,0.481417,0.6265801
1,1,0.8011011,0.49887216,0.6022022
1,0,0.96446157,0.15349606,0.92892313
1,1,0.8125074,0.4825667,0.6250148
0,0,0.7158712,0.5968107,0.4317424
1,1,0.532569,0.6910242,0.06513798
1,1,0.99977916,0.0020798224,0.9995583
0,1,0.9997788,0.0020828324,0.9995576
0,1,0.81693745,0.47600576,0.6338749
0,1,0.6040381,0.67134035,0.20807624
0,0,0.943177,0.21813492,0.88635397
1,0,0.9427729,0.21926855,0.88554585
0,1,0.81399155,0.48038316,0.6279831
1,1,0.99970776,0.0026704404,0.9994155
1,1,0.8151498,0.47866896,0.63029957
1,0,0.61560977,0.6661725,0.23121953
0,1,0.74416274,0.56865764,0.48832548
1,0,0.86343426,0.39867997,0.7268685
1,0,0.53219545,0.69107264,0.06439087
1,0,0.8396207,0.44029832,0.6792414
0,1,0.8031528,0.49600053,0.6063056
1,1,0.81547004,0.4781934,0.6309401
0,1,0.7898234,0.51419055,0.5796468
1,0,0.60779214,0.6697255,0.21558425
1,0,0.6189668,0.6645677,0.23793367
1,0,0.9822183,0.08927543,0.96443665
0,0,0.94832116,0.20342913,0.8966423
0,1,0.7624447,0.54824555,0.52488935
1,1,0.81685543,0.4761284,0.63371086
0,1,0.8152778,0.4784789,0.6305556
1,0,0.8396207,0.44029832,0.6792414
1,0,0.50061864,0.69314647,0.0012372732
0,1,0.8027335,0.49658957,0.60546696
0,1,0.72851,0.58473516,0.45702004
1,0,0.74127585,0.57171816,0.4825517
1,1,0.9996395,0.0032183977,0.999279
1,0,0.5121597,0.6928514,0.02431941
0,1,0.806689,0.49098843,0.61337805
1,1,0.99977916,0.0020798224,0.9995583
1,1,0.9995597,0.0038428616,0.9991194
1,0,0.98485804,0.07847581,0.9697161
1,0,0.9150581,0.29067641,0.83011615
0,0,0.95211154,0.19225042,0.9042231
1,0,0.6436744,0.65127474,0.28734875
1,0,0.920138,0.2784322,0.840276
1,0,0.9974522,0.017761303,0.9949044
1,0,0.50061864,0.69314647,0.0012372732
1,1,0.8139992,0.4803719,0.62799835
0,1,0.74151653,0.57146466,0.48303306
0,1,0.70408136,0.6073664,0.4081627
0,0,0.9660603,0.14818092,0.93212056
1,0,0.6122414,0.6677349,0.2244828
1,1,0.8167445,0.4762942,0.633489
0,0,0.5326747,0.69101036,0.06534937
0,1,0.8424935,0.4355119,0.68498695
0,1,0.8158409,0.47764188,0.6316818
1,0,0.99816394,0.013401728,0.9963279
0,1,0.804554,0.49402407,0.609108
1,1,0.79878134,0.50208724,0.5975627
0,1,0.63332975,0.6571597,0.2666595
0,1,0.79997045,0.5004434,0.5999409
0,1,0.80393684,0.49489614,0.6078737
1,1,0.9997873,0.0020114344,0.99957454
1,0,0.553372,0.6874392,0.10674402
1,1,0.999724,0.0025380508,0.99944794
0,0,0.6494237,0.64780265,0.2988474
1,0,0.9950468,0.031231044,0.9900936
1,0,0.6466485,0.6494967,0.29329705
0,1,0.77467537,0.53356504,0.54935074
0,1,0.7721741,0.536636,0.54434824
1,1,0.53701943,0.6904038,0.07403886
1,1,0.9995684,0.0037755272,0.9991368
0,1,0.5909501,0.67651093,0.18190014
0,1,0.80133426,0.49854714,0.6026685
1,1,0.99953306,0.00404796,0.9990661
0,1,0.8234264,0.46615785,0.64685285
0,0,0.5837172,0.6790638,0.16743442
0,1,0.8020719,0.4975167,0.60414386
0,1,0.5303713,0.6913012,0.060742617
1,0,0.5121597,0.6928514,0.02431941
1,1,0.81165737,0.48381084,0.62331474
0,1,0.7849123,0.52062,0.5698246
0,1,0.7998132,0.50066125,0.5996264
1,0,0.5121597,0.6928514,0.02431941
1,0,0.94728357,0.20643722,0.89456713
0,1,0.7713985,0.53758097,0.54279697
1,1,0.63439655,0.65657425,0.2687931
0,1,0.79321873,0.5096607,0.58643746
0,1,0.8175796,0.47504383,0.63515925
1,1,0.8110315,0.48472378,0.62206304
1,0,0.9774933,0.107640736,0.9549866
0,1,0.81732744,0.4754219,0.6346549
0,1,0.7690427,0.5404305,0.53808534
0,1,0.7705596,0.53859925,0.5411192
1,1,0.99971455,0.0026150658,0.9994291
0,1,0.7999336,0.5004944,0.5998672
1,1,0.87032485,0.3857687,0.7406497
1,0,0.9507532,0.19629145,0.9015064
1,0,0.78907835,0.5151752,0.5781567
0,0,0.94906193,0.20126814,0.89812386
1,0,0.7785176,0.52877784,0.5570352
0,1,0.81282187,0.48210526,0.62564373
1,0,0.99748707,0.017553039,0.99497414
1,0,0.6368474,0.65521055,0.27369472
1,1,0.99971455,0.0026150658,0.9994291
0,1,0.564401,0.6848291,0.12880194
1,0,0.52619165,0.69177455,0.052383304
1,0,0.9752878,0.11585072,0.9505756
1,0,0.96219677,0.16089879,0.92439353
0,1,0.8130796,0.4817266,0.6261592
1,1,0.9996691,0.0029827768,0.99933815
0,0,0.96498954,0.15174918,0.9299791
0,1,0.8128172,0.48211208,0.62563443
1,1,0.81439745,0.47978342,0.6287949
1,1,0.9996971,0.0027570701,0.9993942
0,0,0.92461365,0.26735404,0.8492273
0,0,0.97069496,0.13231806,0.9413899
1,1,0.813015,0.48182154,0.62602997
0,1,0.91256404,0.2965651,0.8251281
0,1,0.6169794,0.6655235,0.23395884
1,1,0.59554255,0.6747776,0.1910851
1,1,0.99965453,0.0030990036,0.99930906
1,0,0.9374475,0.23393385,0.874895
0,1,0.81155443,0.48396116,0.62310886
0,1,0.91363984,0.29403466,0.8272797
0,0,0.94386303,0.21620321,0.88772607
1,0,0.6563275,0.64344144,0.312655
1,1,0.99967647,0.0029234677,0.99935293
1,0,0.6289848,0.6594938,0.25796965
1,0,0.932126,0.24810463,0.864252
0,1,0.99975795,0.0022574547,0.9995159
0,1,0.79252124,0.510597,0.5850425
1,0,0.5121597,0.6928514,0.02431941
1,1,0.9997454,0.0023613544,0.99949086
1,1,0.6342632,0.6566477,0.26852643
1,0,0.95027614,0.1977014,0.9005523
1,0,0.99359596,0.038729124,0.9871919
0,1,0.8168572,0.47612572,0.63371444
1,0,0.93460095,0.2415717,0.8692019
0,1,0.80363244,0.4953254,0.6072649
1,1,0.8145806,0.47951242,0.62916124
1,0,0.9499974,0.19852279,0.89999485
0,1,0.5113125,0.69289124,0.02262497
1,0,0.9337825,0.243743,0.86756504
0,0,0.96486723,0.15215452,0.92973447
1,1,0.81085545,0.48498017,0.6217109
1,1,0.80198306,0.49764103,0.6039661
1,1,0.9995252,0.0041082306,0.9990504
1,1,0.63418317,0.65669173,0.26836634
0,1,0.55543727,0.68698794,0.11087453
1,1,0.7998048,0.50067294,0.5996096
1,1,0.8129227,0.48195714,0.62584543
1,0,0.8807523,0.3654233,0.76150465
0,1,0.75223434,0.55986714,0.5044687
1,0,0.9918957,0.047096558,0.98379135
1,0,0.9451892,0.21244389,0.89037836
1,0,0.65300786,0.64556473,0.30601576
1,0,0.9938338,0.03752504,0.98766756
1,1,0.9995877,0.0036254677,0.9991754
0,1,0.85760516,0.4092871,0.7152103
0,1,0.8127678,0.48218465,0.6255356
1,1,0.8115322,0.48399362,0.6230644
0,0,0.5168023,0.6925825,0.03360465
1,0,0.91368467,0.29392898,0.82736933
1,0,0.9842429,0.08103146,0.96848583
1,1,0.999371,0.0052654576,0.998742
1,0,0.6523874,0.64595616,0.3047748
1,0,0.5121597,0.6928514,0.02431941
1,0,0.9402959,0.2261526,0.88059175
1,1,0.99963,0.003293877,0.99925995
1,1,0.6061405,0.67044324,0.21228099
1,0,0.9772896,0.10840776,0.95457923
1,1,0.816055,0.47732306,0.63211
0,1,0.529281,0.69143146,0.05856204
1,0,0.993912,0.037127137,0.98782396
0,1,0.56866956,0.68368626,0.13733912
1,0,0.61602867,0.66597486,0.23205733
0,1,0.7840154,0.5217786,0.56803083
1,1,0.91491276,0.29102165,0.8298255
1,0,0.743992,0.5688399,0.4879839
1,0,0.9429972,0.21863961,0.88599443
1,0,0.9927643,0.042872325,0.9855286
1,0,0.96418154,0.15441927,0.9283631
1,1,0.99976677,0.0021838434,0.99953353
1,0,0.66709864,0.6362143,0.33419725
1,1,0.9995078,0.0042410973,0.99901557
1,0,0.99347365,0.03934491,0.9869473
1,1,0.81139195,0.48419833,0.6227839
1,0,0.87496895,0.37683058,0.7499379
0,1,0.8135352,0.4810561,0.6270704
0,0,0.6637026,0.638549,0.32740518
1,0,0.67338014,0.6317589,0.3467603
1,0,0.94217664,0.22093594,0.8843533
1,0,0.89763504,0.33024848,0.7952701
1,0,0.53237504,0.69104946,0.064750075
0,1,0.81690705,0.4760512,0.6338141
1,1,0.8011615,0.498788,0.60232306
1,0,0.9402959,0.2261526,0.88059175
0,1,0.8116537,0.4838162,0.62330735
1,1,0.99983704,0.001584277,0.9996741
0,1,0.5088466,0.69299066,0.017693162
1,1,0.78813154,0.51642174,0.57626307
0,1,0.7583536,0.5529703,0.5167072
1,0,0.96959025,0.13616368,0.9391805
0,1,0.5347385,0.6907317,0.06947696
0,1,0.8129612,0.48190054,0.62592244
1,0,0.9285326,0.25741822,0.8570652
0,0,0.9715149,0.12943617,0.94302976
0,0,0.8965684,0.33255816,0.79313684
1,0,0.94157654,0.22260743,0.8831531
1,1,0.63418317,0.65669173,0.26836634
1,0,0.9555103,0.18195905,0.91102064
1,0,0.61602867,0.66597486,0.23205733
0,0,0.9328858,0.24610944,0.86577165
0,1,0.79723185,0.504216,0.5944637
0,1,0.80315816,0.49599302,0.6063163
1,1,0.99940705,0.0049986076,0.9988141
0,1,0.78337014,0.52260923,0.5667403
0,1,0.81394625,0.48045003,0.6278925
1,0,0.6524838,0.6458955,0.30496764
0,1,0.8299837,0.45591205,0.6599674
0,1,0.71730894,0.595477,0.43461788
1,0,0.60779214,0.6697255,0.21558425
1,0,0.61560977,0.6661725,0.23121953
1,1,0.999326,0.005595578,0.998652
1,0,0.9918957,0.047096558,0.98379135
1,1,0.9996971,0.0027570701,0.9993942
1,1,0.8022153,0.497316,0.60443056
1,0,0.67024684,0.6340037,0.3404937
0,1,0.76074713,0.55021715,0.52149427
0,0,0.9495615,0.1998044,0.89912295
0,1,0.74869967,0.5637592,0.49739933
0,1,0.81385154,0.48058978,0.6277031
1,0,0.92975056,0.25428373,0.8595011
1,0,0.5836005,0.67910326,0.16720104
0,1,0.8154239,0.47826195,0.6308478
1,0,0.9383117,0.23158792,0.8766234
0,1,0.6083471,0.6694817,0.21669424
0,1,0.9997788,0.0020828324,0.9995576
0,1,0.51921237,0.69240874,0.03842473
1,1,0.99970776,0.0026704404,0.9994155
1,0,0.9248193,0.26683822,0.8496386
0,1,0.5678739,0.683905,0.13574779
0,1,0.8204808,0.4706636,0.64096165
1,0,0.50061864,0.69314647,0.0012372732
1,0,0.9703753,0.13343522,0.9407506
1,0,0.993912,0.037127137,0.98782396
0,1,0.81411433,0.48020184,0.62822866
1,1,0.79725266,0.5041875,0.5945053
1,1,0.999597,0.0035528964,0.999194
0,1,0.8163868,0.47682834,0.63277364
0,1,0.7854357,0.51994157,0.57087135
0,1,0.946928,0.20746303,0.89385605
0,1,0.6809549,0.6261476,0.36190975
0,1,0.83948135,0.44052893,0.6789627
1,0,0.86343426,0.39867997,0.7268685
1,0,0.86863196,0.38897908,0.7372639
1,1,0.9996226,0.0033522039,0.99924517
1,1,0.7972375,0.50420827,0.59447503
0,1,0.8150232,0.47885674,0.63004637
0,1,0.79433453,0.50815684,0.58866906
0,0,0.5367327,0.6904462,0.07346538
0,1,0.7919304,0.5113878,0.58386075
1,1,0.99940705,0.0049986076,0.9988141
0,0,0.94623065,0.20946768,0.8924613
1,0,0.9425209,0.21997403,0.88504183
0,1,0.7601431,0.55091494,0.5202862
1,1,0.9995252,0.0041082306,0.9990504
0,1,0.5239916,0.69199556,0.04798317
1,0,0.94198227,0.221478,0.88396454
1,0,0.97564787,0.11452463,0.95129573
1,1,0.80153424,0.49826813,0.6030685
0,1,0.8128124,0.4821192,0.6256248
0,1,0.8197624,0.47175357,0.6395248
1,1,0.9996971,0.0027570701,0.9993942
1,1,0.9996383,0.0032278462,0.99927664
1,0,0.8396207,0.44029832,0.6792414
0,1,0.99975795,0.0022574547,0.9995159
1,1,0.64937246,0.64783424,0.29874492
1,1,0.993008,0.041668627,0.98601604
0,1,0.52670014,0.6917207,0.053400278
1,0,0.9424552,0.22015788,0.88491035
1,1,0.8031528,0.49600053,0.6063056
1,0,0.729143,0.5841093,0.45828608
1,0,0.746689,0.5659435,0.49337804
1,1,0.999371,0.0052654576,0.998742
0,1,0.8044233,0.494209,0.60884655
0,1,0.9997788,0.0020828324,0.9995576
1,1,0.9994492,0.004683977,0.9988984
0,1,0.81578404,0.47772652,0.6315681
0,1,0.5863507,0.6781593,0.17270136
0,1,0.60339385,0.67161155,0.2067877
1,0,0.94108397,0.22397453,0.88216794
0,1,0.81413805,0.4801668,0.6282761
0,1,0.81384397,0.48060095,0.62768793
1,1,0.5143825,0.6927334,0.028764963
1,1,0.9996971,0.0027570701,0.9993942
0,0,0.9502564,0.19775958,0.9005128
0,1,0.80114496,0.49881107,0.6022899
0,1,0.8011665,0.49878109,0.60233295
1,0,0.6301081,0.6588981,0.26021624
0,1,0.5730911,0.6824242,0.14618218
1,0,0.9671554,0.14449531,0.9343108
0,0,0.95697194,0.17745091,0.9139439
0,1,0.8020579,0.49753624,0.60411584
0,1,0.7778121,0.52966315,0.55562425
0,1,0.9092226,0.30433273,0.8184452
0,1,0.81658196,0.47653705,0.6331639
0,1,0.71680313,0.5959474,0.43360627
0,1,0.75728333,0.55419123,0.51456666
1,1,0.9997372,0.002429294,0.9994744
1,0,0.9741804,0.1198958,0.9483608
1,0,0.61560977,0.6661725,0.23121953
0,1,0.81596094,0.4774632,0.6319219
1,0,0.553372,0.6874392,0.10674402
0,0,0.5580231,0.6863986,0.11604616
0,1,0.8027395,0.49658114,0.605479
0,0,0.97154814,0.12931874,0.9430963
0,1,0.8152085,0.47858182,0.630417
0,1,0.75111675,0.56110495,0.5022335
1,1,0.81139815,0.48418927,0.6227963
1,1,0.63418317,0.65669173,0.26836634
0,0,0.6361929,0.65557724,0.27238584
0,1,0.6159892,0.6659935,0.23197842
1,1,0.81140316,0.484182,0.6228063
1,1,0.8019941,0.49762556,0.6039882
1,1,0.99967647,0.0029234677,0.99935293
0,1,0.8121025,0.48315996,0.624205
0,1,0.8155162,0.4781249,0.63103235
0,1,0.59490085,0.6750251,0.1898017
1,0,0.9724407,0.12615278,0.94488144
0,1,0.74888927,0.56355214,0.49777853
0,1,0.80967695,0.48669106,0.6193539
1,1,0.8898909,0.34674335,0.7797818
0,1,0.7271839,0.5860397,0.45436776
1,0,0.50061864,0.69314647,0.0012372732
1,1,0.99963,0.003293877,0.99925995
0,0,0.9622008,0.16088565,0.92440164
0,1,0.81783295,0.47466365,0.6356659
0,1,0.74374276,0.56910557,0.48748553
1,1,0.8115139,0.4840203,0.6230278
1,0,0.9935298,0.039062493,0.9870596
1,1,0.7885171,0.51591474,0.57703424
0,1,0.81289184,0.4820025,0.6257837
0,0,0.9502371,0.19781657,0.9004742
0,1,0.79978687,0.50069773,0.59957373
0,0,0.69760823,0.61287725,0.39521646
1,0,0.94227016,0.22067487,0.8845403
0,0,0.50108033,0.6931448,0.0021606684
1,0,0.9958078,0.027133454,0.99161565
0,1,0.727989,0.58524877,0.45597804
1,1,0.9997458,0.0023583944,0.9994916
0,0,0.9556578,0.18150647,0.91131556
0,1,0.5865797,0.67807925,0.17315936
1,0,0.5904906,0.6766795,0.18098113
1,0,0.94256705,0.21984501,0.8851341
1,1,0.99971455,0.0026150658,0.9994291
1,0,0.9871458,0.06873961,0.97429156
1,1,0.9997657,0.0021928137,0.9995314
0,0,0.9432194,0.21801567,0.88643885
0,1,0.8132941,0.48141107,0.6265882
1,0,0.94604516,0.2099993,0.8920903
0,1,0.81524295,0.4785307,0.6304859
1,0,0.9412845,0.22341849,0.88256896
0,0,0.95429826,0.18565926,0.9085965
1,0,0.94163114,0.2224556,0.8832623
0,1,0.61588484,0.6660428,0.23176968
1,0,0.993912,0.037127137,0.98782396
1,0,0.9927643,0.042872325,0.9855286
0,0,0.97154504,0.12932974,0.9430901
0,1,0.79805344,0.50308913,0.5961069
1,1,0.9995078,0.0042410973,0.99901557
0,0,0.97127235,0.13029109,0.9425447
0,1,0.7798965,0.52703893,0.559793
0,1,0.7902521,0.5136225,0.5805042
1,1,0.8125611,0.48248798,0.6251222
1,0,0.941264,0.2234754,0.88252795
1,0,0.92770517,0.2595349,0.85541034
0,1,0.54283273,0.6894734,0.085665464
1,1,0.9992459,0.006175913,0.99849176
0,1,0.97077054,0.1320534,0.9415411
1,1,0.9997309,0.0024813039,0.99946177
0,1,0.9997788,0.0020828324,0.9995576
1,1,0.81321657,0.48152515,0.62643313
1,1,0.9997454,0.0023613544,0.99949086
1,0,0.82488906,0.46389842,0.6497781
0,1,0.5733223,0.682356,0.14664459
1,1,0.9997309,0.0024813039,0.99946177
1,1,0.9995877,0.0036254677,0.9991754
1,0,0.72632766,0.58687735,0.4526553
1,1,0.81346655,0.4811572,0.6269331
0,1,0.75980246,0.5513075,0.5196049
1,0,0.5121597,0.6928514,0.02431941
1,1,0.63418317,0.65669173,0.26836634
0,1,0.7874116,0.517366,0.57482314
1,1,0.81154436,0.48397586,0.6230887
0,1,0.8152563,0.47851086,0.6305126
1,0,0.8396207,0.44029832,0.6792414
1,1,0.9998418,0.0015426173,0.9996836
1,0,0.97012895,0.13429365,0.9402579
1,0,0.746689,0.5659435,0.49337804
0,1,0.6163426,0.6658262,0.23268521
1,1,0.79239666,0.5107639,0.5847933
1,1,0.8142493,0.48000246,0.62849855
1,1,0.81947094,0.4721948,0.6389419
0,1,0.81685925,0.47612268,0.6337185
0,1,0.79860795,0.50232613,0.5972159
1,1,0.63418317,0.65669173,0.26836634
0,1,0.82989216,0.45605716,0.6597843
1,1,0.99971455,0.0026150658,0.9994291
1,1,0.7984923,0.50248545,0.5969846
1,1,0.6332766,0.6571888,0.26655316
1,1,0.999796,0.0019376738,0.99959195
0,0,0.5252657,0.6918699,0.050531417
1,1,0.9996062,0.0034810454,0.9992124
0,1,0.7042025,0.60726136,0.40840495
0,1,0.8023214,0.49716744,0.60464275
0,0,0.7711736,0.5378544,0.5423472
0,1,0.82691157,0.46074966,0.65382314
0,1,0.7900315,0.51391494,0.580063
1,0,0.9425619,0.21985933,0.88512385
0,1,0.8105497,0.48542494,0.62109935
0,1,0.966841,0.1455573,0.93368196
1,1,0.55498296,0.6870887,0.10996592
1,1,0.800976,0.49904644,0.60195196
1,0,0.993912,0.037127137,0.98782396
0,1,0.79968953,0.50083256,0.59937906
0,1,0.55315626,0.6874853,0.10631251
0,1,0.80377734,0.49512112,0.6075547
0,1,0.80491394,0.4935143,0.6098279
1,0,0.5121597,0.6928514,0.02431941
1,0,0.9412746,0.22344598,0.88254917
1,0,0.5121597,0.6928514,0.02431941
1,1,0.7984923,0.50248545,0.5969846
1,1,0.999724,0.0025380508,0.99944794
1,0,0.6563275,0.64344144,0.312655
0,0,0.938791,0.23028132,0.87758195
0,0,0.9329967,0.24581757,0.8659934
0,1,0.7770404,0.5306284,0.55408084
0,1,0.79511046,0.50710654,0.5902209
1,1,0.81122345,0.48444408,0.6224469
0,1,0.7594116,0.5517573,0.51882315
1,1,0.99971455,0.0026150658,0.9994291
0,1,0.9997788,0.0020828324,0.9995576
0,0,0.9556777,0.18144539,0.9113554
0,1,0.91883713,0.28160036,0.83767426
0,1,0.531,0.691224,0.062000036
1,0,0.5121597,0.6928514,0.02431941
1,1,0.80229807,0.49720007,0.60459614
1,1,0.99971455,0.0026150658,0.9994291
1,0,0.9465503,0.20854998,0.8931006
0,1,0.8151478,0.4786719,0.63029563
1,0,0.9889256,0.06088227,0.97785115
0,1,0.75655323,0.55502045,0.51310647
1,1,0.80780476,0.48939046,0.6156095
0,1,0.6339551,0.6568171,0.26791024
1,1,0.9996971,0.0027570701,0.9993942
1,1,0.9996214,0.0033615977,0.9992428
0,1,0.81392014,0.48048854,0.6278403
1,0,0.74197096,0.57098526,0.4839419
0,1,0.7133935,0.59908515,0.42678702
0,1,0.81839985,0.4738112,0.6367997
1,1,0.75682026,0.55471754,0.5136405
0,1,0.8012489,0.4986662,0.6024978
0,0,0.62783533,0.6600977,0.25567067
1,0,0.9109394,0.300359,0.8218788
0,0,0.9252491,0.26575822,0.8504982
1,0,0.9918957,0.047096558,0.98379135
1,1,0.8066219,0.49108434,0.6132438
1,1,0.8202556,0.47100574,0.64051116
1,1,0.52796376,0.69158244,0.055927515
1,0,0.6826863,0.624828,0.3653727
0,1,0.8144818,0.47965866,0.6289636
1,0,0.9706584,0.13244599,0.94131684
1,1,0.9998141,0.001782879,0.9996282
1,0,0.9430258,0.21855932,0.88605165
1,1,0.9995252,0.0041082306,0.9990504
1,0,0.9420821,0.22119968,0.8841642
1,1,0.99967647,0.0029234677,0.99935293
0,1,0.8012707,0.49863577,0.60254145
1,0,0.50061864,0.69314647,0.0012372732
0,0,0.63782185,0.6546611,0.2756437
0,1,0.78806275,0.5165121,0.5761255
0,1,0.8151683,0.47864145,0.63033664
1,0,0.941264,0.2234754,0.88252795
1,1,0.8116742,0.48378628,0.62334836
0,0,0.97126925,0.13030212,0.9425385
1,0,0.58704966,0.6779144,0.17409933
0,1,0.8145925,0.47949487,0.62918496
0,1,0.809039,0.48761344,0.618078
1,0,0.57077605,0.683095,0.14155209
1,1,0.99961394,0.0034202253,0.9992279
1,1,0.86448026,0.3967464,0.7289605
0,1,0.66831577,0.635365,0.33663154
0,0,0.91537493,0.28992254,0.83074987
1,1,0.52796376,0.69158244,0.055927515
0,1,0.7387987,0.5743097,0.47759736
0,1,0.82943106,0.45678717,0.6588621
0,1,0.8127707,0.48218036,0.62554145
0,1,0.7202274,0.5927384,0.44045484
1,1,0.80004245,0.50034356,0.6000849
1,1,0.9995252,0.0041082306,0.9990504
0,1,0.812859,0.48205072,0.625718
1,0,0.88516384,0.35650852,0.7703277
1,0,0.9909815,0.051441103,0.98196304
1,1,0.7971923,0.5042702,0.59438455
0,0,0.89084786,0.344739,0.7816957
1,1,0.99952686,0.004095457,0.9990537
1,1,0.8162559,0.47702354,0.63251185
1,0,0.99588525,0.02670938,0.9917705
1,1,0.9997212,0.0025605056,0.99944246
1,1,0.76426405,0.5461148,0.5285281
