true_label,predicted_label,confidence,entropy,margin
0,0,0.937173820368239,0.23467406310585276,0.8743476407364781
0,0,0.9503512527434794,0.19747969946416244,0.9007025054869587
0,0,0.9979658490713085,0.014639090619687534,0.9959316981426168
0,0,0.9991611135256031,0.006780732468145754,0.9983222270512062
0,0,0.9371688152457088,0.2346875892213088,0.8743376304914174
1,0,0.9998082019443018,0.001833392172637125,0.9996164038886034
1,1,0.9359420331366021,0.23799015720795735,0.8718840662732043
1,1,0.9999993358020002,1.0112205462347735e-05,0.9999986716040004
0,0,0.9495830623537428,0.19974106573873956,0.8991661247074855
1,1,0.7965249945756638,0.505182229907697,0.5930499891513276
0,0,0.9994923500893759,0.0043584103532829195,0.9989847001787517
1,0,0.9976661136818533,0.01647502628484174,0.9953322273637067
1,1,0.9360040479540973,0.2378238159497382,0.8720080959081946
0,0,0.9371103001591045,0.2348456920220934,0.8742206003182087
0,0,0.9996955446865116,0.0027695794448508917,0.999391089373023
1,1,0.9832980315467942,0.08490998207746829,0.9665960630935881
0,0,0.9371643082870675,0.234699768707536,0.8743286165741349
0,0,0.9492453646464084,0.20073125498349664,0.8984907292928168
0,0,0.9969700547711536,0.020596641202014647,0.9939401095423073
0,0,0.999585703935656,0.0036411331555405053,0.9991714078713122
1,1,0.9999999491377837,9.0504967669996e-07,0.9999998982755673
0,0,0.9998390137935849,0.0015670576628702625,0.9996780275871696
1,1,0.936022057145798,0.2377754981833139,0.872044114291596
0,0,0.9979474836087449,0.014752793596942978,0.9958949672174897
0,0,0.999797067102579,0.0019283766995908482,0.9995941342051581
1,1,0.926819802465055,0.2617885157374392,0.8536396049301102
1,1,0.9999999501972988,8.872449120709397e-07,0.9999999003945976
1,1,0.9999999615701641,6.945974433749538e-07,0.9999999231403283
1,1,0.9360467129174388,0.2377093391898918,0.8720934258348777
1,0,0.8820830611814932,0.36275398856179714,0.7641661223629863
1,0,0.9157856674633974,0.28894346275286936,0.8315713349267948
1,1,0.9999968454647801,4.311198494781241e-05,0.9999936909295603
1,1,0.9360012089100521,0.2378314324697362,0.8720024178201042
1,1,0.8471357645211792,0.427645388734468,0.6942715290423583
0,0,0.9996490253019822,0.0031428453713770316,0.9992980506039644
0,0,0.997947493386702,0.014752733104277136,0.9958949867734038
1,1,0.7005208979114125,0.6104223001203226,0.40104179582282495
1,0,0.9672572683164834,0.14415057182103766,0.9345145366329666
1,1,0.9999978077424951,3.075863909475207e-05,0.9999956154849904
0,0,0.9995485802094738,0.003928655475323368,0.9990971604189477
0,0,0.9632921212978007,0.15733661723813108,0.9265842425956016
1,0,0.9999439677288832,0.0006045632567929969,0.9998879354577662
1,1,0.9699524351247951,0.13490746952689142,0.9399048702495902
1,0,0.9410623813065574,0.22403428123868319,0.8821247626131149
1,1,0.9459743358661555,0.21020214674879173,0.8919486717323111
0,0,0.9995857022429999,0.0036411463388150845,0.999171404486
1,0,0.9372211004937099,0.23454626972522413,0.8744422009874199
0,0,0.852772470284327,0.41786966000341125,0.705544940568654
1,1,0.9999999581697467,7.525114465350048e-07,0.9999999163394935
0,0,0.8529397892988927,0.41757565035987865,0.7058795785977855
0,0,0.9996672652640002,0.002997274032129623,0.9993345305280004
1,1,0.9487552513400467,0.20216414699483246,0.8975105026800934
0,0,0.9994785313448428,0.004463041950559261,0.9989570626896854
0,0,0.9523636874366735,0.19149579982255863,0.904727374873347
0,0,0.9995241897278175,0.004115879438102698,0.999048379455635
1,1,0.9999999596078267,7.280539692532008e-07,0.9999999192156535
1,1,0.999999085547567,1.3629858580646313e-05,0.999998171095134
1,1,0.9999999574092036,7.654259344934964e-07,0.9999999148184071
0,0,0.9371341517724697,0.2347812540031054,0.8742683035449395
0,0,0.9995630954360926,0.0038166135871730116,0.9991261908721851
1,0,0.9370782312486103,0.23493231484957744,0.8741564624972206
1,1,0.8742286577478193,0.37826840889586116,0.7484573154956387
0,0,0.9385616537372466,0.23090697782972316,0.8771233074744933
1,0,0.9400159722308034,0.2269235720817006,0.8800319444616066
1,1,0.9009586165571778,0.32297155770630664,0.8019172331143555
1,1,0.9999992602511387,1.1182750036563616e-05,0.9999985205022774
1,0,0.9951015134077871,0.030940681814934277,0.990203026815574
0,0,0.9979918637363676,0.014477745702749241,0.9959837274727353
0,0,0.937161091391601,0.23470846175007531,0.874322182783202
0,0,0.9998390102863168,0.0015670882954190637,0.9996780205726336
1,1,0.9323761496906905,0.24744875946139488,0.864752299381381
0,0,0.9990561844582267,0.007517592491322496,0.9981123689164535
1,1,0.8282755513520623,0.4586100363568595,0.6565511027041246
0,0,0.963826345103078,0.1555870584279265,0.9276526902061559
0,0,0.9371421124623444,0.23475974508721176,0.8742842249246886
1,0,0.9979473233987166,0.014753784751503109,0.9958946467974331
1,1,0.9999999522035974,8.534676426564379e-07,0.9999999044071947
0,0,0.9371416592142324,0.2347609697430629,0.8742833184284646
0,0,0.938781824977139,0.23030630101471536,0.8775636499542779
1,1,0.9999999596078267,7.280539692532008e-07,0.9999999192156535
0,0,0.9997438321225415,0.0023745608107303773,0.9994876642450831
1,1,0.9361067706157402,0.23754814347332903,0.8722135412314804
1,1,0.9999999589023253,7.400587430968554e-07,0.9999999178046507
1,1,0.9361067706157402,0.23754814347332903,0.8722135412314804
1,1,0.9999999501972988,8.872449120709397e-07,0.9999999003945976
1,1,0.9999999491377837,9.0504967669996e-07,0.9999998982755673
0,0,0.9979474831364485,0.014752796518867222,0.9958949662728971
1,1,0.9334363658975356,0.24465803260524296,0.8668727317950712
0,0,0.9699125627832055,0.13504597733602947,0.939825125566411
1,1,0.9555709288653226,0.18177311339398344,0.911141857730645
1,1,0.7550433911283922,0.5567262766668086,0.5100867822567845
1,1,0.9350745747081084,0.24031022773526345,0.8701491494162167
1,1,0.99999996385483,6.555187727464619e-07,0.9999999277096601
0,0,0.9371622855109331,0.23470523489229117,0.874324571021866
1,1,0.9360012089100521,0.2378314324697362,0.8720024178201042
0,0,0.9676727709970038,0.14274103289790352,0.9353455419940075
1,1,0.9360011436475325,0.23783160755289334,0.8720022872950649
0,0,0.9371471065851307,0.23474625096292673,0.8742942131702611
1,1,0.9999999566197619,7.78816771380435e-07,0.9999999132395239
1,1,0.99999996385483,6.555187727464619e-07,0.9999999277096601
0,0,0.937245461048071,0.23448041079017037,0.8744909220961422
1,1,0.9999999512187996,8.700576279406352e-07,0.9999999024375992
1,1,0.9360148932753042,0.23779471914048403,0.8720297865506084
1,0,0.9672572683164834,0.14415057182103766,0.9345145366329666
1,1,0.7194921799144324,0.5934322946721098,0.4389843598288649
0,0,0.937170604174667,0.2346827547712127,0.874341208349334
1,1,0.9999989341225191,1.5723517242308156e-05,0.9999978682450381
0,0,0.9998415622151561,0.0015447793888229467,0.9996831244303122
0,0,0.9383386493538501,0.2315145271570752,0.8766772987077002
0,0,0.9371676761565678,0.23469066749835094,0.8743353523131356
1,1,0.9359617746531383,0.23793721184662733,0.8719235493062768
0,0,0.9723326971582051,0.12653754223881836,0.9446653943164102
1,1,0.9999974621613918,3.523584995168174e-05,0.9999949243227837
1,1,0.9360012089100521,0.2378314324697362,0.8720024178201042
1,1,0.9360141472968646,0.23779672058184703,0.8720282945937293
1,1,0.9999999491377837,9.0504967669996e-07,0.9999998982755673
1,1,0.9999999540681559,8.220012039651388e-07,0.9999999081363118
0,0,0.9987327560907188,0.009720111807070855,0.9974655121814375
0,0,0.9979475134055003,0.014752609255103338,0.9958950268110005
1,1,0.6379140709336171,0.6546089290349639,0.2758281418672341
1,1,0.9597336417051091,0.16878972690632013,0.9194672834102183
1,1,0.9999999730681752,4.96352375669595e-07,0.9999999461363506
0,0,0.9985896367471904,0.01066686283482762,0.9971792734943807
0,0,0.9370252088161848,0.23507549795543944,0.8740504176323698
1,0,0.7251524609227468,0.5880209233510438,0.4503049218454934
0,0,0.9351275582681087,0.2401688769512814,0.8702551165362175
1,1,0.9367232148199257,0.23589010278301772,0.8734464296398512
1,1,0.7011807011763044,0.6098605748005335,0.40236140235260875
0,0,0.9709046021777803,0.13158348245425128,0.9418092043555606
0,0,0.9471844454235346,0.20672346955804813,0.8943688908470693
1,0,0.9449442724643611,0.21314064829608104,0.8898885449287222
0,0,0.9855169561619361,0.07571011118904912,0.9710339123238724
1,1,0.9683871183219955,0.14030476269833914,0.9367742366439911
1,1,0.9999994779644078,8.0735570106568e-06,0.9999989559288156
0,0,0.9979474979032265,0.014752705162165845,0.9958949958064529
0,0,0.9532941235479065,0.18869921570559794,0.9065882470958131
1,1,0.9999992423285788,1.1435546616038738e-05,0.9999984846571577
1,1,0.9673648600278987,0.1437861066300451,0.9347297200557972
1,1,0.936132918620866,0.2374779430150998,0.8722658372417319
1,1,0.9359420331366021,0.23799015720795735,0.8718840662732043
1,1,0.9999999615701641,6.945974433749538e-07,0.9999999231403283
1,1,0.9999999621754697,6.842574025723138e-07,0.9999999243509394
0,0,0.9316709779934865,0.24929504101415856,0.863341955986973
1,1,0.9999990150652612,1.4607261742433762e-05,0.9999980301305225
0,0,0.9900019407486965,0.05599261619174764,0.9800038814973931
1,1,0.9999999491377837,9.0504967669996e-07,0.9999998982755673
0,0,0.93713317696159,0.23478388776186715,0.8742663539231801
0,0,0.9993182831102387,0.0056518114835431045,0.9986365662204776
0,0,0.9992077307965437,0.006449240133879629,0.9984154615930874
1,0,0.9976661366145169,0.016474887361317695,0.9953322732290337
0,0,0.9998293496723828,0.0016511799131446734,0.9996586993447656
1,0,0.9373906820815195,0.23408759519621822,0.8747813641630392
1,0,0.9953725618049427,0.029492674578535348,0.9907451236098854
1,1,0.9999999491377837,9.0504967669996e-07,0.9999998982755673
0,0,0.9993823599527545,0.005181565075512032,0.998764719905509
1,1,0.9359384925232418,0.2379996521968926,0.8718769850464835
1,0,0.9372211004937099,0.23454626972522413,0.8744422009874199
1,0,0.9409767500110474,0.2242714592260251,0.8819535000220949
1,1,0.9325890826545069,0.24688971124326012,0.8651781653090136
0,1,0.730361366660428,0.5828990853289827,0.46072273332085595
0,0,0.9969866807715179,0.020500228136927697,0.9939733615430358
0,0,0.9719060208160883,0.1280529070624491,0.9438120416321767
1,1,0.9999999602871033,7.164837943213794e-07,0.9999999205742065
1,1,0.9999999589023253,7.400587430968554e-07,0.9999999178046507
1,0,0.9357461356923003,0.23851518840738023,0.8714922713846004
1,0,0.9398994876902166,0.22724399615398988,0.8797989753804331
1,1,0.9600832736836284,0.16767940913178747,0.9201665473672571
1,0,0.9997990237965978,0.0019117305756184563,0.9995980475931955
0,0,0.9997725368211369,0.002135517229049902,0.9995450736422736
1,0,0.9383554811259254,0.2314687009902922,0.8767109622518506
1,0,0.9997778616991342,0.002090787749595559,0.9995557233982683
0,0,0.999368538193277,0.005283540266342626,0.998737076386554
1,1,0.9999999633171419,6.647284671280214e-07,0.9999999266342838
1,1,0.9999993679601707,9.653974247127864e-06,0.9999987359203416
0,0,0.9951727152273622,0.030561798602770352,0.9903454304547245
1,1,0.9513372365841052,0.1945588475057668,0.9026744731682101
1,0,0.9412122112634896,0.22361897033402595,0.8824244225269792
0,0,0.9976659002370449,0.016476319298915056,0.9953318004740898
0,0,0.9992457723815862,0.006176701182985517,0.9984915447631724
1,0,0.9950787440647982,0.03106162314950603,0.9901574881295964
0,0,0.9992744991079947,0.005969628410384965,0.9985489982159894
0,1,0.9823954166342854,0.08856410966962211,0.9647908332685707
1,1,0.9896230905335412,0.05772639132701809,0.9792461810670827
0,0,0.9310846797818633,0.2508241374572591,0.8621693595637265
1,1,0.7351264148283018,0.5780930562386198,0.4702528296566035
1,1,0.996653598095483,0.022414850825702062,0.993307196190966
1,1,0.9999999602871033,7.164837943213794e-07,0.9999999205742065
1,1,0.9924736174067632,0.04429703717755856,0.9849472348135264
0,0,0.5256707508887261,0.6918286260269124,0.05134150177745217
0,0,0.9993522066930388,0.005403642312231851,0.9987044133860777
1,1,0.9999999574092036,7.654259344934964e-07,0.9999999148184071
1,0,0.9275922205077234,0.25982306167665503,0.8551844410154464
0,0,0.9979474848249698,0.014752786072604617,0.9958949696499394
1,0,0.9999451130596261,0.0005933392240332794,0.9998902261192523
1,1,0.9999999615701641,6.945974433749538e-07,0.9999999231403283
1,0,0.9976659225595539,0.016476184073687516,0.9953318451191078
1,1,0.9360040479540973,0.2378238159497382,0.8720080959081946
1,1,0.9999999491377837,9.0504967669996e-07,0.9999998982755673
1,0,0.648589792816651,0.6483152445387994,0.2971795856333019
0,0,0.9371753242530518,0.23466999884258352,0.8743506485061034
1,1,0.9999999999642456,8.958024212416991e-10,0.9999999999284912
0,0,0.9885518583216354,0.06255472764228825,0.9771037166432709
1,0,0.9569830064869358,0.1774165490077991,0.9139660129738716
1,1,0.7810966015770496,0.525516521609111,0.5621932031540993
0,0,0.9953578424258525,0.02957171054267413,0.9907156848517049
0,0,0.9963444741821446,0.024161875406003515,0.9926889483642891
1,1,0.9999999589023253,7.400587430968554e-07,0.9999999178046507
1,1,0.9999991625872314,1.2555286359525391e-05,0.9999983251744629
0,0,0.9371150057620031,0.23483298003105535,0.8742300115240063
0,0,0.9515110978591209,0.19404163900775823,0.9030221957182419
1,1,0.996744981189894,0.021893021980823817,0.9934899623797879
0,0,0.9371584384356393,0.2347156307221307,0.8743168768712786
1,0,0.9998794927749037,0.001207933163765736,0.9997589855498075
1,0,0.9979475093010428,0.014752634647935348,0.9958950186020856
1,1,0.9999999596078267,7.280539692532008e-07,0.9999999192156535
1,1,0.9999999558004616,7.926988957045926e-07,0.9999999116009233
0,0,0.9991947609156954,0.006541737034652931,0.9983895218313907
1,1,0.997385357537189,0.018159527162737173,0.9947707150743782
0,0,0.7123920272828295,0.5999959822090419,0.4247840545656589
0,0,0.9371356723456187,0.23477714566339586,0.8742713446912375
1,1,0.9833854932884231,0.08455330845639009,0.9667709865768461
1,1,0.9359776852618159,0.23789453597929938,0.8719553705236318
1,0,0.9997676948597889,0.0021760818429276854,0.9995353897195778
1,0,0.9214826042316072,0.2751333198481814,0.8429652084632143
0,0,0.976993018056982,0.10952162713696234,0.953986036113964
0,0,0.999185698355223,0.006606243932021499,0.998371396710446
0,0,0.9371931415018155,0.23462184463159952,0.8743862830036312
1,1,0.8432477617662699,0.4342448915004842,0.68649552353254
0,0,0.9371407606653442,0.23476339757111364,0.8742815213306886
0,0,0.9919660482060937,0.046758008903808046,0.9839320964121874
1,1,0.9999999540681559,8.220012039651388e-07,0.9999999081363118
1,1,0.996653598095483,0.022414850825702062,0.993307196190966
1,1,0.9999990950558745,1.3497596536702659e-05,0.9999981901117488
0,0,0.9538779938740846,0.18693438801547702,0.9077559877481691
0,0,0.9979474843525057,0.014752788995566448,0.9958949687050115
0,0,0.9995488462619422,0.003926606084811421,0.9990976925238845
1,1,0.9571220078595737,0.17698510536898876,0.9142440157191474
0,0,0.9994299213773632,0.004828253062445868,0.9988598427547264
1,1,0.9999999566197619,7.78816771380435e-07,0.9999999132395239
0,0,0.9371601455504175,0.23471101767089725,0.874320291100835
1,1,0.99999996385483,6.555187727464619e-07,0.9999999277096601
0,0,0.9960364190795005,0.025876725462748454,0.9920728381590008
0,0,0.9372255419994682,0.23453426283418172,0.8744510839989366
0,0,0.9979474888696432,0.014752761049683455,0.9958949777392864
0,0,0.937148805347694,0.23474166080843284,0.8742976106953881
0,0,0.938585588120431,0.23084172020896793,0.8771711762408618
1,1,0.9999994667924919,8.235045991793307e-06,0.9999989335849837
0,0,0.9995520904462419,0.0039016036208467373,0.9991041808924838
0,0,0.9295025687472164,0.2549237507463329,0.8590051374944329
0,0,0.9942333817657992,0.035480736784050594,0.9884667635315985
1,1,0.7409279563259223,0.5720840644698555,0.48185591265184474
0,0,0.9998191573903163,0.0017393067923868865,0.9996383147806327
1,1,0.9361067706157402,0.23754814347332903,0.8722135412314804
1,1,0.963049844794128,0.15812739483529806,0.926099689588256
0,0,0.9371553806854386,0.2347238934044939,0.8743107613708772
0,0,0.9998390100064951,0.001567090739382855,0.9996780200129903
1,0,0.9997680197443644,0.0021733632327733724,0.9995360394887287
0,0,0.9993537546706163,0.0053922763063508575,0.9987075093412324
1,1,0.9258621857831376,0.2642130125200195,0.8517243715662752
0,0,0.9998390136103061,0.001567059263631133,0.9996780272206123
0,0,0.9371664334897397,0.23469402565883488,0.8743328669794794
0,1,0.9582840959180279,0.17335956003476463,0.9165681918360558
0,0,0.9476975684605945,0.205239603725913,0.895395136921189
0,0,0.9979474907557844,0.014752749380812651,0.9958949815115686
1,1,0.9999999491377837,9.0504967669996e-07,0.9999998982755673
0,0,0.9371613888344734,0.23470765797517734,0.8743227776689468
0,0,0.9479223641195065,0.2045878619346699,0.895844728239013
1,1,0.9359963871430678,0.2378443678834707,0.8719927742861354
1,0,0.5,0.6931471805599453,0.0
1,1,0.9359420331366021,0.23799015720795735,0.8718840662732043
0,1,0.93451845151942,0.2417910830959149,0.8690369030388401
1,0,0.9383554811259254,0.2314687009902922,0.8767109622518506
0,0,0.992806185336483,0.04266599777169835,0.9856123706729661
0,0,0.9371447129174078,0.23475271870811518,0.8742894258348154
0,0,0.9979473233987166,0.014753784751503109,0.9958946467974331
0,0,0.9910198271739933,0.051260914951466605,0.9820396543479866
1,0,0.9998861783621363,0.0011474155574538367,0.9997723567242728
0,0,0.9906830261952596,0.05283883532619917,0.9813660523905194
1,0,0.9170550337057756,0.28590373092737154,0.8341100674115509
1,1,0.9999999633171419,6.647284671280214e-07,0.9999999266342838
0,0,0.9984883089847925,0.011328265006488463,0.996976617969585
0,0,0.997645286893153,0.01660109968382361,0.9952905737863061
0,0,0.9995518421563258,0.0039035179842641715,0.9991036843126516
1,1,0.99999996385483,6.555187727464619e-07,0.9999999277096601
0,0,0.9371738464198585,0.2346739927014258,0.874347692839717
0,0,0.9979474836087449,0.014752793596942978,0.9958949672174897
1,1,0.9999999633171419,6.647284671280214e-07,0.9999999266342838
0,1,0.9457372952586215,0.2108801872714792,0.8914745905172431
0,0,0.9992078271839531,0.006448551939572863,0.9984156543679061
1,1,0.6468671371735888,0.649364462394491,0.2937342743471776
0,0,0.9371653349114607,0.2346969944151764,0.8743306698229212
1,1,0.9323486949158156,0.2475207886528931,0.8646973898316314
0,0,0.9152765256400599,0.2901568100221318,0.8305530512801199
1,1,0.9999999574092036,7.654259344934964e-07,0.9999999148184071
1,0,0.9999612109548125,0.000432783081207096,0.9999224219096251
1,1,0.936054954424218,0.23768722243646895,0.872109908848436
0,0,0.9371370138676005,0.23477352105803995,0.8742740277352011
1,1,0.9900058507893532,0.05597464754734235,0.9800117015787063
1,1,0.9359385545967187,0.23799948573403945,0.8718771091934374
0,0,0.937137269154103,0.23477283130604343,0.874274538308206
1,1,0.9819636832762394,0.09029512380442452,0.9639273665524788
0,0,0.9568297306540505,0.17789175480115982,0.9136594613081012
0,0,0.9856828007302951,0.0750092488345449,0.9713656014605903
1,1,0.9362085707865514,0.237274772594958,0.8724171415731028
1,1,0.9999999540681559,8.220012039651388e-07,0.9999999081363118
1,0,0.9384369936708945,0.23124670569774738,0.8768739873417888
1,1,0.971024936137159,0.13116113661594592,0.942049872274318
1,1,0.8582222261900004,0.4081775813172637,0.7164444523800009
0,0,0.9382692163573099,0.2317035136214427,0.8765384327146197
1,0,0.9387539791821337,0.23038231716010626,0.8775079583642671
1,1,0.9359384925232418,0.2379996521968926,0.8718769850464835
0,0,0.9371901927702092,0.23462981446356795,0.8743803855404183
1,1,0.9999999602871033,7.164837943213794e-07,0.9999999205742065
0,0,0.9371462152982019,0.2347486592520543,0.8742924305964038
1,1,0.9831800873211686,0.08539022774497976,0.966360174642337
1,1,0.9999993008697194,1.0608203240874872e-05,0.9999986017394389
1,0,0.9232285995387544,0.2708123090967064,0.8464571990775089
0,0,0.9979474848249698,0.014752786072604617,0.9958949696499394
0,0,0.9371617574164576,0.23470666196016338,0.8743235148329154
0,0,0.9994303769144198,0.004824850398379384,0.9988607538288398
0,0,0.9979475205422679,0.014752565102417415,0.9958950410845356
1,0,0.9952338358484187,0.03023571883663857,0.9904676716968374
1,1,0.99999996385483,6.555187727464619e-07,0.9999999277096601
1,1,0.9999993162326194,1.0390288239266689e-05,0.9999986324652388
0,0,0.9371629331604457,0.23470348474479003,0.8743258663208914
1,1,0.934347731543314,0.24224466373929843,0.8686954630866278
0,0,0.9371639615782916,0.23470070562990325,0.8743279231565835
1,1,0.9999999994884322,1.145581257834769e-08,0.9999999989768645
1,1,0.8432464563467154,0.4342470879856196,0.6864929126934308
0,0,0.9995495233147308,0.003921390068632372,0.9990990466294616
1,0,0.9940010893142183,0.03667237227924313,0.9880021786284365
1,1,0.9361067706157402,0.23754814347332903,0.8722135412314804
0,0,0.9371464669214322,0.23474797935846145,0.8742929338428646
0,0,0.9371385685911872,0.2347693203734559,0.8742771371823742
0,0,0.9401652172353049,0.2265126792427809,0.8803304344706099
1,0,0.9375532398863501,0.23364745822749977,0.8751064797727002
1,1,0.9999999609409562,7.053356875831334e-07,0.9999999218819124
0,0,0.9370739555021884,0.23494386294937653,0.8741479110043765
1,1,0.9360012089100521,0.2378314324697362,0.8720024178201042
0,0,0.9371560111064211,0.23472218988776833,0.8743120222128422
0,0,0.9383556852657756,0.23146814516926986,0.8767113705315512
1,1,0.8602688031657225,0.40447522915038087,0.7205376063314451
0,0,0.9976659231046663,0.01647618077150444,0.9953318462093327
0,0,0.9371585279418243,0.23471538885525484,0.8743170558836484
1,0,0.9363119755598932,0.23699691511822596,0.8726239511197863
0,0,0.9999998999999902,1.711809720309326e-06,0.9999997999999802
1,0,0.9999776261787261,0.0002619439242086521,0.9999552523574522
0,0,0.9979474924430743,0.014752738942160355,0.9958949848861486
0,0,0.9976659225595539,0.016476184073687516,0.9953318451191078
0,0,0.9957101760238992,0.02766662598968086,0.9914203520477984
1,0,0.9382833921772951,0.23166493587706688,0.87656678435459
1,1,0.9999999615701641,6.945974433749538e-07,0.9999999231403283
0,0,0.9844937287396907,0.07999246850837832,0.9689874574793812
1,1,0.9999992301656241,1.1606862213593257e-05,0.9999984603312482
1,1,0.6745545950789802,0.6309061172252466,0.34910919015796055
1,1,0.9360924826815734,0.23758649795676332,0.8721849653631469
1,1,0.9999991186570237,1.316886682647729e-05,0.9999982373140474
1,1,0.9649306027785756,0.1519445831071375,0.9298612055571511
1,0,0.9973475075397303,0.018384234553311868,0.9946950150794608
1,0,0.9410243604636213,0.22413960609005945,0.8820487209272425
1,1,0.9966997549450577,0.022151596659102928,0.9933995098901153
0,0,0.9114068369469509,0.29927077584494793,0.8228136738939019
0,0,0.9994996847448817,0.004302722175255213,0.9989993694897634
1,1,0.9999999609409562,7.053356875831334e-07,0.9999999218819124
1,0,0.9965427961273712,0.023044215570307253,0.9930855922547424
0,0,0.9756276716252461,0.11459918723500803,0.9512553432504921
1,1,0.9999991625872314,1.2555286359525391e-05,0.9999983251744629
0,0,0.9371807550768975,0.23465532166871772,0.8743615101537952
0,0,0.937046799443514,0.23501719983646266,0.874093598887028
0,0,0.9995385398756661,0.0040058818776500076,0.9990770797513323
1,1,0.996653598095483,0.022414850825702062,0.993307196190966
1,0,0.9966776115896471,0.02227797087912328,0.9933552231792941
0,0,0.9995469757686889,0.003941011090139791,0.9990939515373777
0,0,0.943831722064871,0.21629156309437314,0.8876634441297421
0,0,0.9992497366650672,0.006148191259413514,0.9984994733301343
0,0,0.9994936960184388,0.004348199411012435,0.9989873920368777
0,0,0.9591754162911479,0.17055592349198992,0.9183508325822959
0,0,0.9371591738600992,0.2347136434273115,0.8743183477201983
0,0,0.93720215879892,0.2345974717638418,0.87440431759784
1,1,0.9999999581697467,7.525114465350048e-07,0.9999999163394935
0,0,0.9371388658796475,0.2347685171295043,0.8742777317592948
0,0,0.9371678521497385,0.2346901918954517,0.8743357042994772
0,0,0.9833493154671726,0.0847009001704597,0.9666986309343453
1,1,0.9344482062355992,0.2419777732283271,0.8688964124711986
1,1,0.9999969008858626,4.240949487826565e-05,0.9999938017717251
1,0,0.9998797742080474,0.0012053932721167876,0.9997595484160947
1,1,0.9868295160617923,0.07010862850182804,0.9736590321235847
0,0,0.9997970684889212,0.0019283649123051263,0.9995941369778426
1,0,0.9951843985022616,0.030499528510200692,0.9903687970045233
0,0,0.9995466793554119,0.003943293112109614,0.9990933587108236
0,0,0.9374078066587147,0.234041250406104,0.8748156133174294
0,0,0.998183991300216,0.013275397064306348,0.9963679826004319
1,1,0.9999999589023253,7.400587430968554e-07,0.9999999178046507
1,1,0.9387788750071789,0.23031435476698608,0.8775577500143578
0,0,0.9922859985799811,0.045210615083605125,0.9845719971599621
0,0,0.9372607196754175,0.23443915384175532,0.8745214393508347
0,0,0.9376052707611079,0.23350648558524567,0.8752105415222157
1,1,0.9999999589023253,7.400587430968554e-07,0.9999999178046507
1,0,0.9373661136718822,0.23415407674139477,0.8747322273437643
1,1,0.9999999491377837,9.0504967669996e-07,0.9999998982755673
1,1,0.999998392825135,2.3048545941254627e-05,0.9999967856502701
1,1,0.9999999501972988,8.872449120709397e-07,0.9999999003945976
0,1,0.9195016700676578,0.2799847825468582,0.8390033401353156
0,0,0.9813803600074102,0.09261725830981014,0.9627607200148205
0,0,0.9539076093759515,0.18684466541728129,0.9078152187519031
0,0,0.9979474848249698,0.014752786072604617,0.9958949696499394
1,1,0.9999999602871033,7.164837943213794e-07,0.9999999205742065
1,0,0.9579150004243281,0.17451470281074288,0.9158300008486562
1,1,0.9999999501972988,8.872449120709397e-07,0.9999999003945976
1,1,0.9361067706157402,0.23754814347332903,0.8722135412314804
1,1,0.9371098914078952,0.2348467962287932,0.8742197828157905
0,0,0.9371644155343855,0.2346994788892169,0.8743288310687711
0,0,0.9979474836087449,0.014752793596942978,0.9958949672174897
1,1,0.936010093722786,0.23780759605657742,0.872020187445572
0,1,0.9999998247220102,2.902058839214671e-06,0.9999996494440204
1,1,0.9999918996940131,0.00010306509108847174,0.9999837993880263
0,1,0.9862298403216663,0.07268350846113152,0.9724596806433327
1,1,0.9359384925232418,0.2379996521968926,0.8718769850464835
0,0,0.998250802202816,0.012852620690812768,0.9965016044056321
1,1,0.9361114668427508,0.23753553619174053,0.8722229336855015
1,1,0.9361067706157402,0.23754814347332903,0.8722135412314804
1,1,0.9999992913025683,1.0743737406562336e-05,0.9999985826051365
1,0,0.938067797981139,0.23225127435799695,0.8761355959622782
1,1,0.9966535981000211,0.022414850799851137,0.993307196200042
0,0,0.9906643670589682,0.05292589039706181,0.9813287341179364
1,1,0.9999993091836489,1.0490316729731536e-05,0.9999986183672978
1,0,0.9999706536330061,0.00033561465296661874,0.999941307266012
0,0,0.9983740659206435,0.01206582820026569,0.996748131841287
1,1,0.9999999531529851,8.374549724531441e-07,0.9999999063059701
1,1,0.9020641243112804,0.3205238123750371,0.8041282486225605
1,1,0.9999999540681559,8.220012039651388e-07,0.9999999081363118
0,0,0.9995425459370905,0.003975095261144536,0.999085091874181
1,1,0.9360445265238535,0.2377152063643824,0.872089053047707
0,0,0.9995325464988112,0.004051876156534139,0.9990650929976224
0,0,0.9371582546319162,0.2347161274028261,0.8743165092638321
1,1,0.9999999589023253,7.400587430968554e-07,0.9999999178046507
0,0,0.9976661335937578,0.01647490566075237,0.9953322671875157
1,1,0.9999999627575701,6.743046260463807e-07,0.99999992551514
0,0,0.999550652226428,0.003912690665736504,0.9991013044528559
0,0,0.9997851226325801,0.0020295888546322007,0.9995702452651603
1,0,0.9966518798909271,0.02242463816560832,0.993303759781854
1,1,0.9999989658033825,1.5287375600454172e-05,0.9999979316067652
0,0,0.9371677369276062,0.23469050327111698,0.8743354738552126
0,0,0.9863902753718926,0.07199727720254809,0.9727805507437853
1,1,0.9686749235432581,0.13931851702587184,0.9373498470865161
1,1,0.7005209582512776,0.6104222488447301,0.4010419165025552
0,0,0.9515563856873819,0.1939068077532784,0.9031127713747638
0,1,0.9353035470135889,0.2396990377240359,0.8706070940271778
1,1,0.9999992839213656,1.0848215723367916e-05,0.9999985678427312
1,0,0.9998117198433273,0.0018032504447359349,0.9996234396866546
0,0,0.9837662972757589,0.08299488065088421,0.9675325945515177
1,0,0.9966574344453506,0.022392994784093657,0.9933148688907012
0,0,0.9371897616272568,0.23463097974438835,0.8743795232545136
1,1,0.9999993617767587,9.742208057201387e-06,0.9999987235535175
0,1,0.936272558926904,0.2371028521182167,0.8725451178538078
0,0,0.9377970999999043,0.23298634265159712,0.8755941999998088
1,1,0.9999999491377837,9.0504967669996e-07,0.9999998982755673
1,0,0.9370782312486103,0.23493231484957744,0.8741564624972206
0,0,0.9510208584914233,0.1954983463271675,0.9020417169828465
0,0,0.9522670604088846,0.19178512891284383,0.9045341208177692
0,0,0.9876024219662838,0.06674892684958646,0.9752048439325676
1,1,0.9999999581697467,7.525114465350048e-07,0.9999999163394935
0,0,0.9371639360337535,0.2347007746596567,0.874327872067507
0,0,0.9994632626143943,0.004578226701006019,0.9989265252287888
0,0,0.9373847355680088,0.2341036872667598,0.8747694711360177
1,1,0.9999999558004616,7.926988957045926e-07,0.9999999116009233
1,1,0.7301954847669955,0.5830643096101121,0.4603909695339908
0,0,0.9824245444300694,0.08844693795064287,0.964849088860139
1,1,0.9361067706157402,0.23754814347332903,0.8722135412314804
1,1,0.9924736174067632,0.04429703717755856,0.9849472348135264
0,0,0.9995474198069405,0.003937592172204035,0.999094839613881
0,0,0.9995473829621918,0.00393787587869243,0.9990947659243835
0,0,0.9979473040669687,0.01475390434835014,0.9958946081339375
0,0,0.9994845255054556,0.0044177014464366745,0.9989690510109114
1,0,0.9979473233987166,0.014753784751503109,0.9958946467974331
1,0,0.9399387450182155,0.22713603449273298,0.879877490036431
0,0,0.9371440466752734,0.23475451889236618,0.8742880933505467
1,1,0.9999997599830743,3.898488421289128e-06,0.9999995199661487
1,1,0.9968327040268335,0.021389673726813364,0.993665408053667
1,0,0.9383554811259254,0.2314687009902922,0.8767109622518506
1,0,0.9999487692427682,0.0005573468293795826,0.9998975384855365
1,1,0.9361067706157402,0.23754814347332903,0.8722135412314804
1,1,0.9999999258900714,1.2908257121038194e-06,0.9999998517801426
0,0,0.9995503435119198,0.00391506990387053,0.9991006870238397
0,0,0.999528780429899,0.004080738268198236,0.999057560859798
1,1,0.9972548866428773,0.018931836488968953,0.9945097732857546
1,1,0.9252612356683625,0.2657276670542446,0.8505224713367251
0,0,0.9995597349679827,0.0038425951174321537,0.9991194699359653
1,1,0.9360904078852549,0.2375920672494062,0.8721808157705099
1,1,0.9999999615701641,6.945974433749538e-07,0.9999999231403283
1,0,0.9955457782303297,0.028559011208609437,0.9910915564606594
1,0,0.9869490942072061,0.06959191542601566,0.9738981884144121
0,0,0.999164287827124,0.006758244154779825,0.9983285756542479
1,1,0.9360702677684862,0.23764612481905523,0.8721405355369727
1,1,0.9349801321403469,0.24056206918479886,0.869960264280694
1,1,0.9360342315217305,0.2377428318696299,0.8720684630434611
1,1,0.9999980407355838,2.770976000955249e-05,0.9999960814711677
1,1,0.8342410544473811,0.4490973175236055,0.6684821088947621
1,1,0.9971852674639357,0.019341376489326566,0.9943705349278713
0,0,0.9371397708838263,0.23476607188868415,0.8742795417676524
1,1,0.6806543012177981,0.6263752796998929,0.3613086024355962
0,1,0.9999996129178705,6.102206067549614e-06,0.9999992258357411
0,0,0.9371681251655125,0.23468945409820552,0.874336250331025
1,1,0.9999969010985286,4.240679733232321e-05,0.9999938021970571
0,0,0.9866362699754534,0.0709413491554125,0.9732725399509068
1,1,0.9999991981102535,1.205745023346638e-05,0.999998396220507
0,0,0.9741571258471334,0.11998035443189686,0.9483142516942668
1,0,0.6054240324056777,0.6707510253756805,0.21084806481135526
1,1,0.99999996385483,6.555187727464619e-07,0.9999999277096601
1,1,0.9800505015983522,0.09784250501894937,0.9601010031967044
1,0,0.9979475133469392,0.014752609617399742,0.9958950266938784
1,0,0.9999517982403531,0.0005273316334806048,0.9999035964807061
1,1,0.8403986229352649,0.43900828011343096,0.6807972458705298
1,0,0.9979474850396546,0.01475278474442816,0.995894970079309
0,0,0.9956384067914475,0.028056968488239523,0.9912768135828952
0,0,0.9371662371761365,0.23469455617078672,0.8743324743522727
0,0,0.964079872988705,0.15475390898213354,0.92815974597741
0,0,0.9995131482978798,0.004200219355202434,0.9990262965957598
1,1,0.9970750840347589,0.019986025792990324,0.9941501680695176
1,1,0.5728941631574065,0.6824820935613336,0.14578832631481303
1,1,0.99999996385483,6.555187727464619e-07,0.9999999277096601
1,0,0.9997639370125189,0.002207494363437169,0.9995278740250377
0,0,0.9371598160445485,0.23471190808204884,0.8743196320890967
1,1,0.5216134395608742,0.6922126078422879,0.043226879121748496
1,1,0.9999847095921391,0.00018483468899957082,0.9999694191842784
1,1,0.9999999627575701,6.743046260463807e-07,0.99999992551514
1,1,0.810192513668112,0.4859436974451886,0.620385027336224
0,0,0.9297282951696214,0.25434119658735466,0.8594565903392428
0,0,0.9980651625837837,0.01402131000872378,0.9961303251675674
1,1,0.7453891208714033,0.5673442490968097,0.49077824174280643
1,1,0.9999999566197619,7.78816771380435e-07,0.9999999132395239
1,1,0.9758332887317077,0.11383964419157824,0.9516665774634153
0,0,0.9931166238000967,0.04112952474781967,0.9862332476001933
1,0,0.9976659002370449,0.016476319298915056,0.9953318004740898
0,1,0.9999994857126985,7.961416094265397e-06,0.999998971425397
1,1,0.9360262762226109,0.23776417782690334,0.8720525524452221
0,0,0.9382749402228907,0.23168793724542566,0.8765498804457815
0,0,0.9371714767407541,0.23468039670525317,0.8743429534815079
0,0,0.7672225695259015,0.5426106239321796,0.534445139051803
0,0,0.997629205056884,0.01669832345038473,0.9952584101137679
1,1,0.9999999633171419,6.647284671280214e-07,0.9999999266342838
0,0,0.9634031839202257,0.1569735604931039,0.9268063678404513
1,0,0.998189261269651,0.01324213959642189,0.9963785225393019
0,0,0.9535361491999884,0.18796859450781278,0.9070722983999769
1,1,0.9999999531529851,8.374549724531441e-07,0.9999999063059701
1,0,0.9359039168254827,0.2380923640882735,0.8718078336509655
0,0,0.9974884309108268,0.01754479379437151,0.9949768618216538
1,1,0.9999999627575701,6.743046260463807e-07,0.99999992551514
0,0,0.9994195383647632,0.004905711467943309,0.9988390767295263
0,0,0.9371805231701769,0.2346559484227731,0.8743610463403537
1,1,0.9999999589023253,7.400587430968554e-07,0.9999999178046507
0,0,0.9548235506683128,0.1840598363234951,0.9096471013366255
1,0,0.9999496196903421,0.0005489380577793112,0.9998992393806843
0,0,0.9995786779961121,0.003695795527074615,0.9991573559922243
1,1,0.9361067706157402,0.23754814347332903,0.8722135412314804
1,0,0.9970372005213578,0.020206700785815206,0.9940744010427156
1,1,0.9304489621020465,0.25247607023245333,0.860897924204093
1,1,0.8370542008920622,0.44452256182038385,0.6741084017841243
1,1,0.9360040479540973,0.2378238159497382,0.8720080959081946
1,1,0.9360012089100521,0.2378314324697362,0.8720024178201042
0,0,0.9953602035062553,0.02955903584138688,0.9907204070125106
0,0,0.9997851226853128,0.0020295884092918484,0.9995702453706257
0,0,0.9979474902838417,0.01475275230055097,0.9958949805676832
1,0,0.9999524537775245,0.0005208110720212502,0.9999049075550489
1,1,0.9999992428535652,1.1428147793190875e-05,0.9999984857071303
1,0,0.9999500013967065,0.0005451592953910412,0.999900002793413
1,1,0.8194101440118144,0.47228673583500125,0.6388202880236291
1,1,0.6300928107738425,0.6589062667513844,0.2601856215476849
0,0,0.9976498011666364,0.01657378859862082,0.9952996023332727
1,0,0.9962704444834304,0.024576275737038716,0.9925408889668608
0,0,0.9995426992213835,0.0039739165748049,0.9990853984427669
1,1,0.9999999491377837,9.0504967669996e-07,0.9999998982755673
0,0,0.9574858142307372,0.1758536615139724,0.9149716284614745
1,1,0.9999989192002068,1.592862059691795e-05,0.9999978384004136
0,0,0.9371634368412343,0.23470212363998694,0.8743268736824685
1,1,0.9999992040278974,1.1974366554671296e-05,0.9999984080557949
1,1,0.9535330441259915,0.1879779763885606,0.907066088251983
0,0,0.9990558177417826,0.007520146466405487,0.9981116354835652
0,0,0.999551560345145,0.003905690636396322,0.9991031206902901
0,0,0.9973472768851022,0.018385602232828074,0.9946945537702044
1,1,0.9592685501716933,0.17026180859648896,0.9185371003433866
1,1,0.9999999522035974,8.534676426564379e-07,0.9999999044071947
1,1,0.9999999491377837,9.0504967669996e-07,0.9999998982755673
0,0,0.9994930877602397,0.004352814427847507,0.9989861755204794
0,0,0.9371254040534099,0.23480488814557193,0.8742508081068197
0,0,0.9885064660683408,0.06275701417121402,0.9770129321366816
1,1,0.9359384925232418,0.2379996521968926,0.8718769850464835
1,1,0.7054593345333369,0.6061674079259223,0.4109186690666736
1,1,0.9999999596078267,7.280539692532008e-07,0.9999999192156535
0,0,0.9531775625477205,0.18905061746491897,0.9063551250954409
1,0,0.557410988438849,0.6865405754291205,0.11482197687769796
0,0,0.937166546817859,0.23469371940404998,0.8743330936357183
1,1,0.9438675115228832,0.21619056762886416,0.8877350230457663
1,1,0.9315808770733133,0.24953037900846448,0.8631617541466265
1,1,0.9999999558004616,7.926988957045926e-07,0.9999999116009233
0,0,0.937172010374665,0.23467895458007837,0.87434402074933
1,1,0.9357827197204225,0.23841718687008767,0.8715654394408452
0,0,0.9987332250080314,0.009716984209196948,0.9974664500160628
0,1,0.9572773452904454,0.1765023994431875,0.9145546905808907
0,0,0.9995071175883515,0.004246178746292793,0.999014235176703
1,1,0.9372312761147082,0.2345187610870059,0.8744625522294164
0,0,0.9994309719730484,0.004820405019625855,0.9988619439460967
1,1,0.9999999531529851,8.374549724531441e-07,0.9999999063059701
0,0,0.9971164648319389,0.019744416207598373,0.9942329296638778
0,0,0.9998390118263628,0.0015670748446345334,0.9996780236527257
1,1,0.936205358252633,0.23728340207962156,0.8724107165052659
0,0,0.9989949534998899,0.007942097326021424,0.9979899069997797
1,0,0.9402144431857044,0.22637706637075544,0.8804288863714086
0,0,0.9371604720605738,0.2347101353531277,0.8743209441211478
0,0,0.9995324527939996,0.004052594651561808,0.9990649055879992
1,0,0.997347497135732,0.01838429624483559,0.994694994271464
0,0,0.9998390133297099,0.0015670617143661875,0.9996780266594198
0,0,0.9919715308863072,0.04673160236183975,0.9839430617726143
0,0,0.9997970684889212,0.0019283649123051263,0.9995941369778426
1,1,0.9999999615701641,6.945974433749538e-07,0.9999999231403283
0,0,0.9976661370924911,0.016474884465800557,0.9953322741849822
1,0,0.9372211004937099,0.23454626972522413,0.8744422009874199
1,1,0.8187658781335282,0.4732596941671064,0.6375317562670563
1,0,0.9375506864420011,0.23365437534835326,0.8751013728840022
0,0,0.9371577284499069,0.23471754926664173,0.8743154568998134
0,0,0.999698664030919,0.002744307066377146,0.9993973280618381
0,0,0.9379467974932489,0.23258000137041612,0.8758935949864979
1,1,0.5356696174668856,0.6906003745305274,0.07133923493377109
0,0,0.9976661063840718,0.016475070493943304,0.9953322127681437
0,0,0.9371569089505992,0.23471976373134198,0.8743138179011984
1,0,0.9785200956707064,0.1037440667320798,0.9570401913414128
1,1,0.9203168181534711,0.27799490918035563,0.8406336363069422
1,0,0.9364778129655348,0.23655092131640182,0.8729556259310697
1,0,0.9804428545673636,0.09631056324022819,0.960885709134727
1,1,0.8071298553974076,0.4903580426087619,0.6142597107948152
1,0,0.9950547803608896,0.031188794099844406,0.9901095607217792
0,0,0.9995518782138774,0.0039032399820914904,0.9991037564277546
1,1,0.7016866303453253,0.6094284433443742,0.40337326069065044
1,1,0.9999999621754697,6.842574025723138e-07,0.9999999243509394
0,0,0.9371420631105669,0.23475987843364576,0.874284126221134
1,0,0.9965161520313374,0.023195020488502662,0.9930323040626748
1,1,0.9190839461641754,0.2810010121132501,0.838167892328351
0,0,0.9995129630074315,0.004201632542042568,0.9990259260148632
1,0,0.9212999232681836,0.27558297116484104,0.842599846536367
1,1,0.9360040479540973,0.2378238159497382,0.8720080959081946
1,1,0.8597240735243981,0.4054640556233625,0.719448147048796
1,1,0.9999999589023253,7.400587430968554e-07,0.9999999178046507
1,1,0.9999999581697467,7.525114465350048e-07,0.9999999163394935
0,0,0.9371345297772967,0.23478023269961332,0.8742690595545933
0,0,0.93722642682199,0.2345318708198341,0.87445285364398
1,1,0.7810948947133682,0.5255186928477771,0.5621897894267367
0,0,0.9770011027289581,0.1094913188203867,0.9540022054579164
1,1,0.9346124662686424,0.24154109491753772,0.8692249325372847
1,1,0.9360040479540973,0.2378238159497382,0.8720080959081946
0,0,0.9980413545414261,0.014169864001998015,0.9960827090828522
1,1,0.9999999615701641,6.945974433749538e-07,0.9999999231403283
1,1,0.9999999574092036,7.654259344934964e-07,0.9999999148184071
1,0,0.9747375279841227,0.11786702318146486,0.9494750559682454
0,0,0.9607361798084774,0.16559743001886137,0.9214723596169548
0,0,0.9382713715587375,0.23169764873043416,0.876542743117475
0,0,0.937145718148889,0.23475000256140202,0.8742914362977781
1,0,0.9968597579552027,0.021233951278757456,0.9937195159104053
1,1,0.9361067706157402,0.23754814347332903,0.8722135412314804
1,0,0.9999013745204115,0.0010083598825942777,0.9998027490408229
1,1,0.9361067706157402,0.23754814347332903,0.8722135412314804
0,0,0.9979474831364485,0.014752796518867222,0.9958949662728971
1,0,0.9999596770167135,0.00044833386328534336,0.9999193540334269
0,0,0.9995495993277845,0.003920804400362165,0.9990991986555691
0,0,0.9995322958926106,0.004053797673306587,0.9990645917852213
0,0,0.9371602775489145,0.23471066097587295,0.8743205550978288
1,1,0.9999993453854673,9.975814190032797e-06,0.9999986907709346
1,0,0.9761105509787588,0.11281260488231279,0.9522211019575174
1,1,0.9801715212934512,0.09737083061877078,0.9603430425869025
0,0,0.9371514135128722,0.2347346133002295,0.8743028270257446
1,1,0.9966437295736797,0.022471052447712615,0.9932874591473595
1,1,0.9767446521665191,0.11045130446522546,0.953489304333038
0,0,0.9670298522802615,0.14491973860675236,0.9340597045605229
1,1,0.9999999609409562,7.053356875831334e-07,0.9999999218819124
1,1,0.9999992640425076,1.112921772307802e-05,0.9999985280850152
1,1,0.9360503215809276,0.2376996551877048,0.8721006431618552
0,0,0.9983746358602116,0.012062169062210495,0.9967492717204233
0,0,0.9998390100064951,0.001567090739382855,0.9996780200129903
1,1,0.9999999512187996,8.700576279406352e-07,0.9999999024375992
0,1,0.9999999797862102,3.783394977674485e-07,0.9999999595724205
0,0,0.9998293490811788,0.0016511850422654651,0.9996586981623576
1,1,0.9999990812025298,1.3690265752925043e-05,0.9999981624050596
1,0,0.9372211004937099,0.23454626972522413,0.8744422009874199
0,0,0.9371404591261001,0.23476421230994993,0.8742809182522003
1,1,0.8251225145283078,0.4635364171172477,0.6502450290566156
1,0,0.8740683521522169,0.37857910482375556,0.7481367043044338
1,1,0.7190597803184214,0.5938391278444979,0.4381195606368427
1,1,0.9999999540681559,8.220012039651388e-07,0.9999999081363118
0,0,0.937145030685976,0.23475186009574114,0.8742900613719522
1,1,0.9969576851540872,0.0206683123902942,0.9939153703081746
0,0,0.9371632051160133,0.23470274983536293,0.8743264102320265
1,0,0.9370789906197272,0.23493026387854002,0.8741579812394545
0,0,0.9979474807794126,0.014752811100984675,0.9958949615588252
0,0,0.9385951294771022,0.2308157027203644,0.8771902589542043
1,1,0.7850963672607068,0.5203815569549904,0.5701927345214134
0,0,0.9402713825180974,0.22622015008309063,0.8805427650361947
1,1,0.9973215515575802,0.018538016210695955,0.9946431031151602
1,1,0.8001498655308067,0.5001945955982593,0.6002997310616132
1,1,0.9360012089100521,0.2378314324697362,0.8720024178201042
0,0,0.9938847489401011,0.03726576253812441,0.9877694978802023
0,0,0.9374913606071776,0.2338150539790366,0.8749827212143552
1,1,0.9364642202728389,0.23658749411905397,0.8729284405456776
1,1,0.9970367705045273,0.0202092028734488,0.9940735410090548
1,1,0.9360590493519849,0.2376762329429385,0.8721180987039696
0,0,0.9492629054262558,0.2006798807331642,0.8985258108525117
1,1,0.9999990952000649,1.349559005782231e-05,0.9999981904001298
1,0,0.9964739864002705,0.02343325965406394,0.992947972800541
0,0,0.9615858043566843,0.16287120852641443,0.9231716087133686
0,0,0.9994080216938356,0.004991409839651843,0.9988160433876712
1,0,0.6051633598594266,0.670862481617224,0.21032671971885325
1,1,0.9999984632039359,2.210805621546729e-05,0.9999969264078717
1,1,0.9148503397042791,0.29116989222762835,0.8297006794085582
1,0,0.9976661228481213,0.016474970756637175,0.9953322456962427
1,1,0.9999969257476088,4.209403877281267e-05,0.9999938514952176
1,1,0.9999999574092036,7.654259344934964e-07,0.9999999148184071
1,1,0.9361067706157402,0.23754814347332903,0.8722135412314804
1,0,0.9383554811259254,0.2314687009902922,0.8767109622518506
1,1,0.9611957400362561,0.1641252239280212,0.9223914800725121
1,1,0.9999955714801109,5.902084606998214e-05,0.9999911429602217
0,0,0.9989941177004437,0.0079478654285836,0.9979882354008873
0,0,0.9979474912269863,0.014752746465656268,0.9958949824539727
0,0,0.9373868590054754,0.2340979410266829,0.8747737180109507
0,0,0.9371625524860592,0.23470451344452975,0.8743251049721183
1,1,0.9361067706157402,0.23754814347332903,0.8722135412314804
0,0,0.9993475970770612,0.005437466471377672,0.9986951941541223
1,0,0.973488350081371,0.12239889190329468,0.946976700162742
1,0,0.9955199641234723,0.02869857604606364,0.9910399282469445
1,1,0.9999999549502822,8.070881798928859e-07,0.9999999099005643
1,0,0.9999069022143136,0.0009572140797332843,0.9998138044286272
0,0,0.9991845562750256,0.006614366022131052,0.9983691125500512
1,1,0.9361067706157402,0.23754814347332903,0.8722135412314804
1,1,0.9359858999454836,0.23787250067778332,0.8719717998909673
1,0,0.9678353369148008,0.14218805083323066,0.9356706738296017
1,1,0.9999999602871033,7.164837943213794e-07,0.9999999205742065
0,0,0.9987998241501582,0.009270982620862412,0.9975996483003166
1,0,0.9979475133469392,0.014752609617399742,0.9958950266938784
1,0,0.9398546967179126,0.22736714258127225,0.879709393435825
1,1,0.9361532892582176,0.23742324533239176,0.8723065785164353
1,1,0.9349801321403469,0.24056206918479886,0.869960264280694
1,1,0.9360282473361905,0.2377588889594389,0.8720564946723809
0,0,0.9995515349693384,0.0039058862650775566,0.9991030699386766
1,0,0.5844405603797287,0.6788181922323056,0.16888112075945727
1,1,0.9999989788988836,1.510681165427541e-05,0.9999979577977671
1,0,0.9384369936708945,0.23124670569774738,0.8768739873417888
0,0,0.9378188534616856,0.23292731858197657,0.8756377069233712
0,0,0.9375393319427545,0.23368513262730617,0.8750786638855091
1,1,0.9361067706157402,0.23754814347332903,0.8722135412314804
0,0,0.999546229378992,0.003946757013068134,0.9990924587579839
0,0,0.9875378364754325,0.06703149780970305,0.9750756729508651
1,1,0.9999999531529851,8.374549724531441e-07,0.9999999063059701
0,0,0.9938880709237212,0.037248849958203524,0.9877761418474424
0,0,0.9995396547101181,0.003997317872324094,0.9990793094202362
0,0,0.9371661804699911,0.23469470941163867,0.8743323609399823
1,1,0.9999999549502822,8.070881798928859e-07,0.9999999099005643
1,1,0.9999994920528256,7.869568748331367e-06,0.9999989841056511
0,0,0.9991845890240624,0.0066141331443049355,0.9983691780481248
1,1,0.9999971700275775,3.898355547099385e-05,0.9999943400551551
1,1,0.9293018661592123,0.2554410703376743,0.8586037323184246
0,0,0.9373458705289347,0.23420884648994864,0.8746917410578697
1,0,0.9979474850396546,0.01475278474442816,0.995894970079309
1,1,0.9968327040249019,0.021389673737923512,0.9936654080498037
1,1,0.9359434540572854,0.23798634661556634,0.8718869081145708
0,0,0.999547538378956,0.003936679141127317,0.9990950767579122
0,1,0.9374299832101299,0.23398122586952524,0.8748599664202599
1,1,0.9999999615701641,6.945974433749538e-07,0.9999999231403283
1,1,0.7810970286628307,0.5255159783262932,0.5621940573256615
0,0,0.9532099191063311,0.1889531012277574,0.9064198382126623
0,0,0.9371590443550709,0.23471399338189702,0.8743180887101416
1,0,0.9523158153196805,0.19163916839734715,0.9046316306393609
1,1,0.7850980461345937,0.5203793817694862,0.5701960922691872
0,0,0.9371419292033802,0.2347602402450445,0.8742838584067606
0,0,0.9994424952367048,0.004734197042604458,0.9988849904734095
0,1,0.9999998247220102,2.902058839214671e-06,0.9999996494440204
1,0,0.9999500888072116,0.000544293552014505,0.9999001776144231
1,1,0.9999999627575701,6.743046260463807e-07,0.99999992551514
0,0,0.9371681549300614,0.23468937366247528,0.8743363098601229
0,0,0.8966684607554821,0.33234204993464145,0.7933369215109642
0,0,0.9648967688893293,0.15205671631488815,0.9297935377786586
1,1,0.816697036026047,0.47636514612591085,0.6333940720520943
1,1,0.9967892924400857,0.021639067256770728,0.9935785848801713
1,1,0.9999970031702081,4.111037342816268e-05,0.9999940063404162
1,1,0.5969837581471004,0.6742157100063231,0.19396751629420073
1,0,0.5,0.6931471805599453,0.0
0,0,0.9979475134055003,0.014752609255103338,0.9958950268110005
0,0,0.9370227765235845,0.23508206503617762,0.874045553047169
0,0,0.9975333901465145,0.017275336922548633,0.9950667802930291
1,1,0.9999999522035974,8.534676426564379e-07,0.9999999044071947
0,0,0.9979474929151061,0.014752736021869975,0.9958949858302122
1,1,0.9999999627575701,6.743046260463807e-07,0.99999992551514
1,0,0.9396844763256098,0.22783481589584867,0.8793689526512195
0,0,0.9395867585255754,0.22810306034755998,0.8791735170511509
0,0,0.9847163273811067,0.07906685698461859,0.9694326547622135
0,0,0.9995410557095413,0.003986551756080964,0.9990821114190827
1,1,0.9999999491377837,9.0504967669996e-07,0.9999998982755673
0,0,0.9973472775140253,0.018385598503621012,0.9946945550280506
0,0,0.9375991466729008,0.23352308061433785,0.8751982933458015
1,1,0.9285087926245739,0.25747926900808876,0.8570175852491476
1,1,0.9359719791591538,0.23790984152885492,0.8719439583183075
1,1,0.9999991560588172,1.2646612736764519e-05,0.9999983121176345
1,1,0.7300209235996789,0.5832380279333889,0.46004184719935787
1,1,0.9359957536032674,0.2378460674596574,0.8719915072065346
0,0,0.9371719093948997,0.23467922747439174,0.8743438187897993
0,0,0.9371421394129785,0.2347596722677098,0.8742842788259572
1,0,0.9801936817590742,0.0972843786829252,0.9603873635181484
1,1,0.99999996385483,6.555187727464619e-07,0.9999999277096601
1,0,0.9445119177324659,0.21436794555584981,0.8890238354649318
0,0,0.9986410227785201,0.010328693159974136,0.9972820455570401
0,0,0.9942893374106149,0.03519229764731896,0.9885786748212297
1,1,0.9999999501972988,8.872449120709397e-07,0.9999999003945976
1,1,0.9999997866743706,3.490102430421854e-06,0.9999995733487412
0,0,0.9371861742497082,0.23464067548321102,0.8743723484994164
1,1,0.9999999549502822,8.070881798928859e-07,0.9999999099005643
1,1,0.9999992423285788,1.1435546616038738e-05,0.9999984846571577
1,1,0.9359384925232418,0.2379996521968926,0.8718769850464835
1,0,0.9999380062163595,0.000662617174325523,0.9998760124327191
1,1,0.9176402125067515,0.2844952962695765,0.8352804250135031
1,1,0.99999996385483,6.555187727464619e-07,0.9999999277096601
0,0,0.9998390114835978,0.0015670778383500784,0.9996780229671957
1,1,0.9999999581697467,7.525114465350048e-07,0.9999999163394935
1,1,0.9999992483488755,1.1350678500415647e-05,0.9999984966977511
1,1,0.9999987733895788,1.7922318060812292e-05,0.9999975467791575
1,0,0.986124034636629,0.0731350342045228,0.972248069273258
0,0,0.9695210619945698,0.1364030828521711,0.9390421239891394
1,0,0.9820571732582388,0.08992118156371837,0.9641143465164778
1,1,0.9361067706157402,0.23754814347332903,0.8722135412314804
0,0,0.9975345953419567,0.01726810251287498,0.9950691906839133
0,0,0.9995278491829702,0.004087870434311427,0.9990556983659403
1,1,0.9999999512187996,8.700576279406352e-07,0.9999999024375992
0,0,0.999536366501456,0.0040225696991478856,0.9990727330029121
1,0,0.9370782312486103,0.23493231484957744,0.8741564624972206
1,0,0.858149944950952,0.4083077096101716,0.7162998899019042
1,1,0.9999990487581163,1.4140683354792339e-05,0.9999980975162325
1,1,0.9360590493519849,0.2376762329429385,0.8721180987039696
0,0,0.9376107376414743,0.23349167091368622,0.8752214752829488
1,0,0.9999569020915867,0.0004763187104901505,0.9999138041831734
1,1,0.9563578964849458,0.1793510349329237,0.9127157929698918
0,1,0.9834536986913928,0.08427483840931049,0.9669073973827854
0,0,0.9998293531856929,0.0016511494326024916,0.9996587063713858
1,1,0.7149940810067871,0.5976192887440623,0.4299881620135743
0,0,0.9998293530474925,0.001651150631592501,0.9996587060949852
0,0,0.996578835985763,0.022839902710956914,0.9931576719715259
1,1,0.99999996385483,6.555187727464619e-07,0.9999999277096601
1,1,0.999998985381567,1.5017364826222562e-05,0.999997970763134
0,0,0.9782135974027838,0.10491233577055195,0.9564271948055675
0,0,0.9371671030114559,0.2346922163586499,0.874334206022912
0,0,0.9371680912755024,0.23468954568256545,0.8743361825510048
0,1,0.9999999027965574,1.6666949079949896e-06,0.9999998055931147
0,0,0.9567699704071911,0.17807687712686626,0.9135399408143823
1,0,0.9666430786003744,0.14622416537404834,0.9332861572007487
0,0,0.9994075711962526,0.004994757517728647,0.998815142392505
0,1,0.9417197378187863,0.2222091462638666,0.8834394756375727
1,1,0.9360012089100521,0.2378314324697362,0.8720024178201042
1,1,0.9999999602871033,7.164837943213794e-07,0.9999999205742065
1,1,0.9359815663880965,0.23788412527593317,0.8719631327761929
1,1,0.8396637376303426,0.4402270586859301,0.6793274752606853
0,0,0.9995129753674441,0.004201538275985262,0.9990259507348881
1,0,0.9748278262986388,0.11753701138417326,0.9496556525972777
0,0,0.93715423361712,0.23472699298272456,0.8743084672342399
1,1,0.9999999501972988,8.872449120709397e-07,0.9999999003945976
0,0,0.9371513395651286,0.2347348131155951,0.8743026791302574
1,1,0.9359612603878819,0.237938591152417,0.8719225207757637
1,1,0.9278656564294687,0.25912516669000535,0.8557313128589376
0,0,0.9514907378142097,0.1941022405956268,0.9029814756284193
1,1,0.9999999491377837,9.0504967669996e-07,0.9999998982755673
1,1,0.9999830903054424,0.0002027069081771882,0.9999661806108848
1,0,0.9960691353753961,0.0256957784720532,0.9921382707507922
1,0,0.9431212338353238,0.2182915314191136,0.8862424676706474
0,0,0.9991374383400349,0.006948082977494835,0.9982748766800698
1,0,0.9392792000073658,0.2289462403345531,0.8785584000147315
0,0,0.9933884118899264,0.03977279037091686,0.986776823779853
0,0,0.9982766108991569,0.012688625161565312,0.9965532217983136
1,1,0.9999992219696553,1.172219412768496e-05,0.9999984439393106
1,1,0.9999999566197619,7.78816771380435e-07,0.9999999132395239
0,0,0.9547042469372302,0.1844236612721264,0.9094084938744603
1,0,0.9372211004937099,0.23454626972522413,0.8744422009874199
1,1,0.9999980013006834,2.8227656292691815e-05,0.9999960026013669
1,1,0.9359384925232418,0.2379996521968926,0.8718769850464835
0,0,0.9995304184264051,0.004068188830137479,0.9990608368528102
0,0,0.9994158379089989,0.004933272179789845,0.9988316758179977
1,0,0.870901316354212,0.38466974259904113,0.7418026327084237
0,0,0.93713585072921,0.23477666369756411,0.87427170145842
1,1,0.9999999491377837,9.0504967669996e-07,0.9999998982755673
0,0,0.9371334963056485,0.23478302495504205,0.8742669926112969
0,0,0.7211555162874909,0.5918586623321909,0.4423110325749819
0,1,0.9403188598834074,0.22608926542853464,0.8806377197668146
1,1,0.9351890285712424,0.24000482704502607,0.870378057142485
1,1,0.9359992211156739,0.23783676519724012,0.871998442231348
0,0,0.9458511842642884,0.21055455149380586,0.8917023685285768
1,1,0.9999999627575701,6.743046260463807e-07,0.99999992551514
0,0,0.9985934942838732,0.01064154247566141,0.9971869885677465
0,0,0.9976661370924911,0.016474884465800557,0.9953322741849822
1,0,0.9410028138841119,0.22419928258386168,0.8820056277682237
0,0,0.9988158218517407,0.009163305469475545,0.9976316437034813
1,0,0.937348422973347,0.23420194099330793,0.8746968459466941
0,0,0.9998191573478377,0.0017393071584557113,0.9996383146956753
1,0,0.9984117353427534,0.011823548314244064,0.9968234706855068
1,1,0.5915761315325496,0.6762797526628216,0.18315226306509919
0,0,0.9371380219979115,0.23477079721039204,0.8742760439958229
1,1,0.9890122576933935,0.060492585198898705,0.978024515386787
1,1,0.9608970656773341,0.16508267058691461,0.9217941313546684
1,0,0.9321330423745945,0.24808615034491383,0.864266084749189
1,0,0.9953710614338142,0.02950073299810653,0.9907421228676284
1,1,0.99999996385483,6.555187727464619e-07,0.9999999277096601
1,1,0.7066819019120133,0.6050959788332417,0.41336380382402677
1,0,0.9220033876967276,0.27384892724469767,0.8440067753934555
1,1,0.8796096983604383,0.3677019194220458,0.7592193967208768
0,0,0.9994071728548513,0.004997717334130094,0.9988143457097026
0,0,0.9957035934504233,0.02770247758367802,0.9914071869008463
0,0,0.9373138437842866,0.2342954836421723,0.8746276875685733
0,0,0.9371546487170709,0.23472587131299372,0.8743092974341415
1,1,0.9999999609409562,7.053356875831334e-07,0.9999999218819124
0,0,0.9486520563930244,0.20246521589185545,0.8973041127860488
1,1,0.9238748576955026,0.26920208229001996,0.8477497153910053
0,0,0.9385780885964479,0.23086216889455824,0.8771561771928955
1,1,0.9999999633171419,6.647284671280214e-07,0.9999999266342838
0,0,0.9998390119236725,0.0015670739947298026,0.9996780238473452
1,1,0.7753942723744114,0.5326757734779687,0.5507885447488227
1,1,0.7453881508061798,0.5673452911092687,0.49077630161235963
1,1,0.9999999574092036,7.654259344934964e-07,0.9999999148184071
1,1,0.756367356315055,0.555231152309606,0.5127347126301101
1,1,0.9359912424573023,0.2378581691674531,0.8719824849146044
1,0,0.8882442041685814,0.35017057951386393,0.776488408337163
1,0,0.9973474919468341,0.018384327012896426,0.9946949838936683
1,1,0.9999999491377837,9.0504967669996e-07,0.9999998982755673
1,1,0.999999762886983,3.854207791070455e-06,0.9999995257739661
1,1,0.9361067706157402,0.23754814347332903,0.8722135412314804
1,1,0.8041850070461956,0.4945457501276268,0.6083700140923911
1,0,0.9384743040952611,0.23114505428449905,0.8769486081905222
1,0,0.9370782312486103,0.23493231484957744,0.8741564624972206
1,0,0.537492774818729,0.6903331236017999,0.07498554963745813
1,1,0.9359889333182152,0.23786436358762425,0.8719778666364304
1,1,0.9999952336300842,6.317310072850795e-05,0.9999904672601684
1,1,0.7000124086741523,0.6108537878452235,0.4000248173483047
1,1,0.8888722541784838,0.34886668535008053,0.7777445083569677
0,0,0.9371289972562384,0.23479518037009028,0.8742579945124769
1,0,0.9979474850396546,0.01475278474442816,0.995894970079309
0,0,0.9979474848249698,0.014752786072604617,0.9958949696499394
0,0,0.9951739315351675,0.030555317191899887,0.990347863070335
0,0,0.9371594381011923,0.23471292938170438,0.8743188762023848
1,1,0.6261051468657352,0.6609960942484414,0.25221029373147025
1,0,0.9372211004937099,0.23454626972522413,0.8744422009874199
1,0,0.9964865110600069,0.023362547435134304,0.9929730221200137
0,0,0.9969999326523158,0.02042331549340282,0.9939998653046316
1,1,0.9999999596078267,7.280539692532008e-07,0.9999999192156535
0,0,0.9975331350439782,0.01727686814723365,0.9950662700879565
1,1,0.9999993941118193,9.280128783941764e-06,0.9999987882236385
1,0,0.9829767752391109,0.08621610294371024,0.9659535504782216
1,1,0.9999999596078267,7.280539692532008e-07,0.9999999192156535
0,0,0.9495265827343675,0.19990683941789655,0.899053165468735
0,0,0.9424628367072008,0.22013646425778421,0.8849256734144015
0,0,0.999273235924896,0.0059787575000783124,0.9985464718497922
1,1,0.9999999522035974,8.534676426564379e-07,0.9999999044071947
1,1,0.9361878199158393,0.23733051038261999,0.8723756398316789
1,0,0.9400525649401182,0.22682286370961396,0.8801051298802366
1,1,0.99999996385483,6.555187727464619e-07,0.9999999277096601
1,1,0.9999999596078267,7.280539692532008e-07,0.9999999192156535
1,1,0.9361067706157402,0.23754814347332903,0.8722135412314804
1,1,0.9999987692708685,1.797837196657548e-05,0.9999975385417371
1,1,0.9971125962218705,0.019767028922438062,0.9942251924437411
1,1,0.7122713164781461,0.6001054349763386,0.42454263295629235
1,0,0.9372211004937099,0.23454626972522413,0.8744422009874199
1,1,0.9999999540681559,8.220012039651388e-07,0.9999999081363118
1,1,0.9999999627575701,6.743046260463807e-07,0.99999992551514
1,0,0.9771896269671643,0.10878374064187642,0.9543792539343284
0,0,0.9376178386355509,0.23347242720279754,0.8752356772711021
1,0,0.9954589729787184,0.029027734713708533,0.9909179459574369
0,0,0.9922829221359137,0.04522555667530737,0.9845658442718275
0,0,0.9371856070379927,0.23464220848741044,0.8743712140759854
0,0,0.9981403446519329,0.0135502553995976,0.9962806893038657
1,0,0.9768109151627337,0.11020353717653675,0.9536218303254673
0,0,0.9371614064712414,0.2347076103155869,0.8743228129424829
0,0,0.9888065974029332,0.061416107186839326,0.9776131948058664
0,0,0.9979670362330187,0.01463173504524819,0.9959340724660376
0,0,0.9751877642765979,0.11621823817634334,0.950375528553196
0,0,0.9371508416527329,0.2347361585301251,0.8743016833054658
1,0,0.9666771562419334,0.14610942279795602,0.9333543124838669
1,1,0.9359943011172878,0.23784996397027794,0.8719886022345759
1,1,0.9361067706157402,0.23754814347332903,0.8722135412314804
1,0,0.9372211004937099,0.23454626972522413,0.8744422009874199
0,0,0.9230989260348608,0.27113469433596804,0.8461978520697219
0,0,0.9996565200468397,0.0030831482071474016,0.9993130400936795
1,1,0.9999999491377837,9.0504967669996e-07,0.9999998982755673
1,1,0.9999999566197619,7.78816771380435e-07,0.9999999132395239
1,0,0.9976659225595539,0.016476184073687516,0.9953318451191078
1,1,0.9849556789270755,0.07806790858213232,0.969911357854151
0,0,0.9371711670527375,0.2346812336230203,0.8743423341054751
0,1,0.9403203670452744,0.2260851098571181,0.8806407340905491
0,0,0.999507119687124,0.004246162764665896,0.9990142393742482
1,1,0.9999999627575701,6.743046260463807e-07,0.99999992551514
0,0,0.9998293493763305,0.0016511824816128103,0.9996586987526609
1,1,0.995310785820423,0.029824067967978207,0.9906215716408457
0,0,0.9371750495473152,0.23467074124036408,0.8743500990946304
0,0,0.9425430813664437,0.21991203554104855,0.8850861627328875
1,1,0.8550009515826114,0.413935441929097,0.7100019031652228
1,1,0.9999992244821303,1.1686848337340276e-05,0.9999984489642606
0,0,0.9590742166900468,0.17087525866682904,0.9181484333800936
0,0,0.9365138361938776,0.23645398138895737,0.873027672387755
0,0,0.9979473238701629,0.01475378183487392,0.9958946477403258
0,0,0.9995520304305068,0.003902066366422997,0.9991040608610136
1,1,0.7025459875297535,0.6086916337213056,0.40509197505950695
1,1,0.9999999549502822,8.070881798928859e-07,0.9999999099005643
0,0,0.9394665003527106,0.2284329493462106,0.878933000705421
1,1,0.9360029521165749,0.23782675585258573,0.8720059042331498
1,0,0.9935996096753326,0.03871077200643069,0.9871992193506652
1,0,0.9809985178423182,0.09412720131316081,0.9619970356846365
0,0,0.9995469038583557,0.003941564730125115,0.9990938077167114
1,1,0.9535504459847173,0.18792539442680592,0.9071008919694346
1,1,0.9999999491377837,9.0504967669996e-07,0.9999998982755673
0,0,0.937146724955237,0.23474728214218593,0.8742934499104741
0,0,0.9954730931126085,0.028951604400128086,0.9909461862252168
1,1,0.8265458197361883,0.4613212009205608,0.6530916394723767
1,0,0.9963037422545065,0.024390067149635444,0.9926074845090128
1,1,0.9359384925232418,0.2379996521968926,0.8718769850464835
0,0,0.9997725299933026,0.0021355745028319995,0.9995450599866053
0,0,0.9995985782129951,0.003540659426917536,0.9991971564259904
1,1,0.8850075990790172,0.3568275110021282,0.7700151981580342
0,0,0.9402398086095357,0.2263071701817525,0.8804796172190712
1,1,0.9999999522035974,8.534676426564379e-07,0.9999999044071947
1,1,0.9999999574092036,7.654259344934964e-07,0.9999999148184071
0,0,0.9371703415725466,0.23468346443770338,0.874340683145093
1,1,0.9999999491377837,9.0504967669996e-07,0.9999998982755673
0,0,0.9371618943738517,0.2347062918611265,0.8743237887477034
1,1,0.9628976083840919,0.15862344181355834,0.9257952167681835
0,0,0.9993039132483836,0.005756420352938093,0.9986078264967672
0,0,0.9371699084165132,0.2346846350133608,0.8743398168330264
0,0,0.9998293506592791,0.0016511713511020447,0.9996587013185583
1,0,0.9356471883602547,0.23878013768962772,0.8712943767205096
0,0,0.9395324640236711,0.22825203108975164,0.8790649280473423
1,0,0.9973474867453659,0.018384357855484326,0.9946949734907318
1,1,0.9361067706157402,0.23754814347332903,0.8722135412314804
1,0,0.99995426552812,0.0005027423731594629,0.9999085310562398
0,0,0.9373189615266353,0.23428164055294132,0.8746379230532706
0,0,0.9999973295831206,3.694061006308468e-05,0.9999946591662413
0,0,0.9633865277006807,0.15702803090449763,0.9267730554013613
0,0,0.9371657132172413,0.23469597209827364,0.8743314264344826
0,0,0.914999464127232,0.29081567583139983,0.8299989282544639
0,0,0.9979474871813113,0.014752771494778313,0.9958949743626226
0,0,0.9540768930210348,0.1863314234281341,0.9081537860420696
1,1,0.9360012089100521,0.2378314324697362,0.8720024178201042
0,0,0.9371625458358116,0.23470453141553044,0.8743250916716231
1,1,0.9999999531529851,8.374549724531441e-07,0.9999999063059701
0,0,0.9993977621686833,0.005067564524638813,0.9987955243373665
1,1,0.9999999558004616,7.926988957045926e-07,0.9999999116009233
1,0,0.9672569016303496,0.14415181333877705,0.9345138032606993
1,1,0.9999999596078267,7.280539692532008e-07,0.9999999192156535
1,0,0.9370782312486103,0.23493231484957744,0.8741564624972206
0,0,0.9371708931806295,0.2346819737485681,0.8743417863612591
1,1,0.9611634920743356,0.16422871459878816,0.9223269841486713
1,1,0.8222780124822414,0.46792159096267305,0.6445560249644829
1,1,0.9604062277430783,0.1666509783821404,0.9208124554861563
1,1,0.9999978205634091,3.0591537630949856e-05,0.9999956411268183
0,0,0.9997970677952512,0.0019283708101911186,0.9995941355905025
1,1,0.9999999558004616,7.926988957045926e-07,0.9999999116009233
1,0,0.9370782312486103,0.23493231484957744,0.8741564624972206
1,1,0.9999994663090876,8.242028234536786e-06,0.9999989326181753
1,1,0.9353088972800462,0.2396847460443442,0.8706177945600926
0,0,0.9931295115390832,0.041065438119268764,0.9862590230781665
1,1,0.6594314903054803,0.6414118471185366,0.31886298061096074
0,0,0.8955637192516438,0.33472254758165587,0.7911274385032876
1,1,0.9999999558004616,7.926988957045926e-07,0.9999999116009233
0,0,0.9807877826111562,0.09495716552125083,0.9615755652223122
0,1,0.9397337759171008,0.2276994200071489,0.8794675518342016
1,1,0.9880766481665557,0.06466356762747041,0.9761532963331113
0,0,0.9973389287531121,0.01843508942739518,0.9946778575062244
1,1,0.9360512861110718,0.23769706679313377,0.8721025722221438
1,1,0.9999999501972988,8.872449120709397e-07,0.9999999003945976
1,1,0.9956250342808364,0.02812956796341813,0.9912500685616726
0,1,0.9999998816854718,2.0054216940377417e-06,0.9999997633709437
0,0,0.9991476666145053,0.00687586421331498,0.9982953332290107
1,0,0.9979475093010428,0.014752634647935348,0.9958950186020856
0,0,0.9994378700055393,0.004768827733900359,0.9988757400110786
1,0,0.9372211004937099,0.23454626972522413,0.8744422009874199
1,1,0.9999999574092036,7.654259344934964e-07,0.9999999148184071
1,1,0.6468671371735888,0.649364462394491,0.2937342743471776
1,1,0.7329077623215476,0.5803452165311198,0.46581552464309517
0,1,0.9361067706157402,0.23754814347332903,0.8722135412314804
0,0,0.9906770719668454,0.052866619150937585,0.9813541439336909
1,0,0.7910372798110966,0.5125791055378508,0.5820745596221931
1,1,0.9999960863499399,5.26426562381508e-05,0.9999921726998797
1,1,0.9999999522035974,8.534676426564379e-07,0.9999999044071947
1,1,0.9999999615701641,6.945974433749538e-07,0.9999999231403283
0,0,0.9402129208122192,0.2263812610125957,0.8804258416244383
0,0,0.9371405419377772,0.23476398855850025,0.8742810838755544
0,0,0.9995068667591246,0.004248088683531855,0.9990137335182492
1,1,0.9339172642198235,0.24338625226745986,0.867834528439647
1,0,0.9212999232681836,0.27558297116484104,0.842599846536367
0,0,0.9947744818232115,0.0326677657809597,0.989548963646423
1,0,0.9999302122381449,0.0007376578292325346,0.9998604244762899
1,1,0.9999999574092036,7.654259344934964e-07,0.9999999148184071
1,1,0.9359716642010253,0.2379106863291055,0.8719433284020506
0,0,0.999486195143054,0.004405059736561311,0.9989723902861082
1,0,0.9999467926334336,0.000576836336661206,0.9998935852668672
1,1,0.9999999501972988,8.872449120709397e-07,0.9999999003945976
1,1,0.9999991618047118,1.2566235751158427e-05,0.9999983236094235
1,1,0.9873399760398056,0.06789506378185511,0.9746799520796112
0,0,0.9995496709724248,0.003920252378260974,0.9990993419448496
1,1,0.9356158792695737,0.23886393953570284,0.8712317585391475
1,1,0.9592114841408178,0.17044204826621337,0.9184229682816355
0,0,0.9998390111282263,0.0015670809421712926,0.9996780222564525
0,0,0.9371510987970804,0.23473546369809697,0.8743021975941608
0,0,0.9843946291723381,0.08040349823182594,0.9687892583446763
0,0,0.9993645605611873,0.005312830341825132,0.9987291211223747
1,1,0.9999999615701641,6.945974433749538e-07,0.9999999231403283
1,1,0.9191875141861848,0.28074927327797095,0.8383750283723697
1,1,0.9999999596078267,7.280539692532008e-07,0.9999999192156535
0,0,0.9892018543514602,0.059637750755004375,0.9784037087029205
0,0,0.9979474902838417,0.01475275230055097,0.9958949805676832
1,1,0.9999993764260191,9.533073129222121e-06,0.9999987528520381
1,1,0.9872918112010927,0.06810480435844196,0.9745836224021853
0,0,0.937145903899325,0.23474950065976752,0.8742918077986498
1,1,0.9999999522035974,8.534676426564379e-07,0.9999999044071947
0,0,0.9979474924430743,0.014752738942160355,0.9958949848861486
0,0,0.9371715348344105,0.23468023970960913,0.8743430696688211
1,1,0.9361067706157402,0.23754814347332903,0.8722135412314804
1,1,0.7879366178890826,0.5166776970430438,0.5758732357781653
1,0,0.9856656339924716,0.07508188585242094,0.9713312679849434
0,0,0.9979522690705463,0.014723182101264018,0.9959045381410927
0,0,0.9936004589384957,0.038706487438005484,0.9872009178769913
1,1,0.9361067706157402,0.23754814347332903,0.8722135412314804
1,1,0.8522655512349253,0.41875904780553186,0.7045311024698506
1,1,0.7293721872318614,0.5838822774981041,0.45874437446372246
1,0,0.9999561045032416,0.0004843287274831792,0.9999122090064831
1,0,0.9998067573416316,0.0018457509196153493,0.9996135146832633
1,1,0.999998973042231,1.5187585235291527e-05,0.9999979460844619
1,1,0.9361067706157402,0.23754814347332903,0.8722135412314804
0,0,0.9371409053542685,0.23476300663078578,0.8742818107085369
1,1,0.9304198762222242,0.2525515010204728,0.8608397524444484
0,0,0.995281517980095,0.02998078733194636,0.99056303596019
1,1,0.9999999549502822,8.070881798928859e-07,0.9999999099005643
1,0,0.9999455389835725,0.0005891591763833969,0.999891077967145
0,0,0.987099153443229,0.06894191762415704,0.9741983068864579
1,1,0.9999994235607426,8.85779365845085e-06,0.999998847121485
0,0,0.9979474817218811,0.0147528052702782,0.9958949634437622
0,0,0.9135984156792684,0.29413238262581115,0.8271968313585367
1,0,0.9614083674732591,0.1634421575642777,0.9228167349465183
0,0,0.989540876372481,0.05810077394307642,0.979081752744962
1,1,0.9593057038980587,0.1701444159685507,0.9186114077961173
1,1,0.9361067706157402,0.23754814347332903,0.8722135412314804
1,1,0.9999999512187996,8.700576279406352e-07,0.9999999024375992
0,0,0.9998390135736368,0.0015670595839023472,0.9996780271472736
1,1,0.9999999615701641,6.945974433749538e-07,0.9999999231403283
0,0,0.937147973019387,0.23474390981367954,0.874295946038774
0,0,0.9979475134055003,0.014752609255103338,0.9958950268110005
0,0,0.9371641179382475,0.23470028309357738,0.8743282358764949
0,0,0.9928589489277909,0.04240581961958838,0.985717897855582
1,0,0.9216574447440116,0.2747025350697943,0.8433148894880231
0,0,0.9371271781731143,0.23480009502417504,0.8742543563462285
1,1,0.9360302037948388,0.23775363934974017,0.8720604075896775
0,0,0.9371366239530483,0.23477457455594647,0.8742732479060965
0,0,0.9992288825241159,0.006297935553941698,0.9984577650482317
0,0,0.9995521063388284,0.0039014810812344667,0.9991042126776567
0,0,0.9979474781584238,0.01475282731607816,0.9958949563168475
0,0,0.9998390105668812,0.0015670858449650987,0.9996780211337625
0,0,0.9419180649784475,0.22165695328378693,0.8838361299568951
1,1,0.9361067706157402,0.23754814347332903,0.8722135412314804
0,1,0.9999889234473893,0.0001374674892875548,0.9999778468947786
1,1,0.9999999589023253,7.400587430968554e-07,0.9999999178046507
1,1,0.9999999890303684,2.1202252228803713e-07,0.9999999780607367
1,1,0.9931673452430069,0.04087716234869505,0.9863346904860139
1,0,0.9869523910706028,0.0695776535612101,0.9739047821412058
1,1,0.9999999540681559,8.220012039651388e-07,0.9999999081363118
0,0,0.9372379908152562,0.23450060769110545,0.8744759816305123
1,1,0.9360012089100521,0.2378314324697362,0.8720024178201042
1,0,0.9976661274361436,0.0164749429629098,0.9953322548722869
1,0,0.9973475023381368,0.018384265396673267,0.9946950046762738
0,0,0.9943391363738389,0.034935131262720354,0.9886782727476776
0,0,0.8979297359865154,0.32960814183646875,0.7958594719730308
1,1,0.9999999596078267,7.280539692532008e-07,0.9999999192156535
1,1,0.9360114546275766,0.2378039448684242,0.872022909255153
1,1,0.9999991130004667,1.3247711398999663e-05,0.9999982260009336
0,1,0.9999967146239929,4.476662483196136e-05,0.9999934292479858
1,0,0.9372211004937099,0.23454626972522413,0.8744422009874199
0,0,0.9402597370577697,0.2262522479251045,0.8805194741155392
0,0,0.9989287479903217,0.008396892534185678,0.9978574959806435
1,1,0.9999991625872314,1.2555286359525391e-05,0.9999983251744629
0,0,0.9533088217139997,0.18865488282411166,0.9066176434279992
0,0,0.9994510309075048,0.004670186504574509,0.9989020618150095
1,1,0.7005208979114125,0.6104223001203226,0.40104179582282495
1,0,0.9997648595040244,0.0021997886694560915,0.9995297190080487
0,0,0.990847441187327,0.052070110481346805,0.9816948823746541
1,0,0.9970194566630362,0.02030989296389322,0.9940389133260723
0,0,0.9997645914529769,0.0022020281079096708,0.9995291829059538
1,1,0.9520940081419731,0.19230278403671913,0.9041880162839462
1,1,0.9999999633171419,6.647284671280214e-07,0.9999999266342838
1,0,0.9979475291051019,0.014752512127124449,0.9958950582102036
1,0,0.9976659231046663,0.01647618077150444,0.9953318462093327
1,1,0.9360012089100521,0.2378314324697362,0.8720024178201042
1,1,0.9999999540681559,8.220012039651388e-07,0.9999999081363118
0,0,0.9985902627953654,0.010662754256627438,0.9971805255907309
0,0,0.9992080665954404,0.006446842520066936,0.9984161331908807
1,1,0.9999999609409562,7.053356875831334e-07,0.9999999218819124
0,0,0.9992694682695702,0.006005973505438322,0.9985389365391404
1,1,0.7378338622511844,0.575310457215675,0.47566772450236916
0,0,0.9995520998131694,0.0039015313973239352,0.9991041996263388
0,0,0.9968171321886727,0.021479200004045206,0.9936342643773456
0,0,0.9371755871729137,0.2346692882951651,0.8743511743458277
1,1,0.860066547286222,0.40484266404956015,0.7201330945724441
1,0,0.9999481574745337,0.0005633869222940643,0.9998963149490675
0,0,0.9995426186026892,0.003974536502220902,0.9990852372053786
1,1,0.9999999531529851,8.374549724531441e-07,0.9999999063059701
1,1,0.6046879868831625,0.6710650055816932,0.20937597376632477
0,0,0.9993952756901758,0.005085994783047019,0.9987905513803517
1,1,0.9999992671785256,1.1084923895361309e-05,0.9999985343570511
1,1,0.7121108479126685,0.6002508274366496,0.42422169582533703
1,0,0.9814452374730821,0.09235992051659606,0.9628904749461642
0,0,0.9371450972652233,0.23475168019804094,0.8742901945304469
0,0,0.9996280312087249,0.003309225780154649,0.9992560624174499
1,1,0.9999999574092036,7.654259344934964e-07,0.9999999148184071
1,1,0.9999916851670236,0.00010557730381764401,0.9999833703340473
0,0,0.9995533675834849,0.003891754467566085,0.9991067351669698
0,0,0.9375505675012913,0.23365469754857388,0.8751011350025827
1,1,0.9943681849584074,0.03478491851596238,0.9887363699168147
0,0,0.9995464345408528,0.00394517774044649,0.9990928690817057
0,0,0.937139184316284,0.23476765674361272,0.8742783686325677
1,1,0.8166958679618243,0.4763668913586707,0.6333917359236486
1,1,0.9648905393911393,0.15207735860426352,0.9297810787822787
1,0,0.9646960034238314,0.15272140453291724,0.9293920068476628
1,1,0.7769956036367639,0.530684309497184,0.5539912072735278
1,1,0.9999999566197619,7.78816771380435e-07,0.9999999132395239
1,0,0.9973475127407243,0.01838420371349596,0.9946950254814486
1,1,0.9271796163384778,0.2608740520754202,0.8543592326769557
1,1,0.9999999566197619,7.78816771380435e-07,0.9999999132395239
0,0,0.9931260520212204,0.04108264358995886,0.9862521040424409
1,1,0.9999999531529851,8.374549724531441e-07,0.9999999063059701
1,1,0.9999999633171419,6.647284671280214e-07,0.9999999266342838
1,0,0.9671493482580321,0.14451578209675273,0.9342986965160642
0,0,0.9371867670448809,0.23463907332871184,0.8743735340897618
0,0,0.9371680803972166,0.23468957508003974,0.8743361607944332
1,1,0.9999992621512258,1.1155924151243264e-05,0.9999985243024516
0,0,0.9824829594096004,0.08821180518117494,0.9649659188192007
1,1,0.9102855449205426,0.30187667814317015,0.8205710898410852
1,1,0.9359384925232418,0.2379996521968926,0.8718769850464835
1,1,0.9999999512187996,8.700576279406352e-07,0.9999999024375992
1,1,0.9999958870754606,5.5118840641863625e-05,0.9999917741509211
1,1,0.7263772136048052,0.5868289441166397,0.4527544272096105
1,1,0.9360040479540973,0.2378238159497382,0.8720080959081946
1,1,0.9999999574092036,7.654259344934964e-07,0.9999999148184071
1,1,0.9361067706157402,0.23754814347332903,0.8722135412314804
0,0,0.9371858407482134,0.23464157683900722,0.8743716814964269
1,1,0.9999999615701641,6.945974433749538e-07,0.9999999231403283
1,1,0.9999999615701641,6.945974433749538e-07,0.9999999231403283
0,0,0.9997453137789962,0.0023623040749219805,0.9994906275579923
1,1,0.9360012089100521,0.2378314324697362,0.8720024178201042
0,0,0.9994297870522094,0.00482925634348901,0.9988595741044188
0,0,0.9524521119278553,0.1912308511529666,0.9049042238557106
1,0,0.9999544424544882,0.0005009740738378261,0.9999088849089763
0,0,0.9995501085654394,0.003916880475586447,0.9991002171308786
0,0,0.9999940935255985,7.701722783493264e-05,0.9999881870511971
1,0,0.6176551598886553,0.665200379448227,0.23531031977731037
0,0,0.9996252014191849,0.0033315599873643843,0.9992504028383697
1,1,0.9362085707865514,0.237274772594958,0.8724171415731028
1,1,0.9341590363268633,0.24274544948976362,0.8683180726537264
0,0,0.9899590083014662,0.05618981137240922,0.9799180166029324
0,0,0.9995430395470809,0.0039712994415403635,0.9990860790941619
0,0,0.9371309213591079,0.23478998192089073,0.8742618427182158
0,0,0.9996239345022033,0.0033415522351579042,0.9992478690044067
0,0,0.9992882411575074,0.005870170870264652,0.9985764823150148
1,1,0.7066802749468718,0.6050974094546591,0.4133605498937436
0,0,0.9942594659296716,0.03534634688504121,0.9885189318593433
1,1,0.9010137912996695,0.32284971914256044,0.8020275825993393
0,0,0.9995498495382654,0.003918876478458268,0.9990996990765307
0,0,0.9371684392926263,0.23468860520019583,0.8743368785852526
1,1,0.9999999491377837,9.0504967669996e-07,0.9999998982755673
1,1,0.9966997549450888,0.02215159665892491,0.9933995098901776
0,0,0.9979474843525057,0.014752788995566448,0.9958949687050115
1,0,0.9962437750452641,0.024725201863607427,0.9924875500905281
1,1,0.9999999522035974,8.534676426564379e-07,0.9999999044071947
0,0,0.9371382413716384,0.23477020448650732,0.8742764827432767
1,0,0.9997786820655,0.00208388532035149,0.9995573641310002
1,0,0.5747163198341937,0.6819401951746049,0.14943263966838727
0,0,0.9371270308071827,0.23480049316326757,0.8742540616143654
1,1,0.9962526976273026,0.02467539805701147,0.9925053952546052
0,0,0.9371686427866239,0.23468805527654094,0.8743372855732477
1,0,0.9370782312486103,0.23493231484957744,0.8741564624972206
1,0,0.9997771321208596,0.0020969237564052627,0.9995542642417191
0,0,0.9992081599633665,0.00644617584506294,0.9984163199267331
1,1,0.9717325870882645,0.128666955117043,0.9434651741765291
1,1,0.9999999491377837,9.0504967669996e-07,0.9999998982755673
1,1,0.9999999581697467,7.525114465350048e-07,0.9999999163394935
1,0,0.9999159255956919,0.0008730089701180779,0.9998318511913837
0,0,0.9998390111282263,0.0015670809421712926,0.9996780222564525
1,1,0.9360012089100521,0.2378314324697362,0.8720024178201042
0,0,0.9985928677423996,0.01064565573068448,0.9971857354847994
0,0,0.9371668643267973,0.2346928613754898,0.8743337286535946
0,0,0.9637413324958947,0.15586601554998858,0.9274826649917893
1,1,0.9999992970968105,1.0661668134137912e-05,0.9999985941936208
1,0,0.9372211004937099,0.23454626972522413,0.8744422009874199
0,0,0.9979474812510202,0.01475280818332163,0.9958949625020403
0,0,0.9410735116073979,0.22400344329104263,0.8821470232147959
0,0,0.9371581975424623,0.23471628167178013,0.8743163950849244
0,0,0.9988925086826791,0.008644084850728845,0.9977850173653583
1,0,0.9953982081464692,0.029354853631366237,0.9907964162929384
0,0,0.9371387747860953,0.23476876325541202,0.8742775495721906
0,0,0.9892534286335452,0.059404637992440765,0.9785068572670902
0,0,0.9371931234539923,0.23462189341170675,0.8743862469079846
1,0,0.9389770100157302,0.22977308695254545,0.8779540200314602
1,1,0.9999999549502822,8.070881798928859e-07,0.9999999099005643
1,1,0.9080722305255261,0.30697543429304164,0.816144461051052
0,0,0.9383577328477519,0.23146257008316415,0.8767154656955037
0,0,0.9371620028961789,0.23470599860175195,0.8743240057923577
0,0,0.937148544735228,0.2347423650015397,0.8742970894704559
1,1,0.9999992674968707,1.1080426766597932e-05,0.9999985349937415
0,0,0.9995516011717086,0.0039053758908053856,0.9991032023434171
1,0,0.9999100338847257,0.0009280933664654868,0.9998200677694514
1,0,0.9886446708614256,0.062140549341495536,0.9772893417228513
0,0,0.937165306184102,0.23469707204662818,0.8743306123682035
0,0,0.9979474907557844,0.014752749380812651,0.9958949815115686
0,0,0.9374853661983527,0.23383128594868846,0.8749707323967055
1,1,0.7016877235345788,0.609427508290401,0.4033754470691575
1,1,0.9999992219696553,1.172219412768496e-05,0.9999984439393106
0,0,0.9339146816427139,0.24339309211808136,0.8678293632854279
1,0,0.9972311746713689,0.019071520525574853,0.9944623493427379
0,0,0.9979474902838417,0.01475275230055097,0.9958949805676832
1,1,0.9330143342074504,0.24577106726628759,0.8660286684149008
1,1,0.9999999512187996,8.700576279406352e-07,0.9999999024375992
1,1,0.9359385545967187,0.23799948573403945,0.8718771091934374
1,1,0.9999999491377837,9.0504967669996e-07,0.9999998982755673
0,0,0.9996828856700887,0.002871815789243559,0.9993657713401773
1,1,0.9372312761147082,0.2345187610870059,0.8744625522294164
0,0,0.9979475134055003,0.014752609255103338,0.9958950268110005
1,1,0.7083138489533939,0.6036545391341159,0.4166276979067877
0,0,0.9999998999999902,1.711809720309326e-06,0.9999997999999802
1,0,0.9998117198433273,0.0018032504447359349,0.9996234396866546
1,1,0.9275270400302346,0.259989258426685,0.8550540800604691
1,1,0.9999992136115154,1.1839719162621057e-05,0.9999984272230309
0,0,0.9386834975788756,0.23057466440456392,0.8773669951577513
0,0,0.9870976241388115,0.06894855085592448,0.9741952482776232
0,0,0.9993387820386105,0.005502058362214545,0.998677564077221
1,0,0.9305735347732635,0.2521528577908503,0.8611470695465271
1,1,0.9999999633171419,6.647284671280214e-07,0.9999999266342838
0,0,0.9998390137203125,0.001567058302831989,0.999678027440625
0,0,0.9970273548937977,0.020263972691545288,0.9940547097875955
0,0,0.9998390133169587,0.001567061825736709,0.9996780266339172
0,0,0.9375470527617816,0.23366421856854863,0.8750941055235631
1,0,0.9372211004937099,0.23454626972522413,0.8744422009874199
1,1,0.9374299832101299,0.23398122586952524,0.8748599664202599
1,1,0.9999999596078267,7.280539692532008e-07,0.9999999192156535
1,1,0.7542869761838209,0.5575762228221695,0.508573952367642
0,0,0.9995225122345954,0.004128709332182464,0.9990450244691907
0,0,0.9961968048588757,0.024987029067267914,0.9923936097177515
0,0,0.9371556149663729,0.23472326033388774,0.8743112299327459
1,1,0.9359420331366021,0.23799015720795735,0.8718840662732043
0,0,0.9892068557128292,0.0596151558139785,0.9784137114256584
0,0,0.9986907297928393,0.009999722027391696,0.9973814595856788
0,0,0.998888647812102,0.00867034960738406,0.9977772956242039
1,0,0.5377097256678666,0.6903004313860261,0.07541945133573308
0,0,0.9371726646846605,0.2346771863258134,0.8743453293693213
1,1,0.9999999566197619,7.78816771380435e-07,0.9999999132395239
1,1,0.935472948438713,0.2392463012944635,0.870945896877426
1,1,0.5663931689692892,0.6843049824107454,0.1327863379385784
1,1,0.9999999540681559,8.220012039651388e-07,0.9999999081363118
0,0,0.937168848703769,0.23468749880383868,0.8743376974075381
0,0,0.9372133767184999,0.23456714890134475,0.874426753437
1,1,0.8819547475266807,0.36301211574672787,0.7639094950533614
0,0,0.997875228204685,0.01519855157961228,0.99575045640937
0,0,0.9995518393914572,0.0039035393011635344,0.9991036787829143
0,0,0.9371601114195496,0.23471110990152624,0.8743202228390993
1,1,0.8949339252615639,0.33607378027155727,0.7898678505231279
0,1,0.9374299832101299,0.23398122586952524,0.8748599664202599
0,0,0.9979474910291949,0.014752747689320632,0.9958949820583898
0,0,0.9995466340293169,0.003943642050855584,0.9990932680586336
1,1,0.9361067706157402,0.23754814347332903,0.8722135412314804
1,1,0.9999992287972161,1.1626124201224858e-05,0.9999984575944322
1,1,0.9999999522035974,8.534676426564379e-07,0.9999999044071947
1,1,0.9966535981000211,0.022414850799851137,0.993307196200042
1,0,0.9704178357991643,0.1332867163423522,0.9408356715983286
1,1,0.8582219522434678,0.4081780745856881,0.7164439044869355
1,1,0.9999992857642749,1.082213715042726e-05,0.9999985715285498
1,1,0.9317834931624398,0.24900097932389714,0.8635669863248796
0,0,0.9997481192643013,0.0023390725439944404,0.9994962385286026
0,0,0.9994279154852158,0.004843231877063973,0.9988558309704316
1,1,0.9784056232363205,0.10418091701930325,0.9568112464726412
1,1,0.9999999574092036,7.654259344934964e-07,0.9999999148184071
0,0,0.9371320634513669,0.2347868962408752,0.8742641269027339
0,0,0.9949784661473325,0.03159300465611191,0.989956932294665
1,1,0.9366061752051095,0.2362053937644053,0.8732123504102192
1,1,0.9346124662686424,0.24154109491753772,0.8692249325372847
1,0,0.999928430708224,0.000754684488876511,0.999856861416448
0,0,0.9371729695932755,0.23467636231641875,0.8743459391865508
1,1,0.9999999627575701,6.743046260463807e-07,0.99999992551514
0,0,0.9993814302796419,0.005188433718196569,0.9987628605592836
0,0,0.937158654786277,0.23471504609131708,0.874317309572554
1,1,0.8714622625523528,0.38359752240848577,0.7429245251047055
1,1,0.9964349657611011,0.023653278408383972,0.992869931522202
0,0,0.9371403842424643,0.2347644146402779,0.8742807684849287
1,1,0.9360012089100521,0.2378314324697362,0.8720024178201042
0,0,0.9371329581813514,0.23478447886340528,0.8742659163627027
0,0,0.9995179981992831,0.00416320459752297,0.9990359963985661
0,0,0.9433434902710093,0.21766691373696118,0.8866869805420186
1,1,0.9999999621754697,6.842574025723138e-07,0.9999999243509394
1,1,0.9999999491377837,9.0504967669996e-07,0.9999998982755673
0,0,0.9998390105668812,0.0015670858449650987,0.9996780211337625
1,1,0.999998936499493,1.5690827130379305e-05,0.999997872998986
1,0,0.9585511093477199,0.17252177646254094,0.9171022186954398
0,0,0.9959433339138475,0.026390084333982516,0.9918866678276949
1,0,0.9678349816027478,0.1421892603821971,0.9356699632054957
1,1,0.9999999566197619,7.78816771380435e-07,0.9999999132395239
0,0,0.9371439958220461,0.23475465629732434,0.8742879916440922
1,0,0.9973475075397303,0.018384234553311868,0.9946950150794608
1,1,0.9999993027709279,1.058125401388161e-05,0.9999986055418556
0,0,0.9410877840876273,0.22396389625722737,0.8821755681752546
1,1,0.9999999589023253,7.400587430968554e-07,0.9999999178046507
1,0,0.9870956826542878,0.06895697162036142,0.9741913653085756
1,1,0.9360832857907728,0.23761118425489355,0.8721665715815456
1,1,0.8903353408788689,0.34581365112102613,0.7806706817577376
1,1,0.9999999627575701,6.743046260463807e-07,0.99999992551514
1,1,0.9359384925232418,0.2379996521968926,0.8718769850464835
1,1,0.9281924490557129,0.25828962285690876,0.8563848981114257
0,0,0.9989286497012919,0.008397564615844344,0.9978572994025838
1,0,0.9536590608649494,0.18759704594165358,0.9073181217298988
1,1,0.9999999491377837,9.0504967669996e-07,0.9999998982755673
0,0,0.9973662141530744,0.018273245532999773,0.9947324283061487
1,0,0.9012627236898537,0.3222995943370753,0.8025254473797075
1,1,0.7130654224103568,0.599384085503794,0.42613084482071356
0,0,0.9991113767854382,0.007131550347752521,0.9982227535708763
0,0,0.9989284408707932,0.00839899252904115,0.9978568817415864
1,1,0.9361067706157402,0.23754814347332903,0.8722135412314804
1,1,0.9359831395595641,0.23787990534125544,0.8719662791191282
0,0,0.9396542551168119,0.22791779390858746,0.8793085102336239
1,0,0.7638224874484095,0.5466336250878361,0.527644974896819
1,1,0.9697004977205255,0.13578173134188984,0.939400995441051
0,0,0.9995320653004923,0.004055565613924991,0.9990641306009846
0,0,0.9996043842714902,0.003495213280690758,0.9992087685429804
1,1,0.9999999491377837,9.0504967669996e-07,0.9999998982755673
1,0,0.9962885646379708,0.024474980956643157,0.9925771292759417
1,1,0.9999999853912899,2.7817391276225894e-07,0.9999999707825799
0,0,0.9998084038658313,0.0018316638450140933,0.9996168077316625
1,1,0.9999999566197619,7.78816771380435e-07,0.9999999132395239
1,1,0.9999972356793283,3.814407107073459e-05,0.9999944713586565
1,1,0.8779859713836894,0.37091868863000393,0.7559719427673789
1,1,0.9999999558004616,7.926988957045926e-07,0.9999999116009233
1,1,0.9360012089100521,0.2378314324697362,0.8720024178201042
1,1,0.9964349657611011,0.023653278408383972,0.992869931522202
1,1,0.9999999501972988,8.872449120709397e-07,0.9999999003945976
0,0,0.9371547490922091,0.23472560008208543,0.874309498184418
1,1,0.8960088193599431,0.3337650221002162,0.7920176387198861
1,1,0.9999999491377837,9.0504967669996e-07,0.9999998982755673
0,0,0.9995501799968324,0.003916330015721825,0.9991003599936646
1,0,0.9999494172611959,0.0005509408620635713,0.9998988345223917
1,1,0.9999999540681559,8.220012039651388e-07,0.9999999081363118
0,0,0.9371592590940419,0.23471341310398275,0.8743185181880838
0,0,0.9397137089748332,0.22775453682713515,0.8794274179496664
1,1,0.9300947433491389,0.253393806338854,0.8601894866982778
1,1,0.9999999615701641,6.945974433749538e-07,0.9999999231403283
1,1,0.9999999491377837,9.0504967669996e-07,0.9999998982755673
1,0,0.9825279606496257,0.08803053040551065,0.9650559212992512
0,0,0.9372270930608471,0.23453006971211288,0.8744541861216941
0,0,0.9412282320779922,0.22357453853943765,0.8824564641559844
1,0,0.9440258223081807,0.2157435349549891,0.8880516446163613
0,0,0.9992691589790886,0.006008206828687182,0.9985383179581773
0,1,0.9529853906991222,0.18962930235031122,0.9059707813982447
0,0,0.9968455013210769,0.02131604149844524,0.9936910026421537
1,0,0.9999358466282378,0.0006835029708509839,0.9998716932564754
0,0,0.9371467593198063,0.23474718928784494,0.8742935186396124
1,1,0.8098340365717552,0.4864635238552199,0.6196680731435105
0,0,0.9995495355652626,0.003921295681136415,0.9990990711305251
1,1,0.9999999609409562,7.053356875831334e-07,0.9999999218819124
1,1,0.9360012089100521,0.2378314324697362,0.8720024178201042
0,0,0.9993383358784259,0.005505324445751394,0.9986766717568518
1,0,0.9964904713393803,0.02334017901749078,0.9929809426787606
1,1,0.9999978077424951,3.075863909475207e-05,0.9999956154849904
0,0,0.9398986298778385,0.2272463549209886,0.8797972597556769
0,0,0.9979474915011644,0.014752744769415464,0.9958949830023288
1,0,0.9777395255336204,0.1067106789216851,0.9554790510672408
1,0,0.9214826042316072,0.2751333198481814,0.8429652084632143
1,1,0.9999999566197619,7.78816771380435e-07,0.9999999132395239
0,0,0.9435759668256857,0.2170125849403538,0.8871519336513715
0,0,0.9402714290682086,0.22622002177433337,0.8805428581364172
0,0,0.9996795376959992,0.002898769220510614,0.9993590753919982
0,0,0.9995130423891969,0.004201027115985076,0.9990260847783937
1,1,0.9355971954469652,0.23891394086244952,0.87119439089393
1,0,0.9331450085619689,0.24542674191528363,0.8662900171239378
1,1,0.9999999501972988,8.872449120709397e-07,0.9999999003945976
1,1,0.9360355932681884,0.23773917787446064,0.8720711865363769
0,0,0.9993206775963207,0.005634350954177402,0.9986413551926414
0,0,0.9371670410904805,0.23469238369279816,0.8743340821809612
1,1,0.9999993253030649,1.0261466963238726e-05,0.9999986506061299
0,0,0.9527564926313746,0.19031750515002469,0.9055129852627493
1,1,0.99999996385483,6.555187727464619e-07,0.9999999277096601
1,1,0.9999999627575701,6.743046260463807e-07,0.99999992551514
1,0,0.9265004122587736,0.2625986435424466,0.8530008245175471
1,1,0.7942689244185522,0.508245464046743,0.5885378488371044
1,1,0.9359384925232418,0.2379996521968926,0.8718769850464835
1,1,0.9356265510906653,0.23883537719028444,0.8712531021813306
0,0,0.9371417453949978,0.23476073688680987,0.8742834907899957
1,1,0.9999999589023253,7.400587430968554e-07,0.9999999178046507
0,0,0.9371705059037905,0.23468302034250363,0.8743410118075808
1,0,0.9999561659468754,0.00048371218023782593,0.9999123318937508
0,0,0.992286721633952,0.045207103194879604,0.9845734432679041
0,0,0.9371400782476305,0.23476524141585225,0.874280156495261
1,1,0.9999992913957745,1.0742417615011638e-05,0.999998582791549
1,1,0.9999999596078267,7.280539692532008e-07,0.9999999192156535
0,0,0.9270140091887811,0.26129517877761144,0.8540280183775623
1,1,0.9360233852258687,0.23777193479607225,0.8720467704517374
0,0,0.999727602455042,0.002508267043994794,0.9994552049100839
1,0,0.9383554811259254,0.2314687009902922,0.8767109622518506
0,0,0.9986887521115393,0.010012846354386113,0.9973775042230786
0,0,0.9371563563656827,0.23472125692908555,0.8743127127313652
1,1,0.9360056072746143,0.23781963258440708,0.8720112145492287
1,0,0.5,0.6931471805599453,0.0
0,0,0.9816014820157649,0.09173922320467576,0.9632029640315299
1,1,0.9999992628546324,1.1145992049413167e-05,0.9999985257092647
1,1,0.9360012089100521,0.2378314324697362,0.8720024178201042
1,1,0.7516745464399486,0.560487978532543,0.5033490928798973
0,0,0.9993481617388608,0.005433324886705711,0.9986963234777215
1,1,0.9361067706157402,0.23754814347332903,0.8722135412314804
1,1,0.9999991097860729,1.3292499512434771e-05,0.9999982195721459
1,1,0.9359947859762074,0.23784866326771092,0.8719895719524149
1,0,0.9976661182591591,0.01647499855605113,0.9953322365183181
0,0,0.9973472775140253,0.018385598503621012,0.9946945550280506
1,0,0.9976659231046663,0.01647618077150444,0.9953318462093327
1,1,0.9360040479540973,0.2378238159497382,0.8720080959081946
1,0,0.9409108823064273,0.22445380699901904,0.8818217646128546
1,1,0.9999999491377837,9.0504967669996e-07,0.9999998982755673
1,0,0.9965266024566344,0.023135895801676624,0.9930532049132687
0,0,0.9371603317157513,0.23471051460259643,0.8743206634315025
0,0,0.9996450045510201,0.0031748052639019196,0.9992900091020402
0,0,0.9922854118529758,0.04521346477912025,0.9845708237059516
1,0,0.9382275558494176,0.23181686747346802,0.8764551116988353
0,0,0.9984949159616395,0.011285351335224333,0.9969898319232791
1,0,0.9645938259187876,0.15305923587528333,0.9291876518375753
1,0,0.9396381368900729,0.22796204294510097,0.8792762737801458
1,1,0.9999999627575701,6.743046260463807e-07,0.99999992551514
0,0,0.96538782078063,0.15042592827146564,0.93077564156126
0,0,0.9998390105668812,0.0015670858449650987,0.9996780211337625
0,0,0.9995446755360974,0.00395871500555565,0.9990893510721948
0,0,0.9999485244357406,0.0005597647231918998,0.999897048871481
0,0,0.9998390114597078,0.0015670780470076163,0.9996780229194154
0,0,0.9430781205486587,0.21841258796596918,0.8861562410973174
1,1,0.9999989278702165,1.5809478798393606e-05,0.999997855740433
1,1,0.9358133733449733,0.23833505458877952,0.8716267466899464
0,0,0.9994414061972747,0.004742354498153849,0.9988828123945493
0,0,0.9973472775140253,0.018385598503621012,0.9946945550280506
0,0,0.9974367538323863,0.017853517259637224,0.9948735076647724
0,0,0.9998390140009,0.0015670558521727702,0.9996780280018
0,0,0.997902062083149,0.01503330000758649,0.995804124166298
0,0,0.9979474843525057,0.014752788995566448,0.9958949687050115
1,0,0.9841716966513545,0.08132581230352377,0.9683433933027089
1,1,0.9361067706157402,0.23754814347332903,0.8722135412314804
0,0,0.9371574235681424,0.2347183731245633,0.8743148471362848
0,0,0.9371340089188458,0.23478163996819315,0.8742680178376917
0,0,0.931809747306242,0.24893233470240278,0.8636194946124839
0,0,0.9502514245497858,0.19777427262812236,0.9005028490995717
1,0,0.9802519565308818,0.09705691759345134,0.9605039130617636
1,1,0.9877409240971691,0.06614180885767953,0.9754818481943383
1,1,0.9920897643396671,0.04616122527267731,0.9841795286793342
1,0,0.9955731141016659,0.02841105505847272,0.9911462282033319
1,1,0.9359862611721197,0.23787153168731248,0.8719725223442394
1,1,0.9356571536600434,0.23875346117402943,0.8713143073200869
0,0,0.934540276049423,0.24173306386372165,0.8690805520988458
0,0,0.9371459340568199,0.23474941917351783,0.87429186811364
0,0,0.988859060716228,0.061180885408763486,0.977718121432456
1,1,0.9278656564294687,0.25912516669000535,0.8557313128589376
1,1,0.9971852674639357,0.019341376489326566,0.9943705349278713
0,0,0.9994777281768298,0.004469111948779539,0.9989554563536596
1,0,0.9428978364265252,0.2189184276775572,0.8857956728530504
1,1,0.9999999540681559,8.220012039651388e-07,0.9999999081363118
1,0,0.9999568468666581,0.0004768737957176668,0.9999136937333162
0,1,0.9470184211693288,0.20720245457237485,0.8940368423386578
0,0,0.9993823951799704,0.0051813047810700535,0.9987647903599409
0,0,0.9371670042210752,0.23469248332799547,0.8743340084421507
0,0,0.9979474848249698,0.014752786072604617,0.9958949696499394
1,0,0.9979474931303697,0.014752734690112105,0.9958949862607394
0,0,0.9993046878171089,0.00575078931816209,0.9986093756342178
1,0,0.9973475023381368,0.018384265396673267,0.9946950046762738
1,0,0.9780506157870016,0.10553176818898569,0.9561012315740032
1,1,0.5535043915178217,0.6874107634912909,0.10700878303564343
1,1,0.997321551557469,0.01853801621135384,0.994643103114938
0,0,0.9371380465767833,0.23477073080100166,0.8742760931535666
0,0,0.9367636899200289,0.23578101385516498,0.8735273798400578
1,1,0.9999999602871033,7.164837943213794e-07,0.9999999205742065
1,1,0.9999999540681559,8.220012039651388e-07,0.9999999081363118
1,1,0.9999899501418549,0.0001257030931739235,0.9999799002837096
1,0,0.9575254504708289,0.17573019620763966,0.9150509009416578
1,1,0.9999999522035974,8.534676426564379e-07,0.9999999044071947
0,0,0.956124440983914,0.18007108590971627,0.9122488819678282
0,0,0.9371508933411803,0.23473601886240206,0.8743017866823605
0,0,0.9981836704994695,0.013277421062963517,0.9963673409989391
0,0,0.9995283836734817,0.004083777142242339,0.9990567673469635
0,0,0.9371974843744686,0.23461010644613392,0.8743949687489372
1,1,0.9999999621754697,6.842574025723138e-07,0.9999999243509394
1,1,0.5052858145626051,0.6930912998478724,0.010571629125210369
1,1,0.9999999566197619,7.78816771380435e-07,0.9999999132395239
0,0,0.9973793879382308,0.018195003690339717,0.9947587758764617
0,0,0.9995320309301783,0.004055829120021601,0.9990640618603567
1,1,0.7805748828201639,0.5261793880072695,0.5611497656403277
0,0,0.9979474938575844,0.014752730191096696,0.9958949877151689
1,1,0.9999985076003015,2.151312738603853e-05,0.9999970152006029
1,0,0.8268456181749958,0.4608527994632876,0.6536912363499917
0,0,0.9714128959144893,0.12979596780767136,0.9428257918289785
1,1,0.9360040479540973,0.2378238159497382,0.8720080959081946
1,0,0.9372211004937099,0.23454626972522413,0.8744422009874199
0,0,0.9999980816313815,2.7171839204325804e-05,0.999996163262763
0,0,0.9945404191958169,0.03389115856852397,0.989080838391634
1,0,0.9226195464606821,0.2723244408353124,0.8452390929213642
1,1,0.999995615047063,5.8483562042517245e-05,0.9999912300941259
1,1,0.6399454566980405,0.6534495705980345,0.27989091339608085
1,1,0.9342200166903334,0.2425836746606368,0.8684400333806668
1,1,0.9999993521237858,9.879830999561475e-06,0.9999987042475715
1,1,0.9999992741117654,1.0986949530722448e-05,0.9999985482235307
1,1,0.9058913939199085,0.3119419625785314,0.8117827878398168
1,1,0.9999999566197619,7.78816771380435e-07,0.9999999132395239
1,0,0.9996647600522609,0.0030173259367010023,0.9993295201045216
0,0,0.999539667215056,0.003997221795799191,0.9990793344301121
1,0,0.9216610038753174,0.2746937614291573,0.8433220077506346
1,1,0.9999947089251016,6.957491790897806e-05,0.9999894178502031
1,0,0.999954481369884,0.0005005850398959657,0.9999089627397678
1,1,0.7136018074678808,0.59889510067676,0.4272036149357614
0,0,0.9998293493763305,0.0016511824816128103,0.9996586987526609
1,0,0.9815831288209127,0.09181220298330654,0.9631662576418254
1,1,0.9999989670618993,1.5270030103433345e-05,0.9999979341237986
0,0,0.9994699007861215,0.004528203579472983,0.998939801572243
1,1,0.9360038482767071,0.23782435164390162,0.8720076965534143
1,1,0.9999999491377837,9.0504967669996e-07,0.9999998982755673
0,0,0.9371697576346322,0.23468504249071798,0.8743395152692643
1,1,0.935953724366497,0.23795880293523072,0.871907448732994
0,0,0.9371456447461389,0.2347502008970344,0.8742912894922781
1,0,0.9999448124622002,0.0005962873172764246,0.9998896249244004
1,1,0.9999965700497574,4.6588887540877545e-05,0.9999931400995148
0,0,0.9599456061161808,0.16811697591704627,0.9198912122323617
0,0,0.937167507590668,0.23469112302934378,0.874335015181336
1,1,0.9361067706157402,0.23754814347332903,0.8722135412314804
1,0,0.9681949703555409,0.1409617041218143,0.9363899407110818
1,0,0.9999636662662568,0.000407764256926663,0.9999273325325135
1,1,0.815154461621422,0.4786620192355959,0.6303089232428442
0,0,0.998732726873121,0.009720306677675443,0.997465453746242
1,1,0.9999990027934053,1.4776913835313833e-05,0.9999980055868105
1,0,0.9396015453118958,0.2280624800514767,0.8792030906237915
1,1,0.7005219992408657,0.6104213642301748,0.4010439984817314
1,0,0.9999581739516629,0.00046351502682857296,0.9999163479033257
1,0,0.9963018617871692,0.024400591139976953,0.9926037235743383
1,1,0.7194911327565464,0.5934332810335373,0.4389822655130929
1,0,0.9683150679054464,0.14055123934336816,0.9366301358108927
1,1,0.9360040479540973,0.2378238159497382,0.8720080959081946
0,0,0.93716017614805,0.23471093498798729,0.8743203522961003
1,1,0.9513372365841052,0.1945588475057668,0.9026744731682101
0,0,0.9371411575844829,0.23476232511983916,0.8742823151689658
0,0,0.9371634299125029,0.23470214236364015,0.8743268598250056
1,1,0.9999999589023253,7.400587430968554e-07,0.9999999178046507
1,1,0.8317513030187111,0.4530984009754927,0.6635026060374225
0,0,0.9998390143915978,0.001567052439804731,0.9996780287831956
0,0,0.9371812465584537,0.23465399338138923,0.8743624931169074
1,1,0.9999992301656241,1.1606862213593257e-05,0.9999984603312482
1,0,0.6136061430912644,0.6671076529301365,0.2272122861825288
0,0,0.9995497938464748,0.003919305606902161,0.9990995876929496
0,0,0.9993386010781684,0.005503383106416107,0.9986772021563367
0,0,0.9379948710111834,0.23244942820618297,0.8759897420223668
1,1,0.9999999501972988,8.872449120709397e-07,0.9999999003945976
0,0,0.9979475214859486,0.014752559264192657,0.9958950429718971
1,1,0.9359434540572854,0.23798634661556634,0.8718869081145708
0,0,0.9995512864869692,0.0039078018042735495,0.9991025729739385
1,1,0.9713144213236811,0.13014299470994803,0.9426288426473619
0,0,0.9995517679566256,0.003904090051635061,0.9991035359132512
1,1,0.9526355740357363,0.19068058766053658,0.9052711480714728
1,0,0.9708734886554331,0.13169260061664795,0.9417469773108662
0,0,0.9998390108475902,0.001567083393250242,0.9996780216951804
1,1,0.9361067706157402,0.23754814347332903,0.8722135412314804
1,1,0.8532862074680828,0.4169662215950035,0.7065724149361658
1,0,0.9390147107243676,0.22967001814028148,0.8780294214487353
1,1,0.9361067706157402,0.23754814347332903,0.8722135412314804
0,0,0.9819513948633629,0.09034423838082922,0.9639027897267258
1,1,0.9361067706157402,0.23754814347332903,0.8722135412314804
0,0,0.9994087410760537,0.0049860633502681615,0.9988174821521074
1,1,0.9738645502021941,0.12104057487045146,0.9477291004043882
0,0,0.9993386894846823,0.005502735921345477,0.9986773789693646
0,0,0.9992650564704388,0.006037817833469975,0.9985301129408777
1,0,0.5,0.6931471805599453,0.0
1,0,0.9454417430893416,0.21172406348669054,0.8908834861786831
1,1,0.9875798596095946,0.06684767908670544,0.9751597192191891
1,1,0.9999980013006834,2.8227656292691815e-05,0.9999960026013669
1,1,0.9360012089100521,0.2378314324697362,0.8720024178201042
0,0,0.9371447999397234,0.23475248357352244,0.8742895998794469
1,1,0.8587883326964794,0.40715693030613476,0.7175766653929585
1,1,0.9360040479540973,0.2378238159497382,0.8720080959081946
0,0,0.9540428391767223,0.1864347219281149,0.9080856783534446
0,0,0.9371207834279718,0.2348173713922009,0.8742415668559436
1,0,0.9687485603752566,0.13906574207346006,0.9374971207505131
1,1,0.9999999522035974,8.534676426564379e-07,0.9999999044071947
0,0,0.9994307067676051,0.004822386310761012,0.9988614135352104
1,0,0.9997759777017855,0.0021066279445632586,0.999551955403571
0,0,0.9371459148946435,0.23474947095016413,0.8742918297892869
1,1,0.9999992422077484,1.1437249471463778e-05,0.9999984844154968
0,0,0.9502378538798598,0.1978143006931977,0.9004757077597195
0,0,0.9982501849660478,0.01285653808922939,0.9965003699320956
1,1,0.9341238046578647,0.24283888803836096,0.8682476093157293
1,1,0.936011957118631,0.23780259672119441,0.8720239142372621
1,1,0.9361067706157402,0.23754814347332903,0.8722135412314804
1,1,0.9860027306490364,0.07365169264249675,0.9720054612980729
1,1,0.9999999540681559,8.220012039651388e-07,0.9999999081363118
1,1,0.9360056072746143,0.23781963258440708,0.8720112145492287
0,0,0.9988694557254839,0.008800711298289098,0.9977389114509678
1,0,0.9678349816027478,0.1421892603821971,0.9356699632054957
1,0,0.9964845826722182,0.0233734377172931,0.9929691653444364
1,1,0.8104717295985491,0.4855382285196146,0.6209434591970981
1,1,0.9999999609409562,7.053356875831334e-07,0.9999999218819124
1,1,0.9999999501972988,8.872449120709397e-07,0.9999999003945976
0,0,0.9938459422275671,0.03746319749559868,0.9876918844551341
1,0,0.9842687754806668,0.08092457356998942,0.9685375509613336
0,0,0.937148216092823,0.23474325301465465,0.8742964321856458
1,0,0.9976659231046663,0.01647618077150444,0.9953318462093327
1,1,0.7476758763046991,0.5648740809317878,0.49535175260939845
0,0,0.937237619627139,0.23450161122941396,0.8744752392542782
1,0,0.9212999232681836,0.27558297116484104,0.842599846536367
1,1,0.6478924014674478,0.6487415715869767,0.29578480293489545
1,1,0.9344593815248157,0.24194807817325686,0.8689187630496313
0,0,0.9938885612966559,0.0372463532624041,0.9877771225933121
0,0,0.9371626094470743,0.23470435951843405,0.8743252188941488
0,0,0.999829350660226,0.0016511713428861436,0.9996587013204522
0,0,0.999552232887373,0.003900505309942652,0.999104465774746
0,0,0.9488544432644619,0.20187455037478788,0.8977088865289238
0,0,0.9371569891017965,0.23471954714594243,0.8743139782035931
1,1,0.9999999491377837,9.0504967669996e-07,0.9999998982755673
1,1,0.8422742197401893,0.4358793886710764,0.6845484394803787
1,0,0.9976661136818533,0.01647502628484174,0.9953322273637067
1,1,0.9999999491377837,9.0504967669996e-07,0.9999998982755673
1,1,0.9999999621754697,6.842574025723138e-07,0.9999999243509394
0,0,0.9993223939677132,0.005621830024200153,0.9986447879354264
1,1,0.9361067706157402,0.23754814347332903,0.8722135412314804
0,0,0.9981799556621058,0.013300854612952589,0.9963599113242118
1,0,0.9954855492844068,0.02888440880275789,0.9909710985688136
0,0,0.9561350860531351,0.1800382814519245,0.9122701721062703
1,1,0.9374299225011079,0.2339813902000665,0.8748598450022159
1,1,0.9999999589023253,7.400587430968554e-07,0.9999999178046507
0,0,0.9375752310441507,0.23358788094792854,0.8751504620883016
1,0,0.9383431541408049,0.23150226290828607,0.8766863082816099
1,1,0.9360012089100521,0.2378314324697362,0.8720024178201042
0,0,0.9371680341770919,0.23468969998526049,0.8743360683541836
1,1,0.9999984630810468,2.2109701179579498e-05,0.9999969261620936
0,0,0.9987942423602295,0.009308502082578215,0.9975884847204591
0,0,0.9994510311484794,0.0046701846955967,0.9989020622969589
0,0,0.9371966081644648,0.2346124747466607,0.8743932163289294
0,0,0.993881622329321,0.0372816787949848,0.9877632446586421
1,1,0.9999979871782809,2.841293497534089e-05,0.9999959743565617
0,0,0.9994805868294443,0.00444750184099496,0.9989611736588885
0,0,0.9371658963170822,0.2346954772964438,0.8743317926341645
0,0,0.9998390130865097,0.001567063838483927,0.9996780261730194
0,0,0.9402129387405809,0.22638121161427693,0.8804258774811616
1,1,0.9347461395759606,0.24118540432085378,0.8694922791519213
1,1,0.8227284729330628,0.46723085475376525,0.6454569458661257
1,0,0.9998433361803999,0.0015292472404325765,0.9996866723607997
0,0,0.9371382217602867,0.2347702574742739,0.8742764435205734
1,0,0.9372211004937099,0.23454626972522413,0.8744422009874199
0,0,0.9627951236207173,0.15895701256165562,0.9255902472414345
0,0,0.657449025462326,0.6427130423084237,0.31489805092465195
1,1,0.7595761912221399,0.5515679516168288,0.5191523824442796
0,0,0.9371501031922447,0.2347381539245358,0.8743002063844892
0,0,0.9760144827560279,0.11316883370548106,0.9520289655120558
1,1,0.9354413431576443,0.23933080452207606,0.8708826863152885
1,1,0.9999999540681559,8.220012039651388e-07,0.9999999081363118
1,0,0.9973027684669569,0.01864914313497275,0.9946055369339137
0,0,0.9993058072463251,0.005742649657221722,0.9986116144926503
1,1,0.9969976420633874,0.020436614041493533,0.9939952841267746
1,0,0.9372211004937099,0.23454626972522413,0.8744422009874199
1,0,0.8073124495690723,0.49009655788670925,0.6146248991381449
1,0,0.9371026693975083,0.23486630540937767,0.8742053387950167
1,1,0.9645149260626482,0.15331989469555793,0.9290298521252964
1,1,0.9360012089100521,0.2378314324697362,0.8720024178201042
0,0,0.9797701819015217,0.09893218169078044,0.9595403638030433
1,1,0.9359434540572854,0.23798634661556634,0.8718869081145708
1,1,0.9999999491377837,9.0504967669996e-07,0.9999998982755673
1,1,0.9999984179426854,2.2713254617846075e-05,0.9999968358853708
1,1,0.8546620055921116,0.41453639631730876,0.7093240111842232
1,1,0.9971493196654004,0.01955216333212752,0.9942986393308009
0,0,0.9371401105591061,0.23476515411269297,0.874280221118212
0,0,0.9775722209564033,0.10734285542389964,0.9551444419128067
0,0,0.9371639896094711,0.23470062988041412,0.8743279792189422
0,0,0.9997954999624784,0.0019416951653025197,0.9995909999249569
0,0,0.9437721411768968,0.21645964280431043,0.8875442823537936
0,0,0.9371292108759983,0.23479460322553078,0.8742584217519966
0,0,0.9991368659913868,0.006952120558949679,0.9982737319827737
1,1,0.9942115501549187,0.03559312558132235,0.9884231003098372
1,1,0.9025735822893591,0.31939115457365413,0.8051471645787183
0,0,0.9371945512191472,0.2346180343953177,0.8743891024382944
1,1,0.9360012089100521,0.2378314324697362,0.8720024178201042
1,1,0.9999999531529851,8.374549724531441e-07,0.9999999063059701
0,0,0.9371619099313359,0.23470624982022242,0.8743238198626718
1,1,0.9360040479540973,0.2378238159497382,0.8720080959081946
1,1,0.6984291187130375,0.6121894368480354,0.3968582374260749
1,0,0.9372211004937099,0.23454626972522413,0.8744422009874199
1,0,0.9214826042316072,0.2751333198481814,0.8429652084632143
1,1,0.9999999589023253,7.400587430968554e-07,0.9999999178046507
1,1,0.9999993073344721,1.0516545553321369e-05,0.9999986146689441
0,0,0.9983014210797786,0.012530609544421721,0.9966028421595573
1,1,0.996653598095483,0.022414850825702062,0.993307196190966
0,0,0.9971351254103965,0.019635268569253506,0.9942702508207931
1,0,0.9998264709446911,0.001676130808436524,0.9996529418893823
1,1,0.9999999522035974,8.534676426564379e-07,0.9999999044071947
0,0,0.9995521042172049,0.0039014974400209757,0.9991042084344097
0,0,0.9776016355626547,0.10723180225638661,0.9552032711253093
1,1,0.9893599946571582,0.058922171802368355,0.9787199893143164
0,0,0.9371276586816446,0.2347987968299084,0.8742553173632892
0,0,0.9987323068530313,0.009723107982277393,0.9974646137060625
1,1,0.9999999621754697,6.842574025723138e-07,0.9999999243509394
0,0,0.9979474812510202,0.01475280818332163,0.9958949625020403
1,1,0.7850980461345937,0.5203793817694862,0.5701960922691872
1,0,0.9279715530668546,0.258854585094187,0.8559431061337093
0,0,0.9612595154987478,0.16392047258746076,0.9225190309974955
1,0,0.9973474867453659,0.018384357855484326,0.9946949734907318
1,1,0.9999999501972988,8.872449120709397e-07,0.9999999003945976
1,0,0.93737389361067,0.23413302552046783,0.87474778722134
0,0,0.9995518269632642,0.003903635121248385,0.9991036539265283
1,0,0.9998176704971908,0.0017521142980885568,0.9996353409943817
0,0,0.9372040353511333,0.23459239945398924,0.8744080707022666
1,1,0.9237464725963868,0.2695224398009178,0.8474929451927733
0,0,0.9476682487955722,0.20532453390758443,0.8953364975911444
1,0,0.717117571073884,0.5956550977015536,0.4342351421477679
0,0,0.9995356468303667,0.004028093301687776,0.9990712936607333
1,1,0.9999999574092036,7.654259344934964e-07,0.9999999148184071
1,1,0.9380402534175443,0.23232612794712462,0.8760805068350884
1,0,0.9381138032023585,0.23212622397854493,0.876227606404717
1,0,0.9424783611260532,0.22009305474448443,0.8849567222521064
1,1,0.9999982535289819,2.4901030950538184e-05,0.9999965070579636
1,1,0.9360369777629451,0.23773546280668026,0.8720739555258903
1,1,0.9999999491377837,9.0504967669996e-07,0.9999998982755673
0,0,0.9979474821938553,0.014752802350346081,0.9958949643877107
1,1,0.6171633037931193,0.6654357651408085,0.23432660758623858
1,1,0.9333036968323344,0.24500823216284556,0.8666073936646688
1,1,0.9999999558004616,7.926988957045926e-07,0.9999999116009233
0,0,0.9445297167518037,0.2143174912120791,0.8890594335036076
1,1,0.6049183015731957,0.6709670023000491,0.20983660314639146
1,1,0.9999999522035974,8.534676426564379e-07,0.9999999044071947
1,0,0.9999341852798665,0.0006995205804252349,0.9998683705597331
1,0,0.9726473108893774,0.1254158449279556,0.9452946217787548
0,0,0.9979474826653995,0.01475279943307624,0.9958949653307988
1,1,0.9999999512187996,8.700576279406352e-07,0.9999999024375992
1,1,0.9999994082333268,9.077791376448555e-06,0.9999988164666536
0,0,0.99929878071746,0.0057937115759741555,0.9985975614349201
0,0,0.9989618372822703,0.008170115810340503,0.9979236745645406
0,0,0.9386510439283685,0.23066320274889648,0.8773020878567372
1,0,0.9370782312486103,0.23493231484957744,0.8741564624972206
1,1,0.9256239753576203,0.2648140331948149,0.8512479507152405
0,0,0.9370892532835186,0.23490254468541732,0.8741785065670372
1,1,0.9999998920411398,1.8397825952552744e-06,0.9999997840822796
0,0,0.9990925868560093,0.007263351181583848,0.9981851737120188
0,0,0.9371718899899312,0.23467927991562634,0.8743437799798622
0,0,0.9371611467619708,0.23470831212376475,0.8743222935239419
0,0,0.9371554025574425,0.23472383430231583,0.8743108051148849
1,0,0.9061801981998343,0.31128748433970294,0.8123603963996686
1,1,0.9999999522035974,8.534676426564379e-07,0.9999999044071947
1,1,0.9999999491377837,9.0504967669996e-07,0.9999998982755673
1,1,0.9999990812025298,1.3690265752925043e-05,0.9999981624050596
1,1,0.8859943104090772,0.35480910408027405,0.7719886208181544
1,1,0.9999999531529851,8.374549724531441e-07,0.9999999063059701
0,1,0.9765815628364176,0.11106029769056315,0.9531631256728352
0,0,0.9371611436845472,0.2347083204398306,0.8743222873690943
0,0,0.9949762902008278,0.03160451273221589,0.9899525804016556
0,0,0.9371345169449184,0.23478026737051377,0.8742690338898368
0,0,0.9371577167598596,0.2347175808557619,0.8743154335197192
0,0,0.9372637011907529,0.23443109182693253,0.8745274023815057
0,0,0.9979474888696432,0.014752761049683455,0.9958949777392864
1,1,0.9999999581697467,7.525114465350048e-07,0.9999999163394935
1,1,0.9999999621754697,6.842574025723138e-07,0.9999999243509394
1,1,0.9999999602871033,7.164837943213794e-07,0.9999999205742065
1,1,0.9999999491377837,9.0504967669996e-07,0.9999998982755673
1,1,0.9333408930776631,0.24491007573669665,0.8666817861553263
0,0,0.9997845612015296,0.002034329534986388,0.9995691224030592
1,0,0.9976661090936936,0.016475054079376193,0.9953322181873872
0,0,0.9489970663743219,0.20145779844211537,0.8979941327486439
1,0,0.9976659220146329,0.01647618737471162,0.9953318440292657
1,1,0.9151540772608334,0.29044812014579613,0.8303081545216668
1,0,0.9372211004937099,0.23454626972522413,0.8744422009874199
0,0,0.952775762087309,0.19025961472906716,0.9055515241746178
0,0,0.9993384063914333,0.005504808280387926,0.9986768127828667
1,0,0.9373558745414385,0.23418178055485991,0.874711749082877
1,1,0.9973853575352108,0.0181595271744965,0.9947707150704216
1,1,0.8873777163350122,0.3519629754335062,0.7747554326700246
0,0,0.9371604419288516,0.23471021677717627,0.8743208838577031
1,1,0.9999999549502822,8.070881798928859e-07,0.9999999099005643
1,0,0.6882609583942167,0.6204850430856035,0.3765219167884334
0,0,0.9965696100640236,0.02289224132460055,0.9931392201280471
1,1,0.7066808162834501,0.6050969334485192,0.4133616325669004
1,1,0.9256696101046504,0.264698957607789,0.851339220209301
1,1,0.9999968367010644,4.322297984745339e-05,0.9999936734021289
0,0,0.9742650706287208,0.11958833304090355,0.9485301412574416
0,0,0.9995512668367839,0.003907953280777965,0.9991025336735676
0,0,0.937163921681746,0.2347008134435019,0.8743278433634918
0,0,0.9371458784247582,0.2347495694926237,0.8742917568495165
1,0,0.9990905970020626,0.007277285946187916,0.9981811940041252
0,0,0.9916675885412187,0.04818987297602859,0.9833351770824373
0,0,0.9994854242615926,0.004410897161579072,0.9989708485231851
1,1,0.7205175941242736,0.5924638049740024,0.44103518824854754
1,1,0.9359384925232418,0.2379996521968926,0.8718769850464835
1,0,0.9224710832085485,0.272692250167762,0.8449421664170971
0,0,0.9591392559692358,0.1706700573263093,0.9182785119384715
1,1,0.9999860958749103,0.00016939837804494753,0.9999721917498207
1,1,0.9999991838751651,1.2257132510451538e-05,0.99999836775033
1,0,0.9970638061644131,0.020051771595810064,0.9941276123288262
0,0,0.9163352974352676,0.2876298539066501,0.8326705948705353
0,0,0.9995161095168232,0.0041776249203960185,0.9990322190336466
0,0,0.9998084088007256,0.001831621602603593,0.9996168176014513
0,0,0.9994934108422461,0.00435036320966212,0.9989868216844923
0,0,0.99685081888895,0.021285430322329248,0.9937016377779002
1,1,0.9352838900168471,0.23975154160829398,0.8705677800336941
1,0,0.573070424449302,0.6824302675700706,0.14614084889860407
1,1,0.9999999596078267,7.280539692532008e-07,0.9999999192156535
1,1,0.9999999602871033,7.164837943213794e-07,0.9999999205742065
0,0,0.9371680224143141,0.23468973177297373,0.8743360448286283
1,1,0.9810035045482327,0.09410753280884894,0.9620070090964653
1,0,0.5245514816643856,0.6919411451376113,0.04910296332877101
0,0,0.9978021444478808,0.015646914804073667,0.9956042888957616
0,0,0.9996647649340297,0.0030172868809092332,0.9993295298680593
0,0,0.9995505476096562,0.003913496962629563,0.9991010952193123
0,0,0.9976659002370449,0.016476319298915056,0.9953318004740898
0,0,0.9979474862384475,0.014752777327933335,0.9958949724768951
1,1,0.9920542921342734,0.046332534717018405,0.9841085842685469
1,0,0.7012831452153957,0.60977317250978,0.4025662904307914
0,0,0.9371594810025976,0.23471281345125208,0.8743189620051952
0,0,0.9998293493763305,0.0016511824816128103,0.9996586987526609
0,0,0.9999984765542698,2.192929303764249e-05,0.9999969531085394
1,1,0.9359957836092853,0.23784598696366033,0.8719915672185705
0,0,0.894590524330042,0.3368087736937917,0.7891810486600842
1,1,0.9361067706157402,0.23754814347332903,0.8722135412314804
1,1,0.9999999615701641,6.945974433749538e-07,0.9999999231403283
1,1,0.9999999609409562,7.053356875831334e-07,0.9999999218819124
0,0,0.9994935944636645,0.004348969984931954,0.998987188927329
1,1,0.9999999581697467,7.525114465350048e-07,0.9999999163394935
0,0,0.9992290243517087,0.006296919076938735,0.9984580487034173
0,1,0.9535417521040354,0.18795166496365703,0.9070835042080708
1,1,0.8240765614463469,0.465155372124638,0.6481531228926938
1,1,0.7404395999462771,0.5725966070229429,0.4808791998925541
1,1,0.9999999522035974,8.534676426564379e-07,0.9999999044071947
1,0,0.6045410773526868,0.6711274024613074,0.20908215470537345
0,0,0.964575460519325,0.15311992529400031,0.9291509210386499
1,0,0.9962662854989348,0.024599512691432235,0.9925325709978697
1,0,0.9999200080780797,0.0008345993095819008,0.9998400161561594
0,0,0.9371590285290626,0.2347140361476616,0.8743180570581254
0,0,0.9371357588666188,0.2347769118966379,0.8742715177332379
0,0,0.9996251945015685,0.0033316145586248665,0.999250389003137
1,1,0.9360040479540973,0.2378238159497382,0.8720080959081946
0,0,0.9993568096027304,0.005369834610782879,0.9987136192054609
1,1,0.9973215515538163,0.018538016232977034,0.9946431031076326
1,1,0.8990618656189509,0.32713938941410753,0.7981237312379017
0,0,0.9979474907557844,0.014752749380812651,0.9958949815115686
1,1,0.9999993027790594,1.0581138740709523e-05,0.9999986055581186
1,1,0.9999999602871033,7.164837943213794e-07,0.9999999205742065
1,1,0.9999999558004616,7.926988957045926e-07,0.9999999116009233
1,1,0.6312962153138174,0.6582622073792082,0.2625924306276348
1,0,0.9678353369148008,0.14218805083323066,0.9356706738296017
0,0,0.9998293499684568,0.0016511773444871799,0.9996586999369138
1,0,0.9372211004937099,0.23454626972522413,0.8744422009874199
0,0,0.9994612389769112,0.0045934597960065335,0.9989224779538224
1,1,0.7257324897345333,0.5874573550967621,0.4514649794690666
0,0,0.9997980647983534,0.0019198914018242036,0.9995961295967069
1,1,0.936100274764588,0.23756558133786704,0.8722005495291761
0,0,0.9991741241183029,0.006688482193836469,0.9983482482366056
1,0,0.9979475093010428,0.014752634647935348,0.9958950186020856
1,1,0.9999994667924919,8.235045991793307e-06,0.9999989335849837
1,1,0.9999999566197619,7.78816771380435e-07,0.9999999132395239
1,0,0.9985258247080822,0.01108420478799864,0.9970516494161643
0,0,0.9989623764978669,0.008166411655829105,0.9979247529957337
0,0,0.9371542508354579,0.23472694645594427,0.8743085016709157
1,0,0.9212999232681836,0.27558297116484104,0.842599846536367
1,1,0.9999999574092036,7.654259344934964e-07,0.9999999148184071
0,0,0.9816656094950038,0.09148407967030185,0.9633312189900076
1,1,0.9814554678367536,0.0923193204931427,0.962910935673507
1,1,0.9355150840874036,0.239133617222283,0.8710301681748069
1,1,0.696656639447603,0.6136705659521295,0.393313278895206
1,1,0.9999999574092036,7.654259344934964e-07,0.9999999148184071
1,1,0.9972204524806093,0.019134616547366062,0.9944409049612188
0,0,0.9638074631280632,0.15564903491029233,0.9276149262561265
0,0,0.938291166899916,0.2316437764555841,0.8765823337998319
0,0,0.9406148175444116,0.22527246847584573,0.8812296350888231
1,1,0.9999999512187996,8.700576279406352e-07,0.9999999024375992
1,1,0.9698194892391016,0.1353690826192808,0.939638978478203
0,1,0.9999852853581565,0.00017843946099505568,0.9999705707163129
1,0,0.9393878626049443,0.22864852876506053,0.8787757252098887
1,1,0.9999999540681559,8.220012039651388e-07,0.9999999081363118
0,0,0.93862401210647,0.2307369355829639,0.8772480242129398
1,1,0.9360012089100521,0.2378314324697362,0.8720024178201042
1,1,0.9999962973548511,5.000963317940248e-05,0.9999925947097021
1,1,0.9361067706157402,0.23754814347332903,0.8722135412314804
0,0,0.9998390135863283,0.0015670594730553562,0.9996780271726564
0,0,0.9371967040761683,0.23461221550837297,0.8743934081523366
1,1,0.9360184043408336,0.23778529891532324,0.872036808681667
1,1,0.9999999596078267,7.280539692532008e-07,0.9999999192156535
1,1,0.9999999558004616,7.926988957045926e-07,0.9999999116009233
1,1,0.9360012089100521,0.2378314324697362,0.8720024178201042
0,0,0.9916785768197535,0.04813735010067109,0.983357153639507
1,1,0.9999999566197619,7.78816771380435e-07,0.9999999132395239
1,1,0.9999999596078267,7.280539692532008e-07,0.9999999192156535
0,0,0.9807066036396784,0.09527625234377826,0.9614132072793568
1,0,0.9517797978654619,0.19324101148008577,0.9035595957309237
1,1,0.8873856030548208,0.3519466951097626,0.7747712061096418
1,1,0.9999999558004616,7.926988957045926e-07,0.9999999116009233
1,1,0.9770710926731212,0.10922881450305888,0.9541421853462424
1,1,0.7404376285366321,0.5725986735521252,0.48087525707326423
0,0,0.9371667163472915,0.23469326127197945,0.8743334326945833
1,1,0.9999993229609537,1.0294741964795855e-05,0.9999986459219075
1,1,0.9999999566197619,7.78816771380435e-07,0.9999999132395239
0,0,0.9989287387268743,0.008396955876260843,0.9978574774537484
1,1,0.9999999615701641,6.945974433749538e-07,0.9999999231403283
0,0,0.9375440769349531,0.2336722795718999,0.8750881538699062
0,0,0.9371721879062975,0.23467847480657936,0.874344375812595
1,1,0.9999999615701641,6.945974433749538e-07,0.9999999231403283
0,0,0.9979472545551921,0.014754210654657934,0.9958945091103841
0,0,0.9994080921762497,0.004990886049028118,0.9988161843524995
0,0,0.9372032314790955,0.23459457232281497,0.8744064629581911
0,0,0.9997790230683168,0.002081015283823318,0.9995580461366336
1,1,0.9733936506241719,0.12273994907091527,0.946787301248344
0,0,0.9996924409797682,0.0027946933991646,0.9993848819595365
0,0,0.995477081890264,0.028930090441647273,0.9909541637805279
0,0,0.9994859249351573,0.004407105991252559,0.9989718498703147
0,0,0.9995521421045359,0.0039012053080763258,0.9991042842090719
0,0,0.9992628030051787,0.006054073090261754,0.9985256060103571
1,1,0.9999999574092036,7.654259344934964e-07,0.9999999148184071
0,0,0.9371460102626719,0.23474921326347445,0.8742920205253437
0,0,0.9445880458395295,0.2141521051186265,0.889176091679059
1,1,0.9999999491377837,9.0504967669996e-07,0.9999998982755673
1,1,0.9361067706157402,0.23754814347332903,0.8722135412314804
1,1,0.9999814522361345,0.00022062847133954165,0.9999629044722692
0,0,0.9371383549189936,0.23476989769361611,0.8742767098379873
0,0,0.9115134475962854,0.29902220297682536,0.8230268951925708
0,0,0.9374504467946151,0.23392583032566122,0.8749008935892304
1,0,0.9579049642714149,0.17454606521863936,0.9158099285428298
0,0,0.9994197340461698,0.004904253391992223,0.9988394680923395
1,1,0.9359912424573023,0.2378581691674531,0.8719824849146044
0,0,0.9991220111158249,0.007056780783855776,0.9982440222316498
1,1,0.999998506548063,2.1527242924573448e-05,0.999997013096126
0,0,0.9380357375015026,0.23233839890618946,0.8760714750030049
0,1,0.9541032695961559,0.18625139487037465,0.9082065391923115
1,1,0.7263772136048052,0.5868289441166397,0.4527544272096105
0,0,0.9996228650097666,0.003349984060010245,0.9992457300195332
1,1,0.9590925862807592,0.17081731285406007,0.9181851725615183
1,1,0.9361067706157402,0.23754814347332903,0.8722135412314804
0,0,0.9979473229268665,0.01475378767062947,0.995894645853733
1,0,0.9416801280931756,0.22231934382623036,0.8833602561863512
0,0,0.9994417040815636,0.00474012340557383,0.9988834081631272
1,1,0.9360012089100521,0.2378314324697362,0.8720024178201042
0,0,0.9979668861739839,0.014632664839323472,0.9959337723479676
1,0,0.9999043120252592,0.000981219904975388,0.9998086240505184
1,0,0.9979473233987166,0.014753784751503109,0.9958946467974331
0,0,0.9371685661076697,0.23468826249438507,0.8743371322153396
0,1,0.9156684025950971,0.2892232165408167,0.8313368051901942
1,1,0.9868758837288183,0.06990839877885455,0.9737517674576365
0,0,0.937149514194729,0.23473974544834475,0.8742990283894582
1,1,0.9972204524828481,0.01913461653419757,0.994440904965696
1,1,0.9360073020067815,0.23781508588890893,0.872014604013563
1,1,0.9360012089100521,0.2378314324697362,0.8720024178201042
1,1,0.9999999633171419,6.647284671280214e-07,0.9999999266342838
1,1,0.9999999558004616,7.926988957045926e-07,0.9999999116009233
1,0,0.9930263449416161,0.04157777409750049,0.9860526898832324
0,0,0.9537050926993662,0.18745780878412466,0.9074101853987324
1,0,0.9998929267919837,0.0010859305044282246,0.9997858535839674
0,0,0.9979474912269863,0.014752746465656268,0.9958949824539727
1,0,0.9998485490266233,0.0014834884646686213,0.9996970980532467
1,1,0.9999996239408537,5.939297352620232e-06,0.9999992478817075
0,0,0.9371644523654927,0.23469937935913468,0.8743289047309855
0,0,0.9371678489572213,0.2346902005228961,0.8743356979144427
0,0,0.9371886761227924,0.2346339136007738,0.8743773522455851
0,0,0.9979473040669687,0.01475390434835014,0.9958946081339375
0,0,0.9976658430649549,0.016476665634852967,0.9953316861299096
1,0,0.9404576109535316,0.22570652891496013,0.8809152219070635
0,0,0.9998293509751214,0.0016511686109396471,0.9996587019502429
0,0,0.9994944043684733,0.004342824049250758,0.9989888087369464
0,0,0.9371837859770755,0.23464713023533035,0.8743675719541512
0,0,0.9371627311516921,0.23470403063512607,0.8743254623033844
1,1,0.9999999540681559,8.220012039651388e-07,0.9999999081363118
1,1,0.9360173140599305,0.2377882241723071,0.8720346281198611
0,0,0.9377852264633504,0.2330185559151498,0.875570452926701
1,1,0.9999999621754697,6.842574025723138e-07,0.9999999243509394
0,0,0.9995451914861527,0.003954744970118272,0.9990903829723055
1,1,0.9969168856896502,0.020904353351510935,0.9938337713793002
0,0,0.9371637338087998,0.23470132113767628,0.8743274676175996
0,0,0.969262032531786,0.1372981320613792,0.938524065063572
0,0,0.9371760744980405,0.23466797128387434,0.8743521489960812
1,1,0.9999999558004616,7.926988957045926e-07,0.9999999116009233
0,0,0.9986942395957885,0.009976422837243542,0.997388479191577
0,0,0.9980407959491443,0.014173345930406724,0.9960815918982885
0,0,0.9994081347636584,0.00499056955629138,0.9988162695273167
1,0,0.9594692717877147,0.16962717839476382,0.9189385435754294
0,0,0.9989286849087039,0.00839732387530593,0.997857369817408
1,1,0.99999996385483,6.555187727464619e-07,0.9999999277096601
0,0,0.9994075351843542,0.004995025109786879,0.9988150703687084
1,1,0.8817305709818102,0.3634627098540835,0.7634611419636204
1,1,0.9999999501972988,8.872449120709397e-07,0.9999999003945976
0,0,0.9998364503345508,0.0015894266878200317,0.9996729006691016
0,0,0.9997096331555991,0.0026551783803075166,0.9994192663111983
0,0,0.9998390102863168,0.0015670882954190637,0.9996780205726336
0,0,0.9963439235678854,0.02416496312827073,0.9926878471357709
1,1,0.9999969237514754,4.2119373939953466e-05,0.9999938475029508
1,1,0.6955449453205033,0.6145919367387167,0.3910898906410065
1,1,0.8406127889405578,0.4386523371407631,0.6812255778811156
0,0,0.9431384996027488,0.21824304165621705,0.8862769992054976
1,1,0.6172253181831961,0.665406143571574,0.23445063636639218
1,1,0.9614980536335732,0.16315367545452256,0.9229961072671465
1,1,0.9358864010315945,0.23813932364405757,0.871772802063189
0,0,0.990972506915475,0.051483370394436546,0.9819450138309501
1,1,0.9999999491377837,9.0504967669996e-07,0.9999998982755673
1,1,0.9360012089100521,0.2378314324697362,0.8720024178201042
1,0,0.9433521125248931,0.21764266361132883,0.8867042250497862
1,1,0.9999999558004616,7.926988957045926e-07,0.9999999116009233
0,0,0.9992880383402912,0.005871640669762541,0.9985760766805826
0,0,0.9994861113599722,0.004405694231831628,0.9989722227199445
1,1,0.9360040479540973,0.2378238159497382,0.8720080959081946
1,1,0.9999990342385128,1.4341894611863473e-05,0.9999980684770257
1,1,0.7769947353788846,0.5306853932920076,0.5539894707577694
0,0,0.9370926076509785,0.23489348423708578,0.8741852153019571
1,1,0.9999999531529851,8.374549724531441e-07,0.9999999063059701
0,0,0.9999516176491385,0.0005291263843277231,0.9999032352982771
1,1,0.8677288491507305,0.39068137895604055,0.7354576983014612
0,0,0.9371691661209742,0.23468664101076758,0.8743383322419483
0,0,0.9467670588177135,0.20792659761254703,0.8935341176354269
0,0,0.9861703362933489,0.07293754293058292,0.9723406725866978
1,0,0.9212999232681836,0.27558297116484104,0.842599846536367
1,1,0.99999996385483,6.555187727464619e-07,0.9999999277096601
1,0,0.9372211004937099,0.23454626972522413,0.8744422009874199
0,0,0.985108476059704,0.07742818226316962,0.9702169521194078
1,1,0.9947778792360392,0.03264993177933854,0.9895557584720786
1,1,0.8599255770200894,0.4050985613544913,0.7198511540401786
1,0,0.9212999232681836,0.27558297116484104,0.842599846536367
0,0,0.7664505093940496,0.5435297880174466,0.5329010187880991
1,1,0.9999999558004616,7.926988957045926e-07,0.9999999116009233
0,0,0.9391813382570626,0.22921418276997396,0.8783626765141253
0,0,0.9371501903630635,0.23473791838070973,0.8743003807261269
0,0,0.9994843076968964,0.00441935019096788,0.9989686153937929
1,1,0.9999992151255256,1.1818437058869259e-05,0.9999984302510512
1,1,0.9999999491377837,9.0504967669996e-07,0.9999998982755673
1,1,0.9999982117294995,2.5454708525616772e-05,0.9999964234589992
1,1,0.9577046781799528,0.1751714262913752,0.9154093563599054
1,1,0.9999997012442027,4.787155100427153e-06,0.9999994024884052
0,0,0.9371330960817282,0.2347841062835753,0.8742661921634564
1,1,0.6312972069456521,0.6582616740957211,0.2625944138913041
0,0,0.9994567544801983,0.004627190148559204,0.9989135089603965
1,1,0.9999996830147871,5.060482077815833e-06,0.9999993660295743
1,1,0.9798017640120511,0.09880961286259099,0.9596035280241022
0,0,0.9381147110711006,0.23212375586299439,0.876229422142201
1,1,0.9999992244821303,1.1686848337340276e-05,0.9999984489642606
0,0,0.94510613577359,0.2126802544749024,0.8902122715471801
0,0,0.9983129236949232,0.012457226740018822,0.9966258473898464
1,1,0.9999999540681559,8.220012039651388e-07,0.9999999081363118
0,0,0.9979474807794126,0.014752811100984675,0.9958949615588252
1,1,0.9999999609409562,7.053356875831334e-07,0.9999999218819124
1,1,0.9359776852618159,0.23789453597929938,0.8719553705236318
0,0,0.9372893881730721,0.2343616279869018,0.8745787763461441
0,0,0.9382619441080481,0.23172330280367887,0.8765238882160962
0,0,0.9965367442023045,0.02307848734455703,0.9930734884046092
0,0,0.9371486066893042,0.23474219759739776,0.8742972133786086
1,1,0.9999999602871033,7.164837943213794e-07,0.9999999205742065
0,0,0.9972844361664174,0.01875747655684832,0.9945688723328349
1,0,0.998471574602748,0.011436829150801468,0.9969431492054961
1,1,0.9999985431269223,2.10361071199424e-05,0.9999970862538445
0,0,0.9371488219613546,0.23474161591712123,0.8742976439227093
0,0,0.937167597867781,0.2346908790653343,0.874335195735562
0,0,0.9973471851539145,0.01838614615244612,0.994694370307829
0,0,0.9371846915535376,0.23464468275748715,0.8743693831070752
1,1,0.934915155359338,0.24073525167879786,0.8698303107186761
1,1,0.9999999522035974,8.534676426564379e-07,0.9999999044071947
1,1,0.7502277488018996,0.562084798639584,0.5004554976037993
0,0,0.9371439593912405,0.2347547547330032,0.874287918782481
0,0,0.9371411131262596,0.23476244524337694,0.8742822262525191
1,1,0.9359501898569416,0.23796828224483024,0.8719003797138832
1,1,0.7355385304016431,0.5776719365977752,0.47107706080328604
0,0,0.960022372564624,0.16787304000097117,0.9200447451292479
0,0,0.9870899547541331,0.06898181341013958,0.9741799095082663
0,0,0.9441041544905001,0.2155221678490596,0.8882083089810001
1,0,0.9212999232681836,0.27558297116484104,0.842599846536367
1,1,0.9999999633171419,6.647284671280214e-07,0.9999999266342838
0,0,0.9995519635840622,0.003902581770059496,0.9991039271681246
1,1,0.9928222838835523,0.04258665702035746,0.9856445677671043
1,1,0.9999999627575701,6.743046260463807e-07,0.99999992551514
0,0,0.9726258541297167,0.12549246280136797,0.9452517082594333
1,1,0.9999963972196649,4.875931892416259e-05,0.9999927944393299
1,1,0.9999999501972988,8.872449120709397e-07,0.9999999003945976
0,0,0.9371493029358117,0.2347403162873425,0.8742986058716236
0,0,0.9995507113871608,0.003912234694455727,0.9991014227743216
1,0,0.9973357049405348,0.018454192950207834,0.9946714098810697
0,0,0.9562482732131351,0.1796893101675457,0.9124965464262703
0,0,0.9371738112083668,0.23467408786037863,0.8743476224167336
1,1,0.9999994251297107,8.835251103724017e-06,0.9999988502594214
1,0,0.9962355830534142,0.024770908949054843,0.9924711661068284
0,0,0.9371519543007477,0.23473315202594944,0.8743039086014955
0,0,0.9969865749928049,0.02050084183091824,0.9939731499856097
0,0,0.9825044315820765,0.08812532529974579,0.965008863164153
1,1,0.8854118580797963,0.35600172371504385,0.7708237161595927
0,0,0.9385502888930608,0.23093796084792811,0.8771005777861217
1,1,0.9325185395784032,0.24707499946285746,0.8650370791568063
1,0,0.9435906174142201,0.21697131541490144,0.8871812348284402
1,1,0.9411806857649936,0.22370638895382328,0.8823613715299872
1,1,0.999999085547567,1.3629858580646313e-05,0.999998171095134
1,1,0.9999999491377837,9.0504967669996e-07,0.9999998982755673
1,1,0.9999999491377837,9.0504967669996e-07,0.9999998982755673
0,0,0.9995177858181314,0.004164826522687227,0.9990355716362629
1,0,0.9372211004937099,0.23454626972522413,0.8744422009874199
0,1,0.975656058813246,0.11449443198895443,0.9513121176264921
0,0,0.9995053365810547,0.004259737450618036,0.9990106731621092
1,1,0.9999999491377837,9.0504967669996e-07,0.9999998982755673
0,0,0.9371299553094987,0.23479259195542215,0.8742599106189972
1,1,0.9999999558004616,7.926988957045926e-07,0.9999999116009233
1,0,0.9421458436611808,0.22102187262455478,0.8842916873223616
0,0,0.9976659225595539,0.016476184073687516,0.9953318451191078
1,0,0.9214826042316072,0.2751333198481814,0.8429652084632143
0,0,0.93723734713493,0.23450234793353927,0.8744746942698601
0,0,0.9372634796232443,0.234431690950479,0.8745269592464885
0,0,0.9371741417291878,0.23467319462800368,0.8743482834583758
0,0,0.997947493386702,0.014752733104277136,0.9958949867734038
1,1,0.9361067706157402,0.23754814347332903,0.8722135412314804
0,0,0.9991617026354677,0.006776559833942224,0.9983234052709352
1,1,0.9961814741367097,0.025072361136162714,0.9923629482734193
1,1,0.7066813591969232,0.6050964560543701,0.4133627183938466
1,1,0.7928110007835244,0.5102084109244309,0.5856220015670488
1,1,0.9609537668753557,0.16490108927211725,0.9219075337507114
0,0,0.9387246492040886,0.23046237038848894,0.8774492984081773
0,0,0.9990261437652664,0.0077263414284806315,0.9980522875305329
1,1,0.9839779939226451,0.08212460520508329,0.96795598784529
0,0,0.669540734614943,0.6345034037183421,0.339081469229886
0,0,0.9986409636263404,0.010329083543136244,0.9972819272526808
0,0,0.9993952734381629,0.005086011470759224,0.9987905468763257
0,0,0.9998390114102718,0.0015670784787818173,0.9996780228205435
1,0,0.999968234932401,0.00036075992252856357,0.9999364698648019
1,1,0.9359385545967187,0.23799948573403945,0.8718771091934374
0,0,0.9735608893835925,0.12213740888776267,0.9471217787671852
0,0,0.9371654359185967,0.23469672145817208,0.8743308718371935
0,0,0.9994504429093486,0.00467460024431735,0.9989008858186972
0,0,0.9371899710102267,0.23463041383049008,0.8743799420204534
0,0,0.9841576550260703,0.08138379789887751,0.9683153100521407
0,1,0.7232515102807269,0.5898561073085852,0.44650302056145386
0,0,0.9371150057620031,0.23483298003105535,0.8742300115240063
1,1,0.6999674376337025,0.6108918895536966,0.3999348752674048
1,0,0.9988480148756487,0.008945962143304512,0.9976960297512975
0,0,0.9992290363696483,0.006296832943278761,0.9984580727392968
0,0,0.9987760318448652,0.009430729565001714,0.9975520636897304
1,0,0.9973472775140253,0.018385598503621012,0.9946945550280506
1,1,0.9999987567970849,1.8148050999824965e-05,0.9999975135941698
0,0,0.9896843741398056,0.05744689330032186,0.9793687482796112
0,0,0.5616174468843473,0.6855344233167429,0.12323489376869456
0,0,0.9414526844395003,0.22295155861241023,0.8829053688790004
0,0,0.9371508370178252,0.2347361710541403,0.8743016740356503
1,1,0.9999999581697467,7.525114465350048e-07,0.9999999163394935
1,1,0.7895368319889194,0.5145696874870205,0.5790736639778388
1,1,0.9999999540681559,8.220012039651388e-07,0.9999999081363118
1,0,0.9952834556232982,0.029970417559981116,0.9905669112465966
1,0,0.9979474729134141,0.014752859765012605,0.9958949458268284
0,0,0.9995817456262545,0.0036719436516418538,0.9991634912525088
1,1,0.9652499728566046,0.1508844468869506,0.9304999457132095
1,0,0.9999538605116206,0.0005067877579042593,0.9999077210232412
0,0,0.999382356706958,0.005181589058652153,0.9987647134139158
1,1,0.9360012089100521,0.2378314324697362,0.8720024178201042
1,0,0.7292450395086899,0.5840082958457471,0.4584900790173797
0,0,0.9979474919729305,0.01475274185076978,0.9958949839458611
0,0,0.9372164806408865,0.23455875839291293,0.8744329612817728
0,0,0.9371927453974629,0.23462291523105716,0.8743854907949258
1,1,0.9999999581697467,7.525114465350048e-07,0.9999999163394935
1,1,0.9360012089100521,0.2378314324697362,0.8720024178201042
0,0,0.9979474831364485,0.014752796518867222,0.9958949662728971
0,0,0.9971060994289785,0.019804992142398434,0.9942121988579571
1,0,0.9979475052560287,0.01475265967300409,0.9958950105120574
1,1,0.9999999615701641,6.945974433749538e-07,0.9999999231403283
1,1,0.9622909176377916,0.16059386345761278,0.9245818352755835
1,0,0.9976661228481213,0.016474970756637175,0.9953322456962427
1,1,0.9999999589023253,7.400587430968554e-07,0.9999999178046507
0,0,0.9997066022444323,0.002679846579814981,0.9994132044888645
0,0,0.937172684022456,0.23467713406585766,0.874345368044912
0,0,0.931134610210123,0.2506941255683655,0.8622692204202461
1,0,0.9999597639833234,0.0004474537935593863,0.9999195279666468
1,1,0.9999999491377837,9.0504967669996e-07,0.9999998982755673
1,0,0.997666090749957,0.016475165203493264,0.9953321814999141
1,0,0.8111043016145284,0.4846177482602786,0.6222086032290568
1,1,0.9360148932753042,0.23779471914048403,0.8720297865506084
1,1,0.9999999596078267,7.280539692532008e-07,0.9999999192156535
1,1,0.9999999609409562,7.053356875831334e-07,0.9999999218819124
1,0,0.9979343461111608,0.014834028446045682,0.9958686922223214
1,0,0.9999560133961709,0.00048524276990361903,0.9999120267923419
0,0,0.9996613467541308,0.0030446161201082393,0.9993226935082615
0,0,0.9989901110306499,0.007975507014128693,0.9979802220612999
1,1,0.7066084363861996,0.6051605657385152,0.4132168727723994
0,0,0.9998293496723828,0.0016511799131446734,0.9996586993447656
1,1,0.7301975170317482,0.583062286247158,0.46039503406349647
1,1,0.9999999549502822,8.070881798928859e-07,0.9999999099005643
1,1,0.9622926000652334,0.16058841333650975,0.9245852001304671
0,0,0.9980411518661719,0.014171127376114133,0.9960823037323439
1,1,0.9361067706157402,0.23754814347332903,0.8722135412314804
0,0,0.9371722929813231,0.23467819084446642,0.8743445859626463
1,1,0.9999999491377837,9.0504967669996e-07,0.9999998982755673
0,0,0.9598832716690594,0.1683149394031681,0.9197665433381189
1,1,0.9999999531529851,8.374549724531441e-07,0.9999999063059701
0,0,0.9371640791550981,0.23470038789851552,0.8743281583101962
1,1,0.9361067706157402,0.23754814347332903,0.8722135412314804
0,0,0.9996452996416542,0.003172461221359855,0.9992905992833083
0,0,0.9371640008077253,0.23470059961903483,0.8743280016154509
1,1,0.8912872379629669,0.34381556388116546,0.7825744759259338
1,1,0.9999991185165471,1.3170825314676873e-05,0.9999982370330941
0,0,0.9452767214613244,0.21219450468638074,0.8905534429226488
1,0,0.9339297355879143,0.2433532208343097,0.8678594711758286
1,0,0.9392367191883275,0.22906257210879577,0.878473438376655
1,1,0.9999999566197619,7.78816771380435e-07,0.9999999132395239
0,0,0.9979652517665468,0.014642791217428687,0.9959305035330935
0,0,0.9997611129892585,0.0022310614492171733,0.999522225978517
0,0,0.9371251009406427,0.23480570705694917,0.8742502018812854
1,1,0.9999999602871033,7.164837943213794e-07,0.9999999205742065
1,1,0.9278656564294687,0.25912516669000535,0.8557313128589376
0,0,0.937133051472161,0.23478422680993052,0.8742661029443219
1,0,0.9678353369148008,0.14218805083323066,0.9356706738296017
1,0,0.9997654705084427,0.0021946828764942573,0.9995309410168854
0,0,0.9372004552433217,0.23460207641302402,0.8744009104866435
1,0,0.8347865490178855,0.44821472808115936,0.6695730980357709
1,0,0.9372211004937099,0.23454626972522413,0.8744422009874199
0,0,0.9371421735758045,0.23475957996114563,0.8742843471516092
1,1,0.9999999522035974,8.534676426564379e-07,0.9999999044071947
1,1,0.9999977536251026,3.146315738656906e-05,0.9999955072502051
0,0,0.9998084041949813,0.0018316610275126658,0.9996168083899626
0,0,0.9980423533036005,0.01416363792127457,0.9960847066072009
1,0,0.9965531850884939,0.022985358561031018,0.9931063701769877
1,1,0.8849615811825264,0.3569214107095515,0.7699231623650531
0,0,0.9996154984651525,0.0034079795618678394,0.9992309969303053
1,1,0.9361067706157402,0.23754814347332903,0.8722135412314804
1,1,0.8447360868723768,0.43173224328588394,0.6894721737447533
1,1,0.9999999512187996,8.700576279406352e-07,0.9999999024375992
1,1,0.9969976420676068,0.020436614016998474,0.9939952841352134
1,1,0.9999999491377837,9.0504967669996e-07,0.9999998982755673
1,1,0.7004814527481301,0.6104558161056193,0.40096290549626035
0,0,0.994775873238223,0.0326604621100685,0.9895517464764461
0,0,0.9371612886706503,0.2347079286463684,0.8743225773413008
0,0,0.9371306269063321,0.2347907774634037,0.8742612538126643
0,0,0.9391837621618137,0.2292075482200038,0.8783675243236272
1,1,0.999999422413333,8.874276655285046e-06,0.9999988448266659
1,1,0.9999999549502822,8.070881798928859e-07,0.9999999099005643
0,0,0.9426427211083608,0.2196331970471788,0.8852854422167215
1,1,0.9999991400977772,1.2869680800969727e-05,0.9999982801955544
1,1,0.9068669451717163,0.3097272570563878,0.8137338903434326
1,1,0.6791452562045153,0.6275120613951126,0.35829051240903054
1,1,0.9999999522035974,8.534676426564379e-07,0.9999999044071947
0,0,0.9372735141932284,0.23440455640928995,0.8745470283864567
0,0,0.9478337004959502,0.2048450431390811,0.8956674009919003
0,0,0.9806403771691687,0.09553630795489347,0.9612807543383376
0,0,0.9993684793721884,0.005283973589233561,0.998736958744377
1,0,0.9998646340647862,0.001341132741380134,0.9997292681295723
1,0,0.9965219098025431,0.023162449020783696,0.993043819605086
1,0,0.9399826411568039,0.2270152832995329,0.8799652823136078
1,0,0.9284056934883074,0.25774353571910313,0.8568113869766149
1,1,0.9608969194110131,0.16508313888309034,0.9217938388220261
1,1,0.9999999596078267,7.280539692532008e-07,0.9999999192156535
1,1,0.9360040479540973,0.2378238159497382,0.8720080959081946
0,0,0.9993057797001557,0.005742849974250832,0.9986115594003113
1,0,0.9955015185736067,0.02879821095713793,0.9910030371472133
0,0,0.9943823703894713,0.03471150971365825,0.9887647407789427
0,0,0.9980393593074094,0.014182300358283282,0.9960787186148187
1,1,0.9999999522035974,8.534676426564379e-07,0.9999999044071947
0,0,0.9496744806836037,0.1994726019970825,0.8993489613672073
1,1,0.925484832440671,0.2651647184908934,0.8509696648813418
1,1,0.9361067706157402,0.23754814347332903,0.8722135412314804
0,0,0.9998293530080918,0.0016511509734245403,0.9996587060161836
0,0,0.9371608513401789,0.2347091104359218,0.8743217026803578
1,1,0.9360040479540973,0.2378238159497382,0.8720080959081946
1,0,0.9945076497800649,0.03406162169886974,0.9890152995601298
0,0,0.9371332155940909,0.23478378338429967,0.8742664311881818
1,1,0.9999979377052587,2.906121862039784e-05,0.9999958754105174
0,0,0.9996662986847699,0.003005012833354929,0.9993325973695397
1,1,0.9999999621754697,6.842574025723138e-07,0.9999999243509394
0,0,0.9992848395779724,0.005894814198049134,0.9985696791559449
1,1,0.9882248640268096,0.06400792324856436,0.9764497280536194
0,0,0.9749635627257954,0.11704031211632113,0.9499271254515909
1,1,0.9784928665264102,0.10384803512117005,0.9569857330528203
1,0,0.9791725993510825,0.10124197499334191,0.958345198702165
1,1,0.9999999633171419,6.647284671280214e-07,0.9999999266342838
0,0,0.9394902537748492,0.22836780976411442,0.8789805075496985
1,0,0.9976659231046663,0.01647618077150444,0.9953318462093327
0,0,0.9928455324870272,0.042472013427981584,0.9856910649740545
1,1,0.8228794645550319,0.4669990129511688,0.6457589291100637
1,1,0.9214503515842725,0.27521274008414515,0.8429007031685448
1,1,0.9999999540681559,8.220012039651388e-07,0.9999999081363118
0,0,0.9372020446622953,0.23459778027255226,0.8744040893245907
0,0,0.9371487152913904,0.23474190414699278,0.874297430582781
0,0,0.9782878305688926,0.10462979056667102,0.9565756611377852
1,1,0.9999999615701641,6.945974433749538e-07,0.9999999231403283
1,1,0.9999992841510017,1.0844966455721292e-05,0.9999985683020034
1,1,0.936043613123284,0.2377176574458588,0.8720872262465681
0,0,0.9995361004478633,0.00402461183751704,0.9990722008957267
1,1,0.5611653965179833,0.6856459943227471,0.12233079303596633
0,0,0.9997571238073419,0.002264295226194623,0.9995142476146839
0,0,0.9371663001795715,0.23469438591227731,0.8743326003591433
1,1,0.9999999627575701,6.743046260463807e-07,0.99999992551514
0,0,0.9995323750837477,0.004053190491765877,0.9990647501674955
0,0,0.9998390117402606,0.0015670755966542037,0.999678023480521
1,1,0.9361067706157402,0.23754814347332903,0.8722135412314804
1,1,0.9999999602871033,7.164837943213794e-07,0.9999999205742065
0,0,0.9955419041404868,0.028579966168513972,0.9910838082809738
1,0,0.9965493449865653,0.023007117704279673,0.9930986899731306
1,1,0.9359731431030062,0.23790671951201328,0.8719462862060123
0,0,0.99982935314622,0.0016511497750582745,0.9996587062924401
0,0,0.9998390133663316,0.0015670613945119954,0.9996780267326631
1,1,0.9999999615701641,6.945974433749538e-07,0.9999999231403283
1,0,0.9970442456056139,0.020165699474113057,0.9940884912112279
1,1,0.9360040479540973,0.2378238159497382,0.8720080959081946
1,0,0.9965757527537733,0.022857396646692996,0.9931515055075465
1,1,0.9999999549502822,8.070881798928859e-07,0.9999999099005643
1,1,0.9999999522035974,8.534676426564379e-07,0.9999999044071947
1,0,0.996247918600717,0.024702076136281146,0.9924958372014341
0,0,0.9998394457737612,0.0015632841544870714,0.9996788915475223
0,0,0.9819589597733822,0.09031400380436791,0.9639179195467643
1,1,0.9999991097860729,1.3292499512434771e-05,0.9999982195721459
1,1,0.6916685956105035,0.6177590742112029,0.3833371912210072
0,0,0.9985406894029978,0.010987238704344966,0.9970813788059955
0,0,0.9226020325836021,0.2723678465294024,0.8452040651672043
0,0,0.999772533623018,0.00213554405579019,0.999545067246036
1,0,0.9721805395210211,0.1270787097003328,0.9443610790420423
0,0,0.9372448629448176,0.23448202788745104,0.8744897258896351
0,0,0.9987005512181443,0.009934500492379927,0.9974011024362885
0,0,0.9994612602823054,0.004593299457588925,0.9989225205646108
1,1,0.9972548866389918,0.018931836511875612,0.9945097732779834
1,0,0.9952959965996344,0.029903282100405784,0.9905919931992688
1,0,0.999903310119091,0.0009904866399537996,0.999806620238182
0,0,0.9373514203711534,0.2341938315583313,0.8747028407423069
1,1,0.8487263475793483,0.424912019870604,0.6974526951586966
0,0,0.9371731291534825,0.2346759311075414,0.8743462583069648
1,1,0.6171553361475256,0.6654395697575843,0.23431067229505131
0,0,0.9371666743572226,0.23469337474493018,0.8743333487144453
0,0,0.9995511784049044,0.003908634960992542,0.9991023568098086
1,1,0.9999999627575701,6.743046260463807e-07,0.99999992551514
0,0,0.9371659557457251,0.23469531669868743,0.8743319114914503
1,0,0.999950990660248,0.0005353523056707323,0.999901981320496
0,0,0.9979474843525057,0.014752788995566448,0.9958949687050115
0,0,0.9371705177115369,0.23468298843276839,0.874341035423074
0,0,0.9996476104722867,0.0031540967080520895,0.9992952209445735
1,0,0.972946110474681,0.12434708594510699,0.945892220949362
0,0,0.9995067803047152,0.004248746960390092,0.9990135606094305
0,0,0.9387586973407841,0.23036943802323157,0.8775173946815681
1,1,0.9999999602871033,7.164837943213794e-07,0.9999999205742065
1,1,0.6719740648959693,0.632771810891527,0.34394812979193884
0,0,0.9997745098801578,0.0021189580443880178,0.9995490197603156
1,0,0.9965427961273712,0.023044215570307253,0.9930855922547424
1,1,0.9863700126652646,0.07208405251089707,0.9727400253305292
1,1,0.9999999566197619,7.78816771380435e-07,0.9999999132395239
1,1,0.99999996385483,6.555187727464619e-07,0.9999999277096601
0,0,0.9995424971568639,0.003975470348071562,0.999084994313728
1,0,0.9998414139367272,0.0015460767542345177,0.9996828278734545
0,0,0.9990558432070569,0.0075199691196093455,0.9981116864141136
1,1,0.7858283124359355,0.5194316475340803,0.5716566248718711
1,1,0.9521500985221794,0.19213507165186006,0.9043001970443587
1,1,0.9347180501257445,0.24126017168320257,0.8694361002514892
0,0,0.9993557143785108,0.005377881852777705,0.9987114287570215
1,1,0.9372312761147082,0.2345187610870059,0.8744625522294164
0,0,0.9371511440340659,0.23473534146272046,0.8743022880681316
1,1,0.9359757739555348,0.2378996627602305,0.8719515479110693
1,0,0.9374207989227119,0.23400608569284237,0.8748415978454238
0,0,0.9998390112899224,0.0015670795299157884,0.9996780225798446
0,0,0.994557422239865,0.03380263262654981,0.98911484447973
1,0,0.940531332682213,0.225503032127913,0.8810626653644259
1,1,0.9999999602871033,7.164837943213794e-07,0.9999999205742065
1,1,0.996957685149812,0.02066831241505742,0.993915370299624
0,0,0.9371579174781022,0.23471703846987954,0.8743158349562044
1,0,0.9999623566567443,0.0004211287142366353,0.9999247133134884
1,1,0.9467036413177325,0.20810909711820064,0.8934072826354651
1,1,0.9999999540681559,8.220012039651388e-07,0.9999999081363118
1,1,0.9182020666607424,0.2831387371030175,0.8364041333214849
0,0,0.9995437907767863,0.003965521523941464,0.9990875815535728
0,0,0.9979474848249698,0.014752786072604617,0.9958949696499394
0,0,0.93291024053051,0.24604515732040766,0.8658204810610199
1,1,0.9999999491377837,9.0504967669996e-07,0.9999998982755673
0,0,0.9389995846597682,0.229711373805444,0.8779991693195366
0,0,0.9919894623325561,0.046645211753152505,0.9839789246651123
1,0,0.9372211004937099,0.23454626972522413,0.8744422009874199
1,1,0.9361711308343218,0.237375332789026,0.8723422616686437
1,1,0.9636912721304902,0.15603018493888804,0.9273825442609804
0,0,0.9995487114906623,0.003927644241690894,0.9990974229813244
1,0,0.9999580875884198,0.0004643856475735225,0.9999161751768395
1,0,0.9951377967530176,0.030747739706240788,0.9902755935060352
0,0,0.9567497161031044,0.17813960030746598,0.9134994322062088
1,1,0.9999990679266278,1.3874707979592376e-05,0.9999981358532557
0,0,0.9370958640619736,0.23488468819539007,0.8741917281239471
1,0,0.9212999232681836,0.27558297116484104,0.842599846536367
0,0,0.9989610416795413,0.008175580710463615,0.9979220833590825
1,1,0.9999999596078267,7.280539692532008e-07,0.9999999192156535
1,1,0.9999997847243098,3.5200473463376656e-06,0.9999995694486198
1,1,0.9346351168759922,0.24148084462624037,0.8692702337519843
0,0,0.9994417518715846,0.004739765453259977,0.9988835037431693
0,0,0.9371323988356827,0.2347859901026227,0.8742647976713656
0,0,0.9785425552875255,0.10365828316957088,0.9570851105750512
0,0,0.9371492109543714,0.23474056482853503,0.8742984219087427
1,1,0.999992781353709,9.267904119238533e-05,0.999985562707418
0,0,0.9683961743542752,0.14027377100738087,0.9367923487085503
1,1,0.9359434540572854,0.23798634661556634,0.8718869081145708
1,1,0.9999999574092036,7.654259344934964e-07,0.9999999148184071
1,0,0.9561971397685429,0.179846999351166,0.9123942795370859
1,1,0.9999999621754697,6.842574025723138e-07,0.9999999243509394
0,0,0.9979474907557844,0.014752749380812651,0.9958949815115686
0,0,0.9995508789530443,0.00391094316662148,0.9991017579060885
0,0,0.9568182835683748,0.17792722170571154,0.9136365671367496
1,1,0.9999999531529851,8.374549724531441e-07,0.9999999063059701
0,0,0.9979475134055003,0.014752609255103338,0.9958950268110005
0,0,0.9979473238701629,0.01475378183487392,0.9958946477403258
1,1,0.9361067706157402,0.23754814347332903,0.8722135412314804
0,0,0.9386251456747456,0.2307338438818858,0.8772502913494912
0,0,0.9978042944733972,0.0156337597370163,0.9956085889467946
1,1,0.9999994374718272,8.657772293654245e-06,0.9999988749436544
1,1,0.9999999566197619,7.78816771380435e-07,0.9999999132395239
1,1,0.9999999627575701,6.743046260463807e-07,0.99999992551514
1,1,0.9999992650627707,1.1114808764549214e-05,0.9999985301255414
0,0,0.9371507074626154,0.23473652112598858,0.8743014149252311
0,0,0.9490568960335298,0.2012828480923545,0.8981137920670597
0,0,0.9383891184909606,0.23137710525646132,0.8767782369819213
1,1,0.99999996385483,6.555187727464619e-07,0.9999999277096601
0,0,0.9371453966536775,0.23475087124692767,0.8742907933073549
1,1,0.9677759069942898,0.14239030508992345,0.9355518139885798
0,0,0.9992863742755762,0.005883697826564844,0.9985727485511524
1,0,0.9142906520854684,0.29249677993443324,0.8285813041709368
1,1,0.9663332328503706,0.1472657966565101,0.9326664657007413
0,0,0.9373335949215055,0.23424205591466013,0.8746671898430108
1,1,0.9999999566197619,7.78816771380435e-07,0.9999999132395239
0,0,0.9995490185565084,0.003925278823580028,0.9990980371130167
0,0,0.9992500050256441,0.0061462605352834935,0.9985000100512881
1,1,0.9360012089100521,0.2378314324697362,0.8720024178201042
0,0,0.9997306209742888,0.0024834743205453627,0.9994612419485776
0,0,0.9993529089977258,0.005398486108152772,0.9987058179954516
0,0,0.9818608958707234,0.0907056845169042,0.9637217917414469
0,0,0.937149668909789,0.23473932739502695,0.874299337819578
1,0,0.9966102585252651,0.022661455062276827,0.9932205170505303
1,0,0.9999569503775287,0.0004758333134779481,0.9999139007550576
1,1,0.9999992512682168,1.1309507214439018e-05,0.9999985025364335
1,1,0.979291383207247,0.10078425848662342,0.9585827664144939
1,1,0.9360012089100521,0.2378314324697362,0.8720024178201042
0,1,0.6245064897061213,0.6618148163742692,0.24901297941224249
0,0,0.9998390116063828,0.001567076765944999,0.9996780232127656
0,0,0.977664732010501,0.10699345186462204,0.955329464021002
1,1,0.9360040479540973,0.2378238159497382,0.8720080959081946
1,1,0.8218413243596985,0.46858988315629957,0.6436826487193971
0,0,0.9989949621415724,0.007942037683546484,0.9979899242831447
1,1,0.9404803429257554,0.22564379137454804,0.8809606858515107
0,0,0.995617686383958,0.02816944227403318,0.991235372767916
0,0,0.937160586843,0.2347098251798833,0.8743211736859998
1,0,0.9390085820800174,0.22968677474235089,0.8780171641600347
1,1,0.8959739876523946,0.33384003069402524,0.7919479753047892
1,1,0.9999992464061883,1.1378069810377428e-05,0.9999984928123766
1,1,0.9458458436935467,0.2105698271123171,0.8916916873870937
0,0,0.9371518935617448,0.23473331615033316,0.8743037871234896
1,1,0.99999996385483,6.555187727464619e-07,0.9999999277096601
0,0,0.9989948289109865,0.007942957195508655,0.997989657821973
0,0,0.9983136019042171,0.012452897546225566,0.9966272038084342
1,1,0.9999991356317642,1.293204355340971e-05,0.9999982712635285
1,0,0.9372211004937099,0.23454626972522413,0.8744422009874199
0,0,0.9371709968974059,0.23468169345936518,0.8743419937948118
0,0,0.9517609822883372,0.1932971261292978,0.9035219645766744
1,1,0.9373840839364348,0.2341054506333836,0.8747681678728694
1,0,0.9236569482091164,0.2697456902328256,0.8473138964182326
1,1,0.9999999833803438,3.143222342069293e-07,0.9999999667606876
0,0,0.9989407454053377,0.008314788438920449,0.9978814908106755
1,1,0.9999957724376506,5.6538923786872376e-05,0.9999915448753013
0,0,0.9995234868341532,0.004121256066322971,0.9990469736683064
0,0,0.9371831679308458,0.23464880060472973,0.8743663358616914
1,1,0.9868718534414146,0.06992580936747535,0.9737437068828293
1,1,0.9360262762226109,0.23776417782690334,0.8720525524452221
1,0,0.9216610038753174,0.2746937614291573,0.8433220077506346
0,0,0.9995125325712548,0.004204915152208937,0.9990250651425098
1,1,0.7805914057737723,0.5261584192573935,0.5611828115475445
1,1,0.9999999491377837,9.0504967669996e-07,0.9999998982755673
0,0,0.9997080104588388,0.002668389217434389,0.9994160209176778
0,0,0.9979474924430743,0.014752738942160355,0.9958949848861486
1,1,0.9999991780563031,1.2338684680416244e-05,0.9999983561126062
1,0,0.9370782312486103,0.23493231484957744,0.8741564624972206
0,0,0.937149918525142,0.23473865291214868,0.8742998370502836
1,1,0.9359570534019227,0.2379498745024176,0.8719141068038455
0,0,0.9995517291323797,0.0039043893752285664,0.9991034582647593
0,0,0.9642860753410886,0.1540749136895237,0.9285721506821771
0,0,0.9638267245622568,0.15558581282073114,0.9276534491245136
1,0,0.9955021850091412,0.028794612484366044,0.9910043700182826
1,1,0.7301954847669955,0.5830643096101121,0.4603909695339908
0,1,0.9868808721085847,0.06988684755456052,0.9737617442171694
0,0,0.9991451844076547,0.0068934015611216235,0.9982903688153094
1,1,0.9702336925507106,0.13392888908591602,0.9404673851014211
0,0,0.9371521947252744,0.23473250236819004,0.8743043894505491
0,0,0.999084094770014,0.007322790143757968,0.9981681895400282
1,1,0.9999978077424951,3.075863909475207e-05,0.9999956154849904
0,0,0.9371695266616203,0.23468566667817956,0.8743390533232406
1,1,0.9683434524228272,0.14045415921347681,0.9366869048456544
1,1,0.9360012089100521,0.2378314324697362,0.8720024178201042
1,1,0.7919073160998173,0.5114186305523492,0.5838146321996349
1,0,0.9385693484255648,0.23088599917693267,0.8771386968511297
0,0,0.9371426097201664,0.23475840151510757,0.8742852194403326
1,1,0.9999984632039359,2.210805621546729e-05,0.9999969264078717
1,0,0.999807180924231,0.001842128243158481,0.9996143618484621
0,0,0.9991851918808952,0.006609846004730937,0.9983703837617902
0,0,0.9622610653560679,0.1606905551356436,0.924522130712136
0,0,0.9995514488534879,0.003906550143813406,0.9991028977069759
0,0,0.9928572861653129,0.04241402470624037,0.9857145723306256
1,1,0.9999999549502822,8.070881798928859e-07,0.9999999099005643
1,1,0.9359657018879243,0.23792667850329977,0.8719314037758485
0,0,0.9371484439999429,0.23474263719501454,0.8742968879998859
0,0,0.9994415596207131,0.004741205407740731,0.9988831192414263
1,1,0.9999992640425076,1.112921772307802e-05,0.9999985280850152
1,1,0.9926282709274693,0.04354043983022184,0.9852565418549388
1,1,0.9518583294499965,0.19300671943693626,0.903716658899993
1,1,0.9999987692708685,1.797837196657548e-05,0.9999975385417371
0,0,0.9991616144657673,0.0067771843616532094,0.9983232289315347
1,1,0.9999976976003836,3.219113266088714e-05,0.9999953952007673
0,0,0.9371755565393735,0.23466937108312463,0.8743511130787469
1,0,0.9965237890513511,0.023151816120295356,0.9930475781027022
0,0,0.9371634078946947,0.23470220186280918,0.8743268157893893
0,0,0.9936128498966714,0.03864396162384246,0.9872256997933428
1,1,0.9999992646581751,1.1120522950179615e-05,0.9999985293163504
0,0,0.999049234054711,0.0075659739652290765,0.9980984681094219
0,0,0.9371421370093159,0.23475967876230763,0.8742842740186318
0,0,0.9987829423712404,0.00938437883896026,0.997565884742481
1,1,0.7657234627361742,0.5443923174761693,0.5314469254723482
0,0,0.9393834445145686,0.22866063740103948,0.8787668890291371
1,1,0.9999999540681559,8.220012039651388e-07,0.9999999081363118
0,0,0.9979474960180138,0.014752716825299684,0.9958949920360275
0,0,0.9371623217561728,0.23470513694673123,0.8743246435123457
0,0,0.937138859014663,0.23476853567802858,0.874277718029326
1,0,0.9372211004937099,0.23454626972522413,0.8744422009874199
1,1,0.9999999522035974,8.534676426564379e-07,0.9999999044071947
1,1,0.9973853575336152,0.018159527183980107,0.9947707150672305
1,0,0.9998724414546477,0.0012713596095298393,0.9997448829092954
1,1,0.9360040479540973,0.2378238159497382,0.8720080959081946
1,1,0.9999999633171419,6.647284671280214e-07,0.9999999266342838
0,0,0.9440307819051296,0.21572952255623828,0.8880615638102591
0,0,0.9371320533904447,0.23478692342335236,0.8742641067808896
0,0,0.9371646039883215,0.23469896962283554,0.8743292079766428
1,0,0.9370782312486103,0.23493231484957744,0.8741564624972206
1,0,0.9780010662721002,0.10571984175325344,0.9560021325442003
1,0,0.9672572683164834,0.14415057182103766,0.9345145366329666
1,1,0.9999999581697467,7.525114465350048e-07,0.9999999163394935
1,1,0.9999999581697467,7.525114465350048e-07,0.9999999163394935
1,0,0.9973475075397303,0.018384234553311868,0.9946950150794608
1,1,0.8894805843772062,0.34759992450499766,0.7789611687544123
1,1,0.9999999621754697,6.842574025723138e-07,0.9999999243509394
0,0,0.9257491799952805,0.2644982365186498,0.851498359990561
0,0,0.9392412202267455,0.22905024771960142,0.8784824404534912
0,0,0.9995486625360492,0.003928021334083484,0.9990973250720986
1,0,0.9362579419246153,0.23714213047207044,0.8725158838492307
1,0,0.9994604625056052,0.00459930272620023,0.9989209250112103
0,0,0.9938811461302501,0.03728410278253319,0.9877622922605004
1,0,0.966281119380963,0.1474406997260579,0.9325622387619259
0,0,0.9998390118136157,0.0015670749559699066,0.9996780236272312
1,1,0.9999999596078267,7.280539692532008e-07,0.9999999192156535
1,0,0.9221665921979623,0.2734456458273191,0.8443331843959244
0,0,0.9370971860048767,0.23488111738320272,0.8741943720097534
1,0,0.533307587034476,0.6909267459213001,0.06661517406895179
1,1,0.9999999627575701,6.743046260463807e-07,0.99999992551514
1,1,0.9999999581697467,7.525114465350048e-07,0.9999999163394935
1,1,0.7409289460508408,0.5720830244671193,0.48185789210168156
0,0,0.9995522336981585,0.003900499058146351,0.9991044673963169
1,1,0.9429024882253844,0.21890538329331016,0.8858049764507687
1,1,0.9999999491377837,9.0504967669996e-07,0.9999998982755673
1,1,0.9350101680391562,0.2404819910916224,0.8700203360783124
0,0,0.9989626568863755,0.00816448540938007,0.9979253137727511
1,0,0.9401696886630533,0.22650036265827905,0.8803393773261066
1,1,0.9832980315467942,0.08490998207746829,0.9665960630935881
1,1,0.8104894533860281,0.4855124734467514,0.6209789067720562
1,1,0.9857830523130002,0.07458463995472173,0.9715661046260006
0,0,0.9819630773849662,0.09029754564266629,0.9639261547699325
0,0,0.9985933889642435,0.01064223392029256,0.997186777928487
1,1,0.9770121797154214,0.10944978800758973,0.9540243594308427
1,1,0.7005208979114125,0.6104223001203226,0.40104179582282495
0,0,0.9385655559832414,0.23089633894833037,0.8771311119664829
1,0,0.9999553239994506,0.0004921531345994573,0.9999106479989014
0,0,0.9995403345488403,0.003992094119138582,0.9990806690976806
0,0,0.9371506951967625,0.23473655426960305,0.8743013903935252
1,1,0.9999999627575701,6.743046260463807e-07,0.99999992551514
1,1,0.9999999574092036,7.654259344934964e-07,0.9999999148184071
1,1,0.9999999596078267,7.280539692532008e-07,0.9999999192156535
0,0,0.993535572033977,0.03903351897046197,0.9870711440679542
1,1,0.9321627971062484,0.24800818814328385,0.8643255942124968
1,0,0.9979474890850284,0.014752759717173079,0.9958949781700568
0,0,0.9916705372281149,0.04817577998206275,0.9833410744562299
1,1,0.9999992839213656,1.0848215723367916e-05,0.9999985678427312
1,1,0.6487007009897563,0.6482472478969028,0.29740140197951237
0,0,0.9994504958238013,0.0046742030739196075,0.9989009916476026
0,0,0.9371358718637184,0.2347766065952417,0.8742717437274369
0,0,0.999470135915609,0.004526430200416951,0.9989402718312178
1,0,0.9212999232681836,0.27558297116484104,0.842599846536367
0,0,0.9995283410597516,0.00408410351346527,0.9990566821195033
0,0,0.9639340000931038,0.15523350594029928,0.9278680001862076
1,1,0.9999999574092036,7.654259344934964e-07,0.9999999148184071
1,1,0.9362281956466474,0.23722205268954433,0.8724563912932946
0,0,0.9597161979106311,0.16884503967476594,0.9194323958212622
1,0,0.923700732944081,0.2696365167515605,0.847401465888162
1,1,0.8652057589281757,0.39539979115018986,0.7304115178563517
1,1,0.8029009813880608,0.49635441423551824,0.6058019627761215
1,1,0.9999999522035974,8.534676426564379e-07,0.9999999044071947
1,0,0.9999036301876485,0.000987527426187666,0.999807260375297
0,1,0.8437038968178101,0.43347661358842426,0.6874077936356204
1,1,0.9361067706157402,0.23754814347332903,0.8722135412314804
0,0,0.9994648726175179,0.00456610182084849,0.9989297452350357
1,1,0.9999999574092036,7.654259344934964e-07,0.9999999148184071
0,0,0.937149669728133,0.23473932518379037,0.874299339456266
1,1,0.9361067706157402,0.23754814347332903,0.8722135412314804
0,0,0.9371611127053584,0.23470840415431515,0.8743222254107169
0,0,0.9988149674829696,0.009169061488863643,0.9976299349659393
1,1,0.9361067706157402,0.23754814347332903,0.8722135412314804
0,0,0.937130738363455,0.23479047633250635,0.8742614767269099
0,0,0.9892025905152003,0.0596344250922794,0.9784051810304006
1,1,0.9705264590315102,0.1329073552113418,0.9410529180630206
1,1,0.7744044255338052,0.5338994085281216,0.5488088510676103
1,1,0.9745457273339192,0.11856689671089787,0.9490914546678384
0,0,0.9895924476867056,0.05786600781436481,0.9791848953734114
1,0,0.9212970050119963,0.2755901504292751,0.8425940100239926
0,0,0.9371450734855445,0.23475174445094688,0.8742901469710892
0,0,0.9659560556697979,0.14852980093973825,0.931912111339596
1,0,0.9442211328941947,0.2151913698253502,0.8884422657883893
1,0,0.9979475133469392,0.014752609617399742,0.9958950266938784
0,0,0.9992691740319923,0.006008098137783678,0.9985383480639848
0,0,0.9371532231283262,0.23472972348080035,0.8743064462566524
0,0,0.9371369394784972,0.23477372204782576,0.8742738789569944
1,1,0.9999999512187996,8.700576279406352e-07,0.9999999024375992
1,1,0.9999999512187996,8.700576279406352e-07,0.9999999024375992
0,0,0.9992076527519698,0.0064497973539879684,0.9984153055039395
1,1,0.9361067706157402,0.23754814347332903,0.8722135412314804
1,0,0.9953088526958611,0.02983442484317486,0.9906177053917222
1,0,0.9370782312486103,0.23493231484957744,0.8741564624972206
1,1,0.9661933548540194,0.14773506644007672,0.9323867097080387
1,1,0.9999999558004616,7.926988957045926e-07,0.9999999116009233
0,0,0.9866378924345868,0.070934369630443,0.9732757848691735
1,1,0.9999999540681559,8.220012039651388e-07,0.9999999081363118
0,0,0.9996285634563167,0.003305022597176148,0.9992571269126332
0,0,0.9371654103117637,0.23469679065690768,0.8743308206235273
1,1,0.9598952827958236,0.16827680198280037,0.9197905655916472
0,0,0.9371767043454209,0.2346662690957912,0.8743534086908418
0,0,0.9728611891658347,0.1246511795070032,0.9457223783316696
0,0,0.99982935334363,0.001651148062379865,0.9996587066872601
1,1,0.9999999589023253,7.400587430968554e-07,0.9999999178046507
0,0,0.9996490974935804,0.0031422711198241366,0.9992981949871609
1,1,0.8517485590876649,0.4196640067307327,0.7034971181753297
0,0,0.9371627096248042,0.2347040888074165,0.8743254192496084
1,1,0.9869841278331037,0.06944032065043762,0.9739682556662077
1,0,0.9979475133469392,0.014752609617399742,0.9958950266938784
1,1,0.9360040479540973,0.2378238159497382,0.8720080959081946
0,1,0.9388905211684482,0.23000944245816524,0.8777810423368962
1,1,0.9999999979059349,4.3942193870135145e-08,0.9999999958118698
0,0,0.9999998999999902,1.711809720309326e-06,0.9999997999999802
1,1,0.9999999950020494,1.0052996715236094e-07,0.9999999900040988
1,1,0.9148510174050186,0.2911682831258813,0.8297020348100373
1,1,0.9338101511972299,0.24366984609486447,0.8676203023944598
1,1,0.5935652357004455,0.6755346278249605,0.18713047140089117
0,0,0.9985419383552415,0.010979084595586228,0.997083876710483
1,1,0.9999999633171419,6.647284671280214e-07,0.9999999266342838
0,0,0.9497791929212253,0.19916488381104172,0.8995583858424506
1,1,0.9148500008674463,0.29117069674414997,0.8297000017348922
1,0,0.9370781702427273,0.23493247961878444,0.8741563404854547
0,0,0.9995004657465557,0.004296786130627184,0.9990009314931114
1,1,0.9444283592595935,0.21460472547141562,0.8888567185191868
0,0,0.9965787483206812,0.022840400151958776,0.9931574966413623
0,0,0.9976284991378433,0.016702588618264687,0.9952569982756866
1,1,0.9368636690578773,0.2355114304389751,0.8737273381157545
1,1,0.9999994896519981,7.904358006676936e-06,0.9999989793039963
0,0,0.9651283739328594,0.15128844668629848,0.9302567478657189
0,0,0.9780019322453386,0.10571655578584574,0.9560038644906772
0,0,0.9998390141349086,0.0015670546817356705,0.9996780282698173
0,0,0.9990806943866856,0.007346568431446194,0.9981613887733712
1,1,0.9507936609784615,0.19617169301890142,0.901587321956923
1,0,0.9999393631368917,0.0006494558052253484,0.9998787262737834
1,1,0.9999999512187996,8.700576279406352e-07,0.9999999024375992
0,0,0.9998293499684568,0.0016511773444871799,0.9996586999369138
1,1,0.9359434540572854,0.23798634661556634,0.8718869081145708
1,1,0.58701932074282,0.6779250603470612,0.17403864148564013
0,0,0.9612246062703534,0.16403256230356353,0.922449212540707
1,1,0.9999999491377837,9.0504967669996e-07,0.9999998982755673
0,0,0.9993663735572315,0.0052994830885861825,0.9987327471144629
1,1,0.999999054284986,1.4064034473683012e-05,0.9999981085699721
1,1,0.9964712910168904,0.02344847151276298,0.9929425820337808
1,1,0.9360012089100521,0.2378314324697362,0.8720024178201042
0,0,0.9997792304098784,0.0020792699446276976,0.9995584608197567
1,1,0.91485135622896,0.2911674786355476,0.8297027124579199
1,1,0.9359434540572854,0.23798634661556634,0.8718869081145708
0,0,0.9999998999999902,1.711809720309326e-06,0.9999997999999802
0,0,0.9371439630944326,0.23475474472701535,0.8742879261888653
1,1,0.5732376346945207,0.6823809854816728,0.14647526938904132
1,1,0.9999999491377837,9.0504967669996e-07,0.9999998982755673
1,0,0.9567593885319833,0.17810964813306152,0.9135187770639668
1,1,0.9999999621754697,6.842574025723138e-07,0.9999999243509394
0,0,0.9373203390118626,0.2342779144879522,0.8746406780237255
1,1,0.9434963938719796,0.2172366651408115,0.8869927877439591
0,0,0.9371441354552047,0.23475427900969312,0.8742882709104093
1,0,0.9999624744959853,0.0004199280639151104,0.9999249489919707
0,0,0.9979474948015499,0.014752724351123162,0.9958949896030997
1,1,0.9360040479540973,0.2378238159497382,0.8720080959081946
1,0,0.9672572683164834,0.14415057182103766,0.9345145366329666
1,1,0.9358958196649352,0.238114073078322,0.8717916393298704
1,1,0.9843420806090398,0.08062119133578212,0.9686841612180797
1,1,0.9847291898141922,0.07901327214064793,0.9694583796283843
1,1,0.9359384925232418,0.2379996521968926,0.8718769850464835
1,1,0.9999999602871033,7.164837943213794e-07,0.9999999205742065
1,1,0.9999999596078267,7.280539692532008e-07,0.9999999192156535
1,0,0.9370782312486103,0.23493231484957744,0.8741564624972206
1,0,0.9372211004937099,0.23454626972522413,0.8744422009874199
1,0,0.9965056653512888,0.02325431867012271,0.9930113307025776
0,0,0.9955416788236285,0.028581184803776513,0.9910833576472571
1,0,0.9387462700340191,0.23040335995460037,0.8774925400680382
1,1,0.9999999531529851,8.374549724531441e-07,0.9999999063059701
1,0,0.9976660815731382,0.01647522079548768,0.9953321631462763
0,0,0.9371237485857701,0.23480936065769725,0.8742474971715402
0,0,0.9998213648179046,0.0017202703080048056,0.9996427296358092
0,0,0.9948358071040667,0.03234550855153728,0.9896716142081334
0,0,0.999430149892496,0.004826546199146256,0.998860299784992
1,1,0.7810953216532065,0.5255181497548709,0.562190643306413
1,1,0.9359434540572854,0.23798634661556634,0.8718869081145708
1,1,0.9999999621754697,6.842574025723138e-07,0.9999999243509394
0,0,0.959913620391543,0.16821856969251714,0.9198272407830861
1,1,0.9999860291997817,0.00017014386713778086,0.9999720583995635
1,1,0.9999999574092036,7.654259344934964e-07,0.9999999148184071
1,1,0.9357898980405968,0.23839795492497892,0.8715797960811936
0,0,0.9981626550675954,0.013409888603726966,0.9963253101351909
0,0,0.937588047131197,0.233553156473164,0.8751760942623938
0,0,0.9998293499684568,0.0016511773444871799,0.9996586999369138
1,0,0.9249671237720821,0.2664670506113752,0.8499342475441645
0,0,0.9272081954245923,0.26080133650431725,0.8544163908491846
1,1,0.9999999615701641,6.945974433749538e-07,0.9999999231403283
1,0,0.9965026033084398,0.02327162739487857,0.9930052066168794
1,1,0.9999999491377837,9.0504967669996e-07,0.9999998982755673
1,0,0.9476460492035108,0.2053888278648623,0.8952920984070216
1,1,0.9999999501972988,8.872449120709397e-07,0.9999999003945976
0,0,0.9790399486349816,0.10175230789262496,0.958079897269963
1,0,0.9999642364123544,0.00040193131158241846,0.9999284728247089
0,0,0.999532433265383,0.004052744387652665,0.9990648665307661
0,0,0.9926895956421221,0.043239525227277385,0.9853791912842443
0,0,0.9953586413658332,0.02956742182525217,0.9907172827316664
0,0,0.9789428291820594,0.10212540114104889,0.9578856583641189
1,1,0.6920368796063329,0.6174612078167008,0.3840737592126657
1,1,0.9359384925232418,0.2379996521968926,0.8718769850464835
1,1,0.8517471181668326,0.4196665260019924,0.7034942363336651
1,1,0.9361067706157402,0.23754814347332903,0.8722135412314804
0,0,0.998248922568957,0.012864549428529291,0.9964978451379142
0,0,0.999551466055652,0.003906417531326279,0.9991029321113041
1,1,0.9999999558004616,7.926988957045926e-07,0.9999999116009233
1,0,0.979978690218958,0.09812203553781194,0.9599573804379158
1,1,0.9999999501972988,8.872449120709397e-07,0.9999999003945976
0,0,0.9998180957127563,0.0017484529029707673,0.9996361914255125
1,0,0.9807720672289301,0.09501896457739956,0.9615441344578601
1,1,0.9999984630810468,2.2109701179579498e-05,0.9999969261620936
1,1,0.9999999627575701,6.743046260463807e-07,0.99999992551514
0,0,0.99687974383961,0.02111876244946477,0.99375948767922
0,0,0.9371760744980405,0.23466797128387434,0.8743521489960812
0,1,0.9529906369852145,0.18961351522760422,0.9059812739704287
1,0,0.9955973232545373,0.028279880821871876,0.9911946465090745
1,1,0.8051996286701173,0.4931091627148655,0.6103992573402346
1,0,0.9428835680180543,0.2189584360585896,0.8857671360361086
1,0,0.9999258686942333,0.0007790930078119514,0.9998517373884667
0,0,0.937178499574314,0.2346614173799454,0.8743569991486281
1,1,0.9478609503818315,0.20476601797992425,0.8957219007636628
1,1,0.9999999491377837,9.0504967669996e-07,0.9999998982755673
1,1,0.9999999566197619,7.78816771380435e-07,0.9999999132395239
0,0,0.9982687906727601,0.012738357643431088,0.9965375813455202
1,1,0.9999993586593937,9.786668350055063e-06,0.9999987173187874
1,1,0.9999893697445162,0.00013236582603913665,0.9999787394890325
1,1,0.9361067706157402,0.23754814347332903,0.8722135412314804
1,1,0.9341559684578508,0.24275358664284352,0.8683119369157015
0,0,0.5830887785694469,0.6792754288551688,0.16617755713889382
1,1,0.9999949638471014,6.64715050637734e-05,0.9999899276942028
0,0,0.9375455647154813,0.23366824944909417,0.8750911294309628
1,0,0.9962180938342737,0.024868429930107978,0.9924361876685475
0,0,0.9721036575852301,0.12735182398672185,0.94420731517046
1,1,0.9999999621754697,6.842574025723138e-07,0.9999999243509394
0,0,0.9995280999703559,0.004085949903111158,0.9990561999407117
0,0,0.9979474991098215,0.01475269769739536,0.9958949982196429
1,1,0.5243085586706718,0.691964902510026,0.04861711734134344
0,0,0.9387516458100755,0.23038868641243776,0.8775032916201513
1,1,0.9999993413685944,1.0032999022584881e-05,0.9999986827371887
0,0,0.9371597299912857,0.23471214062019685,0.8743194599825714
0,0,0.9951690512786847,0.030581321040629217,0.9903381025573694
1,1,0.9999999540681559,8.220012039651388e-07,0.9999999081363118
0,0,0.9998191590470694,0.0017392925149744703,0.9996383180941388
1,1,0.9361067706157402,0.23754814347332903,0.8722135412314804
1,1,0.9999999558004616,7.926988957045926e-07,0.9999999116009233
1,1,0.9999999491377837,9.0504967669996e-07,0.9999998982755673
1,0,0.9999370517866486,0.0006718567748900195,0.9998741035732972
0,0,0.9963358296744007,0.02421034228501393,0.9926716593488014
1,1,0.9718164586988214,0.12837014194496005,0.9436329173976425
0,0,0.9372359644592984,0.23450608608643878,0.8744719289185966
1,1,0.7165082163126552,0.596221009843449,0.4330164326253102
0,0,0.9979474817218811,0.0147528052702782,0.9958949634437622
0,0,0.9371706689722858,0.23468257965935146,0.8743413379445718
1,1,0.9999999501972988,8.872449120709397e-07,0.9999999003945976
1,1,0.9999994251297107,8.835251103724017e-06,0.9999988502594214
1,1,0.9244066749042372,0.26787254617975365,0.8488133498084742
0,0,0.9371773633349971,0.23466448814252905,0.8743547266699943
1,0,0.7971872139413412,0.5042771349967224,0.5943744278826822
1,0,0.9997590432441581,0.0022483126925101423,0.9995180864883162
0,0,0.9592430338541181,0.17034241066543931,0.9184860677082363
1,1,0.9999993832961714,9.434875795329692e-06,0.9999987665923429
0,0,0.9371685941731414,0.23468818665003266,0.8743371883462826
1,1,0.7139619164707209,0.5985660247100055,0.42792383294144176
1,1,0.9999999512187996,8.700576279406352e-07,0.9999999024375992
0,0,0.999772533623018,0.00213554405579019,0.999545067246036
1,1,0.9361067706157402,0.23754814347332903,0.8722135412314804
1,1,0.9999975511473205,3.408775922128746e-05,0.999995102294641
1,1,0.68068646488646,0.626350936488351,0.36137292977292007
1,1,0.9999999522035974,8.534676426564379e-07,0.9999999044071947
0,0,0.9994821874176067,0.004435395257022192,0.9989643748352135
0,1,0.974211252547907,0.1197838413041332,0.9484225050958139
0,0,0.9371382288247581,0.2347702383868313,0.8742764576495162
0,0,0.997887552860531,0.015122694852735818,0.9957751057210621
0,0,0.9371613836906418,0.23470767187528022,0.8743227673812837
0,0,0.9405241322759375,0.2255229119529845,0.881048264551875
1,0,0.8493737589092868,0.42379383006908605,0.6987475178185736
1,0,0.9998822715478493,0.0011828261141688052,0.9997645430956983
1,1,0.9359384925232418,0.2379996521968926,0.8718769850464835
1,1,0.9999999558004616,7.926988957045926e-07,0.9999999116009233
0,0,0.9645936022426445,0.15305997508414204,0.929187204485289
1,1,0.8715458588884717,0.3834374919995781,0.7430917177769432
0,0,0.9983135318726598,0.012453344589289103,0.9966270637453196
0,1,0.9722316145737782,0.12689715062906465,0.9444632291475564
1,1,0.9567118665484879,0.17825678558729247,0.9134237330969758
1,0,0.9288261919705819,0.2566646955097029,0.8576523839411637
1,1,0.9999999627575701,6.743046260463807e-07,0.99999992551514
0,0,0.9791161145993647,0.10145938789978287,0.9582322291987293
1,1,0.9999999558004616,7.926988957045926e-07,0.9999999116009233
0,0,0.9990554163646711,0.007522941670251158,0.9981108327293423
0,0,0.9972275561842366,0.01909281859522897,0.9944551123684735
0,0,0.9983785893654699,0.012036781170087402,0.9967571787309398
1,0,0.9370782312486103,0.23493231484957744,0.8741564624972206
0,0,0.9984875822781556,0.011332983347614227,0.9969751645563112
1,1,0.9361067706157402,0.23754814347332903,0.8722135412314804
0,0,0.943580519314925,0.21699976137737959,0.88716103862985
1,0,0.9559063326427998,0.18074262734939134,0.9118126652855995
1,0,0.9212999232681836,0.27558297116484104,0.842599846536367
1,1,0.9999999501972988,8.872449120709397e-07,0.9999999003945976
1,1,0.9359716642010253,0.2379106863291055,0.8719433284020506
0,0,0.947707571172623,0.20521062493415437,0.8954151423452461
1,1,0.9999999501972988,8.872449120709397e-07,0.9999999003945976
0,0,0.937139838780997,0.23476588843600532,0.874279677561994
1,1,0.9330097091780867,0.2457832491538416,0.8660194183561735
1,1,0.9359384925232418,0.2379996521968926,0.8718769850464835
1,1,0.9361067706157402,0.23754814347332903,0.8722135412314804
1,1,0.9999978865604138,2.973016201588021e-05,0.9999957731208274
0,0,0.9995484468227062,0.003929682888707703,0.9990968936454123
1,1,0.9999999581697467,7.525114465350048e-07,0.9999999163394935
1,1,0.9360012089100521,0.2378314324697362,0.8720024178201042
0,0,0.9998084067818133,0.0018316388843921192,0.9996168135636265
0,0,0.9979474821938553,0.014752802350346081,0.9958949643877107
0,0,0.9562771885411765,0.17960011123433536,0.9125543770823529
0,0,0.9983147464280172,0.012445591120887287,0.9966294928560344
1,0,0.970693426783811,0.13232342396678123,0.941386853567622
1,1,0.8622613134017676,0.4008372133830763,0.724522626803535
1,1,0.9271796163384778,0.2608740520754202,0.8543592326769557
1,1,0.9999999491377837,9.0504967669996e-07,0.9999998982755673
0,0,0.9501825314380538,0.19797743954678573,0.9003650628761074
1,1,0.9999999512187996,8.700576279406352e-07,0.9999999024375992
1,1,0.8397463904197937,0.44009018275239337,0.6794927808395874
0,0,0.9998390139769792,0.0015670560610977497,0.9996780279539583
0,0,0.9973290069975097,0.0184938708187772,0.9946580139950193
0,0,0.999550283887216,0.003915529402279932,0.9991005677744319
1,0,0.9372211004937099,0.23454626972522413,0.8744422009874199
1,1,0.9999999913469669,1.692996704614195e-07,0.999999982693934
1,0,0.999850374129615,0.0014674254635138855,0.9997007482592299
0,0,0.9995509186541789,0.00391063715769472,0.9991018373083578
1,1,0.9999980691750608,2.7335774272441065e-05,0.9999961383501217
1,1,0.9999990812025298,1.3690265752925043e-05,0.9999981624050596
1,1,0.6261057276578336,0.6609957948240097,0.2522114553156671
0,0,0.9999560477129545,0.0004848985049043365,0.9999120954259091
1,1,0.9361067706157402,0.23754814347332903,0.8722135412314804
1,1,0.9999999627575701,6.743046260463807e-07,0.99999992551514
1,0,0.8123293196301504,0.48282774454051935,0.6246586392603011
1,1,0.7948169700131992,0.5075042157777065,0.5896339400263986
0,0,0.9981135893740684,0.013718233862109382,0.9962271787481367
0,0,0.9817172048767446,0.09127863166693177,0.9634344097534894
1,0,0.9814737647345207,0.09224669343733528,0.9629475294690415
0,0,0.9371708063217409,0.2346822084800645,0.8743416126434818
1,0,0.938528605253301,0.23099706891772936,0.8770572105066019
0,0,0.9371709015621841,0.23468195109785883,0.8743418031243683
1,1,0.7369178681924344,0.5762561059716955,0.47383573638486903
0,0,0.9846772873458582,0.07922943033290435,0.9693545746917164
0,0,0.7518527208696361,0.5602905540315735,0.5037054417392721
1,1,0.9999999531529851,8.374549724531441e-07,0.9999999063059701
1,0,0.9224750635050613,0.27268239323064464,0.8449501270101225
1,1,0.9999999589023253,7.400587430968554e-07,0.9999999178046507
1,1,0.9999999540681559,8.220012039651388e-07,0.9999999081363118
1,1,0.9999992084956453,1.1911610278964022e-05,0.9999984169912904
0,0,0.9687134052965216,0.13918644208864508,0.9374268105930432
0,1,0.9359385545967187,0.23799948573403945,0.8718771091934374
0,0,0.9879700457996277,0.06513397727072555,0.9759400915992552
0,0,0.9994514843882172,0.0046667820740083485,0.9989029687764345
0,0,0.937173505820535,0.23467491316921124,0.8743470116410702
0,0,0.993196620833102,0.040731330504497704,0.986393241666204
1,1,0.9999991359739757,1.292726578087912e-05,0.9999982719479514
0,0,0.9337040487899586,0.24395058119770424,0.8674080975799172
1,0,0.9214826042316072,0.2751333198481814,0.8429652084632143
1,0,0.9663976752112244,0.14704939994729746,0.9327953504224489
0,0,0.9979474898123699,0.014752755217376075,0.9958949796247397
1,0,0.997666104504908,0.016475081877693462,0.9953322090098159
1,0,0.9370782312486103,0.23493231484957744,0.8741564624972206
1,0,0.9972570821311653,0.018918892800890735,0.9945141642623304
1,0,0.9372211004937099,0.23454626972522413,0.8744422009874199
1,1,0.996957685149812,0.02066831241505742,0.993915370299624
0,0,0.954659670479014,0.18455951574392218,0.909319340958028
0,1,0.9611517025877152,0.16426654265079133,0.9223034051754303
0,0,0.9365280355065552,0.23641576448234974,0.8730560710131103
1,1,0.7005225486188544,0.6104208973763863,0.40104509723770887
1,0,0.9999430364457679,0.0006136723806462215,0.9998860728915357
0,0,0.9951729087307275,0.03056076749061873,0.9903458174614551
1,1,0.9999999491377837,9.0504967669996e-07,0.9999998982755673
0,0,0.9647007569423506,0.15270568043249658,0.9294015138847012
1,1,0.9999999596078267,7.280539692532008e-07,0.9999999192156535
0,0,0.9371430266696588,0.2347572749298813,0.8742860533393176
0,0,0.9229833944791925,0.2714217213014873,0.8459667889583851
1,1,0.9999999574092036,7.654259344934964e-07,0.9999999148184071
0,0,0.9976661381826667,0.016474877861632386,0.9953322763653333
1,0,0.9672572683164834,0.14415057182103766,0.9345145366329666
0,0,0.9371649391632255,0.23469806386519965,0.874329878326451
0,0,0.9371690439396517,0.23468697119562976,0.8743380878793033
1,1,0.9999999602871033,7.164837943213794e-07,0.9999999205742065
0,0,0.9995680173828235,0.003778512722430257,0.9991360347656469
1,1,0.5369025528004683,0.6904211056903099,0.0738051056009365
1,1,0.9999990263178588,1.4451566034944103e-05,0.9999980526357175
1,0,0.9999591188673056,0.00045397767981117496,0.9999182377346111
1,0,0.9420947008079418,0.22116454920631262,0.8841894016158836
1,1,0.947012198061126,0.20722039773648296,0.8940243961222518
1,1,0.9649253760301708,0.15196190794917472,0.9298507520603415
0,0,0.9371808628739512,0.23465503033471768,0.8743617257479024
0,0,0.9371683895282993,0.2346887396835669,0.8743367790565986
1,1,0.7445888860993208,0.5682021513091179,0.4891777721986414
1,1,0.9153017031961584,0.29009688754238955,0.8306034063923169
0,0,0.9995269481703067,0.004094769295306279,0.9990538963406135
1,1,0.9359371984414628,0.2380031225299083,0.8718743968829257
0,0,0.9995516430700188,0.003905052878894023,0.9991032861400375
1,1,0.9999999491377837,9.0504967669996e-07,0.9999998982755673
1,0,0.999840677197591,0.0015525208161591094,0.9996813543951818
0,0,0.9993699811984218,0.005272908225184695,0.9987399623968436
1,0,0.9220711397433355,0.2736815556580864,0.8441422794866709
1,0,0.9214826042316072,0.2751333198481814,0.8429652084632143
1,1,0.6478141555249808,0.6487892715919559,0.2956283110499615
1,0,0.9212999232681836,0.27558297116484104,0.842599846536367
1,1,0.9590680793043922,0.1708946167791698,0.9181361586087844
0,0,0.9993825475943177,0.005180178565938221,0.9987650951886354
1,0,0.9370782312486103,0.23493231484957744,0.8741564624972206
0,0,0.9997733660375915,0.002128560003423761,0.9995467320751831
0,0,0.9372524464963375,0.23446152371894172,0.8745048929926751
1,1,0.9999999581697467,7.525114465350048e-07,0.9999999163394935
0,0,0.9371337284225156,0.23478239781838872,0.8742674568450312
1,1,0.9359554317063382,0.2379542238934882,0.8719108634126764
1,1,0.9361067706157402,0.23754814347332903,0.8722135412314804
0,0,0.9966688355236671,0.022328015688429355,0.9933376710473343
1,1,0.6556364824548717,0.6438874360859106,0.31127296490974343
0,0,0.9979475098309484,0.01475263136959588,0.9958950196618969
0,0,0.9371660018577452,0.2346951920872361,0.8743320037154906
1,1,0.9519167182745264,0.19283243431817765,0.9038334365490527
0,0,0.9995317239990912,0.004058182149576067,0.9990634479981824
1,0,0.5979405322778067,0.6738378780713694,0.19588106455561338
1,0,0.9965917660091342,0.022766508717714053,0.9931835320182685
1,0,0.9955433730083182,0.028572021457575255,0.9910867460166364
0,0,0.999551805625818,0.003903799629950323,0.9991036112516362
1,1,0.7240718290310404,0.5890663878092919,0.4481436580620807
1,1,0.9999999512187996,8.700576279406352e-07,0.9999999024375992
1,1,0.8798968045217895,0.36713055064597944,0.7597936090435791
0,0,0.9998097840508835,0.0018198445745131323,0.9996195681017671
0,0,0.9985059967405778,0.011213314126956721,0.9970119934811557
1,1,0.9616557060706229,0.162646047872915,0.9233114121412457
1,1,0.9361067706157402,0.23754814347332903,0.8722135412314804
1,1,0.9361066178577747,0.23754855355435844,0.8722132357155493
0,0,0.9372735172002126,0.23440454827782875,0.8745470344004254
1,1,0.9962526976273026,0.02467539805701147,0.9925053952546052
0,0,0.9371585112877633,0.23471543385847587,0.8743170225755265
0,0,0.9371442331786103,0.23475401496166826,0.8742884663572205
0,0,0.9997601071368808,0.002239447419650084,0.9995202142737616
0,0,0.9996854167660227,0.0028514153236384224,0.9993708335320456
0,0,0.9973338236372966,0.018465339284356463,0.9946676472745931
1,1,0.9999989960115813,1.4870604152334676e-05,0.9999979920231625
1,0,0.9212999232681836,0.27558297116484104,0.842599846536367
0,0,0.9994726293237249,0.004507618139705647,0.9989452586474499
1,0,0.9999464502923755,0.0005802043051610162,0.999892900584751
1,1,0.9999999558004616,7.926988957045926e-07,0.9999999116009233
1,1,0.9956466147175048,0.028012387200356963,0.9912932294350097
0,0,0.9910181963038169,0.05126858595122993,0.9820363926076339
0,0,0.9371924530304219,0.23462370544534328,0.8743849060608437
1,1,0.9361076334446797,0.23754582718888967,0.8722152668893595
0,0,0.9979474831364485,0.014752796518867222,0.9958949662728971
0,0,0.9979474852963979,0.014752783156050909,0.9958949705927957
1,0,0.943528324109353,0.21714676276020436,0.887056648218706
0,0,0.9994700227433699,0.0045272837740966704,0.9989400454867398
1,1,0.9999999501972988,8.872449120709397e-07,0.9999999003945976
1,0,0.999960551143068,0.000439479428957641,0.9999211022861362
1,1,0.9999991186570237,1.316886682647729e-05,0.9999982373140474
1,0,0.9995968910987647,0.0035538492809336414,0.9991937821975294
1,1,0.9359384925232418,0.2379996521968926,0.8718769850464835
1,1,0.8539643484425433,0.4157704398425742,0.7079286968850868
0,0,0.9995235934115869,0.00412044089278606,0.9990471868231737
1,1,0.9999999558004616,7.926988957045926e-07,0.9999999116009233
1,1,0.9551512723222852,0.1830587259244252,0.9103025446445705
1,1,0.9360040479540973,0.2378238159497382,0.8720080959081946
1,1,0.9999999491377837,9.0504967669996e-07,0.9999998982755673
1,0,0.9955731141016659,0.02841105505847272,0.9911462282033319
0,1,0.9374299832101299,0.23398122586952524,0.8748599664202599
1,0,0.9370782312486103,0.23493231484957744,0.8741564624972206
0,0,0.9372037507746577,0.2345931686664168,0.8744075015493153
1,1,0.940212702928516,0.22638186135079919,0.8804254058570319
0,0,0.9398004330954944,0.22751628517573264,0.8796008661909891
0,0,0.994329914308267,0.034982787975363056,0.988659828616534
1,1,0.9999999491377837,9.0504967669996e-07,0.9999998982755673
1,1,0.9999985431269223,2.10361071199424e-05,0.9999970862538445
0,0,0.9371641157130675,0.23470028910675259,0.8743282314261349
1,0,0.995503323661261,0.02878846401028275,0.991006647322522
0,0,0.9995394614496595,0.0039988026660078115,0.999078922899319
0,0,0.9995396361031509,0.003997460830640769,0.9990792722063017
1,1,0.9999999501972988,8.872449120709397e-07,0.9999999003945976
1,1,0.9360040479540973,0.2378238159497382,0.8720080959081946
1,1,0.9999999633171419,6.647284671280214e-07,0.9999999266342838
1,1,0.7139619164707209,0.5985660247100055,0.42792383294144176
0,0,0.9992823754826863,0.005912655643197576,0.9985647509653724
1,1,0.9969168856854379,0.0209043533758521,0.9938337713708757
0,0,0.9517703141728462,0.1932692961411827,0.9035406283456924
0,0,0.9974762987156799,0.017617367559281928,0.9949525974313598
1,1,0.936205358252633,0.23728340207962156,0.8724107165052659
0,0,0.9995521192825695,0.003901381278242902,0.9991042385651391
0,0,0.9970006797927895,0.020418977415847552,0.9940013595855791
0,0,0.9991883152140981,0.006587627663662399,0.9983766304281964
1,0,0.9997964316560246,0.0019337785468019303,0.9995928633120493
0,0,0.9713693796675258,0.1299493631337366,0.9427387593350516
1,1,0.9999999522035974,8.534676426564379e-07,0.9999999044071947
0,0,0.9955348278956118,0.02861823286409453,0.9910696557912235
1,1,0.9999999973799424,5.439257835430505e-08,0.9999999947598848
1,1,0.99999996385483,6.555187727464619e-07,0.9999999277096601
1,1,0.9243219427054263,0.268084645959262,0.8486438854108529
1,0,0.9976661589349094,0.016474752146644744,0.9953323178698189
1,0,0.9998781723269073,0.0012198412554391106,0.9997563446538147
0,0,0.9318197573968885,0.24890615925830264,0.8636395147937773
1,1,0.9359796953042786,0.23788914428819677,0.8719593906085573
0,0,0.937145424480257,0.234750796059106,0.8742908489605141
1,1,0.9361067706157402,0.23754814347332903,0.8722135412314804
1,0,0.6898459216199285,0.6192238900227086,0.3796918432398571
1,0,0.9999213453545426,0.0008219728637364278,0.9998426907090853
1,0,0.9973472768851022,0.018385602232828074,0.9946945537702044
1,1,0.9968752301629655,0.021144788263145742,0.9937504603259312
1,1,0.9999999627575701,6.743046260463807e-07,0.99999992551514
0,0,0.9994782214613287,0.0044653840633476685,0.9989564429226574
1,1,0.6785637932372611,0.6279472938379163,0.35712758647452236
0,0,0.9998390105668812,0.0015670858449650987,0.9996780211337625
0,0,0.9629031618387992,0.15860535785810836,0.9258063236775983
1,1,0.9999999491377837,9.0504967669996e-07,0.9999998982755673
1,1,0.9361067706157402,0.23754814347332903,0.8722135412314804
0,0,0.9994606910853637,0.004597582784534313,0.9989213821707275
1,1,0.9999999602871033,7.164837943213794e-07,0.9999999205742065
1,1,0.9999999633171419,6.647284671280214e-07,0.9999999266342838
1,1,0.9999999633171419,6.647284671280214e-07,0.9999999266342838
1,1,0.9361067706157402,0.23754814347332903,0.8722135412314804
1,1,0.9999999627575701,6.743046260463807e-07,0.99999992551514
0,0,0.9996558489842136,0.003088499973003962,0.999311697968427
1,0,0.8995847126693053,0.32599449596666497,0.7991694253386107
0,0,0.9995128537755892,0.0042024656064591675,0.9990257075511784
0,0,0.9963446671731955,0.024160793135425043,0.9926893343463911
0,0,0.9396475765784339,0.22793612891853282,0.8792951531568679
0,0,0.9371742684741805,0.23467285209922403,0.8743485369483611
1,1,0.9999999531529851,8.374549724531441e-07,0.9999999063059701
0,0,0.9995489600915596,0.003925729212315057,0.999097920183119
1,1,0.999999398879693,9.21185037806199e-06,0.999998797759386
0,0,0.9994927467125345,0.004355401727989779,0.9989854934250689
0,0,0.9993533118286385,0.0053955282465037654,0.9987066236572771
1,1,0.6721158517869527,0.6326700860686967,0.3442317035739054
0,0,0.9919705837160766,0.046736164540883134,0.9839411674321531
1,1,0.9356731407079162,0.23871066135053726,0.8713462814158325
0,0,0.942921222911231,0.2188528441835198,0.8858424458224622
1,1,0.9359948035145506,0.23784861621855366,0.8719896070291011
0,0,0.9372363507603644,0.23450504169982067,0.8744727015207289
1,1,0.9999999531529851,8.374549724531441e-07,0.9999999063059701
0,0,0.9856902664862244,0.07497765272817694,0.9713805329724488
1,0,0.9998139880246277,0.0017837816464051283,0.9996279760492555
1,1,0.8311166615985158,0.4541111776176373,0.6622333231970317
1,1,0.9999999615701641,6.945974433749538e-07,0.9999999231403283
1,1,0.9360247066010089,0.23776838936967737,0.8720494132020179
0,0,0.9377813911123624,0.2330289608219591,0.8755627822247247
1,1,0.9360574737530509,0.23768046138628643,0.8721149475061019
0,0,0.9371422146437219,0.23475946899727998,0.8742844292874439
1,0,0.9965304681782476,0.023114016972334554,0.9930609363564953
0,0,0.9371894220364043,0.23463189757859307,0.8743788440728086
1,0,0.9961888744549598,0.02503117808138449,0.9923777489099196
1,0,0.9999644880910442,0.0003993536004275063,0.9999289761820884
1,0,0.9976659231046663,0.01647618077150444,0.9953318462093327
0,0,0.9561350623804916,0.18003835440590243,0.912270124760983
0,0,0.9371470339294244,0.23474644728174607,0.8742940678588486
0,0,0.9972232004576304,0.019118449705093722,0.9944464009152608
1,1,0.9999999574092036,7.654259344934964e-07,0.9999999148184071
0,0,0.9998390120942411,0.0015670725049806741,0.9996780241884823
0,0,0.9375774860892915,0.23358177123206095,0.8751549721785831
1,1,0.9999999540681559,8.220012039651388e-07,0.9999999081363118
1,1,0.9999999522035974,8.534676426564379e-07,0.9999999044071947
1,1,0.9358940777024721,0.23811874324497087,0.8717881554049441
1,1,0.9999972862578482,3.749626555064087e-05,0.9999945725156965
1,1,0.9372312761147082,0.2345187610870059,0.8744625522294164
1,1,0.9999999589383071,7.394467740187438e-07,0.9999999178766142
0,0,0.9973472768851022,0.018385602232828074,0.9946945537702044
0,0,0.999497676099744,0.004317983390995766,0.9989953521994882
0,0,0.9994514728321945,0.004666868833572257,0.9989029456643889
1,1,0.9361067706157402,0.23754814347332903,0.8722135412314804
1,1,0.9999999602871033,7.164837943213794e-07,0.9999999205742065
1,0,0.99728847495956,0.0187336202844037,0.9945769499191199
0,0,0.9742404843594528,0.11967766341669069,0.9484809687189055
1,1,0.883933673791515,0.3590134516950608,0.7678673475830302
1,1,0.8029853870735326,0.4962358418146026,0.6059707741470652
0,0,0.9994842686923908,0.00441964543349154,0.9989685373847815
0,0,0.9371793135694282,0.2346592174903439,0.8743586271388563
1,1,0.9614113527084073,0.16343255882721036,0.9228227054168144
1,1,0.9999986553406041,1.9523606139853847e-05,0.9999973106812081
0,0,0.898937944367666,0.32741030128681503,0.7978758887353322
1,1,0.8289442111764216,0.45755635705179887,0.6578884223528431
1,1,0.9999999589023253,7.400587430968554e-07,0.9999999178046507
1,0,0.9496221578719019,0.19962627722245346,0.8992443157438036
1,1,0.9999999621754697,6.842574025723138e-07,0.9999999243509394
0,0,0.9371614677590144,0.2347074446984586,0.8743229355180288
0,0,0.9996449993869513,0.0031748462823250655,0.9992899987739025
0,0,0.9906167830716718,0.05314772547103455,0.9812335661433434
0,0,0.9985931685155527,0.0106436811848874,0.9971863370311055
0,0,0.9371553478594086,0.23472398210645068,0.874310695718817
1,1,0.9999999566197619,7.78816771380435e-07,0.9999999132395239
1,1,0.9999999549502822,8.070881798928859e-07,0.9999999099005643
0,0,0.9371843572336048,0.23464558631685647,0.8743687144672097
1,1,0.9905353334538164,0.05352687640028748,0.9810706669076328
1,1,0.9598903284393755,0.16829253338183126,0.9197806568787509
1,1,0.9999999566197619,7.78816771380435e-07,0.9999999132395239
0,0,0.9933893683890176,0.03976799604292265,0.9867787367780353
1,1,0.9999990826025649,1.3670803919851624e-05,0.9999981652051297
0,1,0.9355369832621264,0.23907504027041482,0.871073966524253
1,1,0.9999992938484065,1.0707684175227734e-05,0.9999985876968129
0,0,0.9979473238701629,0.01475378183487392,0.9958946477403258
1,1,0.9999999615701641,6.945974433749538e-07,0.9999999231403283
0,0,0.9994782421327013,0.004465227833967276,0.9989564842654025
1,1,0.99999996385483,6.555187727464619e-07,0.9999999277096601
1,0,0.9954438254384123,0.02910935537296484,0.9908876508768244
0,0,0.9991849903753219,0.006611279035599493,0.9983699807506438
0,0,0.9993388213617374,0.005501770485651059,0.9986776427234746
0,0,0.9997725334538781,0.002135545474583822,0.999545066907756
1,1,0.9999965863542464,4.6383689971376724e-05,0.9999931727084928
0,0,0.9979473229268665,0.01475378767062947,0.995894645853733
1,1,0.9670626763245009,0.14480882150847632,0.9341253526490019
0,0,0.9370984599427411,0.23487767621344913,0.8741969198854823
1,1,0.992737073391913,0.04300620068417213,0.985474146783826
0,0,0.9998390135863283,0.0015670594730553562,0.9996780271726564
1,1,0.9738613664709036,0.121052093346219,0.9477227329418073
0,0,0.9371289295278092,0.23479536335437895,0.8742578590556188
1,0,0.9962885646379708,0.024474980956643157,0.9925771292759417
0,0,0.9371898602793146,0.23463071311071165,0.874379720558629
0,0,0.9996663118295679,0.003004907609901225,0.9993326236591358
0,0,0.9998390117036219,0.0015670759166572879,0.9996780234072437
0,0,0.6539180353367312,0.6449874244405535,0.30783607067346247
0,0,0.9991786008444108,0.006656693152973613,0.9983572016888216
1,1,0.9999999558004616,7.926988957045926e-07,0.9999999116009233
1,1,0.9999999501972988,8.872449120709397e-07,0.9999999003945976
1,1,0.9433104386533488,0.2177598586679419,0.8866208773066978
1,1,0.7345588942512647,0.5786715487821301,0.4691177885025296
1,1,0.9999988639646527,1.6686048050516063e-05,0.9999977279293053
0,0,0.9607280181556024,0.16562352517514117,0.9214560363112047
1,0,0.9951098560728429,0.030896342429866053,0.9902197121456857
1,0,0.9976661182591591,0.01647499855605113,0.9953322365183181
1,0,0.9999195593658369,0.0008388309824532726,0.9998391187316739
1,1,0.8684135427739381,0.3893914076681247,0.7368270855478761
0,0,0.9910213437203095,0.051253781419961376,0.9820426874406188
0,0,0.9371655323725931,0.23469646080520004,0.8743310647451862
1,1,0.9764068788588779,0.11171129680524755,0.9528137577177559
0,0,0.9998191560309145,0.0017393185073035391,0.999638312061829
1,1,0.9693287032084534,0.13706797448143282,0.9386574064169066
0,0,0.9371530941661076,0.23473007195554912,0.8743061883322155
1,1,0.6022020333507403,0.672108711118739,0.20440406670148048
1,1,0.9360012089100521,0.2378314324697362,0.8720024178201042
1,1,0.9805353024033538,0.09594843785059257,0.9610706048067078
0,0,0.9371382137112397,0.23477027922193303,0.8742764274224794
1,1,0.8496146039037209,0.42337701422042884,0.6992292078074415
1,0,0.9370782312486103,0.23493231484957744,0.8741564624972206
0,0,0.9372044279561825,0.23459133823722803,0.8744088559123648
1,0,0.999927357103448,0.0007649237894997637,0.9998547142068961
1,1,0.9999991550463126,1.2660772191478763e-05,0.9999983100926253
0,0,0.9371704153616707,0.23468326502713627,0.8743408307233413
0,0,0.9979474848249698,0.014752786072604617,0.9958949696499394
0,0,0.9995353038308723,0.004030725490536837,0.9990706076617447
0,0,0.964604256121479,0.15302476433066745,0.9292085122429582
1,1,0.7681184483007804,0.5415398655041174,0.5362368966015605
0,0,0.9371624077507098,0.23470490456349058,0.8743248155014196
1,1,0.9346281335121494,0.24149942116941497,0.8692562670242988
1,1,0.99999940736968,9.090175572827074e-06,0.99999881473936
1,1,0.9999999596078267,7.280539692532008e-07,0.9999999192156535
1,1,0.9999997223334958,4.4695546591151765e-06,0.9999994446669916
0,0,0.9979473238701629,0.01475378183487392,0.9958946477403258
1,1,0.9999999621754697,6.842574025723138e-07,0.9999999243509394
0,0,0.9983745180529404,0.012062925427351478,0.9967490361058808
1,0,0.9470452126076049,0.20712519767484636,0.8940904252152098
1,0,0.9999118398194827,0.0009112510510104379,0.9998236796389653
1,1,0.997411715687327,0.018002720403752906,0.9948234313746541
0,0,0.9995519969213842,0.0039023247318019476,0.9991039938427685
1,1,0.9233809687386163,0.2704331962093339,0.8467619374772325
1,1,0.9999994508441061,8.465173963313318e-06,0.9999989016882123
1,1,0.5273225943360934,0.6916533882840374,0.05464518867218687
0,1,0.9602211094435776,0.16724081231233826,0.9204422188871552
1,1,0.9610087607180586,0.16472489378188798,0.9220175214361175
0,0,0.9386949525212633,0.230543409263663,0.8773899050425266
1,1,0.9361067706157402,0.23754814347332903,0.8722135412314804
0,0,0.9374132588084114,0.23402649403039466,0.874826517616823
1,1,0.9361067706157402,0.23754814347332903,0.8722135412314804
0,0,0.9979474912269863,0.014752746465656268,0.9958949824539727
0,0,0.9973472511263639,0.018385754969459756,0.9946945022527277
0,0,0.9371420868484764,0.23475981429481407,0.8742841736969531
0,0,0.9986686134895885,0.010146321387841911,0.9973372269791769
1,0,0.9979475012111382,0.014752684697300254,0.9958950024222765
0,0,0.9976277658080489,0.016707019179058608,0.9952555316160979
1,1,0.9402838865739634,0.2261856830456178,0.8805677731479269
0,0,0.9988156565237282,0.009164419358946185,0.9976313130474562
0,0,0.9627466806623401,0.15911458417848964,0.9254933613246804
0,0,0.9856823227997712,0.07501127136775071,0.9713646455995424
1,0,0.9324659448119096,0.24721309324611762,0.8649318896238192
1,0,0.9383554811259254,0.2314687009902922,0.8767109622518506
0,0,0.9441071367345576,0.21551373771703086,0.8882142734691151
0,0,0.9377054710888127,0.23323487205058585,0.8754109421776256
0,0,0.9998390120576071,0.0015670728249439598,0.999678024115214
0,0,0.9906754630962955,0.05287412585901997,0.981350926192591
0,0,0.9994612320388656,0.004593512009607392,0.9989224640777313
1,1,0.9999988323130666,1.711885696231179e-05,0.9999976646261332
0,0,0.9998390108475902,0.001567083393250242,0.9996780216951804
0,0,0.9995392392967369,0.004000509336304556,0.9990784785934739
1,1,0.9359384925232418,0.2379996521968926,0.8718769850464835
1,1,0.9999999602871033,7.164837943213794e-07,0.9999999205742065
1,0,0.9214826042316072,0.2751333198481814,0.8429652084632143
1,1,0.9689145836849095,0.13849517203918477,0.9378291673698191
0,0,0.9843190937069206,0.08071636288733307,0.9686381874138413
1,1,0.6975202695411257,0.6129507546658308,0.3950405390822515
1,0,0.9212999232681836,0.27558297116484104,0.842599846536367
1,0,0.9766746491155843,0.11071284641404842,0.9533492982311688
0,0,0.9981137795347007,0.013717041318821099,0.9962275590694015
1,1,0.9055554921625745,0.31270194096759063,0.811110984325149
1,1,0.9640170268476055,0.15496060802206982,0.928034053695211
0,0,0.9452014568890396,0.21240889291118556,0.890402913778079
0,0,0.9371795867945373,0.23465847907420356,0.8743591735890749
1,1,0.7177108653676727,0.5951023423867131,0.4354217307353456
1,1,0.9360040479540973,0.2378238159497382,0.8720080959081946
0,0,0.9856903618267013,0.07497724920860963,0.9713807236534028
0,0,0.9933912335492352,0.039758646767820156,0.9867824670984704
1,1,0.7384375990522337,0.574684803800013,0.47687519810446755
1,1,0.9999993253030649,1.0261466963238726e-05,0.9999986506061299
0,0,0.9954742352099807,0.02894544471960337,0.9909484704199615
0,0,0.9325644449655962,0.24695443351000643,0.8651288899311924
0,0,0.9371150057620031,0.23483298003105535,0.8742300115240063
1,1,0.9817976150911861,0.0909581498356155,0.9635952301823723
0,0,0.9992500560786628,0.006145893222707662,0.9985001121573257
0,0,0.9998390114230352,0.0015670783673047521,0.9996780228460705
1,1,0.9999999609409562,7.053356875831334e-07,0.9999999218819124
1,1,0.9360012089100521,0.2378314324697362,0.8720024178201042
1,1,0.9620475531945023,0.16138140769234027,0.9240951063890046
1,1,0.9361067706157402,0.23754814347332903,0.8722135412314804
1,1,0.9098573750444462,0.30286768104821693,0.8197147500888922
1,1,0.9999999549502822,8.070881798928859e-07,0.9999999099005643
0,0,0.9371520365956738,0.23473292965466544,0.8743040731913477
0,0,0.9979659330990365,0.014638570012347996,0.9959318661980731
0,0,0.9998390102863168,0.0015670882954190637,0.9996780205726336
0,0,0.9998293546067328,0.0016511371040172965,0.9996587092134657
0,0,0.9977151454061396,0.016177477900312178,0.9954302908122793
1,0,0.5413973673194205,0.6897157698588026,0.08279473463884107
1,1,0.9999999501972988,8.872449120709397e-07,0.9999999003945976
0,0,0.9371584897831711,0.234715491968975,0.8743169795663421
0,0,0.9596801562156061,0.16895929985528163,0.9193603124312122
1,1,0.8200724056680145,0.47128367689590533,0.6401448113360293
1,1,0.9361067706157402,0.23754814347332903,0.8722135412314804
1,0,0.7607435757535366,0.5502213068404727,0.5214871515070729
0,0,0.9995507483190054,0.003911950044597288,0.9991014966380106
0,0,0.9340365980166183,0.24307008361820048,0.8680731960332366
0,0,0.9371708020499978,0.23468222002421812,0.8743416040999956
1,1,0.9999945432880277,7.158475685435383e-05,0.9999890865760553
1,1,0.9360012089100521,0.2378314324697362,0.8720024178201042
0,0,0.9371458340620261,0.2347496893617051,0.8742916681240522
1,1,0.6194269191683424,0.6643439804137419,0.23885383833668472
1,1,0.9999999512187996,8.700576279406352e-07,0.9999999024375992
0,0,0.9994612749491388,0.004593189078627652,0.9989225498982776
1,1,0.9999992068289948,1.1935023846982057e-05,0.9999984136579896
1,1,0.9999999512187996,8.700576279406352e-07,0.9999999024375992
0,0,0.999587826883431,0.003624593093454621,0.9991756537668619
1,1,0.9335427903525573,0.24437690482461888,0.8670855807051147
1,1,0.9360305929376747,0.23775259518613406,0.8720611858753492
1,1,0.9999998727403944,2.1477650265748736e-06,0.9999997454807887
0,0,0.9368467523014352,0.2355570565959838,0.8736935046028702
0,0,0.9483736705390148,0.2032763110515721,0.8967473410780297
1,1,0.9999999602871033,7.164837943213794e-07,0.9999999205742065
1,1,0.7353748922900902,0.5778392544061577,0.4707497845801804
0,0,0.9976658430649549,0.016476665634852967,0.9953316861299096
1,0,0.9584928445143488,0.17270474137325567,0.9169856890286976
1,0,0.9976661366145169,0.016474887361317695,0.9953322732290337
0,0,0.977828475980684,0.10637404802382994,0.955656951961368
0,0,0.9979473238701629,0.01475378183487392,0.9958946477403258
1,1,0.9250097496444161,0.2663599684963101,0.8500194992888319
0,0,0.9957016932872244,0.02771282482465827,0.9914033865744487
0,0,0.9979474883983598,0.014752763965341694,0.9958949767967197
1,1,0.9999999558004616,7.926988957045926e-07,0.9999999116009233
0,0,0.9372376194510771,0.23450161170541164,0.8744752389021543
1,1,0.9999999501972988,8.872449120709397e-07,0.9999999003945976
1,1,0.9999999491377837,9.0504967669996e-07,0.9999998982755673
1,1,0.9999999574092036,7.654259344934964e-07,0.9999999148184071
0,0,0.9389010595415954,0.22998065031877749,0.8778021190831907
1,0,0.9999220088851914,0.0008156994498839307,0.9998440177703828
0,0,0.9376062404380301,0.23350385789991213,0.8752124808760603
0,0,0.9371355661864891,0.23477743248925892,0.8742711323729782
1,1,0.9361067706157402,0.23754814347332903,0.8722135412314804
0,0,0.9936071679229455,0.038672636340309444,0.987214335845891
0,0,0.9979474938575844,0.014752730191096696,0.9958949877151689
0,0,0.9995445230317859,0.00395988835502096,0.9990890460635719
1,1,0.9999976683689804,3.2570416988548896e-05,0.9999953367379608
0,0,0.9998293502258692,0.0016511751112492895,0.9996587004517383
0,0,0.9506384218753875,0.19663114133794607,0.9012768437507751
0,0,0.9371518655825795,0.23473339175351648,0.8743037311651589
1,1,0.9102851916600588,0.30187749669160985,0.8205703833201178
1,1,0.9360012089100521,0.2378314324697362,0.8720024178201042
1,0,0.999777418852467,0.002094512529320382,0.999554837704934
1,1,0.7850963672607068,0.5203815569549904,0.5701927345214134
1,1,0.9357015034654138,0.2386347193698644,0.8714030069308277
1,1,0.9999999531529851,8.374549724531441e-07,0.9999999063059701
1,1,0.8501346423626716,0.4224754659116602,0.7002692847253431
0,0,0.9998293490811788,0.0016511850422654651,0.9996586981623576
1,1,0.9971685432444909,0.01943949908997816,0.994337086488982
0,0,0.9957789458930526,0.02729146546788233,0.9915578917861051
1,1,0.8200738228516496,0.4712815272509394,0.6401476457032993
0,0,0.9721392779327303,0.1272253139094795,0.9442785558654605
1,1,0.9999993020820311,1.0591019577600513e-05,0.9999986041640623
1,0,0.9962885646379708,0.024474980956643157,0.9925771292759417
0,0,0.9995506438802508,0.003912754991849021,0.9991012877605017
0,0,0.9371420504916258,0.23475991252948916,0.8742841009832518
1,1,0.992667533646681,0.04334784081979887,0.9853350672933622
1,0,0.9372211004937099,0.23454626972522413,0.8744422009874199
0,0,0.9995509135630571,0.003910676399305154,0.9991018271261144
0,0,0.9405800781487696,0.22536842487297892,0.8811601562975393
1,1,0.9999999633171419,6.647284671280214e-07,0.9999999266342838
0,0,0.9372086307209286,0.23457997794315483,0.8744172614418572
1,1,0.99999922284439,1.1709889179547464e-05,0.99999844568878
0,0,0.9997725303779881,0.0021355712759893856,0.999545060755976
0,0,0.9506172455688486,0.19669377525837006,0.9012344911376973
1,1,0.8835830813186742,0.35972463311628333,0.7671661626373485
0,0,0.9924748380142483,0.04429107833341113,0.9849496760284966
1,1,0.7066810541631882,0.6050967242765135,0.41336210832637627
0,0,0.9371460794188176,0.23474902640182094,0.8742921588376352
0,0,0.9371813940029493,0.23465359489431287,0.8743627880058986
1,1,0.9361067706157402,0.23754814347332903,0.8722135412314804
1,1,0.6060337919955399,0.6704891983328094,0.21206758399107983
0,0,0.9987758868030652,0.009431701979340814,0.9975517736061302
1,1,0.9999999558004616,7.926988957045926e-07,0.9999999116009233
1,1,0.9999999615701641,6.945974433749538e-07,0.9999999231403283
1,0,0.9212999232681836,0.27558297116484104,0.842599846536367
1,1,0.9360012089100521,0.2378314324697362,0.8720024178201042
0,0,0.9371369490275748,0.2347736962474519,0.8742738980551497
0,0,0.9979658517089479,0.014639074277819627,0.9959317034178958
1,1,0.9999999522035974,8.534676426564379e-07,0.9999999044071947
0,0,0.9998390105668812,0.0015670858449650987,0.9996780211337625
0,1,0.9592645937050032,0.1702743075492294,0.9185291874100063
1,1,0.9999992603690931,1.1181084869915702e-05,0.9999985207381863
0,0,0.9371396425161516,0.23476641872757292,0.8742792850323032
1,1,0.9361067706157402,0.23754814347332903,0.8722135412314804
1,1,0.9877768390194263,0.06598411942337369,0.9755536780388523
0,0,0.9997970684889212,0.0019283649123051263,0.9995941369778426
1,1,0.9612109728043489,0.1640763289928569,0.9224219456086977
1,1,0.9172694363531466,0.2853882210740985,0.8345388727062932
1,1,0.9999999491377837,9.0504967669996e-07,0.9999998982755673
0,0,0.9381857207896372,0.23193066612783586,0.8763714415792746
0,0,0.963055155061662,0.1581100801241917,0.926110310123324
1,1,0.9360040479540973,0.2378238159497382,0.8720080959081946
0,0,0.9992519906175469,0.006131972176881491,0.9985039812350939
1,0,0.8935923858864564,0.3389380383351071,0.7871847717729127
1,1,0.9359420331366021,0.23799015720795735,0.8718840662732043
1,0,0.6167920916693228,0.6656127366910518,0.2335841833386456
1,1,0.9972204524789138,0.01913461655734171,0.9944409049578274
0,0,0.9961948398943188,0.024997969683426907,0.9923896797886377
1,1,0.974322282640975,0.11938036875096263,0.9486445652819501
1,1,0.9776537137923597,0.1070350869299633,0.9553074275847194
1,0,0.9999132533246576,0.0008980427956093837,0.9998265066493154
1,0,0.9999498710053871,0.0005464504514369874,0.9998997420107744
1,1,0.9972204524789138,0.01913461655734171,0.9944409049578274
1,1,0.9342418089896037,0.24252584718811865,0.8684836179792076
1,1,0.9999987000079436,1.8918981676817527e-05,0.9999974000158871
1,1,0.9712195366761206,0.1304770413130924,0.9424390733522413
0,0,0.937137624584489,0.23477187097603613,0.874275249168978
0,0,0.9979474776875324,0.01475283022930904,0.9958949553750649
1,0,0.9953853633540771,0.02942389819664809,0.9907707267081542
1,1,0.5172987519666685,0.6925485674653207,0.03459750393333716
0,0,0.9999148341985564,0.0008832432859173771,0.9998296683971127
0,0,0.9385171699210542,0.2310282375429577,0.8770343398421083
1,1,0.584855254264402,0.6786764153425087,0.16971050852880404
1,0,0.9427871734172868,0.2192286259282088,0.8855743468345736
1,1,0.9514903674235654,0.19410334297862983,0.9029807348471307
1,1,0.823477456063568,0.46607928257672143,0.6469549121271362
1,1,0.9359420331366021,0.23799015720795735,0.8718840662732043
0,0,0.997645286893153,0.01660109968382361,0.9952905737863061
1,1,0.6782121414978914,0.6282097573544303,0.35642428299578266
0,0,0.998687587793649,0.010020571626264418,0.9973751755872978
0,0,0.9998390117402606,0.0015670755966542037,0.999678023480521
1,1,0.9360524372974202,0.2376939774712143,0.8721048745948403
1,1,0.9999939069180864,7.926096341407528e-05,0.9999878138361729
0,0,0.9996931949820717,0.002788595207148168,0.9993863899641434
0,0,0.9403420590392485,0.22602529585139708,0.880684118078497
1,1,0.926065105137444,0.26370038160944337,0.8521302102748878
0,0,0.9998390102863168,0.0015670882954190637,0.9996780205726336
0,0,0.9995505700338074,0.003913324138438754,0.999101140067615
1,1,0.9999987692708685,1.797837196657548e-05,0.9999975385417371
1,1,0.9956250342808364,0.02812956796341813,0.9912500685616726
1,1,0.9359420331366021,0.23799015720795735,0.8718840662732043
0,0,0.9371804431150415,0.2346561647805886,0.874360886230083
0,0,0.93712598861208,0.2348033088551816,0.8742519772241598
1,1,0.9347231078552116,0.24124671017815108,0.8694462157104232
1,0,0.9999461567496207,0.0005830904500130099,0.9998923134992415
0,0,0.9989953609398099,0.007939285208759169,0.9979907218796197
1,1,0.9352218562018662,0.2399171922200485,0.8704437124037322
1,1,0.9593611326890731,0.16996921486677374,0.918722265378146
1,1,0.9360012089100521,0.2378314324697362,0.8720024178201042
1,1,0.9999999574092036,7.654259344934964e-07,0.9999999148184071
1,1,0.9359434540572854,0.23798634661556634,0.8718869081145708
0,0,0.9386827376608782,0.23057673778211144,0.8773654753217563
0,0,0.9994992715092451,0.004305862501059621,0.9989985430184902
0,0,0.976366887143004,0.11186014823770722,0.952733774286008
0,0,0.9981810667645188,0.013293846469400912,0.9963621335290376
1,1,0.9999999491377837,9.0504967669996e-07,0.9999998982755673
1,1,0.9360589334299364,0.2376765440449779,0.8721178668598728
0,0,0.9380814054574886,0.2322142906106327,0.8761628109149773
1,1,0.9999978444420333,3.028011404084887e-05,0.9999956888840666
0,0,0.9995511948801391,0.003908507962393223,0.9991023897602783
1,1,0.9999999549502822,8.070881798928859e-07,0.9999999099005643
1,0,0.9952338358484187,0.03023571883663857,0.9904676716968374
1,0,0.8564082685755174,0.41143032399910784,0.7128165371510351
1,1,0.9359384925232418,0.2379996521968926,0.8718769850464835
0,0,0.9995355278046364,0.004029006737575127,0.9990710556092727
0,0,0.9399855670073423,0.22700723354298263,0.8799711340146844
0,0,0.9373858166436285,0.23410076177459666,0.8747716332872568
0,0,0.9938847905276936,0.03726555082239307,0.9877695810553871
1,1,0.9675184075379027,0.1432653315693293,0.9350368150758056
1,1,0.9271796163384778,0.2608740520754202,0.8543592326769557
1,1,0.9999999574092036,7.654259344934964e-07,0.9999999148184071
0,1,0.9444283592595935,0.21460472547141562,0.8888567185191868
0,0,0.9957162509762368,0.027633530123332257,0.9914325019524737
1,1,0.9357827197204225,0.23841718687008767,0.8715654394408452
0,0,0.9371690798301214,0.2346868742046464,0.8743381596602429
0,0,0.9926690486451061,0.043340404922796574,0.9853380972902122
0,0,0.999785119773216,0.0020296130025944004,0.9995702395464322
1,1,0.9999982986138872,2.430271225417115e-05,0.9999965972277745
1,1,0.9360040479540973,0.2378238159497382,0.8720080959081946
1,1,0.9360012089100521,0.2378314324697362,0.8720024178201042
0,0,0.9705872977366806,0.13269469900114414,0.941174595473361
1,1,0.9044567368330743,0.31517868346800293,0.8089134736661484
1,1,0.9361067706157402,0.23754814347332903,0.8722135412314804
0,0,0.9956405543449609,0.028045305567400015,0.9912811086899218
0,0,0.9371531584246483,0.2347298983196232,0.8743063168492966
1,1,0.9360040479540973,0.2378238159497382,0.8720080959081946
0,0,0.9925762595745508,0.04379525167982322,0.9851525191491015
0,0,0.937203845453348,0.23459291274933308,0.874407690906696
1,0,0.9420625078457554,0.2212543354384907,0.8841250156915107
0,0,0.9996100387622221,0.0034508715838679187,0.9992200775244443
1,0,0.9236700826652966,0.26971294344806024,0.8473401653305932
1,0,0.9965860378012056,0.022799029496680067,0.993172075602411
1,1,0.7422628458086784,0.570676719561649,0.4845256916173567
0,0,0.9371687504931818,0.23468776420927323,0.8743375009863635
0,0,0.9382355741419472,0.2317950528721998,0.8764711482838943
0,0,0.9994935098666101,0.004349611872075518,0.9989870197332201
0,0,0.9371657032396561,0.23469599906129185,0.8743314064793124
0,0,0.9371510475910628,0.23473560206242228,0.8743020951821255
1,1,0.9999999491377837,9.0504967669996e-07,0.9999998982755673
0,0,0.9994995857299003,0.004303474656706916,0.9989991714598007
1,1,0.9361067706157402,0.23754814347332903,0.8722135412314804
1,0,0.9684107544813692,0.14022386904499295,0.9368215089627385
0,0,0.9987675335707843,0.009487676198264655,0.9975350671415686
1,0,0.9997623917710737,0.00222039389871973,0.9995247835421474
1,1,0.9999993105003344,1.0471637775417419e-05,0.9999986210006687
1,1,0.9360040479540973,0.2378238159497382,0.8720080959081946
1,1,0.9359975734597799,0.2378411853729984,0.8719951469195596
1,1,0.9285069481958789,0.25748399810756495,0.8570138963917578
1,0,0.9999265380090931,0.0007727250613195304,0.9998530760181863
0,0,0.9371686967530922,0.2346879094370475,0.8743373935061844
1,1,0.962594125953398,0.1596103755865182,0.9251882519067959
0,0,0.9374744902814651,0.23386073475254227,0.8749489805629304
1,1,0.9999997727314379,3.7038260523278255e-06,0.999999545462876
1,1,0.9999992244821303,1.1686848337340276e-05,0.9999984489642606
1,1,0.6487159534382044,0.648237892558392,0.29743190687640897
0,0,0.9691773581071337,0.13759022636208038,0.9383547162142672
1,0,0.9763129461684673,0.11206080983006965,0.9526258923369347
0,0,0.9372070305264748,0.23458430338827868,0.8744140610529494
0,0,0.9979474831364485,0.014752796518867222,0.9958949662728971
1,0,0.9980602428481773,0.014052031408521142,0.9961204856963546
0,0,0.9380543580001361,0.23228779974135239,0.8761087160002721
1,1,0.9358268277885345,0.23829900026980402,0.871653655577069
1,1,0.9360040479540973,0.2378238159497382,0.8720080959081946
1,0,0.9370782312486103,0.23493231484957744,0.8741564624972206
1,1,0.9999999566197619,7.78816771380435e-07,0.9999999132395239
1,1,0.9999990855140238,1.363032499643185e-05,0.9999981710280476
0,0,0.9976659231046663,0.01647618077150444,0.9953318462093327
1,1,0.9919114782819685,0.047020631918504974,0.983822956563937
1,1,0.9359637521593012,0.2379319079556802,0.8719275043186024
1,0,0.9401123161871349,0.22665836864563757,0.8802246323742697
0,0,0.9370803573594669,0.2349265724524751,0.8741607147189341
1,1,0.9361067706157402,0.23754814347332903,0.8722135412314804
1,1,0.9999969257476088,4.209403877281267e-05,0.9999938514952176
1,1,0.9999999627575701,6.743046260463807e-07,0.99999992551514
1,1,0.9999999501972988,8.872449120709397e-07,0.9999999003945976
0,0,0.9375707999737773,0.2335998860336538,0.8751415999475547
1,1,0.99999996385483,6.555187727464619e-07,0.9999999277096601
0,0,0.9371417661986049,0.23476068067645228,0.8742835323972099
1,1,0.9999999596078267,7.280539692532008e-07,0.9999999192156535
1,1,0.8185443079478453,0.4735936585196023,0.6370886158956905
0,0,0.9371442469599647,0.23475397772452236,0.8742884939199294
0,0,0.9994854079321688,0.004411020802051625,0.9989708158643376
0,0,0.9371393286945474,0.23476726664653372,0.8742786573890949
1,1,0.999998480462744,2.1876935825717156e-05,0.999996960925488
0,0,0.9969995982318967,0.020425257158442213,0.9939991964637934
0,0,0.9699237934956697,0.13500696980735746,0.9398475869913393
1,1,0.9360040479540973,0.2378238159497382,0.8720080959081946
0,0,0.9906825766431733,0.052840933175577046,0.9813651532863465
0,0,0.9993951453977062,0.005086960253529564,0.9987902907954125
1,1,0.8240763946120354,0.46515562975251296,0.6481527892240707
0,0,0.9734934583705737,0.12238048469105926,0.9469869167411474
1,1,0.9953280733531709,0.029731412941570307,0.9906561467063416
0,0,0.9925112560504781,0.04411319839284411,0.9850225121009561
1,1,0.9586065588772217,0.17234757290047847,0.9172131177544435
1,1,0.9361067706157402,0.23754814347332903,0.8722135412314804
1,1,0.7959080332170981,0.506023033127109,0.5918160664341963
1,1,0.6834276913993499,0.6242587120869187,0.36685538279869984
0,0,0.9993945060708862,0.00509169727450217,0.9987890121417724
1,0,0.999948279981117,0.000562177974596006,0.999896559962234
1,1,0.999998995204888,1.4881745495930003e-05,0.999997990409776
1,1,0.9999999491377837,9.0504967669996e-07,0.9999998982755673
0,0,0.9979475148201724,0.014752600503022757,0.9958950296403449
1,1,0.9999999522035974,8.534676426564379e-07,0.9999999044071947
1,0,0.9372211004937099,0.23454626972522413,0.8744422009874199
1,1,0.9999999596078267,7.280539692532008e-07,0.9999999192156535
1,1,0.9999999540681559,8.220012039651388e-07,0.9999999081363118
1,1,0.9361149880993175,0.23752608294149402,0.8722299761986348
1,0,0.9965493449865653,0.023007117704279673,0.9930986899731306
0,0,0.998733335850606,0.009716244882882048,0.9974666717012121
1,1,0.9999999549502822,8.070881798928859e-07,0.9999999099005643
1,1,0.9999999491377837,9.0504967669996e-07,0.9999998982755673
1,1,0.9999999501972988,8.872449120709397e-07,0.9999999003945976
1,1,0.9368636690578773,0.2355114304389751,0.8737273381157545
0,0,0.9995451816706895,0.003954820501759997,0.9990903633413791
0,0,0.948348629212559,0.20334919285813152,0.8966972584251179
1,0,0.9998429418580724,0.0015327015016581508,0.9996858837161448
0,0,0.9997997663828877,0.0019054082158825114,0.9995995327657755
0,0,0.999746936076991,0.0023488740171652193,0.9994938721539821
1,1,0.949168339608366,0.20095677392560723,0.898336679216732
0,0,0.9989240735128243,0.008428845740490284,0.9978481470256485
1,1,0.7707346417422628,0.5383871407966203,0.5414692834845256
1,1,0.9999999581697467,7.525114465350048e-07,0.9999999163394935
1,0,0.9343451304849815,0.24225157073347897,0.8686902609699627
1,1,0.9999999596078267,7.280539692532008e-07,0.9999999192156535
1,1,0.9999993280935744,1.0221810831249857e-05,0.9999986561871488
1,1,0.9999999522035974,8.534676426564379e-07,0.9999999044071947
0,0,0.9385850494308514,0.2308431890672294,0.8771700988617027
1,0,0.5665093356616808,0.6842739209722191,0.13301867132336154
0,0,0.9996421832844914,0.0031972035413274113,0.9992843665689828
1,0,0.549027635786238,0.6883320288803029,0.09805527157247612
1,0,0.9953573442395528,0.029574384741544453,0.9907146884791057
0,0,0.9371616707393035,0.23470689618708482,0.8743233414786069
1,0,0.9212999232681836,0.27558297116484104,0.842599846536367
0,0,0.9536978143626775,0.1874798275002448,0.9073956287253551
0,0,0.9995513835371834,0.0039070536650082695,0.9991027670743667
1,0,0.9404364268450043,0.22576498622866406,0.8808728536900086
0,0,0.9997725312532317,0.002135563934210648,0.9995450625064634
1,1,0.9999999581697467,7.525114465350048e-07,0.9999999163394935
1,1,0.8169375458337671,0.47600560045296947,0.6338750916675341
1,0,0.9214826042316072,0.2751333198481814,0.8429652084632143
0,0,0.9999920544396087,0.00010124942790677618,0.9999841088792175
1,1,0.9999999491377837,9.0504967669996e-07,0.9999998982755673
0,0,0.9995185255527314,0.0041591768680072395,0.9990370511054628
1,0,0.9976661320249371,0.016474915164499185,0.9953322640498742
1,1,0.9999999522035974,8.534676426564379e-07,0.9999999044071947
0,0,0.937575714253119,0.2335865717710284,0.8751514285062382
0,0,0.9998293506592791,0.0016511713511020447,0.9996587013185583
1,1,0.9999999491377837,9.0504967669996e-07,0.9999998982755673
1,1,0.9999999512187996,8.700576279406352e-07,0.9999999024375992
1,1,0.6629898584340848,0.639032375447131,0.32597971686816973
1,1,0.9999999581697467,7.525114465350048e-07,0.9999999163394935
1,0,0.9998879955710284,0.001130899326494897,0.9997759911420568
1,1,0.9361067706157402,0.23754814347332903,0.8722135412314804
0,0,0.9402314174295561,0.22633029392884993,0.8804628348591121
1,1,0.99999996385483,6.555187727464619e-07,0.9999999277096601
1,1,0.9999991691558544,1.2463346130424946e-05,0.9999983383117088
1,1,0.9361067706157402,0.23754814347332903,0.8722135412314804
1,0,0.9216610038753174,0.2746937614291573,0.8433220077506346
1,1,0.9999974621613918,3.523584995168174e-05,0.9999949243227837
1,0,0.9984219612584437,0.011757624341091797,0.9968439225168875
1,1,0.9973538061878171,0.018346878588434534,0.9947076123756342
1,1,0.9999992671785256,1.1084923895361309e-05,0.9999985343570511
1,1,0.9810035045482327,0.09410753280884894,0.9620070090964653
1,1,0.9372312761147082,0.2345187610870059,0.8744625522294164
1,1,0.9914909904536947,0.04903200268354497,0.9829819809073895
0,0,0.9405750124749812,0.22538241536187129,0.8811500249499623
1,1,0.9999999512187996,8.700576279406352e-07,0.9999999024375992
1,0,0.9999446037388754,0.0005983333964303899,0.9998892074777508
1,0,0.9394388358277238,0.2285088019338151,0.8788776716554476
1,1,0.9361067706157402,0.23754814347332903,0.8722135412314804
1,1,0.9938943825790614,0.037216711628764367,0.9877887651581226
0,0,0.9979475171762051,0.014752585927073611,0.9958950343524102
0,0,0.9991842637950772,0.006616445783549373,0.9983685275901543
1,1,0.9698987249005446,0.13509403438112105,0.9397974498010894
1,1,0.9359384925232418,0.2379996521968926,0.8718769850464835
0,0,0.9386704462418828,0.2306102725757696,0.8773408924837657
1,1,0.9999999549502822,8.070881798928859e-07,0.9999999099005643
1,1,0.9999974790589095,3.501808265641041e-05,0.9999949581178189
1,1,0.9999999627575701,6.743046260463807e-07,0.99999992551514
0,0,0.9992695795324573,0.006005170066861912,0.9985391590649145
1,0,0.9236252266268137,0.26982476829322166,0.8472504532536274
0,0,0.9999654892585084,0.00038908178440288693,0.9999309785170166
1,0,0.9999658491678999,0.00038538211802673723,0.9999316983357996
0,0,0.5834235664293945,0.6791628883102502,0.16684713285878916
1,1,0.9361067706157402,0.23754814347332903,0.8722135412314804
1,0,0.9384369936708945,0.23124670569774738,0.8768739873417888
1,1,0.9999999522035974,8.534676426564379e-07,0.9999999044071947
0,0,0.9371663746261915,0.2346941847299782,0.8743327492523829
1,1,0.9999999549502822,8.070881798928859e-07,0.9999999099005643
1,1,0.9999999609409562,7.053356875831334e-07,0.9999999218819124
0,0,0.9997116608163295,0.0026386578608824656,0.9994233216326589
0,0,0.9994196187029756,0.0049051128538260555,0.9988392374059513
0,0,0.9371598255080126,0.2347118825093153,0.8743196510160254
0,0,0.9998390111282263,0.0015670809421712926,0.9996780222564525
1,1,0.9330097091780867,0.2457832491538416,0.8660194183561735
0,0,0.9953618780383099,0.02955004592265155,0.9907237560766198
1,1,0.9359678554582584,0.23792090224443313,0.871935710916517
1,1,0.9999999602871033,7.164837943213794e-07,0.9999999205742065
0,0,0.9990407548957353,0.007624928211563726,0.9980815097914707
1,1,0.9582637141716449,0.17342343656956247,0.9165274283432898
1,1,0.9359420331366021,0.23799015720795735,0.8718840662732043
1,0,0.9956419194474324,0.028037891424675516,0.9912838388948648
1,1,0.9999999602871033,7.164837943213794e-07,0.9999999205742065
1,1,0.6521828769947986,0.6460848700662755,0.3043657539895968
0,0,0.9373202816982706,0.2342780695205086,0.8746405633965412
1,1,0.9973538061878171,0.018346878588434534,0.9947076123756342
1,0,0.9372211004937099,0.23454626972522413,0.8744422009874199
1,1,0.9999994091144412,9.06515540665017e-06,0.9999988182288823
1,1,0.9999966573010027,4.5489889204793284e-05,0.9999933146020055
0,0,0.9371568929804709,0.23471980688597563,0.8743137859609419
1,1,0.9359723980025917,0.23790871807841232,0.8719447960051832
0,0,0.9998390118869839,0.0015670743151694046,0.9996780237739677
0,0,0.9993950474951735,0.005087685695284847,0.998790094990347
1,1,0.9999999531529851,8.374549724531441e-07,0.9999999063059701
1,1,0.7300224547976315,0.5832365048008384,0.46004490959526284
0,0,0.9993385272251448,0.005503923742740463,0.9986770544502898
0,0,0.9993851777997406,0.0051607375994079194,0.9987703555994811
0,0,0.9998390123142422,0.0015670705834861121,0.9996780246284845
0,0,0.9862012318599491,0.07280567611791723,0.9724024637198982
1,1,0.9360355932681884,0.23773917787446064,0.8720711865363769
1,1,0.99999996385483,6.555187727464619e-07,0.9999999277096601
1,0,0.9386099810116182,0.23077520223063472,0.8772199620232366
1,0,0.7987936915359048,0.5020701815565816,0.5975873830718096
0,0,0.9385662079253702,0.23089456150132762,0.8771324158507401
1,1,0.9999999566197619,7.78816771380435e-07,0.9999999132395239
0,0,0.9998390111282263,0.0015670809421712926,0.9996780222564525
1,1,0.9999953414213724,6.185100667272668e-05,0.9999906828427447
1,1,0.9999999589023253,7.400587430968554e-07,0.9999999178046507
1,0,0.9999439238541133,0.0006049927528504831,0.9998878477082266
1,1,0.9999981582028182,2.6162301325554445e-05,0.9999963164056365
1,1,0.9361067706157402,0.23754814347332903,0.8722135412314804
1,1,0.9999940747275491,7.724351623371458e-05,0.9999881494550982
0,0,0.9371706963903775,0.23468250556350445,0.8743413927807552
0,0,0.9675906480765583,0.14302005969151765,0.9351812961531164
0,0,0.9560547858394158,0.18028567257345088,0.9121095716788318
0,0,0.9371372073452204,0.23477299830596604,0.8742744146904406
1,1,0.9999999512187996,8.700576279406352e-07,0.9999999024375992
1,1,0.9999999522035974,8.534676426564379e-07,0.9999999044071947
0,0,0.9371500396128931,0.2347383257218968,0.8743000792257861
1,1,0.9360040479540973,0.2378238159497382,0.8720080959081946
1,0,0.9224750635050613,0.27268239323064464,0.8449501270101225
1,1,0.9999999540681559,8.220012039651388e-07,0.9999999081363118
1,0,0.9973475023381368,0.018384265396673267,0.9946950046762738
1,1,0.99999996385483,6.555187727464619e-07,0.9999999277096601
0,0,0.9371669835883146,0.23469253908557575,0.8743339671766293
0,0,0.9986387099900517,0.010343954814880624,0.9972774199801034
1,0,0.9372211004937099,0.23454626972522413,0.8744422009874199
0,0,0.6148080676553298,0.6665487198608635,0.22961613531065977
1,1,0.9999991002105679,1.342585224751509e-05,0.9999982004211359
1,1,0.6765225117904636,0.6294629559574247,0.3530450235809271
1,0,0.9997964169610478,0.0019339034433655642,0.9995928339220955
1,1,0.9999999615701641,6.945974433749538e-07,0.9999999231403283
1,1,0.9896590929691084,0.057562238366162095,0.9793181859382167
0,0,0.9979474883983598,0.014752763965341694,0.9958949767967197
0,0,0.9990845951848637,0.007319289764496466,0.9981691903697273
0,0,0.9996915763617558,0.0028016839492483138,0.9993831527235115
1,0,0.9542613501422061,0.1857714330901003,0.9085227002844122
1,0,0.9224750635050613,0.27268239323064464,0.8449501270101225
0,0,0.9801834598087985,0.09732425947860485,0.960366919617597
1,1,0.9999999549502822,8.070881798928859e-07,0.9999999099005643
1,0,0.9399935084648364,0.22698538381527397,0.8799870169296726
1,1,0.9999999558004616,7.926988957045926e-07,0.9999999116009233
1,1,0.738007322055829,0.5751308935868997,0.476014644111658
1,1,0.99427307288508,0.035276194336427924,0.98854614577016
0,0,0.9984331836266379,0.011685200079862259,0.9968663672532759
1,1,0.9291111898578808,0.2559319787805291,0.8582223797157618
0,0,0.974266509424234,0.11958310465524208,0.9485330188484681
0,0,0.9371364482118525,0.23477504938473065,0.874272896423705
1,1,0.9361067706157402,0.23754814347332903,0.8722135412314804
0,0,0.9371293720203002,0.2347941678553816,0.8742587440406007
0,0,0.9381776690629118,0.2319525647642243,0.8763553381258236
0,0,0.9949772038995501,0.03159968050710026,0.9899544077991003
0,0,0.9996929589442798,0.0027905044239881992,0.9993859178885596
0,0,0.9442433358980346,0.21512855361690839,0.888486671796069
1,1,0.9999999621754697,6.842574025723138e-07,0.9999999243509394
1,1,0.9999999581697467,7.525114465350048e-07,0.9999999163394935
1,1,0.9999992853134116,1.0828517648288069e-05,0.9999985706268233
0,0,0.9990203761123797,0.007766313075384094,0.9980407522247594
0,0,0.9371578292409705,0.23471727690656022,0.8743156584819408
0,0,0.9376134196975908,0.23348440263652043,0.8752268393951815
1,0,0.9816960315606809,0.0913629597595983,0.9633920631213616
1,1,0.9359384925232418,0.2379996521968926,0.8718769850464835
1,1,0.9999978599233332,3.0078066690105206e-05,0.9999957198466665
0,0,0.9851060236392802,0.07743846250546588,0.9702120472785605
1,1,0.9999999566197619,7.78816771380435e-07,0.9999999132395239
1,1,0.9999999574092036,7.654259344934964e-07,0.9999999148184071
0,0,0.9993683917756013,0.005284618885158073,0.9987367835512028
1,1,0.99999996385483,6.555187727464619e-07,0.9999999277096601
0,0,0.9371327893107435,0.23478493511829823,0.8742655786214871
1,1,0.9148505584384411,0.2911693728758482,0.8297011168768822
0,0,0.9979474898123699,0.014752755217376075,0.9958949796247397
1,1,0.9938943825790614,0.037216711628764367,0.9877887651581226
0,0,0.9209138973922162,0.27653162337010906,0.8418277947844325
1,1,0.9360799099441726,0.23762024534904458,0.8721598198883452
0,0,0.9998995385186045,0.0010252783283110638,0.9997990770372089
0,0,0.9976658430649549,0.016476665634852967,0.9953316861299096
0,0,0.9551590370780775,0.1830349761365296,0.910318074156155
1,1,0.9359434540572854,0.23798634661556634,0.8718869081145708
1,1,0.9374299832101299,0.23398122586952524,0.8748599664202599
0,0,0.948993728848382,0.20146755565940902,0.897987457696764
1,1,0.9999999589023253,7.400587430968554e-07,0.9999999178046507
1,1,0.9999990812025298,1.3690265752925043e-05,0.9999981624050596
1,1,0.9999999522035974,8.534676426564379e-07,0.9999999044071947
1,1,0.7033530898517912,0.607996409232124,0.40670617970358275
1,0,0.9969866807715179,0.020500228136927697,0.9939733615430358
1,1,0.9359420331366021,0.23799015720795735,0.8718840662732043
1,0,0.9759064468837922,0.1135689686659768,0.9518128937675844
0,0,0.9998390108475902,0.001567083393250242,0.9996780216951804
1,1,0.9360524372974202,0.2376939774712143,0.8721048745948403
1,1,0.9361067706157402,0.23754814347332903,0.8722135412314804
1,1,0.8880141031817282,0.3506472963648915,0.7760282063634565
0,0,0.9376638249167849,0.2333477833978551,0.8753276498335697
0,0,0.9371706497954455,0.2346826314836739,0.874341299590891
1,1,0.9999999491377837,9.0504967669996e-07,0.9999998982755673
1,1,0.9999999491377837,9.0504967669996e-07,0.9999998982755673
0,0,0.9382493075732979,0.2317576870620465,0.8764986151465958
0,0,0.99942973419528,0.004829651125758505,0.9988594683905602
0,0,0.99953966304966,0.003997253798936719,0.99907932609932
1,1,0.9359384925232418,0.2379996521968926,0.8718769850464835
1,0,0.9998099888409546,0.00181808999484007,0.9996199776819094
1,1,0.935572508579508,0.23897999855086405,0.8711450171590163
0,0,0.937157703977386,0.23471761539686015,0.8743154079547721
1,1,0.9490290935376237,0.20136415570963612,0.8980581870752471
0,0,0.9554749411546172,0.18206753508775675,0.9109498823092345
1,1,0.9359384925232418,0.2379996521968926,0.8718769850464835
0,0,0.9371660038616549,0.2346951866719424,0.87433200772331
0,0,0.9995520879673097,0.003901622734575647,0.9991041759346193
1,1,0.9361067706157402,0.23754814347332903,0.8722135412314804
0,0,0.9374211744552117,0.2340050692380857,0.8748423489104233
1,1,0.9999999549502822,8.070881798928859e-07,0.9999999099005643
1,1,0.99999996385483,6.555187727464619e-07,0.9999999277096601
1,0,0.9964865110600069,0.023362547435134304,0.9929730221200137
0,1,0.7570552759346723,0.5544505469481769,0.5141105518693445
0,0,0.9576485475499598,0.17534650729146795,0.9152970950999195
1,1,0.6957917873726017,0.6143878588189697,0.39158357474520356
1,1,0.9999989192002068,1.592862059691795e-05,0.9999978384004136
1,0,0.9979474971654144,0.014752709726744162,0.9958949943308288
0,0,0.9691811264733575,0.13757723205120337,0.9383622529467152
1,0,0.9372211004937099,0.23454626972522413,0.8744422009874199
0,0,0.9995519196044396,0.003902920859054663,0.9991038392088794
1,1,0.9248657216707482,0.26672168159010656,0.8497314433414964
0,0,0.9998390137935849,0.0015670576628702625,0.9996780275871696
1,1,0.9965854419950831,0.022802411515281677,0.9931708839901665
0,0,0.9985932314126297,0.01064326826370006,0.9971864628252595
0,0,0.9580891593599553,0.17397006766349485,0.9161783187199106
0,0,0.9371956451661169,0.23461507761161476,0.8743912903322335
1,1,0.9360012089100521,0.2378314324697362,0.8720024178201042
0,0,0.93716295132916,0.23470343564725196,0.8743259026583201
1,0,0.8679012509953661,0.390356957197713,0.7358025019907323
1,1,0.9999979464185326,2.8947128713787058e-05,0.9999958928370651
0,0,0.9371471532933481,0.23474612475528236,0.874294306586696
0,0,0.9998390140502638,0.0015670554210274936,0.9996780281005275
1,1,0.9346792414978277,0.24136344964677736,0.8693584829956554
1,1,0.8496162345326288,0.42337419064311893,0.6992324690652577
1,1,0.9359575630951236,0.23794850749508703,0.8719151261902472
0,0,0.941078090555643,0.22399075607020447,0.8821561811112858
0,0,0.9371657586065449,0.23469584944005245,0.8743315172130899
1,1,0.9622633523405264,0.16068314845067094,0.9245267046810528
0,0,0.9996836041543,0.0028660269151899835,0.9993672083086
0,0,0.9371664114132916,0.23469408531759414,0.8743328228265831
1,1,0.9359420331366021,0.23799015720795735,0.8718840662732043
1,0,0.9954725668913288,0.028954442375062433,0.9909451337826576
0,0,0.9597718235704912,0.1686686280188351,0.9195436471409824
0,1,0.9388905211684482,0.23000944245816524,0.8777810423368962
0,0,0.9371568703423111,0.23471986805902056,0.8743137406846224
1,1,0.9890122576933935,0.060492585198898705,0.978024515386787
1,1,0.9999999491377837,9.0504967669996e-07,0.9999998982755673
1,0,0.9965146883869289,0.023203298740029837,0.9930293767738578
0,0,0.9997507655624092,0.0023171305625478075,0.9995015311248184
1,0,0.9976661182591591,0.01647499855605113,0.9953322365183181
1,0,0.8892172339272375,0.3481487752686817,0.7784344678544749
1,1,0.7066802749468718,0.6050974094546591,0.4133605498937436
1,1,0.8441347293481685,0.4327495043777509,0.6882694586963369
0,0,0.9976661398159815,0.016474867967182935,0.995332279631963
1,1,0.9999949638471014,6.64715050637734e-05,0.9999899276942028
1,1,0.9971493196675569,0.019552163319496343,0.9942986393351139
0,0,0.9979474812510202,0.01475280818332163,0.9958949625020403
1,1,0.9360326536619763,0.2377470657261907,0.8720653073239524
0,0,0.9998390108475902,0.001567083393250242,0.9996780216951804
0,0,0.9371548860705473,0.234725229942752,0.8743097721410944
0,0,0.9371686833102587,0.23468794576509175,0.8743373666205178
0,0,0.9993223141557993,0.005622412348505144,0.9986446283115986
1,0,0.9976661366145169,0.016474887361317695,0.9953322732290337
0,0,0.9371566021874161,0.23472059266900014,0.8743132043748321
1,1,0.8348369303933989,0.4481331041845545,0.6696738607867976
0,0,0.9979576681925532,0.014689759941597162,0.9959153363851062
1,1,0.9999999566197619,7.78816771380435e-07,0.9999999132395239
1,1,0.8602679960866524,0.4044766960335323,0.7205359921733047
0,0,0.9372331998114068,0.23451356039316848,0.8744663996228137
0,0,0.9919877384881128,0.04665351869429692,0.9839754769762256
1,1,0.7640951988369583,0.5463133234390612,0.5281903976739168
0,0,0.9496915607891258,0.1994224243074746,0.8993831215782514
0,0,0.9371718710101917,0.23467933120768839,0.8743437420203832
0,0,0.9540710719799543,0.18634908277536627,0.9081421439599087
0,0,0.9995421252289624,0.003978330050863883,0.9990842504579248
1,1,0.9966997549495331,0.022151596633545233,0.9933995098990663
1,0,0.9998052168709779,0.001858917930062258,0.9996104337419557
0,0,0.9989703556528592,0.008111565793623474,0.9979407113057184
0,0,0.9979473229268665,0.01475378767062947,0.995894645853733
1,1,0.9999999589023253,7.400587430968554e-07,0.9999999178046507
0,0,0.9718194201624231,0.12835965693384693,0.943638840324846
1,1,0.9359384925232418,0.2379996521968926,0.8718769850464835
0,0,0.9480255516091206,0.2042883517030522,0.8960511032182412
0,0,0.9998390114230352,0.0015670783673047521,0.9996780228460705
0,0,0.9992987966092376,0.005793596169889139,0.9985975932184752
0,0,0.9995304526507283,0.004067926561096152,0.9990609053014565
0,0,0.9371247656392753,0.23480661292956076,0.8742495312785505
0,0,0.9992652149165274,0.0060366746307495,0.998530429833055
0,0,0.9998293532843691,0.001651148576511614,0.9996587065687383
1,1,0.9464131926305722,0.20894391773625776,0.8928263852611447
0,0,0.9979472545551921,0.014754210654657934,0.9958945091103841
1,1,0.9999999633171419,6.647284671280214e-07,0.9999999266342838
1,1,0.9999993443991884,9.989857288865364e-06,0.9999986887983767
1,1,0.9999999589023253,7.400587430968554e-07,0.9999999178046507
1,0,0.9370781702427273,0.23493247961878444,0.8741563404854547
1,1,0.9592329039901252,0.1703744047078574,0.9184658079802505
0,0,0.9989914746941777,0.007966101034996537,0.9979829493883553
0,1,0.8887691759428334,0.3490809593872764,0.7775383518856669
0,0,0.93976809504729,0.2276051409689628,0.87953619009458
0,0,0.9991857962604693,0.006605547588278216,0.9983715925209387
0,0,0.9371266844023052,0.2348014290451779,0.8742533688046106
1,1,0.9361067706157402,0.23754814347332903,0.8722135412314804
0,0,0.9608581529503061,0.16520723614590432,0.921716305900612
1,1,0.9360012089100521,0.2378314324697362,0.8720024178201042
1,1,0.999999390736933,9.328436197382177e-06,0.999998781473866
1,1,0.9361067706157402,0.23754814347332903,0.8722135412314804
1,1,0.9999994374718272,8.657772293654245e-06,0.9999988749436544
0,0,0.9517575096749109,0.1933074818373249,0.9035150193498218
1,1,0.7429515818409064,0.569946959484601,0.4859031636818127
0,0,0.9994308501455784,0.004821315181028386,0.9988617002911568
1,1,0.9360041430376882,0.2378235608594081,0.8720082860753764
0,0,0.9993381562028503,0.005506639662837687,0.9986763124057005
1,0,0.9221665921979623,0.2734456458273191,0.8443331843959244
0,0,0.9384972342973047,0.23108256950330386,0.8769944685946094
1,0,0.9372211004937099,0.23454626972522413,0.8744422009874199
0,0,0.9979474871813113,0.014752771494778313,0.9958949743626226
1,1,0.9361067706157402,0.23754814347332903,0.8722135412314804
1,1,0.9969976420649111,0.02043661403264799,0.9939952841298221
0,0,0.9372522439735631,0.23446207130636953,0.874504487947126
1,0,0.9372211004937099,0.23454626972522413,0.8744422009874199
0,0,0.9993821481280339,0.005183130209252289,0.998764296256068
1,1,0.9999999531529851,8.374549724531441e-07,0.9999999063059701
1,0,0.9373558745414385,0.23418178055485991,0.874711749082877
1,1,0.99999996385483,6.555187727464619e-07,0.9999999277096601
0,0,0.9984995215670225,0.011255419808841972,0.996999043134045
1,0,0.9666771562419334,0.14610942279795602,0.9333543124838669
0,0,0.9993332303085714,0.005542678019223996,0.9986664606171426
1,1,0.9999999621754697,6.842574025723138e-07,0.9999999243509394
0,0,0.9425151768747647,0.2199900924577573,0.8850303537495294
0,0,0.9727795006763227,0.12494343895501017,0.9455590013526455
1,1,0.9999994216286531,8.885547582697673e-06,0.9999988432573063
1,1,0.9281924490557129,0.25828962285690876,0.8563848981114257
0,0,0.9371645736004398,0.23469905174122765,0.8743291472008796
1,0,0.6667555527056662,0.6364525394100611,0.3335111054113326
1,1,0.9604358815730932,0.1665564101085169,0.9208717631461867
0,0,0.9979474848249698,0.014752786072604617,0.9958949696499394
0,0,0.99930525252923,0.005746683375077308,0.9986105050584599
1,1,0.9999999491377837,9.0504967669996e-07,0.9999998982755673
0,0,0.9995501414234734,0.003916627268591397,0.9991002828469469
0,0,0.9998020721535166,0.0018857593456355537,0.9996041443070331
1,1,0.9999999540681559,8.220012039651388e-07,0.9999999081363118
1,1,0.6353802807065515,0.6560299866719621,0.2707605614131031
0,0,0.9372282883474508,0.2345268383597129,0.8744565766949014
1,1,0.7066781037356608,0.6050993186221125,0.4133562074713213
1,1,0.9372312761147082,0.2345187610870059,0.8744625522294164
1,0,0.999958973062678,0.0004554507468478425,0.999917946125356
1,1,0.9360040479540973,0.2378238159497382,0.8720080959081946
0,0,0.9371624623092125,0.23470475712985442,0.874324924618425
1,1,0.9360012089100521,0.2378314324697362,0.8720024178201042
0,1,0.9388904618090004,0.23000960463003906,0.8777809236180005
1,1,0.9999999512187996,8.700576279406352e-07,0.9999999024375992
0,0,0.9371661593301247,0.23469476653931595,0.8743323186602494
0,0,0.999269594988495,0.006005058456184993,0.9985391899769899
0,0,0.9483687433803315,0.20329065236715893,0.896737486760663
0,1,0.9388904618090004,0.23000960463003906,0.8777809236180005
0,0,0.9983749737258863,0.012059999795366934,0.9967499474517726
1,0,0.9212999232681836,0.27558297116484104,0.842599846536367
1,0,0.9998923801107591,0.0010909268110578293,0.9997847602215182
1,1,0.9999984632039359,2.210805621546729e-05,0.9999969264078717
0,0,0.9991092090342449,0.0071467760433854555,0.9982184180684898
1,1,0.9315808770733133,0.24953037900846448,0.8631617541466265
1,0,0.9373558745414385,0.23418178055485991,0.874711749082877
1,1,0.7409289460508408,0.5720830244671193,0.48185789210168156
0,0,0.9995504380340603,0.003914341451789987,0.9991008760681206
1,1,0.9138982270602494,0.29342474197421825,0.8277964541204988
0,0,0.9979472545551921,0.014754210654657934,0.9958945091103841
0,0,0.9673604352632427,0.1438011026709095,0.9347208705264854
1,0,0.7358617587479782,0.5773410353266527,0.47172351749595626
0,0,0.9979474916986252,0.014752743547798253,0.9958949833972502
0,0,0.937137696287322,0.2347716772433749,0.8742753925746442
1,1,0.9999991071116028,1.3329755690644676e-05,0.9999982142232056
1,1,0.9999995778981711,6.617720511349921e-06,0.9999991557963421
1,0,0.9212999232681836,0.27558297116484104,0.842599846536367
1,1,0.9999982721671562,2.465382787273434e-05,0.9999965443343124
0,0,0.999305421481113,0.005745454860242213,0.998610842962226
1,1,0.9361067706157402,0.23754814347332903,0.8722135412314804
0,0,0.9371150057620031,0.23483298003105535,0.8742300115240063
0,0,0.9371709181059278,0.23468190638926026,0.8743418362118558
1,1,0.9999999633171419,6.647284671280214e-07,0.9999999266342838
0,1,0.9470184211693288,0.20720245457237485,0.8940368423386578
0,0,0.9996452937025277,0.0031725084010333416,0.9992905874050554
1,1,0.9541032695961559,0.18625139487037465,0.9082065391923115
0,0,0.994102163357965,0.03615500625693963,0.98820432671593
1,0,0.969148986323335,0.1376880444233465,0.9382979726466701
0,0,0.937164294010599,0.2346998072873397,0.8743285880211981
1,1,0.9359731431030062,0.23790671951201328,0.8719462862060123
0,0,0.9995466589735809,0.003943450020309068,0.9990933179471616
1,0,0.9799207378761461,0.09834742716175011,0.9598414757522921
1,1,0.6794542378145723,0.6272801535117462,0.35890847562914435
0,0,0.9606980892136433,0.16571920152261727,0.9213961784272865
0,0,0.9979474888696432,0.014752761049683455,0.9958949777392864
0,0,0.9998039894717005,0.0018694002688119948,0.9996079789434008
1,0,0.9649271899545047,0.15195589551619235,0.9298543799090093
1,1,0.8942022243770054,0.33763835980760926,0.7884044487540108
0,0,0.9998390111282263,0.0015670809421712926,0.9996780222564525
1,1,0.860066547286222,0.40484266404956015,0.7201330945724441
0,0,0.9991860780123653,0.00660354358323913,0.9983721560247304
1,1,0.9359434540572854,0.23798634661556634,0.8718869081145708
1,0,0.9244099104320701,0.2678644450416642,0.8488198208641402
1,1,0.9999999633171419,6.647284671280214e-07,0.9999999266342838
1,1,0.9999999522035974,8.534676426564379e-07,0.9999999044071947
0,0,0.9371624324316868,0.23470483786800478,0.8743248648633736
1,0,0.933767559467751,0.24378256091452596,0.8675351189355021
1,1,0.9999999615701641,6.945974433749538e-07,0.9999999231403283
0,0,0.9995338817221732,0.004041636097132707,0.9990677634443464
0,0,0.9372014969054454,0.2345992608438274,0.8744029938108907
0,0,0.9984878929434636,0.011330966311139879,0.9969757858869271
0,0,0.9978862047492795,0.015130995812507934,0.9957724094985589
1,1,0.933159606126086,0.24538826052260104,0.8663192122521719
1,1,0.9973853575372913,0.018159527162130092,0.9947707150745825
0,0,0.9583981907876956,0.1730017938774397,0.9167963815753912
1,1,0.9999988760402431,1.652069338282772e-05,0.9999977520804862
0,0,0.9398489694274621,0.22738288639454857,0.8796979388549243
1,1,0.9999999491377837,9.0504967669996e-07,0.9999998982755673
1,0,0.9372211004937099,0.23454626972522413,0.8744422009874199
1,1,0.9999978599233332,3.0078066690105206e-05,0.9999957198466665
0,0,0.9988555766140914,0.008894781204639985,0.9977111532281829
0,0,0.9993944522121999,0.005092096303591436,0.9987889044243997
1,1,0.9999999589023253,7.400587430968554e-07,0.9999999178046507
0,0,0.9976279273719352,0.016706043077567494,0.9952558547438703
0,0,0.9998293529884159,0.0016511511441264564,0.9996587059768318
1,1,0.9616496642661053,0.16266551437883495,0.9232993285322105
1,0,0.9400837934035605,0.2267368997186886,0.8801675868071209
0,0,0.9371700666931597,0.2346842072815153,0.8743401333863194
1,1,0.9942078373395419,0.0356122308492296,0.9884156746790838
0,0,0.9371661629082036,0.23469475687003416,0.8743323258164073
0,0,0.9742756236794968,0.11954998278264153,0.9485512473589938
1,1,0.97217689667989,0.12709165540471265,0.9443537933597799
1,0,0.9672572683164834,0.14415057182103766,0.9345145366329666
0,0,0.9998390135998848,0.0015670593546506376,0.9996780271997697
0,0,0.9979474898123699,0.014752755217376075,0.9958949796247397
0,0,0.9995687601928535,0.003772757761785624,0.9991375203857068
1,1,0.9999999491377837,9.0504967669996e-07,0.9999998982755673
0,1,0.9999991587065148,1.260958004776769e-05,0.9999983174130295
0,0,0.9391244476202718,0.22936987048600516,0.8782488952405436
1,0,0.9770200556598492,0.10942025550038231,0.9540401113196982
0,0,0.9371457978397988,0.23474978723493828,0.8742915956795974
0,0,0.9989136530740551,0.008500003420104844,0.9978273061481103
1,1,0.9359874819562467,0.23786825691770877,0.8719749639124935
1,1,0.9999999596078267,7.280539692532008e-07,0.9999999192156535
1,0,0.9214826042316072,0.2751333198481814,0.8429652084632143
0,0,0.9371766508877353,0.234666413567616,0.8743533017754703
1,1,0.9601471131274759,0.16747633216379573,0.9202942262549517
1,1,0.9999999581697467,7.525114465350048e-07,0.9999999163394935
1,0,0.9370782312486103,0.23493231484957744,0.8741564624972206
1,1,0.9999999633171419,6.647284671280214e-07,0.9999999266342838
0,0,0.9976659220146329,0.01647618737471162,0.9953318440292657
0,0,0.938181010654698,0.2319434766253156,0.8763620213093959
1,1,0.9360012089100521,0.2378314324697362,0.8720024178201042
0,0,0.9375611486683338,0.23362603312566793,0.8751222973366678
0,0,0.9367240332527185,0.23588789720793937,0.873448066505437
1,1,0.9999982561931604,2.4865707471901114e-05,0.9999965123863209
1,1,0.9999999558004616,7.926988957045926e-07,0.9999999116009233
0,0,0.9374987837417786,0.23379495238215714,0.8749975674835573
1,0,0.9999944954804167,7.216391215283304e-05,0.9999889909608336
1,1,0.9999999540681559,8.220012039651388e-07,0.9999999081363118
1,1,0.9359384925232418,0.2379996521968926,0.8718769850464835
1,1,0.9999999602871033,7.164837943213794e-07,0.9999999205742065
1,0,0.9224750635050613,0.27268239323064464,0.8449501270101225
0,0,0.9783082192377606,0.10455214213354197,0.9566164384755211
0,0,0.9995470788458232,0.003940217476023646,0.9990941576916463
1,1,0.9999999581697467,7.525114465350048e-07,0.9999999163394935
1,0,0.9927803162641077,0.042793416016945744,0.9855606325282152
0,0,0.9371587219530875,0.23471486459047952,0.8743174439061748
1,1,0.9356876251351568,0.23867188061066358,0.8713752502703135
1,0,0.9370782312486103,0.23493231484957744,0.8741564624972206
1,1,0.9360549328381407,0.2376872803659442,0.8721098656762815
0,0,0.9906838220955773,0.052835121177881375,0.9813676441911546
0,0,0.9998191570356709,0.001739309848614045,0.9996383140713421
0,0,0.9995825703519942,0.003665527294132765,0.9991651407039883
1,1,0.9999994019755666,9.167495642625504e-06,0.9999988039511332
1,1,0.9999999627575701,6.743046260463807e-07,0.99999992551514
0,0,0.9371336302182189,0.23478266314826557,0.8742672604364381
0,0,0.9997156774686563,0.002605889672198553,0.9994313549373126
1,0,0.9390298914481191,0.22962850901633705,0.8780597828962383
0,0,0.9371731749759601,0.23467580727295723,0.87434634995192
1,1,0.9999993917449935,9.314008990986262e-06,0.9999987834899872
1,1,0.9361711308343218,0.237375332789026,0.8723422616686437
0,0,0.9371687590871224,0.23468774098491416,0.874337518174245
0,0,0.9373060957248773,0.23431644068322757,0.8746121914497547
0,0,0.9371620916623544,0.2347057587291842,0.8743241833247087
1,1,0.9346367984795297,0.24147637125005683,0.8692735969590596
1,0,0.9507763849485367,0.19622284889835073,0.9015527698970734
1,0,0.5,0.6931471805599453,0.0
1,1,0.9973215515538082,0.018538016233025353,0.9946431031076163
1,1,0.9999965700497574,4.6588887540877545e-05,0.9999931400995148
1,1,0.9999999531529851,8.374549724531441e-07,0.9999999063059701
1,1,0.7994445837395814,0.5011714306137977,0.598889167479163
0,0,0.9994848232133968,0.004415447738941912,0.9989696464267935
1,0,0.9999582567300337,0.000462680377509627,0.9999165134600674
0,0,0.9995271664997383,0.0040930977513480475,0.9990543329994765
1,1,0.9999999627575701,6.743046260463807e-07,0.99999992551514
0,0,0.938355963406996,0.23146738786013138,0.876711926813992
1,1,0.999999085547567,1.3629858580646313e-05,0.999998171095134
0,0,0.9985925661268951,0.01064763574178487,0.9971851322537902
0,0,0.9997330119593273,0.0024638118779587753,0.9994660239186547
0,0,0.9949550261197254,0.031716923726927866,0.9899100522394508
0,0,0.9632325447129277,0.1575312255418867,0.9264650894258555
1,0,0.9969866807715179,0.020500228136927697,0.9939733615430358
1,1,0.9999999581697467,7.525114465350048e-07,0.9999999163394935
0,0,0.9371493029358117,0.2347403162873425,0.8742986058716236
0,0,0.9402935865996125,0.226158943311547,0.880587173199225
1,1,0.9360012089100521,0.2378314324697362,0.8720024178201042
0,0,0.9388025385458939,0.2302497463600273,0.8776050770917877
1,0,0.9954395148549717,0.029132573167970452,0.9908790297099433
0,0,0.9371580033078264,0.2347168065384318,0.8743160066156527
1,1,0.9999999581697467,7.525114465350048e-07,0.9999999163394935
0,0,0.968389637395204,0.1402961421567983,0.936779274790408
1,1,0.9999999522035974,8.534676426564379e-07,0.9999999044071947
0,0,0.9990226600871117,0.007750488488996813,0.9980453201742233
0,0,0.9371501529605981,0.23473801944573697,0.8743003059211962
1,1,0.9999853335392932,0.00017790328724636453,0.9999706670785863
0,0,0.9964781484411098,0.0234097664002091,0.9929562968822196
0,0,0.9988926601021567,0.00864305449899102,0.9977853202043135
0,0,0.9979474857674034,0.01475278024211088,0.9958949715348069
1,0,0.9820199655532759,0.0900700646249942,0.9640399311065517
1,1,0.9706862079641497,0.13234869035526156,0.9413724159282995
1,1,0.8183094133157811,0.47394734537031474,0.6366188266315622
0,0,0.999930528046949,0.0007346348289372017,0.9998610560938981
1,1,0.9999999574092036,7.654259344934964e-07,0.9999999148184071
0,0,0.9371407261557555,0.2347634908137891,0.8742814523115109
1,1,0.7139619164707209,0.5985660247100055,0.42792383294144176
0,0,0.9976658430649549,0.016476665634852967,0.9953316861299096
0,0,0.9998293532646324,0.0016511487477431496,0.9996587065292648
1,0,0.9999632510206674,0.0004120068355311837,0.9999265020413348
0,0,0.9700975846261581,0.13440279059513346,0.9401951692523163
1,1,0.9999992080131153,1.1918389353705625e-05,0.9999984160262305
1,0,0.9999282337866406,0.0007565637899825982,0.9998564675732813
0,0,0.99959110127532,0.0035990605670392292,0.9991822025506402
0,0,0.9371313489872855,0.23478882656697808,0.8742626979745709
1,1,0.9594965617884365,0.1695408145253383,0.9189931235768728
1,0,0.9979474971654144,0.014752709726744162,0.9958949943308288
1,1,0.9999999491377837,9.0504967669996e-07,0.9999998982755673
1,0,0.9999536737418846,0.000508652051184458,0.9999073474837691
0,0,0.9371449171474402,0.23475216687767048,0.8742898342948803
0,0,0.937157093963359,0.23471926378777272,0.8743141879267179
0,0,0.957401788797685,0.17611526979847314,0.91480357759537
0,0,0.9378510545513133,0.23283993187325008,0.8757021091026267
0,0,0.9998293507382586,0.0016511706658978637,0.9996587014765173
0,0,0.994813102786554,0.03246490198505016,0.989626205573108
1,1,0.9361067706157402,0.23754814347332903,0.8722135412314804
0,0,0.9371433711535156,0.23475634414243784,0.8742867423070314
1,1,0.9999992040278974,1.1974366554671296e-05,0.9999984080557949
0,0,0.9995871788762366,0.003629642928537502,0.9991743577524732
1,1,0.9999999522035974,8.534676426564379e-07,0.9999999044071947
1,1,0.996744981189894,0.021893021980823817,0.9934899623797879
1,1,0.999999308622176,1.0498281212903444e-05,0.9999986172443521
0,0,0.9979474907557844,0.014752749380812651,0.9958949815115686
1,1,0.9275281387155792,0.259986457529905,0.8550562774311582
1,1,0.9999999566197619,7.78816771380435e-07,0.9999999132395239
0,0,0.937130555396889,0.23479097066496743,0.874261110793778
0,0,0.9986423824311108,0.010319719229756195,0.9972847648622216
0,0,0.9997315693252359,0.0024756780369104415,0.9994631386504718
1,1,0.8878441109281692,0.3509991395921301,0.7756882218563383
0,0,0.9906820209548605,0.05284352628283601,0.9813640419097209
1,1,0.936003922715659,0.23782415193928585,0.8720078454313179
1,1,0.9361067706157402,0.23754814347332903,0.8722135412314804
1,1,0.9968752301629655,0.021144788263145742,0.9937504603259312
1,1,0.7006041056899579,0.610351575349086,0.40120821137991547
0,0,0.99908814906465,0.007294422649991923,0.9981762981293
1,1,0.9999999633171419,6.647284671280214e-07,0.9999999266342838
0,0,0.9851751313470747,0.07714861433859709,0.9703502626941494
0,0,0.9994861854186093,0.004405133381178299,0.9989723708372187
1,1,0.9999999596078267,7.280539692532008e-07,0.9999999192156535
0,0,0.9979474938575844,0.014752730191096696,0.9958949877151689
0,0,0.9999546011267071,0.0004993876321352533,0.9999092022534142
0,0,0.9993943255921203,0.005093034389562073,0.9987886511842407
1,1,0.7924313363571429,0.5107174643396399,0.5848626727142859
1,1,0.9999999596078267,7.280539692532008e-07,0.9999999192156535
1,0,0.9976660861614074,0.016475193000345053,0.9953321723228146
0,1,0.9361067706157402,0.23754814347332903,0.8722135412314804
0,0,0.997947493386702,0.014752733104277136,0.9958949867734038
1,1,0.9127910815697257,0.2960322703732461,0.8255821631394513
1,0,0.9990371943706783,0.00764966157275969,0.9980743887413567
1,1,0.9755153363603452,0.1150133981385546,0.9510306727206902
0,0,0.9976150775300987,0.01678364206656347,0.9952301550601974
1,0,0.9370782312486103,0.23493231484957744,0.8741564624972206
0,0,0.9995505940341162,0.003913139165475026,0.9991011880682323
0,0,0.9997725331370488,0.0021355481322355334,0.9995450662740977
1,1,0.9999999635989749,6.599021317937191e-07,0.9999999271979497
1,1,0.9749439383129523,0.11711217016091335,0.9498878766259047
1,1,0.6138833198762628,0.6669792977272575,0.22776663975252553
1,1,0.7390202384854087,0.5740792242678561,0.4780404769708172
1,1,0.9361067706157402,0.23754814347332903,0.8722135412314804
0,0,0.9979474898123699,0.014752755217376075,0.9958949796247397
0,0,0.9989283500085799,0.008399613801785687,0.9978567000171598
1,1,0.9999983839420007,2.3167031607477527e-05,0.9999967678840015
0,0,0.9994517710078826,0.004664630131380083,0.9989035420157653
1,1,0.9999999566197619,7.78816771380435e-07,0.9999999132395239
1,1,0.7409284511836592,0.5720835444740875,0.4818569023673186
1,1,0.999999436897726,8.666033788787326e-06,0.999998873795452
1,0,0.9372211004937099,0.23454626972522413,0.8744422009874199
0,0,0.9998390105668812,0.0015670858449650987,0.9996780211337625
1,1,0.7954585176386569,0.5066341630588069,0.5909170352773138
0,0,0.9371611563804215,0.23470828613200084,0.8743223127608433
0,0,0.9990845683162904,0.00731947771590678,0.9981691366325809
1,1,0.9083569406588078,0.30632287078829673,0.8167138813176156
0,0,0.9996512342043551,0.0031252678100202494,0.9993024684087102
1,0,0.6672508099210801,0.6361085030679205,0.3345016198421601
0,0,0.9370990643440557,0.2348760435908163,0.8741981286881114
1,1,0.9999972880858873,3.747283463079251e-05,0.9999945761717746
1,1,0.7194721839283197,0.5934511287817746,0.43894436785663954
1,1,0.9361067706157402,0.23754814347332903,0.8722135412314804
0,0,0.9371749138233535,0.2346711080366281,0.8743498276467072
1,0,0.9998311096796113,0.0016359014685711746,0.9996622193592227
1,1,0.8104901997741585,0.48551138879844585,0.6209803995483171
0,0,0.9993030815765219,0.005762465561431978,0.9986061631530437
0,0,0.9789726833035056,0.10201076261183026,0.9579453666070114
1,0,0.9236700826652966,0.26971294344806024,0.8473401653305932
0,0,0.9995521074782677,0.0039014722955772693,0.9991042149565355
0,1,0.9374299225011079,0.2339813902000665,0.8748598450022159
1,0,0.9405494240026276,0.2254530791495598,0.8810988480052554
1,1,0.9999999558004616,7.926988957045926e-07,0.9999999116009233
0,0,0.9371599981362776,0.2347114160227367,0.8743199962725553
0,0,0.9970703866103966,0.020013415325451173,0.9941407732207932
0,0,0.9371363792163148,0.23477523580113677,0.8742727584326295
1,1,0.9396969326657411,0.22780060998192872,0.8793938653314821
0,0,0.9993675087764172,0.005291122977962267,0.9987350175528344
1,1,0.9359384925232418,0.2379996521968926,0.8718769850464835
1,0,0.8465923852903959,0.42857468392862963,0.6931847705807918
0,0,0.937165009405587,0.23469787404598708,0.8743300188111741
1,1,0.9999999566197619,7.78816771380435e-07,0.9999999132395239
0,0,0.9951746692599126,0.030551385884634005,0.9903493385198252
1,1,0.6643973452257648,0.6380755680393214,0.32879469045152954
1,1,0.9360012089100521,0.2378314324697362,0.8720024178201042
1,0,0.9976661090936936,0.016475054079376193,0.9953322181873872
0,0,0.9976659231046663,0.01647618077150444,0.9953318462093327
0,0,0.9965788702135892,0.022839708490208582,0.9931577404271783
0,0,0.9974326057922249,0.017878252452322357,0.9948652115844497
0,0,0.9996769134709863,0.002919871508102656,0.9993538269419727
0,0,0.9979474910291949,0.014752747689320632,0.9958949820583898
0,0,0.96127335768014,0.16387601779723038,0.92254671536028
0,0,0.9380743202086589,0.23223354799961704,0.8761486404173178
0,0,0.9548800364503368,0.1838874639919873,0.9097600729006737
0,0,0.998184604098788,0.013271530632799167,0.9963692081975759
1,1,0.9999999512187996,8.700576279406352e-07,0.9999999024375992
1,1,0.9999999549502822,8.070881798928859e-07,0.9999999099005643
1,1,0.9361067706157402,0.23754814347332903,0.8722135412314804
1,0,0.9999002836841911,0.0010184158346385696,0.9998005673683822
1,1,0.9999999512187996,8.700576279406352e-07,0.9999999024375992
0,0,0.9979474912269863,0.014752746465656268,0.9958949824539727
0,0,0.9371740994911162,0.23467330877647746,0.8743481989822324
0,1,0.9374299832101299,0.23398122586952524,0.8748599664202599
1,0,0.9970995791495377,0.019843077896164654,0.9941991582990756
1,0,0.9955163849508241,0.02871791514973568,0.991032769901648
1,1,0.9361067706157402,0.23754814347332903,0.8722135412314804
0,0,0.9371663147295268,0.23469434659292504,0.8743326294590537
0,0,0.9996252014191849,0.0033315599873643843,0.9992504028383697
0,0,0.9371410998183951,0.2347624812004474,0.8742821996367901
0,0,0.9979670331367645,0.014631754230335298,0.9959340662735292
0,0,0.9990761579835387,0.007378271115196505,0.9981523159670773
0,0,0.9976659002370449,0.016476319298915056,0.9953318004740898
0,0,0.995996392202134,0.02609773720511278,0.9919927844042679
1,1,0.9359994011523401,0.23783628220911388,0.8719988023046805
1,1,0.814870464167791,0.47908316333157563,0.6297409283355819
0,1,0.9361067706157402,0.23754814347332903,0.8722135412314804
0,0,0.988401317257104,0.06322490503729707,0.976802634514208
1,1,0.9361067706157402,0.23754814347332903,0.8722135412314804
1,0,0.9999402460589754,0.0006408756890666607,0.9998804921179505
1,1,0.9999999566197619,7.78816771380435e-07,0.9999999132395239
0,0,0.9989623590426404,0.008166531569319097,0.9979247180852808
0,0,0.992854160748742,0.04242944636738733,0.985708321497484
1,1,0.9360528343750365,0.23769291186919642,0.8721056687500731
0,0,0.937558617678768,0.23363288976031554,0.8751172353575359
0,0,0.9976659220146329,0.01647618737471162,0.9953318440292657
0,0,0.9982159630296145,0.013073394324985879,0.9964319260592288
1,0,0.9457698689943824,0.21078707703591532,0.8915397379887647
1,1,0.9359807698627882,0.23788626188981193,0.8719615397255764
1,1,0.9999999574092036,7.654259344934964e-07,0.9999999148184071
0,0,0.9996077536303125,0.0034688010665575074,0.9992155072606249
0,0,0.9371649208990067,0.23469811322143702,0.8743298417980134
1,1,0.9999991827342963,1.2273125205302188e-05,0.9999983654685927
1,1,0.9359384925232418,0.2379996521968926,0.8718769850464835
1,1,0.9999920915008462,0.00010081413533017435,0.9999841830016925
1,0,0.7766024919055778,0.5311745627981811,0.5532049838111559
0,0,0.9325469589635117,0.247000362712469,0.8650939179270234
1,1,0.9999999566197619,7.78816771380435e-07,0.9999999132395239
1,0,0.9370782312486103,0.23493231484957744,0.8741564624972206
1,0,0.9379080048754767,0.2326853376000964,0.8758160097509533
0,0,0.9973471851539145,0.01838614615244612,0.994694370307829
1,1,0.9604286403263854,0.16657950511875477,0.9208572806527707
0,0,0.9371654569179378,0.234696664710504,0.8743309138358757
1,0,0.999788920685144,0.001997479661228297,0.999577841370288
1,1,0.9353704114388207,0.23952039487401347,0.8707408228776415
0,0,0.9371017703832414,0.23486873389998386,0.8742035407664828
0,0,0.9963392994509874,0.024190890863852385,0.992678598901975
1,1,0.9999999621754697,6.842574025723138e-07,0.9999999243509394
0,0,0.9990336578688863,0.007674215008353598,0.9980673157377725
0,0,0.9998390120942411,0.0015670725049806741,0.9996780241884823
0,0,0.9371677182183943,0.23469055383076867,0.8743354364367886
0,0,0.9388249565071007,0.23018852975482748,0.8776499130142016
1,1,0.8429234557406213,0.4347901693712531,0.6858469114812425
0,0,0.9371519206606537,0.23473324292569944,0.8743038413213073
1,0,0.9372211004937099,0.23454626972522413,0.8744422009874199
1,1,0.9999977734247214,3.1205552255234365e-05,0.9999955468494429
1,0,0.9372211004937099,0.23454626972522413,0.8744422009874199
0,0,0.9371349832989508,0.23477900735954854,0.8742699665979018
0,0,0.9995522415346594,0.0039004386324542626,0.9991044830693188
0,0,0.9995357613612083,0.0040272143319868975,0.9990715227224164
1,1,0.9999935182529003,8.391605050057327e-05,0.9999870365058005
1,1,0.9167363159570465,0.2866689395918051,0.8334726319140929
1,1,0.9999999581697467,7.525114465350048e-07,0.9999999163394935
1,1,0.9360012089100521,0.2378314324697362,0.8720024178201042
0,0,0.937168683166128,0.23468794615459232,0.8743373663322561
1,1,0.9360161548434708,0.23779133436372626,0.8720323096869416
0,0,0.937175135277904,0.23467050955186047,0.8743502705558078
1,1,0.9999999491377837,9.0504967669996e-07,0.9999998982755673
0,0,0.9987830615139472,0.00938357937348825,0.9975661230278945
0,0,0.998160542969755,0.013423188524124854,0.9963210859395101
0,0,0.9978853111739893,0.015136497504128776,0.9957706223479784
1,1,0.9310100266753039,0.2510184512964977,0.8620200533506076
0,0,0.9993385650321563,0.0055036469799670685,0.9986771300643128
1,0,0.9997583292154056,0.0022542599604753826,0.9995166584308113
1,1,0.9360012089100521,0.2378314324697362,0.8720024178201042
1,1,0.9999999501972988,8.872449120709397e-07,0.9999999003945976
1,1,0.9607652000975716,0.16550462948674405,0.9215304001951431
1,1,0.9999999627575701,6.743046260463807e-07,0.99999992551514
0,0,0.9995496220637284,0.003920629221101998,0.999099244127457
1,0,0.9979475052560287,0.01475265967300409,0.9958950105120574
1,1,0.9041810347586116,0.3157979548406693,0.808362069517223
1,1,0.7083603364784623,0.6036132897586325,0.4167206729569246
0,0,0.999528319743183,0.004084266771948808,0.999056639486366
0,0,0.9371705804785226,0.23468281880867053,0.8743411609570454
0,0,0.9993977491927334,0.0050676607315086756,0.9987954983854669
1,1,0.890904021676181,0.3446210776561204,0.7818080433523618
1,1,0.9999999501972988,8.872449120709397e-07,0.9999999003945976
1,1,0.6273062722693679,0.6603737788591648,0.2546125445387358
0,0,0.9371502710916501,0.2347377002442916,0.8743005421833001
0,0,0.9998019300071864,0.0018869714346397867,0.9996038600143728
0,0,0.9371285865663826,0.23479628994418258,0.8742571731327653
1,0,0.9212999232681836,0.27558297116484104,0.842599846536367
0,0,0.992505121261322,0.044143175578030734,0.9850102425226438
0,0,0.9999921343032618,0.00010031119514789607,0.9999842686065237
0,0,0.9998084074391378,0.0018316332577280139,0.9996168148782757
0,0,0.9979474883983598,0.014752763965341694,0.9958949767967197
0,1,0.9562427298156495,0.1797064083350123,0.912485459631299
1,1,0.8264889552926431,0.4614099744815713,0.6529779105852865
0,0,0.9998293536988063,0.0016511449809601226,0.9996587073976128
0,0,0.9410871632507783,0.22396561658518033,0.8821743265015568
1,0,0.8984482401524896,0.32847922174659183,0.7968964803049793
1,1,0.9361067706157402,0.23754814347332903,0.8722135412314804
1,1,0.9360040479540973,0.2378238159497382,0.8720080959081946
1,0,0.9979475133469392,0.014752609617399742,0.9958950266938784
0,0,0.9371488974287508,0.23474141199870335,0.8742977948575016
1,1,0.9999999491377837,9.0504967669996e-07,0.9999998982755673
1,1,0.9999999491377837,9.0504967669996e-07,0.9999998982755673
1,1,0.9378182738418918,0.23292889138028555,0.8756365476837835
1,1,0.9999999602871033,7.164837943213794e-07,0.9999999205742065
0,0,0.9963576303058643,0.024088074007135852,0.9927152606117287
1,1,0.9999999531529851,8.374549724531441e-07,0.9999999063059701
0,0,0.9723964400297451,0.12631057730959383,0.9447928800594902
0,0,0.9371575161496066,0.23471812294914862,0.8743150322992133
1,1,0.9507456643406063,0.19631379963181045,0.9014913286812124
0,0,0.9782727457308567,0.10468722723414994,0.9565454914617132
0,0,0.9385551934833094,0.23092459015103212,0.8771103869666188
1,0,0.9372211004937099,0.23454626972522413,0.8744422009874199
1,0,0.9941128751287117,0.03610007449251012,0.9882257502574234
1,1,0.9293977593457108,0.2551939780936691,0.8587955186914216
1,0,0.9428759235061089,0.21897986958816348,0.8857518470122179
0,0,0.9371579960430295,0.2347168261695715,0.8743159920860588
0,0,0.937513561855173,0.23375493095224054,0.8750271237103461
0,0,0.9356841066273934,0.23868130141655325,0.8713682132547866
1,0,0.9999381645485617,0.0006610829839567402,0.9998763290971232
1,1,0.9361067706157402,0.23754814347332903,0.8722135412314804
0,0,0.9913586987891192,0.04966042565433366,0.9827173975782384
1,1,0.7453891208714033,0.5673442490968097,0.49077824174280643
0,0,0.999523442473624,0.004121595357476714,0.999046884947248
0,0,0.9870778484391581,0.0690343097889945,0.9741556968783163
1,1,0.9694500268501689,0.13664876253519756,0.9389000537003378
0,0,0.999082691068273,0.007332607514042855,0.9981653821365459
1,1,0.700525300701014,0.6104185586735167,0.4010506014020283
0,0,0.9546466321215193,0.18459924371569067,0.9092932642430387
1,1,0.8055620279192868,0.4925944576807309,0.6111240558385734
1,1,0.9999999621754697,6.842574025723138e-07,0.9999999243509394
1,1,0.9999990950558745,1.3497596536702659e-05,0.9999981901117488
0,0,0.9996150235038952,0.003411713973530375,0.9992300470077904
1,1,0.9361067706157402,0.23754814347332903,0.8722135412314804
0,0,0.9614791545427437,0.16321448381841164,0.9229583090854874
0,0,0.9991812970648776,0.006637535632895117,0.9983625941297551
1,1,0.9877179005218139,0.06624284099805039,0.9754358010436278
0,0,0.9371647045660086,0.23469869782760278,0.8743294091320173
0,0,0.9371877501698008,0.23463641621224485,0.8743755003396019
1,0,0.5186650621097709,0.6924502495534951,0.037330124219541905
0,0,0.9371546416540805,0.23472589039840325,0.8743092833081609
1,1,0.9999992646581751,1.1120522950179615e-05,0.9999985293163504
1,0,0.9976661228481213,0.016474970756637175,0.9953322456962427
1,1,0.9359384925232418,0.2379996521968926,0.8718769850464835
0,0,0.9973472762560479,0.018385605962813623,0.9946945525120958
1,1,0.9999989352583631,1.5707896834833438e-05,0.9999978705167264
1,1,0.720327402374569,0.5926438325567253,0.44065480474913815
1,1,0.9973538061878171,0.018346878588434534,0.9947076123756342
1,0,0.9397556026049635,0.22763946171311847,0.8795112052099269
0,0,0.9988073327469899,0.009220470602636414,0.9976146654939797
1,0,0.9372211004937099,0.23454626972522413,0.8744422009874199
1,1,0.811170251356182,0.4845216319927546,0.6223405027123644
0,0,0.9997575750373549,0.0022605393474992947,0.9995151500747096
0,0,0.9998293499684568,0.0016511773444871799,0.9996586999369138
1,0,0.9212999232681836,0.27558297116484104,0.842599846536367
0,0,0.9998390115329718,0.0015670774071179447,0.9996780230659436
1,0,0.9999547302631436,0.0004980960867825624,0.999909460526287
0,0,0.9976239101672016,0.01673031007929978,0.9952478203344032
1,1,0.9952383392166342,0.030211662245590378,0.9904766784332684
0,0,0.9371696765460978,0.23468526162658127,0.8743393530921955
1,1,0.9999999522035974,8.534676426564379e-07,0.9999999044071947
1,1,0.9346218782426112,0.24151606022112515,0.8692437564852225
0,0,0.9998293502644853,0.0016511747762260204,0.9996587005289705
1,1,0.9999999540681559,8.220012039651388e-07,0.9999999081363118
1,1,0.9999967463871726,4.436542805327718e-05,0.9999934927743452
0,0,0.9371651312650294,0.23469754473932833,0.8743302625300591
1,1,0.9361067706157402,0.23754814347332903,0.8722135412314804
0,1,0.9592650517274766,0.1702728606218127,0.9185301034549532
0,0,0.9371441628000811,0.2347542051240261,0.874288325600162
0,0,0.937583885974912,0.23356443120229378,0.875167771949824
0,0,0.9979475098309484,0.01475263136959588,0.9958950196618969
0,0,0.999839013293013,0.0015670620348788554,0.9996780265860259
1,1,0.9999992244821303,1.1686848337340276e-05,0.9999984489642606
1,1,0.9999999627575701,6.743046260463807e-07,0.99999992551514
0,0,0.9976266349132084,0.016713851264382764,0.9952532698264168
1,1,0.9999999540681559,8.220012039651388e-07,0.9999999081363118
0,0,0.9371401653280343,0.23476500613115647,0.8742803306560687
1,1,0.9999999540681559,8.220012039651388e-07,0.9999999081363118
1,1,0.7888614690777198,0.5154612376107798,0.5777229381554396
1,1,0.935879354560925,0.23815821367390058,0.8717587091218499
0,0,0.9994253204991942,0.004862599258604525,0.9988506409983883
1,1,0.945291207994857,0.21215322779263399,0.8905824159897139
0,0,0.9970007335889621,0.020418665055107935,0.9940014671779243
1,0,0.999762366516517,0.0022206046378075587,0.9995247330330337
0,0,0.9996044073691501,0.0034950323174374647,0.9992088147383003
0,0,0.9995769092219383,0.00370953818555906,0.9991538184438766
0,0,0.9382412133873107,0.231779710052401,0.8764824267746214
1,1,0.9999999602871033,7.164837943213794e-07,0.9999999205742065
0,0,0.9996478621063447,0.0031520960214753476,0.9992957242126893
0,0,0.9371634237374459,0.23470215905062228,0.8743268474748918
0,0,0.9371598199481037,0.23471189753363025,0.8743196398962076
1,1,0.9999999491377837,9.0504967669996e-07,0.9999998982755673
0,0,0.9981713527300039,0.013355093594117521,0.9963427054600078
1,1,0.9999999491377837,9.0504967669996e-07,0.9999998982755673
0,0,0.9371602248139406,0.23471080347982465,0.8743204496278812
0,0,0.9994694789165236,0.004531385116685665,0.9989389578330473
0,0,0.999184062236322,0.006617878963012326,0.9983681244726439
1,1,0.9999992970968105,1.0661668134137912e-05,0.9999985941936208
0,0,0.9407345880580714,0.2249414752662479,0.881469176116143
0,0,0.937158228500261,0.23471619801663013,0.8743164570005217
0,0,0.9997205930265318,0.0025657108165582907,0.9994411860530636
1,1,0.9944846317888749,0.03418124130602915,0.9889692635777497
0,0,0.9989265010957683,0.008412254116956579,0.9978530021915366
1,1,0.9686481453607753,0.13941039481802267,0.9372962907215503
0,0,0.9866182586442737,0.07101881723111812,0.9732365172885473
0,0,0.9913655653644542,0.04962785800848311,0.9827311307289084
0,0,0.9995513731987177,0.0039071333630194185,0.9991027463974355
1,1,0.9702823090799277,0.13375946038597866,0.9405646181598555
0,0,0.6616216329957103,0.6399539941705119,0.32324326599142056
0,0,0.9895890281239175,0.05788158253954997,0.979178056247835
0,1,0.9359385545967187,0.23799948573403945,0.8718771091934374
0,0,0.9987757340756136,0.009432725902556323,0.9975514681512271
0,0,0.9999998999999902,1.711809720309326e-06,0.9999997999999802
0,0,0.937153421924094,0.23472918630504827,0.8743068438481884
1,1,0.99999996385483,6.555187727464619e-07,0.9999999277096601
0,0,0.9371682347736608,0.23468915789302255,0.8743364695473217
0,0,0.9324659448119096,0.24721309324611762,0.8649318896238192
0,0,0.9980647264513872,0.014024033953135458,0.9961294529027743
0,0,0.9989950753266751,0.007941256504766639,0.9979901506533503
1,0,0.9955275093894244,0.028657797803473724,0.9910550187788487
1,1,0.9999999596078267,7.280539692532008e-07,0.9999999192156535
1,1,0.9999999491377837,9.0504967669996e-07,0.9999998982755673
1,0,0.9370782312486103,0.23493231484957744,0.8741564624972206
1,1,0.9353770185666496,0.23950273848161024,0.8707540371332994
0,0,0.9998293499684568,0.0016511773444871799,0.9996586999369138
1,1,0.9999999581697467,7.525114465350048e-07,0.9999999163394935
0,0,0.9989357332631228,0.008349105400552235,0.9978714665262456
1,1,0.9999999566197619,7.78816771380435e-07,0.9999999132395239
0,0,0.9371430346705901,0.23475725331157188,0.8742860693411804
1,0,0.9998119184054275,0.0018015471951645158,0.9996238368108549
1,1,0.9999992307413264,1.1598757786277705e-05,0.9999984614826527
0,0,0.937143132356853,0.23475698936573244,0.8742862647137059
0,0,0.9994843124097559,0.004419314517029324,0.9989686248195119
0,0,0.937157440959304,0.23471832612984278,0.8743148819186081
1,0,0.9999673237230068,0.0003701844732875931,0.9999346474460136
1,0,0.9999668469402863,0.0003751056185483155,0.9999336938805726
1,1,0.9999999615701641,6.945974433749538e-07,0.9999999231403283
1,1,0.9999991216171537,1.3127592254520943e-05,0.9999982432343074
1,1,0.9968327040249019,0.021389673737923512,0.9936654080498037
0,0,0.9851716539830595,0.07716320672913517,0.9703433079661189
1,1,0.9999992045600251,1.1966893334831245e-05,0.9999984091200502
1,0,0.9218347293182553,0.27426529614405004,0.8436694586365103
1,1,0.9999999609409562,7.053356875831334e-07,0.9999999218819124
1,1,0.9999999501972988,8.872449120709397e-07,0.9999999003945976
1,1,0.9999999609409562,7.053356875831334e-07,0.9999999218819124
1,1,0.9360040479540973,0.2378238159497382,0.8720080959081946
0,0,0.9387875044865504,0.23029079488403154,0.8775750089731009
1,1,0.9362041438754664,0.23728666408550747,0.8724082877509327
1,1,0.9999999566197619,7.78816771380435e-07,0.9999999132395239
0,0,0.9993955191976356,0.005084190311325281,0.9987910383952711
0,0,0.9995311403464078,0.0040626560581393835,0.9990622806928154
0,0,0.9995513678295616,0.003907174753117487,0.999102735659123
0,0,0.9994512836572675,0.004668289074278165,0.9989025673145351
1,0,0.940848646662008,0.22462602809704657,0.8816972933240158
0,0,0.999839011239676,0.0015670799687678594,0.999678022479352
1,1,0.9999999531529851,8.374549724531441e-07,0.9999999063059701
1,0,0.9170136561086918,0.28600314963325807,0.8340273122173837
1,1,0.9499632292253727,0.19862349841875876,0.8999264584507453
0,0,0.9801935590792051,0.09728485734861816,0.9603871181584102
0,0,0.999338847005733,0.005501582749945014,0.9986776940114661
1,1,0.938559423467311,0.23091305820358013,0.877118846934622
1,0,0.9953267713924853,0.029738393222657623,0.9906535427849704
0,0,0.9371667076319458,0.2346932848241232,0.8743334152638913
1,1,0.9999993623508594,9.734018496417304e-06,0.9999987247017187
0,0,0.9926021931855433,0.04366824486502496,0.9852043863710865
1,1,0.9934566317445079,0.039430496627097446,0.9869132634890161
0,0,0.9371672922955367,0.23469170484029583,0.8743345845910735
1,1,0.9353165458435428,0.23966431431141394,0.8706330916870857
1,1,0.9361067706157402,0.23754814347332903,0.8722135412314804
1,0,0.9370782312486103,0.23493231484957744,0.8741564624972206
1,0,0.9950096767959875,0.031427834299138036,0.990019353591975
0,0,0.9995719979721986,0.0037476579135704785,0.9991439959443972
0,0,0.9998366354789043,0.0015878124518586326,0.9996732709578086
0,0,0.9994409458774834,0.004745801886972419,0.9988818917549669
1,1,0.9999992628546324,1.1145992049413167e-05,0.9999985257092647
0,0,0.9632791766579497,0.15737890973610474,0.9265583533158993
0,1,0.9541032695961559,0.18625139487037465,0.9082065391923115
1,1,0.9360040479540973,0.2378238159497382,0.8720080959081946
1,0,0.9953867303201065,0.029416552058813043,0.9907734606402129
0,0,0.9668812452759101,0.14542148039187494,0.9337624905518201
0,0,0.9998390105668812,0.0015670858449650987,0.9996780211337625
1,0,0.9999516907180218,0.00052840029279848,0.9999033814360436
1,0,0.9958465552788094,0.026921538952662565,0.9916931105576186
1,1,0.9999999961928456,7.761411051115826e-08,0.9999999923856913
0,0,0.9995438092130254,0.003965379710124381,0.9990876184260509
1,1,0.99999996385483,6.555187727464619e-07,0.9999999277096601
1,1,0.99999996385483,6.555187727464619e-07,0.9999999277096601
0,0,0.937140527120758,0.23476402859307463,0.8742810542415159
0,0,0.9979474871813113,0.014752771494778313,0.9958949743626226
1,1,0.9999999602871033,7.164837943213794e-07,0.9999999205742065
1,1,0.9999999609409562,7.053356875831334e-07,0.9999999218819124
0,0,0.999208352122033,0.006444803739861704,0.998416704244066
0,1,0.996780416835727,0.021689983605244195,0.993560833671454
0,0,0.9385342365317355,0.23098171923415725,0.877068473063471
0,0,0.937138003004987,0.23477084852716415,0.8742760060099739
0,0,0.9995521431225832,0.003901197458333591,0.9991042862451665
0,0,0.9995502600125135,0.003915713390709058,0.9991005200250269
0,0,0.9848523267404529,0.07849972605936094,0.9697046534809058
1,1,0.9319788737654688,0.24848987300956438,0.8639577475309378
1,1,0.9972885825698035,0.018732984571644844,0.9945771651396068
1,1,0.8647350578999221,0.3962739779655038,0.7294701157998442
1,1,0.9358029077626511,0.2383630974732346,0.871605815525302
0,0,0.9998084071560663,0.001831635680805822,0.9996168143121327
1,1,0.9999988691759446,1.6614704095927145e-05,0.9999977383518893
0,0,0.9371455846805499,0.23475036319533582,0.8742911693610997
1,0,0.9998947921677186,0.0010688610976105765,0.9997895843354373
0,0,0.9386494344332839,0.23066759321272745,0.8772988688665677
0,0,0.9979475134055003,0.014752609255103338,0.9958950268110005
0,0,0.9008504239161973,0.32321037300002803,0.8017008478323946
1,1,0.7249013089859456,0.5882644240538955,0.4498026179718914
1,1,0.9999999627575701,6.743046260463807e-07,0.99999992551514
1,1,0.9999999609409562,7.053356875831334e-07,0.9999999218819124
1,1,0.9999999566197619,7.78816771380435e-07,0.9999999132395239
0,0,0.9998293529686072,0.001651151315982412,0.9996587059372143
1,1,0.9999999589023253,7.400587430968554e-07,0.9999999178046507
0,0,0.9978865618959292,0.015128796775270369,0.9957731237918582
1,1,0.9361164974056054,0.2375220309579777,0.8722329948112106
0,0,0.9968736898906037,0.021153667960721354,0.9937473797812073
0,0,0.9378397087685476,0.23287072387354646,0.8756794175370953
1,1,0.9662406928144489,0.14757632183047767,0.9324813856288977
0,0,0.9990495553540351,0.007563738537850008,0.9980991107080702
1,1,0.7492948209498159,0.5631085377455892,0.49858964189963184
1,1,0.8428815204564405,0.43486062000179276,0.6857630409128812
0,0,0.9979474852963979,0.014752783156050909,0.9958949705927957
1,1,0.9361067706157402,0.23754814347332903,0.8722135412314804
1,0,0.9762419949431925,0.11232455838114078,0.952483989886385
1,0,0.9216610038753174,0.2746937614291573,0.8433220077506346
1,1,0.7301965002401001,0.5830632985876395,0.46039300048020004
1,1,0.9999975511473205,3.408775922128746e-05,0.999995102294641
1,1,0.8561215608527981,0.41194198490890366,0.7122431217055964
0,0,0.9995277903522439,0.00408832094104079,0.9990555807044877
1,0,0.9690392225431648,0.13806622622944448,0.9380784450863295
1,1,0.9361067706157402,0.23754814347332903,0.8722135412314804
1,0,0.9407967586690091,0.224769561533059,0.8815935173380183
0,0,0.9995007605003156,0.004294545521614649,0.9990015210006312
1,0,0.9979474809943386,0.01475280977131577,0.9958949619886773
0,0,0.9995183578856005,0.004160457509825334,0.999036715771201
0,0,0.9995000796435236,0.004299720879763388,0.9990001592870472
0,0,0.8428371767400626,0.4349351023164697,0.6856743534801253
1,1,0.9800505015983522,0.09784250501894937,0.9601010031967044
1,0,0.9999592241320154,0.0004529138652167834,0.999918448264031
0,0,0.9995165002193086,0.004174642464860122,0.9990330004386173
0,0,0.9995276453691474,0.004089431143536053,0.9990552907382948
0,0,0.9987731128381734,0.009450296365795665,0.9975462256763469
0,0,0.9979474791010926,0.014752821484132945,0.9958949582021853
1,1,0.9999999491377837,9.0504967669996e-07,0.9999998982755673
1,1,0.9999999558004616,7.926988957045926e-07,0.9999999116009233
1,1,0.9344433172717239,0.2419907635755405,0.8688866345434476
0,0,0.9584025356431004,0.1729881633092884,0.9168050712862008
1,1,0.9553461802627549,0.18246214144134548,0.9106923605255095
0,0,0.9371393467493128,0.2347672178641573,0.8742786934986256
0,0,0.9987643185379802,0.009509204700537077,0.9975286370759604
1,0,0.7233575819386078,0.5897541816834201,0.44671516387721566
1,1,0.9999999566197619,7.78816771380435e-07,0.9999999132395239
0,0,0.9995513250338343,0.003907504657279834,0.9991026500676686
1,1,0.9006614018011744,0.3236272900289257,0.8013228036023489
1,0,0.9790613464869192,0.10167004437119172,0.9581226929738383
1,0,0.9372211004937099,0.23454626972522413,0.8744422009874199
0,0,0.9387277206146442,0.230453987983128,0.8774554412292882
1,1,0.9999999633171419,6.647284671280214e-07,0.9999999266342838
1,1,0.9360063667440454,0.2378175950552558,0.8720127334880906
1,1,0.7097506157278142,0.6023748262911559,0.41950123145562823
0,0,0.9374567906891665,0.23390865576066405,0.8749135813783327
0,0,0.9371529854580366,0.2347303657004148,0.8743059709160732
0,0,0.9931281510502393,0.04107220454616234,0.9862563021004787
1,1,0.9264483993575465,0.26273043138049706,0.8528967987150929
0,0,0.9993052511219214,0.005746693607992245,0.9986105022438428
1,1,0.7009295588312602,0.6100746302969128,0.4018591176625205
1,1,0.9999985076003015,2.151312738603853e-05,0.9999970152006029
1,1,0.7650713103951085,0.5451634891677712,0.5301426207902169
0,0,0.9990257544607587,0.007729040504854065,0.9980515089215174
0,0,0.9371416106990895,0.2347611008285725,0.8742832213981792
1,1,0.9585530437401802,0.1725157005626921,0.9171060874803607
1,0,0.9370782312486103,0.23493231484957744,0.8741564624972206
1,1,0.9999992824549062,1.0868963853627782e-05,0.9999985649098124
1,1,0.9999999602871033,7.164837943213794e-07,0.9999999205742065
1,1,0.9361067706157402,0.23754814347332903,0.8722135412314804
1,0,0.9666771562419334,0.14610942279795602,0.9333543124838669
0,0,0.9936409938162557,0.038501855092417936,0.9872819876325115
1,1,0.9361067706157402,0.23754814347332903,0.8722135412314804
0,0,0.9289173808247009,0.2564303869608529,0.8578347616494018
0,0,0.9995481466226845,0.00393199503926173,0.9990962932453692
1,1,0.76078661802914,0.5501715121483216,0.5215732360582799
0,0,0.9991617432711044,0.006776271998588945,0.9983234865422089
0,0,0.8289063830244047,0.4576160509999641,0.6578127660488094
1,1,0.9360040479540973,0.2378238159497382,0.8720080959081946
0,0,0.9371374885583019,0.23477223850263085,0.8742749771166036
0,0,0.9376732036899903,0.2333223582020409,0.8753464073799806
0,0,0.9995522344768843,0.0039004930535515335,0.9991044689537688
1,1,0.9999999491377837,9.0504967669996e-07,0.9999998982755673
1,1,0.8432996681385377,0.4341575439386777,0.6865993362770754
0,0,0.9672501220302077,0.144174766793022,0.9345002440604154
1,1,0.9999999522035974,8.534676426564379e-07,0.9999999044071947
0,0,0.9994849600511622,0.0044144117924899565,0.9989699201023243
0,0,0.9998390116302798,0.001567076557227192,0.9996780232605597
1,1,0.9351213442944086,0.24018545713074177,0.8702426885888173
0,0,0.9429826652278367,0.21868049102820766,0.8859653304556735
1,1,0.8947652517560827,0.33643495476594476,0.7895305035121655
0,0,0.9998390111282263,0.0015670809421712926,0.9996780222564525
0,0,0.9371795527924913,0.234658570967949,0.8743591055849824
0,0,0.976344387784966,0.11194386164920765,0.952688775569932
1,1,0.9330143342074504,0.24577106726628759,0.8660286684149008
1,1,0.9999993924740974,9.303573131261843e-06,0.9999987849481948
0,0,0.9383104136575444,0.23159139064123443,0.8766208273150887
1,0,0.9954283140004059,0.02919288442362309,0.9908566280008119
0,0,0.9959796865220686,0.026189859941318037,0.9919593730441372
0,0,0.9836244375011343,0.08357648730489528,0.9672488750022686
0,0,0.9851801201841712,0.07712767776503475,0.9703602403683423
0,0,0.9371608260292175,0.2347091788331367,0.874321652058435
0,0,0.9371443479122932,0.2347537049517746,0.8742886958245862
0,0,0.9981133782298629,0.013719557975954743,0.9962267564597258
0,0,0.9928227903429709,0.042584160374981986,0.9856455806859418
0,0,0.9980412448728792,0.014170547622367915,0.9960824897457584
1,0,0.9374164684006944,0.2340178069539251,0.8748329368013888
1,1,0.9999999596078267,7.280539692532008e-07,0.9999999192156535
1,1,0.9360040479540973,0.2378238159497382,0.8720080959081946
1,0,0.9956988255816773,0.02772843917050024,0.9913976511633547
1,0,0.9732825892080769,0.12313949222808078,0.9465651784161538
1,1,0.9582836168493244,0.1733610615586481,0.9165672336986488
0,0,0.9371400721696949,0.23476525783797197,0.8742801443393898
0,0,0.9371501807618106,0.23473794432421238,0.8743003615236213
1,0,0.6789407750090112,0.627665294977853,0.35788155001802247
1,1,0.9999999491377837,9.0504967669996e-07,0.9999998982755673
1,0,0.9998220323655126,0.0017145081322431164,0.9996440647310253
1,1,0.9999992219696553,1.172219412768496e-05,0.9999984439393106
1,1,0.9999986095673468,2.014166128378711e-05,0.9999972191346935
1,0,0.9810398959818012,0.09396395773963964,0.9620797919636024
1,1,0.9361067706157402,0.23754814347332903,0.8722135412314804
1,0,0.9998761762596563,0.0012378151072744246,0.9997523525193126
1,1,0.9999999574092036,7.654259344934964e-07,0.9999999148184071
0,0,0.9893965248070832,0.058756537733622806,0.9787930496141665
1,1,0.74538717954306,0.5673463344035012,0.4907743590861201
1,1,0.8570726854662175,0.410242028950647,0.714145370932435
1,1,0.9359420331366021,0.23799015720795735,0.8718840662732043
0,0,0.9995778377573007,0.0037023247664774396,0.9991556755146014
1,1,0.9999999558004616,7.926988957045926e-07,0.9999999116009233
0,0,0.9913522313032229,0.049691095415818516,0.9827044626064457
1,1,0.9892234383666211,0.05954022262710447,0.978446876733242
1,1,0.9999991859948135,1.222741504278383e-05,0.999998371989627
1,0,0.999951701656563,0.0005282915861036863,0.999903403313126
1,1,0.7005247513477312,0.610419025513517,0.4010495026954622
1,1,0.895604045209294,0.33463588339489636,0.7912080904185882
0,0,0.9372226222315628,0.23454215599130496,0.8744452444631258
0,0,0.9568543392325581,0.17781549844340824,0.9137086784651163
1,1,0.9345404392751735,0.2417326299083123,0.869080878550347
0,0,0.9251383475952373,0.2660367538019691,0.8502766951904747
0,1,0.8538537835899066,0.41596565264529667,0.707707567179813
0,0,0.937172345746254,0.23467804824874874,0.874344691492508
1,1,0.848047956534626,0.42608021445140554,0.696095913069252
1,0,0.970390939236956,0.13338058767881145,0.9407818784739117
1,1,0.9999999540681559,8.220012039651388e-07,0.9999999081363118
0,0,0.6911478648090076,0.6181791536101403,0.382295729618015
0,0,0.9371601357289483,0.2347110442111056,0.8743202714578967
1,0,0.9997691874701461,0.0021635880274655872,0.9995383749402923
1,1,0.9358549879298769,0.23822352884703052,0.8717099758597536
0,0,0.9371653159445809,0.23469704567037414,0.8743306318891616
1,1,0.9999999549502822,8.070881798928859e-07,0.9999999099005643
0,0,0.9992349638979863,0.006254326903203208,0.9984699277959724
0,0,0.9371563620602404,0.23472124154124865,0.8743127241204811
0,0,0.9345530887907879,0.24169899831560016,0.8691061775815758
1,0,0.9999659380253121,0.000384468131431755,0.9999318760506242
1,1,0.9999999566197619,7.78816771380435e-07,0.9999999132395239
0,0,0.9992499807313384,0.006146435324978923,0.9984999614626768
1,1,0.9999999512187996,8.700576279406352e-07,0.9999999024375992
1,1,0.9999983214046697,2.3999804673124447e-05,0.9999966428093394
1,0,0.9383450670097631,0.23149705503076384,0.876690134019526
1,1,0.7089859841669035,0.6030571209994054,0.41797196833380695
0,0,0.9376057512578772,0.23350518350994987,0.8752115025157543
0,0,0.973560347019189,0.12213936471099805,0.9471206940383782
1,1,0.9049035519033386,0.3141731957584294,0.8098071038066772
1,1,0.9360012089100521,0.2378314324697362,0.8720024178201042
1,1,0.9968752301629655,0.021144788263145742,0.9937504603259312
1,1,0.9360012089100521,0.2378314324697362,0.8720024178201042
1,1,0.8747018540338841,0.37734992043545273,0.7494037080677681
0,0,0.999506873741905,0.004248035514931141,0.9990137474838101
0,0,0.9371320806403545,0.23478684979987383,0.8742641612807089
1,0,0.9821499370711818,0.08954965360660455,0.9642998741423637
0,0,0.9959464789228515,0.026372775090684517,0.991892957845703
1,1,0.9999999512187996,8.700576279406352e-07,0.9999999024375992
1,1,0.9597335898539553,0.16878989133352507,0.9194671797079106
1,1,0.5759703926522622,0.6815593505359498,0.15194078530452448
1,1,0.9352489207943777,0.2398449287046382,0.8704978415887553
0,0,0.9936414425175756,0.0384995884600358,0.987282885035151
1,0,0.9998393273618202,0.0015643186425899874,0.9996786547236405
1,1,0.9918214083736386,0.047453291304202665,0.9836428167472774
1,1,0.6487629680593536,0.6482090489489556,0.2975259361187069
0,0,0.9634693994464142,0.15675693968823995,0.9269387988928284
1,0,0.9730215418104328,0.12407674516215961,0.9460430836208656
0,0,0.9795771050893258,0.09968041320008664,0.9591542101786517
1,0,0.9998446088415791,0.0015180919514700725,0.9996892176831582
0,0,0.9375332921933961,0.23370149231577822,0.8750665843867922
1,1,0.9999992464800246,1.1377028832630898e-05,0.9999984929600492
1,0,0.9998824826727584,0.0011809158751166055,0.9997649653455167
1,0,0.9973472775140253,0.018385598503621012,0.9946945550280506
0,0,0.937141669170616,0.2347609428414026,0.8742833383412322
1,1,0.9360040479540973,0.2378238159497382,0.8720080959081946
1,1,0.9360040479540973,0.2378238159497382,0.8720080959081946
0,0,0.9995521016201201,0.00390151746484037,0.9991042032402403
1,1,0.9999999589023253,7.400587430968554e-07,0.9999999178046507
0,0,0.9371546682448129,0.23472581854568517,0.8743093364896257
0,0,0.9371691242366581,0.23468675419967627,0.8743382484733164
1,1,0.9999991691558544,1.2463346130424946e-05,0.9999983383117088
1,1,0.9999999566197619,7.78816771380435e-07,0.9999999132395239
0,0,0.9995435090190095,0.003967688746673654,0.9990870180380189
0,0,0.998640244666328,0.0103338282151979,0.9972804893326559
0,0,0.9992844378667805,0.005897723393415112,0.998568875733561
1,1,0.9999999491377837,9.0504967669996e-07,0.9999998982755673
0,0,0.9371522346345501,0.23473239452813824,0.8743044692691003
1,1,0.9973538061878171,0.018346878588434534,0.9947076123756342
0,0,0.9992693257212497,0.006007002833954023,0.9985386514424995
0,0,0.9979473040669687,0.01475390434835014,0.9958946081339375
1,1,0.7004814527481301,0.6104558161056193,0.40096290549626035
1,0,0.9372211004937099,0.23454626972522413,0.8744422009874199
0,0,0.9941181040688246,0.03607325248797783,0.9882362081376492
0,0,0.9371657772216276,0.23469579913539457,0.8743315544432553
1,0,0.9370782312486103,0.23493231484957744,0.8741564624972206
0,0,0.9994843076968964,0.00441935019096788,0.9989686153937929
0,0,0.9997592710116654,0.002246415132939511,0.9995185420233307
1,1,0.8479507751078877,0.42624726885860165,0.6959015502157754
1,0,0.9950086402845442,0.03143332278003171,0.9900172805690883
1,1,0.9999976297606515,3.3070808197425454e-05,0.9999952595213031
0,0,0.940076316014991,0.22675748463750436,0.880152632029982
0,0,0.9499907834392681,0.19854238005243968,0.8999815668785361
0,0,0.9866308763921966,0.07096454993761628,0.9732617527843932
1,1,0.9360148932753042,0.23779471914048403,0.8720297865506084
0,0,0.999808404853254,0.0018316553927429325,0.9996168097065079
1,0,0.9976661228481213,0.016474970756637175,0.9953322456962427
0,0,0.9372386036843301,0.23449895074286706,0.8744772073686602
1,0,0.948111310153099,0.20403926601858716,0.896222620306198
1,0,0.9439679419548525,0.21590703048862642,0.887935883909705
0,0,0.9371743343735325,0.23467267400589087,0.8743486687470648
1,1,0.9372312761147082,0.2345187610870059,0.8744625522294164
0,0,0.9320335965224719,0.24834661301671415,0.8640671930449435
1,1,0.9999991441337953,1.2813302484546973e-05,0.9999982882675906
1,1,0.936100274764588,0.23756558133786704,0.8722005495291761
0,0,0.939349325353169,0.22875413605512782,0.8786986507063378
0,0,0.9371388492338522,0.23476856210483263,0.8742776984677043
0,0,0.9371790465751194,0.23465993906594404,0.8743580931502388
1,0,0.9372211004937099,0.23454626972522413,0.8744422009874199
1,1,0.9354290915269995,0.2393635573305691,0.8708581830539991
0,0,0.9998390105668812,0.0015670858449650987,0.9996780211337625
0,0,0.9998084081424025,0.0018316272378185662,0.9996168162848049
0,0,0.9996347863693756,0.0032558230758660267,0.9992695727387514
0,0,0.9371648341777664,0.23469834757215055,0.8743296683555327
0,0,0.9976661144729098,0.01647502149271408,0.9953322289458195
1,1,0.9361065474303363,0.23754874261773207,0.8722130948606726
1,1,0.9359384925232418,0.2379996521968926,0.8718769850464835
0,0,0.9371654608730204,0.23469665402246748,0.8743309217460407
0,0,0.9371904771342867,0.23462904589075725,0.8743809542685733
0,0,0.9979474879271425,0.01475276688059312,0.9958949758542849
1,1,0.9360012089100521,0.2378314324697362,0.8720024178201042
1,1,0.9999999531529851,8.374549724531441e-07,0.9999999063059701
0,0,0.9979474871813113,0.014752771494778313,0.9958949743626226
0,0,0.9375655552473233,0.23361409512187029,0.8751311104946468
1,1,0.7901787822351575,0.513719701137689,0.5803575644703151
1,1,0.6836524661374077,0.6240856155997174,0.3673049322748153
1,0,0.9999381162913006,0.0006615506248891018,0.9998762325826012
1,1,0.9361067706157402,0.23754814347332903,0.8722135412314804
0,0,0.9382171783437169,0.23184509891335087,0.8764343566874335
0,0,0.9377991109455869,0.23298088665587013,0.8755982218911736
0,0,0.9371594430443178,0.2347129160241306,0.8743188860886355
0,0,0.9995586349020509,0.0038510947157682747,0.9991172698041019
1,1,0.9999967414507174,4.4427800081246237e-05,0.9999934829014347
1,1,0.9359384925232418,0.2379996521968926,0.8718769850464835
0,0,0.9371758986943729,0.23466844639921153,0.8743517973887458
0,0,0.9979475134055003,0.014752609255103338,0.9958950268110005
1,1,0.930927629176534,0.251232822206094,0.8618552583530681
0,0,0.9426645412928589,0.21957210949015057,0.8853290825857177
1,0,0.5,0.6931471805599453,0.0
0,0,0.9993058768810434,0.0057421432654277,0.9986117537620869
1,0,0.9980344825336047,0.01421268888345032,0.9960689650672093
1,0,0.9955993825891636,0.028268716416961118,0.9911987651783273
0,0,0.9992695422398712,0.006005439361621941,0.9985390844797424
0,0,0.9925644520345098,0.04385304746335293,0.9851289040690197
0,0,0.9371432461373309,0.23475668193352117,0.8742864922746619
1,1,0.9999992287972161,1.1626124201224858e-05,0.9999984575944322
0,0,0.9314862773801276,0.24977733045447126,0.8629725547602554
1,1,0.9359443362468755,0.23798398076287972,0.8718886724937509
0,0,0.9992569453358955,0.00609629489254459,0.9985138906717911
1,0,0.9235557459303142,0.2699979254167967,0.8471114918606285
1,1,0.9999993271244555,1.0235584362350395e-05,0.999998654248911
0,0,0.9370973910026406,0.23488056364368692,0.8741947820052809
1,1,0.9999999558004616,7.926988957045926e-07,0.9999999116009233
0,0,0.9995425124754257,0.003975352559260478,0.9990850249508514
0,0,0.9994174370613824,0.0049213647015842795,0.9988348741227648
1,0,0.9212999232681836,0.27558297116484104,0.842599846536367
1,0,0.9979475093010428,0.014752634647935348,0.9958950186020856
0,0,0.9371520495937632,0.23473289453217552,0.8743040991875266
1,1,0.9360040479540973,0.2378238159497382,0.8720080959081946
1,1,0.9798017640120511,0.09880961286259099,0.9596035280241022
0,0,0.9370939856480363,0.23488976208773196,0.8741879712960724
1,1,0.934451775237193,0.24196828987444535,0.868903550474386
1,1,0.9999999596078267,7.280539692532008e-07,0.9999999192156535
0,0,0.9372647878131521,0.23442815356333946,0.8745295756263044
0,0,0.9851510112459607,0.07724981475828094,0.9703020224919215
1,0,0.9979475052560287,0.01475265967300409,0.9958950105120574
0,0,0.9996402527706459,0.0032125172227789227,0.9992805055412919
0,0,0.9995423955615438,0.003976251530620761,0.9990847911230875
0,0,0.9371371067913679,0.23477326998984516,0.8742742135827357
0,0,0.9971169983782631,0.019741297126018496,0.9942339967565262
0,0,0.9979474948015499,0.014752724351123162,0.9958949896030997
0,0,0.937168278187375,0.23468904057169632,0.87433655637475
1,1,0.9999999574092036,7.654259344934964e-07,0.9999999148184071
1,0,0.8226654746759754,0.46732753992142756,0.6453309493519509
1,1,0.9360056072746143,0.23781963258440708,0.8720112145492287
1,1,0.9999999531529851,8.374549724531441e-07,0.9999999063059701
1,1,0.9999999589023253,7.400587430968554e-07,0.9999999178046507
1,1,0.9999999615701641,6.945974433749538e-07,0.9999999231403283
0,0,0.9763471369754472,0.11193363390593886,0.9526942739508943
1,0,0.9975637475215591,0.0170929305295338,0.9951274950431183
0,0,0.9474337111272446,0.20600329528244563,0.8948674222544893
1,1,0.7843619190132212,0.521331523188282,0.5687238380264427
1,1,0.9999993924740974,9.303573131261843e-06,0.9999987849481948
1,0,0.9996526493368378,0.003113999402517064,0.9993052986736757
0,0,0.9371631709328678,0.2347028422090354,0.8743263418657358
0,0,0.9995224328507216,0.004129316333929066,0.9990448657014431
0,0,0.9977752888856662,0.01581105531959629,0.9955505777713325
1,1,0.9999999497846206,8.941824742509155e-07,0.9999998995692411
0,0,0.9995487335300389,0.003927474472884984,0.9990974670600777
1,0,0.9221665921979623,0.2734456458273191,0.8443331843959244
1,1,0.9999990191373322,1.4550933763267615e-05,0.9999980382746645
0,0,0.9994493368515039,0.0046829010336723684,0.9988986737030079
1,0,0.9212999232681836,0.27558297116484104,0.842599846536367
1,1,0.9361067706157402,0.23754814347332903,0.8722135412314804
1,1,0.9361067706157402,0.23754814347332903,0.8722135412314804
0,0,0.9992074869334481,0.0064509812341339194,0.9984149738668963
1,0,0.9982196219115476,0.013050240485159117,0.9964392438230951
1,0,0.9999290102263909,0.0007491507667948664,0.9998580204527818
0,0,0.9979474836087449,0.014752793596942978,0.9958949672174897
1,1,0.7657234627361742,0.5443923174761693,0.5314469254723482
1,1,0.9361067706157402,0.23754814347332903,0.8722135412314804
1,1,0.9999999633171419,6.647284671280214e-07,0.9999999266342838
0,0,0.9372640358686811,0.23443018684867364,0.8745280717373624
0,0,0.9983750966439159,0.012059210582601707,0.9967501932878318
1,1,0.99999996385483,6.555187727464619e-07,0.9999999277096601
0,0,0.9975818806446022,0.016983794606925652,0.9951637612892044
0,0,0.9998390111282263,0.0015670809421712926,0.9996780222564525
0,0,0.999625598719728,0.00332842557319613,0.999251197439456
0,0,0.9371692115548687,0.23468651822938139,0.8743384231097375
0,0,0.993641375626157,0.03849992636669189,0.9872827512523137
0,0,0.9371643356663425,0.23469969471954547,0.8743286713326853
0,1,0.9411758055545653,0.223719919926693,0.8823516111091305
1,1,0.9814554678367536,0.0923193204931427,0.962910935673507
0,0,0.9979474893422465,0.014752758125858096,0.9958949786844931
1,1,0.9361067706157402,0.23754814347332903,0.8722135412314804
0,0,0.9972286362130024,0.01908646214516257,0.9944572724260048
1,0,0.9752943357946765,0.11582674787473143,0.950588671589353
1,1,0.9359384925232418,0.2379996521968926,0.8718769850464835
1,1,0.9361067706157402,0.23754814347332903,0.8722135412314804
0,0,0.9712785218006419,0.13026941889230015,0.9425570436012839
1,1,0.9999999574092036,7.654259344934964e-07,0.9999999148184071
0,0,0.9371489471541302,0.234741277637042,0.8742978943082605
0,0,0.9375696530118821,0.2336029934394368,0.8751393060237642
1,1,0.9182133619500342,0.283111422374713,0.8364267239000683
0,0,0.9994199752262312,0.004902456202213556,0.9988399504524622
1,1,0.9361067706157402,0.23754814347332903,0.8722135412314804
1,1,0.958385424114402,0.1730418424157747,0.916770848228804
0,0,0.9998293507184965,0.0016511708373488927,0.999658701436993
0,0,0.9385683610627432,0.23088869116169541,0.8771367221254863
1,0,0.9640985194153064,0.1546925595230038,0.928197038830613
0,0,0.939097027611253,0.22944488824618664,0.878194055222506
1,1,0.9360040479540973,0.2378238159497382,0.8720080959081946
0,0,0.9468850817413001,0.20758674501172322,0.8937701634826002
1,1,0.9348066885436935,0.24102419352644927,0.869613377087387
1,0,0.9236700826652966,0.26971294344806024,0.8473401653305932
0,0,0.9897661265685638,0.05707346941048915,0.9795322531371277
1,0,0.9372211004937099,0.23454626972522413,0.8744422009874199
1,0,0.9999709130518941,0.00033290612634822404,0.9999418261037882
1,1,0.9999979871782809,2.841293497534089e-05,0.9999959743565617
0,0,0.9990466165506876,0.007584181100334017,0.9980932331013751
1,1,0.9999999621754697,6.842574025723138e-07,0.9999999243509394
1,0,0.9973472511263639,0.018385754969459756,0.9946945022527277
1,1,0.9999999609409562,7.053356875831334e-07,0.9999999218819124
1,1,0.9299428787068853,0.25378667690798173,0.8598857574137706
0,0,0.9435662305493364,0.21704000901509285,0.8871324610986728
0,0,0.9377545691086145,0.2331017190721355,0.8755091382172291
1,1,0.9360040479540973,0.2378238159497382,0.8720080959081946
1,1,0.9999999491377837,9.0504967669996e-07,0.9999998982755673
0,0,0.9995481177450005,0.003932217445622576,0.9990962354900011
1,1,0.9999999621754697,6.842574025723138e-07,0.9999999243509394
0,1,0.9381932224565447,0.2319102625074571,0.8763864449130894
1,0,0.9214826042316072,0.2751333198481814,0.8429652084632143
0,0,0.9995494399751708,0.003922032171699673,0.9990988799503416
1,1,0.9371579842824195,0.2347168579494215,0.8743159685648391
1,0,0.936511672321633,0.23645980507049924,0.873023344643266
0,0,0.9371719820392543,0.23467903115556024,0.8743439640785088
0,0,0.9981133256417464,0.013719887759457235,0.9962266512834927
0,0,0.9720875780159246,0.12740891723816006,0.9441751560318492
0,0,0.9371453855873357,0.2347509011483401,0.8742907711746714
1,1,0.71209282900894,0.6002671456103117,0.42418565801788
1,1,0.9787634938772575,0.10281313306582103,0.957526987754515
1,1,0.7422165239949481,0.570725711460877,0.48443304798989617
0,0,0.9998390111282263,0.0015670809421712926,0.9996780222564525
1,1,0.9360040479540973,0.2378238159497382,0.8720080959081946
1,1,0.6730383649471858,0.6320060016541933,0.3460767298943718
0,0,0.9916782053941604,0.048139125716779196,0.9833564107883209
1,1,0.9999999501972988,8.872449120709397e-07,0.9999999003945976
1,0,0.9962211081048565,0.024851627969382114,0.9924422162097132
1,1,0.9999999491377837,9.0504967669996e-07,0.9999998982755673
0,0,0.9385676024668945,0.2308907594157153,0.877135204933789
0,0,0.9371617023088569,0.23470681087696948,0.8743234046177137
1,0,0.877518889067216,0.37183945590873285,0.755037778134432
1,1,0.9999999531529851,8.374549724531441e-07,0.9999999063059701
0,0,0.9371647654550022,0.23469853328468082,0.8743295309100043
1,1,0.9326918310994411,0.2466196908706011,0.865383662198882
0,0,0.9995520296315596,0.003902072526574422,0.9991040592631192
0,0,0.9371343606265373,0.23478068971593205,0.8742687212530746
1,1,0.9999999589023253,7.400587430968554e-07,0.9999999178046507
1,1,0.7404395999462771,0.5725966070229429,0.4808791998925541
1,0,0.6252051435819772,0.6614583557742414,0.2504102871639544
0,0,0.9983135979462084,0.012452922812059515,0.996627195892417
1,1,0.6303463668466625,0.6587710810544851,0.26069273369332496
1,1,0.9361067706157402,0.23754814347332903,0.8722135412314804
1,0,0.7571180302937722,0.5543792094911411,0.5142360605875442
1,1,0.724377952756002,0.5887708203632267,0.4487559055120041
1,1,0.9999999621754697,6.842574025723138e-07,0.9999999243509394
0,0,0.9371395727319675,0.23476660727857607,0.8742791454639349
0,0,0.9994861314383833,0.0044055421778343845,0.9989722628767665
1,1,0.8160772744216409,0.47728986744669466,0.6321545488432817
1,1,0.8619750744217388,0.40136188820596097,0.7239501488434779
1,1,0.8496151206930764,0.42337611935647884,0.699230241386153
1,1,0.715031519031617,0.5975848511456173,0.4300630380632342
1,1,0.9999999522035974,8.534676426564379e-07,0.9999999044071947
1,0,0.9863797897365697,0.0720421858896119,0.9727595794731393
1,1,0.9999999596078267,7.280539692532008e-07,0.9999999192156535
1,1,0.9999999501972988,8.872449120709397e-07,0.9999999003945976
1,0,0.9976661274361436,0.0164749429629098,0.9953322548722869
1,1,0.9971493196636614,0.01955216334231389,0.9942986393273228
0,0,0.9371634568826704,0.2347020694815984,0.8743269137653408
1,1,0.9999999491377837,9.0504967669996e-07,0.9999998982755673
0,0,0.9976659220146329,0.01647618737471162,0.9953318440292657
0,0,0.999550349165321,0.003915026335464871,0.999100698330642
0,0,0.9371607513530664,0.23470938062867808,0.8743215027061328
0,0,0.9980417357172522,0.014167487889474337,0.9960834714345044
0,0,0.9376238448164984,0.23345614976514154,0.8752476896329969
0,1,0.9775779136781817,0.10732136595889055,0.9551558273563634
0,0,0.9987832763384601,0.009382137839200186,0.9975665526769202
1,1,0.9359384925232418,0.2379996521968926,0.8718769850464835
0,0,0.9371456694011662,0.23475013427869035,0.8742913388023323
0,0,0.9995524247562652,0.003899025808183967,0.9991048495125303
1,0,0.9976661274361436,0.0164749429629098,0.9953322548722869
1,0,0.9960230520604492,0.025950577506282158,0.9920461041208982
1,1,0.9359434540572854,0.23798634661556634,0.8718869081145708
1,1,0.9359815663880965,0.23788412527593317,0.8719631327761929
1,1,0.9361067706157402,0.23754814347332903,0.8722135412314804
1,1,0.9999999574092036,7.654259344934964e-07,0.9999999148184071
0,0,0.9998390111282263,0.0015670809421712926,0.9996780222564525
1,1,0.9999999609409562,7.053356875831334e-07,0.9999999218819124
0,0,0.999546078012818,0.0039479221236175185,0.9990921560256361
0,0,0.9988162989400717,0.009160090980397185,0.9976325978801435
0,0,0.9648674234186162,0.15215394651220326,0.9297348468372325
0,0,0.921711939978945,0.2745681792413853,0.8434238799578897
1,1,0.9360012089100521,0.2378314324697362,0.8720024178201042
1,1,0.9999999589023253,7.400587430968554e-07,0.9999999178046507
1,0,0.9999094219642265,0.0009337919336499449,0.9998188439284531
0,0,0.938573598139483,0.23087441239704695,0.877147196278966
1,0,0.9212999232681836,0.27558297116484104,0.842599846536367
0,0,0.9995282551225364,0.004084761680085259,0.9990565102450729
0,0,0.9383072178120225,0.23160008953486688,0.876614435624045
1,1,0.9999999609409562,7.053356875831334e-07,0.9999999218819124
1,0,0.9979475133469392,0.014752609617399742,0.9958950266938784
0,0,0.9371688750084558,0.23468742771771897,0.8743377500169116
0,0,0.9371527405731728,0.23473102741385266,0.8743054811463457
1,1,0.9999999574092036,7.654259344934964e-07,0.9999999148184071
1,1,0.9361067706157402,0.23754814347332903,0.8722135412314804
1,1,0.9359384925232418,0.2379996521968926,0.8718769850464835
1,1,0.9999999512187996,8.700576279406352e-07,0.9999999024375992
1,1,0.9999992454787313,1.1391144910542548e-05,0.9999984909574626
1,0,0.9467543509864229,0.2079631739231646,0.8935087019728458
1,0,0.999942017350626,0.0006236229776000746,0.999884034701252
1,1,0.9319745580937684,0.24850116909799946,0.8639491161875368
0,0,0.9376028172348082,0.23351313421771097,0.8752056344696166
1,1,0.9999997727314379,3.7038260523278255e-06,0.999999545462876
1,1,0.9999999512187996,8.700576279406352e-07,0.9999999024375992
1,1,0.9258625015198686,0.26421221534729605,0.851725003039737
1,0,0.9214826042316072,0.2751333198481814,0.8429652084632143
1,1,0.9377787432427666,0.23303614406861892,0.8755574864855331
0,0,0.999523671970333,0.0041198400091232365,0.9990473439406661
0,0,0.9721122513268663,0.12732130653316678,0.9442245026537326
1,0,0.997666090749957,0.016475165203493264,0.9953321814999141
1,1,0.9999992821672002,1.0873034095643158e-05,0.9999985643344005
1,1,0.8807871833021802,0.36535364397238246,0.7615743666043603
1,1,0.9999999558004616,7.926988957045926e-07,0.9999999116009233
1,1,0.9973538061878171,0.018346878588434534,0.9947076123756342
1,1,0.9680690293514975,0.14139163732952123,0.936138058702995
1,1,0.9999999522035974,8.534676426564379e-07,0.9999999044071947
1,1,0.9361067706157402,0.23754814347332903,0.8722135412314804
1,0,0.9973472768851022,0.018385602232828074,0.9946945537702044
0,0,0.963820986522872,0.1556046479846331,0.927641973045744
0,0,0.937158452697003,0.2347155921845629,0.8743169053940061
0,0,0.9998390105668812,0.0015670858449650987,0.9996780211337625
0,0,0.9724783580536012,0.1260186750261575,0.9449567161072024
1,1,0.9999999627575701,6.743046260463807e-07,0.99999992551514
1,1,0.9361067706157402,0.23754814347332903,0.8722135412314804
1,1,0.9658522233369945,0.14887700473492108,0.9317044466739891
1,0,0.9999266024140973,0.0007721119831637505,0.9998532048281945
0,0,0.999441616552382,0.004740778997790289,0.9988832331047639
0,0,0.999839013159806,0.0015670631983122313,0.9996780263196119
1,1,0.9999985949371832,2.0338885420976576e-05,0.9999971898743665
1,1,0.9359420331366021,0.23799015720795735,0.8718840662732043
1,1,0.5200162015880601,0.6923456697451599,0.04003240317612
1,1,0.9999999522035974,8.534676426564379e-07,0.9999999044071947
1,1,0.9999959749185238,5.402852130628979e-05,0.9999919498370475
1,1,0.9999999627575701,6.743046260463807e-07,0.99999992551514
1,1,0.9360012089100521,0.2378314324697362,0.8720024178201042
1,0,0.9372211004937099,0.23454626972522413,0.8744422009874199
1,1,0.9202819050709439,0.27808032129337446,0.8405638101418876
0,0,0.9995324312309579,0.00405275998660404,0.999064862461916
0,0,0.935791504434822,0.23839365100320936,0.8715830088696439
1,1,0.9360012089100521,0.2378314324697362,0.8720024178201042
0,0,0.9661179517221979,0.14798778404662744,0.9322359034443958
0,0,0.9998390119236725,0.0015670739947298026,0.9996780238473452
1,0,0.9384369936708945,0.23124670569774738,0.8768739873417888
0,0,0.9979474919729305,0.01475274185076978,0.9958949839458611
1,1,0.9632945322670399,0.1573287396387042,0.9265890645340797
0,0,0.9385422556471369,0.23095985985920583,0.8770845112942737
0,0,0.5054095386764607,0.6930886532007349,0.010819077352921314
1,1,0.9999993755162455,9.546071125851206e-06,0.999998751032491
0,0,0.9371650971417749,0.23469763695227355,0.8743301942835497
1,1,0.9999999596078267,7.280539692532008e-07,0.9999999192156535
0,0,0.9995392212916351,0.004000647654221322,0.9990784425832702
0,0,0.9997725338387917,0.002135542245819993,0.9995450676775833
0,0,0.9995357589261291,0.004027233020353509,0.9990715178522582
1,0,0.9216610038753174,0.2746937614291573,0.8433220077506346
0,0,0.9371381489087152,0.23477045431134114,0.8742762978174303
0,0,0.9979474871813113,0.014752771494778313,0.9958949743626226
1,1,0.932773327299499,0.24640540129322963,0.8655466545989979
0,0,0.9818131660061226,0.09089612862268279,0.9636263320122451
1,0,0.9342283411207297,0.24256158608325978,0.8684566822414594
0,0,0.9371636606322159,0.2347015188845878,0.8743273212644319
1,1,0.823477456063568,0.46607928257672143,0.6469549121271362
1,1,0.9643095694694727,0.15399747261313146,0.9286191389389451
0,0,0.9371763390503457,0.23466725632136406,0.8743526781006913
1,1,0.99999996385483,6.555187727464619e-07,0.9999999277096601
0,0,0.9989932844569754,0.007953615199584988,0.9979865689139509
0,1,0.742847466018726,0.5700574361427235,0.48569493203745195
1,1,0.959846105014742,0.16843292627874792,0.919692210029484
1,1,0.8003672695653266,0.4998928580953894,0.600734539130653
1,1,0.9999999540681559,8.220012039651388e-07,0.9999999081363118
1,0,0.9979475173814282,0.014752584657429565,0.9958950347628565
0,0,0.9371384910316248,0.23476952993145817,0.8742769820632499
1,1,0.933696339592359,0.24397097178195876,0.8673926791847181
0,0,0.9757008855660747,0.1143289418665616,0.9514017711321494
0,0,0.9706899693834045,0.13233552534563986,0.9413799387668089
0,0,0.9995316636390381,0.00405864486490402,0.9990633272780762
0,0,0.9371424543059657,0.23475882143893706,0.8742849086119312
1,0,0.9390672731176553,0.2295262779959767,0.8781345462353108
1,1,0.9999999574092036,7.654259344934964e-07,0.9999999148184071
1,1,0.9999999609409562,7.053356875831334e-07,0.9999999218819124
0,0,0.9371732281131234,0.23467566367049586,0.8743464562262466
0,0,0.9917025430504456,0.048022743124297,0.9834050861008912
0,0,0.9371353490244176,0.23477801922763422,0.8742706980488354
1,1,0.9904639747199302,0.053858472134609196,0.9809279494398605
1,1,0.7396299821754964,0.5734435884465895,0.47925996435099266
1,0,0.9999455106666783,0.0005894371834676532,0.9998910213333565
0,0,0.9661291802935457,0.14795016190834773,0.9322583605870912
0,0,0.9493321799786514,0.20047692375300497,0.8986643599573026
0,0,0.9595162619363437,0.1694784581325046,0.9190325238726873
1,1,0.9359384925232418,0.2379996521968926,0.8718769850464835
1,1,0.9361067706157402,0.23754814347332903,0.8722135412314804
1,1,0.9883587515229237,0.06341403919605841,0.9767175030458475
1,0,0.9214826042316072,0.2751333198481814,0.8429652084632143
1,1,0.9058907879025481,0.311943334884464,0.8117815758050962
1,1,0.9999999491377837,9.0504967669996e-07,0.9999998982755673
1,1,0.9359881013019911,0.23786659550502917,0.8719762026039819
0,0,0.9442793332640542,0.21502669082982045,0.8885586665281084
0,0,0.9982889956710291,0.012609791808059066,0.9965779913420582
1,1,0.9999999491377837,9.0504967669996e-07,0.9999998982755673
1,1,0.637522697932867,0.6548302406677622,0.27504539586573395
0,0,0.9371657266331935,0.23469593584354975,0.8743314532663871
1,1,0.9999999633171419,6.647284671280214e-07,0.9999999266342838
1,0,0.9973474867453659,0.018384357855484326,0.9946949734907318
1,1,0.9360040479540973,0.2378238159497382,0.8720080959081946
1,0,0.9977212001160684,0.016140662269316142,0.9954424002321366
1,1,0.9999992251405299,1.1677584551369893e-05,0.9999984502810597
1,1,0.9999991331284517,1.2966989345290775e-05,0.9999982662569034
1,1,0.9361067706157402,0.23754814347332903,0.8722135412314804
1,0,0.9220033876967276,0.27384892724469767,0.8440067753934555
0,0,0.9630527210596599,0.15811801655368948,0.9261054421193198
0,0,0.9994610746630725,0.004594696347519944,0.9989221493261451
1,1,0.8090954416853857,0.4875319283398782,0.6181908833707715
0,0,0.9960780067842322,0.02564666554550005,0.9921560135684644
1,0,0.9976660999164039,0.016475109674295493,0.9953321998328077
1,0,0.9214826042316072,0.2751333198481814,0.8429652084632143
1,0,0.9539984717817608,0.18656926574710636,0.9079969435635217
1,1,0.9999989954050034,1.4878981736883254e-05,0.9999979908100067
1,1,0.9360411708142554,0.23772421123627432,0.8720823416285108
1,1,0.9361067706157402,0.23754814347332903,0.8722135412314804
1,1,0.9359432197846977,0.2379869748847195,0.8718864395693955
1,0,0.9997834083042573,0.002044059926529778,0.9995668166085145
0,1,0.9361067706157402,0.23754814347332903,0.8722135412314804
1,1,0.9999999581697467,7.525114465350048e-07,0.9999999163394935
0,0,0.9397104557634164,0.22776347158302085,0.8794209115268329
1,1,0.9359384925232418,0.2379996521968926,0.8718769850464835
1,1,0.9999994813509118,8.02455842903961e-06,0.9999989627018235
0,0,0.937162503312445,0.23470464632663954,0.8743250066248902
1,1,0.9999999522035974,8.534676426564379e-07,0.9999999044071947
0,0,0.9986377705774442,0.01035015269743978,0.9972755411548884
1,0,0.9232285995387544,0.2708123090967064,0.8464571990775089
0,0,0.9979474848249698,0.014752786072604617,0.9958949696499394
1,0,0.999869362645958,0.0012989298294471378,0.999738725291916
0,0,0.9995452223232291,0.003954507672245095,0.9990904446464581
1,0,0.7377934092652174,0.5753523113192376,0.4755868185304351
0,0,0.9371633783599441,0.23470228167515128,0.8743267567198882
0,0,0.9989609357004996,0.008176308621801912,0.9979218714009993
1,0,0.9212999232681836,0.27558297116484104,0.842599846536367
1,1,0.9999999574092036,7.654259344934964e-07,0.9999999148184071
0,0,0.999427917232542,0.0048432188321328815,0.998855834465084
1,1,0.9361067706157402,0.23754814347332903,0.8722135412314804
1,1,0.9999991991250152,1.2043206096807938e-05,0.9999983982500305
0,0,0.998503254185468,0.011231151382382051,0.9970065083709362
0,0,0.9992473336613905,0.0061654754276298275,0.9984946673227809
0,0,0.9374143194488614,0.23402362332236182,0.8748286388977228
0,0,0.9992875951279767,0.00587485239134122,0.9985751902559533
0,0,0.9763107978944285,0.11206879884893099,0.9526215957888572
0,0,0.9995451205130322,0.003955291115455694,0.9990902410260646
1,1,0.9318522069473749,0.24882129589601837,0.86370441389475
0,0,0.9371020509643947,0.23486797597277753,0.8742041019287894
1,1,0.9999999512187996,8.700576279406352e-07,0.9999999024375992
0,0,0.9993369916839813,0.005515162705523722,0.9986739833679624
1,1,0.9969560984268352,0.02067750244179983,0.9939121968536703
0,0,0.9371430109069165,0.23475731752039986,0.8742860218138329
1,0,0.9973475127407243,0.01838420371349596,0.9946950254814486
1,1,0.9999999566197619,7.78816771380435e-07,0.9999999132395239
1,1,0.9999999589023253,7.400587430968554e-07,0.9999999178046507
0,0,0.9385340038369901,0.23098235352210178,0.8770680076739803
1,1,0.9999999574092036,7.654259344934964e-07,0.9999999148184071
0,0,0.9995502312008577,0.003915935423673101,0.9991004624017155
1,1,0.9798735450905934,0.09853084597280573,0.9597470901811868
0,0,0.9995523603757198,0.0038995222559865313,0.9991047207514395
1,0,0.9999448306894517,0.000596108601200429,0.9998896613789034
1,1,0.99999996385483,6.555187727464619e-07,0.9999999277096601
0,0,0.9371307760464991,0.2347903745217482,0.8742615520929979
0,0,0.9371460322875631,0.23474915375167069,0.8742920645751261
1,0,0.9372211004937099,0.23454626972522413,0.8744422009874199
1,1,0.9999992422077484,1.1437249471463778e-05,0.9999984844154968
1,1,0.9891908435593095,0.05968748659950824,0.9783816871186191
0,1,0.9457378419188824,0.21087862484374706,0.8914756838377647
1,1,0.9999999621754697,6.842574025723138e-07,0.9999999243509394
0,0,0.9995503770750435,0.003914811245825104,0.9991007541500869
1,0,0.9428675573523273,0.2190033251992189,0.8857351147046546
0,0,0.9634763916228014,0.15673405786244027,0.9269527832456029
1,1,0.9360012089100521,0.2378314324697362,0.8720024178201042
0,0,0.9991860765540711,0.006603553955838798,0.9983721531081421
0,0,0.9979474883983598,0.014752763965341694,0.9958949767967197
0,0,0.9371491148101817,0.23474082461765464,0.8742982296203634
0,0,0.9997851190423733,0.0020296191747182705,0.9995702380847465
1,0,0.9397970425957409,0.22752560217556517,0.8795940851914817
0,0,0.9991352686860034,0.006963386595917661,0.9982705373720069
0,0,0.998114264258491,0.01371400141188823,0.9962285285169822
1,1,0.99999996385483,6.555187727464619e-07,0.9999999277096601
1,1,0.9360012089100521,0.2378314324697362,0.8720024178201042
1,1,0.9555514452322814,0.18183289279540335,0.9111028904645627
0,0,0.9996828974635223,0.002871720781936604,0.9993657949270447
0,0,0.9371748302902582,0.23467133378605265,0.8743496605805163
0,0,0.937161382852118,0.23470767414121108,0.8743227657042361
1,1,0.9999999627575701,6.743046260463807e-07,0.99999992551514
1,0,0.9370782312486103,0.23493231484957744,0.8741564624972206
0,0,0.9521666973609796,0.19208542725031513,0.9043333947219592
0,0,0.9374150434565893,0.23402166372664737,0.8748300869131788
1,1,0.9387827462031112,0.23030378593239464,0.8775654924062224
0,0,0.9995458461240466,0.003949706942662739,0.9990916922480934
1,1,0.9999999627575701,6.743046260463807e-07,0.99999992551514
0,0,0.9995001839428885,0.004298928135116141,0.9990003678857772
1,1,0.9999999540681559,8.220012039651388e-07,0.9999999081363118
0,0,0.9995326549119076,0.004051044860182881,0.999065309823815
1,1,0.9148506785088648,0.2911690877861994,0.8297013570177296
1,1,0.8251223039181157,0.4635367438674831,0.6502446078362312
1,1,0.9335689725517269,0.24430771470937496,0.8671379451034538
0,0,0.9371670750820278,0.23469229183465032,0.8743341501640558
1,1,0.9388778347933017,0.23004410063717695,0.8777556695866034
0,0,0.9979474879271425,0.01475276688059312,0.9958949758542849
1,1,0.9999999522035974,8.534676426564379e-07,0.9999999044071947
0,0,0.9371461074834747,0.23474895057038508,0.8742922149669494
0,0,0.9995358414080386,0.004026599993875956,0.9990716828160773
0,0,0.9979474791010926,0.014752821484132945,0.9958949582021853
1,1,0.9999961876262292,5.138033963909169e-05,0.9999923752524584
1,0,0.9999583069187431,0.00046217424786351295,0.9999166138374862
0,0,0.9994543997573502,0.00464488645699443,0.9989087995147002
0,0,0.9948765814868806,0.03213083927095083,0.9897531629737614
1,1,0.9999999566197619,7.78816771380435e-07,0.9999999132395239
1,1,0.9999999512187996,8.700576279406352e-07,0.9999999024375992
1,0,0.9236252266268137,0.26982476829322166,0.8472504532536274
1,1,0.7171016790859859,0.5956698799403088,0.43420335817197175
0,0,0.9549532681763201,0.1836638793874445,0.9099065363526403
0,0,0.999229629259778,0.006292583413351644,0.998459258519556
1,1,0.9999999602871033,7.164837943213794e-07,0.9999999205742065
1,1,0.7951631729636891,0.507035016845559,0.5903263459273783
1,1,0.9999999512187996,8.700576279406352e-07,0.9999999024375992
1,1,0.9461889868262748,0.2095872020371235,0.8923779736525496
1,1,0.9999999558004616,7.926988957045926e-07,0.9999999116009233
1,1,0.9353204684318993,0.2396538354617853,0.8706409368637988
1,0,0.9973472775140253,0.018385598503621012,0.9946945550280506
1,1,0.9999999522035974,8.534676426564379e-07,0.9999999044071947
1,1,0.9351241046751344,0.2401780919371012,0.8702482093502688
0,0,0.9372928767948995,0.23435219304030225,0.8745857535897992
1,0,0.5,0.6931471805599453,0.0
1,1,0.999998934292093,1.5721185296130206e-05,0.9999978685841859
1,1,0.9628142123680268,0.15889490412882198,0.9256284247360536
1,1,0.9999999522035974,8.534676426564379e-07,0.9999999044071947
1,0,0.9964884192336617,0.023351770263790043,0.9929768384673235
0,0,0.9371774182803164,0.23466433964964103,0.874354836560633
1,1,0.9999999609409562,7.053356875831334e-07,0.9999999218819124
1,1,0.9999994354013148,8.687564866946739e-06,0.9999988708026295
1,1,0.9347964888130933,0.24105135438091255,0.8695929776261866
0,0,0.9851658897839396,0.07718739375830187,0.9703317795678793
1,1,0.9358620819371718,0.23820451425934358,0.8717241638743438
0,1,0.9855645801679078,0.07550904940540898,0.9711291603358159
1,1,0.9867292482750167,0.07054105051008669,0.9734584965500335
0,0,0.9612033798960707,0.1641007018844663,0.9224067597921416
1,1,0.9361067706157402,0.23754814347332903,0.8722135412314804
1,1,0.999999746428924,4.104712614824107e-06,0.999999492857848
0,0,0.9994517050556754,0.004665125314331927,0.9989034101113508
0,0,0.9653655551184439,0.15050002819880956,0.9307311102368877
1,1,0.9577046781799528,0.1751714262913752,0.9154093563599054
0,0,0.9561345193013578,0.18004002805489971,0.9122690386027157
0,0,0.9993445894792448,0.005459517855565263,0.9986891789584895
0,0,0.937136700510184,0.23477436770882487,0.874273401020368
1,0,0.9221665921979623,0.2734456458273191,0.8443331843959244
0,0,0.937183077292762,0.23464904556819188,0.874366154585524
0,0,0.9966244471624672,0.022580782599393216,0.9932488943249344
0,0,0.9371604526143191,0.2347101879021597,0.8743209052286383
1,0,0.9605999924312807,0.1660326294776466,0.9211999848625615
1,1,0.9361067706157402,0.23754814347332903,0.8722135412314804
1,1,0.6481810677227141,0.6485653637602036,0.2963621354454281
1,1,0.9999999602871033,7.164837943213794e-07,0.9999999205742065
1,1,0.9718165135389437,0.1283699477873564,0.9436330270778874
1,1,0.9361067706157402,0.23754814347332903,0.8722135412314804
0,0,0.998816828938632,0.009156519771114376,0.9976336578772639
1,1,0.9999999491377837,9.0504967669996e-07,0.9999998982755673
1,1,0.9999999491377837,9.0504967669996e-07,0.9999998982755673
1,1,0.9554971336498288,0.18199948363751203,0.9109942672996577
1,1,0.7461898008554211,0.5664824925360185,0.4923796017108419
1,1,0.9999992041548045,1.1972584299518996e-05,0.999998408309609
0,0,0.9646295900470724,0.15294102310497182,0.9292591800941447
1,1,0.9999992434707291,1.1419449412288986e-05,0.9999984869414583
1,1,0.9999966573010027,4.5489889204793284e-05,0.9999933146020055
1,1,0.9999988547851375,1.681165994417457e-05,0.9999977095702751
1,1,0.9360531301282972,0.2376921181806633,0.8721062602565942
1,1,0.9999983650846058,2.341839516128456e-05,0.9999967301692116
1,1,0.9650318530952404,0.1516088143027155,0.9300637061904808
1,1,0.9611071731921403,0.16440938724932877,0.9222143463842807
1,1,0.9999999596078267,7.280539692532008e-07,0.9999999192156535
1,1,0.935548824720271,0.23904336286383576,0.8710976494405421
1,1,0.9999999581697467,7.525114465350048e-07,0.9999999163394935
0,0,0.9994936759574233,0.0043483516309290714,0.9989873519148468
1,0,0.9372211004937099,0.23454626972522413,0.8744422009874199
0,0,0.9976659220146329,0.01647618737471162,0.9953318440292657
1,1,0.9527853002674449,0.1902309565199739,0.9055706005348899
1,0,0.9872583640772973,0.06825034574895161,0.9745167281545946
0,0,0.938406407398768,0.23133001933563221,0.8768128147975361
0,1,0.9506867859714181,0.19648805727586013,0.9013735719428363
1,1,0.9348441064118531,0.2409245388952144,0.8696882128237062
0,0,0.9997151608170813,0.002610107723456887,0.9994303216341628
0,0,0.9371694910635625,0.2346857628792136,0.8743389821271254
0,0,0.998989757327212,0.00797794641096013,0.997979514654424
1,1,0.9330143342074504,0.24577106726628759,0.8660286684149008
1,0,0.9995198832876836,0.004148804332645822,0.9990397665753672
0,0,0.9371393767754894,0.23476713673607622,0.8742787535509786
1,0,0.6950820283306838,0.6149738800384176,0.3901640566613676
1,1,0.9361067706157402,0.23754814347332903,0.8722135412314804
1,0,0.9973474711390751,0.018384450394370595,0.99469494227815
1,1,0.7194911327565464,0.5934332810335373,0.4389822655130929
1,1,0.9625986371711558,0.15959572375236492,0.9251972743423116
1,1,0.9999993443991884,9.989857288865364e-06,0.9999986887983767
1,1,0.9999999609409562,7.053356875831334e-07,0.9999999218819124
0,0,0.9995521293546178,0.003901303617244026,0.9991042587092355
0,0,0.9998390102863168,0.0015670882954190637,0.9996780205726336
0,0,0.9371767158728919,0.23466623794227082,0.8743534317457836
1,1,0.9999999501972988,8.872449120709397e-07,0.9999999003945976
0,0,0.9900069897476048,0.05596941315880804,0.9800139794952096
1,0,0.9953982077805169,0.029354855598980698,0.9907964155610338
1,0,0.5377170527993693,0.6902993239588567,0.0754341055987387
1,1,0.9326918310994411,0.2466196908706011,0.865383662198882
0,0,0.9371395283289471,0.23476672725176373,0.8742790566578943
0,0,0.9936429496545561,0.03849197486495353,0.9872858993091121
0,1,0.929070920059531,0.25603558532733,0.8581418401190619
1,1,0.9999999609409562,7.053356875831334e-07,0.9999999218819124
1,0,0.9223239489531316,0.27305646291789165,0.8446478979062633
0,0,0.9994077563380058,0.004993381758312966,0.9988155126760117
0,0,0.9998390133663316,0.0015670613945119954,0.9996780267326631
0,0,0.9371600561281322,0.23471125931351317,0.8743201122562643
1,1,0.9810035045482327,0.09410753280884894,0.9620070090964653
1,1,0.93434376794167,0.2422551888623415,0.86868753588334
1,0,0.9638649344729469,0.15546036436922697,0.9277298689458937
1,1,0.9999999549502822,8.070881798928859e-07,0.9999999099005643
0,0,0.9578752532476511,0.17463889583942538,0.9157505064953022
1,1,0.9999999615701641,6.945974433749538e-07,0.9999999231403283
1,1,0.9999999581697467,7.525114465350048e-07,0.9999999163394935
1,1,0.9359420331366021,0.23799015720795735,0.8718840662732043
0,1,0.9551878256591716,0.18294690922039306,0.9103756513183433
1,1,0.9999999491377837,9.0504967669996e-07,0.9999998982755673
0,0,0.9979475134055003,0.014752609255103338,0.9958950268110005
1,1,0.9999999627575701,6.743046260463807e-07,0.99999992551514
1,0,0.9773116063489692,0.10832507300270403,0.9546232126979383
0,0,0.9995503632804102,0.003914917556044614,0.9991007265608206
0,0,0.9841537262226988,0.08140001982468432,0.9683074524453975
1,1,0.9966244932753212,0.02258052031769817,0.9932489865506425
1,1,0.9361067706157402,0.23754814347332903,0.8722135412314804
1,1,0.9999999627575701,6.743046260463807e-07,0.99999992551514
1,1,0.9360012089100521,0.2378314324697362,0.8720024178201042
1,1,0.9999999531529851,8.374549724531441e-07,0.9999999063059701
0,0,0.938081123181499,0.2322150578406596,0.8761622463629981
0,0,0.9997855563044971,0.002025925958326271,0.9995711126089941
0,0,0.9979474907557844,0.014752749380812651,0.9958949815115686
1,1,0.764086433202111,0.5463236251614273,0.5281728664042221
0,0,0.9424532966672063,0.22016313799467987,0.8849065933344127
0,0,0.9371580429129635,0.23471669951629612,0.8743160858259268
1,1,0.9856459893274881,0.07516498204725007,0.9712919786549764
0,0,0.9999998999999902,1.711809720309326e-06,0.9999997999999802
0,0,0.9998293506206982,0.0016511716858199762,0.9996587012413964
1,1,0.7125228773955109,0.5998772554429901,0.42504575479102186
1,1,0.995172789612925,0.03056140222889258,0.9903455792258501
0,0,0.9999325721596892,0.0007150330607835616,0.9998651443193785
1,1,0.9999999615701641,6.945974433749538e-07,0.9999999231403283
0,0,0.9991848829964359,0.006612042652962235,0.9983697659928717
0,0,0.9371724419223936,0.23467778833535874,0.8743448838447871
1,0,0.9370782312486103,0.23493231484957744,0.8741564624972206
0,1,0.9444283592595935,0.21460472547141562,0.8888567185191868
1,0,0.9973951490397671,0.018101307970014517,0.9947902980795342
1,0,0.951353899542072,0.19450930629103186,0.9027077990841438
0,0,0.9995578871839116,0.003856870352175317,0.9991157743678231
1,1,0.9999999609409562,7.053356875831334e-07,0.9999999218819124
0,0,0.9967552470516844,0.021834240881598382,0.9935104941033687
0,0,0.9371623302791047,0.23470511391519822,0.8743246605582092
0,0,0.9371652405974209,0.23469724928491048,0.8743304811948418
1,1,0.9361067706157402,0.23754814347332903,0.8722135412314804
0,0,0.9333802657130134,0.244806151850334,0.8667605314260268
0,0,0.9614886169888442,0.16318403933389353,0.9229772339776886
1,0,0.9954424206457013,0.029116922359816208,0.9908848412914026
0,0,0.9496332291317239,0.19959376504578985,0.8992664582634476
1,0,0.547061564556258,0.6887110351573276,0.09412312911251602
0,0,0.9373756277402184,0.23412833311369355,0.8747512554804366
1,1,0.9499050448520475,0.1987947381313246,0.8998100897040949
0,0,0.9990838796306893,0.007324294949488256,0.9981677592613787
1,0,0.9979474971654144,0.014752709726744162,0.9958949943308288
1,1,0.9351378183633046,0.24014149948158683,0.8702756367266091
0,0,0.9981270687366278,0.013633653837619872,0.9962541374732556
0,0,0.9996144543051693,0.0034161885608537763,0.9992289086103385
0,0,0.9988921917154528,0.008646241624597541,0.9977843834309058
0,0,0.9371331720163318,0.23478390112299935,0.8742663440326637
1,1,0.9999999581697467,7.525114465350048e-07,0.9999999163394935
1,1,0.7549568508941399,0.5568236742559471,0.5099137017882795
0,0,0.9630353123847505,0.15817477530234123,0.9260706247695009
1,0,0.9372211004937099,0.23454626972522413,0.8744422009874199
0,0,0.9368114633035747,0.2356522189285341,0.8736229266071492
1,1,0.936100274764588,0.23756558133786704,0.8722005495291761
1,1,0.9999999558004616,7.926988957045926e-07,0.9999999116009233
1,1,0.9999999531529851,8.374549724531441e-07,0.9999999063059701
1,1,0.9999999491377837,9.0504967669996e-07,0.9999998982755673
1,0,0.9384369936708945,0.23124670569774738,0.8768739873417888
0,0,0.9851889740834511,0.07709051654865108,0.970377948166902
0,0,0.9524628276309797,0.1911987316818194,0.9049256552619593
1,1,0.9999990225846445,1.4503234711844466e-05,0.9999980451692889
1,0,0.9660952686876757,0.14806377344181554,0.9321905373753514
1,1,0.9808786632887823,0.09459952961062973,0.9617573265775646
1,1,0.9311531486912725,0.2506458440464403,0.8623062973825452
1,1,0.9360012089100521,0.2378314324697362,0.8720024178201042
1,1,0.9361067706157402,0.23754814347332903,0.8722135412314804
1,1,0.9609494945500999,0.1649147740552377,0.9218989891001997
0,0,0.937161814142401,0.23470650867007048,0.8743236282848019
1,1,0.6565117052708572,0.6433221754596974,0.3130234105417147
0,1,0.9470184211693288,0.20720245457237485,0.8940368423386578
0,0,0.9936404787000793,0.03850445718277714,0.9872809574001585
1,1,0.6796266340232732,0.6271505700661024,0.3592532680465462
1,0,0.9983583674507437,0.012166537426710183,0.9967167349014874
1,1,0.9999993978983418,9.225906911802862e-06,0.9999987957966837
1,1,0.9999999596078267,7.280539692532008e-07,0.9999999192156535
0,0,0.9371410593670652,0.2347625904975531,0.8742821187341304
0,0,0.9976659002370449,0.016476319298915056,0.9953318004740898
0,0,0.9374284611212792,0.23398534592492026,0.8748569222425583
0,0,0.9995183902585247,0.004160210249926815,0.9990367805170496
0,0,0.9994800046878716,0.004451903838905577,0.9989600093757431
0,0,0.9400099912389168,0.22694003036888558,0.8800199824778336
0,0,0.9979474943293294,0.014752727272581534,0.9958949886586587
1,1,0.9999999627575701,6.743046260463807e-07,0.99999992551514
1,0,0.9236252266268137,0.26982476829322166,0.8472504532536274
1,1,0.9999999491377837,9.0504967669996e-07,0.9999998982755673
0,0,0.9399630850696787,0.2270690831564998,0.8799261701393575
1,0,0.6780163513600828,0.6283556443278046,0.3560327027201655
1,0,0.6348181899918492,0.6563414725522875,0.2696363799836985
1,1,0.9716948878620135,0.12880028540739735,0.943389775724027
0,0,0.9371593481479679,0.23471317245797738,0.8743186962959355
1,1,0.9999882663896594,0.00014494584340669027,0.9999765327793189
1,1,0.9535504459847173,0.18792539442680592,0.9071008919694346
0,0,0.9645857643566305,0.15308587694295242,0.9291715287132608
1,1,0.9373603594860104,0.23416964594847867,0.8747207189720206
0,0,0.9371644415993983,0.23469940845275739,0.8743288831987969
1,1,0.7045463716697616,0.6069628144905187,0.4090927433395232
1,1,0.9870548136984438,0.06913416316640385,0.9741096273968879
1,1,0.9999999566197619,7.78816771380435e-07,0.9999999132395239
1,1,0.9999992464800246,1.1377028832630898e-05,0.9999984929600492
1,1,0.9339172642198235,0.24338625226745986,0.867834528439647
1,1,0.9313213167423386,0.2502076230140143,0.8626426334846774
1,1,0.9999977629508902,3.134184503274913e-05,0.9999955259017802
0,0,0.9498203115529753,0.1990439855253861,0.8996406231059506
1,0,0.9348532569829702,0.24090016477385556,0.8697065139659403
1,1,0.858788059694313,0.40715742314640846,0.7175761193886261
0,0,0.9371618008069943,0.2347065447062453,0.8743236016139885
1,0,0.9979474688683909,0.014752884790066895,0.9958949377367817
0,1,0.9494924579466176,0.20000696703170245,0.8989849158932351
1,1,0.9999990216817012,1.4515729541056198e-05,0.9999980433634025
0,0,0.9982512187743052,0.012849976725500426,0.9965024375486105
0,0,0.9995521317339169,0.003901285271513585,0.9991042634678337
1,1,0.9248657216707482,0.26672168159010656,0.8497314433414964
1,0,0.9246201969446778,0.2673376065861082,0.8492403938893555
0,0,0.9854197518772586,0.07612000125685855,0.9708395037545173
1,0,0.9681219348120568,0.14121109304320084,0.9362438696241135
0,0,0.9995393505116295,0.003999654951068138,0.9990787010232589
1,1,0.9359384925232418,0.2379996521968926,0.8718769850464835
1,0,0.9372211004937099,0.23454626972522413,0.8744422009874199
1,0,0.5383212339016185,0.6902072644575827,0.07664246780323691
1,1,0.7618265445823227,0.5489653461656012,0.5236530891646453
0,0,0.9991112477388522,0.007132456883958932,0.9982224954777045
0,0,0.9372311536893403,0.23451909206057453,0.8744623073786804
0,0,0.976011633112555,0.11317939438834229,0.9520232662251099
0,0,0.9371632665801155,0.23470258373986463,0.874326533160231
1,1,0.9999999633171419,6.647284671280214e-07,0.9999999266342838
1,1,0.5782477106551104,0.6808512925947393,0.1564954213102207
1,1,0.9999999615701641,6.945974433749538e-07,0.9999999231403283
0,0,0.9969866807715179,0.020500228136927697,0.9939733615430358
0,0,0.9997253198922432,0.0025269927242608696,0.9994506397844863
1,1,0.9999999558004616,7.926988957045926e-07,0.9999999116009233
0,0,0.9966227121978171,0.02259065030988224,0.993245424395634
1,1,0.9999980352334108,2.7782067018841166e-05,0.9999960704668215
0,0,0.9682353207663131,0.14082384837639017,0.9364706415326262
1,1,0.7051496125858498,0.6064376982168991,0.41029922517169976
0,0,0.9821282676553976,0.08963648553816805,0.9642565353107952
1,0,0.9622659499283575,0.16067473566315274,0.9245318998567149
1,1,0.9999989670618993,1.5270030103433345e-05,0.9999979341237986
1,1,0.8940459015187047,0.3379718866039537,0.7880918030374092
1,1,0.8494721108267783,0.4236236731651165,0.6989442216535566
1,1,0.9816843934799507,0.09140930073564378,0.9633687869599016
1,1,0.9470183695268422,0.20720260347696523,0.8940367390536844
1,0,0.697362390822628,0.6130826060034494,0.3947247816452557
1,1,0.99999996385483,6.555187727464619e-07,0.9999999277096601
1,0,0.9974467085972925,0.017794128490143845,0.9948934171945849
0,0,0.9998390100064951,0.001567090739382855,0.9996780200129903
1,0,0.9370782312486103,0.23493231484957744,0.8741564624972206
0,0,0.9995502324933533,0.003915925463277908,0.9991004649867066
0,0,0.9371562725996937,0.23472148328150982,0.8743125451993875
0,0,0.9995277494694269,0.004088634004149744,0.9990554989388538
1,0,0.9212999232681836,0.27558297116484104,0.842599846536367
0,0,0.9996734014777227,0.0029480793112142867,0.9993468029554452
0,0,0.9372262024849615,0.23453247729004886,0.8744524049699232
1,0,0.9979474809943386,0.01475280977131577,0.9958949619886773
1,1,0.9360012089100521,0.2378314324697362,0.8720024178201042
0,0,0.9993953713579542,0.00508528586451452,0.9987907427159085
1,0,0.967884020222102,0.1420222853475301,0.935768040444204
0,0,0.9926690794842146,0.043340253555380834,0.9853381589684291
1,1,0.9361067706157402,0.23754814347332903,0.8722135412314804
1,1,0.99999931960074,1.0342467278253392e-05,0.9999986392014799
0,0,0.9995517833558499,0.0039039713271821837,0.9991035667116999
0,0,0.9820590606697203,0.08991362717534047,0.9641181213394406
0,0,0.999819157290455,0.0017393076529628748,0.9996383145809099
1,1,0.9339172642198235,0.24338625226745986,0.867834528439647
1,0,0.9218347293182553,0.27426529614405004,0.8436694586365103
1,1,0.9999999549502822,8.070881798928859e-07,0.9999999099005643
1,0,0.9998766367835425,0.001233671133855002,0.9997532735670851
1,0,0.9451934177022298,0.2124317857567929,0.8903868354044595
0,0,0.9998390138669949,0.00156705702170319,0.9996780277339898
1,1,0.9999999581697467,7.525114465350048e-07,0.9999999163394935
1,1,0.9361067706157402,0.23754814347332903,0.8722135412314804
1,1,0.9999999621754697,6.842574025723138e-07,0.9999999243509394
1,1,0.9999999627575701,6.743046260463807e-07,0.99999992551514
0,0,0.9995515789395165,0.0039055472866474784,0.999103157879033
1,0,0.997666104504908,0.016475081877693462,0.9953322090098159
1,1,0.9999999566197619,7.78816771380435e-07,0.9999999132395239
1,1,0.9999999596078267,7.280539692532008e-07,0.9999999192156535
1,0,0.999844833288511,0.001516123522187751,0.9996896665770222
0,0,0.9974346361689801,0.017866145945830393,0.9948692723379602
0,0,0.9371309609188766,0.23478987503953888,0.8742619218377531
0,0,0.9978046570138474,0.015631541302521673,0.9956093140276948
0,0,0.9691703495945022,0.13761439227980093,0.9383406991890045
0,0,0.9870902778354117,0.06898041228154402,0.9741805556708233
0,0,0.9998293530277645,0.0016511508027488575,0.999658706055529
1,1,0.9744286607308695,0.11899333894076722,0.9488573214617391
1,1,0.9999842272190619,0.00019017584155715957,0.9999684544381239
1,1,0.9999999491377837,9.0504967669996e-07,0.9999998982755673
1,1,0.9359384925232418,0.2379996521968926,0.8718769850464835
1,1,0.9999958593325546,5.546279738451241e-05,0.9999917186651092
1,0,0.9539791323054643,0.1866278985358495,0.9079582646109285
0,0,0.9371451457478734,0.23475154919745556,0.8742902914957469
1,1,0.999999277750286,1.0935506746056934e-05,0.9999985555005719
1,1,0.9999999621754697,6.842574025723138e-07,0.9999999243509394
1,1,0.9999999609409562,7.053356875831334e-07,0.9999999218819124
1,0,0.9218347293182553,0.27426529614405004,0.8436694586365103
1,1,0.9999999491377837,9.0504967669996e-07,0.9999998982755673
0,0,0.9979474838818532,0.014752791907322647,0.9958949677637062
1,1,0.9999999558004616,7.926988957045926e-07,0.9999999116009233
0,0,0.9993685623696323,0.005283362162503416,0.9987371247392647
1,1,0.9361067706157402,0.23754814347332903,0.8722135412314804
0,0,0.9371325316321862,0.23478563131372665,0.8742650632643724
0,0,0.9971374996667326,0.01962137257543921,0.9942749993334652
1,1,0.9999999621754697,6.842574025723138e-07,0.9999999243509394
0,0,0.9995426178045524,0.003974542639521422,0.9990852356091049
1,1,0.6906475642335906,0.618581555184716,0.3812951284671813
0,0,0.9966227418528909,0.022590481652469737,0.9932454837057818
1,1,0.9378610890444142,0.23281269682023428,0.8757221780888286
1,1,0.9361067706157402,0.23754814347332903,0.8722135412314804
1,1,0.9784957300728486,0.10383710296890777,0.9569914601456975
1,0,0.9858867120264548,0.07414484199101185,0.9717734240529097
1,0,0.9383554811259254,0.2314687009902922,0.8767109622518506
0,0,0.9998293519817385,0.0016511598777976012,0.999658703963477
1,1,0.9360012089100521,0.2378314324697362,0.8720024178201042
1,0,0.9999585388966395,0.0004598340731890466,0.999917077793279
0,0,0.9374417628468322,0.2339493389078294,0.8748835256936646
0,1,0.9388905211684482,0.23000944245816524,0.8777810423368962
1,1,0.6762783389622015,0.6296429793079894,0.3525566779244028
1,1,0.9999993679601707,9.653974247127864e-06,0.9999987359203416
1,1,0.9360012089100521,0.2378314324697362,0.8720024178201042
0,0,0.9966224879219756,0.02259192582624908,0.9932449758439512
1,0,0.9979474931303697,0.014752734690112105,0.9958949862607394
1,1,0.935961194089763,0.23793876896962918,0.8719223881795257
0,0,0.9371649899320628,0.23469792667020908,0.8743299798641256
0,0,0.9430514123112143,0.21848756388036672,0.8861028246224285
1,1,0.73455789196776,0.5786725689810646,0.46911578393551995
0,0,0.9998293524759909,0.001651155589792939,0.9996587049519818
0,0,0.9900988468416477,0.05554682618355766,0.9801976936832955
1,1,0.9999999512187996,8.700576279406352e-07,0.9999999024375992
0,0,0.9995523361526261,0.0038997090414063145,0.9991046723052521
1,0,0.9528569650187789,0.19001556945524717,0.9057139300375578
0,0,0.9993538998503453,0.005391210135846507,0.9987077997006906
1,1,0.9999999558004616,7.926988957045926e-07,0.9999999116009233
1,1,0.936208148864426,0.23727590596888298,0.8724162977288522
0,0,0.9994863055892508,0.00440422329872827,0.9989726111785017
0,0,0.9371817397272671,0.23465266052992279,0.8743634794545344
0,0,0.9957150559822845,0.02764004104034764,0.9914301119645689
1,1,0.9999999531529851,8.374549724531441e-07,0.9999999063059701
1,1,0.999997814080981,3.067603579976884e-05,0.9999956281619619
1,1,0.8208172112644391,0.47015204557123447,0.6416344225288781
0,0,0.9998293490811788,0.0016511850422654651,0.9996586981623576
1,1,0.9359420331366021,0.23799015720795735,0.8718840662732043
1,1,0.9972885825698035,0.018732984571644844,0.9945771651396068
1,1,0.9807714548960392,0.09502137224570818,0.9615429097920785
1,1,0.9999999491377837,9.0504967669996e-07,0.9999998982755673
0,0,0.9549548061016697,0.18365918259442304,0.9099096122033395
1,0,0.999998948082178,1.5531456230899425e-05,0.9999978961643559
1,0,0.9999480027200423,0.0005649136924717964,0.9998960054400845
1,1,0.8675201667117378,0.39107372627507697,0.7350403334234756
1,1,0.9359832035860635,0.2378797335932757,0.871966407172127
0,0,0.9371677122810964,0.2346905698756824,0.8743354245621928
0,0,0.9550047695588256,0.183506565283484,0.9100095391176514
1,1,0.9999976683689804,3.2570416988548896e-05,0.9999953367379608
1,0,0.9998413529753254,0.0015466100971461999,0.9996827059506508
1,1,0.9999999512187996,8.700576279406352e-07,0.9999999024375992
1,1,0.9999999566197619,7.78816771380435e-07,0.9999999132395239
0,0,0.9995752081301207,0.0037227480006948995,0.9991504162602415
0,0,0.9399893381056561,0.22699685807168551,0.8799786762113122
1,1,0.8343729707958434,0.4488840793794434,0.6687459415916868
0,0,0.9373295727016155,0.23425293674147585,0.8746591454032311
1,1,0.7948169700131992,0.5075042157777065,0.5896339400263986
1,1,0.9999991382680006,1.2895234332659448e-05,0.9999982765360012
1,1,0.6447785020933878,0.6506191658673879,0.2895570041867757
1,1,0.9999999621754697,6.842574025723138e-07,0.9999999243509394
1,1,0.9999999589023253,7.400587430968554e-07,0.9999999178046507
1,1,0.9372312761147082,0.2345187610870059,0.8744625522294164
1,0,0.9997825716857949,0.002051117096649495,0.9995651433715899
1,1,0.9319788737654688,0.24848987300956438,0.8639577475309378
1,0,0.9999556080649595,0.0004893070210500184,0.9999112161299192
0,0,0.9993225235262182,0.005620884718403476,0.9986450470524364
1,1,0.9999999491377837,9.0504967669996e-07,0.9999998982755673
0,1,0.9482697856747714,0.2035785803291215,0.8965395713495428
0,0,0.9994079584518221,0.004991879816032995,0.9988159169036441
1,1,0.7004814527481301,0.6104558161056193,0.40096290549626035
1,0,0.8546595473871951,0.4145407513570989,0.70931909477439
1,1,0.7066792232199538,0.6050983342513615,0.4133584464399074
1,0,0.9220033876967276,0.27384892724469767,0.8440067753934555
0,0,0.9963422614522115,0.024174283398423754,0.9926845229044229
1,1,0.9999999522035974,8.534676426564379e-07,0.9999999044071947
1,1,0.9360012089100521,0.2378314324697362,0.8720024178201042
0,0,0.9371676283827828,0.23469079660185319,0.8743352567655654
0,0,0.9385842603430349,0.23084534068349707,0.8771685206860698
0,0,0.9695390950059026,0.13634068734365534,0.9390781900118054
0,0,0.9340067504334469,0.2431491848880269,0.8680135008668939
1,0,0.9979475012111382,0.014752684697300254,0.9958950024222765
0,0,0.9913570439240188,0.0496682737307199,0.9827140878480374
0,0,0.9383799019352618,0.231402204209464,0.8767598038705238
1,1,0.6187902547089289,0.6646532506310963,0.2375805094178578
1,0,0.9608721399353441,0.16516246631588202,0.9217442798706883
1,1,0.9999991979596152,1.2059564623206753e-05,0.9999983959192303
1,1,0.7727953377677951,0.5358765797009479,0.5455906755355904
0,0,0.9537913830725278,0.1871966682004958,0.9075827661450554
1,1,0.957720107141572,0.1751232871064514,0.9154402142831439
1,0,0.9979474809943386,0.01475280977131577,0.9958949619886773
1,1,0.9999999596078267,7.280539692532008e-07,0.9999999192156535
1,0,0.9402951255559796,0.2261547007683171,0.8805902511119591
0,0,0.9995185002409751,0.004159370202986113,0.9990370004819502
1,1,0.7249013089859456,0.5882644240538955,0.4498026179718914
0,0,0.9949715544669725,0.031629555655946995,0.9899431089339449
0,0,0.9915357252395103,0.04881903199208115,0.9830714504790204
0,0,0.9933727804314689,0.03985112130980516,0.9867455608629377
1,1,0.9999999540681559,8.220012039651388e-07,0.9999999081363118
1,1,0.9999979871782809,2.841293497534089e-05,0.9999959743565617
1,1,0.8387215790584549,0.44178372574648805,0.67744315811691
0,0,0.9977189127978406,0.016154572188188197,0.9954378255956814
0,0,0.9993223494313019,0.005622154972269598,0.9986446988626039
1,1,0.6921989533964112,0.6173299216470842,0.38439790679282243
1,1,0.5734425184070435,0.6823204440281356,0.1468850368140872
1,1,0.9999989054040122,1.611806239244957e-05,0.9999978108080242
0,0,0.9995485597941353,0.003928812727300462,0.9990971195882706
0,0,0.9946414539673729,0.03336433597877307,0.9892829079347459
1,1,0.7066840716680153,0.6050940709056177,0.41336814333603056
1,1,0.9999999602871033,7.164837943213794e-07,0.9999999205742065
0,0,0.9974128550524622,0.01799593618039516,0.9948257101049244
1,0,0.9976660953278035,0.016475137471471776,0.995332190655607
0,0,0.9461802126723401,0.2096123564661132,0.8923604253446802
1,0,0.9773772873874939,0.10807782103513357,0.9547545747749878
1,1,0.8422742197401893,0.4358793886710764,0.6845484394803787
0,0,0.9998390138062976,0.0015670575518362758,0.999678027612595
1,0,0.9979475012111382,0.014752684697300254,0.9958950024222765
0,0,0.9371465100142253,0.2347478629203216,0.8742930200284503
1,0,0.9214826042316072,0.2751333198481814,0.8429652084632143
1,1,0.9999999621754697,6.842574025723138e-07,0.9999999243509394
1,1,0.9360040479540973,0.2378238159497382,0.8720080959081946
0,1,0.5064233507905131,0.6930646594192513,0.012846701581026077
0,0,0.9371722722566759,0.2346782468522203,0.8743445445133519
1,1,0.9999983688235664,2.336857328001616e-05,0.9999967376471327
0,0,0.9371661629082036,0.23469475687003416,0.8743323258164073
1,1,0.9999999501972988,8.872449120709397e-07,0.9999999003945976
0,0,0.9996516829229467,0.0031216953796254702,0.9993033658458934
0,0,0.9919857824738954,0.04666294397306054,0.9839715649477906
0,0,0.9976659225595539,0.016476184073687516,0.9953318451191078
1,1,0.9351254379745643,0.24017453440876405,0.8702508759491284
0,0,0.9371679531186484,0.2346899190374328,0.8743359062372965
1,1,0.8130899840068048,0.48171130641444965,0.6261799680136095
1,1,0.9999999540681559,8.220012039651388e-07,0.9999999081363118
0,0,0.9938577212581349,0.03740329601196932,0.9877154425162697
0,0,0.9998390120576071,0.0015670728249439598,0.999678024115214
1,1,0.9999991625872314,1.2555286359525391e-05,0.9999983251744629
1,0,0.9372211004937099,0.23454626972522413,0.8744422009874199
1,0,0.9949426698422358,0.031782202870545444,0.9898853396844716
0,0,0.9993808664318041,0.005192598876819639,0.9987617328636083
1,1,0.8404422195544281,0.4389358504539697,0.6808844391088563
1,0,0.9370782312486103,0.23493231484957744,0.8741564624972206
0,0,0.9377972764078368,0.23298586403332516,0.8755945528156737
0,0,0.9998293502644853,0.0016511747762260204,0.9996587005289705
0,1,0.9804845433075344,0.09614732049405068,0.9609690866150689
1,1,0.9999895303598585,0.00013052527239184816,0.999979060719717
1,0,0.9214826042316072,0.2751333198481814,0.8429652084632143
1,1,0.9999999531529851,8.374549724531441e-07,0.9999999063059701
0,0,0.998962486078594,0.008165658854098371,0.9979249721571879
0,0,0.9415035636013506,0.2228102137308197,0.8830071272027011
1,1,0.9999999522035974,8.534676426564379e-07,0.9999999044071947
0,0,0.9995516630940823,0.00390489850348091,0.9991033261881646
1,0,0.8705359247108538,0.3853666642864313,0.7410718494217077
0,0,0.9371391800254416,0.23476766833707652,0.8742783600508834
1,1,0.9999990982384555,1.3453304072087337e-05,0.9999981964769109
1,1,0.7883298870611885,0.5161610554842035,0.576659774122377
1,1,0.999999054284986,1.4064034473683012e-05,0.9999981085699721
1,0,0.999717926712035,0.0025875154141750028,0.9994358534240698
0,0,0.9994892179686362,0.004382158501653772,0.9989784359372723
1,1,0.9999991753853873,1.23761041327562e-05,0.9999983507707745
1,1,0.9037302880783049,0.3168085159499389,0.8074605761566097
0,0,0.9660958550180958,0.14806180940093955,0.9321917100361915
0,0,0.9981149652830874,0.013709604770722509,0.9962299305661748
1,1,0.9999999713232012,5.267118517382903e-07,0.9999999426464024
0,0,0.9994189505775822,0.004910090834987018,0.9988379011551645
1,0,0.9372211004937099,0.23454626972522413,0.8744422009874199
0,0,0.9991559881743859,0.006817017621276071,0.9983119763487718
0,0,0.999322869793402,0.005618358105865039,0.998645739586804
1,1,0.9999999558004616,7.926988957045926e-07,0.9999999116009233
0,0,0.9371313833499046,0.23478873372687492,0.8742627666998092
1,1,0.9999999602871033,7.164837943213794e-07,0.9999999205742065
0,1,0.9541032695961559,0.18625139487037465,0.9082065391923115
1,0,0.9979475052560287,0.01475265967300409,0.9958950105120574
0,0,0.9996521670267059,0.0031178405851005927,0.9993043340534118
0,1,0.7613533796825107,0.5495148876458257,0.5227067593650215
0,0,0.9371629527121915,0.23470343190986903,0.8743259054243829
0,0,0.9992651721778413,0.006036982997565729,0.9985303443556826
1,1,0.9018782939590904,0.320936229676345,0.8037565879181807
1,1,0.9999999589023253,7.400587430968554e-07,0.9999999178046507
0,0,0.9371699981253023,0.234684392581527,0.8743399962506047
0,0,0.9808505986950851,0.09471001700138608,0.96170119739017
0,0,0.9371629869828932,0.23470333929971854,0.8743259739657864
0,0,0.998855503594838,0.008895275667465606,0.9977110071896759
1,1,0.9590351728165437,0.17099839175964857,0.9180703456330878
0,0,0.9994467460913466,0.004702335585890975,0.9988934921826932
0,0,0.9979474817218811,0.0147528052702782,0.9958949634437622
0,0,0.9371500370069392,0.2347383327634266,0.8743000740138784
1,0,0.9711110050617315,0.1308587379620801,0.9422220101234632
1,1,0.9361067706157402,0.23754814347332903,0.8722135412314804
0,0,0.9371579557195343,0.23471693513284236,0.8743159114390686
0,0,0.9371914618334176,0.23462638445755615,0.8743829236668351
0,0,0.9998084073477099,0.0018316340403466067,0.9996168146954199
1,1,0.9999999491377837,9.0504967669996e-07,0.9999998982755673
0,0,0.9384327341020109,0.23125830926478497,0.8768654682040218
1,1,0.9999999968449477,6.491287031556206e-08,0.9999999936898953
1,0,0.9405362815762889,0.2254893680352432,0.8810725631525778
1,1,0.9999999574092036,7.654259344934964e-07,0.9999999148184071
0,0,0.9997851227910295,0.0020295875164901473,0.9995702455820591
1,1,0.9999999549502822,8.070881798928859e-07,0.9999999099005643
1,0,0.997442773105908,0.017817611737256153,0.9948855462118159
0,0,0.9943459582783595,0.03489986810087527,0.9886919165567191
1,0,0.9955967936010546,0.028282752110350178,0.9911935872021091
1,0,0.9403788887256501,0.22592372161091048,0.8807577774513001
1,1,0.9256696101046504,0.264698957607789,0.851339220209301
1,1,0.9999999589023253,7.400587430968554e-07,0.9999999178046507
1,1,0.9999992715824492,1.1022699212535807e-05,0.9999985431648983
1,1,0.902713276647666,0.31908006257675126,0.8054265532953322
1,1,0.9999999581697467,7.525114465350048e-07,0.9999999163394935
0,0,0.9998390105668812,0.0015670858449650987,0.9996780211337625
0,0,0.9998390117402606,0.0015670755966542037,0.999678023480521
0,0,0.9995316245303855,0.004058944664544623,0.9990632490607709
0,0,0.9998390120576071,0.0015670728249439598,0.999678024115214
1,1,0.9999993294178819,1.0202986949212064e-05,0.9999986588357639
0,0,0.9979475143481105,0.014752603423504384,0.995895028696221
0,0,0.9996415971744101,0.0032018539221265446,0.9992831943488203
0,0,0.9371815002425508,0.2346533077683558,0.8743630004851014
0,0,0.998248557875223,0.012866863653552744,0.9964971157504462
1,1,0.9999999596078267,7.280539692532008e-07,0.9999999192156535
1,1,0.6354294246208695,0.6560026884656464,0.2708588492417389
1,0,0.9384369936708945,0.23124670569774738,0.8768739873417888
0,0,0.9998293530474925,0.001651150631592501,0.9996587060949852
1,1,0.9999999574092036,7.654259344934964e-07,0.9999999148184071
1,1,0.6487629680593536,0.6482090489489556,0.2975259361187069
1,0,0.9979473238701629,0.01475378183487392,0.9958946477403258
0,0,0.9991612171248636,0.006779998710043025,0.9983224342497271
0,0,0.9573898392135183,0.17615246006383084,0.9147796784270366
1,1,0.935352757808075,0.2395675675693566,0.87070551561615
1,1,0.9610315666760156,0.1646518018061714,0.922063133352031
1,1,0.9357126219307557,0.238604945757695,0.8714252438615112
1,1,0.9173961140486134,0.2850833525542772,0.8347922280972268
1,1,0.9999999522035974,8.534676426564379e-07,0.9999999044071947
0,0,0.9998397123585486,0.0015609548568323763,0.9996794247170973
0,0,0.9371418571037039,0.2347604350551104,0.8742837142074079
1,1,0.8071261010620637,0.4903634167722564,0.6142522021241276
0,0,0.9676742922537959,0.1427358621332574,0.9353485845075916
1,1,0.9999999531529851,8.374549724531441e-07,0.9999999063059701
0,0,0.9994400410373045,0.004752577235931134,0.9988800820746092
1,1,0.9360012089100521,0.2378314324697362,0.8720024178201042
1,0,0.922740750854977,0.27202393490079607,0.8454815017099537
1,1,0.9999999531529851,8.374549724531441e-07,0.9999999063059701
0,1,0.9655627574933622,0.1498432234839324,0.9311255149867244
1,1,0.9764694922778617,0.11147810662749186,0.9529389845557235
0,0,0.9995235258721757,0.0041209574809028945,0.9990470517443514
0,0,0.9174541900967347,0.28494351321902206,0.8349083801934691
0,0,0.9979474879271425,0.01475276688059312,0.9958949758542849
1,1,0.9695945617867404,0.13614869926788958,0.9391891235734809
1,0,0.995703109750975,0.027705111624211923,0.9914062195019498
0,0,0.9997294979720002,0.002492702074864746,0.9994589959440003
0,0,0.9993530917664992,0.005397144125207942,0.9987061835329986
1,0,0.9979475133469392,0.014752609617399742,0.9958950266938784
0,0,0.9969866814967842,0.02050022392915393,0.9939733629935683
1,0,0.9999580700109373,0.00046456282291800253,0.9999161400218746
1,1,0.9999999937360022,1.245811880766283e-07,0.9999999874720045
0,0,0.999633480039077,0.0032661599053169935,0.9992669600781542
0,0,0.9371330216186649,0.2347843074682394,0.8742660432373297
0,0,0.9995521760662526,0.0039009434420300337,0.9991043521325053
0,0,0.9995514930210132,0.0039062096524555023,0.9991029860420263
1,1,0.99999996385483,6.555187727464619e-07,0.9999999277096601
1,1,0.9999980849049815,2.7128742628199097e-05,0.9999961698099631
1,1,0.9787634938772575,0.10281313306582103,0.957526987754515
1,1,0.9999988323130666,1.711885696231179e-05,0.9999976646261332
1,0,0.9996833101759053,0.002868395715317531,0.9993666203518105
0,0,0.9994509843597462,0.004670535932866836,0.9989019687194924
0,0,0.9509269761034262,0.19577672021893205,0.9018539522068525
1,0,0.9236118927133561,0.2698580038650079,0.8472237854267123
0,0,0.9979475098309484,0.01475263136959588,0.9958950196618969
0,0,0.9338593197353728,0.24353968989991215,0.8677186394707459
1,0,0.9976661468030938,0.016474825639979478,0.9953322936061876
1,1,0.9999999540681559,8.220012039651388e-07,0.9999999081363118
1,1,0.9999999609409562,7.053356875831334e-07,0.9999999218819124
0,0,0.969224223498872,0.13742858842798064,0.9384484469977442
1,0,0.9370782312486103,0.23493231484957744,0.8741564624972206
0,0,0.9981803070253135,0.013298638505673466,0.9963606140506269
0,0,0.9514014424675622,0.19436792179450008,0.9028028849351244
1,1,0.9360539386716143,0.23768994835246268,0.8721078773432285
0,0,0.9371596083932654,0.23471246920924915,0.8743192167865308
0,0,0.9995472568361737,0.003938847032897993,0.9990945136723474
1,1,0.9361067706157402,0.23754814347332903,0.8722135412314804
1,0,0.9366507024421298,0.23608546982677886,0.8733014048842593
1,1,0.9999999491377837,9.0504967669996e-07,0.9999998982755673
1,0,0.9376249801613721,0.23345307278130045,0.8752499603227443
1,0,0.9976660815731382,0.01647522079548768,0.9953321631462763
1,1,0.9330143342074504,0.24577106726628759,0.8660286684149008
0,0,0.9995514600912695,0.003906463511174847,0.9991029201825389
1,1,0.9779380242029723,0.10595896366692588,0.9558760484059444
0,0,0.9979474888696432,0.014752761049683455,0.9958949777392864
1,1,0.9360306734917617,0.23775237903987304,0.8720613469835233
1,1,0.9999992621512258,1.1155924151243264e-05,0.9999985243024516
1,1,0.9999991791709368,1.2323066131272313e-05,0.9999983583418737
0,0,0.9371593201348709,0.2347132481563934,0.8743186402697419
1,1,0.9999999549502822,8.070881798928859e-07,0.9999999099005643
1,1,0.9999984325007351,2.251873872162422e-05,0.9999968650014701
0,0,0.9979474943293294,0.014752727272581534,0.9958949886586587
1,1,0.9360155617249134,0.23779292569912636,0.8720311234498269
1,1,0.9892234383666211,0.05954022262710447,0.978446876733242
0,0,0.9576133742183185,0.17545617930924629,0.915226748436637
0,0,0.9925753749803262,0.043799582264626734,0.9851507499606524
1,1,0.9999999558004616,7.926988957045926e-07,0.9999999116009233
1,1,0.9999999491377837,9.0504967669996e-07,0.9999998982755673
0,0,0.9397445252033373,0.22766989258093018,0.8794890504066745
1,1,0.9360040479540973,0.2378238159497382,0.8720080959081946
1,0,0.8979284015038379,0.32961104356643045,0.7958568030076759
1,1,0.9353826195225841,0.23948777034185043,0.8707652390451682
1,1,0.9999999512187996,8.700576279406352e-07,0.9999999024375992
1,1,0.9999999596078267,7.280539692532008e-07,0.9999999192156535
1,1,0.7066819019120133,0.6050959788332417,0.41336380382402677
1,1,0.9999969237514754,4.2119373939953466e-05,0.9999938475029508
0,0,0.9993957385818709,0.005082564516714948,0.998791477163742
1,1,0.9680707923059075,0.14138562256010356,0.9361415846118152
0,0,0.9371300074971287,0.23479245095735674,0.8742600149942575
1,0,0.9214826042316072,0.2751333198481814,0.8429652084632143
1,1,0.996744981189894,0.021893021980823817,0.9934899623797879
1,1,0.7769973388779596,0.5306821434854612,0.5539946777559195
1,1,0.9999999549502822,8.070881798928859e-07,0.9999999099005643
1,1,0.9359434540572854,0.23798634661556634,0.8718869081145708
0,0,0.999395219578452,0.00508641057577754,0.9987904391569041
0,0,0.9992258598914648,0.0063195925341737735,0.9984517197829297
1,1,0.9999999596078267,7.280539692532008e-07,0.9999999192156535
0,0,0.9855523199207081,0.07556082564309297,0.9711046398414163
1,0,0.9022029702972416,0.32021541338770515,0.8044059405944834
1,1,0.9361067706157402,0.23754814347332903,0.8722135412314804
0,0,0.9691668569945848,0.13762643443269496,0.9383337139891695
1,1,0.9626020595867154,0.15958460782558337,0.9252041191734308
0,0,0.999505410994821,0.004259171071556793,0.9990108219896422
0,0,0.9371716993632218,0.23467979507716186,0.8743433987264433
1,1,0.9360242675473716,0.23776956741259753,0.8720485350947431
1,1,0.9361067706157402,0.23754814347332903,0.8722135412314804
1,1,0.9361067706157402,0.23754814347332903,0.8722135412314804
0,0,0.9998390114962967,0.0015670777274391235,0.9996780229925933
0,0,0.977887584564916,0.10615015121445288,0.955775169129832
1,1,0.99999996385483,6.555187727464619e-07,0.9999999277096601
1,0,0.9390934188127579,0.22945476049438712,0.8781868376255156
1,1,0.814870464167791,0.47908316333157563,0.6297409283355819
1,1,0.9999999531529851,8.374549724531441e-07,0.9999999063059701
1,1,0.9999999491377837,9.0504967669996e-07,0.9999998982755673
1,1,0.9999999589023253,7.400587430968554e-07,0.9999999178046507
0,0,0.9979474907557844,0.014752749380812651,0.9958949815115686
1,1,0.996957685149812,0.02066831241505742,0.993915370299624
1,1,0.9999999635989749,6.599021317937191e-07,0.9999999271979497
1,1,0.9146378483530047,0.29167413148687726,0.8292756967060094
0,0,0.9480029039588208,0.20435410687843852,0.8960058079176416
1,1,0.9359627565245372,0.23793457836674548,0.8719255130490743
1,1,0.9999999522035974,8.534676426564379e-07,0.9999999044071947
0,0,0.9995762233686997,0.0037148649951737125,0.9991524467373994
1,1,0.8574085420079309,0.40963998653037303,0.7148170840158619
1,1,0.9999992464800246,1.1377028832630898e-05,0.9999984929600492
1,0,0.7104470674241222,0.6017509000502538,0.4208941348482446
1,0,0.9392748314345838,0.2289582049299963,0.8785496628691675
0,0,0.9987747619614913,0.009439242752891257,0.9975495239229825
1,1,0.8301701138790593,0.45561637324867954,0.6603402277581185
0,0,0.9597084424732836,0.16886962897030316,0.9194168849465671
0,0,0.9998390102863168,0.0015670882954190637,0.9996780205726336
0,0,0.9995070353511094,0.004246804955214217,0.9990140707022189
0,0,0.9992296711564451,0.006292283102431788,0.9984593423128901
0,0,0.999682081620985,0.0028782921345584175,0.99936416324197
1,0,0.9975493385388229,0.01717955584174183,0.9950986770776458
1,1,0.9514889447229808,0.1941075772937538,0.9029778894459615
1,1,0.9360040479540973,0.2378238159497382,0.8720080959081946
0,0,0.999552233804937,0.003900498234799184,0.9991044676098739
0,0,0.8784370179446516,0.370027600128591,0.7568740358893031
0,0,0.9979474800443557,0.014752815648511393,0.9958949600887115
0,0,0.9371352618929718,0.23477825464311863,0.8742705237859434
0,0,0.9993052067695086,0.005747016104727248,0.9986104135390172
1,1,0.9360467129174388,0.2377093391898918,0.8720934258348777
1,1,0.9351938412327517,0.23999198054278642,0.8703876824655034
1,0,0.99627602568882,0.02454508527618214,0.99255205137764
1,1,0.9999999522035974,8.534676426564379e-07,0.9999999044071947
0,0,0.9995516623626444,0.0039049041425131955,0.9991033247252887
0,0,0.9371557668248781,0.23472284998349885,0.8743115336497563
1,1,0.9999999609409562,7.053356875831334e-07,0.9999999218819124
1,1,0.9342590750527932,0.24248002492812293,0.8685181501055863
0,0,0.9371732759147986,0.2346755344870771,0.8743465518295973
0,0,0.9961949008557259,0.02499763027513368,0.9923898017114519
1,1,0.9607805054390148,0.1654556773573926,0.9215610108780294
1,1,0.9999993358020002,1.0112205462347735e-05,0.9999986716040004
1,1,0.9589876156135947,0.17114832102053362,0.9179752312271893
0,0,0.937167065986952,0.23469231641302252,0.8743341319739039
1,1,0.7004814527481301,0.6104558161056193,0.40096290549626035
1,0,0.9370782312486103,0.23493231484957744,0.8741564624972206
0,0,0.9371411330917729,0.2347623912977234,0.8742822661835459
0,0,0.9979474786309447,0.014752824392765446,0.9958949572618894
1,1,0.9999999531529851,8.374549724531441e-07,0.9999999063059701
1,1,0.9027665162963325,0.318961442211205,0.8055330325926652
0,0,0.9441396582098357,0.21542179589145527,0.8882793164196714
0,0,0.9979474919729305,0.01475274185076978,0.9958949839458611
1,1,0.9360040479540973,0.2378238159497382,0.8720080959081946
0,0,0.9371445529666319,0.23475315089531956,0.8742891059332638
0,0,0.9995515337237753,0.003905895867409207,0.9991030674475505
0,0,0.9995859616694903,0.0036391257114056627,0.9991719233389805
1,1,0.9773647525113596,0.10812502280291335,0.9547295050227189
0,0,0.9998293496723828,0.0016511799131446734,0.9996586993447656
1,1,0.9366512345098176,0.23608403662206887,0.873302469019635
1,1,0.7186535031023172,0.5942205398040386,0.43730700620463453
0,1,0.9999993081441102,1.0505062211750608e-05,0.9999986162882203
1,1,0.9999999574092036,7.654259344934964e-07,0.9999999148184071
0,0,0.999785119773216,0.0020296130025944004,0.9995702395464322
0,0,0.999552033826943,0.0039020401787403084,0.9991040676538862
1,1,0.9999999491377837,9.0504967669996e-07,0.9999998982755673
1,1,0.9999998800921269,2.0308247342320894e-06,0.9999997601842538
1,1,0.8231075193179014,0.4666485470899962,0.6462150386358027
1,1,0.78355059802638,0.5223772128011732,0.56710119605276
1,1,0.9999999602871033,7.164837943213794e-07,0.9999999205742065
0,0,0.9995470718179827,0.003940271585698348,0.9990941436359655
0,0,0.9372088935141554,0.2345792675892754,0.874417787028311
1,0,0.9999523120664388,0.0005222214192667133,0.9999046241328776
1,1,0.9999976875034322,3.23221846990177e-05,0.9999953750068643
0,0,0.9371624077394485,0.23470490459392213,0.874324815478897
1,1,0.9359420331366021,0.23799015720795735,0.8718840662732043
1,1,0.9999999621754697,6.842574025723138e-07,0.9999999243509394
1,1,0.9999999491377837,9.0504967669996e-07,0.9999998982755673
0,0,0.9789507339907556,0.1020950512300526,0.9579014679815112
1,1,0.9999999589023253,7.400587430968554e-07,0.9999999178046507
0,0,0.9380703054243062,0.2322444596200934,0.8761406108486125
0,0,0.9994187912839764,0.004911277565402697,0.9988375825679527
0,0,0.9974365363818714,0.017854814106614516,0.9948730727637428
0,0,0.9991850039905762,0.006611182210668553,0.9983700079811523
1,1,0.9106054495462675,0.30113479143506167,0.8212108990925351
0,0,0.9991596638514978,0.006790998671151392,0.9983193277029956
0,0,0.9977228144656193,0.01613084350469298,0.9954456289312384
0,0,0.9998390108475902,0.001567083393250242,0.9996780216951804
1,0,0.9944651924293325,0.03428218827173527,0.9889303848586651
0,0,0.9995649799375536,0.0038020322204136447,0.9991299598751071
0,0,0.9452396248512142,0.2123001866233555,0.8904792497024283
1,0,0.9965580285078143,0.02295790820463834,0.9931160570156284
0,0,0.999441669836453,0.004740379902557287,0.998883339672906
0,0,0.999111040577442,0.007133912127867367,0.9982220811548841
1,1,0.9925372544761849,0.04398610279545287,0.9850745089523698
0,0,0.9978864559454927,0.015129449143725254,0.9957729118909856
1,1,0.9596027669772753,0.16920452753894744,0.9192055339545504
1,1,0.9361067706157402,0.23754814347332903,0.8722135412314804
1,1,0.9361067706157402,0.23754814347332903,0.8722135412314804
1,1,0.9972885825736149,0.018732984549127578,0.9945771651472298
0,0,0.9979474943293294,0.014752727272581534,0.9958949886586587
1,1,0.7066808162834501,0.6050969334485192,0.4133616325669004
0,0,0.937147040065203,0.2347464307026133,0.8742940801304061
0,0,0.9394816754377903,0.2283913354893679,0.8789633508755804
0,1,0.9730698673823902,0.12390343571827743,0.9461397347647805
0,0,0.9371586595229031,0.23471503329181942,0.8743173190458062
1,0,0.9998966714762159,0.0010516307448444643,0.9997933429524316
1,0,0.9392515044810482,0.229022086851482,0.8785030089620962
0,0,0.9979475098309484,0.01475263136959588,0.9958950196618969
1,1,0.9999943978090665,7.334584445336682e-05,0.9999887956181331
0,0,0.9995559237648145,0.003872030470715737,0.999111847529629
1,0,0.7403569821101181,0.5726831937958529,0.4807139642202364
0,0,0.937166996829697,0.23469250330231664,0.874333993659394
0,0,0.9282869817024544,0.2580476231664235,0.8565739634049085
1,1,0.9999992483488755,1.1350678500415647e-05,0.9999984966977511
1,1,0.7066819019120133,0.6050959788332417,0.41336380382402677
1,1,0.9999999512187996,8.700576279406352e-07,0.9999999024375992
1,0,0.5707838160300869,0.6830927406356,0.14156763206017364
1,1,0.9359501898569416,0.23796828224483024,0.8719003797138832
1,1,0.8029015893417173,0.4963535603481435,0.6058031786834346
1,0,0.9999647900610596,0.00039625844676287255,0.9999295801221193
0,0,0.9998390118869839,0.0015670743151694046,0.9996780237739677
1,0,0.9979475012111382,0.014752684697300254,0.9958950024222765
0,0,0.9728340946583433,0.12474814434495454,0.9456681893166865
1,1,0.9361067706157402,0.23754814347332903,0.8722135412314804
1,1,0.9999999549502822,8.070881798928859e-07,0.9999999099005643
1,1,0.9999999621754697,6.842574025723138e-07,0.9999999243509394
1,1,0.9999999596078267,7.280539692532008e-07,0.9999999192156535
1,1,0.6838272384733292,0.6239508639623677,0.36765447694665815
1,0,0.9440879318528452,0.21556802263893382,0.8881758637056903
0,0,0.9995522112176523,0.003900672400071287,0.9991044224353045
1,1,0.9999999540681559,8.220012039651388e-07,0.9999999081363118
0,0,0.9994987080041763,0.004310144228354646,0.9989974160083526
0,0,0.9371640522458456,0.2347004606162295,0.8743281044916912
0,0,0.9995397263373776,0.00399676754926601,0.9990794526747552
1,1,0.9361067706157402,0.23754814347332903,0.8722135412314804
0,0,0.9371445775097592,0.23475308457978605,0.8742891550195183
0,0,0.9998390133663316,0.0015670613945119954,0.9996780267326631
0,0,0.9995067955439045,0.004248630928015349,0.9990135910878091
1,0,0.9999618876833041,0.0004259033858662222,0.999923775366608
1,0,0.9232285995387544,0.2708123090967064,0.8464571990775089
0,0,0.9979474879271425,0.01475276688059312,0.9958949758542849
1,1,0.8679519310629928,0.3902615393385023,0.7359038621259857
0,0,0.9994191155561521,0.004908861705775344,0.9988382311123043
0,0,0.9993018191369937,0.005771640011479772,0.9986036382739875
1,0,0.7989820325336987,0.5018103919003027,0.5979640650673972
1,0,0.9999059051087763,0.0009664636598733144,0.9998118102175527
1,0,0.954006684863255,0.1865443630185019,0.90801336972651
1,0,0.9212999232681836,0.27558297116484104,0.842599846536367
1,1,0.999999081146606,1.3691043103494317e-05,0.9999981622932119
0,0,0.9371669769140077,0.23469255712209428,0.8743339538280154
1,1,0.9361067706157402,0.23754814347332903,0.8722135412314804
1,1,0.9999999609409562,7.053356875831334e-07,0.9999999218819124
0,0,0.9371394900586529,0.23476683065482004,0.8742789801173056
1,1,0.8978223316176912,0.3298416222465592,0.7956446632353823
0,0,0.9996252012070409,0.0033315616609148097,0.9992504024140817
0,0,0.9995474217520642,0.0039375771945656625,0.9990948435041286
0,0,0.9988553856732367,0.008896074184653203,0.9977107713464735
1,1,0.9999989720898262,1.5200717413720861e-05,0.9999979441796526
0,0,0.9390604095400233,0.2295450502701651,0.8781208190800467
0,0,0.9979474848249698,0.014752786072604617,0.9958949696499394
0,0,0.9996557794566632,0.0030890543846305626,0.9993115589133262
0,0,0.9995473985393108,0.0039377559344287,0.9990947970786217
1,1,0.9999999512187996,8.700576279406352e-07,0.9999999024375992
1,0,0.9372211004937099,0.23454626972522413,0.8744422009874199
0,1,0.9386254566022993,0.23073299585226753,0.8772509132045988
1,1,0.9999999501972988,8.872449120709397e-07,0.9999999003945976
1,1,0.9359384925232418,0.2379996521968926,0.8718769850464835
1,1,0.95107349345474,0.195342193831122,0.9021469869094799
0,1,0.9562457204937398,0.1796971839181779,0.9124914409874796
0,0,0.9569059097989695,0.1776556454607825,0.9138118195979389
1,0,0.9962442086982152,0.024722781804565285,0.9924884173964302
0,0,0.9371336074971128,0.23478272453647606,0.8742672149942257
1,1,0.9999999621754697,6.842574025723138e-07,0.9999999243509394
1,1,0.9999999919130128,1.5877189552794283e-07,0.9999999838260257
1,0,0.9998994219337767,0.0010263514981363841,0.9997988438675534
0,0,0.9992881966180194,0.005870493649186598,0.9985763932360386
1,0,0.9752643535193875,0.11593693528058517,0.9505287070387749
0,0,0.9758835692876082,0.1136536371873926,0.9517671385752166
1,1,0.9999999589023253,7.400587430968554e-07,0.9999999178046507
0,0,0.9759397640678518,0.11344562407835754,0.9518795281357036
1,1,0.9999999522035974,8.534676426564379e-07,0.9999999044071947
1,1,0.9359436341199944,0.237985863725133,0.8718872682399886
1,1,0.9786867502101293,0.10310696341922167,0.9573735004202585
1,1,0.9999999549502822,8.070881798928859e-07,0.9999999099005643
1,1,0.9958590272406167,0.026853178080748615,0.9917180544812335
1,1,0.9359420331366021,0.23799015720795735,0.8718840662732043
1,0,0.9372211004937099,0.23454626972522413,0.8744422009874199
0,0,0.9582117276884647,0.1735863155467079,0.9164234553769295
0,0,0.9995357580600229,0.004027239667407881,0.9990715161200459
0,0,0.9972232935632666,0.01911790190016892,0.9944465871265332
1,1,0.9738645502021941,0.12104057487045146,0.9477291004043882
1,0,0.9979475052560287,0.01475265967300409,0.9958950105120574
0,0,0.9371583175608502,0.2347159573541765,0.8743166351217004
1,0,0.9965008780331176,0.02328137862578608,0.9930017560662352
1,0,0.9999581564918831,0.00046369105180212993,0.9999163129837662
1,1,0.9999999615701641,6.945974433749538e-07,0.9999999231403283
1,1,0.7584869572896368,0.5528177149188989,0.5169739145792736
1,1,0.9554088042821175,0.1822702696976819,0.9108176085642352
0,0,0.9608348331940594,0.16528186693733316,0.9216696663881188
1,0,0.9212999232681836,0.27558297116484104,0.842599846536367
1,1,0.9999999501972988,8.872449120709397e-07,0.9999999003945976
0,0,0.9371354018607708,0.23477787647204268,0.8742708037215415
1,1,0.9999999596078267,7.280539692532008e-07,0.9999999192156535
1,1,0.9999999589023253,7.400587430968554e-07,0.9999999178046507
0,0,0.9964834661571063,0.023379742584427057,0.9929669323142126
1,0,0.9999734114303948,0.00030669957193753185,0.9999468228607895
1,1,0.9344593815248157,0.24194807817325686,0.8689187630496313
1,1,0.9999999566197619,7.78816771380435e-07,0.9999999132395239
1,0,0.9979474729134141,0.014752859765012605,0.9958949458268284
1,1,0.8432453944989088,0.4342488746299997,0.6864907889978176
1,1,0.9999993926312778,9.301323251679596e-06,0.9999987852625556
1,0,0.9383431541408049,0.23150226290828607,0.8766863082816099
0,0,0.936310688245989,0.2370003753425493,0.8726213764919779
1,1,0.9361067706157402,0.23754814347332903,0.8722135412314804
1,1,0.9999992853134116,1.0828517648288069e-05,0.9999985706268233
1,0,0.9539950442083489,0.18657965797283194,0.9079900884166978
0,0,0.9949793096147788,0.03158854349768351,0.9899586192295576
0,0,0.9371414158797933,0.23476162722024713,0.8742828317595865
0,0,0.997947502683719,0.01475267558696875,0.995895005367438
0,0,0.9995234620023188,0.0041214459929197955,0.9990469240046376
1,1,0.9999994082333268,9.077791376448555e-06,0.9999988164666536
0,0,0.9371682918021367,0.23468900377912486,0.8743365836042734
0,0,0.9998390111064989,0.0015670811319394844,0.9996780222129976
1,1,0.9999999596078267,7.280539692532008e-07,0.9999999192156535
0,0,0.9995005459107423,0.004296176769375979,0.9990010918214847
0,0,0.9389830900932099,0.22975646649303,0.8779661801864199
0,0,0.997718285525838,0.016158386429524645,0.9954365710516759
1,1,0.9999999531529851,8.374549724531441e-07,0.9999999063059701
1,1,0.9972204524789138,0.01913461655734171,0.9944409049578274
1,0,0.9999334117437932,0.0007069641224328681,0.9998668234875864
1,1,0.7281068868527144,0.5851326950142228,0.4562137737054289
1,1,0.999999117812656,1.3180638442423168e-05,0.999998235625312
0,0,0.9371557147491417,0.23472299070202782,0.8743114294982832
1,0,0.627819776674976,0.6601058444178494,0.255639553349952
1,1,0.8993834213608143,0.3264356269266041,0.7987668427216288
0,0,0.9382512027033423,0.23175253055179348,0.8765024054066847
0,0,0.999547535285224,0.003936702963952005,0.9990950705704481
0,0,0.9984324645612999,0.011689843021234584,0.9968649291225998
1,1,0.9256691654589793,0.2647000790016212,0.8513383309179583
1,1,0.7371942890202953,0.5759711926012134,0.4743885780405905
1,0,0.9954736317774122,0.02894869925212002,0.9909472635548243
0,1,0.9360051845597425,0.23782076665336488,0.8720103691194849
0,0,0.9996251938989096,0.003331619312837279,0.9992503877978192
1,1,0.9999999540681559,8.220012039651388e-07,0.9999999081363118
0,0,0.9383711005712874,0.23142617112178454,0.8767422011425747
0,0,0.9995515342324719,0.00390589194575018,0.9991030684649438
0,0,0.999808407448435,0.001831633178144184,0.9996168148968702
0,0,0.9995393837660946,0.003999399475352367,0.9990787675321893
1,0,0.9997772873791279,0.0020956181807756393,0.9995545747582556
1,1,0.9999999558004616,7.926988957045926e-07,0.9999999116009233
1,1,0.9969653974408581,0.020623632320550558,0.9939307948817161
1,1,0.9999999574092036,7.654259344934964e-07,0.9999999148184071
0,0,0.9682917717361611,0.14063089679036112,0.9365835434723222
1,1,0.99999996385483,6.555187727464619e-07,0.9999999277096601
1,1,0.9361067706157402,0.23754814347332903,0.8722135412314804
1,1,0.9999999558004616,7.926988957045926e-07,0.9999999116009233
1,1,0.6312963647312847,0.6582621270251925,0.2625927294625694
1,1,0.9359632490614709,0.2379332573260715,0.8719264981229418
1,1,0.9999990342385128,1.4341894611863473e-05,0.9999980684770257
0,0,0.9540612065047456,0.18637900999478668,0.9081224130094913
0,0,0.9998191569507262,0.0017393105806432592,0.9996383139014524
1,1,0.9999999615701641,6.945974433749538e-07,0.9999999231403283
0,0,0.9375480497757239,0.23366151779533573,0.8750960995514478
0,0,0.9381055318410368,0.23214870969804763,0.8762110636820741
0,1,0.9999999887586881,2.1699857802311185e-07,0.9999999775173762
0,0,0.9949748959827617,0.03161188593008264,0.9899497919655234
1,1,0.6966577457321482,0.6136696461540658,0.3933154914642964
1,1,0.9999999621754697,6.842574025723138e-07,0.9999999243509394
1,1,0.9999992084956453,1.1911610278964022e-05,0.9999984169912904
0,0,0.9993822492000638,0.00518238341575596,0.9987644984001276
1,1,0.9999999621754697,6.842574025723138e-07,0.9999999243509394
1,1,0.9823699845821446,0.08866637448673939,0.9647399691642893
1,0,0.9723001373656377,0.12665341738910785,0.9446002747312754
0,0,0.938560482260222,0.2309101716324765,0.877120964520444
1,1,0.9999999566197619,7.78816771380435e-07,0.9999999132395239
1,1,0.9999999609409562,7.053356875831334e-07,0.9999999218819124
0,0,0.9995356621364457,0.00402797583645228,0.9990713242728914
1,1,0.9360176339520027,0.23778736589415914,0.8720352679040051
1,1,0.99999996385483,6.555187727464619e-07,0.9999999277096601
1,1,0.9361067706157402,0.23754814347332903,0.8722135412314804
0,1,0.9582810818064897,0.17336900693590082,0.9165621636129796
1,1,0.9999990263178588,1.4451566034944103e-05,0.9999980526357175
1,1,0.9356876251351568,0.23867188061066358,0.8713752502703135
1,0,0.5,0.6931471805599453,0.0
0,0,0.9371416339033266,0.23476103813187982,0.8742832678066532
0,0,0.9993213391436017,0.005629525481065824,0.9986426782872034
0,0,0.9979474867107522,0.014752774405957278,0.9958949734215042
1,0,0.9999575885004724,0.0004694134375676391,0.9999151770009449
0,0,0.9371435291998933,0.23475591710409324,0.8742870583997867
1,1,0.9999958593325546,5.546279738451241e-05,0.9999917186651092
1,1,0.9999999491377837,9.0504967669996e-07,0.9999998982755673
0,0,0.9713838470732027,0.1298983729046854,0.9427676941464054
1,0,0.9894466162213263,0.05852920764491983,0.9788932324426527
0,0,0.9371693936585672,0.23468602610867104,0.8743387873171343
0,0,0.9979475169688053,0.014752587210184145,0.9958950339376106
0,0,0.9452584010676737,0.21224669969788257,0.8905168021353472
0,0,0.9519665161049954,0.1926837336554853,0.9039330322099908
0,0,0.8252704057384709,0.4633068960513056,0.6505408114769418
1,1,0.9999934499623743,8.47315257298729e-05,0.9999868999247485
1,1,0.9999972192849521,3.8353849463847235e-05,0.9999944385699042
1,1,0.9999999501972988,8.872449120709397e-07,0.9999999003945976
0,1,0.9470184211693288,0.20720245457237485,0.8940368423386578
0,0,0.9982508211201054,0.012852500625562579,0.9965016422402111
1,1,0.9999999522035974,8.534676426564379e-07,0.9999999044071947
0,0,0.9988702061809671,0.008795620015222667,0.9977404123619341
0,0,0.9995128923387973,0.004202171504207884,0.9990257846775945
0,0,0.9415263086736056,0.222747011570587,0.8830526173472113
1,1,0.9999999387973375,1.0777222819603724e-06,0.9999998775946749
1,0,0.9964526832967132,0.023553431092256397,0.9929053665934262
1,1,0.9339426224821268,0.24331908619841386,0.8678852449642536
0,0,0.9998084041949813,0.0018316610275126658,0.9996168083899626
1,1,0.9999999491377837,9.0504967669996e-07,0.9999998982755673
1,1,0.9999999589023253,7.400587430968554e-07,0.9999999178046507
0,0,0.9979474826653995,0.01475279943307624,0.9958949653307988
0,0,0.9994778554948903,0.004468149816136274,0.9989557109897806
1,1,0.8312969489033953,0.4538237628017254,0.6625938978067907
1,1,0.999999375665382,9.543940493102712e-06,0.9999987513307641
1,0,0.9999533293119616,0.0005120881002391439,0.9999066586239231
1,1,0.9360040479540973,0.2378238159497382,0.8720080959081946
0,0,0.939462618258895,0.2284435943623115,0.8789252365177896
1,1,0.7743837171837674,0.5339249479515409,0.5487674343675348
0,0,0.9371713902689603,0.23468063039150328,0.8743427805379206
0,0,0.987090888173373,0.0689777653649641,0.974181776346746
1,1,0.9166735282978095,0.28681952927509885,0.833347056595619
1,1,0.9999999596078267,7.280539692532008e-07,0.9999999192156535
1,1,0.9901418927016364,0.05534849874465415,0.9802837854032729
1,1,0.999999345546425,9.97352225767451e-06,0.99999869109285
1,0,0.9999489653947987,0.0005554086440680337,0.9998979307895974
1,1,0.9332978948080934,0.24502354100411472,0.8665957896161869
0,0,0.9371617409384305,0.2347067064886028,0.8743234818768612
1,0,0.9214826042316072,0.2751333198481814,0.8429652084632143
0,0,0.9371646461767905,0.23469885561521636,0.8743292923535809
1,1,0.9999999627575701,6.743046260463807e-07,0.99999992551514
0,0,0.9437239025847534,0.21659567650380196,0.8874478051695069
0,0,0.98363734158744,0.08352363404247612,0.96727468317488
1,0,0.996722570370363,0.022021230940723828,0.993445140740726
1,1,0.9361067706157402,0.23754814347332903,0.8722135412314804
1,1,0.9999999549502822,8.070881798928859e-07,0.9999999099005643
0,0,0.9382061518706712,0.23187509379783125,0.8764123037413425
1,0,0.9760285914889822,0.11311654210474112,0.9520571829779646
1,1,0.9999999501972988,8.872449120709397e-07,0.9999999003945976
0,0,0.99165562621171,0.04824703510570785,0.9833112524234201
0,0,0.9994690478650062,0.004534635552828167,0.9989380957300125
1,1,0.9888671343754531,0.06114466461775412,0.9777342687509062
1,1,0.9999999633171419,6.647284671280214e-07,0.9999999266342838
1,1,0.7660307960734287,0.5440280734574039,0.5320615921468573
1,1,0.9360008992299553,0.23783226326401244,0.8720017984599108
0,0,0.9994609978123716,0.004595274673876414,0.9989219956247432
1,1,0.9951879190674386,0.030480758847621643,0.9903758381348775
1,1,0.7004814527481301,0.6104558161056193,0.40096290549626035
0,0,0.9994372466262802,0.004773492269291142,0.9988744932525605
1,1,0.9680707923059075,0.14138562256010356,0.9361415846118152
0,0,0.9371461192086011,0.23474891888878374,0.8742922384172022
1,1,0.700525300701014,0.6104185586735167,0.4010506014020283
1,1,0.9232621388345811,0.2707288874325474,0.8465242776691623
1,1,0.9999999491377837,9.0504967669996e-07,0.9999998982755673
0,0,0.999625201101393,0.0033315624943444874,0.9992504022027858
1,1,0.9306940599181465,0.25183991832275354,0.8613881198362928
1,1,0.9999999907518428,1.8032835161014433e-07,0.9999999815036855
1,0,0.9220033876967276,0.27384892724469767,0.8440067753934555
1,1,0.9999999491377837,9.0504967669996e-07,0.9999998982755673
1,0,0.9103250654268241,0.30178509456966895,0.820650130853648
0,0,0.9994310410431099,0.00481988899219426,0.9988620820862198
1,1,0.8453381763922587,0.43071098166273103,0.6906763527845174
1,1,0.9999999540681559,8.220012039651388e-07,0.9999999081363118
0,0,0.9676494077570051,0.14282043545686693,0.9352988155140104
1,1,0.9306940599181465,0.25183991832275354,0.8613881198362928
0,0,0.9998390137696913,0.0015670578715566035,0.9996780275393825
1,1,0.9999992041548045,1.1972584299518996e-05,0.999998408309609
0,0,0.966655472502226,0.14618243812756015,0.9333109450044521
0,0,0.9371710084242956,0.23468166230853332,0.874342016848591
0,0,0.9387486061921648,0.23039698331562955,0.8774972123843294
1,0,0.9979474931303697,0.014752734690112105,0.9958949862607394
1,0,0.9216610038753174,0.2746937614291573,0.8433220077506346
0,0,0.9978871424878194,0.015125221803226776,0.9957742849756388
1,0,0.9370782312486103,0.23493231484957744,0.8741564624972206
1,0,0.9979474850396546,0.01475278474442816,0.995894970079309
1,0,0.9212999232681836,0.27558297116484104,0.842599846536367
1,1,0.9999993917449935,9.314008990986262e-06,0.9999987834899872
1,0,0.9953710614338142,0.02950073299810653,0.9907421228676284
1,1,0.9313708294263852,0.2500785160850505,0.8627416588527701
1,0,0.9214826042316072,0.2751333198481814,0.8429652084632143
1,1,0.9375494233768172,0.2336577968716811,0.8750988467536346
0,0,0.997047719815013,0.020145473909286518,0.9940954396300258
0,0,0.9371664971759706,0.23469385355494757,0.8743329943519411
1,1,0.9999999602871033,7.164837943213794e-07,0.9999999205742065
1,1,0.9999999491377837,9.0504967669996e-07,0.9999998982755673
0,0,0.9979474848249698,0.014752786072604617,0.9958949696499394
1,1,0.9999990497164231,1.4127395471475048e-05,0.9999980994328461
0,0,0.9664158336944819,0.14698840088433066,0.9328316673889636
0,0,0.999785489357276,0.0020264914677131213,0.9995709787145519
1,1,0.9999999522035974,8.534676426564379e-07,0.9999999044071947
1,1,0.9999992464061883,1.1378069810377428e-05,0.9999984928123766
0,0,0.9089073896833189,0.3050584627644981,0.8178147793666379
1,1,0.9999999501972988,8.872449120709397e-07,0.9999999003945976
1,1,0.9360268254977916,0.23776270402508481,0.8720536509955833
0,0,0.9879714922716296,0.0651276007686562,0.9759429845432593
1,0,0.9979475093010428,0.014752634647935348,0.9958950186020856
1,0,0.9818556059810701,0.09072679768896881,0.9637112119621402
1,1,0.9999999540681559,8.220012039651388e-07,0.9999999081363118
0,0,0.9995235203182135,0.004120999961020714,0.9990470406364268
1,1,0.9361067706157402,0.23754814347332903,0.8722135412314804
0,0,0.9995387931001067,0.004003936878980413,0.9990775862002135
1,1,0.645866857582336,0.6499677390420534,0.291733715164672
0,0,0.9371754054445356,0.2346697794207193,0.8743508108890711
1,0,0.9810382281836254,0.09397053925702598,0.9620764563672509
1,0,0.9370123031267029,0.23511034159197045,0.8740246062534061
0,0,0.9979644304187009,0.014647879585731218,0.9959288608374017
1,1,0.6915187656010112,0.6178800740039716,0.3830375312020225
1,1,0.9999990812025298,1.3690265752925043e-05,0.9999981624050596
1,1,0.8200738228516496,0.4712815272509394,0.6401476457032993
1,1,0.7005219992408657,0.6104213642301748,0.4010439984817314
0,0,0.9371639336629095,0.23470078106645725,0.8743278673258189
0,0,0.9371432896481796,0.23475656436816036,0.874286579296359
1,1,0.9999999531529851,8.374549724531441e-07,0.9999999063059701
1,1,0.8358979559557094,0.44640983179228405,0.6717959119114187
1,1,0.999997314147942,3.713864940741096e-05,0.9999946282958839
1,1,0.9999992439545508,1.1412630022970671e-05,0.9999984879091015
0,0,0.9995642584180309,0.0038076159547263443,0.9991285168360617
0,0,0.9371781520272545,0.2346623566513962,0.8743563040545089
1,1,0.9760254993969195,0.11312800314185245,0.9520509987938391
1,1,0.9999999615701641,6.945974433749538e-07,0.9999999231403283
0,0,0.9371639264546222,0.23470080054562026,0.8743278529092446
0,0,0.9979474883983598,0.014752763965341694,0.9958949767967197
1,1,0.9999999531529851,8.374549724531441e-07,0.9999999063059701
0,0,0.9995280980428295,0.0040859646646260765,0.9990561960856591
0,0,0.9985653028829639,0.010826344713592905,0.9971306057659277
1,1,0.6196829152968946,0.6642191414648762,0.2393658305937892
0,0,0.9400042348325492,0.22695587005030918,0.8800084696650985
1,1,0.9358940777024721,0.23811874324497087,0.8717881554049441
0,0,0.9591149051903299,0.17074689756956674,0.9182298103806599
1,0,0.9384369936708945,0.23124670569774738,0.8768739873417888
1,0,0.9787613263118122,0.1028214359603882,0.9575226526236246
1,0,0.9039374286803374,0.31634440326015334,0.8078748573606749
1,1,0.9999999566197619,7.78816771380435e-07,0.9999999132395239
0,0,0.939452321247651,0.22847182831873467,0.878904642495302
1,1,0.9999991427904065,1.2832070117251218e-05,0.999998285580813
0,0,0.9374990958032725,0.23379410730961234,0.874998191606545
1,1,0.9999999615701641,6.945974433749538e-07,0.9999999231403283
0,0,0.9371646829963957,0.2346987561160722,0.8743293659927913
1,1,0.9999999596078267,7.280539692532008e-07,0.9999999192156535
1,0,0.9212999232681836,0.27558297116484104,0.842599846536367
1,1,0.9359307910460437,0.23802030480055422,0.8718615820920875
1,1,0.9999999602871033,7.164837943213794e-07,0.9999999205742065
1,1,0.9999999602871033,7.164837943213794e-07,0.9999999205742065
0,0,0.9443753005141958,0.21475500914102022,0.8887506010283917
1,1,0.9999971665167001,3.9028405598241414e-05,0.9999943330334002
0,0,0.9979474907557844,0.014752749380812651,0.9958949815115686
1,0,0.9965200105672356,0.023173193970830584,0.9930400211344712
0,0,0.9993086056209697,0.005722294039023973,0.9986172112419395
1,1,0.9360070983984585,0.2378156321400271,0.8720141967969168
1,1,0.9740208724200771,0.12047452329396845,0.9480417448401539
1,1,0.9999999491377837,9.0504967669996e-07,0.9999998982755673
0,0,0.937406629691019,0.2340444358312982,0.874813259382038
1,1,0.8501348022366094,0.42247518842516646,0.7002696044732186
1,1,0.9361067706157402,0.23754814347332903,0.8722135412314804
1,1,0.9999999566197619,7.78816771380435e-07,0.9999999132395239
1,1,0.9642901565595187,0.1540614623747391,0.9285803131190373
1,1,0.9372312761147082,0.2345187610870059,0.8744625522294164
1,1,0.7850976260986515,0.5203799259787508,0.570195252197303
1,1,0.9999988323130666,1.711885696231179e-05,0.9999976646261332
1,0,0.9976660815731382,0.01647522079548768,0.9953321631462763
1,1,0.6481454997981267,0.648587094889018,0.2962909995962535
0,0,0.9371831458665868,0.23464886023682052,0.8743662917331735
1,1,0.9999993645133223,9.703166259511116e-06,0.9999987290266446
1,0,0.9979474769496368,0.014752834794396864,0.9958949538992737
0,0,0.99955207448273,0.003901726706760907,0.9991041489654601
0,0,0.999516744721252,0.004172775881012335,0.9990334894425038
1,1,0.9999872439910836,0.0001565098734896896,0.9999744879821673
1,0,0.9370782312486103,0.23493231484957744,0.8741564624972206
1,1,0.9999999627575701,6.743046260463807e-07,0.99999992551514
0,0,0.9990557186730279,0.007520836400452114,0.9981114373460558
1,0,0.8905058454604651,0.34545643642420415,0.7810116909209301
1,1,0.9999991655234731,1.2514194527713223e-05,0.9999983310469462
0,0,0.8486739331700466,0.42500240549220925,0.6973478663400933
0,0,0.9070346803271433,0.3093453307995417,0.8140693606542867
1,1,0.9999999531529851,8.374549724531441e-07,0.9999999063059701
0,0,0.9819651679225981,0.09028918936275859,0.9639303358451963
0,0,0.9622677824390128,0.16066880061334787,0.9245355648780256
1,1,0.6778076126356047,0.6285109861454381,0.3556152252712096
0,0,0.9371219707136608,0.23481416381339032,0.8742439414273215
1,1,0.9999999491377837,9.0504967669996e-07,0.9999998982755673
1,0,0.9372211004937099,0.23454626972522413,0.8744422009874199
1,1,0.9999984144937581,2.2759317433878564e-05,0.9999968289875163
1,1,0.6411208344973844,0.6527705792900473,0.28224166899476893
0,0,0.9371388765950834,0.23476848817743035,0.8742777531901668
1,1,0.9482690852174371,0.20358061767223418,0.8965381704348745
1,1,0.9999999491377837,9.0504967669996e-07,0.9999998982755673
0,0,0.999552027687876,0.0039020875130225956,0.999104055375752
0,0,0.9697223038007372,0.1357061465147375,0.9394446076014745
0,0,0.9390652718426472,0.22953175168168086,0.8781305436852944
1,1,0.9967449811944673,0.021893021954644848,0.9934899623889346
1,0,0.9962837001944165,0.02450218273412069,0.9925674003888327
1,0,0.9963993034321799,0.023853986253587835,0.9927986068643597
1,0,0.9449910659945714,0.21300760353187187,0.8899821319891428
1,1,0.9999999540681559,8.220012039651388e-07,0.9999999081363118
1,1,0.9359799697547548,0.2378884081033977,0.8719599395095098
0,0,0.9979474843525057,0.014752788995566448,0.9958949687050115
1,1,0.9999999627575701,6.743046260463807e-07,0.99999992551514
1,1,0.9349889877755111,0.2405384609006494,0.8699779755510222
1,1,0.7516745464399486,0.560487978532543,0.5033490928798973
1,1,0.9359305910842501,0.2380208410132964,0.8718611821685002
1,1,0.7136018074678808,0.59889510067676,0.4272036149357614
0,0,0.9371428223627156,0.23475782696158198,0.8742856447254315
0,0,0.9995281617373507,0.004085476870657584,0.9990563234747013
0,0,0.9441242678558274,0.21546530863186403,0.8882485357116547
0,0,0.9988969316104661,0.008613979965005666,0.9977938632209322
1,1,0.9999999602871033,7.164837943213794e-07,0.9999999205742065
1,0,0.5974197285249173,0.6740440165102115,0.1948394570498348
1,1,0.9999999602871033,7.164837943213794e-07,0.9999999205742065
1,1,0.9999974513664222,3.537491152154153e-05,0.9999949027328443
0,0,0.9371684716521889,0.23468851775152583,0.874336943304378
0,0,0.999547989438178,0.003933205599963764,0.9990959788763559
0,0,0.9510463824469798,0.19542263166990145,0.9020927648939595
0,0,0.9988928227246671,0.008641947891807167,0.9977856454493341
0,0,0.9985421996311882,0.010977378652303848,0.9970843992623762
0,0,0.9371697807386236,0.23468498005384208,0.8743395614772472
0,0,0.9995506290030342,0.003912869653963246,0.9991012580060682
0,0,0.9997218546219997,0.002555384880483587,0.9994437092439995
1,0,0.9370782312486103,0.23493231484957744,0.8741564624972206
1,1,0.9999999581697467,7.525114465350048e-07,0.9999999163394935
1,1,0.9999999491377837,9.0504967669996e-07,0.9999998982755673
1,1,0.9999999596078267,7.280539692532008e-07,0.9999999192156535
1,1,0.9999999491377837,9.0504967669996e-07,0.9999998982755673
0,0,0.9995323957309546,0.004053032181404783,0.9990647914619094
0,0,0.9998191591511295,0.0017392916182150102,0.9996383183022589
0,0,0.9371654046021812,0.23469680608622034,0.8743308092043627
1,1,0.8293403601487984,0.4569306156403209,0.6586807202975968
0,0,0.999469810043646,0.004528887943842735,0.998939620087292
0,0,0.9994700385101835,0.004527164858245628,0.998940077020367
0,0,0.9382368184122172,0.23179166760569433,0.8764736368244344
1,1,0.9999999621754697,6.842574025723138e-07,0.9999999243509394
0,0,0.9995512829163627,0.00390782932891111,0.9991025658327256
1,1,0.9361067706157402,0.23754814347332903,0.8722135412314804
1,0,0.9380961979048023,0.23217408261545236,0.8761923958096043
0,0,0.9771811823492988,0.10881546940133185,0.9543623646985976
1,1,0.9999999574092036,7.654259344934964e-07,0.9999999148184071
1,1,0.9999972416831452,3.806722341638238e-05,0.9999944833662904
0,0,0.9569065632860783,0.17765361943697455,0.9138131265721565
1,0,0.9997820102480971,0.002055851214349698,0.9995640204961941
0,0,0.9879743522300044,0.06511499265730121,0.9759487044600088
0,0,0.9371468963841171,0.2347468189347912,0.874293792768234
0,0,0.9371542271306965,0.23472701051010633,0.8743084542613929
0,0,0.9378251903352562,0.23291012309975256,0.8756503806705127
0,0,0.9371455404542679,0.23475048269550552,0.8742910809085356
1,1,0.9999999885385111,2.2102648249630896e-07,0.9999999770770223
0,0,0.9990539062583191,0.007533456573421415,0.9981078125166383
0,0,0.9959619283038678,0.026287710436197553,0.9919238566077356
1,0,0.9998174759562691,0.0017537890968594668,0.9996349519125383
0,0,0.9993315177013063,0.005555199087638199,0.9986630354026127
0,0,0.9998390111282263,0.0015670809421712926,0.9996780222564525
1,1,0.9999945432880277,7.158475685435383e-05,0.9999890865760553
0,0,0.9991367013793628,0.006953281729146714,0.9982734027587258
1,1,0.6780913901659275,0.6282997522352444,0.356182780331855
1,0,0.9379452568479354,0.23258418528220803,0.8758905136958708
1,1,0.7066797321474095,0.6050978867457172,0.4133594642948191
1,0,0.992398433100589,0.04466369373559911,0.9847968662011779
1,1,0.7249033716605516,0.5882624255062299,0.4498067433211033
0,0,0.9371586348618682,0.23471509993183548,0.8743172697237366
0,0,0.9995511002759025,0.0039092372066122025,0.9991022005518051
0,1,0.9361067706157402,0.23754814347332903,0.8722135412314804
1,0,0.9351567940598029,0.2400908612108103,0.8703135881196057
0,0,0.9979475134055003,0.014752609255103338,0.9958950268110005
1,1,0.9097677986840638,0.30307472326103685,0.8195355973681275
1,1,0.923446026871284,0.27027122381897273,0.8468920537425679
1,1,0.9999979885773516,2.839458431747061e-05,0.9999959771547032
1,1,0.9361067706157402,0.23754814347332903,0.8722135412314804
0,0,0.9769993160670332,0.10949801701907941,0.9539986321340663
1,1,0.9966997549470538,0.022151596647703248,0.9933995098941076
1,1,0.798436838876618,0.5025618039940822,0.5968736777532357
0,0,0.9943414946324194,0.034922942104764376,0.9886829892648389
0,0,0.999533334865564,0.004045830497313441,0.9990666697311279
1,1,0.9999999574092036,7.654259344934964e-07,0.9999999148184071
0,0,0.9998390105668812,0.0015670858449650987,0.9996780211337625
0,0,0.9994785091419116,0.004463209767383642,0.9989570182838232
1,1,0.9999999540681559,8.220012039651388e-07,0.9999999081363118
0,0,0.9996961451506379,0.0027647170852223113,0.9993922903012757
1,1,0.9999999501972988,8.872449120709397e-07,0.9999999003945976
1,0,0.9477999300730126,0.2049429571356667,0.895599860146025
0,0,0.9407635688951902,0.2248613462909276,0.8815271377903803
1,1,0.9999959849577226,5.390379219690628e-05,0.9999919699154451
0,0,0.9993823799960427,0.005181416975592963,0.9987647599920855
0,0,0.9844589636097523,0.08013673493830424,0.9689179272195045
1,0,0.9685447265909491,0.13976501024170485,0.9370894531818984
0,0,0.9998390115329718,0.0015670774071179447,0.9996780230659436
1,1,0.9351848156486822,0.24001607234232902,0.8703696312973642
0,0,0.9995232316761236,0.004123207584022648,0.999046463352247
1,0,0.9212999232681836,0.27558297116484104,0.842599846536367
0,0,0.9975215609673134,0.017346312482469123,0.9950431219346267
1,1,0.8191498543696876,0.4726801576711426,0.6382997087393755
0,0,0.9371489499641146,0.23474127004425482,0.8742978999282293
1,1,0.9686772181760749,0.139310642883335,0.9373544363521498
1,1,0.9251255346983178,0.2660689681029589,0.8502510693966356
0,0,0.9998390114469663,0.0015670781582909164,0.9996780228939326
1,0,0.9370782312486103,0.23493231484957744,0.8741564624972206
0,0,0.9979474852963979,0.014752783156050909,0.9958949705927957
1,1,0.999999345546425,9.97352225767451e-06,0.99999869109285
1,1,0.9887802794129328,0.06153401141930981,0.9775605588258655
1,0,0.9394661762595795,0.2284338380459996,0.878932352519159
0,0,0.9998390111282263,0.0015670809421712926,0.9996780222564525
1,0,0.9976661366145169,0.016474887361317695,0.9953322732290337
1,1,0.9999984434085197,2.237290693117203e-05,0.9999968868170395
1,1,0.9359434540572854,0.23798634661556634,0.8718869081145708
1,1,0.9999999540681559,8.220012039651388e-07,0.9999999081363118
1,1,0.9999999558004616,7.926988957045926e-07,0.9999999116009233
1,0,0.9943468049156176,0.03489549116416929,0.9886936098312351
0,0,0.8957109159936966,0.334406124122318,0.7914218319873931
1,0,0.9964884192336617,0.023351770263790043,0.9929768384673235
1,0,0.9976661090936936,0.016475054079376193,0.9953322181873872
0,0,0.9998390105668812,0.0015670858449650987,0.9996780211337625
1,1,0.9361164974056054,0.2375220309579777,0.8722329948112106
0,0,0.9676113578785226,0.1429497148652823,0.9352227157570452
1,1,0.9999999633171419,6.647284671280214e-07,0.9999999266342838
0,0,0.9371608649340757,0.23470907370144986,0.8743217298681515
1,1,0.9999999602871033,7.164837943213794e-07,0.9999999205742065
1,1,0.9999975242953797,3.4434536620100416e-05,0.9999950485907594
0,0,0.9371396432744656,0.2347664166786715,0.8742792865489314
0,0,0.9371511186757611,0.23473540998369025,0.8743022373515223
1,0,0.9236252266268137,0.26982476829322166,0.8472504532536274
1,1,0.9359384925232418,0.2379996521968926,0.8718769850464835
1,1,0.9966081559932307,0.022673404372073897,0.9932163119864615
1,0,0.9999509488283563,0.0005357674045343775,0.9999018976567128
0,0,0.9967544866947702,0.02183859571062734,0.9935089733895404
0,0,0.9996638608669866,0.003024518509247578,0.9993277217339731
1,1,0.9999999491377837,9.0504967669996e-07,0.9999998982755673
1,0,0.7564213219786844,0.555170008560767,0.5128426439573689
1,1,0.9999990294476264,1.4408238190981453e-05,0.999998058895253
1,1,0.99999996385483,6.555187727464619e-07,0.9999999277096601
0,0,0.9994517925596408,0.00466446831455622,0.9989035851192816
1,1,0.9999999512187996,8.700576279406352e-07,0.9999999024375992
1,1,0.9360012089100521,0.2378314324697362,0.8720024178201042
1,1,0.6181995253434247,0.664938670235375,0.23639905068684924
0,0,0.9371625932370204,0.23470440332296622,0.8743251864740411
0,0,0.9995360167920107,0.004025253920304963,0.9990720335840213
1,1,0.9359882083957507,0.23786630822230528,0.8719764167915013
1,1,0.9999958870754606,5.5118840641863625e-05,0.9999917741509211
0,0,0.9998293490811788,0.0016511850422654651,0.9996586981623576
1,1,0.9999999522035974,8.534676426564379e-07,0.9999999044071947
0,0,0.999161437902656,0.006778434973775235,0.998322875805312
1,1,0.9360040479540973,0.2378238159497382,0.8720080959081946
1,1,0.9999988395416239,1.7020088944444332e-05,0.9999976790832479
0,0,0.9371479064582604,0.23474408966566718,0.8742958129165208
1,0,0.9588078705149544,0.17171446814852748,0.9176157410299088
0,0,0.9995522918135719,0.0039000509385520655,0.9991045836271437
1,1,0.9360012089100521,0.2378314324697362,0.8720024178201042
1,1,0.9361067706157402,0.23754814347332903,0.8722135412314804
0,0,0.9998390111282263,0.0015670809421712926,0.9996780222564525
1,0,0.9931124046316547,0.04115050004968554,0.9862248092633096
0,0,0.9371608307480578,0.2347091660815266,0.8743216614961156
1,0,0.9378296657648658,0.23289797834116752,0.8756593315297317
1,1,0.9999999558004616,7.926988957045926e-07,0.9999999116009233
0,1,0.516508190349438,0.6926020407963958,0.03301638069887608
0,0,0.9998390112899224,0.0015670795299157884,0.9996780225798446
0,0,0.9371634567718469,0.2347020697810789,0.8743269135436939
1,0,0.994958691781023,0.03169755191558125,0.9899173835620461
1,0,0.9998906398644806,0.0011068130923936072,0.9997812797289611
0,0,0.9371687089827895,0.23468787638739158,0.8743374179655788
1,0,0.9212999232681836,0.27558297116484104,0.842599846536367
0,0,0.9979474826653995,0.01475279943307624,0.9958949653307988
1,1,0.9999999589023253,7.400587430968554e-07,0.9999999178046507
1,0,0.9212999232681836,0.27558297116484104,0.842599846536367
1,0,0.9337998940004822,0.24369699343872048,0.8675997880009645
0,0,0.9995392246901788,0.004000621546148271,0.9990784493803575
0,0,0.9995502050706911,0.003916136790522303,0.9991004101413823
0,1,0.9374299832101299,0.23398122586952524,0.8748599664202599
0,0,0.9994087421157202,0.004986055622774684,0.9988174842314403
0,0,0.9721021881915944,0.12735704171501486,0.9442043763831889
1,1,0.7257867434664526,0.5874045546149995,0.4515734869329051
0,0,0.9371554081083739,0.23472381930267616,0.874310816216748
0,0,0.9982077904479781,0.01312508426779102,0.9964155808959563
1,1,0.9999999581697467,7.525114465350048e-07,0.9999999163394935
0,0,0.9998293506198963,0.0016511716927758537,0.9996587012397927
0,0,0.9371590832547104,0.23471388826548883,0.874318166509421
0,0,0.8713762653472685,0.38376208375647536,0.7427525306945371
0,0,0.9998152897402613,0.0017725959762069767,0.9996305794805226
1,0,0.9997648595040244,0.0021997886694560915,0.9995297190080487
0,0,0.9995446936766132,0.0039585754312517684,0.9990893873532265
0,0,0.999287379411285,0.005876415474492394,0.99857475882257
1,1,0.9966535980975071,0.02241485081417154,0.9933071961950142
0,0,0.9995505961911718,0.003913122540751657,0.9991011923823436
0,0,0.999539251717226,0.0040004139198175845,0.999078503434452
0,0,0.9592188585201589,0.17041876141237236,0.9184377170403178
0,0,0.9993952312760255,0.005086323896176572,0.9987904625520508
1,0,0.9819615888990345,0.0903034952560541,0.963923177798069
0,0,0.9665606087466054,0.14650170003665852,0.9331212174932108
1,0,0.5951753794772712,0.6749194526971831,0.1903507589545425
0,1,0.9357744512901441,0.23843933834357456,0.8715489025802884
1,1,0.8146447610361737,0.4794174805768763,0.6292895220723473
1,1,0.9588177845127378,0.17168326315620905,0.9176355690254756
1,1,0.8903725726335935,0.345735674359768,0.7807451452671871
0,0,0.9978047396852187,0.01563103541671603,0.9956094793704374
1,1,0.7924158881301451,0.5107381587336597,0.5848317762602904
1,1,0.99999996385483,6.555187727464619e-07,0.9999999277096601
0,0,0.9996989114798592,0.002742300900279688,0.9993978229597185
0,0,0.9996003219278006,0.0035270196149134988,0.9992006438556011
1,1,0.9999999512187996,8.700576279406352e-07,0.9999999024375992
1,1,0.7079720123717212,0.6039575368608645,0.4159440247434426
1,0,0.9976661320249371,0.016474915164499185,0.9953322640498742
0,0,0.999539569413818,0.003997973202141247,0.9990791388276361
1,1,0.9413046951169574,0.22336241359475917,0.8826093902339147
0,0,0.9995522559932388,0.0039003271448808923,0.9991045119864775
1,0,0.955154616424359,0.18304849760853653,0.9103092328487179
0,0,0.9995513155060903,0.0039075781043002465,0.9991026310121807
1,1,0.9360012089100521,0.2378314324697362,0.8720024178201042
0,0,0.9371669198680764,0.23469271128188993,0.8743338397361528
1,0,0.9998171871309269,0.0017562752058122558,0.9996343742618539
1,0,0.9372211004937099,0.23454626972522413,0.8744422009874199
0,0,0.9371241030049199,0.23480840314126558,0.8742482060098398
0,0,0.9979474943293294,0.014752727272581534,0.9958949886586587
1,0,0.9772339713992066,0.10861707383777827,0.9544679427984133
0,0,0.9390725466099289,0.22951185413616604,0.8781450932198577
0,0,0.9449304373653586,0.21317997660011376,0.8898608747307173
1,1,0.9999999491377837,9.0504967669996e-07,0.9999998982755673
0,0,0.9431847572474408,0.21811310272772735,0.8863695144948814
0,0,0.9544864578464767,0.1850869758481896,0.9089729156929532
1,1,0.9605529462982251,0.16618285581550826,0.92110589259645
1,1,0.9359375683953225,0.23800213042923513,0.871875136790645
0,0,0.9998390115696821,0.0015670770864892832,0.9996780231393642
1,1,0.9999999512187996,8.700576279406352e-07,0.9999999024375992
0,0,0.9994982797023293,0.004313398205848215,0.9989965594046587
1,1,0.9301989012777657,0.2531241469860107,0.8603978025555314
0,0,0.9477283728119628,0.20515035417514635,0.8954567456239256
0,0,0.9371502578937666,0.23473773590625166,0.8743005157875332
1,1,0.9361067706157402,0.23754814347332903,0.8722135412314804
0,0,0.952045528348497,0.1924476848993431,0.904091056696994
1,1,0.9999933681382597,8.570767211147381e-05,0.9999867362765194
0,0,0.9865605330496112,0.07126693389953342,0.9731210660992223
1,1,0.9833300305040232,0.08477954279220731,0.9666600610080464
0,0,0.9992692323093538,0.006007677337702964,0.9985384646187077
1,1,0.999998896525842,1.623988047063757e-05,0.9999977930516839
0,0,0.9993053724079115,0.0057458116948088354,0.998610744815823
0,0,0.9920316315564817,0.04644188809190409,0.9840632631129634
1,1,0.9999999621754697,6.842574025723138e-07,0.9999999243509394
0,0,0.9995492145626801,0.003923768821292348,0.9990984291253603
0,0,0.9371692901400237,0.23468630585934167,0.8743385802800473
1,0,0.9997627557475621,0.002217356363439381,0.9995255114951243
1,0,0.9976659225595539,0.016476184073687516,0.9953318451191078
0,0,0.9995419033414118,0.003980035969944047,0.9990838066828237
1,1,0.9999999602871033,7.164837943213794e-07,0.9999999205742065
1,1,0.8810663775437549,0.3647949103651456,0.7621327550875098
0,0,0.9979474883983598,0.014752763965341694,0.9958949767967197
1,0,0.9666767779717675,0.1461106966664482,0.9333535559435349
0,0,0.9371398134996367,0.23476595674421047,0.8742796269992736
0,0,0.937164477944366,0.2346993102363728,0.8743289558887318
1,1,0.9999999531529851,8.374549724531441e-07,0.9999999063059701
0,0,0.9371544955160018,0.23472628528833314,0.8743089910320039
1,0,0.9969866814967842,0.02050022392915393,0.9939733629935683
0,0,0.9998293561818566,0.00165112343862649,0.9996587123637133
1,1,0.9999999581697467,7.525114465350048e-07,0.9999999163394935
1,1,0.9999999491377837,9.0504967669996e-07,0.9999998982755673
0,0,0.9384220372848664,0.23128744726935035,0.8768440745697326
1,1,0.963135354053797,0.15784848605940544,0.9262707081075939
0,0,0.9995236493288631,0.004120013191544938,0.999047298657726
1,1,0.9360012089100521,0.2378314324697362,0.8720024178201042
0,0,0.9995521579544684,0.003901083095519279,0.9991043159089368
0,0,0.9995362621315843,0.004023370825568263,0.9990725242631686
1,1,0.9999999491377837,9.0504967669996e-07,0.9999998982755673
1,1,0.9146970923598202,0.2915336044147125,0.8293941847196403
1,0,0.9554702469442299,0.18208192801194187,0.9109404938884598
1,0,0.6911816254342464,0.6181519570554248,0.3823632508684929
1,1,0.7832284003677558,0.5227914073280495,0.5664568007355116
1,1,0.9360040479540973,0.2378238159497382,0.8720080959081946
0,0,0.9949028603528144,0.03199231340938836,0.9898057207056288
1,1,0.9999976974999444,3.219243651611698e-05,0.9999953949998889
0,0,0.9998390137696913,0.0015670578715566035,0.9996780275393825
0,0,0.968393497648275,0.14028293155016805,0.9367869952965497
1,0,0.9956544464041593,0.027969834963717695,0.9913088928083187
0,0,0.9397816103745381,0.2275680069270392,0.8795632207490762
1,1,0.9360040479540973,0.2378238159497382,0.8720080959081946
0,0,0.9371579931049112,0.23471683410903715,0.8743159862098223
1,1,0.9359384925232418,0.2379996521968926,0.8718769850464835
0,0,0.9371142813753146,0.2348349369561142,0.8742285627506293
1,0,0.9243931569248752,0.2679063909742656,0.8487863138497503
0,0,0.9998293534225097,0.0016511473780406244,0.9996587068450193
1,1,0.9999999522035974,8.534676426564379e-07,0.9999999044071947
1,1,0.9999999887586881,2.1699857802311185e-07,0.9999999775173762
0,0,0.9977730222434821,0.015824894055552985,0.9955460444869642
1,0,0.9470928357564391,0.20698783426014872,0.8941856715128781
1,0,0.9372211004937099,0.23454626972522413,0.8744422009874199
1,1,0.9999999540681559,8.220012039651388e-07,0.9999999081363118
1,0,0.9814511016869207,0.09233664861414728,0.9629022033738417
0,0,0.9997634439943681,0.002211611130088029,0.9995268879887363
0,0,0.9998390110331747,0.0015670817723519857,0.9996780220663496
1,1,0.9999999491377837,9.0504967669996e-07,0.9999998982755673
0,0,0.9993537411297108,0.005392375746351648,0.9987074822594215
0,0,0.9371549840441687,0.2347249652007626,0.8743099680883375
1,1,0.9361067706157402,0.23754814347332903,0.8722135412314804
0,0,0.997947493386702,0.014752733104277136,0.9958949867734038
1,1,0.999999174185931,1.2392905661734429e-05,0.999998348371862
0,0,0.9512921236670285,0.19469294418076755,0.9025842473340571
0,0,0.9958824670775022,0.02672459833188216,0.9917649341550042
1,0,0.9236700826652966,0.26971294344806024,0.8473401653305932
1,0,0.9408709858035882,0.22456421829392212,0.8817419716071763
0,0,0.9995490610048782,0.0039249518149079244,0.9990981220097562
1,1,0.8798965086174962,0.3671311399251459,0.7597930172349924
0,0,0.9998390108475902,0.001567083393250242,0.9996780216951804
0,0,0.9995007225984937,0.004294833646993043,0.9990014451969873
1,0,0.9993151115065995,0.005674925781921824,0.998630223013199
1,0,0.8832945790912022,0.36030896728956974,0.7665891581824045
0,0,0.9994756506016326,0.0044848076400089976,0.9989513012032653
0,0,0.9928586950555479,0.04240707240567133,0.9857173901110957
0,0,0.9132661884787564,0.2949152039737702,0.8265323769575127
1,1,0.9999999566197619,7.78816771380435e-07,0.9999999132395239
1,1,0.6984296891533689,0.6121889577751506,0.39685937830673784
1,1,0.9999999602871033,7.164837943213794e-07,0.9999999205742065
0,0,0.999185325567411,0.006608895249641029,0.998370651134822
1,0,0.9999262340806477,0.0007756174276848883,0.9998524681612956
1,1,0.9999999581697467,7.525114465350048e-07,0.9999999163394935
0,0,0.9371719172939315,0.23467920612753856,0.8743438345878629
1,0,0.974391592201111,0.11912825488385992,0.9487831844022222
1,1,0.9999999566197619,7.78816771380435e-07,0.9999999132395239
0,1,0.9359556439439416,0.2379536546742715,0.8719112878878832
0,0,0.9410043615397315,0.22419499639755885,0.8820087230794631
1,1,0.9999999589023253,7.400587430968554e-07,0.9999999178046507
0,0,0.9371647409047715,0.23469859962782286,0.8743294818095431
1,0,0.9999486912175354,0.0005581175905706497,0.9998973824350706
1,1,0.951035752574187,0.19545416598916976,0.9020715051483742
1,1,0.6681143977434139,0.6355059583241258,0.3362287954868277
0,0,0.9645066308886295,0.15334728861169672,0.9290132617772591
1,1,0.9999999512187996,8.700576279406352e-07,0.9999999024375992
0,0,0.9371661038300895,0.23469491652074295,0.8743322076601788
0,0,0.9371334596461857,0.23478312400201626,0.8742669192923714
0,0,0.99955244778057,0.003898848262153332,0.9991048955611399
0,0,0.9998293493763305,0.0016511824816128103,0.9996586987526609
1,1,0.9999999549502822,8.070881798928859e-07,0.9999999099005643
0,0,0.99979707083822,0.0019283449375231822,0.9995941416764399
1,1,0.9361067706157402,0.23754814347332903,0.8722135412314804
1,0,0.9678353369148008,0.14218805083323066,0.9356706738296017
0,0,0.9371406164092568,0.2347637873415901,0.8742812328185138
0,0,0.9995223750029051,0.004129758653808716,0.9990447500058102
0,0,0.9371682123249835,0.23468921855837022,0.874336424649967
1,1,0.9999974621613918,3.523584995168174e-05,0.9999949243227837
1,0,0.9973472762560479,0.018385605962813623,0.9946945525120958
1,0,0.969739775901297,0.13564557255922186,0.9394795518025939
1,1,0.9999999615701641,6.945974433749538e-07,0.9999999231403283
1,1,0.9360040479540973,0.2378238159497382,0.8720080959081946
0,0,0.9996461770468444,0.003165490131213098,0.9992923540936889
1,1,0.9361067706157402,0.23754814347332903,0.8722135412314804
1,1,0.5847242688248546,0.6787212735870105,0.16944853764970924
1,0,0.5,0.6931471805599453,0.0
1,1,0.9760381452425546,0.11308112792361974,0.9520762904851097
1,1,0.9999982986138872,2.430271225417115e-05,0.9999965972277745
0,0,0.9892051383283317,0.059622914805835196,0.9784102766566632
0,0,0.9995223743788495,0.004129763425466019,0.999044748757699
1,0,0.9450006530022748,0.21298034026700527,0.8900013060045495
1,0,0.995425624134254,0.029207363961190377,0.9908512482685079
0,0,0.9541941472359481,0.18597554339821082,0.9083882944718962
1,0,0.9952770364862913,0.030004768080899254,0.9905540729725827
1,1,0.9999999491377837,9.0504967669996e-07,0.9999998982755673
0,0,0.9985194476650686,0.011125757717017895,0.9970388953301372
1,1,0.9999999491377837,9.0504967669996e-07,0.9999998982755673
1,0,0.5856210173978478,0.6784127520911576,0.17124203479569566
0,0,0.9989725587697973,0.008096411470100207,0.9979451175395945
1,0,0.9999531862323524,0.0005135147207269334,0.9999063724647047
0,0,0.9505273161988187,0.19695965620344869,0.9010546323976373
0,0,0.9998390111282263,0.0015670809421712926,0.9996780222564525
1,0,0.9230092415438288,0.2713575230857703,0.8460184830876576
1,1,0.9384347643853788,0.23125277857307364,0.8768695287707575
1,1,0.9361067706157402,0.23754814347332903,0.8722135412314804
0,0,0.9371693133467728,0.2346862431449543,0.8743386266935458
0,0,0.9371670541435727,0.23469234841835893,0.8743341082871452
1,1,0.999998985381567,1.5017364826222562e-05,0.999997970763134
1,1,0.9361067706157402,0.23754814347332903,0.8722135412314804
0,0,0.9371690413335809,0.23468697823831614,0.874338082667162
0,0,0.9403096329981315,0.2261147050655435,0.8806192659962631
1,0,0.9370782312486103,0.23493231484957744,0.8741564624972206
0,0,0.9976661370924911,0.016474884465800557,0.9953322741849822
0,0,0.999137276997061,0.006949221195283821,0.998274553994122
0,0,0.9994195177978977,0.004905864713477871,0.9988390355957955
0,0,0.9714120932565546,0.1297987978041225,0.9428241865131094
0,0,0.9933889205721628,0.03977024068433655,0.9867778411443255
1,0,0.996204960359622,0.024941609612812835,0.9924099207192439
1,1,0.9359307910460437,0.23802030480055422,0.8718615820920875
1,1,0.9356858157655426,0.23867672522419567,0.8713716315310851
0,0,0.9997851190423733,0.0020296191747182705,0.9995702380847465
1,1,0.9999992428535652,1.1428147793190875e-05,0.9999984857071303
0,0,0.9990831356156099,0.0073294986206571015,0.9981662712312199
0,0,0.8562608384319413,0.4116935124387209,0.7125216768638826
1,1,0.9999992821672002,1.0873034095643158e-05,0.9999985643344005
1,1,0.8078811021995834,0.4892808427807628,0.615762204399167
0,0,0.9988551397166271,0.008897739663775333,0.9977102794332542
0,0,0.9371459395101592,0.23474940443846729,0.8742918790203186
1,1,0.9999999602871033,7.164837943213794e-07,0.9999999205742065
1,1,0.7194900867731588,0.5934342662832319,0.438980173546318
1,1,0.9999994508673575,8.464838796003006e-06,0.9999989017347151
0,0,0.999839013647052,0.0015670589426916158,0.9996780272941039
1,1,0.9999989030702545,1.6150091019009488e-05,0.999997806140509
0,0,0.9371679629676783,0.23468989242143967,0.8743359259353568
0,0,0.9371680247881076,0.2346897253580384,0.8743360495762149
0,0,0.9420524345063599,0.22128242610027057,0.8841048690127198
1,1,0.954596240480494,0.18475275051614085,0.9091924809609878
0,0,0.9371478831956063,0.23474415252267689,0.8742957663912126
1,1,0.9391921565392648,0.2291845708964848,0.8783843130785297
0,0,0.9803304473494076,0.09675027082570116,0.9606608946988151
0,0,0.9964859669497239,0.023365620324269972,0.9929719338994478
0,0,0.9371339969247087,0.23478167237420372,0.874267993849417
1,1,0.9909385788451552,0.05164271419288288,0.9818771576903104
0,0,0.9995513844673387,0.003907046494538642,0.9991027689346774
1,1,0.7240523652867601,0.5890851645088526,0.4481047305735203
1,1,0.9999999615701641,6.945974433749538e-07,0.9999999231403283
1,0,0.9369769387990026,0.23520580608985664,0.873953877598005
0,0,0.9699333334884606,0.1349738312432714,0.9398666669769211
1,1,0.9361067706157402,0.23754814347332903,0.8722135412314804
1,1,0.9999999549502822,8.070881798928859e-07,0.9999999099005643
1,1,0.9302019079256206,0.25311636045406755,0.860403815851241
0,0,0.9984354625758011,0.01167048292195236,0.9968709251516022
1,1,0.9999999581697467,7.525114465350048e-07,0.9999999163394935
0,0,0.9851727594511422,0.0771585678389256,0.9703455189022845
1,1,0.9999999531529851,8.374549724531441e-07,0.9999999063059701
1,0,0.9214826042316072,0.2751333198481814,0.8429652084632143
1,1,0.9360012089100521,0.2378314324697362,0.8720024178201042
1,0,0.7242815007455992,0.5888639969817381,0.44856300149119804
1,1,0.9353772003839612,0.23950225259646613,0.8707544007679227
1,1,0.9361067706157402,0.23754814347332903,0.8722135412314804
0,0,0.9995517043781832,0.003904580221094385,0.9991034087563665
0,0,0.9374716461051372,0.23386843561779555,0.8749432922102747
0,0,0.9419778933772781,0.2214902348349772,0.8839557867545562
0,0,0.9371896471451151,0.2346312891629111,0.8743792942902301
0,0,0.999829352594434,0.0016511545622115017,0.999658705188868
1,1,0.9275281387155792,0.259986457529905,0.8550562774311582
0,0,0.9371401178090725,0.23476513452383055,0.8742802356181448
0,0,0.9371436160730793,0.23475568237419567,0.8742872321461584
1,1,0.9361067706157402,0.23754814347332903,0.8722135412314804
0,0,0.9370303511080357,0.2350616136684407,0.8740607022160714
0,0,0.9995325634309477,0.004051746324954751,0.9990651268618952
1,0,0.9370782312486103,0.23493231484957744,0.8741564624972206
1,1,0.9999999512187996,8.700576279406352e-07,0.9999999024375992
0,0,0.9979474848249698,0.014752786072604617,0.9958949696499394
0,0,0.9991114984883523,0.007130695382739257,0.9982229969767048
0,0,0.999552214077757,0.003900650346535762,0.9991044281555139
1,1,0.9085794271238835,0.3058122480022988,0.8171588542477671
1,0,0.8293812427904841,0.45686597593568545,0.6587624855809681
0,0,0.9371502666195846,0.2347377123282468,0.8743005332391689
0,0,0.9371549003488954,0.23472519136014935,0.8743098006977907
0,0,0.9371392421823399,0.23476750039477784,0.8742784843646798
0,0,0.9404438456391608,0.2257445150597435,0.8808876912783217
1,1,0.9999980691750608,2.7335774272441065e-05,0.9999961383501217
0,0,0.9371673378433059,0.23469158175262225,0.8743346756866118
1,1,0.8173137777829592,0.47544238355053453,0.6346275555659184
0,0,0.9684176768223294,0.1402001741989704,0.9368353536446589
1,1,0.9360012089100521,0.2378314324697362,0.8720024178201042
0,0,0.9976659231046663,0.01647618077150444,0.9953318462093327
1,0,0.9162739360706497,0.28777670178079506,0.8325478721412992
0,0,0.9371327409544955,0.2347850657672015,0.8742654819089911
1,0,0.9965266024566344,0.023135895801676624,0.9930532049132687
0,0,0.9995523306199402,0.003899751704024982,0.9991046612398804
1,1,0.9999999621754697,6.842574025723138e-07,0.9999999243509394
1,1,0.9999999581697467,7.525114465350048e-07,0.9999999163394935
1,1,0.9999999549502822,8.070881798928859e-07,0.9999999099005643
1,1,0.9999999549502822,8.070881798928859e-07,0.9999999099005643
1,1,0.9589423749047559,0.1712908939089928,0.9178847498095117
0,0,0.9371412701243733,0.2347620210434413,0.8742825402487465
1,0,0.9969866814967842,0.02050022392915393,0.9939733629935683
1,1,0.9285087926245739,0.25747926900808876,0.8570175852491476
0,0,0.9979475138759084,0.014752606344853345,0.9958950277518168
0,0,0.9961470670262004,0.025263649390732675,0.9922941340524007
1,0,0.9999301965259926,0.0007378081924815486,0.999860393051985
0,0,0.938784686196125,0.2302984894180032,0.87756937239225
0,0,0.9997824694410625,0.002051979345778377,0.9995649388821249
1,1,0.9361067706157402,0.23754814347332903,0.8722135412314804
0,1,0.9417197945077881,0.22220898852985144,0.8834395890155763
0,0,0.9996811169238152,0.0028860597620942435,0.9993622338476303
0,0,0.9994846734869457,0.004416581219046376,0.9989693469738915
1,1,0.9999999615701641,6.945974433749538e-07,0.9999999231403283
1,1,0.9440339823354661,0.21572048010133896,0.8880679646709323
1,1,0.8625697105803658,0.4002711506071307,0.7251394211607316
1,0,0.9952338358484187,0.03023571883663857,0.9904676716968374
0,0,0.9968465789156269,0.02130983893148887,0.9936931578312537
1,1,0.7881650449091042,0.5163777229879765,0.5763300898182083
0,0,0.9991609695289436,0.006781752325932356,0.9983219390578872
0,0,0.9995001381963214,0.004299275842178852,0.9990002763926429
0,0,0.9990552659763163,0.007523988935896472,0.9981105319526328
0,0,0.9371782527264049,0.23466208450475803,0.87435650545281
1,1,0.99999996385483,6.555187727464619e-07,0.9999999277096601
1,1,0.9999999540681559,8.220012039651388e-07,0.9999999081363118
1,1,0.8447692729652289,0.4316760252334856,0.6895385459304577
1,1,0.9248653843631434,0.26672252835674337,0.8497307687262867
1,1,0.9359753016611723,0.23790092960678536,0.8719506033223445
0,0,0.9994610730953154,0.004594708145508462,0.9989221461906309
1,1,0.9999999596078267,7.280539692532008e-07,0.9999999192156535
1,0,0.9976661548914665,0.01647477664142844,0.9953323097829329
1,1,0.722406651662086,0.5906659370495443,0.44481330332417207
1,1,0.99999991354448,1.4925366053153248e-06,0.99999982708896
1,1,0.9813640057962715,0.09268209124041564,0.9627280115925431
1,0,0.9997598980000464,0.0022411905003657424,0.9995197960000927
1,1,0.9999999491377837,9.0504967669996e-07,0.9999998982755673
1,0,0.999958299590873,0.0004622481497690961,0.999916599181746
0,0,0.6606716738366787,0.6405889549611667,0.3213433476733574
1,1,0.8850595114087666,0.3567215587019275,0.7701190228175334
1,0,0.9370782312486103,0.23493231484957744,0.8741564624972206
1,1,0.999999601645211,6.2684801273283005e-06,0.9999992032904219
1,1,0.9999999501972988,8.872449120709397e-07,0.9999999003945976
1,1,0.7502267938264778,0.5620858489452076,0.5004535876529554
1,1,0.9999999491377837,9.0504967669996e-07,0.9999998982755673
1,1,0.9237465625981185,0.26952221530288256,0.8474931251962369
1,1,0.9198486046747962,0.2791389760716445,0.8396972093495924
1,1,0.5713143316102606,0.6829409428034986,0.1426286632205213
1,1,0.9330050567208082,0.2457955029386245,0.8660101134416166
1,1,0.9361067706157402,0.23754814347332903,0.8722135412314804
0,0,0.9371464735681684,0.23474796139876428,0.8742929471363369
0,0,0.9371694746230896,0.23468580730833052,0.874338949246179
0,0,0.9994863136592324,0.004404162181722664,0.9989726273184648
0,0,0.9990838933987601,0.007324198649353766,0.9981677867975203
0,0,0.9998271781318487,0.0016700058373033185,0.9996543562636974
1,1,0.9970367705045273,0.0202092028734488,0.9940735410090548
1,1,0.9361067706157402,0.23754814347332903,0.8722135412314804
1,0,0.9212999232681836,0.27558297116484104,0.842599846536367
0,0,0.9995487494488233,0.003927351850188425,0.9990974988976467
1,1,0.6347649727040138,0.6563708925871132,0.26952994540802744
1,1,0.9999999512187996,8.700576279406352e-07,0.9999999024375992
1,1,0.9359434540572854,0.23798634661556634,0.8718869081145708
1,1,0.9999999540681559,8.220012039651388e-07,0.9999999081363118
0,0,0.9385343846773859,0.23098131541277428,0.877068769354772
1,0,0.9212999232681836,0.27558297116484104,0.842599846536367
1,1,0.9543131166057771,0.18561413617927308,0.9086262332115542
1,0,0.9965200105672356,0.023173193970830584,0.9930400211344712
0,0,0.998374327732908,0.012064147332486928,0.996748655465816
1,0,0.9397993097755689,0.2275193720504206,0.8795986195511378
0,0,0.9538765650920547,0.1869387161239282,0.9077531301841093
1,1,0.9999999596078267,7.280539692532008e-07,0.9999999192156535
0,0,0.9507229356992255,0.19638107655903625,0.901445871398451
0,0,0.9371705421507432,0.23468292238725505,0.8743410843014863
1,0,0.9969866807715179,0.020500228136927697,0.9939733615430358
1,1,0.9999999602871033,7.164837943213794e-07,0.9999999205742065
0,0,0.999551810401201,0.0039037628125082225,0.9991036208024021
0,0,0.9973472768851022,0.018385602232828074,0.9946945537702044
1,1,0.9999999531529851,8.374549724531441e-07,0.9999999063059701
0,0,0.9371513448624276,0.2347347988016837,0.8743026897248549
0,0,0.9372454644535007,0.23448040158286143,0.8744909289070015
1,1,0.9999999602871033,7.164837943213794e-07,0.9999999205742065
0,0,0.9978049968517732,0.015629461733388153,0.9956099937035464
1,1,0.9359434540572854,0.23798634661556634,0.8718869081145708
1,1,0.9999999966423214,6.88727572531839e-08,0.9999999932846428
1,0,0.948739738207092,0.20220942018374727,0.897479476414184
1,1,0.8260632929920555,0.46207377871913,0.652126585984111
1,0,0.9976660953278035,0.016475137471471776,0.995332190655607
0,0,0.9875436422134712,0.0670061107478759,0.9750872844269425
0,1,0.983204290885429,0.08529174438624426,0.966408581770858
0,0,0.9915882033150981,0.04856889348647384,0.9831764066301961
1,0,0.9997778616991342,0.002090787749595559,0.9995557233982683
0,0,0.9979474898123699,0.014752755217376075,0.9958949796247397
1,0,0.9976661411903046,0.01647485964167755,0.9953322823806091
1,1,0.9999988876057914,1.6362201259341207e-05,0.9999977752115826
0,0,0.9371681278896516,0.23468944673649084,0.8743362557793035
0,0,0.9995323769143777,0.004053176455633781,0.9990647538287555
0,0,0.9384677893119067,0.23116280540237194,0.8769355786238133
1,1,0.9968752301629655,0.021144788263145742,0.9937504603259312
1,0,0.9999577092217756,0.0004681978376359575,0.9999154184435514
1,1,0.5369025528004683,0.6904211056903099,0.0738051056009365
1,1,0.8129608656292702,0.4819010832828935,0.6259217312585403
0,0,0.9994780991133196,0.004466308724100674,0.9989561982266392
0,0,0.9371214136425251,0.23481566880340585,0.8742428272850503
0,0,0.9371487935010344,0.234741692818961,0.8742975870020687
1,0,0.9979475173814282,0.014752584657429565,0.9958950347628565
0,0,0.9988483152174528,0.00894393025696552,0.9976966304349055
0,0,0.9996195268799436,0.0033762822334830168,0.9992390537598871
1,0,0.9999536413438043,0.0005089753647713923,0.9999072826876084
0,0,0.9371498323928449,0.23473888564939305,0.8742996647856898
0,0,0.9993224864659073,0.005621155126392131,0.9986449729318145
1,1,0.9999999540681559,8.220012039651388e-07,0.9999999081363118
0,0,0.999512520433528,0.004205007711929173,0.9990250408670561
0,0,0.9548935534235277,0.18384620454243114,0.9097871068470553
1,1,0.747338538763641,0.5652402140471531,0.49467707752728207
1,0,0.9997852009338014,0.0020289275686810487,0.9995704018676027
1,1,0.9361067706157402,0.23754814347332903,0.8722135412314804
0,1,0.9568758178030842,0.1777489292762493,0.9137516356061683
0,0,0.9371215891505197,0.23481519464948503,0.8742431783010396
0,0,0.9988927365343095,0.008642534399498691,0.9977854730686191
0,0,0.9645864139227566,0.15308373039038145,0.9291728278455132
0,0,0.9995504692526465,0.003914100855705406,0.9991009385052929
0,0,0.9994199655124973,0.004902528587511799,0.9988399310249947
1,1,0.9281907880294358,0.2582938738168057,0.8563815760588714
0,1,0.9870008318517518,0.06936800670159078,0.9740016637035037
1,0,0.9988730380057214,0.008776403690223544,0.9977460760114427
0,0,0.9371375289293135,0.23477212942498704,0.8742750578586269
1,1,0.6838272384733292,0.6239508639623677,0.36765447694665815
1,1,0.9360040479540973,0.2378238159497382,0.8720080959081946
1,1,0.9999993513327163,9.891102913394567e-06,0.9999987026654326
1,1,0.9157693348142127,0.2889824375388491,0.8315386696284254
0,0,0.9986871909892782,0.010023204194635095,0.9973743819785563
1,1,0.9999999589023253,7.400587430968554e-07,0.9999999178046507
0,0,0.9998191575177751,0.0017393056939859581,0.9996383150355501
1,1,0.9361076334446797,0.23754582718888967,0.8722152668893595
1,1,0.9999999566197619,7.78816771380435e-07,0.9999999132395239
1,1,0.9359281593211889,0.23802736191733911,0.8718563186423778
1,1,0.5919487667790094,0.6761414095668712,0.1838975335580188
1,1,0.9360040479540973,0.2378238159497382,0.8720080959081946
1,0,0.7539611023100281,0.5579414393653169,0.5079222046200562
1,1,0.8222778442072475,0.46792184873598724,0.6445556884144948
1,1,0.9999999633171419,6.647284671280214e-07,0.9999999266342838
0,0,0.9976659225595539,0.016476184073687516,0.9953318451191078
1,0,0.9645377351039521,0.15324455993481975,0.9290754702079044
1,1,0.9357231425064343,0.23857677131371163,0.8714462850128686
0,1,0.9403203670452744,0.2260851098571181,0.8806407340905491
1,0,0.9372211004937099,0.23454626972522413,0.8744422009874199
1,0,0.9733805160534599,0.122787225449703,0.9467610321069198
0,0,0.9883903983136636,0.06327343669667035,0.9767807966273271
0,0,0.9979474912269863,0.014752746465656268,0.9958949824539727
0,0,0.9371792572179639,0.2346593697852325,0.8743585144359279
0,0,0.9988164756846236,0.009158900075676515,0.9976329513692472
0,0,0.9995496553661222,0.00392037262582582,0.9990993107322444
1,1,0.9359384925232418,0.2379996521968926,0.8718769850464835
1,0,0.871014198000183,0.38445420032325384,0.7420283960003662
1,1,0.9359384925232418,0.2379996521968926,0.8718769850464835
1,1,0.9359420331366021,0.23799015720795735,0.8718840662732043
0,1,0.9999814549981885,0.00022059837816228327,0.999962909996377
0,0,0.9995491223150036,0.0039244794942402,0.9990982446300073
1,1,0.9999999558004616,7.926988957045926e-07,0.9999999116009233
0,0,0.999137356635894,0.006948659375173712,0.998274713271788
1,1,0.9999992181932488,1.1775305796957158e-05,0.9999984363864975
1,0,0.9864027861799197,0.07194368423359208,0.9728055723598393
1,0,0.9867069886396908,0.07063694465634884,0.9734139772793815
0,0,0.9988142952065133,0.009173590289560997,0.9976285904130265
1,1,0.9999999602871033,7.164837943213794e-07,0.9999999205742065
0,0,0.9371415735866763,0.23476120110444612,0.8742831471733523
1,1,0.9999972090057927,3.8485329715414884e-05,0.9999944180115854
1,1,0.9360040479540973,0.2378238159497382,0.8720080959081946
1,1,0.9359420331366021,0.23799015720795735,0.8718840662732043
0,0,0.9371626654348377,0.23470420822230956,0.8743253308696755
0,0,0.9371580405290497,0.23471670595817667,0.8743160810580994
1,1,0.9361067706157402,0.23754814347332903,0.8722135412314804
0,0,0.9412731782587703,0.22344986096210093,0.8825463565175407
1,1,0.9999999602871033,7.164837943213794e-07,0.9999999205742065
0,0,0.998760310785526,0.00953602968700601,0.9975206215710518
1,0,0.995088259965712,0.031011091523893922,0.9901765199314241
0,0,0.9989286548318095,0.008397529534565696,0.997857309663619
1,1,0.9999992307413264,1.1598757786277705e-05,0.9999984614826527
0,0,0.9950763926756889,0.03107410671675214,0.990152785351378
0,0,0.9973349568161514,0.01845862559253951,0.9946699136323027
0,0,0.9371332022771027,0.2347838193642368,0.8742664045542052
1,1,0.7004814527481301,0.6104558161056193,0.40096290549626035
1,1,0.9999999549502822,8.070881798928859e-07,0.9999999099005643
0,0,0.9702730046617071,0.13379189264046024,0.9405460093234141
1,1,0.6740997595310879,0.6312371566414778,0.348199519062176
0,0,0.9598525534403639,0.16841245809124442,0.9197051068807279
0,0,0.9979474836087449,0.014752793596942978,0.9958949672174897
0,0,0.9514599203788751,0.1941939514781348,0.90291984075775
1,1,0.9999999615701641,6.945974433749538e-07,0.9999999231403283
1,1,0.9999999615701641,6.945974433749538e-07,0.9999999231403283
1,1,0.9359976044871199,0.23784110213619677,0.8719952089742398
0,0,0.998833892241118,0.009041417088177283,0.997667784482236
1,0,0.9751219743724487,0.11645968283546516,0.9502439487448976
0,0,0.9992694473564923,0.006006124518623421,0.9985388947129844
0,0,0.9995507554051122,0.003911895428528679,0.9991015108102245
0,0,0.9371331808496847,0.2347838772569865,0.8742663616993693
0,0,0.9989600233466207,0.008182574627847054,0.9979200466932413
1,1,0.9999999615701641,6.945974433749538e-07,0.9999999231403283
1,1,0.9999999596078267,7.280539692532008e-07,0.9999999192156535
1,1,0.9999999491377837,9.0504967669996e-07,0.9999998982755673
1,1,0.9999999602871033,7.164837943213794e-07,0.9999999205742065
1,1,0.7445879127370638,0.5682031927631435,0.4891758254741275
1,1,0.9999999522035974,8.534676426564379e-07,0.9999999044071947
0,0,0.9992080838660616,0.006446719203480798,0.9984161677321232
1,1,0.9330043061418476,0.24579747980408898,0.8660086122836954
1,1,0.9317834931624398,0.24900097932389714,0.8635669863248796
1,1,0.8850072422874369,0.35682823911685,0.7700144845748736
1,1,0.9999999627575701,6.743046260463807e-07,0.99999992551514
1,1,0.9999999609409562,7.053356875831334e-07,0.9999999218819124
0,0,0.9995513958515237,0.003906958734900279,0.9991027917030475
1,0,0.9999199104710893,0.0008355200260725629,0.9998398209421787
1,0,0.9375784530094983,0.23357915147618932,0.8751569060189965
0,0,0.9967552296275519,0.02183434067767827,0.9935104592551037
1,1,0.9999992181932488,1.1775305796957158e-05,0.9999984363864975
1,1,0.9999999540681559,8.220012039651388e-07,0.9999999081363118
0,0,0.9815734508983263,0.0918506788412557,0.9631469017966526
0,0,0.9371739369329061,0.23467374809008437,0.8743478738658123
0,0,0.9998390112762661,0.0015670796491897175,0.9996780225525321
1,1,0.9359384925232418,0.2379996521968926,0.8718769850464835
0,0,0.9371852961648707,0.2346430486824793,0.8743705923297415
0,0,0.9371675072973589,0.23469112382197954,0.8743350145947176
0,0,0.9899680166547365,0.05614845005062439,0.9799360333094731
1,0,0.7929635299840134,0.5100036530085844,0.5859270599680265
1,1,0.9360546012346512,0.23768817027265515,0.8721092024693027
1,1,0.8739066854774178,0.3788922022806742,0.7478133709548356
1,0,0.9372211004937099,0.23454626972522413,0.8744422009874199
0,0,0.9992501897413856,0.00614493153932133,0.9985003794827713
1,1,0.9999999501972988,8.872449120709397e-07,0.9999999003945976
1,1,0.9999999581697467,7.525114465350048e-07,0.9999999163394935
1,1,0.9361067706157402,0.23754814347332903,0.8722135412314804
1,1,0.9999999566197619,7.78816771380435e-07,0.9999999132395239
1,0,0.9384369936708945,0.23124670569774738,0.8768739873417888
0,0,0.9990238242485736,0.007742420507068325,0.9980476484971473
0,0,0.9995454873276427,0.003952468320565312,0.9990909746552854
0,0,0.9995515091260072,0.0039060854965494722,0.9991030182520143
1,1,0.9999999609409562,7.053356875831334e-07,0.9999999218819124
0,0,0.9987762633156405,0.009429177662922046,0.997552526631281
0,0,0.998318413177924,0.01242217803140925,0.9966368263558482
1,1,0.56514462705335,0.6846353577680876,0.1302892541067
0,0,0.9371372087050407,0.23477299463190104,0.8742744174100814
1,1,0.9360040479540973,0.2378238159497382,0.8720080959081946
0,0,0.9996859728233525,0.002846930814788739,0.9993719456467048
0,1,0.9407628090315266,0.2248634474266391,0.8815256180630533
0,0,0.9371832335738461,0.23464862319426466,0.8743664671476924
1,0,0.9999493075651135,0.0005520258403429444,0.999898615130227
1,0,0.9212999232681836,0.27558297116484104,0.842599846536367
0,1,0.9444281428679934,0.21460533848820906,0.8888562857359869
0,0,0.9371655828391097,0.23469632442667693,0.8743311656782191
1,1,0.9999991859948135,1.222741504278383e-05,0.999998371989627
0,0,0.9995515478033807,0.0039057873242920637,0.9991030956067615
1,0,0.999955451456264,0.0004908763414146923,0.9999109029125279
1,0,0.999860392253784,0.0013788504349551232,0.999720784507568
0,0,0.9371964167895183,0.23461299201063093,0.8743928335790367
0,0,0.9988436000102615,0.008975820760956776,0.997687200020523
1,1,0.9359506963555027,0.2379669238635942,0.8719013927110054
1,1,0.9969290747206678,0.02083389206583985,0.9938581494413357
0,0,0.9995122399993442,0.004207146159113727,0.9990244799986885
1,0,0.9973475179440606,0.018384172859780164,0.9946950358881212
1,1,0.9999958593325546,5.546279738451241e-05,0.9999917186651092
1,1,0.9999999609409562,7.053356875831334e-07,0.9999999218819124
1,1,0.9999999549502822,8.070881798928859e-07,0.9999999099005643
0,0,0.937192440185252,0.23462374016343895,0.8743848803705042
1,1,0.9360029521165749,0.23782675585258573,0.8720059042331498
1,1,0.9999999522035974,8.534676426564379e-07,0.9999999044071947
0,0,0.9997592745039672,0.002246386036458892,0.9995185490079344
1,1,0.9361067706157402,0.23754814347332903,0.8722135412314804
1,0,0.9955316091010251,0.028635635632337206,0.9910632182020502
1,0,0.8467530727253427,0.4283001109432566,0.6935061454506855
0,0,0.9995515051823212,0.0039061158990918556,0.9991030103646423
0,0,0.9676660084701199,0.14276401788838786,0.9353320169402396
1,1,0.9999992711973048,1.1028142121861512e-05,0.9999985423946096
1,1,0.9361067706157402,0.23754814347332903,0.8722135412314804
1,1,0.9999999512187996,8.700576279406352e-07,0.9999999024375992
0,0,0.9998293538370219,0.0016511437818375887,0.9996587076740437
0,0,0.9947392849808023,0.03285239377978923,0.9894785699616047
0,0,0.9531882914573552,0.1890182852638882,0.9063765829147103
1,1,0.8447376489210965,0.4317295973255031,0.689475297842193
0,0,0.9994863556831158,0.0044038439170016605,0.9989727113662317
0,0,0.9969865749928049,0.02050084183091824,0.9939731499856097
1,1,0.9999999531529851,8.374549724531441e-07,0.9999999063059701
0,0,0.9371530066994865,0.23473030830297315,0.8743060133989733
1,1,0.9479489700201822,0.20451065675852764,0.8958979400403645
1,1,0.9999990427489505,1.422398448089555e-05,0.9999980854979009
0,0,0.9998293496723828,0.0016511799131446734,0.9996586993447656
1,1,0.9361067706157402,0.23754814347332903,0.8722135412314804
0,0,0.9554011412247136,0.18229375323634014,0.9108022824494274
1,1,0.9999983214046697,2.3999804673124447e-05,0.9999966428093394
1,1,0.9999999621754697,6.842574025723138e-07,0.9999999243509394
1,1,0.9544829281400247,0.1850977171787927,0.9089658562800492
0,0,0.9371388055894179,0.2347686800278496,0.8742776111788357
0,0,0.9997725335217338,0.002135544905389815,0.9995450670434677
0,0,0.9357396125493447,0.23853266030727288,0.8714792250986896
0,0,0.9371463431084909,0.23474831390491468,0.874292686216982
0,0,0.9538110038787652,0.18713726618411056,0.9076220077575303
1,0,0.9976661136818533,0.01647502628484174,0.9953322273637067
0,0,0.9998390105668812,0.0015670858449650987,0.9996780211337625
1,1,0.9359420331366021,0.23799015720795735,0.8718840662732043
0,0,0.9994491637037475,0.00468420027888765,0.998898327407495
1,1,0.9359434540572854,0.23798634661556634,0.8718869081145708
1,1,0.9999999491377837,9.0504967669996e-07,0.9999998982755673
0,0,0.9978054845167346,0.015626477474620922,0.9956109690334691
1,0,0.9216610038753174,0.2746937614291573,0.8433220077506346
1,1,0.8974521921576297,0.33064528526310955,0.7949043843152596
0,0,0.9990178197120592,0.007784018849236449,0.9980356394241183
0,0,0.9994781666564097,0.004465798262092298,0.9989563333128194
1,1,0.8508005374964254,0.42131795775010794,0.7016010749928508
1,1,0.9999999531529851,8.374549724531441e-07,0.9999999063059701
0,0,0.9979474843525057,0.014752788995566448,0.9958949687050115
1,1,0.9999997847243098,3.5200473463376656e-06,0.9999995694486198
1,1,0.9359384925232418,0.2379996521968926,0.8718769850464835
0,0,0.9371691257697119,0.2346867500567255,0.8743382515394239
1,1,0.9359384925232418,0.2379996521968926,0.8718769850464835
0,0,0.9995795688551274,0.003688871102520405,0.9991591377102549
0,0,0.9990843399147309,0.007321075401742689,0.9981686798294619
0,0,0.9986499639908162,0.010269654653459446,0.9972999279816326
1,1,0.9941181372959288,0.03607308203360781,0.9882362745918575
0,0,0.9969866814967842,0.02050022392915393,0.9939733629935683
0,0,0.9371493935366534,0.23474007147649809,0.8742987870733065
1,1,0.9999999531529851,8.374549724531441e-07,0.9999999063059701
0,0,0.9986889732289407,0.010011379119182467,0.9973779464578814
1,1,0.999995368669015,6.151641309721774e-05,0.9999907373380298
1,1,0.9999999574092036,7.654259344934964e-07,0.9999999148184071
1,0,0.9999118438465092,0.0009112134535236321,0.9998236876930184
1,1,0.9999999531529851,8.374549724531441e-07,0.9999999063059701
1,1,0.9360169009920646,0.23778933244083128,0.8720338019841293
1,1,0.9615723228654179,0.16291461858136863,0.9231446457308362
1,1,0.9999999558004616,7.926988957045926e-07,0.9999999116009233
1,1,0.9350855678573353,0.24028090375682773,0.8701711357146704
1,1,0.9999999596078267,7.280539692532008e-07,0.9999999192156535
0,0,0.98889558878086,0.06101696261773112,0.9777911775617201
0,0,0.9584007903789509,0.1729936385637978,0.9168015807579019
1,0,0.9979474729134141,0.014752859765012605,0.9958949458268284
1,1,0.9999994508441061,8.465173963313318e-06,0.9999989016882123
1,1,0.9966535981000211,0.022414850799851137,0.993307196200042
1,1,0.9872544115848656,0.06826753869433688,0.9745088231697311
1,1,0.7301965002401001,0.5830632985876395,0.46039300048020004
0,0,0.9997970706415802,0.0019283466094421925,0.9995941412831605
0,0,0.9441825101633214,0.21530061803293285,0.8883650203266428
0,0,0.9906851708363733,0.05282882698755255,0.9813703416727465
1,1,0.9999999027965574,1.6666949079949896e-06,0.9999998055931147
1,1,0.9999999512187996,8.700576279406352e-07,0.9999999024375992
0,0,0.994765655104608,0.03271408940250755,0.9895313102092159
1,1,0.7005242006509259,0.6104194934937976,0.4010484013018519
0,0,0.9165963251130423,0.28700462235688,0.8331926502260847
1,0,0.9976661320249371,0.016474915164499185,0.9953322640498742
1,0,0.9472203376987166,0.20661984687577523,0.8944406753974332
1,1,0.962543319053479,0.15977535061478082,0.9250866381069579
1,1,0.7750706031250146,0.5330765071365225,0.550141206250029
0,0,0.9841666395632429,0.0813466972601037,0.9683332791264858
1,1,0.9296749080512337,0.25447904824968137,0.8593498161024673
1,1,0.9999932514948262,8.709746406908151e-05,0.9999865029896523
1,1,0.99999996385483,6.555187727464619e-07,0.9999999277096601
1,1,0.6905263496217484,0.6186788741310267,0.3810526992434967
1,1,0.9357711511079931,0.23844817935313317,0.8715423022159863
0,1,0.9705747136590358,0.13273869613727826,0.9411494273180717
0,0,0.9099365189630676,0.30268467044488556,0.8198730379261352
1,0,0.9370782312486103,0.23493231484957744,0.8741564624972206
0,0,0.9385860566425436,0.2308404426739883,0.8771721132850873
1,1,0.936208148864426,0.23727590596888298,0.8724162977288522
0,0,0.9997983955412919,0.0019170773809451857,0.9995967910825837
0,0,0.8902910945254398,0.3459063005279742,0.7805821890508795
1,1,0.9999999540681559,8.220012039651388e-07,0.9999999081363118
0,0,0.9371406164092568,0.2347637873415901,0.8742812328185138
0,1,0.9765981359572272,0.11099846508279598,0.9531962719144543
0,0,0.9371948439501361,0.23461724318691188,0.8743896879002722
1,1,0.9966535981001843,0.02241485079892129,0.9933071962003686
0,0,0.9995106347336741,0.0042193839896720875,0.9990212694673483
0,0,0.9995516643255715,0.003904889009290962,0.9991033286511432
1,0,0.9383554811259254,0.2314687009902922,0.8767109622518506
1,1,0.9258624225733031,0.2642124146718767,0.8517248451466063
1,1,0.7453881508061798,0.5673452911092687,0.49077630161235963
1,1,0.9362590894497407,0.23713904700775784,0.8725181788994812
0,0,0.937135760601834,0.23477690720834624,0.8742715212036678
1,1,0.9470620415958714,0.2070766615910742,0.8941240831917429
0,0,0.9987317761869317,0.009726647036106893,0.9974635523738632
1,1,0.9999943926988178,7.340763702505095e-05,0.9999887853976357
1,0,0.9976660953278035,0.016475137471471776,0.995332190655607
0,0,0.9640682809906553,0.15479204328261925,0.9281365619813108
1,1,0.9999999522035974,8.534676426564379e-07,0.9999999044071947
1,1,0.9999999566197619,7.78816771380435e-07,0.9999999132395239
1,1,0.9999999621754697,6.842574025723138e-07,0.9999999243509394
1,1,0.9999999501972988,8.872449120709397e-07,0.9999999003945976
1,1,0.9361067706157402,0.23754814347332903,0.8722135412314804
0,0,0.9910179867541582,0.05126957157232534,0.9820359735083166
1,1,0.9999999558004616,7.926988957045926e-07,0.9999999116009233
0,0,0.9370541106879031,0.23499745652581328,0.8741082213758062
0,0,0.9371652925748625,0.23469710882358572,0.874330585149725
0,0,0.9997239906469428,0.002537888830143928,0.9994479812938858
0,0,0.9381832604077156,0.2319373578556927,0.8763665208154311
1,1,0.9999972356793283,3.814407107073459e-05,0.9999944713586565
1,1,0.9360040479540973,0.2378238159497382,0.8720080959081946
1,1,0.99999996385483,6.555187727464619e-07,0.9999999277096601
1,1,0.9999978865604138,2.973016201588021e-05,0.9999957731208274
0,0,0.9371454537856828,0.23475071687540655,0.8742909075713655
1,1,0.9999991630089794,1.254938475565814e-05,0.9999983260179588
1,0,0.9997883788647747,0.0020020644275480105,0.9995767577295492
0,0,0.9371344708799658,0.23478039183014762,0.8742689417599314
0,0,0.9998390105668812,0.0015670858449650987,0.9996780211337625
1,1,0.9264478748906841,0.26273176004769194,0.8528957497813683
1,1,0.9354313946891645,0.2393574003782785,0.8708627893783288
1,1,0.9361067706157402,0.23754814347332903,0.8722135412314804
1,1,0.9999999491377837,9.0504967669996e-07,0.9999998982755673
1,1,0.9359420331366021,0.23799015720795735,0.8718840662732043
1,0,0.9979474809943386,0.01475280977131577,0.9958949619886773
1,1,0.9357376545444045,0.23853790458380994,0.8714753090888092
0,0,0.9702725505053142,0.13379347560894425,0.9405451010106284
1,1,0.7409309242755602,0.5720809457337066,0.4818618485511204
0,0,0.9995069716136176,0.004247290285323976,0.9990139432272351
0,0,0.9981816572840387,0.013290121562538821,0.9963633145680776
1,1,0.9361067706157402,0.23754814347332903,0.8722135412314804
1,1,0.9999987009699439,1.890594318418777e-05,0.9999974019398878
0,0,0.9979474852963979,0.014752783156050909,0.9958949705927957
0,0,0.9979474848249698,0.014752786072604617,0.9958949696499394
1,1,0.8679287647127187,0.3903051585472874,0.7358575294254377
1,1,0.9361067706157402,0.23754814347332903,0.8722135412314804
1,1,0.6975213741106037,0.612949831776026,0.3950427482212073
1,0,0.9214826042316072,0.2751333198481814,0.8429652084632143
1,1,0.9244066749042372,0.26787254617975365,0.8488133498084742
0,0,0.999506834588072,0.004248333640529516,0.9990136691761441
1,0,0.9224750635050613,0.27268239323064464,0.8449501270101225
1,1,0.9999999589023253,7.400587430968554e-07,0.9999999178046507
1,1,0.9352567165452529,0.23982411150277705,0.8705134330905056
0,0,0.6388832835830419,0.6540580083172699,0.27776656716608383
1,1,0.9359384925232418,0.2379996521968926,0.8718769850464835
1,1,0.837299838475195,0.44412036171173447,0.6745996769503897
1,1,0.9361067706157402,0.23754814347332903,0.8722135412314804
0,0,0.9371663667615179,0.2346942059832394,0.8743327335230358
1,0,0.984506096486284,0.07994112642820553,0.9690121929725679
1,1,0.9751110330074427,0.11649981961561434,0.9502220660148857
1,1,0.9999999633171419,6.647284671280214e-07,0.9999999266342838
1,1,0.9999999615701641,6.945974433749538e-07,0.9999999231403283
0,1,0.9397054648733426,0.22777717840912007,0.879410929746685
1,1,0.9999999574092036,7.654259344934964e-07,0.9999999148184071
1,1,0.999999422413333,8.874276655285046e-06,0.9999988448266659
0,0,0.9371375582966462,0.23477205007794968,0.8742751165932926
1,1,0.9999999531529851,8.374549724531441e-07,0.9999999063059701
0,0,0.9370738687361277,0.2349440972872685,0.8741477374722553
1,1,0.9999999589023253,7.400587430968554e-07,0.9999999178046507
0,0,0.9983129626336403,0.012456978191020662,0.9966259252672809
1,1,0.9999994232551628,8.86218365681315e-06,0.9999988465103254
1,1,0.9717325870882645,0.128666955117043,0.9434651741765291
0,0,0.9994931964243023,0.00435199001828481,0.9989863928486047
0,0,0.9972284919491617,0.019087311226503777,0.9944569838983236
1,0,0.9372211004937099,0.23454626972522413,0.8744422009874199
1,1,0.999999422413333,8.874276655285046e-06,0.9999988448266659
1,1,0.9999999549502822,8.070881798928859e-07,0.9999999099005643
1,1,0.7066797660285813,0.6050978569535769,0.4133595320571625
1,0,0.7914857269013512,0.5119815289668164,0.5829714538027025
1,1,0.9999999589023253,7.400587430968554e-07,0.9999999178046507
0,0,0.9501057248652279,0.19820382519248264,0.9002114497304559
1,1,0.9331964076129678,0.24529123105744,0.8663928152259356
1,1,0.9999999574092036,7.654259344934964e-07,0.9999999148184071
0,0,0.9371402942680918,0.23476465774459168,0.8742805885361835
1,0,0.5,0.6931471805599453,0.0
0,0,0.9995712462752759,0.003753487380726466,0.9991424925505519
1,0,0.9372211004937099,0.23454626972522413,0.8744422009874199
1,1,0.9999999615701641,6.945974433749538e-07,0.9999999231403283
1,1,0.9999999501972988,8.872449120709397e-07,0.9999999003945976
0,1,0.9999997866743706,3.490102430421854e-06,0.9999995733487412
0,1,0.9869352724132758,0.06965169778874634,0.9738705448265519
1,1,0.936196606281934,0.23730691068146686,0.872393212563868
1,1,0.9602240704521516,0.16723138485793773,0.9204481409043035
0,0,0.9992628270916789,0.006053899380003572,0.9985256541833578
0,0,0.9434059691219499,0.2174911602121117,0.8868119382438997
0,0,0.9608855279116307,0.16511960893142869,0.9217710558232616
0,0,0.9371414146068936,0.23476163065955427,0.8742828292137872
1,1,0.9999999501972988,8.872449120709397e-07,0.9999999003945976
0,0,0.9996824487215525,0.002875335515519844,0.9993648974431052
0,0,0.9371948267614185,0.23461728964550402,0.874389653522837
1,1,0.9650324841574596,0.15160672060682834,0.9300649683149192
0,0,0.9995447223514105,0.003958354804029659,0.9990894447028209
1,1,0.9359434540572854,0.23798634661556634,0.8718869081145708
1,1,0.7004814527481301,0.6104558161056193,0.40096290549626035
0,0,0.9995449253914434,0.0039567925387189945,0.9990898507828868
0,0,0.9376243923084899,0.23345466596852105,0.8752487846169797
1,1,0.9999999512187996,8.700576279406352e-07,0.9999999024375992
0,0,0.974962903716315,0.11704272544485249,0.94992580743263
1,1,0.9361733868815673,0.2373692739224033,0.8723467737631345
0,0,0.9994996846974383,0.004302722535813119,0.9989993693948768
0,0,0.9646014480381465,0.15303404528537273,0.9292028960762929
1,0,0.9372211004937099,0.23454626972522413,0.8744422009874199
0,0,0.9997686609461828,0.0021679963672036986,0.9995373218923657
1,1,0.5700345816658589,0.6833051642521852,0.1400691633317177
1,0,0.9620788169467153,0.16128032703716963,0.9241576338934304
0,0,0.9746236115912982,0.11828287936448116,0.9492472231825961
1,0,0.8803780854248784,0.3661710050125453,0.7607561708497568
1,1,0.9361067706157402,0.23754814347332903,0.8722135412314804
1,0,0.9999031643643921,0.0009918338727465598,0.9998063287287842
1,1,0.9999989074203907,1.60903854870831e-05,0.9999978148407813
0,0,0.9371675743355036,0.2346909426587499,0.874335148671007
0,0,0.9976661087950255,0.016475055888672912,0.9953322175900509
0,0,0.9539378504341791,0.18675302705992503,0.9078757008683582
1,0,0.9744381155867653,0.11895891788651389,0.9488762311735305
0,0,0.9591906432335678,0.17050785227862778,0.9183812864671356
0,0,0.9846789929100018,0.07922233001092752,0.9693579858200035
1,1,0.9973538061915371,0.018346878566366562,0.9947076123830745
1,1,0.9999999491377837,9.0504967669996e-07,0.9999998982755673
0,0,0.9791752038190281,0.1012319464834549,0.9583504076380562
0,0,0.9995505931624512,0.003913145883513461,0.9991011863249024
1,0,0.9236252266268137,0.26982476829322166,0.8472504532536274
1,1,0.9999999522035974,8.534676426564379e-07,0.9999999044071947
0,0,0.9995523178835947,0.0038998499139035123,0.9991046357671893
0,0,0.9919893659442471,0.04664567624345287,0.9839787318884944
1,1,0.9999972862578482,3.749626555064087e-05,0.9999945725156965
0,0,0.9599571636964221,0.16808025992844186,0.9199143273928443
1,1,0.7066813591969232,0.6050964560543701,0.4133627183938466
0,0,0.9982495685513858,0.012860450052336369,0.9964991371027715
0,0,0.9994781865845944,0.004465647651659622,0.9989563731691888
1,1,0.9999970076604613,4.105326323600986e-05,0.9999940153209225
1,0,0.9457960449141914,0.21071223961489238,0.8915920898283828
1,1,0.9999955714801109,5.902084606998214e-05,0.9999911429602217
0,0,0.9984335246344244,0.011682998107175754,0.9968670492688488
0,0,0.9988345018638354,0.009037300197007728,0.9976690037276708
0,0,0.9371263943647116,0.23480221263805545,0.8742527887294232
0,0,0.9371311943885883,0.23478924425779485,0.8742623887771767
1,1,0.9613480697706458,0.16363598764062812,0.9226961395412917
0,0,0.9996818236477469,0.0028803695910241496,0.9993636472954938
0,0,0.9979474862384475,0.014752777327933335,0.9958949724768951
1,1,0.9361067706157402,0.23754814347332903,0.8722135412314804
1,1,0.9999985484081727,2.0965121666634483e-05,0.9999970968163454
1,0,0.9212999232681836,0.27558297116484104,0.842599846536367
1,1,0.9776613547154815,0.10700621440082878,0.955322709430963
1,1,0.8746848769227591,0.37738290882266345,0.7493697538455181
0,0,0.9994196543428413,0.004904847291370492,0.9988393086856826
0,0,0.9998293529291363,0.0016511516584199488,0.9996587058582728
1,0,0.9212999232681836,0.27558297116484104,0.842599846536367
0,0,0.9365519085469648,0.2363515034623137,0.8731038170939296
1,1,0.9999999589023253,7.400587430968554e-07,0.9999999178046507
1,1,0.9999991839674909,1.2255838216860526e-05,0.9999983679349818
0,0,0.9371570556217671,0.2347193673949029,0.8743141112435342
0,0,0.9371676901648943,0.23469062964235182,0.8743353803297886
1,1,0.9361067706157402,0.23754814347332903,0.8722135412314804
1,1,0.99999996385483,6.555187727464619e-07,0.9999999277096601
1,1,0.9360408531081121,0.23772506377441205,0.8720817062162243
0,0,0.9966027049094339,0.02270437840093226,0.9932054098188677
1,0,0.9979473233987166,0.014753784751503109,0.9958946467974331
1,1,0.9361067706157402,0.23754814347332903,0.8722135412314804
1,1,0.99999996385483,6.555187727464619e-07,0.9999999277096601
1,1,0.6864004682373657,0.6219504966588951,0.37280093647473134
0,0,0.9985414388581175,0.010982345820660894,0.9970828777162352
0,0,0.991973122550854,0.046723935631287426,0.983946245101708
0,0,0.9996300857176842,0.003292997015915725,0.9992601714353686
1,1,0.9972204524827122,0.019134616534995864,0.9944409049654245
1,0,0.9710866462827507,0.13094434801232196,0.9421732925655012
1,1,0.9881970736240333,0.06413099935290067,0.9763941472480668
1,0,0.734795487903311,0.5784305819320235,0.46959097580662185
0,0,0.9997184382966915,0.002583333736970968,0.9994368765933831
1,1,0.9999999501972988,8.872449120709397e-07,0.9999999003945976
1,0,0.996021851468752,0.02595720849932044,0.992043702937504
0,0,0.9371506261851281,0.23473674074619158,0.8743012523702562
1,1,0.9787634938772575,0.10281313306582103,0.957526987754515
1,0,0.9999698974015269,0.0003434972595914692,0.9999397948030536
1,0,0.9212999261401889,0.2755829640993016,0.8425998522803775
0,1,0.9541032695961559,0.18625139487037465,0.9082065391923115
0,0,0.9993226184697855,0.005620191959992152,0.998645236939571
1,1,0.9999999566197619,7.78816771380435e-07,0.9999999132395239
0,0,0.9371315622809053,0.23478825029504996,0.8742631245618107
0,1,0.9999999796381931,3.809613633304715e-07,0.9999999592763861
1,1,0.9999999574092036,7.654259344934964e-07,0.9999999148184071
1,0,0.994870999753226,0.03216024523626955,0.989741999506452
1,1,0.9999999558004616,7.926988957045926e-07,0.9999999116009233
0,0,0.9988923197241717,0.00864537061216456,0.9977846394483434
0,0,0.9371427772309833,0.23475794890617702,0.8742855544619668
1,0,0.9372211004937099,0.23454626972522413,0.8744422009874199
1,1,0.7692566617630132,0.540172966595796,0.5385133235260262
0,0,0.9371530876756593,0.23473008949368118,0.8743061753513188
1,1,0.9999999574092036,7.654259344934964e-07,0.9999999148184071
1,0,0.9212999232681836,0.27558297116484104,0.842599846536367
1,0,0.939963617111396,0.22706761957055066,0.8799272342227918
1,1,0.9999992045600251,1.1966893334831245e-05,0.9999984091200502
0,0,0.9997387862333171,0.0024162380093090156,0.9994775724666343
1,1,0.9999959849577226,5.390379219690628e-05,0.9999919699154451
1,1,0.9576599788521862,0.17531085741433372,0.9153199577043725
0,0,0.9438399862266276,0.21626824432657954,0.8876799724532551
1,1,0.9999999602871033,7.164837943213794e-07,0.9999999205742065
1,0,0.9212999232681836,0.27558297116484104,0.842599846536367
1,1,0.9561359392847931,0.18003565196720456,0.9122718785695861
1,0,0.9345437781572667,0.24172375299066573,0.8690875563145335
1,1,0.9999999589023253,7.400587430968554e-07,0.9999999178046507
0,0,0.9783165303972724,0.10452048420225313,0.9566330607945448
0,0,0.9994567655690907,0.0046271067887420775,0.9989135311381813
1,0,0.9999653274824797,0.00039074352595435633,0.9999306549649591
1,1,0.9999999491377837,9.0504967669996e-07,0.9999998982755673
1,0,0.9369215619337531,0.23535525103798444,0.8738431238675062
1,1,0.970996544700886,0.13126083065072044,0.9419930894017721
1,0,0.9998378401957855,0.0015773036341554243,0.9996756803915708
1,0,0.9384855027262651,0.23111453916233038,0.8769710054525304
0,0,0.9992671085509415,0.0060230092405931515,0.9985342171018831
0,0,0.9371416763158519,0.23476092353532527,0.8742833526317039
0,0,0.9371706027453869,0.23468275863376,0.8743412054907737
0,1,0.9388904618090004,0.23000960463003906,0.8777809236180005
1,1,0.7066819019120133,0.6050959788332417,0.41336380382402677
1,1,0.9999999491377837,9.0504967669996e-07,0.9999998982755673
1,1,0.9999999602871033,7.164837943213794e-07,0.9999999205742065
0,0,0.9993221312490431,0.005623746838720474,0.9986442624980862
1,0,0.9979474809943386,0.01475280977131577,0.9958949619886773
1,1,0.9613136430089734,0.16374661035200275,0.9226272860179469
1,0,0.9976661411903046,0.01647485964167755,0.9953322823806091
0,0,0.9503856184142442,0.19737824434926732,0.9007712368284884
1,0,0.9375021841529394,0.2337857438699431,0.8750043683058791
1,1,0.8422735663499767,0.435880483259908,0.6845471326999533
0,0,0.9727192258449089,0.12515892447740726,0.9454384516898179
0,0,0.9981830244902989,0.013281496697000362,0.9963660489805979
1,1,0.9360012089100521,0.2378314324697362,0.8720024178201042
0,0,0.9371448292740316,0.23475240431209293,0.8742896585480633
0,0,0.9372380513046836,0.23450044415262597,0.8744761026093675
0,0,0.9371653502592695,0.23469695293998,0.874330700518539
1,1,0.9999999615701641,6.945974433749538e-07,0.9999999231403283
1,1,0.9717325870882645,0.128666955117043,0.9434651741765291
0,0,0.9639677450077236,0.1551226148290107,0.9279354900154473
1,1,0.9999999531529851,8.374549724531441e-07,0.9999999063059701
0,0,0.9376680543086866,0.23333631799960644,0.8753361086173734
1,0,0.9802201419896085,0.0971811194599159,0.9604402839792169
0,0,0.998592469690361,0.010648268803699172,0.9971849393807221
0,0,0.9371415821718837,0.2347611779076492,0.8742831643437675
0,0,0.9371468807454097,0.2347468611911974,0.8742937614908195
0,0,0.9371653309224145,0.23469700519498593,0.8743306618448291
0,0,0.9977172369187397,0.016164762289482798,0.9954344738374794
1,1,0.9999999558004616,7.926988957045926e-07,0.9999999116009233
0,0,0.9783174174502262,0.10451710514790946,0.9566348349004523
1,1,0.9999999633171419,6.647284671280214e-07,0.9999999266342838
1,1,0.9999999549502822,8.070881798928859e-07,0.9999999099005643
1,1,0.9999999609409562,7.053356875831334e-07,0.9999999218819124
1,1,0.9999999621754697,6.842574025723138e-07,0.9999999243509394
0,0,0.9815341785719583,0.09200675804056717,0.9630683571439167
0,0,0.9371014237602246,0.23486967022266314,0.8742028475204493
1,1,0.9999991507139684,1.2721344531782092e-05,0.9999983014279369
1,1,0.9999999491377837,9.0504967669996e-07,0.9999998982755673
1,1,0.9080665041721523,0.3069885492827062,0.8161330083443048
1,0,0.9370782312486103,0.23493231484957744,0.8741564624972206
1,1,0.9355591775923189,0.23901566570904983,0.8711183551846378
1,1,0.9361067706157402,0.23754814347332903,0.8722135412314804
1,1,0.9999999531529851,8.374549724531441e-07,0.9999999063059701
0,0,0.9994928828283296,0.004354369136286377,0.9989857656566591
1,0,0.9212999232681836,0.27558297116484104,0.842599846536367
0,1,0.9361067706157402,0.23754814347332903,0.8722135412314804
0,0,0.9371335152921424,0.2347829736570972,0.8742670305842847
0,0,0.937162771087894,0.23470392271517085,0.8743255421757883
1,1,0.9361067706157402,0.23754814347332903,0.8722135412314804
0,0,0.937136276978981,0.23477551203213254,0.8742725539579619
1,1,0.9999999501972988,8.872449120709397e-07,0.9999999003945976
1,1,0.9624984730350583,0.15992091057850155,0.9249969460701164
1,0,0.9364523831795608,0.23661934073708793,0.8729047663591217
0,0,0.9397395531947565,0.22768355054291275,0.8794791063895131
1,1,0.9360012089100521,0.2378314324697362,0.8720024178201042
1,1,0.8337225015621541,0.4499343211977359,0.6674450031243082
1,1,0.9999999491377837,9.0504967669996e-07,0.9999998982755673
0,0,0.9435910646346715,0.21697005556756346,0.887182129269343
0,0,0.9372208616599126,0.23454691536419098,0.8744417233198254
0,0,0.9994859217676728,0.004407129977422331,0.9989718435353456
1,1,0.8688779898144885,0.38851404948077306,0.737755979628977
0,0,0.9392401807892464,0.2290530938570891,0.878480361578493
0,0,0.9559592325066741,0.18057985597471052,0.9119184650133483
1,1,0.9999999491377837,9.0504967669996e-07,0.9999998982755673
0,0,0.9372438956857142,0.23448464306193503,0.8744877913714282
1,0,0.9999563316023012,0.00048204950537991513,0.9999126632046025
0,0,0.938466361356512,0.2311666961172818,0.8769327227130238
0,0,0.9296514954447985,0.25453948853162367,0.859302990889597
0,0,0.9995515886699626,0.00390547227132812,0.9991031773399252
1,1,0.9999992013944521,1.2011345522806046e-05,0.9999984027889041
1,1,0.9999999512187996,8.700576279406352e-07,0.9999999024375992
1,1,0.9999999491377837,9.0504967669996e-07,0.9999998982755673
0,0,0.9371120092159114,0.2348410751194729,0.8742240184318226
1,1,0.9999999531529851,8.374549724531441e-07,0.9999999063059701
0,0,0.9994198893646481,0.0049030960243119665,0.9988397787292962
1,1,0.9999999589023253,7.400587430968554e-07,0.9999999178046507
1,0,0.9212999232681836,0.27558297116484104,0.842599846536367
0,0,0.9976658430649549,0.016476665634852967,0.9953316861299096
1,0,0.9979474850396546,0.01475278474442816,0.995894970079309
1,1,0.9477327539759767,0.20513765905829845,0.8954655079519536
0,0,0.9998390102863168,0.0015670882954190637,0.9996780205726336
1,0,0.5078486746805668,0.6930239721112721,0.01569734936113365
0,0,0.8974625576647012,0.33062279950275064,0.7949251153294024
1,0,0.9972028955193989,0.01923784310978503,0.9944057910387979
1,0,0.9370782312486103,0.23493231484957744,0.8741564624972206
1,1,0.9999940747275491,7.724351623371458e-05,0.9999881494550982
1,1,0.9628581541541914,0.15875189348862595,0.9257163083083829
1,1,0.6672215279625842,0.6361288748496469,0.3344430559251683
1,1,0.9999999501972988,8.872449120709397e-07,0.9999999003945976
1,0,0.9306479945138914,0.25195955215760446,0.8612959890277828
1,0,0.9958900462873539,0.02668299377679234,0.9917800925747078
1,1,0.9999999491377837,9.0504967669996e-07,0.9999998982755673
0,0,0.9991372392965688,0.006949487154610169,0.9982744785931376
0,0,0.9371607689752948,0.2347093330085689,0.8743215379505895
0,0,0.9371437075255528,0.23475543527100054,0.8742874150511057
1,1,0.9999999609409562,7.053356875831334e-07,0.9999999218819124
1,0,0.9385299459523034,0.23099341450338232,0.8770598919046069
0,0,0.9974668254264529,0.017673995306411606,0.9949336508529059
1,1,0.9889219337638461,0.06089866187276218,0.9778438675276921
1,1,0.9999999602871033,7.164837943213794e-07,0.9999999205742065
0,0,0.9619835732744498,0.1615881814675667,0.9239671465488997
1,1,0.9999999589023253,7.400587430968554e-07,0.9999999178046507
0,0,0.9444552313643682,0.21452859242204872,0.8889104627287362
1,1,0.9999999824522976,3.309205855218425e-07,0.9999999649045953
0,1,0.9388905211684482,0.23000944245816524,0.8777810423368962
0,0,0.9676479879849249,0.14282526014741223,0.9352959759698498
1,0,0.9965131369509783,0.023212072859846215,0.9930262739019565
1,1,0.9999999615701641,6.945974433749538e-07,0.9999999231403283
1,1,0.9359384925232418,0.2379996521968926,0.8718769850464835
0,0,0.9375438055824477,0.23367301461166992,0.875087611164895
1,1,0.9360012089100521,0.2378314324697362,0.8720024178201042
1,1,0.9361067706157402,0.23754814347332903,0.8722135412314804
0,0,0.9467763332910619,0.20789990134057718,0.8935526665821237
0,0,0.9958799026786574,0.026738671912872623,0.991759805357315
1,0,0.906678798619618,0.310155262883208,0.8133575972392358
1,1,0.7004814527481301,0.6104558161056193,0.40096290549626035
0,1,0.9999972608867098,3.7821333749954454e-05,0.9999945217734196
0,0,0.9979474848249698,0.014752786072604617,0.9958949696499394
1,1,0.9228184454041898,0.27183119595312866,0.8456368908083796
1,1,0.8200738228516496,0.4712815272509394,0.6401476457032993
0,0,0.9383806286237674,0.23140022531088905,0.8767612572475348
1,1,0.9999975242953797,3.4434536620100416e-05,0.9999950485907594
0,0,0.9371453816976619,0.23475091165829307,0.8742907633953239
0,0,0.9996577766513985,0.003073123178885808,0.9993155533027971
0,0,0.9371432596901513,0.2347566453141003,0.8742865193803028
0,0,0.9976658430649549,0.016476665634852967,0.9953316861299096
1,1,0.9999999602871033,7.164837943213794e-07,0.9999999205742065
1,1,0.7883059423294894,0.5161925383982229,0.5766118846589786
1,1,0.9999999531529851,8.374549724531441e-07,0.9999999063059701
0,0,0.993414691392908,0.03964101703017535,0.986829382785816
0,0,0.9979474848249698,0.014752786072604617,0.9958949696499394
1,0,0.9997778616991342,0.002090787749595559,0.9995557233982683
1,0,0.9999457077296464,0.0005875021706210592,0.9998914154592928
0,1,0.9999995323486444,7.283923589732576e-06,0.9999990646972887
1,1,0.9999999621754697,6.842574025723138e-07,0.9999999243509394
1,1,0.9286263602751152,0.2571777207531238,0.8572527205502304
1,1,0.9360012089100521,0.2378314324697362,0.8720024178201042
1,0,0.6850014804003043,0.6230418434940099,0.3700029608006086
0,0,0.9756553475764883,0.11449705703022639,0.9513106951529765
1,1,0.9999999558004616,7.926988957045926e-07,0.9999999116009233
0,0,0.9995517621285839,0.003904134984347986,0.9991035242571679
1,1,0.9402838865739634,0.2261856830456178,0.8805677731479269
1,0,0.9372211004937099,0.23454626972522413,0.8744422009874199
1,1,0.9999999609409562,7.053356875831334e-07,0.9999999218819124
1,1,0.9702336925507106,0.13392888908591602,0.9404673851014211
1,1,0.9999993610331711,9.752814586723752e-06,0.9999987220663422
0,0,0.9382254063862846,0.23182271512359284,0.8764508127725692
0,0,0.9979474898123699,0.014752755217376075,0.9958949796247397
0,0,0.9979473040669687,0.01475390434835014,0.9958946081339375
0,0,0.9371891009154075,0.23463276549131945,0.874378201830815
1,1,0.9361067706157402,0.23754814347332903,0.8722135412314804
1,1,0.9361067706157402,0.23754814347332903,0.8722135412314804
1,0,0.9718991228766559,0.12807735044555515,0.9437982457533118
0,0,0.9377774786005515,0.23303957479825693,0.875554957201103
1,1,0.9333870246122499,0.24478830926071438,0.8667740492244997
1,1,0.9999999574092036,7.654259344934964e-07,0.9999999148184071
0,0,0.9997624680978645,0.002219756966123017,0.9995249361957291
1,1,0.9353737018991559,0.23951160178510172,0.8707474037983118
1,1,0.9361067706157402,0.23754814347332903,0.8722135412314804
1,0,0.9384369936708945,0.23124670569774738,0.8768739873417888
1,1,0.9999989671790219,1.5268415782542192e-05,0.9999979343580438
1,1,0.9360070983984585,0.2378156321400271,0.8720141967969168
1,1,0.792810188317963,0.5102095012133786,0.5856203766359258
0,0,0.9371661629082036,0.23469475687003416,0.8743323258164073
0,0,0.9998390105668812,0.0015670858449650987,0.9996780211337625
1,1,0.9359384925232418,0.2379996521968926,0.8718769850464835
1,1,0.9999992640425076,1.112921772307802e-05,0.9999985280850152
1,0,0.9979474890850284,0.014752759717173079,0.9958949781700568
1,0,0.9372211004937099,0.23454626972522413,0.8744422009874199
1,0,0.9999218116273224,0.000817565030777051,0.9998436232546448
0,0,0.9371475783017851,0.23474497636221317,0.8742951566035704
0,0,0.9371119953177616,0.2348411126645942,0.8742239906355233
0,0,0.9995359871350942,0.004025481542065007,0.9990719742701885
1,1,0.9999999558004616,7.926988957045926e-07,0.9999999116009233
0,0,0.9410672012544798,0.22402092721962388,0.8821344025089596
0,0,0.9991369950488123,0.006951210168264128,0.9982739900976246
0,0,0.959185240129593,0.17052491046923712,0.918370480259186
1,1,0.9999999609409562,7.053356875831334e-07,0.9999999218819124
1,1,0.7301954847669955,0.5830643096101121,0.4603909695339908
1,0,0.9372263375829702,0.23453211206770502,0.8744526751659405
1,1,0.9999970076604613,4.105326323600986e-05,0.9999940153209225
0,0,0.9988558556999507,0.008892891282264118,0.9977117113999016
1,0,0.947881478128993,0.20470647722169538,0.8957629562579861
0,0,0.9998390102863168,0.0015670882954190637,0.9996780205726336
0,0,0.9375889149133152,0.23355080516434046,0.8751778298266304
1,1,0.9999999596078267,7.280539692532008e-07,0.9999999192156535
1,0,0.9999558633972708,0.0004867472406083087,0.9999117267945418
1,0,0.9976660999164039,0.016475109674295493,0.9953321998328077
0,0,0.9503660827130446,0.19743592116171846,0.9007321654260891
1,1,0.9477143922746712,0.20519086240612883,0.8954287845493424
1,1,0.9693017099523151,0.13716117740838735,0.93860341990463
0,0,0.9371899710102267,0.23463041383049008,0.8743799420204534
0,0,0.9933911084227408,0.03975927399165482,0.9867822168454816
1,0,0.9212999232681836,0.27558297116484104,0.842599846536367
1,1,0.9359384925232418,0.2379996521968926,0.8718769850464835
1,1,0.9361067706157402,0.23754814347332903,0.8722135412314804
1,1,0.9999958593325546,5.546279738451241e-05,0.9999917186651092
0,0,0.9371387574181129,0.2347688101819934,0.8742775148362257
0,0,0.9973471851539145,0.01838614615244612,0.994694370307829
1,1,0.9999999581697467,7.525114465350048e-07,0.9999999163394935
0,0,0.9994567643978505,0.0046271155934526674,0.998913528795701
0,0,0.9385663040099532,0.2308942995368783,0.8771326080199064
0,0,0.938459148320498,0.23118634875928817,0.8769182966409961
1,0,0.9372125147081073,0.23456947905474523,0.8744250294162148
0,0,0.9371443040599107,0.23475382344074064,0.8742886081198212
1,1,0.9999988547851375,1.681165994417457e-05,0.9999977095702751
1,1,0.9999993443991884,9.989857288865364e-06,0.9999986887983767
1,1,0.9999988691759446,1.6614704095927145e-05,0.9999977383518893
1,0,0.9999728491441402,0.0003126173548627346,0.9999456982882804
0,0,0.9987569748101917,0.009558348389982187,0.9975139496203832
1,1,0.9618673899310546,0.16196338304157185,0.9237347798621091
0,0,0.9995177139262248,0.00416537552992566,0.9990354278524495
0,0,0.99929878071746,0.0057937115759741555,0.9985975614349201
1,1,0.9359353867261039,0.23800798095153713,0.8718707734522078
0,0,0.9990740155948326,0.0073932354550765664,0.9981480311896651
0,0,0.9371589286610235,0.23471430601555832,0.8743178573220468
0,0,0.9978000921981184,0.015659469657706593,0.9956001843962369
0,0,0.9371391111642541,0.2347678543936806,0.8742782223285082
1,0,0.9982955881739279,0.012567791667162983,0.996591176347856
0,0,0.9958890593648995,0.02668841208423858,0.991778118729799
1,1,0.9999999589023253,7.400587430968554e-07,0.9999999178046507
1,1,0.9999999491377837,9.0504967669996e-07,0.9999998982755673
0,0,0.9993386277770029,0.005503187657278193,0.9986772555540058
1,1,0.8098340365717552,0.4864635238552199,0.6196680731435105
0,0,0.9973471851539145,0.01838614615244612,0.994694370307829
0,0,0.9374127356918068,0.23402790988017716,0.8748254713836137
1,1,0.9999999627575701,6.743046260463807e-07,0.99999992551514
1,0,0.9911382515992481,0.0507030887758859,0.9822765031984961
0,0,0.9371684612312509,0.2346885459131315,0.8743369224625017
0,0,0.9371397637967654,0.2347660910373465,0.8742795275935308
0,0,0.9371631716947765,0.2347028401501176,0.874326343389553
1,0,0.9962795764274209,0.024525237671555684,0.9925591528548419
1,1,0.9944805451295978,0.034202468696652874,0.9889610902591957
1,1,0.9999999522035974,8.534676426564379e-07,0.9999999044071947
1,0,0.9212999232681836,0.27558297116484104,0.842599846536367
0,0,0.9995185911209074,0.004158676042284798,0.9990371822418148
1,1,0.9999999602871033,7.164837943213794e-07,0.9999999205742065
0,0,0.9609718451705705,0.16484317688464858,0.9219436903411411
0,0,0.937564020513941,0.23361825295471123,0.8751280410278822
0,0,0.9371337950471436,0.23478221781085187,0.8742675900942872
1,1,0.9686772181760749,0.139310642883335,0.9373544363521498
1,1,0.9999999531529851,8.374549724531441e-07,0.9999999063059701
0,0,0.9550735445823832,0.18329639152912022,0.9101470891647665
0,0,0.9371495493881272,0.23473965035280997,0.8742990987762546
0,0,0.999839012264874,0.0015670710146696548,0.9996780245297481
1,1,0.9999997599830743,3.898488421289128e-06,0.9999995199661487
1,0,0.9997639370125189,0.002207494363437169,0.9995278740250377
0,0,0.98252334500522,0.08804912864858375,0.9650466900104399
1,1,0.9962526976273026,0.02467539805701147,0.9925053952546052
1,1,0.9360012089100521,0.2378314324697362,0.8720024178201042
1,0,0.9998630344171325,0.001355372016444185,0.999726068834265
1,0,0.9214826042316072,0.2751333198481814,0.8429652084632143
0,0,0.9995262954920118,0.004099765640704805,0.9990525909840235
1,1,0.9999990216817012,1.4515729541056198e-05,0.9999980433634025
1,1,0.9529599454515841,0.1897058634684184,0.9059198909031682
0,0,0.9976661538809175,0.016474782763234403,0.9953323077618349
0,0,0.9875175647911664,0.06712011942078466,0.9750351295823326
0,0,0.9995645892311746,0.003805055988569175,0.9991291784623493
0,0,0.9956755297196358,0.027855211566744184,0.9913510594392717
1,1,0.9999999621754697,6.842574025723138e-07,0.9999999243509394
1,0,0.9384369936708945,0.23124670569774738,0.8768739873417888
0,0,0.9995451023982068,0.003955430509094322,0.9990902047964138
0,0,0.9995278805174914,0.0040876304816588865,0.999055761034983
1,1,0.9999999491377837,9.0504967669996e-07,0.9999998982755673
1,0,0.9976659220146329,0.01647618737471162,0.9953318440292657
0,0,0.9995351237347361,0.00403210745249668,0.9990702474694722
1,0,0.9999288045330061,0.0007511154381653487,0.9998576090660123
1,1,0.9288149520333329,0.25669356766842766,0.8576299040666657
0,0,0.9966035710227974,0.022699457577369457,0.9932071420455949
0,0,0.9371288163771692,0.23479566905728594,0.8742576327543384
1,1,0.9342588754578406,0.24248055465921853,0.8685177509156813
1,0,0.9976661508477069,0.016474801138121175,0.995332301695414
0,0,0.9375807753212085,0.23357285938218023,0.8751615506424172
0,0,0.9985931532614164,0.010643781328323417,0.9971863065228328
1,1,0.9787634938772575,0.10281313306582103,0.957526987754515
0,0,0.93716805532418,0.23468964283739452,0.8743361106483599
1,1,0.9999993917449935,9.314008990986262e-06,0.9999987834899872
0,0,0.9994843291088433,0.004419188113124314,0.9989686582176865
0,0,0.9995492869030921,0.003923211500017991,0.9990985738061842
1,1,0.9361067706157402,0.23754814347332903,0.8722135412314804
1,1,0.9999992821672002,1.0873034095643158e-05,0.9999985643344005
0,0,0.9371433980857902,0.23475627137196806,0.8742867961715803
1,1,0.8646439688872538,0.3964429297275963,0.7292879377745076
0,1,0.9490104291158715,0.20141873032106214,0.8980208582317428
1,1,0.9553966195629956,0.18230760928071282,0.910793239125991
0,0,0.9389455221728586,0.22985915159011175,0.877891044345717
0,0,0.9995504270624314,0.00391442600766476,0.9991008541248627
1,1,0.9999999491377837,9.0504967669996e-07,0.9999998982755673
0,0,0.999111620971965,0.007129834916461233,0.99822324194393
1,1,0.9360040479540973,0.2378238159497382,0.8720080959081946
1,0,0.9965323710766085,0.023103245549016806,0.9930647421532172
0,0,0.9870983511902788,0.06894539735305541,0.9741967023805577
1,1,0.999999947472286,9.329933083082047e-07,0.9999998949445722
1,1,0.9999999615701641,6.945974433749538e-07,0.9999999231403283
0,0,0.976864238562279,0.11000401224860389,0.9537284771245579
0,0,0.9979475148201724,0.014752600503022757,0.9958950296403449
0,0,0.9992694908653623,0.006005810340712737,0.9985389817307248
0,0,0.9998390105668812,0.0015670858449650987,0.9996780211337625
0,0,0.967563196765741,0.1431132822709665,0.9351263935314819
0,0,0.9394857083788511,0.2283802754809167,0.8789714167577023
0,0,0.9976659231046663,0.01647618077150444,0.9953318462093327
1,0,0.9372211004937099,0.23454626972522413,0.8744422009874199
1,1,0.9999999540681559,8.220012039651388e-07,0.9999999081363118
1,1,0.9361067706157402,0.23754814347332903,0.8722135412314804
0,0,0.9371697630874789,0.23468502775479247,0.8743395261749578
1,1,0.9384431848743633,0.2312298395707437,0.8768863697487266
0,0,0.9998293535409749,0.0016511463502658333,0.9996587070819498
0,0,0.999729818307144,0.0024900703445348495,0.999459636614288
1,1,0.9661778152009506,0.14778716264139893,0.9323556304019012
0,0,0.9993822325756977,0.005182506249773228,0.9987644651513953
1,0,0.9550677582215955,0.1833140786639665,0.910135516443191
0,0,0.9875414506790403,0.06701569410979573,0.9750829013580806
0,0,0.9994857344031992,0.004408548783391245,0.9989714688063985
0,0,0.9975348850500144,0.017266363398365025,0.995069770100029
1,1,0.9999993253030649,1.0261466963238726e-05,0.9999986506061299
1,1,0.9999993521237858,9.879830999561475e-06,0.9999987042475715
0,0,0.93716944577087,0.23468588527922804,0.87433889154174
1,1,0.9359840647460321,0.23787742356677405,0.8719681294920643
0,0,0.9995275343132598,0.004090281519618015,0.9990550686265195
0,0,0.9994416209764178,0.004740745862160015,0.9988832419528355
0,0,0.9384131827935005,0.23131156530215644,0.8768263655870009
1,1,0.9999999549502822,8.070881798928859e-07,0.9999999099005643
0,0,0.9978044572420275,0.01563276374097529,0.9956089144840549
1,1,0.9584689997108584,0.1727795949003106,0.9169379994217169
0,0,0.953253563237114,0.18882152930321722,0.906507126474228
0,0,0.9976661376371717,0.016474881166182738,0.9953322752743434
1,1,0.9999992109793571,1.1876711891160244e-05,0.9999984219587141
0,1,0.940320309034644,0.22608526980572902,0.880640618069288
1,1,0.9271815659470167,0.2608690919479856,0.8543631318940333
1,1,0.7066835288918768,0.6050945481861089,0.4133670577837536
1,1,0.7532476267420096,0.5587390546137064,0.5064952534840195
1,0,0.9999576050145214,0.00046924717010518965,0.9999152100290427
1,1,0.9603112286290058,0.16695378201019295,0.9206224572580115
1,1,0.9360907709583265,0.2375910926720991,0.8721815419166529
1,1,0.9999999558004616,7.926988957045926e-07,0.9999999116009233
1,0,0.9372211004937099,0.23454626972522413,0.8744422009874199
1,1,0.9999999549502822,8.070881798928859e-07,0.9999999099005643
0,0,0.9979474948015499,0.014752724351123162,0.9958949896030997
0,0,0.9795765217177758,0.09968267111038741,0.9591530434355514
0,0,0.9721039813409971,0.12735067433879,0.9442079626819941
1,1,0.9348712416783322,0.24085225543513267,0.8697424833566644
0,0,0.9387658743430581,0.230349846249264,0.8775317486861164
1,1,0.5188736145882991,0.6924345846242784,0.03774722917659806
1,1,0.8169593247426223,0.47597302338488645,0.6339186494852445
0,0,0.9371402989718559,0.2347646450353606,0.874280597943712
1,1,0.9999999566197619,7.78816771380435e-07,0.9999999132395239
1,0,0.9965788702135892,0.022839708490208582,0.9931577404271783
1,1,0.9999999589023253,7.400587430968554e-07,0.9999999178046507
0,0,0.9995001304660187,0.004299334597668139,0.9990002609320374
1,0,0.9999601151918422,0.0004438977774283076,0.9999202303836845
1,0,0.9997010745866481,0.00272475506078546,0.9994021491732961
1,1,0.8517467584405093,0.4196671549362625,0.7034935168810186
1,1,0.9999999589023253,7.400587430968554e-07,0.9999999178046507
0,0,0.9979474843525057,0.014752788995566448,0.9958949687050115
1,0,0.9998596771636019,0.0013851961289260053,0.9997193543272037
0,0,0.9371380465767833,0.23477073080100166,0.8742760931535666
1,1,0.9999999596078267,7.280539692532008e-07,0.9999999192156535
1,1,0.9359384925232418,0.2379996521968926,0.8718769850464835
0,0,0.9372088935141554,0.2345792675892754,0.874417787028311
1,0,0.996986946160669,0.02049868841823978,0.993973892321338
0,0,0.890677723041551,0.34509604346341405,0.781355446083102
1,0,0.982859274851379,0.08669227372131526,0.9657185497027581
0,0,0.937176823571742,0.23466594688106554,0.8743536471434841
1,1,0.9999999491377837,9.0504967669996e-07,0.9999998982755673
1,0,0.9976661387269256,0.016474874564569583,0.995332277453851
0,0,0.9371436695021093,0.2347555380097852,0.8742873390042185
1,0,0.9604290335690008,0.1665782509582441,0.9208580671380016
0,0,0.9995430206665573,0.003971444640999217,0.9990860413331146
1,1,0.9999999501972988,8.872449120709397e-07,0.9999999003945976
0,0,0.9992499844697088,0.0061464084286600214,0.9984999689394177
0,1,0.9361067706157402,0.23754814347332903,0.8722135412314804
0,0,0.9559449250985916,0.18062388601627263,0.9118898501971833
1,1,0.9548588991136995,0.18395197547421527,0.9097177982273991
0,0,0.9371439024651683,0.23475490854664594,0.8742878049303366
0,0,0.9371656819906353,0.2346960564837723,0.8743313639812705
1,1,0.7066808162834501,0.6050969334485192,0.4133616325669004
0,0,0.999532134133301,0.004055037887419104,0.999064268266602
0,0,0.9371677736738118,0.23469040396839536,0.8743355473476234
0,0,0.9371428219239698,0.2347578281470605,0.8742856438479396
1,1,0.9999999602871033,7.164837943213794e-07,0.9999999205742065
1,0,0.9999237663665232,0.000799055765422377,0.9998475327330465
1,0,0.9410660457755508,0.22402412859687487,0.8821320915511016
1,1,0.6469644326390684,0.6493055490631441,0.2939288652781368
1,1,0.9999999491377837,9.0504967669996e-07,0.9999998982755673
1,1,0.9973538061878171,0.018346878588434534,0.9947076123756342
0,0,0.9995505735914746,0.003913296719195534,0.9991011471829493
0,0,0.9995477157386689,0.003935313373586236,0.9990954314773377
0,0,0.9997356172796207,0.002442362442683838,0.9994712345592415
1,1,0.7310183764017916,0.582243307006385,0.46203675280358325
0,0,0.941047412580728,0.2240757505207608,0.8820948251614561
1,1,0.9361067706157402,0.23754814347332903,0.8722135412314804
1,1,0.9361733868815673,0.2373692739224033,0.8723467737631345
0,0,0.9371597182423106,0.23471217236895334,0.8743194364846212
0,0,0.9382371207859573,0.2317908449381914,0.8764742415719149
1,0,0.999919588741825,0.0008385540228970302,0.99983917748365
0,0,0.9371702704570182,0.23468365662295432,0.8743405409140363
0,0,0.9371614588830258,0.23470746868392756,0.8743229177660516
0,0,0.9520300721031927,0.19249387112093286,0.9040601442063853
1,1,0.9359799965906852,0.2378883361187442,0.8719599931813703
1,1,0.9396522913424672,0.22792318526300046,0.8793045826849345
1,1,0.9359384925232418,0.2379996521968926,0.8718769850464835
1,1,0.7004814527481301,0.6104558161056193,0.40096290549626035
0,0,0.9320823849446487,0.2482188487986767,0.8641647698892971
0,0,0.9983142147134432,0.012448985583834607,0.9966284294268863
0,0,0.9371469059414509,0.23474679311049437,0.8742938118829019
1,0,0.8699814848391828,0.3864219013303129,0.7399629696783656
1,1,0.947611507774283,0.2054888462217025,0.8952230155485662
1,1,0.9999999581697467,7.525114465350048e-07,0.9999999163394935
1,1,0.9999999522035974,8.534676426564379e-07,0.9999999044071947
1,1,0.8115282939308627,0.4839993189583123,0.6230565878617257
1,0,0.9979474931303697,0.014752734690112105,0.9958949862607394
0,0,0.9996638630021019,0.0030245014333369685,0.9993277260042037
0,0,0.9371348128706474,0.23477946782888223,0.8742696257412951
0,1,0.9397272944326099,0.22771722313863216,0.8794545888652199
0,0,0.9532033977455445,0.18897275720139006,0.906406795491089
0,0,0.9982388130571526,0.012928672901476052,0.9964776261143051
0,0,0.9371981001493361,0.23460844206570552,0.8743962002986723
0,0,0.9387577717052705,0.23037196475694324,0.8775155434105412
0,0,0.9371686654934674,0.2346879939133587,0.8743373309869348
1,1,0.9999999549502822,8.070881798928859e-07,0.9999999099005643
0,0,0.9983133326374137,0.012454616381929481,0.9966266652748275
1,0,0.9999725530003516,0.00031572942354261385,0.9999451060007033
1,0,0.9384369936708945,0.23124670569774738,0.8768739873417888
0,0,0.9729335618829463,0.12439203825805425,0.9458671237658924
1,1,0.9999999589023253,7.400587430968554e-07,0.9999999178046507
1,1,0.9590494410356817,0.17095339842110002,0.9180988820713633
1,1,0.9875495212609242,0.06698040032981428,0.9750990425218485
1,0,0.9952144816432936,0.030339058651302778,0.9904289632865871
1,0,0.9999573287809772,0.0004720275124186561,0.9999146575619544
1,0,0.9997825716475778,0.002051117418950792,0.9995651432951556
1,1,0.9790296502114896,0.1017918919764716,0.958059300422979
1,0,0.9372211004937099,0.23454626972522413,0.8744422009874199
0,0,0.9990846636371808,0.007318810922344993,0.9981693272743617
1,1,0.9999999549502822,8.070881798928859e-07,0.9999999099005643
0,0,0.9995523238049445,0.003899804254458026,0.999104647609889
0,0,0.9995321184221223,0.004055158342576461,0.9990642368442447
1,1,0.9999999491377837,9.0504967669996e-07,0.9999998982755673
1,0,0.994482041216777,0.034194697903556094,0.9889640824335538
0,0,0.9995449146141593,0.0039568754654173855,0.9990898292283186
1,0,0.9820027263788271,0.09013901893814198,0.9640054527576543
1,0,0.9216610038753174,0.2746937614291573,0.8433220077506346
0,0,0.938315391105384,0.23157784198499043,0.8766307822107682
1,1,0.7402685675045905,0.5727758164806467,0.4805371350091808
0,0,0.9991370615476637,0.0069507410677237,0.9982741230953274
0,0,0.9997600642241921,0.002239805096427395,0.9995201284483842
0,0,0.9960200609933917,0.025967096805532348,0.9920401219867835
1,1,0.954987054366399,0.1835606843767596,0.9099741087327982
0,0,0.9979474812510202,0.01475280818332163,0.9958949625020403
0,0,0.9387670408232418,0.23034666190811967,0.8775340816464837
0,0,0.9981838014012249,0.01327659518340827,0.9963676028024498
1,1,0.93471726920764,0.2412622501146638,0.86943453841528
1,1,0.9361067706157402,0.23754814347332903,0.8722135412314804
0,0,0.9371479449936319,0.23474398554088935,0.8742958899872636
0,0,0.9998293526528892,0.001651154055070343,0.9996587053057783
1,1,0.7549559095570861,0.5568247334707459,0.5099118191141724
0,0,0.9994096578326991,0.004979248693642619,0.998819315665398
0,0,0.6716910369342355,0.6329745962257667,0.34338207386847097
1,1,0.9360040479540973,0.2378238159497382,0.8720080959081946
1,1,0.7752954893183651,0.5327981401512415,0.5505909786367301
0,0,0.9992498413583826,0.006147438053241245,0.998499682716765
0,0,0.9998293528897007,0.0016511520005546077,0.9996587057794013
0,0,0.9480402021071649,0.20424580991040467,0.8960804042143298
1,1,0.9999999501972988,8.872449120709397e-07,0.9999999003945976
0,0,0.9714018371204661,0.129834956656551,0.9428036742409323
0,0,0.937149120373017,0.23474080958644297,0.874298240746034
0,0,0.9993893558033861,0.005129833031898314,0.9987787116067722
1,0,0.9384369936708945,0.23124670569774738,0.8768739873417888
0,0,0.9527408460339262,0.1903645054998942,0.9054816920678525
1,1,0.706678138954787,0.6050992876537685,0.41335627790957424
0,0,0.9992078055080291,0.006448706704039275,0.9984156110160584
1,1,0.9999999589023253,7.400587430968554e-07,0.9999999178046507
0,0,0.9659739955397483,0.1484697788174573,0.9319479910794964
1,1,0.9353950728111414,0.23945448799086183,0.870790145622283
0,1,0.9418160717780228,0.22194101780634046,0.8836321435560456
1,0,0.9608248682839643,0.1653137534775977,0.9216497365679287
1,1,0.9999988909891087,1.631581422780619e-05,0.9999977819782174
0,0,0.9371380092838342,0.23477083156241735,0.8742760185676682
1,1,0.6075819038934568,0.669817450710837,0.21516380778691363
0,0,0.983624875178716,0.08357469481053606,0.9672497503574321
1,1,0.9999999609409562,7.053356875831334e-07,0.9999999218819124
0,0,0.9645855376547031,0.15308662609795948,0.9291710753094063
0,0,0.9371643543723442,0.23469964416964464,0.8743287087446883
0,0,0.9979475134055003,0.014752609255103338,0.9958950268110005
0,0,0.9995006773749885,0.004295177427216053,0.9990013547499768
1,1,0.6097685336738622,0.6688515119722647,0.21953706734772438
0,0,0.9397109711249356,0.22776205618504458,0.8794219422498712
1,1,0.9999999566197619,7.78816771380435e-07,0.9999999132395239
1,0,0.5483354634925238,0.6884672413191812,0.09667092698504753
0,0,0.9375853931925018,0.23356034740282047,0.8751707863850035
0,0,0.9813773316646576,0.09262926466014038,0.962754663329315
1,1,0.9361067706157402,0.23754814347332903,0.8722135412314804
0,0,0.9371665405020633,0.23469373647168812,0.8743330810041267
0,0,0.9490455328540119,0.20131608132263734,0.8980910657080239
0,0,0.9976659231046663,0.01647618077150444,0.9953318462093327
0,0,0.9371443768662971,0.2347536267181512,0.8742887537325942
1,1,0.9710107824703371,0.13121083955331517,0.9420215649406745
1,1,0.9360040479540973,0.2378238159497382,0.8720080959081946
0,0,0.9737363176478057,0.12150419512348251,0.9474726352956113
1,1,0.9526386017675488,0.19067150024279456,0.9052772035350977
0,0,0.9995514284674183,0.0039067073003605434,0.9991028569348365
1,1,0.9999999574092036,7.654259344934964e-07,0.9999999148184071
1,1,0.9999999549502822,8.070881798928859e-07,0.9999999099005643
1,0,0.549920110903457,0.68815483222082,0.09984022180691399
0,0,0.987539810205869,0.06702286748020468,0.975079620411738
1,1,0.8397457627216426,0.44009122243393495,0.6794915254432852
0,0,0.99982935322515,0.0016511490902826635,0.9996587064503
1,0,0.9216610038753174,0.2746937614291573,0.8433220077506346
0,0,0.999551548429983,0.003905782493652532,0.9991030968599659
0,0,0.9979474912269863,0.014752746465656268,0.9958949824539727
1,0,0.9369790284883752,0.23520016565117693,0.8739580569767506
1,0,0.9212999232681836,0.27558297116484104,0.842599846536367
1,1,0.9999999574092036,7.654259344934964e-07,0.9999999148184071
1,0,0.9738033805183662,0.12126181209027963,0.9476067610367324
0,0,0.9960384839832461,0.025865312951400973,0.992076967966492
0,0,0.9371913177814918,0.23462677380043134,0.8743826355629836
1,0,0.9965427961273712,0.023044215570307253,0.9930855922547424
0,0,0.99954363826798,0.003966694611845352,0.99908727653596
1,1,0.9999988048323034,1.749393663924303e-05,0.9999976096646068
0,0,0.9998390111064989,0.0015670811319394844,0.9996780222129976
1,0,0.9279715530668546,0.258854585094187,0.8559431061337093
1,1,0.898072031532408,0.3292986195713148,0.796144063064816
1,1,0.9480754453712099,0.20414345344807605,0.8961508907424197
1,1,0.9892234383666211,0.05954022262710447,0.978446876733242
1,1,0.9360040479540973,0.2378238159497382,0.8720080959081946
0,0,0.9971699512957718,0.019431241745215787,0.9943399025915437
0,1,0.9677740260071653,0.14239670468965288,0.9355480520143307
1,1,0.9970367705063353,0.020209202862931173,0.9940735410126703
1,1,0.7004814527481301,0.6104558161056193,0.40096290549626035
1,1,0.9999999512187996,8.700576279406352e-07,0.9999999024375992
0,0,0.9998684243399562,0.0013073176954274163,0.9997368486799124
1,0,0.9212999232681836,0.27558297116484104,0.842599846536367
1,1,0.9999972673844175,3.773810421708592e-05,0.999994534768835
1,1,0.9999984325007351,2.251873872162422e-05,0.9999968650014701
1,1,0.9999999501972988,8.872449120709397e-07,0.9999999003945976
0,0,0.9819704232141042,0.09026818186457977,0.9639408464282084
1,1,0.9359384925232418,0.2379996521968926,0.8718769850464835
1,1,0.9999991240635235,1.309347377278705e-05,0.999998248127047
1,1,0.9408287529350725,0.22468106417419062,0.8816575058701451
1,1,0.9325265396869186,0.24705399038027448,0.865053079373837
1,1,0.9971852674639357,0.019341376489326566,0.9943705349278713
0,0,0.93716745525196,0.23469126446890595,0.8743349105039201
1,1,0.9999961937791829,5.130356269968429e-05,0.999992387558366
1,1,0.6921135556819611,0.6173991125320257,0.38422711136392224
1,1,0.9999984179426854,2.2713254617846075e-05,0.9999968358853708
1,0,0.9999618518870964,0.00042626759314430047,0.9999237037741927
1,1,0.7148052268733234,0.5977929025367413,0.42961045374664686
1,1,0.6615961160530801,0.6399711025700285,0.3231922321061601
1,1,0.9360578708064078,0.23767939581596265,0.8721157416128155
1,1,0.9361067706157402,0.23754814347332903,0.8722135412314804
1,1,0.986576331824491,0.07119905248802205,0.973152663648982
0,0,0.9998293493763305,0.0016511824816128103,0.9996586987526609
0,0,0.995172719529832,0.030561775676489447,0.9903454390596641
0,0,0.9371593201348709,0.2347132481563934,0.8743186402697419
1,1,0.9999880096743488,0.0001478575548987963,0.9999760193486975
0,0,0.9371665083143377,0.23469382345492884,0.8743330166286755
0,0,0.9390166462308416,0.22966472604873267,0.8780332924616835
1,1,0.9360040479540973,0.2378238159497382,0.8720080959081946
1,1,0.9999999596078267,7.280539692532008e-07,0.9999999192156535
1,0,0.9797614786567259,0.09896594976584709,0.9595229573134519
1,1,0.9010139225469984,0.3228494292774846,0.8020278450939967
1,1,0.9966997549450577,0.022151596659102928,0.9933995098901153
0,0,0.9482959566506868,0.20350245252422797,0.8965919133013736
0,0,0.9995514681501909,0.003906401384358881,0.9991029363003818
0,0,0.9371414175380116,0.23476162273982942,0.8742828350760232
1,1,0.947531656330396,0.20571997253747482,0.895063312660792
0,0,0.937161306082206,0.23470788159539574,0.8743226121644122
1,1,0.9637973930313614,0.15568208390309934,0.9275947860627227
0,1,0.9391766477428974,0.2292270210395345,0.8783532954857948
0,0,0.9371382872037403,0.23477008065306368,0.8742765744074804
1,0,0.6936124847546516,0.6161796748553576,0.3872249695093034
0,0,0.9998390119969656,0.001567073354587623,0.9996780239939311
1,1,0.8169611270842737,0.4759703272855548,0.6339222541685474
1,1,0.9999999633171419,6.647284671280214e-07,0.9999999266342838
1,0,0.9999328899561924,0.0007119800706328285,0.999865779912385
0,0,0.9979474848249698,0.014752786072604617,0.9958949696499394
0,0,0.9979474848249698,0.014752786072604617,0.9958949696499394
0,0,0.9991612575713761,0.006779712237762577,0.998322515142752
1,0,0.9761205035533314,0.11277567732352714,0.9522410071066626
0,0,0.9998390100064951,0.001567090739382855,0.9996780200129903
0,0,0.9561327304553885,0.18004554083024016,0.9122654609107769
1,1,0.9999999621754697,6.842574025723138e-07,0.9999999243509394
0,0,0.9371346958733721,0.23477978393605328,0.8742693917467442
0,0,0.9653754322392724,0.1504671590582381,0.9307508644785448
1,1,0.99999996385483,6.555187727464619e-07,0.9999999277096601
1,1,0.9855916756268909,0.07539458511045924,0.9711833512537819
0,0,0.9996376681655308,0.0032330032271319403,0.9992753363310616
1,0,0.9998971388155451,0.0010473406825068404,0.9997942776310902
1,1,0.9359384925232418,0.2379996521968926,0.8718769850464835
1,1,0.8183094133157811,0.47394734537031474,0.6366188266315622
0,0,0.9371395426255398,0.23476668862358888,0.8742790852510797
1,1,0.9999999501972988,8.872449120709397e-07,0.9999999003945976
1,1,0.8104909453105742,0.48551030538422807,0.6209818906211483
1,0,0.9999601959372201,0.00044307978733794135,0.99992039187444
0,0,0.9997616031760861,0.0022269731401515233,0.9995232063521723
1,1,0.8392779032023,0.4408653431214864,0.6785558064046
1,1,0.9545693246234456,0.18483471961260406,0.9091386492468909
0,0,0.991390233275984,0.04951081450650795,0.9827804665519679
0,0,0.9561498080822505,0.17999290874764473,0.912299616164501
1,1,0.9394022301027188,0.22860914947273014,0.8788044602054377
0,0,0.9995467346080851,0.003942867748386536,0.9990934692161701
0,0,0.9988930762004592,0.008640223002143484,0.9977861524009184
1,0,0.9963631372135366,0.024057167969893784,0.9927262744270733
1,1,0.9553918628133982,0.18232218520347462,0.9107837256267963
1,0,0.9631684320013827,0.1577405392564955,0.9263368640027655
1,1,0.9355222282107355,0.23911450865593797,0.8710444564214711
0,0,0.9979474812510202,0.01475280818332163,0.9958949625020403
0,0,0.9998390111282263,0.0015670809421712926,0.9996780222564525
1,1,0.9742209397369672,0.11974865856944665,0.9484418794739343
1,0,0.9969866814967842,0.02050022392915393,0.9939733629935683
1,0,0.9973474919468341,0.018384327012896426,0.9946949838936683
1,1,0.6151135751818809,0.6664056771171463,0.230227150363762
0,0,0.9995351040537127,0.004032258469970309,0.9990702081074255
1,1,0.977912608393407,0.10605531505030899,0.9558252167868139
0,0,0.995360172346082,0.0295592031226216,0.9907203446921639
0,0,0.9995471316051336,0.003939811261107433,0.9990942632102673
0,0,0.9997004832119273,0.0027295534922334116,0.9994009664238547
0,0,0.9995514850308589,0.003906271249582493,0.9991029700617179
1,1,0.9999999531529851,8.374549724531441e-07,0.9999999063059701
1,1,0.9999999540681559,8.220012039651388e-07,0.9999999081363118
1,1,0.9999999522035974,8.534676426564379e-07,0.9999999044071947
0,0,0.9371816360750788,0.2346529406634934,0.8743632721501573
1,1,0.822276289726663,0.46792422996959043,0.6445525794533261
1,1,0.9361067706157402,0.23754814347332903,0.8722135412314804
1,1,0.7066824446433893,0.6050955015963718,0.41336488928677845
1,0,0.9952338358484187,0.03023571883663857,0.9904676716968374
0,0,0.9994657726066827,0.004559321921399904,0.9989315452133654
0,0,0.9928597465754477,0.04240188339998735,0.9857194931508954
0,0,0.9998390108475902,0.001567083393250242,0.9996780216951804
1,1,0.9999999581697467,7.525114465350048e-07,0.9999999163394935
1,1,0.9999999501972988,8.872449120709397e-07,0.9999999003945976
0,0,0.9907834853842713,0.05236948817403199,0.9815669707685426
0,0,0.9979474907557844,0.014752749380812651,0.9958949815115686
1,1,0.9999999609409562,7.053356875831334e-07,0.9999999218819124
0,0,0.99929878071746,0.0057937115759741555,0.9985975614349201
1,0,0.9212999232681836,0.27558297116484104,0.842599846536367
1,1,0.7066770533868878,0.6051002421959961,0.41335410677377554
1,1,0.9806985776184046,0.09530778095025647,0.9613971552368092
1,0,0.9372211004937099,0.23454626972522413,0.8744422009874199
0,0,0.9979474919729305,0.01475274185076978,0.9958949839458611
1,1,0.9999980691750608,2.7335774272441065e-05,0.9999961383501217
1,1,0.9999979871782809,2.841293497534089e-05,0.9999959743565617
1,1,0.9999991002105679,1.342585224751509e-05,0.9999982004211359
1,1,0.9999999574092036,7.654259344934964e-07,0.9999999148184071
1,1,0.9999962973548511,5.000963317940248e-05,0.9999925947097021
1,1,0.9361067706157402,0.23754814347332903,0.8722135412314804
0,0,0.9498293894257684,0.19901728970082838,0.899658778851537
1,1,0.9999999596078267,7.280539692532008e-07,0.9999999192156535
0,0,0.9998390100064951,0.001567090739382855,0.9996780200129903
0,0,0.937174916249103,0.23467110148100295,0.8743498324982059
1,1,0.9999999574092036,7.654259344934964e-07,0.9999999148184071
1,0,0.9979474809943386,0.01475280977131577,0.9958949619886773
1,1,0.9323486949158156,0.2475207886528931,0.8646973898316314
0,0,0.9993822164449487,0.005182625436126398,0.9987644328898975
0,0,0.9984848045820471,0.011351015076004169,0.9969696091640943
0,0,0.9371366066371513,0.23477462134116625,0.8742732132743023
1,1,0.8130907197352092,0.48171022473411396,0.6261814394704184
1,1,0.9966535980975071,0.02241485081417154,0.9933071961950142
0,0,0.99981915749012,0.001739305932308516,0.99963831498024
1,1,0.9225327339876519,0.2725395512886604,0.8450654679753036
1,1,0.9999999609409562,7.053356875831334e-07,0.9999999218819124
1,0,0.9214826042316072,0.2751333198481814,0.8429652084632143
1,1,0.8880170276006153,0.35064124097720534,0.7760340552012306
1,1,0.5286816978122806,0.691500997476445,0.057363395624561164
0,0,0.9976661150175425,0.01647501819339186,0.9953322300350851
1,1,0.7300234765559895,0.5832354884178529,0.46004695311197896
1,1,0.9999999615701641,6.945974433749538e-07,0.9999999231403283
0,0,0.9371693167421863,0.23468623396911964,0.8743386334843728
0,0,0.9355911069037153,0.23893023366618513,0.8711822138074305
1,1,0.9999999581697467,7.525114465350048e-07,0.9999999163394935
1,1,0.9359492778238083,0.2379707282206427,0.8718985556476165
0,0,0.9371690608190504,0.23468692558047397,0.8743381216381005
1,1,0.9892234383666211,0.05954022262710447,0.978446876733242
0,0,0.9996251963074752,0.003331600312314726,0.9992503926149502
0,0,0.9992495529230412,0.0061495131387263886,0.9984991058460824
1,1,0.9999985006971901,2.1605717537188355e-05,0.9999970013943803
0,0,0.9371590135179323,0.23471407671142233,0.8743180270358647
1,1,0.9999978949007238,2.962116110693394e-05,0.9999957898014475
1,1,0.9999999907518428,1.8032835161014433e-07,0.9999999815036855
1,0,0.9372211004937099,0.23454626972522413,0.8744422009874199
0,0,0.9990264385620189,0.007724297477585003,0.9980528771240379
1,1,0.9552130341785997,0.1828697781422011,0.9104260683571992
1,1,0.9999999566197619,7.78816771380435e-07,0.9999999132395239
0,0,0.92454824161974,0.26751795020548635,0.84909648323948
1,1,0.9999999609409562,7.053356875831334e-07,0.9999999218819124
1,1,0.9999999501972988,8.872449120709397e-07,0.9999999003945976
0,0,0.999545363671013,0.003953419944157824,0.9990907273420259
1,1,0.9999999627575701,6.743046260463807e-07,0.99999992551514
1,1,0.7005208979114125,0.6104223001203226,0.40104179582282495
0,0,0.9371557733947466,0.23472283223046359,0.8743115467894932
1,1,0.7769956036367639,0.530684309497184,0.5539912072735278
0,0,0.9371711442394567,0.23468129527480885,0.8743422884789135
0,0,0.999305594793366,0.005744194596731028,0.9986111895867321
0,0,0.9983502361680591,0.012218642234999275,0.996700472336118
1,0,0.9580082663860621,0.17422313240699092,0.9160165327721241
1,1,0.9973215515538082,0.018538016233025353,0.9946431031076163
1,0,0.9668724578343384,0.14545112780278466,0.9337449156686769
0,0,0.9994784371280137,0.004463754064850944,0.9989568742560274
0,0,0.9718437840473635,0.12827338485913148,0.943687568094727
1,1,0.9999999589023253,7.400587430968554e-07,0.9999999178046507
0,0,0.9420013931122175,0.22142473231470283,0.884002786224435
0,0,0.9382686444709829,0.23170506986668168,0.8765372889419658
1,1,0.999998070073859,2.7323948070530396e-05,0.9999961401477181
1,1,0.9999999540681559,8.220012039651388e-07,0.9999999081363118
1,1,0.9999992454787313,1.1391144910542548e-05,0.9999984909574626
1,1,0.9999999540681559,8.220012039651388e-07,0.9999999081363118
1,0,0.9372211004937099,0.23454626972522413,0.8744422009874199
0,0,0.9331450085619689,0.24542674191528363,0.8662900171239378
1,1,0.9999999627575701,6.743046260463807e-07,0.99999992551514
0,0,0.9371426437781258,0.23475830949161658,0.8742852875562516
1,1,0.8152275086141509,0.4785536102309641,0.6304550172283019
1,0,0.9678353369148008,0.14218805083323066,0.9356706738296017
0,0,0.9991860762769843,0.006603555926709425,0.9983721525539686
0,0,0.9994936091511302,0.004348858541131834,0.9989872183022603
0,0,0.9371421735758045,0.23475957996114563,0.8742843471516092
1,0,0.9372211004937099,0.23454626972522413,0.8744422009874199
1,0,0.9370782312486103,0.23493231484957744,0.8741564624972206
0,0,0.937164569238332,0.23469906352912517,0.874329138476664
0,0,0.9371305811484256,0.23479090109043022,0.8742611622968511
0,0,0.9994926350026061,0.004356249146386889,0.9989852700052121
0,0,0.9983136643465,0.01245249894647104,0.9966273286930001
0,0,0.9830871187119373,0.0857681844664516,0.9661742374238745
1,0,0.9495134292247739,0.19994543680684146,0.8990268584495479
0,0,0.9999779820894863,0.00025813012934943906,0.9999559641789726
0,0,0.9371579900971406,0.23471684223671932,0.8743159801942813
0,0,0.9976290177731659,0.016699455040476315,0.9952580355463319
0,0,0.9371664638364824,0.23469394365065593,0.8743329276729646
0,0,0.9994852424682892,0.004412273605281558,0.9989704849365784
0,0,0.9371488219613546,0.23474161591712123,0.8742976439227093
1,0,0.9965909994323305,0.022770861366961992,0.9931819988646612
0,0,0.9375098382794929,0.23376501532570343,0.8750196765589857
0,0,0.999839014428167,0.0015670521204082248,0.999678028856334
0,0,0.9998191567243546,0.0017393125314449744,0.9996383134487093
0,0,0.9374756875705317,0.23385749294257646,0.8749513751410634
0,0,0.9993954229752747,0.005084903362929133,0.9987908459505496
1,0,0.9216610038753174,0.2746937614291573,0.8433220077506346
0,0,0.9978053070353763,0.01562756358182774,0.9956106140707526
0,0,0.9992628030051787,0.006054073090261754,0.9985256060103571
0,0,0.9998293493763305,0.0016511824816128103,0.9996586987526609
0,0,0.999478399162821,0.004464041010433029,0.9989567983256419
0,0,0.9371740091632619,0.23467355288758407,0.8743480183265235
1,1,0.9571585357176841,0.17687164920842546,0.9143170714353682
1,1,0.9999985431269223,2.10361071199424e-05,0.9999970862538445
1,0,0.9324659448119096,0.24721309324611762,0.8649318896238192
1,0,0.996598172132676,0.022730127761967322,0.993196344265352
1,1,0.9999999540681559,8.220012039651388e-07,0.9999999081363118
1,1,0.9999999602871033,7.164837943213794e-07,0.9999999205742065
0,0,0.9371866277793819,0.23463944972375328,0.874373255558764
1,1,0.9999999589023253,7.400587430968554e-07,0.9999999178046507
1,1,0.83175196486454,0.4530973432845567,0.6635039297290799
0,0,0.9983116779409739,0.012465178013759622,0.9966233558819476
0,0,0.9371279652966654,0.23479796844326992,0.8742559305933308
1,1,0.9841490753040286,0.08141922206623127,0.9682981506080572
1,1,0.9348712416783322,0.24085225543513267,0.8697424833566644
0,0,0.9998293527712849,0.0016511530278983785,0.99965870554257
1,1,0.9599572081325362,0.1680801187575975,0.9199144162650725
0,1,0.9870009664382267,0.06936742397031577,0.9740019328764533
0,0,0.9995325918769232,0.004051528206623659,0.9990651837538466
0,0,0.9998390100064951,0.001567090739382855,0.9996780200129903
0,0,0.5743806912579941,0.6820410292731269,0.1487613825159883
1,1,0.9999999621754697,6.842574025723138e-07,0.9999999243509394
1,1,0.9359384925232418,0.2379996521968926,0.8718769850464835
0,0,0.9995479576469949,0.003933450433964375,0.9990959152939899
1,1,0.8191367044695879,0.4727000213039485,0.6382734089391757
1,1,0.9470184211693288,0.20720245457237485,0.8940368423386578
1,1,0.9999999596078267,7.280539692532008e-07,0.9999999192156535
1,1,0.9359384925232418,0.2379996521968926,0.8718769850464835
1,1,0.6261054377683198,0.6609959442752638,0.2522108755366395
1,1,0.7300214330894679,0.583237521128597,0.4600428661789359
1,1,0.8708801764710439,0.38471009562489583,0.7417603529420878
0,0,0.9998390100064951,0.001567090739382855,0.9996780200129903
1,1,0.9999999558004616,7.926988957045926e-07,0.9999999116009233
0,0,0.9979474902838417,0.01475275230055097,0.9958949805676832
1,1,0.9966535980975071,0.02241485081417154,0.9933071961950142
1,1,0.9999989035715462,1.614321168085355e-05,0.9999978071430924
0,0,0.9906811842147291,0.05284743084910321,0.9813623684294581
0,0,0.9371631933183949,0.234702781716262,0.8743263866367899
0,0,0.9997360455622234,0.0024388339683619163,0.9994720911244468
0,0,0.9998390100064951,0.001567090739382855,0.9996780200129903
1,1,0.9999994772022262,8.084581816712648e-06,0.9999989544044523
1,1,0.9361067706157402,0.23754814347332903,0.8722135412314804
1,1,0.9360503215809276,0.2376996551877048,0.8721006431618552
0,0,0.9813246348497665,0.092838109361555,0.962649269699533
0,0,0.9979474826653995,0.01475279943307624,0.9958949653307988
0,0,0.9435672830368029,0.217037044569724,0.8871345660736059
0,0,0.999338551782743,0.005503743971333238,0.998677103565486
0,0,0.9996260600105813,0.0033247857925702406,0.9992521200211627
1,1,0.979291383207247,0.10078425848662342,0.9585827664144939
1,1,0.9484613818491399,0.20302092966128937,0.8969227636982798
1,1,0.9535504459847173,0.18792539442680592,0.9071008919694346
1,0,0.5806754771287661,0.6800730374956363,0.16135095425753215
0,0,0.9928549764131134,0.04242542178883488,0.9857099528262266
1,0,0.5366110977225133,0.6904640349904412,0.07322219544502634
0,0,0.9371398263121581,0.2347659221258083,0.8742796526243162
0,0,0.9976661012515368,0.016475101586222906,0.9953322025030735
1,0,0.9965788702135892,0.022839708490208582,0.9931577404271783
1,0,0.9998978552373982,0.001040759976481293,0.9997957104747963
1,1,0.5924434031337013,0.675956884792964,0.1848868062674024
0,1,0.9361067706157402,0.23754814347332903,0.8722135412314804
1,1,0.935335306850616,0.23961419363092068,0.8706706137012322
1,1,0.9999999621754697,6.842574025723138e-07,0.9999999243509394
1,0,0.9997580130241471,0.0022568928972278206,0.9995160260482941
1,1,0.8299911224023919,0.4559002893088897,0.6599822448047841
1,0,0.9697326757284881,0.13567018937438258,0.9394653514569762
1,1,0.9386900514349366,0.23055678229821674,0.8773801028698731
0,0,0.9995180900511623,0.0041625031085614885,0.9990361801023246
0,1,0.9529918300272422,0.1896099250401131,0.9059836600544844
1,1,0.8625611824913453,0.4002868146871861,0.7251223649826908
0,0,0.9996423336840682,0.0031960100692406063,0.9992846673681364
1,1,0.9999991097860729,1.3292499512434771e-05,0.9999982195721459
0,0,0.6941218686685869,0.6157628655710178,0.38824373733717377
0,0,0.9949740787989658,0.03161620735296284,0.9899481575979316
0,0,0.9371416800282334,0.23476091350465195,0.8742833600564668
1,0,0.9372211004937099,0.23454626972522413,0.8744422009874199
1,1,0.8813977255744647,0.36413083929917595,0.7627954511489295
0,0,0.9993209059790369,0.0056326851527080495,0.9986418119580737
0,1,0.9999999585844587,7.454635758105011e-07,0.9999999171689173
1,1,0.9341618535212238,0.24273797708622927,0.8683237070424477
1,1,0.8563596758865252,0.4115170899180129,0.7127193517730503
1,1,0.9999993020820311,1.0591019577600513e-05,0.9999986041640623
0,0,0.9371437874876926,0.23475521921439688,0.8742875749753852
1,1,0.9359988010953832,0.23783789199234612,0.8719976021907666
0,0,0.9995437006314934,0.003966214921884804,0.9990874012629869
0,0,0.9933920620472,0.039754493680959,0.9867841240944
1,1,0.9999999615701641,6.945974433749538e-07,0.9999999231403283
1,0,0.9335795070821269,0.24427987262444106,0.8671590141642539
1,1,0.9973538061878171,0.018346878588434534,0.9947076123756342
0,0,0.9371445409497301,0.23475318336498643,0.8742890818994602
0,0,0.9372171314005275,0.23455699924174211,0.8744342628010551
1,1,0.7396289949959804,0.5734446191051529,0.4792579899919609
1,1,0.9999999581697467,7.525114465350048e-07,0.9999999163394935
1,1,0.9935980284410667,0.03871874909774553,0.9871960568821333
0,0,0.9975346756110159,0.01726762066195135,0.9950693512220318
0,0,0.969498416356002,0.13648142279441444,0.9389968327120038
0,0,0.9371424003444461,0.23475896724101303,0.8742848006888919
1,1,0.9361067706157402,0.23754814347332903,0.8722135412314804
1,0,0.9269430875815922,0.26147540314933637,0.8538861751631843
1,1,0.9999999887586881,2.1699857802311185e-07,0.9999999775173762
1,1,0.996744981189894,0.021893021980823817,0.9934899623797879
0,0,0.9979474857674034,0.01475278024211088,0.9958949715348069
1,1,0.9803739012913757,0.09658036828551117,0.9607478025827514
0,0,0.9993218127968293,0.005626070152627002,0.9986436255936585
0,0,0.9979474862384475,0.014752777327933335,0.9958949724768951
1,1,0.9360164732707508,0.23779048002181763,0.8720329465415015
1,1,0.9999999531529851,8.374549724531441e-07,0.9999999063059701
0,0,0.9942860840514629,0.03520908305051958,0.9885721681029257
0,0,0.9993679205343559,0.0052880901595052055,0.9987358410687118
0,0,0.9998293493763305,0.0016511824816128103,0.9996586987526609
1,1,0.7066791893806712,0.6050983640065795,0.4133583787613424
1,1,0.9967892924400857,0.021639067256770728,0.9935785848801713
1,1,0.9999913791933256,0.00010915085735662071,0.9999827583866512
1,0,0.9999712630423767,0.00032924829438939115,0.9999425260847535
0,0,0.9371463901282734,0.2347481868560177,0.8742927802565467
0,0,0.99955038770554,0.003914729320167089,0.99910077541108
0,0,0.9995426711289449,0.003974132596698142,0.9990853422578898
1,0,0.8588220986528096,0.40709596918930513,0.7176441973056191
0,0,0.9371811525154969,0.23465424754397635,0.8743623050309939
1,1,0.9999993453854673,9.975814190032797e-06,0.9999986907709346
1,1,0.5672528229400812,0.6840738208416215,0.13450564588016228
0,0,0.9807967260897648,0.09492199039900298,0.9615934521795295
1,1,0.9999999633171419,6.647284671280214e-07,0.9999999266342838
1,1,0.9359420331366021,0.23799015720795735,0.8718840662732043
1,0,0.9979473238701629,0.01475378183487392,0.9958946477403258
1,1,0.9790296502114896,0.1017918919764716,0.958059300422979
1,1,0.5216134395608742,0.6922126078422879,0.043226879121748496
1,0,0.9372211004937099,0.23454626972522413,0.8744422009874199
1,0,0.9999464140635108,0.0005805605982377797,0.9998928281270215
0,0,0.9987326202161597,0.009721018034556758,0.9974652404323195
1,1,0.9999999491377837,9.0504967669996e-07,0.9999998982755673
1,1,0.999999058986347,1.3998808669442011e-05,0.999998117972694
0,0,0.9531982082096198,0.18898839825271416,0.9063964164192395
1,0,0.9998660803618008,0.0013282422497559426,0.9997321607236016
1,1,0.7361894433651076,0.5770050233149501,0.47237888673021533
0,0,0.937143309744853,0.23475651006737686,0.8742866194897062
1,1,0.9360012089100521,0.2378314324697362,0.8720024178201042
1,1,0.999999991629197,1.6405531584240436e-07,0.999999983258394
1,1,0.9999999531529851,8.374549724531441e-07,0.9999999063059701
0,0,0.976343906676293,0.11194565147189395,0.9526878133525861
1,1,0.8113763202358881,0.4842211207138714,0.6227526404717764
0,0,0.9994386347097101,0.004763104767404077,0.99887726941942
1,0,0.9953267713924853,0.029738393222657623,0.9906535427849704
1,1,0.9361067706157402,0.23754814347332903,0.8722135412314804
1,1,0.9999999540681559,8.220012039651388e-07,0.9999999081363118
0,0,0.9784270398699451,0.1040992340133746,0.9568540797398901
1,1,0.9999990152759102,1.4604348299502037e-05,0.9999980305518203
1,0,0.983087936289837,0.08576486293622126,0.9661758725796741
0,0,0.9879327555012749,0.06529830388736971,0.9758655110025498
1,1,0.9784916108718051,0.10385282870692714,0.9569832217436104
0,0,0.9998084073020268,0.001831634431392077,0.9996168146040536
0,1,0.9361067706157402,0.23754814347332903,0.8722135412314804
1,1,0.9359384925232418,0.2379996521968926,0.8718769850464835
1,1,0.9361067706157402,0.23754814347332903,0.8722135412314804
1,1,0.99999996385483,6.555187727464619e-07,0.9999999277096601
0,0,0.9422142763761501,0.22083088630861647,0.8844285527523
1,1,0.9999993941118193,9.280128783941764e-06,0.9999987882236385
1,1,0.9411645817186262,0.22375103773518912,0.8823291634372521
1,1,0.9999999596078267,7.280539692532008e-07,0.9999999192156535
1,1,0.9999999531529851,8.374549724531441e-07,0.9999999063059701
1,1,0.9999999491377837,9.0504967669996e-07,0.9999998982755673
0,0,0.998183486289562,0.013278583255941933,0.9963669725791241
0,0,0.9005834286668403,0.3237991552567742,0.8011668573336806
1,1,0.9999999558004616,7.926988957045926e-07,0.9999999116009233
0,0,0.971401456565015,0.12983629826327225,0.9428029131300298
0,0,0.9964829115247419,0.023382874414582457,0.9929658230494838
1,1,0.9999992913957745,1.0742417615011638e-05,0.999998582791549
1,1,0.9999999512187996,8.700576279406352e-07,0.9999999024375992
0,0,0.9676704488307345,0.14274892581795434,0.935340897661469
0,0,0.9857435862414108,0.07475188117529945,0.9714871724828215
1,1,0.99999545851318,6.041201046940006e-05,0.99999091702636
1,1,0.999999398879693,9.21185037806199e-06,0.999998797759386
0,0,0.940480185076739,0.22564422705088863,0.880960370153478
1,1,0.9360040479540973,0.2378238159497382,0.8720080959081946
1,1,0.9999999512187996,8.700576279406352e-07,0.9999999024375992
0,1,0.9999995323486444,7.283923589732576e-06,0.9999990646972887
0,0,0.9994783651358419,0.004464298188164676,0.9989567302716836
1,1,0.9999999574092036,7.654259344934964e-07,0.9999999148184071
1,1,0.9999999602871033,7.164837943213794e-07,0.9999999205742065
1,0,0.9999231658087548,0.0008047476733720019,0.9998463316175097
1,1,0.9999999540681559,8.220012039651388e-07,0.9999999081363118
0,0,0.9371460052522418,0.2347492268017795,0.8742920105044838
0,0,0.9994783694735857,0.004464265403387596,0.9989567389471713
1,0,0.9998932121604478,0.0010833213164654785,0.9997864243208957
1,0,0.9372211004937099,0.23454626972522413,0.8744422009874199
0,0,0.9513518516563316,0.19451539525404166,0.9027037033126633
1,1,0.6292298100978032,0.6593643166633012,0.2584596201956065
1,1,0.9345496226672553,0.24170821404763077,0.8690992453345106
1,1,0.9668364039540749,0.14557274255062957,0.9336728079081498
0,0,0.999207947909944,0.00644768995421392,0.9984158958198882
0,0,0.9549429631950392,0.18369534917416816,0.9098859263900783
1,1,0.9361067706157402,0.23754814347332903,0.8722135412314804
1,1,0.9359384925232418,0.2379996521968926,0.8718769850464835
1,1,0.9361067706157402,0.23754814347332903,0.8722135412314804
1,1,0.9999999501972988,8.872449120709397e-07,0.9999999003945976
1,0,0.9999575129418432,0.00047017409825081294,0.9999150258836863
1,1,0.9748786349557503,0.11735117579100703,0.9497572699115007
1,1,0.9999999531529851,8.374549724531441e-07,0.9999999063059701
1,1,0.9180369503527025,0.28353783427745777,0.8360739007054051
1,1,0.9999999621754697,6.842574025723138e-07,0.9999999243509394
0,0,0.9371684559827681,0.23468856009666197,0.8743369119655362
1,1,0.9999999589023253,7.400587430968554e-07,0.9999999178046507
1,0,0.9983430688653815,0.012264536619472802,0.9966861377307631
1,0,0.9973472775140253,0.018385598503621012,0.9946945550280506
0,0,0.9379151035421571,0.2326660640404348,0.8758302070843142
0,0,0.9383923619741977,0.2313682721026038,0.8767847239483955
0,0,0.9669904047943602,0.14505299254706772,0.9339808095887203
1,1,0.9999999501972988,8.872449120709397e-07,0.9999999003945976
1,1,0.9360056072746143,0.23781963258440708,0.8720112145492287
1,1,0.8441347293481685,0.4327495043777509,0.6882694586963369
1,1,0.9999999512187996,8.700576279406352e-07,0.9999999024375992
0,0,0.9371753984516366,0.23466979831919468,0.8743507969032732
0,0,0.997947479573316,0.014752818562660662,0.9958949591466321
0,0,0.992806185336483,0.04266599777169835,0.9856123706729661
0,0,0.9371276835460809,0.23479872965332824,0.8742553670921617
1,1,0.9494924579466176,0.20000696703170245,0.8989849158932351
0,0,0.9354256956867716,0.2393726351356926,0.8708513913735433
1,1,0.999999132051104,1.298202669733225e-05,0.999998264102208
0,0,0.9997306169414856,0.002483507466616234,0.999461233882971
1,1,0.9341370396132506,0.24280378973905503,0.8682740792265009
0,0,0.9389965647231099,0.2297196300344422,0.87799312944622
0,0,0.9998597226439767,0.0013847926458423856,0.9997194452879534
1,1,0.9999999589023253,7.400587430968554e-07,0.9999999178046507
0,0,0.9984891703011822,0.01132267222171217,0.9969783406023645
1,1,0.9535504459847173,0.18792539442680592,0.9071008919694346
0,0,0.9371436694790357,0.23475553807212965,0.8742873389580713
1,1,0.9999999566197619,7.78816771380435e-07,0.9999999132395239
0,0,0.9994689419029429,0.004535434528800056,0.9989378838058858
1,1,0.7066792232199538,0.6050983342513615,0.4133584464399074
0,0,0.9371893709596015,0.23463203562700852,0.8743787419192031
1,1,0.9999916851670236,0.00010557730381764401,0.9999833703340473
0,0,0.9371714080693495,0.2346805822867384,0.8743428161386989
0,0,0.9979472545551921,0.014754210654657934,0.9958945091103841
1,1,0.9999999581697467,7.525114465350048e-07,0.9999999163394935
1,1,0.8391310493786256,0.441107992764442,0.6782620987572514
0,0,0.937172386057499,0.23467793930872918,0.8743447721149982
0,1,0.9999999863329118,2.611544824896318e-07,0.9999999726658235
0,0,0.9386070429997817,0.2307832145628596,0.8772140859995634
1,1,0.8600884120417348,0.40480295910459074,0.7201768240834698
0,0,0.9988550915800593,0.008898065611210745,0.9977101831601186
1,1,0.9999999501972988,8.872449120709397e-07,0.9999999003945976
1,0,0.9400976782943253,0.22669867259767598,0.8801953565886506
1,1,0.6670434587494687,0.6362526764271137,0.33408691749893743
0,0,0.9912401380715293,0.05022188587799366,0.9824802761430588
0,0,0.9995498286388487,0.003919037517977032,0.9990996572776973
1,1,0.9999899501418549,0.0001257030931739235,0.9999799002837096
0,0,0.9979473233987166,0.014753784751503109,0.9958946467974331
1,1,0.9360268769072072,0.237762566084332,0.8720537538144146
1,1,0.9359434540572854,0.23798634661556634,0.8718869081145708
0,0,0.9938678982962814,0.03735152305505249,0.9877357965925628
1,1,0.9999991002105679,1.342585224751509e-05,0.9999982004211359
1,1,0.9999999491377837,9.0504967669996e-07,0.9999998982755673
0,0,0.9386314119330884,0.2307167528479258,0.8772628238661769
1,0,0.6157901975391328,0.6660874697845731,0.2315803950782655
1,1,0.9360012089100521,0.2378314324697362,0.8720024178201042
1,1,0.9209703216813695,0.2763930895060708,0.8419406433627392
1,0,0.7419830598148635,0.5709724623290421,0.48396611962972697
1,1,0.9359384925232418,0.2379996521968926,0.8718769850464835
1,0,0.937486753355602,0.2338275297872089,0.8749735067112043
1,1,0.9999999512187996,8.700576279406352e-07,0.9999999024375992
1,0,0.9664023998373755,0.14703352967804445,0.932804799674751
1,1,0.7684946263540721,0.541088913157062,0.5369892527081442
1,1,0.9360012089100521,0.2378314324697362,0.8720024178201042
0,0,0.9642887721640986,0.15406602526695778,0.9285775443281972
0,0,0.9371386731627828,0.23476903783154074,0.8742773463255656
1,0,0.9370782312486103,0.23493231484957744,0.8741564624972206
1,1,0.5752509945378392,0.681778608979733,0.15050198907567847
1,0,0.9976661320249371,0.016474915164499185,0.9953322640498742
1,1,0.9360012089100521,0.2378314324697362,0.8720024178201042
1,1,0.9383432425126155,0.231502022313185,0.8766864850252309
0,0,0.9371659507451993,0.2346953302119252,0.8743319014903984
1,1,0.9360040479540973,0.2378238159497382,0.8720080959081946
1,1,0.9999999574092036,7.654259344934964e-07,0.9999999148184071
0,0,0.9650252392628417,0.15163075652213362,0.9300504785256832
0,0,0.9372265720658263,0.23453147816881456,0.8744531441316525
1,1,0.9999990454023011,1.4187207485757276e-05,0.9999980908046021
1,0,0.9998865886844265,0.0011436887769666762,0.9997731773688529
1,1,0.9657782240503239,0.14912425058348033,0.9315564481006477
1,1,0.9999999522035974,8.534676426564379e-07,0.9999999044071947
1,1,0.9361067706157402,0.23754814347332903,0.8722135412314804
0,0,0.9371690893422379,0.2346868484989465,0.8743381786844756
1,1,0.9999999633171419,6.647284671280214e-07,0.9999999266342838
1,0,0.980911285919844,0.09447104491803171,0.9618225718396881
1,1,0.9999991318735054,1.2984505445745855e-05,0.9999982637470108
1,1,0.9959765408073417,0.026207199039979766,0.9919530816146834
0,0,0.9851897833934541,0.07708711947856564,0.970379566786908
1,1,0.9999999581697467,7.525114465350048e-07,0.9999999163394935
0,0,0.939379275097168,0.2286720641859668,0.8787585501943359
1,1,0.99999996385483,6.555187727464619e-07,0.9999999277096601
1,1,0.9738645502021941,0.12104057487045146,0.9477291004043882
1,1,0.9361067706157402,0.23754814347332903,0.8722135412314804
1,1,0.944641766383883,0.21399972857365354,0.8892835327677658
0,0,0.9375123950128603,0.23375809107827916,0.8750247900257206
0,0,0.9997151627017937,0.0026100923379778233,0.9994303254035873
1,0,0.9951180007372638,0.030853041576226127,0.9902360014745274
0,0,0.999368594236655,0.00528312740117491,0.99873718847331
0,0,0.9995522006750508,0.0039007536912169308,0.9991044013501016
1,1,0.9999999531529851,8.374549724531441e-07,0.9999999063059701
1,0,0.9372211004937099,0.23454626972522413,0.8744422009874199
0,0,0.9251625390511374,0.26597592496230027,0.8503250781022748
0,0,0.9371642663941447,0.2346998819162479,0.8743285327882894
1,1,0.9361067706157402,0.23754814347332903,0.8722135412314804
1,1,0.9999997403854441,4.196427244632926e-06,0.9999994807708883
1,1,0.9999999596078267,7.280539692532008e-07,0.9999999192156535
1,1,0.9361067706157402,0.23754814347332903,0.8722135412314804
0,0,0.9770022789842698,0.10948690895960878,0.9540045579685396
0,1,0.9392506635275311,0.22902438966275376,0.8785013270550621
0,0,0.9995268496495249,0.004095523543641233,0.9990536992990496
1,1,0.9999999491377837,9.0504967669996e-07,0.9999998982755673
1,1,0.9999999558004616,7.926988957045926e-07,0.9999999116009233
1,1,0.9999999558004616,7.926988957045926e-07,0.9999999116009233
1,1,0.9360040479540973,0.2378238159497382,0.8720080959081946
1,1,0.9999999501972988,8.872449120709397e-07,0.9999999003945976
1,1,0.9315766013439084,0.24954154378072724,0.8631532026878169
0,0,0.9998293490811788,0.0016511850422654651,0.9996586981623576
1,0,0.9212999232681836,0.27558297116484104,0.842599846536367
1,1,0.9999999633171419,6.647284671280214e-07,0.9999999266342838
1,1,0.7384375990522337,0.574684803800013,0.47687519810446755
1,1,0.9999999540681559,8.220012039651388e-07,0.9999999081363118
1,1,0.9999999609409562,7.053356875831334e-07,0.9999999218819124
1,0,0.9976661320249371,0.016474915164499185,0.9953322640498742
0,0,0.9998390137203125,0.001567058302831989,0.999678027440625
0,0,0.9735677617016858,0.12211262559408281,0.9471355234033717
0,0,0.937130589905419,0.23479087743111052,0.8742611798108381
1,1,0.9361067706157402,0.23754814347332903,0.8722135412314804
1,1,0.9215048943224948,0.27507842341672634,0.8430097886449897
1,1,0.9669287271827262,0.1452612423609689,0.9338574543654523
1,0,0.9973474815431634,0.018384388702415856,0.9946949630863268
1,1,0.9360489822077528,0.23770324947805865,0.8720979644155056
0,0,0.9971176244090199,0.019737637259424085,0.9942352488180396
0,0,0.9993839777993541,0.005169608706147224,0.998767955598708
0,0,0.9994395922506805,0.004755937160509402,0.9988791845013608
1,1,0.9999994650533831,8.260163461130904e-06,0.9999989301067663
0,0,0.9995470203050546,0.003940668197489276,0.9990940406101092
1,0,0.9383554811259254,0.2314687009902922,0.8767109622518506
0,0,0.9995453790448756,0.003953301633444978,0.9990907580897512
0,0,0.9942256070624619,0.03552077035205857,0.9884512141249238
1,1,0.7986090592662908,0.5023246413186659,0.5972181185325817
0,0,0.8047922068226788,0.49368681228928346,0.6095844136453578
1,1,0.9359420331366021,0.23799015720795735,0.8718840662732043
1,1,0.9360040479540973,0.2378238159497382,0.8720080959081946
1,1,0.9347491724009243,0.2411773308964084,0.8694983448018485
0,1,0.9403188598834074,0.22608926542853464,0.8806377197668146
0,0,0.9998390137935849,0.0015670576628702625,0.9996780275871696
0,0,0.9371850797110878,0.23464363368995272,0.8743701594221757
0,0,0.937169346854415,0.23468615259321066,0.8743386937088298
1,0,0.9372211004937099,0.23454626972522413,0.8744422009874199
0,1,0.7945343168875114,0.5078867424502066,0.5890686337750229
1,1,0.99168227014059,0.04811969311099107,0.9833645402811801
1,1,0.9999916851670236,0.00010557730381764401,0.9999833703340473
1,0,0.9579546257708592,0.1743908514410265,0.9159092515417184
1,1,0.8313666487717203,0.4537125848540026,0.6627332975434405
0,0,0.9994930709711102,0.004352941801081538,0.9989861419422202
1,0,0.9980584351418962,0.014063316528603334,0.9961168702837924
0,0,0.9886148148931078,0.06227386577160924,0.9772296297862155
0,0,0.9979474883983598,0.014752763965341694,0.9958949767967197
1,0,0.997666090749957,0.016475165203493264,0.9953321814999141
1,1,0.9999999621754697,6.842574025723138e-07,0.9999999243509394
0,0,0.937163921681746,0.2347008134435019,0.8743278433634918
0,0,0.9993007865700906,0.005779142223713625,0.998601573140181
0,0,0.99946644695225,0.0045542408716226675,0.9989328939044998
0,0,0.9968810420600233,0.021111275711325022,0.9937620841200465
0,0,0.9394036089953892,0.22860536993099986,0.8788072179907784
1,1,0.9653908914786867,0.15041570785144692,0.9307817829573733
0,0,0.999515291922925,0.00418386506127264,0.9990305838458499
0,0,0.9943459843282112,0.03489973343051832,0.9886919686564223
1,0,0.9220033876967276,0.27384892724469767,0.8440067753934555
1,1,0.9999975163067192,3.4537649228841895e-05,0.9999950326134383
1,1,0.9999999602871033,7.164837943213794e-07,0.9999999205742065
1,1,0.9999990594638144,1.3992183061727797e-05,0.9999981189276289
0,0,0.9493991180759268,0.20028071722025131,0.8987982361518538
0,0,0.9998112447662609,0.0018073247676126142,0.9996224895325219
0,0,0.937142173377095,0.23475958049805135,0.8742843467541899
1,1,0.9999999615701641,6.945974433749538e-07,0.9999999231403283
1,1,0.9999999633171419,6.647284671280214e-07,0.9999999266342838
1,1,0.9215084162322146,0.27506974896661507,0.843016832464429
1,1,0.8453638246736899,0.4306674156483976,0.6907276493473797
1,1,0.9999992423285788,1.1435546616038738e-05,0.9999984846571577
1,1,0.9999999627575701,6.743046260463807e-07,0.99999992551514
0,0,0.9994399877973543,0.004752975845536211,0.9988799755947085
0,0,0.9397746837524571,0.22758703857303753,0.8795493675049141
0,0,0.9998293507382586,0.0016511706658978637,0.9996587014765173
0,0,0.9326760819458778,0.24666109016362364,0.8653521638917555
1,1,0.9360012089100521,0.2378314324697362,0.8720024178201042
1,1,0.9999999558004616,7.926988957045926e-07,0.9999999116009233
0,0,0.951252385325478,0.19481102871877928,0.9025047706509559
1,0,0.5936232484518905,0.6755126500463309,0.18724649690378115
1,1,0.9999999863329118,2.611544824896318e-07,0.9999999726658235
1,1,0.9999999540681559,8.220012039651388e-07,0.9999999081363118
0,0,0.9371387802638909,0.23476874845494572,0.8742775605277817
1,1,0.9973115330893793,0.018597305131362697,0.9946230661787585
1,1,0.9539008825350601,0.1868650466853924,0.9078017650701203
1,1,0.9999985716658742,2.065228458894102e-05,0.9999971433317485
0,0,0.9574151336650306,0.176073732904592,0.9148302673300612
1,0,0.999945887698518,0.0005857343843149633,0.999891775397036
1,0,0.9386170897833467,0.23075581508558443,0.8772341795666933
0,0,0.9371368405306787,0.23477398939195415,0.8742736810613575
0,0,0.9995523279174746,0.0038997725427489336,0.9991046558349493
1,1,0.999995368669015,6.151641309721774e-05,0.9999907373380298
1,1,0.9999999581697467,7.525114465350048e-07,0.9999999163394935
0,0,0.9995492397658554,0.003923574653607249,0.9990984795317107
0,0,0.9371543196512381,0.2347267605043391,0.8743086393024762
1,1,0.7005214485141362,0.6104218322286604,0.4010428970282722
1,1,0.9999999627575701,6.743046260463807e-07,0.99999992551514
0,0,0.9979475134055003,0.014752609255103338,0.9958950268110005
1,0,0.9354544124619663,0.2392958630516617,0.8709088249239326
1,0,0.9821280892633213,0.08963720026541033,0.9642561785266426
1,0,0.9383554811259254,0.2314687009902922,0.8767109622518506
0,0,0.9995515673973785,0.0039056362686422648,0.999103134794757
0,0,0.9992496843323124,0.006148567756996253,0.9984993686646247
1,1,0.9999992262081715,1.1662561474110648e-05,0.999998452416343
1,1,0.9999876269943765,0.0001521878112612414,0.999975253988753
0,0,0.9371383397500295,0.23476993867855855,0.8742766795000589
1,0,0.9751059533832986,0.1165184517891766,0.9502119067665973
1,1,0.9435186134415483,0.2171741060203935,0.8870372268830966
0,0,0.9995004544195991,0.004296872230487318,0.9990009088391982
1,1,0.9999999574092036,7.654259344934964e-07,0.9999999148184071
1,1,0.9887007168310014,0.06189007160497666,0.9774014336620029
1,1,0.9151544150293871,0.29044731684513947,0.8303088300587744
1,0,0.9962424204811088,0.024732760868763297,0.9924848409622176
0,0,0.9989950653282724,0.007941325512064933,0.997990130656545
0,0,0.9371660698636244,0.23469500831054868,0.8743321397272488
1,1,0.9999989972582288,1.4853385267292759e-05,0.9999979945164578
0,0,0.9994077466000935,0.004993454120660062,0.9988154932001868
1,1,0.878534484124206,0.3698347956332981,0.7570689682484117
1,1,0.9360040479540973,0.2378238159497382,0.8720080959081946
1,1,0.9999976392906033,3.294735214920292e-05,0.9999952785812065
0,0,0.9371636707059713,0.2347014916620322,0.8743273414119427
0,0,0.9371375407993463,0.2347720973535729,0.8742750815986927
0,0,0.93714296671284,0.23475743693161832,0.8742859334256801
1,0,0.999956981250286,0.000475522935056913,0.9999139625005719
0,0,0.9981942396775341,0.013210707987900088,0.9963884793550682
1,0,0.9649204435540232,0.15197825664134618,0.9298408871080464
0,0,0.9995396394958151,0.00399743476467695,0.9990792789916303
0,0,0.9994091801569639,0.004982799645742613,0.9988183603139278
1,1,0.9562293735201738,0.17974760174700946,0.9124587470403475
1,0,0.9212999232681836,0.27558297116484104,0.842599846536367
1,1,0.9999999558004616,7.926988957045926e-07,0.9999999116009233
1,1,0.6450571447152953,0.6504528792859203,0.29011428943059075
0,0,0.9995185028201884,0.004159350502630228,0.9990370056403768
1,1,0.9361067706157402,0.23754814347332903,0.8722135412314804
0,0,0.9995482607411244,0.003931116118757641,0.9990965214822487
0,0,0.9515708727746498,0.19386366729980664,0.9031417455492997
0,1,0.9470184211693288,0.20720245457237485,0.8940368423386578
1,1,0.9359384925232418,0.2379996521968926,0.8718769850464835
0,0,0.9371632618472491,0.2347025965295728,0.8743265236944984
1,0,0.9953853633540771,0.02942389819664809,0.9907707267081542
0,0,0.9371601697389567,0.23471095230705744,0.8743203394779132
0,0,0.9376040506463836,0.2335097918982553,0.8752081012927673
1,1,0.9999987009699439,1.890594318418777e-05,0.9999974019398878
1,1,0.976231873541144,0.11236216518737738,0.952463747082288
0,0,0.9784747625340434,0.10391714165929983,0.9569495250680868
0,0,0.9979474912269863,0.014752746465656268,0.9958949824539727
0,0,0.9673928207430578,0.14369133017705876,0.9347856414861155
0,0,0.9972098618806843,0.0191968974902703,0.9944197237613686
1,1,0.7361884451798458,0.577006047706223,0.4723768903596916
1,1,0.9999999589023253,7.400587430968554e-07,0.9999999178046507
1,1,0.99999996385483,6.555187727464619e-07,0.9999999277096601
1,1,0.9999988301371515,1.7148578989807622e-05,0.999997660274303
0,0,0.999316571749454,0.005664285522415824,0.9986331434989082
0,0,0.9371376344746639,0.2347718442539463,0.874275268949328
0,0,0.9995506922911988,0.003912381874185317,0.9991013845823975
1,1,0.9258625015198686,0.26421221534729605,0.851725003039737
0,0,0.9372463048312347,0.23447812943550922,0.8744926096624696
1,1,0.5535043915178217,0.6874107634912909,0.10700878303564343
0,0,0.9995508540438377,0.003911135160336053,0.9991017080876756
0,0,0.9403420590392485,0.22602529585139708,0.880684118078497
1,0,0.9965037095415168,0.023265374532342113,0.9930074190830336
1,1,0.9999999609409562,7.053356875831334e-07,0.9999999218819124
0,0,0.9429671247514243,0.21872409058155307,0.8859342495028484
1,1,0.7850972061475089,0.5203804700771015,0.5701944122950178
1,1,0.9999999802998706,3.692324443765039e-07,0.9999999605997413
0,0,0.9919888650353696,0.04664809007872999,0.9839777300707393
0,0,0.9371671423947164,0.2346921099299903,0.8743342847894326
0,0,0.9371724104303079,0.23467787344187754,0.8743448208606157
1,0,0.9965879191139145,0.02278834977648713,0.9931758382278291
0,0,0.9992065825066722,0.00645743788071882,0.9984131650133442
1,0,0.8785032079615485,0.3698966748400253,0.757006415923097
0,0,0.9371380624196521,0.23477068799531878,0.8742761248393042
1,1,0.9999999621754697,6.842574025723138e-07,0.9999999243509394
0,0,0.937163454387015,0.23470207622566025,0.8743269087740299
0,0,0.9371741929756519,0.23467305613429115,0.8743483859513036
1,1,0.9095815245664095,0.30350495484833473,0.8191630491328189
0,0,0.9371639359402316,0.2347007749123835,0.8743278718804632
0,0,0.9992496701312198,0.006148669923298434,0.9984993402624396
1,1,0.9237465625981185,0.26952221530288256,0.8474931251962369
0,0,0.9994997971007159,0.004301868283942126,0.9989995942014318
0,0,0.9979474888696432,0.014752761049683455,0.9958949777392864
0,0,0.9539137060946822,0.18682619243097065,0.9078274121893645
0,0,0.9371436410170824,0.23475561497589198,0.8742872820341647
0,0,0.9371846974364856,0.2346446668577521,0.874369394872971
1,1,0.9999999574092036,7.654259344934964e-07,0.9999999148184071
1,1,0.9999999558004616,7.926988957045926e-07,0.9999999116009233
0,0,0.9749316252452049,0.11715724845219948,0.9498632504904098
0,0,0.9699086142336951,0.13505969076914282,0.9398172284673901
1,1,0.9361067706157402,0.23754814347332903,0.8722135412314804
0,0,0.9761758810523534,0.11257012963530848,0.952351762104707
1,1,0.9999999615701641,6.945974433749538e-07,0.9999999231403283
1,1,0.9999989656305964,1.528975690517325e-05,0.9999979312611929
0,0,0.9966233745880835,0.022586883032992066,0.9932467491761671
0,0,0.9979474912269863,0.014752746465656268,0.9958949824539727
0,0,0.9375919314142767,0.2335426316700281,0.8751838628285533
1,0,0.9960316254221225,0.02590321535270759,0.9920632508442452
0,0,0.937174058772157,0.23467341881951786,0.874348117544314
1,1,0.9959140102545686,0.02655135591470939,0.9918280205091372
0,1,0.8295176427040855,0.4566502280446959,0.6590352854081709
0,0,0.9995327416931341,0.004050379415830375,0.9990654833862682
1,1,0.9999991534636127,1.2682903160140473e-05,0.9999983069272254
0,0,0.9371902718741596,0.2346296006633342,0.8743805437483191
1,1,0.9909861202503043,0.051419398974555226,0.9819722405006086
0,0,0.9957137799890081,0.027646992912175747,0.9914275599780162
1,1,0.9969976420633874,0.020436614041493533,0.9939952841267746
1,0,0.9980745938037269,0.013962381471953667,0.9961491876074537
0,0,0.9998390138669949,0.00156705702170319,0.9996780277339898
0,0,0.9371688170852538,0.2346875842501004,0.8743376341705075
0,0,0.9371671789794773,0.23469201106392468,0.8743343579589545
1,1,0.9999999501972988,8.872449120709397e-07,0.9999999003945976
0,0,0.9371405395517621,0.23476399500535,0.8742810791035245
0,0,0.9998587369372914,0.001393534132235669,0.9997174738745829
1,0,0.9997632505573393,0.0022132260739701447,0.9995265011146784
1,1,0.9999999531529851,8.374549724531441e-07,0.9999999063059701
1,0,0.9999484306195493,0.0005606910118296588,0.9998968612390987
1,1,0.9376213773989677,0.23346283682364177,0.8752427547979353
1,1,0.9999999979117656,4.3825663142185564e-08,0.9999999958235313
1,0,0.9212999232681836,0.27558297116484104,0.842599846536367
0,0,0.999630653319396,0.0032885114655418356,0.9992613066387922
1,0,0.9406179198130713,0.22526389840670866,0.8812358396261426
1,0,0.997666104504908,0.016475081877693462,0.9953322090098159
0,0,0.999808404853254,0.0018316553927429325,0.9996168097065079
0,0,0.9976661104285134,0.016475045993195013,0.9953322208570269
1,0,0.9976661265945708,0.0164749480610642,0.9953322531891415
1,1,0.9999999549502822,8.070881798928859e-07,0.9999999099005643
0,0,0.9995513370537984,0.003907411998064006,0.9991026741075968
1,1,0.7301965002401001,0.5830632985876395,0.46039300048020004
1,1,0.999999132051104,1.298202669733225e-05,0.999998264102208
0,0,0.9988856609828487,0.008690659215290419,0.9977713219656973
0,0,0.9371377120263964,0.23477163471822687,0.8742754240527928
1,1,0.9999999615701641,6.945974433749538e-07,0.9999999231403283
0,0,0.9373253467462677,0.23426436841259105,0.8746506934925354
1,1,0.6859028995128548,0.6223396894419981,0.3718057990257093
0,0,0.999549604630457,0.003920763543651023,0.9990992092609139
0,0,0.9979474836087449,0.014752793596942978,0.9958949672174897
1,1,0.9999999566197619,7.78816771380435e-07,0.9999999132395239
1,0,0.975064125588196,0.11667183667113291,0.9501282511763921
1,1,0.9360012089100521,0.2378314324697362,0.8720024178201042
0,0,0.9995394355894488,0.003999001340315691,0.9990788711788975
1,1,0.9353364126798172,0.2396112391882919,0.8706728253596342
1,1,0.9357462782028635,0.2385148066923329,0.8714925564057268
1,1,0.9377559057336915,0.23309809359079212,0.875511811467383
0,0,0.9998390120815406,0.0015670726159086913,0.999678024163081
0,0,0.9371454282469337,0.23475078588149065,0.8742908564938671
1,1,0.9359575630951236,0.23794850749508703,0.8719151261902472
1,1,0.9368636690578773,0.2355114304389751,0.8737273381157545
1,1,0.9354413431576443,0.23933080452207606,0.8708826863152885
0,0,0.9371504867859692,0.23473711741691922,0.8743009735719384
1,1,0.9999999581697467,7.525114465350048e-07,0.9999999163394935
0,0,0.9994198303145407,0.0049035360456658635,0.9988396606290815
0,0,0.9998390105668812,0.0015670858449650987,0.9996780211337625
1,0,0.9372211004937099,0.23454626972522413,0.8744422009874199
0,0,0.9995469432616013,0.0039412613646752324,0.9990938865232025
1,0,0.9999207825913531,0.0008272891727832991,0.9998415651827062
0,0,0.9371554739590031,0.23472364136210772,0.8743109479180059
0,0,0.9582960390287651,0.1733221254143551,0.9165920780575303
1,1,0.9999989637032689,1.531631699596248e-05,0.9999979274065377
1,1,0.9361067706157402,0.23754814347332903,0.8722135412314804
1,1,0.9999999609409562,7.053356875831334e-07,0.9999999218819124
1,1,0.9999999566197619,7.78816771380435e-07,0.9999999132395239
1,1,0.9267551964021523,0.26195250906424405,0.8535103928043046
1,0,0.950339605691716,0.19751407847547914,0.9006792113834322
1,0,0.658909303649176,0.6417562811692755,0.317818607298352
0,0,0.97473609980599,0.1178722400580527,0.9494721996119801
0,0,0.937169746037073,0.2346850738322842,0.8743394920741462
0,0,0.971398542513166,0.12984657126232713,0.9427970850263321
1,0,0.9999138616861928,0.0008923509974615765,0.9998277233723856
1,1,0.9969576851539389,0.020668312391153916,0.9939153703078778
1,1,0.9724410398636983,0.12615168370828633,0.9448820797273968
1,1,0.9999999602871033,7.164837943213794e-07,0.9999999205742065
1,1,0.9359434540572854,0.23798634661556634,0.8718869081145708
0,0,0.9453802477684972,0.21189943506294184,0.8907604955369943
0,0,0.9371421288813898,0.23475970072362998,0.8742842577627794
0,0,0.9991619531537137,0.006774785300825703,0.9983239063074275
1,1,0.8962147067581877,0.33332138630591107,0.7924294135163754
0,0,0.9995473836195604,0.003937870816946058,0.9990947672391208
0,0,0.9995496185695205,0.003920656143866078,0.9990992371390411
1,0,0.972466370604818,0.12606140610023475,0.944932741209636
0,0,0.9997970692690777,0.0019283582790715647,0.9995941385381554
0,0,0.9877739644298756,0.06599674463555338,0.9755479288597512
1,0,0.92348892764022,0.2701643828941165,0.8469778552804399
1,1,0.9999999633171419,6.647284671280214e-07,0.9999999266342838
0,0,0.9383208481619727,0.23156298733766825,0.8766416963239455
0,0,0.937179194647243,0.23465953888815744,0.874358389294486
1,1,0.9999999501972988,8.872449120709397e-07,0.9999999003945976
1,0,0.9949061660315318,0.031974878295978455,0.9898123320630637
1,0,0.999931902034997,0.0007214658771847163,0.9998638040699941
0,0,0.9994696224256594,0.004530302877621974,0.9989392448513188
1,0,0.9998685736015207,0.0013059838396919192,0.9997371472030415
1,1,0.9359716642010253,0.2379106863291055,0.8719433284020506
1,1,0.9999999589023253,7.400587430968554e-07,0.9999999178046507
1,0,0.945384851957766,0.211886307431692,0.890769703915532
0,0,0.9892088145194804,0.0596063057608697,0.9784176290389609
1,1,0.9999993013525963,1.0601359054517213e-05,0.9999986027051926
1,0,0.9949616528408054,0.03168190173502394,0.9899233056816108
1,1,0.9999999589023253,7.400587430968554e-07,0.9999999178046507
0,0,0.9999312948135487,0.0007272891609780306,0.9998625896270974
1,1,0.9360040479540973,0.2378238159497382,0.8720080959081946
1,1,0.9999999501972988,8.872449120709397e-07,0.9999999003945976
0,0,0.9515067384868597,0.19405461541671903,0.9030134769737195
1,1,0.7301954847669955,0.5830643096101121,0.4603909695339908
1,1,0.9999992733191705,1.0998153115377484e-05,0.9999985466383411
1,1,0.9886081305374901,0.06230370269602429,0.97721626107498
1,0,0.9216610038753174,0.2746937614291573,0.8433220077506346
1,1,0.9884025450911254,0.06321944700709986,0.976805090182251
1,1,0.9177422615977795,0.2842492167776479,0.8354845231955591
0,0,0.9995394985258089,0.003998517821310518,0.9990789970516178
0,0,0.9999258633870357,0.0007791434769418403,0.9998517267740713
1,1,0.9594127082641296,0.16980612235884485,0.9188254165282591
1,1,0.9581541261895017,0.17376670812422965,0.9163082523790034
0,0,0.9371585184561274,0.23471541448785688,0.8743170369122548
0,0,0.9995485801075756,0.003928656260210557,0.9990971602151514
1,1,0.9348628376466371,0.2408746435536346,0.8697256752932744
0,0,0.956893860671079,0.1776929998431427,0.9137877213421579
0,0,0.998042334154711,0.014163757296366113,0.9960846683094219
0,0,0.9895919959248741,0.05786806547183791,0.9791839918497482
0,1,0.9388904618090004,0.23000960463003906,0.8777809236180005
1,1,0.9124673036645095,0.2967919080599768,0.8249346073290189
1,1,0.9360086033934913,0.23781159444384786,0.8720172067869827
0,1,0.9685044311601028,0.13990308523406722,0.9370088623202054
0,0,0.9371928908264705,0.23462252216268265,0.8743857816529411
0,0,0.9998390100064951,0.001567090739382855,0.9996780200129903
0,0,0.9995515069674181,0.003906102137481347,0.9991030139348364
1,0,0.966414062186403,0.1469943522873442,0.9328281243728062
0,0,0.9371397851991092,0.23476603320995043,0.8742795703982186
0,0,0.9371284930424728,0.2347965426203608,0.8742569860849454
0,0,0.999808404853254,0.0018316553927429325,0.9996168097065079
0,0,0.996721263970018,0.02202869990984999,0.9934425279400361
0,0,0.9992907566177627,0.005851936726972607,0.9985815132355254
1,0,0.9214826042316072,0.2751333198481814,0.8429652084632143
0,0,0.9998191582111352,0.0017392997188124845,0.9996383164222704
0,0,0.9940281904403195,0.036533819498909006,0.9880563808806391
1,0,0.9220033876967276,0.27384892724469767,0.8440067753934555
0,0,0.9371451012152893,0.23475166952492676,0.8742902024305785
1,1,0.9258621068503637,0.26421321180941615,0.8517242137007276
1,1,0.9999999501972988,8.872449120709397e-07,0.9999999003945976
0,0,0.9995006147147245,0.004295653751487649,0.9990012294294489
0,0,0.9997851186769515,0.0020296222607822014,0.9995702373539029
1,1,0.9487447674592814,0.2021947434659866,0.8974895349185625
0,0,0.9998390142829644,0.0015670533886116644,0.9996780285659289
0,0,0.9988593993156637,0.008868888582022243,0.9977187986313275
0,0,0.9997306178368541,0.0024835001074845872,0.9994612356737083
0,0,0.9993977621686833,0.005067564524638813,0.9987955243373665
0,0,0.9372412527087575,0.23449178878681587,0.8744825054175147
1,1,0.7310183764017916,0.582243307006385,0.46203675280358325
0,0,0.9403359869679911,0.2260420399662913,0.8806719739359823
0,0,0.9993953492257137,0.005085449870459043,0.9987906984514274
0,0,0.9976661098840713,0.01647504929136082,0.9953322197681428
0,1,0.725925070251571,0.5872698661461764,0.4518501405031421
1,1,0.9334421437732439,0.24464277461700606,0.8668842875464875
0,0,0.947693075724734,0.20525261894470825,0.8953861514494682
1,0,0.923700732944081,0.2696365167515605,0.847401465888162
1,1,0.9999999621754697,6.842574025723138e-07,0.9999999243509394
0,0,0.9371454006832969,0.23475086035883858,0.8742908013665937
0,0,0.9375488874695875,0.23365924858511072,0.875097774939175
1,1,0.9967449811915614,0.021893021971279323,0.9934899623831228
0,0,0.9919842399563146,0.046670376431460395,0.9839684799126293
0,0,0.9995522509822576,0.003900365783731169,0.9991045019645153
1,1,0.9372312761147082,0.2345187610870059,0.8744625522294164
0,0,0.9177029776002328,0.28434396188248506,0.8354059552004657
1,1,0.9999999621754697,6.842574025723138e-07,0.9999999243509394
1,1,0.9999999491377837,9.0504967669996e-07,0.9999998982755673
0,0,0.9840223601311611,0.08194185862982974,0.9680447202623221
0,0,0.9900542650321605,0.05575203103947242,0.9801085300643211
1,0,0.9998678490349527,0.0013124572480330086,0.9997356980699055
1,0,0.9372211004937099,0.23454626972522413,0.8744422009874199
0,0,0.9994187176669854,0.0049118259940143915,0.9988374353339708
1,1,0.9349424288158087,0.2406625682391617,0.8698848576316172
0,1,0.9592650517274766,0.1702728606218127,0.9185301034549532
1,0,0.9999147833276156,0.0008837199734317515,0.9998295666552312
0,0,0.9970017072953654,0.02041301118349684,0.9940034145907307
1,0,0.9999016169115555,0.001006123748601223,0.999803233823111
1,1,0.9999992839213656,1.0848215723367916e-05,0.9999985678427312
1,0,0.9979474971654144,0.014752709726744162,0.9958949943308288
1,1,0.9999999566197619,7.78816771380435e-07,0.9999999132395239
1,1,0.9966327644229064,0.022533465271656478,0.9932655288458127
1,1,0.8865089212677759,0.3537526013554269,0.7730178425355517
0,0,0.9995361230102592,0.004024438662040015,0.9990722460205184
0,0,0.970114961906116,0.13434232188374223,0.9402299238122319
1,1,0.9999999581697467,7.525114465350048e-07,0.9999999163394935
1,0,0.9950230692211446,0.03135689995921627,0.9900461384422892
1,0,0.9227569997106914,0.27198363293465383,0.8455139994213828
1,1,0.8307476838051621,0.45469868191176765,0.6614953676103242
1,1,0.9359384925232418,0.2379996521968926,0.8718769850464835
1,1,0.9360012089100521,0.2378314324697362,0.8720024178201042
1,1,0.9999999540681559,8.220012039651388e-07,0.9999999081363118
0,0,0.9979474912269863,0.014752746465656268,0.9958949824539727
0,0,0.9586342721454839,0.17226047820248114,0.9172685442909678
0,0,0.9371646986185957,0.23469871389954636,0.8743293972371917
0,1,0.9361067706157402,0.23754814347332903,0.8722135412314804
1,1,0.935933962182053,0.23801180106927514,0.8718679243641061
1,0,0.9374891844132909,0.23382094686007263,0.8749783688265818
0,0,0.9998390111282263,0.0015670809421712926,0.9996780222564525
0,0,0.9979474888696432,0.014752761049683455,0.9958949777392864
1,0,0.995529435105239,0.02864738826267233,0.9910588702104778
1,1,0.9973853575336152,0.018159527183980107,0.9947707150672305
1,1,0.9361067706157402,0.23754814347332903,0.8722135412314804
0,0,0.9887887789697906,0.06149594035452844,0.9775775579395812
0,0,0.9910279273700106,0.051222810247179354,0.9820558547400212
0,0,0.999808404853254,0.0018316553927429325,0.9996168097065079
0,0,0.9371646711245796,0.234698788197775,0.8743293422491591
1,1,0.9968327040292286,0.021389673713036968,0.9936654080584574
0,0,0.9986413547767389,0.010326502042999139,0.9972827095534779
1,1,0.9361855856805364,0.23733651121096377,0.8723711713610728
0,0,0.999478247878232,0.004465184410448872,0.9989564957564641
1,1,0.9999999589023253,7.400587430968554e-07,0.9999999178046507
0,0,0.9371322057735118,0.23478651171645004,0.8742644115470234
1,0,0.9539536506636094,0.1867051399335741,0.9079073013272186
0,0,0.9373838633878865,0.2341060474535753,0.874767726775773
0,0,0.9998293532843691,0.001651148576511614,0.9996587065687383
0,0,0.9371891915279608,0.23463252058758535,0.8743783830559216
0,0,0.9995522624371314,0.003900277457001879,0.9991045248742628
0,0,0.9989945337347389,0.007944994338110464,0.9979890674694778
0,0,0.9993685297065089,0.00528360278696099,0.9987370594130177
0,0,0.9879726401618966,0.06512254038318743,0.975945280323793
0,0,0.9371336880360616,0.23478250693515024,0.8742673760721231
1,1,0.9999999491377837,9.0504967669996e-07,0.9999998982755673
1,1,0.9999954165573895,6.092796795055057e-05,0.9999908331147791
1,0,0.9220033876967276,0.27384892724469767,0.8440067753934555
1,1,0.7810953216532065,0.5255181497548709,0.562190643306413
1,1,0.999999989332139,2.0648744055833487e-07,0.9999999786642779
0,0,0.9988770197929807,0.008749371842805673,0.9977540395859614
1,1,0.9360012089100521,0.2378314324697362,0.8720024178201042
1,1,0.7404386135827962,0.5725976409805001,0.48087722716559245
0,0,0.9371393742293951,0.23476714361539883,0.8742787484587902
1,0,0.9777977574217498,0.1064903428779022,0.9555955148434995
0,0,0.9539481007460308,0.18672196119780815,0.9078962014920615
0,0,0.9995452247553211,0.003954488956688835,0.9990904495106424
1,1,0.9359423158204868,0.23798939911550365,0.8718846316409737
1,1,0.9360287849521661,0.23775744642367092,0.8720575699043324
1,1,0.9783939177390452,0.10422555259032826,0.9567878354780904
0,0,0.9503761774108929,0.19740611878863246,0.9007523548217857
1,1,0.9999986785317051,1.920987595271073e-05,0.9999973570634102
0,0,0.9973472762560479,0.018385605962813623,0.9946945525120958
1,1,0.9999999609409562,7.053356875831334e-07,0.9999999218819124
0,0,0.9371633245543223,0.23470242707511213,0.8743266491086445
1,1,0.5738131084535999,0.6822105017649076,0.1476262169071998
1,0,0.9370782312486103,0.23493231484957744,0.8741564624972206
0,0,0.9979474848249698,0.014752786072604617,0.9958949696499394
0,0,0.9389985032417509,0.2297143303211152,0.8779970064835019
1,0,0.9224750635050613,0.27268239323064464,0.8449501270101225
1,1,0.9999999540681559,8.220012039651388e-07,0.9999999081363118
0,0,0.999318390334632,0.005651029786316374,0.9986367806692639
1,1,0.9361164974056054,0.2375220309579777,0.8722329948112106
1,1,0.9358847504875887,0.23814374846180214,0.8717695009751775
0,0,0.9993955480714517,0.0050839763401824,0.9987910961429033
1,1,0.923136362896621,0.271041645753881,0.8462727257932419
1,1,0.9999999633171419,6.647284671280214e-07,0.9999999266342838
0,0,0.9919727831974643,0.04672557025554166,0.9839455663949286
1,1,0.9999999596078267,7.280539692532008e-07,0.9999999192156535
1,1,0.9360012089100521,0.2378314324697362,0.8720024178201042
1,0,0.997666104504908,0.016475081877693462,0.9953322090098159
0,0,0.9807295964250878,0.09518591097014943,0.9614591928501757
1,1,0.9359825231393837,0.2378815588549955,0.8719650462787674
1,1,0.9999993679601707,9.653974247127864e-06,0.9999987359203416
1,1,0.9239593191107252,0.2689911991383142,0.8479186382214501
1,1,0.8120917438501848,0.48317565957849135,0.6241834877003697
1,0,0.997666104504908,0.016475081877693462,0.9953322090098159
1,1,0.6118306619406666,0.667922161849668,0.2236613238813332
1,1,0.9999999589023253,7.400587430968554e-07,0.9999999178046507
1,0,0.9973472511263639,0.018385754969459756,0.9946945022527277
0,0,0.9403815704479898,0.2259163246240764,0.8807631408959796
0,0,0.9371521188880962,0.23473270729003176,0.8743042377761925
0,0,0.9371777093982306,0.23466355288586713,0.8743554187964614
1,0,0.5403418672357989,0.689888707299158,0.08068373447159782
1,1,0.6171633037931193,0.6654357651408085,0.23432660758623858
1,0,0.9406000953993702,0.225313136299358,0.8812001907987403
1,1,0.9359384925232418,0.2379996521968926,0.8718769850464835
1,1,0.9328445534635968,0.24621802945462723,0.8656891069271937
1,0,0.9999591727209618,0.000453433463840753,0.9999183454419237
0,0,0.9371368928558254,0.23477384801623832,0.8742737857116507
1,1,0.9358389696649103,0.2382664606931731,0.8716779393298206
1,1,0.6961754954536804,0.6140700546348716,0.39235099090736086
0,0,0.9993386888793355,0.00550274035286279,0.998677377758671
1,1,0.9633180780361588,0.15725179756282098,0.9266361560723175
1,1,0.9360012089100521,0.2378314324697362,0.8720024178201042
1,1,0.9999904399231678,0.00012005458458672668,0.9999808798463355
0,0,0.9995491629181754,0.0039241666911185415,0.9990983258363509
1,1,0.9559050411653487,0.18074660035819695,0.9118100823306974
0,0,0.9371774658556511,0.23466421107452007,0.874354931711302
0,0,0.9702522168102824,0.13386434166274178,0.9405044336205649
1,1,0.9999999581697467,7.525114465350048e-07,0.9999999163394935
0,0,0.9999911033115072,0.00011236363637339365,0.9999822066230144
1,1,0.9360125235224317,0.23780107709562634,0.8720250470448632
1,1,0.9870426472273703,0.0691868868806303,0.9740852944547407
1,1,0.7595734131746603,0.5515711473431708,0.5191468263493207
0,0,0.9996818205364095,0.0028803946453222922,0.999363641072819
1,1,0.9999999491377837,9.0504967669996e-07,0.9999998982755673
1,1,0.9999999540681559,8.220012039651388e-07,0.9999999081363118
0,0,0.9961450857959278,0.02527465473296498,0.9922901715918556
1,1,0.9999999621754697,6.842574025723138e-07,0.9999999243509394
1,1,0.9359420331366021,0.23799015720795735,0.8718840662732043
1,1,0.9153581182434308,0.28996259027137117,0.8307162364868618
1,1,0.9408287529350725,0.22468106417419062,0.8816575058701451
1,1,0.9999999531529851,8.374549724531441e-07,0.9999999063059701
0,0,0.9614872161612275,0.16318854651068954,0.922974432322455
0,0,0.9995224958005046,0.004128834995082659,0.9990449916010092
0,0,0.9371568181038634,0.23472000921820482,0.874313636207727
0,0,0.9684913646424091,0.13994784709975477,0.9369827292848183
1,1,0.9999999549502822,8.070881798928859e-07,0.9999999099005643
0,0,0.9987867812930986,0.009358613216114604,0.9975735625861971
1,1,0.9999999596078267,7.280539692532008e-07,0.9999999192156535
1,0,0.9422240948040463,0.2208034773704782,0.8844481896080926
0,0,0.9780959179414592,0.10535971612522368,0.9561918358829185
0,0,0.997947493386702,0.014752733104277136,0.9958949867734038
1,0,0.9998942203481195,0.0010740971093840923,0.9997884406962388
0,0,0.9742352808914069,0.11969656631738945,0.9484705617828137
1,0,0.9370782312486103,0.23493231484957744,0.8741564624972206
0,0,0.9200797895246569,0.27857445479666876,0.8401595790493138
1,0,0.8186959728222947,0.47336509550573913,0.6373919456445893
0,0,0.9978867560098562,0.015127601544082415,0.9957735120197123
1,1,0.9360012089100521,0.2378314324697362,0.8720024178201042
0,0,0.9982506941840861,0.012853306265852578,0.9965013883681721
0,0,0.9995508690727284,0.003911019321703236,0.9991017381454568
0,0,0.937153968984012,0.23472770806426707,0.874307937968024
0,0,0.9371606691309775,0.23470960281531345,0.874321338261955
1,1,0.9801352629201605,0.09751222653107833,0.9602705258403208
0,0,0.937163940256386,0.23470076324871378,0.8743278805127721
0,0,0.9371690468345671,0.2346869633723646,0.8743380936691342
0,0,0.9994310752278646,0.004819633592314209,0.998862150455729
1,1,0.9614717164178439,0.16323841355257002,0.9229434328356876
1,1,0.9237462029213729,0.26952311247073857,0.8474924058427458
1,1,0.935593921784682,0.23892270118498193,0.8711878435693641
1,1,0.9999999621754697,6.842574025723138e-07,0.9999999243509394
0,0,0.9371682054091365,0.2346892372477662,0.874336410818273
0,0,0.9979474848249698,0.014752786072604617,0.9958949696499394
1,1,0.9970750840347589,0.019986025792990324,0.9941501680695176
0,0,0.9988555602468309,0.008894892038854461,0.9977111204936616
1,1,0.9351136283719513,0.24020604393733516,0.8702272567439028
0,0,0.9979474902838417,0.01475275230055097,0.9958949805676832
0,0,0.999549747226379,0.00391966482885916,0.999099494452758
1,1,0.9999938389342624,8.007695913120244e-05,0.9999876778685249
0,0,0.9329249543697722,0.24600642468164208,0.8658499087395446
1,0,0.9304004045181672,0.25260199127841515,0.8608008090363345
1,1,0.9999999596078267,7.280539692532008e-07,0.9999999192156535
1,1,0.9360090655909961,0.23781035442346207,0.8720181311819919
0,0,0.9371478109423116,0.23474434775511552,0.8742956218846234
1,0,0.9812715278377268,0.09304842643165305,0.9625430556754535
1,1,0.9999999621754697,6.842574025723138e-07,0.9999999243509394
0,0,0.9371356937255225,0.23477708789811597,0.8742713874510453
1,1,0.941534471954128,0.22272432581809462,0.8830689439082561
1,1,0.9999999609409562,7.053356875831334e-07,0.9999999218819124
1,1,0.9999999512187996,8.700576279406352e-07,0.9999999024375992
0,0,0.9371678497255951,0.2346901984464463,0.8743356994511902
0,0,0.9995980037331953,0.0035451515032578554,0.9991960074663907
1,0,0.9666771562419334,0.14610942279795602,0.9333543124838669
1,1,0.9972548866389918,0.018931836511875612,0.9945097732779834
1,1,0.9309239393952775,0.25124241931991553,0.861847878790555
1,1,0.9999999574092036,7.654259344934964e-07,0.9999999148184071
0,0,0.9993222863644983,0.005622615117402759,0.9986445727289966
1,1,0.9972885825698035,0.018732984571644844,0.9945771651396068
1,1,0.935985278464832,0.2378741677945681,0.8719705569296642
1,0,0.9989887352791984,0.007984994502885093,0.9979774705583968
1,1,0.9999999596078267,7.280539692532008e-07,0.9999999192156535
0,0,0.9998293496723828,0.0016511799131446734,0.9996586993447656
1,1,0.9667159740909297,0.14597867558062208,0.9334319481818594
1,1,0.9360096784986273,0.2378087100604087,0.8720193569972546
0,0,0.9375955011464291,0.23353295894263848,0.875191002292858
1,1,0.9268185906872859,0.26179159222957843,0.8536371813745719
0,0,0.9336887555973453,0.2439910302725778,0.8673775111946906
0,0,0.9985418108477918,0.010979917110144137,0.9970836216955837
1,1,0.9359434540572854,0.23798634661556634,0.8718869081145708
1,1,0.9248657216707482,0.26672168159010656,0.8497314433414964
1,1,0.9342736040555485,0.24244146276921438,0.8685472081110969
1,1,0.9999981078283097,2.6826802272276783e-05,0.9999962156566194
1,1,0.9956544703659643,0.027969704749282582,0.9913089407319285
0,0,0.9996697520291427,0.002977351115169038,0.9993395040582853
0,0,0.9394752725788573,0.22840889421463653,0.8789505451577145
0,0,0.9374140578692105,0.23402433131034647,0.8748281157384209
0,0,0.9825357370424781,0.08799919345936075,0.9650714740849562
1,1,0.9999991116703951,1.3266245512066494e-05,0.9999982233407901
1,0,0.5767196086061072,0.6813287515621351,0.15343921721221443
0,0,0.9998293507382586,0.0016511706658978637,0.9996587014765173
1,1,0.9361067706157402,0.23754814347332903,0.8722135412314804
0,0,0.9979474803079738,0.014752814017603054,0.9958949606159476
1,0,0.9965788702135892,0.022839708490208582,0.9931577404271783
1,0,0.9976659231046663,0.01647618077150444,0.9953318462093327
1,0,0.6054240324056777,0.6707510253756805,0.21084806481135526
0,0,0.9996818234725662,0.002880371001681711,0.9993636469451324
0,0,0.9276278969650535,0.2597320672988202,0.8552557939301071
0,0,0.9371457222695603,0.23474999142726685,0.8742914445391206
0,0,0.9995516077734423,0.0039053249954879303,0.9991032155468847
1,1,0.9321855792091327,0.24794848589139423,0.8643711584182653
1,0,0.7598150891101239,0.5512929773691879,0.5196301782202478
0,0,0.9979474767441808,0.01475283606547765,0.9958949534883617
1,0,0.5868906239308893,0.6779702833125903,0.17378124786177862
0,0,0.9788610166174253,0.10243933641935349,0.9577220332348505
0,0,0.9365682727928374,0.23630744893988398,0.873136545585675
0,0,0.9371432745231438,0.2347566052356796,0.8742865490462876
1,1,0.9999991979596152,1.2059564623206753e-05,0.9999983959192303
0,0,0.9430435798406075,0.21850954883422713,0.8860871596812149
0,0,0.9999949532215069,6.660111403453118e-05,0.9999899064430138
1,1,0.9360040479540973,0.2378238159497382,0.8720080959081946
0,0,0.9371544179846355,0.23472649479111737,0.874308835969271
1,1,0.9999999633171419,6.647284671280214e-07,0.9999999266342838
0,0,0.9371354018607708,0.23477787647204268,0.8742708037215415
0,0,0.9992077830912987,0.006448866757185981,0.9984155661825972
0,0,0.9371415142355944,0.23476136146803367,0.8742830284711889
1,0,0.9370782312486103,0.23493231484957744,0.8741564624972206
0,0,0.9997592710116654,0.002246415132939511,0.9995185420233307
1,1,0.9359385545967187,0.23799948573403945,0.8718771091934374
0,0,0.9371760394582723,0.23466806598007098,0.8743520789165447
0,0,0.9991551057924825,0.006823261335059925,0.9983102115849649
0,0,0.9979474848249698,0.014752786072604617,0.9958949696499394
1,1,0.9359384925232418,0.2379996521968926,0.8718769850464835
0,0,0.9979474960180138,0.014752716825299684,0.9958949920360275
1,1,0.9999999522035974,8.534676426564379e-07,0.9999999044071947
0,0,0.9976193915037846,0.016757598141400345,0.9952387830075693
0,0,0.9992077684387387,0.006448971374610332,0.9984155368774774
1,1,0.9360012089100521,0.2378314324697362,0.8720024178201042
1,1,0.9361067706157402,0.23754814347332903,0.8722135412314804
1,0,0.9403257053571599,0.22607039065044418,0.8806514107143198
1,1,0.9999999633171419,6.647284671280214e-07,0.9999999266342838
0,0,0.9371457354118001,0.2347499559166727,0.8742914708236005
1,0,0.9214826042316072,0.2751333198481814,0.8429652084632143
1,1,0.9367158902990466,0.23590984095711104,0.8734317805980929
1,1,0.9999992251405299,1.1677584551369893e-05,0.9999984502810597
0,0,0.999598553984426,0.003540848895932082,0.999197107968852
1,1,0.9360151300934103,0.2377940837615276,0.8720302601868205
1,1,0.999998973042231,1.5187585235291527e-05,0.9999979460844619
0,0,0.9976659225595539,0.016476184073687516,0.9953318451191078
1,0,0.9999346071428723,0.0006954572747465564,0.9998692142857446
0,0,0.9995508850186156,0.0039108964145573855,0.9991017700372312
1,1,0.9999999609409562,7.053356875831334e-07,0.9999999218819124
1,1,0.9999948286725165,6.811868321802236e-05,0.9999896573450332
0,0,0.9995453664102155,0.003953398864456574,0.999090732820431
1,0,0.9214826042316072,0.2751333198481814,0.8429652084632143
0,0,0.9955398947817226,0.02859083346217152,0.991079789563445
1,0,0.9957384094811831,0.027512738890002462,0.9914768189623662
0,0,0.9989272865802444,0.008406884447504266,0.9978545731604889
0,0,0.9401278037870432,0.2266157209677985,0.8802556075740864
1,0,0.9751994981889807,0.11617515669893413,0.9503989963779614
1,1,0.9999999566197619,7.78816771380435e-07,0.9999999132395239
1,1,0.9999999615701641,6.945974433749538e-07,0.9999999231403283
1,1,0.9361067706157402,0.23754814347332903,0.8722135412314804
0,0,0.9412481378508019,0.22351932581794165,0.8824962757016036
1,1,0.9361067706157402,0.23754814347332903,0.8722135412314804
1,1,0.9999998816854718,2.0054216940377417e-06,0.9999997633709437
0,0,0.9998191563431931,0.0017393158161806358,0.9996383126863861
1,1,0.9999968367010644,4.322297984745339e-05,0.9999936734021289
0,0,0.9998390118502543,0.0015670746359669084,0.9996780237005085
0,0,0.9995423510042395,0.003976594131688388,0.999084702008479
1,1,0.9252615924275834,0.2657267694195741,0.8505231848551671
0,0,0.9371577700778494,0.23471743677861617,0.8743155401556987
0,0,0.9913361741334126,0.04976721977061939,0.9826723482668253
1,1,0.9999956243632759,5.83686149709523e-05,0.9999912487265518
0,0,0.9995509764133835,0.003910191954269667,0.9991019528267671
0,0,0.9995447014546182,0.00395851558655635,0.9990894029092363
1,1,0.934931413582157,0.24069192517873889,0.8698628271643141
1,1,0.9359906722574785,0.2378596987749235,0.8719813445149569
1,1,0.9999999566197619,7.78816771380435e-07,0.9999999132395239
0,0,0.9371802048051012,0.23465680883879048,0.8743604096102026
1,1,0.9360012089100521,0.2378314324697362,0.8720024178201042
1,0,0.9998988235454547,0.001031857572234602,0.9997976470909093
1,1,0.9999999512187996,8.700576279406352e-07,0.9999999024375992
0,0,0.9941175859406886,0.03607591045037655,0.988235171881377
1,1,0.9999999602871033,7.164837943213794e-07,0.9999999205742065
0,0,0.9371647002629484,0.23469870945594315,0.874329400525897
0,0,0.9380461266970338,0.23231016814138822,0.8760922533940675
0,0,0.9997177063479313,0.002589316377471113,0.9994354126958627
0,0,0.9375590414162249,0.23363174183238022,0.8751180828324499
1,0,0.999957712555107,0.00046816426786072,0.999915425110214
1,0,0.9979474769496368,0.014752834794396864,0.9958949538992737
1,1,0.8959731947902013,0.3338417379373403,0.7919463895804029
1,1,0.9372387677814044,0.23449850709016212,0.8744775355628088
1,1,0.9968327040249019,0.021389673737923512,0.9936654080498037
0,0,0.937168744887176,0.23468777935900287,0.8743374897743523
0,0,0.9374153650087497,0.2340207934123053,0.8748307300174991
0,1,0.784881581890949,0.5206596997997126,0.5697631637818981
1,1,0.9361067706157402,0.23754814347332903,0.8722135412314804
0,0,0.9995515711515471,0.0039056073265999877,0.9991031423030944
1,1,0.9999999633171419,6.647284671280214e-07,0.9999999266342838
0,0,0.9372159463801105,0.23456020261580146,0.8744318927602209
1,1,0.999998838879875,1.7029132677029152e-05,0.9999976777597499
1,0,0.9212999232681836,0.27558297116484104,0.842599846536367
1,1,0.5940557097420012,0.67534837503357,0.18811141948400228
1,1,0.7409304294399884,0.5720814657125589,0.481860858879977
1,1,0.9337250526875935,0.24389502167989738,0.8674501053751872
0,0,0.9995325161001188,0.004052109244908351,0.9990650322002378
1,0,0.9979474931303697,0.014752734690112105,0.9958949862607394
1,1,0.9999999633171419,6.647284671280214e-07,0.9999999266342838
0,0,0.9371631905051857,0.23470278931844357,0.8743263810103714
0,0,0.9530095475532249,0.18955660445243233,0.9060190951064497
1,1,0.9999999522035974,8.534676426564379e-07,0.9999999044071947
1,1,0.9999999531529851,8.374549724531441e-07,0.9999999063059701
1,1,0.7353738919504837,0.5778402768169771,0.47074778390096744
0,0,0.9979474852963979,0.014752783156050909,0.9958949705927957
1,0,0.950372623805506,0.19741661027263807,0.900745247611012
1,1,0.9361067706157402,0.23754814347332903,0.8722135412314804
1,1,0.9968327040265089,0.021389673728679975,0.9936654080530178
0,0,0.9371302715178718,0.23479173763792108,0.8742605430357433
0,0,0.999528351110311,0.004084026538309402,0.9990567022206218
1,1,0.9999999549502822,8.070881798928859e-07,0.9999999099005643
0,0,0.9371530142578741,0.23473028787912537,0.8743060285157482
1,0,0.9414318818971419,0.22300933559705158,0.8828637637942839
1,1,0.9252615924275834,0.2657267694195741,0.8505231848551671
1,1,0.5337297465385344,0.6908700600053406,0.06745949307706883
1,1,0.9999993651424266,9.694189340116762e-06,0.9999987302848531
1,1,0.9343649495927829,0.2421989391965812,0.8687298991855659
0,0,0.9998390130865097,0.001567063838483927,0.9996780261730194
1,1,0.9360040479540973,0.2378238159497382,0.8720080959081946
0,0,0.9995521736107246,0.003900962375772307,0.999104347221449
0,0,0.9654816993119273,0.15011333808279542,0.9309633986238547
1,1,0.9999993280935744,1.0221810831249857e-05,0.9999986561871488
1,1,0.7583944714485418,0.5529235325669288,0.5167889428970835
0,0,0.9995520758777703,0.0039017159503900176,0.9991041517555407
0,0,0.9998084050081685,0.0018316540666840513,0.999616810016337
0,0,0.9371500304758351,0.23473835041107743,0.8743000609516701
1,1,0.9999991218469131,1.3124388188332903e-05,0.9999982436938262
1,0,0.9232285995387544,0.2708123090967064,0.8464571990775089
1,1,0.9999999602871033,7.164837943213794e-07,0.9999999205742065
1,1,0.9999999974774385,5.2464211981488857e-08,0.999999994954877
0,0,0.9998293512129729,0.00165116654740452,0.9996587024259458
0,0,0.9576494554507565,0.1753436760125244,0.9152989109015129
1,1,0.99999922347536,1.1701012675437531e-05,0.9999984469507199
1,0,0.9979474769496368,0.014752834794396864,0.9958949538992737
0,0,0.9371800098921409,0.23465733561127772,0.8743600197842818
1,1,0.7249013089859456,0.5882644240538955,0.4498026179718914
0,0,0.9994510970159197,0.004669690230055252,0.9989021940318396
1,1,0.9299428787068853,0.25378667690798173,0.8598857574137706
1,0,0.9904353971807611,0.053991117223257334,0.9808707943615222
0,0,0.937168969166646,0.23468717326333408,0.8743379383332918
1,1,0.9999999596078267,7.280539692532008e-07,0.9999999192156535
1,1,0.9359384925232418,0.2379996521968926,0.8718769850464835
0,0,0.9979474803079738,0.014752814017603054,0.9958949606159476
0,0,0.9371744960231341,0.23467223714670843,0.874348992046268
1,0,0.9999425956661326,0.00061797843742836,0.9998851913322652
0,0,0.9995236607699913,0.004119925679592373,0.9990473215399825
1,1,0.9999999491377837,9.0504967669996e-07,0.9999998982755673
1,1,0.9999999609409562,7.053356875831334e-07,0.9999999218819124
1,1,0.9328584570861748,0.24618144430299013,0.8657169141723495
0,0,0.9371324316315532,0.2347859014949399,0.8742648632631065
1,1,0.9999999581697467,7.525114465350048e-07,0.9999999163394935
1,1,0.9999999615701641,6.945974433749538e-07,0.9999999231403283
1,0,0.9384553750133408,0.23119662915520434,0.8769107500266816
0,0,0.9973472768851022,0.018385602232828074,0.9946945537702044
1,0,0.999919834022583,0.0008362410737206625,0.999839668045166
1,1,0.9875655631932813,0.06691023098949266,0.9751311263865626
0,0,0.9979474943293294,0.014752727272581534,0.9958949886586587
1,1,0.9999999589023253,7.400587430968554e-07,0.9999999178046507
0,0,0.9988130170581072,0.00918219950365893,0.9976260341162144
1,1,0.9966997549470538,0.022151596647703248,0.9933995098941076
1,0,0.9409819228087888,0.2242571355754411,0.8819638456175776
0,0,0.9979474902838417,0.01475275230055097,0.9958949805676832
0,0,0.9699326630592455,0.13497616017941563,0.939865326118491
1,1,0.9999990708441809,1.3834190694618196e-05,0.9999981416883619
0,0,0.978935937152635,0.10215186008952507,0.9578718743052702
1,1,0.9360203445294084,0.23778009328099117,0.8720406890588167
0,0,0.9371716180437081,0.23468001483991102,0.8743432360874159
1,1,0.9354209309756113,0.23938537190289208,0.8708418619512227
1,1,0.8531072535367198,0.41728116205097393,0.7062145070734394
1,0,0.9773865394091128,0.10804297674108063,0.9547730788182255
1,0,0.9403348607379017,0.22604514554369715,0.8806697214758032
0,0,0.9371677919897583,0.23469035447148412,0.8743355839795166
0,0,0.9993539036797128,0.005391182013306049,0.9987078073594255
1,0,0.9819793419026288,0.09023252673568322,0.9639586838052576
0,0,0.8962955500652936,0.33314706465796307,0.792591100130587
1,1,0.9346178460704445,0.2415267854820493,0.8692356921408891
1,1,0.9999986275499936,1.9899032421276537e-05,0.9999972550999872
1,0,0.9741058798154083,0.12016630171205281,0.9482117596308165
0,0,0.9996030661040046,0.0035055384954691174,0.9992061322080092
0,0,0.9989609643560177,0.008176111803987435,0.9979219287120353
0,0,0.9382485276938012,0.23175980903911775,0.8764970553876024
0,0,0.9742857565827224,0.11951315517768284,0.9485715131654447
0,0,0.9371426994920411,0.23475815895439972,0.8742853989840823
1,1,0.9999999512187996,8.700576279406352e-07,0.9999999024375992
1,1,0.9999999549502822,8.070881798928859e-07,0.9999999099005643
0,0,0.9382559740650344,0.23173954775106015,0.8765119481300689
0,0,0.999185294388642,0.006609116989548769,0.9983705887772841
1,1,0.9973215515538163,0.018538016232977034,0.9946431031076326
1,1,0.9999871699920524,0.00015734359100190383,0.9999743399841048
0,0,0.9371315711521562,0.23478822632688642,0.8742631423043122
0,0,0.99044135595147,0.053963466202425175,0.98088271190294
0,0,0.9995278998243252,0.0040874826332723355,0.9990557996486504
1,1,0.9999999531529851,8.374549724531441e-07,0.9999999063059701
0,1,0.9331287218349837,0.24546967216604954,0.8662574436699675
0,1,0.9482697856747714,0.2035785803291215,0.8965395713495428
0,0,0.93715294525167,0.2347304743437572,0.8743058905033402
0,0,0.999592678727687,0.003586750812996071,0.999185357455374
0,0,0.9998293531470607,0.0016511497677652739,0.9996587062941213
1,1,0.9999989867377307,1.4998647509069411e-05,0.9999979734754614
0,0,0.9995521047849011,0.0039014930627984516,0.9991042095698021
0,0,0.9903185925913662,0.054532382123222284,0.9806371851827325
1,1,0.9359384925232418,0.2379996521968926,0.8718769850464835
1,0,0.9384369936708945,0.23124670569774738,0.8768739873417888
1,0,0.9999678433032771,0.00036481366467433897,0.9999356866065543
0,0,0.9993388471641489,0.00550158159020451,0.9986776943282978
0,0,0.937168848703769,0.23468749880383868,0.8743376974075381
0,0,0.9371516539585785,0.23473396358744839,0.8743033079171568
0,0,0.957042632936379,0.17723153320767743,0.9140852658727581
0,0,0.9371454006832969,0.23475086035883858,0.8742908013665937
1,1,0.9966997549450888,0.02215159665892491,0.9933995098901776
1,1,0.9898934473858542,0.05649058498549819,0.9797868947717084
0,0,0.9371350018501764,0.23477895723714887,0.8742700037003529
1,0,0.9952949895493255,0.029908674370120028,0.990589979098651
1,0,0.9997876995531109,0.0020078106554130204,0.9995753991062217
1,1,0.9999999574092036,7.654259344934964e-07,0.9999999148184071
1,0,0.9370782312486103,0.23493231484957744,0.8741564624972206
0,0,0.9987739487943045,0.009444693462939408,0.9975478975886088
0,0,0.9998346370602297,0.0016052252143430228,0.9996692741204593
1,1,0.9971493196636614,0.01955216334231389,0.9942986393273228
0,0,0.9395652697987149,0.2281620263292135,0.8791305395974298
0,0,0.9994243088103714,0.004870146703069209,0.998848617620743
1,1,0.9613766752597678,0.1635440460277006,0.9227533505195357
1,1,0.9999999596078267,7.280539692532008e-07,0.9999999192156535
0,0,0.9989763158985607,0.008070556832303342,0.9979526317971215
1,1,0.9999999589023253,7.400587430968554e-07,0.9999999178046507
1,1,0.9361067706157402,0.23754814347332903,0.8722135412314804
0,0,0.9371487769278406,0.2347417376009205,0.8742975538556811
1,1,0.9709249696581074,0.13151203315427765,0.9418499393162146
1,1,0.9361067706157402,0.23754814347332903,0.8722135412314804
1,1,0.9999999633171419,6.647284671280214e-07,0.9999999266342838
0,0,0.9774785730771189,0.10769615507312211,0.9549571461542378
0,0,0.99992872819723,0.0007518444046927495,0.9998574563944602
0,0,0.9371670990250217,0.2346922271315214,0.8743341980500434
0,0,0.999552451357642,0.003898820678371744,0.999104902715284
0,0,0.9371597939621602,0.23471196775437891,0.8743195879243202
0,0,0.969559728557265,0.13626928027294544,0.9391194571145298
1,1,0.9999999531529851,8.374549724531441e-07,0.9999999063059701
0,0,0.9976658430649549,0.016476665634852967,0.9953316861299096
1,0,0.9224750635050613,0.27268239323064464,0.8449501270101225
0,1,0.9361067706157402,0.23754814347332903,0.8722135412314804
1,1,0.9360040479540973,0.2378238159497382,0.8720080959081946
1,1,0.9999999491377837,9.0504967669996e-07,0.9999998982755673
0,0,0.9497545751946905,0.199237248654349,0.8995091503893812
1,1,0.996653598095483,0.022414850825702062,0.993307196190966
1,0,0.9969866814967842,0.02050022392915393,0.9939733629935683
0,0,0.9887566272447318,0.06163991953422137,0.9775132544894636
1,0,0.9976661427587812,0.016474850140009625,0.9953322855175623
0,0,0.9994612051022141,0.004593714725733111,0.9989224102044283
0,0,0.9371604526143191,0.2347101879021597,0.8743209052286383
1,1,0.9999999512187996,8.700576279406352e-07,0.9999999024375992
1,0,0.9372211004937099,0.23454626972522413,0.8744422009874199
1,1,0.9330097091780867,0.2457832491538416,0.8660194183561735
1,1,0.9966081559932307,0.022673404372073897,0.9932163119864615
0,0,0.9994079969541735,0.00499159369065651,0.9988159939083471
1,1,0.9368636690578773,0.2355114304389751,0.8737273381157545
1,1,0.9366441250942596,0.2361031865130471,0.8732882501885192
0,1,0.9629440799483858,0.1584720878182163,0.9258881598967716
1,1,0.711666767717375,0.6006525314230086,0.42333353543474994
1,1,0.9999999627575701,6.743046260463807e-07,0.99999992551514
1,1,0.9260642654743484,0.263702504070773,0.8521285309486968
1,0,0.9370782312486103,0.23493231484957744,0.8741564624972206
0,0,0.9371581557764302,0.23471639453325674,0.8743163115528606
0,0,0.9371628597523008,0.23470368311645606,0.8743257195046018
1,1,0.9349341012463525,0.2406847624102091,0.8698682024927049
0,0,0.9979474898123699,0.014752755217376075,0.9958949796247397
0,0,0.9981463943835813,0.013512219925520647,0.9962927887671627
1,0,0.9997781474562168,0.0020883837804615522,0.9995562949124337
1,1,0.7690608007580773,0.5404086984500764,0.5381216015161545
1,1,0.9999997727314379,3.7038260523278255e-06,0.999999545462876
1,0,0.9999722465522393,0.0003189464129261457,0.9999444931044785
0,0,0.9373693467674776,0.2341453286474235,0.8747386935349549
1,1,0.9999999531529851,8.374549724531441e-07,0.9999999063059701
0,0,0.944980853186741,0.2130366444846952,0.8899617063734819
1,1,0.9361067706157402,0.23754814347332903,0.8722135412314804
0,0,0.9836239665198719,0.08357841618011551,0.9672479330397439
1,1,0.5820297847629717,0.679628379354412,0.16405956952594342
1,1,0.7513904092391652,0.5608024622491711,0.5027808184783303
1,0,0.9998410278067686,0.001549454556523375,0.9996820556135373
1,1,0.9892234383666211,0.05954022262710447,0.978446876733242
1,1,0.9999999491377837,9.0504967669996e-07,0.9999998982755673
1,1,0.9971493196636614,0.01955216334231389,0.9942986393273228
0,0,0.9371442469599647,0.23475397772452236,0.8742884939199294
0,0,0.9979474879271425,0.01475276688059312,0.9958949758542849
1,1,0.9999988206883791,1.727759815339043e-05,0.9999976413767582
1,1,0.9999999531529851,8.374549724531441e-07,0.9999999063059701
0,0,0.9561469003384037,0.18000187070737705,0.9122938006768074
1,0,0.9979474971654144,0.014752709726744162,0.9958949943308288
0,0,0.9995472611682802,0.003938813676815198,0.9990945223365603
1,1,0.99999996385483,6.555187727464619e-07,0.9999999277096601
0,0,0.9371323708460619,0.23478606572479524,0.874264741692124
0,0,0.9375652900460515,0.23361481359648262,0.8751305800921028
0,0,0.9371308785832846,0.2347900974912494,0.8742617571665692
1,1,0.9999997847243098,3.5200473463376656e-06,0.9999995694486198
1,1,0.9362085707865514,0.237274772594958,0.8724171415731028
1,0,0.9383554811259254,0.2314687009902922,0.8767109622518506
1,1,0.9999999581697467,7.525114465350048e-07,0.9999999163394935
0,0,0.9371477302600711,0.2347445657629323,0.8742954605201424
1,1,0.5405089216145693,0.6898616352504738,0.08101784322913863
1,1,0.9964315913521999,0.023672284886001736,0.9928631827043998
1,1,0.856121004267249,0.41194297754658504,0.712242008534498
1,1,0.9999999491377837,9.0504967669996e-07,0.9999998982755673
0,0,0.9377018362146686,0.23324472812518846,0.8754036724293374
1,1,0.9360040479540973,0.2378238159497382,0.8720080959081946
0,0,0.9994507216334231,0.0046725081129956976,0.9989014432668463
1,1,0.9999999615701641,6.945974433749538e-07,0.9999999231403283
1,1,0.9999999596078267,7.280539692532008e-07,0.9999999192156535
1,1,0.9949888503830252,0.03153807178385836,0.9899777007660503
0,0,0.9386380148872497,0.23069874274849955,0.8772760297744995
0,0,0.9995522428832955,0.003900428233377644,0.9991044857665909
0,0,0.9371442469599647,0.23475397772452236,0.8742884939199294
1,1,0.7256945893075879,0.5874942315423854,0.45138917861517575
0,0,0.9985923207619721,0.010649246437728573,0.9971846415239444
1,1,0.9999999540681559,8.220012039651388e-07,0.9999999081363118
1,1,0.9360012089100521,0.2378314324697362,0.8720024178201042
0,0,0.9371611531388067,0.23470829489175807,0.8743223062776133
1,1,0.6187387887952528,0.6646781759614627,0.23747757759050564
0,0,0.9993219963366489,0.005624731129760364,0.9986439926732977
0,0,0.9987644760824808,0.009508149946399314,0.9975289521649615
0,0,0.97461862456686,0.11830107268488858,0.94923724913372
1,0,0.9236252266268137,0.26982476829322166,0.8472504532536274
1,1,0.9999999558004616,7.926988957045926e-07,0.9999999116009233
1,0,0.9807165558763575,0.09523715226012049,0.9614331117527151
1,1,0.8401512989105743,0.4394189061168172,0.6803025978211485
1,1,0.9999992017200935,1.200677332084674e-05,0.999998403440187
0,0,0.9379898273116154,0.23246312933543384,0.8759796546232309
0,0,0.9397404830464572,0.2276809963007061,0.8794809660929143
0,0,0.6072674530290001,0.6699547084427986,0.21453490605800013
1,1,0.9969976420633874,0.020436614041493533,0.9939952841267746
1,0,0.9736514448951311,0.12181069574163403,0.9473028897902621
1,1,0.9361067706157402,0.23754814347332903,0.8722135412314804
1,1,0.9875495212609242,0.06698040032981428,0.9750990425218485
1,1,0.9999992082432385,1.191515638470117e-05,0.9999984164864769
1,1,0.7681184483007804,0.5415398655041174,0.5362368966015605
1,1,0.6082485723853405,0.6695250782530464,0.21649714477068083
0,0,0.9783017838151823,0.10457665298325095,0.9566035676303646
0,0,0.9995450750649393,0.003955640837309014,0.9990901501298785
1,1,0.9999976297606515,3.3070808197425454e-05,0.9999952595213031
0,0,0.9995278013422775,0.004088236783464318,0.999055602684555
1,1,0.9999999627575701,6.743046260463807e-07,0.99999992551514
0,0,0.9887771019434514,0.06154824221191009,0.9775542038869027
1,1,0.952640369693675,0.19066619390500872,0.9052807393873502
0,0,0.9371405464124802,0.2347639764681569,0.8742810928249608
0,0,0.9995507400385895,0.003912013865642867,0.999101480077179
1,1,0.9999999627575701,6.743046260463807e-07,0.99999992551514
0,0,0.9997970684889212,0.0019283649123051263,0.9995941369778426
1,1,0.9999999627575701,6.743046260463807e-07,0.99999992551514
1,1,0.9999999596078267,7.280539692532008e-07,0.9999999192156535
1,1,0.9999999602871033,7.164837943213794e-07,0.9999999205742065
0,0,0.937165013925668,0.23469786183115837,0.8743300278513361
0,0,0.9979474907557844,0.014752749380812651,0.9958949815115686
0,0,0.9372259239790507,0.2345332301986251,0.8744518479581014
1,1,0.9360451598768699,0.2377135067734561,0.8720903197537397
0,0,0.9947759368351086,0.032660128275013106,0.989551873670217
1,1,0.5443628429238337,0.689205876207919,0.08872568584766743
1,1,0.9972885825736149,0.018732984549127578,0.9945771651472298
0,0,0.9981147547900232,0.013710924955076859,0.9962295095800464
1,1,0.9999999540681559,8.220012039651388e-07,0.9999999081363118
1,1,0.9999999501972988,8.872449120709397e-07,0.9999999003945976
1,1,0.9615735306631036,0.16291072970451836,0.9231470613262073
0,0,0.9825256871620315,0.08803969133450343,0.965051374324063
1,1,0.7095768426407959,0.6025301362385458,0.41915368528159186
1,1,0.9999916164820104,0.00010638046118310144,0.9999832329640209
1,1,0.6331489962527709,0.6572584366107099,0.2662979925055418
1,1,0.9361067706157402,0.23754814347332903,0.8722135412314804
0,0,0.9370914057165906,0.23489673079195927,0.874182811433181
0,0,0.9997294071943243,0.0024934477946451437,0.9994588143886486
1,1,0.9360012089100521,0.2378314324697362,0.8720024178201042
0,0,0.9998390116302798,0.001567076557227192,0.9996780232605597
0,0,0.9997725288399576,0.0021355841773931733,0.9995450576799151
0,0,0.9386774616818907,0.23059113260654227,0.8773549233637813
1,1,0.9359384925232418,0.2379996521968926,0.8718769850464835
1,1,0.9999980013006834,2.8227656292691815e-05,0.9999960026013669
0,0,0.9371689880518833,0.2346871222275909,0.8743379761037667
1,1,0.9921369063398416,0.045933309469735006,0.9842738126796835
1,1,0.9596212673974799,0.16914591826736244,0.91924253479496
0,0,0.9979474817218811,0.0147528052702782,0.9958949634437622
1,1,0.6175156796213795,0.6652672340259839,0.23503135924275886
0,0,0.9990257860014092,0.0077288218370344716,0.9980515720028186
0,0,0.9951731724130142,0.03055936240684953,0.9903463448260283
1,1,0.897445932235941,0.33065886426479396,0.7948918644718823
0,0,0.9371645269831504,0.23469917771696944,0.8743290539663007
0,0,0.999829351073835,0.0016511677545279053,0.9996587021476699
1,0,0.9999099386672242,0.0009289803611430372,0.9998198773344485
1,0,0.9999292886159138,0.0007464907918709575,0.9998585772318275
1,1,0.9361067706157402,0.23754814347332903,0.8722135412314804
1,1,0.7249028554904174,0.5882629256310397,0.44980571098083477
1,1,0.8679508330924433,0.3902636067791994,0.7359016661848865
0,0,0.895847955134293,0.3341113276029385,0.7916959102685862
1,1,0.9999999971574105,5.878063022569174e-08,0.999999994314821
1,0,0.9973472775140253,0.018385598503621012,0.9946945550280506
1,1,0.9999999501972988,8.872449120709397e-07,0.9999999003945976
0,0,0.9425079053859838,0.2200104305497605,0.8850158107719678
1,0,0.9976661274361436,0.0164749429629098,0.9953322548722869
1,1,0.9999999491377837,9.0504967669996e-07,0.9999998982755673
0,0,0.9770029968389493,0.10948421764356937,0.9540059936778988
1,1,0.9999999491377837,9.0504967669996e-07,0.9999998982755673
0,0,0.9758985156878216,0.11359832403513752,0.9517970313756432
0,0,0.9517744943165604,0.19325682930334262,0.9035489886331207
1,1,0.99999940736968,9.090175572827074e-06,0.99999881473936
1,1,0.9359384925232418,0.2379996521968926,0.8718769850464835
1,1,0.9999999615701641,6.945974433749538e-07,0.9999999231403283
1,0,0.9708708276353971,0.13170193148425158,0.9417416552707942
1,1,0.9999962973548511,5.000963317940248e-05,0.9999925947097021
1,1,0.9999999602871033,7.164837943213794e-07,0.9999999205742065
1,0,0.7393079909647615,0.5737794930556563,0.47861598192952287
1,1,0.9487447674592814,0.2021947434659866,0.8974895349185625
0,0,0.9371402961188385,0.2347646527440077,0.8742805922376771
0,0,0.9946949345093538,0.03308470101599831,0.9893898690187076
1,1,0.8561207256778209,0.4119434743935455,0.7122414513556418
1,0,0.9976660953278035,0.016475137471471776,0.995332190655607
1,1,0.9359420331366021,0.23799015720795735,0.8718840662732043
1,1,0.9999999887586881,2.1699857802311185e-07,0.9999999775173762
0,0,0.9371459792045198,0.23474929718335932,0.8742919584090398
1,0,0.9976661136818533,0.01647502628484174,0.9953322273637067
0,0,0.999772533635308,0.002135543952697524,0.9995450672706161
1,0,0.9684110986314809,0.14022269107242702,0.9368221972629618
0,0,0.9699296006757174,0.13498679808739128,0.9398592013514349
1,1,0.9895258402595127,0.05816917382760746,0.9790516805190252
1,1,0.9999999531529851,8.374549724531441e-07,0.9999999063059701
1,1,0.9967449811918789,0.02189302196946141,0.9934899623837579
0,0,0.9479776683219877,0.20442736375582288,0.8959553366439753
0,0,0.9994794630171181,0.004455999221724756,0.9989589260342362
0,0,0.9371604389106055,0.23471022493329055,0.8743208778212113
0,0,0.9997509677021226,0.0023154533541513474,0.9995019354042451
1,1,0.9999864781759082,0.00016511768235873424,0.9999729563518166
1,0,0.9821814252474637,0.08942342898481924,0.9643628504949273
0,0,0.9407680705052932,0.22484889845892603,0.8815361410105864
1,1,0.9357671784309707,0.23845882169973637,0.8715343568619414
1,1,0.8833683673321864,0.36015959305072515,0.7667367346643726
0,0,0.9967550383500083,0.021835436206625532,0.9935100767000167
0,0,0.9782070909825265,0.10493708807599636,0.9564141819650529
0,0,0.9972220733426549,0.019125081054613226,0.9944441466853097
0,0,0.9797275367943605,0.09909760570066735,0.9594550735887211
0,0,0.9972282591168495,0.019088681571836442,0.9944565182336991
1,1,0.999998351661081,2.3597194146835396e-05,0.999996703322162
1,1,0.9999999627575701,6.743046260463807e-07,0.99999992551514
1,0,0.9965219098025431,0.023162449020783696,0.993043819605086
0,0,0.9371710428011619,0.23468156940678964,0.8743420856023238
0,0,0.9372017924839476,0.23459846190412767,0.8744035849678954
1,0,0.9808361062903265,0.09476705567189539,0.9616722125806528
1,1,0.9999999491377837,9.0504967669996e-07,0.9999998982755673
1,0,0.9463332717690636,0.20917333766443477,0.8926665435381271
1,1,0.9361067706157402,0.23754814347332903,0.8722135412314804
1,0,0.9979474931303697,0.014752734690112105,0.9958949862607394
0,0,0.9396972978841185,0.22779960702737823,0.8793945957682371
1,0,0.941040058452126,0.2240961228816872,0.8820801169042521
0,0,0.9976281645876397,0.016704609899412557,0.9952563291752795
0,0,0.9371407234928308,0.23476349800883833,0.8742814469856616
1,1,0.8558603273033479,0.4124076033408368,0.7117206546066959
1,1,0.9051949793153131,0.3135161343075033,0.8103899586306264
1,1,0.9999992711973048,1.1028142121861512e-05,0.9999985423946096
0,0,0.997629476613142,0.01669668264942564,0.995258953226284
0,0,0.9999998999999902,1.711809720309326e-06,0.9999997999999802
1,1,0.7004114305098311,0.6105152947229692,0.4008228610196621
1,1,0.9360012089100521,0.2378314324697362,0.8720024178201042
0,0,0.9894950034422738,0.05830938354555006,0.9789900068845476
0,0,0.9995514811165658,0.003906301425321145,0.9991029622331316
0,0,0.999552324267158,0.0038998006903340466,0.9991046485343158
1,0,0.9973474711390751,0.018384450394370595,0.99469494227815
1,1,0.9972548866406664,0.018931836502002194,0.9945097732813329
1,1,0.9999999621754697,6.842574025723138e-07,0.9999999243509394
1,1,0.9999999633171419,6.647284671280214e-07,0.9999999266342838
0,0,0.9371632570843944,0.23470260940031937,0.8743265141687886
0,0,0.9443144202251872,0.21492738054053878,0.8886288404503744
0,0,0.9846859646007463,0.07919330461825022,0.9693719292014924
0,1,0.9359575630951236,0.23794850749508703,0.8719151261902472
1,0,0.9524837954373695,0.1911358750066078,0.9049675908747391
1,1,0.9999999501972988,8.872449120709397e-07,0.9999999003945976
1,0,0.9963328896128512,0.024226821564875278,0.9926657792257024
1,0,0.962830490449923,0.15884193262643093,0.925660980899846
0,0,0.9371960099352596,0.23461409168777034,0.8743920198705194
1,1,0.9999999491377837,9.0504967669996e-07,0.9999998982755673
1,0,0.9391725344976474,0.22923827896621674,0.8783450689952949
0,0,0.9998390108475902,0.001567083393250242,0.9996780216951804
1,1,0.809032390403383,0.4876229705570297,0.6180647808067661
1,1,0.9699794586214456,0.1348135647904806,0.9399589172428912
1,1,0.8761050377278197,0.37461426075335325,0.7522100754556393
1,1,0.7595761912221399,0.5515679516168288,0.5191523824442796
1,1,0.8083257938740264,0.4886414945048271,0.6166515877480525
1,0,0.9997651653752647,0.002197232887968694,0.9995303307505295
1,0,0.9754763698744643,0.11515695471143783,0.9509527397489287
1,1,0.997411715687327,0.018002720403752906,0.9948234313746541
1,1,0.99999996385483,6.555187727464619e-07,0.9999999277096601
1,0,0.9381100512867346,0.23213642371796836,0.8762201025734694
0,0,0.9371455179462248,0.2347505435126093,0.8742910358924497
1,1,0.9606575313992926,0.16584881821966105,0.9213150627985851
1,1,0.8367615146504016,0.44500122054186264,0.673523029300803
1,1,0.9359420331366021,0.23799015720795735,0.8718840662732043
1,1,0.9999999621754697,6.842574025723138e-07,0.9999999243509394
1,0,0.9672572683164834,0.14415057182103766,0.9345145366329666
1,1,0.9361067706157402,0.23754814347332903,0.8722135412314804
1,1,0.9999999633171419,6.647284671280214e-07,0.9999999266342838
1,1,0.9973215515538163,0.018538016232977034,0.9946431031076326
1,1,0.9999999531529851,8.374549724531441e-07,0.9999999063059701
1,1,0.9999999522035974,8.534676426564379e-07,0.9999999044071947
0,0,0.9990244540169444,0.007738055447584529,0.9980489080338888
1,1,0.9999999574092036,7.654259344934964e-07,0.9999999148184071
0,0,0.984142548226365,0.08144616806443802,0.9682850964527301
1,1,0.9999999540681559,8.220012039651388e-07,0.9999999081363118
1,1,0.9999992464800246,1.1377028832630898e-05,0.9999984929600492
0,0,0.9998390123763744,0.0015670700408239996,0.9996780247527487
1,1,0.9999890636417335,0.00013586688704645997,0.9999781272834669
1,1,0.9999999609409562,7.053356875831334e-07,0.9999999218819124
1,0,0.9232285995387544,0.2708123090967064,0.8464571990775089
0,0,0.9989283421564787,0.008399667490368263,0.9978566843129576
0,1,0.935933962182053,0.23801180106927514,0.8718679243641061
1,1,0.8796122216064965,0.36769690131336963,0.7592244432129932
0,0,0.999808404853254,0.0018316553927429325,0.9996168097065079
1,1,0.7257314597580997,0.5874583573410218,0.4514629195161992
1,1,0.9999993924740974,9.303573131261843e-06,0.9999987849481948
1,1,0.9709439239988222,0.13144552795969994,0.9418878479976442
1,1,0.6699329862229659,0.6342260837124346,0.3398659724459318
1,1,0.9999999566197619,7.78816771380435e-07,0.9999999132395239
1,1,0.9711287549516514,0.13079634183674035,0.9422575099033029
0,0,0.9984323145002707,0.01169081191037483,0.9968646290005413
1,0,0.9999502662890645,0.0005425352400892203,0.9999005325781289
1,1,0.9999999439654657,9.916598317995513e-07,0.9999998879309313
0,0,0.9997298052898768,0.0024901772959850933,0.9994596105797535
1,1,0.9361067706157402,0.23754814347332903,0.8722135412314804
1,1,0.9999999531529851,8.374549724531441e-07,0.9999999063059701
1,1,0.9000266583646396,0.32502439502900093,0.800053316729279
0,0,0.9998390108475902,0.001567083393250242,0.9996780216951804
0,0,0.999565858986636,0.003795227769780072,0.9991317179732719
1,1,0.9999999549502822,8.070881798928859e-07,0.9999999099005643
1,1,0.9999999596078267,7.280539692532008e-07,0.9999999192156535
1,1,0.8790189944593287,0.3688750302979215,0.7580379889186575
0,0,0.999997145588398,3.929566664827194e-05,0.9999942911767962
0,0,0.9580253636636614,0.1741696590272838,0.9160507273273228
1,1,0.9361067706157402,0.23754814347332903,0.8722135412314804
1,0,0.9979474931303697,0.014752734690112105,0.9958949862607394
1,1,0.9999992439545508,1.1412630022970671e-05,0.9999984879091015
1,1,0.9359384925232418,0.2379996521968926,0.8718769850464835
0,0,0.9983070226268601,0.01249488334320319,0.99661404525372
1,1,0.9999999512187996,8.700576279406352e-07,0.9999999024375992
0,0,0.9990130661034596,0.007816924918518332,0.9980261322069193
1,1,0.9360012089100521,0.2378314324697362,0.8720024178201042
1,1,0.9969168856854379,0.0209043533758521,0.9938337713708757
1,1,0.9360040479540973,0.2378238159497382,0.8720080959081946
1,1,0.9360040479540973,0.2378238159497382,0.8720080959081946
0,0,0.9974373643388547,0.01784987617851251,0.9948747286777091
1,1,0.9359434540572854,0.23798634661556634,0.8718869081145708
1,1,0.984002360252419,0.08202425458250057,0.9680047205048381
0,0,0.9968767841608335,0.02113582866595651,0.9937535683216671
0,0,0.9994301224418618,0.004826751242841446,0.9988602448837236
1,0,0.9350377660946236,0.24040839939492692,0.8700755321892475
0,0,0.9979474862384475,0.014752777327933335,0.9958949724768951
1,1,0.9999999491377837,9.0504967669996e-07,0.9999998982755673
0,1,0.9074351762556486,0.30843206711171095,0.814870352511297
1,1,0.9999999602871033,7.164837943213794e-07,0.9999999205742065
0,0,0.9371841451705692,0.23464615945412687,0.8743682903411385
1,1,0.9999999609409562,7.053356875831334e-07,0.9999999218819124
0,0,0.9371457327849949,0.23474996301435325,0.8742914655699898
0,0,0.9371469113223511,0.23474677857108756,0.874293822644702
0,0,0.9985253931029912,0.0110870180049667,0.9970507862059821
0,0,0.9994860880213944,0.004405870974117985,0.9989721760427887
1,0,0.999777704893079,0.0020921067449417847,0.9995554097861581
0,0,0.9979474826653995,0.01475279943307624,0.9958949653307988
1,1,0.9360012089100521,0.2378314324697362,0.8720024178201042
0,0,0.9371729746080844,0.23467634876398505,0.8743459492161688
1,1,0.9361067706157402,0.23754814347332903,0.8722135412314804
1,1,0.9999999589023253,7.400587430968554e-07,0.9999999178046507
1,1,0.9999999566197619,7.78816771380435e-07,0.9999999132395239
0,0,0.9397032504138315,0.22778325999140503,0.879406500827663
1,1,0.9361067706157402,0.23754814347332903,0.8722135412314804
0,0,0.9371382872037403,0.23477008065306368,0.8742765744074804
0,0,0.9992078256689855,0.0064485627563474575,0.9984156513379708
0,0,0.9371770478733329,0.2346653406948408,0.8743540957466656
1,1,0.89363398049355,0.3388495170525099,0.7872679609871001
0,0,0.9979474831364485,0.014752796518867222,0.9958949662728971
1,1,0.9999999531529851,8.374549724531441e-07,0.9999999063059701
0,0,0.9372596805086056,0.23444196371236536,0.8745193610172113
0,0,0.8982703597063608,0.3288668456835486,0.7965407194127218
0,0,0.9985032600271123,0.011231113394367838,0.9970065200542246
1,0,0.9370782312486103,0.23493231484957744,0.8741564624972206
0,0,0.9370676926295087,0.2349607773962728,0.8741353852590175
0,0,0.9328085076143624,0.24631286395362,0.8656170152287247
1,0,0.9980745938037269,0.013962381471953667,0.9961491876074537
1,1,0.9999999615701641,6.945974433749538e-07,0.9999999231403283
1,1,0.999999119181977,1.3161547864332961e-05,0.9999982383639542
1,0,0.9820103849141735,0.09010838793290553,0.9640207698283471
0,0,0.9371673530308079,0.23469154071011541,0.8743347060616157
0,0,0.9976278847037777,0.016706300861817847,0.9952557694075554
1,1,0.5130101831182378,0.6928086126192632,0.026020366236475523
0,0,0.9993055476276221,0.005744537573109535,0.9986110952552444
1,1,0.9999999589023253,7.400587430968554e-07,0.9999999178046507
0,0,0.9375733367227191,0.23359301326837506,0.8751466734454384
1,1,0.9946801332757336,0.033162146588502917,0.9893602665514672
1,1,0.6714308161836907,0.6331607200054752,0.34286163236738154
0,0,0.9371572659579795,0.2347187990214447,0.8743145319159591
0,0,0.9371425546872817,0.2347585502121174,0.8742851093745634
0,0,0.9995525110008692,0.0038983607489099497,0.9991050220017382
1,1,0.9999999596078267,7.280539692532008e-07,0.9999999192156535
1,1,0.6921989533964112,0.6173299216470842,0.38439790679282243
1,0,0.9949801277384193,0.0315842162483596,0.9899602554768385
0,0,0.9992876486765181,0.005874464368481771,0.9985752973530363
0,0,0.9998390137570383,0.0015670579820687557,0.9996780275140765
0,0,0.9371336489824466,0.23478261245080037,0.874267297964893
1,1,0.9999999615701641,6.945974433749538e-07,0.9999999231403283
1,1,0.9999992715824492,1.1022699212535807e-05,0.9999985431648983
0,0,0.999829352318183,0.0016511569588932616,0.9996587046363661
1,1,0.7924158881301451,0.5107381587336597,0.5848317762602904
1,1,0.9421684610210941,0.2209587601870693,0.8843369220421881
1,1,0.9359384925232418,0.2379996521968926,0.8718769850464835
1,1,0.9999999609409562,7.053356875831334e-07,0.9999999218819124
1,1,0.9321672115759952,0.24799662032717112,0.8643344231519905
1,0,0.9380191237344937,0.23238353996215602,0.8760382474689876
0,0,0.9371361032339324,0.23477598146657833,0.8742722064678649
0,0,0.9979474843525057,0.014752788995566448,0.9958949687050115
1,1,0.9999876269943765,0.0001521878112612414,0.999975253988753
1,1,0.9360040479540973,0.2378238159497382,0.8720080959081946
1,1,0.9999995660321119,6.7917255028267585e-06,0.9999991320642239
1,0,0.9106913438118406,0.3009353812216573,0.8213826876236814
1,1,0.8794732666266923,0.3679731587162579,0.7589465332533847
1,1,0.9999999581697467,7.525114465350048e-07,0.9999999163394935
1,0,0.9965446827647868,0.02303352945637053,0.9930893655295737
1,1,0.9999999574092036,7.654259344934964e-07,0.9999999148184071
1,1,0.8192513728270866,0.47252676927549536,0.6385027456541732
1,0,0.9999678294951901,0.0003649565044041011,0.9999356589903804
0,0,0.9799128240917102,0.09837819265610812,0.9598256481834203
1,1,0.9359481702963313,0.23797369847282648,0.8718963405926625
1,1,0.9359434540572854,0.23798634661556634,0.8718869081145708
0,0,0.9989282256663957,0.008400463982203333,0.9978564513327913
0,0,0.9953577003043467,0.029572473437796586,0.9907154006086935
1,0,0.9365519085469648,0.2363515034623137,0.8731038170939296
1,0,0.9999220511545441,0.0008152996194805179,0.9998441023090883
1,1,0.9999999574092036,7.654259344934964e-07,0.9999999148184071
1,1,0.7461224974146932,0.5665550601542968,0.49224499482938633
0,0,0.9995235288265423,0.004120934884065254,0.9990470576530844
0,0,0.9995489817333784,0.003925562493965432,0.9990979634667568
1,1,0.9999999574092036,7.654259344934964e-07,0.9999999148184071
1,0,0.9871741132489398,0.06861656010448884,0.9743482264978796
1,1,0.8307471270280053,0.45469956770722214,0.6614942540560107
1,1,0.8660888288452095,0.39375462233703223,0.7321776576904191
1,1,0.9361067706157402,0.23754814347332903,0.8722135412314804
0,0,0.9992987957988281,0.005793602055090564,0.9985975915976563
1,0,0.9616030352329098,0.16281571838488856,0.9232060704658195
1,1,0.9999999549502822,8.070881798928859e-07,0.9999999099005643
1,1,0.9999978599233332,3.0078066690105206e-05,0.9999957198466665
1,1,0.9999999491377837,9.0504967669996e-07,0.9999998982755673
0,0,0.9371688003838501,0.23468762938417104,0.8743376007677
1,1,0.9999992422077484,1.1437249471463778e-05,0.9999984844154968
1,1,0.9999999531529851,8.374549724531441e-07,0.9999999063059701
1,0,0.9788616237389102,0.10243700793515675,0.9577232474778203
1,0,0.9999162234674481,0.0008702132953353429,0.9998324469348964
1,1,0.999999119181977,1.3161547864332961e-05,0.9999982383639542
0,0,0.9371464018488151,0.2347481551867476,0.8742928036976303
1,1,0.9999999491377837,9.0504967669996e-07,0.9999998982755673
1,0,0.6018280773329437,0.6722634796591653,0.20365615466588743
1,1,0.9319788737654688,0.24848987300956438,0.8639577475309378
1,1,0.9644660646732519,0.15348122521444652,0.9289321293465039
0,0,0.9239589558396969,0.2689921063702848,0.8479179116793939
0,0,0.9959436431864579,0.02638838229325312,0.9918872863729159
0,0,0.9542324236263007,0.18585930208591017,0.9084648472526012
1,1,0.99999996385483,6.555187727464619e-07,0.9999999277096601
1,1,0.7066792232199538,0.6050983342513615,0.4133584464399074
1,1,0.9999982067658906,2.5520391336174728e-05,0.999996413531781
0,0,0.9371605579706639,0.23470990320078663,0.8743211159413278
1,1,0.99999996385483,6.555187727464619e-07,0.9999999277096601
1,0,0.9214826042316072,0.2751333198481814,0.8429652084632143
0,0,0.9976658430649549,0.016476665634852967,0.9953316861299096
1,1,0.9999902345100411,0.00012242653884420975,0.9999804690200823
1,1,0.9999999627575701,6.743046260463807e-07,0.99999992551514
1,0,0.9729641533384423,0.12428244123814479,0.9459283066768847
0,0,0.9996111671837346,0.003442012885985766,0.9992223343674692
0,0,0.9371573449902896,0.23471858545903546,0.8743146899805793
0,0,0.9979474938575844,0.014752730191096696,0.9958949877151689
1,1,0.8104909453105742,0.48551030538422807,0.6209818906211483
1,0,0.9672572683164834,0.14415057182103766,0.9345145366329666
1,1,0.9999989954050034,1.4878981736883254e-05,0.9999979908100067
1,0,0.9976661228481213,0.016474970756637175,0.9953322456962427
1,0,0.997347497135732,0.01838429624483559,0.994694994271464
0,0,0.937164961226775,0.2346980042418489,0.87432992245355
1,1,0.9628142123680268,0.15889490412882198,0.9256284247360536
1,0,0.9997992087328185,0.0019101562906188787,0.999598417465637
0,0,0.9995483632009499,0.003930326966314089,0.9990967264018997
1,1,0.9625616575786935,0.1597158118722637,0.9251233151573869
1,0,0.7981528299260274,0.502952506876341,0.5963056598520547
1,1,0.7361894433651076,0.5770050233149501,0.47237888673021533
0,0,0.9371354302091701,0.23477779987906597,0.8742708604183403
1,0,0.999817429149213,0.0017541920268759686,0.9996348582984261
1,1,0.8240773671789406,0.4651541278984062,0.6481547343578811
1,1,0.9999999491377837,9.0504967669996e-07,0.9999998982755673
1,1,0.9999999522035974,8.534676426564379e-07,0.9999999044071947
0,0,0.9979474857674034,0.01475278024211088,0.9958949715348069
0,0,0.9979474862384475,0.014752777327933335,0.9958949724768951
0,0,0.9549841679449278,0.18356950156907736,0.9099683358898556
1,1,0.81669645189205,0.47636601889565977,0.6333929037841002
1,0,0.9999417997571916,0.000625745260937662,0.9998835995143831
0,0,0.9372434814784226,0.2344857629476314,0.8744869629568451
1,1,0.9999999621754697,6.842574025723138e-07,0.9999999243509394
0,0,0.9373702449939482,0.23414289819910566,0.874740489987896
1,1,0.9633013056820743,0.15730660730679624,0.9266026113641486
1,0,0.9344307605366988,0.24202412598338208,0.8688615210733975
1,0,0.9496920193788133,0.1994210769850887,0.8993840387576266
0,0,0.9371369855706664,0.23477359751272636,0.8742739711413328
0,0,0.9998390105668812,0.0015670858449650987,0.9996780211337625
1,0,0.9483897957168496,0.20322937257007795,0.8967795914336991
0,0,0.965927266798574,0.14862610053647296,0.931854533597148
0,0,0.9995491409314747,0.003924336075104158,0.9990982818629495
1,1,0.9361067706157402,0.23754814347332903,0.8722135412314804
1,1,0.996653598095483,0.022414850825702062,0.993307196190966
0,0,0.9348811409633135,0.24082588251343395,0.8697622819266269
0,1,0.9482697856747714,0.2035785803291215,0.8965395713495428
1,1,0.963433043555802,0.15687589158641588,0.926866087111604
1,0,0.9976661228481213,0.016474970756637175,0.9953322456962427
0,0,0.9996299319583629,0.0032942119700084893,0.9992598639167258
1,1,0.9999999558004616,7.926988957045926e-07,0.9999999116009233
1,1,0.764086433202111,0.5463236251614273,0.5281728664042221
1,1,0.9999988691759446,1.6614704095927145e-05,0.9999977383518893
1,0,0.9278148591770603,0.2592549017195292,0.8556297183541207
1,1,0.9999999491377837,9.0504967669996e-07,0.9999998982755673
0,0,0.9371358718637184,0.2347766065952417,0.8742717437274369
0,0,0.9372385311831201,0.2344991467569287,0.8744770623662401
0,0,0.9995357609990536,0.004027217111395258,0.9990715219981072
0,0,0.9371905114388893,0.23462895317295876,0.8743810228777785
1,0,0.9315409577879015,0.2496346049715325,0.8630819155758032
1,1,0.9999918996940131,0.00010306509108847174,0.9999837993880263
0,0,0.999480425680169,0.004448720473756236,0.9989608513603381
1,0,0.9966252266796104,0.022576348759851098,0.9932504533592208
0,0,0.9998272771764112,0.0016691477783069089,0.9996545543528225
0,1,0.8229351932089424,0.4669134042406229,0.6458703864178847
1,1,0.9999999596078267,7.280539692532008e-07,0.9999999192156535
0,0,0.9997845151336124,0.002034718463896596,0.999569030267225
0,0,0.9371532651057198,0.23472961005169077,0.8743065302114399
0,0,0.9996759743447001,0.0029274181530232427,0.9993519486894001
1,1,0.7066808162834501,0.6050969334485192,0.4133616325669004
0,0,0.9382723788945618,0.2316949074673606,0.8765447577891234
0,0,0.9995426078890454,0.003974618885039761,0.9990852157780908
0,0,0.997534266026573,0.017270079348311627,0.9950685320531459
1,1,0.9359384925232418,0.2379996521968926,0.8718769850464835
1,1,0.9361067706157402,0.23754814347332903,0.8722135412314804
0,0,0.9979474848249698,0.014752786072604617,0.9958949696499394
1,1,0.9999971194278259,3.9629529791462785e-05,0.9999942388556518
1,1,0.9360012089100521,0.2378314324697362,0.8720024178201042
1,1,0.9999999491377837,9.0504967669996e-07,0.9999998982755673
0,0,0.9371658368140394,0.2346956380951955,0.874331673628079
0,0,0.9995470437449285,0.003940487728366616,0.9990940874898571
1,1,0.7293732047559613,0.5838812686817394,0.4587464095119228
1,1,0.9999991097860729,1.3292499512434771e-05,0.9999982195721459
0,0,0.9995764045600457,0.0037134578461332506,0.9991528091200913
0,0,0.9899686368976642,0.056145601941283874,0.9799372737953285
1,1,0.9360460499484307,0.23771111827181124,0.8720920998968613
0,0,0.9995424463447522,0.0039758610532873,0.9990848926895045
0,0,0.999829350856679,0.001651169638515035,0.9996587017133579
0,0,0.9978839281663993,0.015145011856279485,0.9957678563327986
0,0,0.9371410815530931,0.23476253055221877,0.8742821631061861
0,0,0.9994080167848516,0.004991446320493658,0.998816033569703
0,0,0.93714215280299,0.23475963608844674,0.87428430560598
1,1,0.9999990867458879,1.3613195214879508e-05,0.9999981734917758
0,0,0.9599289289764692,0.1681699495406221,0.9198578579529384
0,0,0.9960378650626237,0.025868733775619622,0.9920757301252474
0,0,0.9913470013451509,0.04971589307166315,0.9826940026903017
1,0,0.9772554107564903,0.10853646317008814,0.9545108215129805
0,0,0.9969866814967842,0.02050022392915393,0.9939733629935683
0,0,0.9371634677623804,0.23470204008113,0.8743269355247605
0,0,0.987522502250757,0.06709853742885737,0.975045004501514
1,1,0.9999999531529851,8.374549724531441e-07,0.9999999063059701
1,1,0.9999999581697467,7.525114465350048e-07,0.9999999163394935
0,0,0.9995509723272211,0.003910223450333311,0.9991019446544422
1,1,0.9999999633171419,6.647284671280214e-07,0.9999999266342838
0,0,0.9375005240659833,0.23379023950712435,0.8750010481319666
1,0,0.8861033845788107,0.35458539271279216,0.7722067691576215
1,0,0.9945409874385949,0.03388820088699365,0.9890819748771897
0,0,0.9993227336413815,0.005619351589325608,0.9986454672827629
0,0,0.956892531369399,0.17769712069288343,0.913785062738798
1,1,0.9999999627575701,6.743046260463807e-07,0.99999992551514
1,1,0.9351938412327517,0.23999198054278642,0.8703876824655034
0,0,0.9995510497470099,0.0039096266937126,0.9991020994940196
0,0,0.9371687905211123,0.23468765603734715,0.8743375810422248
1,0,0.9948530148526896,0.032254952680711504,0.9897060297053792
1,1,0.9999994903960363,7.893577710170325e-06,0.9999989807920726
0,0,0.7644142536130109,0.5459380673747052,0.5288285072260217
1,1,0.7301965002401001,0.5830632985876395,0.46039300048020004
0,0,0.9630509397959759,0.1581238245262468,0.9261018795919519
0,0,0.9976661370924911,0.016474884465800557,0.9953322741849822
1,0,0.9999195995146811,0.0008384524527157604,0.9998391990293621
0,0,0.9371663589772483,0.23469422701921797,0.8743327179544966
1,0,0.995569231639753,0.028432079295776166,0.9911384632795059
1,1,0.9361067706157402,0.23754814347332903,0.8722135412314804
0,0,0.9386411680535447,0.23069014196157944,0.8772823361070895
1,0,0.9998104791236984,0.0018138885025402068,0.9996209582473967
1,1,0.9999999531529851,8.374549724531441e-07,0.9999999063059701
0,0,0.9374542779395407,0.2339154585065477,0.8749085558790816
1,1,0.99999996385483,6.555187727464619e-07,0.9999999277096601
0,0,0.9371683398046781,0.23468887405689257,0.8743366796093561
0,0,0.9371460774709907,0.23474903166489977,0.8742921549419813
1,1,0.8956035798077643,0.33463688368472466,0.7912071596155283
1,1,0.9360012089100521,0.2378314324697362,0.8720024178201042
0,0,0.9993679334613004,0.005287994941269461,0.9987358669226006
1,1,0.7352500084748745,0.577966853875785,0.47050001694974913
0,0,0.9370258207202581,0.23507384582615154,0.8740516414405161
1,1,0.934817062797618,0.24099656618282522,0.8696341255952361
0,0,0.999551993243261,0.003902353091081956,0.9991039864865221
0,0,0.9995130553832211,0.0042009280123842755,0.9990261107664422
0,0,0.9371673366286217,0.23469158503516857,0.8743346732572437
0,0,0.9382169903239133,0.2318456103938647,0.8764339806478264
1,1,0.9221538957119846,0.2734770323875889,0.8443077914239693
0,0,0.9976661023404089,0.01647509498996747,0.9953322046808177
1,1,0.9974147368282673,0.0179847302533474,0.9948294736565345
1,1,0.9359823666050391,0.2378819787488853,0.8719647332100782
0,0,0.9371408493205646,0.23476315803035408,0.8742816986411293
0,0,0.9371442716955568,0.2347539108890772,0.8742885433911136
1,1,0.9999999540681559,8.220012039651388e-07,0.9999999081363118
0,0,0.9365402545676321,0.23638287463190097,0.8730805091352641
0,0,0.937449615348844,0.2339280812137541,0.8748992306976879
1,1,0.9299400482206547,0.253793995952424,0.8598800964413092
0,0,0.937161522111453,0.2347072978225377,0.8743230442229061
1,1,0.9999956804703043,5.76759235998863e-05,0.9999913609406085
0,0,0.9377048912128029,0.2332364444176346,0.8754097824256057
1,1,0.9999988974238457,1.6227562145853398e-05,0.9999977948476916
1,1,0.8736824052772539,0.3793261697174644,0.7473648105545078
1,0,0.9400102542254113,0.2269393067050542,0.8800205084508227
0,0,0.9371720065864667,0.23467896481755612,0.8743440131729333
1,1,0.5651724007608149,0.6846280775938348,0.1303448015216298
1,1,0.9999999609409562,7.053356875831334e-07,0.9999999218819124
1,1,0.9999999615701641,6.945974433749538e-07,0.9999999231403283
1,0,0.8647428024509544,0.3962596101126825,0.7294856049019087
0,0,0.9655256533292718,0.1499668922100538,0.9310513066585435
0,0,0.975323162313617,0.11572077279396852,0.9506463246272341
0,0,0.9806806371130947,0.09537824430517208,0.9613612742261893
0,1,0.9924687112036851,0.04432098659970718,0.9849374224073701
0,0,0.9998390133297099,0.0015670617143661875,0.9996780266594198
1,1,0.9359952026099247,0.23784754558575488,0.8719904052198496
0,0,0.9780136684946754,0.10567201871677584,0.9560273369893509
1,0,0.9965962872695725,0.022740833326043892,0.9931925745391451
1,1,0.9999999581697467,7.525114465350048e-07,0.9999999163394935
1,1,0.9999999609409562,7.053356875831334e-07,0.9999999218819124
1,0,0.9999079583201113,0.0009474055381365433,0.9998159166402226
0,0,0.9998191572629161,0.0017393078902841997,0.9996383145258323
1,1,0.9999999491377837,9.0504967669996e-07,0.9999998982755673
1,0,0.9979474769496368,0.014752834794396864,0.9958949538992737
0,0,0.9371667083135843,0.23469328298207884,0.8743334166271687
0,0,0.9998390105668812,0.0015670858449650987,0.9996780211337625
0,0,0.997333349331058,0.018468149240989676,0.994666698662116
1,0,0.938344090421387,0.23149971384737872,0.876688180842774
1,0,0.9235557459303142,0.2699979254167967,0.8471114918606285
1,1,0.9999999589023253,7.400587430968554e-07,0.9999999178046507
0,0,0.9435114924643346,0.21719415611543752,0.8870229849286693
1,1,0.9999999491377837,9.0504967669996e-07,0.9999998982755673
0,0,0.9371367508970535,0.23477423157020108,0.8742735017941071
0,0,0.9995443432757467,0.003961271310343466,0.9990886865514935
0,0,0.93861233529807,0.23076878168371467,0.87722467059614
1,1,0.9999999512187996,8.700576279406352e-07,0.9999999024375992
1,0,0.9953405785765285,0.029664349346073298,0.9906811571530569
0,0,0.9580821074004724,0.17399213542035868,0.9161642148009447
1,1,0.936003922715659,0.23782415193928585,0.8720078454313179
1,0,0.9999140160883663,0.0008909057364553719,0.9998280321767327
1,1,0.9359612603878819,0.237938591152417,0.8719225207757637
1,1,0.9418267404968074,0.22191131291200414,0.8836534809936147
1,1,0.9999988909891087,1.631581422780619e-05,0.9999977819782174
0,0,0.9371421454182601,0.23475965604168547,0.8742842908365202
0,0,0.999808404853254,0.0018316553927429325,0.9996168097065079
1,1,0.675359861829736,0.630317714655409,0.3507197236594717
1,0,0.9966776115896471,0.02227797087912328,0.9933552231792941
1,1,0.8479884383354417,0.42618253464615763,0.6959768766708836
0,0,0.9979474772164161,0.014752833143932746,0.995894954432832
1,1,0.9615189947905808,0.16308628541587558,0.9230379895811617
0,0,0.999648270721827,0.0031488468271485886,0.9992965414436542
0,0,0.9979474862384475,0.014752777327933335,0.9958949724768951
0,0,0.9998293519817385,0.0016511598777976012,0.999658703963477
1,1,0.9999999491377837,9.0504967669996e-07,0.9999998982755673
0,0,0.9975166825002741,0.01737556698497599,0.9950333650005484
1,1,0.9361067706157402,0.23754814347332903,0.8722135412314804
1,0,0.9592187769444059,0.17041901902031734,0.918437553888812
1,0,0.9684110986314809,0.14022269107242702,0.9368221972629618
0,0,0.9607138754138398,0.16566873941610505,0.9214277508276796
1,1,0.9360546012346512,0.23768817027265515,0.8721092024693027
1,1,0.9999999512187996,8.700576279406352e-07,0.9999999024375992
1,1,0.8493758719437949,0.42379017514053874,0.69875174388759
1,0,0.6586043552652792,0.6419568637615645,0.31720871053055827
1,1,0.7005264021042689,0.6104176226975384,0.40105280420853784
0,0,0.9659773324952855,0.14845861315530598,0.931954664990571
0,0,0.937227487070679,0.234529004543805,0.8744549741413581
1,1,0.9999999574092036,7.654259344934964e-07,0.9999999148184071
0,0,0.9936407565429425,0.03850305367502124,0.9872815130858851
1,1,0.9360012089100521,0.2378314324697362,0.8720024178201042
1,1,0.9071407397513315,0.3091036655696229,0.8142814795026628
1,1,0.9999999531529851,8.374549724531441e-07,0.9999999063059701
0,0,0.937136578083163,0.23477469849018212,0.8742731561663258
1,1,0.9999999540681559,8.220012039651388e-07,0.9999999081363118
1,1,0.9999999522035974,8.534676426564379e-07,0.9999999044071947
0,0,0.9371691116361681,0.2346867882514555,0.8743382232723363
0,0,0.9994309524207913,0.004820551094429875,0.9988619048415827
1,1,0.9357907906444152,0.23839556342703364,0.8715815812888303
1,1,0.9359420331366021,0.23799015720795735,0.8718840662732043
1,0,0.9976661274361436,0.0164749429629098,0.9953322548722869
0,0,0.952143547655689,0.1921546625535726,0.904287095311378
1,0,0.9952650185494626,0.030069055719478547,0.9905300370989251
0,0,0.9995130553657164,0.004200928145890041,0.9990261107314329
1,1,0.9955882729553545,0.02832893433503584,0.9911765459107088
1,1,0.9360053210553557,0.23782040046019218,0.8720106421107116
1,1,0.9999973008690578,3.7308951652326043e-05,0.9999946017381156
0,0,0.9371417453949978,0.23476073688680987,0.8742834907899957
0,0,0.9372080069925112,0.23458166393282673,0.8744160139850222
1,0,0.9979474931303697,0.014752734690112105,0.9958949862607394
1,1,0.9359384925232418,0.2379996521968926,0.8718769850464835
0,0,0.9995425851251276,0.003974793927892973,0.9990851702502552
1,0,0.5354486133421723,0.6906318625342406,0.0708972266843445
1,0,0.9979474890850284,0.014752759717173079,0.9958949781700568
1,1,0.9999999531529851,8.374549724531441e-07,0.9999999063059701
0,0,0.9979474898123699,0.014752755217376075,0.9958949796247397
0,0,0.9565085074555799,0.17888581028085118,0.9130170149111598
0,0,0.9371647105838822,0.23469868156524976,0.8743294211677642
1,0,0.9221665921979623,0.2734456458273191,0.8443331843959244
1,1,0.9999999566197619,7.78816771380435e-07,0.9999999132395239
1,1,0.9359978488225461,0.23784044665890666,0.871995697645092
0,0,0.9575406908007985,0.1756827129079061,0.9150813816015971
1,0,0.9370782312486103,0.23493231484957744,0.8741564624972206
1,0,0.9400013274256621,0.22696387002639837,0.8800026548513242
0,0,0.9419587793271416,0.22154350536545156,0.8839175586542831
1,1,0.9999999501972988,8.872449120709397e-07,0.9999999003945976
1,1,0.9360040479540973,0.2378238159497382,0.8720080959081946
1,1,0.9359420331366021,0.23799015720795735,0.8718840662732043
0,0,0.9999728526211524,0.0003125807970720787,0.999945705242305
1,1,0.9999999615701641,6.945974433749538e-07,0.9999999231403283
0,0,0.9998390131965198,0.0015670628776530211,0.9996780263930396
1,1,0.9973185832780642,0.01855558628874853,0.9946371665561285
1,0,0.9372211004937099,0.23454626972522413,0.8744422009874199
1,1,0.9999999566197619,7.78816771380435e-07,0.9999999132395239
0,0,0.9371716091492981,0.2346800388766928,0.8743432182985962
1,1,0.9131354449897527,0.295222890299838,0.8262708899795055
1,0,0.9999243384687561,0.0007936291505780601,0.9998486769375121
1,0,0.995517451434551,0.028712152989982156,0.991034902869102
1,1,0.9999999491377837,9.0504967669996e-07,0.9999998982755673
1,0,0.9372211004937099,0.23454626972522413,0.8744422009874199
0,0,0.9915372451149658,0.04881179207873006,0.9830744902299315
1,1,0.696656639447603,0.6136705659521295,0.393313278895206
0,0,0.981950169267045,0.09034913640154522,0.9639003385340901
0,0,0.937145525833676,0.23475052220058729,0.8742910516673519
1,1,0.9999999501972988,8.872449120709397e-07,0.9999999003945976
1,1,0.9999988395416239,1.7020088944444332e-05,0.9999976790832479
0,0,0.9990548761081721,0.0075267037653476915,0.9981097522163441
1,0,0.9370782312486103,0.23493231484957744,0.8741564624972206
1,1,0.8559404505137694,0.41226485188631323,0.7118809010275389
0,0,0.9984325883766892,0.011689043579751568,0.9968651767533786
1,1,0.7136018074678808,0.59889510067676,0.4272036149357614
1,1,0.9360040479540973,0.2378238159497382,0.8720080959081946
0,0,0.9979474798362157,0.014752816936196959,0.9958949596724315
1,0,0.8914071672182172,0.3435631635738332,0.7828143344364346
1,1,0.9999999615701641,6.945974433749538e-07,0.9999999231403283
1,1,0.9999997866743706,3.490102430421854e-06,0.9999995733487412
1,0,0.9953451377981536,0.02963989055645884,0.9906902755963073
1,1,0.9999999558004616,7.926988957045926e-07,0.9999999116009233
1,0,0.9767514676950048,0.11042582910901097,0.9535029353900096
1,1,0.9999999621754697,6.842574025723138e-07,0.9999999243509394
0,0,0.9380242535372463,0.23236960234674153,0.8760485070744926
1,1,0.9613628818685872,0.16358838245900093,0.9227257637371745
1,1,0.9999999627575701,6.743046260463807e-07,0.99999992551514
0,0,0.9992490268937243,0.006153297256884331,0.9984980537874486
1,0,0.9997966807075995,0.0019316616290199345,0.9995933614151992
0,0,0.9371654193515664,0.2346967662281591,0.8743308387031328
0,0,0.9995424842072484,0.003975569920976993,0.9990849684144969
1,1,0.9999999596078267,7.280539692532008e-07,0.9999999192156535
1,1,0.9094863536748085,0.3037246052305897,0.8189727073496169
1,1,0.9999999700841431,5.482044027028913e-07,0.9999999401682862
1,1,0.8873714028792395,0.35197600766603365,0.774742805758479
1,1,0.6354970662866808,0.655965098174261,0.2709941325733615
0,0,0.9981245773265016,0.013649294187395302,0.9962491546530033
0,0,0.9371441440282284,0.2347542558454436,0.8742882880564568
1,1,0.9999999627575701,6.743046260463807e-07,0.99999992551514
1,1,0.9361067706157402,0.23754814347332903,0.8722135412314804
0,0,0.9380693089868882,0.23224716775418894,0.8761386179737763
1,1,0.9397060873333692,0.22777546892815598,0.8794121746667384
0,0,0.9371704859178677,0.23468307435326974,0.8743409718357353
0,0,0.9371660232078556,0.23469513439146011,0.8743320464157112
1,1,0.9999999609409562,7.053356875831334e-07,0.9999999218819124
0,0,0.937158185078107,0.23471631535335327,0.8743163701562141
1,1,0.8394703189406979,0.44054716857878196,0.6789406378813957
1,1,0.9489682495824178,0.20154203640641444,0.8979364991648356
1,1,0.9999999574092036,7.654259344934964e-07,0.9999999148184071
1,1,0.9169384822279025,0.28618371372561374,0.8338769644558052
1,1,0.9351996390525465,0.23997650383673427,0.870399278105093
1,1,0.999997814080981,3.067603579976884e-05,0.9999956281619619
0,0,0.9998390105668812,0.0015670858449650987,0.9996780211337625
1,0,0.9783362597024589,0.10444532051678558,0.9566725194049176
0,0,0.9371594438691054,0.23471291379534542,0.8743188877382111
0,0,0.9994026033248327,0.005031651432887225,0.9988052066496654
1,0,0.9953265354496074,0.029739658158564636,0.9906530708992147
0,0,0.9691436973373887,0.13770627640574234,0.9382873946747774
1,0,0.9999564592671005,0.0004807677117984486,0.9999129185342011
0,0,0.9994384041912441,0.004764830053307851,0.9988768083824882
0,0,0.9470790955113598,0.20702747103731592,0.8941581910227197
1,1,0.9798017640120511,0.09880961286259099,0.9596035280241022
0,0,0.974775077905572,0.1177298303722838,0.9495501558111442
1,1,0.9359384925232418,0.2379996521968926,0.8718769850464835
0,0,0.986137904676085,0.07307589054076183,0.9722758093521698
0,0,0.9371715924845535,0.23468008391248532,0.8743431849691071
1,0,0.9997592728826956,0.0022463995442611197,0.9995185457653911
0,0,0.9979474803079738,0.014752814017603054,0.9958949606159476
1,0,0.9212999232681836,0.27558297116484104,0.842599846536367
0,0,0.9407738700455597,0.22483286106021583,0.8815477400911196
0,0,0.994519963899737,0.03399758803534374,0.989039927799474
1,1,0.5748518472592017,0.681899347562883,0.14970369451840337
0,0,0.9985922125117745,0.010649957031611042,0.9971844250235492
1,1,0.9999999602871033,7.164837943213794e-07,0.9999999205742065
0,0,0.9997453091384725,0.002362342476250497,0.999490618276945
1,1,0.9999999566197619,7.78816771380435e-07,0.9999999132395239
0,0,0.9371420319052,0.2347599627492186,0.8742840638103999
1,1,0.9999999540681559,8.220012039651388e-07,0.9999999081363118
0,0,0.9693093714792735,0.13713472600402138,0.938618742958547
1,1,0.9999999627575701,6.743046260463807e-07,0.99999992551514
1,1,0.9999999540681559,8.220012039651388e-07,0.9999999081363118
1,1,0.9956466147175048,0.028012387200356963,0.9912932294350097
1,1,0.9874180061039893,0.06755487667750751,0.9748360122079786
1,1,0.9999999615701641,6.945974433749538e-07,0.9999999231403283
1,1,0.9999999602871033,7.164837943213794e-07,0.9999999205742065
1,1,0.9359384925232418,0.2379996521968926,0.8718769850464835
0,0,0.940717751600374,0.2249880193876265,0.8814355032007479
0,0,0.9756526823276498,0.11450689377360415,0.9513053646552995
1,0,0.6784868080153698,0.6280048020238111,0.35697361603073946
0,1,0.8360620925731999,0.44614251618306866,0.6721241851463997
0,0,0.938751144206109,0.23039005559544845,0.877502288412218
1,1,0.7194911327565464,0.5934332810335373,0.4389822655130929
1,1,0.9946956376007512,0.03308102114769968,0.9893912752015024
1,1,0.9999999512187996,8.700576279406352e-07,0.9999999024375992
0,0,0.974142135466152,0.12003475812279858,0.9482842709323039
1,1,0.9361067706157402,0.23754814347332903,0.8722135412314804
0,0,0.9371448215735185,0.23475242511891453,0.874289643147037
0,0,0.9995451674328483,0.003954930063969598,0.9990903348656965
1,1,0.840359758777178,0.43907283550679554,0.680719517554356
0,0,0.93719149169954,0.23462630373549542,0.8743829833990798
0,0,0.9998293540540026,0.0016511418993670674,0.9996587081080053
1,1,0.9999999589023253,7.400587430968554e-07,0.9999999178046507
1,1,0.9999990263178588,1.4451566034944103e-05,0.9999980526357175
0,0,0.9367841724186718,0.23572579866554802,0.8735683448373437
0,0,0.9997407996990149,0.0023996193160386943,0.9994815993980297
0,0,0.9995492178621987,0.0039237434015638156,0.9990984357243975
1,1,0.7066829875292554,0.6050950242222332,0.41336597505851097
1,0,0.9969866807715179,0.020500228136927697,0.9939733615430358
0,0,0.9387062215845501,0.2305126590742963,0.8774124431691002
1,1,0.934788539052203,0.2410725226092325,0.8695770781044063
0,0,0.9371486888063877,0.2347419757113346,0.8742973776127754
1,1,0.935997712515383,0.23784081232949825,0.8719954250307661
0,0,0.9929087803463407,0.04215973956938211,0.9858175606926813
1,1,0.9999999491377837,9.0504967669996e-07,0.9999998982755673
0,0,0.9995511957222296,0.00390850147116146,0.9991023914444592
0,0,0.9998390102863168,0.0015670882954190637,0.9996780205726336
1,0,0.9976661136818533,0.01647502628484174,0.9953322273637067
1,1,0.9999999566197619,7.78816771380435e-07,0.9999999132395239
1,1,0.99999940736968,9.090175572827074e-06,0.99999881473936
0,0,0.9989951180243004,0.007940961811797776,0.9979902360486008
0,0,0.9999930047050556,9.003132968407356e-05,0.9999860094101112
1,0,0.9370782312486103,0.23493231484957744,0.8741564624972206
0,0,0.9996251932963969,0.0033316240658952784,0.9992503865927937
0,0,0.9510426486944484,0.19543370840485771,0.9020852973888968
0,0,0.9993954512397308,0.0050846939120001095,0.9987909024794618
0,0,0.9976658430649549,0.016476665634852967,0.9953316861299096
1,1,0.9999993020820311,1.0591019577600513e-05,0.9999986041640623
1,1,0.9999999581697467,7.525114465350048e-07,0.9999999163394935
0,0,0.9995130724206714,0.00420079806961381,0.999026144841343
1,1,0.9612967554173256,0.16380086320444553,0.9225935108346511
0,0,0.9995521812472044,0.003900903493430396,0.9991043624944087
0,0,0.9371436964574613,0.23475546517682355,0.8742873929149226
0,0,0.9986418408220333,0.01032329410186622,0.9972836816440668
0,0,0.9580055855966307,0.17423151617464336,0.9160111711932616
0,1,0.94442830514465,0.21460487877397977,0.8888566102893002
0,0,0.9997563951871999,0.0022703582324952436,0.9995127903743999
1,1,0.9999999501972988,8.872449120709397e-07,0.9999999003945976
1,1,0.8870995617846331,0.35253676390548083,0.7741991235692662
0,0,0.9995263240431764,0.0040995470962949965,0.999052648086353
1,1,0.985789403879982,0.07455771421295204,0.9715788077599641
0,0,0.9977223086894839,0.016133919849563083,0.9954446173789678
1,0,0.9212999232681836,0.27558297116484104,0.842599846536367
0,0,0.9906852063567854,0.05282866122121084,0.9813704127135708
1,0,0.9212999232681836,0.27558297116484104,0.842599846536367
1,1,0.9573936205521353,0.17614069191689255,0.9147872411042706
1,1,0.9360023834393659,0.23782828148668128,0.8720047668787321
1,0,0.9811600863893275,0.09348926408113259,0.9623201727786551
1,1,0.9535962875091148,0.18778684561092326,0.9071925750182299
1,1,0.9131980618643951,0.2950755572423938,0.8263961237287901
1,1,0.9999999491377837,9.0504967669996e-07,0.9999998982755673
1,1,0.9360040479540973,0.2378238159497382,0.8720080959081946
1,1,0.9999999609409562,7.053356875831334e-07,0.9999999218819124
0,0,0.9370158432072067,0.23510078412870497,0.8740316864144134
0,0,0.9992499598332599,0.006146585679285961,0.9984999196665199
0,0,0.9382313513014044,0.23180654168868942,0.8764627026028089
0,0,0.8497791130605216,0.4230920472642062,0.6995582261210433
1,0,0.9976659231046663,0.01647618077150444,0.9953318462093327
0,0,0.9470667670691423,0.20706303195056908,0.8941335341382844
0,0,0.9293837069951105,0.2552301961703704,0.8587674139902212
1,1,0.9615224825406947,0.16307506045240278,0.9230449650813893
1,1,0.9089775470148284,0.3048970454564896,0.8179550940296567
0,0,0.9976007308817773,0.016870198149486305,0.9952014617635546
1,1,0.9359434540572854,0.23798634661556634,0.8718869081145708
0,1,0.8192116374786591,0.4725868153288063,0.6384232749573181
1,1,0.9999994354013148,8.687564866946739e-06,0.9999988708026295
1,1,0.9999999615701641,6.945974433749538e-07,0.9999999231403283
1,0,0.9479227846301854,0.20458664180558409,0.895845569260371
1,0,0.9373369696523876,0.23423292644935215,0.874673939304775
0,0,0.9584211683511561,0.1729297038887415,0.9168423367023122
0,0,0.9995396532617947,0.003997328999895553,0.9990793065235896
0,0,0.998119952232887,0.013678320394538333,0.9962399044657739
0,0,0.9610761564967363,0.16450885348999167,0.9221523129934726
1,1,0.9999978739307634,2.989515841573035e-05,0.9999957478615269
1,1,0.8222791610817414,0.46791983146672184,0.6445583221634826
1,1,0.9999999549502822,8.070881798928859e-07,0.9999999099005643
1,1,0.9999999522035974,8.534676426564379e-07,0.9999999044071947
1,1,0.9350711360671244,0.2403193998240613,0.870142272134249
0,0,0.9995451707910135,0.003954904222451505,0.9990903415820269
1,1,0.9999999540681559,8.220012039651388e-07,0.9999999081363118
1,1,0.6114657178218313,0.6680879361208951,0.22293143564366258
1,1,0.9221898312655168,0.2733881914843792,0.8443796625310336
0,0,0.9861497777405352,0.07302525106072229,0.9722995554810705
0,0,0.9376980830110853,0.23325490481642058,0.8753961660221703
0,0,0.9995323875478825,0.004053094924388735,0.9990647750957651
0,0,0.947433991726613,0.206002483877525,0.8948679834532262
0,0,0.9906837926405837,0.05283525863377378,0.9813675852811674
1,1,0.9472890033156444,0.20642153420034853,0.8945780066312888
1,1,0.7004814527481301,0.6104558161056193,0.40096290549626035
1,1,0.9999999491377837,9.0504967669996e-07,0.9999998982755673
1,0,0.9951169796279813,0.030858471019949953,0.9902339592559627
0,0,0.9386724520854461,0.23060480019317692,0.8773449041708923
0,0,0.9373028548678891,0.23432520628780823,0.8746057097357782
0,0,0.9865220476583983,0.07143221245501483,0.9730440953167967
1,0,0.9386359734269266,0.23070431107992379,0.8772719468538531
0,0,0.9990463870638996,0.007585777047629985,0.9980927741277992
0,0,0.9371394969983234,0.2347668119044261,0.8742789939966471
1,1,0.9999999627575701,6.743046260463807e-07,0.99999992551514
0,0,0.9571588497455813,0.17687067369130136,0.9143176994911627
0,0,0.9966184385445065,0.022614953143435833,0.9932368770890129
1,1,0.9361067706157402,0.23754814347332903,0.8722135412314804
1,0,0.9973474919468341,0.018384327012896426,0.9946949838936683
0,0,0.9837710813258349,0.08297524476293516,0.9675421626516699
1,1,0.8563611788794598,0.41151440649824456,0.7127223577589195
1,1,0.9999954988531511,5.991555830278602e-05,0.9999909977063022
0,0,0.999554653815662,0.0038818314823417426,0.9991093076313239
0,0,0.9759328658900983,0.11347116591613698,0.9518657317801966
1,1,0.9359776571617424,0.23789461135380446,0.8719553143234848
1,1,0.9422505802238416,0.22072953233991974,0.8845011604476831
1,1,0.9999999627575701,6.743046260463807e-07,0.99999992551514
0,0,0.9966634002111626,0.022358998483479456,0.9933268004223252
1,1,0.6565120634463781,0.6433219434377917,0.3130241268927564
0,0,0.9979475134055003,0.014752609255103338,0.9958950268110005
0,0,0.9998390140009,0.0015670558521727702,0.9996780280018
0,0,0.9998293505211543,0.0016511725494356916,0.9996587010423086
1,1,0.9999999574092036,7.654259344934964e-07,0.9999999148184071
1,0,0.9997990237965978,0.0019117305756184563,0.9995980475931955
1,1,0.9999999512187996,8.700576279406352e-07,0.9999999024375992
1,0,0.9999548682908503,0.0004967152089242079,0.9999097365817009
0,0,0.9706707175643546,0.13240290168886684,0.9413414351287092
1,1,0.9325235079543954,0.24706195213183832,0.8650470159087909
0,0,0.9870937253460297,0.06896546071723833,0.9741874506920593
1,1,0.9665985585773634,0.14637401416093743,0.9331971171547268
1,1,0.7005258513837483,0.6104180907023059,0.40105170276749663
1,1,0.9999999621754697,6.842574025723138e-07,0.9999999243509394
1,0,0.9976661090936936,0.016475054079376193,0.9953322181873872
1,1,0.9359916137751758,0.237857173074095,0.8719832275503518
1,1,0.9973853575336152,0.018159527183980107,0.9947707150672305
0,0,0.9995280796003123,0.004086105901993305,0.9990561592006245
0,0,0.9994617248499319,0.004589803042360101,0.9989234496998639
1,1,0.7404395999462771,0.5725966070229429,0.4808791998925541
0,0,0.9371419575814405,0.23476016356878493,0.8742839151628808
1,1,0.9999999566197619,7.78816771380435e-07,0.9999999132395239
1,1,0.9999993411496864,1.0036114726989087e-05,0.9999986822993726
0,0,0.9979474919729305,0.01475274185076978,0.9958949839458611
0,0,0.9370516567297702,0.23500408330421957,0.8741033134595404
1,0,0.9220033876967276,0.27384892724469767,0.8440067753934555
0,0,0.9663043387596811,0.14736278121996085,0.9326086775193624
0,1,0.9472631737650656,0.20649614341305486,0.8945263475301314
1,1,0.9999999589023253,7.400587430968554e-07,0.9999999178046507
1,0,0.9951668094621003,0.030593264624794374,0.9903336189242007
1,1,0.9361067706157402,0.23754814347332903,0.8722135412314804
1,1,0.7004814527481301,0.6104558161056193,0.40096290549626035
0,0,0.9371507987701243,0.23473627440349404,0.8743015975402485
1,1,0.9359420331366021,0.23799015720795735,0.8718840662732043
0,0,0.9887900324805272,0.06149032510009987,0.9775800649610544
0,0,0.9993385301314512,0.00550390246746724,0.9986770602629025
0,0,0.937060428246687,0.23498039583748165,0.8741208564933738
1,1,0.9383540071314456,0.23147271428192887,0.876708014262891
1,1,0.9360012089100521,0.2378314324697362,0.8720024178201042
0,0,0.9381805120316956,0.23194483274426586,0.8763610240633911
1,0,0.9370782312486103,0.23493231484957744,0.8741564624972206
0,0,0.9638171428942309,0.1556172642007977,0.927634285788462
0,0,0.9992880424922308,0.005871610581583081,0.9985760849844615
1,1,0.9999991838751651,1.2257132510451538e-05,0.99999836775033
1,0,0.9401418630841949,0.22657700266871603,0.8802837261683899
0,0,0.9995500759407938,0.003917131881691653,0.9991001518815876
1,0,0.9733232725384982,0.12299318920793098,0.9466465450769963
1,1,0.9999983839420007,2.3167031607477527e-05,0.9999967678840015
1,1,0.8169596854007891,0.47597248388278474,0.6339193708015781
1,1,0.9999999596078267,7.280539692532008e-07,0.9999999192156535
1,1,0.9325235079543954,0.24706195213183832,0.8650470159087909
1,1,0.7066791893806712,0.6050983640065795,0.4133583787613424
1,1,0.9999999549502822,8.070881798928859e-07,0.9999999099005643
1,0,0.8650312282863027,0.39572415109296966,0.7300624565726054
0,0,0.9993950350693327,0.005087777767599226,0.9987900701386654
0,0,0.985651846543315,0.07514020910000577,0.9713036930866299
0,0,0.9995489391667362,0.003925890406281847,0.9990978783334722
1,1,0.9999999627575701,6.743046260463807e-07,0.99999992551514
1,0,0.9372211004937099,0.23454626972522413,0.8744422009874199
0,0,0.999829353481741,0.0016511468641652273,0.9996587069634818
0,0,0.9587878878236912,0.1717773574860117,0.9175757756473825
1,1,0.9359325506054951,0.23801558637945067,0.8718651012109905
1,1,0.9999999491377837,9.0504967669996e-07,0.9999998982755673
0,0,0.9423553872934243,0.220436793456528,0.8847107745868484
1,1,0.9999999491377837,9.0504967669996e-07,0.9999998982755673
1,0,0.997666104504908,0.016475081877693462,0.9953322090098159
1,1,0.9361551051777542,0.23741836902666527,0.8723102103555085
1,1,0.9999928925984347,9.136117151377148e-05,0.9999857851968695
0,0,0.9371727961489803,0.23467683104632936,0.8743455922979605
0,0,0.9995509927434884,0.003910066081752672,0.9991019854869767
1,0,0.968966003784162,0.13831827189609527,0.9379320075683241
0,0,0.9995979303721646,0.003545725081935235,0.9991958607443292
0,0,0.9380676424919909,0.23225169694338993,0.8761352849839819
0,0,0.937167211198804,0.23469192399491945,0.8743344223976076
1,1,0.9999999589023253,7.400587430968554e-07,0.9999999178046507
0,0,0.937162612251419,0.23470435194023526,0.8743252245028381
1,1,0.935173318891838,0.2400467584445613,0.870346637783676
1,1,0.9999999531529851,8.374549724531441e-07,0.9999999063059701
1,0,0.9964759110799828,0.023422396128482265,0.9929518221599655
1,1,0.9999999627575701,6.743046260463807e-07,0.99999992551514
1,1,0.8468562801745915,0.42812365135170927,0.693712560349183
1,0,0.9796048715340568,0.09957292488738503,0.9592097430681138
1,1,0.9653908914786867,0.15041570785144692,0.9307817829573733
1,0,0.9953425717000268,0.029653657417239937,0.9906851434000536
0,0,0.9998390116669463,0.001567076236982386,0.9996780233338926
0,0,0.9995451058948445,0.003955403602513806,0.9990902117896888
0,0,0.9979473040669687,0.01475390434835014,0.9958946081339375
1,0,0.9999312544554242,0.0007276760066563391,0.9998625089108485
1,1,0.9999999602871033,7.164837943213794e-07,0.9999999205742065
1,1,0.9999990867458879,1.3613195214879508e-05,0.9999981734917758
0,0,0.9384026765944568,0.2313401805281523,0.8768053531889134
1,0,0.9678353369148008,0.14218805083323066,0.9356706738296017
1,0,0.5170534561420996,0.6925654270060115,0.03410691228419932
0,0,0.9994189064418546,0.004910419648609234,0.9988378128837091
1,1,0.9999999627575701,6.743046260463807e-07,0.99999992551514
0,0,0.9979475148201724,0.014752600503022757,0.9958950296403449
0,0,0.9371629275477056,0.2347034999121649,0.874325855095411
1,1,0.945113448392348,0.21265944300957274,0.890226896784696
1,1,0.9999999609409562,7.053356875831334e-07,0.9999999218819124
1,0,0.9973474867453659,0.018384357855484326,0.9946949734907318
0,0,0.9997703315559043,0.0021540049855783686,0.9995406631118086
1,0,0.9950523761655189,0.031201546269827227,0.9901047523310379
1,1,0.9999999581697467,7.525114465350048e-07,0.9999999163394935
0,0,0.9371308556531732,0.2347901594430822,0.8742617113063463
1,1,0.9824774233060015,0.0882340976753964,0.9649548466120031
1,1,0.772794455163602,0.5358776601501645,0.545588910327204
1,1,0.9359385545967187,0.23799948573403945,0.8718771091934374
0,0,0.999552224212097,0.0039005722030849405,0.999104448424194
0,0,0.9991860762769843,0.006603555926709425,0.9983721525539686
1,0,0.9966218920131864,0.02259531484544683,0.9932437840263728
1,1,0.9999999602871033,7.164837943213794e-07,0.9999999205742065
0,0,0.9579247180550552,0.1744843333857754,0.9158494361101104
1,1,0.9999999589023253,7.400587430968554e-07,0.9999999178046507
0,0,0.9973472511263639,0.018385754969459756,0.9946945022527277
1,1,0.9999999621754697,6.842574025723138e-07,0.9999999243509394
1,1,0.5665752736051299,0.6842562655898732,0.13315054721025998
0,0,0.9371442717153301,0.23475391083565025,0.87428854343066
0,0,0.9810190272017004,0.09404630000616393,0.9620380544034007
1,1,0.9352878286848231,0.23974102192838948,0.8705756573696461
0,0,0.9383110966085204,0.23158953166808205,0.8766221932170408
1,1,0.9968299127413337,0.021405727143343142,0.9936598254826675
0,0,0.9994081625569471,0.00499036300593377,0.9988163251138943
0,0,0.9995505612744198,0.003913391647664437,0.9991011225488394
0,0,0.9998293496723828,0.0016511799131446734,0.9996586993447656
1,1,0.9999999512187996,8.700576279406352e-07,0.9999999024375992
1,0,0.9406990106021875,0.22503982260319655,0.8813980212043752
0,0,0.943165917277786,0.21816602951104255,0.886331834555572
1,1,0.935593921784682,0.23892270118498193,0.8711878435693641
1,0,0.9965356556831421,0.023084650452104772,0.993071311366284
1,0,0.937106420065762,0.23485617365067724,0.8742128401315238
0,0,0.9371621820969144,0.23470551434800802,0.874324364193829
0,0,0.99102832385315,0.05122094493345224,0.9820566477063
0,0,0.9994079378438557,0.0049920329605105404,0.9988158756877114
0,0,0.9999431365898163,0.0006126935805769595,0.9998862731796325
1,1,0.99999996385483,6.555187727464619e-07,0.9999999277096601
0,0,0.9996251926956227,0.003331628805237247,0.9992503853912453
0,0,0.9994542727123849,0.004645840940961717,0.9989085454247698
1,1,0.9559081090236733,0.18073716255375077,0.9118162180473468
1,1,0.9634842995969278,0.15670817742366655,0.9269685991938557
1,0,0.745615979265951,0.5671004290064405,0.49123195853190194
1,1,0.96335586522391,0.15712828505850765,0.9267117304478202
0,0,0.9994516137024043,0.004665811200665521,0.9989032274048086
1,1,0.9999999621754697,6.842574025723138e-07,0.9999999243509394
0,0,0.9371797923945007,0.23465792342044237,0.8743595847890012
0,0,0.9993389605141483,0.005500751760533963,0.9986779210282964
1,1,0.9999999633171419,6.647284671280214e-07,0.9999999266342838
0,0,0.9651821254963957,0.1511099169645405,0.9303642509927914
0,0,0.9998293503838657,0.001651173740513928,0.9996587007677314
0,0,0.9371711533498063,0.23468127065453045,0.8743423066996127
1,1,0.525786652079107,0.6918166875337222,0.05157330415821404
0,0,0.9375611500997942,0.2336260292477072,0.8751223001995884
0,0,0.9995445524742564,0.003959661832244634,0.9990891049485128
1,0,0.9999404711754567,0.0006386859581271279,0.9998809423509134
0,0,0.9995495413210713,0.003921251333854558,0.9990990826421425
1,1,0.9999999574092036,7.654259344934964e-07,0.9999999148184071
1,1,0.7005197964114119,0.6104232361496158,0.40103959282282386
1,1,0.988423620049752,0.0631257430161654,0.9768472400995041
1,0,0.9068669448636314,0.3097272577575787,0.8137338897272628
0,0,0.9919811962011623,0.0466850415671521,0.9839623924023247
1,1,0.6839021277958272,0.6238930801303644,0.3678042555916545
0,0,0.9371434925111867,0.23475601623632725,0.8742869850223736
1,1,0.9999999558004616,7.926988957045926e-07,0.9999999116009233
1,1,0.9999999609409562,7.053356875831334e-07,0.9999999218819124
1,1,0.9361067706157402,0.23754814347332903,0.8722135412314804
0,0,0.9997453138118845,0.0023623038027639352,0.999490627623769
1,1,0.9361067706157402,0.23754814347332903,0.8722135412314804
1,1,0.9591344460885648,0.17068523637232558,0.9182688921771295
1,0,0.9999509589581945,0.0005356668891836963,0.999901917916389
0,0,0.9995515307053103,0.0039059191374353095,0.9991030614106207
1,1,0.9465855176361063,0.2084488147241237,0.8931710352722126
0,0,0.9998293490811788,0.0016511850422654651,0.9996586981623576
1,1,0.9360012089100521,0.2378314324697362,0.8720024178201042
0,0,0.9371463421258265,0.2347483165601036,0.8742926842516532
0,0,0.9995358771191595,0.004026325916076224,0.9990717542383191
1,0,0.9965654319866052,0.022915935344631044,0.9931308639732103
0,0,0.9371681967708034,0.23468926059201015,0.8743363935416069
1,1,0.9857528022204034,0.0747128375205019,0.9715056044408066
0,0,0.9399815753137007,0.22701821566639935,0.8799631506274015
0,0,0.9995472874454507,0.003938611348610733,0.9990945748909015
0,0,0.9371377572239676,0.23477151259962356,0.8742755144479352
0,0,0.9995127939740724,0.00420292167660042,0.9990255879481448
1,1,0.8373207143183715,0.4440861597771462,0.674641428636743
1,1,0.9350537238812984,0.24036584137891742,0.8701074477625967
0,0,0.9963436549816812,0.024166469269748445,0.9926873099633625
0,0,0.9941224417280571,0.036050998787167256,0.9882448834561143
1,0,0.9965757527537733,0.022857396646692996,0.9931515055075465
0,0,0.9830840091224049,0.08578081726316572,0.9661680182448098
1,1,0.9999999540681559,8.220012039651388e-07,0.9999999081363118
1,0,0.8763981368742805,0.3740405476328503,0.7527962737485607
0,0,0.9996449253372707,0.003175434453875885,0.9992898506745415
0,0,0.9977167064518196,0.01616798751078427,0.9954334129036393
0,0,0.9512022696377943,0.19495990152622478,0.9024045392755885
0,0,0.9994743656911628,0.004494510773680654,0.9989487313823255
0,0,0.9921758057873966,0.0457450292108159,0.9843516115747932
0,0,0.937250115161935,0.23446782721180343,0.87450023032387
1,1,0.9999999633171419,6.647284671280214e-07,0.9999999266342838
1,1,0.9999999574092036,7.654259344934964e-07,0.9999999148184071
0,0,0.9981820824867271,0.013287439330008985,0.9963641649734543
1,1,0.9999999558004616,7.926988957045926e-07,0.9999999116009233
0,0,0.9977162287783441,0.01617089164399619,0.9954324575566882
1,1,0.9999964545789001,4.803993063333593e-05,0.9999929091578001
1,0,0.9976661228481213,0.016474970756637175,0.9953322456962427
0,0,0.9925723747210393,0.0438142694256369,0.9851447494420786
1,1,0.8998194043969011,0.32547960139282645,0.7996388087938022
1,1,0.9999999581697467,7.525114465350048e-07,0.9999999163394935
1,1,0.6994553317673775,0.6113250921853628,0.39891066353475507
1,1,0.9360445265238535,0.2377152063643824,0.872089053047707
0,0,0.9371461701565312,0.2347487812261031,0.8742923403130621
1,1,0.9999977536251026,3.146315738656906e-05,0.9999955072502051
0,1,0.9359535010992682,0.23795940172862673,0.8719070021985365
1,0,0.9999478037882179,0.0005668756290589101,0.9998956075764358
1,1,0.9999999581697467,7.525114465350048e-07,0.9999999163394935
0,0,0.9998293503049811,0.0016511744248950137,0.9996587006099623
1,1,0.9999963972196649,4.875931892416259e-05,0.9999927944393299
1,1,0.9999999549502822,8.070881798928859e-07,0.9999999099005643
1,1,0.9999993586593937,9.786668350055063e-06,0.9999987173187874
1,1,0.9999990487581163,1.4140683354792339e-05,0.9999980975162325
0,0,0.937170786998492,0.23468226070009335,0.8743415739969836
1,1,0.9999990497164231,1.4127395471475048e-05,0.9999980994328461
1,1,0.9315329079926632,0.2496556192953049,0.8630658159853264
1,0,0.9964678763789009,0.023467739641771183,0.9929357527578017
1,1,0.934023865370853,0.2431038291049431,0.868047730741706
1,0,0.9224750635050613,0.27268239323064464,0.8449501270101225
1,1,0.9361076334446797,0.23754582718888967,0.8722152668893595
0,0,0.9998390118502543,0.0015670746359669084,0.9996780237005085
0,0,0.9995506565397579,0.003912657421742663,0.999101313079516
1,1,0.9999999574092036,7.654259344934964e-07,0.9999999148184071
0,0,0.9371464731353335,0.23474796256829822,0.8742929462706671
1,1,0.9999999491377837,9.0504967669996e-07,0.9999998982755673
0,0,0.9976658430649549,0.016476665634852967,0.9953316861299096
1,1,0.9611139059342293,0.1643877928802212,0.9222278118684586
0,0,0.9371690558097718,0.2346869391176286,0.8743381116195436
1,1,0.9372312761147082,0.2345187610870059,0.8744625522294164
1,0,0.9471172356284241,0.20691743814389701,0.8942344712568482
0,0,0.8833990406096068,0.36009748363213173,0.7667980812192134
0,0,0.9371612481622724,0.2347080381114998,0.874322496324545
0,0,0.937145721703808,0.23474999295594068,0.874291443407616
1,1,0.9999999501972988,8.872449120709397e-07,0.9999999003945976
0,0,0.9371313588646133,0.23478879988065143,0.8742627177292268
1,1,0.9586573833260921,0.1721878317101735,0.9173147666521839
1,1,0.6716272975562448,0.6330202144239132,0.3432545951124896
0,0,0.9995489630895436,0.00392570611732292,0.9990979261790872
1,1,0.9588271410554935,0.1716538105089324,0.9176542821109869
0,0,0.9994698682076969,0.004528449282218428,0.9989397364153937
1,1,0.9999999540681559,8.220012039651388e-07,0.9999999081363118
1,0,0.9224750635050613,0.27268239323064464,0.8449501270101225
1,1,0.9361067706157402,0.23754814347332903,0.8722135412314804
0,0,0.9976272351232409,0.016710225277313282,0.995254470246482
1,1,0.9999999615701641,6.945974433749538e-07,0.9999999231403283
1,1,0.9999999522035974,8.534676426564379e-07,0.9999999044071947
1,1,0.9999999501972988,8.872449120709397e-07,0.9999999003945976
0,0,0.994309003349922,0.03509079333873608,0.9886180066998439
1,0,0.927801063218804,0.2592901296299655,0.8556021264376079
0,0,0.9994510043520075,0.00467038585390642,0.998902008704015
1,1,0.9361067706157402,0.23754814347332903,0.8722135412314804
0,0,0.9992219225007972,0.0063477859936445676,0.9984438450015944
0,0,0.9371472246217811,0.2347459320226676,0.8742944492435625
0,0,0.9938871811560288,0.03725338004038806,0.9877743623120575
1,0,0.9395698277539742,0.22814951978548353,0.8791396555079485
0,0,0.9458768911806265,0.2104810142852626,0.8917537823612529
1,0,0.9372211004937099,0.23454626972522413,0.8744422009874199
1,1,0.9999999540681559,8.220012039651388e-07,0.9999999081363118
0,0,0.9953613274101681,0.0295530021004395,0.9907226548203363
1,0,0.9402062808418484,0.22639955584229587,0.8804125616836969
1,1,0.9999988046424121,1.7496526212499115e-05,0.9999976092848243
1,1,0.9399550894552061,0.22709107757388272,0.8799101789104123
1,1,0.8730660734814257,0.38051638601010135,0.7461321469628514
0,0,0.9966206315308591,0.022602483042678,0.9932412630617181
1,0,0.995503323661261,0.02878846401028275,0.991006647322522
0,0,0.9995006366715674,0.004295486843139735,0.9990012733431348
1,1,0.9360040479540973,0.2378238159497382,0.8720080959081946
0,0,0.9371392172989419,0.23476756762746914,0.8742784345978838
0,0,0.9948435234611321,0.03230490831974033,0.9896870469222643
0,0,0.9382312839326972,0.23180672497199728,0.8764625678653946
0,0,0.9371366518247011,0.2347744992504868,0.8742733036494023
1,1,0.9999999566197619,7.78816771380435e-07,0.9999999132395239
1,1,0.9360800021475294,0.2376199978689737,0.8721600042950588
1,0,0.7712430182965008,0.5377700208231213,0.5424860365930015
0,0,0.9979474893422465,0.014752758125858096,0.9958949786844931
1,1,0.9999996997807645,4.809137685953619e-06,0.9999993995615292
1,1,0.9361164974056054,0.2375220309579777,0.8722329948112106
1,1,0.9361067706157402,0.23754814347332903,0.8722135412314804
0,0,0.9940613410887768,0.03636417062458939,0.9881226821775533
1,1,0.9999999491377837,9.0504967669996e-07,0.9999998982755673
1,1,0.9361067706157402,0.23754814347332903,0.8722135412314804
1,0,0.9372211004937099,0.23454626972522413,0.8744422009874199
1,1,0.7660618327445569,0.5439912602577953,0.5321236654891139
1,0,0.9308899072751573,0.2513309268172029,0.8617798145503146
1,1,0.9999999558004616,7.926988957045926e-07,0.9999999116009233
1,1,0.9348441064118531,0.2409245388952144,0.8696882128237062
1,1,0.9872518400003937,0.06827872416201251,0.9745036800007876
0,0,0.9371564365752241,0.2347210401867803,0.8743128731504483
0,0,0.9371495864893553,0.2347395501021347,0.8742991729787108
1,1,0.9999999540681559,8.220012039651388e-07,0.9999999081363118
0,0,0.9979474807794126,0.014752811100984675,0.9958949615588252
1,1,0.9999999558004616,7.926988957045926e-07,0.9999999116009233
1,1,0.9999893697445162,0.00013236582603913665,0.9999787394890325
0,0,0.9970017294877668,0.02041288231858742,0.9940034589755334
1,0,0.9372211004937099,0.23454626972522413,0.8744422009874199
1,1,0.9999999627575701,6.743046260463807e-07,0.99999992551514
1,1,0.9500181366619301,0.19846183758862648,0.9000362733238602
1,1,0.9360040479540973,0.2378238159497382,0.8720080959081946
0,0,0.9995418135404148,0.003980726348702073,0.9990836270808298
1,1,0.9409612276155426,0.22431443836839926,0.881922455231085
1,1,0.6423328471746487,0.652064136672782,0.2846656943492975
0,0,0.9371634715184429,0.23470202993104222,0.8743269430368859
0,0,0.9906859535908399,0.052825174004316536,0.9813719071816797
0,0,0.997947479573316,0.014752818562660662,0.9958949591466321
1,1,0.9999999566197619,7.78816771380435e-07,0.9999999132395239
1,0,0.9997583292154056,0.0022542599604753826,0.9995166584308113
1,1,0.9999999491377837,9.0504967669996e-07,0.9999998982755673
1,0,0.9216610038753174,0.2746937614291573,0.8433220077506346
1,1,0.9999999596078267,7.280539692532008e-07,0.9999999192156535
1,1,0.9999999549502822,8.070881798928859e-07,0.9999999099005643
1,0,0.997666118517137,0.01647499699325057,0.995332237034274
1,0,0.9372211004937099,0.23454626972522413,0.8744422009874199
0,0,0.9371656727727458,0.23469608139381581,0.8743313455454913
1,1,0.9966535981000211,0.022414850799851137,0.993307196200042
0,0,0.9903393014368967,0.0544365229449753,0.9806786028737934
0,0,0.9955415803423843,0.028581717439942228,0.9910831606847686
0,0,0.9997725329101484,0.002135550035538128,0.999545065820297
0,0,0.9997851221087488,0.00202959327850633,0.9995702442174976
1,0,0.9212999232681836,0.27558297116484104,0.842599846536367
1,1,0.944980228607992,0.2130384204602593,0.889960457215984
0,0,0.999559040897147,0.003847958136932467,0.999118081794294
0,0,0.9995523711328408,0.0038994393068970254,0.9991047422656817
1,1,0.7320421803748258,0.5812170448828703,0.46408436074965165
0,0,0.9371645759967571,0.23469904526556404,0.874329151993514
1,1,0.9999999627575701,6.743046260463807e-07,0.99999992551514
0,0,0.9979474902838417,0.01475275230055097,0.9958949805676832
1,1,0.9359139978260408,0.23806533477257,0.8718279956520815
0,0,0.9798871842101022,0.09847784797851027,0.9597743684202045
1,1,0.7301954847669955,0.5830643096101121,0.4603909695339908
1,1,0.936132108177815,0.2374801190114345,0.8722642163556301
1,1,0.9999972862578482,3.749626555064087e-05,0.9999945725156965
1,0,0.9999716017793315,0.00032570401679633224,0.9999432035586631
0,0,0.9982057383097682,0.01313805776014879,0.9964114766195366
0,0,0.9372133767184999,0.23456714890134475,0.874426753437
1,0,0.9216610038753174,0.2746937614291573,0.8433220077506346
0,0,0.9444041536923209,0.21467329200696195,0.8888083073846418
0,0,0.9788709162962898,0.1024013661017901,0.9577418325925794
1,0,0.9382379696410502,0.23178853545176456,0.8764759392821004
1,1,0.9354829814882426,0.2392194724103604,0.8709659629764851
0,0,0.9990823212817581,0.007335193411468592,0.9981646425635163
0,0,0.9996049664040105,0.0034906520349489802,0.999209932808021
1,0,0.9372211004937099,0.23454626972522413,0.8744422009874199
1,0,0.9216515160482048,0.2747171495517139,0.8433030320964098
1,0,0.9370782312486103,0.23493231484957744,0.8741564624972206
0,0,0.9998293507382586,0.0016511706658978637,0.9996587014765173
1,1,0.7004814527481301,0.6104558161056193,0.40096290549626035
1,1,0.9999999602871033,7.164837943213794e-07,0.9999999205742065
1,0,0.9212999232681836,0.27558297116484104,0.842599846536367
1,1,0.9999994516446442,8.453633718732987e-06,0.9999989032892883
1,1,0.9999999522035974,8.534676426564379e-07,0.9999999044071947
0,0,0.9371695116400206,0.234685707272909,0.8743390232800412
0,1,0.9388904618090004,0.23000960463003906,0.8777809236180005
0,0,0.9989943515306897,0.007946251766013112,0.9979887030613794
0,0,0.9526292574716789,0.19069954550738807,0.9052585149433577
1,1,0.9359346700333496,0.23800990286945012,0.8718693400666995
1,0,0.9973472768851022,0.018385602232828074,0.9946945537702044
0,0,0.9371969020211186,0.2346116804854773,0.8743938040422373
0,0,0.999550566430562,0.003913351908930537,0.9991011328611238
0,0,0.9761711017039001,0.11258787459888259,0.9523422034078002
0,0,0.9997725328667957,0.0021355503991942063,0.9995450657335914
1,1,0.8370542008920622,0.44452256182038385,0.6741084017841243
1,0,0.9221665921979623,0.2734456458273191,0.8443331843959244
1,1,0.9361067706157402,0.23754814347332903,0.8722135412314804
0,0,0.9991331045675521,0.006978645741553499,0.9982662091351042
1,0,0.9979473040669687,0.01475390434835014,0.9958946081339375
0,0,0.9979474852963979,0.014752783156050909,0.9958949705927957
1,0,0.9665249474611497,0.14662164527042088,0.9330498949222995
1,1,0.9897479025902024,0.05715676878236755,0.9794958051804049
0,0,0.9977373491357053,0.016042389271480505,0.9954746982714108
0,0,0.9982124686406134,0.013095500215694387,0.9964249372812269
0,0,0.9979474862384475,0.014752777327933335,0.9958949724768951
0,0,0.9995521625401335,0.003901047737166194,0.9991043250802668
0,0,0.9979474871813113,0.014752771494778313,0.9958949743626226
1,0,0.9634024468036337,0.1569759712331398,0.9268048936072676
1,0,0.9999598719374305,0.0004463610766297581,0.999919743874861
0,0,0.9949756137837421,0.031608089952192116,0.9899512275674843
0,0,0.999160858497526,0.0067825386901737925,0.998321716995052
0,0,0.9996063830199754,0.0034795486832753203,0.9992127660399509
1,1,0.9999999501972988,8.872449120709397e-07,0.9999999003945976
1,0,0.9280209919198816,0.2587282040673701,0.8560419838397633
0,0,0.9371530281539039,0.23473025033005607,0.8743060563078077
0,0,0.9995521167393184,0.003901400888065235,0.9991042334786367
0,0,0.9371185316063406,0.23482345486258888,0.874237063212681
1,1,0.8926973840229993,0.34083837596060906,0.7853947680459985
1,1,0.9999999581697467,7.525114465350048e-07,0.9999999163394935
0,0,0.955184235568013,0.18295789269577922,0.910368471136026
1,1,0.9180504489604567,0.2835052208472549,0.8361008979209136
1,1,0.9999993586593937,9.786668350055063e-06,0.9999987173187874
1,0,0.5,0.6931471805599453,0.0
0,0,0.9999744270889755,0.0002959799552354317,0.9999488541779512
0,0,0.9371495967121678,0.2347395224792223,0.8742991934243354
1,1,0.9346358030751758,0.24147901921518689,0.8692716061503518
0,0,0.9994682638426443,0.0045405467437136145,0.9989365276852886
0,0,0.937165696848453,0.23469601633261744,0.8743313936969059
1,1,0.9999966758819694,4.52555550987517e-05,0.9999933517639388
0,0,0.9996850637638679,0.002854261716342749,0.9993701275277358
1,0,0.9370782312486103,0.23493231484957744,0.8741564624972206
1,0,0.9852559579355692,0.07680920042769121,0.9705119158711383
1,0,0.7296506109724819,0.5836060407550036,0.45930122194496387
1,1,0.9999999491377837,9.0504967669996e-07,0.9999998982755673
0,0,0.9728624048901503,0.12464682806545299,0.9457248097803006
1,1,0.9687203077329277,0.13916274676327373,0.9374406154658553
0,0,0.9998390136103061,0.001567059263631133,0.9996780272206123
0,0,0.9995319324451322,0.004056584159076628,0.9990638648902642
1,1,0.9999999491377837,9.0504967669996e-07,0.9999998982755673
1,1,0.9359420331366021,0.23799015720795735,0.8718840662732043
1,1,0.9969976420633874,0.020436614041493533,0.9939952841267746
0,0,0.9371670339783326,0.234692402912537,0.8743340679566651
1,1,0.980605602361978,0.09567276780652437,0.961211204723956
1,1,0.9999999522035974,8.534676426564379e-07,0.9999999044071947
1,1,0.8582227732915833,0.40817659620371355,0.7164455465831664
1,1,0.9999991838751651,1.2257132510451538e-05,0.99999836775033
0,0,0.9994607609364948,0.004597057172419544,0.9989215218729897
1,1,0.8437852287913713,0.4333394587866889,0.6875704575827427
1,1,0.9999975334640139,3.431616187772172e-05,0.9999950669280278
1,1,0.7453900920847079,0.567343205846152,0.49078018416941566
1,1,0.9912447308355646,0.05020016650768863,0.9824894616711293
0,0,0.9819608987154791,0.09030625393993066,0.9639217974309582
0,0,0.9371616380729089,0.23470698446116658,0.8743232761458175
1,1,0.9999999621754697,6.842574025723138e-07,0.9999999243509394
0,0,0.9371716737649165,0.23467986425557472,0.874343347529833
1,1,0.9360996018737159,0.23756738764741375,0.8721992037474317
1,1,0.924597934076724,0.26739341256065385,0.8491958681534479
1,0,0.9372211004937099,0.23454626972522413,0.8744422009874199
0,0,0.9945969586649435,0.03359658040751322,0.9891939173298869
1,1,0.9999999627575701,6.743046260463807e-07,0.99999992551514
1,1,0.9999984968750351,2.1656969713423032e-05,0.9999969937500701
1,1,0.9999999540681559,8.220012039651388e-07,0.9999999081363118
1,1,0.9999999501972988,8.872449120709397e-07,0.9999999003945976
1,1,0.9566701457537105,0.17838591646099783,0.9133402915074209
0,0,0.9998390120576071,0.0015670728249439598,0.999678024115214
1,1,0.9999999540681559,8.220012039651388e-07,0.9999999081363118
0,0,0.9998390100064951,0.001567090739382855,0.9996780200129903
1,0,0.995429377132003,0.029187161152624635,0.9908587542640059
1,1,0.9466228460134974,0.20834149009123457,0.8932456920269949
0,0,0.9995182188441194,0.004161519464590984,0.9990364376882388
0,0,0.937286830496354,0.23436854506921004,0.874573660992708
1,1,0.9360518238300449,0.23769562377407744,0.8721036476600899
1,0,0.9819976417729849,0.0901593534462007,0.9639952835459696
1,0,0.9383554811259254,0.2314687009902922,0.8767109622518506
0,0,0.9721178975440515,0.12730125462550343,0.944235795088103
1,1,0.9999999609409562,7.053356875831334e-07,0.9999999218819124
1,1,0.9360047999622744,0.23782179845750384,0.8720095999245486
1,1,0.9999999491377837,9.0504967669996e-07,0.9999998982755673
0,0,0.9979474893422465,0.014752758125858096,0.9958949786844931
1,0,0.9372211004937099,0.23454626972522413,0.8744422009874199
1,0,0.939430359492795,0.22853204026706486,0.8788607189855899
0,0,0.9371638234371659,0.2347010789325789,0.8743276468743315
0,0,0.9370811013839161,0.23492456290422972,0.8741622027678322
1,0,0.9370782312486103,0.23493231484957744,0.8741564624972206
0,0,0.993127420109431,0.04107583978741067,0.9862548402188621
1,0,0.9493261180003868,0.20049468780298002,0.8986522360007736
1,1,0.9999999501972988,8.872449120709397e-07,0.9999999003945976
0,0,0.9996424649428667,0.0031949684340761174,0.9992849298857335
0,0,0.9994699049299406,0.0045281723271211995,0.9989398098598811
0,0,0.9995185144030324,0.004159262031239266,0.9990370288060648
1,0,0.846868946389958,0.4281019895521025,0.6937378927799159
1,1,0.9999983710657664,2.333869171437454e-05,0.9999967421315329
0,0,0.9387489832279531,0.23039595417216685,0.8774979664559064
1,1,0.9999999615701641,6.945974433749538e-07,0.9999999231403283
1,1,0.9361067706157402,0.23754814347332903,0.8722135412314804
0,1,0.9415613072251241,0.22264974208175015,0.8831226144502484
1,1,0.9999996156062921,6.0625031633493525e-06,0.9999992312125843
0,0,0.6482069313539107,0.6485495582327903,0.2964138627078216
1,0,0.9954296224511483,0.029185840464335804,0.9908592449022965
1,1,0.9999999602871033,7.164837943213794e-07,0.9999999205742065
0,0,0.9371700075163134,0.2346843672029574,0.8743400150326268
0,0,0.9976661115180993,0.01647503939261241,0.9953322230361984
1,0,0.9999489395598034,0.0005556639636430819,0.9998978791196065
1,1,0.9361067706157402,0.23754814347332903,0.8722135412314804
0,1,0.9393762986835736,0.22868022121513865,0.8787525973671472
1,1,0.9360040479540973,0.2378238159497382,0.8720080959081946
1,0,0.9979473040669687,0.01475390434835014,0.9958946081339375
0,0,0.9991374650690125,0.006947894411065933,0.998274930138025
0,0,0.9995441323531585,0.003962893955436402,0.9990882647063172
1,0,0.9957446801231843,0.027478535163051786,0.9914893602463686
0,0,0.9393405532929961,0.2287781713218192,0.8786811065859923
1,0,0.9979474971654144,0.014752709726744162,0.9958949943308288
0,0,0.9371675717698165,0.23469094959223888,0.8743351435396329
0,0,0.9995357491132287,0.004027308330748933,0.9990714982264576
0,0,0.9995520878216667,0.003901623857550119,0.9991041756433334
1,1,0.9999999633171419,6.647284671280214e-07,0.9999999266342838
1,1,0.9198466065247308,0.27914385211380444,0.8396932130494617
0,0,0.9371910793838933,0.23462741813957738,0.8743821587677867
0,1,0.835723219862834,0.4466941940510266,0.6714464397256681
0,0,0.937137791778122,0.23477141923827655,0.8742755835562439
1,1,0.9999999512187996,8.700576279406352e-07,0.9999999024375992
0,0,0.9995281376734965,0.004085661160720345,0.999056275346993
1,1,0.9383352965768755,0.2315236548396466,0.8766705931537512
1,1,0.9360012089100521,0.2378314324697362,0.8720024178201042
0,0,0.9995513806456058,0.003907075955862647,0.9991027612912116
0,0,0.9979474836087449,0.014752793596942978,0.9958949672174897
1,0,0.8237639827678698,0.4656377238492856,0.6475279655357395
0,0,0.9364305109770883,0.2366781797051128,0.8728610219541767
0,0,0.9998293496723828,0.0016511799131446734,0.9996586993447656
0,0,0.9973351485201668,0.018457489764943432,0.9946702970403335
1,1,0.8783148845439835,0.3702690749621379,0.7566297690879672
0,0,0.9995376077517069,0.004013040257436104,0.9990752155034137
1,1,0.7502287050663922,0.5620837469113318,0.5004574101327846
0,0,0.9371605549831717,0.2347099112738017,0.8743211099663436
1,0,0.9861839511981892,0.07287944115309927,0.9723679023963785
1,1,0.9999998812273646,2.012727580150812e-06,0.9999997624547292
0,0,0.9371476287376305,0.23474484008195032,0.8742952574752608
0,0,0.9973339748853873,0.018464443219790842,0.9946679497707746
0,0,0.9371619371217497,0.23470617634370666,0.8743238742434993
1,0,0.9853408347206251,0.07645229445105779,0.9706816694412502
0,0,0.9949734809083873,0.0316193690271282,0.9899469618167747
1,0,0.9383554811259254,0.2314687009902922,0.8767109622518506
0,0,0.9371632648867095,0.23470258831598556,0.8743265297734191
1,1,0.9360016704244232,0.2378301943390913,0.8720033408488465
1,1,0.9971493196654004,0.01955216333212752,0.9942986393308009
0,0,0.9982403593282895,0.01291886885523327,0.996480718656579
1,0,0.9370781702427273,0.23493247961878444,0.8741563404854547
1,1,0.839230442678871,0.44094378061636275,0.6784608853577421
0,0,0.9981829329147371,0.013282074423236293,0.9963658658294742
0,0,0.999829353481741,0.0016511468641652273,0.9996587069634818
1,1,0.9999999609409562,7.053356875831334e-07,0.9999999218819124
0,0,0.9991860780123653,0.00660354358323913,0.9983721560247304
1,1,0.96847185303677,0.14001467743751173,0.9369437060735399
1,1,0.9547519911133986,0.18427810166653305,0.9095039822267972
1,1,0.9999999596078267,7.280539692532008e-07,0.9999999192156535
0,0,0.9979474840797562,0.01475279068296807,0.9958949681595124
1,0,0.9998371311063757,0.0015834901432264501,0.9996742622127516
0,0,0.9372842259566126,0.23437558877536802,0.8745684519132252
0,0,0.9994512140878148,0.0046688113541889995,0.9989024281756295
0,0,0.9371700670948395,0.23468420619600233,0.874340134189679
0,0,0.9993955746995826,0.00508377900959944,0.9987911493991652
0,0,0.9371456852778549,0.23475009137957487,0.87429137055571
1,0,0.9997886501029946,0.0019997694422879547,0.9995773002059892
0,0,0.9371718536885245,0.23467937801886446,0.8743437073770489
1,1,0.9999999531529851,8.374549724531441e-07,0.9999999063059701
0,0,0.9979474898123699,0.014752755217376075,0.9958949796247397
0,0,0.9372615999363285,0.23443677363275967,0.8745231998726573
0,0,0.9979474883983598,0.014752763965341694,0.9958949767967197
1,1,0.8907723354251943,0.3448975307471358,0.7815446708503886
1,1,0.9361711308343218,0.237375332789026,0.8723422616686437
0,0,0.9986882434505608,0.010016221457168956,0.9973764869011217
1,0,0.933352612788398,0.24487914422031476,0.8667052255767959
1,1,0.9999999596078267,7.280539692532008e-07,0.9999999192156535
1,0,0.9999297262149057,0.0007423073743247137,0.9998594524298114
0,0,0.9991615679009896,0.006777514187701751,0.9983231358019793
1,0,0.9962168290517046,0.024875479284561172,0.9924336581034092
1,1,0.999996493508837,4.755115124278067e-05,0.9999929870176739
1,1,0.9999999540681559,8.220012039651388e-07,0.9999999081363118
0,0,0.9919887720436169,0.04664853819423059,0.9839775440872339
1,1,0.9361067706157402,0.23754814347332903,0.8722135412314804
0,0,0.9507182532938548,0.1963949351395896,0.9014365065877097
1,0,0.9370782312486103,0.23493231484957744,0.8741564624972206
1,1,0.8260626087475187,0.4620748447567469,0.6521252174950374
0,0,0.9994861562568957,0.004405354225919477,0.9989723125137914
1,1,0.9871399132603548,0.0687650575328996,0.9742798265207094
1,1,0.9628142123680268,0.15889490412882198,0.9256284247360536
1,1,0.9999999566197619,7.78816771380435e-07,0.9999999132395239
0,0,0.9995472869460138,0.003938615194175547,0.9990945738920275
0,0,0.9604931024874489,0.1663738629234915,0.9209862049748979
0,0,0.9995513648878336,0.003907197430472399,0.999102729775667
0,0,0.9699200255921883,0.13502005731319813,0.9398400511843765
0,0,0.9371787719777962,0.23466068118809677,0.8743575439555924
1,1,0.9593057582830982,0.17014424410516074,0.9186115165661962
0,0,0.9979661937292221,0.014636955213878193,0.9959323874584444
1,1,0.9999999540681559,8.220012039651388e-07,0.9999999081363118
1,1,0.9346358030751758,0.24147901921518689,0.8692716061503518
1,1,0.8608286003363432,0.40345647922352434,0.7216572006726867
1,1,0.9372312761147082,0.2345187610870059,0.8744625522294164
1,1,0.9999993978983418,9.225906911802862e-06,0.9999987957966837
1,1,0.9999999491377837,9.0504967669996e-07,0.9999998982755673
1,0,0.9252610872952503,0.26572804037229386,0.8505221745905005
1,1,0.9999969010985286,4.240679733232321e-05,0.9999938021970571
1,1,0.9999999491377837,9.0504967669996e-07,0.9999998982755673
1,1,0.9999999522035974,8.534676426564379e-07,0.9999999044071947
1,1,0.9353011073349758,0.23970555445836345,0.8706022146699516
1,1,0.9359420331366021,0.23799015720795735,0.8718840662732043
0,0,0.9996970457394527,0.002757422189383647,0.9993940914789055
0,0,0.9759907584026674,0.1132567447874438,0.9519815168053348
0,0,0.9913544275250025,0.049680681159079296,0.9827088550500048
0,0,0.9630457799693605,0.1581406481078801,0.9260915599387209
0,0,0.9371693991670766,0.23468601122235527,0.8743387983341531
1,1,0.7083138489533939,0.6036545391341159,0.4166276979067877
1,1,0.7502263157599313,0.5620863747328091,0.5004526315198624
1,1,0.7595752647776979,0.5515690173566973,0.5191505295553955
1,1,0.9999999491377837,9.0504967669996e-07,0.9999998982755673
1,1,0.9999999627575701,6.743046260463807e-07,0.99999992551514
1,0,0.9380129597571387,0.23240028681945354,0.8760259195142776
0,0,0.9993177998552576,0.0056553343444868155,0.9986355997105152
1,1,0.9361733868815673,0.2373692739224033,0.8723467737631345
0,0,0.93830831807708,0.23159709470142179,0.87661663615416
0,0,0.9371669963039795,0.23469250472300582,0.874333992607959
0,0,0.9371315883350475,0.23478817990249856,0.8742631766700951
0,0,0.9997679077240279,0.0021743006620577026,0.9995358154480558
1,1,0.9360012089100521,0.2378314324697362,0.8720024178201042
0,0,0.937158228500261,0.23471619801663013,0.8743164570005217
1,1,0.9999983789377492,2.323375815804189e-05,0.9999967578754986
0,0,0.9591671151729332,0.17058212749525278,0.9183342303458664
1,1,0.9649736176960448,0.15180197303568083,0.9299472353920897
0,0,0.9995643480268145,0.00380692255046831,0.999128696053629
1,1,0.9999999522035974,8.534676426564379e-07,0.9999999044071947
1,0,0.999946600518641,0.0005787266419473334,0.9998932010372819
0,0,0.937171476383859,0.23468039766974624,0.8743429527677181
1,1,0.9361067706157402,0.23754814347332903,0.8722135412314804
0,0,0.9976659225595539,0.016476184073687516,0.9953318451191078
0,0,0.9947745497076975,0.03266740945742283,0.9895490994153949
0,0,0.9371314885595089,0.23478844947395605,0.8742629771190178
0,0,0.9646057469461349,0.1530198369342865,0.9292114938922698
0,0,0.9992874676635745,0.005875776006301267,0.9985749353271488
1,1,0.8580573787091856,0.40847429442452904,0.7161147574183713
1,1,0.9999999589023253,7.400587430968554e-07,0.9999999178046507
1,1,0.9415029617657055,0.22281188593527176,0.883005923531411
1,1,0.9972548866389918,0.018931836511875612,0.9945097732779834
0,0,0.9991115046902175,0.007130651814086445,0.998223009380435
1,1,0.9956466147175048,0.028012387200356963,0.9912932294350097
1,1,0.9968327040268335,0.021389673726813364,0.993665408053667
1,1,0.9359952698380729,0.23784736523597028,0.8719905396761458
1,1,0.6843441851947163,0.6235514645305694,0.36868837038943264
1,1,0.9357907906444152,0.23839556342703364,0.8715815812888303
1,1,0.6467409029212501,0.64944083667464,0.2934818058425004
0,0,0.937152304926131,0.2347322045910821,0.8743046098522618
1,1,0.9359384925232418,0.2379996521968926,0.8718769850464835
1,1,0.99999996385483,6.555187727464619e-07,0.9999999277096601
0,0,0.9986846856401169,0.010039822971423217,0.9973693712802338
1,1,0.8277834747420298,0.459383446081541,0.6555669494840598
1,0,0.9997834083042573,0.002044059926529778,0.9995668166085145
1,1,0.9352730275476268,0.2397805525503199,0.8705460550952536
0,0,0.9998293528897007,0.0016511520005546077,0.9996587057794013
1,1,0.9999980320543727,2.7823837439833734e-05,0.9999960641087452
1,1,0.9966535981001843,0.02241485079892129,0.9933071962003686
1,1,0.9999999540681559,8.220012039651388e-07,0.9999999081363118
1,1,0.9999999633171419,6.647284671280214e-07,0.9999999266342838
1,1,0.9999999549502822,8.070881798928859e-07,0.9999999099005643
1,1,0.9999999602871033,7.164837943213794e-07,0.9999999205742065
1,1,0.9999999633171419,6.647284671280214e-07,0.9999999266342838
1,0,0.9797174628673967,0.09913666994623518,0.9594349257347933
0,0,0.9372044539891311,0.23459126786972248,0.8744089079782624
1,1,0.5769772300700892,0.6812489277903951,0.15395446014017838
0,0,0.996986651067455,0.02050040047070037,0.99397330213491
1,0,0.9999081848988332,0.000945299622831801,0.9998163697976663
1,1,0.9999999522035974,8.534676426564379e-07,0.9999999044071947
0,0,0.9998390100064951,0.001567090739382855,0.9996780200129903
1,1,0.9999999627575701,6.743046260463807e-07,0.99999992551514
1,1,0.9358833462496092,0.23814751294073155,0.8717666924992185
1,1,0.9999999596078267,7.280539692532008e-07,0.9999999192156535
1,0,0.9214826042316072,0.2751333198481814,0.8429652084632143
1,1,0.6312960483685682,0.6582622971592347,0.2625920967371367
1,0,0.9998484353188438,0.0014844884929532968,0.9996968706376875
0,0,0.5619666184553821,0.6854476757831219,0.12393323691076397
1,1,0.9999999596078267,7.280539692532008e-07,0.9999999192156535
0,0,0.9995364219090637,0.00402214438967349,0.9990728438181273
1,1,0.9999999491377837,9.0504967669996e-07,0.9999998982755673
0,0,0.9371453500524954,0.23475099716396802,0.8742907001049909
1,1,0.9010137256015837,0.3228498642393892,0.8020274512031672
1,1,0.9999999615701641,6.945974433749538e-07,0.9999999231403283
1,1,0.9999999549502822,8.070881798928859e-07,0.9999999099005643
0,0,0.9995138041967351,0.004195216330405015,0.9990276083934703
0,0,0.937148873789488,0.234741475873729,0.8742977475789758
1,1,0.9999999602871033,7.164837943213794e-07,0.9999999205742065
0,0,0.9995702247647434,0.0037614071602669994,0.9991404495294868
0,0,0.9998390111282263,0.0015670809421712926,0.9996780222564525
0,0,0.9979474800443557,0.014752815648511393,0.9958949600887115
1,1,0.9811671805360739,0.09346122127472585,0.9623343610721478
1,1,0.9999937329302165,8.13478099175191e-05,0.999987465860433
0,0,0.9993059414616148,0.005741673621732817,0.9986118829232294
1,1,0.9999999633171419,6.647284671280214e-07,0.9999999266342838
0,1,0.7970735916321505,0.5044326220025187,0.5941471832643012
1,1,0.9999999596078267,7.280539692532008e-07,0.9999999192156535
1,1,0.9999999522035974,8.534676426564379e-07,0.9999999044071947
0,0,0.9994414975259239,0.004741670482092636,0.998882995051848
0,0,0.9350046062543345,0.24049682037179088,0.870009212508669
0,0,0.9979473229268665,0.01475378767062947,0.995894645853733
1,1,0.9784928665264102,0.10384803512117005,0.9569857330528203
0,0,0.9994861061398428,0.004405733763792953,0.9989722122796856
1,1,0.9426529610460115,0.21960453052316314,0.8853059220920231
1,1,0.999999992143249,1.544785940444725e-07,0.9999999842864981
0,0,0.9997646483809418,0.0022015525275019482,0.9995292967618837
1,1,0.9361067706157402,0.23754814347332903,0.8722135412314804
1,0,0.9214826042316072,0.2751333198481814,0.8429652084632143
0,0,0.9972244623184511,0.019111025037821888,0.9944489246369022
0,0,0.9937861113796279,0.03776711397337932,0.9875722227592557
0,0,0.9995513849328853,0.003907042905688127,0.9991027698657706
0,0,0.9371762795019453,0.23466741725324922,0.8743525590038906
1,1,0.9361067706157402,0.23754814347332903,0.8722135412314804
1,0,0.9462900597597736,0.2092973291780276,0.8925801195195473
1,1,0.8169589641415657,0.4759735628006886,0.6339179282831312
1,0,0.9998796103700622,0.00120687196524419,0.9997592207401245
0,0,0.9993918267288312,0.00511154222262117,0.9987836534576623
1,0,0.9236252266268137,0.26982476829322166,0.8472504532536274
1,1,0.999999815083696,3.051740785416692e-06,0.9999996301673919
0,0,0.9979474772164161,0.014752833143932746,0.995894954432832
1,0,0.997947493386702,0.014752733104277136,0.9958949867734038
1,0,0.999862741228752,0.0013579798022566518,0.9997254824575038
0,0,0.9995506688772076,0.003912562333474548,0.9991013377544151
0,0,0.9983352545968657,0.01231453833835061,0.9966705091937313
0,0,0.9998309343217265,0.0016374245522961179,0.9996618686434531
1,1,0.9358097712421575,0.2383447067518004,0.8716195424843151
1,1,0.9615667564191752,0.16293254096020407,0.9231335128383505
0,0,0.9371371035698121,0.2347732786940811,0.8742742071396243
1,1,0.997131874315017,0.019654293306095052,0.9942637486300343
1,0,0.9372211004937099,0.23454626972522413,0.8744422009874199
0,0,0.9542449750809411,0.18582117735519238,0.9084899501618822
1,1,0.9999999540681559,8.220012039651388e-07,0.9999999081363118
1,1,0.8619749194784401,0.40136217202976554,0.72394983895688
0,0,0.9987204481104187,0.009802141986458145,0.9974408962208374
1,1,0.9610087607180586,0.16472489378188798,0.9220175214361175
0,0,0.994835835458146,0.03234535938549979,0.989671670916292
0,0,0.9974228613063223,0.01793633341689863,0.9948457226126446
1,1,0.8998228435594616,0.32547205161026993,0.7996456871189233
1,1,0.9292677260141379,0.25552900697562725,0.858535452028276
0,0,0.9992287397328912,0.006298958910912772,0.9984574794657823
0,0,0.9425900711571908,0.21978055903911575,0.8851801423143818
0,0,0.9396361542354658,0.22796748556964333,0.8792723084709315
1,0,0.9990168778733984,0.007790540397461059,0.998033755746797
1,1,0.7066824446433893,0.6050955015963718,0.41336488928677845
1,0,0.9965550753702268,0.02297464609414769,0.9931101507404536
0,0,0.9371894987418541,0.23463169026197433,0.8743789974837082
1,0,0.9081836440272607,0.3067201872593428,0.8163672880545216
1,0,0.9973472775140253,0.018385598503621012,0.9946945550280506
0,0,0.9998390111282263,0.0015670809421712926,0.9996780222564525
0,0,0.9985931931376342,0.010643519540523333,0.9971863862752685
0,0,0.9994079491186801,0.004991949173724132,0.9988158982373604
1,1,0.9361067706157402,0.23754814347332903,0.8722135412314804
0,0,0.9995472918248131,0.003938577628374132,0.9990945836496261
1,0,0.9395643301976331,0.2281646044490122,0.8791286603952662
0,0,0.9371505729417468,0.2347368846152705,0.8743011458834936
0,0,0.9376725823105659,0.233324042764596,0.875345164621132
0,0,0.9988160997464473,0.009161433115291587,0.9976321994928945
1,1,0.9358697575770383,0.23818393973490498,0.8717395151540767
0,0,0.9996554049780904,0.003092040229527094,0.9993108099561807
0,0,0.9998390141476181,0.0015670545707315029,0.9996780282952362
1,1,0.9999999602871033,7.164837943213794e-07,0.9999999205742065
0,0,0.9992013692115937,0.006494635192005458,0.9984027384231874
1,1,0.9999999615701641,6.945974433749538e-07,0.9999999231403283
1,0,0.9212999232681836,0.27558297116484104,0.842599846536367
1,1,0.7045466114842104,0.6069626060814917,0.4090932229684208
0,0,0.9973332476328407,0.01846875172591026,0.9946664952656814
0,0,0.938515423517181,0.23103299741573208,0.8770308470343621
0,0,0.9979474803079738,0.014752814017603054,0.9958949606159476
0,0,0.9995356577966611,0.004028009141820705,0.9990713155933222
0,0,0.9976283933843155,0.016703227563691334,0.9952567867686312
1,1,0.9999991618047118,1.2566235751158427e-05,0.9999983236094235
1,1,0.9468238986676459,0.20776295910800138,0.8936477973352919
1,0,0.940176543898553,0.2264814791655282,0.880353087797106
1,1,0.9999999621754697,6.842574025723138e-07,0.9999999243509394
1,1,0.8551051752721784,0.4137504661595022,0.7102103505443572
0,0,0.9372058835193984,0.2345874038073011,0.8744117670387968
0,0,0.9806073278023814,0.09566599850444485,0.9612146556047628
0,0,0.999655215561844,0.0030935503545570443,0.9993104311236879
1,1,0.9999993926312778,9.301323251679596e-06,0.9999987852625556
0,0,0.99661076824569,0.022658557973693514,0.99322153649138
0,0,0.9996335073049724,0.0032659442013249626,0.9992670146099446
1,1,0.9999999531529851,8.374549724531441e-07,0.9999999063059701
1,1,0.9360012089100521,0.2378314324697362,0.8720024178201042
0,0,0.999382298401464,0.005182019874121335,0.9987645968029281
1,1,0.9485275902770814,0.2028280521180664,0.8970551805541629
1,1,0.9999999627575701,6.743046260463807e-07,0.99999992551514
1,0,0.9945045044664695,0.034077972937679286,0.989009008932939
1,0,0.9342348434982238,0.2425443314733812,0.8684696869964478
1,1,0.9359384925232418,0.2379996521968926,0.8718769850464835
1,1,0.9360053210553557,0.23782040046019218,0.8720106421107116
1,0,0.9997648595040244,0.0021997886694560915,0.9995297190080487
0,0,0.9988924039461657,0.008644797530591242,0.9977848078923316
0,0,0.9979474948015499,0.014752724351123162,0.9958949896030997
1,1,0.930927629176534,0.251232822206094,0.8618552583530681
0,0,0.9998293496723828,0.0016511799131446734,0.9996586993447656
1,1,0.9794422154891171,0.10020204482205533,0.9588844309782342
1,1,0.9999999615701641,6.945974433749538e-07,0.9999999231403283
0,0,0.9371412725037993,0.2347620146143647,0.8742825450075986
0,0,0.9995363624081315,0.00402260111929425,0.999072724816263
1,1,0.9360012089100521,0.2378314324697362,0.8720024178201042
0,0,0.9372104039022507,0.23457518485078405,0.8744208078045015
1,0,0.9999369557171183,0.0006727859951706623,0.9998739114342367
1,1,0.700523099330465,0.6104204293878608,0.40104619866092994
1,0,0.7489697346862658,0.5634641788147072,0.4979394693725313
1,1,0.9768434030651222,0.11008198924950356,0.9536868061302443
0,0,0.9996024845999633,0.0035100920276206955,0.9992049691999265
0,0,0.9987758680551923,0.009431827670818895,0.9975517361103845
1,1,0.9999999549502822,8.070881798928859e-07,0.9999999099005643
0,0,0.9371848515815191,0.23464425025259464,0.8743697031630381
1,1,0.9352917165223799,0.2397306377586823,0.8705834330447597
0,1,0.9282395305752738,0.2581691128714125,0.8564790611505473
1,1,0.9999999522035974,8.534676426564379e-07,0.9999999044071947
1,0,0.9997580130241471,0.0022568928972278206,0.9995160260482941
0,0,0.937144544356386,0.23475317416020297,0.8742890887127719
1,1,0.9999999621754697,6.842574025723138e-07,0.9999999243509394
1,1,0.9973853575336152,0.018159527183980107,0.9947707150672305
0,0,0.9995180864397301,0.0041625306900361335,0.99903617287946
1,1,0.9999999581697467,7.525114465350048e-07,0.9999999163394935
0,0,0.9782970680965246,0.1045946126896404,0.9565941361930493
1,0,0.9965200105672356,0.023173193970830584,0.9930400211344712
0,0,0.9371442469599647,0.23475397772452236,0.8742884939199294
1,1,0.9131639183607309,0.29515590061103225,0.8263278367214617
0,0,0.9371693160225787,0.23468623591380244,0.8743386320451573
0,0,0.9415613456148758,0.222649635375071,0.8831226912297517
1,1,0.9999999549502822,8.070881798928859e-07,0.9999999099005643
0,0,0.9374457685325771,0.23393849515251483,0.874891537065154
0,0,0.994751639020696,0.03278761666836598,0.9895032780413919
1,0,0.9979474890850284,0.014752759717173079,0.9958949781700568
0,0,0.942027383892503,0.2213522745506275,0.8840547677850059
1,1,0.8679509853327526,0.3902633201165726,0.7359019706655054
0,0,0.999522998479296,0.004124991017009812,0.999045996958592
0,0,0.913265730169935,0.29491628291555566,0.82653146033987
1,1,0.9999999558004616,7.926988957045926e-07,0.9999999116009233
1,1,0.9361067706157402,0.23754814347332903,0.8722135412314804
0,0,0.9973472775140253,0.018385598503621012,0.9946945550280506
0,0,0.9371290136261003,0.23479513614304487,0.8742580272522006
1,1,0.9999999609409562,7.053356875831334e-07,0.9999999218819124
1,0,0.9684110986314809,0.14022269107242702,0.9368221972629618
1,1,0.9358573290581096,0.23821725384212533,0.8717146581162192
0,0,0.9371390249680678,0.23476808728774565,0.8742780499361353
1,1,0.9667294411649026,0.14593330451750225,0.9334588823298053
1,0,0.9413650390141014,0.22319493191903564,0.8827300780282029
0,0,0.9399801044866481,0.22702226219938215,0.8799602089732963
1,1,0.9999999549502822,8.070881798928859e-07,0.9999999099005643
1,0,0.9961350651847051,0.025330301597445877,0.9922701303694103
1,0,0.9666767779717675,0.1461106966664482,0.9333535559435349
0,0,0.9995424695381687,0.0039756827148387484,0.9990849390763374
1,1,0.999999058986347,1.3998808669442011e-05,0.999998117972694
0,0,0.9387249353841702,0.23046158936096925,0.8774498707683404
1,1,0.9999964545789001,4.803993063333593e-05,0.9999929091578001
1,0,0.9979473238701629,0.01475378183487392,0.9958946477403258
0,0,0.9371720484154455,0.2346788517761439,0.8743440968308909
1,1,0.9360012089100521,0.2378314324697362,0.8720024178201042
1,1,0.9360012089100521,0.2378314324697362,0.8720024178201042
0,0,0.999839013269772,0.0015670622378663448,0.999678026539544
1,1,0.6833893964451127,0.6242881793144057,0.3667787928902253
1,1,0.9999999491377837,9.0504967669996e-07,0.9999998982755673
1,1,0.9361067706157402,0.23754814347332903,0.8722135412314804
1,1,0.9999999615701641,6.945974433749538e-07,0.9999999231403283
1,1,0.9376324852990329,0.2334327319867964,0.8752649705980656
1,1,0.9999999621754697,6.842574025723138e-07,0.9999999243509394
1,1,0.7249023397266319,0.5882634253607979,0.449804679453264
1,1,0.9999999501972988,8.872449120709397e-07,0.9999999003945976
0,0,0.9371315014674483,0.23478841459956568,0.8742630029348966
1,1,0.8173131115020099,0.47544338180650136,0.6346262230040199
1,1,0.9999999522035974,8.534676426564379e-07,0.9999999044071947
0,0,0.9375838673941872,0.23356448154644435,0.8751677347883743
1,0,0.9337971168263418,0.24370434339016664,0.8675942336526836
0,0,0.9371866074224371,0.2346395047427592,0.8743732148448741
1,1,0.99999992014018,1.3850082960127054e-06,0.9999998402803599
1,1,0.99999996385483,6.555187727464619e-07,0.9999999277096601
0,0,0.9371678771014165,0.234690124466143,0.874335754202833
1,0,0.8468941103643681,0.42805895037696023,0.6937882207287362
0,0,0.9371387041735567,0.23476895404351877,0.8742774083471133
0,0,0.9998293496723828,0.0016511799131446734,0.9996586993447656
0,0,0.9983753134707533,0.012057818392217482,0.9967506269415066
1,1,0.9999999501972988,8.872449120709397e-07,0.9999999003945976
0,0,0.9374643134837063,0.23388828871858067,0.8749286269674127
1,0,0.999921014703336,0.0008250969443116662,0.999842029406672
1,1,0.985961913277398,0.07382530196639442,0.971923826554796
0,0,0.9371762875841532,0.23466739541076972,0.8743525751683061
1,1,0.9676392965596627,0.14285479407416904,0.9352785931193255
1,1,0.9361066178577747,0.23754855355435844,0.8722132357155493
0,0,0.9998539833694498,0.0014355941922218672,0.9997079667388994
0,0,0.9385663040099532,0.2308942995368783,0.8771326080199064
1,1,0.8422748366960128,0.4358783551158315,0.6845496733920257
1,1,0.9360546201371006,0.23768811954520272,0.8721092402742014
1,1,0.6268352460927669,0.6606185573771666,0.2536704921855336
1,1,0.9999992741117654,1.0986949530722448e-05,0.9999985482235307
1,1,0.7139608553263915,0.5985669953409134,0.42792171065278284
0,0,0.9993687458883164,0.005282010175738834,0.9987374917766326
1,0,0.9684110986314809,0.14022269107242702,0.9368221972629618
1,1,0.9359384925232418,0.2379996521968926,0.8718769850464835
1,1,0.9971852674639357,0.019341376489326566,0.9943705349278713
1,1,0.99999922284439,1.1709889179547464e-05,0.99999844568878
1,0,0.9999472525935937,0.0005723077549474486,0.9998945051871875
1,1,0.9350070046282369,0.24049042569589285,0.8700140092564738
0,0,0.9992987817588979,0.005793704013064815,0.9985975635177956
0,0,0.9879774174111521,0.06510147905812184,0.9759548348223042
0,0,0.9459504033294067,0.21027065416497692,0.8919008066588134
1,1,0.9999989054040122,1.611806239244957e-05,0.9999978108080242
1,0,0.9999224211431443,0.0008117988772344824,0.9998448422862887
0,0,0.9560129554102657,0.18041448410223343,0.9120259108205313
1,1,0.8159039440770822,0.4775480284505439,0.6318078881541642
1,1,0.7083603364784623,0.6036132897586325,0.4167206729569246
1,0,0.9780866943276705,0.10539475404673636,0.9561733886553411
0,0,0.9988162072161356,0.009160709005829156,0.9976324144322711
1,0,0.9393752124370557,0.22868319809618287,0.8787504248741114
1,1,0.9999935525284572,8.350648629361215e-05,0.9999871050569145
0,0,0.9904185537568212,0.054069257017796704,0.9808371075136424
0,0,0.9371461697298075,0.234748782379122,0.8742923394596149
0,0,0.8611033805549902,0.4029554623978021,0.7222067611099805
0,0,0.9995504613003676,0.0039141621427077515,0.9991009226007352
0,0,0.9998390102863168,0.0015670882954190637,0.9996780205726336
1,1,0.99999996385483,6.555187727464619e-07,0.9999999277096601
0,0,0.9284061046419332,0.25774248215588547,0.8568122092838661
0,0,0.9630256894700083,0.15820614592610502,0.9260513789400167
1,1,0.9999992671785256,1.1084923895361309e-05,0.9999985343570511
0,0,0.9371484726903129,0.23474255967173457,0.8742969453806257
1,1,0.9359716642010253,0.2379106863291055,0.8719433284020506
0,0,0.9895877867640334,0.057887236150838926,0.9791755735280666
1,0,0.9950086402845442,0.03143332278003171,0.9900172805690883
1,1,0.9360040479540973,0.2378238159497382,0.8720080959081946
0,1,0.9361067706157402,0.23754814347332903,0.8722135412314804
1,0,0.7982786634435615,0.5027794631571139,0.5965573268871228
0,0,0.9371687077335593,0.23468787976332353,0.8743374154671186
1,1,0.7139629788518637,0.5985650529422587,0.4279259577037272
1,1,0.9999999621754697,6.842574025723138e-07,0.9999999243509394
1,1,0.9999999596078267,7.280539692532008e-07,0.9999999192156535
1,1,0.9968752301629655,0.021144788263145742,0.9937504603259312
0,0,0.9979474929151061,0.014752736021869975,0.9958949858302122
1,1,0.9359420331366021,0.23799015720795735,0.8718840662732043
0,0,0.9458474992678703,0.21056509173758914,0.8916949985357406
1,1,0.9999999589023253,7.400587430968554e-07,0.9999999178046507
1,1,0.7066819019120133,0.6050959788332417,0.41336380382402677
1,1,0.9999981659468754,2.6060026552515487e-05,0.9999963318937508
1,1,0.8496141673418776,0.42337777016210876,0.6992283346837551
1,1,0.9999999589023253,7.400587430968554e-07,0.9999999178046507
1,0,0.9372211004937099,0.23454626972522413,0.8744422009874199
0,0,0.9991851546937369,0.006610110469385227,0.9983703093874737
1,0,0.9979475093010428,0.014752634647935348,0.9958950186020856
1,1,0.9999993294178819,1.0202986949212064e-05,0.9999986588357639
1,0,0.9684110986314809,0.14022269107242702,0.9368221972629618
0,0,0.9993788368225575,0.005207587402895846,0.998757673645115
1,0,0.9372211004937099,0.23454626972522413,0.8744422009874199
1,1,0.9999992591911705,1.1197712800102227e-05,0.999998518382341
0,0,0.9988168492804007,0.009156382700508328,0.9976336985608015
0,0,0.982248175271662,0.08915566500258412,0.9644963505433237
0,0,0.9992887063424024,0.005866799495544561,0.9985774126848047
1,1,0.7005236499878543,0.6104199614439663,0.40104729997570854
1,1,0.9999992821672002,1.0873034095643158e-05,0.9999985643344005
1,0,0.999836637518216,0.0015877946703467308,0.999673275036432
1,1,0.9360040479540973,0.2378238159497382,0.8720080959081946
1,1,0.7890012949087984,0.51527687780044,0.578002589817597
1,1,0.9999999491377837,9.0504967669996e-07,0.9999998982755673
1,1,0.9999988323130666,1.711885696231179e-05,0.9999976646261332
1,1,0.8619749194784401,0.40136217202976554,0.72394983895688
0,0,0.9993543279408619,0.005388066135794151,0.9987086558817236
0,0,0.9999760822152386,0.00027842397340651596,0.9999521644304772
0,0,0.937145424480257,0.234750796059106,0.8742908489605141
0,0,0.9371687954898714,0.23468764260971575,0.8743375909797427
1,1,0.9552658969322516,0.18270798453270393,0.9105317938645032
1,0,0.9428015920906097,0.21918822197779034,0.8856031841812192
1,0,0.9811687486838645,0.09345502209760509,0.9623374973677289
1,1,0.9361396285326484,0.23745992683809106,0.8722792570652969
1,1,0.9971125962233502,0.019767028913790462,0.9942251924467004
0,0,0.9976661330488642,0.01647490896165911,0.9953322660977285
1,1,0.9359850934217002,0.2378746641700164,0.8719701868434006
0,0,0.9972266346631107,0.019098241823702018,0.9944532693262214
0,1,0.9698723266520939,0.1351856936443188,0.9397446533041877
1,1,0.7417127574100517,0.5712577922973194,0.48342551482010365
0,0,0.9371603214720762,0.23471054228374932,0.8743206429441523
0,0,0.9850746886587688,0.0775697788014206,0.9701493773175376
1,1,0.9999999531529851,8.374549724531441e-07,0.9999999063059701
1,1,0.7428911041117177,0.5700111389395075,0.48578220822343554
0,0,0.9957638421410981,0.02737395681213716,0.9915276842821962
1,0,0.9973474919468341,0.018384327012896426,0.9946949838936683
1,1,0.9999993280935744,1.0221810831249857e-05,0.9999986561871488
1,0,0.9383468609166183,0.23149217097580504,0.8766937218332367
1,1,0.9999994235607426,8.85779365845085e-06,0.999998847121485
0,0,0.9371563889591394,0.23472116885502625,0.8743127779182789
1,1,0.9999999540681559,8.220012039651388e-07,0.9999999081363118
1,1,0.9999999566197619,7.78816771380435e-07,0.9999999132395239
0,0,0.946167110337777,0.20964991644668457,0.892334220675554
1,1,0.9999999549502822,8.070881798928859e-07,0.9999999099005643
1,1,0.9999999633171419,6.647284671280214e-07,0.9999999266342838
1,1,0.9360040479540973,0.2378238159497382,0.8720080959081946
0,0,0.9968749969259446,0.021146132927645632,0.9937499938518892
0,0,0.9993956903957952,0.005082921616942599,0.9987913807915905
0,0,0.9998557095812135,0.0014203386588474158,0.999711419162427
1,1,0.5771801929293529,0.6811858484368407,0.15436038585870582
1,1,0.9999999633171419,6.647284671280214e-07,0.9999999266342838
0,0,0.9987337540456043,0.00971345541086778,0.9974675080912085
0,0,0.9990559810317692,0.007519009260518846,0.9981119620635384
1,1,0.9999999512187996,8.700576279406352e-07,0.9999999024375992
1,0,0.9999565557156432,0.00047979909079756455,0.9999131114312864
0,0,0.9994512653779734,0.004668426303582388,0.9989025307559467
0,0,0.9370767430562315,0.23493633425176452,0.8741534861124629
0,0,0.9419585546600752,0.22154413146898,0.8839171093201506
1,1,0.9999999501972988,8.872449120709397e-07,0.9999999003945976
1,1,0.9361067706157402,0.23754814347332903,0.8722135412314804
0,0,0.9979473229268665,0.01475378767062947,0.995894645853733
0,0,0.9380675788117404,0.23225187001222014,0.8761351576234809
1,1,0.847731472952368,0.42662397911365324,0.6954629459047358
1,0,0.9998724900739822,0.0012709236400460112,0.9997449801479643
0,0,0.9371308518213299,0.23479016979583148,0.8742617036426598
1,1,0.9999999574092036,7.654259344934964e-07,0.9999999148184071
1,1,0.7066786465323438,0.6050988413377624,0.41335729306468755
0,0,0.9995504988299209,0.0039138729069159856,0.9991009976598418
1,1,0.9372312761147082,0.2345187610870059,0.8744625522294164
1,0,0.9999285028847189,0.0007539955442166741,0.9998570057694377
1,1,0.9647090164451517,0.15267835735531105,0.9294180328903036
0,0,0.9464772838229073,0.20875984728989175,0.8929545676458147
1,0,0.9998452356110263,0.0015125942875189053,0.9996904712220527
0,0,0.9371938096705226,0.234620038684649,0.874387619341045
1,1,0.9999999581697467,7.525114465350048e-07,0.9999999163394935
1,1,0.9304522264241878,0.2524676037833792,0.8609044528483755
1,1,0.7005236499878543,0.6104199614439663,0.40104729997570854
1,0,0.9391447445303588,0.22931433217514866,0.8782894890607177
1,0,0.9257001068748577,0.26462203807031615,0.8514002137497154
1,1,0.9361067706157402,0.23754814347332903,0.8722135412314804
1,0,0.9310898648837596,0.2508106379815981,0.8621797297675191
1,0,0.9372211004937099,0.23454626972522413,0.8744422009874199
0,0,0.9532171124961343,0.18893141859165036,0.9064342249922686
1,0,0.9334754614912251,0.2445547800058267,0.8669509229824504
1,1,0.7723463482074358,0.5364256423294926,0.5446926964148717
0,0,0.9371206708106515,0.23481767563865,0.8742413416213033
1,1,0.9353734369454147,0.2395123098269508,0.8707468738908295
1,0,0.9965340948506917,0.023093487160455305,0.9930681897013834
0,0,0.9995302967791385,0.004069121021567629,0.9990605935582769
0,0,0.9371411393506389,0.23476237438663056,0.8742822787012781
1,1,0.7744044255338052,0.5338994085281216,0.5488088510676103
1,1,0.9999999549502822,8.070881798928859e-07,0.9999999099005643
1,1,0.9360012089100521,0.2378314324697362,0.8720024178201042
0,0,0.9371791335342545,0.2346597040513668,0.874358267068509
1,0,0.9965200105672356,0.023173193970830584,0.9930400211344712
0,0,0.9979474902838417,0.01475275230055097,0.9958949805676832
1,1,0.9999999615701641,6.945974433749538e-07,0.9999999231403283
1,1,0.7502282269199378,0.5620842727916944,0.5004564538398756
0,0,0.987207184677695,0.068472875064682,0.9744143693553899
1,1,0.9999999512187996,8.700576279406352e-07,0.9999999024375992
1,0,0.879807453307062,0.36730845165199266,0.7596149066141241
1,1,0.7412467565495943,0.5717488052784552,0.48249351309918825
1,1,0.9999999602871033,7.164837943213794e-07,0.9999999205742065
1,1,0.9999971498417767,3.924136211488371e-05,0.9999942996835535
1,1,0.9576046950265991,0.17548323672702817,0.915209390053198
1,1,0.8850075277437777,0.35682765657807947,0.7700150554875553
1,1,0.9999999581697467,7.525114465350048e-07,0.9999999163394935
0,0,0.9799975536833111,0.09804863375201837,0.9599951073666223
0,0,0.9994785644984644,0.004462791363167759,0.9989571289969287
0,0,0.9371752182479666,0.23467028532361073,0.8743504364959332
0,0,0.999693383157299,0.002787073001638619,0.999386766314598
1,1,0.9999999501972988,8.872449120709397e-07,0.9999999003945976
0,0,0.937134758679977,0.23477961424308644,0.8742695173599538
0,0,0.998313627379973,0.012452734922245806,0.9966272547599458
1,1,0.9999999609409562,7.053356875831334e-07,0.9999999218819124
0,0,0.9994197883641409,0.004903848642150713,0.9988395767282817
1,1,0.9864136447542367,0.07189715953421887,0.9728272895084735
0,0,0.996197396323178,0.024983735686769037,0.992394792646356
0,0,0.9986411487886337,0.010327861529839222,0.9972822975772674
1,1,0.9519614712561607,0.19269880048171123,0.9039229425123215
1,1,0.99999996385483,6.555187727464619e-07,0.9999999277096601
1,1,0.9999993356790214,1.0113954785685637e-05,0.9999986713580429
0,0,0.9371412380067221,0.23476210782353413,0.8742824760134442
1,1,0.7575379794621834,0.5539012712848128,0.5150759589243669
0,0,0.9995515817680154,0.003905525480808575,0.9991031635360309
1,1,0.9999999566197619,7.78816771380435e-07,0.9999999132395239
1,1,0.8344869227087971,0.4486997787488539,0.6689738454175942
0,0,0.9979475134055003,0.014752609255103338,0.9958950268110005
0,0,0.9371670137208545,0.23469245765597097,0.8743340274417088
1,1,0.7319556824671263,0.5813039569503518,0.4639113649342525
1,0,0.9214826042316072,0.2751333198481814,0.8429652084632143
1,1,0.9361067706157402,0.23754814347332903,0.8722135412314804
0,0,0.9561334329638725,0.18004337588410183,0.9122668659277452
1,1,0.9999991874146603,1.220750570897588e-05,0.9999983748293206
1,0,0.9976661228481213,0.016474970756637175,0.9953322456962427
0,0,0.9979474879271425,0.01475276688059312,0.9958949758542849
1,0,0.8830390451590908,0.360825852925745,0.7660780903181815
1,1,0.9289419783357336,0.2563671624229249,0.857883956671467
1,1,0.8447367389445226,0.4317311387406104,0.6894734778890454
1,1,0.9999992681071942,1.1071804596442611e-05,0.9999985362143884
1,1,0.9999999627575701,6.743046260463807e-07,0.99999992551514
0,0,0.9372022582470386,0.23459720295764966,0.8744045164940774
0,0,0.9995160823930205,0.004177831960178227,0.9990321647860408
1,1,0.9999968454647801,4.311198494781241e-05,0.9999936909295603
1,1,0.9999999512187996,8.700576279406352e-07,0.9999999024375992
0,0,0.9985815731160186,0.01071975734684962,0.9971631462320373
1,0,0.9374751621154218,0.2338589156810487,0.8749503242308436
0,0,0.9994075877610624,0.004994634429575189,0.9988151755221248
0,0,0.9994935172698086,0.004349555700258008,0.9989870345396172
0,0,0.9957141790720819,0.02764481866713314,0.9914283581441637
0,0,0.9371466850804769,0.23474738988524257,0.8742933701609538
0,0,0.9999943571341594,7.383755224739395e-05,0.9999887142683188
0,0,0.9910110776316864,0.05130206600881919,0.9820221552633728
1,0,0.937870357014555,0.23278754068559473,0.87574071402911
0,0,0.9371654103117637,0.23469679065690768,0.8743308206235273
1,1,0.9999998800921269,2.0308247342320894e-06,0.9999997601842538
1,1,0.9999999491377837,9.0504967669996e-07,0.9999998982755673
1,1,0.9360040479540973,0.2378238159497382,0.8720080959081946
1,1,0.996157350906312,0.02520650802758237,0.9923147018126238
0,0,0.937169951173842,0.2346845194646369,0.8743399023476841
0,0,0.9992252641889816,0.006323859311763137,0.9984505283779631
0,0,0.9995317952255568,0.004057636123189575,0.9990635904511135
1,0,0.6553596593536656,0.644065515193698,0.31071931870733116
1,1,0.9999999589023253,7.400587430968554e-07,0.9999999178046507
1,1,0.9672001147516681,0.1443440298766295,0.9344002295033363
1,1,0.9999999627575701,6.743046260463807e-07,0.99999992551514
1,1,0.9359384925232418,0.2379996521968926,0.8718769850464835
1,1,0.9076215000535927,0.30800653658859206,0.8152430001071852
0,0,0.9912525954618094,0.05016296872103425,0.9825051909236188
1,0,0.995088259965712,0.031011091523893922,0.9901765199314241
0,0,0.9995507490698663,0.003911944257351724,0.9991014981397327
0,0,0.9383971017450535,0.23135536370024223,0.8767942034901071
1,1,0.9999983394086179,2.3760299344284765e-05,0.9999966788172359
1,1,0.9555550453466602,0.1818218476497517,0.9111100906933207
0,0,0.9371648580929491,0.23469828294508785,0.8743297161858983
0,1,0.9494924579466176,0.20000696703170245,0.8989849158932351
0,0,0.9993820412319574,0.0051839200170310075,0.9987640824639148
1,1,0.9999996645420649,5.336387373748586e-06,0.9999993290841298
1,1,0.9361067706157402,0.23754814347332903,0.8722135412314804
0,0,0.9600925127037913,0.16765002585899513,0.9201850254075825
0,0,0.9998293496723828,0.0016511799131446734,0.9996586993447656
1,1,0.9361067706157402,0.23754814347332903,0.8722135412314804
0,0,0.9994611695335179,0.004593982401642525,0.9989223390670358
0,0,0.9871431258550778,0.06875111227003304,0.9742862517101557
0,0,0.9979474876533162,0.01475276857465648,0.9958949753066323
0,0,0.9997616130932536,0.0022268904175235145,0.9995232261865074
1,0,0.9998201316121863,0.0017309086087126378,0.9996402632243726
0,0,0.9371357041753035,0.23477705966437976,0.8742714083506067
1,0,0.999788920685144,0.001997479661228297,0.999577841370288
1,1,0.9999999491377837,9.0504967669996e-07,0.9999998982755673
0,0,0.9996931400281754,0.0027890397238132776,0.9993862800563509
1,1,0.9360040479540973,0.2378238159497382,0.8720080959081946
0,0,0.9371709252003068,0.23468188721707273,0.8743418504006134
1,1,0.9999999935448504,1.2818886270403808e-07,0.9999999870897007
0,0,0.9998390100064951,0.001567090739382855,0.9996780200129903
0,0,0.9979474893422465,0.014752758125858096,0.9958949786844931
1,0,0.5620999971948943,0.6854144086907885,0.12419999438978857
0,0,0.9979474948015499,0.014752724351123162,0.9958949896030997
1,1,0.9999999566197619,7.78816771380435e-07,0.9999999132395239
1,0,0.9673113400595569,0.14396745042201747,0.9346226801191139
1,0,0.9754274966849565,0.11533691889065431,0.9508549933699131
1,1,0.9999999501972988,8.872449120709397e-07,0.9999999003945976
1,1,0.9999999566197619,7.78816771380435e-07,0.9999999132395239
0,0,0.9371647352766967,0.2346986148368097,0.8743294705533933
1,1,0.9999974513664222,3.537491152154153e-05,0.9999949027328443
0,0,0.9998293538369666,0.0016511437823174082,0.9996587076739332
0,0,0.937147644990435,0.2347447961660222,0.87429528998087
1,0,0.9999432363223861,0.0006117186269762898,0.9998864726447723
1,0,0.9237176436948343,0.26959434396397686,0.8474352873896686
1,0,0.9383554811259254,0.2314687009902922,0.8767109622518506
0,0,0.9998390138564639,0.0015670571136810198,0.9996780277129279
1,1,0.9777191222364184,0.10678784341762218,0.9554382444728371
0,0,0.9995316790206463,0.0040585269514671705,0.9990633580412928
1,1,0.9999992905503345,1.0754388512567902e-05,0.9999985811006692
1,1,0.996653598095483,0.022414850825702062,0.993307196190966
0,0,0.9998293496723828,0.0016511799131446734,0.9996586993447656
0,0,0.9993802857982379,0.005196887495071528,0.9987605715964758
0,1,0.9506867859714181,0.19648805727586013,0.9013735719428363
0,0,0.9979474902838417,0.01475275230055097,0.9958949805676832
1,1,0.5934392809191035,0.6755822970050056,0.1868785618382069
0,0,0.9998293502644853,0.0016511747762260204,0.9996587005289705
0,0,0.9371645108146731,0.23469922140967564,0.874329021629346
0,0,0.9371428077167694,0.23475786653449618,0.8742856154335388
1,1,0.99999996385483,6.555187727464619e-07,0.9999999277096601
1,1,0.9999999522035974,8.534676426564379e-07,0.9999999044071947
1,1,0.999997651769243,3.2785639039537106e-05,0.9999953035384861
0,0,0.9371561076439049,0.23472192902463349,0.8743122152878098
1,0,0.9370782312486103,0.23493231484957744,0.8741564624972206
1,1,0.9360082305473176,0.23781259474274646,0.8720164610946354
0,0,0.9995180078281463,0.004163131061021771,0.9990360156562925
0,0,0.99971516034565,0.002610111571893032,0.9994303206913
0,0,0.9382208017354462,0.23183524188431948,0.8764416034708925
0,0,0.9979475138759084,0.014752606344853345,0.9958950277518168
0,0,0.9955740931913798,0.02840575256973456,0.9911481863827596
0,0,0.951747405396299,0.19333761239284458,0.9034948107925979
0,0,0.9995788469749581,0.003694482241666217,0.9991576939499164
1,1,0.9360012089100521,0.2378314324697362,0.8720024178201042
0,0,0.9988892249186064,0.00866642451801218,0.997778449837213
0,0,0.9759565770451536,0.11338336228705159,0.9519131540903072
0,0,0.9792894606507339,0.10079167231047244,0.9585789213014675
0,0,0.9371696045863495,0.23468545609247066,0.8743392091726988
0,0,0.9979474848249698,0.014752786072604617,0.9958949696499394
0,0,0.9995500829604833,0.003917077788037887,0.9991001659209666
0,0,0.9994936452513422,0.004348584622436508,0.9989872905026845
1,1,0.9999999627575701,6.743046260463807e-07,0.99999992551514
0,0,0.9998390139036221,0.001567056701801348,0.999678027807244
1,1,0.9999999581697467,7.525114465350048e-07,0.9999999163394935
1,1,0.9361067706157402,0.23754814347332903,0.8722135412314804
1,0,0.972831724529881,0.12475662515286623,0.945663449059762
1,1,0.9999999540681559,8.220012039651388e-07,0.9999999081363118
0,0,0.9946591754998961,0.03327173469863232,0.9893183509997922
0,0,0.9994843068987709,0.004419356232365722,0.9989686137975418
0,0,0.9989423446480484,0.00830383380852826,0.9978846892960967
1,1,0.932141649947945,0.24806359855175142,0.8642832998958901
0,1,0.9909843919212261,0.05142752184159325,0.9819687838424523
1,1,0.9972885825735098,0.018732984549748144,0.9945771651470198
1,1,0.9999999491377837,9.0504967669996e-07,0.9999998982755673
1,1,0.8260632929920555,0.46207377871913,0.652126585984111
1,1,0.9361067706157402,0.23754814347332903,0.8722135412314804
0,0,0.9998390138303581,0.0015670573416894083,0.9996780276607163
1,1,0.9999990225846445,1.4503234711844466e-05,0.9999980451692889
0,0,0.9945553120784707,0.03381362203086689,0.9891106241569414
0,0,0.9371555737279249,0.23472337176790276,0.8743111474558498
0,0,0.9979474943293294,0.014752727272581534,0.9958949886586587
1,1,0.9286262038681367,0.25717812205850055,0.8572524077362734
0,0,0.9795748557350278,0.09968911911933108,0.9591497114700556
1,1,0.9361067706157402,0.23754814347332903,0.8722135412314804
0,0,0.9393399683163768,0.22877977409784056,0.8786799366327536
1,1,0.936100274764588,0.23756558133786704,0.8722005495291761
0,0,0.9995129735020969,0.004201552502440038,0.9990259470041939
1,1,0.9999999522035974,8.534676426564379e-07,0.9999999044071947
1,0,0.9721946139975722,0.12702868808208315,0.9443892279951445
1,1,0.8022879796385213,0.49721420428017193,0.6045759592770423
0,0,0.9399540248173448,0.22709400610505287,0.8799080496346897
0,0,0.9991368408780165,0.006952297710235195,0.9982736817560328
0,0,0.9993376594133739,0.005510275885320844,0.998675318826748
0,0,0.9996597074847058,0.0030577102402519116,0.9993194149694116
1,1,0.9360012089100521,0.2378314324697362,0.8720024178201042
1,0,0.9739191906828228,0.12084282803572859,0.9478383813656457
1,1,0.9409530897007172,0.2243369692785725,0.8819061794014343
0,0,0.9995911087446948,0.0035990022936419476,0.9991822174893897
1,0,0.9214826042316072,0.2751333198481814,0.8429652084632143
1,1,0.9359384925232418,0.2379996521968926,0.8718769850464835
1,1,0.9999999491377837,9.0504967669996e-07,0.9999998982755673
1,1,0.9999990855140238,1.363032499643185e-05,0.9999981710280476
1,1,0.9359952026099247,0.23784754558575488,0.8719904052198496
1,1,0.9360040479540973,0.2378238159497382,0.8720080959081946
0,0,0.9995426724928601,0.003974122108665475,0.9990853449857201
1,1,0.9361067706157402,0.23754814347332903,0.8722135412314804
0,0,0.9371453819762467,0.23475091090555306,0.8742907639524935
0,0,0.9969866807715179,0.020500228136927697,0.9939733615430358
1,0,0.5767196086061072,0.6813287515621351,0.15343921721221443
0,0,0.937172444522973,0.2346777813073619,0.8743448890459459
1,1,0.7066802749468718,0.6050974094546591,0.4133605498937436
1,1,0.996060882251216,0.02574145046951379,0.9921217645024322
0,0,0.9994933811344131,0.004350588611136243,0.9989867622688262
0,0,0.9994197834343402,0.004903885376723154,0.9988395668686804
1,1,0.5683332908837964,0.6837790123356429,0.13666658176759278
1,0,0.9999420499533744,0.0006233049185549811,0.9998840999067488
1,1,0.8169434131964364,0.4759968243165583,0.6338868263928725
0,0,0.9371327551599972,0.2347850273867833,0.8742655103199946
0,0,0.9991325400032777,0.006982625580435174,0.9982650800065554
0,0,0.9371589620851741,0.23471421569533713,0.8743179241703484
0,0,0.999596745476095,0.0035549874269378825,0.9991934909521899
1,1,0.9999999549502822,8.070881798928859e-07,0.9999999099005643
1,1,0.99999996385483,6.555187727464619e-07,0.9999999277096601
1,1,0.7025459875297535,0.6086916337213056,0.40509197505950695
1,1,0.5470692377283846,0.6887095863042327,0.09413847545676907
0,0,0.9992962219046574,0.005812288978691012,0.9985924438093148
1,1,0.9597843327467106,0.1686289452851223,0.9195686654934212
1,1,0.9999982067468929,2.552064270406391e-05,0.9999964134937857
1,1,0.9361067706157402,0.23754814347332903,0.8722135412314804
0,0,0.999322469618814,0.005621278049369704,0.9986449392376279
0,0,0.9995521167242345,0.0039014010043697724,0.999104233448469
1,1,0.9999999512187996,8.700576279406352e-07,0.9999999024375992
1,1,0.9999999589023253,7.400587430968554e-07,0.9999999178046507
1,1,0.99999996385483,6.555187727464619e-07,0.9999999277096601
0,0,0.9371368849182093,0.2347738694626434,0.8742737698364188
0,0,0.9371709787332099,0.23468174254717517,0.8743419574664197
0,0,0.9371666297741531,0.2346934952251102,0.8743332595483064
0,0,0.9639258220494556,0.1552603753494508,0.9278516440989112
1,1,0.9999999501972988,8.872449120709397e-07,0.9999999003945976
1,1,0.965267362468059,0.15082663571468352,0.9305347249361181
0,0,0.999829352594434,0.0016511545622115017,0.999658705188868
0,1,0.6448996609402422,0.650546903117591,0.2897993218804844
0,0,0.9400365564990625,0.22686692415294019,0.880073112998125
1,0,0.9959628069945891,0.02628287056288521,0.9919256139891782
1,0,0.9979474890850284,0.014752759717173079,0.9958949781700568
1,0,0.9218347293182553,0.27426529614405004,0.8436694586365103
1,1,0.9359420331366021,0.23799015720795735,0.8718840662732043
1,1,0.9359070022272676,0.23808409164699207,0.8718140044545353
1,1,0.9999999491377837,9.0504967669996e-07,0.9999998982755673
0,0,0.9371502690065718,0.23473770587837542,0.8743005380131436
0,0,0.9968785287533005,0.021125769268666134,0.993757057506601
1,1,0.9293977593457108,0.2551939780936691,0.8587955186914216
1,0,0.9973475179440606,0.018384172859780164,0.9946950358881212
0,0,0.9963439762455546,0.0241646677272222,0.9926879524911092
0,0,0.9952363034680018,0.030222537562850794,0.9904726069360037
1,1,0.9999999512187996,8.700576279406352e-07,0.9999999024375992
0,0,0.9987591278594192,0.009543944854442824,0.9975182557188385
0,0,0.9371597420836755,0.2347121079434435,0.8743194841673507
0,0,0.9371383720662532,0.2347698513635238,0.8742767441325063
0,0,0.9838683877149842,0.08257554399150419,0.9677367754299684
1,1,0.9361067706157402,0.23754814347332903,0.8722135412314804
0,0,0.9371463401991365,0.2347483217660786,0.874292680398273
0,0,0.9979474871813113,0.014752771494778313,0.9958949743626226
1,1,0.9999935525284572,8.350648629361215e-05,0.9999871050569145
1,0,0.9999776025064875,0.00026219738447177715,0.999955205012975
1,1,0.9549869721294253,0.18356093558988418,0.9099739442588505
1,1,0.9999999581697467,7.525114465350048e-07,0.9999999163394935
0,0,0.9979474826653995,0.01475279943307624,0.9958949653307988
0,0,0.9995531450380328,0.0038934709781522953,0.9991062900760656
1,0,0.9955680339889587,0.02843856410284622,0.9911360679779173
0,0,0.9993055347092024,0.005744631511763458,0.9986110694184047
1,0,0.9370782312486103,0.23493231484957744,0.8741564624972206
0,0,0.9371481547912731,0.234743418655219,0.8742963095825462
0,0,0.9851169177124384,0.0773927927668519,0.9702338354248767
0,0,0.9998390141108757,0.0015670548916410657,0.9996780282217514
0,0,0.9996044073691501,0.0034950323174374647,0.9992088147383003
0,0,0.9953613613194983,0.0295528200520548,0.9907227226389965
1,0,0.9672572683164834,0.14415057182103766,0.9345145366329666
0,0,0.9385511436537578,0.2309356306636668,0.8771022873075158
0,0,0.9371403198939553,0.23476458850535664,0.8742806397879107
1,0,0.9727274315320021,0.1251295967946471,0.9454548630640042
0,0,0.9371978627408749,0.2346090837587772,0.8743957254817499
1,1,0.9361067706157402,0.23754814347332903,0.8722135412314804
1,0,0.7768141261612398,0.530910742506503,0.5536282523224794
0,0,0.9371852482717862,0.23464317812270857,0.8743704965435722
1,1,0.9999989960115813,1.4870604152334676e-05,0.9999979920231625
0,0,0.9990256424912907,0.007729816768455866,0.9980512849825813
0,0,0.9776509813817122,0.1070454111601309,0.9553019627634246
0,0,0.9949203630132287,0.031899974741975666,0.9898407260264576
1,1,0.9999999633171419,6.647284671280214e-07,0.9999999266342838
1,1,0.7742172540751217,0.5341301562661279,0.5484345081502433
0,0,0.9775751148039532,0.10733193161865456,0.9551502296079064
1,1,0.93599266178798,0.23785436167373764,0.87198532357596
1,1,0.9802949987022209,0.09688880056471523,0.9605899974044417
1,1,0.9357609942753178,0.2384753878217353,0.8715219885506357
1,1,0.9999999602871033,7.164837943213794e-07,0.9999999205742065
1,1,0.9999999609409562,7.053356875831334e-07,0.9999999218819124
1,1,0.9999999540681559,8.220012039651388e-07,0.9999999081363118
1,1,0.7243789891664746,0.5887698188949678,0.44875797833294906
1,1,0.9999999574092036,7.654259344934964e-07,0.9999999148184071
1,1,0.9999999491377837,9.0504967669996e-07,0.9999998982755673
1,1,0.9683426170175087,0.14045701682447043,0.9366852340350172
0,0,0.9879785709156126,0.06509639334735007,0.9759571418312252
1,1,0.9999999566197619,7.78816771380435e-07,0.9999999132395239
1,1,0.9999999512187996,8.700576279406352e-07,0.9999999024375992
0,0,0.9996560258685652,0.0030870894365292866,0.9993120517371303
0,0,0.9979474812510202,0.01475280818332163,0.9958949625020403
1,1,0.9999999501972988,8.872449120709397e-07,0.9999999003945976
1,1,0.9999999522035974,8.534676426564379e-07,0.9999999044071947
0,0,0.9371320717303441,0.23478687387283442,0.874264143460688
1,0,0.6168050719590865,0.6656065583096769,0.23361014391817292
0,0,0.9993539008967797,0.005391202450926045,0.9987078017935593
0,0,0.99976887828709,0.002166176818514352,0.9995377565741801
1,1,0.9999999589023253,7.400587430968554e-07,0.9999999178046507
0,0,0.9804028676569431,0.09646705687821004,0.960805735313886
0,0,0.9880186686515162,0.06491953586331486,0.9760373373030324
0,0,0.9995314158538019,0.004060544285116708,0.9990628317076037
1,1,0.9999999549502822,8.070881798928859e-07,0.9999999099005643
1,1,0.9999999491377837,9.0504967669996e-07,0.9999998982755673
1,1,0.9361067706157402,0.23754814347332903,0.8722135412314804
0,0,0.9979474786309447,0.014752824392765446,0.9958949572618894
1,1,0.9999999633171419,6.647284671280214e-07,0.9999999266342838
0,0,0.9371645198532601,0.23469919698435035,0.87432903970652
0,0,0.9377872264209293,0.2330131301390275,0.8755744528418585
0,0,0.9370465626985792,0.2350178391281898,0.8740931253971582
1,1,0.9999988720190389,1.6575771272747718e-05,0.9999977440380778
1,1,0.9999999609409562,7.053356875831334e-07,0.9999999218819124
0,0,0.9965368907499895,0.023077657577186363,0.993073781499979
1,1,0.9999999596078267,7.280539692532008e-07,0.9999999192156535
0,0,0.9386266434109223,0.2307297589128319,0.8772532868218448
1,1,0.9999999633171419,6.647284671280214e-07,0.9999999266342838
1,1,0.9999999596078267,7.280539692532008e-07,0.9999999192156535
1,1,0.9360012089100521,0.2378314324697362,0.8720024178201042
1,1,0.9608970949192687,0.16508257696388545,0.9217941898385373
1,1,0.9999999540681559,8.220012039651388e-07,0.9999999081363118
1,1,0.9359384925232418,0.2379996521968926,0.8718769850464835
1,1,0.9999999615701641,6.945974433749538e-07,0.9999999231403283
1,1,0.9999999491377837,9.0504967669996e-07,0.9999998982755673
1,1,0.807131372859269,0.49035587040413486,0.6142627457185381
1,1,0.9999999558004616,7.926988957045926e-07,0.9999999116009233
1,1,0.6821774840633419,0.6252172234935758,0.3643549681266837
1,1,0.9999999501972988,8.872449120709397e-07,0.9999999003945976
1,1,0.7549568508941399,0.5568236742559471,0.5099137017882795
0,0,0.9994074144216315,0.004995922440151391,0.9988148288432631
1,1,0.837320335011084,0.44408678124372125,0.6746406700221681
0,0,0.93719496910612,0.23461690490842327,0.8743899382122399
1,1,0.8177937759308515,0.4747224528109141,0.635587551861703
0,0,0.9552965015563479,0.18261428505583363,0.9105930031126959
0,0,0.9371682386810336,0.23468914733373036,0.8743364773620672
1,1,0.9359724761154281,0.2379085085585091,0.8719449522308564
1,1,0.88500695724736,0.3568288208053399,0.7700139144947201
1,1,0.7066802749468718,0.6050974094546591,0.4133605498937436
1,0,0.9976661136818533,0.01647502628484174,0.9953322273637067
0,0,0.9383353519022234,0.2315235042221342,0.8766707038044468
0,0,0.9836204387217798,0.08359286362556653,0.9672408774435597
1,1,0.9999960830235036,5.2684072404104365e-05,0.9999921660470071
1,1,0.9999999627575701,6.743046260463807e-07,0.99999992551514
0,0,0.9912876806713969,0.04999693715172346,0.9825753613427939
1,1,0.9999999558004616,7.926988957045926e-07,0.9999999116009233
1,0,0.9212999232681836,0.27558297116484104,0.842599846536367
1,1,0.9999999999908766,2.410402961095632e-10,0.9999999999817533
0,0,0.9994309764233098,0.004820371771652873,0.9988619528466196
0,0,0.9994700783023538,0.004526864737195073,0.9989401566047076
1,0,0.9997639370125189,0.002207494363437169,0.9995278740250377
1,1,0.6494152005261496,0.6478079014036411,0.29883040105229935
1,1,0.9351507078563362,0.2401071034126247,0.8703014157126725
0,0,0.9531866622104342,0.1890231952615501,0.9063733244208686
0,0,0.9371664759670123,0.23469391086945018,0.8743329519340246
0,0,0.9972228509424453,0.019120506117001442,0.9944457018848907
0,0,0.9371674092884663,0.23469138868011963,0.8743348185769324
1,1,0.9288149520333329,0.25669356766842766,0.8576299040666657
1,1,0.9350101680391562,0.2404819910916224,0.8700203360783124
1,1,0.9999999491377837,9.0504967669996e-07,0.9999998982755673
1,1,0.9999999531529851,8.374549724531441e-07,0.9999999063059701
1,1,0.9360040479540973,0.2378238159497382,0.8720080959081946
1,0,0.9979475219563487,0.014752556353990472,0.9958950439126973
1,1,0.803683014838671,0.495254094346922,0.607366029677342
0,0,0.999551179713241,0.003908624875759821,0.9991023594264822
1,1,0.9999993020820311,1.0591019577600513e-05,0.9999986041640623
1,1,0.9740814838334098,0.12025478644216198,0.9481629676668194
1,1,0.999997931602917,2.9141099561733594e-05,0.9999958632058339
0,0,0.9994935466745614,0.004349332590439266,0.9989870933491227
1,1,0.8432464563467154,0.4342470879856196,0.6864929126934308
0,1,0.8501193145031115,0.42250206890351794,0.700238629006223
0,0,0.9561185540862608,0.18008922615223355,0.9122371081725217
1,0,0.9999180589339655,0.0008529630116506748,0.999836117867931
1,1,0.9359420331366021,0.23799015720795735,0.8718840662732043
1,1,0.9999999491377837,9.0504967669996e-07,0.9999998982755673
0,0,0.9992695656537615,0.006005270287005685,0.998539131307523
1,0,0.9040051490964716,0.3161925639020666,0.808010298192943
1,1,0.9999999512187996,8.700576279406352e-07,0.9999999024375992
0,0,0.9387699420619794,0.23033874179618682,0.8775398841239588
1,1,0.9391920966758956,0.22918473476053233,0.8783841933517914
0,0,0.9371305976869847,0.23479085640716446,0.8742611953739694
0,0,0.9994517427426968,0.004664842353272851,0.9989034854853935
1,1,0.9999999602871033,7.164837943213794e-07,0.9999999205742065
0,0,0.9995360384442508,0.004025087734566929,0.9990720768885015
1,1,0.9360012089100521,0.2378314324697362,0.8720024178201042
1,0,0.9807616533123034,0.09505990897308458,0.9615233066246066
0,0,0.9871002853457048,0.068937007972261,0.9742005706914098
0,0,0.9375024465213709,0.23378503335269235,0.8750048930427418
1,1,0.9999993195707877,1.0342892618057648e-05,0.9999986391415754
1,1,0.9999999589023253,7.400587430968554e-07,0.9999999178046507
1,1,0.9917616437185239,0.04773982386543482,0.9835232874370479
1,1,0.8317513030187111,0.4530984009754927,0.6635026060374225
0,0,0.9995521488066337,0.003901153630921636,0.9991042976132672
1,1,0.849615280711777,0.4233758422703045,0.6992305614235542
0,0,0.9999991702668433,1.2447790630679049e-05,0.9999983405336864
1,1,0.9360012089100521,0.2378314324697362,0.8720024178201042
0,0,0.9016245842884566,0.3214986630641482,0.8032491685769131
1,1,0.9999999574092036,7.654259344934964e-07,0.9999999148184071
0,0,0.9892072174874439,0.059613521312917285,0.9784144349748879
0,0,0.9517542645686691,0.19331715885698195,0.9035085291373381
1,1,0.9344501113831374,0.24197271100140563,0.8689002227662747
1,0,0.9976661182591591,0.01647499855605113,0.9953322365183181
1,1,0.9999999589023253,7.400587430968554e-07,0.9999999178046507
0,0,0.9994261406299949,0.004856479575821332,0.9988522812599899
1,1,0.8190006652857441,0.4729054473391202,0.6380013305714883
1,1,0.9999999581697467,7.525114465350048e-07,0.9999999163394935
1,1,0.9999991867092981,1.221739672837502e-05,0.9999983734185962
1,1,0.9615705208954759,0.16292042050551492,0.923141041790952
1,1,0.9999999491377837,9.0504967669996e-07,0.9999998982755673
0,0,0.8042209424897384,0.4944949814975784,0.608441884979477
1,0,0.9193870956605004,0.2802637508108536,0.8387741913210007
1,1,0.9999999615701641,6.945974433749538e-07,0.9999999231403283
1,1,0.9801352202087157,0.09751239305203904,0.9602704404174313
1,1,0.9999999615701641,6.945974433749538e-07,0.9999999231403283
1,1,0.9999984179426854,2.2713254617846075e-05,0.9999968358853708
1,1,0.9360012089100521,0.2378314324697362,0.8720024178201042
0,0,0.9993513974936918,0.005409582374489779,0.9987027949873838
0,0,0.9975348891074867,0.017266339041158686,0.9950697782149733
1,1,0.9999999589023253,7.400587430968554e-07,0.9999999178046507
1,1,0.9999990812025298,1.3690265752925043e-05,0.9999981624050596
1,1,0.9999999615701641,6.945974433749538e-07,0.9999999231403283
0,0,0.9998390114597078,0.0015670780470076163,0.9996780229194154
0,0,0.9995509998228644,0.003910011513707486,0.9991019996457289
1,1,0.9999999558004616,7.926988957045926e-07,0.9999999116009233
1,1,0.9999890636417335,0.00013586688704645997,0.9999781272834669
1,1,0.7353748922900902,0.5778392544061577,0.4707497845801804
0,0,0.9734948723585765,0.12237538934718742,0.9469897447171529
0,0,0.9379557767819245,0.23255561561354882,0.8759115535638491
1,1,0.9248407271314016,0.26678442267892166,0.8496814542628031
0,0,0.9995357491132287,0.004027308330748933,0.9990714982264576
1,1,0.6450425084597534,0.6504616222552371,0.2900850169195067
1,1,0.9999999596078267,7.280539692532008e-07,0.9999999192156535
1,1,0.9800505015983522,0.09784250501894937,0.9601010031967044
1,0,0.9999577497122883,0.00046779004237391286,0.9999154994245767
0,0,0.9978866845792854,0.015128041370583087,0.9957733691585707
0,0,0.9993858242460327,0.005155957718214914,0.9987716484920655
1,1,0.9359434540572854,0.23798634661556634,0.8718869081145708
1,0,0.9420304769540223,0.22134365081085874,0.8840609539080445
1,1,0.9999988814008083,1.6447248066056093e-05,0.9999977628016166
0,0,0.9397099934050629,0.22776474140817726,0.8794199868101259
1,1,0.9999999574092036,7.654259344934964e-07,0.9999999148184071
0,0,0.9979474867107522,0.014752774405957278,0.9958949734215042
1,1,0.8393239485178532,0.44078922856616887,0.6786478970357062
1,1,0.9359384925232418,0.2379996521968926,0.8718769850464835
0,0,0.5945449767922387,0.675161586706235,0.18908995358447755
0,0,0.9371936967081395,0.23462034400338813,0.874387393416279
0,0,0.9979474867107522,0.014752774405957278,0.9958949734215042
0,0,0.9511003756350214,0.19526241932302474,0.9022007512700427
1,1,0.9999990950558745,1.3497596536702659e-05,0.9999981901117488
1,1,0.9999972192849521,3.8353849463847235e-05,0.9999944385699042
1,0,0.9783500689967066,0.10439269965737934,0.9567001379934134
0,0,0.99830144264209,0.012530472057310789,0.99660288528418
0,0,0.9994291184620823,0.004834249604505756,0.9988582369241646
0,0,0.998250863257613,0.012852233184273426,0.9965017265152261
0,0,0.9836348683435148,0.08353376489139412,0.9672697366870295
1,1,0.9264483993575465,0.26273043138049706,0.8528967987150929
1,1,0.9293951085101927,0.2552008105022024,0.8587902170203852
0,0,0.9995509146193564,0.003910668257512552,0.9991018292387128
1,0,0.9747607980295079,0.11778201023828905,0.9495215960590156
1,1,0.9360489822077528,0.23770324947805865,0.8720979644155056
1,1,0.9999999566197619,7.78816771380435e-07,0.9999999132395239
0,0,0.9371330408739599,0.23478425544419929,0.8742660817479198
1,1,0.9272521572212311,0.2606894581063818,0.8545043144424622
1,1,0.9999999589023253,7.400587430968554e-07,0.9999999178046507
0,1,0.9357735459951134,0.23844176359805402,0.8715470919902268
0,0,0.9375102303844225,0.23376395341871595,0.875020460768845
0,0,0.9995511797071412,0.00390862492277975,0.9991023594142825
0,0,0.9995519262916276,0.0039028693001868942,0.9991038525832551
1,0,0.9660952686876757,0.14806377344181554,0.9321905373753514
0,0,0.9995850300431492,0.0036463812296530225,0.9991700600862985
0,0,0.9998293493763305,0.0016511824816128103,0.9996586987526609
0,1,0.9852810327987165,0.07670381263502496,0.9705620655974331
1,1,0.9999999512187996,8.700576279406352e-07,0.9999999024375992
1,1,0.9999999596078267,7.280539692532008e-07,0.9999999192156535
0,0,0.9998390132332025,0.0015670625572646397,0.999678026466405
1,1,0.9999999633171419,6.647284671280214e-07,0.9999999266342838
1,1,0.5866647032201688,0.6780495047128546,0.1733294064403375
0,0,0.9979474857674034,0.01475278024211088,0.9958949715348069
1,0,0.9212999232681836,0.27558297116484104,0.842599846536367
1,1,0.999998392825135,2.3048545941254627e-05,0.9999967856502701
1,0,0.9840666305681265,0.08175938175242226,0.968133261136253
0,0,0.9371534656475159,0.23472906815776573,0.8743069312950317
1,1,0.9999999574092036,7.654259344934964e-07,0.9999999148184071
0,0,0.9979474876533162,0.01475276857465648,0.9958949753066323
0,0,0.9371511988324787,0.23473519339125443,0.8743023976649574
0,0,0.8903400403759393,0.3458038094573387,0.7806800807518786
0,0,0.9995508060158383,0.003911505343821869,0.9991016120316768
1,0,0.9372211004937099,0.23454626972522413,0.8744422009874199
1,1,0.9999999549502822,8.070881798928859e-07,0.9999999099005643
1,1,0.7243774263897785,0.5887713289811386,0.4487548527795572
1,0,0.6223751816524494,0.6628893782882908,0.24475036330489885
1,1,0.9999999531529851,8.374549724531441e-07,0.9999999063059701
1,1,0.6085609922003699,0.6693874224153806,0.2171219844007397
1,0,0.9976661274361436,0.0164749429629098,0.9953322548722869
0,0,0.9371482855559053,0.234743065321049,0.8742965711118106
0,0,0.9994511187161161,0.004669527325387656,0.9989022374322324
1,1,0.9999988621975404,1.671023484783357e-05,0.9999977243950808
0,0,0.9992683313298403,0.006014182470383476,0.9985366626596806
1,1,0.9360012089100521,0.2378314324697362,0.8720024178201042
0,0,0.957928748881134,0.1744717356081916,0.9158574977622681
1,1,0.9361878199158393,0.23733051038261999,0.8723756398316789
0,0,0.9994406381467741,0.00474810630676533,0.9988812762935482
0,0,0.9948862424785946,0.032079928307481256,0.9897724849571893
0,0,0.9996172661063893,0.003394076212898585,0.9992345322127787
1,1,0.9999999491377837,9.0504967669996e-07,0.9999998982755673
1,1,0.9360012089100521,0.2378314324697362,0.8720024178201042
1,1,0.9345870435717291,0.241608708928234,0.8691740871434579
1,1,0.9454806797521814,0.21161298650443328,0.8909613595043631
0,0,0.997091021483348,0.019893041973198203,0.994182042966696
1,1,0.9606574673787874,0.16584902278518635,0.9213149347575746
0,0,0.9371651312650294,0.23469754473932833,0.8743302625300591
1,0,0.9502732488125711,0.1977098915845669,0.9005464976251423
0,0,0.9979474948015499,0.014752724351123162,0.9958949896030997
1,1,0.7396309706075681,0.573442556475233,0.479261941215136
1,0,0.7822933496107917,0.5239899827483788,0.5645866992215833
1,1,0.9359384925232418,0.2379996521968926,0.8718769850464835
0,0,0.9371369513663549,0.2347736899283704,0.8742739027327097
1,1,0.9779509452295341,0.10590996855265071,0.9559018904590681
0,0,0.978302459490212,0.10457407960459228,0.9566049189804239
1,1,0.999998838879875,1.7029132677029152e-05,0.9999976777597499
0,0,0.9979474867107522,0.014752774405957278,0.9958949734215042
1,0,0.9372211004937099,0.23454626972522413,0.8744422009874199
1,1,0.877366871372098,0.37213869281741363,0.754733742744196
0,0,0.9976698526709821,0.016452372919404816,0.9953397053419641
0,0,0.9990252197317616,0.007732747565934717,0.9980504394635232
1,1,0.9999999574092036,7.654259344934964e-07,0.9999999148184071
1,0,0.9775444676369017,0.10744760031439234,0.9550889352738036
1,1,0.9968327040268335,0.021389673726813364,0.993665408053667
0,0,0.9371647145020282,0.2346986709770781,0.8743294290040564
1,1,0.8234772886558361,0.4660795403991934,0.6469545773116722
1,1,0.9360012089100521,0.2378314324697362,0.8720024178201042
1,0,0.9370782312486103,0.23493231484957744,0.8741564624972206
1,1,0.9999999574092036,7.654259344934964e-07,0.9999999148184071
0,0,0.991677671332815,0.048141678790834544,0.9833553426656301
0,0,0.9385827969320558,0.23084933095712878,0.8771655938641116
0,0,0.9995505103830998,0.003913783867314038,0.9991010207661996
0,0,0.9371238951535938,0.2348089646830216,0.8742477903071876
1,1,0.9334421437732439,0.24464277461700606,0.8668842875464875
0,0,0.9999962849775411,5.0164408837915185e-05,0.9999925699550823
0,0,0.9371781556262819,0.23466234692477084,0.8743563112525637
0,0,0.9382315874914267,0.23180589910948562,0.8764631749828531
0,0,0.9371459399589709,0.23474940322576782,0.8742918799179418
1,0,0.9400290284102596,0.22688764233327607,0.8800580568205194
0,0,0.9220568936782829,0.2737167537941215,0.8441137873565657
1,0,0.9477302243455007,0.20514498911065193,0.8954604486910015
0,0,0.999550811962678,0.003911459507882546,0.9991016239253562
1,1,0.9359385545967187,0.23799948573403945,0.8718771091934374
0,0,0.980189907548278,0.097299104340025,0.9603798150965559
0,0,0.9371530921896045,0.23473007729634748,0.874306184379209
0,0,0.9993821815887509,0.005182882979028299,0.9987643631775018
1,1,0.9359384925232418,0.2379996521968926,0.8718769850464835
0,0,0.9993496261208127,0.005422581907032701,0.9986992522416253
0,0,0.999587601592622,0.003626348870675848,0.9991752031852441
1,0,0.9370782312486103,0.23493231484957744,0.8741564624972206
0,0,0.9548897030239629,0.18385795800261348,0.909779406047926
0,0,0.9995522878246835,0.0039000816965366987,0.9991045756493672
0,1,0.9494924579466176,0.20000696703170245,0.8989849158932351
0,0,0.999595905131767,0.0035615542957013525,0.9991918102635341
0,0,0.9371679702536255,0.23468987273191447,0.874335940507251
0,0,0.9371564128320015,0.23472110434575205,0.874312825664003
0,0,0.9998084041949813,0.0018316610275126658,0.9996168083899626
0,0,0.9979474857674034,0.01475278024211088,0.9958949715348069
0,0,0.9371539964197235,0.23472763392858312,0.8743079928394474
0,1,0.9374299832101299,0.23398122586952524,0.8748599664202599
1,1,0.9999999491377837,9.0504967669996e-07,0.9999998982755673
1,1,0.9999999522035974,8.534676426564379e-07,0.9999999044071947
0,0,0.9371485487449469,0.23474235416700784,0.8742970974898936
1,1,0.9971852674639289,0.019341376489366794,0.9943705349278577
0,1,0.9412214243479498,0.22359341952355083,0.8824428486958996
1,1,0.9999999627575701,6.743046260463807e-07,0.99999992551514
1,1,0.99999996385483,6.555187727464619e-07,0.9999999277096601
0,0,0.9371437596078501,0.23475529454536045,0.8742875192157005
0,0,0.9866320345584908,0.0709595682103286,0.9732640691169817
1,1,0.9353969412065,0.23944949434225204,0.870793882413
1,0,0.9212999232681836,0.27558297116484104,0.842599846536367
0,0,0.9525363368726162,0.19097832515437108,0.9050726737452323
1,1,0.6897774218604934,0.6192786377018655,0.3795548437209868
0,1,0.9629414056874736,0.158480799302685,0.9258828113749469
1,1,0.9999999558004616,7.926988957045926e-07,0.9999999116009233
0,0,0.9995136674722774,0.004196259301777718,0.999027334944555
0,0,0.9991562927640343,0.0068148621377108875,0.9983125855280687
1,1,0.9902712820848497,0.05475121006465077,0.9805425641696992
1,1,0.9999999621754697,6.842574025723138e-07,0.9999999243509394
0,0,0.9387262707642191,0.23045794489365046,0.8774525415284381
1,1,0.9359384925232418,0.2379996521968926,0.8718769850464835
1,1,0.936044254336943,0.2377159367707867,0.8720885086738862
1,1,0.9999999566197619,7.78816771380435e-07,0.9999999132395239
1,1,0.9359384925232418,0.2379996521968926,0.8718769850464835
1,1,0.9999999491377837,9.0504967669996e-07,0.9999998982755673
0,0,0.9371241972948913,0.23480814840242262,0.8742483945897824
1,1,0.9360590493519849,0.2376762329429385,0.8721180987039696
0,0,0.9524781601352621,0.19115276930442207,0.9049563202705242
1,1,0.9999999512187996,8.700576279406352e-07,0.9999999024375992
0,0,0.9995362501060855,0.004023463129861709,0.999072500212171
0,0,0.9317123036171768,0.24918705840876515,0.8634246072343537
1,1,0.9358549879298769,0.23822352884703052,0.8717099758597536
0,0,0.9979475212116403,0.014752560961242339,0.9958950424232806
0,0,0.9996771835971808,0.0029177003186977492,0.9993543671943617
1,0,0.9214826042316072,0.2751333198481814,0.8429652084632143
0,0,0.9998390129869741,0.0015670647078306888,0.9996780259739482
0,0,0.9371648411055875,0.2346983288507926,0.8743296822111748
1,0,0.9678353369148008,0.14218805083323066,0.9356706738296017
0,0,0.9996251999211752,0.0033315718047803086,0.9992503998423504
1,1,0.9999999780687092,4.0869730934538635e-07,0.9999999561374185
1,0,0.7008925125227026,0.6101061804114369,0.4017850250454052
1,0,0.9999269568926303,0.0007687366509888239,0.9998539137852607
1,1,0.9999987692708685,1.797837196657548e-05,0.9999975385417371
1,0,0.9214826042316072,0.2751333198481814,0.8429652084632143
1,1,0.9361067706157402,0.23754814347332903,0.8722135412314804
1,1,0.9999999549502822,8.070881798928859e-07,0.9999999099005643
0,0,0.937141893696281,0.2347603361836325,0.8742837873925621
1,1,0.6028410215111041,0.6718429031112045,0.20568204302220827
1,1,0.9324950220802841,0.24713675286864492,0.8649900441605682
1,1,0.9938943676751765,0.03721678752561242,0.987788735350353
1,1,0.9328487410967129,0.2462070106948571,0.8656974821934258
1,1,0.9999978528851599,3.0169936138145167e-05,0.9999957057703197
1,1,0.9999999581697467,7.525114465350048e-07,0.9999999163394935
1,1,0.9603112800031113,0.16695361832254235,0.9206225600062226
1,1,0.970300399364821,0.13369639478914985,0.940600798729642
1,1,0.999998480462744,2.1876935825717156e-05,0.999996960925488
0,0,0.9635663257793895,0.15643962530607683,0.927132651558779
0,0,0.9991180353437947,0.007084749288634515,0.9982360706875893
1,1,0.6957917873726017,0.6143878588189697,0.39158357474520356
1,1,0.9361067706157402,0.23754814347332903,0.8722135412314804
1,1,0.9999997743452292,3.6791339299295808e-06,0.9999995486904585
1,1,0.9360012089100521,0.2378314324697362,0.8720024178201042
1,1,0.8564594120606368,0.4113389827011097,0.7129188241212735
0,0,0.9998390117896653,0.0015670751651525672,0.9996780235793306
0,0,0.9371472841732021,0.2347457711120002,0.8742945683464045
0,0,0.9995491622331221,0.003924171968736599,0.9990983244662442
0,1,0.9299063741854993,0.25388106052053105,0.8598127483709985
0,0,0.9995520081792354,0.003902237930674214,0.9991040163584709
1,1,0.9999999609409562,7.053356875831334e-07,0.9999999218819124
1,1,0.9479102241406184,0.20462308503999016,0.8958204482812369
1,1,0.9361532892582176,0.23742324533239176,0.8723065785164353
1,1,0.7004814527481301,0.6104558161056193,0.40096290549626035
0,0,0.9979473229268665,0.01475378767062947,0.995894645853733
1,1,0.9999992741117654,1.0986949530722448e-05,0.9999985482235307
0,0,0.9976659231046663,0.01647618077150444,0.9953318462093327
1,1,0.9999999596078267,7.280539692532008e-07,0.9999999192156535
0,0,0.9387488580686217,0.2303962958028956,0.8774977161372434
0,0,0.9995363625508085,0.004022600024113988,0.9990727251016169
1,0,0.9999429863985977,0.0006141614717586077,0.9998859727971954
1,0,0.9221665921979623,0.2734456458273191,0.8443331843959244
0,0,0.937142380240776,0.23475902156038972,0.8742847604815521
1,1,0.9359384925232418,0.2379996521968926,0.8718769850464835
0,0,0.9661537465146152,0.1478678375749371,0.9323074930292303
0,0,0.9524802645622816,0.19114646044048744,0.9049605291245633
0,0,0.9991855089676123,0.006607590903806683,0.9983710179352245
1,1,0.6801984762364391,0.626719761255463,0.36039695247287845
1,1,0.9999999621754697,6.842574025723138e-07,0.9999999243509394
0,0,0.9879731787408479,0.06512016606131198,0.9759463574816959
0,0,0.9940071744673405,0.03664127306472827,0.9880143489346811
0,0,0.9984883241738075,0.011328166383932867,0.9969766483476149
1,1,0.9999999609409562,7.053356875831334e-07,0.9999999218819124
1,1,0.9999999531529851,8.374549724531441e-07,0.9999999063059701
1,1,0.7004814527481301,0.6104558161056193,0.40096290549626035
1,1,0.9999999531529851,8.374549724531441e-07,0.9999999063059701
0,0,0.9934582063846503,0.03942258743093513,0.9869164127693005
1,1,0.9359384925232418,0.2379996521968926,0.8718769850464835
0,0,0.941237542268889,0.22354871571756446,0.882475084537778
0,0,0.9371583687277636,0.23471581908919978,0.874316737455527
0,0,0.9985216641154959,0.011111318410407066,0.997043328230992
0,1,0.935948312187902,0.23797331793826565,0.871896624375804
0,0,0.9989544973707661,0.008220509687544265,0.9979089947415323
1,0,0.9965962872695725,0.022740833326043892,0.9931925745391451
0,0,0.8061425836603265,0.49176816334570306,0.6122851673206529
1,0,0.9997580130241471,0.0022568928972278206,0.9995160260482941
1,1,0.9999999602871033,7.164837943213794e-07,0.9999999205742065
0,0,0.9979472545551921,0.014754210654657934,0.9958945091103841
0,0,0.9994567639012849,0.004627119326346903,0.9989135278025697
0,0,0.9415576560747734,0.22265989055662777,0.8831153121495467
0,0,0.9370347169553588,0.23504982544485364,0.8740694339107178
1,1,0.9802949987022209,0.09688880056471523,0.9605899974044417
1,1,0.7622072118352111,0.5485223373994002,0.5244144236704222
0,0,0.9979474812510202,0.01475280818332163,0.9958949625020403
0,0,0.997947479573316,0.014752818562660662,0.9958949591466321
1,0,0.9232285995387544,0.2708123090967064,0.8464571990775089
0,1,0.9361067706157402,0.23754814347332903,0.8722135412314804
0,1,0.9572773452904454,0.1765023994431875,0.9145546905808907
0,0,0.9372522026702192,0.23446218298355942,0.8745044053404387
1,1,0.9999999581697467,7.525114465350048e-07,0.9999999163394935
0,0,0.976128863876856,0.11274465429314337,0.9522577277537121
1,0,0.9214826042316072,0.2751333198481814,0.8429652084632143
1,0,0.970580612219871,0.13271807395887433,0.941161224439742
1,1,0.9999994516446442,8.453633718732987e-06,0.9999989032892883
1,1,0.9442419512893921,0.21513247119234602,0.8884839025787843
0,0,0.9371582007520435,0.23471627299874817,0.874316401504087
1,0,0.9406639396132066,0.22513674769750447,0.8813278792264132
1,0,0.9213550118401922,0.2754474245505907,0.8427100236803844
1,1,0.9999999540681559,8.220012039651388e-07,0.9999999081363118
0,0,0.9371448333637727,0.23475239326159344,0.8742896667275455
1,0,0.9999570935209193,0.0004743940383923127,0.9999141870418387
1,1,0.9360305929376747,0.23775259518613406,0.8720611858753492
0,1,0.9402608521377139,0.22624917458651594,0.8805217042754279
1,1,0.9999999501972988,8.872449120709397e-07,0.9999999003945976
1,1,0.9999994251297107,8.835251103724017e-06,0.9999988502594214
0,0,0.9371481399492664,0.2347434587592263,0.8742962798985326
0,0,0.9517503954529271,0.19332869639494188,0.9035007909058542
1,0,0.9998887673884882,0.0011238755453095053,0.9997775347769764
1,1,0.9999976021675467,3.342804836986145e-05,0.9999952043350935
0,0,0.999785119773216,0.0020296130025944004,0.9995702395464322
1,1,0.9999999627575701,6.743046260463807e-07,0.99999992551514
1,1,0.5916035022763201,0.6762696106664268,0.18320700455264027
0,0,0.9381944277923873,0.231906984050269,0.8763888555847746
1,1,0.9999999609409562,7.053356875831334e-07,0.9999999218819124
1,1,0.9999989054040122,1.611806239244957e-05,0.9999978108080242
1,1,0.9999997166828077,4.55480511148692e-06,0.9999994333656154
1,0,0.9866609770027391,0.07083504236190631,0.9733219540054783
1,1,0.761730215771016,0.549077324003026,0.5234604315420321
1,0,0.9672947557558528,0.14402362527274593,0.9345895115117056
1,1,0.9999999589023253,7.400587430968554e-07,0.9999999178046507
1,1,0.99999996385483,6.555187727464619e-07,0.9999999277096601
0,0,0.9997453141388316,0.0023623010972017443,0.9994906282776633
0,0,0.9979474912269863,0.014752746465656268,0.9958949824539727
1,1,0.9999999589023253,7.400587430968554e-07,0.9999999178046507
1,1,0.9360248773289127,0.2377679312817291,0.8720497546578254
1,1,0.9999999621754697,6.842574025723138e-07,0.9999999243509394
0,0,0.99981915896204,0.001739293247734021,0.9996383179240799
1,0,0.9999628110480293,0.0004164969325987475,0.9999256220960585
1,0,0.9388912483505224,0.23000745576893922,0.8777824967010449
0,0,0.9371650971417749,0.23469763695227355,0.8743301942835497
1,1,0.9361067706157402,0.23754814347332903,0.8722135412314804
0,0,0.993392049563857,0.039754556258120355,0.9867840991277139
1,1,0.9999999589023253,7.400587430968554e-07,0.9999999178046507
1,1,0.9359769883466998,0.23789640535243944,0.8719539766933997
0,0,0.9979474836087449,0.014752793596942978,0.9958949672174897
0,0,0.948819316950158,0.20197712686866715,0.897638633900316
0,0,0.9979474848249698,0.014752786072604617,0.9958949696499394
0,0,0.9557018935843514,0.18137105709973228,0.9114037871687027
1,1,0.7249338393140495,0.5882329025831661,0.4498676786280991
0,0,0.9995522951776393,0.0039000249984800965,0.9991045903552787
1,0,0.99728847495956,0.0187336202844037,0.9945769499191199
0,0,0.9994338566398014,0.00479884631221783,0.9988677132796029
0,0,0.9979474812510202,0.01475280818332163,0.9958949625020403
1,0,0.9370782312486103,0.23493231484957744,0.8741564624972206
1,1,0.9581103890949817,0.17390362579576285,0.9162207781899635
0,0,0.9371440100674419,0.23475461780639922,0.8742880201348835
1,0,0.9372211004937099,0.23454626972522413,0.8744422009874199
1,1,0.9999987884323891,1.7717473917889754e-05,0.9999975768647782
1,0,0.8216157825603426,0.4689345342131913,0.6432315651206852
1,1,0.7404386135827962,0.5725976409805001,0.48087722716559245
0,0,0.9371626971196899,0.23470412260008822,0.8743253942393798
0,0,0.9934269405787648,0.039579559878704755,0.9868538811575296
1,0,0.9371170755780751,0.23482738838980993,0.8742341511561502
1,1,0.9361067706157402,0.23754814347332903,0.8722135412314804
1,1,0.9999999501972988,8.872449120709397e-07,0.9999999003945976
1,1,0.9999999522035974,8.534676426564379e-07,0.9999999044071947
1,1,0.9359384925232418,0.2379996521968926,0.8718769850464835
1,0,0.9973472511263639,0.018385754969459756,0.9946945022527277
1,1,0.9999999531529851,8.374549724531441e-07,0.9999999063059701
1,1,0.936054954424218,0.23768722243646895,0.872109908848436
0,0,0.9995649205328453,0.0038024919899849493,0.9991298410656905
0,0,0.9398622161268014,0.2273464715123648,0.8797244322536026
0,0,0.9993823229171377,0.00518183873008862,0.9987646458342753
1,1,0.9999999491377837,9.0504967669996e-07,0.9999998982755673
0,0,0.9972273223512551,0.019094194750852354,0.9944546447025101
1,1,0.9528014006837239,0.19018257697028068,0.9056028013674478
1,1,0.7066797321474095,0.6050978867457172,0.4133594642948191
1,1,0.9999999531529851,8.374549724531441e-07,0.9999999063059701
0,0,0.9938819830806659,0.037279842444089134,0.9877639661613319
1,1,0.9999989496161655,1.5510339933756358e-05,0.9999978992323311
1,1,0.9361067706157402,0.23754814347332903,0.8722135412314804
0,0,0.9995468741362831,0.003941793557991068,0.9990937482725661
0,0,0.9989624243662085,0.008166082809550439,0.997924848732417
1,1,0.999998973042231,1.5187585235291527e-05,0.9999979460844619
0,0,0.9371380624196521,0.23477068799531878,0.8742761248393042
1,1,0.9361067706157402,0.23754814347332903,0.8722135412314804
0,0,0.94897116380453,0.20153351825922702,0.8979423276090599
1,1,0.9359384925232418,0.2379996521968926,0.8718769850464835
1,1,0.9999999522035974,8.534676426564379e-07,0.9999999044071947
0,0,0.9113913468776628,0.29930688069910144,0.8227826937553254
0,0,0.9975346551166775,0.017267743688630946,0.995069310233355
0,0,0.947255690017863,0.20651775788233304,0.894511380035726
0,0,0.9998293525738527,0.0016511547407688256,0.9996587051477056
0,0,0.9561275331952452,0.18006155705175464,0.9122550663904907
1,1,0.8546597595687795,0.4145403754508751,0.709319519137559
0,0,0.9996142505223696,0.0034177903345966308,0.9992285010447391
1,0,0.9370782312486103,0.23493231484957744,0.8741564624972206
0,0,0.9371310646251574,0.23478959484901007,0.8742621292503147
1,1,0.9999999512187996,8.700576279406352e-07,0.9999999024375992
1,1,0.9999999589023253,7.400587430968554e-07,0.9999999178046507
1,0,0.9212999232681836,0.27558297116484104,0.842599846536367
0,0,0.9371507336962103,0.23473645024007,0.8743014673924208
0,0,0.9410981899649336,0.22393506071997032,0.8821963799298671
1,1,0.9999999540681559,8.220012039651388e-07,0.9999999081363118
0,0,0.9401725729101293,0.2264924177874112,0.8803451458202588
1,1,0.768902720830595,0.5405988007239311,0.5378054416611899
1,1,0.7249013089859456,0.5882644240538955,0.4498026179718914
1,0,0.9370782312486103,0.23493231484957744,0.8741564624972206
0,0,0.9984328928127282,0.011687077879388141,0.9968657856254562
0,0,0.9995518450043014,0.0039034960265999868,0.9991036900086029
1,1,0.9313240385563065,0.2502005267366695,0.8626480771126128
1,0,0.9372211004937099,0.23454626972522413,0.8744422009874199
0,0,0.9998390110697832,0.001567081452612879,0.9996780221395666
1,1,0.6816638700595663,0.6256089120207813,0.36332774011913277
0,0,0.9371628342608879,0.2347037520021703,0.874325668521776
1,1,0.9999999512187996,8.700576279406352e-07,0.9999999024375992
1,0,0.9747813255089073,0.11770699849758597,0.9495626510178146
1,0,0.9372211004937099,0.23454626972522413,0.8744422009874199
1,1,0.9969976420652186,0.020436614030862138,0.9939952841304371
1,1,0.9999939069180864,7.926096341407528e-05,0.9999878138361729
0,0,0.9989724807195044,0.008096948426285064,0.9979449614390089
0,0,0.9371691622120851,0.2346866515742185,0.8743383244241705
1,1,0.9360012089100521,0.2378314324697362,0.8720024178201042
1,0,0.9477857822919354,0.20498397037357932,0.895571564583871
0,0,0.9978045124822315,0.015632425718397847,0.9956090249644628
0,0,0.9371380219979115,0.23477079721039204,0.8742760439958229
1,1,0.9361067706157402,0.23754814347332903,0.8722135412314804
0,0,0.9371425806682016,0.23475848001254918,0.8742851613364031
1,1,0.9999999574092036,7.654259344934964e-07,0.9999999148184071
0,0,0.9979474848249698,0.014752786072604617,0.9958949696499394
1,1,0.8036841722148518,0.49525246305068654,0.6073683444297036
1,1,0.7083603364784623,0.6036132897586325,0.4167206729569246
0,0,0.9371485035964007,0.23474247616142183,0.8742970071928016
0,0,0.9537044964827159,0.18745961252776686,0.9074089929654319
1,0,0.9672572683164834,0.14415057182103766,0.9345145366329666
1,1,0.8166951157912293,0.4763680151899659,0.6333902315824587
1,1,0.9361067706157402,0.23754814347332903,0.8722135412314804
1,1,0.9999999615701641,6.945974433749538e-07,0.9999999231403283
0,0,0.9371571058630032,0.23471923163239972,0.8743142117260063
1,0,0.9973472511263639,0.018385754969459756,0.9946945022527277
0,0,0.9371679631290903,0.23468989198524073,0.8743359262581806
0,0,0.9979474848249698,0.014752786072604617,0.9958949696499394
0,0,0.9998390102863168,0.0015670882954190637,0.9996780205726336
1,1,0.9999999615701641,6.945974433749538e-07,0.9999999231403283
0,0,0.9994415215729026,0.004741490377090883,0.9988830431458051
0,0,0.9996115596395718,0.0034389311354713513,0.9992231192791436
1,0,0.9212999232681836,0.27558297116484104,0.842599846536367
0,0,0.9995419822602337,0.003979429237437718,0.9990839645204675
1,1,0.9360040479540973,0.2378238159497382,0.8720080959081946
1,1,0.9999999531529851,8.374549724531441e-07,0.9999999063059701
1,0,0.7632682425304208,0.5472833200568035,0.5265364850608418
1,0,0.9954283136353982,0.02919288638856654,0.9908566272707963
0,0,0.9949482336108879,0.03175281282192408,0.9898964672217758
1,1,0.9999999531529851,8.374549724531441e-07,0.9999999063059701
0,0,0.999839013647052,0.0015670589426916158,0.9996780272941039
1,0,0.9713319811684293,0.13008113891196055,0.9426639623368588
1,0,0.939951745561775,0.22710027565392127,0.8799034911235498
1,0,0.9963406291076492,0.02418343599003319,0.9926812582152985
1,0,0.9839187359893796,0.08236849683041891,0.9678374719787592
0,0,0.9371500961029193,0.23473817308055958,0.8743001922058389
1,1,0.9999999635989749,6.599021317937191e-07,0.9999999271979497
0,0,0.9989953712904528,0.007939213767307666,0.9979907425809055
0,0,0.9316727762505064,0.24929034278131706,0.8633455525010129
1,0,0.9385690408319395,0.23088683781408284,0.877138081663879
1,1,0.9966081559932307,0.022673404372073897,0.9932163119864615
0,0,0.9371382603139433,0.23477015330642684,0.8742765206278866
0,0,0.9979474907557844,0.014752749380812651,0.9958949815115686
1,1,0.999998470741411,2.200714249560137e-05,0.999996941482822
0,0,0.9990807430152558,0.007346228469174744,0.9981614860305118
1,1,0.9973215515554426,0.01853801622335052,0.994643103110885
0,0,0.9371834964678344,0.23464791268145369,0.8743669929356688
1,1,0.9999999574092036,7.654259344934964e-07,0.9999999148184071
1,1,0.7186524552166295,0.5942215225004857,0.4373049104332588
0,0,0.9998390115808858,0.001567076988635553,0.9996780231617717
0,0,0.9976658430649549,0.016476665634852967,0.9953316861299096
1,1,0.9999999549502822,8.070881798928859e-07,0.9999999099005643
0,0,0.937129012877181,0.23479513816642722,0.874258025754362
1,0,0.9998968550765321,0.0010499455908567557,0.9997937101530644
1,1,0.9999999574092036,7.654259344934964e-07,0.9999999148184071
1,1,0.9973538061878171,0.018346878588434534,0.9947076123756342
0,0,0.9984207821648545,0.011765229045658666,0.996841564329709
1,0,0.9979475173814282,0.014752584657429565,0.9958950347628565
0,0,0.9371726738603909,0.23467716152861004,0.8743453477207819
0,1,0.9457380533678081,0.2108780204930314,0.8914761067356165
0,0,0.985688910200115,0.07498339301128794,0.97137782040023
1,0,0.9662696297900892,0.14747924983770166,0.9325392595801786
1,1,0.9359992185382403,0.2378367721117714,0.8719984370764806
1,1,0.9999999609409562,7.053356875831334e-07,0.9999999218819124
0,0,0.9995512358822131,0.0039081918971439955,0.9991024717644262
1,0,0.8217914695018252,0.4686660964029262,0.6435829390036505
1,1,0.9361067706157402,0.23754814347332903,0.8722135412314804
1,1,0.955402299634507,0.18229020336295115,0.9108045992690138
1,1,0.9359434540572854,0.23798634661556634,0.8718869081145708
1,0,0.9403792906187648,0.22592261307848663,0.8807585812375296
1,1,0.9999993521237858,9.879830999561475e-06,0.9999987042475715
1,1,0.9453517961044113,0.2119805483727313,0.8907035922088226
1,0,0.9998785576220769,0.0012163680643919338,0.9997571152441538
0,0,0.9913428023425401,0.049735800181877565,0.9826856046850801
0,1,0.9417197945077881,0.22220898852985144,0.8834395890155763
1,0,0.9979475052560287,0.01475265967300409,0.9958950105120574
1,1,0.6471916290678532,0.6491678180619121,0.2943832581357066
0,0,0.9995518971101117,0.0039030942917767293,0.9991037942202234
1,1,0.9999999621754697,6.842574025723138e-07,0.9999999243509394
0,0,0.9714057120848414,0.12982129559563527,0.9428114241696827
1,1,0.9360489822077528,0.23770324947805865,0.8720979644155056
1,1,0.9999999522035974,8.534676426564379e-07,0.9999999044071947
1,0,0.9372211004937099,0.23454626972522413,0.8744422009874199
1,0,0.9370782312486103,0.23493231484957744,0.8741564624972206
1,0,0.9382374827999492,0.2317898600055254,0.8764749655998986
0,0,0.93823045455383,0.23180898137376615,0.8764609091076602
0,0,0.9976658430649549,0.016476665634852967,0.9953316861299096
1,1,0.6452134728662781,0.6503594382738325,0.29042694573255623
1,1,0.9649379834362436,0.15192011743466857,0.9298759668724871
0,0,0.9972277713779093,0.019091552118333865,0.9944555427558186
0,0,0.9371550311477023,0.23472483791865645,0.8743100622954048
1,1,0.9460480443342237,0.20999108419607587,0.8920960886684476
1,1,0.9999999633171419,6.647284671280214e-07,0.9999999266342838
0,0,0.9371381899970295,0.23477034329517116,0.8742763799940587
1,1,0.9999999621754697,6.842574025723138e-07,0.9999999243509394
1,1,0.9499689428710753,0.19860667901574297,0.8999378857421503
0,0,0.999839013536978,0.0015670599040805493,0.9996780270739561
1,1,0.9999999540681559,8.220012039651388e-07,0.9999999081363118
0,0,0.9979474867107522,0.014752774405957278,0.9958949734215042
1,1,0.9359224458000193,0.23804268264504275,0.8718448916000385
1,1,0.718606504652864,0.5942646091274211,0.4372130093057281
0,0,0.9979474791010926,0.014752821484132945,0.9958949582021853
0,0,0.9995235345820046,0.004120890862646285,0.9990470691640093
1,0,0.9382593285215585,0.2317304200919311,0.8765186570431167
1,1,0.9999999549502822,8.070881798928859e-07,0.9999999099005643
0,0,0.9995232895012354,0.004122765333885523,0.9990465790024706
1,1,0.9879222390972989,0.06534462527091688,0.975844478194598
1,1,0.99999996385483,6.555187727464619e-07,0.9999999277096601
0,0,0.9993688090695252,0.005281544705830444,0.9987376181390503
1,0,0.9212999232681836,0.27558297116484104,0.842599846536367
0,0,0.9568608102874204,0.1777954436886196,0.9137216205748407
1,1,0.8416651328852689,0.43689836519073727,0.6833302657705378
1,0,0.9976659225595539,0.016476184073687516,0.9953318451191078
1,1,0.9999999602871033,7.164837943213794e-07,0.9999999205742065
0,0,0.9371652215207027,0.23469730083689994,0.8743304430414054
0,0,0.9998390105668812,0.0015670858449650987,0.9996780211337625
0,0,0.9972876721589313,0.018738362733123407,0.9945753443178627
1,1,0.9999989720898262,1.5200717413720861e-05,0.9999979441796526
1,0,0.7285538996990187,0.5846918651456944,0.45710779939803725
1,1,0.9999999609409562,7.053356875831334e-07,0.9999999218819124
1,1,0.9999999615701641,6.945974433749538e-07,0.9999999231403283
1,1,0.9783823270082005,0.10426974414563123,0.956764654016401
0,0,0.9994782408900719,0.004465237225491995,0.9989564817801436
1,1,0.9999999602871033,7.164837943213794e-07,0.9999999205742065
1,1,0.9999991507139684,1.2721344531782092e-05,0.9999983014279369
1,1,0.9999982807810813,2.453951128635322e-05,0.9999965615621627
0,0,0.9995360399696415,0.004025076026817325,0.9990720799392829
1,1,0.9360012089100521,0.2378314324697362,0.8720024178201042
1,1,0.9999997403854441,4.196427244632926e-06,0.9999994807708883
1,1,0.9650093846580704,0.15168335088740348,0.9300187693161408
1,1,0.9339426224821268,0.24331908619841386,0.8678852449642536
0,0,0.937146781779148,0.23474712860185867,0.8742935635582962
1,1,0.9359434540572854,0.23798634661556634,0.8718869081145708
1,1,0.9999999522035974,8.534676426564379e-07,0.9999999044071947
1,0,0.9966337346646792,0.022527944174078884,0.9932674693293585
0,0,0.9392955402414812,0.2289014849279787,0.8785910804829624
1,1,0.7240707963958332,0.589067384041457,0.44814159279166643
0,0,0.9981269728621011,0.0136342557714757,0.9962539457242023
1,1,0.6843146281467888,0.6235743340051771,0.3686292562935774
0,0,0.9371468807454097,0.2347468611911974,0.8742937614908195
1,1,0.933159606126086,0.24538826052260104,0.8663192122521719
1,0,0.9997940122701537,0.0019543273222971916,0.9995880245403074
0,0,0.9964859296924246,0.023365830733576846,0.9929718593848491
1,1,0.9321672115759952,0.24799662032717112,0.8643344231519905
1,1,0.9355832401007639,0.23895128414167188,0.8711664802015279
1,1,0.9999999633171419,6.647284671280214e-07,0.9999999266342838
1,1,0.9999999574092036,7.654259344934964e-07,0.9999999148184071
1,0,0.9360319818545718,0.23774886836819645,0.8720639637091437
1,1,0.9372312761147082,0.2345187610870059,0.8744625522294164
1,0,0.9979475148201724,0.014752600503022757,0.9958950296403449
1,1,0.9361067706157402,0.23754814347332903,0.8722135412314804
1,1,0.9615524092944631,0.16297873076927694,0.923104818588926
1,1,0.9360046288179226,0.2378222576054692,0.8720092576358452
1,1,0.9999999540681559,8.220012039651388e-07,0.9999999081363118
1,0,0.9999330033698963,0.0007108901700157297,0.9998660067397926
0,0,0.9371443813160026,0.23475361469506031,0.8742887626320052
1,0,0.6123744647756565,0.667674101325687,0.22474892955131304
1,0,0.9999188883959038,0.000845154036223591,0.9998377767918077
1,1,0.9949374143992392,0.03180995856967743,0.9898748287984783
1,1,0.9999999491377837,9.0504967669996e-07,0.9999998982755673
0,0,0.9456455453791937,0.21114233816671374,0.8912910907583873
1,1,0.7352790931391116,0.5779371439103015,0.47055818627822316
0,0,0.998183917304258,0.013275863925237292,0.9963678346085162
0,0,0.9995312493706192,0.004061820403427598,0.9990624987412384
1,1,0.9999999531529851,8.374549724531441e-07,0.9999999063059701
0,0,0.9371424658189511,0.23475879033126,0.8742849316379022
1,1,0.9999986736476828,1.9275980804721712e-05,0.9999973472953656
1,1,0.8561221180349573,0.41194099120468464,0.7122442360699145
1,1,0.9999999558004616,7.926988957045926e-07,0.9999999116009233
1,0,0.9432656269853826,0.21788584158429458,0.8865312539707653
0,0,0.9371691640950739,0.23468664648559664,0.8743383281901478
1,0,0.9372211004937099,0.23454626972522413,0.8744422009874199
1,1,0.8865468625631362,0.35367460332769013,0.7730937251262724
1,1,0.9999999549502822,8.070881798928859e-07,0.9999999099005643
0,0,0.9546553631259541,0.18457264071493848,0.9093107262519082
1,1,0.9360042666547339,0.2378232292192778,0.8720085333094678
1,1,0.9973853575336152,0.018159527183980107,0.9947707150672305
1,0,0.9976661589349094,0.016474752146644744,0.9953323178698189
0,0,0.9993227866957716,0.005618964461646795,0.9986455733915433
1,1,0.9999973853032592,3.622495288951941e-05,0.9999947706065184
1,1,0.9999999501972988,8.872449120709397e-07,0.9999999003945976
1,1,0.9999999589023253,7.400587430968554e-07,0.9999999178046507
0,0,0.9996662764672294,0.003005190682481965,0.9993325529344587
1,1,0.9999999609409562,7.053356875831334e-07,0.9999999218819124
1,1,0.9599071101032666,0.1682392445588468,0.9198142202065329
1,1,0.9151542354776717,0.29044774386556865,0.8303084709553433
1,1,0.9359985339269541,0.23783860872780282,0.8719970678539082
1,0,0.9372211004937099,0.23454626972522413,0.8744422009874199
1,1,0.6388305406229599,0.6540880932318727,0.27766108124591965
1,0,0.9220033876967276,0.27384892724469767,0.8440067753934555
0,0,0.9995371928934961,0.004016225615871062,0.9990743857869924
1,0,0.9976661090936936,0.016475054079376193,0.9953322181873872
0,0,0.9997592710116654,0.002246415132939511,0.9995185420233307
0,0,0.9371654821577416,0.23469659650359165,0.8743309643154833
1,1,0.744140684090043,0.5686811805825351,0.48828136818008583
1,0,0.9370782312486103,0.23493231484957744,0.8741564624972206
1,1,0.9058922549506684,0.31194001279592226,0.8117845099013369
0,0,0.9371443453711256,0.23475371181800012,0.8742886907422512
1,1,0.690634756322759,0.6185918414546883,0.3812695126455179
0,0,0.9997851226940347,0.0020295883356343867,0.9995702453880694
1,0,0.9787531086371619,0.10285291184378234,0.9575062172743238
0,0,0.9371730807840137,0.2346760618252935,0.8743461615680274
1,1,0.9359922676808966,0.23785541890800532,0.8719845353617931
1,1,0.9230228699364238,0.2713236694805954,0.8460457398728476
1,1,0.9359947859762074,0.23784866326771092,0.8719895719524149
0,0,0.9371459442402127,0.23474939165775172,0.8742918884804255
0,0,0.9382277734057392,0.2318162756034425,0.8764555468114783
1,1,0.7396289949959804,0.5734446191051529,0.4792579899919609
0,0,0.997436701307666,0.017853830512024108,0.9948734026153322
1,1,0.9999999522035974,8.534676426564379e-07,0.9999999044071947
1,1,0.9361067706157402,0.23754814347332903,0.8722135412314804
1,0,0.9999535819302159,0.0005095682182487042,0.9999071638604318
1,0,0.9976660953278035,0.016475137471471776,0.995332190655607
0,0,0.9979472545551921,0.014754210654657934,0.9958945091103841
1,1,0.9349784860197741,0.24056645744406585,0.8699569720395481
0,0,0.9991371454579797,0.006950149134772824,0.9982742909159594
1,0,0.9962425247307382,0.024732179131901528,0.9924850494614764
1,1,0.9999993027709279,1.058125401388161e-05,0.9999986055418556
1,1,0.9359152349381533,0.23806201769404312,0.8718304698763067
1,1,0.8098336098595673,0.4864641421316372,0.6196672197191344
1,0,0.9216610038753174,0.2746937614291573,0.8433220077506346
0,0,0.9371705686226387,0.23468285084850704,0.8743411372452773
1,1,0.9360116376825516,0.237803453745627,0.8720232753651032
1,1,0.9999999633171419,6.647284671280214e-07,0.9999999266342838
1,1,0.9999999602871033,7.164837943213794e-07,0.9999999205742065
0,0,0.9403389319300417,0.22603391913198792,0.8806778638600833
1,1,0.822877578378582,0.46700191006683284,0.6457551567571639
1,0,0.9372211004937099,0.23454626972522413,0.8744422009874199
1,1,0.8231068224032518,0.4666496186257827,0.6462136448065035
1,0,0.9375315666192037,0.23370616621258739,0.8750631332384076
1,1,0.9999999491377837,9.0504967669996e-07,0.9999998982755673
1,1,0.9999999589023253,7.400587430968554e-07,0.9999999178046507
0,0,0.9888106430118706,0.06139797736895159,0.9776212860237412
0,0,0.9979474898123699,0.014752755217376075,0.9958949796247397
0,0,0.9371420319052,0.2347599627492186,0.8742840638103999
1,1,0.9438305657876674,0.21629482562859734,0.8876611315753349
1,0,0.9040928960169826,0.315995743504359,0.8081857920339653
1,1,0.9359353867261039,0.23800798095153713,0.8718707734522078
1,1,0.9999999522035974,8.534676426564379e-07,0.9999999044071947
1,0,0.9214826042316072,0.2751333198481814,0.8429652084632143
0,0,0.9371651723563666,0.23469743369616625,0.8743303447127332
0,0,0.9477491443613175,0.20509016188329052,0.895498288722635
0,0,0.9371473018891988,0.23474572324255444,0.8742946037783976
0,0,0.9991356249735883,0.006960873901655949,0.9982712499471768
0,0,0.9372801589165071,0.23438658743047258,0.8745603178330142
1,1,0.974462133107287,0.11887146430790121,0.9489242662145738
0,0,0.999013754201309,0.007812163096232468,0.9980275084026179
1,1,0.8471348700547814,0.4276469203358457,0.6942697401095627
0,0,0.9385252494654549,0.23100621582997763,0.8770504989309098
0,0,0.9371287483145828,0.2347958529441704,0.8742574966291656
0,0,0.9979474924430743,0.014752738942160355,0.9958949848861486
1,0,0.9975458811475184,0.017200328667534764,0.9950917622950368
1,1,0.99999996385483,6.555187727464619e-07,0.9999999277096601
0,0,0.9994900531881604,0.00437582764193507,0.9989801063763208
0,0,0.9922848856172315,0.045216020634197655,0.984569771234463
1,1,0.9999999615701641,6.945974433749538e-07,0.9999999231403283
1,1,0.9999999531529851,8.374549724531441e-07,0.9999999063059701
1,1,0.9999999596078267,7.280539692532008e-07,0.9999999192156535
1,1,0.582029584639106,0.6796284456176327,0.16405916927821212
0,0,0.9995472627182577,0.003938801742384716,0.9990945254365153
1,0,0.9221665921979623,0.2734456458273191,0.8443331843959244
1,1,0.9999998328587354,2.7752848283924235e-06,0.9999996657174707
0,0,0.9995794947646577,0.0036894470611728712,0.9991589895293155
1,1,0.834485622431405,0.44870188228841174,0.66897124486281
0,0,0.937161813920883,0.23470650926867692,0.874323627841766
1,1,0.9999999566197619,7.78816771380435e-07,0.9999999132395239
0,0,0.9371424895793524,0.2347587261314945,0.8742849791587046
0,0,0.9979475169688053,0.014752587210184145,0.9958950339376106
1,1,0.9361067706157402,0.23754814347332903,0.8722135412314804
1,1,0.9361067706157402,0.23754814347332903,0.8722135412314804
1,0,0.9999076227625973,0.0009505233225192578,0.9998152455251945
1,1,0.6211313145475692,0.663507576290354,0.24226262909513835
1,1,0.9999999621754697,6.842574025723138e-07,0.9999999243509394
1,0,0.9372211004937099,0.23454626972522413,0.8744422009874199
1,0,0.996645083999208,0.02246334066639443,0.993290167998416
0,0,0.9371637078683408,0.23470139123723754,0.8743274157366815
0,0,0.9371556568572678,0.23472314713680995,0.8743113137145355
1,1,0.6644849085894408,0.6380157492273291,0.3289698171788816
1,1,0.9999991694242041,1.2459588970785945e-05,0.9999983388484082
1,0,0.9998957143026111,0.0010604107794555757,0.9997914286052223
0,0,0.9380860471747583,0.23220167416242554,0.8761720943495165
0,0,0.6441250755933162,0.6510077842594545,0.28825015118663244
1,1,0.9999994969235254,7.79895481380788e-06,0.9999989938470508
0,0,0.9575946709865429,0.17551448440634035,0.9151893419730859
1,1,0.9614430874665392,0.16333050390545417,0.9228861749330782
0,0,0.9371313532343702,0.23478881509230723,0.8742627064687403
0,0,0.9954772299990786,0.028929291530680037,0.9909544599981572
1,1,0.9663075131604897,0.14735212742770362,0.9326150263209793
1,1,0.9966203020781106,0.022604356519361525,0.9932406041562212
1,1,0.9328538406116709,0.2461935921570511,0.8657076812233417
0,0,0.9371311520681218,0.23478935859808162,0.8742623041362434
0,1,0.5341041530086428,0.6908191869755084,0.06820830601728567
1,1,0.9999999566197619,7.78816771380435e-07,0.9999999132395239
0,0,0.9371631905051857,0.23470278931844357,0.8743263810103714
1,1,0.9361067706157402,0.23754814347332903,0.8722135412314804
1,0,0.9435786271422322,0.21700509134295068,0.8871572542844643
1,1,0.7461981555756796,0.5664734826777862,0.49239631115135907
1,1,0.999998963538323,1.5318589911503297e-05,0.999997927076646
0,0,0.9370655944039045,0.23496644402815053,0.874131188807809
1,1,0.9999999589023253,7.400587430968554e-07,0.9999999178046507
1,1,0.9999999522035974,8.534676426564379e-07,0.9999999044071947
1,1,0.6600889117566023,0.640976485612091,0.3201778235132046
0,0,0.9995396370787627,0.003997453334981794,0.9990792741575253
0,0,0.937137696287322,0.2347716772433749,0.8742753925746442
0,0,0.9371673530308079,0.23469154071011541,0.8743347060616157
0,0,0.9371604378154019,0.23471022789282645,0.8743208756308039
0,0,0.9370720334417663,0.23494905402281172,0.8741440668835326
1,0,0.9727622313053641,0.12500519182641984,0.9455244626107283
1,1,0.9360012089100521,0.2378314324697362,0.8720024178201042
0,1,0.997064255389227,0.020049153613607998,0.994128510778454
1,1,0.9359575630951236,0.23794850749508703,0.8719151261902472
1,1,0.9359384925232418,0.2379996521968926,0.8718769850464835
1,1,0.9360012089100521,0.2378314324697362,0.8720024178201042
1,0,0.9806070617996253,0.09566704210503374,0.9612141235992507
1,0,0.9999355861219676,0.0006860174143673481,0.9998711722439353
0,0,0.9630374179896344,0.15816791070070876,0.9260748359792688
1,1,0.7682140565251919,0.5414253282202766,0.5364281130503838
1,0,0.8846665108186206,0.35752300900792977,0.7693330216372412
0,0,0.9371329073340354,0.2347846162428198,0.874265814668071
0,0,0.9371437644586943,0.23475528143844535,0.8742875289173886
1,0,0.9372211004937099,0.23454626972522413,0.8744422009874199
1,1,0.9999992423285788,1.1435546616038738e-05,0.9999984846571577
0,0,0.9371543267599395,0.23472674129544896,0.8743086535198791
0,0,0.981719760381548,0.09126845203326851,0.9634395207630959
0,0,0.999695559816964,0.0027694569380160156,0.999391119633928
0,0,0.9964866126411186,0.02336197374152659,0.9929732252822373
1,1,0.9999999609409562,7.053356875831334e-07,0.9999999218819124
1,1,0.9360040479540973,0.2378238159497382,0.8720080959081946
1,1,0.9966535981001843,0.02241485079892129,0.9933071962003686
1,1,0.9999997866743706,3.490102430421854e-06,0.9999995733487412
1,0,0.7071040117004816,0.6047243780926361,0.4142080234009636
1,0,0.9215311101902356,0.2750138497222214,0.8430622203804714
0,0,0.9371616109775902,0.2347070576805698,0.8743232219551802
0,0,0.9375750000012731,0.23358850691999675,0.8751500000025462
0,0,0.9995365960287181,0.004020807801947124,0.9990731920574363
0,0,0.9393567527854992,0.22873378398545954,0.8787135055709985
1,1,0.9999999720633658,5.13847647131573e-07,0.9999999441267315
1,1,0.9924218246919393,0.04454969897312333,0.9848436493838787
0,0,0.9371598769096865,0.23471174360864466,0.8743197538193729
0,0,0.9371725189950201,0.2346775800485772,0.8743450379900404
1,1,0.9780837935701201,0.1054057723904601,0.9561675871402401
0,0,0.9999201833070217,0.0008329460944135977,0.9998403666140435
1,1,0.9999999501972988,8.872449120709397e-07,0.9999999003945976
0,0,0.9371679820415534,0.23468984087624592,0.8743359640831068
1,1,0.9999999522035974,8.534676426564379e-07,0.9999999044071947
1,1,0.99999996385483,6.555187727464619e-07,0.9999999277096601
0,0,0.9790982812101701,0.10152799716493208,0.9581965624203402
1,1,0.9999999491377837,9.0504967669996e-07,0.9999998982755673
0,0,0.9979474883983598,0.014752763965341694,0.9958949767967197
1,1,0.8071261010620637,0.4903634167722564,0.6142522021241276
1,0,0.5293019793211005,0.6914289842838559,0.05860395864220114
1,1,0.9361067706157402,0.23754814347332903,0.8722135412314804
1,0,0.9218347293182553,0.27426529614405004,0.8436694586365103
1,1,0.9673092296431575,0.14397459937064472,0.9346184592863148
0,0,0.9994608317791852,0.004596524089824742,0.9989216635583703
1,1,0.9999992821672002,1.0873034095643158e-05,0.9999985643344005
1,1,0.9361067706157402,0.23754814347332903,0.8722135412314804
1,1,0.9359686066938129,0.23791888727878743,0.8719372133876259
0,0,0.9371445904152791,0.2347530497090652,0.8742891808305581
1,1,0.9359384925232418,0.2379996521968926,0.8718769850464835
1,1,0.9999999621754697,6.842574025723138e-07,0.9999999243509394
1,1,0.690878043802226,0.6183963215415386,0.38175608760445195
1,0,0.9218347293182553,0.27426529614405004,0.8436694586365103
1,1,0.9999999609409562,7.053356875831334e-07,0.9999999218819124
0,0,0.9998293506592791,0.0016511713511020447,0.9996587013185583
1,1,0.6795915827230254,0.6271769278028674,0.35918316544605106
1,1,0.9650093846580704,0.15168335088740348,0.9300187693161408
0,0,0.9450272638085719,0.2129046559314433,0.8900545276171439
1,0,0.9973474919468341,0.018384327012896426,0.9946949838936683
0,1,0.8271383509067399,0.4603948316359891,0.6542767018134799
0,0,0.9372159761504582,0.23456012214021496,0.8744319523009162
0,0,0.9371604211586118,0.23471027290396274,0.8743208423172234
1,0,0.8992692834371402,0.32668556181066155,0.7985385668742805
0,0,0.9991638298912375,0.006761489141625691,0.9983276597824751
1,0,0.9512491698565224,0.19482058216155115,0.9024983397130448
0,0,0.9979660789063531,0.014637666631351017,0.9959321578127064
0,0,0.9995162389182514,0.004176637160251309,0.9990324778365027
0,0,0.9371531584246483,0.2347298983196232,0.8743063168492966
0,0,0.9993379626482232,0.005508056419340757,0.9986759252964464
0,0,0.9969027120985396,0.020986226037516632,0.9938054241970793
1,1,0.9973538061878171,0.018346878588434534,0.9947076123756342
1,1,0.8392779032023,0.4408653431214864,0.6785558064046
0,0,0.999460932226269,0.004595768221820114,0.9989218644525378
0,0,0.9371459505625275,0.23474937457470774,0.8742919011250551
1,1,0.9999999501972988,8.872449120709397e-07,0.9999999003945976
0,0,0.9371689057343616,0.23468734468362584,0.8743378114687234
1,1,0.9361067706157402,0.23754814347332903,0.8722135412314804
0,0,0.9372043513629974,0.23459154526984943,0.8744087027259947
0,0,0.9371459442402127,0.23474939165775172,0.8742918884804255
0,0,0.9995509568430251,0.003910342801891892,0.9991019136860502
0,0,0.9979474843525057,0.014752788995566448,0.9958949687050115
1,0,0.9419980137569565,0.22143415245956236,0.8839960275139129
0,0,0.9371503203959953,0.23473756701914672,0.8743006407919905
1,1,0.9670153528980625,0.14496872331199423,0.934030705796125
1,0,0.9372211004937099,0.23454626972522413,0.8744422009874199
1,1,0.9917653286729363,0.047722169589726054,0.9835306573458729
1,1,0.9999999522035974,8.534676426564379e-07,0.9999999044071947
1,0,0.97756741050375,0.10736101325745556,0.9551348210074999
1,1,0.9360040479540973,0.2378238159497382,0.8720080959081946
0,0,0.9382028525884035,0.23188406829903505,0.8764057051768069
0,0,0.9783059415539064,0.10456081746164593,0.9566118831078129
1,1,0.9999992913957745,1.0742417615011638e-05,0.999998582791549
1,1,0.9344058967924724,0.24209017970190028,0.8688117935849449
1,0,0.9979474850396546,0.01475278474442816,0.995894970079309
1,1,0.9999999633171419,6.647284671280214e-07,0.9999999266342838
1,1,0.9999999609409562,7.053356875831334e-07,0.9999999218819124
0,0,0.9996638597749736,0.00302452724278175,0.9993277195499473
1,1,0.9999999609409562,7.053356875831334e-07,0.9999999218819124
1,1,0.9999999531529851,8.374549724531441e-07,0.9999999063059701
0,0,0.9371389787747885,0.23476821209763094,0.8742779575495767
1,1,0.9361067706157402,0.23754814347332903,0.8722135412314804
1,1,0.9964349657611011,0.023653278408383972,0.992869931522202
0,0,0.9998293533632832,0.0016511478918737178,0.9996587067265664
0,0,0.9371686027352994,0.2346881635115862,0.8743372054705989
0,0,0.9979474862384475,0.014752777327933335,0.9958949724768951
1,1,0.7074623275796167,0.6044082626985252,0.4149246551592336
1,0,0.9903302560419286,0.05447839868308838,0.9806605120838573
1,1,0.986872316630618,0.06992380848296044,0.9737446332612362
1,1,0.9999999615701641,6.945974433749538e-07,0.9999999231403283
0,0,0.9371406551669655,0.23476368262084046,0.8742813103339313
1,0,0.9393895019158762,0.22864403582741288,0.8787790038317523
0,1,0.8795541789195483,0.3678123185644478,0.7591083578390966
1,1,0.9999999549502822,8.070881798928859e-07,0.9999999099005643
1,1,0.9999999596078267,7.280539692532008e-07,0.9999999192156535
0,0,0.999808404853254,0.0018316553927429325,0.9996168097065079
0,0,0.9371666395233064,0.23469346887924375,0.8743332790466127
0,0,0.9994412799123253,0.004743300298693692,0.9988825598246506
0,0,0.9879708550349103,0.06513040992959021,0.9759417100698208
0,0,0.9979474919729305,0.01475274185076978,0.9958949839458611
1,0,0.9998898150234637,0.0011143331618224993,0.9997796300469275
1,1,0.9999999589023253,7.400587430968554e-07,0.9999999178046507
0,0,0.9684076381791299,0.14023453548898002,0.9368152763582598
1,1,0.9974353227551168,0.017862051681318495,0.9948706455102336
0,0,0.9947645791036029,0.03271973535427915,0.9895291582072059
0,0,0.9371758371678909,0.23466861267647904,0.8743516743357818
1,1,0.7186059600059961,0.5942651197657493,0.43721192001199216
1,0,0.9268402964933372,0.2617364816989782,0.8536805929866744
1,1,0.9597157472892276,0.1688464684520879,0.9194314945784553
0,0,0.9992284094066434,0.006301326193581499,0.9984568188132867
1,1,0.9135649243720214,0.29421136092148037,0.8271298487440428
1,1,0.9999992512682168,1.1309507214439018e-05,0.9999985025364335
1,1,0.999999985748908,2.717174787906025e-07,0.9999999714978162
1,1,0.9360012089100521,0.2378314324697362,0.8720024178201042
0,0,0.9987102116114279,0.009870275821192622,0.997420423222856
0,1,0.7275314676849746,0.5856986693436843,0.45506293536994913
1,1,0.8765330003374036,0.37377629919014776,0.7530660006748071
0,0,0.9371629570054856,0.2347034203080475,0.8743259140109709
1,1,0.9999999540681559,8.220012039651388e-07,0.9999999081363118
1,0,0.9372211004937099,0.23454626972522413,0.8744422009874199
1,0,0.9969446516477264,0.020743775663768903,0.9938893032954528
1,1,0.9969168856870025,0.020904353366811027,0.9938337713740049
1,0,0.9998755653776071,0.0012433094199007643,0.9997511307552144
0,0,0.937272349053117,0.23440770715957177,0.874544698106234
0,0,0.9992217710584586,0.006348869988926487,0.9984435421169172
1,0,0.9962066717120921,0.02493207655035438,0.9924133434241842
0,0,0.9525058057276592,0.19106988275299716,0.9050116114553184
0,0,0.9371797432233425,0.2346580563103123,0.874359486446685
1,1,0.9360528343750365,0.23769291186919642,0.8721056687500731
0,0,0.937137696287322,0.2347716772433749,0.8742753925746442
1,1,0.9999999558004616,7.926988957045926e-07,0.9999999116009233
0,0,0.9913509515039729,0.04969716383215369,0.9827019030079458
0,1,0.5073226460211815,0.693039934436477,0.014645292042362923
1,1,0.9973215515538163,0.018538016232977034,0.9946431031076326
1,1,0.9999999602871033,7.164837943213794e-07,0.9999999205742065
0,0,0.9868557686389019,0.06999528222194994,0.9737115372778039
1,1,0.9360040479540973,0.2378238159497382,0.8720080959081946
1,0,0.667843558650397,0.63569529067759,0.33568711730079404
0,0,0.9986402070301792,0.010334076579002165,0.9972804140603584
1,1,0.9999999907518428,1.8032835161014433e-07,0.9999999815036855
1,1,0.9961048501963571,0.025497935082748564,0.9922097003927138
0,0,0.9371381313712462,0.2347705016956721,0.8742762627424925
0,0,0.999249656050967,0.006148771219981997,0.9984993121019341
1,1,0.9999999549502822,8.070881798928859e-07,0.9999999099005643
0,0,0.9382890424067342,0.23164955850785043,0.8765780848134682
0,0,0.9994308549012991,0.004821279651981784,0.9988617098025983
0,0,0.9951619978245022,0.03061889575410852,0.9903239956490044
1,0,0.9383554811259254,0.2314687009902922,0.8767109622518506
0,0,0.9997970712833492,0.0019283411528337952,0.9995941425666982
1,0,0.9998331404677786,0.0016182495947323547,0.9996662809355571
1,1,0.9999999566197619,7.78816771380435e-07,0.9999999132395239
1,1,0.837321042057922,0.4440856227995944,0.674642084115844
0,0,0.9980426571754107,0.014161743544786649,0.9960853143508214
1,1,0.9999999621754697,6.842574025723138e-07,0.9999999243509394
0,0,0.9371856423423215,0.23464211307049254,0.8743712846846429
1,1,0.8092025544004129,0.4873772050878371,0.6184051088008258
0,0,0.9371345089331747,0.2347802890168793,0.8742690178663495
1,0,0.9999189890191381,0.0008442061428177234,0.9998379780382763
0,0,0.9809410023280276,0.09435395696016695,0.9618820046560552
0,0,0.9995496604770769,0.0039203332456512405,0.9990993209541538
1,1,0.934666736866009,0.24139672186023925,0.8693334737320179
1,1,0.9999999581697467,7.525114465350048e-07,0.9999999163394935
1,1,0.9999999609409562,7.053356875831334e-07,0.9999999218819124
1,1,0.9005607231464937,0.3238491890778965,0.8011214462929875
0,0,0.992441934529586,0.044451639102662685,0.9848838690591718
1,0,0.9341183189475899,0.24285343497497253,0.8682366378951796
0,0,0.9939205342593472,0.037083479813485115,0.9878410685186945
0,0,0.8511715153563947,0.42067158229642054,0.7023430307127895
1,1,0.9999933681382597,8.570767211147381e-05,0.9999867362765194
0,0,0.9383251997023877,0.23155114164587626,0.8766503994047753
1,1,0.99999996385483,6.555187727464619e-07,0.9999999277096601
0,0,0.9756667900066649,0.11445482258455592,0.9513335800133298
1,1,0.9999992911388541,1.0746055552331456e-05,0.9999985822777082
1,1,0.5987746745975464,0.6735053668036761,0.1975493491950927
1,0,0.9979474931303697,0.014752734690112105,0.9958949862607394
1,1,0.9999999566197619,7.78816771380435e-07,0.9999999132395239
1,1,0.9999989960115813,1.4870604152334676e-05,0.9999979920231625
0,1,0.9494924579466176,0.20000696703170245,0.8989849158932351
0,0,0.9993385980339636,0.005503405391484882,0.9986771960679273
1,1,0.9999999574092036,7.654259344934964e-07,0.9999999148184071
0,1,0.9318558274117047,0.24881182648482342,0.8637116548234096
1,1,0.9347757296506987,0.24110662866610472,0.8695514593013972
1,1,0.766776228752498,0.543142414470473,0.533552457504996
1,1,0.9999999501972988,8.872449120709397e-07,0.9999999003945976
0,0,0.9998390102863168,0.0015670882954190637,0.9996780205726336
0,0,0.9371480984284187,0.23474357095106735,0.8742961968568378
1,1,0.9488972587353993,0.20174948548378888,0.8977945174707984
1,0,0.9973474815431634,0.018384388702415856,0.9946949630863268
1,1,0.9999999501972988,8.872449120709397e-07,0.9999999003945976
1,1,0.6383111783998809,0.6543836969138337,0.27662235679976177
1,1,0.9999999522035974,8.534676426564379e-07,0.9999999044071947
1,1,0.9345421181742303,0.24172816632673305,0.8690842363484604
0,0,0.9968545768832384,0.021263791575286378,0.993709153766477
0,0,0.93737335476504,0.23413448358039024,0.8747467095300798
1,1,0.9999999566197619,7.78816771380435e-07,0.9999999132395239
0,0,0.9998084074391378,0.0018316332577280139,0.9996168148782757
0,0,0.9964769961912626,0.023416270938400933,0.9929539923825252
0,0,0.9991836123419265,0.006621077748307494,0.9983672246838531
0,0,0.9992494823361712,0.006150020943748751,0.9984989646723423
1,1,0.9972885825698035,0.018732984571644844,0.9945771651396068
0,0,0.9379274832963508,0.23263244975195768,0.8758549665927015
1,1,0.5802406941933632,0.6802141915930676,0.1604813883867266
1,0,0.9332460696639667,0.2451602594541153,0.8664921393279337
1,0,0.9976659225595539,0.016476184073687516,0.9953318451191078
0,0,0.9992685656536611,0.006012490743523355,0.9985371313073221
0,0,0.9979474817218811,0.0147528052702782,0.9958949634437622
0,0,0.9995181679412268,0.0041619082347111236,0.9990363358824538
0,0,0.9371429611277108,0.23475745202248655,0.8742859222554216
0,0,0.9995516129887936,0.003905284788262708,0.999103225977587
0,0,0.9979474898123699,0.014752755217376075,0.9958949796247397
0,0,0.9856393883023673,0.0751928980109504,0.9712787766047347
1,1,0.8422741833003283,0.4358794497168641,0.6845483666006567
1,1,0.8482483945765417,0.4257354309095237,0.6964967891530833
0,0,0.9699062279518039,0.1350679781400958,0.939812455903608
1,1,0.9772720296047188,0.10847396309395287,0.9545440592094376
1,1,0.9972885825736149,0.018732984549127578,0.9945771651472298
1,1,0.9999999581697467,7.525114465350048e-07,0.9999999163394935
1,1,0.9555709288653226,0.18177311339398344,0.911141857730645
1,1,0.996653598095483,0.022414850825702062,0.993307196190966
0,0,0.999461051774044,0.004594868596001986,0.998922103548088
0,0,0.9995395597891664,0.003998047147160497,0.9990791195783328
1,1,0.9661469183974918,0.14789072126022368,0.9322938367949837
1,0,0.9372211004937099,0.23454626972522413,0.8744422009874199
0,0,0.9983043925660754,0.01251165996035819,0.9966087851321508
0,0,0.9776676720146267,0.10698234139155154,0.9553353440292534
1,1,0.803683014838671,0.495254094346922,0.607366029677342
1,1,0.9784928665264102,0.10384803512117005,0.9569857330528203
0,0,0.9979474948015499,0.014752724351123162,0.9958949896030997
1,0,0.9997817285067839,0.002058226349518304,0.9995634570135677
0,0,0.937158722848265,0.2347148621714943,0.87431744569653
1,1,0.9999991838751651,1.2257132510451538e-05,0.99999836775033
0,0,0.9989079438598129,0.008538947236408849,0.9978158877196257
0,0,0.9922898816078461,0.04519175433188449,0.9845797632156923
1,1,0.9796247788568161,0.09949583673450157,0.9592495577136321
1,1,0.9296749080512337,0.25447904824968137,0.8593498161024673
0,0,0.9371578575662614,0.23471720036523358,0.8743157151325229
0,0,0.9803629665658322,0.09662313169734565,0.9607259331316644
0,0,0.9387364663622663,0.23043011844178565,0.8774729327245326
0,0,0.9992498749465258,0.006147196403416949,0.9984997498930518
1,1,0.9360524372974202,0.2376939774712143,0.8721048745948403
1,1,0.9239590916312497,0.26899176724509033,0.8479181832624992
1,1,0.6261058725371796,0.6609957201319703,0.2522117450743593
1,1,0.9999999512187996,8.700576279406352e-07,0.9999999024375992
1,1,0.9999999566197619,7.78816771380435e-07,0.9999999132395239
1,0,0.9372211004937099,0.23454626972522413,0.8744422009874199
0,0,0.9841453872702892,0.08143444786032676,0.9682907745405784
1,0,0.5151276342017813,0.6926894200743745,0.030255268403562796
1,1,0.9411402513230963,0.22381848534665366,0.8822805026461925
1,1,0.9361067706157402,0.23754814347332903,0.8722135412314804
1,1,0.9776537137923597,0.1070350869299633,0.9553074275847194
1,0,0.9388068969193925,0.23023784565822947,0.8776137938387849
1,0,0.9305856736767999,0.25212134972614814,0.8611713473536
1,0,0.9444661444788595,0.21449766986146515,0.8889322889577188
0,0,0.9995733874303094,0.0037368790808749415,0.9991467748606186
0,0,0.9371583369842736,0.23471590486754468,0.8743166739685475
1,1,0.9999994516446442,8.453633718732987e-06,0.9999989032892883
0,0,0.9995071994705077,0.004245555227590084,0.9990143989410154
0,0,0.9601323729640385,0.16752323092830304,0.920264745928077
1,1,0.9359948035145506,0.23784861621855366,0.8719896070291011
1,1,0.9360012089100521,0.2378314324697362,0.8720024178201042
0,0,0.937140014609019,0.23476541336250842,0.874280029218038
1,1,0.9619495242974822,0.16169817715219928,0.9238990485949641
1,0,0.9568547697816937,0.17781416413954482,0.9137095395633874
1,0,0.9810195240180675,0.09404433998205614,0.9620390480361348
0,0,0.9371368036831285,0.23477408894919732,0.8742736073662569
0,0,0.9913551939186743,0.04967704686703025,0.9827103878373487
1,1,0.9418217839445591,0.22192511368978368,0.8836435678891184
1,1,0.935790164404414,0.23839724127434317,0.871580328808828
1,1,0.9999989671790219,1.5268415782542192e-05,0.9999979343580438
1,1,0.9361067706157402,0.23754814347332903,0.8722135412314804
1,1,0.8289432020161432,0.4575579496677235,0.6578864040322866
0,0,0.9996419552915202,0.003199012622955645,0.9992839105830402
1,1,0.6781335958086006,0.6282683043438331,0.35626719161720094
1,1,0.9999999627575701,6.743046260463807e-07,0.99999992551514
1,0,0.9999215511188086,0.0008200280468760397,0.9998431022376173
1,1,0.9296749080512337,0.25447904824968137,0.8593498161024673
0,0,0.9379597575220329,0.23254480436290567,0.8759195150440656
1,0,0.9997950485660777,0.001945529161483687,0.9995900971321553
0,1,0.9677743072144283,0.14239574795776802,0.9355486144288565
1,1,0.8557052497905208,0.4126837492574066,0.7114104995810417
0,0,0.9623148002554794,0.16051648986678882,0.9246296005109589
1,1,0.9886971062668984,0.061906216209175274,0.977394212533797
1,1,0.9359434540572854,0.23798634661556634,0.8718869081145708
1,1,0.9999997403854441,4.196427244632926e-06,0.9999994807708883
0,0,0.946455365727765,0.20882280536334905,0.89291073145553
1,1,0.9359385545967187,0.23799948573403945,0.8718771091934374
0,0,0.9477026036181353,0.20522501665618442,0.8954052072362705
0,0,0.9811086095681949,0.09369266788286904,0.9622172191363899
1,1,0.9999999797862102,3.783394977674485e-07,0.9999999595724205
1,1,0.9999972862578482,3.749626555064087e-05,0.9999945725156965
1,1,0.9765022648031434,0.11135598442587823,0.9530045296062868
0,0,0.999162929432382,0.006767869165695914,0.9983258588647641
1,1,0.9999993758751731,9.540943260447101e-06,0.9999987517503462
1,1,0.9595972562498337,0.16922198379888004,0.9191945124996672
1,1,0.996653598095483,0.022414850825702062,0.993307196190966
1,1,0.9999992603690931,1.1181084869915702e-05,0.9999985207381863
1,1,0.9999912326211693,0.00011085884362522572,0.9999824652423386
0,0,0.9371565260686188,0.23472079835750898,0.8743130521372374
1,1,0.9999999531529851,8.374549724531441e-07,0.9999999063059701
0,0,0.9979474826653995,0.01475279943307624,0.9958949653307988
1,1,0.9972204524789138,0.01913461655734171,0.9944409049578274
0,0,0.9979474852963979,0.014752783156050909,0.9958949705927957
1,1,0.9999999501972988,8.872449120709397e-07,0.9999999003945976
1,1,0.9999999512187996,8.700576279406352e-07,0.9999999024375992
1,0,0.9399088687963273,0.2272181996355321,0.8798177375926546
1,1,0.841665751865776,0.4368973310771186,0.6833315037315518
0,0,0.9910254760189727,0.05123434259913441,0.9820509520379455
1,1,0.9967852438508489,0.02166229569671122,0.9935704877016976
1,0,0.996455399294205,0.023538117226987558,0.99291079858841
1,1,0.9999999558004616,7.926988957045926e-07,0.9999999116009233
1,1,0.9742209397369672,0.11974865856944665,0.9484418794739343
1,1,0.999999336413039,1.0103513348654244e-05,0.9999986728260778
1,1,0.9999992109793571,1.1876711891160244e-05,0.9999984219587141
0,0,0.9984891890509737,0.011322550468242615,0.9969783781019476
0,0,0.9979474924430743,0.014752738942160355,0.9958949848861486
1,0,0.9214826042316072,0.2751333198481814,0.8429652084632143
1,1,0.9999999501972988,8.872449120709397e-07,0.9999999003945976
1,0,0.9748979786330133,0.11728039748230693,0.9497959572660265
0,0,0.9961952456833642,0.024995710396788953,0.9923904913667282
0,0,0.9978047281908744,0.015631105753533277,0.9956094563817487
0,0,0.9991198224657242,0.007072179582718951,0.9982396449314483
1,1,0.9999999531529851,8.374549724531441e-07,0.9999999063059701
0,0,0.9953801740762396,0.029451781910199502,0.9907603481524792
0,0,0.9749454219268705,0.11710673821335169,0.9498908438537411
1,1,0.9999999621754697,6.842574025723138e-07,0.9999999243509394
1,1,0.5711550070018169,0.6829866514966085,0.14231001400363386
1,0,0.9372211004937099,0.23454626972522413,0.8744422009874199
1,1,0.9360160693812185,0.23779156365906806,0.872032138762437
0,0,0.9993682293788723,0.005285815177547975,0.9987364587577445
0,1,0.9391124300309879,0.22940275074547287,0.8782248600619759
0,0,0.937164534592743,0.2346991571532691,0.874329069185486
1,1,0.9361067706157402,0.23754814347332903,0.8722135412314804
0,0,0.9995516300397709,0.003905153335041505,0.9991032600795419
1,1,0.9999999633171419,6.647284671280214e-07,0.9999999266342838
1,1,0.9999990754403317,1.3770343423947971e-05,0.9999981508806634
0,0,0.9992079787896808,0.006447469469480965,0.9984159575793616
0,0,0.9383106629077466,0.23159071219020014,0.8766213258154929
0,0,0.9768087129600291,0.11021177465405341,0.9536174259200583
1,1,0.7409314192205018,0.5720804256386511,0.4818628384410034
1,0,0.9979475183834721,0.014752578458133766,0.9958950367669442
1,1,0.9999999491377837,9.0504967669996e-07,0.9999998982755673
0,0,0.9991370449217583,0.006950858351751566,0.9982740898435166
1,0,0.9999320220925719,0.0007203138794665399,0.9998640441851439
0,0,0.9953582233952547,0.02956966551252832,0.9907164467905095
1,1,0.99999996385483,6.555187727464619e-07,0.9999999277096601
1,1,0.9999859809829258,0.00017068277746150443,0.9999719619658515
1,1,0.9595485378767948,0.16937627429788182,0.9190970757535895
0,1,0.9999999863329118,2.611544824896318e-07,0.9999999726658235
1,0,0.9867043651893669,0.07064824394789787,0.9734087303787335
0,0,0.9371614026997873,0.23470762050713484,0.8743228053995747
0,0,0.9373124487981405,0.2342992568923115,0.8746248975962808
1,1,0.9372312761147082,0.2345187610870059,0.8744625522294164
1,1,0.9999994091144412,9.06515540665017e-06,0.9999988182288823
1,0,0.9979474890850284,0.014752759717173079,0.9958949781700568
1,1,0.9360040479540973,0.2378238159497382,0.8720080959081946
0,0,0.9371993278441416,0.23460512370512776,0.8743986556882832
1,1,0.9999997403854441,4.196427244632926e-06,0.9999994807708883
1,1,0.9999999566197619,7.78816771380435e-07,0.9999999132395239
0,0,0.9371403798954543,0.234764426385591,0.8742807597909086
0,0,0.9995514965539501,0.0039061824165422514,0.9991029931079005
1,1,0.9999999633171419,6.647284671280214e-07,0.9999999266342838
0,1,0.9367430683550328,0.23583659677496316,0.8734861367100657
0,0,0.9370538807206168,0.2349980775441042,0.8741077614412336
1,0,0.9979475255312774,0.014752534237144465,0.9958950510625548
0,1,0.9529918300272422,0.1896099250401131,0.9059836600544844
1,1,0.9195066692647651,0.2799726063564425,0.8390133385295302
1,1,0.7249033716605516,0.5882624255062299,0.4498067433211033
1,1,0.9999994251297107,8.835251103724017e-06,0.9999988502594214
0,0,0.9371695361316135,0.23468564108624201,0.8743390722632269
1,0,0.6985279657343968,0.6121063990952154,0.3970559314687934
0,0,0.9998390119602955,0.0015670736748644013,0.999678023920591
0,0,0.9371374712122919,0.23477228536946598,0.8742749424245837
0,0,0.9715177296199998,0.12942614744573241,0.9430354592399997
0,1,0.9468370147226882,0.20772518966589554,0.8936740294453765
0,0,0.9445101670048042,0.21437290796423772,0.8890203340096083
0,0,0.9375442329520315,0.23367185695220982,0.875088465904063
1,1,0.9579850793614372,0.17429564044701068,0.9159701587228744
0,0,0.9995479032333777,0.003933869485328861,0.9990958064667553
1,0,0.9354078204285923,0.239420416365752,0.8708156408571843
0,0,0.9998293534028537,0.0016511475485700125,0.9996587068057075
1,1,0.9106048687889062,0.3011361393998543,0.8212097375778123
1,1,0.9999999491377837,9.0504967669996e-07,0.9999998982755673
0,0,0.9785345835285684,0.10368873371684045,0.9570691670571367
1,1,0.9999919391107397,0.00010260288906888666,0.9999838782214794
0,0,0.937144871451086,0.23475229034948136,0.8742897429021721
0,0,0.9387123296325917,0.23049599096062082,0.8774246592651832
1,1,0.994823061644396,0.03241254443694718,0.9896461232887922
0,0,0.9964862426105906,0.023364063526762513,0.9929724852211811
1,1,0.9360012089100521,0.2378314324697362,0.8720024178201042
0,0,0.9735623031797613,0.12213231053595998,0.9471246063595227
0,0,0.9979474831364485,0.014752796518867222,0.9958949662728971
1,0,0.9819524313664029,0.09034009599368414,0.9639048627328056
0,1,0.9359385545967187,0.23799948573403945,0.8718771091934374
1,1,0.9999978599233332,3.0078066690105206e-05,0.9999957198466665
1,1,0.8384881129547939,0.44216845079550354,0.6769762259095876
1,1,0.9999999589023253,7.400587430968554e-07,0.9999999178046507
1,1,0.9999999531529851,8.374549724531441e-07,0.9999999063059701
0,0,0.9430179612830835,0.21858144956095815,0.8860359225661668
0,0,0.9988557674213218,0.008893489097621879,0.9977115348426436
0,0,0.9362883641462828,0.23706037679500785,0.8725767282925657
1,1,0.8290082082400966,0.45745534480381206,0.6580164164801932
0,0,0.9993686462943048,0.005282743893951723,0.9987372925886097
0,0,0.945286858356589,0.21216562176742595,0.8905737167131779
1,1,0.9287785979205315,0.2567869378215243,0.8575571958410628
1,1,0.9999999501972988,8.872449120709397e-07,0.9999999003945976
0,0,0.9425509328916013,0.2198900699674787,0.8851018657832026
1,1,0.99999912655387,1.3058734946692652e-05,0.99999825310774
0,1,0.9361067706157402,0.23754814347332903,0.8722135412314804
0,0,0.9371392099656516,0.23476758744135415,0.8742784199313034
0,0,0.9371635759768492,0.23470174765078794,0.8743271519536984
1,1,0.9601789510631256,0.16737501405288335,0.920357902126251
1,1,0.9360040479540973,0.2378238159497382,0.8720080959081946
1,1,0.8852133853056944,0.3564073486707742,0.7704267706113889
0,0,0.9371102053499645,0.2348459481411906,0.8742204106999288
0,0,0.9995354931348602,0.004029272797143837,0.9990709862697206
1,1,0.9349036225705744,0.24076598274696676,0.8698072451411488
1,1,0.9832980315467942,0.08490998207746829,0.9665960630935881
0,0,0.9998390105668812,0.0015670858449650987,0.9996780211337625
1,1,0.9999899501418549,0.0001257030931739235,0.9999799002837096
1,1,0.9999999602871033,7.164837943213794e-07,0.9999999205742065
1,1,0.7083138489533939,0.6036545391341159,0.4166276979067877
0,0,0.9995504308484616,0.003914396829612168,0.9991008616969232
1,1,0.9999999566197619,7.78816771380435e-07,0.9999999132395239
1,0,0.9148262730543459,0.29122703116227755,0.8296525461086921
0,0,0.9993541958082865,0.00538903657960399,0.9987083916165731
1,1,0.9999999627575701,6.743046260463807e-07,0.99999992551514
0,0,0.9998293496723828,0.0016511799131446734,0.9996586993447656
0,0,0.99955172086288,0.0039044531302207873,0.9991034417257599
0,0,0.9371632153328167,0.23470272222632424,0.8743264306656333
0,0,0.9998191586923343,0.0017392955719781763,0.9996383173846687
0,0,0.937144313551424,0.23475379779471137,0.874288627102848
1,0,0.9502195690937941,0.19786822736231957,0.9004391381875883
0,0,0.9995473022645975,0.003938497243896308,0.9990946045291951
1,0,0.9954736317774122,0.02894869925212002,0.9909472635548243
1,1,0.9306940599181465,0.25183991832275354,0.8613881198362928
0,0,0.9507696846690117,0.19624268731263222,0.9015393693380233
0,0,0.9995330502141291,0.004048013525254909,0.999066100428258
0,0,0.9371854877900349,0.23464253077840128,0.8743709755800697
0,0,0.996928419818945,0.020837679096461115,0.99385683963789
1,1,0.9973853575336152,0.018159527183980107,0.9947707150672305
1,0,0.9223239489531316,0.27305646291789165,0.8446478979062633
0,0,0.9371537191451577,0.23472838316824782,0.8743074382903152
0,0,0.9998293530672757,0.001651150459959845,0.9996587061345513
0,0,0.9995658872314066,0.00379500910612369,0.9991317744628133
1,0,0.940750587802754,0.2248972395132135,0.881501175605508
0,0,0.9992027280850059,0.006484942803484043,0.9984054561700116
1,0,0.9998174290865318,0.0017541925664474021,0.9996348581730637
0,0,0.9995395795108813,0.003997895627425145,0.9990791590217627
1,1,0.9129742028719193,0.29560205409210805,0.8259484057438387
0,0,0.9875342211432331,0.06704730538266829,0.9750684422864663
1,0,0.9973475127407243,0.01838420371349596,0.9946950254814486
0,0,0.9953536903307194,0.029593996804898146,0.9907073806614388
0,0,0.9994516856521577,0.004665270998484469,0.9989033713043155
1,1,0.99999996385483,6.555187727464619e-07,0.9999999277096601
1,1,0.9999999621754697,6.842574025723138e-07,0.9999999243509394
0,0,0.9371627772206291,0.2347039061426242,0.8743255544412581
1,0,0.9997881068844255,0.00200436534291463,0.9995762137688511
0,0,0.9979472545551921,0.014754210654657934,0.9958945091103841
1,1,0.9999993186026112,1.035664056057118e-05,0.9999986372052223
1,1,0.9999999566197619,7.78816771380435e-07,0.9999999132395239
0,0,0.9998293513500622,0.001651165358053379,0.9996587027001245
1,1,0.9999999627575701,6.743046260463807e-07,0.99999992551514
1,1,0.9999999602871033,7.164837943213794e-07,0.9999999205742065
0,0,0.9995515222073574,0.0039059846499577213,0.9991030444147149
1,1,0.9999999491377837,9.0504967669996e-07,0.9999998982755673
1,0,0.9979475093010428,0.014752634647935348,0.9958950186020856
1,1,0.9999999512187996,8.700576279406352e-07,0.9999999024375992
1,0,0.9251574966305437,0.26598860470599783,0.8503149932610875
0,0,0.9979474831364485,0.014752796518867222,0.9958949662728971
1,0,0.9976661387269256,0.016474874564569583,0.995332277453851
0,0,0.999477918928311,0.004467670443136214,0.9989558378566219
1,1,0.9999999522035974,8.534676426564379e-07,0.9999999044071947
1,1,0.9615224999338585,0.1630750044734774,0.923044999867717
1,0,0.9973475208467776,0.018384155647819093,0.9946950416935549
1,0,0.997666090749957,0.016475165203493264,0.9953321814999141
0,0,0.9958805555505866,0.0267350890630745,0.9917611111011732
0,0,0.9998390105668812,0.0015670858449650987,0.9996780211337625
0,0,0.9405643671523481,0.22541181435114233,0.8811287343046962
0,0,0.9992987796766938,0.005793719134005396,0.9985975593533877
1,0,0.9821825513124159,0.08941891395219975,0.9643651026248319
0,0,0.9371417231583393,0.23476079696919583,0.8742834463166786
1,1,0.960350932336832,0.16682725780167734,0.9207018646736639
1,1,0.5443597661393359,0.689206423607966,0.08871953227867174
1,0,0.9930853138934195,0.04128511783270306,0.986170627786839
1,1,0.9999999633171419,6.647284671280214e-07,0.9999999266342838
0,1,0.9393571866058976,0.2287325952347715,0.8787143732117952
1,1,0.9999999522035974,8.534676426564379e-07,0.9999999044071947
1,1,0.9999999501972988,8.872449120709397e-07,0.9999999003945976
1,0,0.9388826364898076,0.2300309831099136,0.8777652729796154
1,0,0.9999248754521465,0.0007885317163632001,0.999849750904293
1,1,0.9999999512187996,8.700576279406352e-07,0.9999999024375992
1,1,0.9999999512187996,8.700576279406352e-07,0.9999999024375992
1,1,0.9999999589023253,7.400587430968554e-07,0.9999999178046507
0,0,0.9998390117036219,0.0015670759166572879,0.9996780234072437
0,0,0.9371758993161052,0.23466844471896,0.8743517986322105
0,0,0.9371710818870483,0.23468146377913288,0.8743421637740968
1,1,0.9359384925232418,0.2379996521968926,0.8718769850464835
1,0,0.9418700910496337,0.22179059067203338,0.8837401820992673
0,0,0.9371414309017463,0.23476158663172875,0.8742828618034927
0,0,0.9371843351943632,0.2346456458817794,0.8743686703887263
1,1,0.9963456400074062,0.02415533744257921,0.9926912800148124
1,1,0.9969976420652186,0.020436614030862138,0.9939952841304371
1,1,0.9999997866743706,3.490102430421854e-06,0.9999995733487412
1,1,0.9871368352999409,0.06877841761122168,0.9742736705998816
0,0,0.971748468014095,0.1286107737989731,0.9434969360281902
1,0,0.9985232029303769,0.011101291676988888,0.9970464058607538
1,0,0.9626206431546318,0.1595242431450194,0.9252412863092637
0,0,0.9969995795400652,0.020425365683235202,0.9939991590801305
1,1,0.9433104386533488,0.2177598586679419,0.8866208773066978
0,0,0.999552125478398,0.003901333505044645,0.999104250956796
1,1,0.9999999522035974,8.534676426564379e-07,0.9999999044071947
0,0,0.9996096590300833,0.0034538519443162515,0.9992193180601665
1,1,0.731017362834671,0.5822443203636539,0.4620347256693421
0,0,0.9856792527200507,0.07502426311746625,0.9713585054401016
0,0,0.9371566021874161,0.23472059266900014,0.8743132043748321
0,0,0.9995514949267796,0.003906194960634272,0.9991029898535594
0,0,0.9987589176411777,0.00954535134362781,0.9975178352823555
0,0,0.9825294281191076,0.0880246171349606,0.9650588562382152
1,0,0.9368544996269421,0.23553616189704507,0.8737089992538842
1,0,0.9973806003239569,0.01818779974856617,0.9947612006479138
1,1,0.9999999633171419,6.647284671280214e-07,0.9999999266342838
1,1,0.9999999558004616,7.926988957045926e-07,0.9999999116009233
0,0,0.9961964175347667,0.024989185708117412,0.9923928350695335
0,0,0.9997592697964109,0.0022464252579477728,0.9995185395928219
1,1,0.9728052402974552,0.12485137674000102,0.9456104805949106
0,0,0.9993649148524113,0.005310222461828898,0.9987298297048225
1,0,0.9781710508208046,0.10507415933151312,0.9563421016416093
1,1,0.9361067706157402,0.23754814347332903,0.8722135412314804
0,0,0.9982499264483671,0.012858178750968839,0.9964998528967343
1,1,0.9360025804122782,0.237827753052908,0.8720051608245566
1,1,0.9999999589023253,7.400587430968554e-07,0.9999999178046507
0,0,0.9371692344122954,0.23468645645904135,0.8743384688245907
1,1,0.9999983394086179,2.3760299344284765e-05,0.9999966788172359
1,1,0.6467409029212501,0.64944083667464,0.2934818058425004
1,1,0.8432459254071442,0.43424798133523845,0.6864918508142883
1,1,0.9942849295139061,0.035215039331457546,0.988569859027812
0,0,0.9371662221390369,0.23469459680656285,0.8743324442780739
0,0,0.9979474871813113,0.014752771494778313,0.9958949743626226
1,0,0.9370782312486103,0.23493231484957744,0.8741564624972206
1,0,0.9976661427587812,0.016474850140009625,0.9953322855175623
0,0,0.9371352618929718,0.23477825464311863,0.8742705237859434
0,0,0.9371668033184767,0.2346930262430495,0.8743336066369531
1,1,0.9999999549502822,8.070881798928859e-07,0.9999999099005643
1,1,0.9999999633171419,6.647284671280214e-07,0.9999999266342838
0,0,0.9998390102863168,0.0015670882954190637,0.9996780205726336
1,1,0.9359939093454783,0.2378510149506525,0.8719878186909565
1,0,0.9979475112455597,0.014752622617894812,0.9958950224911195
0,0,0.9371661142007603,0.23469488849539452,0.8743322284015209
0,0,0.9371668461606881,0.2346929104671951,0.8743336923213763
1,1,0.9999999531529851,8.374549724531441e-07,0.9999999063059701
0,0,0.9979474867107522,0.014752774405957278,0.9958949734215042
1,1,0.7004814527481301,0.6104558161056193,0.40096290549626035
0,0,0.9979474848249698,0.014752786072604617,0.9958949696499394
1,1,0.9770710926731212,0.10922881450305888,0.9541421853462424
1,0,0.9973475179440606,0.018384172859780164,0.9946950358881212
1,1,0.9999980013006834,2.8227656292691815e-05,0.9999960026013669
0,0,0.9996842041438061,0.002861191510320167,0.9993684082876123
0,0,0.9979475134055003,0.014752609255103338,0.9958950268110005
1,1,0.9999999540681559,8.220012039651388e-07,0.9999999081363118
1,0,0.9979474809943386,0.01475280977131577,0.9958949619886773
0,0,0.9995267711009226,0.004096124875689963,0.9990535422018452
0,0,0.9371449452211322,0.23475209102237587,0.8742898904422644
0,0,0.9995500911103182,0.003917014985358803,0.9991001822206362
0,0,0.9989288065600144,0.00839649204149465,0.9978576131200287
1,0,0.9999640892036438,0.00040343821195641726,0.9999281784072876
1,1,0.9999999522035974,8.534676426564379e-07,0.9999999044071947
1,1,0.957720107141572,0.1751232871064514,0.9154402142831439
1,1,0.9999990152759102,1.4604348299502037e-05,0.9999980305518203
1,1,0.8118199775984514,0.4835731909201731,0.6236399551969026
1,1,0.9360040479540973,0.2378238159497382,0.8720080959081946
0,0,0.9995453221626251,0.00395373937246672,0.9990906443252503
1,1,0.7004814527481301,0.6104558161056193,0.40096290549626035
1,0,0.9683300258274157,0.14050008384734686,0.9366600516548313
1,1,0.9999999627575701,6.743046260463807e-07,0.99999992551514
1,1,0.9999999609409562,7.053356875831334e-07,0.9999999218819124
0,0,0.9676439212725199,0.14283907935348467,0.9352878425450397
0,0,0.9371682846440067,0.23468902312327655,0.8743365692880134
0,0,0.9588849151224619,0.17147189940766533,0.9177698302449238
1,0,0.9212999232681836,0.27558297116484104,0.842599846536367
1,1,0.9999994354013148,8.687564866946739e-06,0.9999988708026295
1,1,0.9359384925232418,0.2379996521968926,0.8718769850464835
1,1,0.9890978115649611,0.06010726143051863,0.9781956231299223
1,1,0.9629170218777241,0.1585602210455619,0.9258340437554483
0,0,0.9856867049527055,0.07499272612087753,0.9713734099054109
1,1,0.9999999581697467,7.525114465350048e-07,0.9999999163394935
0,0,0.9371636176135029,0.23470163513508913,0.8743272352270056
1,0,0.9976661320249371,0.016474915164499185,0.9953322640498742
1,1,0.9468434481663317,0.2077066624516069,0.8936868963326635
1,0,0.9216610038753174,0.2746937614291573,0.8433220077506346
1,1,0.5870232926510893,0.6779236635654822,0.17404658530217876
1,1,0.7753897217865507,0.5326814117110743,0.5507794435731016
0,0,0.9951507433467799,0.030678828501644332,0.9903014866935598
1,1,0.9479852883002928,0.204405244977154,0.8959705766005854
1,1,0.9999999566197619,7.78816771380435e-07,0.9999999132395239
1,0,0.9212999232681836,0.27558297116484104,0.842599846536367
1,1,0.9999999531529851,8.374549724531441e-07,0.9999999063059701
0,0,0.9998390147089201,0.0015670496683007219,0.9996780294178401
1,0,0.9976658430649549,0.016476665634852967,0.9953316861299096
0,0,0.9995119434136102,0.00420940759421961,0.9990238868272202
1,0,0.9091862415478225,0.30441653125368623,0.8183724830956447
0,0,0.9371499607532624,0.23473853880790738,0.8742999215065248
0,0,0.9371662186779551,0.23469460615967913,0.8743324373559103
0,0,0.9371411202761165,0.23476242592488095,0.874282240552233
1,1,0.9999999602871033,7.164837943213794e-07,0.9999999205742065
1,1,0.9359856879229635,0.23787306942719055,0.8719713758459271
1,1,0.9359139107163237,0.23806556833958403,0.8718278214326474
0,0,0.9998390111282263,0.0015670809421712926,0.9996780222564525
0,0,0.9990259444931145,0.007727723016212395,0.9980518889862291
0,0,0.9371804431150415,0.2346561647805886,0.874360886230083
0,0,0.937138932468387,0.23476833721312518,0.8742778649367736
0,0,0.9668973690393338,0.14536707514187047,0.9337947380786676
0,1,0.9444283592595935,0.21460472547141562,0.8888567185191868
0,0,0.9906807576694056,0.05284942125209684,0.981361515338811
1,1,0.9360040479540973,0.2378238159497382,0.8720080959081946
1,0,0.9224750635050613,0.27268239323064464,0.8449501270101225
1,1,0.9347491724009243,0.2411773308964084,0.8694983448018485
1,1,0.9360040479540973,0.2378238159497382,0.8720080959081946
0,0,0.9997725299933026,0.0021355745028319995,0.9995450599866053
0,0,0.9999974826160324,3.497222571647331e-05,0.9999949652320647
0,0,0.9371685325622592,0.2346883531477508,0.8743370651245184
0,0,0.9994310521406959,0.004819806080542726,0.998862104281392
0,0,0.9995520793395266,0.0039016892587184298,0.9991041586790531
1,1,0.9688381017024985,0.1387581300222096,0.9376762034049969
0,0,0.9979474862384475,0.014752777327933335,0.9958949724768951
1,1,0.9999966796479924,4.520804720995118e-05,0.9999933592959849
0,0,0.9994166316074788,0.004927362755076449,0.9988332632149578
1,1,0.9999999549502822,8.070881798928859e-07,0.9999999099005643
0,0,0.993881375605234,0.03728293469481391,0.987762751210468
1,1,0.9999979871782809,2.841293497534089e-05,0.9999959743565617
1,0,0.9381763192537793,0.2319562357902683,0.8763526385075586
1,0,0.5619431068907157,0.6854535325038378,0.12388621378143155
1,0,0.9400727879304384,0.22676719695302874,0.8801455758608769
0,0,0.9371784410700158,0.23466157549225147,0.8743568821400315
1,1,0.9345610669499183,0.24167778523329125,0.8691221338998363
0,0,0.9993228113956761,0.005618784229776839,0.9986456227913523
1,0,0.9979473238701629,0.01475378183487392,0.9958946477403258
1,1,0.7004814527481301,0.6104558161056193,0.40096290549626035
0,0,0.9508624407311571,0.1959679667038162,0.9017248814623141
1,0,0.9376113858495556,0.23348991430399357,0.8752227716991109
1,1,0.9999999522035974,8.534676426564379e-07,0.9999999044071947
0,0,0.9371778521727772,0.23466316702849252,0.8743557043455542
1,1,0.9999991185165471,1.3170825314676873e-05,0.9999982370330941
1,1,0.9360040479540973,0.2378238159497382,0.8720080959081946
1,0,0.9999395746520895,0.0006474015076172231,0.999879149304179
0,0,0.9971174965083804,0.019738384996193327,0.9942349930167609
0,0,0.9371678996896221,0.2346900634238625,0.8743357993792443
1,1,0.9383352965768755,0.2315236548396466,0.8766705931537512
0,0,0.994878809271629,0.0321191010388956,0.9897576185432578
1,0,0.999835274059692,0.0015996775023558168,0.9996705481193838
0,0,0.9963410364217149,0.024181152239612883,0.9926820728434297
1,0,0.9979475012111382,0.014752684697300254,0.9958950024222765
1,0,0.9999493740820861,0.0005513679648966091,0.9998987481641721
1,1,0.9999999531529851,8.374549724531441e-07,0.9999999063059701
0,0,0.9994057261360001,0.005008464711569121,0.9988114522720002
0,0,0.9385801261927091,0.23085661314975697,0.8771602523854182
0,0,0.9998293529884159,0.0016511511441264564,0.9996587059768318
0,0,0.9371442469599647,0.23475397772452236,0.8742884939199294
0,0,0.9995270968643256,0.004093630895431742,0.9990541937286511
0,0,0.9371692400213683,0.23468644130097588,0.8743384800427364
1,1,0.99999996385483,6.555187727464619e-07,0.9999999277096601
1,1,0.9999999491377837,9.0504967669996e-07,0.9999998982755673
0,0,0.9375333681432602,0.23370128659652012,0.8750667362865202
0,0,0.996986651067455,0.02050040047070037,0.99397330213491
1,1,0.6193336616459727,0.664389389246141,0.2386673232919453
1,1,0.9999999491377837,9.0504967669996e-07,0.9999998982755673
0,0,0.9994195674432474,0.004905494800339076,0.998839134886495
1,1,0.9999999491377837,9.0504967669996e-07,0.9999998982755673
0,0,0.9372250702713305,0.23453553809067001,0.874450140542661
1,1,0.6821774840633419,0.6252172234935758,0.3643549681266837
1,0,0.9774226710963568,0.10790686308602962,0.9548453421927136
0,0,0.9371694335290411,0.23468591836182245,0.8743388670580821
1,1,0.7186716738267229,0.5942034986215223,0.43734334765344585
0,0,0.9992294219385743,0.006294069436459415,0.9984588438771486
0,0,0.998279857369122,0.012667968906375471,0.9965597147382439
0,0,0.9370913108753304,0.23489698696742475,0.8741826217506607
1,1,0.999999225292342,1.1675448450098732e-05,0.9999984505846841
1,0,0.9384369936708945,0.23124670569774738,0.8768739873417888
0,0,0.9371338731178367,0.23478200687804943,0.8742677462356732
1,0,0.9998081712562178,0.0018336548256773163,0.9996163425124356
1,1,0.9361067706157402,0.23754814347332903,0.8722135412314804
1,1,0.8494726967219842,0.42362265929161125,0.6989453934439684
0,0,0.9371368309902942,0.23477401516882285,0.8742736619805884
0,0,0.9987909079832339,0.009330902619268439,0.9975818159664678
1,1,0.9368636690578773,0.2355114304389751,0.8737273381157545
0,0,0.9997592710116654,0.002246415132939511,0.9995185420233307
0,0,0.9979474938575844,0.014752730191096696,0.9958949877151689
0,0,0.9379385482184301,0.23260240335059137,0.8758770964368603
1,1,0.99999940736968,9.090175572827074e-06,0.99999881473936
0,0,0.9371239218768164,0.23480889248624,0.8742478437536326
1,1,0.9361067706157402,0.23754814347332903,0.8722135412314804
1,1,0.9970367705045273,0.0202092028734488,0.9940735410090548
1,1,0.9999992084956453,1.1911610278964022e-05,0.9999984169912904
1,1,0.9359434540572854,0.23798634661556634,0.8718869081145708
1,0,0.5250110756019519,0.6918955504745781,0.050022151203903964
1,1,0.9999999566197619,7.78816771380435e-07,0.9999999132395239
0,0,0.9394877411944633,0.22837470054320894,0.8789754823889266
0,0,0.9989454070432812,0.008282849990982999,0.9978908140865623
0,0,0.9979474919729305,0.01475274185076978,0.9958949839458611
0,0,0.9995185221766205,0.004159202655324323,0.999037044353241
0,0,0.8286183355481115,0.4580702676684444,0.6572366710962231
1,1,0.903137232060119,0.3181345744686397,0.8062744641202381
1,0,0.9998120618375885,0.0018003167153184403,0.999624123675177
0,0,0.8841001684171066,0.3586752957860725,0.7682003368342133
1,1,0.9999999615701641,6.945974433749538e-07,0.9999999231403283
0,0,0.9995234968457739,0.0041211794919515585,0.9990469936915478
1,1,0.9999999581697467,7.525114465350048e-07,0.9999999163394935
0,0,0.9994508114922981,0.004671833592956215,0.9989016229845962
1,1,0.9359384925232418,0.2379996521968926,0.8718769850464835
0,0,0.9998390139402465,0.0015670563819219178,0.999678027880493
1,0,0.9356185210281697,0.23885686923892,0.8712370420563392
0,0,0.9583894522432601,0.17302920677963735,0.9167789044865201
0,0,0.99831336575615,0.012454404974358162,0.9966267315123
0,0,0.9991359760628601,0.00695839772436534,0.9982719521257203
1,1,0.7640873437251027,0.5463225550984679,0.5281746874502055
0,0,0.9405959812526639,0.22532450034862725,0.8811919625053275
0,0,0.9979474867107522,0.014752774405957278,0.9958949734215042
0,1,0.9656055672202603,0.14970048658712667,0.9312111344405206
1,1,0.9999993917449935,9.314008990986262e-06,0.9999987834899872
1,1,0.9360524372974202,0.2376939774712143,0.8721048745948403
0,0,0.9981089746478209,0.013747168042184529,0.9962179492956418
0,0,0.9998293530474925,0.001651150631592501,0.9996587060949852
1,1,0.9336961351059039,0.24397151262910594,0.867392270211808
1,1,0.9360470499475014,0.2377084347645725,0.8720940998950029
0,0,0.962349634584195,0.1604036073222361,0.92469926916839
1,0,0.9973474763415343,0.018384419545936347,0.9946949526830686
1,1,0.5899718378789047,0.6768687951326652,0.1799436757578095
0,0,0.9998390113264674,0.0015670792107314328,0.9996780226529346
0,0,0.9995282157362129,0.004085063322552503,0.9990564314724258
0,0,0.999355489160068,0.005379536431115041,0.9987109783201359
1,1,0.8668395781211009,0.39235068177542815,0.7336791562422018
1,0,0.9999049008635034,0.0009757687904441078,0.9998098017270067
1,1,0.9999994508673575,8.464838796003006e-06,0.9999989017347151
1,1,0.9999999558004616,7.926988957045926e-07,0.9999999116009233
1,1,0.9999999633171419,6.647284671280214e-07,0.9999999266342838
0,0,0.9995517111518287,0.0039045279988836313,0.9991034223036575
1,1,0.8920755613165323,0.3421537513068518,0.7841511226330646
1,1,0.9999992512682168,1.1309507214439018e-05,0.9999985025364335
0,0,0.9992079849876038,0.006447425215479832,0.9984159699752077
1,1,0.9999999589023253,7.400587430968554e-07,0.9999999178046507
0,0,0.999808404853254,0.0018316553927429325,0.9996168097065079
1,0,0.9979474850396546,0.01475278474442816,0.995894970079309
0,0,0.999551886340804,0.0039031773234333503,0.9991037726816082
0,0,0.9979475174406347,0.014752584291139991,0.9958950348812694
1,1,0.9889299159060219,0.06086280598917006,0.9778598318120437
1,1,0.9940362094680623,0.03649279903401795,0.9880724189361243
0,0,0.9988164449754637,0.009159106995880618,0.9976328899509275
0,0,0.9997970684889212,0.0019283649123051263,0.9995941369778426
1,1,0.9999989074203907,1.60903854870831e-05,0.9999978148407813
0,0,0.9371317082853924,0.23478785582294975,0.8742634165707847
0,0,0.9371467119519361,0.2347473172775825,0.8742934239038722
0,0,0.9789887045046155,0.10194922404738255,0.957977409009231
0,0,0.9374587996326211,0.23390321688751542,0.8749175992652422
0,0,0.9449363756269413,0.2131630966686874,0.8898727512538825
0,0,0.9371637979809967,0.23470114772346995,0.8743275959619934
1,0,0.9400131919688811,0.22693122278947186,0.8800263839377622
1,0,0.9953982081464692,0.029354853631366237,0.9907964162929384
1,1,0.767898626969967,0.5418030136880289,0.5357972539399339
1,1,0.9999999501972988,8.872449120709397e-07,0.9999999003945976
1,0,0.9864490003565861,0.07174561375586533,0.9728980007131721
1,0,0.9999312630963684,0.0007275931824062266,0.9998625261927367
0,0,0.937152182392548,0.23473253569281524,0.874304364785096
1,0,0.9214826042316072,0.2751333198481814,0.8429652084632143
1,0,0.9976659002370449,0.016476319298915056,0.9953318004740898
1,1,0.9999999491377837,9.0504967669996e-07,0.9999998982755673
0,0,0.9979473233987166,0.014753784751503109,0.9958946467974331
1,1,0.9360012089100521,0.2378314324697362,0.8720024178201042
0,1,0.9230407594153722,0.27127922715707015,0.8460815188307445
1,1,0.9999999615701641,6.945974433749538e-07,0.9999999231403283
1,1,0.8798972463790568,0.36712967070694386,0.7597944927581135
0,1,0.9382155864505871,0.23184942940767211,0.8764311729011743
0,0,0.9979866758652779,0.014509948088919795,0.9959733517305557
0,0,0.9991860583546576,0.006603683404968796,0.9983721167093151
0,0,0.9371678533293684,0.23469018870762526,0.8743357066587368
1,1,0.9359384925232418,0.2379996521968926,0.8718769850464835
1,1,0.7924158881301451,0.5107381587336597,0.5848317762602904
1,1,0.9999989074203907,1.60903854870831e-05,0.9999978148407813
1,0,0.9212999232681836,0.27558297116484104,0.842599846536367
0,0,0.9923988600187228,0.04466161387644419,0.9847977200374456
0,0,0.9371337712006765,0.2347822822396448,0.8742675424013532
1,0,0.9372211004937099,0.23454626972522413,0.8744422009874199
0,0,0.9998390136103061,0.001567059263631133,0.9996780272206123
0,0,0.9371669878018035,0.2346925276991236,0.8743339756036073
1,1,0.9999999602871033,7.164837943213794e-07,0.9999999205742065
1,1,0.9779227130256063,0.10601701195332512,0.9558454260512125
1,0,0.9979475133469392,0.014752609617399742,0.9958950266938784
1,0,0.9667646925717946,0.14581451453928096,0.9335293851435893
1,1,0.9999999633171419,6.647284671280214e-07,0.9999999266342838
1,1,0.9999999615701641,6.945974433749538e-07,0.9999999231403283
1,1,0.9999999491377837,9.0504967669996e-07,0.9999998982755673
1,1,0.9999999491377837,9.0504967669996e-07,0.9999998982755673
1,1,0.9966997549450577,0.022151596659102928,0.9933995098901153
0,0,0.9425229939393692,0.2199682273213604,0.8850459878787384
1,1,0.95168963380928,0.19350984227972018,0.90337926761856
1,1,0.9360012089100521,0.2378314324697362,0.8720024178201042
0,0,0.9982507744472616,0.012852796850856765,0.9965015488945232
1,0,0.9684107544813692,0.14022386904499295,0.9368215089627385
0,0,0.9992688183727058,0.006010666126098486,0.9985376367454115
0,1,0.5098615552617765,0.6929526674034667,0.019723110523552967
0,0,0.9989940544852228,0.007948301667489412,0.9979881089704458
1,1,0.7066791893806712,0.6050983640065795,0.4133583787613424
1,1,0.9999999627575701,6.743046260463807e-07,0.99999992551514
0,0,0.9977179061453901,0.016160693237357228,0.9954358122907804
0,0,0.9979473233987166,0.014753784751503109,0.9958946467974331
1,1,0.9999999602871033,7.164837943213794e-07,0.9999999205742065
1,0,0.9965654319866052,0.022915935344631044,0.9931308639732103
1,1,0.9999999615701641,6.945974433749538e-07,0.9999999231403283
1,1,0.960791761386291,0.1654196727177599,0.9215835227725819
1,0,0.9999164376338305,0.0008682025828515735,0.9998328752676611
1,0,0.997442773105908,0.017817611737256153,0.9948855462118159
0,0,0.9665969191131364,0.1463795312184465,0.9331938382262727
0,0,0.9377948512917239,0.2329924436503591,0.8755897025834481
0,0,0.9993532939942511,0.0053956592041556764,0.9987065879885022
0,0,0.9371449997382346,0.23475194371677938,0.8742899994764695
1,0,0.9979474648231975,0.014752909816165262,0.9958949296463949
1,1,0.9999999501972988,8.872449120709397e-07,0.9999999003945976
1,1,0.7243758772884017,0.5887728258409944,0.44875175457680366
1,1,0.9999999512187996,8.700576279406352e-07,0.9999999024375992
1,1,0.9999999581697467,7.525114465350048e-07,0.9999999163394935
0,0,0.9989282991763574,0.00839996136506408,0.9978565983527147
1,0,0.9372211004937099,0.23454626972522413,0.8744422009874199
1,1,0.8903851593507658,0.3457093100095106,0.7807703187015317
1,1,0.9999999627575701,6.743046260463807e-07,0.99999992551514
0,0,0.9987631699038848,0.009516894152250334,0.9975263398077697
0,0,0.9906858413839489,0.05282569765905155,0.9813716827678978
0,0,0.9371668550849936,0.23469288635034347,0.8743337101699872
0,0,0.9979475169688053,0.014752587210184145,0.9958950339376106
0,0,0.9375713459432732,0.2335984068582495,0.8751426918865466
1,0,0.9951910395685678,0.030464119936677695,0.9903820791371355
1,1,0.5352267803430123,0.6906632711691911,0.07045356068602454
0,0,0.9374130902663333,0.2340269502012161,0.8748261805326665
1,0,0.9376296810185243,0.2334403323989443,0.8752593620370483
1,1,0.9970083425036935,0.02037447508722161,0.9940166850073873
1,0,0.9284056934883074,0.25774353571910313,0.8568113869766149
0,0,0.937166010401145,0.23469516899985882,0.8743320208022899
1,1,0.9999999621754697,6.842574025723138e-07,0.9999999243509394
1,1,0.9361067706157402,0.23754814347332903,0.8722135412314804
0,0,0.9976267537219722,0.0167131335293108,0.9952535074439444
0,0,0.9380690502907558,0.23224787084002158,0.8761381005815116
0,0,0.937172199380505,0.2346784437978859,0.8743443987610101
0,0,0.9371374712122919,0.23477228536946598,0.8742749424245837
1,1,0.9999999596078267,7.280539692532008e-07,0.9999999192156535
1,0,0.9989940657553963,0.007948223893977861,0.9979881315107926
1,1,0.8551284823692623,0.413709088827635,0.7102569647385244
1,1,0.9999992439545508,1.1412630022970671e-05,0.9999984879091015
1,1,0.9999984049663161,2.288652409269422e-05,0.9999968099326322
1,1,0.999997931602917,2.9141099561733594e-05,0.9999958632058339
1,1,0.9964322844447563,0.023668381279063937,0.9928645688895126
0,0,0.9371798290639222,0.2346578243177128,0.8743596581278443
0,0,0.9371599397105528,0.2347115739043345,0.8743198794211056
1,1,0.992277038728471,0.04525412761046742,0.984554077456942
1,1,0.9999999621754697,6.842574025723138e-07,0.9999999243509394
1,1,0.9969168856854379,0.0209043533758521,0.9938337713708757
1,1,0.9999999540681559,8.220012039651388e-07,0.9999999081363118
1,1,0.9999953414213724,6.185100667272668e-05,0.9999906828427447
0,0,0.9998390115569775,0.0015670771974522876,0.9996780231139549
1,0,0.9372211004937099,0.23454626972522413,0.8744422009874199
1,1,0.7074612493695484,0.6044092148532463,0.4149224987390968
0,0,0.9997725334538781,0.002135545474583822,0.999545066907756
1,0,0.9371197706790587,0.23482010742240633,0.8742395413581173
1,1,0.9360012089100521,0.2378314324697362,0.8720024178201042
0,0,0.9371513395651286,0.2347348131155951,0.8743026791302574
1,0,0.999817429149213,0.0017541920268759686,0.9996348582984261
1,0,0.9953853633540771,0.02942389819664809,0.9907707267081542
1,1,0.9361067706157402,0.23754814347332903,0.8722135412314804
1,0,0.9372211004937099,0.23454626972522413,0.8744422009874199
1,1,0.9999984584814301,2.2171263528906106e-05,0.9999969169628601
0,0,0.9916704067256898,0.0481764037293754,0.9833408134513797
0,0,0.9995356988841781,0.004027693816962135,0.9990713977683563
0,0,0.9371460368417401,0.23474914144617015,0.87429207368348
0,0,0.9998293528106758,0.0016511526861547022,0.9996587056213515
0,0,0.9903296213763032,0.05448133655249746,0.9806592427526064
1,1,0.9999999609409562,7.053356875831334e-07,0.9999999218819124
1,0,0.9997694750046225,0.0021611801283117674,0.9995389500092452
1,1,0.9361067706157402,0.23754814347332903,0.8722135412314804
0,0,0.9385683610627432,0.23088869116169541,0.8771367221254863
0,0,0.9567917358913967,0.17800946309351046,0.9135834717827932
0,0,0.9870974182555077,0.06894944384374715,0.9741948365110155
1,1,0.9361067706157402,0.23754814347332903,0.8722135412314804
0,0,0.9974307617454031,0.017889246536216145,0.9948615234908063
1,1,0.9360012089100521,0.2378314324697362,0.8720024178201042
1,1,0.999999132051104,1.298202669733225e-05,0.999998264102208
0,0,0.9120332007112971,0.2978083281635065,0.8240664014225941
1,0,0.9336883803679312,0.24399202267206513,0.8673767607358623
0,0,0.9563840022650963,0.17927043535604847,0.9127680045301926
0,0,0.9888032176258019,0.06143125204097272,0.9776064352516038
1,0,0.9998102290228247,0.0018160319075888707,0.9996204580456493
1,0,0.999935589979504,0.0006859801885746009,0.9998711799590081
1,1,0.9360492579492716,0.2377025095111709,0.872098515898543
0,0,0.9706479098262641,0.1324827059737218,0.9412958196525282
1,1,0.9267551964021523,0.26195250906424405,0.8535103928043046
1,1,0.9999999633171419,6.647284671280214e-07,0.9999999266342838
1,1,0.9359684122394313,0.2379194088456582,0.8719368244788626
0,0,0.9375209517711852,0.23373491651196188,0.8750419035423707
0,0,0.9980578240352052,0.01406713115427605,0.9961156480704104
1,1,0.9864767978039842,0.07162639907227256,0.9729535956079687
1,1,0.9360040479540973,0.2378238159497382,0.8720080959081946
1,0,0.9439857305628707,0.21585678947569573,0.8879714611257414
1,1,0.9999999549502822,8.070881798928859e-07,0.9999999099005643
1,1,0.9999999531529851,8.374549724531441e-07,0.9999999063059701
1,1,0.9292977223647488,0.2554517446813959,0.8585954447294979
1,1,0.9372312761147082,0.2345187610870059,0.8744625522294164
1,1,0.9999993926312778,9.301323251679596e-06,0.9999987852625556
1,1,0.9999994516446442,8.453633718732987e-06,0.9999989032892883
0,0,0.9910235423465846,0.051243439061315815,0.9820470846931693
0,0,0.9551546655547467,0.18304834733572142,0.9103093311094934
0,0,0.9990820510338854,0.007337083146133622,0.9981641020677707
0,0,0.9371653396228987,0.23469698168320802,0.8743306792457975
1,1,0.9360030128992181,0.23782659278599352,0.8720060257984362
1,1,0.9999992040278974,1.1974366554671296e-05,0.9999984080557949
0,0,0.9981842073335885,0.013274034032821111,0.996368414667177
1,0,0.9973475127407243,0.01838420371349596,0.9946950254814486
0,0,0.999551214723529,0.003908354999722673,0.999102429447058
0,0,0.9371614621682228,0.23470745980638247,0.8743229243364457
1,1,0.9999999531529851,8.374549724531441e-07,0.9999999063059701
0,0,0.9988533560352197,0.008909816163776306,0.9977067120704396
1,1,0.9999999609409562,7.053356875831334e-07,0.9999999218819124
1,0,0.9998724444971333,0.0012713323281096649,0.9997448889942667
0,0,0.9999398150819587,0.0006450654829070159,0.9998796301639175
1,1,0.8104916916318611,0.48550922082581005,0.6209833832637223
0,1,0.9402740766967137,0.22621272389962904,0.8805481533934274
1,0,0.996327617970884,0.024256363616416213,0.9926552359417681
1,1,0.9658367119580877,0.14892884497697453,0.9316734239161757
0,0,0.9993387944188669,0.00550196772914325,0.9986775888377338
0,0,0.9998084073477099,0.0018316340403466067,0.9996168146954199
1,0,0.9976659220146329,0.01647618737471162,0.9953318440292657
1,0,0.9396951224765383,0.22780558104833804,0.8793902449530766
1,0,0.9370782312486103,0.23493231484957744,0.8741564624972206
1,1,0.9999992650627707,1.1114808764549214e-05,0.9999985301255414
0,0,0.997808059328618,0.015610719148952774,0.9956161186572362
1,1,0.9361067706157402,0.23754814347332903,0.8722135412314804
0,1,0.9361067706157402,0.23754814347332903,0.8722135412314804
1,1,0.9999999609409562,7.053356875831334e-07,0.9999999218819124
1,0,0.9954560352930905,0.029043568033851417,0.9909120705861809
0,0,0.9565966309926345,0.17861335132142245,0.913193261985269
0,0,0.9998390102863168,0.0015670882954190637,0.9996780205726336
1,0,0.9997641848894412,0.002205424169463779,0.9995283697788824
1,0,0.9212999232681836,0.27558297116484104,0.842599846536367
0,0,0.9630619746600415,0.15808784291144723,0.9261239493200831
0,0,0.9995236640387449,0.0041199006771984546,0.9990473280774899
1,1,0.8036845583518589,0.495251918797191,0.6073691167037176
0,0,0.9371657540255321,0.2346958618195979,0.8743315080510643
1,1,0.9323486949158156,0.2475207886528931,0.8646973898316314
1,1,0.9360056072746143,0.23781963258440708,0.8720112145492287
0,0,0.9991756801872863,0.006677435374916662,0.9983513603745727
0,0,0.999819157532703,0.0017393055653408646,0.999638315065406
0,0,0.9531862521688355,0.1890244309784944,0.9063725043376708
0,0,0.9371542793189289,0.2347268694889103,0.8743085586378578
1,1,0.9999992251405299,1.1677584551369893e-05,0.9999984502810597
1,1,0.7004814527481301,0.6104558161056193,0.40096290549626035
1,1,0.6966577457321482,0.6136696461540658,0.3933154914642964
0,0,0.9382005807076893,0.2318902480176591,0.8764011614153785
1,0,0.9660952686876757,0.14806377344181554,0.9321905373753514
1,1,0.9999999491377837,9.0504967669996e-07,0.9999998982755673
1,1,0.9360012089100521,0.2378314324697362,0.8720024178201042
0,1,0.9465126996968499,0.20865809782277148,0.8930253993936998
0,0,0.9995282263121703,0.004084982326286861,0.9990564526243405
1,1,0.9999984011730696,2.2937154169237564e-05,0.9999968023461392
1,1,0.9347273318480983,0.2412354674007589,0.8694546636961967
1,0,0.9376850881048354,0.23329013822562764,0.8753701762096708
0,0,0.9995474150144028,0.0039376290751640215,0.9990948300288057
1,0,0.9999570788498547,0.00047454157463586036,0.9999141576997095
0,0,0.9993225311670931,0.00562082896703746,0.9986450623341862
1,1,0.9361067706157402,0.23754814347332903,0.8722135412314804
1,1,0.9999999566197619,7.78816771380435e-07,0.9999999132395239
0,0,0.9374947708346585,0.23380581931538297,0.8749895416693171
1,1,0.9889757786139497,0.060656677211137544,0.9779515572278995
1,1,0.7595761912221399,0.5515679516168288,0.5191523824442796
1,1,0.9360040479540973,0.2378238159497382,0.8720080959081946
1,1,0.9591512618196191,0.17063216662646147,0.9183025236392384
0,0,0.9653630495337352,0.15050836583427846,0.9307260990674704
1,0,0.9954293774964932,0.029187159190382866,0.9908587549929863
0,0,0.999522231195888,0.004130858210359559,0.9990444623917761
0,0,0.9856804847695331,0.0750190494964265,0.9713609695390663
1,1,0.9938764263982465,0.03730812553349951,0.9877528527964929
1,0,0.995367903030508,0.029517695030410976,0.990735806061016
0,0,0.9979474848249698,0.014752786072604617,0.9958949696499394
0,0,0.9371371635121992,0.23477311673730467,0.8742743270243982
0,0,0.9386758574480418,0.2305955094546711,0.8773517148960835
0,0,0.9979642488539562,0.014649004360673255,0.9959284977079124
1,0,0.9372211004937099,0.23454626972522413,0.8744422009874199
0,0,0.9977140060649046,0.016184403859483682,0.9954280121298094
1,1,0.9360040479540973,0.2378238159497382,0.8720080959081946
1,1,0.9360040479540973,0.2378238159497382,0.8720080959081946
0,0,0.9371685515776809,0.23468830176033667,0.8743371031553618
1,1,0.9359046476790204,0.23809040457079697,0.8718092953580407
0,0,0.9371527328161378,0.23473104837443853,0.8743054656322756
1,1,0.9361067706157402,0.23754814347332903,0.8722135412314804
0,0,0.9371376786105167,0.23477172500404223,0.8742753572210332
0,0,0.9995423183332869,0.003976845335853144,0.9990846366665737
0,0,0.9584068568822872,0.17297460635966266,0.9168137137645744
1,0,0.9212999232681836,0.27558297116484104,0.842599846536367
1,1,0.7194911327565464,0.5934332810335373,0.4389822655130929
1,1,0.7549549695072699,0.5568257912323344,0.5099099390145398
1,0,0.9405529095793543,0.2254434542520753,0.8811058191587086
0,0,0.9995463276066221,0.003946000898700727,0.9990926552132441
0,0,0.9979474879271425,0.01475276688059312,0.9958949758542849
1,1,0.9999999522035974,8.534676426564379e-07,0.9999999044071947
1,0,0.9911253460868813,0.05076395601996361,0.9822506921737627
1,1,0.9441152351637259,0.215490844432109,0.888230470327452
0,0,0.9371360729580223,0.2347760632677356,0.8742721459160444
1,0,0.9999529501005223,0.0005158681920073948,0.9999059002010446
1,1,0.8731583394585555,0.3803384269993084,0.7463166789171107
1,1,0.9999999615701641,6.945974433749538e-07,0.9999999231403283
1,0,0.941041437820186,0.22409230183921147,0.8820828756403719
1,1,0.9361067706157402,0.23754814347332903,0.8722135412314804
0,0,0.9967529617582517,0.0218473290149143,0.9935059235165035
0,0,0.9979474876533162,0.01475276857465648,0.9958949753066323
0,0,0.9931296970190548,0.04106451560876166,0.9862593940381097
1,1,0.9999991534636127,1.2682903160140473e-05,0.9999983069272254
0,0,0.9769163287375171,0.10980898030835974,0.9538326574750342
0,0,0.999552071596927,0.003901748957550108,0.999104143193854
0,0,0.9371316543990648,0.23478800141202988,0.8742633087981295
1,0,0.9979474890850284,0.014752759717173079,0.9958949781700568
1,1,0.9999999596078267,7.280539692532008e-07,0.9999999192156535
0,0,0.9371465948760964,0.23474763362066936,0.8742931897521928
1,1,0.9999999596078267,7.280539692532008e-07,0.9999999192156535
1,1,0.9361067706157402,0.23754814347332903,0.8722135412314804
1,1,0.5396923217564488,0.6899929018582909,0.07938464351289748
0,0,0.9998390105668812,0.0015670858449650987,0.9996780211337625
1,0,0.9218347293182553,0.27426529614405004,0.8436694586365103
1,1,0.9999999589023253,7.400587430968554e-07,0.9999999178046507
0,0,0.995874351032857,0.02676913420238849,0.9917487020657142
1,1,0.9999999558004616,7.926988957045926e-07,0.9999999116009233
1,0,0.9999358415093984,0.000683552388791362,0.9998716830187967
1,0,0.937350492604471,0.23419634163976644,0.874700985208942
1,1,0.9360053210553557,0.23782040046019218,0.8720106421107116
0,0,0.9994697509215531,0.0045293338242858115,0.9989395018431062
1,1,0.9999999596078267,7.280539692532008e-07,0.9999999192156535
0,0,0.8890998779694549,0.3483931308948893,0.7781997559389096
0,0,0.9714100178797616,0.12980611502156789,0.9428200357595232
1,1,0.9999990070922989,1.4717501124204397e-05,0.9999980141845979
0,0,0.9371745077991075,0.2346722053220402,0.874349015598215
1,1,0.9358745633813542,0.238171057294399,0.8717491267627084
0,0,0.9970006817973242,0.02041896577678583,0.9940013635946484
1,1,0.9999990191373322,1.4550933763267615e-05,0.9999980382746645
1,0,0.9947922930070053,0.03257424500365067,0.9895845860140107
0,0,0.9997274814963982,0.0025092598427262553,0.9994549629927966
0,0,0.9938859587137966,0.03725960365892685,0.9877719174275932
1,1,0.9443461571105309,0.214837532155521,0.8886923142210619
0,0,0.9371493582907338,0.23474016671385667,0.8742987165814674
1,1,0.9999999615701641,6.945974433749538e-07,0.9999999231403283
1,1,0.8326919345192532,0.4515920209387042,0.6653838690385063
0,0,0.9371665036913395,0.2346938359479928,0.8743330073826792
1,0,0.9678349816027478,0.1421892603821971,0.9356699632054957
1,1,0.9360040479540973,0.2378238159497382,0.8720080959081946
1,1,0.9943201496945933,0.0350332319632177,0.9886402993891865
1,1,0.9999999549502822,8.070881798928859e-07,0.9999999099005643
1,1,0.8742285089175689,0.37826869745922803,0.7484570178351377
0,0,0.9985299998081772,0.011056984802012285,0.9970599996163544
1,0,0.9224750635050613,0.27268239323064464,0.8449501270101225
0,0,0.999551539396313,0.0039058521364836226,0.999103078792626
0,0,0.9371324326665146,0.23478589869868752,0.8742648653330292
1,0,0.9678007451020644,0.14230578884596895,0.9356014902041287
1,1,0.6598948174631415,0.6411052201998648,0.31978963492628304
0,0,0.9425163273214612,0.21998687461040628,0.8850326546429225
1,1,0.9360012089100521,0.2378314324697362,0.8720024178201042
0,0,0.9371498652338565,0.23473879691002908,0.8742997304677128
0,0,0.9995362508057662,0.0040234577593199925,0.9990725016115326
1,0,0.9372211004937099,0.23454626972522413,0.8744422009874199
1,0,0.9976661090936936,0.016475054079376193,0.9953322181873872
0,0,0.9992068132401317,0.006455790786962715,0.9984136264802634
1,0,0.9976661182591591,0.01647499855605113,0.9953322365183181
1,0,0.9949437573887259,0.03177645849948396,0.9898875147774516
0,0,0.9371646025598221,0.23469897348312654,0.8743292051196444
1,1,0.9999940747275491,7.724351623371458e-05,0.9999881494550982
0,0,0.9371580256345505,0.2347167462065215,0.8743160512691011
1,0,0.9979474729134141,0.014752859765012605,0.9958949458268284
1,1,0.9999999540681559,8.220012039651388e-07,0.9999999081363118
0,0,0.9371408721761003,0.23476309627613057,0.8742817443522006
0,0,0.9849778736667297,0.07797508251624663,0.9699557473334594
1,1,0.7384375990522337,0.574684803800013,0.47687519810446755
0,0,0.9922871039288875,0.04520524635253134,0.9845742078577749
0,0,0.9985961587266327,0.010624047242286981,0.9971923174532653
0,0,0.9992078965155936,0.006448056912886153,0.9984157930311873
0,0,0.968418790262707,0.14019636279890627,0.936837580525414
0,0,0.9977179433740442,0.016160466872794398,0.9954358867480884
0,0,0.9371743913631577,0.23467251999107916,0.8743487827263154
0,0,0.9606458603455447,0.1658861090924433,0.9212917206910894
0,0,0.9371620715032986,0.23470581320495118,0.8743241430065973
0,0,0.9994409337768222,0.004745892505123684,0.9988818675536445
1,1,0.9999985716658742,2.065228458894102e-05,0.9999971433317485
1,1,0.9360040479540973,0.2378238159497382,0.8720080959081946
1,1,0.9360012089100521,0.2378314324697362,0.8720024178201042
1,1,0.93611658441473,0.23752179736636375,0.87223316882946
0,0,0.9373955515626354,0.23407441727243472,0.8747911031252708
0,0,0.9998390134029957,0.0015670610742855567,0.9996780268059916
1,1,0.996744981189894,0.021893021980823817,0.9934899623797879
0,0,0.937170883946569,0.23468199870312897,0.8743417678931378
1,1,0.9999999627575701,6.743046260463807e-07,0.99999992551514
1,1,0.9999999609409562,7.053356875831334e-07,0.9999999218819124
1,1,0.6146356269076436,0.6666292849268683,0.2292712538152873
0,0,0.9995006327551659,0.0042955166143451365,0.9990012655103316
1,1,0.7047486942045913,0.6067868893219912,0.40949738840918265
1,1,0.9361067706157402,0.23754814347332903,0.8722135412314804
1,1,0.9360012089100521,0.2378314324697362,0.8720024178201042
0,0,0.9995391995447461,0.004000814716174218,0.9990783990894924
1,0,0.993909524883763,0.03713958171975109,0.9878190497675261
0,0,0.9996229130342422,0.003349605502573912,0.9992458260684843
1,1,0.9354413431576443,0.23933080452207606,0.8708826863152885
1,1,0.935787876154381,0.238403371990045,0.8715757523087617
0,0,0.9371498323928449,0.23473888564939305,0.8742996647856898
1,1,0.700523099330465,0.6104204293878608,0.40104619866092994
0,0,0.937126625338565,0.23480158861745687,0.87425325067713
1,1,0.999998480462744,2.1876935825717156e-05,0.999996960925488
0,0,0.9967534312815352,0.021844640133843695,0.9935068625630703
0,0,0.9998390117769236,0.0015670752764386927,0.9996780235538472
1,1,0.8679525564281833,0.39026036179270396,0.7359051128563665
0,0,0.9995634532053381,0.0038138459671115763,0.9991269064106763
1,1,0.860066547286222,0.40484266404956015,0.7201330945724441
1,1,0.9333036968323344,0.24500823216284556,0.8666073936646688
1,0,0.9686634634116851,0.1393578404196927,0.9373269268233702
0,0,0.9995511267532865,0.00390903311121834,0.9991022535065729
0,0,0.9991451844076547,0.0068934015611216235,0.9982903688153094
1,0,0.9392242050432255,0.22909683549072557,0.8784484100864509
1,0,0.9943468034526882,0.03489549872731623,0.9886936069053766
1,1,0.9999999615701641,6.945974433749538e-07,0.9999999231403283
1,1,0.7727971017231847,0.5358744203230901,0.5455942034463693
0,1,0.9592650517274766,0.1702728606218127,0.9185301034549532
0,0,0.9994861393192352,0.0044054824958536555,0.9989722786384704
1,0,0.9212999232681836,0.27558297116484104,0.842599846536367
1,1,0.7677309910917474,0.542003508427861,0.5354619821834947
0,0,0.9371392907039257,0.2347673692938101,0.8742785814078514
1,1,0.8834592946888058,0.3599754503203244,0.7669185893776117
0,0,0.999518613969576,0.004158501516482488,0.9990372279391518
1,1,0.9337027381738074,0.24395404780378055,0.8674054763476147
1,1,0.9682062596941989,0.14092313982710988,0.936412519388398
1,1,0.9432136902605899,0.21803180884372048,0.8864273805211796
0,0,0.9371628937662559,0.23470359120016918,0.8743257875325119
0,1,0.9361067706157402,0.23754814347332903,0.8722135412314804
1,1,0.99999996385483,6.555187727464619e-07,0.9999999277096601
1,0,0.9684110986314809,0.14022269107242702,0.9368221972629618
1,1,0.9972204524827122,0.019134616534995864,0.9944409049654245
1,1,0.9341629804793399,0.24273498787550002,0.8683259609586799
0,0,0.9992499517591295,0.006146643769651625,0.9984999035182589
1,1,0.9360411708142554,0.23772421123627432,0.8720823416285108
0,0,0.9731226346458874,0.12371409529918057,0.9462452692917748
0,0,0.9918859791581706,0.04714322151702407,0.9837719583163411
1,1,0.9357262900686937,0.23856834168193444,0.8714525801373874
0,0,0.9995432411612526,0.003969748891991092,0.9990864823225053
1,1,0.9999999491377837,9.0504967669996e-07,0.9999998982755673
1,1,0.9999999602871033,7.164837943213794e-07,0.9999999205742065
1,1,0.9999999512187996,8.700576279406352e-07,0.9999999024375992
1,1,0.8290076471147857,0.45745623060325513,0.6580152942295712
0,0,0.9969866807715179,0.020500228136927697,0.9939733615430358
1,1,0.9999999549502822,8.070881798928859e-07,0.9999999099005643
0,0,0.9992081248909711,0.006446426273781093,0.9984162497819421
1,0,0.9385244079674744,0.23100850948077406,0.8770488159349489
0,0,0.942056715237241,0.22127048901857238,0.884113430474482
1,0,0.9697373031139149,0.1356541460877433,0.93947460622783
0,0,0.9993822339189709,0.005182496324621163,0.9987644678379416
1,1,0.999998470741411,2.200714249560137e-05,0.999996941482822
0,0,0.9371681112575323,0.23468949168313202,0.8743362225150647
0,1,0.94948881266227,0.20001766144629549,0.8989776253245401
1,0,0.9370782312486103,0.23493231484957744,0.8741564624972206
0,0,0.9976661104285134,0.016475045993195013,0.9953322208570269
1,1,0.9999992853134116,1.0828517648288069e-05,0.9999985706268233
1,1,0.996653598095483,0.022414850825702062,0.993307196190966
0,0,0.9978050809774767,0.015628946935098035,0.9956101619549533
1,0,0.9410615277713152,0.2240366459769872,0.8821230555426305
0,0,0.9503836513264025,0.19738405230637046,0.9007673026528049
1,1,0.9999991318735054,1.2984505445745855e-05,0.9999982637470108
1,1,0.9317834931624398,0.24900097932389714,0.8635669863248796
1,1,0.9999999491377837,9.0504967669996e-07,0.9999998982755673
0,0,0.9382495570525189,0.2317570082508745,0.8764991141050379
1,1,0.99999996385483,6.555187727464619e-07,0.9999999277096601
1,0,0.9370782312486103,0.23493231484957744,0.8741564624972206
0,0,0.9371385116252665,0.23476947428955508,0.8742770232505332
1,1,0.9359384925232418,0.2379996521968926,0.8718769850464835
1,1,0.9999999558004616,7.926988957045926e-07,0.9999999116009233
1,0,0.9678353369148008,0.14218805083323066,0.9356706738296017
0,0,0.9997997917469731,0.0019051922181513364,0.9995995834939461
0,0,0.9967540288873348,0.021841217647155287,0.9935080577746697
1,1,0.9326853666745295,0.24663668417427237,0.8653707333490592
1,0,0.9820825117076609,0.08981974722931375,0.964165023415322
1,1,0.9452880356662567,0.21216226714610104,0.8905760713325134
1,1,0.9359385545967187,0.23799948573403945,0.8718771091934374
1,1,0.9962068426727828,0.024931124173899824,0.9924136853455655
1,1,0.9999999491377837,9.0504967669996e-07,0.9999998982755673
1,1,0.9999999609409562,7.053356875831334e-07,0.9999999218819124
1,1,0.9730138200313412,0.1241044294425038,0.9460276400626823
1,0,0.9999465012010512,0.0005797036019333601,0.9998930024021024
0,0,0.9371600242916855,0.23471134534396113,0.8743200485833712
0,0,0.9979474943293294,0.014752727272581534,0.9958949886586587
0,0,0.9371358712280501,0.23477660831272382,0.8742717424561002
1,0,0.9998899008485207,0.0011135509840587954,0.9997798016970415
1,1,0.7945115317896663,0.5079175571843693,0.5890230635793327
1,0,0.9372211004937099,0.23454626972522413,0.8744422009874199
1,0,0.9224750635050613,0.27268239323064464,0.8449501270101225
1,0,0.9969041985685081,0.020977642614275274,0.9938083971370161
0,0,0.9371432896481796,0.23475656436816036,0.874286579296359
1,1,0.9999999596078267,7.280539692532008e-07,0.9999999192156535
1,1,0.9999999627575701,6.743046260463807e-07,0.99999992551514
1,1,0.9361067706157402,0.23754814347332903,0.8722135412314804
1,1,0.9999999566197619,7.78816771380435e-07,0.9999999132395239
1,1,0.9999999491377837,9.0504967669996e-07,0.9999998982755673
1,1,0.9330050567208082,0.2457955029386245,0.8660101134416166
0,0,0.9994862881609295,0.004404355289525678,0.9989725763218592
0,0,0.994118167692113,0.0360729261016336,0.9882363353842261
0,0,0.9995545358818406,0.0038827414692284836,0.9991090717636812
0,0,0.969320068205344,0.1370977922809992,0.938640136410688
1,1,0.9360040479540973,0.2378238159497382,0.8720080959081946
1,1,0.9999992109793571,1.1876711891160244e-05,0.9999984219587141
0,0,0.9995466478217178,0.003943535871813532,0.9990932956434355
1,0,0.9666771562419334,0.14610942279795602,0.9333543124838669
1,1,0.9999999596078267,7.280539692532008e-07,0.9999999192156535
0,1,0.839086238614613,0.44118200270909536,0.6781724772292258
0,0,0.9382998277962395,0.23162020402456002,0.876599655592479
0,0,0.9979474902838417,0.01475275230055097,0.9958949805676832
1,1,0.9588382739621513,0.1716187633110982,0.9176765479243024
1,1,0.9999999596078267,7.280539692532008e-07,0.9999999192156535
1,1,0.9358958196649352,0.238114073078322,0.8717916393298704
0,0,0.9998390147739328,0.0015670491004766542,0.9996780295478657
0,0,0.9503721424020709,0.19741803152308968,0.9007442848041418
0,0,0.9922909957296163,0.04518634242460314,0.9845819914592326
0,0,0.9995523445570573,0.0038996442345886288,0.9991046891141147
0,0,0.9875228570309887,0.06709698658270007,0.9750457140619775
1,1,0.5848549693935761,0.6786765129781547,0.16970993878715201
0,1,0.9360467731135371,0.23770917765288258,0.872093546227074
0,0,0.9966195922736338,0.022608392807019876,0.9932391845472677
0,0,0.9984529936503738,0.011557157992675026,0.9969059873007474
0,0,0.9371396689602058,0.23476634727793838,0.8742793379204117
1,0,0.938183262904835,0.2319373510640993,0.87636652580967
1,0,0.9997886501029946,0.0019997694422879547,0.9995773002059892
1,1,0.9424887204992626,0.22006408530320634,0.8849774409985249
0,0,0.9464802613927121,0.2087512937138618,0.8929605227854243
1,0,0.9976661090936936,0.016475054079376193,0.9953322181873872
1,0,0.9999529782371003,0.0005155878235592915,0.9999059564742007
1,1,0.9969560984268352,0.02067750244179983,0.9939121968536703
0,0,0.9979474902838417,0.01475275230055097,0.9958949805676832
0,0,0.9995390404367623,0.004002036969681384,0.9990780808735246
1,1,0.9999999633171419,6.647284671280214e-07,0.9999999266342838
1,1,0.9351269430048393,0.240170518630557,0.8702538860096785
0,0,0.9994192636260226,0.004907758510436481,0.9988385272520451
1,1,0.9359384925232418,0.2379996521968926,0.8718769850464835
1,1,0.9999999589023253,7.400587430968554e-07,0.9999999178046507
1,0,0.9650112810752692,0.15167706030843278,0.9300225621505385
1,1,0.9359384925232418,0.2379996521968926,0.8718769850464835
1,1,0.9614685465113632,0.1632486112360342,0.9229370930227264
1,1,0.9999991077047671,1.332149342582171e-05,0.999998215409534
1,1,0.8001502581998211,0.500194050875036,0.6003005163996423
0,0,0.9375798692399822,0.23357531433845993,0.8751597384799642
0,0,0.942410697085161,0.22028222499318784,0.884821394170322
1,1,0.9358926416079429,0.2381225933477481,0.871785283215886
0,0,0.99889259104913,0.00864352438104719,0.99778518209826
0,0,0.7164020252326587,0.5963194431551962,0.4328040504653175
1,1,0.9360012089100521,0.2378314324697362,0.8720024178201042
0,0,0.937165194611811,0.23469737355416048,0.8743303892236223
1,1,0.9999999596078267,7.280539692532008e-07,0.9999999192156535
0,0,0.9382206415465403,0.23183567766497884,0.8764412830930804
1,1,0.9999999589023253,7.400587430968554e-07,0.9999999178046507
1,1,0.999999309966554,1.0479210471149948e-05,0.9999986199331079
1,0,0.9991312858984226,0.006991464950621969,0.9982625717968452
1,0,0.9498943469375428,0.1988262149188301,0.8997886938750858
1,1,0.9999999627575701,6.743046260463807e-07,0.99999992551514
1,1,0.9999999633171419,6.647284671280214e-07,0.9999999266342838
1,1,0.9359434540572854,0.23798634661556634,0.8718869081145708
0,0,0.999551182297632,0.003908604954133791,0.9991023645952638
0,0,0.9377035362330384,0.23324011850051463,0.8754070724660769
0,0,0.9778999194853656,0.10610340753067814,0.9557998389707311
1,0,0.9214826042316072,0.2751333198481814,0.8429652084632143
1,0,0.9962555225751348,0.024659625403833593,0.9925110451502698
1,1,0.9999992970968105,1.0661668134137912e-05,0.9999985941936208
1,1,0.8517474065173527,0.41966602185820767,0.7034948130347055
1,1,0.9360012089100521,0.2378314324697362,0.8720024178201042
0,0,0.9973472762560479,0.018385605962813623,0.9946945525120958
0,0,0.9371445751289502,0.2347530910127324,0.8742891502579005
0,0,0.9995062652594113,0.004252668278574169,0.9990125305188227
0,0,0.9993955662628907,0.00508384153072394,0.9987911325257816
1,1,0.7791487626536089,0.5279832345472849,0.5582975253072178
0,0,0.9990835354119703,0.007326702504099472,0.9981670708239406
0,0,0.9971167070807553,0.019743000047016502,0.9942334141615106
0,0,0.9997564282482833,0.002270083171307624,0.9995128564965665
1,1,0.9999999512187996,8.700576279406352e-07,0.9999999024375992
1,1,0.9999999621754697,6.842574025723138e-07,0.9999999243509394
1,0,0.9372211004937099,0.23454626972522413,0.8744422009874199
1,1,0.9361067706157402,0.23754814347332903,0.8722135412314804
1,0,0.9379174557896965,0.23265967727227888,0.8758349115793931
0,0,0.9995323204557487,0.004053609341999616,0.9990646409114975
0,1,0.9405814017712977,0.225364769187614,0.8811628035425954
0,0,0.9996758498387633,0.002928418455085681,0.9993516996775268
1,1,0.889473078839205,0.3476155766161869,0.7789461576784099
0,0,0.9387604520358517,0.2303646481410598,0.8775209040717035
1,1,0.9999993299811624,1.0194979613552617e-05,0.9999986599623248
0,0,0.999531975632423,0.004056253064750362,0.9990639512648462
1,1,0.9999999512187996,8.700576279406352e-07,0.9999999024375992
0,0,0.9983407803935996,0.012279183842126336,0.9966815607871993
1,0,0.9383554811259254,0.2314687009902922,0.8767109622518506
0,0,0.9371458073859461,0.23474976144104542,0.8742916147718924
0,0,0.9992252711673283,0.006323809331323565,0.9984505423346565
1,1,0.9644965453688757,0.15338059224371553,0.9289930907377515
1,1,0.9999999491377837,9.0504967669996e-07,0.9999998982755673
0,0,0.9371412380067221,0.23476210782353413,0.8742824760134442
0,0,0.9371333590399943,0.23478339582090862,0.8742667180799887
1,0,0.9999575834838159,0.00046946394521233943,0.9999151669676318
1,1,0.9999999540681559,8.220012039651388e-07,0.9999999081363118
1,1,0.9361551051777542,0.23741836902666527,0.8723102103555085
1,1,0.9360063667440454,0.2378175950552558,0.8720127334880906
1,0,0.996228662431638,0.024809508500014284,0.9924573248632759
1,1,0.7249023397266319,0.5882634253607979,0.449804679453264
1,1,0.9359912424573023,0.2378581691674531,0.8719824849146044
0,0,0.9998390116669463,0.001567076236982386,0.9996780233338926
0,0,0.9494029751818129,0.20026940856989528,0.898805950363626
0,0,0.9404619953899497,0.2256944291101602,0.8809239907798992
0,0,0.9975289856217446,0.017301770882487702,0.9950579712434892
0,0,0.937140857234995,0.23476313664606097,0.8742817144699898
1,0,0.9388551843159867,0.23010597298614244,0.8777103686319734
1,1,0.9999999566197619,7.78816771380435e-07,0.9999999132395239
0,0,0.999517571112806,0.004166466102117019,0.9990351422256121
1,1,0.8130921904756333,0.48170806241600705,0.6261843809512666
0,0,0.9770085569236728,0.10946337149841286,0.9540171138473457
0,0,0.9998390132332025,0.0015670625572646397,0.999678026466405
1,1,0.6584448365038872,0.6420616239155796,0.3168896730077744
0,0,0.9371748723237746,0.2346712201898682,0.8743497446475492
1,1,0.9999999566197619,7.78816771380435e-07,0.9999999132395239
0,0,0.9995414204875904,0.003983747882173314,0.999082840975181
1,1,0.9360012089100521,0.2378314324697362,0.8720024178201042
0,0,0.9714013142085414,0.12983680012414747,0.9428026284170827
1,1,0.9999999574092036,7.654259344934964e-07,0.9999999148184071
1,1,0.9360040479540973,0.2378238159497382,0.8720080959081946
0,0,0.9813940844475689,0.0925628392740575,0.9627881688951377
0,0,0.9990786173332165,0.0073610867077206,0.9981572346664329
1,1,0.9360012089100521,0.2378314324697362,0.8720024178201042
1,1,0.9999999633171419,6.647284671280214e-07,0.9999999266342838
0,0,0.9990822310014121,0.00733582471447156,0.9981644620028244
0,0,0.9995597351790296,0.0038425934865250304,0.9991194703580594
1,1,0.9361733868815673,0.2373692739224033,0.8723467737631345
1,1,0.9999989187279985,1.5935107599803547e-05,0.999997837455997
0,0,0.99974683517459,0.0023497096319210426,0.9994936703491798
1,0,0.9384514805263421,0.2312072394477438,0.8769029610526841
0,0,0.94157850199176,0.22260194548788836,0.8831570039835199
0,0,0.9371748883173133,0.23467117696709133,0.8743497766346267
1,0,0.9998708420976983,0.0012856907493246019,0.9997416841953967
1,1,0.9999999627575701,6.743046260463807e-07,0.99999992551514
1,0,0.9372211004937099,0.23454626972522413,0.8744422009874199
0,0,0.9373685202381083,0.23414756508341714,0.8747370404762167
0,0,0.9400198665037194,0.2269128556147939,0.8800397330074389
1,1,0.9999999558004616,7.926988957045926e-07,0.9999999116009233
1,1,0.9999999627575701,6.743046260463807e-07,0.99999992551514
0,0,0.9979474938575844,0.014752730191096696,0.9958949877151689
0,0,0.9989284283495381,0.008399078143906419,0.9978568566990762
0,0,0.9992965703755706,0.005809759570780358,0.9985931407511414
0,0,0.9995235454166416,0.004120807992297731,0.9990470908332832
1,1,0.5657548493836285,0.6844746802302283,0.1315096987672571
1,1,0.9999999574092036,7.654259344934964e-07,0.9999999148184071
1,1,0.8304802447165787,0.4551239060236687,0.6609604894331571
0,0,0.9989622931024688,0.008166984560854218,0.9979245862049376
1,1,0.9861432444050711,0.07305311748633483,0.9722864888101419
1,1,0.5738648130734034,0.6821951180118279,0.1477296261468068
1,1,0.9999999602871033,7.164837943213794e-07,0.9999999205742065
0,0,0.9975334504609673,0.01727497488786816,0.9950669009219347
1,1,0.9999892931862946,0.00013324228012669834,0.9999785863725891
1,0,0.9998521594882563,0.0014516907161336733,0.9997043189765125
1,1,0.9971493196636614,0.01955216334231389,0.9942986393273228
0,1,0.9999999635989749,6.599021317937191e-07,0.9999999271979497
1,0,0.9996893258138642,0.00281986857211703,0.9993786516277284
1,1,0.9340551701048324,0.24302085706744053,0.8681103402096647
0,0,0.9377133132830998,0.23321360692577536,0.8754266265661997
0,0,0.9470800021794141,0.20702485566878814,0.8941600043588283
0,0,0.9371659266836262,0.23469539523503116,0.8743318533672524
1,0,0.999907949818815,0.0009474845417951087,0.9998158996376301
0,0,0.9371597638587155,0.2347120491016667,0.8743195277174309
0,0,0.962055709659362,0.16135503913336718,0.9241114193187242
1,1,0.5716256810372712,0.682851320473461,0.1432513620745426
1,1,0.9999999627575701,6.743046260463807e-07,0.99999992551514
1,0,0.9964339546727593,0.02365897373546407,0.9928679093455187
1,1,0.7583944714485418,0.5529235325669288,0.5167889428970835
1,1,0.9678931656147483,0.1419911370028959,0.9357863312294966
1,1,0.9999999491377837,9.0504967669996e-07,0.9999998982755673
0,0,0.9375941697692862,0.2335365665351726,0.8751883395385723
1,1,0.9999999581697467,7.525114465350048e-07,0.9999999163394935
0,0,0.9996942627178694,0.0027799564409066507,0.9993885254357389
1,1,0.9632540203572306,0.15746108640915293,0.9265080407144609
1,1,0.9666434509387248,0.14622291187099834,0.9332869018774498
0,0,0.9154626690846536,0.2897135960504495,0.8309253381693071
0,0,0.9982506969922363,0.01285328844312324,0.9965013939844727
1,1,0.999999085547567,1.3629858580646313e-05,0.999998171095134
0,0,0.9986420170440682,0.01032213097811984,0.9972840340881365
1,1,0.9999999540681559,8.220012039651388e-07,0.9999999081363118
0,0,0.9995430503179055,0.003971216608855433,0.9990861006358108
1,1,0.9999973113449279,3.7174603635562224e-05,0.9999946226898557
1,1,0.936208148864426,0.23727590596888298,0.8724162977288522
0,0,0.9991846882017007,0.0066134278858287505,0.9983693764034013
0,0,0.9384403023477096,0.23123769225591778,0.8768806046954191
0,0,0.9653617107829897,0.150512820611972,0.9307234215659794
1,0,0.9372211004937099,0.23454626972522413,0.8744422009874199
1,1,0.9770379765550639,0.10935304704435615,0.9540759531101279
1,1,0.9999989656305964,1.528975690517325e-05,0.9999979312611929
0,1,0.9417197945077881,0.22220898852985144,0.8834395890155763
1,0,0.9985816843916765,0.010719027731646362,0.9971633687833529
1,1,0.9362041438754664,0.23728666408550747,0.8724082877509327
1,1,0.9999999621754697,6.842574025723138e-07,0.9999999243509394
1,1,0.9871399132603548,0.0687650575328996,0.9742798265207094
1,1,0.9970367705045273,0.0202092028734488,0.9940735410090548
0,0,0.9979474879271425,0.01475276688059312,0.9958949758542849
0,0,0.9976661058402405,0.016475073788408352,0.995332211680481
0,0,0.9998293493763305,0.0016511824816128103,0.9996586987526609
1,0,0.9973474815431634,0.018384388702415856,0.9946949630863268
0,0,0.9512656950083845,0.19477148210150746,0.902531390016769
1,0,0.9722810508431821,0.12672132499956246,0.9445621016863641
1,0,0.9999561887876472,0.00048348296586796794,0.9999123775752945
1,1,0.9347961704698377,0.24105220206944497,0.8695923409396754
1,0,0.9999070201762468,0.0009561191097764684,0.9998140403524935
1,0,0.9954190559902079,0.029242713576212217,0.9908381119804157
0,0,0.9994843243138349,0.004419224409042861,0.9989686486276698
0,0,0.9943253394308692,0.03500642389284012,0.9886506788617384
0,0,0.9372064991452788,0.23458573974171515,0.8744129982905576
1,1,0.9999999627575701,6.743046260463807e-07,0.99999992551514
1,1,0.9999999609409562,7.053356875831334e-07,0.9999999218819124
1,1,0.9359384925232418,0.2379996521968926,0.8718769850464835
1,1,0.9582769723046622,0.17338188666959714,0.9165539446093245
0,0,0.9885203043921903,0.06269536416419527,0.9770406087843806
0,0,0.9441228856878308,0.215469216179105,0.8882457713756616
0,0,0.9988626584050185,0.00884680339346912,0.9977253168100371
0,0,0.9441988247947033,0.21525447394125233,0.8883976495894066
0,0,0.9968248054819633,0.021435093953027024,0.9936496109639265
0,0,0.9984326158625783,0.011688866109693668,0.9968652317251565
0,0,0.9371424600325814,0.23475880596582513,0.8742849200651629
1,0,0.9973472775140253,0.018385598503621012,0.9946945550280506
0,0,0.937164782585068,0.23469848699336254,0.8743295651701359
0,0,0.9993823680791545,0.005181505029595516,0.998764736158309
1,0,0.523369830223114,0.6920544845777719,0.046739660446228126
0,0,0.9371329808827363,0.2347844175287279,0.8742659617654727
1,1,0.9999999549502822,8.070881798928859e-07,0.9999999099005643
0,0,0.999788728692613,0.001999104419284979,0.9995774573852261
0,0,0.971850411729764,0.12824991260349033,0.9437008234595281
1,0,0.9394307080877367,0.2285310845999693,0.8788614161754733
1,1,0.997036770508721,0.020209202849048806,0.9940735410174419
1,0,0.9979475173814282,0.014752584657429565,0.9958950347628565
1,1,0.999999132051104,1.298202669733225e-05,0.999998264102208
1,1,0.9999999621754697,6.842574025723138e-07,0.9999999243509394
1,1,0.8447382561595097,0.4317285687169794,0.6894765123190196
0,0,0.8938646370216402,0.338358305328267,0.7877292740432802
1,0,0.999905840795815,0.0009670598906104723,0.99981168159163
0,0,0.9943994630285982,0.03462300841264707,0.9887989260571962
1,1,0.9999999531529851,8.374549724531441e-07,0.9999999063059701
1,1,0.9359384925232418,0.2379996521968926,0.8718769850464835
1,1,0.9360799099441726,0.23762024534904458,0.8721598198883452
1,0,0.9236252266268137,0.26982476829322166,0.8472504532536274
1,1,0.9264483993575465,0.26273043138049706,0.8528967987150929
0,0,0.9995363229395199,0.004022904076451155,0.9990726458790398
1,1,0.9999999574092036,7.654259344934964e-07,0.9999999148184071
1,1,0.9999999512187996,8.700576279406352e-07,0.9999999024375992
1,1,0.9999999491377837,9.0504967669996e-07,0.9999998982755673
1,0,0.9750005191046499,0.11690494736011751,0.9500010382092999
1,1,0.9565378264520096,0.17879518301102765,0.9130756529040193
1,1,0.9999999627575701,6.743046260463807e-07,0.99999992551514
1,1,0.9999999501972988,8.872449120709397e-07,0.9999999003945976
0,0,0.9371375880425209,0.23477196970812264,0.8742751760850419
1,0,0.7169767061903047,0.5957860825018363,0.43395341238060964
0,0,0.9371819925782352,0.23465197716640826,0.8743639851564705
1,0,0.9999455659256731,0.0005888946529564363,0.9998911318513463
1,1,0.9999999581697467,7.525114465350048e-07,0.9999999163394935
0,0,0.9371418216991206,0.23476053071666167,0.8742836433982413
1,1,0.7890004698630334,0.5152779659644275,0.5780009397260668
0,0,0.9995449211872549,0.003956824888223324,0.9990898423745098
1,1,0.9999999558004616,7.926988957045926e-07,0.9999999116009233
1,1,0.9999999633171419,6.647284671280214e-07,0.9999999266342838
1,1,0.7803559524639015,0.5264570750454612,0.5607119049278031
0,0,0.937167222347818,0.23469189386599315,0.874334444695636
1,0,0.9372211004937099,0.23454626972522413,0.8744422009874199
0,0,0.9983738965035307,0.012066915857006732,0.9967477930070614
0,0,0.9770126707768914,0.10944794675025137,0.9540253415537826
1,0,0.9962197889552231,0.024858981388591363,0.9924395779104463
1,1,0.7005226103076311,0.6104208449540306,0.40104522061526204
1,1,0.6386203824874674,0.6542078490230447,0.27724076497493466
1,1,0.8166956995308744,0.4763671430146392,0.6333913990617488
0,0,0.9749658182073667,0.117032052285578,0.9499316364147335
1,0,0.9949809305749929,0.031579969725669434,0.989961861149986
1,1,0.8137669190105336,0.4807145577413723,0.6275338380210671
0,0,0.987976768167397,0.06510434147369044,0.9759535363347941
0,0,0.9990831411773184,0.007329459724088281,0.9981662823546369
1,1,0.9967449811918789,0.02189302196946141,0.9934899623837579
0,0,0.81718499604973,0.47563527564595165,0.6343699920994599
0,0,0.9983964895268924,0.011921712034721919,0.9967929790537848
1,1,0.936037182459846,0.23773491353293363,0.872074364919692
0,0,0.9960394721437149,0.025859851107518317,0.9920789442874298
0,0,0.9992867084267679,0.005881277010657682,0.9985734168535358
1,0,0.9999452301849592,0.0005921900783434792,0.9998904603699182
1,1,0.9955158439915787,0.028720837828840336,0.9910316879831572
0,0,0.999461032402124,0.004595014376169425,0.998922064804248
1,1,0.9328538406116709,0.2461935921570511,0.8657076812233417
0,0,0.9371266197552531,0.2348016037018663,0.874253239510506
1,1,0.9999970745815641,4.020130951864746e-05,0.9999941491631281
0,0,0.9903723117411565,0.0542836288298258,0.9807446234823131
1,1,0.9767726865175548,0.11034650344097827,0.9535453730351096
1,0,0.9997577506307361,0.0022590775434500423,0.9995155012614722
1,0,0.9216610038753174,0.2746937614291573,0.8433220077506346
1,1,0.9999999602871033,7.164837943213794e-07,0.9999999205742065
1,1,0.9999999512187996,8.700576279406352e-07,0.9999999024375992
1,1,0.9999999589023253,7.400587430968554e-07,0.9999999178046507
0,0,0.99588280178995,0.026722761290767137,0.9917656035799001
1,1,0.9999999574092036,7.654259344934964e-07,0.9999999148184071
1,1,0.9999999558004616,7.926988957045926e-07,0.9999999116009233
1,1,0.9999992208370629,1.1738124914030801e-05,0.9999984416741258
0,0,0.9995106242575897,0.004219463837351993,0.9990212485151795
0,0,0.9973472775140253,0.018385598503621012,0.9946945550280506
0,0,0.9138505439709507,0.29353736400846725,0.8277010879419012
1,0,0.9692792081926241,0.13723885327931157,0.9385584163852482
0,0,0.9995997507007867,0.0035314887447476092,0.9991995014015732
0,0,0.9371647648320459,0.2346985349681224,0.8743295296640917
1,0,0.9979475052560287,0.01475265967300409,0.9958950105120574
1,1,0.9970367705045273,0.0202092028734488,0.9940735410090548
0,0,0.9371356647731541,0.23477716612305288,0.8742713295463083
0,0,0.9994081224798539,0.004990660844970542,0.9988162449597078
0,0,0.9941227984695112,0.036049168436132754,0.9882455969390226
0,0,0.919627171469727,0.279679005459391,0.839254342939454
1,1,0.8984314688881141,0.32851578324676,0.7968629377762281
0,0,0.9995516534173555,0.0039049731062668672,0.999103306834711
1,1,0.9361067706157402,0.23754814347332903,0.8722135412314804
1,1,0.9337027381738074,0.24395404780378055,0.8674054763476147
1,0,0.96261335324173,0.15954792398613682,0.9252267064834601
1,1,0.9538320084533533,0.18707366512258022,0.9076640169067064
1,1,0.9361067706157402,0.23754814347332903,0.8722135412314804
1,1,0.9360040479540973,0.2378238159497382,0.8720080959081946
1,1,0.99999996385483,6.555187727464619e-07,0.9999999277096601
1,0,0.9458554295973957,0.21054240818293926,0.8917108591947913
0,0,0.9469156492135913,0.2074986793951613,0.8938312984271826
1,1,0.9999999627575701,6.743046260463807e-07,0.99999992551514
1,1,0.9361067706157402,0.23754814347332903,0.8722135412314804
0,0,0.9979475143481105,0.014752603423504384,0.995895028696221
0,0,0.9371696727696344,0.23468527183219579,0.8743393455392687
1,1,0.936054954424218,0.23768722243646895,0.872109908848436
0,0,0.9998293511527506,0.0016511670698766882,0.9996587023055012
1,1,0.9360012089100521,0.2378314324697362,0.8720024178201042
0,0,0.953857610067931,0.18699613084872274,0.9077152201358621
0,0,0.9371684961486918,0.23468845155202256,0.8743369922973837
1,1,0.9359384925232418,0.2379996521968926,0.8718769850464835
1,1,0.9610089019158523,0.1647244412926014,0.9220178038317047
1,1,0.9359776852618159,0.23789453597929938,0.8719553705236318
0,0,0.9992470014931213,0.0061678640213500766,0.9984940029862427
1,1,0.9361067706157402,0.23754814347332903,0.8722135412314804
0,0,0.9371392286675564,0.23476753691050212,0.8742784573351128
1,0,0.9965146883869289,0.023203298740029837,0.9930293767738578
0,0,0.9793887703503659,0.10040847226282539,0.9587775407007317
0,0,0.9371500808683187,0.23473821424588182,0.8743001617366374
0,1,0.5452061091655028,0.6890544093015591,0.09041221833100566
1,1,0.9360590493519849,0.2376762329429385,0.8721180987039696
0,0,0.9636143635169521,0.15628226173247017,0.9272287270339042
1,1,0.9999992674968707,1.1080426766597932e-05,0.9999985349937415
0,1,0.939800057296337,0.22751731787146723,0.8796001145926742
1,0,0.9999045223660901,0.0009792731117720147,0.9998090447321801
1,0,0.9236700826652966,0.26971294344806024,0.8473401653305932
0,0,0.9967537110704999,0.021843037796991583,0.9935074221409999
0,0,0.9994478178652056,0.004694297164182964,0.9988956357304112
1,1,0.9360012089100521,0.2378314324697362,0.8720024178201042
1,1,0.9999999589023253,7.400587430968554e-07,0.9999999178046507
1,1,0.9361067706157402,0.23754814347332903,0.8722135412314804
0,0,0.9371490288212787,0.23474105696626205,0.8742980576425577
1,1,0.9999999633171419,6.647284671280214e-07,0.9999999266342838
1,1,0.785095527189439,0.5203826453633159,0.5701910543788778
0,0,0.9345464464474222,0.24171665881101262,0.8690928928948443
1,1,0.9360176339520027,0.23778736589415914,0.8720352679040051
0,0,0.9977532392098004,0.015945579303545412,0.9955064784196009
0,0,0.9933905172594233,0.03976223729442671,0.9867810345188467
1,1,0.9999999633171419,6.647284671280214e-07,0.9999999266342838
1,1,0.9360012089100521,0.2378314324697362,0.8720024178201042
1,0,0.9964032181383734,0.023831971642854766,0.9928064362767468
1,0,0.9935784634954671,0.03881741884348972,0.9871569269909342
0,0,0.9951171325865951,0.030857657721856974,0.9902342651731902
0,0,0.9995325195096217,0.004052083101925852,0.9990650390192435
1,1,0.9894583040235971,0.058476130306206624,0.9789166080471944
1,1,0.9328584570861748,0.24618144430299013,0.8657169141723495
1,1,0.9282612876873422,0.2581134120670403,0.8565225753746843
1,1,0.9999999633171419,6.647284671280214e-07,0.9999999266342838
1,0,0.9370782312486103,0.23493231484957744,0.8741564624972206
0,0,0.9995521329861439,0.003901275616135873,0.9991042659722876
1,1,0.9999999566197619,7.78816771380435e-07,0.9999999132395239
1,1,0.9999999491377837,9.0504967669996e-07,0.9999998982755673
0,0,0.9961285735458553,0.025366337304254586,0.9922571470917105
1,1,0.9999958870754606,5.5118840641863625e-05,0.9999917741509211
1,1,0.9371037346777792,0.23486342776974073,0.8742074693555584
1,0,0.9240962127174549,0.26864918766631907,0.84819242543491
0,0,0.9371404591261001,0.23476421230994993,0.8742809182522003
1,1,0.6468671371735888,0.649364462394491,0.2937342743471776
0,0,0.9397228115439681,0.2277295361579238,0.8794456230879362
1,1,0.663518695168639,0.6386739138304729,0.32703739033727797
0,0,0.8977465668327829,0.33000624747164686,0.7954931336655657
1,1,0.9359384925232418,0.2379996521968926,0.8718769850464835
1,1,0.9347129138265821,0.2412738418780268,0.8694258276531641
1,1,0.9999999558004616,7.926988957045926e-07,0.9999999116009233
1,1,0.9361066178577747,0.23754855355435844,0.8722132357155493
0,0,0.9517723240753878,0.19326330186630647,0.9035446481507757
1,1,0.9999976297606515,3.3070808197425454e-05,0.9999952595213031
0,0,0.9995452163653861,0.0039545535192801575,0.999090432730772
1,1,0.9999999602871033,7.164837943213794e-07,0.9999999205742065
0,0,0.9989624256084019,0.00816607427589124,0.997924851216804
1,0,0.9556306789164758,0.18158973337862808,0.9112613578329516
0,0,0.9998390108475902,0.001567083393250242,0.9996780216951804
1,1,0.9361067706157402,0.23754814347332903,0.8722135412314804
0,0,0.9391563827788523,0.22928248325557293,0.8783127655577045
1,1,0.5499375389799807,0.6881513399284076,0.09987507795996148
1,1,0.9999834469835682,0.00019878408074467196,0.9999668939671364
0,0,0.9371754423943952,0.2346696795628309,0.8743508847887905
1,0,0.9976661274361436,0.0164749429629098,0.9953322548722869
1,1,0.724379508068708,0.5887693174853189,0.44875901613741614
1,0,0.9953119018541992,0.029818088359905622,0.9906238037083982
1,1,0.7057115172501164,0.6059469904001797,0.4114230345002328
1,1,0.9359385545967187,0.23799948573403945,0.8718771091934374
1,1,0.9355222282107355,0.23911450865593797,0.8710444564214711
0,0,0.9371373010716139,0.23477274506886892,0.8742746021432276
1,0,0.9370782312486103,0.23493231484957744,0.8741564624972206
0,0,0.9371270795278235,0.23480036153456962,0.8742541590556469
1,0,0.9962763602368503,0.024543215394243745,0.9925527204737005
1,1,0.700523099330465,0.6104204293878608,0.40104619866092994
1,1,0.9999999627575701,6.743046260463807e-07,0.99999992551514
1,1,0.7122702515003165,0.6001064003130725,0.4245405030006329
0,0,0.9372526028968861,0.2344611008377575,0.874505205793772
1,1,0.7687459845995291,0.5407871482627958,0.5374919691990582
1,1,0.999998480462744,2.1876935825717156e-05,0.999996960925488
0,0,0.9371376934541179,0.23477168489836298,0.8742753869082356
1,1,0.9999999501972988,8.872449120709397e-07,0.9999999003945976
0,0,0.9371743060308159,0.2346727506022354,0.8743486120616317
0,0,0.9990551616754184,0.007524715246327835,0.9981103233508368
1,1,0.9999979449969031,2.8965745771995074e-05,0.9999958899938062
0,0,0.9979474812510202,0.01475280818332163,0.9958949625020403
1,1,0.9972885825735098,0.018732984549748144,0.9945771651470198
1,0,0.9383554811259254,0.2314687009902922,0.8767109622518506
1,1,0.7249002768976516,0.5882654240473632,0.44980055379530315
0,0,0.9989284234869155,0.008399111392353747,0.9978568469738308
0,0,0.9976661058402405,0.016475073788408352,0.995332211680481
1,1,0.9999994216286531,8.885547582697673e-06,0.9999988432573063
0,0,0.9344002106007573,0.24210528438066042,0.8688004212015146
0,0,0.9728543658977457,0.12467560098900557,0.9457087317954913
1,0,0.999951980239599,0.0005255222047704603,0.9999039604791978
1,1,0.9494924579466176,0.20000696703170245,0.8989849158932351
0,0,0.9979474974316257,0.014752708079790034,0.9958949948632515
1,1,0.9360012089100521,0.2378314324697362,0.8720024178201042
1,1,0.9361067706157402,0.23754814347332903,0.8722135412314804
1,1,0.999998847915086,1.690562111473551e-05,0.9999976958301721
1,0,0.9943468034526882,0.03489549872731623,0.9886936069053766
0,0,0.9994844322626306,0.004418407277525967,0.9989688645252611
0,0,0.9371641786357824,0.2347001190686466,0.8743283572715648
1,0,0.9389080792786619,0.22996147045428042,0.8778161585573238
0,0,0.9998293496723828,0.0016511799131446734,0.9996586993447656
1,0,0.9973474867453659,0.018384357855484326,0.9946949734907318
1,0,0.8626281566161962,0.40016378256749396,0.7252563132323923
0,0,0.9976846445785821,0.01636269433042258,0.9953692891571642
0,0,0.9371603989128102,0.23471033301810593,0.8743207978256207
0,0,0.9990842848216469,0.007321460773411439,0.9981685696432939
1,0,0.9979474769496368,0.014752834794396864,0.9958949538992737
0,0,0.9998293532449373,0.0016511489186134848,0.9996587064898745
1,0,0.9998579875661923,0.0014001751318654463,0.9997159751323845
1,1,0.9999997564005438,3.953068738295403e-06,0.9999995128010877
1,0,0.9372211004937099,0.23454626972522413,0.8744422009874199
0,0,0.9994077369647799,0.004993525720437682,0.9988154739295598
1,0,0.9214826042316072,0.2751333198481814,0.8429652084632143
0,0,0.9389611425773144,0.22981645903833803,0.877922285154629
1,0,0.9979475052560287,0.01475265967300409,0.9958950105120574
0,0,0.9987326575262189,0.009720769193244366,0.9974653150524376
1,0,0.9965200105672356,0.023173193970830584,0.9930400211344712
1,1,0.9999999596078267,7.280539692532008e-07,0.9999999192156535
1,1,0.8093777706337187,0.4871239467633388,0.6187555412674376
0,0,0.9995281648275607,0.004085453204575347,0.9990563296551214
0,0,0.9993373476721014,0.005512557467521968,0.9986746953442028
0,0,0.9890136347437009,0.06048638848660043,0.9780272694874017
0,0,0.9371728729630902,0.23467662345772072,0.8743457459261802
0,0,0.9993380958939335,0.00550708111043846,0.9986761917878669
1,0,0.9979474890850284,0.014752759717173079,0.9958949781700568
1,1,0.9999999522035974,8.534676426564379e-07,0.9999999044071947
1,1,0.9999999540681559,8.220012039651388e-07,0.9999999081363118
1,1,0.9359384925232418,0.2379996521968926,0.8718769850464835
0,0,0.9998390133297099,0.0015670617143661875,0.9996780266594198
1,1,0.9999999549502822,8.070881798928859e-07,0.9999999099005643
0,0,0.9371712889157006,0.234680904294105,0.8743425778314008
1,1,0.8169589641415657,0.4759735628006886,0.6339179282831312
1,1,0.7694141504423646,0.5399832616589544,0.5388283008847293
0,0,0.9995517308186889,0.0039043763743481555,0.9991034616373776
1,0,0.9975354721390065,0.017262839004477313,0.995070944278013
1,1,0.7883345814630416,0.516154882807154,0.5766691629260832
0,0,0.9880107741897196,0.0649543663748433,0.9760215483794392
1,1,0.9999999491377837,9.0504967669996e-07,0.9999998982755673
0,0,0.9979474831364485,0.014752796518867222,0.9958949662728971
0,0,0.9968742712077561,0.021150316746449394,0.993748542415512
1,1,0.9416177521973933,0.22249282086410974,0.8832355043947865
1,0,0.94003657850676,0.22686686358371036,0.8800731570135201
0,0,0.9371619349115576,0.2347061823162974,0.8743238698231155
1,1,0.7673377861264206,0.5424731685939201,0.534675572252841
1,0,0.9998176704971908,0.0017521142980885568,0.9996353409943817
0,0,0.999395549728112,0.0050839640633589325,0.998791099456224
0,0,0.998851163861002,0.008924654579355665,0.9977023277220041
1,0,0.9987420095643428,0.009658360532926688,0.9974840191286858
1,1,0.9999999615701641,6.945974433749538e-07,0.9999999231403283
1,1,0.9562458914186283,0.17969665671274676,0.9124917828372566
1,1,0.9850883858019863,0.07751238606065068,0.9701767716039726
1,0,0.9951180007372638,0.030853041576226127,0.9902360014745274
1,1,0.9360012089100521,0.2378314324697362,0.8720024178201042
1,1,0.9343649495927829,0.2421989391965812,0.8687298991855659
0,0,0.999484821768701,0.004415458675987762,0.998969643537402
0,0,0.9371566544475454,0.23472045145141934,0.8743133088950907
0,0,0.9611856371543691,0.16415764925490395,0.9223712743087383
0,0,0.9989260153161763,0.00841557467861929,0.9978520306323527
1,1,0.9999999512187996,8.700576279406352e-07,0.9999999024375992
1,1,0.8539632154061066,0.4157724408235842,0.7079264308122132
1,1,0.9672001147516681,0.1443440298766295,0.9344002295033363
1,0,0.9998132167186172,0.0017904051925573634,0.9996264334372345
0,0,0.9371548402770059,0.23472535368491415,0.8743096805540117
0,0,0.9981836047863422,0.013277835653751457,0.9963672095726844
1,1,0.9313668763222755,0.2500888254205096,0.8627337526445511
1,1,0.9487612248118942,0.20214671282497465,0.8975224496237885
1,1,0.9999981647114894,2.6076344326037588e-05,0.9999963294229788
1,1,0.9361067706157402,0.23754814347332903,0.8722135412314804
0,0,0.9998390118742568,0.0015670744263283631,0.9996780237485137
0,0,0.9971129528458949,0.019764944609119584,0.9942259056917896
1,1,0.9999999609409562,7.053356875831334e-07,0.9999999218819124
1,1,0.9999993595935415,9.773346998393782e-06,0.9999987191870829
1,0,0.9618347947363534,0.1620685795524119,0.9236695894727068
0,0,0.9372443534452962,0.23448340542120666,0.8744887068905924
1,0,0.6620463814677434,0.6396687849368592,0.3240927629354867
0,0,0.9435094906445135,0.21719979234434952,0.8870189812890269
1,1,0.9999999627575701,6.743046260463807e-07,0.99999992551514
0,0,0.9994937106645795,0.00434808827783513,0.998987421329159
1,1,0.8447370425166952,0.43173062451847805,0.6894740850333902
1,1,0.9999992826823577,1.086574596235425e-05,0.9999985653647155
1,1,0.9999990342385128,1.4341894611863473e-05,0.9999980684770257
1,1,0.9359384925232418,0.2379996521968926,0.8718769850464835
1,1,0.9972060606638647,0.01921924175492029,0.9944121213277293
1,0,0.5453546335146591,0.6890274344461619,0.09070926702931803
0,0,0.9979474907557844,0.014752749380812651,0.9958949815115686
0,1,0.9361067706157402,0.23754814347332903,0.8722135412314804
1,1,0.9999999596078267,7.280539692532008e-07,0.9999999192156535
1,1,0.9999999596078267,7.280539692532008e-07,0.9999999192156535
0,0,0.9951059457539642,0.030917126673018516,0.9902118915079283
0,0,0.9371471677659142,0.234746085649769,0.8742943355318282
0,0,0.9995516302679536,0.0039051515758808946,0.9991032605359071
1,1,0.9999990950558745,1.3497596536702659e-05,0.9999981901117488
1,1,0.9359384925232418,0.2379996521968926,0.8718769850464835
0,0,0.9371721802457479,0.23467849550897787,0.874344360491496
0,0,0.9984325176830987,0.011689500029776695,0.9968650353661972
1,1,0.9999985368349701,2.112065246136139e-05,0.9999970736699402
1,1,0.9467376131342475,0.20801134475155436,0.893475226268495
0,0,0.9879093542724425,0.06540136615386907,0.975818708544885
1,0,0.9998141365279677,0.0017825060156601198,0.9996282730559354
0,0,0.9972268686926987,0.019096864569202718,0.9944537373853974
1,1,0.9361067706157402,0.23754814347332903,0.8722135412314804
1,1,0.9999993253030649,1.0261466963238726e-05,0.9999986506061299
1,1,0.9999979040292472,2.950182102468362e-05,0.9999958080584944
0,0,0.9856679658656066,0.07507202030385227,0.9713359317312131
1,1,0.9360355326726174,0.23773934047214465,0.8720710653452349
0,0,0.9943452720412983,0.034903415708719174,0.9886905440825966
0,0,0.999743961850132,0.0023734880057613627,0.9994879237002641
0,0,0.9992087104558015,0.006442244939897925,0.998417420911603
1,0,0.9965550753702268,0.02297464609414769,0.9931101507404536
1,0,0.9979474931303697,0.014752734690112105,0.9958949862607394
1,1,0.9999965554610368,4.677242586604926e-05,0.9999931109220737
0,0,0.9979474812510202,0.01475280818332163,0.9958949625020403
0,0,0.9954060716750001,0.029312567066799126,0.9908121433500001
1,0,0.9979474688683909,0.014752884790066895,0.9958949377367817
1,1,0.9805353024033538,0.09594843785059257,0.9610706048067078
1,1,0.9972204524828481,0.01913461653419757,0.994440904965696
1,0,0.9950244530560431,0.03134956827424622,0.9900489061120863
1,1,0.99999996385483,6.555187727464619e-07,0.9999999277096601
0,0,0.9973472768851022,0.018385602232828074,0.9946945537702044
1,1,0.9999997847243098,3.5200473463376656e-06,0.9999995694486198
1,1,0.9960461588492608,0.025822885276934923,0.9920923176985216
1,0,0.9973475023381368,0.018384265396673267,0.9946950046762738
0,0,0.9958825410335125,0.02672419243289135,0.991765082067025
0,0,0.9680150057064314,0.1415759040748387,0.9360300114128628
0,1,0.9361067706157402,0.23754814347332903,0.8722135412314804
0,0,0.9973472768851022,0.018385602232828074,0.9946945537702044
0,0,0.8736077851816678,0.37947045361098636,0.7472155703633355
1,1,0.9999999522035974,8.534676426564379e-07,0.9999999044071947
0,0,0.9371633382590913,0.23470239004045737,0.8743266765181825
1,1,0.9361067706157402,0.23754814347332903,0.8722135412314804
0,0,0.9371762035617628,0.23466762248448106,0.8743524071235255
1,0,0.9409461216911558,0.2243562602016481,0.8818922433823115
1,0,0.9979474931303697,0.014752734690112105,0.9958949862607394
1,0,0.9979474769496368,0.014752834794396864,0.9958949538992737
1,1,0.99999996385483,6.555187727464619e-07,0.9999999277096601
0,0,0.9492427337732608,0.20073895985610254,0.8984854675465218
1,1,0.9687020474833151,0.13922542882433298,0.9374040949666302
0,0,0.9967789885287471,0.0216981750259072,0.9935579770574942
1,1,0.9999994374718272,8.657772293654245e-06,0.9999988749436544
1,1,0.9999999522035974,8.534676426564379e-07,0.9999999044071947
0,0,0.9970014244743107,0.02041465342981,0.9940028489486215
0,0,0.9371667070686603,0.234693286346332,0.8743334141373206
1,1,0.999999992389786,1.498738375981882e-07,0.9999999847795721
1,0,0.9973475127407243,0.01838420371349596,0.9946950254814486
1,1,0.9360040479540973,0.2378238159497382,0.8720080959081946
1,1,0.9361067706157402,0.23754814347332903,0.8722135412314804
1,0,0.9998060657455146,0.0018516637779774515,0.999612131491029
0,0,0.9371642730323144,0.2346998639776919,0.8743285460646285
1,0,0.9997626714955802,0.002218059530943912,0.9995253429911602
0,1,0.9630925076106406,0.1579882656313133,0.926185015221281
0,1,0.9562458914186283,0.17969665671274676,0.9124917828372566
1,1,0.9999999602871033,7.164837943213794e-07,0.9999999205742065
0,0,0.9994830803399833,0.004428639189882052,0.9989661606799667
1,1,0.9361067706157402,0.23754814347332903,0.8722135412314804
0,1,0.9703152121497816,0.13364474661979975,0.9406304242995631
1,0,0.9962909124589776,0.0244618497445111,0.9925818249179552
0,0,0.9263014255950547,0.2631026120633549,0.8526028511901091
1,1,0.5910166943868711,0.6764863680789364,0.1820333887737422
0,0,0.9371468504162858,0.23474694314167951,0.8742937008325715
1,1,0.9999999621754697,6.842574025723138e-07,0.9999999243509394
0,0,0.9371698651481442,0.23468475194310429,0.8743397302962881
1,0,0.9403958405856188,0.22587696118793796,0.8807916811712375
1,1,0.9999999558004616,7.926988957045926e-07,0.9999999116009233
1,1,0.8594677549687267,0.40592848894291644,0.7189355099374535
1,0,0.9979474809943386,0.01475280977131577,0.9958949619886773
0,0,0.9993528694269681,0.0053987766503366015,0.9987057388539362
0,0,0.9597444263357331,0.16875552583372727,0.9194888526714661
1,0,0.9959233484205396,0.026500021726673227,0.9918466968410793
1,1,0.9571655974844012,0.17684971148605325,0.9143311949688021
1,0,0.9979474890850284,0.014752759717173079,0.9958949781700568
0,0,0.9385982886594305,0.2308070878751012,0.877196577318861
0,0,0.9996751825056467,0.0029337791089800902,0.9993503650112933
1,1,0.9361067706157402,0.23754814347332903,0.8722135412314804
0,0,0.9966763689460392,0.022285058366309764,0.9933527378920783
1,1,0.9359710682485531,0.23791228482530521,0.8719421364971061
1,0,0.9998339977675186,0.0016107904310601157,0.999667995535037
0,0,0.9371649835383428,0.2346979439482587,0.8743299670766854
0,0,0.9995279458235408,0.004087130376068185,0.9990558916470816
1,1,0.8539637815850513,0.4157714409335349,0.7079275631701026
0,0,0.9371450172768278,0.23475189632736662,0.8742900345536554
1,0,0.9260432856360525,0.2637555325878822,0.852086571272105
1,1,0.9970337761648003,0.020226623946024088,0.9940675523296006
0,0,0.9995389977210899,0.004002365098355571,0.9990779954421797
1,0,0.9370782312486103,0.23493231484957744,0.8741564624972206
1,1,0.999999805709908,3.1968323445501403e-06,0.999999611419816
0,0,0.9591942222265708,0.17049655259538454,0.9183884444531416
0,0,0.9996631403396623,0.0030302802620789603,0.9993262806793246
1,1,0.9999993411496864,1.0036114726989087e-05,0.9999986822993726
0,0,0.9373135115475206,0.2342963823010003,0.8746270230950413
1,1,0.9999999491377837,9.0504967669996e-07,0.9999998982755673
0,0,0.9989279960728931,0.008402033772716519,0.9978559921457861
0,0,0.99837114563073,0.01208457396931451,0.9967422912614601
1,1,0.9999999512187996,8.700576279406352e-07,0.9999999024375992
0,0,0.9371323042457239,0.23478624566509498,0.8742646084914478
0,0,0.9998390129869741,0.0015670647078306888,0.9996780259739482
1,1,0.9999986605861031,1.9452680060978847e-05,0.9999973211722062
1,0,0.9678349816027478,0.1421892603821971,0.9356699632054957
1,1,0.9970750840347589,0.019986025792990324,0.9941501680695176
0,0,0.9995654705580556,0.00379823469622284,0.9991309411161111
1,1,0.9999999596078267,7.280539692532008e-07,0.9999999192156535
1,1,0.9999999627575701,6.743046260463807e-07,0.99999992551514
1,1,0.9999999574092036,7.654259344934964e-07,0.9999999148184071
1,1,0.7066791893806712,0.6050983640065795,0.4133583787613424
1,1,0.9999988339461566,1.7096547018291707e-05,0.9999976678923131
1,1,0.9359384925232418,0.2379996521968926,0.8718769850464835
1,1,0.9361067706157402,0.23754814347332903,0.8722135412314804
1,1,0.9999966526845635,4.554809344877316e-05,0.9999933053691269
1,0,0.9962653714791254,0.024604618852261062,0.9925307429582509
0,0,0.9371569426814396,0.23471967258352736,0.8743138853628792
0,0,0.9982961678589928,0.012564097334421714,0.9965923357179856
0,0,0.9998390114835978,0.0015670778383500784,0.9996780229671957
1,1,0.9999999609409562,7.053356875831334e-07,0.9999999218819124
1,0,0.9408802440408314,0.22453859920070088,0.8817604880816627
1,0,0.9999173662901828,0.0008594774742148632,0.9998347325803657
0,0,0.9998390111064989,0.0015670811319394844,0.9996780222129976
1,1,0.9359512121269062,0.23796554060907438,0.8719024242538124
1,1,0.9999999540681559,8.220012039651388e-07,0.9999999081363118
0,0,0.9998293496723828,0.0016511799131446734,0.9996586993447656
1,1,0.9999999589023253,7.400587430968554e-07,0.9999999178046507
1,1,0.9356463865401237,0.23878228404279606,0.8712927730802476
1,1,0.9972548866389918,0.018931836511875612,0.9945097732779834
1,1,0.5747897120484766,0.6819180842822086,0.14957942409695313
1,0,0.9224750635050613,0.27268239323064464,0.8449501270101225
1,1,0.9356571536600434,0.23875346117402943,0.8713143073200869
1,1,0.804212230530248,0.4945072902732156,0.6084244610604961
0,0,0.9992875899859389,0.0058748896513070034,0.9985751799718778
1,1,0.9359434540572854,0.23798634661556634,0.8718869081145708
0,0,0.9830901512409274,0.08575586417027951,0.9661803024818546
1,0,0.9218347293182553,0.27426529614405004,0.8436694586365103
0,0,0.9992686723818093,0.006011720182899716,0.9985373447636186
1,1,0.9999993091836489,1.0490316729731536e-05,0.9999986183672978
1,1,0.9999999491377837,9.0504967669996e-07,0.9999998982755673
0,0,0.9979474862384475,0.014752777327933335,0.9958949724768951
1,0,0.9356210854833696,0.2388500057230236,0.8712421709667395
0,0,0.9993697640945799,0.00527450805434004,0.9987395281891598
1,1,0.9999999501972988,8.872449120709397e-07,0.9999999003945976
0,0,0.9995506249388155,0.003912900977739648,0.999101249877631
1,1,0.9999999491377837,9.0504967669996e-07,0.9999998982755673
0,0,0.9995486905899466,0.003927805238422331,0.9990973811798932
0,0,0.9510399469489482,0.19544172334998916,0.9020798938978963
0,0,0.9993332456742899,0.0055425656587824975,0.99866649134858
0,0,0.9399607675014066,0.22707545846339458,0.879921535002813
0,0,0.9995065833272003,0.00425024672015583,0.9990131666544005
0,0,0.9976286229706235,0.016701840434957864,0.9952572459412471
1,1,0.9359733353064462,0.2379062039674646,0.8719466706128924
1,0,0.9821158378861975,0.0896862810289118,0.9642316757723949
1,1,0.935990222637701,0.2378609049127716,0.8719804452754021
0,0,0.9387937659800353,0.23027369917663215,0.8775875319600706
1,1,0.9973538061915371,0.018346878566366562,0.9947076123830745
0,0,0.9979474812510202,0.01475280818332163,0.9958949625020403
1,0,0.9389767786310197,0.2297737194515129,0.8779535572620393
0,0,0.9371727011537632,0.23467708776888088,0.8743454023075264
1,0,0.9826208755151636,0.08765587556162727,0.9652417510303272
1,1,0.837320498965303,0.4440865126171456,0.674640997930606
0,0,0.9374703314330719,0.23387199516496082,0.8749406628661438
0,0,0.9371361975522254,0.2347757266320094,0.8742723951044508
1,1,0.9999999602871033,7.164837943213794e-07,0.9999999205742065
0,0,0.9371481547912731,0.234743418655219,0.8742963095825462
1,1,0.9999993008697194,1.0608203240874872e-05,0.9999986017394389
1,1,0.9999999491377837,9.0504967669996e-07,0.9999998982755673
1,1,0.9999999491377837,9.0504967669996e-07,0.9999998982755673
1,0,0.9831180506614796,0.08564249085185961,0.9662361013229592
1,1,0.9360040479540973,0.2378238159497382,0.8720080959081946
1,1,0.9968752301629655,0.021144788263145742,0.9937504603259312
0,0,0.9371479963565323,0.23474384675535465,0.8742959927130647
1,1,0.9999999491377837,9.0504967669996e-07,0.9999998982755673
1,1,0.9999988718396811,1.6578227579550406e-05,0.9999977436793621
0,0,0.9992575522324719,0.006091922562961572,0.9985151044649438
1,0,0.9974791196063474,0.017600498457342986,0.9949582392126947
0,0,0.9603119032914992,0.16695163240192717,0.9206238065829984
1,1,0.9999993978983418,9.225906911802862e-06,0.9999987957966837
1,1,0.9999999633171419,6.647284671280214e-07,0.9999999266342838
0,0,0.9911359431381697,0.05071397773727267,0.9822718862763392
1,1,0.9999999615701641,6.945974433749538e-07,0.9999999231403283
0,0,0.9469798715902525,0.20731359263084656,0.893959743180505
1,1,0.9334117995240229,0.24472290052549872,0.8668235990480457
1,1,0.9360012089100521,0.2378314324697362,0.8720024178201042
0,0,0.8174510277486331,0.4752366852796436,0.6349020554972663
0,0,0.999700939775378,0.0027258490261959823,0.9994018795507561
1,1,0.9999999522035974,8.534676426564379e-07,0.9999999044071947
0,0,0.9371661804699911,0.23469470941163867,0.8743323609399823
1,0,0.9372211004937099,0.23454626972522413,0.8744422009874199
0,0,0.9371509976526812,0.23473573700141126,0.8743019953053626
1,0,0.9955744769858776,0.028403673981752517,0.9911489539717552
0,0,0.9997707668535107,0.002150357368964443,0.9995415337070217
1,1,0.9361067706157402,0.23754814347332903,0.8722135412314804
0,0,0.9992695667418844,0.006005262429516286,0.9985391334837689
1,1,0.9999999633171419,6.647284671280214e-07,0.9999999266342838
1,1,0.9359956274326241,0.23784640593265224,0.8719912548652483
0,0,0.9995998210126626,0.003530938687171044,0.9991996420253254
0,1,0.9361067706157402,0.23754814347332903,0.8722135412314804
0,0,0.9372383908035314,0.23449952628652376,0.8744767816070629
0,0,0.9994077607111624,0.004993349261370241,0.9988155214223248
0,0,0.9995062593683767,0.004252713127093531,0.9990125187367533
1,1,0.929672168174215,0.2544861217500373,0.85934433634843
1,0,0.9960851371135013,0.02560717679284756,0.9921702742270027
1,1,0.9999999491377837,9.0504967669996e-07,0.9999998982755673
1,1,0.9999999531529851,8.374549724531441e-07,0.9999999063059701
0,0,0.9529415099805776,0.18976132414590788,0.9058830199611552
1,0,0.9964419761870305,0.023613781685524905,0.9928839523740608
1,0,0.9979475093010428,0.014752634647935348,0.9958950186020856
1,0,0.9364520419375153,0.23662025878271728,0.8729040838750305
1,1,0.9806718922706287,0.09541258449927745,0.9613437845412572
1,1,0.6138846889157908,0.6669786629472167,0.22776937783158163
0,0,0.9392191506652754,0.22911067345941788,0.8784383013305507
1,0,0.9372211004937099,0.23454626972522413,0.8744422009874199
0,0,0.9994857328270903,0.004408560718090171,0.9989714656541806
0,0,0.9989510267955743,0.008244319748448543,0.9979020535911487
0,0,0.9393518868642862,0.22874711731192235,0.8787037737285723
0,0,0.997666106929302,0.016475067191003546,0.995332213858604
0,0,0.9783050818913996,0.10456409171305911,0.9566101637827994
0,0,0.9176675397986591,0.2844294132049433,0.835335079597318
1,1,0.9999999531529851,8.374549724531441e-07,0.9999999063059701
1,1,0.9999999609409562,7.053356875831334e-07,0.9999999218819124
0,0,0.937164744076279,0.23469859105732283,0.8743294881525578
0,0,0.9996252014191849,0.0033315599873643843,0.9992504028383697
0,0,0.9444041011986636,0.21467344069237,0.8888082023973273
1,1,0.9999999558004616,7.926988957045926e-07,0.9999999116009233
1,1,0.9999993271244555,1.0235584362350395e-05,0.999998654248911
0,0,0.9994691781739219,0.004533652967522509,0.9989383563478438
1,1,0.8581214005587164,0.408359086406468,0.7162428011174329
1,1,0.9999973118712946,3.71678521593838e-05,0.9999946237425892
1,1,0.9999990629243513,1.3944155459941902e-05,0.9999981258487025
1,0,0.9999227489692457,0.0008086955920732302,0.9998454979384915
0,0,0.9987329800920552,0.009718617778336677,0.9974659601841105
1,1,0.9966997549450888,0.02215159665892491,0.9933995098901776
0,0,0.9979474988468715,0.014752699324173116,0.9958949976937429
1,0,0.5095808203168231,0.6929635850880179,0.01916164063364595
1,0,0.9976661182591591,0.01647499855605113,0.9953322365183181
1,0,0.9955564237349023,0.02850141221533397,0.9911128474698045
1,1,0.8603113971474178,0.40439780600455155,0.7206227942948356
1,1,0.9999990199146579,1.454017928506129e-05,0.9999980398293158
1,1,0.9999992436702215,1.1416637635888218e-05,0.999998487340443
0,0,0.9742668210682887,0.11958197217258924,0.9485336421365774
0,0,0.9998390108475902,0.001567083393250242,0.9996780216951804
1,0,0.9383554811259254,0.2314687009902922,0.8767109622518506
0,0,0.9371771525397647,0.2346650578283007,0.8743543050795297
0,1,0.939755042589751,0.22764100018988953,0.8795100851795018
0,0,0.9371574779414618,0.23471822619595056,0.8743149558829236
1,1,0.9098524905944712,0.30287897323687574,0.8197049811889423
1,0,0.9957703937656387,0.027338180811891398,0.9915407875312774
1,1,0.9061815294407775,0.31128446525821274,0.8123630588815549
0,0,0.999745311393603,0.0023623238145723193,0.999490622787206
0,1,0.9374299225011079,0.2339813902000665,0.8748598450022159
1,0,0.9675936051559902,0.14301001623960263,0.9351872103119803
1,1,0.7167624575591568,0.595985116548629,0.43352491511831365
1,1,0.9329763193078808,0.24587118474422062,0.8659526386157618
0,0,0.9995425703288362,0.0039749077031771786,0.9990851406576724
0,0,0.9995423606267559,0.003976520144535857,0.9990847212535119
1,1,0.9999893697445162,0.00013236582603913665,0.9999787394890325
0,0,0.9995520180774883,0.003902161612191175,0.9991040361549764
1,0,0.9759518937954349,0.11340070650018479,0.9519037875908698
1,1,0.996653598095483,0.022414850825702062,0.993307196190966
1,1,0.9999999633171419,6.647284671280214e-07,0.9999999266342838
1,1,0.9999999956405492,8.828289035447235e-08,0.9999999912810983
0,0,0.9996579463503856,0.0030717689889869417,0.9993158927007714
0,0,0.9371698030595711,0.23468491973307756,0.8743396061191422
0,0,0.9441405849054664,0.21541917572609198,0.8882811698109327
1,1,0.7850959472223838,0.52038210116316,0.5701918944447675
1,1,0.9999988942947882,1.62704816837173e-05,0.9999977885895764
0,0,0.9371381495686619,0.23477045252823697,0.8742762991373237
0,0,0.99971516034565,0.002610111571893032,0.9994303206913
1,0,0.9952523738613991,0.0301366629572694,0.9905047477227982
1,1,0.9999989867377307,1.4998647509069411e-05,0.9999979734754614
0,0,0.9981088648153799,0.013747856550363837,0.9962177296307597
1,1,0.9972548866389918,0.018931836511875612,0.9945097732779834
0,0,0.999755482148956,0.00227795274536708,0.999510964297912
0,1,0.9374299832101299,0.23398122586952524,0.8748599664202599
1,0,0.9545086596282896,0.18501940652099322,0.9090173192565791
1,1,0.9359420331366021,0.23799015720795735,0.8718840662732043
1,1,0.9999999566197619,7.78816771380435e-07,0.9999999132395239
1,0,0.9370782312486103,0.23493231484957744,0.8741564624972206
1,1,0.9358427836021109,0.23825623903957047,0.8716855672042219
0,0,0.9994079243179906,0.004992133475206528,0.9988158486359814
0,0,0.9994279181059007,0.004843212311938098,0.9988558362118014
0,0,0.937159446095537,0.23471290777896536,0.8743188921910737
1,0,0.8955342789691457,0.3347858064721941,0.7910685579382913
1,0,0.9384075526877246,0.2313268999863346,0.8768151053754493
1,0,0.9999488475527836,0.0005565731355145428,0.9998976951055673
0,0,0.9507741966008367,0.196229328337731,0.9015483932016735
0,0,0.9371501219580638,0.2347381032175221,0.8743002439161277
1,1,0.849616154419577,0.42337432936639763,0.6992323088391539
0,0,0.9371626354668716,0.23470428920496103,0.8743252709337431
1,1,0.9999990952000649,1.349559005782231e-05,0.9999981904001298
0,0,0.9998293493763305,0.0016511824816128103,0.9996586987526609
0,0,0.9430676867318768,0.21844187957265626,0.8861353734637536
0,0,0.9995594904460247,0.003844484640208442,0.9991189808920494
1,1,0.9999999558004616,7.926988957045926e-07,0.9999999116009233
1,1,0.9251258665453721,0.2660681338000007,0.8502517330907442
0,0,0.9371488726072679,0.2347414790681744,0.8742977452145356
0,0,0.9676685912962321,0.1427552393551727,0.9353371825924641
1,1,0.9999999574092036,7.654259344934964e-07,0.9999999148184071
1,1,0.9999999491377837,9.0504967669996e-07,0.9999998982755673
1,1,0.9999999522035974,8.534676426564379e-07,0.9999999044071947
1,1,0.9999999574092036,7.654259344934964e-07,0.9999999148184071
0,0,0.9371701294437378,0.2346840377022389,0.8743402588874755
1,1,0.9999999501972988,8.872449120709397e-07,0.9999999003945976
1,0,0.9997828512655369,0.0020487591023079644,0.9995657025310737
1,1,0.6488208899836496,0.6481735003397893,0.2976417799672991
0,0,0.9984334463511023,0.011683503608767826,0.9968668927022047
1,0,0.9976659231046663,0.01647618077150444,0.9953318462093327
0,0,0.9955882105445308,0.028329272543061806,0.9911764210890616
0,0,0.9371614303586726,0.23470754576490938,0.8743228607173451
0,0,0.9371613584185656,0.23470774016764484,0.8743227168371315
0,0,0.9371664001616965,0.234694115723578,0.8743328003233931
0,0,0.9995502750056029,0.003915597847848426,0.9991005500112057
1,1,0.9999987690754113,1.798103171387461e-05,0.9999975381508227
0,0,0.9371470884102862,0.23474630007214056,0.8742941768205722
1,1,0.7066808162834501,0.6050969334485192,0.4133616325669004
0,0,0.9371597944297994,0.23471196649069642,0.8743195888595988
0,0,0.9992876020139624,0.005874802494411387,0.9985752040279249
1,1,0.9360012089100521,0.2378314324697362,0.8720024178201042
1,1,0.9999957394312126,5.6947213003812805e-05,0.999991478862425
1,1,0.5644248718517538,0.6848229288475205,0.12884974370350782
0,0,0.9605683832945346,0.16613356929193598,0.9211367665890693
0,0,0.9979474867107522,0.014752774405957278,0.9958949734215042
0,0,0.9976659225595539,0.016476184073687516,0.9953318451191078
0,0,0.9568746905014028,0.1777524234335422,0.9137493810028057
1,1,0.9999999581697467,7.525114465350048e-07,0.9999999163394935
0,0,0.9947066242312118,0.033023506696646526,0.9894132484624236
1,1,0.9720698923263102,0.1274717022894905,0.9441397846526206
1,0,0.9370782312486103,0.23493231484957744,0.8741564624972206
0,0,0.9892011206995371,0.05964106501997314,0.9784022413990742
1,1,0.999999998043186,4.119474732291578e-08,0.9999999960863719
1,1,0.5307561455257492,0.6912541047041472,0.06151229105149847
1,1,0.5362177231151639,0.6905214346382517,0.07243544623032783
1,1,0.9999999621754697,6.842574025723138e-07,0.9999999243509394
0,0,0.9473673744861938,0.20619507558832295,0.8947347489723876
1,1,0.99999996385483,6.555187727464619e-07,0.9999999277096601
1,1,0.9999999289392563,1.2407014515392166e-06,0.9999998578785125
0,0,0.9997851226325801,0.0020295888546322007,0.9995702452651603
0,0,0.9979475134055003,0.014752609255103338,0.9958950268110005
1,0,0.9372211004937099,0.23454626972522413,0.8744422009874199
0,0,0.9988164600273177,0.009159005575663615,0.9976329200546356
0,0,0.9371445751289502,0.2347530910127324,0.8742891502579005
0,0,0.9995129833687433,0.004201477252340232,0.9990259667374866
1,1,0.9999955714801109,5.902084606998214e-05,0.9999911429602217
0,0,0.9371735274925482,0.23467485460077467,0.8743470549850965
0,0,0.9272963051368639,0.2605770772213555,0.8545926102737278
0,0,0.9995177041050542,0.004165450529102879,0.9990354082101085
1,0,0.927984544605721,0.2588213782384715,0.8559690892114422
1,1,0.9999999589023253,7.400587430968554e-07,0.9999999178046507
0,1,0.9592650517274766,0.1702728606218127,0.9185301034549532
1,1,0.7640855215316774,0.5463246965682732,0.5281710430633547
1,1,0.9999999621754697,6.842574025723138e-07,0.9999999243509394
0,0,0.9979474898123699,0.014752755217376075,0.9958949796247397
1,1,0.9339172642198235,0.24338625226745986,0.867834528439647
1,1,0.9999999589023253,7.400587430968554e-07,0.9999999178046507
1,1,0.8600884120417348,0.40480295910459074,0.7201768240834698
1,1,0.9360924826815734,0.23758649795676332,0.8721849653631469
0,0,0.9371605579706639,0.23470990320078663,0.8743211159413278
1,1,0.8590432431903479,0.40669648189859475,0.7180864863806958
1,0,0.9372211004937099,0.23454626972522413,0.8744422009874199
1,1,0.9999999581697467,7.525114465350048e-07,0.9999999163394935
0,1,0.9858592686678423,0.07426135109999768,0.9717185373356847
1,1,0.7675287888933061,0.54224513526873,0.5350575777866121
1,1,0.9360063461750714,0.23781765023849089,0.8720126923501429
0,0,0.9371442469599647,0.23475397772452236,0.8742884939199294
1,0,0.9212999232681836,0.27558297116484104,0.842599846536367
0,0,0.9995359880785848,0.0040254743006479425,0.9990719761571696
1,1,0.9360470499475014,0.2377084347645725,0.8720940998950029
0,0,0.9572450253818884,0.17660288102996285,0.9144900507637768
1,0,0.9964814262073876,0.02339126109060128,0.9929628524147751
1,1,0.9615189947905808,0.16308628541587558,0.9230379895811617
0,0,0.937349459189217,0.23419913753714436,0.8746989183784337
0,0,0.9995172957767944,0.004168568542857412,0.9990345915535888
1,1,0.9999999491377837,9.0504967669996e-07,0.9999998982755673
1,1,0.9999999574092036,7.654259344934964e-07,0.9999999148184071
0,0,0.9371469113223511,0.23474677857108756,0.874293822644702
1,1,0.9361067706157402,0.23754814347332903,0.8722135412314804
0,0,0.9371720127549,0.23467894814757367,0.8743440255098001
1,1,0.9999999615701641,6.945974433749538e-07,0.9999999231403283
1,0,0.9997651653752647,0.002197232887968694,0.9995303307505295
1,0,0.857989837568198,0.408595798967282,0.715979675136396
0,0,0.9990560115692688,0.007518796584056643,0.9981120231385376
0,0,0.937143720898877,0.23475539913646973,0.8742874417977542
1,1,0.9999999491377837,9.0504967669996e-07,0.9999998982755673
0,0,0.9990890106758108,0.007288391720995844,0.9981780213516216
1,1,0.9360012089100521,0.2378314324697362,0.8720024178201042
1,0,0.9965787483206812,0.022840400151958776,0.9931574966413623
0,0,0.9954344158117729,0.02916003250457829,0.990868831623546
1,0,0.9973475023381368,0.018384265396673267,0.9946950046762738
0,0,0.9371644616761207,0.23469935419867177,0.8743289233522414
1,1,0.874228275605159,0.3782691498226015,0.7484565512103178
1,1,0.73719528225319,0.5759701681420454,0.47439056450637984
1,1,0.9999999633171419,6.647284671280214e-07,0.9999999266342838
0,0,0.9553823754049507,0.18235125551471684,0.9107647508099016
1,1,0.8279268951925324,0.45915820394865403,0.6558537903850649
1,0,0.9819397316903962,0.09039084610455467,0.9638794633807922
1,0,0.9878001874169188,0.06588154777159348,0.9756003748338375
1,1,0.9361878199158393,0.23733051038261999,0.8723756398316789
1,1,0.9361067706157402,0.23754814347332903,0.8722135412314804
0,0,0.937162035849658,0.23470590955168072,0.8743240716993158
1,1,0.9192621305703979,0.280567816599131,0.8385242611407956
0,0,0.9946617067156605,0.033258503379821454,0.9893234134313209
1,1,0.9999999549502822,8.070881798928859e-07,0.9999999099005643
0,0,0.9985935813591856,0.010640970802693122,0.9971871627183712
0,0,0.9384679201189625,0.23116244899384175,0.876935840237925
1,0,0.985009616960994,0.07784226322797082,0.970019233921988
1,1,0.9359434540572854,0.23798634661556634,0.8718869081145708
1,1,0.7453164552165475,0.5674222904511231,0.49063291043309515
1,1,0.9488027309231192,0.20202555285054832,0.8976054618462381
1,1,0.6325017983084544,0.6576107434356964,0.2650035966169089
1,1,0.7004814527481301,0.6104558161056193,0.40096290549626035
0,0,0.9545764550063061,0.1848130064920249,0.909152910012612
1,1,0.9359434540572854,0.23798634661556634,0.8718869081145708
0,0,0.9371679647236639,0.2346898876760692,0.8743359294473277
1,1,0.9999983214046697,2.3999804673124447e-05,0.9999966428093394
1,1,0.9999999566197619,7.78816771380435e-07,0.9999999132395239
0,0,0.9976659225595539,0.016476184073687516,0.9953318451191078
1,1,0.9360590493519849,0.2376762329429385,0.8721180987039696
0,0,0.999530402571684,0.004068310327750263,0.999060805143368
0,0,0.9937323465171117,0.0380397230260679,0.9874646930342236
0,0,0.9371470266704887,0.23474646689569495,0.8742940533409773
1,0,0.9212970050119963,0.2755901504292751,0.8425940100239926
1,1,0.9999956243632759,5.83686149709523e-05,0.9999912487265518
1,0,0.5558448700087822,0.6868968484371409,0.11168974001756438
0,0,0.937166195729864,0.23469466817385737,0.8743323914597281
0,0,0.9748629162701473,0.11740867904127412,0.9497258325402946
1,1,0.7727971017231847,0.5358744203230901,0.5455942034463693
1,1,0.6175170609695634,0.6652665723329574,0.2350341219391267
0,0,0.9991115465651906,0.0071303576375468655,0.9982230931303814
1,1,0.9999999596078267,7.280539692532008e-07,0.9999999192156535
1,1,0.9999983650846058,2.341839516128456e-05,0.9999967301692116
1,1,0.9345496226672553,0.24170821404763077,0.8690992453345106
1,0,0.9979474809943386,0.01475280977131577,0.9958949619886773
1,1,0.7005219992408657,0.6104213642301748,0.4010439984817314
0,0,0.9056371223030849,0.3125173741203492,0.8112742446061698
1,1,0.932837655222939,0.24623617992258745,0.8656753104458781
0,0,0.9403052830051165,0.22612669799549004,0.880610566010233
0,0,0.9994781638840924,0.0044658192142617995,0.9989563277681849
0,0,0.9371715876561143,0.23468009696114434,0.8743431753122287
1,1,0.9999999558004616,7.926988957045926e-07,0.9999999116009233
1,1,0.9999999589023253,7.400587430968554e-07,0.9999999178046507
1,0,0.9428814700037822,0.21896431853704304,0.8857629400075643
0,0,0.9995515735216418,0.0039055890547952153,0.9991031470432836
0,0,0.9995522517050921,0.0039003602100763954,0.9991045034101843
1,1,0.9999999621754697,6.842574025723138e-07,0.9999999243509394
1,1,0.9347100148758936,0.24128155720751615,0.8694200297517872
1,1,0.937749891166161,0.23311440735043473,0.8754997823323221
1,1,0.9036322539862449,0.31702799604566717,0.8072645079724902
0,0,0.9371798900688694,0.234657659445774,0.8743597801377386
0,0,0.937419268050528,0.2340102292835383,0.8748385361010561
1,0,0.999955422923116,0.0004911622026500809,0.9999108458462321
1,1,0.9360411708142554,0.23772421123627432,0.8720823416285108
0,0,0.999363804917678,0.005318391850399156,0.9987276098353558
1,1,0.9999999531529851,8.374549724531441e-07,0.9999999063059701
1,1,0.8368465882365984,0.4448621559971153,0.6736931764731968
0,0,0.9371512417349414,0.23473507746394637,0.8743024834698828
0,0,0.9990244783405823,0.007737886847079205,0.9980489566811646
1,1,0.9999999491377837,9.0504967669996e-07,0.9999998982755673
0,0,0.998816498934059,0.009158743419023702,0.997632997868118
0,0,0.9015459152523545,0.32167291214193955,0.8030918305047091
1,0,0.9957955633893077,0.02720064387575402,0.9915911267786156
0,0,0.9992480331499036,0.006160444985509501,0.9984960662998074
0,0,0.9627097235104508,0.1592347516225122,0.9254194470209017
0,0,0.9997694491678757,0.002161396507570478,0.9995388983357514
0,0,0.9371667650256897,0.23469312972461226,0.8743335300513793
1,1,0.9427919654895456,0.21921519802959197,0.8855839309790912
1,0,0.939136704491019,0.22933633294760378,0.8782734089820381
1,1,0.9999999522035974,8.534676426564379e-07,0.9999999044071947
1,0,0.9314717401633207,0.24981526726269732,0.8629434803266414
1,1,0.9999999491377837,9.0504967669996e-07,0.9999998982755673
1,0,0.9781005868715511,0.10534197865578607,0.9562011737431023
1,0,0.8892172339272375,0.3481487752686817,0.7784344678544749
1,1,0.9999999627575701,6.743046260463807e-07,0.99999992551514
1,0,0.9976661274361436,0.0164749429629098,0.9953322548722869
0,0,0.9380719654735109,0.23223994787295385,0.8761439309470218
0,0,0.9985927736629566,0.010646273339640844,0.9971855473259132
0,0,0.9995523949505882,0.003899255645269375,0.9991047899011766
1,1,0.9999967414507174,4.4427800081246237e-05,0.9999934829014347
0,0,0.9466040195719881,0.20839562235434828,0.8932080391439763
0,0,0.9559765548777127,0.18052654108969599,0.9119531097554253
1,1,0.9999999627575701,6.743046260463807e-07,0.99999992551514
1,1,0.5769772300700892,0.6812489277903951,0.15395446014017838
1,0,0.9997592728826956,0.0022463995442611197,0.9995185457653911
0,0,0.9388142241030547,0.23021783776405658,0.8776284482061093
0,0,0.9371602969979358,0.23471060841942273,0.8743205939958714
0,0,0.9371327370210963,0.23478507639445764,0.8742654740421925
0,0,0.9371333215586526,0.23478349708835766,0.8742666431173053
1,0,0.9997620607058316,0.002223156291603889,0.9995241214116632
0,0,0.9371407929945059,0.23476331021979313,0.8742815859890118
0,0,0.9994078219214279,0.004992894404270706,0.9988156438428556
0,0,0.9371478323108442,0.2347442900161564,0.8742956646216883
0,0,0.9996636364836777,0.003026312973337716,0.9993272729673555
1,1,0.9999992262081715,1.1662561474110648e-05,0.999998452416343
1,1,0.9360090655909961,0.23781035442346207,0.8720181311819919
1,0,0.9388590083475927,0.23009552783702655,0.8777180166951853
1,1,0.9999999531529851,8.374549724531441e-07,0.9999999063059701
1,1,0.999996493508837,4.755115124278067e-05,0.9999929870176739
0,0,0.896466979791724,0.3327771796858842,0.792933959583448
0,0,0.9371397937688787,0.23476601005512693,0.8742795875377575
1,0,0.9980855068846094,0.013894136129253542,0.9961710137692189
1,1,0.9999999615701641,6.945974433749538e-07,0.9999999231403283
0,0,0.9385496326023915,0.23093974996954436,0.877099265204783
1,1,0.9971125962233502,0.019767028913790462,0.9942251924467004
1,1,0.7301965002401001,0.5830632985876395,0.46039300048020004
1,1,0.9999999531529851,8.374549724531441e-07,0.9999999063059701
0,0,0.9998390102863168,0.0015670882954190637,0.9996780205726336
0,0,0.9371363593050602,0.23477528959857963,0.8742727186101202
1,0,0.9999054245863228,0.0009709174127033303,0.9998108491726455
1,0,0.9931548241494064,0.04093949565661853,0.9863096482988126
0,0,0.937165605768851,0.23469626246232478,0.874331211537702
1,1,0.7793411549379252,0.527740575584059,0.5586823098758505
1,1,0.9971125962218705,0.019767028922438062,0.9942251924437411
1,1,0.9999999589023253,7.400587430968554e-07,0.9999999178046507
1,0,0.9997883788647747,0.0020020644275480105,0.9995767577295492
0,0,0.9371401532407001,0.23476503879023208,0.8742803064813999
0,0,0.9964819755080273,0.023388159600160593,0.9929639510160545
0,0,0.9995391869175047,0.004000911719537798,0.9990783738350094
1,1,0.755970893445445,0.5556798651436317,0.51194178689089
1,1,0.9360012089100521,0.2378314324697362,0.8720024178201042
0,0,0.9899673437524557,0.05615153992398493,0.9799346875049113
1,1,0.9999993186026112,1.035664056057118e-05,0.9999986372052223
0,0,0.9374613501067238,0.23389631181295534,0.8749227002134475
0,0,0.9300950758987642,0.2533929456511522,0.8601901517975281
1,1,0.9999999531529851,8.374549724531441e-07,0.9999999063059701
0,0,0.9371660056497588,0.23469518183983487,0.8743320112995175
0,0,0.9971364072914299,0.019627766250113983,0.99427281458286
1,1,0.9971493196651221,0.01955216333375742,0.9942986393302443
0,0,0.9976658430649549,0.016476665634852967,0.9953316861299096
1,1,0.7240718290310404,0.5890663878092919,0.4481436580620807
1,1,0.9999999512187996,8.700576279406352e-07,0.9999999024375992
1,1,0.9999999558004616,7.926988957045926e-07,0.9999999116009233
1,0,0.9998146259129235,0.001778301401086877,0.999629251825847
0,1,0.936757583326004,0.23579747418453334,0.8735151666520079
0,0,0.9990955303419278,0.007242730208268894,0.9981910606838555
0,0,0.9995466264666016,0.003943700271276272,0.9990932529332033
0,0,0.9995412247899588,0.003985252152085918,0.9990824495799175
1,1,0.999998735668478,1.8435175422682245e-05,0.9999974713369558
1,1,0.7171011270843681,0.5956703933728773,0.4342022541687363
1,0,0.9961638423080275,0.02517042497642159,0.992327684616055
0,0,0.9371339653569932,0.23478175766450268,0.8742679307139868
1,0,0.9976661427587812,0.016474850140009625,0.9953322855175623
0,0,0.9371495141478521,0.2347397455750101,0.8742990282957043
1,1,0.9999999549502822,8.070881798928859e-07,0.9999999099005643
0,0,0.9931298969431563,0.0410635212527135,0.9862597938863127
0,0,0.9984891545055788,0.011322774791711803,0.9969783090111577
1,0,0.9768324231703167,0.11012307386368692,0.9536648463406334
1,0,0.9240962852898943,0.26864900628238375,0.8481925705797887
1,1,0.9999999589023253,7.400587430968554e-07,0.9999999178046507
1,0,0.975174412326222,0.11626725341671279,0.9503488246524441
1,0,0.9672572683164834,0.14415057182103766,0.9345145366329666
0,0,0.9979474867107522,0.014752774405957278,0.9958949734215042
1,1,0.9356911929140587,0.2386623276712127,0.8713823858281174
1,1,0.9357642670217958,0.23846662086463918,0.8715285340435918
0,0,0.9394559598792781,0.22846185156224436,0.8789119197585561
1,0,0.9372211004937099,0.23454626972522413,0.8744422009874199
0,0,0.9146109818693954,0.29173784409919684,0.8292219637387908
0,0,0.9995362060060801,0.0040238016262338725,0.99907241201216
0,0,0.940767065492633,0.22485167754694277,0.881534130985266
1,1,0.6500732671551092,0.6474012719945822,0.3001465343102183
1,1,0.9999999602871033,7.164837943213794e-07,0.9999999205742065
0,0,0.9371682542371315,0.2346891052948968,0.8743365084742627
0,0,0.9371666676563034,0.2346933928533299,0.874333335312607
0,0,0.9577126770291374,0.17514647018812934,0.9154253540582749
1,1,0.9999999501972988,8.872449120709397e-07,0.9999999003945976
1,1,0.9999999540681559,8.220012039651388e-07,0.9999999081363118
0,0,0.9378440903829497,0.2328588326091766,0.8756881807658995
0,0,0.9769975106215925,0.10950478549290422,0.9539950212431849
0,0,0.937143469734173,0.2347560777794028,0.874286939468346
0,0,0.9371600283411811,0.23471133440116115,0.8743200566823619
1,1,0.9359392331428972,0.23799766606808176,0.8718784662857942
0,1,0.9430889736955379,0.21838211699178625,0.8861779473910758
0,0,0.9967540087277035,0.021841333103104446,0.9935080174554071
1,1,0.9999999937360022,1.245811880766283e-07,0.9999999874720045
0,0,0.9410723696285512,0.22400660739496203,0.8821447392571024
0,1,0.9354681021398127,0.23925925994659308,0.8709362042796255
1,1,0.5179129215629686,0.6925052976924728,0.03582584312593723
0,0,0.9371675107518898,0.23469111448649072,0.8743350215037795
1,1,0.9970367705045273,0.0202092028734488,0.9940735410090548
1,1,0.9641060630994214,0.15466773684988852,0.9282121261988429
1,1,0.9999989870956808,1.4993706896795145e-05,0.9999979741913617
1,1,0.9999999566197619,7.78816771380435e-07,0.9999999132395239
0,0,0.98568259183446,0.07501013285365069,0.9713651836689202
1,1,0.9999999574092036,7.654259344934964e-07,0.9999999148184071
1,0,0.9999663555000752,0.000380170876497167,0.9999327110001501
0,0,0.9977916437840451,0.015711133530752444,0.99558328756809
1,1,0.9361067706157402,0.23754814347332903,0.8722135412314804
1,1,0.9946801332757336,0.033162146588502917,0.9893602665514672
0,0,0.9998191592445892,0.0017392908128063338,0.9996383184891783
0,0,0.9614860201353083,0.16319239469404717,0.9229720402706166
0,0,0.9334754614912251,0.2445547800058267,0.8669509229824504
0,0,0.9993218938785517,0.0056254786234656694,0.9986437877571036
0,0,0.9995451919796448,0.003954741172609413,0.9990903839592894
0,0,0.998992891759415,0.007956324757676679,0.99798578351883
0,0,0.9925780800408507,0.043786339142215726,0.9851561600817014
1,1,0.9238767007623282,0.2691974816060877,0.8477534015246565
1,1,0.6006620678780116,0.6727423082216821,0.20132413575602298
0,0,0.9371650669688746,0.2346977184899657,0.8743301339377492
0,0,0.9376793845264864,0.23330560156538788,0.8753587690529726
1,0,0.9752790215251155,0.11588303377337605,0.9505580430502308
0,0,0.9995121335143433,0.004207958116829295,0.9990242670286866
1,1,0.9361067706157402,0.23754814347332903,0.8722135412314804
1,1,0.8581214005587164,0.408359086406468,0.7162428011174329
1,1,0.9360578708064078,0.23767939581596265,0.8721157416128155
0,0,0.937166219746237,0.23469460327278813,0.8743324394924743
0,0,0.9371682386810336,0.23468914733373036,0.8743364773620672
1,0,0.9820571838475757,0.08992113918032718,0.9641143676951515
1,1,0.9271782205194272,0.2608776032359788,0.8543564410388544
1,1,0.9999999581697467,7.525114465350048e-07,0.9999999163394935
0,0,0.9997612792297399,0.0022296750652655503,0.9995225584594798
1,1,0.9351996390525465,0.23997650383673427,0.870399278105093
1,1,0.9999999512187996,8.700576279406352e-07,0.9999999024375992
1,1,0.7165082163126552,0.596221009843449,0.4330164326253102
1,0,0.9370782312486103,0.23493231484957744,0.8741564624972206
1,1,0.9999999596078267,7.280539692532008e-07,0.9999999192156535
1,1,0.9902785167855677,0.05471776207269002,0.9805570335711352
1,1,0.9999999609409562,7.053356875831334e-07,0.9999999218819124
0,0,0.9371443969091516,0.23475357256241552,0.8742887938183035
0,0,0.9993956666600248,0.005083097517984539,0.9987913333200495
1,0,0.9999205771583961,0.0008292288583622685,0.9998411543167921
1,1,0.935749473739461,0.23850624734755205,0.871498947478922
1,0,0.9979475040977563,0.014752666838823467,0.9958950081955127
0,0,0.933586003714237,0.244262701552303,0.8671720074284739
1,1,0.9999991623981209,1.2557932551250807e-05,0.9999983247962418
1,1,0.9612109465742664,0.1640764131928945,0.922421893148533
1,1,0.7083603364784623,0.6036132897586325,0.4167206729569246
0,0,0.9979474907557844,0.014752749380812651,0.9958949815115686
0,0,0.9371798900688694,0.234657659445774,0.8743597801377386
1,1,0.9684811869286077,0.13998270893658699,0.9369623738572155
1,1,0.9999999633171419,6.647284671280214e-07,0.9999999266342838
1,0,0.9989470689699362,0.008271458589852983,0.9978941379398724
1,1,0.9999999531529851,8.374549724531441e-07,0.9999999063059701
0,0,0.999551871137668,0.00390329453958963,0.999103742275336
1,0,0.6171709791326327,0.6654320998485257,0.23434195826526533
1,1,0.9618673899310546,0.16196338304157185,0.9237347798621091
1,1,0.9311494453774418,0.2506554893657823,0.8622988907548839
1,1,0.6914504859536406,0.6179351804072077,0.3829009719072811
1,1,0.7122713164781461,0.6001054349763386,0.42454263295629235
1,1,0.9973417322822308,0.018418473217989846,0.9946834645644617
1,1,0.9360040479540973,0.2378238159497382,0.8720080959081946
1,1,0.9886177656093075,0.06226069341179882,0.977235531218615
1,1,0.9353875827248921,0.23947450611766863,0.8707751654497842
0,0,0.9888048200370799,0.06142407173015742,0.97760964007416
1,0,0.9966534108637521,0.02241591738928767,0.9933068217275044
1,1,0.9359358133773026,0.2380068368190033,0.8718716267546053
0,0,0.9995062789982897,0.004252563684050024,0.9990125579965794
0,1,0.965457152026459,0.1501950994279132,0.9309143040529182
1,1,0.9609536231348867,0.1649015496984219,0.9219072462697733
0,0,0.9813879695998053,0.09258708664562215,0.9627759391996108
1,1,0.9999999621754697,6.842574025723138e-07,0.9999999243509394
1,0,0.9999702815594826,0.0003394953796468078,0.9999405631189653
1,0,0.8955625562564647,0.3347250467071351,0.7911251125129295
1,0,0.937807789036265,0.2329573409057061,0.87561557807253
0,0,0.999808404853254,0.0018316553927429325,0.9996168097065079
1,1,0.9999987009699439,1.890594318418777e-05,0.9999974019398878
0,0,0.937160623099291,0.23470972720550495,0.8743212461985823
1,0,0.9979474890850284,0.014752759717173079,0.9958949781700568
1,1,0.9999999633171419,6.647284671280214e-07,0.9999999266342838
1,1,0.9938472431768649,0.03745658271884809,0.9876944863537296
1,1,0.9999989972582288,1.4853385267292759e-05,0.9999979945164578
1,1,0.9774843875471345,0.10767423079245654,0.9549687750942689
0,0,0.9559012520380775,0.18075825672980855,0.911802504076155
0,0,0.9679255288049837,0.14188088941089566,0.9358510576099675
0,0,0.9384462261513178,0.23122155425622434,0.8768924523026356
1,0,0.9212999232681836,0.27558297116484104,0.842599846536367
1,1,0.9334560417392234,0.24460607121108235,0.8669120834784468
1,0,0.6437947302725403,0.6512035446270157,0.28758946054508067
1,1,0.5391352684224676,0.6900809067957066,0.07827053684493512
1,1,0.8301697213599083,0.4556169961106204,0.6603394427198164
0,0,0.9983022872792398,0.01252508620732726,0.9966045745584794
0,0,0.9512726323136683,0.19475086800266497,0.9025452646273368
1,1,0.9999990027934053,1.4776913835313833e-05,0.9999980055868105
1,1,0.5631642389617212,0.6851463779068789,0.12632847792344226
0,0,0.9371681982793287,0.2346892565153695,0.8743363965586574
1,0,0.9236700826652966,0.26971294344806024,0.8473401653305932
1,1,0.9999999501972988,8.872449120709397e-07,0.9999999003945976
0,0,0.9980360334779366,0.014203025836932557,0.9960720669558731
0,0,0.93740634079121,0.23404521772572578,0.8748126815824201
1,0,0.5316776238302264,0.6911388920889336,0.06335524766045292
0,0,0.9995520073676661,0.003902244188105961,0.9991040147353324
1,1,0.9973538061878171,0.018346878588434534,0.9947076123756342
0,0,0.9989627258018448,0.008164011954048313,0.9979254516036896
0,0,0.9997625659753603,0.0022189401610809975,0.9995251319507206
1,0,0.9655118546282607,0.15001287293080526,0.9310237092565214
0,1,0.9430890291112755,0.21838196140256932,0.8861780582225509
1,1,0.6151797763970478,0.6663746288497312,0.2303595527940957
0,0,0.999255223702493,0.006108695541038755,0.998510447404986
1,1,0.999999304065999,1.0562893684810555e-05,0.999998608131998
0,0,0.9841590451173214,0.08137805801155863,0.9683180902346428
0,0,0.9995320088394543,0.004055998481134969,0.9990640176789085
0,0,0.9371657886108884,0.2346957683575074,0.8743315772217767
1,1,0.9999999602871033,7.164837943213794e-07,0.9999999205742065
0,0,0.9841657661449462,0.08135030417028946,0.9683315322898924
1,1,0.9999999558004616,7.926988957045926e-07,0.9999999116009233
0,0,0.9699159562456318,0.13503419131044017,0.9398319124912635
0,0,0.9371687815358093,0.2346876803193329,0.8743375630716185
1,1,0.7380083132743263,0.5751298670416204,0.47601662654865246
1,1,0.9999999531529851,8.374549724531441e-07,0.9999999063059701
1,1,0.9999999627575701,6.743046260463807e-07,0.99999992551514
1,1,0.9960531122232038,0.025784433192899824,0.9921062244464077
1,1,0.9999999602871033,7.164837943213794e-07,0.9999999205742065
0,0,0.9371624980721647,0.23470466048747365,0.8743249961443296
0,0,0.9477205762498635,0.2051729449908019,0.895441152499727
1,1,0.9999999512187996,8.700576279406352e-07,0.9999999024375992
0,0,0.977662728167957,0.10700102429335179,0.955325456335914
1,0,0.9212999232681836,0.27558297116484104,0.842599846536367
1,1,0.9999999491377837,9.0504967669996e-07,0.9999998982755673
1,0,0.9221665921979623,0.2734456458273191,0.8443331843959244
0,0,0.9388037570116557,0.23024641932700268,0.8776075140233116
1,0,0.9372211004937099,0.23454626972522413,0.8744422009874199
0,0,0.9980374732814957,0.014194054146553385,0.9960749465629913
1,1,0.9361067706157402,0.23754814347332903,0.8722135412314804
1,1,0.9999999558004616,7.926988957045926e-07,0.9999999116009233
1,1,0.9361067706157402,0.23754814347332903,0.8722135412314804
0,0,0.9371391527271585,0.23476774209454004,0.8742783054543171
1,1,0.9658056973510081,0.1490324763579224,0.9316113947020161
0,0,0.9994767244668409,0.0044766958200276085,0.9989534489336817
1,1,0.9504944750259139,0.19705670998480487,0.9009889500518277
0,0,0.9371580476527801,0.23471668670822546,0.8743160953055604
1,0,0.996435532221765,0.023650087484509336,0.9928710644435299
0,0,0.6005206262603073,0.6728000064535005,0.2010412525206146
0,0,0.9866356183664283,0.07094415220307985,0.9732712367328566
1,1,0.9999999621754697,6.842574025723138e-07,0.9999999243509394
1,1,0.9778177625958665,0.10641461188207242,0.9556355251917329
1,1,0.9360040479540973,0.2378238159497382,0.8720080959081946
0,0,0.9997306219463915,0.0024834663307121995,0.9994612438927831
1,0,0.9976661468030938,0.016474825639979478,0.9953322936061876
1,0,0.9999381944375744,0.0006607933231493896,0.9998763888751487
0,0,0.937321008695442,0.23427610299802828,0.8746420173908839
1,1,0.9999999621754697,6.842574025723138e-07,0.9999999243509394
1,1,0.9999999621754697,6.842574025723138e-07,0.9999999243509394
1,1,0.9058910271563834,0.31194279310271494,0.8117820543127665
0,0,0.9392526680723211,0.2290189005299625,0.8785053361446423
0,0,0.9995283238529256,0.004084235296492873,0.999056647705851
1,0,0.9408263876117512,0.22468760737794075,0.8816527752235023
0,0,0.9996252815999472,0.0033309274530408024,0.9992505631998946
0,0,0.9995465884414023,0.00394399300062192,0.9990931768828045
0,0,0.9987749012361121,0.009438309132286186,0.9975498024722244
0,0,0.9801815509572311,0.09733170624008064,0.9603631019144622
1,1,0.9360176339520027,0.23778736589415914,0.8720352679040051
0,0,0.9894830950614729,0.0583635044105735,0.978966190122946
0,0,0.9998390147739328,0.0015670491004766542,0.9996780295478657
0,0,0.9995071463171981,0.004245959982558158,0.9990142926343962
1,1,0.9999999609409562,7.053356875831334e-07,0.9999999218819124
1,1,0.9999999621754697,6.842574025723138e-07,0.9999999243509394
1,1,0.9359152349381533,0.23806201769404312,0.8718304698763067
1,0,0.9958461054855274,0.0269240036402759,0.991692210971055
0,0,0.9992500968506813,0.0061455998766333205,0.9985001937013627
1,1,0.7595734131746603,0.5515711473431708,0.5191468263493207
0,0,0.9999757004694575,0.00028248304800182765,0.9999514009389151
0,0,0.9994310566473676,0.004819772410494073,0.9988621132947352
1,1,0.9999999501972988,8.872449120709397e-07,0.9999999003945976
1,1,0.9615566895849181,0.16296495118343265,0.9231133791698364
0,0,0.9996641588475925,0.003022135232730607,0.9993283176951852
0,1,0.9742110973906973,0.11978440478652802,0.9484221947813948
0,0,0.9371605246245169,0.2347099933111259,0.8743210492490339
1,1,0.9359384925232418,0.2379996521968926,0.8718769850464835
1,1,0.941213695635658,0.2236148538020478,0.8824273912713163
1,1,0.9359481702963313,0.23797369847282648,0.8718963405926625
1,0,0.628087615257044,0.6599656448141322,0.2561752305140881
1,1,0.9281924490557129,0.25828962285690876,0.8563848981114257
0,0,0.9371536402619257,0.23472859632295867,0.8743072805238515
0,0,0.9371816738934978,0.23465283845430016,0.8743633477869954
1,1,0.9361149880993175,0.23752608294149402,0.8722299761986348
1,0,0.9999630791055141,0.0004137619221206449,0.9999261582110283
0,0,0.9371363841261443,0.23477522253545893,0.8742727682522885
1,1,0.9999999627575701,6.743046260463807e-07,0.99999992551514
0,0,0.9372696005777539,0.23441513944420178,0.8745392011555079
1,0,0.9212999232681836,0.27558297116484104,0.842599846536367
0,0,0.9371459792045198,0.23474929718335932,0.8742919584090398
1,1,0.6611702075156625,0.6402562330853333,0.32234041503132504
1,1,0.9411806857649936,0.22370638895382328,0.8823613715299872
1,1,0.9999999531529851,8.374549724531441e-07,0.9999999063059701
1,0,0.9998119184054275,0.0018015471951645158,0.9996238368108549
1,0,0.9967196359858742,0.022038006711200497,0.9934392719717483
0,0,0.9995491668886065,0.003924136103084641,0.999098333777213
1,0,0.9608227135148012,0.16532064813855868,0.9216454270296024
0,0,0.9483777158015331,0.20326453627092772,0.8967554316030663
1,1,0.9964349657611011,0.023653278408383972,0.992869931522202
0,0,0.9490244443618975,0.2013777505335721,0.8980488887237948
1,1,0.8034037954990435,0.4956473998516131,0.6068075909980872
1,1,0.9999999501972988,8.872449120709397e-07,0.9999999003945976
1,1,0.999998351661081,2.3597194146835396e-05,0.999996703322162
1,0,0.995176155919908,0.030543463185404886,0.9903523118398161
1,1,0.936132918620866,0.2374779430150998,0.8722658372417319
1,0,0.98211718257853,0.08968089441730948,0.9642343651570601
0,0,0.9406025924746085,0.2253062387587808,0.8812051849492171
1,1,0.996744981189894,0.021893021980823817,0.9934899623797879
0,0,0.9807699251030674,0.09502738724328934,0.9615398502061347
1,1,0.7825163485367285,0.5237046029667128,0.5650326970734569
1,1,0.9999999512187996,8.700576279406352e-07,0.9999999024375992
0,0,0.9371364671927451,0.23477499810096802,0.8742729343854904
0,1,0.9395648636444719,0.22816314075543945,0.8791297272889439
1,1,0.823477623547128,0.4660790246372749,0.6469552470942559
0,0,0.937169841063798,0.23468481702935196,0.8743396821275962
0,0,0.9895902766598152,0.05787589609517467,0.9791805533196306
1,1,0.9360012089100521,0.2378314324697362,0.8720024178201042
1,1,0.9361067706157402,0.23754814347332903,0.8722135412314804
1,1,0.9999999491377837,9.0504967669996e-07,0.9999998982755673
1,1,0.9999991556083581,1.2652912370508256e-05,0.9999983112167161
1,1,0.9999999627575701,6.743046260463807e-07,0.99999992551514
1,1,0.9361067706157402,0.23754814347332903,0.8722135412314804
1,1,0.9238767007623282,0.2691974816060877,0.8477534015246565
1,1,0.9999999491377837,9.0504967669996e-07,0.9999998982755673
0,0,0.9995187166487817,0.004157717204832967,0.9990374332975634
0,0,0.9371324413086176,0.23478587534950274,0.8742648826172353
1,0,0.9999509360333433,0.0005358943626307797,0.9999018720666866
1,1,0.9999989454535309,1.556763599703972e-05,0.9999978909070618
1,1,0.8331805549630628,0.45080701215971897,0.6663611099261255
1,0,0.9979475148201724,0.014752600503022757,0.9958950296403449
1,1,0.9999999522035974,8.534676426564379e-07,0.9999999044071947
1,1,0.6349525547744626,0.6562671375046667,0.26990510954892516
1,1,0.9999999531529851,8.374549724531441e-07,0.9999999063059701
0,0,0.9996369078377675,0.0032390261930384336,0.9992738156755349
0,0,0.9371505705663321,0.23473689103388348,0.8743011411326643
0,1,0.9602187950417151,0.16724818089781612,0.9204375900834303
1,1,0.9999999621754697,6.842574025723138e-07,0.9999999243509394
0,0,0.9995521690293386,0.003900997701242959,0.9991043380586774
1,1,0.9361067706157402,0.23754814347332903,0.8722135412314804
1,0,0.995584336007141,0.02835026715948519,0.991168672014282
1,1,0.9999999589023253,7.400587430968554e-07,0.9999999178046507
1,1,0.99999996385483,6.555187727464619e-07,0.9999999277096601
0,0,0.9948263417573807,0.032395295406578005,0.9896526835147614
0,0,0.9371352308324601,0.23477833856371216,0.8742704616649202
1,1,0.6159139963855071,0.6660290393050387,0.23182799277101446
1,0,0.9684110986314809,0.14022269107242702,0.9368221972629618
1,1,0.9999999574092036,7.654259344934964e-07,0.9999999148184071
1,1,0.6093738617051347,0.669027342341143,0.21874772341026938
0,0,0.9996228252256666,0.0033502976572795566,0.9992456504513332
1,1,0.9999999566197619,7.78816771380435e-07,0.9999999132395239
0,0,0.9470868786397287,0.20700501934399806,0.8941737572794575
1,1,0.9999996218842959,5.96971546664926e-06,0.9999992437685918
0,0,0.7469626088929502,0.565647523784005,0.4939252177859005
0,0,0.9998390113862813,0.0015670786883145691,0.9996780227725626
1,1,0.9347964888130933,0.24105135438091255,0.8695929776261866
0,0,0.995155716236922,0.03065234992925443,0.990311432473844
1,1,0.9253782506309375,0.26543314932289397,0.850756501261875
0,0,0.9371685946645345,0.2346881853220879,0.8743371893290689
0,0,0.9371430275515651,0.23475727254699344,0.8742860551031302
1,1,0.62490502351803,0.6616117353354753,0.24981004703605997
1,0,0.9999678410957374,0.0003648365012820879,0.999935682191475
0,0,0.9371392873541643,0.23476737834456574,0.8742785747083287
1,1,0.9999992439545508,1.1412630022970671e-05,0.9999984879091015
1,0,0.9402913630115309,0.22616507314998457,0.8805827260230619
1,0,0.9999507414012744,0.0005378251819805445,0.9999014828025486
1,1,0.9361067706157402,0.23754814347332903,0.8722135412314804
0,0,0.9998293529093492,0.0016511518300889802,0.9996587058186984
1,1,0.9999994235607426,8.85779365845085e-06,0.999998847121485
0,0,0.9956609765297311,0.027934343717465768,0.991321953059462
0,0,0.9991580806500145,0.0068022076199787335,0.9983161613000292
1,1,0.9360012089100521,0.2378314324697362,0.8720024178201042
1,1,0.9999999531529851,8.374549724531441e-07,0.9999999063059701
0,0,0.9989950964422557,0.00794111076824383,0.9979901928845114
1,1,0.8938311165245072,0.33842972619162326,0.7876622330490144
0,0,0.9993534713539374,0.005394356832633733,0.9987069427078747
0,0,0.9897828678643731,0.056996918288915115,0.9795657357287462
1,1,0.9999940339174571,7.773457762595576e-05,0.9999880678349142
1,0,0.9998022675463134,0.0018840930546373904,0.9996045350926269
1,1,0.9999999581697467,7.525114465350048e-07,0.9999999163394935
1,0,0.9857664073535202,0.07465518808321997,0.9715328147070402
1,1,0.9999999633171419,6.647284671280214e-07,0.9999999266342838
1,1,0.9688866340350903,0.13859129015341273,0.9377732680701806
0,0,0.9979678458355252,0.014626718403968852,0.9959356916710506
0,0,0.9979474888696432,0.014752761049683455,0.9958949777392864
0,0,0.992575389580808,0.04379951078794144,0.9851507791616163
1,0,0.9391716522590211,0.22924069360927912,0.8783433045180422
0,0,0.9931272228302317,0.0410768209170307,0.9862544456604634
1,0,0.999960389235803,0.0004411209122689597,0.999920778471606
1,1,0.9359420331366021,0.23799015720795735,0.8718840662732043
1,0,0.9264312124645354,0.2627739699919408,0.8528624249290709
1,0,0.9370782312486103,0.23493231484957744,0.8741564624972206
1,1,0.9999999589023253,7.400587430968554e-07,0.9999999178046507
1,1,0.9361116591657194,0.23753501988221612,0.8722233183314388
0,0,0.99981915896204,0.001739293247734021,0.9996383179240799
0,0,0.9979474843525057,0.014752788995566448,0.9958949687050115
1,0,0.9958120727581398,0.027110347932290495,0.9916241455162796
1,1,0.9999999540681559,8.220012039651388e-07,0.9999999081363118
1,0,0.8427052526751334,0.43515660197447065,0.6854105053502667
1,1,0.9999982117294995,2.5454708525616772e-05,0.9999964234589992
0,0,0.9371383072323716,0.2347700265378297,0.8742766144647431
0,0,0.971267938789925,0.1303066793277829,0.9425358775798498
1,1,0.9353634109665397,0.2395391016227163,0.8707268219330794
0,0,0.937129691325778,0.2347933051734159,0.874259382651556
0,0,0.9992062058631119,0.006460126411326309,0.9984124117262237
0,0,0.9995363506389683,0.004022691458578576,0.9990727012779365
0,0,0.9736236837359296,0.12191088851532035,0.947247367471859
1,1,0.9999999602871033,7.164837943213794e-07,0.9999999205742065
1,0,0.9958510811636342,0.026896736187569666,0.9917021623272685
1,0,0.9372211004937099,0.23454626972522413,0.8744422009874199
1,0,0.9214826042316072,0.2751333198481814,0.8429652084632143
0,0,0.9998390136836149,0.0015670586233495953,0.9996780273672299
1,1,0.9359384925232418,0.2379996521968926,0.8718769850464835
0,0,0.6896315665945942,0.6193951378680085,0.3792631331891881
1,0,0.9370782312486103,0.23493231484957744,0.8741564624972206
0,0,0.9979474862384475,0.014752777327933335,0.9958949724768951
1,1,0.9360907709583265,0.2375910926720991,0.8721815419166529
1,1,0.6051260363338196,0.670878416830291,0.2102520726676389
0,0,0.996970498923727,0.020594066782789668,0.993940997847454
0,0,0.9985304300225112,0.01105417930196654,0.9970608600450224
0,0,0.9989282679219622,0.008400175064535761,0.9978565358439244
1,1,0.999997965013523,2.8703525704379533e-05,0.999995930027046
0,0,0.9888075949931753,0.06141163676621777,0.9776151899863506
1,1,0.9999999574092036,7.654259344934964e-07,0.9999999148184071
0,0,0.9372473918241501,0.23447519049157745,0.8744947836483004
1,1,0.9999999615701641,6.945974433749538e-07,0.9999999231403283
1,1,0.7549568508941399,0.5568236742559471,0.5099137017882795
1,0,0.9998766578941379,0.0012334811313223864,0.999753315788276
0,0,0.939975408810207,0.2270351806673433,0.8799508176204142
1,1,0.9999999531529851,8.374549724531441e-07,0.9999999063059701
0,0,0.9979668999317458,0.01463257959409844,0.9959337998634916
0,0,0.9372643024251519,0.23442946607133403,0.8745286048503038
1,1,0.9999999621754697,6.842574025723138e-07,0.9999999243509394
1,1,0.9999999512187996,8.700576279406352e-07,0.9999999024375992
0,0,0.9386196330328858,0.23074887888564077,0.8772392660657714
1,1,0.9999999574092036,7.654259344934964e-07,0.9999999148184071
1,1,0.9339216137917986,0.24337473235839488,0.8678432275835973
1,1,0.9999999602871033,7.164837943213794e-07,0.9999999205742065
1,1,0.951035752574187,0.19545416598916976,0.9020715051483742
0,0,0.9599564239866873,0.1680826099339362,0.9199128479733747
0,0,0.9998390108475902,0.001567083393250242,0.9996780216951804
0,1,0.9416147926691706,0.2225010500117519,0.883229585338341
1,1,0.9361067706157402,0.23754814347332903,0.8722135412314804
1,1,0.9999999558004616,7.926988957045926e-07,0.9999999116009233
1,1,0.7249023397266319,0.5882634253607979,0.449804679453264
0,0,0.9998390100064951,0.001567090739382855,0.9996780200129903
0,0,0.9372255419994682,0.23453426283418172,0.8744510839989366
1,1,0.9999999531529851,8.374549724531441e-07,0.9999999063059701
0,0,0.999552337360696,0.0038996997259540664,0.9991046747213919
1,0,0.9999253208777276,0.0007843005035217163,0.999850641755455
0,0,0.9997652282328364,0.0021967076169094927,0.9995304564656728
1,0,0.9973472768851022,0.018385602232828074,0.9946945537702044
1,1,0.8150588964189892,0.4788037940354716,0.6301177928379785
1,1,0.9999999491377837,9.0504967669996e-07,0.9999998982755673
1,1,0.6670430905074524,0.6362529322972785,0.3340861810149046
1,1,0.9999990679266278,1.3874707979592376e-05,0.9999981358532557
1,0,0.9999476295342734,0.0005685935605331052,0.9998952590685469
1,1,0.9999999522035974,8.534676426564379e-07,0.9999999044071947
1,1,0.9999902793457645,0.00012190918188859592,0.9999805586915289
1,1,0.6199346049062209,0.6640961315406109,0.2398692098124418
0,0,0.9989263828283315,0.008413062557999288,0.9978527656566629
1,1,0.9999999633171419,6.647284671280214e-07,0.9999999266342838
0,0,0.9998390137570383,0.0015670579820687557,0.9996780275140765
0,0,0.9995498061446896,0.003919210844627404,0.9990996122893792
0,0,0.9993819651974457,0.005184481791109617,0.9987639303948915
0,0,0.9985413308010661,0.010983051304417228,0.9970826616021322
0,0,0.6273239309362822,0.660364583714368,0.2546478618725646
1,1,0.9999999491377837,9.0504967669996e-07,0.9999998982755673
0,0,0.9988921178480883,0.00864674423513061,0.9977842356961767
0,0,0.9995427128604474,0.0039738116941303156,0.9990854257208948
0,0,0.9995473396154029,0.003938209647386533,0.9990946792308059
1,1,0.926890862122855,0.26160806980540363,0.85378172424571
1,1,0.9999955714801109,5.902084606998214e-05,0.9999911429602217
0,1,0.9781360619739424,0.10520717393351135,0.9562721239478851
1,1,0.9999999621754697,6.842574025723138e-07,0.9999999243509394
1,1,0.8001482956673756,0.5001967733542169,0.6002965913347509
1,1,0.9999999948855619,1.0275518860776103e-07,0.9999999897711239
0,0,0.9976659002370449,0.016476319298915056,0.9953318004740898
0,0,0.9371634567718469,0.2347020697810789,0.8743269135436939
1,1,0.6960258244654256,0.6141941016140979,0.39205164893085115
1,0,0.9372211004937099,0.23454626972522413,0.8744422009874199
1,1,0.5881461110628153,0.6775261973916067,0.17629222212563062
1,1,0.9999999621754697,6.842574025723138e-07,0.9999999243509394
1,1,0.7404376285366321,0.5725986735521252,0.48087525707326423
0,0,0.9371529781764685,0.2347303853762535,0.874305956352937
1,0,0.9999281544759379,0.0007573205308795925,0.9998563089518757
1,1,0.9359385545967187,0.23799948573403945,0.8718771091934374
1,0,0.9372211004937099,0.23454626972522413,0.8744422009874199
0,0,0.9371758713557827,0.23466852028262614,0.8743517427115652
1,1,0.9999887727486739,0.00013918604190856144,0.9999775454973479
0,0,0.9979474924430743,0.014752738942160355,0.9958949848861486
1,1,0.9999999581697467,7.525114465350048e-07,0.9999999163394935
1,1,0.5732376346945207,0.6823809854816728,0.14647526938904132
0,0,0.9994864175351288,0.0044033754791740565,0.9989728350702576
1,1,0.9360012089100521,0.2378314324697362,0.8720024178201042
0,0,0.9998390111282263,0.0015670809421712926,0.9996780222564525
1,1,0.7353748922900902,0.5778392544061577,0.4707497845801804
1,1,0.697377684324918,0.6130698389058058,0.39475536864983607
1,0,0.9999515814187812,0.0005294863674469842,0.9999031628375623
1,0,0.9372211004937099,0.23454626972522413,0.8744422009874199
0,0,0.993107930798522,0.04117273855650174,0.9862158615970441
0,0,0.9371621534200024,0.23470559184160006,0.8743243068400046
1,0,0.9666771562419334,0.14610942279795602,0.9333543124838669
1,1,0.9361067706157402,0.23754814347332903,0.8722135412314804
0,0,0.9372379908152562,0.23450060769110545,0.8744759816305123
0,0,0.9372149462112213,0.23456290627644852,0.8744298924224423
1,1,0.8915326677868973,0.343298878909686,0.7830653355737947
0,0,0.9661428207682617,0.1479044533305326,0.9322856415365234
0,0,0.9979473233987166,0.014753784751503109,0.9958946467974331
0,0,0.9961941445647733,0.02500184092586141,0.9923882891295467
1,1,0.830168831355448,0.4556184083941106,0.6603376627108958
1,0,0.9998004356603174,0.001899707646062372,0.9996008713206347
1,1,0.9999999491377837,9.0504967669996e-07,0.9999998982755673
1,0,0.940535277339609,0.22549214080792862,0.8810705546792179
1,1,0.9999999581697467,7.525114465350048e-07,0.9999999163394935
1,1,0.9999999566197619,7.78816771380435e-07,0.9999999132395239
0,0,0.999478358113411,0.004464351263796688,0.9989567162268219
0,0,0.9996043879969276,0.0034951840930942607,0.9992087759938552
1,1,0.6957928955284524,0.6143869419965322,0.39158579105690466
1,0,0.9999118732821832,0.0009109386279513629,0.9998237465643665
1,1,0.9999993027709279,1.058125401388161e-05,0.9999986055418556
1,1,0.9999999491377837,9.0504967669996e-07,0.9999998982755673
1,0,0.9372211004937099,0.23454626972522413,0.8744422009874199
0,0,0.9371373442787473,0.23477262832849993,0.8742746885574945
1,1,0.9361067706157402,0.23754814347332903,0.8722135412314804
1,1,0.9999999981868242,3.83091140944004e-08,0.9999999963736484
1,1,0.9360040479540973,0.2378238159497382,0.8720080959081946
1,0,0.9965427961273712,0.023044215570307253,0.9930855922547424
1,0,0.9214826042316072,0.2751333198481814,0.8429652084632143
1,1,0.9789295700056418,0.10217630193316837,0.9578591400112838
1,1,0.9361067706157402,0.23754814347332903,0.8722135412314804
0,0,0.9371594477833451,0.2347129032180801,0.8743188955666905
0,0,0.9541221356264583,0.18619414413791963,0.9082442712529166
0,0,0.9998390102863168,0.0015670882954190637,0.9996780205726336
1,1,0.9999999491377837,9.0504967669996e-07,0.9999998982755673
0,0,0.937148664160087,0.234742042307363,0.8742973283201739
1,0,0.9231232303889401,0.2710742885915823,0.8462464607778801
1,0,0.9736796238314075,0.12170896444636861,0.947359247662815
1,1,0.7066824446433893,0.6050955015963718,0.41336488928677845
0,0,0.949869758949126,0.19889855176437038,0.8997395178982519
1,1,0.9999999596078267,7.280539692532008e-07,0.9999999192156535
1,0,0.974184475072678,0.1198810745257578,0.948368950145356
0,0,0.9991852958570685,0.006609106546291168,0.998370591714137
1,0,0.9764147952842187,0.11168182319346201,0.9528295905684373
1,0,0.7468452874943018,0.565774485192583,0.4936905749886037
0,0,0.9995452773454937,0.003954084258997751,0.9990905546909875
0,0,0.9638191558971979,0.1556106568305608,0.9276383117943958
1,0,0.9700957711326627,0.13440910051182897,0.9401915422653254
1,0,0.9998560697859975,0.0014171527240372512,0.9997121395719951
0,0,0.9958494749198744,0.02690553929579495,0.9916989498397488
1,1,0.6991054251160574,0.6116203691291099,0.39821085023211505
1,1,0.7470042762472899,0.5656024152024683,0.49400855249457987
0,0,0.9995467920654232,0.003942425404864149,0.9990935841308465
0,0,0.9371414285444508,0.23476159300101604,0.8742828570889017
1,1,0.9360077378680536,0.23781391653503767,0.872015475736107
0,0,0.9371507526402035,0.23473639905141075,0.8743015052804071
0,0,0.9371421377355706,0.23475967679999682,0.8742842754711415
1,1,0.9644499303666862,0.15353448215844107,0.9288998607333724
1,1,0.9795438302018068,0.09980917480932015,0.9590876604036136
0,0,0.9992499315233969,0.006146789357839268,0.9984998630467938
1,1,0.9999992711973048,1.1028142121861512e-05,0.9999985423946096
0,0,0.9993685879151274,0.005283173971395377,0.9987371758302549
0,0,0.9539171874705538,0.1868156435236381,0.9078343749411076
1,0,0.9214826042316072,0.2751333198481814,0.8429652084632143
1,1,0.9888617691989585,0.06116873502467861,0.9777235383979174
1,1,0.9999999522035974,8.534676426564379e-07,0.9999999044071947
0,0,0.937159514187193,0.23471272377805674,0.8743190283743861
0,0,0.9371722746456554,0.2346782403960737,0.8743445492913107
1,1,0.9359948035145506,0.23784861621855366,0.8719896070291011
1,1,0.9387827462031112,0.23030378593239464,0.8775654924062224
0,0,0.99911109851133,0.007133505165349993,0.9982221970226598
1,0,0.5722764475299522,0.6826627179620084,0.14455289505990454
0,0,0.999839013269772,0.0015670622378663448,0.999678026539544
0,0,0.9584713429598118,0.17277223961405155,0.9169426859196237
0,0,0.9595492282990955,0.16937408816610788,0.919098456598191
1,1,0.9999999627575701,6.743046260463807e-07,0.99999992551514
1,1,0.5159824719617301,0.6926362147052978,0.03196494392346
1,1,0.9359384925232418,0.2379996521968926,0.8718769850464835
1,0,0.5,0.6931471805599453,0.0
1,1,0.9999999501972988,8.872449120709397e-07,0.9999999003945976
0,0,0.9993225764698647,0.0056204984152376705,0.9986451529397296
1,1,0.9328584570861748,0.24618144430299013,0.8657169141723495
1,1,0.9999999596078267,7.280539692532008e-07,0.9999999192156535
0,0,0.9371324294004373,0.23478590752295592,0.8742648588008746
0,0,0.9994184175598314,0.004914061622533751,0.9988368351196628
1,1,0.9999991625872314,1.2555286359525391e-05,0.9999983251744629
0,0,0.9984035647763317,0.011876174539413404,0.9968071295526635
0,0,0.9374953100832805,0.23380435904868577,0.8749906201665609
0,0,0.9996306293163806,0.0032887011703248113,0.9992612586327612
1,0,0.9965788710500528,0.022839703743814783,0.9931577421001057
0,0,0.9460323568904055,0.21003601375292646,0.8920647137808112
0,0,0.9991025737950836,0.007193347401063669,0.9982051475901673
1,1,0.7355648433401984,0.5776450191196224,0.4711296866803966
1,1,0.9999999540681559,8.220012039651388e-07,0.9999999081363118
0,0,0.9371621963973075,0.23470547570406483,0.874324392794615
0,0,0.9979475112455597,0.014752622617894812,0.9958950224911195
0,0,0.9371305234412396,0.2347910570015287,0.8742610468824792
1,1,0.8415800941351842,0.4370404097533189,0.6831601882703684
1,1,0.9151540174424098,0.2904482624092685,0.8303080348848194
0,0,0.9998293502644853,0.0016511747762260204,0.9996587005289705
0,0,0.9994774450703052,0.0044712512513963056,0.9989548901406105
0,0,0.9998293490811788,0.0016511850422654651,0.9996586981623576
0,0,0.9371732521903873,0.2346755986020017,0.8743465043807744
1,0,0.9218347293182553,0.27426529614405004,0.8436694586365103
1,1,0.9967892924400857,0.021639067256770728,0.9935785848801713
0,0,0.9857398459826828,0.07476772512187962,0.9714796919653657
0,0,0.9913506923003618,0.04969839287308026,0.9827013846007234
1,1,0.6545417099580432,0.6445897166816474,0.3090834199160861
0,0,0.9993916421948859,0.005112908565574492,0.9987832843897717
1,1,0.9999999596078267,7.280539692532008e-07,0.9999999192156535
0,0,0.9375110191314155,0.23376181730922874,0.875022038262831
0,0,0.9370584404233183,0.2349857640654719,0.8741168808466367
0,0,0.9998390140376355,0.0015670555313216515,0.9996780280752712
0,0,0.9998293490811788,0.0016511850422654651,0.9996586981623576
1,1,0.9360040479540973,0.2378238159497382,0.8720080959081946
0,0,0.9386465731407818,0.23067539828314584,0.8772931462815639
1,1,0.9361067706157402,0.23754814347332903,0.8722135412314804
1,1,0.8764198947874907,0.3739979270292948,0.7528397895749814
0,0,0.9995322813673303,0.004053909041411315,0.9990645627346605
0,0,0.9995449651141941,0.003956486886545561,0.9990899302283882
0,0,0.9989282703178215,0.00840015868306831,0.997856540635643
1,1,0.9358707629036124,0.23818124488801687,0.8717415258072247
0,0,0.9987504857133396,0.00960173679179787,0.9975009714266793
0,0,0.9995521625913877,0.0039010473419631045,0.9991043251827754
0,0,0.9371558948360795,0.234722504072729,0.8743117896721591
1,1,0.9361067706157402,0.23754814347332903,0.8722135412314804
0,0,0.9371555574143765,0.23472341585015993,0.8743111148287529
0,0,0.9452268713741214,0.2123365129698127,0.890453742748243
1,0,0.9234118554837829,0.2703563062913764,0.8468237109675656
0,1,0.9361067706157402,0.23754814347332903,0.8722135412314804
1,1,0.9566705815380592,0.17838456787314705,0.9133411630761183
0,0,0.9371665554376634,0.23469369611011986,0.8743331108753267
1,1,0.6332171313348133,0.6572212418963526,0.2664342626696265
0,0,0.9777977574217498,0.1064903428779022,0.9555955148434995
0,0,0.9371655693113943,0.23469636098339164,0.8743311386227886
1,0,0.9999731352558768,0.0003096076417848653,0.9999462705117538
0,0,0.9447295736629343,0.21375054729063964,0.8894591473258687
1,1,0.9767713418604669,0.11035153097322606,0.9535426837209339
1,0,0.9951910391866542,0.03046412197321393,0.9903820783733084
1,0,0.9387121827409393,0.2304963918175268,0.8774243654818786
1,1,0.9999999615701641,6.945974433749538e-07,0.9999999231403283
1,0,0.9956120492389228,0.02820002457956896,0.9912240984778455
0,0,0.9943450204758056,0.03490471619417593,0.9886900409516113
1,1,0.9360259240579873,0.23776512274381384,0.8720518481159748
0,0,0.9518306228768797,0.19308939490401586,0.9036612457537593
1,1,0.9346080742790467,0.24155277657515795,0.8692161485580934
0,0,0.9947287101891513,0.032907818420202496,0.9894574203783026
1,1,0.9894583040235971,0.058476130306206624,0.9789166080471944
1,1,0.9999999602871033,7.164837943213794e-07,0.9999999205742065
1,0,0.8913313499199753,0.34372274415339643,0.7826626998399507
0,0,0.9371363352581509,0.2347753545699772,0.8742726705163019
0,0,0.9706677280556278,0.13241336302136816,0.9413354561112556
1,1,0.9999999609409562,7.053356875831334e-07,0.9999999218819124
1,1,0.9999999609409562,7.053356875831334e-07,0.9999999218819124
1,0,0.9997580130241471,0.0022568928972278206,0.9995160260482941
0,0,0.996878799467076,0.02112420823341845,0.9937575989341522
0,0,0.8943190403843846,0.33738895528996654,0.7886380807687692
1,0,0.9979475093010428,0.014752634647935348,0.9958950186020856
1,0,0.999968670115489,0.0003562496878976519,0.9999373402309779
1,1,0.744604275328098,0.5681856848614424,0.4892085506561958
1,1,0.9999989920232586,1.4925681076038317e-05,0.9999979840465171
1,1,0.6698259748892252,0.6343018092149467,0.3396519497784506
1,1,0.9360040479540973,0.2378238159497382,0.8720080959081946
0,0,0.9371465086917674,0.2347478664936461,0.8742930173835348
1,1,0.9999999522035974,8.534676426564379e-07,0.9999999044071947
1,1,0.9999999589023253,7.400587430968554e-07,0.9999999178046507
1,1,0.9358833462496092,0.23814751294073155,0.8717666924992185
0,0,0.9374082856372715,0.23403995405929431,0.874816571274543
0,0,0.9994309241534058,0.0048207622787233935,0.9988618483068116
1,0,0.9999158279042453,0.0008739256229799164,0.9998316558084905
1,1,0.9510503821616183,0.19541076558641085,0.9021007643232367
1,0,0.9567236677260822,0.17822025190042745,0.9134473354521644
1,0,0.9979473238701629,0.01475378183487392,0.9958946477403258
1,1,0.9999999491377837,9.0504967669996e-07,0.9999998982755673
1,1,0.9360012089100521,0.2378314324697362,0.8720024178201042
0,0,0.9371645309043253,0.2346991671206252,0.8743290618086504
1,0,0.5,0.6931471805599453,0.0
1,1,0.999998480462744,2.1876935825717156e-05,0.999996960925488
0,0,0.9371707614514878,0.23468232973947073,0.8743415229029757
0,0,0.999249517560658,0.006149767538084103,0.9984990351213161
1,1,0.9355296927308754,0.23909454221229812,0.8710593854617509
0,0,0.9371464018488151,0.2347481551867476,0.8742928036976303
1,1,0.7951147942076341,0.5071006273957656,0.5902295884152681
1,0,0.9212999232681836,0.27558297116484104,0.842599846536367
0,0,0.9995469662589058,0.003941084306922429,0.9990939325178116
1,1,0.9999976875034322,3.23221846990177e-05,0.9999953750068643
1,1,0.9999999491377837,9.0504967669996e-07,0.9999998982755673
0,0,0.9979472545551921,0.014754210654657934,0.9958945091103841
1,1,0.935972850551656,0.2379075042171484,0.871945701103312
0,0,0.937143535175632,0.23475590095775173,0.8742870703512637
1,0,0.9410663477920469,0.22402329183037883,0.8821326955840937
1,0,0.9973472762560479,0.018385605962813623,0.9946945525120958
1,1,0.9999999549502822,8.070881798928859e-07,0.9999999099005643
1,1,0.9999989867377307,1.4998647509069411e-05,0.9999979734754614
1,1,0.99999996385483,6.555187727464619e-07,0.9999999277096601
1,1,0.9354426983263283,0.2393271815389803,0.8708853966526566
0,0,0.9976661370924911,0.016474884465800557,0.9953322741849822
0,0,0.9371410031990112,0.234762742260274,0.8742820063980223
1,0,0.9235557459303142,0.2699979254167967,0.8471114918606285
0,1,0.9372492921115888,0.23447005256416792,0.8744985842231775
1,1,0.8597064142364208,0.4054960706214672,0.7194128284728418
1,1,0.9361067706157402,0.23754814347332903,0.8722135412314804
0,0,0.9998293514882478,0.0016511641591920327,0.9996587029764957
0,0,0.9998293505604843,0.0016511722082196742,0.9996587011209686
1,1,0.9360012089100521,0.2378314324697362,0.8720024178201042
0,0,0.9415515527345248,0.22267685442119634,0.8831031054690496
1,1,0.9999999558004616,7.926988957045926e-07,0.9999999116009233
1,1,0.9360040479540973,0.2378238159497382,0.8720080959081946
0,0,0.9546152180695974,0.18469494644004358,0.9092304361391946
1,1,0.9253785770925969,0.26543232736656636,0.8507571541851938
0,0,0.9735667186251459,0.12211638730646113,0.9471334372502918
1,0,0.9231232303889401,0.2710742885915823,0.8462464607778801
1,0,0.9979475112455597,0.014752622617894812,0.9958950224911195
1,1,0.9999999602871033,7.164837943213794e-07,0.9999999205742065
1,1,0.9999999621754697,6.842574025723138e-07,0.9999999243509394
0,0,0.9866761130721806,0.07076989357166004,0.9733522261443612
0,0,0.9966223682697452,0.022592606314198214,0.9932447365394903
0,0,0.998488403615654,0.011327650564057119,0.9969768072313081
0,0,0.9997707255698622,0.0021507033445857344,0.9995414511397245
1,1,0.9999999574092036,7.654259344934964e-07,0.9999999148184071
0,0,0.9993662158780638,0.005300644126445028,0.9987324317561276
0,0,0.9987315248317299,0.009728323266056257,0.9974630496634597
1,0,0.9384369936708945,0.23124670569774738,0.8768739873417888
1,1,0.9999999574092036,7.654259344934964e-07,0.9999999148184071
1,1,0.9697004977205255,0.13578173134188984,0.939400995441051
0,0,0.9994185652229673,0.004912961635075931,0.9988371304459348
1,1,0.9361067706157402,0.23754814347332903,0.8722135412314804
0,0,0.9572603940705463,0.17655510344053627,0.9145207881410926
0,0,0.9371666676563034,0.2346933928533299,0.874333335312607
0,0,0.999518367170427,0.004160386593833563,0.9990367343408539
1,1,0.8268253547171832,0.4608844786168502,0.6536507094343664
1,1,0.9999999501972988,8.872449120709397e-07,0.9999999003945976
1,1,0.9999999596078267,7.280539692532008e-07,0.9999999192156535
0,0,0.9371693618963891,0.2346861119434624,0.8743387237927783
0,0,0.9496732719233943,0.19947615284422868,0.8993465438467887
1,1,0.8240763946120354,0.46515562975251296,0.6481527892240707
1,1,0.9999999602871033,7.164837943213794e-07,0.9999999205742065
1,1,0.9359420331366021,0.23799015720795735,0.8718840662732043
1,0,0.9370782312486103,0.23493231484957744,0.8741564624972206
1,1,0.9999999602871033,7.164837943213794e-07,0.9999999205742065
0,0,0.9990273028310447,0.007718304618855542,0.9980546056620894
0,0,0.9371661125103129,0.23469489306360272,0.8743322250206257
1,0,0.9474359854868749,0.20599671850581297,0.8948719709737498
1,0,0.9779352062889298,0.10596964785965435,0.9558704125778597
1,1,0.9360277924423702,0.23776010953064453,0.8720555848847403
1,1,0.999999975439314,4.5491594325548054e-07,0.999999950878628
1,1,0.9999999531529851,8.374549724531441e-07,0.9999999063059701
1,1,0.9999999602871033,7.164837943213794e-07,0.9999999205742065
1,1,0.9360012089100521,0.2378314324697362,0.8720024178201042
1,1,0.9999999549502822,8.070881798928859e-07,0.9999999099005643
1,0,0.9974368439018814,0.017852980091304368,0.9948736878037627
1,1,0.926065105137444,0.26370038160944337,0.8521302102748878
0,0,0.9392051039714026,0.22914912840574617,0.878410207942805
0,0,0.9371672089425985,0.2346919300920538,0.8743344178851971
1,1,0.81669645189205,0.47636601889565977,0.6333929037841002
0,0,0.99312799232528,0.04107299395123612,0.9862559846505601
1,1,0.9361067706157402,0.23754814347332903,0.8722135412314804
0,0,0.9995520938080026,0.0039015777000744557,0.9991041876160053
0,0,0.9372735141932284,0.23440455640928995,0.8745470283864567
1,1,0.7400849344223139,0.5729680596480758,0.4801698688446276
1,1,0.9999968454647801,4.311198494781241e-05,0.9999936909295603
0,0,0.9994077968855125,0.004993080448402003,0.998815593771025
1,1,0.9361067706157402,0.23754814347332903,0.8722135412314804
1,1,0.6181151890507467,0.6649792979334237,0.23623037810149333
1,0,0.9404629085533485,0.2256919089941823,0.8809258171066969
1,1,0.9361067706157402,0.23754814347332903,0.8722135412314804
1,1,0.9532543021261612,0.18881930144102418,0.9065086042523227
1,1,0.9999999602871033,7.164837943213794e-07,0.9999999205742065
1,0,0.9410540948843774,0.2240572383997532,0.8821081897687549
0,0,0.9979475134055003,0.014752609255103338,0.9958950268110005
0,0,0.9371782294865246,0.23466214731220778,0.8743564589730494
0,0,0.9994780997590144,0.004466303844254565,0.9989561995180287
0,0,0.9995659665204116,0.0037943952614800025,0.9991319330408233
1,1,0.9387827462031112,0.23030378593239464,0.8775654924062224
1,0,0.995503323661261,0.02878846401028275,0.991006647322522
1,0,0.999845278131026,0.0015122212345052644,0.9996905562620519
0,1,0.9361067706157402,0.23754814347332903,0.8722135412314804
1,1,0.6980677518255496,0.6124926131750741,0.3961355036510992
1,1,0.8090954416853857,0.4875319283398782,0.6181908833707715
0,0,0.9981104155087595,0.01373813510476729,0.996220831017519
0,0,0.9996270806979104,0.0033167301119868867,0.9992541613958208
0,0,0.9371647615864468,0.23469854373884452,0.8743295231728936
1,1,0.9361067706157402,0.23754814347332903,0.8722135412314804
0,0,0.9370308363055722,0.2350603036026137,0.8740616726111443
1,1,0.9999999549502822,8.070881798928859e-07,0.9999999099005643
1,1,0.9999998712423289,2.1715410836900523e-06,0.9999997424846578
1,1,0.9898579575425075,0.056653222220223134,0.9797159150850147
0,0,0.9526468578723644,0.19064671938240843,0.9052937157447287
1,1,0.9999994395462559,8.627915724858277e-06,0.9999988790925118
1,1,0.7293721872318614,0.5838822774981041,0.45874437446372246
0,0,0.9995160609252438,0.004177995825642596,0.9990321218504875
1,1,0.9999999501972988,8.872449120709397e-07,0.9999999003945976
1,1,0.7005247513477312,0.610419025513517,0.4010495026954622
1,1,0.7131172782333203,0.5993368735946689,0.42623455646664044
1,1,0.9999992464061883,1.1378069810377428e-05,0.9999984928123766
1,1,0.9999999615701641,6.945974433749538e-07,0.9999999231403283
0,0,0.9264022239921424,0.26284739507656624,0.8528044479842848
0,1,0.9301152428702342,0.25334074736147916,0.8602304857404685
1,1,0.9999999581697467,7.525114465350048e-07,0.9999999163394935
0,0,0.9371824426604217,0.23465076075649463,0.8743648853208436
0,0,0.9993359084659631,0.005523088874771387,0.9986718169319261
0,0,0.9978735574973718,0.015208829052525361,0.9957471149947438
0,0,0.999568334102948,0.0037760590726318008,0.999136668205896
1,0,0.9214826042316072,0.2751333198481814,0.8429652084632143
1,0,0.9407496342544039,0.22489987599205433,0.8814992685088079
0,0,0.9995792806655522,0.003691111334535515,0.9991585613311044
0,0,0.9371365747318935,0.23477470754485835,0.8742731494637869
1,1,0.9999999540681559,8.220012039651388e-07,0.9999999081363118
0,1,0.9572778460920457,0.1765008422657428,0.9145556921840915
1,1,0.9999983237080928,2.3969173204019205e-05,0.9999966474161857
1,1,0.9999990855140238,1.363032499643185e-05,0.9999981710280476
1,1,0.969738794315428,0.13564897589109615,0.9394775886308558
0,0,0.9925793937626024,0.043779907216916256,0.9851587875252047
1,1,0.9361067706157402,0.23754814347332903,0.8722135412314804
1,1,0.7964498901528213,0.5052847086652523,0.5928997803056429
0,0,0.93691622743186,0.23536964445995529,0.8738324548637199
1,1,0.9999999558004616,7.926988957045926e-07,0.9999999116009233
1,0,0.9374514685953474,0.23392306409290559,0.8749029371906949
1,0,0.9965146883869289,0.023203298740029837,0.9930293767738578
1,1,0.9359817062245545,0.23788375017499896,0.8719634124491089
1,1,0.7066829875292554,0.6050950242222332,0.41336597505851097
0,0,0.9742762217570798,0.11954780920893482,0.9485524435141598
1,1,0.9999999797862102,3.783394977674485e-07,0.9999999595724205
0,0,0.9996002882670227,0.003527282990615107,0.9992005765340455
1,1,0.9361067706157402,0.23754814347332903,0.8722135412314804
1,1,0.9999989670618993,1.5270030103433345e-05,0.9999979341237986
1,1,0.9999999609409562,7.053356875831334e-07,0.9999999218819124
0,0,0.9371334859522058,0.23478305292809948,0.8742669719044116
1,1,0.9256240557150617,0.2648138305867838,0.8512481114301231
1,1,0.9999999549502822,8.070881798928859e-07,0.9999999099005643
0,0,0.9851907696757017,0.07708297950868691,0.9703815393514036
0,0,0.9967534618707857,0.021844464951974205,0.9935069237415715
1,1,0.9326918310994411,0.2466196908706011,0.865383662198882
1,1,0.9340307184540759,0.24308566662165199,0.8680614369081519
1,0,0.9212999232681836,0.27558297116484104,0.842599846536367
1,0,0.9979475255312774,0.014752534237144465,0.9958950510625548
0,0,0.9994081087380936,0.004990762968335818,0.9988162174761871
1,1,0.9999952402769765,6.309164559877563e-05,0.9999904805539531
0,1,0.9361067706157402,0.23754814347332903,0.8722135412314804
1,0,0.9813830847373781,0.09260645525211315,0.9627661694747564
1,1,0.9999999522035974,8.534676426564379e-07,0.9999999044071947
1,1,0.9999999571214563,7.703085026465622e-07,0.9999999142429127
0,0,0.9371631129758943,0.23470299882706766,0.8743262259517883
0,0,0.9503726356800035,0.19741657521542078,0.900745271360007
0,0,0.9371641808341921,0.23470011312781175,0.8743283616683838
0,0,0.9325333542097071,0.2470360939617829,0.8650667084194141
1,0,0.9976661228481213,0.016474970756637175,0.9953322456962427
1,1,0.9999993610331711,9.752814586723752e-06,0.9999987220663422
0,0,0.9994863007121192,0.0044042602350186505,0.9989726014242384
0,0,0.9371627861236971,0.2347038820837793,0.8743255722473943
1,1,0.9999999566197619,7.78816771380435e-07,0.9999999132395239
0,0,0.9375834469854052,0.23356562063514397,0.8751668939708107
0,0,0.9371726646846605,0.2346771863258134,0.8743453293693213
0,0,0.9979474817218811,0.0147528052702782,0.9958949634437622
0,0,0.955144834427931,0.1830784162202422,0.9102896688558619
1,0,0.9976661320249371,0.016474915164499185,0.9953322640498742
0,0,0.9372002452229036,0.2346026440872059,0.8744004904458071
1,1,0.9361067706157402,0.23754814347332903,0.8722135412314804
0,0,0.9979474857674034,0.01475278024211088,0.9958949715348069
0,0,0.9991860771818097,0.006603549490839689,0.9983721543636195
1,1,0.9359797718905035,0.23788893885375637,0.8719595437810074
1,1,0.9999999830604533,3.200492696496887e-07,0.9999999661209068
1,0,0.9999057195483977,0.0009681838281939174,0.9998114390967953
1,0,0.9212999232681836,0.27558297116484104,0.842599846536367
1,1,0.9035033722631454,0.3173163703448605,0.8070067445262907
1,1,0.9999999709337335,5.334731722647849e-07,0.9999999418674671
1,1,0.9810035045482327,0.09410753280884894,0.9620070090964653
0,1,0.9400004233138347,0.2269663577360515,0.8800008466276692
1,1,0.9999999491377837,9.0504967669996e-07,0.9999998982755673
0,0,0.9480782253502785,0.20413537852481156,0.896156450700557
0,0,0.947656673682691,0.20535805872778642,0.8953133473653819
1,1,0.9999999602871033,7.164837943213794e-07,0.9999999205742065
1,1,0.9251258665453721,0.2660681338000007,0.8502517330907442
1,1,0.9610798417137534,0.16449703685672026,0.9221596834275069
1,0,0.9976661306374693,0.01647492356962859,0.9953322612749386
0,0,0.9943140921235742,0.03506451688391238,0.9886281842471484
1,1,0.9999999627575701,6.743046260463807e-07,0.99999992551514
0,0,0.9415494721176028,0.2226826372152076,0.8830989442352055
1,1,0.9999999609409562,7.053356875831334e-07,0.9999999218819124
0,0,0.9995522039061927,0.0039007287767835372,0.9991044078123853
1,1,0.9359434540572854,0.23798634661556634,0.8718869081145708
1,1,0.9360037632862204,0.23782457965603318,0.8720075265724408
0,0,0.9462336841011061,0.20945903692720527,0.8924673682022121
1,1,0.7466578440572412,0.5659771793301603,0.4933156881144825
1,1,0.9999999531529851,8.374549724531441e-07,0.9999999063059701
0,0,0.9992499430525419,0.006146706410213568,0.9984998861050838
1,0,0.9370782312486103,0.23493231484957744,0.8741564624972206
1,1,0.9964349657611011,0.023653278408383972,0.992869931522202
0,0,0.9371816360750788,0.2346529406634934,0.8743632721501573
0,0,0.996755414868307,0.02183327971323791,0.993510829736614
1,1,0.9999999633171419,6.647284671280214e-07,0.9999999266342838
1,1,0.7409299345385518,0.5720819857593469,0.4818598690771039
1,0,0.9917805210557605,0.047649366722630856,0.983561042111521
1,0,0.9384369936708945,0.23124670569774738,0.8768739873417888
0,0,0.939445148973493,0.22849149328076332,0.878890297946986
1,0,0.9965026033084398,0.02327162739487857,0.9930052066168794
1,1,0.9999999602871033,7.164837943213794e-07,0.9999999205742065
1,1,0.9359384925232418,0.2379996521968926,0.8718769850464835
1,1,0.9999999558004616,7.926988957045926e-07,0.9999999116009233
1,0,0.9214826042316072,0.2751333198481814,0.8429652084632143
1,1,0.9999991507139684,1.2721344531782092e-05,0.9999983014279369
0,0,0.9995468524396439,0.003941960597453623,0.9990937048792878
0,0,0.9371538115568847,0.23472813345731236,0.8743076231137695
0,0,0.999587617171866,0.0036262274596483373,0.9991752343437319
1,1,0.9360040479540973,0.2378238159497382,0.8720080959081946
1,0,0.9214826042316072,0.2751333198481814,0.8429652084632143
0,0,0.9988698118938528,0.008798295022641699,0.9977396237877058
0,0,0.9995055003696041,0.004258490806199649,0.9990110007392081
1,1,0.9999999621754697,6.842574025723138e-07,0.9999999243509394
0,0,0.9973472511263639,0.018385754969459756,0.9946945022527277
0,0,0.99940724709825,0.004997165699935022,0.9988144941965
0,0,0.9995521127745458,0.0039014314585454684,0.9991042255490915
0,0,0.9534318679992991,0.18828355780339615,0.9068637359985983
0,0,0.9296315785241961,0.2545908980073355,0.8592631570483923
1,1,0.9999999633171419,6.647284671280214e-07,0.9999999266342838
1,1,0.99999996385483,6.555187727464619e-07,0.9999999277096601
0,0,0.9832382423836543,0.08515353727055654,0.9664764847673086
1,1,0.9999993604429906,9.761232301640555e-06,0.9999987208859813
1,1,0.9969976420676068,0.020436614016998474,0.9939952841352134
0,0,0.9998293531856929,0.0016511494326024916,0.9996587063713858
0,0,0.9941211171829579,0.03605779450570828,0.9882422343659159
1,0,0.5877700417640104,0.6776599015214958,0.17554008352802075
0,0,0.9995499576660539,0.003918043289123592,0.9990999153321078
0,0,0.937164034993958,0.2347005072365383,0.8743280699879158
1,1,0.9999999306715943,1.2121663440052837e-06,0.9999998613431887
1,1,0.7285484933308612,0.5846972027683519,0.4570969866617225
0,0,0.9995236584696681,0.004119943274537981,0.9990473169393361
1,1,0.9999992824549062,1.0868963853627782e-05,0.9999985649098124
0,0,0.9995119072750008,0.004209683134997191,0.9990238145500016
1,1,0.9523886184862197,0.1914211157107921,0.9047772369724395
1,1,0.9360012089100521,0.2378314324697362,0.8720024178201042
0,0,0.9397494006673743,0.22765649940004173,0.8794988013347488
1,0,0.9965654319866052,0.022915935344631044,0.9931308639732103
1,1,0.9999999512187996,8.700576279406352e-07,0.9999999024375992
1,1,0.99999996385483,6.555187727464619e-07,0.9999999277096601
1,0,0.9982855750768838,0.012631574020396483,0.9965711501537674
1,1,0.9999999633171419,6.647284671280214e-07,0.9999999266342838
0,1,0.9388904618090004,0.23000960463003906,0.8777809236180005
1,0,0.9228870311502684,0.2716609830293554,0.8457740623005368
1,1,0.9999991499664477,1.2731793698378855e-05,0.9999982999328954
0,0,0.9371543214288865,0.23472675570083845,0.874308642857773
1,0,0.9998661986144898,0.0013271876038767247,0.9997323972289794
0,0,0.9995835575713031,0.003657844594583601,0.9991671151426063
1,1,0.9999974621613918,3.523584995168174e-05,0.9999949243227837
0,0,0.9951713757826252,0.030568935824350857,0.9903427515652503
1,1,0.9359776571617424,0.23789461135380446,0.8719553143234848
0,1,0.9638047246813346,0.1556580224907101,0.9276094493626692
0,0,0.9994679596794366,0.004542839691788892,0.9989359193588732
0,0,0.9995392784282783,0.0040002087194545245,0.9990785568565567
0,0,0.937135760601834,0.23477690720834624,0.8742715212036678
1,1,0.9117444897003376,0.29848302252759856,0.8234889794006753
1,1,0.9999999566197619,7.78816771380435e-07,0.9999999132395239
1,1,0.9714065014951804,0.12981851248887313,0.9428130029903607
1,1,0.9360012089100521,0.2378314324697362,0.8720024178201042
0,0,0.9979474843525057,0.014752788995566448,0.9958949687050115
1,0,0.9217542932312193,0.2744637305660545,0.8435085864624385
0,0,0.9920895518142389,0.04616225211956389,0.9841791036284777
1,1,0.9999999627575701,6.743046260463807e-07,0.99999992551514
1,1,0.9999999602871033,7.164837943213794e-07,0.9999999205742065
1,0,0.9953573442395528,0.029574384741544453,0.9907146884791057
1,1,0.9359384925232418,0.2379996521968926,0.8718769850464835
1,1,0.9999999501972988,8.872449120709397e-07,0.9999999003945976
0,1,0.9374299225011079,0.2339813902000665,0.8748598450022159
1,0,0.9214826042316072,0.2751333198481814,0.8429652084632143
0,0,0.9933764739799233,0.0398326158887846,0.9867529479598467
0,1,0.9374299225011079,0.2339813902000665,0.8748598450022159
1,0,0.9976659301043779,0.016476138368627487,0.9953318602087557
0,0,0.9981147479814029,0.01371096765744016,0.9962294959628056
1,1,0.7879201674746539,0.5166992879360376,0.575840334949308
0,0,0.9371566374076344,0.2347204974967564,0.8743132748152689
1,1,0.9272521572212311,0.2606894581063818,0.8545043144424622
1,1,0.9999999491377837,9.0504967669996e-07,0.9999998982755673
0,0,0.999486257498095,0.004404587508504209,0.9989725149961902
0,0,0.9995491605603459,0.003924184855721128,0.999098321120692
0,0,0.9995466984453819,0.003943146148385235,0.9990933968907637
1,1,0.9999999491377837,9.0504967669996e-07,0.9999998982755673
0,0,0.9995323643893186,0.004053272489856317,0.9990647287786373
0,0,0.9385825717961034,0.23084994483063515,0.8771651435922069
1,0,0.9680374846699221,0.14149924308070538,0.9360749693398441
0,0,0.9371687590871224,0.23468774098491416,0.874337518174245
0,0,0.9455263533131519,0.21148265327761584,0.8910527066263039
0,0,0.9994772969167962,0.004472370716486256,0.9989545938335925
1,1,0.9999999621754697,6.842574025723138e-07,0.9999999243509394
1,1,0.7004814527481301,0.6104558161056193,0.40096290549626035
0,0,0.937153849007744,0.2347280322591942,0.8743076980154879
1,1,0.9359384925232418,0.2379996521968926,0.8718769850464835
0,0,0.9371508416527329,0.2347361585301251,0.8743016833054658
0,0,0.9996334053222006,0.003266750989707717,0.9992668106444011
1,1,0.9360385067644633,0.23773135994117237,0.8720770135289269
0,1,0.9638047246813346,0.1556580224907101,0.9276094493626692
1,1,0.9999999627575701,6.743046260463807e-07,0.99999992551514
1,1,0.9350745747081084,0.24031022773526345,0.8701491494162167
1,0,0.9999589768170124,0.000455412823241147,0.9999179536340248
0,0,0.9993541415404059,0.0053894351406201454,0.9987082830808117
1,1,0.9540141224696131,0.18652181026690556,0.9080282449392264
1,1,0.8558596672947677,0.4124087790284693,0.7117193345895354
0,0,0.9990540021693757,0.007532788814452954,0.9981080043387512
0,0,0.9371645108146731,0.23469922140967564,0.874329021629346
1,1,0.9999999566197619,7.78816771380435e-07,0.9999999132395239
1,1,0.999999855990941,2.4126398636323764e-06,0.9999997119818821
0,0,0.937030275761298,0.2350618171093182,0.8740605515225959
1,0,0.998452991184308,0.011557173947835923,0.9969059823686159
1,1,0.9968327040249019,0.021389673737923512,0.9936654080498037
0,0,0.9371653523685496,0.23469694723996085,0.874330704737099
0,0,0.9998390111282263,0.0015670809421712926,0.9996780222564525
0,0,0.9371461429975432,0.23474885461042616,0.8742922859950863
0,0,0.9972012473484626,0.019247527884331886,0.9944024946969254
1,1,0.9999993443991884,9.989857288865364e-06,0.9999986887983767
1,0,0.999929906856587,0.0007405796580500995,0.9998598137131739
1,1,0.9999996173987323,6.036021771725932e-06,0.9999992347974647
1,1,0.9999999512187996,8.700576279406352e-07,0.9999999024375992
0,0,0.9973349010490384,0.018458956004648818,0.9946698020980769
1,0,0.9998693291379463,0.0012992294857796817,0.9997386582758928
0,0,0.9371590670238377,0.2347139321253082,0.8743181340476753
1,0,0.9370782312486103,0.23493231484957744,0.8741564624972206
1,0,0.9175778244250524,0.2846456699780484,0.8351556488501047
1,0,0.9221665921979623,0.2734456458273191,0.8443331843959244
0,0,0.9994783857882582,0.0044641420963599165,0.9989567715765164
0,0,0.9997276385246849,0.002507970982856949,0.99945527704937
1,1,0.9359384925232418,0.2379996521968926,0.8718769850464835
1,1,0.9999999602871033,7.164837943213794e-07,0.9999999205742065
0,0,0.9495074998386283,0.19996283469578308,0.8990149996772566
0,0,0.9938635449400613,0.0373736716676408,0.9877270898801227
0,0,0.9371425907835693,0.23475845268116363,0.8742851815671387
0,0,0.9371452239107567,0.23475133800051093,0.8742904478215133
0,0,0.9539151688668468,0.1868217601226928,0.9078303377336936
1,0,0.9417836928825296,0.22203115758994169,0.8835673857650592
0,0,0.9973853160987421,0.01815977347294538,0.9947706321974842
0,0,0.9358738906028753,0.23817286076775995,0.8717477812057504
1,1,0.9999999633171419,6.647284671280214e-07,0.9999999266342838
1,1,0.9999997690119123,3.760693859761127e-06,0.9999995380238247
1,0,0.9976660861614074,0.016475193000345053,0.9953321723228146
0,0,0.9371432196941536,0.2347567533823926,0.8742864393883071
1,0,0.9372211004937099,0.23454626972522413,0.8744422009874199
0,0,0.9371667319722637,0.2346932190474235,0.8743334639445276
1,0,0.999788920685144,0.001997479661228297,0.999577841370288
1,1,0.9972885825698035,0.018732984571644844,0.9945771651396068
1,1,0.9359353867261039,0.23800798095153713,0.8718707734522078
1,0,0.9999058243584392,0.0009672122707083651,0.9998116487168783
1,1,0.9939062537942146,0.03715624677594897,0.9878125075884291
1,1,0.9360012089100521,0.2378314324697362,0.8720024178201042
1,1,0.99999996385483,6.555187727464619e-07,0.9999999277096601
1,0,0.9236252266268137,0.26982476829322166,0.8472504532536274
1,0,0.9212999232681836,0.27558297116484104,0.842599846536367
1,1,0.9353046574062255,0.23969607167218038,0.870609314812451
0,0,0.9371585160357573,0.23471542102827042,0.8743170320715148
0,0,0.9866156082719127,0.0710302146052166,0.9732312165438254
0,0,0.9607839149571417,0.16544477161376145,0.9215678299142832
1,1,0.9999999343875972,1.150808807807114e-06,0.9999998687751944
0,0,0.9372481514477182,0.2344731366566289,0.8744963028954366
0,0,0.9991031632946235,0.007189211819719479,0.998206326589247
1,0,0.9973474867453659,0.018384357855484326,0.9946949734907318
1,1,0.7004814527481301,0.6104558161056193,0.40096290549626035
1,1,0.5654501719308834,0.6845550942295588,0.1309003438617669
1,0,0.9997820102480971,0.002055851214349698,0.9995640204961941
1,1,0.9359384925232418,0.2379996521968926,0.8718769850464835
1,0,0.9823465754166228,0.0887604720661869,0.9646931508332456
1,1,0.9360907709583265,0.2375910926720991,0.8721815419166529
1,1,0.9293977593457108,0.2551939780936691,0.8587955186914216
0,0,0.9371531693396201,0.23472986882577399,0.8743063386792405
1,0,0.9770200556598492,0.10942025550038231,0.9540401113196982
1,1,0.9999999491377837,9.0504967669996e-07,0.9999998982755673
1,0,0.9976661136818533,0.01647502628484174,0.9953322273637067
1,1,0.9999999566197619,7.78816771380435e-07,0.9999999132395239
0,0,0.9371616126066156,0.23470705327847147,0.874323225213231
0,0,0.9371690490285525,0.23468695744330362,0.8743380980571049
0,0,0.9995424116412823,0.003976127892460714,0.9990848232825646
1,1,0.9999999589023253,7.400587430968554e-07,0.9999999178046507
1,1,0.9361067706157402,0.23754814347332903,0.8722135412314804
1,0,0.6828873124143857,0.6246738964643308,0.3657746248287715
1,1,0.9361532892582176,0.23742324533239176,0.8723065785164353
1,0,0.9950052597816539,0.03145122153815818,0.9900105195633078
0,0,0.9988790406366942,0.008735647187873143,0.9977580812733883
1,1,0.5881480520409249,0.6775255058002141,0.17629610408184992
1,0,0.9916709998715875,0.04817356872207946,0.9833419997431749
0,0,0.9988164963061619,0.009158761126037814,0.9976329926123239
0,0,0.9713141532873021,0.13014393880132638,0.9426283065746042
0,0,0.9920019458800439,0.0465850442938194,0.9840038917600877
0,0,0.9979474924430743,0.014752738942160355,0.9958949848861486
1,1,0.9999999491377837,9.0504967669996e-07,0.9999998982755673
1,1,0.9999999491377837,9.0504967669996e-07,0.9999998982755673
1,1,0.9359868475375995,0.23786995875724426,0.8719736950751991
1,0,0.9414713139037262,0.2228998104717415,0.8829426278074524
0,0,0.9992628030051787,0.006054073090261754,0.9985256060103571
0,1,0.9388905211684482,0.23000944245816524,0.8777810423368962
1,1,0.9361067706157402,0.23754814347332903,0.8722135412314804
1,0,0.9666771562419334,0.14610942279795602,0.9333543124838669
1,1,0.9999999531529851,8.374549724531441e-07,0.9999999063059701
0,0,0.9976268152672062,0.016712761726337955,0.9952536305344125
1,1,0.9999994920528256,7.869568748331367e-06,0.9999989841056511
1,1,0.9359884326360048,0.23786570668942786,0.8719768652720097
1,1,0.936037182459846,0.23773491353293363,0.872074364919692
0,0,0.9371402009739362,0.23476490981857567,0.8742804019478726
0,0,0.9979474921712519,0.014752740623827414,0.9958949843425037
1,0,0.9999275138101033,0.0007634302243599747,0.9998550276202065
0,0,0.9981130586301519,0.013721562183892422,0.9962261172603039
1,1,0.9999999596078267,7.280539692532008e-07,0.9999999192156535
1,1,0.999998985381567,1.5017364826222562e-05,0.999997970763134
0,0,0.9371326915410995,0.23478519927226638,0.8742653830821989
1,1,0.9999999615701641,6.945974433749538e-07,0.9999999231403283
1,1,0.9360012089100521,0.2378314324697362,0.8720024178201042
1,1,0.9999999581697467,7.525114465350048e-07,0.9999999163394935
0,0,0.9371375645652021,0.23477203314105644,0.8742751291304042
1,1,0.9360012089100521,0.2378314324697362,0.8720024178201042
0,0,0.9387333042192794,0.23043874894982735,0.8774666084385588
0,0,0.9998293496723828,0.0016511799131446734,0.9996586993447656
0,0,0.9371331118497033,0.23478406368157184,0.8742662236994065
1,1,0.9999999540681559,8.220012039651388e-07,0.9999999081363118
1,1,0.9999999343875972,1.150808807807114e-06,0.9999998687751944
1,1,0.9971493196654004,0.01955216333212752,0.9942986393308009
1,1,0.9999962326370987,5.081846079204788e-05,0.9999924652741974
0,0,0.9995357491132287,0.004027308330748933,0.9990714982264576
0,0,0.9980161777937934,0.014326642863327362,0.9960323555875868
1,0,0.9214826042316072,0.2751333198481814,0.8429652084632143
0,0,0.9384101262125881,0.23131989056067837,0.8768202524251761
1,1,0.9359072417951464,0.23808344932166972,0.8718144835902928
1,1,0.9999999574092036,7.654259344934964e-07,0.9999999148184071
1,1,0.9999992633312691,1.1139261556099753e-05,0.9999985266625381
1,0,0.9976660999164039,0.016475109674295493,0.9953321998328077
0,0,0.9986419301856597,0.010322704275221292,0.9972838603713194
1,1,0.9359912424573023,0.2378581691674531,0.8719824849146044
1,1,0.9864076163294765,0.07192299003764727,0.9728152326589531
0,0,0.9998390108475902,0.001567083393250242,0.9996780216951804
1,1,0.9427908453815662,0.2192183367299886,0.8855816907631323
1,1,0.9999999549502822,8.070881798928859e-07,0.9999999099005643
1,1,0.9360199452372219,0.2377811646093701,0.8720398904744437
1,0,0.9373757472009107,0.23412800986135487,0.8747514944018211
1,1,0.9999999633171419,6.647284671280214e-07,0.9999999266342838
1,0,0.9771279904422744,0.10901525260360416,0.9542559808845488
1,1,0.8222772698199046,0.4679227286140957,0.6445545396398091
0,0,0.9995357483853813,0.004027313916701568,0.9990714967707627
0,0,0.9891948468116224,0.05966940518620618,0.9783896936232446
0,0,0.9381608465919211,0.2319983139736152,0.8763216931838421
0,0,0.8932892781185963,0.33958256064427117,0.7865785562371924
1,0,0.9999491526365558,0.0005535577981734901,0.9998983052731116
1,1,0.9199176643510694,0.2789704179570067,0.8398353287021387
1,0,0.99510847856834,0.030903664541109988,0.9902169571366799
1,1,0.970139841692753,0.13425572813910314,0.9402796833855063
1,0,0.9838811251459044,0.08252317897790006,0.9677622502918088
1,1,0.6853579907601111,0.6227645927502425,0.370715981520222
0,0,0.9978032977937292,0.015639858246795733,0.9956065955874585
1,1,0.9999999501972988,8.872449120709397e-07,0.9999999003945976
0,0,0.9995499564540752,0.003918052628290096,0.9990999129081503
1,0,0.937486753355602,0.2338275297872089,0.8749735067112043
0,0,0.9371341012502731,0.23478139050513602,0.874268202500546
0,0,0.9995413350846973,0.003984404359269861,0.9990826701693947
1,1,0.6450425084597534,0.6504616222552371,0.2900850169195067
0,0,0.9552948901557388,0.18261921908575826,0.9105897803114775
1,1,0.9288126544531466,0.25669946925439435,0.8576253089062933
1,1,0.9999980923500282,2.7030708579309672e-05,0.9999961847000564
1,0,0.9232285995387544,0.2708123090967064,0.8464571990775089
1,1,0.9361067706157402,0.23754814347332903,0.8722135412314804
1,0,0.9567668671908143,0.1780864877572676,0.9135337343816285
1,1,0.9999999596078267,7.280539692532008e-07,0.9999999192156535
0,0,0.9979474807794126,0.014752811100984675,0.9958949615588252
1,1,0.9662099058774527,0.1476795715208136,0.9324198117549052
0,0,0.9993550761570367,0.005382570373544346,0.9987101523140733
1,1,0.9999999602871033,7.164837943213794e-07,0.9999999205742065
1,1,0.9411806857649936,0.22370638895382328,0.8823613715299872
1,1,0.9999999558004616,7.926988957045926e-07,0.9999999116009233
0,0,0.9482046271468889,0.20376805697130096,0.8964092542937779
0,0,0.9987046986974613,0.009906935870108016,0.9974093973949225
0,0,0.9990560340649854,0.007518639913444501,0.9981120681299709
1,1,0.9999999491377837,9.0504967669996e-07,0.9999998982755673
1,1,0.8063962527613172,0.4914064439978009,0.6127925055226343
0,0,0.9986423272002682,0.010320083788940865,0.9972846544005365
1,1,0.9999999566197619,7.78816771380435e-07,0.9999999132395239
1,1,0.9344058967924724,0.24209017970190028,0.8688117935849449
1,0,0.9999561119418363,0.0004842540905588209,0.9999122238836727
0,0,0.9990823407634135,0.007335057181011633,0.998164681526827
1,0,0.9339069217453786,0.24341364324094944,0.8678138434907574
1,1,0.9359957536032674,0.2378460674596574,0.8719915072065346
1,1,0.9353505054027248,0.23957358590560793,0.8707010108054495
1,1,0.9448507129849572,0.21340653323560277,0.8897014259699143
1,0,0.9776606251742709,0.1070089712119428,0.9553212503485418
1,1,0.996060882251216,0.02574145046951379,0.9921217645024322
0,0,0.9979474883983598,0.014752763965341694,0.9958949767967197
0,0,0.9994354055457342,0.004787264419389144,0.9988708110914684
0,0,0.9371875345999052,0.23463699883983358,0.8743750691998105
1,0,0.9976659225595539,0.016476184073687516,0.9953318451191078
1,1,0.9361067706157402,0.23754814347332903,0.8722135412314804
1,1,0.9361067706157402,0.23754814347332903,0.8722135412314804
1,1,0.9371348666250424,0.2347793225933737,0.8742697332500848
1,1,0.7805748828201639,0.5261793880072695,0.5611497656403277
1,1,0.8970543640825897,0.3315074072860619,0.7941087281651791
0,0,0.9998390111282263,0.0015670809421712926,0.9996780222564525
1,1,0.9999999531529851,8.374549724531441e-07,0.9999999063059701
0,0,0.997415979867192,0.01797732723505538,0.994831959734384
0,0,0.9995748677732225,0.0037253902204537667,0.9991497355464449
1,1,0.9999933678573452,8.571102162274513e-05,0.9999867357146903
0,0,0.9979474871813113,0.014752771494778313,0.9958949743626226
0,0,0.9979475134055003,0.014752609255103338,0.9958950268110005
0,0,0.9382601488784584,0.23172818782650917,0.8765202977569169
1,1,0.9590642150417965,0.1709068046735589,0.9181284300835931
1,1,0.961620122318922,0.16276068336309027,0.9232402446378443
1,1,0.99999922284439,1.1709889179547464e-05,0.99999844568878
1,1,0.996653598095483,0.022414850825702062,0.993307196190966
1,0,0.9372211004937099,0.23454626972522413,0.8744422009874199
0,0,0.9371478263636778,0.23474430608573016,0.8742956527273557
1,1,0.9999999540681559,8.220012039651388e-07,0.9999999081363118
1,1,0.9999999596078267,7.280539692532008e-07,0.9999999192156535
0,0,0.9418274258444114,0.22190940462890596,0.8836548516888227
1,0,0.9212999232681836,0.27558297116484104,0.842599846536367
1,1,0.9999962884965169,5.0120408989145144e-05,0.9999925769930337
0,0,0.9995452796129917,0.003954066809761846,0.9990905592259832
0,0,0.9371385457455611,0.2347693821000105,0.8742770914911224
0,0,0.9989948158914752,0.007943047050777896,0.9979896317829504
1,1,0.6833893964451127,0.6242881793144057,0.3667787928902253
1,0,0.9964739864002705,0.02343325965406394,0.992947972800541
1,1,0.6072195344576004,0.6699755884816271,0.21443906891520065
0,0,0.9371459369382626,0.23474941138779218,0.8742918738765255
1,0,0.9619947335468944,0.1615521211583432,0.9239894670937888
1,0,0.9677605017457009,0.14244271434954825,0.9355210034914018
0,0,0.9967538177034596,0.021842427109209354,0.9935076354069191
1,1,0.9999994779644078,8.0735570106568e-06,0.9999989559288156
0,0,0.9371445440297476,0.23475317504277984,0.8742890880594951
0,0,0.9371570164317252,0.23471947329469933,0.8743140328634508
1,1,0.9362844653731436,0.23707085483990709,0.8725689307462872
0,0,0.9906772572183501,0.05286575478188462,0.9813545144367002
0,0,0.9997096511867883,0.0026550315323884705,0.9994193023735768
1,0,0.9999292570990199,0.0007467919865469083,0.9998585141980398
1,1,0.9999999627575701,6.743046260463807e-07,0.99999992551514
1,1,0.9999999549502822,8.070881798928859e-07,0.9999999099005643
0,0,0.999604383865805,0.00349521645910053,0.9992087677316099
1,0,0.7207975512391909,0.5921984824048229,0.4415951024783819
0,0,0.9916790080277534,0.048135288671212306,0.9833580160555069
1,1,0.9999889413974685,0.00013726265232323902,0.999977882794937
0,0,0.9371377153245266,0.23477162580706232,0.8742754306490531
0,0,0.9994745213323155,0.004493335600925521,0.998949042664631
1,0,0.7295685933779593,0.5836874549272455,0.4591371867559188
1,1,0.9360040479540973,0.2378238159497382,0.8720080959081946
1,1,0.9999991991250152,1.2043206096807938e-05,0.9999983982500305
1,1,0.9999999609409562,7.053356875831334e-07,0.9999999218819124
1,1,0.9999999627575701,6.743046260463807e-07,0.99999992551514
1,1,0.9359904275397567,0.23786035524848026,0.8719808550795134
1,1,0.99999996385483,6.555187727464619e-07,0.9999999277096601
1,0,0.9999306744665333,0.0007332327775806538,0.9998613489330666
1,1,0.9360012089100521,0.2378314324697362,0.8720024178201042
1,0,0.9973474711390751,0.018384450394370595,0.99469494227815
0,0,0.9630497545721728,0.15812768900705565,0.9260995091443455
1,1,0.9999999491377837,9.0504967669996e-07,0.9999998982755673
1,1,0.9999999531529851,8.374549724531441e-07,0.9999999063059701
1,0,0.9778959224208184,0.10611855534054196,0.9557918448416367
1,1,0.9999979885773516,2.839458431747061e-05,0.9999959771547032
0,0,0.9998390111282263,0.0015670809421712926,0.9996780222564525
0,0,0.9371250328057815,0.23480589113480416,0.8742500656115629
1,0,0.92348892764022,0.2701643828941165,0.8469778552804399
1,1,0.9999989580452027,1.5394268912785366e-05,0.9999979160904054
0,0,0.9371435869346486,0.23475576110576263,0.8742871738692974
0,0,0.9371301407233195,0.23479209101294046,0.874260281446639
1,1,0.9999999531529851,8.374549724531441e-07,0.9999999063059701
1,0,0.9541406021529895,0.18613809786229213,0.9082812043059789
0,0,0.9607217442315328,0.1656435835181845,0.9214434884630655
0,0,0.9371756133814668,0.23466921746583944,0.8743512267629335
0,0,0.9995185494604222,0.004158994256268333,0.9990370989208444
1,1,0.5878956436169059,0.6776153111505563,0.175791287233812
1,0,0.9973475023381368,0.018384265396673267,0.9946950046762738
1,1,0.7595743395692202,0.5515700816700775,0.5191486791384404
0,0,0.9371561528630097,0.23472180683372684,0.8743123057260191
1,1,0.9999999522035974,8.534676426564379e-07,0.9999999044071947
1,1,0.9611526882364027,0.16426338021550418,0.9223053764728054
