true_label,predicted_label,confidence,entropy,margin
1,0,0.9804974854195526,0.09609662393320165,0.9609949708391051
0,1,0.8082992489289383,0.48867969486912555,0.6165984978578766
0,0,0.9396716350923937,0.22787007588523508,0.8793432701847873
0,1,0.8160872171874548,0.4772750524624287,0.6321744343749097
1,0,0.9593002110546778,0.17016177363657597,0.9186004221093556
1,0,0.9769026738589238,0.10986011745744083,0.9538053477178476
1,0,0.990846850949872,0.052072875445484945,0.981693701899744
0,1,0.8099029605601671,0.48636364224754686,0.6198059211203341
0,1,0.8021102536843245,0.4974630376775235,0.6042205073686491
0,1,0.7786980488718452,0.52855086513128,0.5573960977436905
1,0,0.6841065760390109,0.6237351978670641,0.3682131520780218
0,1,0.7626233763093037,0.5480371032263702,0.5252467526186073
1,0,0.9904988366134503,0.05369654057514845,0.9809976732269006
1,0,0.9381870185164575,0.2319271365383483,0.876374037032915
1,0,0.9808119308028732,0.09486217979860448,0.9616238616057463
1,1,0.809099839073903,0.48752557781822076,0.6181996781478061
0,1,0.7894884801574428,0.5146336081410885,0.5789769603148857
0,1,0.8089909547481159,0.4876827871118174,0.6179819094962318
1,1,0.7955021125904569,0.506574948825958,0.5910042251809139
1,0,0.9749816581103162,0.11697403888171412,0.9499633162206323
1,0,0.9593002119831359,0.170161770702666,0.9186004239662716
1,1,0.7770196106246083,0.5306543412745793,0.5540392212492167
1,0,0.9621760143430648,0.16096590126665855,0.9243520286861295
1,0,0.9926474137203928,0.043446563322643426,0.9852948274407857
1,0,0.9612490910121063,0.16395394790018405,0.9224981820242127
1,0,0.6812421995246571,0.6259295745288185,0.36248439904931434
1,0,0.6841065760390109,0.6237351978670641,0.3682131520780218
0,1,0.7755400637345905,0.532495073292151,0.5510801274691811
1,0,0.9845482992886433,0.07976585489593191,0.9690965985772865
0,1,0.7808980749411696,0.5257689458223661,0.5617961498823392
1,0,0.6845176386978387,0.6234171750800713,0.3690352773956772
0,1,0.7954856358216419,0.5065973302956119,0.5909712716432837
0,1,0.7865609709314981,0.5184776244871603,0.5731219418629965
1,0,0.9731254234391276,0.12370408554236123,0.9462508468782551
0,0,0.9794865401635742,0.10003073682481026,0.9589730803271483
0,1,0.7782485139681704,0.5291158368310824,0.5564970279363408
0,1,0.8023499119605298,0.4971274463047545,0.6046998239210598
1,0,0.6726230739953528,0.6323054331181501,0.3452461479907056
1,1,0.7947643592488743,0.5075754532864074,0.589528718497749
1,0,0.9729769268254868,0.12423666838701045,0.9459538536509736
1,0,0.9725081714444481,0.12591237739928784,0.9450163428888961
0,0,0.9384644575163071,0.23117188340889525,0.8769289150326143
0,1,0.7948792185608985,0.5074199063250694,0.5897584371217971
1,0,0.9319108838515955,0.24866779960417762,0.863821767703191
0,1,0.7948488058951269,0.5074611002179904,0.5896976117902537
0,0,0.9606085471116317,0.1660053066404834,0.9212170942232635
0,1,0.8222142353865322,0.4680192745072616,0.6444284707730643
1,0,0.938426726628316,0.23127467379651148,0.8768534532566319
0,1,0.804151710669758,0.4945927830351611,0.6083034213395161
0,1,0.7871678940336747,0.5176849053159931,0.5743357880673492
1,0,0.9902037475449628,0.05506317910634922,0.9804074950899254
0,1,0.7876529070646714,0.5170498359249278,0.5753058141293429
0,1,0.8303205929105474,0.45537750777647523,0.6606411858210949
1,0,0.9838626706418119,0.08259904419919481,0.9677253412836239
0,1,0.8020752794162366,0.49751198157301557,0.6041505588324732
1,0,0.9382905875279346,0.23164535329072258,0.8765811750558692
1,0,0.9874222992396176,0.06753614572879985,0.974844598479235
1,1,0.779527675725475,0.5275051166867594,0.5590553514509503
0,0,0.9659819995212207,0.14844299642601755,0.9319639990424413
1,0,0.6905074973011418,0.6186940038171886,0.38101499460228344
1,0,0.6809572084735076,0.6261458343529771,0.3619144169470151
1,0,0.9324759297778802,0.2471868799154361,0.8649518595557605
0,0,0.933662943076756,0.24405929342524596,0.8673258861535119
0,1,0.7883263339897605,0.5161657273361127,0.5766526679795209
0,1,0.8937257775281584,0.3386540909778185,0.7874515550563169
1,0,0.9834720832590201,0.08419972875337217,0.9669441665180404
0,1,0.781772839909258,0.5246549620199262,0.5635456798185162
1,0,0.9687209428406539,0.1391605664274413,0.9374418856813079
1,0,0.9773062175384571,0.108345350183461,0.9546124350769143
1,0,0.9752718870381039,0.11590925246698297,0.9505437740762076
0,1,0.7949734590464324,0.5072922217547804,0.5899469180928647
1,0,0.9758679591681553,0.11371139647660974,0.9517359183363105
1,0,0.9814348953447716,0.09240095824526434,0.9628697906895431
1,0,0.9756350900212925,0.11457181492162205,0.951270180042585
0,1,0.7867881029276659,0.5181812182173494,0.5735762058553319
1,0,0.988583487768924,0.06241366624171988,0.9771669755378479
1,0,0.9621760143430648,0.16096590126665855,0.9243520286861295
0,1,0.7875980890181956,0.517121684375487,0.5751961780363913
0,0,0.9586096991854236,0.17233770480270863,0.9172193983708472
0,1,0.7803914735777493,0.5264120397604459,0.5607829471554985
1,0,0.9695884891525817,0.1361697236597376,0.9391769783051634
1,1,0.779526965236292,0.5275060139734613,0.5590539304725841
1,1,0.7721405037827336,0.5366769829931204,0.5442810075654672
1,0,0.9868645064921074,0.06995754450172574,0.973729012984215
1,0,0.9612490910121063,0.16395394790018405,0.9224981820242127
1,0,0.9685086535469942,0.13988861944041298,0.9370173070939883
0,0,0.9599382663916686,0.16814029086614182,0.9198765327833371
1,0,0.9721520830930555,0.12717982335171427,0.944304166186111
1,0,0.9756542952655889,0.11450094087302012,0.9513085905311778
1,0,0.6811369076866921,0.6260095167147972,0.3622738153733844
0,1,0.7788184196447656,0.5283993851834413,0.5576368392895311
1,0,0.6641687702541292,0.6382315567415089,0.3283375405082585
0,0,0.9397930921239039,0.2275364577069589,0.8795861842478078
1,0,0.6899820919537571,0.6191149922493762,0.3799641839075145
0,1,0.815475793579955,0.47818486575059316,0.6309515871599101
1,0,0.9381613936753422,0.23199682624075155,0.8763227873506844
1,0,0.9602909305026963,0.16701845027515183,0.9205818610053927
0,0,0.9644335256992009,0.15358862373927157,0.9288670513984019
0,1,0.781709669594508,0.524735557395315,0.5634193391890162
0,0,0.9396364245172273,0.22796674361789176,0.8792728490344544
0,0,0.9385782408256373,0.23086175382633664,0.8771564816512747
0,1,0.9299974658663901,0.2536455018887742,0.8599949317327803
1,0,0.9818934843464301,0.09057558170781504,0.9637869686928602
1,1,0.8091688545580944,0.4874258921855357,0.6183377091161888
0,0,0.6825231820631232,0.6249529048251857,0.36504636412624636
1,0,0.9773062175384571,0.108345350183461,0.9546124350769143
1,0,0.9590122638929925,0.1710706218182651,0.9180245277859853
1,0,0.6803905962626428,0.6265746864839834,0.36078119252528545
1,1,0.7787834119570267,0.5284434490911699,0.5575668239140535
1,0,0.9863124073683133,0.07233058128154214,0.9726248147366267
1,1,0.7504863343400144,0.5618002207405902,0.5009726686800291
0,1,0.7884598320975057,0.5159901417566684,0.5769196641950114
0,0,0.9399590755288952,0.22708011278354895,0.8799181510577904
0,1,0.7871501316703383,0.5177081364433208,0.5743002633406766
1,0,0.6777936375751732,0.6285213791554258,0.35558727515034627
1,0,0.961593050280356,0.1628478748057972,0.9231861005607119
1,0,0.9762953970365942,0.11212606584165627,0.9525907940731884
0,1,0.8160872171874548,0.4772750524624287,0.6321744343749097
0,1,0.8090826882397925,0.4875503456160802,0.6181653764795849
1,0,0.6963639592996618,0.6139137055764614,0.3927279185993234
1,0,0.9731254234391276,0.12370408554236123,0.9462508468782551
1,0,0.9828121309931195,0.08688309371148177,0.965624261986239
1,0,0.9395457458471055,0.22821559383296827,0.8790914916942109
1,0,0.9326197730038556,0.2468090753635302,0.865239546007711
0,1,0.8115194016909428,0.48401230111541227,0.6230388033818854
0,0,0.9615947863015546,0.16284228416407406,0.9231895726031092
1,0,0.7100729685474367,0.6020863347891277,0.42014593709487347
0,1,0.7786838019752231,0.5285687884959533,0.557367603950446
0,0,0.9608707676489203,0.16516685898874367,0.9217415352978406
1,0,0.9383597362987454,0.2314571150852311,0.8767194725974907
0,0,0.9395004969558145,0.22833971657943064,0.879000993911629
0,1,0.7750960117832539,0.5330450705170415,0.5501920235665079
0,0,0.9318587080805304,0.2488042918790342,0.8637174161610609
0,1,0.7102305477802373,0.6019451246948851,0.42046109556047484
1,0,0.9593002161503881,0.17016175753422685,0.9186004323007763
0,1,0.7939815744333568,0.5086333788523385,0.5879631488667135
0,0,0.9625460275315332,0.1597665577261887,0.9250920550630665
0,0,0.6765825660750182,0.6294186374919275,0.35316513215003636
1,1,0.8164810495063602,0.47668770184422155,0.6329620990127206
0,1,0.8238211355715125,0.4655495795485569,0.647642271143025
1,0,0.9327085980460967,0.24657561179535087,0.8654171960921935
1,0,0.9841946110707779,0.08123115887447366,0.9683892221415558
0,0,0.9807638789439597,0.09505115894020362,0.9615277578879192
1,0,0.6963639592996618,0.6139137055764614,0.3927279185993234
1,0,0.9762953970365942,0.11212606584165627,0.9525907940731884
1,0,0.6889560587288865,0.6199333960726696,0.37791211745777314
1,0,0.938168311057409,0.2319780147401624,0.8763366221148181
1,0,0.9388831202168494,0.23002966161664182,0.8777662404336988
0,0,0.9615946468136828,0.1628427333705414,0.9231892936273657
1,0,0.9893517503107299,0.05895953555788461,0.9787035006214598
1,1,0.7869710272829225,0.5179422791672105,0.5739420545658449
1,0,0.9612490910121063,0.16395394790018405,0.9224981820242127
1,0,0.938301321869576,0.23161613746213905,0.876602643739152
0,1,0.7868038547039301,0.5181606508171392,0.5736077094078602
1,0,0.6851140484389933,0.6229543653037894,0.3702280968779863
1,0,0.6862585351639532,0.6220616323525622,0.3725170703279065
1,0,0.6641687702541292,0.6382315567415089,0.3283375405082585
1,0,0.9602909229775568,0.16701847424766217,0.9205818459551136
1,0,0.9381724501807129,0.2319667581913236,0.876344900361426
0,1,0.8030144823994357,0.49619495850072376,0.6060289647988714
1,0,0.9743129131532192,0.11941443556492437,0.9486258263064384
1,0,0.9852487997094949,0.07683927797687565,0.9704975994189896
0,0,0.934201370819282,0.24263314671903619,0.868402741638564
1,0,0.9381631831958837,0.23199195980149812,0.8763263663917673
1,1,0.8091296191086295,0.48748256746249385,0.6182592382172591
1,0,0.9382017366979061,0.23188710363206033,0.8764034733958124
1,1,0.8091542660380269,0.48744696634434076,0.618308532076054
0,1,0.7879922122953704,0.5166047183315636,0.5759844245907408
0,0,0.9384442978235445,0.2312268075951446,0.8768885956470891
0,1,0.7613470757133307,0.5495222008576702,0.5226941514266615
0,0,0.9619013378268279,0.16185379007902323,0.9238026756536557
0,0,0.9593002501267236,0.1701616501696277,0.9186005002534471
1,0,0.9878173217815457,0.06580624616130215,0.9756346435630914
1,1,0.7795196433319402,0.5275152607375212,0.5590392866638805
1,0,0.6863579285809223,0.6219838156586974,0.37271585716184447
1,0,0.6649747940560452,0.6376804499781814,0.3299495881120903
1,1,0.8090976325903776,0.48752876434362646,0.6181952651807552
0,1,0.7784673780018037,0.5288409167219414,0.5569347560036074
1,1,0.7764995165539573,0.5313028370468811,0.5529990331079149
0,0,0.9606087467661608,0.16600466893977192,0.9212174935323216
0,1,0.8022525622678331,0.4972638078823049,0.6045051245356661
1,0,0.9381383929482607,0.232059369723969,0.8762767858965215
0,1,0.808380053297797,0.48856339657131687,0.6167601065955939
0,0,0.9656359663129882,0.14959909593041368,0.9312719326259764
0,1,0.8440526796668004,0.43288808697609327,0.6881053593336006
1,0,0.9907462923262085,0.05254338302591588,0.981492584652417
0,1,0.778773798861952,0.5284555477751819,0.5575475977239037
1,0,0.9687209271652875,0.1391606202414064,0.9374418543305749
1,0,0.9807345221977222,0.09516655338963693,0.9614690443954443
0,0,0.6765825660750182,0.6294186374919275,0.35316513215003636
1,1,0.7880733873905126,0.51649812665074,0.5761467747810252
0,0,0.9619030175850305,0.16184836655025917,0.9238060351700608
1,0,0.9660479210381216,0.14822234003145746,0.9320958420762433
1,1,0.7761146298791669,0.5317817415366358,0.5522292597583337
1,0,0.9902658348141337,0.05477639069534075,0.9805316696282674
0,1,0.7872732952004196,0.5175470139715463,0.5745465904008392
1,0,0.9859573361675932,0.07384476236474671,0.9719146723351865
1,1,0.7794453230569536,0.5276091014622135,0.5588906461139073
0,0,0.9807098114163028,0.09526365028784017,0.9614196228326056
1,0,0.932443854264355,0.24727108149145366,0.8648877085287102
1,0,0.983529950330981,0.08396317855444321,0.967059900661962
1,0,0.9817670539949239,0.09107999625385259,0.9635341079898478
1,0,0.9593002110546778,0.17016177363657597,0.9186004221093556
1,0,0.9819000414944439,0.09054939642301818,0.9638000829888878
0,1,0.7951886156547423,0.5070005060804201,0.5903772313094846
1,1,0.8029948427752891,0.49622255571682183,0.605989685550578
1,0,0.6803905962626428,0.6265746864839834,0.36078119252528545
1,0,0.6711788244413868,0.633340665422324,0.3423576488827735
0,1,0.7613472856310516,0.5495219573364017,0.5226945712621032
1,1,0.7786653324170238,0.5285920224435942,0.5573306648340477
1,0,0.6875394517567389,0.6210552649049188,0.37507890351347817
1,0,0.9818317005523007,0.09082219019816057,0.9636634011046016
1,0,0.6864945009887409,0.6218768160864738,0.3729890019774818
1,0,0.7441970170072013,0.5686210310929949,0.4883940340144027
1,0,0.9879382528057414,0.0652740863343165,0.9758765056114828
1,0,0.9349433588622011,0.24066008946090514,0.8698867177244023
1,0,0.9973527360815203,0.018353226224164295,0.9947054721630406
1,0,0.9847266715494171,0.07902376408732278,0.969453343098834
0,0,0.936731820663144,0.23586691053534803,0.8734636413262881
0,1,0.7857645733059925,0.5195144938079765,0.5715291466119851
1,0,0.9330669816859842,0.24563237468610682,0.8661339633719686
0,1,0.7894886349154743,0.5146334035749072,0.5789772698309488
0,1,0.7948794883227593,0.5074195409078053,0.5897589766455187
1,0,0.9910537428009301,0.051101320788195674,0.9821074856018602
0,1,0.8022662328996635,0.4972446624917357,0.6045324657993272
0,1,0.7935997076654895,0.5091481077324442,0.5871994153309789
0,1,0.7792911569784491,0.5278036572948914,0.5585823139568982
1,0,0.6633256058588834,0.6388049407706147,0.326651211717767
1,1,0.795697594534074,0.5063092855758414,0.5913951890681479
0,1,0.8038869153710293,0.4949665699967718,0.6077738307420584
0,1,0.7873219702291223,0.5174833123523864,0.5746439404582449
1,0,0.9903242810196007,0.05450605541676495,0.9806485620392013
1,1,0.7955671859460001,0.5064865391317321,0.5911343718920001
1,1,0.7948478904615769,0.5074623400829013,0.5896957809231538
1,0,0.9384607275697103,0.23118204601302067,0.8769214551394207
1,0,0.9382834100691106,0.2316648871845063,0.8765668201382213
0,1,0.7869302951651896,0.517995501454,0.5738605903303794
1,0,0.9721520830930555,0.12717982335171427,0.944304166186111
1,0,0.9663146561286775,0.14732815336245839,0.932629312257355
1,1,0.7788259461391186,0.5283899107136097,0.5576518922782373
0,0,0.9840225531679228,0.08194106322870132,0.9680451063358456
1,0,0.6777936375751732,0.6285213791554258,0.35558727515034627
1,0,0.9762953970365942,0.11212606584165627,0.9525907940731884
1,0,0.9382238919499032,0.23182683512503294,0.8764477838998063
0,1,0.8279105268639327,0.4591839177417206,0.6558210537278655
0,1,0.789374967636106,0.5147836153249374,0.5787499352722119
0,0,0.9663146687468006,0.14732811101065077,0.9326293374936013
1,1,0.779432762118936,0.5276249583951073,0.558865524237872
1,0,0.6711788244413868,0.633340665422324,0.3423576488827735
0,0,0.9399458056350352,0.2271166141794159,0.8798916112700703
1,0,0.6812421995246571,0.6259295745288185,0.36248439904931434
1,0,0.9834720832590201,0.08419972875337217,0.9669441665180404
1,0,0.9397164377845184,0.22774704216602504,0.8794328755690368
0,0,0.9396248878747293,0.2279984117645091,0.8792497757494585
1,0,0.9659805637875511,0.14844780072618297,0.9319611275751024
1,0,0.9647822402044488,0.15243603979137094,0.9295644804088976
1,0,0.9817333218798973,0.09121442487974851,0.9634666437597945
1,0,0.9381584842780563,0.2320047379656967,0.8763169685561126
1,0,0.988583487768924,0.06241366624171988,0.9771669755378479
0,0,0.9396591418871355,0.22790437745342515,0.8793182837742707
1,0,0.9743129131532192,0.11941443556492437,0.9486258263064384
1,0,0.6667535571193651,0.6364539234343799,0.33350711423873036
1,0,0.7076856267901374,0.6042109487089761,0.41537125358027477
0,0,0.9628795371759806,0.15868228189799233,0.9257590743519611
1,0,0.9790372492240536,0.10176268412688878,0.9580744984481072
1,0,0.6845176386978387,0.6234171750800713,0.3690352773956772
0,0,0.9395006033971399,0.22833942464130258,0.8790012067942801
1,0,0.9824713642575709,0.08825849389623594,0.9649427285151416
0,0,0.6765825660750182,0.6294186374919275,0.35316513215003636
1,0,0.9846281763384932,0.07943379851971145,0.9692563526769864
1,0,0.9839861472310664,0.08209103070446444,0.9679722944621327
1,0,0.676852612597115,0.6292191466240225,0.35370522519423
1,1,0.7964718915233767,0.505254691758494,0.5929437830467534
1,0,0.9844894407808985,0.08001026672142422,0.9689788815617971
1,1,0.7790440789093807,0.5281151788292331,0.5580881578187613
0,1,0.804022429281947,0.4947753331705354,0.608044858563894
1,0,0.7076856267901374,0.6042109487089761,0.41537125358027477
1,0,0.9807123200067408,0.0952537946724189,0.9614246400134816
0,0,0.938303386708738,0.23161051732826554,0.876606773417476
1,0,0.9395559527248466,0.2281875902491705,0.8791119054496933
1,1,0.8161139729391295,0.4772351824130331,0.6322279458782587
0,1,0.8032027149862028,0.4959303340400011,0.6064054299724055
1,0,0.9385477145019693,0.23094497888257445,0.8770954290039386
0,1,0.7869588273762042,0.5179582211131302,0.5739176547524084
0,1,0.8013281133703507,0.49855574613694864,0.6026562267407014
1,0,0.6921928687327399,0.6173348526921008,0.3843857374654797
0,0,0.9396768317028902,0.2278558071675781,0.8793536634057805
1,1,0.7722344793206436,0.5365622666374538,0.5444689586412872
1,0,0.9945160756350699,0.03401781009052139,0.9890321512701399
0,1,0.8159052545543496,0.4775460773552048,0.6318105091086992
0,1,0.7789111809454355,0.5282825928429893,0.5578223618908713
0,1,0.7873308567019717,0.5174716809868236,0.5746617134039433
1,1,0.8020676545328201,0.49752265100904536,0.6041353090656404
0,1,0.7907653543531902,0.5129408661828392,0.5815307087063804
1,0,0.9381732640118196,0.2319645449029678,0.876346528023639
0,1,0.7950070987089701,0.5072466308455809,0.5900141974179403
1,1,0.779361137908106,0.5277153592903991,0.5587222758162123
1,0,0.6965762794363253,0.6137373641807109,0.3931525588726504
1,0,0.9382402438237446,0.23178234800454256,0.8764804876474893
1,0,0.6711788244413868,0.633340665422324,0.3423576488827735
1,0,0.9381715375609772,0.23196924013083867,0.8763430751219542
1,0,0.6670822056225965,0.6362257500448967,0.334164411245193
0,0,0.936826804729016,0.2356108509476142,0.873653609458032
0,1,0.8090799928842353,0.4875542378496256,0.6181599857684708
1,0,0.9644313207574472,0.15359590027925685,0.9288626415148944
1,0,0.9389183404532115,0.22993343253972515,0.8778366809064232
1,0,0.9765688611209518,0.11110767835362681,0.9531377222419034
0,0,0.961594780532529,0.1628423027426431,0.9231895610650581
1,0,0.6819104756885226,0.625420999237088,0.36382095137704507
0,0,0.9324778578871983,0.2471818179063615,0.8649557157743966
1,0,0.6618071948907858,0.6398294926036148,0.3236143897815716
1,0,0.9606085451573566,0.16600531288247383,0.9212170903147131
1,1,0.7787328103006974,0.5285071284351303,0.5574656206013948
0,0,0.9653907465144657,0.15041619035239262,0.9307814930289312
0,1,0.8091636813988128,0.48743336534117426,0.6183273627976256
0,1,0.8484833060965038,0.42533095053913017,0.6969666121930077
1,0,0.6765295215305099,0.6294577838051953,0.35305904306102004
1,0,0.9877983896835956,0.06588944698532276,0.9755967793671911
0,1,0.7944104270853084,0.5080542535739576,0.5888208541706168
0,1,0.791919555521518,0.5114022725906964,0.583839111043036
1,0,0.9773062175384571,0.108345350183461,0.9546124350769143
0,1,0.8024634809782412,0.4969682901496312,0.6049269619564824
0,1,0.7677866760778611,0.5419369259275477,0.5355733521557223
1,0,0.9755821421630227,0.11476713066191542,0.9511642843260455
1,0,0.9880220026615453,0.06490482456836996,0.9760440053230903
0,1,0.7727339246589976,0.535951748619621,0.5454678493179954
0,1,0.7652086542000608,0.5450012766373371,0.5304173084001216
0,1,0.788145131995929,0.5164038853783042,0.5762902639918579
0,1,0.7815768285766824,0.5249049653276647,0.5631536571533649
1,1,0.7792202014543311,0.527893155916931,0.5584404029086623
0,0,0.9814282921359322,0.09242715681159662,0.9628565842718645
0,1,0.787304565592219,0.5175060916435219,0.5746091311844381
1,0,0.9731254234391276,0.12370408554236123,0.9462508468782551
1,0,0.6765295215305099,0.6294577838051953,0.35305904306102004
0,0,0.966316778101417,0.14732103104739683,0.9326335562028341
1,0,0.9639413769102938,0.15520926735416862,0.9278827538205876
0,1,0.8037447292784965,0.49516709735882536,0.6074894585569928
0,0,0.9678210979656233,0.14223651971598858,0.9356421959312466
0,1,0.7793458859652839,0.5277346057616747,0.558691771930568
1,0,0.9647328979739795,0.15259934412749987,0.9294657959479591
1,0,0.9933230048231423,0.040100305450420926,0.9866460096462848
0,1,0.7944576476646616,0.507990417820266,0.5889152953293232
0,0,0.9612508773126607,0.16394821190450828,0.9225017546253212
1,0,0.9825306283354025,0.08801978068649055,0.965061256670805
1,0,0.980760008474295,0.09506637545694276,0.9615200169485899
1,0,0.9763032012020784,0.11209704788954311,0.9526064024041568
0,0,0.9874213500535591,0.06754028715488825,0.9748427001071183
0,1,0.7871727971535794,0.5176784922676974,0.5743455943071585
0,0,0.9398128077495398,0.2274822782434196,0.8796256154990797
0,1,0.774255265611076,0.5340833113046553,0.5485105312221522
0,1,0.796831888495962,0.5047631163992619,0.593663776991924
0,1,0.7868174404912969,0.5181429104026595,0.5736348809825936
1,0,0.6765295215305099,0.6294577838051953,0.35305904306102004
0,1,0.7883473330009484,0.5161381151214781,0.5766946660018967
0,0,0.958609697109776,0.17233771132530193,0.9172193942195518
1,0,0.9780184831251574,0.10565374616067641,0.9560369662503148
1,0,0.9834720832590201,0.08419972875337217,0.9669441665180404
1,0,0.6686605082149668,0.6351231890306157,0.3373210164299335
1,1,0.8091550864372348,0.48744578125568494,0.6183101728744695
0,1,0.7944158794802483,0.5080468833802634,0.5888317589604968
1,0,0.6809152615469951,0.6261776333823368,0.3618305230939903
1,0,0.6899820919537571,0.6191149922493762,0.3799641839075145
0,1,0.7052891912777851,0.6063159468468227,0.4105783825555701
1,0,0.9838626706418119,0.08259904419919481,0.9677253412836239
1,0,0.975105723890639,0.11651929354822349,0.950211447781278
1,1,0.7784929667661807,0.5288087559588277,0.5569859335323615
0,1,0.7737113361890113,0.534752856675508,0.5474226723780227
1,0,0.6965762794363253,0.6137373641807109,0.3931525588726504
0,1,0.7871165822542124,0.5177520100818,0.5742331645084251
0,0,0.9324172009785534,0.24734103672792096,0.8648344019571069
1,0,0.960989107039521,0.16478787172138085,0.921978214079042
1,0,0.9384582361837542,0.23118883390341183,0.8769164723675085
0,1,0.7937562253336522,0.5089372409317949,0.5875124506673043
1,0,0.9621760143430648,0.16096590126665855,0.9243520286861295
1,1,0.7948211261133463,0.5074985874946465,0.5896422522266928
1,0,0.9715075670078774,0.12946201530905002,0.9430151340157548
1,0,0.9946174459931734,0.03348969219383733,0.9892348919863466
1,0,0.9692548384790314,0.13732295813062168,0.9385096769580629
1,1,0.7790071099533614,0.5281617596036128,0.5580142199067227
0,1,0.7957439852681398,0.506246205282301,0.5914879705362794
1,0,0.6641687702541292,0.6382315567415089,0.3283375405082585
1,1,0.8343900658215816,0.448856436655914,0.6687801316431631
0,1,0.8147911840909675,0.4792006334657224,0.6295823681819349
0,0,0.9631760213310367,0.15771576783651292,0.9263520426620736
0,1,0.8018131890619014,0.4978785124448216,0.6036263781238027
0,1,0.7793060296545554,0.5277848941707914,0.5586120593091107
1,0,0.6765825818170034,0.6294186258726002,0.35316516363400685
1,1,0.7884147235215059,0.5160494835023443,0.5768294470430118
1,0,0.6863548506019217,0.6219862261461517,0.37270970120384345
0,1,0.7948345218872895,0.5074804459193837,0.589669043774579
1,1,0.7791744067730529,0.5279509027705258,0.5583488135461057
1,0,0.9698891669264804,0.13512722406805694,0.9397783338529608
0,0,0.9324540245682744,0.24724438514918679,0.8649080491365487
1,0,0.9784564175070284,0.10398715240101482,0.9569128350140568
1,0,0.6862585351639532,0.6220616323525622,0.3725170703279065
1,0,0.9718729658892855,0.1281700239325199,0.9437459317785711
1,1,0.7957661093987977,0.5062161170976313,0.5915322187975955
1,0,0.991687495921018,0.04809470692902901,0.9833749918420359
0,0,0.970159323951706,0.13418790549646728,0.940318647903412
1,0,0.9381793025319835,0.23194812223671019,0.8763586050639672
0,1,0.8022152166657409,0.49731610349384037,0.6044304333314818
1,0,0.960608733338292,0.16600471182869644,0.9212174666765841
1,0,0.6765295215305099,0.6294577838051953,0.35305904306102004
1,0,0.9647822402044488,0.15243603979137094,0.9295644804088976
0,1,0.7790069401416214,0.5281619735475815,0.5580138802832428
0,0,0.9383227086729075,0.2315579227254235,0.876645417345815
1,0,0.9382248703005917,0.2318241735411974,0.8764497406011831
0,1,0.8282958787345238,0.4585780506879733,0.6565917574690477
0,1,0.8346284790729809,0.4484707009970585,0.6692569581459615
1,0,0.7076856267901374,0.6042109487089761,0.41537125358027477
1,0,0.9824713642575709,0.08825849389623594,0.9649427285151416
1,0,0.9697019859739322,0.13577657323223874,0.9394039719478645
1,0,0.9386345256349137,0.2307082600649446,0.8772690512698272
1,0,0.9817670539949239,0.09107999625385259,0.9635341079898478
0,0,0.9721532848895461,0.12717555363764177,0.9443065697790923
0,1,0.804146608849292,0.49459998900670565,0.608293217698584
0,1,0.8023798635397933,0.49708547991860086,0.6047597270795866
0,1,0.7875362999310068,0.5172026480355763,0.5750725998620135
0,0,0.9615930622932714,0.16284783611996798,0.9231861245865428
0,1,0.7871360348489604,0.5177265721232773,0.574272069697921
0,1,0.7985684544412847,0.5023805743560419,0.5971369088825692
1,1,0.7784792692329783,0.5288259719212147,0.5569585384659566
0,0,0.9630747647446769,0.15804613372872928,0.9261495294893538
0,0,0.9634659256474782,0.15676830714326856,0.9269318512949564
1,0,0.9784564175070284,0.10398715240101482,0.9569128350140568
0,0,0.9872357950953737,0.0683485018663254,0.9744715901907475
0,1,0.8020938790549555,0.4974859537167614,0.6041877581099112
1,0,0.6683173273795567,0.6353638818652843,0.3366346547591136
0,0,0.9680692658409744,0.14139083049108542,0.9361385316819488
0,1,0.7868940844992953,0.5180428075144896,0.5737881689985909
1,0,0.7020909258045006,0.6090822417572398,0.4041818516090015
0,1,0.795752667413496,0.506234398172062,0.591505334826992
1,0,0.9731254234391276,0.12370408554236123,0.9462508468782551
0,1,0.7873871899826871,0.5173979362635068,0.5747743799653742
1,1,0.8163972966373462,0.47681269515578006,0.6327945932746922
1,0,0.9802599644282805,0.0970256470577756,0.9605199288565609
0,1,0.8049256667752519,0.49349770696372736,0.6098513335505037
1,0,0.9395245563631318,0.2282737234328076,0.8790491127262638
0,1,0.8091094101076918,0.48751175530510005,0.6182188202153835
0,1,0.7832145849087366,0.522809153829547,0.5664291698174732
1,0,0.6845176386978387,0.6234171750800713,0.3690352773956772
1,0,0.7090876643876435,0.6029665533334767,0.41817532877528696
0,0,0.9399994101592777,0.22696914546509647,0.8799988203185555
1,0,0.9763087630381669,0.11207636590482492,0.952617526076334
1,0,0.9902658348141337,0.05477639069534075,0.9805316696282674
1,1,0.8152957853623766,0.4784522487150929,0.6305915707247531
1,0,0.9718729658892855,0.1281700239325199,0.9437459317785711
1,0,0.9382509656979868,0.23175317542942436,0.8765019313959735
0,1,0.7448632243459953,0.5679084230490554,0.48972644869199083
1,0,0.9400196544427682,0.22691343918229936,0.8800393088855365
1,0,0.9890211369809773,0.06045262542966048,0.9780422739619545
0,1,0.7802225257474412,0.5266261737583317,0.5604450514948824
1,0,0.9814472401774421,0.09235197307531448,0.9628944803548842
1,1,0.8164519964888096,0.4767310660535534,0.6329039929776192
0,1,0.8089868701738713,0.4876886830057684,0.6179737403477427
0,0,0.9644326696342538,0.15359144886057907,0.9288653392685076
1,0,0.9851434378859011,0.07728158200742029,0.9702868757718021
0,0,0.9643567085815182,0.1538420448308121,0.9287134171630366
0,0,0.9641466306145379,0.15453422026223468,0.9282932612290756
1,1,0.8095948833715583,0.4868098549833408,0.6191897667431165
1,0,0.6809572084735076,0.6261458343529771,0.3619144169470151
0,0,0.9641441995906213,0.15454222263548328,0.9282883991812424
1,1,0.7783513819483001,0.5289866565955424,0.5567027638966
0,1,0.7872813008956631,0.5175365377901147,0.5745626017913261
1,1,0.8028508572008964,0.49642480697991653,0.6057017144017929
0,0,0.9626486059222393,0.159433394085458,0.9252972118444787
0,1,0.7868686106473121,0.5180760821836081,0.5737372212946243
0,1,0.8162957498232775,0.47696418149822317,0.6325914996465549
1,0,0.6940763838384121,0.6158001337338602,0.38815276767682394
1,0,0.9736765164683413,0.12172018413476132,0.9473530329366826
1,0,0.9593002106444468,0.170161774932898,0.9186004212888936
1,0,0.9687209271652875,0.1391606202414064,0.9374418543305749
0,1,0.7941891215832401,0.5083532464008734,0.58837824316648
1,0,0.6765295215305099,0.6294577838051953,0.35305904306102004
1,0,0.6863579285809223,0.6219838156586974,0.37271585716184447
0,1,0.8041001740914081,0.49466556732094447,0.6082003481828161
1,0,0.9838980682146503,0.08245350825737484,0.9677961364293006
0,1,0.7807050064487363,0.5260142091290556,0.5614100128974726
0,1,0.7948591854200039,0.5074470418106164,0.5897183708400078
0,0,0.9383354535080675,0.23152322761064031,0.876670907016135
0,1,0.8027997244990666,0.4964965996933607,0.6055994489981332
1,0,0.98064975531026,0.09549949628246429,0.9612995106205199
1,1,0.779296048086426,0.527797486895263,0.5585920961728521
0,0,0.9331271373771765,0.24547384841800296,0.8662542747543529
0,1,0.7217809363939601,0.5912634147580091,0.4435618727879201
0,0,0.9831439700181922,0.08553712178573641,0.9662879400363844
1,0,0.9773062175384571,0.108345350183461,0.9546124350769143
1,0,0.93818197647954,0.23194084983223803,0.87636395295908
0,1,0.8671225053352488,0.3918203274603407,0.7342450106704977
0,0,0.9814283955605643,0.09242674648756127,0.9628567911211285
1,0,0.9883999906372827,0.06323080204735275,0.9767999812745654
0,0,0.961593050280356,0.1628478748057972,0.9231861005607119
1,1,0.7721634527125698,0.5366489737655378,0.5443269054251396
1,0,0.6811369076866921,0.6260095167147972,0.3622738153733844
1,0,0.6997170659171926,0.6111038409328304,0.39943413183438536
1,0,0.9659805637875511,0.14844780072618297,0.9319611275751024
0,1,0.7788858513416766,0.5283144893735843,0.5577717026833533
0,1,0.6634468543284343,0.6387226832403423,0.3268937086568686
1,0,0.9922434632389908,0.0454170901751952,0.9844869264779816
1,0,0.9871310967602764,0.06880332410689674,0.9742621935205529
0,0,0.9656254714936083,0.14963410264212196,0.9312509429872168
0,0,0.6765825660750182,0.6294186374919275,0.35316513215003636
1,0,0.9923000815399667,0.04514220154556163,0.9846001630799336
0,0,0.9384055157298838,0.2313324479006658,0.8768110314597677
0,0,0.7904525666739296,0.5133564359138109,0.5809051333478592
1,0,0.9768753115742986,0.10996256360427728,0.9537506231485973
1,0,0.6667535571193651,0.6364539234343799,0.33350711423873036
1,0,0.9746293778648832,0.11826184198723919,0.9492587557297665
1,0,0.9386095144181694,0.23077647470036342,0.8772190288363388
0,1,0.8333490074258633,0.4505359815030838,0.6666980148517268
0,1,0.7871542791981248,0.5177027121227524,0.5743085583962497
1,0,0.9807278487723958,0.09519277868619005,0.9614556975447918
1,1,0.777674913872668,0.5298350325428712,0.5553498277453361
0,0,0.981891098319785,0.09058510945550843,0.9637821966395701
0,0,0.9874193075026148,0.06754919883263974,0.9748386150052294
0,0,0.9903442310750178,0.054413697540695694,0.9806884621500356
0,1,0.8239165319815921,0.46540240364925944,0.6478330639631842
1,0,0.9619012346300752,0.16185412327360973,0.9238024692601503
0,1,0.7939125765402452,0.5087264489896185,0.5878251530804903
1,0,0.9734613430150464,0.12249619238281254,0.9469226860300928
1,0,0.9325735222353888,0.2469305889925017,0.8651470444707775
1,0,0.6819104756885226,0.625420999237088,0.36382095137704507
0,0,0.967292345990221,0.14403178697962787,0.9345846919804419
0,0,0.9599382704182929,0.16814027807578102,0.919876540836586
1,0,0.9663146561286775,0.14732815336245839,0.932629312257355
1,0,0.9698891669264804,0.13512722406805694,0.9397783338529608
0,1,0.7952647374027688,0.5068972299100052,0.5905294748055376
1,1,0.7946793646305989,0.5076905042430414,0.5893587292611977
0,0,0.6765825660750182,0.6294186374919275,0.35316513215003636
1,0,0.9804701218838384,0.09620380147109986,0.9609402437676768
1,0,0.6828120339537981,0.6247316274299985,0.3656240679075963
1,1,0.7775673499424605,0.5299696871907963,0.5551346998849209
1,0,0.9698891669264804,0.13512722406805694,0.9397783338529608
1,0,0.9806959862781779,0.09531795978108798,0.9613919725563559
0,1,0.8419584675161293,0.43640797681753435,0.6839169350322587
0,0,0.9606087467661608,0.16600466893977192,0.9212174935323216
1,0,0.9653898552944011,0.15041915668792988,0.9307797105888023
1,0,0.9634643536949192,0.15677345099556325,0.9269287073898385
1,0,0.9867764326040823,0.0703376559970485,0.9735528652081646
1,0,0.9593002110546778,0.17016177363657597,0.9186004221093556
1,0,0.9864824347597736,0.07160221684637703,0.9729648695195472
1,0,0.9852487997094949,0.07683927797687565,0.9704975994189896
1,0,0.9882117477151934,0.06406602007130768,0.9764234954303866
1,0,0.9715291519682593,0.12938582902201848,0.9430583039365183
1,0,0.9730945829669976,0.12381476406574872,0.9461891659339953
0,1,0.811572205376854,0.48393520320111727,0.6231444107537081
1,0,0.6883320660700992,0.6204287139065997,0.37666413214019845
1,0,0.9732455181273303,0.12327274966028884,0.9464910362546606
0,1,0.7942018184694074,0.5083361004904916,0.5884036369388147
0,0,0.9381600720842028,0.23200042015288255,0.8763201441684059
0,1,0.7904069496270448,0.5134169933569288,0.5808138992540899
1,0,0.6650072997848456,0.637658163520006,0.3300145995696912
1,0,0.9781663393784997,0.10509207382386676,0.9563326787569996
1,0,0.9759813962039713,0.113291429997422,0.9519627924079426
1,0,0.9663146561286775,0.14732815336245839,0.932629312257355
0,1,0.8156106901553148,0.47798435016550955,0.6312213803106296
1,1,0.7792194607969689,0.5278940899789706,0.5584389215939378
1,0,0.678392334113052,0.6280753371774237,0.3567846682261039
1,0,0.9593002110546778,0.17016177363657597,0.9186004221093556
1,0,0.9840907177959585,0.0816600449051318,0.9681814355919172
0,1,0.7948071970676478,0.5075174501001193,0.5896143941352956
0,1,0.7961031175155051,0.505757423209015,0.5922062350310102
0,1,0.7872982914455139,0.5175143028400307,0.5745965828910278
1,0,0.9641441908833803,0.15454225129741628,0.9282883817667605
0,1,0.8047134817953342,0.49379830810423764,0.6094269635906683
1,1,0.7973828609686643,0.5040092137227913,0.5947657219373284
0,1,0.8284467974662717,0.45834048523225,0.6568935949325434
1,0,0.9725081714444481,0.12591237739928784,0.9450163428888961
1,0,0.6825230128008601,0.6249530343770495,0.3650460256017202
1,1,0.7783707127822567,0.5289623743469005,0.5567414255645134
1,0,0.7261544621470275,0.5870462957928773,0.4523089242940551
1,0,0.6825045123379321,0.6249671936734426,0.36500902467586416
1,0,0.9890211369809773,0.06045262542966048,0.9780422739619545
0,1,0.7886936983614254,0.5156822877306548,0.5773873967228507
0,1,0.8090997811094034,0.4875256615289026,0.6181995622188068
1,0,0.987451530811961,0.06740856891350173,0.974903061623922
1,0,0.961900225823148,0.1618573804248159,0.9238004516462961
1,0,0.9621760143430648,0.16096590126665855,0.9243520286861295
1,1,0.7799556348241131,0.5269641072078749,0.5599112696482265
1,1,0.7948706369848096,0.5074315306266312,0.5897412739696191
1,1,0.8098004318363649,0.48651221117049637,0.6196008636727299
1,0,0.9625444446246773,0.159771696549647,0.9250888892493545
1,1,0.8281351759438494,0.45883084145341324,0.6562703518876991
1,1,0.7721137139388459,0.5367096762793504,0.5442274278776915
1,0,0.9729769268254868,0.12423666838701045,0.9459538536509736
1,0,0.9871310967602764,0.06880332410689674,0.9742621935205529
0,0,0.9604543509161702,0.16649749830307575,0.9209087018323403
0,0,0.9807945653707344,0.09493048899762295,0.9615891307414688
0,1,0.7749252362506446,0.5332562897220474,0.5498504725012892
0,0,0.9638229043839427,0.15559835269414551,0.9276458087678855
1,1,0.8231846179488529,0.46652998408054747,0.6463692358977058
1,0,0.6785136383234418,0.6279847627897788,0.35702727664688366
1,0,0.9639413769102938,0.15520926735416862,0.9278827538205876
0,0,0.6765825660750182,0.6294186374919275,0.35316513215003636
1,0,0.678392334113052,0.6280753371774237,0.3567846682261039
0,1,0.8230045835705527,0.46680677902635637,0.6460091671411055
1,0,0.9725081714444481,0.12591237739928784,0.9450163428888961
0,1,0.8023447210243816,0.49713471896311845,0.6046894420487632
1,0,0.6825045123379321,0.6249671936734426,0.36500902467586416
0,1,0.80211643081179,0.49745439244485923,0.6042328616235799
1,0,0.9730945829669976,0.12381476406574872,0.9461891659339953
1,0,0.9675290722163589,0.1432291331913558,0.9350581444327177
1,0,0.9807307327305036,0.09518144556664826,0.9614614654610072
1,1,0.7897013020863697,0.5143521542695905,0.5794026041727394
0,0,0.9383774574212623,0.23140886097714644,0.8767549148425248
1,0,0.9806764031100451,0.0953948713506379,0.9613528062200903
0,1,0.8396312588874678,0.4402808307405346,0.6792625177749355
0,1,0.8092931024611859,0.4872463513539438,0.6185862049223719
0,1,0.8297489162594146,0.45628411494084364,0.6594978325188293
0,1,0.7865495553769971,0.5184925136239987,0.5730991107539944
0,1,0.7859052541424382,0.5193316087761991,0.5718105082848762
1,0,0.9593002110546778,0.17016177363657597,0.9186004221093556
1,0,0.9555983457062215,0.1816889782941768,0.9111966914124431
0,1,0.79129769793533,0.5122322345338225,0.5825953958706599
1,1,0.7793031091057183,0.5277885787887534,0.5586062182114365
1,0,0.9848901113805432,0.07834194071990155,0.9697802227610864
1,0,0.9835444773126812,0.0839037624285294,0.9670889546253624
1,0,0.9327843940937426,0.24637629362810465,0.8655687881874852
0,0,0.9586096950369423,0.17233771783905158,0.9172193900738845
1,0,0.9769828251769302,0.10955983468989314,0.9539656503538605
0,0,0.9385108226820661,0.23104553686794188,0.8770216453641321
0,0,0.9382814489462834,0.2316702243456434,0.8765628978925668
1,0,0.9685086535469942,0.13988861944041298,0.9370173070939883
1,0,0.6765295215305099,0.6294577838051953,0.35305904306102004
0,1,0.7873018500155045,0.5175096456431523,0.5746037000310089
1,0,0.9853099622820148,0.07658217029027811,0.9706199245640296
1,0,0.9382504994165346,0.23175444415099705,0.8765009988330693
1,0,0.9729769268254868,0.12423666838701045,0.9459538536509736
1,0,0.9653908668381467,0.15041578986540996,0.9307817336762934
0,0,0.9619011765426526,0.16185431082216165,0.9238023530853053
1,0,0.7254941128781169,0.5876891715447417,0.4509882257562341
0,1,0.802062782487047,0.4975294682304666,0.604125564974094
1,0,0.691568234618527,0.6178401354287126,0.38313646923705413
1,0,0.9731254234391276,0.12370408554236123,0.9462508468782551
1,0,0.9756350900212925,0.11457181492162205,0.951270180042585
1,0,0.9381841677819472,0.23193488999837475,0.8763683355638943
1,0,0.9865812181825354,0.07117805382475811,0.9731624363650707
0,1,0.7963608601175616,0.5054061436252784,0.5927217202351232
1,0,0.9858805814116021,0.07417087383488305,0.971761162823204
1,0,0.6772118152165414,0.6289532769466163,0.3544236304330828
1,0,0.6863579285809223,0.6219838156586974,0.37271585716184447
0,1,0.8178934100415567,0.47457282176280924,0.6357868200831136
1,0,0.6863579285809223,0.6219838156586974,0.37271585716184447
1,0,0.9790341205335773,0.10177471001958363,0.9580682410671546
1,0,0.932055563020617,0.248289093109895,0.8641111260412341
0,1,0.7817207976621032,0.5247213614302657,0.5634415953242063
1,0,0.9823702197186778,0.08866542915042387,0.9647404394373557
0,0,0.9382237630891167,0.23182718568704125,0.8764475261782333
0,1,0.8023231355582101,0.4971649590310917,0.6046462711164201
0,0,0.9634971147742769,0.1566662333991788,0.9269942295485537
1,0,0.9904151353144601,0.054085112160250644,0.9808302706289203
0,0,0.9874201360862038,0.06754558375157894,0.9748402721724077
0,0,0.9814559581031846,0.09231737468689896,0.9629119162063693
1,0,0.9380340534144845,0.23234297493396466,0.8760681068289692
1,0,0.9707432879744003,0.13214885616379812,0.9414865759488006
1,0,0.9619007149111112,0.16185580130208407,0.9238014298222224
1,1,0.8285008578161819,0.4582553483233434,0.6570017156323636
1,0,0.9908256426416969,0.05217220018091784,0.981651285283394
1,0,0.9382345528295183,0.23179783152085756,0.8764691056590366
1,1,0.8036026926010846,0.4953672860336471,0.6072053852021694
1,0,0.6826728815351463,0.6248382743779336,0.36534576307029265
1,0,0.9382397892905926,0.23178358467568877,0.8764795785811851
1,0,0.9841047266107782,0.08160225486137725,0.9682094532215565
0,1,0.6569312824915471,0.6430499881729939,0.31386256498309395
1,0,0.6841065760390109,0.6237351978670641,0.3682131520780218
1,0,0.9396251415664189,0.22799771540466623,0.8792502831328377
1,0,0.9868645064921074,0.06995754450172574,0.973729012984215
1,0,0.9659805637875511,0.14844780072618297,0.9319611275751024
1,0,0.9707432879744003,0.13214885616379812,0.9414865759488006
1,0,0.6863579285809223,0.6219838156586974,0.37271585716184447
0,1,0.8099135734751558,0.48634825973754064,0.6198271469503118
1,0,0.9704040163880062,0.1333349504329128,0.9408080327760124
1,1,0.7793203410601452,0.5277668379221379,0.5586406821202906
1,0,0.9900347046937868,0.055842001228676316,0.9800694093875737
0,1,0.7871045829362988,0.5177677003405441,0.5742091658725976
0,0,0.9619055931554913,0.16184005051307626,0.9238111863109827
1,1,0.778827953953862,0.5283873831891696,0.5576559079077237
1,0,0.6696831799808987,0.6344027759627422,0.3393663599617973
1,0,0.9382281251973622,0.23181531853958165,0.8764562503947246
1,0,0.9659805637875511,0.14844780072618297,0.9319611275751024
0,0,0.933081527784642,0.24559404715531236,0.866163055569284
0,1,0.7876554696979509,0.5170464767149968,0.5753109393959016
1,0,0.9396215976249274,0.22800744308818466,0.8792431952498548
1,0,0.6649747940560452,0.6376804499781814,0.3299495881120903
1,1,0.8025038615124894,0.49691168107234196,0.6050077230249788
1,0,0.678392334113052,0.6280753371774237,0.3567846682261039
0,0,0.6803909362166806,0.6265744296255282,0.36078187243336124
0,0,0.9883252704557334,0.06356269638823109,0.9766505409114667
1,0,0.9659805637875511,0.14844780072618297,0.9319611275751024
1,0,0.989700674294931,0.05737249083505111,0.9794013485898622
1,0,0.9807362560463617,0.09515973930742576,0.9614725120927234
1,0,0.9752637171125638,0.11593927372563503,0.9505274342251276
1,1,0.7794472012262121,0.527606730381758,0.5588944024524244
1,0,0.9699876885892618,0.1347849612545394,0.9399753771785234
0,0,0.9884996880325674,0.06278720430399327,0.9769993760651348
0,0,0.6765825660750182,0.6294186374919275,0.35316513215003636
0,1,0.7880275201242941,0.5165583601804723,0.5760550402485882
1,0,0.6765295215305099,0.6294577838051953,0.35305904306102004
0,1,0.7789364415061797,0.5282507795449991,0.5578728830123594
0,1,0.8402138748257737,0.4393150559261697,0.6804277496515476
0,1,0.7866938514511466,0.518304253301062,0.573387702902293
1,0,0.9593002110546778,0.17016177363657597,0.9186004221093556
1,0,0.961901326567966,0.1618538264308769,0.9238026531359321
1,0,0.9941229578818471,0.03604835052433071,0.9882459157636941
1,0,0.9809882909160882,0.09416753405713234,0.9619765818321763
0,1,0.7868642665967889,0.5180817561196152,0.573728533193578
1,0,0.9332409428737672,0.24517378195070932,0.8664818857475345
0,1,0.7809614073490826,0.5256884444613854,0.5619228146981652
1,0,0.9807760967400988,0.09500312020553461,0.9615521934801976
0,1,0.780557113019473,0.5262019373118341,0.561114226038946
1,0,0.9809273470948657,0.09440776687981323,0.9618546941897315
1,0,0.9650783556969782,0.15145449947076356,0.9301567113939565
0,0,0.9650781922311034,0.15145504203035765,0.9301563844622067
1,1,0.7496925660507663,0.5626726433605291,0.49938513210153246
1,0,0.9872383107910856,0.06833756270571847,0.9744766215821712
0,1,0.7674514480107754,0.5423374952002269,0.5349028960215506
1,0,0.937934494065336,0.23261341250288206,0.8758689881306719
1,0,0.9835444773126812,0.0839037624285294,0.9670889546253624
1,0,0.9698890750940333,0.1351275429374241,0.9397781501880668
1,0,0.9612490812234298,0.16395397933240027,0.9224981624468596
1,0,0.9762953970365942,0.11212606584165627,0.9525907940731884
1,1,0.7795171956064748,0.5275183518773937,0.5590343912129496
0,0,0.9653907507503993,0.15041617625346065,0.9307815015007984
0,1,0.7948502580892817,0.5074591333529705,0.5897005161785634
0,0,0.9604543448689652,0.16649751759336145,0.9209086897379304
1,0,0.9806975421258984,0.09531184842592402,0.9613950842517968
0,1,0.8098257620659569,0.486475512830414,0.6196515241319137
1,0,0.9892844472602014,0.0592643151834734,0.9785688945204027
0,1,0.7867695585454791,0.5182054300817068,0.573539117090958
1,0,0.6875394517567389,0.6210552649049188,0.37507890351347817
1,0,0.9908256426416969,0.05217220018091784,0.981651285283394
0,1,0.8710584082225219,0.38436975204700974,0.7421168164450438
1,0,0.9381980029188607,0.2318972597258913,0.8763960058377215
1,0,0.9593002110546778,0.17016177363657597,0.9186004221093556
1,0,0.6591670006368264,0.6415864560567663,0.3183340012736528
0,1,0.8492371318412377,0.4240300806703572,0.6984742636824754
0,1,0.8022422213133116,0.4972782893574259,0.6044844426266234
0,1,0.7915422200694845,0.5119061628143564,0.583084440138969
1,1,0.7720388700732361,0.536800991215152,0.5440777401464721
1,0,0.9663146561286775,0.14732815336245839,0.932629312257355
1,0,0.6667535571193651,0.6364539234343799,0.33350711423873036
0,1,0.8166110794024286,0.4764935516390746,0.6332221588048572
1,1,0.7794286102864716,0.5276301994681672,0.5588572205729432
1,0,0.6847880655954885,0.6232075299106312,0.3695761311909769
0,1,0.7882816837048221,0.516224430520146,0.5765633674096442
0,0,0.939765794298162,0.22761146207155053,0.8795315885963241
1,0,0.9656699925197492,0.1494855746609436,0.9313399850394982
0,1,0.7891585281743053,0.5150694260718837,0.5783170563486109
0,1,0.8146777900633969,0.47936857821793255,0.6293555801267937
0,0,0.9678196868460059,0.14224132276299012,0.9356393736920119
0,1,0.8224458514236654,0.467664389116516,0.644891702847331
1,0,0.984082066647395,0.08169572690585125,0.96816413329479
1,1,0.778967952892907,0.5282110887255589,0.5579359057858142
1,0,0.6765295215305099,0.6294577838051953,0.35305904306102004
1,1,0.7786174755704395,0.5286522151877743,0.5572349511408791
0,1,0.7949328513304988,0.5073472470260847,0.5898657026609976
1,0,0.9655967409006703,0.14972991996089613,0.9311934818013403
1,0,0.9781663393784997,0.10509207382386676,0.9563326787569996
1,0,0.9883132482304149,0.06361605179889292,0.9766264964608299
1,0,0.6828120339537981,0.6247316274299985,0.3656240679075963
1,0,0.685114036946182,0.622954374238011,0.3702280738923639
0,1,0.8295830596222096,0.45654670944322906,0.6591661192444191
1,0,0.9481813938245595,0.20383559700635115,0.8963627876491189
1,0,0.9808030852408646,0.09489697697524366,0.961606170481729
0,0,0.9368132481345358,0.23564740635634077,0.8736264962690717
1,0,0.9890211369809773,0.06045262542966048,0.9780422739619545
1,0,0.9397368330702366,0.22769102246057485,0.8794736661404734
1,0,0.6667535571193651,0.6364539234343799,0.33350711423873036
1,1,0.7660550960507592,0.5439992512381181,0.5321101921015183
1,0,0.6711788244413868,0.633340665422324,0.3423576488827735
1,0,0.6889560587288865,0.6199333960726696,0.37791211745777314
1,1,0.7795300069331135,0.5275021725514791,0.5590600138662268
1,0,0.9860761525934305,0.07333910154739424,0.9721523051868611
0,0,0.9612490958934492,0.16395393222580446,0.9224981917868984
0,1,0.7894312712212664,0.5147092196338655,0.578862542442533
1,0,0.9865992336234871,0.0711006185772588,0.9731984672469741
0,1,0.7793267605255065,0.5277587382984347,0.5586535210510132
1,0,0.6811369076866921,0.6260095167147972,0.3622738153733844
1,0,0.9775862691867926,0.10728982205774093,0.9551725383735853
1,0,0.9381873912970773,0.2319261226350346,0.8763747825941541
0,1,0.8029167538937653,0.4963322605683923,0.6058335077875305
1,0,0.9835444773126812,0.0839037624285294,0.9670889546253624
1,0,0.9880707206973374,0.06468974931788968,0.9761414413946747
0,1,0.8001674166772096,0.5001702471357026,0.600334833354419
0,1,0.7452511149889046,0.5674924407012695,0.4905022299778091
1,0,0.9710331047529016,0.13113244793317358,0.9420662095058032
1,0,0.9647328979739795,0.15259934412749987,0.9294657959479591
1,1,0.8131587260468441,0.48161022532331865,0.6263174520936883
1,1,0.8030337041477245,0.49616794611446857,0.6060674082954488
1,0,0.9823398392826488,0.08878754337740175,0.9646796785652976
0,1,0.9361395687173013,0.2374600874461945,0.8722791374346024
0,1,0.8237441133697299,0.46566836229286085,0.6474882267394596
1,0,0.6847880655954885,0.6232075299106312,0.3695761311909769
1,0,0.9740546627624409,0.12035203981541774,0.9481093255248817
1,0,0.9761297592596293,0.11274133157800248,0.9522595185192587
1,0,0.9735946848276409,0.12201551640141879,0.9471893696552818
1,0,0.9790341205335773,0.10177471001958363,0.9580682410671546
0,0,0.9398140897953617,0.2274787548834625,0.8796281795907235
1,0,0.9659805637875511,0.14844780072618297,0.9319611275751024
1,0,0.9663859703467449,0.14708871424568543,0.9327719406934898
1,0,0.9863469345994623,0.07218284743559227,0.9726938691989245
1,1,0.7865764823317936,0.5184573919560159,0.5731529646635873
0,1,0.8228800400811929,0.4669981289537972,0.6457600801623861
0,1,0.7948779578622666,0.5074216140514597,0.5897559157245333
1,0,0.9608690893264391,0.16517223121137414,0.9217381786528782
1,0,0.9647822402044488,0.15243603979137094,0.9295644804088976
0,0,0.9602927535449134,0.16701264264495852,0.9205855070898268
1,0,0.9752718870381039,0.11590925246698297,0.9505437740762076
0,1,0.8179256999583691,0.47452431429181474,0.6358513999167381
0,1,0.7864512211000122,0.518620737411807,0.5729024422000244
1,1,0.7881709481456983,0.5163699666207117,0.5763418962913969
1,0,0.9330874810480314,0.2455783599180898,0.8661749620960628
1,0,0.9382409487666633,0.23178043002393134,0.8764818975333264
0,1,0.836393110202918,0.4456028173137542,0.6727862204058361
0,1,0.794869924078433,0.5074324962842501,0.5897398481568662
0,1,0.7947394181138088,0.5076092188552049,0.5894788362276174
1,0,0.694668557500506,0.6153141714469299,0.38933711500101215
0,0,0.9337292937316288,0.2438838024036467,0.8674585874632577
1,0,0.9834720832590201,0.08419972875337217,0.9669441665180404
1,1,0.7789603720234322,0.5282206378934332,0.5579207440468642
0,0,0.6765825660750182,0.6294186374919275,0.35316513215003636
1,0,0.7261544621470275,0.5870462957928773,0.4523089242940551
0,1,0.8279883712559226,0.45906161145298785,0.6559767425118453
1,0,0.9814227378135579,0.09244919201518464,0.9628454756271159
0,0,0.9615946779607215,0.16284263306472532,0.923189355921443
0,0,0.9383078129728059,0.23159846955743477,0.8766156259456118
1,0,0.959300215396292,0.1701617599171562,0.9186004307925841
0,0,0.9396654946089812,0.22788693565053483,0.8793309892179623
1,0,0.9647822402044488,0.15243603979137094,0.9295644804088976
0,1,0.7875796515054451,0.5171458458606785,0.57515930301089
0,1,0.7948122423395815,0.5075106179694787,0.589624484679163
0,0,0.9304880086830769,0.252374786988754,0.8609760173661537
1,0,0.9817670539949239,0.09107999625385259,0.9635341079898478
1,0,0.9913636768045596,0.04963681585374284,0.9827273536091192
1,0,0.6686605082149668,0.6351231890306157,0.3373210164299335
1,0,0.9381703560484896,0.2319724533235306,0.8763407120969793
0,1,0.7788965466831894,0.5283010216233331,0.557793093366379
0,0,0.9663147015678691,0.14732800084911216,0.9326294031357383
0,1,0.8095629503926635,0.4868560708304287,0.6191259007853268
0,1,0.7791776842249241,0.5279467703258149,0.5583553684498481
1,0,0.7020893054510451,0.6090836308388234,0.40417861090209045
0,0,0.9595467128578118,0.16938205292228808,0.9190934257156236
1,0,0.9783146312407767,0.10452771854192454,0.9566292624815534
1,0,0.6936970401040259,0.6161105710080124,0.38739408020805166
1,0,0.9695884891525817,0.1361697236597376,0.9391769783051634
1,0,0.9800337283328792,0.09790781963279818,0.9600674566657582
0,1,0.8452726627341135,0.43082223992399626,0.6905453254682268
1,0,0.9382083751498932,0.23186904606690106,0.8764167502997864
0,1,0.8022233718111752,0.49730468447053805,0.6044467436223503
0,0,0.9337707766270398,0.24377404804347547,0.8675415532540797
1,0,0.9382177884947422,0.23184343908207777,0.8764355769894844
1,0,0.9593002110546778,0.17016177363657597,0.9186004221093556
1,1,0.7826912754252306,0.5234805382116534,0.5653825508504611
0,0,0.9638204044630099,0.15560655854841357,0.9276408089260197
0,1,0.7948791768919098,0.5074199627695093,0.5897583537838195
0,1,0.788277067137072,0.5162304993907112,0.5765541342741438
1,0,0.9890083219850543,0.060510294884181526,0.9780166439701086
0,1,0.8335391073469681,0.45022987588254626,0.6670782146939364
1,1,0.7903712187691847,0.5134644179350609,0.5807424375383694
0,1,0.8093386806257353,0.487180464874736,0.6186773612514705
0,1,0.7878719427382822,0.5167625727614799,0.5757438854765643
0,1,0.7948529449716175,0.5074554941809064,0.589705889943235
1,0,0.6765295215305099,0.6294577838051953,0.35305904306102004
1,0,0.6696831799808987,0.6344027759627422,0.3393663599617973
1,0,0.6809572084735076,0.6261458343529771,0.3619144169470151
0,1,0.7557057250372621,0.555979504609011,0.511411450074524
0,0,0.9595467067226663,0.16938207234807895,0.9190934134453327
0,0,0.9721535709955734,0.12717453715907048,0.9443071419911468
1,0,0.9593002130389113,0.1701617673664353,0.9186004260778227
1,0,0.6997170659171926,0.6111038409328304,0.39943413183438536
1,0,0.9589728591739415,0.17119483061061963,0.917945718347883
1,0,0.9666160363015971,0.14631519366774154,0.9332320726031942
1,0,0.9382086137350246,0.23186839706612475,0.8764172274700492
1,0,0.9712843029694079,0.13024906298268135,0.9425686059388161
0,0,0.9628795390403327,0.1586822758281092,0.9257590780806655
0,1,0.8939571874418797,0.3381610501225482,0.7879143748837594
1,1,0.7788000539756557,0.5284225027972178,0.5576001079513113
1,0,0.6696831799808987,0.6344027759627422,0.3393663599617973
1,0,0.7098590850370704,0.6022778073870223,0.4197181700741409
0,0,0.9396435334654006,0.22794722834791764,0.8792870669308014
0,0,0.9808372404677911,0.094762592221309,0.9616744809355823
1,0,0.9593002110546778,0.17016177363657597,0.9186004221093556
1,0,0.9695884891525817,0.1361697236597376,0.9391769783051634
0,0,0.9395925857519121,0.22808706878833857,0.8791851715038241
0,0,0.9383185463129705,0.23156925326087371,0.8766370926259409
0,1,0.7871517002597669,0.5177060849846523,0.5743034005195339
1,0,0.9773549297138077,0.1081620069090547,0.9547098594276154
1,0,0.9813345325898513,0.09279889483080125,0.9626690651797024
0,1,0.7797909567636317,0.5271724131268567,0.5595819135272635
1,0,0.6809152615469951,0.6261776333823368,0.3618305230939903
1,1,0.7854207682719488,0.5199609455869963,0.5708415365438975
0,1,0.7800926193478417,0.5267907112396046,0.5601852386956835
0,1,0.802234503078095,0.4972890975365343,0.6044690061561899
0,1,0.8087388183770131,0.4880465319956666,0.6174776367540261
1,0,0.9900550614541573,0.05574836697552924,0.9801101229083146
0,0,0.9382268839234261,0.23181869546784387,0.8764537678468522
0,0,0.9352970529635024,0.2397163840532392,0.8705941059270048
1,0,0.6875394517567389,0.6210552649049188,0.37507890351347817
1,0,0.9761297592596293,0.11274133157800248,0.9522595185192587
0,0,0.9397957365775353,0.22752919102337515,0.8795914731550707
0,1,0.7867047781775938,0.5182899923575468,0.5734095563551875
1,0,0.9399571329437695,0.2270854564325768,0.8799142658875388
1,0,0.6628916757735088,0.6390987888465267,0.32578335154701765
0,1,0.7786683186836718,0.5285882659766223,0.5573366373673437
1,0,0.9675291489622843,0.14322887268486867,0.9350582979245686
0,0,0.9666168209579743,0.14631255272007196,0.9332336419159486
1,0,0.9806855603545898,0.09535890941173931,0.9613711207091794
1,0,0.9369899781797101,0.2351706093018889,0.8739799563594199
0,1,0.8035445822539174,0.49544915079909535,0.6070891645078349
1,0,0.9846906335463202,0.07917386449293641,0.9693812670926406
1,0,0.9794524837659891,0.10016236821470442,0.9589049675319784
1,1,0.8030611794963466,0.49612933086059696,0.6061223589926933
0,1,0.7949178965027732,0.5073675089378098,0.5898357930055467
1,0,0.9834720832590201,0.08419972875337217,0.9669441665180404
1,0,0.9835444773126812,0.0839037624285294,0.9670889546253624
1,1,0.7791577728999818,0.5279718749797752,0.5583155457999633
0,0,0.9695903206735836,0.136163382784544,0.9391806413471673
1,0,0.9834720832590201,0.08419972875337217,0.9669441665180404
0,0,0.938302263472102,0.23161357459260046,0.876604526944204
1,0,0.9719023060361827,0.12806607088952057,0.9438046120723653
1,0,0.9788040704490142,0.10265766210384453,0.9576081408980285
1,0,0.6965762794363253,0.6137373641807109,0.3931525588726504
1,0,0.6825223365658858,0.624953551960097,0.3650446731317716
1,0,0.9865812181825354,0.07117805382475811,0.9731624363650707
1,1,0.6960612211406659,0.6141647744893217,0.39212244228133186
1,0,0.9832219900195451,0.08521970484739778,0.9664439800390903
0,1,0.7894348697664623,0.514704464115013,0.5788697395329243
1,0,0.6936970401040259,0.6161105710080124,0.38739408020805166
1,0,0.6997170659171926,0.6111038409328304,0.39943413183438536
1,0,0.7020909258045006,0.6090822417572398,0.4041818516090015
0,0,0.9382780084888879,0.2316795873292235,0.8765560169777761
1,1,0.8156814874053989,0.4778790659316164,0.6313629748107977
0,1,0.8027962482962783,0.49650147984565784,0.6055924965925564
1,1,0.8090968578395838,0.48752988320382273,0.6181937156791675
1,0,0.983529950330981,0.08396317855444321,0.967059900661962
0,1,0.7800979339744137,0.5267839817441916,0.5601958679488274
0,1,0.8009321163884834,0.4991075175453934,0.6018642327769667
0,1,0.8917311351565532,0.34288060500504836,0.7834622703131067
1,0,0.9354270401316217,0.23936904117072294,0.8708540802632434
0,1,0.8022542256157272,0.4972614784665955,0.6045084512314545
1,0,0.9659805637875511,0.14844780072618297,0.9319611275751024
0,0,0.9582065211083329,0.17360262457593173,0.916413042216666
0,1,0.8039536743773391,0.49487237444763665,0.6079073487546782
1,0,0.9782807793534739,0.10465663993837138,0.9565615587069478
1,0,0.9382108661026323,0.23186227011318902,0.8764217322052648
0,1,0.7949333281265549,0.5073466010047952,0.5898666562531097
0,0,0.9368800275854471,0.23546730527888982,0.8737600551708942
1,0,0.960608733338292,0.16600471182869644,0.9212174666765841
1,0,0.9801442406395281,0.09747722262755572,0.9602884812790561
1,0,0.9621760143430648,0.16096590126665855,0.9243520286861295
1,0,0.9821343554156118,0.08961209386096795,0.9642687108312236
0,1,0.794341114783575,0.5081479295825752,0.5886822295671503
1,0,0.9792267997330412,0.10103320767180965,0.9584535994660823
1,0,0.6819104756885226,0.625420999237088,0.36382095137704507
1,1,0.7854505000042881,0.5199223648364669,0.5709010000085762
0,1,0.8261599163682394,0.4619232089463281,0.6523198327364789
0,0,0.9615947920625948,0.16284226561122017,0.9231895841251897
1,0,0.6649747940560452,0.6376804499781814,0.3299495881120903
1,0,0.9676354352221813,0.1428679143309537,0.9352708704443626
0,1,0.8238161709889343,0.4655572371023352,0.6476323419778689
1,0,0.9851434378859011,0.07728158200742029,0.9702868757718021
0,1,0.7977357769086612,0.5035253273526843,0.5954715538173223
0,0,0.9608707940978924,0.16516677432636517,0.921741588195785
0,0,0.9606087467661608,0.16600466893977192,0.9212174935323216
1,0,0.9834720832590201,0.08419972875337217,0.9669441665180404
1,0,0.9321909547669328,0.24793439763185263,0.8643819095338656
0,0,0.9675314728989369,0.14322098422193333,0.9350629457978739
1,0,0.9615930207433447,0.16284796992538533,0.9231860414866895
1,0,0.6698014892090335,0.6343191289825374,0.339602978418067
0,0,0.9801443358265044,0.09747685147372845,0.9602886716530087
1,0,0.6904373984196829,0.6187502461800165,0.38087479683936604
1,0,0.9773062175384571,0.108345350183461,0.9546124350769143
1,0,0.9690026821818171,0.13819203378732442,0.938005364363634
1,1,0.7791410846074457,0.5279929141859381,0.5582821692148914
0,1,0.8013321276670301,0.4985501476846027,0.6026642553340602
1,0,0.9829583423689889,0.0862908566436174,0.9659166847379779
1,0,0.6828120339537981,0.6247316274299985,0.3656240679075963
0,0,0.9382923802935689,0.2316404740303819,0.8765847605871379
0,0,0.9599363139587048,0.1681464926171372,0.9198726279174096
1,0,0.9593002110546778,0.17016177363657597,0.9186004221093556
1,0,0.990846850949872,0.052072875445484945,0.981693701899744
1,0,0.939909298627654,0.2272170176318513,0.8798185972553081
0,1,0.8413360289519107,0.43744778312805055,0.6826720579038215
0,0,0.9656644756068534,0.14950398304971035,0.9313289512137068
1,0,0.9825630152211404,0.08788924125057691,0.9651260304422808
0,1,0.7861347633092292,0.5190329944495615,0.5722695266184583
1,0,0.9757777008930294,0.11404516009947188,0.9515554017860588
1,0,0.9759139482123169,0.1135412018836385,0.9518278964246338
1,0,0.961900910203053,0.1618551707594015,0.9238018204061058
1,0,0.9834720832590201,0.08419972875337217,0.9669441665180404
0,1,0.7948936938915903,0.5074002975270182,0.5897873877831805
1,0,0.9884741642255884,0.06290085396466648,0.976948328451177
1,0,0.9867711375990329,0.07036048932955963,0.9735422751980658
0,0,0.6825232498306757,0.6249528529564535,0.36504649966135133
1,0,0.9787771713260084,0.10276073616256043,0.9575543426520167
0,0,0.9814557540115807,0.09231818470259351,0.9629115080231615
1,0,0.9322666313740158,0.24773601587931252,0.8645332627480318
0,0,0.9396524239694442,0.2279228211504772,0.8793048479388883
0,1,0.7808693454303568,0.5258054559641082,0.5617386908607137
0,1,0.7963818461997383,0.5053775234858263,0.5927636923994766
1,0,0.9381955680642002,0.23190388254113975,0.8763911361284005
0,0,0.9778703075273001,0.10621561142360848,0.9557406150546001
1,0,0.9823702197186778,0.08866542915042387,0.9647404394373557
1,0,0.9762953970365942,0.11212606584165627,0.9525907940731884
1,0,0.9777161561034652,0.1067990596285431,0.9554323122069304
1,0,0.9866434881756687,0.07091029623503294,0.9732869763513373
0,0,0.961901326567966,0.1618538264308769,0.9238026531359321
1,1,0.7801818595318447,0.5266776915519544,0.5603637190636894
1,0,0.9656141232467721,0.149671952328176,0.9312282464935442
1,0,0.9381708434519893,0.2319711278039663,0.8763416869039786
0,1,0.7886963547128795,0.5156787891105797,0.5773927094257586
0,0,0.9656165621499765,0.14966381820770858,0.9312331242999529
0,1,0.780538846038848,0.5262251156001461,0.5610776920776962
0,1,0.7949100653308189,0.5073781186441275,0.5898201306616377
0,1,0.7958591460594704,0.506089556936136,0.5917182921189408
0,1,0.7954167246208493,0.5066909187907638,0.5908334492416986
0,1,0.817149886886034,0.47568784365824174,0.6342997737720679
1,0,0.9319785330810942,0.24849076474720927,0.8639570661621886
0,0,0.9827998791166142,0.08693266298540113,0.9655997582332282
1,1,0.779144041123722,0.5279891869749795,0.5582880822474442
0,0,0.9367306763208021,0.23586999454353205,0.8734613526416043
1,0,0.9807822867635141,0.09497877884282539,0.9615645735270282
1,0,0.96060813333498,0.1660066282483473,0.9212162666699597
0,1,0.7871544060178612,0.5177025462606654,0.5743088120357227
0,1,0.8007033162144385,0.4994258730816525,0.601406632428877
1,0,0.9672063188129754,0.14432303484807799,0.934412637625951
1,0,0.6851140484389933,0.6229543653037894,0.3702280968779863
0,1,0.8014232286008073,0.49842306851312446,0.6028464572016147
0,0,0.9369330669085276,0.23532420695852793,0.8738661338170552
0,0,0.9666168528180664,0.1463124454869511,0.9332337056361327
1,0,0.9628778694205653,0.15868771167034917,0.9257557388411306
1,0,0.9384853369023639,0.23111499103131683,0.8769706738047278
1,0,0.9883132482304149,0.06361605179889292,0.9766264964608299
1,0,0.9593002110546778,0.17016177363657597,0.9186004221093556
0,0,0.9396731578785766,0.22786589470796836,0.8793463157571536
1,1,0.8095551323739969,0.48686738465650425,0.6191102647479937
1,0,0.9898230546775927,0.05681304717463667,0.9796461093551855
1,0,0.7020750807979111,0.6090958246787537,0.4041501615958221
1,0,0.682820616840273,0.6247250465457476,0.3656412336805461
1,0,0.6641687702541292,0.6382315567415089,0.3283375405082585
0,0,0.961593050280356,0.1628478748057972,0.9231861005607119
0,1,0.8089583897799956,0.4877297901358205,0.6179167795599912
1,0,0.9606086795931665,0.16600488349182807,0.9212173591863331
1,1,0.7793009937083086,0.5277912475819417,0.5586019874166173
1,0,0.6863579285809223,0.6219838156586974,0.37271585716184447
0,0,0.9383778282472748,0.23140785117055057,0.8767556564945495
0,1,0.7801676465639424,0.5266956949057482,0.5603352931278849
0,1,0.7949250228835828,0.5073578537587193,0.5898500457671657
0,1,0.7911897858682098,0.5123760207517534,0.5823795717364195
0,1,0.8556041551582406,0.41286366318925594,0.7112083103164814
1,0,0.9593002110546778,0.17016177363657597,0.9186004221093556
1,0,0.6641687702541292,0.6382315567415089,0.3283375405082585
1,0,0.98064975531026,0.09549949628246429,0.9612995106205199
0,0,0.6765825852658321,0.6294186233269827,0.3531651705316644
1,0,0.6889560587288865,0.6199333960726696,0.37791211745777314
1,0,0.9790210002734937,0.10182513577949953,0.9580420005469875
0,1,0.7979336517309747,0.5032536816544241,0.5958673034619496
0,1,0.8150847000917673,0.4787655192268875,0.6301694001835346
1,0,0.9800047603486536,0.09802058628008663,0.960009520697307
0,0,0.9324947428672326,0.24713748598725666,0.8649894857344651
1,0,0.9867764326040823,0.0703376559970485,0.9735528652081646
0,0,0.9369799219023616,0.23519775414732957,0.873959843804723
1,0,0.9381778879083785,0.23195196957533146,0.8763557758167572
0,1,0.8310264888827663,0.4542548444702032,0.6620529777655325
0,0,0.964145798657039,0.15453695889477737,0.9282915973140781
1,0,0.6812421995246571,0.6259295745288185,0.36248439904931434
0,1,0.8019731744767437,0.49765482578718445,0.6039463489534872
0,1,0.8039334841872519,0.49490086536220046,0.6078669683745037
1,0,0.9878211007142529,0.06578963533473778,0.9756422014285058
1,0,0.9761297592596293,0.11274133157800248,0.9522595185192587
0,1,0.7627167475555472,0.5479281040420417,0.5254334951110942
1,0,0.6889560587288865,0.6199333960726696,0.37791211745777314
1,1,0.7793281072622578,0.5277570390516124,0.5586562145245154
0,0,0.961901326567966,0.1618538264308769,0.9238026531359321
1,0,0.960608723261646,0.1660047440137351,0.921217446523292
0,0,0.6765825660750182,0.6294186374919275,0.35316513215003636
0,0,0.9885455511175555,0.06258284601003403,0.977091102235111
0,0,0.9666168528180664,0.1463124454869511,0.9332337056361327
1,0,0.6963639592996618,0.6139137055764614,0.3927279185993234
1,0,0.9759139482123169,0.1135412018836385,0.9518278964246338
1,0,0.6803905962626428,0.6265746864839834,0.36078119252528545
0,0,0.9628795371759806,0.15868228189799233,0.9257590743519611
1,0,0.9834720832590201,0.08419972875337217,0.9669441665180404
1,1,0.7791961097252599,0.5279235369808079,0.5583922194505198
0,0,0.9707445745765656,0.13214435051429613,0.9414891491531312
1,0,0.6785136383234418,0.6279847627897788,0.35702727664688366
0,0,0.9333548487492522,0.24487324265834556,0.8667096974985045
0,1,0.810062045440806,0.48613298563329566,0.6201240908816119
0,1,0.7949279530401583,0.5073538837448609,0.5898559060803164
0,1,0.7750942542438942,0.5330472451350344,0.5501885084877882
0,1,0.8062778650959274,0.4915753101068663,0.6125557301918547
1,0,0.9593002128224556,0.17016176805043115,0.9186004256449112
0,0,0.9612508792632013,0.1639482056410737,0.9225017585264026
0,1,0.8019355036953931,0.4977075104113505,0.6038710073907863
0,0,0.9785552163989928,0.10360991399919639,0.9571104327979856
1,1,0.7848636298382572,0.5206829349805867,0.5697272596765143
0,0,0.961599156685793,0.1628282095204228,0.9231983133715858
0,0,0.9602925971090458,0.16701314100308318,0.9205851942180916
0,0,0.6765825660750182,0.6294186374919275,0.35316513215003636
1,1,0.7786119445498777,0.5286591710642279,0.5572238890997555
1,0,0.9335919293390974,0.24424703910034634,0.8671838586781948
0,1,0.9379970181857048,0.23244359530818437,0.8759940363714095
0,0,0.9644335256992009,0.15358862373927157,0.9288670513984019
1,1,0.7789320657302823,0.528256290688117,0.5578641314605645
1,0,0.9382956793658677,0.2316314950024556,0.8765913587317354
0,1,0.795762573936871,0.5062209254268732,0.591525147873742
1,0,0.6862585351639532,0.6220616323525622,0.3725170703279065
1,0,0.9663146561286775,0.14732815336245839,0.932629312257355
1,0,0.6765295215305099,0.6294577838051953,0.35305904306102004
1,0,0.936929262760465,0.23533447200723612,0.8738585255209298
0,0,0.961594790142251,0.16284227179549554,0.923189580284502
1,0,0.9373763886332489,0.2341262741858265,0.8747527772664978
1,1,0.7790603011064363,0.5280947364029518,0.5581206022128726
1,0,0.9724041944047804,0.12628295651036056,0.9448083888095609
1,0,0.6863579285809223,0.6219838156586974,0.37271585716184447
1,0,0.9894909674157667,0.05832772788978826,0.9789819348315336
1,0,0.9368904237284028,0.2354392605823078,0.8737808474568057
1,0,0.9830748246901672,0.08581812588819629,0.9661496493803344
0,1,0.8231684624307227,0.46655483157201955,0.6463369248614456
0,1,0.856002187238079,0.412154823188464,0.712004374476158
1,0,0.9778548992962529,0.10627397935690833,0.9557097985925059
0,1,0.7419934981521256,0.5709614360166051,0.48398699630425107
0,1,0.7801028418613057,0.526777767125149,0.5602056837226114
0,0,0.688331969998074,0.6204287900276209,0.37666393999614783
0,0,0.9638237597023015,0.155595545117079,0.927647519404603
1,0,0.6862585351639532,0.6220616323525622,0.3725170703279065
0,0,0.9397522731567266,0.2276486083095949,0.8795045463134531
0,0,0.9698882181065395,0.13513051863708328,0.9397764362130789
1,0,0.9718365391111299,0.12829904131238526,0.9436730782222597
0,1,0.7866251181015853,0.5183939438566008,0.5732502362031707
1,1,0.7871606817022105,0.5176943384427067,0.5743213634044209
1,1,0.7849833500489369,0.520527946101598,0.5699667000978738
1,0,0.6921927403620376,0.6173349567225546,0.38438548072407513
0,0,0.9396099950811752,0.22803928909501336,0.8792199901623504
1,1,0.7784899867437762,0.5288125015399718,0.5569799734875525
0,0,0.7218309460089428,0.5912157337206742,0.44366189201788564
1,0,0.9621760143430648,0.16096590126665855,0.9243520286861295
1,0,0.9907462923262085,0.05254338302591588,0.981492584652417
1,1,0.8090513242372883,0.4875956339558005,0.6181026484745764
1,0,0.6978781671374323,0.6126514214098657,0.39575633427486456
1,0,0.9730945829669976,0.12381476406574872,0.9461891659339953
0,0,0.9680656614651413,0.14140312745483968,0.9361313229302825
0,1,0.8217514082984542,0.468727325766917,0.6435028165969083
1,0,0.9621760143430648,0.16096590126665855,0.9243520286861295
1,0,0.9385238816623575,0.23100994401172903,0.8770477633247146
1,0,0.9381899800418522,0.23191908159960983,0.8763799600837044
0,1,0.8555918005595663,0.41288564448360665,0.7111836011191326
1,0,0.7090876643876435,0.6029665533334767,0.41817532877528696
1,0,0.9816446289199487,0.09156758004148588,0.9632892578398975
0,1,0.7867593442932195,0.5182187651096559,0.5735186885864391
0,1,0.8076348524459992,0.48963433613219354,0.6152697048919986
1,0,0.9382002471233839,0.2318911553892936,0.8764004942467676
1,0,0.9756542952655889,0.11450094087302012,0.9513085905311778
0,1,0.7632592383696667,0.5472938608400925,0.5265184767393335
1,1,0.7774702267224747,0.5300912140921926,0.5549404534449495
0,0,0.9396805438421476,0.22784561418065274,0.8793610876842952
1,0,0.9907443255925573,0.05255257421526454,0.9814886511851147
1,0,0.6711788244413868,0.633340665422324,0.3423576488827735
0,0,0.9589747475299869,0.1711888791677132,0.9179494950599739
0,0,0.9354493174354285,0.23930948520869533,0.870898634870857
0,1,0.7789865136239627,0.5281877074736911,0.5579730272479253
0,1,0.7870281130415493,0.5178676718756726,0.5740562260830986
1,0,0.9868645064921074,0.06995754450172574,0.973729012984215
0,0,0.9324327949649683,0.24730010952156312,0.8648655899299369
0,0,0.9383964812155057,0.23135705368697596,0.8767929624310115
0,1,0.9352712842913008,0.23978520817102317,0.8705425685826017
1,0,0.9887433875601113,0.0616991813438234,0.9774867751202225
1,1,0.787238564537078,0.5175924577768172,0.5744771290741558
0,1,0.8158735131398727,0.4775933321332255,0.6317470262797455
0,0,0.9383943418468386,0.23136288011859318,0.876788683693677
1,0,0.7082395695608091,0.6037204271193446,0.4164791391216182
1,1,0.7871816004363563,0.5176669776312206,0.5743632008727128
0,1,0.7869008725232484,0.518033940151816,0.5738017450464967
0,0,0.9628795409027825,0.1586822697644198,0.925759081805565
0,1,0.786845991521585,0.5181056246849529,0.5736919830431698
1,0,0.7098590850370704,0.6022778073870223,0.4197181700741409
0,0,0.961594790142251,0.16284227179549554,0.923189580284502
1,0,0.9775609406534141,0.10738543309265348,0.9551218813068285
1,0,0.9383106880782514,0.23159064367683568,0.8766213761565026
1,0,0.9841059901821957,0.08159704168044368,0.9682119803643913
1,0,0.9896647064071065,0.05753663251575823,0.9793294128142129
1,0,0.96840924017742,0.1402290522270369,0.93681848035484
1,1,0.7790701016174905,0.5280823855332095,0.5581402032349808
1,0,0.6965762794363253,0.6137373641807109,0.3931525588726504
1,0,0.9746293778648832,0.11826184198723919,0.9492587557297665
1,0,0.685114036946182,0.622954374238011,0.3702280738923639
1,0,0.9824713642575709,0.08825849389623594,0.9649427285151416
1,0,0.9778548992962529,0.10627397935690833,0.9557097985925059
1,0,0.9807270834130046,0.0951957862528931,0.9614541668260094
1,1,0.7794928779868223,0.5275490597856678,0.5589857559736447
0,1,0.7982117657143908,0.5028714718061928,0.5964235314287817
1,0,0.6929850298978982,0.616691418899024,0.3859700597957963
0,1,0.8092239048421492,0.4873463557057075,0.6184478096842985
0,1,0.7959681186019634,0.5059412510362568,0.5919362372039269
0,1,0.786909529892557,0.5180226304186114,0.573819059785114
1,0,0.9381840086499849,0.2319353228031596,0.8763680172999697
1,0,0.9721520830930555,0.12717982335171427,0.944304166186111
1,0,0.9729769268254868,0.12423666838701045,0.9459538536509736
1,0,0.9762953970365942,0.11212606584165627,0.9525907940731884
0,0,0.9628772228291431,0.15868981678077904,0.9257544456582862
0,1,0.7792260289559485,0.5278858065935881,0.5584520579118973
0,1,0.8032027149862028,0.4959303340400011,0.6064054299724055
0,1,0.8028015094298573,0.4964940938449598,0.6056030188597145
1,0,0.9593002430275445,0.17016167260290616,0.9186004860550889
0,1,0.802872774800577,0.49639402858365633,0.6057455496011539
0,1,0.7878189517442975,0.5168320962518603,0.5756379034885949
0,1,0.8020958723582495,0.49748316421008587,0.6041917447164992
0,0,0.9383711018569715,0.2314261676208479,0.876742203713943
0,0,0.9644350663659709,0.15358353929256874,0.9288701327319417
0,1,0.7958226376055739,0.5061392266749074,0.5916452752111476
1,1,0.786964155340281,0.5179512590285041,0.573928310680562
1,0,0.9815037658279333,0.09212756831032844,0.9630075316558666
1,0,0.9354144292746273,0.2394027512906987,0.8708288585492544
1,1,0.780603284240905,0.5261433436912732,0.5612065684818099
1,0,0.678392334113052,0.6280753371774237,0.3567846682261039
0,1,0.7947354352048123,0.5076146106058376,0.5894708704096245
1,0,0.9647822402044488,0.15243603979137094,0.9295644804088976
1,0,0.93811960273811,0.23211045722115387,0.87623920547622
1,0,0.9762953970365942,0.11212606584165627,0.9525907940731884
1,0,0.6863579285809223,0.6219838156586974,0.37271585716184447
1,0,0.9789254361519173,0.10219216968464999,0.9578508723038346
0,0,0.9337376634262583,0.24386166032436463,0.8674753268525165
1,1,0.8130927855225304,0.48170718755963726,0.6261855710450609
1,1,0.7772370552582953,0.5303827508796398,0.5544741105165905
0,0,0.9650806752080852,0.1514468006958805,0.9301613504161702
0,0,0.981428302498631,0.09242711569893806,0.9628566049972619
0,1,0.8116407448053018,0.48383510255855033,0.6232814896106036
0,1,0.7817307215846803,0.5247087009688445,0.5634614431693606
1,0,0.9763032012020784,0.11209704788954311,0.9526064024041568
1,0,0.9381397178042891,0.23205576742830927,0.8762794356085781
0,1,0.7795224892425511,0.5275116667008675,0.5590449784851023
0,1,0.8095538782683771,0.4868691994954039,0.6191077565367541
1,0,0.9874222992396176,0.06753614572879985,0.974844598479235
1,0,0.985968882346533,0.07379566881954377,0.971937764693066
0,0,0.9606105175588351,0.16599901294509517,0.9212210351176702
0,1,0.7867052300067847,0.5182894026403988,0.5734104600135693
0,1,0.809802422431191,0.48650932735512553,0.619604844862382
1,0,0.9755821421630227,0.11476713066191542,0.9511642843260455
0,0,0.9628777482073578,0.15868810630559238,0.9257554964147158
1,0,0.9766010173686434,0.11098771360724344,0.9532020347372867
1,0,0.9593002110546778,0.17016177363657597,0.9186004221093556
1,0,0.9593002110546778,0.17016177363657597,0.9186004221093556
1,0,0.9659805637875511,0.14844780072618297,0.9319611275751024
0,0,0.9606087467661608,0.16600466893977192,0.9212174935323216
1,0,0.988692299420205,0.06192770816972209,0.97738459884041
1,0,0.6889560587288865,0.6199333960726696,0.37791211745777314
1,0,0.9807166432378618,0.09523680901337306,0.9614332864757236
1,0,0.9685086535469942,0.13988861944041298,0.9370173070939883
0,1,0.8165824204165393,0.47653635263422833,0.6331648408330787
1,0,0.9325882662342716,0.24689185610266196,0.8651765324685432
1,0,0.9730945829669976,0.12381476406574872,0.9461891659339953
1,0,0.9589728594608932,0.17119482970625452,0.9179457189217862
0,0,0.9593018911043433,0.17015646467512963,0.9186037822086865
0,1,0.8112533819019412,0.48440043567551555,0.6225067638038824
0,0,0.9720088502905831,0.1276883160028406,0.9440177005811663
0,0,0.9581446283435778,0.17379644490170204,0.9162892566871557
1,0,0.9381294298737647,0.23208373961109102,0.8762588597475293
1,0,0.704757339297868,0.6067793677867648,0.4095146785957361
1,0,0.9401716670135345,0.2264949131621917,0.880343334027069
0,0,0.961593050280356,0.1628478748057972,0.9231861005607119
0,1,0.7787692266616384,0.528461301988256,0.5575384533232768
0,1,0.8021680193997313,0.4973821819653517,0.6043360387994625
0,0,0.9572839528977691,0.17648185345422077,0.9145679057955381
0,0,0.9612508753559882,0.16394821818763253,0.9225017507119764
1,0,0.6832207430243451,0.6244178742140984,0.36644148604869003
1,0,0.6765295215305099,0.6294577838051953,0.35305904306102004
1,1,0.8296837257118294,0.45638735187324403,0.6593674514236589
1,0,0.6711788244413868,0.633340665422324,0.3423576488827735
1,0,0.9381952044626322,0.23190487153020983,0.8763904089252641
1,0,0.9710331047529016,0.13113244793317358,0.9420662095058032
1,0,0.9382136564034328,0.23185467973808097,0.8764273128068656
0,1,0.7870123404035778,0.5178882876085873,0.5740246808071554
0,0,0.9653961078301209,0.15039834525566528,0.9307922156602417
1,0,0.9851266752325347,0.07735188077297031,0.9702533504650696
1,0,0.960290611133175,0.16701946767546277,0.9205812222663502
0,1,0.7825191954676372,0.5237009577578091,0.5650383909352743
0,1,0.9401551802514015,0.22654032490321463,0.8803103605028032
0,1,0.80975399750877,0.48657947423001174,0.61950799501754
1,0,0.6803159532229499,0.6266310715214972,0.3606319064458998
1,0,0.9762953970365942,0.11212606584165627,0.9525907940731884
1,1,0.7791097522370017,0.5280324110513714,0.5582195044740034
1,0,0.6711788244413868,0.633340665422324,0.3423576488827735
1,0,0.9734613430150464,0.12249619238281254,0.9469226860300928
0,0,0.9396403292150164,0.22795602466966622,0.8792806584300328
0,0,0.96925485337051,0.1373229067431792,0.93850970674102
1,0,0.9647822402044488,0.15243603979137094,0.9295644804088976
1,0,0.9615930207433447,0.16284796992538533,0.9231860414866895
0,0,0.9382665230327659,0.23171084277951762,0.8765330460655317
1,0,0.7100729685474367,0.6020863347891277,0.42014593709487347
0,1,0.7792422346419374,0.5278653678392387,0.5584844692838751
1,0,0.9708696361310243,0.1317061094135571,0.9417392722620485
1,1,0.7793717899786367,0.5277019166091067,0.5587435799572734
1,1,0.8097631998375368,0.4865661451870497,0.6195263996750735
0,0,0.9339110604986475,0.24340268238913013,0.8678221209972947
1,0,0.9785505648353573,0.10362768522812701,0.9571011296707146
1,1,0.8170446825899353,0.4758453138458447,0.6340893651798707
1,0,0.9593002270567396,0.1701617230703586,0.9186004541134792
1,0,0.9762953970365942,0.11212606584165627,0.9525907940731884
0,0,0.9593002215534382,0.17016174046068944,0.9186004431068764
1,1,0.7714877006597934,0.5374724780383688,0.5429754013195871
1,0,0.6862585351639532,0.6220616323525622,0.3725170703279065
0,1,0.7952513336806741,0.5069154176371039,0.5905026673613482
0,0,0.9695901819656844,0.136163863006594,0.9391803639313688
1,0,0.6667535571193651,0.6364539234343799,0.33350711423873036
1,0,0.6825045123379321,0.6249671936734426,0.36500902467586416
0,1,0.7874263729275798,0.5173466315094143,0.5748527458551598
1,0,0.9381675695973071,0.2319800311460844,0.8763351391946141
1,0,0.9725081714444481,0.12591237739928784,0.9450163428888961
0,0,0.9612485062345816,0.16395582566263506,0.9224970124691632
1,0,0.9783146312407767,0.10452771854192454,0.9566292624815534
0,0,0.9395618280042479,0.22817147000417093,0.8791236560084958
0,0,0.9656228396594866,0.1496428809157756,0.9312456793189733
0,0,0.9797303770567972,0.09908659092849853,0.9594607541135944
1,0,0.9695884907172669,0.13616971824271848,0.9391769814345338
1,0,0.6641687702541292,0.6382315567415089,0.3283375405082585
0,1,0.7948816955897089,0.5074165509448412,0.589763391179418
1,0,0.9824713642575709,0.08825849389623594,0.9649427285151416
0,0,0.9628778869346114,0.15868765464963216,0.9257557738692229
0,1,0.8244929726099239,0.4645117455457156,0.6489859452198479
0,0,0.6765825660750182,0.6294186374919275,0.35316513215003636
1,1,0.7793978195120559,0.5276690651277319,0.558795639024112
1,0,0.9731254234391276,0.12370408554236123,0.9462508468782551
1,0,0.9807628778858032,0.09505509461575172,0.9615257557716063
1,1,0.779511886501108,0.5275250564258691,0.5590237730022161
0,0,0.9692548146402157,0.13732304039347643,0.9385096292804315
0,1,0.7868785564942371,0.5180630910962781,0.5737571129884741
1,0,0.9672063188129754,0.14432303484807799,0.934412637625951
0,1,0.822252707813136,0.4679603519340232,0.6445054156262722
1,0,0.6696831799808987,0.6344027759627422,0.3393663599617973
0,0,0.9628795297276448,0.15868230614798473,0.9257590594552896
1,0,0.9382020266876749,0.23188631483314223,0.8764040533753498
0,1,0.8170644290277753,0.4758157629485578,0.6341288580555506
0,1,0.7948398067937578,0.5074732883946466,0.5896796135875154
0,1,0.7750243893468993,0.533133675198874,0.5500487786937989
1,0,0.6621491654193631,0.6395996466273832,0.32429833083872617
1,1,0.797649410002912,0.503643817129543,0.595298820005824
1,0,0.9710331047529016,0.13113244793317358,0.9420662095058032
0,0,0.9383128766256195,0.23158468647424313,0.8766257532512389
1,0,0.9840698008160059,0.08174630961859289,0.9681396016320117
0,0,0.9660021176001149,0.14837567003655527,0.9320042352002298
1,0,0.7090876643876435,0.6029665533334767,0.41817532877528696
1,0,0.678392334113052,0.6280753371774237,0.3567846682261039
0,0,0.9634671374201,0.15676434184885307,0.9269342748402001
1,0,0.9773549297138077,0.1081620069090547,0.9547098594276154
1,1,0.7792709175396976,0.5278291889727983,0.5585418350793951
1,0,0.6862585351639532,0.6220616323525622,0.3725170703279065
1,0,0.9742125256532453,0.11977921774805161,0.9484250513064906
0,1,0.7960302873090916,0.5058566099400313,0.5920605746181833
0,1,0.7850721618613051,0.5204129161399518,0.5701443237226103
1,0,0.9896647064071065,0.05753663251575823,0.9793294128142129
1,0,0.9910619301566687,0.05106277475532893,0.9821238603133373
1,0,0.6811369076866921,0.6260095167147972,0.3622738153733844
1,1,0.7870253693168662,0.5178712581861722,0.5740507386337322
0,1,0.7944192526698279,0.5080423236303222,0.5888385053396559
1,0,0.9729769268254868,0.12423666838701045,0.9459538536509736
1,0,0.9891898743344676,0.059691864053459595,0.9783797486689352
1,0,0.9331059411825834,0.24552971265047946,0.8662118823651668
1,0,0.9695884891525817,0.1361697236597376,0.9391769783051634
1,1,0.7793232947084686,0.5277631112490321,0.5586465894169373
0,1,0.778996973911023,0.5281745295999933,0.5579939478220457
1,0,0.9843537631895778,0.08057280938012927,0.9687075263791556
1,1,0.7776684320492321,0.5298431487527783,0.555336864098464
0,1,0.7857666903719599,0.5195117424945018,0.5715333807439197
1,1,0.7957343772532491,0.5062592709697329,0.5914687545064983
1,0,0.9659805637875511,0.14844780072618297,0.9319611275751024
0,0,0.9383358476798326,0.2315221545167328,0.8766716953596649
1,1,0.8164696011639979,0.47670479018459233,0.6329392023279958
1,1,0.7802934127326073,0.5265363478740939,0.5605868254652149
0,0,0.9638212722099437,0.1556037102366859,0.9276425444198876
1,1,0.7786693883176297,0.5285869204563812,0.5573387766352593
0,1,0.7978657680901005,0.5033469007501793,0.5957315361802007
1,0,0.6812421995246571,0.6259295745288185,0.36248439904931434
1,1,0.7718242920577524,0.5370626155221602,0.5436485841155047
1,1,0.7903712187691847,0.5134644179350609,0.5807424375383694
1,1,0.7847061735679324,0.5208866474479221,0.5694123471358647
1,0,0.9834720832590201,0.08419972875337217,0.9669441665180404
1,1,0.7873042089189928,0.5175065584406222,0.5746084178379857
1,0,0.9807659533330727,0.09504300327840093,0.9615319066661453
1,0,0.9863427003167775,0.07220096968653383,0.9726854006335552
1,0,0.9910850141454203,0.05095405467501695,0.9821700282908405
0,1,0.8177437664368917,0.4747975322269825,0.6354875328737837
0,0,0.9333364233971448,0.24492187186235448,0.8666728467942897
1,1,0.7778988852347075,0.5295544376853146,0.555797770469415
0,1,0.7819487242195513,0.5244304380911431,0.5638974484391026
1,0,0.7441970170072013,0.5686210310929949,0.4883940340144027
1,0,0.9761297592596293,0.11274133157800248,0.9522595185192587
1,0,0.9675270052250797,0.14323614931920753,0.9350540104501593
1,0,0.9767746056988647,0.11033932768469229,0.9535492113977293
1,0,0.9869130033058631,0.06974798551990281,0.9738260066117261
0,1,0.8327709001971275,0.4514652723101844,0.6655418003942551
1,0,0.9774694178218338,0.10773067314398466,0.9549388356436678
0,1,0.7702072799968787,0.5390257614269734,0.5404145599937571
1,0,0.9382313974680986,0.23180641608753388,0.8764627949361973
1,1,0.8099943725216115,0.4862311244598322,0.619988745043223
1,0,0.7254941128781169,0.5876891715447417,0.4509882257562341
0,1,0.6794863037633605,0.6272560611314713,0.3589726075267208
1,0,0.9382577883718463,0.231734610947404,0.8765155767436925
1,0,0.98064975531026,0.09549949628246429,0.9612995106205199
1,0,0.9593002110546778,0.17016177363657597,0.9186004221093556
1,1,0.779366946885047,0.5277080285696686,0.5587338937700944
1,0,0.9593002110546778,0.17016177363657597,0.9186004221093556
0,0,0.9608709157440922,0.16516638494023433,0.9217418314881843
0,0,0.9349710668835576,0.24058623496416925,0.8699421337671154
1,0,0.9395626547733081,0.22816920151521194,0.8791253095466163
0,0,0.9396523599083889,0.22792299702297422,0.8793047198167778
1,0,0.6812421995246571,0.6259295745288185,0.36248439904931434
0,1,0.811572205376854,0.48393520320111727,0.6231444107537081
0,0,0.9321230256335057,0.24811239267505014,0.8642460512670114
0,1,0.797925015279809,0.5032655429786401,0.5958500305596178
1,0,0.6641687702541292,0.6382315567415089,0.3283375405082585
0,1,0.8022887101715634,0.4972131810529345,0.6045774203431268
1,0,0.9891898743344676,0.059691864053459595,0.9783797486689352
0,1,0.7870250685964808,0.517871651253738,0.5740501371929616
0,1,0.7941376668936794,0.5084227208597749,0.5882753337873587
0,1,0.7879146187992484,0.5167065701141844,0.5758292375984968
0,0,0.9382761139301203,0.2316847431618236,0.8765522278602408
0,1,0.7951803376828935,0.5070117348549188,0.5903606753657872
1,0,0.6711788244413868,0.633340665422324,0.3423576488827735
0,1,0.8318076069173839,0.45300841093589755,0.6636152138347677
1,0,0.9782807793534739,0.10465663993837138,0.9565615587069478
1,0,0.9794667677433729,0.10010716623268257,0.9589335354867459
1,0,0.9878173217815457,0.06580624616130215,0.9756346435630914
1,1,0.7869837156318179,0.5179256980189437,0.5739674312636358
1,0,0.959300278504169,0.170161560497396,0.9186005570083379
0,1,0.8656753220338103,0.3945258248079376,0.7313506440676205
1,0,0.6711788244413868,0.633340665422324,0.3423576488827735
1,0,0.9244414243145743,0.26778553251693293,0.8488828486291486
1,0,0.9923000815399667,0.04514220154556163,0.9846001630799336
0,0,0.9347699717617177,0.24112195862966523,0.8695399435234356
1,0,0.9929940786030812,0.0417376954793784,0.9859881572061626
1,0,0.938324330774268,0.23155350705386582,0.8766486615485362
1,1,0.810456445119168,0.4855604373039468,0.6209128902383358
1,0,0.6711788244413868,0.633340665422324,0.3423576488827735
0,0,0.9901040188002731,0.05552300715536754,0.9802080376005461
1,0,0.6785136383234418,0.6279847627897788,0.35702727664688366
1,0,0.9373122855114924,0.23429969855859525,0.8746245710229847
1,0,0.9621760143430648,0.16096590126665855,0.9243520286861295
0,1,0.8114123599785203,0.4841685352768741,0.6228247199570407
1,1,0.7775823649336119,0.5299508945883485,0.5551647298672239
0,0,0.9638212722099437,0.1556037102366859,0.9276425444198876
0,1,0.808765882504337,0.4880075075925736,0.617531765008674
1,1,0.7721618050806992,0.5366509848041968,0.5443236101613984
0,0,0.9678210620018972,0.1422366421270058,0.9356421240037943
0,1,0.7947582087529773,0.5075837802461587,0.5895164175059546
0,1,0.7648995986650533,0.5453661449712118,0.5297991973301064
0,0,0.9602927535449134,0.16701264264495852,0.9205855070898268
0,1,0.7948721436041621,0.5074294898456599,0.5897442872083243
1,0,0.980739690536243,0.09514624117938064,0.961479381072486
0,1,0.7524919961373614,0.5595808100226936,0.5049839922747226
1,0,0.9593002110546778,0.17016177363657597,0.9186004221093556
1,0,0.6883320660700992,0.6204287139065997,0.37666413214019845
0,1,0.7944537975219969,0.5079956231969086,0.5889075950439939
1,0,0.9753538288802468,0.11560799523330637,0.9507076577604937
0,1,0.8098251526812544,0.4864763957535545,0.6196503053625089
1,0,0.9890957668089732,0.060116478648402964,0.9781915336179463
1,0,0.938109010101478,0.23213925418062384,0.876218020202956
1,1,0.7948232961916789,0.507495648684315,0.589646592383358
0,1,0.7946381700096786,0.5077462504376686,0.5892763400193569
0,1,0.7781048253892714,0.5292961763921226,0.5562096507785426
0,0,0.9381262476416388,0.23209239151435285,0.8762524952832775
1,0,0.9806860491528232,0.09535698969979108,0.9613720983056463
1,0,0.9382070939958662,0.23187253105335798,0.8764141879917327
1,0,0.9659805637875511,0.14844780072618297,0.9319611275751024
0,1,0.7684355210957948,0.5411598196304128,0.5368710421915897
0,1,0.7867775013182854,0.5181950601118854,0.5735550026365709
1,0,0.6978781899706761,0.612651402293549,0.3957563799413521
1,0,0.9806851916090866,0.09536035761883113,0.9613703832181733
1,0,0.9772545708486696,0.10853962156102469,0.9545091416973391
0,1,0.8290287047233185,0.4574229872762833,0.658057409446637
1,1,0.8344648741314264,0.4487354464469118,0.6689297482628527
0,1,0.815835820677643,0.47764943777549246,0.6316716413552861
0,0,0.9382815630099772,0.23166991392513434,0.8765631260199545
0,0,0.936675022969686,0.23601995393533148,0.873350045939372
0,0,0.9589728588625065,0.17119483159214724,0.9179457177250129
1,0,0.9367865365361991,0.23571942519814704,0.8735730730723982
1,0,0.9599364152617015,0.16814617083850958,0.9198728305234027
1,0,0.691568234618527,0.6178401354287126,0.38313646923705413
0,0,0.9384170040600118,0.23130115702980805,0.8768340081200238
1,0,0.9900347046937868,0.055842001228676316,0.9800694093875737
0,1,0.8023816359427594,0.49708299635481723,0.6047632718855187
1,0,0.9338679679230267,0.24351679285603026,0.8677359358460534
0,1,0.8141760413191207,0.48011068277091495,0.6283520826382414
1,0,0.6812421995246571,0.6259295745288185,0.36248439904931434
1,0,0.6765295215305099,0.6294577838051953,0.35305904306102004
1,0,0.9663146561286775,0.14732815336245839,0.932629312257355
1,1,0.8162535675465359,0.4770270883054716,0.6325071350930719
0,0,0.9608709117762073,0.1651663976413305,0.9217418235524146
1,0,0.6765825818170034,0.6294186258726002,0.35316516363400685
1,0,0.9824713642575709,0.08825849389623594,0.9649427285151416
0,1,0.8270438042934366,0.4605428112522222,0.6540876085868733
1,0,0.9593002110546778,0.17016177363657597,0.9186004221093556
1,1,0.7740203480558331,0.5343726885975804,0.5480406961116661
1,1,0.7868227799507161,0.5181359377986501,0.5736455599014322
0,1,0.8022861414839315,0.4972167788919434,0.6045722829678633
1,0,0.6978781899706761,0.612651402293549,0.3957563799413521
0,0,0.9678210979656233,0.14223651971598858,0.9356421959312466
1,1,0.7789354500744443,0.5282520282297913,0.5578709001488887
0,0,0.9606086233312296,0.1660050631936293,0.9212172466624593
0,1,0.7973494955413348,0.5040549214722454,0.5946989910826699
1,0,0.9878249298324394,0.06577280270013353,0.9756498596648787
0,1,0.8099870703037136,0.4862417123098478,0.6199741406074273
0,1,0.7712679297389514,0.5377397431097102,0.5425358594779028
1,0,0.9612490910121063,0.16395394790018405,0.9224981820242127
0,1,0.8022045217779625,0.49733107808783683,0.6044090435559253
0,1,0.8674874412253181,0.3911352196227459,0.7349748824506361
0,1,0.8046264156948476,0.49392157119604907,0.6092528313896953
0,1,0.7944986904114145,0.5079349225577983,0.5889973808228288
1,1,0.7640990903121595,0.5463087498861554,0.5281981806243192
0,1,0.8914742905271292,0.34342183258313197,0.7829485810542585
1,1,0.7802898202326111,0.5265409008885262,0.5605796404652219
1,0,0.9606087446861297,0.16600467558343984,0.9212174893722594
0,1,0.8026898234180492,0.49665085007868703,0.6053796468360985
0,0,0.9626495164396917,0.15943043551298725,0.9252990328793833
1,0,0.959303465023479,0.17015149102085234,0.9186069300469578
0,1,0.8021255455811117,0.49744163538033614,0.6042510911622233
1,0,0.9738636984154738,0.12104365660318112,0.9477273968309478
1,0,0.9763032012020784,0.11209704788954311,0.9526064024041568
0,1,0.7944108401720059,0.5080536951965364,0.588821680344012
1,0,0.9617721422200916,0.1622707006757032,0.9235442844401831
1,0,0.9655967409006703,0.14972991996089613,0.9311934818013403
1,0,0.6851140484389933,0.6229543653037894,0.3702280968779863
1,0,0.9731254234391276,0.12370408554236123,0.9462508468782551
0,0,0.9396544914608596,0.22791714504405222,0.8793089829217189
1,1,0.7789729858426659,0.5282047488354042,0.5579459716853319
0,1,0.7906127971175034,0.5131436275655902,0.5812255942350069
1,0,0.6667535571193651,0.6364539234343799,0.33350711423873036
0,0,0.9593018870748848,0.17015647740831552,0.9186037741497697
0,1,0.8093017109813176,0.48723390815680345,0.6186034219626351
0,1,0.7662945910574009,0.5437150097514818,0.5325891821148017
1,0,0.9904455714431781,0.05394390241126656,0.9808911428863563
1,0,0.9832985003181248,0.08490807164681087,0.9665970006362498
1,0,0.9381821689030989,0.23194032648814264,0.8763643378061977
0,1,0.7751379567719872,0.5329931663773781,0.5502759135439744
0,1,0.7959603851413042,0.5059517782796503,0.5919207702826084
0,0,0.7158669121397203,0.5968146193853432,0.4317338242794406
1,0,0.6997170659171926,0.6111038409328304,0.39943413183438536
1,0,0.9367096792674114,0.23592657778289033,0.8734193585348227
0,0,0.9628778869346114,0.15868765464963216,0.9257557738692229
0,0,0.9363399281557502,0.2369217733248607,0.8726798563115004
1,0,0.9413411715775579,0.2232611827601948,0.8826823431551158
1,0,0.9747595677560301,0.11778650537299395,0.9495191355120601
1,0,0.9737709407402261,0.12137908005474599,0.947541881480452
0,1,0.8257059705837899,0.46263003578491996,0.6514119411675798
0,0,0.9593002092468179,0.170161779349379,0.9186004184936358
0,1,0.8353031051367175,0.44737697114652,0.670606210273435
0,0,0.9617739463878775,0.16226488180594306,0.923547892775755
0,1,0.7949645350891756,0.5073043149833069,0.5899290701783516
0,0,0.939562182556047,0.22817049718641413,0.8791243651120938
0,0,0.958974735261754,0.17118891783321816,0.9179494705235081
1,0,0.9759276358929297,0.11349052964223744,0.9518552717858595
0,1,0.793227692172199,0.5096487016974329,0.5864553843443979
0,1,0.7763816168575407,0.5314496272163032,0.5527632337150813
1,0,0.9736765164683413,0.12172018413476132,0.9473530329366826
1,1,0.7882702357065815,0.5162394796522445,0.5765404714131628
0,1,0.8170368980907913,0.47585696277113154,0.6340737961815825
1,0,0.9331401676292603,0.24543950259379366,0.8662803352585206
0,1,0.8019622998894473,0.49767003540276006,0.6039245997788946
1,0,0.9756542952655889,0.11450094087302012,0.9513085905311778
1,1,0.810490128501644,0.48551149237154106,0.6209802570032883
0,1,0.7965750565929967,0.5051139017727231,0.5931501131859933
1,0,0.6765295215305099,0.6294577838051953,0.35305904306102004
1,0,0.9678927092155303,0.14199269151937796,0.9357854184310607
1,0,0.9694184986739868,0.13675775017593175,0.9388369973479735
0,0,0.6825232498306757,0.6249528529564535,0.36504649966135133
0,0,0.9396194827439281,0.22801324807093962,0.8792389654878562
1,0,0.9383188821138343,0.23156833917428768,0.8766377642276685
0,0,0.9737720970240424,0.121374900862523,0.9475441940480849
1,0,0.9762953970365942,0.11212606584165627,0.9525907940731884
1,0,0.6965762794363253,0.6137373641807109,0.3931525588726504
1,0,0.9593002110546778,0.17016177363657597,0.9186004221093556
0,0,0.9381647814695894,0.2319876133940496,0.8763295629391786
0,1,0.8347672113244344,0.4482460525857571,0.6695344226488689
0,1,0.8171448163787726,0.4756954349114352,0.6342896327575452
1,0,0.9731254234391276,0.12370408554236123,0.9462508468782551
1,1,0.7804021852451898,0.526398457576096,0.5608043704903796
1,0,0.988583487768924,0.06241366624171988,0.9771669755378479
1,0,0.963176597826386,0.15771388610088033,0.9263531956527721
1,1,0.7688578109779208,0.5406527823377495,0.5377156219558414
0,1,0.8095429341342458,0.48688503651669,0.6190858682684913
1,0,0.9593002110546778,0.17016177363657597,0.9186004221093556
1,0,0.9395525387215071,0.22819695711089985,0.8791050774430142
0,1,0.809325501511517,0.4871995176053216,0.6186510030230341
1,1,0.7803723213464759,0.5264363227456192,0.560744642692952
0,0,0.938406467041358,0.23132985689153646,0.8768129340827158
0,0,0.9903919257413275,0.05419272839283609,0.9807838514826551
0,1,0.8029925770547311,0.4962257393062061,0.6059851541094623
0,1,0.822568942298941,0.4674756380529843,0.6451378845978819
1,0,0.9383130330341535,0.23158426072871363,0.876626066068307
0,1,0.778290463901146,0.5290631640706205,0.5565809278022918
0,0,0.9383561008040224,0.2314670137618195,0.8767122016080449
1,0,0.9323903402296939,0.2474115250745303,0.8647806804593878
0,1,0.809818140279428,0.48648655568385735,0.619636280558856
1,0,0.9755821421630227,0.11476713066191542,0.9511642843260455
0,1,0.7868732117868067,0.51807007233083,0.5737464235736136
0,0,0.9626498303767158,0.15942941542237593,0.9252996607534316
0,1,0.827884820939093,0.45922429661736086,0.655769641878186
1,1,0.7795250604136978,0.5275084195859979,0.5590501208273959
1,0,0.9381876623040072,0.23192538553827838,0.8763753246080145
0,1,0.8309537710466147,0.45437065931796344,0.6619075420932293
1,0,0.9593002576266509,0.1701616264699904,0.9186005152533018
1,0,0.6773564312312267,0.6288460704089063,0.35471286246245337
0,0,0.9663170417394847,0.1473201461473005,0.9326340834789695
0,1,0.7877244741994863,0.5169560078818122,0.5754489483989728
1,0,0.9647822420371057,0.1524360337246315,0.9295644840742114
0,1,0.7868561905612429,0.5180923042496548,0.5737123811224859
1,0,0.7254941128781169,0.5876891715447417,0.4509882257562341
0,1,0.8369364185888285,0.4447152583223776,0.6738728371776569
1,0,0.7020893054510451,0.6090836308388234,0.40417861090209045
0,0,0.9339796437200213,0.24322100985425868,0.8679592874400425
0,0,0.961901326567966,0.1618538264308769,0.9238026531359321
1,0,0.678392334113052,0.6280753371774237,0.3567846682261039
1,1,0.8021306166983649,0.49743453759943795,0.60426123339673
0,0,0.6803846719975644,0.6265791625848636,0.36076934399512867
1,0,0.9807461911105083,0.09512069110979719,0.9614923822210165
1,0,0.9385291385494566,0.2309956152878573,0.8770582770989133
1,0,0.9758679591681553,0.11371139647660974,0.9517359183363105
0,0,0.982701367419821,0.08733090447408894,0.9654027348396418
1,0,0.6659786282301654,0.6369900154200507,0.3319572564603308
0,1,0.7796320573106126,0.5273732598092101,0.5592641146212248
0,1,0.7872512644877909,0.517575841190139,0.5745025289755821
0,1,0.8022535489254198,0.4972624261315658,0.6045070978508396
0,0,0.9839634465361999,0.08218449940108956,0.9679268930723999
1,0,0.9732455181273303,0.12327274966028884,0.9464910362546606
0,0,0.9593002092468179,0.170161779349379,0.9186004184936358
1,0,0.9675291489622843,0.14322887268486867,0.9350582979245686
1,0,0.9382829201062189,0.23166622061608586,0.8765658402124381
0,1,0.7842484184109465,0.5214780449305683,0.5684968368218932
0,1,0.8097057381796564,0.4866493660875256,0.6194114763593128
0,1,0.8449995948619704,0.4312856228204632,0.6899991897239406
0,1,0.8239964319979501,0.46527908704284704,0.6479928639959005
1,0,0.9807289334057812,0.09518851644296264,0.9614578668115624
0,1,0.7793547135422434,0.5277234663813757,0.5587094270844869
0,1,0.7788602487783373,0.5283467258452,0.5577204975566743
1,0,0.9785505648353573,0.10362768522812701,0.9571011296707146
1,0,0.9676944527823309,0.1426673293387174,0.9353889055646617
1,0,0.9901061941272388,0.055512988051204804,0.9802123882544775
1,0,0.678392334113052,0.6280753371774237,0.3567846682261039
0,0,0.9619013378268279,0.16185379007902323,0.9238026756536557
1,0,0.9780184831251574,0.10565374616067641,0.9560369662503148
0,1,0.7756986404879603,0.5322983876964795,0.5513972809759207
0,1,0.7802595471073888,0.526579265045715,0.5605190942147775
1,1,0.7795165445320169,0.5275191740888217,0.5590330890640338
1,0,0.9759139482123169,0.1135412018836385,0.9518278964246338
0,1,0.7774644012511751,0.5300985015680959,0.5549288025023502
0,1,0.8023816186832686,0.49708302053961956,0.6047632373665373
1,0,0.988067310395376,0.06470481130459692,0.9761346207907519
1,0,0.9729769268254868,0.12423666838701045,0.9459538536509736
0,1,0.847261781349851,0.4274295474296328,0.6945235626997021
0,0,0.9615947939850986,0.16284225941998876,0.9231895879701972
0,0,0.9814282181491193,0.09242745034447973,0.9628564362982387
0,0,0.9582065211083329,0.17360262457593173,0.916413042216666
1,0,0.9593002110546778,0.17016177363657597,0.9186004221093556
0,1,0.7992398024263241,0.5014544769218772,0.5984796048526482
0,1,0.8340355096341613,0.44942932272234626,0.6680710192683226
1,0,0.9730945829669976,0.12381476406574872,0.9461891659339953
1,0,0.6628916757735088,0.6390987888465267,0.32578335154701765
0,0,0.7218309668595113,0.5912157138383649,0.4436619337190224
0,0,0.960454481662339,0.16649708122900775,0.9209089633246781
1,0,0.9718729658892855,0.1281700239325199,0.9437459317785711
1,0,0.6641687702541292,0.6382315567415089,0.3283375405082585
0,0,0.957283941992106,0.17648188736565584,0.9145678839842118
1,1,0.7946705762552732,0.5077023978937237,0.5893411525105463
0,0,0.9638211673846381,0.15560405431873475,0.927642334769276
0,1,0.7735532721455867,0.5349471072798706,0.5471065442911734
1,1,0.7801163694656669,0.5267606370491945,0.560232738931334
0,0,0.9615928287139787,0.16284858832706084,0.9231856574279572
1,0,0.6670822056225965,0.6362257500448967,0.334164411245193
0,1,0.8022080391879249,0.49732615321752915,0.6044160783758497
1,0,0.9708696361310243,0.1317061094135571,0.9417392722620485
0,0,0.9383024620000883,0.23161303423384494,0.8766049240001764
1,0,0.980522373326924,0.0959991089383412,0.9610447466538481
1,1,0.7792628124627295,0.527839412709779,0.5585256249254591
0,1,0.7882266057618992,0.5162968268299332,0.5764532115237985
1,0,0.9773062175384571,0.108345350183461,0.9546124350769143
1,1,0.7793023053968317,0.5277895927539192,0.5586046107936632
1,0,0.6765295215305099,0.6294577838051953,0.35305904306102004
0,1,0.8344555764459812,0.44875048613726753,0.6689111528919626
0,0,0.9369131799605126,0.2353778668561924,0.8738263599210252
1,0,0.9821230840661433,0.08965725283174068,0.9642461681322868
1,1,0.7800678969212561,0.5268220131479242,0.5601357938425121
0,0,0.9352680699830547,0.23979379231918607,0.8705361399661093
0,1,0.7976691929435877,0.5036166803027771,0.5953383858871755
0,0,0.9634659293701592,0.15676829496156977,0.9269318587403185
1,1,0.809854142463556,0.48643439046966563,0.619708284927112
1,0,0.9593002110546778,0.17016177363657597,0.9186004221093556
0,0,0.9606084589139884,0.1660055883452521,0.9212169178279768
1,1,0.7790524077601937,0.528104683406187,0.5581048155203874
0,1,0.7551059969949245,0.5566557910137444,0.5102119939898491
0,0,0.938378678499365,0.23140553581653212,0.8767573569987297
1,0,0.9612490910121063,0.16395394790018405,0.9224981820242127
0,1,0.7894273596332739,0.514714388754012,0.5788547192665479
0,0,0.9375758514656636,0.233586200015004,0.8751517029313272
1,0,0.9621760143430648,0.16096590126665855,0.9243520286861295
1,0,0.984632034298147,0.07941774996564274,0.969264068596294
0,0,0.9323814689017044,0.24743480282099162,0.8647629378034088
1,0,0.9858805814116021,0.07417087383488305,0.971761162823204
1,1,0.7789201275007567,0.5282713259226623,0.5578402550015136
0,0,0.960870765665797,0.1651668653366622,0.921741531331594
0,1,0.837623934086733,0.4435890188208061,0.6752478681734663
1,0,0.9871168863190166,0.06886498932110979,0.9742337726380332
0,1,0.7949110149361973,0.5073768321346129,0.5898220298723946
1,0,0.9905028118583767,0.05367806758942619,0.9810056237167534
1,0,0.9724041944047804,0.12628295651036056,0.9448083888095609
1,0,0.9887819457187117,0.06152654824526356,0.9775638914374234
0,0,0.9602927535449134,0.16701264264495852,0.9205855070898268
1,1,0.77826613687849,0.5290937105686716,0.5565322737569799
1,0,0.6765825818170034,0.6294186258726002,0.35316516363400685
1,0,0.9369210892873963,0.23535652634021492,0.8738421785747926
0,0,0.9369004931006178,0.23541209564175408,0.8738009862012355
0,0,0.9606087467661608,0.16600466893977192,0.9212174935323216
0,1,0.8802672168280467,0.36639224209595017,0.7605344336560933
1,0,0.9381000995647322,0.23216347671573345,0.8762001991294642
1,1,0.7876783340436744,0.5170165034091163,0.5753566680873486
1,0,0.6706942237560604,0.6336859065490512,0.3413884475121208
1,0,0.6961273023860612,0.614110008500475,0.39225460477212265
0,1,0.8604655710009961,0.40411743770926856,0.7209311420019925
0,0,0.9398182777883992,0.22746724510250318,0.8796365555767985
1,0,0.9396439192888455,0.22794616917154875,0.879287838577691
1,0,0.6686605082149668,0.6351231890306157,0.3373210164299335
0,0,0.9383186562038226,0.2315689541262001,0.8766373124076451
1,1,0.7607034844805135,0.5502676784247906,0.521406968961027
1,0,0.9795462310650583,0.09979988619986378,0.9590924621301168
0,1,0.7967720162169395,0.5048449273812561,0.5935440324338788
1,0,0.9783853688237314,0.10425814734176107,0.9567707376474628
1,0,0.9602909568860659,0.16701836622678562,0.9205819137721317
0,1,0.7738401199954652,0.5345944841164747,0.5476802399909304
1,0,0.985782091251399,0.07458871386338817,0.971564182502798
1,0,0.9755821421630227,0.11476713066191542,0.9511642843260455
0,1,0.7968737752970432,0.5047058680608828,0.5937475505940863
1,0,0.993858076704884,0.03740148805789632,0.987716153409768
1,0,0.6905074973011418,0.6186940038171886,0.38101499460228344
0,0,0.9647345139114124,0.1525939971126254,0.9294690278228249
1,0,0.678392334113052,0.6280753371774237,0.3567846682261039
1,0,0.7100729685474367,0.6020863347891277,0.42014593709487347
1,0,0.9660479210381216,0.14822234003145746,0.9320958420762433
0,1,0.7869621989182816,0.5179538155172755,0.5739243978365631
1,0,0.6641687702541292,0.6382315567415089,0.3283375405082585
1,0,0.6633256058588834,0.6388049407706147,0.326651211717767
1,0,0.9834720832590201,0.08419972875337217,0.9669441665180404
1,0,0.938201248133235,0.2318884325697489,0.87640249626647
0,0,0.9395801508690554,0.2281211929044572,0.8791603017381108
1,0,0.9731254234391276,0.12370408554236123,0.9462508468782551
1,0,0.9734613430150464,0.12249619238281254,0.9469226860300928
1,0,0.981030676429669,0.09400033835377035,0.962061352859338
0,0,0.9599382663916686,0.16814029086614182,0.9198765327833371
1,0,0.6765295215305099,0.6294577838051953,0.35305904306102004
0,1,0.7943476161581878,0.5081391441841459,0.5886952323163759
1,1,0.7784125289200795,0.528909839980205,0.5568250578401588
0,1,0.8278480972733058,0.4592819741195924,0.6556961945466115
0,1,0.7947745176988334,0.507561699577946,0.5895490353976668
1,0,0.9810188291223176,0.0940470814589402,0.962037658244635
0,1,0.829292499150626,0.45700627384721515,0.658584998301252
1,0,0.9631747621375241,0.1577198779312766,0.926349524275048
0,1,0.8376239183595765,0.4435890446236307,0.675247836719153
0,1,0.779688368902131,0.5273020995626565,0.5593767378042618
1,0,0.6925650357382911,0.6170329266961379,0.385130071476582
1,0,0.9747595677560301,0.11778650537299395,0.9495191355120601
1,0,0.9708696361310243,0.1317061094135571,0.9417392722620485
1,0,0.6649747940560452,0.6376804499781814,0.3299495881120903
1,0,0.938221460994852,0.23183344841901599,0.876442921989704
0,1,0.7802452515971059,0.5265973794277147,0.5604905031942116
1,0,0.9718729658892855,0.1281700239325199,0.9437459317785711
0,0,0.9324804580567164,0.24717499139405996,0.8649609161134327
1,0,0.9941229578818471,0.03604835052433071,0.9882459157636941
0,1,0.7957723697338506,0.5062076026744109,0.5915447394677011
1,1,0.7784373663099979,0.5288786315213041,0.5568747326199959
0,1,0.8098245972410536,0.48647720051567694,0.6196491944821073
0,0,0.9704268604175685,0.13325521399571838,0.9408537208351371
1,0,0.9695884891525817,0.1361697236597376,0.9391769783051634
0,1,0.8089746510322443,0.4877063201267974,0.6179493020644886
1,1,0.7946904451308837,0.50767550789571,0.5893808902617673
0,1,0.7750700286883435,0.5330772178099935,0.550140057376687
0,1,0.7677839860586954,0.5419401427814157,0.5355679721173907
1,0,0.9806806176282642,0.09537832082480001,0.9613612352565283
1,0,0.9807248636020492,0.09520450907701503,0.9614497272040986
0,1,0.7873263664321528,0.517477558289826,0.5746527328643056
1,0,0.9858805814116021,0.07417087383488305,0.971761162823204
1,0,0.6633256058588834,0.6388049407706147,0.326651211717767
1,0,0.9398600451371232,0.22735243972745023,0.8797200902742465
1,0,0.6812421995246571,0.6259295745288185,0.36248439904931434
1,0,0.9763032012020784,0.11209704788954311,0.9526064024041568
1,0,0.9731254234391276,0.12370408554236123,0.9462508468782551
1,0,0.98004415861215,0.09786720611626175,0.9600883172243001
0,0,0.9383061337191781,0.2316030403283876,0.8766122674383564
0,1,0.7817639068799073,0.5246663605787143,0.5635278137598146
1,0,0.9740546627624409,0.12035203981541774,0.9481093255248817
1,0,0.6773564312312267,0.6288460704089063,0.35471286246245337
0,1,0.8024691388831172,0.49696035900765834,0.6049382777662348
0,1,0.787197494365401,0.5176461873040847,0.574394988730802
0,1,0.7949075786193159,0.5073814875731526,0.5898151572386319
0,0,0.9397151999962399,0.2277504417611578,0.8794303999924796
1,0,0.9685086535469942,0.13988861944041298,0.9370173070939883
1,1,0.8163791043438329,0.4768398392626596,0.6327582086876657
0,0,0.9360930859062427,0.2375848787314467,0.8721861718124855
1,1,0.7516450135087214,0.560520685785511,0.5032900270174426
0,1,0.8029336215426575,0.4963085669508974,0.605867243085315
0,1,0.8333059079437735,0.45060534562039717,0.6666118158875469
0,1,0.8171767202604097,0.47564766750726195,0.6343534405208191
1,0,0.6875394517567389,0.6210552649049188,0.37507890351347817
0,1,0.7911128176293092,0.5124785331463453,0.5822256352586185
0,1,0.7943374219221352,0.5081529196826582,0.5886748438442704
1,1,0.778648976816863,0.5286125954661599,0.5572979536337259
0,1,0.7906667549079083,0.5130719292018111,0.5813335098158167
0,0,0.9740557762013227,0.12034800304548829,0.9481115524026452
1,0,0.9759139482123169,0.1135412018836385,0.9518278964246338
1,1,0.7793148591254466,0.527773754446813,0.5586297182508934
1,0,0.6696831799808987,0.6344027759627422,0.3393663599617973
1,1,0.7794528837642327,0.5275995563800132,0.5589057675284654
0,1,0.9394154290825139,0.22857296972816027,0.8788308581650278
0,1,0.8275687234432729,0.4597204437205209,0.655137446886546
0,0,0.9606087522287023,0.16600465149228585,0.9212175044574048
1,0,0.9814030067302117,0.09252745583088659,0.9628060134604237
1,0,0.9680823565704538,0.1413461656235458,0.9361647131409077
1,0,0.9882989452534854,0.0636795130335146,0.9765978905069707
1,1,0.7870955134656143,0.5177795589729468,0.5741910269312285
0,0,0.9582065211083329,0.17360262457593173,0.916413042216666
1,0,0.9431917693847238,0.21809340196696067,0.8863835387694475
1,0,0.9759813962039713,0.113291429997422,0.9519627924079426
1,0,0.9856625162695885,0.07509507552557508,0.971325032539177
1,0,0.9834720832590201,0.08419972875337217,0.9669441665180404
0,1,0.7870894273876505,0.5177875164456399,0.5741788547753008
1,0,0.988583487768924,0.06241366624171988,0.9771669755378479
1,0,0.7056015189322487,0.6060431708629404,0.41120303786449736
0,0,0.9602927515642049,0.16701264895491086,0.9205855031284096
0,0,0.9383203709016553,0.2315642865079492,0.8766407418033106
0,1,0.8024627136495107,0.4969693657607002,0.6049254272990215
1,0,0.7020893054510451,0.6090836308388234,0.40417861090209045
0,1,0.7960302873090916,0.5058566099400313,0.5920605746181833
1,1,0.7790813121919207,0.5280682569791191,0.5581626243838413
0,1,0.8042939557817687,0.49439180501611896,0.6085879115635373
0,1,0.764995768215858,0.5452526649650111,0.5299915364317159
1,0,0.9685086535469942,0.13988861944041298,0.9370173070939883
1,1,0.7786442453698256,0.5286185466652422,0.5572884907396511
0,1,0.8097781182166787,0.4865445356065174,0.6195562364333574
0,0,0.9602930431975151,0.16701171989626531,0.9205860863950301
0,1,0.7947665495799225,0.50757248781123,0.5895330991598448
0,1,0.8027547632569156,0.49655971374212704,0.6055095265138312
1,1,0.7792612407236906,0.5278413952558138,0.5585224814473813
1,1,0.7869353602593357,0.517988883729125,0.5738707205186714
0,0,0.9680824050355987,0.1413460002527654,0.9361648100711975
0,1,0.8504808210406523,0.4218741476992929,0.7009616420813045
1,0,0.9731254234391276,0.12370408554236123,0.9462508468782551
1,0,0.9381580976290622,0.23200578939602293,0.8763161952581244
1,1,0.7793876212772812,0.5276819366354514,0.5587752425545625
1,1,0.7792105735983558,0.5279052976049265,0.5584211471967117
1,0,0.9803323945326701,0.09674265954275492,0.9606647890653401
1,0,0.9631766389763082,0.15771375178326355,0.9263532779526165
0,1,0.803080866500932,0.49610165880662505,0.6061617330018639
0,0,0.9638212722099437,0.1556037102366859,0.9276425444198876
1,0,0.9324469861605562,0.247262860656168,0.8648939723211128
1,1,0.8226524600867166,0.46734751038073674,0.6453049201734329
1,0,0.9381583964562559,0.2320049767833149,0.8763167929125116
0,1,0.7783559799740462,0.5289808810242782,0.5567119599480923
1,0,0.9724816104560203,0.12600708041998349,0.9449632209120405
1,0,0.9656697473016022,0.14948639290452004,0.9313394946032044
1,0,0.9698891669264804,0.13512722406805694,0.9397783338529608
1,0,0.9856650077148235,0.07508453540465324,0.9713300154296468
1,0,0.6785136383234418,0.6279847627897788,0.35702727664688366
0,0,0.9591174661906499,0.17073881690166576,0.9182349323812997
0,0,0.9396439845117973,0.2279459901189008,0.8792879690235947
1,0,0.9712843029694079,0.13024906298268135,0.9425686059388161
0,1,0.8191259215538123,0.47271630860841246,0.6382518431076246
0,0,0.9353660050296897,0.23953216982958497,0.8707320100593796
1,0,0.9759139482123169,0.1135412018836385,0.9518278964246338
1,0,0.9794524837659891,0.10016236821470442,0.9589049675319784
1,0,0.9867711375990329,0.07036048932955963,0.9735422751980658
0,1,0.8098552611901771,0.4864327693605709,0.6197105223803544
1,0,0.9730945829669976,0.12381476406574872,0.9461891659339953
0,1,0.7871682227334972,0.5176844753967019,0.5743364454669941
1,0,0.9710331047529016,0.13113244793317358,0.9420662095058032
0,0,0.9602927515642049,0.16701264895491086,0.9205855031284096
0,1,0.7796320573106126,0.5273732598092101,0.5592641146212248
0,1,0.8488828153422291,0.42464207294494044,0.6977656306844583
1,1,0.7788587496923466,0.5283486132430618,0.5577174993846934
0,1,0.7957353315041283,0.5062579733343949,0.5914706630082567
0,0,0.9602925911597409,0.16701315995578553,0.9205851823194818
1,0,0.9721520845239461,0.12717981826811178,0.9443041690478923
1,0,0.9888318171040846,0.06130306455845208,0.9776636342081694
0,1,0.7141630278753839,0.5983819681318456,0.4283260557507676
0,1,0.7786442884915545,0.5286184924274546,0.5572885769831091
0,1,0.7790986263621532,0.5280464347008109,0.5581972527243064
1,0,0.9870630578946306,0.06909843014703668,0.9741261157892611
1,0,0.6978781671374323,0.6126514214098657,0.39575633427486456
1,0,0.6649747940560452,0.6376804499781814,0.3299495881120903
0,1,0.7881973468511035,0.516335278339663,0.5763946937022072
1,1,0.7788728155085817,0.5283309034112736,0.5577456310171631
0,1,0.7867052209737695,0.5182894144300959,0.5734104419475391
1,1,0.8163562290455509,0.4768739675894067,0.6327124580911018
1,1,0.7790593927015872,0.5280958811711126,0.5581187854031742
1,1,0.7867855004400218,0.518184616193639,0.5735710008800436
0,0,0.9383850315192048,0.23138823526926497,0.8767700630384095
0,0,0.9634659075139472,0.15676836648146764,0.9269318150278945
0,1,0.8396436089457164,0.44026038481299745,0.6792872178914331
0,0,0.9612489461155895,0.16395441317411721,0.9224978922311791
1,1,0.7783738093351835,0.5289584844392416,0.5567476186703672
0,1,0.7948634794606613,0.5074412256119974,0.5897269589213224
0,0,0.9369344848516297,0.23532038074221892,0.8738689697032594
1,0,0.9563867850938946,0.17926184262393707,0.9127735701877893
0,0,0.9612508734051596,0.1639482244519913,0.9225017468103192
0,1,0.685320491333503,0.6227937830109941,0.3706409826670062
0,1,0.7950540091809924,0.5071830427801745,0.5901080183619849
0,1,0.80204014595371,0.4975611404914688,0.6040802919074202
1,0,0.6618071948907858,0.6398294926036148,0.3236143897815716
0,1,0.7949460308810251,0.5073293892544953,0.5898920617620502
0,0,0.9612507345930804,0.16394867019497794,0.9225014691861607
1,0,0.9697019859739322,0.13577657323223874,0.9394039719478645
0,1,0.8348547443834896,0.44810423896994295,0.6697094887669793
0,1,0.8473767770802382,0.4272324759517524,0.6947535541604763
0,1,0.7899886958553833,0.5139716473806025,0.5799773917107668
0,1,0.7948917002204772,0.5074029983011648,0.5897834004409542
1,0,0.9653908668381467,0.15041578986540996,0.9307817336762934
0,1,0.8068378408324819,0.49077577816616724,0.6136756816649639
1,1,0.7792505063329103,0.5278549349210148,0.5585010126658205
1,0,0.9470670963593709,0.2070620821650917,0.894134192718742
0,1,0.819291546998647,0.4724660492549544,0.638583093997294
0,1,0.801979790575239,0.4976455718933215,0.6039595811504782
0,1,0.8203884603228438,0.47080393450381186,0.6407769206456878
0,0,0.9678210979656233,0.14223651971598858,0.9356421959312466
1,1,0.7873196450900816,0.5174863556127309,0.5746392901801631
1,0,0.9762953970365942,0.11212606584165627,0.9525907940731884
0,1,0.806891393848237,0.49069920996594873,0.6137827876964739
0,0,0.9821244007523913,0.08965197786553085,0.9642488015047825
0,1,0.7957994116443352,0.5061708213178098,0.5915988232886701
1,0,0.9382572716786206,0.23173601689676576,0.8765145433572414
0,1,0.8092512115281648,0.4873068958070219,0.6185024230563296
1,0,0.9368626821931545,0.23551409224313208,0.8737253643863089
0,0,0.9666188771342196,0.14630563207934294,0.9332377542684391
0,0,0.6825232498306757,0.6249528529564535,0.36504649966135133
1,0,0.6812421995246571,0.6259295745288185,0.36248439904931434
1,0,0.988067310395376,0.06470481130459692,0.9761346207907519
1,0,0.9382154433383657,0.23184981871976973,0.8764308866767313
0,0,0.9612508734051596,0.1639482244519913,0.9225017468103192
1,0,0.9698891669264804,0.13512722406805694,0.9397783338529608
1,0,0.9821230840661433,0.08965725283174068,0.9642461681322868
0,1,0.7851347671439619,0.5203318010525333,0.5702695342879238
1,0,0.987116792937915,0.06886539448932252,0.9742335858758301
1,0,0.9870030836581645,0.0693582566651847,0.974006167316329
0,1,0.788183415554344,0.5163535847854508,0.5763668311086881
1,0,0.9761297592596293,0.11274133157800248,0.9522595185192587
1,0,0.9647822402044488,0.15243603979137094,0.9295644804088976
1,0,0.9786055338868093,0.10341761084549139,0.9572110677736185
1,0,0.6621491654193631,0.6395996466273832,0.32429833083872617
1,0,0.9369106366313008,0.23538472890396692,0.8738212732626016
1,0,0.9815253773967786,0.09204172469191854,0.9630507547935572
0,0,0.9337380354268203,0.24386067616828155,0.8674760708536406
1,1,0.7792161082041861,0.5278983179800308,0.5584322164083722
0,0,0.9352462844877315,0.23985196827763972,0.870492568975463
1,0,0.9675291489622843,0.14322887268486867,0.9350582979245686
1,1,0.7954474722911525,0.5066491638993899,0.5908949445823048
1,0,0.9933038175313539,0.040196259997717046,0.9866076350627078
1,0,0.9593002382895702,0.17016168757481923,0.9186004765791405
0,0,0.9817167041351298,0.09128062628546746,0.9634334082702595
1,0,0.9811259592235851,0.09362412902247153,0.9622519184471703
1,0,0.6887903726168543,0.6200650927981357,0.37758074523370855
0,1,0.7872152659724514,0.5176229390621936,0.5744305319449028
1,0,0.6765295215305099,0.6294577838051953,0.35305904306102004
0,0,0.9830603132515394,0.08587706332863089,0.9661206265030787
1,0,0.6997170659171926,0.6111038409328304,0.39943413183438536
1,0,0.9697019859739322,0.13577657323223874,0.9394039719478645
1,0,0.9888417963493561,0.06125831854781771,0.9776835926987122
0,1,0.8151004288017457,0.4787421865297694,0.6302008576034915
1,0,0.9621760143430648,0.16096590126665855,0.9243520286861295
1,0,0.6765295215305099,0.6294577838051953,0.35305904306102004
0,1,0.7964156236154722,0.5053314532360881,0.5928312472309445
1,0,0.9698891669264804,0.13512722406805694,0.9397783338529608
0,1,0.7869716066935775,0.5179415220136556,0.5739432133871549
1,0,0.9900347046937868,0.055842001228676316,0.9800694093875737
0,0,0.9369037250411328,0.23540337621704108,0.8738074500822656
1,0,0.9337427471619464,0.24384821071723434,0.8674854943238927
1,0,0.9659805637875511,0.14844780072618297,0.9319611275751024
1,1,0.7788270757255731,0.5283884887439789,0.5576541514511462
0,0,0.9656692690195957,0.14948798883004488,0.9313385380391914
1,0,0.9382151175425376,0.23185070498977015,0.876430235085075
1,0,0.6765295215305099,0.6294577838051953,0.35305904306102004
1,0,0.9326748368756456,0.24666436287116797,0.865349673751291
1,0,0.9890083219850543,0.060510294884181526,0.9780166439701086
1,1,0.8157719980835052,0.4777444168447714,0.6315439961670103
1,0,0.6711788244413868,0.633340665422324,0.3423576488827735
1,0,0.959300211374636,0.1701617726255143,0.9186004227492718
1,1,0.8089526591327066,0.4877380608219327,0.6179053182654133
1,0,0.9383630775570718,0.23144801735007142,0.8767261551141435
1,0,0.9870030836581645,0.0693582566651847,0.974006167316329
0,1,0.7893026927925368,0.5148790863938534,0.5786053855850738
1,0,0.9917267164273358,0.0479070748597117,0.9834534328546716
1,1,0.8244899179756717,0.46451647130615814,0.6489798359513436
0,1,0.7949221038377201,0.5073618086665147,0.5898442076754401
1,0,0.6696831799808987,0.6344027759627422,0.3393663599617973
0,0,0.9593018951333138,0.17015645194348492,0.9186037902666276
0,0,0.9383429138043875,0.23150291723124192,0.8766858276087751
0,0,0.9427364913140934,0.21937061654245438,0.885472982628187
0,1,0.7939433404278358,0.5086849556762637,0.5878866808556715
1,0,0.6711788244413868,0.633340665422324,0.3423576488827735
0,1,0.8027524248639619,0.49656299589661346,0.6055048497279237
0,0,0.9323347687341836,0.24755732022820837,0.8646695374683674
0,1,0.8021180728694871,0.4974520942535467,0.6042361457389743
1,0,0.694668557500506,0.6153141714469299,0.38933711500101215
1,0,0.6847880655954885,0.6232075299106312,0.3695761311909769
1,0,0.960608733338292,0.16600471182869644,0.9212174666765841
1,0,0.9890083219850543,0.060510294884181526,0.9780166439701086
0,1,0.7956843881754047,0.5063272406414727,0.5913687763508093
0,1,0.7814635749078032,0.5250493125032212,0.5629271498156062
1,0,0.6549156263546536,0.6443504511836514,0.30983125270930717
1,1,0.7792998205097444,0.5277927276823691,0.558599641019489
1,0,0.9381862687516267,0.231929175770813,0.8763725375032533
0,1,0.7947468287189979,0.507599186698808,0.589493657437996
1,0,0.6686605082149668,0.6351231890306157,0.3373210164299335
0,1,0.7791330703550954,0.5280030173110679,0.5582661407101908
1,0,0.9852659882876629,0.07676704879875298,0.9705319765753257
1,0,0.6711788244413868,0.633340665422324,0.3423576488827735
0,1,0.7781781607469235,0.5292041501576877,0.5563563214938472
1,1,0.7793076355114488,0.5277828681711594,0.5586152710228975
1,0,0.9834720832590201,0.08419972875337217,0.9669441665180404
0,1,0.7888776863877618,0.515439861169805,0.5777553727755238
1,0,0.9951583334262413,0.030638412424328458,0.9903166668524825
0,0,0.9771272790705662,0.10901792358232047,0.9542545581411322
0,1,0.7003809396505416,0.6105411871084689,0.40076187930108303
0,1,0.8123725811463116,0.4827643508887657,0.6247451622926232
0,1,0.8036812862533775,0.4952565307340119,0.6073625725067552
0,1,0.814349209538441,0.479854748927119,0.6286984190768821
0,0,0.9606087467661608,0.16600466893977192,0.9212174935323216
1,0,0.9824713642575709,0.08825849389623594,0.9649427285151416
1,1,0.7871232108828546,0.5177433421458076,0.5742464217657094
1,0,0.9381998633743559,0.23189219920995602,0.8763997267487118
1,0,0.9593002110546778,0.17016177363657597,0.9186004221093556
1,0,0.9772545708486696,0.10853962156102469,0.9545091416973391
1,0,0.9685086535469942,0.13988861944041298,0.9370173070939883
0,1,0.7789978692626578,0.5281734016061281,0.5579957385253154
1,0,0.9593002110546778,0.17016177363657597,0.9186004221093556
0,1,0.7801025198277952,0.5267781749048628,0.5602050396555905
1,0,0.6696831799808987,0.6344027759627422,0.3393663599617973
1,0,0.9603025697760155,0.16698136976984818,0.9206051395520309
1,0,0.9799905455891896,0.09807590586772995,0.9599810911783794
0,0,0.6765825660750182,0.6294186374919275,0.35316513215003636
0,1,0.7685308141852363,0.5410454902135258,0.5370616283704724
0,0,0.961250726784876,0.16394869526808514,0.9225014535697521
0,1,0.7958238599363575,0.5061375638270301,0.591647719872715
1,0,0.9861089337127367,0.07319941053503133,0.9722178674254732
1,0,0.9710331047529016,0.13113244793317358,0.9420662095058032
1,0,0.6670822056225965,0.6362257500448967,0.334164411245193
1,1,0.7949634875002126,0.5073057345829763,0.5899269750004252
0,1,0.7957863960279608,0.5061885252154936,0.5915727920559214
1,0,0.9647822402044488,0.15243603979137094,0.9295644804088976
0,1,0.8440022239646802,0.4329732816816812,0.6880044479293603
1,0,0.9807164969145739,0.09523738392303324,0.9614329938291476
0,0,0.961901326567966,0.1618538264308769,0.9238026531359321
1,0,0.9698891669264804,0.13512722406805694,0.9397783338529608
1,1,0.7949069834961223,0.5073822938242237,0.5898139669922446
1,1,0.7957399291093467,0.5062517212155245,0.5914798582186933
1,0,0.9612490910121063,0.16395394790018405,0.9224981820242127
1,0,0.6696831799808987,0.6344027759627422,0.3393663599617973
1,0,0.9879500338256931,0.06522217826944515,0.9759000676513863
1,0,0.6847880638239374,0.6232075312851142,0.3695761276478749
1,0,0.6641687702541292,0.6382315567415089,0.3283375405082585
0,1,0.8361160121201682,0.4460546590339973,0.6722320242403363
1,0,0.9707432879744003,0.13214885616379812,0.9414865759488006
0,1,0.796748083072918,0.504877624035224,0.593496166145836
0,1,0.8198258572589842,0.47165744501475193,0.6396517145179684
0,1,0.8183729397438995,0.4738517286299738,0.636745879487799
0,1,0.8365468043947041,0.445351958588451,0.6730936087894082
0,0,0.9818910078705444,0.09058547062604093,0.9637820157410888
1,0,0.990559248636052,0.05341562401250389,0.9811184972721041
1,0,0.6765295215305099,0.6294577838051953,0.35305904306102004
1,0,0.9732455181273303,0.12327274966028884,0.9464910362546606
1,1,0.7879918410392538,0.5166052057403863,0.5759836820785077
0,1,0.8042300103003175,0.49448216944232815,0.6084600206006349
1,1,0.7780785450603284,0.5293291471689172,0.5561570901206567
0,1,0.7948685480744857,0.5074343601228354,0.5897370961489713
0,1,0.816677590645199,0.4763941987486274,0.6333551812903977
1,1,0.7874809497189323,0.517275155314803,0.5749618994378646
0,1,0.8048279691315875,0.49363615021006385,0.6096559382631751
1,0,0.6884456314423987,0.620338702245832,0.3768912628847976
1,0,0.986413823121485,0.07189639522762795,0.9728276462429699
1,0,0.9395424513426476,0.22822463224190098,0.8790849026852952
1,0,0.9731254234391276,0.12370408554236123,0.9462508468782551
0,0,0.9678229548573247,0.14223019929106573,0.9356459097146496
0,1,0.809173443470519,0.4874192628889518,0.6183468869410379
1,0,0.6785136383234418,0.6279847627897788,0.35702727664688366
1,0,0.6889560587288865,0.6199333960726696,0.37791211745777314
0,0,0.9647352745672717,0.1525914801332905,0.9294705491345434
0,0,0.9644357363082657,0.15358132835427948,0.9288714726165315
1,0,0.9663146561286775,0.14732815336245839,0.932629312257355
0,0,0.9621868604930327,0.1609307987545262,0.9243737209860655
0,1,0.7790790702707858,0.528071082504166,0.5581581405415716
1,0,0.9834720832590201,0.08419972875337217,0.9669441665180404
0,0,0.934398560407423,0.2421096678203889,0.8687971208148457
0,1,0.8501010997302887,0.42253368001675146,0.7002021994605773
1,0,0.9850091619703242,0.07784416746726731,0.9700183239406484
1,1,0.7788244069485359,0.5283918482977473,0.5576488138970719
0,0,0.9628772228291431,0.15868981678077904,0.9257544456582862
0,1,0.8159253902026917,0.4775160970919462,0.6318507804053834
1,0,0.7020750807979111,0.6090958246787537,0.4041501615958221
1,0,0.9399853127045162,0.22700793320054538,0.8799706254090325
0,0,0.9692597672277179,0.1373059496219997,0.9385195344554359
0,1,0.7788933768035289,0.5283050132572864,0.5577867536070577
0,1,0.8095308698522241,0.48690249357975157,0.6190617397044483
0,0,0.9354337633595987,0.2393510682137162,0.8708675267191973
0,1,0.7949543778664894,0.507318078866981,0.5899087557329787
1,0,0.975105723890639,0.11651929354822349,0.950211447781278
1,1,0.7717943037149723,0.5370991579913241,0.5435886074299446
1,1,0.7792806332741209,0.5278169330506172,0.5585612665482419
1,1,0.7793847963468543,0.5276855019605848,0.5587695926937088
0,1,0.7685202879842281,0.5410581217001553,0.5370405759684562
1,0,0.9646726351296357,0.15279869455505962,0.9293452702592715
1,1,0.7792589929487751,0.5278442305089392,0.5585179858975502
0,0,0.9337909614212161,0.24372063357994458,0.8675819228424324
1,0,0.9807374646485658,0.0951549893668745,0.9614749292971316
1,1,0.7788644323224866,0.5283414585584728,0.5577288646449732
1,0,0.9771264924399499,0.10902087710838239,0.9542529848798998
0,0,0.9593002092468179,0.170161779349379,0.9186004184936358
0,0,0.9606105253745132,0.1659989879812696,0.9212210507490264
1,0,0.9836612461901897,0.08342569692253449,0.9673224923803793
0,0,0.9701609603763252,0.13418220809409837,0.9403219207526503
0,1,0.7870188665093432,0.5178797577980025,0.574037733018686
1,0,0.9593002110546778,0.17016177363657597,0.9186004221093556
1,0,0.9659805637875511,0.14844780072618297,0.9319611275751024
0,0,0.9347703422666904,0.241120972203303,0.8695406845333806
0,1,0.8163072090935922,0.4769470901362547,0.6326144181871844
1,0,0.9385064829863526,0.23105736425557735,0.8770129659727054
0,0,0.9615926744691566,0.16284908504857487,0.9231853489383133
1,0,0.9834720832590201,0.08419972875337217,0.9669441665180404
0,0,0.9638203556341569,0.15560671882467855,0.9276407112683138
1,0,0.9324458968386916,0.24726572000729638,0.8648917936773832
1,0,0.9840698008160059,0.08174630961859289,0.9681396016320117
1,0,0.9381795725581658,0.2319473878451003,0.8763591451163315
0,1,0.7949438031359932,0.507332407836059,0.5898876062719864
0,1,0.7945195344104268,0.5079067347434127,0.5890390688208536
1,1,0.8021006972883111,0.49747641191041925,0.6042013945766224
0,1,0.7968756658845064,0.5047032838649965,0.593751331769013
1,0,0.6803905962626428,0.6265746864839834,0.36078119252528545
0,1,0.7882718207470303,0.5162373960611719,0.5765436414940605
0,1,0.7869884213888093,0.5179195482864122,0.5739768427776186
0,0,0.9593020556723156,0.17015594463600808,0.9186041113446313
1,0,0.9808598909111002,0.09467343915848857,0.9617197818222003
1,1,0.8095884402975967,0.4868191804249751,0.6191768805951936
1,0,0.6711788244413868,0.633340665422324,0.3423576488827735
0,0,0.9664683725589653,0.14681185194872093,0.9329367451179307
1,1,0.7720029438934719,0.536844812449721,0.5440058877869436
1,0,0.9817670539949239,0.09107999625385259,0.9635341079898478
0,1,0.7895797167744004,0.5145129824418304,0.5791594335488008
0,0,0.9333913336312935,0.24477693364348063,0.8667826672625869
1,0,0.988583487768924,0.06241366624171988,0.9771669755378479
0,1,0.7871409884450217,0.5177200939957728,0.5742819768900435
1,1,0.7949251399603282,0.507357695134656,0.5898502799206566
0,1,0.791792136312154,0.5115725235747478,0.5835842726243079
0,1,0.8024691388831172,0.49696035900765834,0.6049382777662348
0,1,0.779416274562972,0.5276457708990511,0.5588325491259442
0,1,0.8194694401331803,0.472197047092513,0.6389388802663606
1,0,0.9663146561286775,0.14732815336245839,0.932629312257355
1,1,0.7957954032414014,0.506176273675903,0.5915908064828027
1,1,0.7790641472837259,0.5280898894125801,0.5581282945674517
1,0,0.9615917600255665,0.16285202985902622,0.923183520051133
1,0,0.9731254234391276,0.12370408554236123,0.9462508468782551
0,1,0.7948724178543959,0.5074291183603782,0.5897448357087917
0,0,0.9353291368329776,0.23963067768898258,0.8706582736659552
1,1,0.7781918691717012,0.529186944430385,0.5563837383434026
0,0,0.9324181366438807,0.24733858113576057,0.8648362732877616
1,0,0.9784564175070284,0.10398715240101482,0.9569128350140568
1,1,0.7770798205469432,0.5305791658431851,0.5541596410938865
1,0,0.6864945009887409,0.6218768160864738,0.3729890019774818
0,1,0.7906086494919227,0.513149138145013,0.5812172989838453
1,1,0.8019670881280307,0.49766333848007194,0.6039341762560616
0,0,0.9600008910661616,0.16794131586760633,0.9200017821323232
0,0,0.9606105488260198,0.1659989130754994,0.9212210976520395
1,0,0.9383655371992105,0.23144131999754491,0.8767310743984208
1,0,0.9650783556969782,0.15145449947076356,0.9301567113939565
0,1,0.8199478186972748,0.47147260257429235,0.6398956373945498
0,1,0.8224068510599725,0.4677241717402206,0.6448137021199449
1,0,0.9382601827411795,0.23172809568272856,0.8765203654823591
0,1,0.7879079310022165,0.5167153470505133,0.575815862004433
0,0,0.9384366058717722,0.23124776212119866,0.8768732117435445
1,0,0.9697019859739322,0.13577657323223874,0.9394039719478645
1,0,0.9857562090980158,0.07469840269358917,0.9715124181960315
0,1,0.8114652645826772,0.4840913270155387,0.6229305291653544
1,0,0.975928471286362,0.11348743673025151,0.9518569425727239
1,0,0.9685086535469942,0.13988861944041298,0.9370173070939883
1,1,0.786369365853575,0.518727429320225,0.57273873170715
0,0,0.9381992989255067,0.23189373454049167,0.8763985978510136
0,1,0.810451956249196,0.48556695947109796,0.6209039124983919
0,1,0.8475004821397407,0.427020364885199,0.6950009642794814
0,1,0.8477931361410369,0.4265180937242323,0.6955862722820738
0,0,0.9821240069045786,0.08965355572626721,0.9642480138091573
1,0,0.9672903559144924,0.14403852708791554,0.934580711828985
0,1,0.8096403024217836,0.48674410966763304,0.6192806048435673
1,0,0.9663146561286775,0.14732815336245839,0.932629312257355
0,0,0.9663146687468006,0.14732811101065077,0.9326293374936013
0,1,0.8400753892099063,0.4395448457500185,0.6801507784198125
1,0,0.9382360505493708,0.23179375672119007,0.8764721010987415
1,0,0.9589728591739415,0.17119483061061963,0.917945718347883
0,1,0.7788969306454298,0.5283005381194033,0.5577938612908595
0,0,0.9327171983807353,0.24655300040726608,0.8654343967614705
1,1,0.8089029211939527,0.48780983556424373,0.6178058423879056
1,0,0.9843062783114875,0.0807694069788851,0.968612556622975
0,1,0.7870705844842987,0.5178121519104012,0.5741411689685973
1,0,0.9807003670504386,0.09530075182210658,0.9614007341008773
0,0,0.9631765064863489,0.15771418424407083,0.9263530129726978
1,0,0.9325678656133916,0.24694544817613662,0.8651357312267831
1,0,0.9752718870381039,0.11590925246698297,0.9505437740762076
1,0,0.9680877704888612,0.14132769200302564,0.9361755409777223
1,0,0.936861817838201,0.23551642359636363,0.8737236356764018
1,0,0.9628759019214324,0.15869411722925078,0.9257518038428647
1,1,0.8281775221279727,0.45876424712823277,0.6563550442559454
1,0,0.7020893054510451,0.6090836308388234,0.40417861090209045
1,0,0.9396365463986829,0.22796640904010532,0.8792730927973657
0,1,0.8024691388831172,0.49696035900765834,0.6049382777662348
1,0,0.9337042742614092,0.24394998481838526,0.8674085485228186
1,0,0.678392334113052,0.6280753371774237,0.3567846682261039
1,1,0.7843723684894258,0.5213180297798209,0.5687447369788515
1,0,0.9593002163253431,0.17016175698137243,0.9186004326506862
0,1,0.8312113296885054,0.45396028621717144,0.6624226593770107
0,1,0.7718786441358547,0.5369963714668746,0.5437572882717094
1,0,0.9882117477151934,0.06406602007130768,0.9764234954303866
1,0,0.9843893085786216,0.08042554804150813,0.9687786171572432
1,1,0.7791012583811151,0.5280431172278826,0.5582025167622302
1,0,0.9795806361684835,0.09966674597233646,0.9591612723369669
0,0,0.9806909693462172,0.09533766537162383,0.9613819386924345
1,1,0.7722650438302476,0.536524945585015,0.5445300876604952
1,0,0.9663146561286775,0.14732815336245839,0.932629312257355
1,0,0.9786055338868093,0.10341761084549139,0.9572110677736185
0,1,0.8472596623765182,0.42743317781592005,0.6945193247530362
1,0,0.9381408371106105,0.2320527240006122,0.876281674221221
1,0,0.9745354855142581,0.11860422692908407,0.9490709710285162
0,0,0.9595465532881667,0.16938255816941672,0.9190931065763335
1,1,0.7445162420562651,0.5682798634944197,0.48903248411253014
1,0,0.6696831799808987,0.6344027759627422,0.3393663599617973
1,0,0.9803323945326701,0.09674265954275492,0.9606647890653401
1,0,0.9482451101238724,0.20365034535760765,0.8964902202477447
1,0,0.6965762794363253,0.6137373641807109,0.3931525588726504
0,1,0.7817237454864636,0.5247176007984903,0.5634474909729273
1,0,0.7254941128781169,0.5876891715447417,0.4509882257562341
1,0,0.9698891669264804,0.13512722406805694,0.9397783338529608
0,1,0.7779982326919126,0.5294298806778517,0.5559964653838252
0,0,0.959793159652519,0.1686009413411821,0.9195863193050379
1,0,0.9763032012020784,0.11209704788954311,0.9526064024041568
1,0,0.9794524837659891,0.10016236821470442,0.9589049675319784
1,0,0.6633256058588834,0.6388049407706147,0.326651211717767
1,1,0.7793286928233327,0.5277563002158858,0.5586573856466654
0,0,0.6825232498306757,0.6249528529564535,0.36504649966135133
1,0,0.6965762794363253,0.6137373641807109,0.3931525588726504
1,0,0.9718420608019893,0.12827948755244556,0.9436841216039787
1,0,0.6819104756885226,0.625420999237088,0.36382095137704507
1,0,0.9647822402044488,0.15243603979137094,0.9295644804088976
1,0,0.6811129197792936,0.6260277222476289,0.36222583955858717
1,0,0.988583487768924,0.06241366624171988,0.9771669755378479
0,1,0.8171713010302154,0.47565578181404267,0.6343426020604306
0,1,0.7869934440642272,0.5179129842423522,0.5739868881284546
1,1,0.7790656380438647,0.5280880107189092,0.5581312760877296
0,1,0.7882306114402127,0.5162915622437955,0.5764612228804251
1,0,0.980522373326924,0.0959991089383412,0.9610447466538481
0,0,0.961592214232175,0.16285056716652754,0.92318442846435
0,0,0.9608707716162478,0.1651668462894468,0.9217415432324956
0,1,0.8676995577429737,0.39073647309741066,0.7353991154859474
1,0,0.6633256058588834,0.6388049407706147,0.326651211717767
1,0,0.9731254234391276,0.12370408554236123,0.9462508468782551
0,1,0.808965216305776,0.4877199375592368,0.6179304326115521
1,1,0.8089757047193123,0.48770479927191435,0.6179514094386246
1,0,0.9382551556260464,0.23174177473870114,0.876510311252093
0,1,0.7906547416626442,0.5130878937576485,0.5813094833252884
1,0,0.7127324320975262,0.5996869419837054,0.42546486419505264
1,0,0.9593002108929081,0.17016177414776518,0.9186004217858161
1,1,0.7793987514985292,0.5276678888085959,0.5587975029970584
0,1,0.7918604007894631,0.511481324346831,0.5837208015789264
1,0,0.9382072755456872,0.23187203720449395,0.8764145510913742
1,0,0.982701279101123,0.08733126125294394,0.9654025582022462
1,0,0.6765295215305099,0.6294577838051953,0.35305904306102004
1,0,0.9758679591681553,0.11371139647660974,0.9517359183363105
1,0,0.9761374813103176,0.11271267405387474,0.9522749626206354
0,1,0.796857046458013,0.5047287333230479,0.5937140929160261
0,1,0.7791472563375836,0.5279851335723644,0.5582945126751675
0,0,0.9638318130536793,0.15556910901357457,0.9276636261073586
0,0,0.9382970525260148,0.23162775764086468,0.8765941050520295
0,1,0.8016523020022355,0.4981032973210152,0.6033046040044711
1,0,0.9659805637875511,0.14844780072618297,0.9319611275751024
0,1,0.7957380143817302,0.5062543250009186,0.5914760287634604
1,0,0.6785136383234418,0.6279847627897788,0.35702727664688366
0,0,0.960454321862769,0.16649759098198413,0.920908643725538
1,0,0.9659805637875511,0.14844780072618297,0.9319611275751024
1,0,0.6812421995246571,0.6259295745288185,0.36248439904931434
0,0,0.9589747536590514,0.17118885985088175,0.9179495073181027
1,1,0.7861519048694817,0.5190106789985284,0.5723038097389633
1,1,0.794954490011675,0.5073179269043593,0.5899089800233498
0,0,0.9628795353153142,0.15868228795587547,0.9257590706306283
1,0,0.988067310395376,0.06470481130459692,0.9761346207907519
0,0,0.9619030232704947,0.1618483481931537,0.9238060465409893
0,1,0.7791408838446127,0.5279931672811069,0.5582817676892252
0,1,0.8024894543487968,0.49693187951509743,0.6049789086975936
0,1,0.8802672168280467,0.36639224209595017,0.7605344336560933
0,1,0.8027524973398454,0.49656289417041144,0.6055049946796911
0,0,0.9383457175618829,0.23149528385699,0.8766914351237658
0,1,0.80990489547311,0.48636083781172545,0.61980979094622
1,1,0.8344239496818435,0.44880164007082307,0.6688478993636872
0,1,0.859073313236316,0.40664213058274323,0.7181466264726318
0,1,0.795254796188417,0.5069107194100996,0.590509592376834
0,0,0.6765825660750182,0.6294186374919275,0.35316513215003636
0,1,0.7817214592044753,0.5247205174843936,0.5634429184089506
1,0,0.6686605082149668,0.6351231890306157,0.3373210164299335
0,0,0.9397794263229314,0.22757400793740057,0.8795588526458629
1,0,0.9736765164683413,0.12172018413476132,0.9473530329366826
0,1,0.778089340649687,0.529315603721795,0.556178681299374
0,1,0.8260363689023735,0.4621157233876264,0.6520727378047471
0,0,0.939644126948834,0.22794559909480813,0.8792882538976681
1,1,0.7716349581409434,0.5372932438302326,0.543269916281887
0,1,0.7871593000631875,0.5176961454756288,0.5743186001263747
1,0,0.9325034991207152,0.24711449445090677,0.8650069982414305
0,1,0.7872678625377706,0.5175541228874984,0.5745357250755412
1,0,0.9659805637875511,0.14844780072618297,0.9319611275751024
1,0,0.9731254234391276,0.12370408554236123,0.9462508468782551
1,0,0.9834720832590201,0.08419972875337217,0.9669441665180404
0,0,0.9586077442241667,0.1723438480979774,0.9172154884483334
1,0,0.987673332683224,0.06643828966842874,0.9753466653664479
0,0,0.9678210979656233,0.14223651971598858,0.9356421959312466
1,0,0.9672063188129754,0.14432303484807799,0.934412637625951
1,0,0.965390856268997,0.1504158250439295,0.9307817125379939
1,0,0.9663146561286775,0.14732815336245839,0.932629312257355
0,0,0.9595100710886731,0.16949805494641204,0.9190201421773463
1,1,0.8320296742519907,0.45265326162921865,0.6640593485039812
1,0,0.9856375781295488,0.0752005527565479,0.9712751562590974
1,0,0.9749816581103162,0.11697403888171412,0.9499633162206323
1,0,0.9710331047529016,0.13113244793317358,0.9420662095058032
0,0,0.9704293490226169,0.1332465264922696,0.9408586980452338
0,1,0.8219060800681015,0.46849086559728303,0.6438121601362032
1,0,0.9804701218838384,0.09620380147109986,0.9609402437676768
1,0,0.9763032012020784,0.11209704788954311,0.9526064024041568
1,0,0.9840698008160059,0.08174630961859289,0.9681396016320117
1,0,0.9695884891525817,0.1361697236597376,0.9391769783051634
0,1,0.828681389145856,0.45797088960818144,0.6573627782917119
0,0,0.9593002085339616,0.1701617816019913,0.9186004170679233
1,1,0.8348051243517053,0.448184635945153,0.6696102487034106
0,0,0.9562983556788923,0.17953480149108603,0.9125967113577846
1,0,0.9621760143430648,0.16096590126665855,0.9243520286861295
1,1,0.8097855661756506,0.4865337465432876,0.6195711323513011
0,0,0.9626495109994978,0.15943045319004528,0.9252990219989957
0,1,0.7890436871476042,0.5152209606021894,0.5780873742952084
1,0,0.9381355854469017,0.2320670032458919,0.8762711708938034
0,0,0.9644335038904785,0.15358869571104616,0.928867007780957
0,0,0.9384443218017534,0.23122674227176082,0.8768886436035067
1,0,0.9858805814116021,0.07417087383488305,0.971761162823204
1,1,0.7743335887782947,0.5339867607051088,0.5486671775565893
0,1,0.7829982171210219,0.5230869401470206,0.5659964342420438
0,1,0.7817104345912614,0.5247345815198021,0.563420869182523
1,0,0.9687209271652875,0.1391606202414064,0.9374418543305749
1,0,0.9375577031977522,0.23363536712892688,0.8751154063955043
0,0,0.9337500136673355,0.24382898561665886,0.8675000273346708
1,0,0.6978781899706761,0.612651402293549,0.3957563799413521
1,0,0.9593002110546778,0.17016177363657597,0.9186004221093556
0,1,0.8341374739413205,0.44926466357050177,0.668274947882641
1,0,0.9735146906757942,0.12230396535120397,0.9470293813515883
0,1,0.809455523102062,0.4870114992653091,0.6189110462041238
1,0,0.6765295215305099,0.6294577838051953,0.35305904306102004
0,1,0.7785647209040091,0.528718552850237,0.557129441808018
0,0,0.8987429660797605,0.3278362131809933,0.7974859321595207
0,1,0.8150297375338377,0.47884704034329295,0.6300594750676751
1,0,0.9838582859049324,0.08261706640202628,0.9677165718098647
1,0,0.9931310301803431,0.041057884796790546,0.9862620603606862
1,0,0.6765295215305099,0.6294577838051953,0.35305904306102004
0,1,0.8509276084712079,0.42109667708312326,0.7018552169424158
1,0,0.9659805637875511,0.14844780072618297,0.9319611275751024
1,0,0.7153346200313294,0.5973057884902084,0.4306692400626591
0,1,0.7749334482980862,0.5332461366958756,0.5498668965961725
1,1,0.8292259505483816,0.4571114463489244,0.658451901096763
1,0,0.9923000815399667,0.04514220154556163,0.9846001630799336
1,1,0.7787779078587588,0.5284503764102253,0.5575558157175174
1,0,0.9880220026615453,0.06490482456836996,0.9760440053230903
1,0,0.6819104756885226,0.625420999237088,0.36382095137704507
0,0,0.9599382804906144,0.1681402460815801,0.9198765609812286
1,0,0.9697019859739322,0.13577657323223874,0.9394039719478645
1,0,0.9617721422200916,0.1622707006757032,0.9235442844401831
1,1,0.7791759275944351,0.5279489852183907,0.5583518551888702
1,1,0.7783771567837493,0.5289542792925114,0.5567543135674988
1,0,0.6649747940560452,0.6376804499781814,0.3299495881120903
1,0,0.9783853688237314,0.10425814734176107,0.9567707376474628
1,0,0.6812421995246571,0.6259295745288185,0.36248439904931434
0,1,0.7730517432309421,0.535562510343263,0.5461034864618841
0,0,0.934943958956806,0.2406584900692076,0.8698879179136121
0,1,0.7766749275638225,0.5310842945913851,0.5533498551276448
1,0,0.9707432879744003,0.13214885616379812,0.9414865759488006
0,1,0.9364723248442716,0.23656568815190496,0.8729446496885431
1,0,0.9593002110546778,0.17016177363657597,0.9186004221093556
1,1,0.7793841820556797,0.5276862772470798,0.5587683641113593
1,1,0.7792953125167801,0.5277984148653985,0.5585906250335603
1,0,0.9912401428435162,0.05022186331233243,0.9824802856870325
1,0,0.9392101496678816,0.22913531544718427,0.8784202993357634
1,0,0.6803905962626428,0.6265746864839834,0.36078119252528545
0,0,0.9769975825936258,0.10950451567815328,0.9539951651872516
0,0,0.9185596570425036,0.28227317198706897,0.8371193140850075
0,1,0.7869940055670691,0.5179122504150471,0.5739880111341382
1,1,0.7730405208218559,0.535576264437544,0.5460810416437121
1,1,0.8012965819026676,0.49859971729879127,0.6025931638053351
1,0,0.9973527360815203,0.018353226224164295,0.9947054721630406
1,0,0.9802599644282805,0.0970256470577756,0.9605199288565609
0,1,0.8133228612631328,0.48136874841875293,0.6266457225262656
0,0,0.9834309331146237,0.08436781777767342,0.9668618662292474
0,1,0.8020149140618791,0.49759644028545863,0.6040298281237582
0,1,0.8475004821397407,0.427020364885199,0.6950009642794814
0,0,0.9804913953726166,0.09612048082391661,0.9609827907452333
0,1,0.815950693699008,0.47747841851604245,0.6319013873980159
0,1,0.810062045440806,0.48613298563329566,0.6201240908816119
0,0,0.9343470277437452,0.24224653265848933,0.8686940554874905
1,0,0.9809038817220086,0.09450021143831899,0.9618077634440171
1,0,0.9715664772088792,0.12925404607958257,0.9431329544177584
0,0,0.9383209914031888,0.23156259741399252,0.8766419828063775
0,1,0.7818157524082602,0.5246001990864674,0.5636315048165204
0,1,0.8156256176311617,0.47796215394280006,0.6312512352623232
1,0,0.9758679591681553,0.11371139647660974,0.9517359183363105
0,1,0.7880050322359495,0.5165878869858334,0.5760100644718988
1,0,0.9830748246901672,0.08581812588819629,0.9661496493803344
0,1,0.775099334881671,0.533040958771446,0.5501986697633423
0,0,0.9867699740852844,0.07036550639221308,0.973539948170569
0,1,0.7881002222779967,0.516462880863984,0.5762004445559935
1,0,0.9884717982577778,0.06291138599365742,0.9769435965155554
0,1,0.7918424335116231,0.5115053308149288,0.5836848670232463
1,0,0.9612490910121063,0.16395394790018405,0.9224981820242127
0,0,0.9600010548679795,0.16794079529246098,0.9200021097359591
0,0,0.9322639986283734,0.24774291898857875,0.8645279972567469
0,1,0.8180533664437954,0.47433245896590204,0.6361067328875911
0,0,0.964144222246227,0.15454214805921374,0.9282884444924538
0,0,0.939830478343168,0.22743371278411753,0.8796609566863359
1,0,0.9894939973722437,0.05831395643094544,0.9789879947444876
1,0,0.9382616524148798,0.23172409653757844,0.8765233048297595
1,0,0.9593002110546778,0.17016177363657597,0.9186004221093556
0,0,0.9653898535513783,0.15041916248938159,0.9307797071027565
0,1,0.8169246407951415,0.47602490241766815,0.6338492815902831
1,0,0.6965762794363253,0.6137373641807109,0.3931525588726504
0,1,0.7882571288338972,0.5162567085176392,0.5765142576677944
1,0,0.9331069763634088,0.2455269845174588,0.8662139527268177
1,0,0.7254938252860889,0.5876894510495464,0.4509876505721776
1,1,0.7866548523577256,0.518355146904163,0.5733097047154512
1,0,0.6650072997848456,0.637658163520006,0.3300145995696912
1,0,0.9394998882730715,0.22834138601836335,0.878999776546143
0,1,0.7805794823521944,0.5261735510489602,0.561158964704389
1,1,0.7718685792076441,0.5370086398193458,0.5437371584152881
0,1,0.7948082953183119,0.5075159629008046,0.5896165906366237
1,0,0.9659805637875511,0.14844780072618297,0.9319611275751024
1,0,0.6773564312312267,0.6288460704089063,0.35471286246245337
1,0,0.9790372492240536,0.10176268412688878,0.9580744984481072
0,0,0.9872358003821743,0.06834847887791923,0.9744716007643485
1,0,0.9672063188129754,0.14432303484807799,0.934412637625951
1,0,0.7100729685474367,0.6020863347891277,0.42014593709487347
1,1,0.7793439423280724,0.5277370583459817,0.5586878846561448
0,1,0.7956995261796899,0.5063066592643486,0.5913990523593798
1,0,0.6803905962626428,0.6265746864839834,0.36078119252528545
1,0,0.9902722999554253,0.054746504500244195,0.9805445999108505
1,0,0.986689778781021,0.07071105854992811,0.9733795575620422
1,0,0.9382040896034788,0.23188070347002188,0.8764081792069578
1,0,0.986689778781021,0.07071105854992811,0.9733795575620422
0,0,0.9602926198850539,0.16701306844553865,0.9205852397701078
0,0,0.9808170063838679,0.09484221131133454,0.9616340127677359
1,0,0.9653908668381467,0.15041578986540996,0.9307817336762934
0,1,0.7945418868124052,0.5078765041242472,0.5890837736248105
0,0,0.9612490958934492,0.16395393222580446,0.9224981917868984
1,0,0.9859935220568927,0.07369087025999933,0.9719870441137853
1,1,0.7779207255205093,0.5295270602972654,0.5558414510410187
1,0,0.9708696361310243,0.1317061094135571,0.9417392722620485
0,1,0.804233718532029,0.49447692987171266,0.6084674370640578
1,0,0.6947326710840718,0.6152614580217435,0.38946534216814344
0,0,0.9704264733946613,0.13325656503958466,0.9408529467893226
1,0,0.989700674294931,0.05737249083505111,0.9794013485898622
1,0,0.9724041944047804,0.12628295651036056,0.9448083888095609
0,0,0.9338968150765329,0.24344040803355937,0.8677936301530654
0,0,0.9382621100712404,0.23172285119624583,0.8765242201424808
0,1,0.8165218752834578,0.4766267562257008,0.6330437505669155
1,0,0.6765295215305099,0.6294577838051953,0.35305904306102004
1,0,0.9381830973580396,0.23193780131326108,0.8763661947160793
1,1,0.8023501895443146,0.49712705739670016,0.6047003790886293
1,0,0.6711789721330402,0.6333405600410984,0.34235794426608035
1,0,0.975105723890639,0.11651929354822349,0.950211447781278
1,1,0.7864149243965979,0.5186680522468614,0.5728298487931957
1,0,0.963176597826386,0.15771388610088033,0.9263531956527721
1,0,0.9672063188129754,0.14432303484807799,0.934412637625951
1,0,0.9655967409006703,0.14972991996089613,0.9311934818013403
0,0,0.9593020556723156,0.17015594463600808,0.9186041113446313
0,0,0.9396631994418967,0.22789323726023786,0.8793263988837932
1,0,0.9802599644282805,0.0970256470577756,0.9605199288565609
1,0,0.9752637171125638,0.11593927372563503,0.9505274342251276
1,0,0.9878831388213227,0.06551676820205075,0.9757662776426453
1,0,0.938440331902374,0.23123761174274343,0.8768806638047478
0,1,0.7947420771159385,0.5076056192519929,0.589484154231877
1,0,0.9719049734081738,0.12805661874579233,0.9438099468163474
1,0,0.9663146561286775,0.14732815336245839,0.932629312257355
0,0,0.9882997305175588,0.06367602933494207,0.9765994610351176
0,1,0.8021190117495193,0.4974507802080835,0.6042380234990383
0,1,0.7948763476064892,0.5074237952693528,0.5897526952129785
1,0,0.938901747039495,0.22997877192218433,0.8778034940789902
0,1,0.7857018861897958,0.5195959491651174,0.5714037723795914
1,0,0.9872888375769158,0.06811774735677173,0.9745776751538315
0,0,0.9715679404941864,0.1292488786816248,0.9431358809883728
1,0,0.9870630578946306,0.06909843014703668,0.9741261157892611
1,0,0.9628778424933943,0.15868779933748722,0.9257556849867885
1,0,0.9821477026147739,0.08955860857772116,0.9642954052295477
1,0,0.9840698008160059,0.08174630961859289,0.9681396016320117
0,0,0.9366005729079314,0.23622047990620493,0.8732011458158628
1,0,0.9382949948053882,0.23163335817431063,0.8765899896107764
0,1,0.8129412759928533,0.4819298663491707,0.6258825519857065
1,0,0.9834720832590201,0.08419972875337217,0.9669441665180404
1,0,0.9715291519682593,0.12938582902201848,0.9430583039365183
0,1,0.8027525064196701,0.4965628814260861,0.6055050128393402
1,0,0.9809273470948657,0.09440776687981323,0.9618546941897315
1,0,0.6955880042781335,0.6145563582488527,0.39117600855626694
0,1,0.8343690543543395,0.44889041198294516,0.6687381087086791
1,0,0.932330247739157,0.2475691791762814,0.8646604954783137
0,1,0.8144368189853877,0.4797251910590866,0.6288736379707753
1,0,0.6812421995246571,0.6259295745288185,0.36248439904931434
0,0,0.9383782062350483,0.23140682185911657,0.8767564124700966
1,0,0.6883316814750723,0.620429018633613,0.37666336295014446
1,0,0.9858805814116021,0.07417087383488305,0.971761162823204
0,1,0.844272347931979,0.43251695054475325,0.6885446958639581
1,0,0.9937049726354867,0.038178340845573415,0.9874099452709735
1,1,0.7793433045068426,0.5277378631777808,0.5586866090136855
0,0,0.9382758869413879,0.2316853608824506,0.8765517738827758
0,1,0.9323977533058584,0.24739207272175914,0.864795506611717
0,0,0.9814277005994284,0.0924295036459474,0.9628554011988568
1,0,0.9868645064921074,0.06995754450172574,0.973729012984215
1,0,0.9887825897503302,0.06152366364156256,0.9775651795006604
0,0,0.936940920780002,0.23530301342997106,0.8738818415600041
0,1,0.7918474256020911,0.5114986609714952,0.5836948512041824
1,1,0.809219819570279,0.4873522587681208,0.6184396391405582
1,0,0.981481071630219,0.09221768456172369,0.9629621432604382
1,0,0.9329477822999875,0.24594632570145794,0.8658955645999751
0,1,0.7872336136396312,0.5175989352589254,0.5744672272792627
1,0,0.9731254234391276,0.12370408554236123,0.9462508468782551
0,1,0.7817465329769265,0.524688528365391,0.5634930659538528
1,0,0.6828120339537981,0.6247316274299985,0.3656240679075963
1,0,0.96840924017742,0.1402290522270369,0.93681848035484
0,1,0.7792361691166485,0.527873017912089,0.5584723382332971
1,0,0.9712843029694079,0.13024906298268135,0.9425686059388161
0,0,0.9793329009945004,0.10062411177456392,0.9586658019890009
1,0,0.9876662027426968,0.06646954229579022,0.9753324054853936
0,0,0.9680693691376633,0.14139047807002073,0.9361387382753267
0,0,0.9354351383376088,0.23934739244361347,0.8708702766752175
0,0,0.9759810671965162,0.11329264884101267,0.9519621343930325
1,0,0.9875226307794833,0.06709797559410745,0.9750452615589668
0,1,0.7617847053971882,0.549013988586202,0.5235694107943764
1,0,0.9834720832590201,0.08419972875337217,0.9669441665180404
0,0,0.9678210620018972,0.1422366421270058,0.9356421240037943
1,1,0.8226479718586502,0.46735439714990923,0.6452959437173006
1,1,0.7794515283920109,0.5276012675062008,0.5589030567840219
0,1,0.7817430278261359,0.5246930004583279,0.5634860556522718
1,1,0.8029334043045415,0.4963088721119575,0.6058668086090828
1,0,0.9900347046937868,0.055842001228676316,0.9800694093875737
0,0,0.9692602171434351,0.13730439697730487,0.9385204342868704
1,0,0.9672903559144924,0.14403852708791554,0.934580711828985
1,0,0.9824713642575709,0.08825849389623594,0.9649427285151416
0,0,0.9684092980693968,0.14022885407489702,0.9368185961387936
1,0,0.9647822402044488,0.15243603979137094,0.9295644804088976
1,0,0.9659805637875511,0.14844780072618297,0.9319611275751024
0,1,0.7947801719594472,0.5075540438985293,0.5895603439188941
1,1,0.7792893355475657,0.5278059550938062,0.5585786710951316
0,1,0.8173714025023407,0.47535603601930493,0.6347428050046814
0,1,0.8551121800415477,0.4137380309804428,0.710224360083095
1,0,0.967150965343285,0.14451031245660867,0.93430193068657
0,1,0.8739071253071152,0.3788913507908874,0.7478142506142305
0,0,0.9324349981054225,0.24729432695681025,0.8648699962108448
0,0,0.9383485590657447,0.23148754757767423,0.8766971181314893
1,0,0.9730945829669976,0.12381476406574872,0.9461891659339953
1,0,0.9797361231630609,0.09906430581183015,0.9594722463261219
1,0,0.982179009160432,0.08943311620261042,0.9643580183208639
1,0,0.9617721422200916,0.1622707006757032,0.9235442844401831
0,0,0.9619030289526369,0.16184832984677316,0.9238060579052738
0,1,0.8020370863549819,0.4975654211294698,0.6040741727099639
0,0,0.9369275884193448,0.23533898994334435,0.8738551768386895
0,0,0.9395969558768328,0.22807507553545373,0.8791939117536655
1,0,0.9899930418668371,0.05603350536599185,0.9799860837336742
1,0,0.9848497128825636,0.07851063775854539,0.9696994257651272
1,0,0.6667535571193651,0.6364539234343799,0.33350711423873036
0,1,0.7797937596925117,0.5271688689445163,0.5595875193850236
0,0,0.9608709157440922,0.16516638494023433,0.9217418314881843
0,1,0.811326976201498,0.4842931046227694,0.6226539524029959
0,1,0.8069235899964241,0.4906531681977798,0.6138471799928481
1,0,0.9828121309931195,0.08688309371148177,0.965624261986239
0,1,0.8022412207822391,0.4972796904656098,0.6044824415644783
0,0,0.9396168472594627,0.22802048190988156,0.8792336945189254
1,0,0.9763174955398229,0.1120438909322902,0.952634991079646
0,1,0.7731994053207965,0.5353814700016607,0.5463988106415928
0,1,0.8114754027500419,0.48407652942296175,0.6229508055000839
0,1,0.8020932016022798,0.497486901764862,0.6041864032045599
1,1,0.7872453615204215,0.5175835647390179,0.574490723040843
1,0,0.6832366188624978,0.6244056712590496,0.3664732377249956
1,1,0.7142896398292127,0.5982659916083778,0.4285792796584253
1,0,0.9397953127160944,0.22753035575885566,0.8795906254321886
0,0,0.9355983871182347,0.2389107519051522,0.8711967742364697
1,0,0.9879500338256931,0.06522217826944515,0.9759000676513863
0,1,0.8120941660329588,0.4831721143085022,0.6241883320659176
1,0,0.676582574330882,0.6294186313981864,0.353165148661764
1,0,0.6809152615469951,0.6261776333823368,0.3618305230939903
0,1,0.7968668501507622,0.5047153336785016,0.5937337003015242
0,0,0.9634659056490619,0.1567683725839158,0.9269318112981237
1,0,0.9729769268254868,0.12423666838701045,0.9459538536509736
1,0,0.9839978966189933,0.08204264049094379,0.9679957932379867
0,0,0.9644335256992009,0.15358862373927157,0.9288670513984019
1,0,0.9707432879744003,0.13214885616379812,0.9414865759488006
0,1,0.811572205376854,0.48393520320111727,0.6231444107537081
0,1,0.7870381826928714,0.5178545094937018,0.574076365385743
1,0,0.9715664772088792,0.12925404607958257,0.9431329544177584
0,0,0.9639430802799281,0.15520367023664083,0.9278861605598564
1,0,0.9668521571696557,0.14551960975501094,0.9337043143393114
0,1,0.7882060084692604,0.516323895938505,0.5764120169385208
0,0,0.9619029041177495,0.1618487329108067,0.923805808235499
1,0,0.9628778626944735,0.15868773356857485,0.925755725388947
1,0,0.9732455181273303,0.12327274966028884,0.9464910362546606
0,1,0.8129550653220874,0.4819096059412259,0.6259101306441749
1,0,0.9685086535469942,0.13988861944041298,0.9370173070939883
0,1,0.8395040753691321,0.44049132135217706,0.6790081507382641
0,1,0.7803641787809087,0.5264466460013412,0.5607283575618177
1,0,0.9890083219850543,0.060510294884181526,0.9780166439701086
1,0,0.6889560587288865,0.6199333960726696,0.37791211745777314
0,1,0.7866931767867592,0.5183051338114265,0.5733863535735184
1,0,0.9634942917097256,0.15667547367919474,0.9269885834194511
0,0,0.9686576372002295,0.13937783036423315,0.9373152744004588
1,1,0.7872711521130551,0.5175498183316327,0.5745423042261101
0,1,0.8363701768357955,0.44564023421218485,0.6727403536715908
1,1,0.7957595367060052,0.5062250560862211,0.5915190734120104
0,0,0.9599382764672898,0.16814025886145986,0.9198765529345796
0,0,0.938365951847898,0.23144019094151916,0.8767319036957958
0,1,0.8009268166276812,0.4991148954149326,0.6018536332553621
1,0,0.9398027999312086,0.22750978105602598,0.8796055998624173
0,1,0.8277596672197104,0.45942082188139977,0.655519334439421
1,0,0.961901326567966,0.1618538264308769,0.9238026531359321
0,1,0.7811221525666894,0.5254840170959445,0.5622443051333788
0,1,0.7863836800841678,0.5187087747185758,0.5727673601683356
0,0,0.9619030251630293,0.1618483420825778,0.9238060503260587
0,0,0.9375342200480307,0.2336989791041724,0.8750684400960613
0,1,0.8039963264650157,0.49481217844834335,0.6079926529300314
1,0,0.9330716506133756,0.24562007289360396,0.8661433012267513
1,0,0.9882117477151934,0.06406602007130768,0.9764234954303866
1,0,0.9663146561286775,0.14732815336245839,0.932629312257355
1,0,0.98064975531026,0.09549949628246429,0.9612995106205199
1,0,0.9663146561286775,0.14732815336245839,0.932629312257355
1,0,0.9396260533633699,0.22799521259837216,0.8792521067267397
0,1,0.9383136948008036,0.2315824593888686,0.8766273896016072
1,0,0.985968882346533,0.07379566881954377,0.971937764693066
0,1,0.8604655710009961,0.40411743770926856,0.7209311420019925
1,1,0.8344848591998102,0.4487031170099012,0.6689697183996204
1,0,0.9638212631735023,0.1556037398982129,0.9276425263470045
1,0,0.9869130033058631,0.06974798551990281,0.9738260066117261
1,0,0.9936741251166598,0.03833440518846567,0.9873482502333196
0,0,0.9606103741726918,0.16599947093023107,0.9212207483453835
0,0,0.963178142752655,0.15770884326844417,0.92635628550531
1,0,0.6812421995246571,0.6259295745288185,0.36248439904931434
0,0,0.9322450531289971,0.2477925912124373,0.8644901062579942
1,0,0.9771264924399499,0.10902087710838239,0.9542529848798998
1,1,0.7720029438934719,0.536844812449721,0.5440058877869436
0,0,0.939746571209545,0.22766427213499968,0.87949314241909
0,0,0.9383028328225802,0.231612024917495,0.8766056656451607
0,1,0.8160872171874548,0.4772750524624287,0.6321744343749097
0,1,0.8099780417649551,0.4862548027596048,0.61995608352991
1,0,0.9892844472602014,0.0592643151834734,0.9785688945204027
1,0,0.979566520094148,0.09972137924713823,0.9591330401882963
1,1,0.7784563057306619,0.5288548315233215,0.5569126114613239
0,1,0.8158035483712579,0.47769746794244317,0.6316070967425158
0,1,0.7969592150054939,0.5045890606451836,0.5939184300109878
1,0,0.9593002232849553,0.17016173498912723,0.9186004465699107
1,1,0.7868450635581027,0.5181068366190164,0.5736901271162053
0,1,0.8244189127541502,0.4646263038236446,0.6488378255083004
1,0,0.6825045123379321,0.6249671936734426,0.36500902467586416
0,0,0.9586095395330527,0.17233820649997367,0.9172190790661056
1,0,0.9804701218838384,0.09620380147109986,0.9609402437676768
1,0,0.9780184831251574,0.10565374616067641,0.9560369662503148
1,0,0.9647822402044488,0.15243603979137094,0.9295644804088976
0,0,0.9589747454875255,0.1711888856048918,0.917949490975051
1,1,0.7788570586694417,0.5283507422800614,0.5577141173388833
0,1,0.8401577720371171,0.43940816475081423,0.6803155440742341
0,1,0.7944624344073047,0.5079839460378143,0.5889248688146093
1,0,0.6696831799808987,0.6344027759627422,0.3393663599617973
1,0,0.969310185206071,0.1371319164982018,0.9386203704121422
0,0,0.9396616355079339,0.22789753114338873,0.8793232710158676
1,0,0.9856650077148235,0.07508453540465324,0.9713300154296468
1,0,0.9843893085786216,0.08042554804150813,0.9687786171572432
1,0,0.9634643536949192,0.15677345099556325,0.9269287073898385
1,0,0.9608690893264391,0.16517223121137414,0.9217381786528782
1,0,0.6686605082149668,0.6351231890306157,0.3373210164299335
1,0,0.6811369076866921,0.6260095167147972,0.3622738153733844
1,0,0.6825230128008601,0.6249530343770495,0.3650460256017202
0,0,0.9354646599113553,0.23926846397977536,0.8709293198227107
1,0,0.9698891669264804,0.13512722406805694,0.9397783338529608
1,0,0.6831051747108664,0.6245066706484252,0.3662103494217328
1,0,0.9880707206973374,0.06468974931788968,0.9761414413946747
1,0,0.9390399477847015,0.22960100944685402,0.8780798955694028
0,0,0.9343501555218516,0.24223822687331636,0.8687003110437035
0,0,0.932556013090235,0.24697658150707813,0.8651120261804699
0,0,0.9638212957039505,0.15560363311913822,0.9276425914079011
0,1,0.7888850756565284,0.5154301206666194,0.5777701513130571
0,1,0.7943378522303154,0.5081523382189198,0.5886757044606308
0,1,0.7793389020385915,0.5277434183476748,0.558677804077183
1,0,0.6825045123379321,0.6249671936734426,0.36500902467586416
1,0,0.9856650077148235,0.07508453540465324,0.9713300154296468
0,0,0.6765825660750182,0.6294186374919275,0.35316513215003636
1,1,0.7717431484382851,0.5371614817670843,0.5434862968765697
1,1,0.7947185306190148,0.5076374936294881,0.5894370612380296
0,1,0.8281063207948364,0.4588762123309045,0.6562126415896726
0,0,0.9710329554311617,0.13113297238162638,0.9420659108623234
0,1,0.788230562646072,0.5162916263735762,0.5764611252921443
0,1,0.8027706930801141,0.49653735381776964,0.6055413861602281
0,0,0.9800503630927402,0.09784304441472849,0.9601007261854804
1,0,0.9718728409933041,0.12817046637548982,0.9437456819866081
0,1,0.836993060127403,0.4446226032186546,0.6739861202548061
1,0,0.9905028118583767,0.05367806758942619,0.9810056237167534
0,1,0.7804173388199284,0.5263792419968045,0.5608346776398568
0,1,0.8014229394465502,0.498423471944756,0.6028458788931004
1,0,0.9378195181456197,0.23292551495503133,0.8756390362912397
1,0,0.9834720832590201,0.08419972875337217,0.9669441665180404
1,1,0.8222721050298706,0.4679306402219847,0.6445442100597412
0,1,0.7988209023784403,0.5020326617076654,0.5976418047568803
0,1,0.7663776370367982,0.5436163729548076,0.5327552740735961
0,1,0.7882463434971091,0.51627088497319,0.5764926869942182
0,1,0.794118681745234,0.5084483506413499,0.5882373634904683
1,0,0.9397589505878844,0.22763026400107456,0.8795179011757688
1,1,0.7880898375420545,0.5164765210148327,0.576179675084109
1,0,0.9672063188129754,0.14432303484807799,0.934412637625951
0,1,0.7857923494359781,0.519478394166475,0.5715846988719562
0,1,0.7864637326066419,0.5186044261272031,0.5729274652132842
0,0,0.935440267327481,0.2393336806844293,0.8708805346549618
0,0,0.9619028887128309,0.16184878264982638,0.9238057774256618
1,0,0.6921927403620376,0.6173349567225546,0.38438548072407513
1,0,0.6978781671374323,0.6126514214098657,0.39575633427486456
0,1,0.7871510273312204,0.5177069650670347,0.5743020546624409
1,0,0.96840924017742,0.1402290522270369,0.93681848035484
0,1,0.8057909698813535,0.49226886602672426,0.611581939762707
0,0,0.968083638270995,0.14134179223192578,0.9361672765419898
0,1,0.8098033816103526,0.4865079377635036,0.6196067632207052
0,1,0.7684379242446976,0.5411569370411718,0.536875848489395
1,0,0.9825630152211404,0.08788924125057691,0.9651260304422808
1,1,0.7792939822463549,0.527800093082216,0.55858796449271
1,0,0.6958130259739698,0.6143702862496787,0.3916260519479397
1,0,0.7056015189322487,0.6060431708629404,0.41120303786449736
0,0,0.9818939775913698,0.0905736120698637,0.9637879551827395
1,0,0.9353229633013707,0.23964717050519965,0.8706459266027413
1,0,0.9907236798371805,0.052649033141564494,0.9814473596743609
0,0,0.6765825660750182,0.6294186374919275,0.35316513215003636
1,0,0.9902722999554253,0.054746504500244195,0.9805445999108505
1,1,0.802130766075259,0.4974343285218579,0.6042615321505181
0,0,0.9323327563575722,0.24756259890037707,0.8646655127151442
1,0,0.9150894892462355,0.2906017000905233,0.8301789784924707
0,0,0.9604543258980993,0.16649757810948165,0.9209086517961987
0,1,0.8287873109407475,0.4578038844287114,0.6575746218814951
0,1,0.7945232443464453,0.5079017174334967,0.5890464886928906
1,0,0.9593002110546778,0.17016177363657597,0.9186004221093556
1,0,0.9862909689137552,0.07242226690101404,0.9725819378275103
0,0,0.9698871705080091,0.13513415615727792,0.9397743410160183
1,0,0.6921928687327399,0.6173348526921008,0.3843857374654797
1,0,0.9250597755212691,0.2662342631312051,0.8501195510425383
0,0,0.9397116829960545,0.22776010108192385,0.8794233659921089
0,1,0.7775483741926792,0.5299934351717894,0.5550967483853583
1,0,0.9659805637875511,0.14844780072618297,0.9319611275751024
1,1,0.7720647295836159,0.5367694443389841,0.5441294591672317
0,0,0.961901326567966,0.1618538264308769,0.9238026531359321
1,1,0.779323482270714,0.5277628745965406,0.5586469645414279
1,0,0.9853719353435051,0.07632139195505258,0.9707438706870102
0,0,0.9628795427646526,0.15868226370261757,0.9257590855293052
1,0,0.6811369076866921,0.6260095167147972,0.3622738153733844
0,1,0.8092358728374186,0.4873290617856566,0.6184717456748373
1,0,0.9814635996018705,0.09228704482552624,0.9629271992037408
1,0,0.9659805637875511,0.14844780072618297,0.9319611275751024
1,0,0.9659805637875511,0.14844780072618297,0.9319611275751024
1,1,0.7791588263451114,0.5279705468297848,0.5583176526902227
0,1,0.8091902933260547,0.48739491985354727,0.6183805866521098
1,0,0.9890742741907336,0.06021333823482452,0.978148548381467
1,1,0.7943696113808254,0.5081094198137444,0.5887392227616509
0,1,0.7871389746140445,0.5177227276262093,0.5742779492280892
0,1,0.7867466762994028,0.518235302710571,0.5734933525988056
0,0,0.9397679439746696,0.2276055560303527,0.8795358879493393
0,1,0.7787517397852273,0.528483308481316,0.5575034795704547
1,1,0.8020621913070027,0.49753029543035177,0.6041243826140055
1,0,0.9707432879744003,0.13214885616379812,0.9414865759488006
0,0,0.9383127099364679,0.23158514020324694,0.8766254198729359
1,0,0.938286458830611,0.23165658990204785,0.876572917661222
0,0,0.9369040125759426,0.23540260047077413,0.8738080251518852
1,0,0.984632034298147,0.07941774996564274,0.969264068596294
1,0,0.9759813962039713,0.113291429997422,0.9519627924079426
1,1,0.7722830022751523,0.5365030147969494,0.5445660045503048
1,0,0.9767811282826243,0.11031493874322741,0.9535622565652486
0,1,0.7796847588081692,0.5273066621465367,0.5593695176163386
0,1,0.7803074717910838,0.5265185291694503,0.5606149435821678
0,1,0.8312113129873531,0.45396031284275884,0.6624226259747061
0,0,0.9795801440702787,0.09966865070172118,0.9591602881405574
0,1,0.8080328037203596,0.4890628796656895,0.6160656074407194
0,1,0.8021194658000513,0.4974501447223003,0.6042389316001027
1,0,0.9663859703467449,0.14708871424568543,0.9327719406934898
0,0,0.9330701328877727,0.2456240718686698,0.8661402657755456
0,0,0.9876126744720051,0.06670403935088515,0.9752253489440101
0,1,0.77376270837898,0.5346896928155169,0.5475254167579598
0,0,0.9348990469411185,0.24077817468073875,0.8697980938822371
1,0,0.9757968951286526,0.11397421115484532,0.9515937902573054
0,1,0.7960302873090916,0.5058566099400313,0.5920605746181833
0,1,0.7788104653990746,0.5284093977559883,0.5576209307981492
1,0,0.988583487768924,0.06241366624171988,0.9771669755378479
0,1,0.795019038808139,0.5072304470879905,0.5900380776162781
0,0,0.6765825660750182,0.6294186374919275,0.35316513215003636
0,1,0.7939600217072743,0.5086624540998324,0.5879200434145486
1,1,0.7794480247867567,0.5276056906775584,0.5588960495735136
1,0,0.6649747940560452,0.6376804499781814,0.3299495881120903
1,0,0.9382050314956085,0.2318781413930332,0.8764100629912172
1,1,0.7947424868702395,0.507605064546478,0.5894849737404787
1,0,0.6984947747797445,0.6121342867710511,0.39698954955948884
0,0,0.9606105351466125,0.16599895676849524,0.921221070293225
1,0,0.6773564312312267,0.6288460704089063,0.35471286246245337
1,0,0.9382275192466609,0.23181696705254232,0.8764550384933218
1,1,0.7949434751902381,0.5073328521980793,0.5898869503804762
1,0,0.9631759994523477,0.15771583925044996,0.9263519989046953
1,0,0.9762953970365942,0.11212606584165627,0.9525907940731884
1,0,0.9687209271652875,0.1391606202414064,0.9374418543305749
1,0,0.7076856267901374,0.6042109487089761,0.41537125358027477
0,0,0.9692566966365982,0.13731654595196788,0.9385133932731963
1,1,0.7871831574739261,0.5176649409880858,0.574366314947852
1,1,0.7791070727816186,0.5280357884464112,0.5582141455632373
0,1,0.8046741498792236,0.49385399790275397,0.6093482997584472
0,0,0.9325152636384376,0.24708360211430735,0.8650305272768753
1,0,0.9382403962820228,0.2317819332028592,0.8764807925640457
0,1,0.8091509580140456,0.4874517448294723,0.6183019160280913
1,0,0.9380086869200027,0.23241189527059739,0.8760173738400056
0,0,0.6765825660750182,0.6294186374919275,0.35316513215003636
0,0,0.9814539823795504,0.09232521600666355,0.9629079647591007
0,0,0.9382563927892831,0.23173840839015558,0.876512785578566
0,1,0.8019569371888187,0.49767753560774775,0.6039138743776371
0,1,0.8490023414932248,0.4244357311812188,0.6980046829864497
1,0,0.9593002736838706,0.1701615757294561,0.9186005473677411
1,1,0.7956083086117496,0.5064306557998449,0.5912166172234992
1,0,0.6984947747797445,0.6121342867710511,0.39698954955948884
0,0,0.9383118094268846,0.23158759138815377,0.8766236188537692
1,0,0.9621760143430648,0.16096590126665855,0.9243520286861295
1,1,0.8226834350006235,0.46729997848708216,0.6453668700012468
0,1,0.7869177789977984,0.5180118536137494,0.5738355579955966
0,0,0.9830603132515394,0.08587706332863089,0.9661206265030787
0,1,0.795934448940852,0.5059870814790827,0.5918688978817039
1,0,0.9882117477151934,0.06406602007130768,0.9764234954303866
0,1,0.8089011566989158,0.48781238153937956,0.6178023133978318
0,0,0.961594818973897,0.1628421789460509,0.923189637947794
0,1,0.8021808206605952,0.4973642609639616,0.6043616413211903
1,1,0.7795058178562959,0.5275327199499631,0.5590116357125918
0,1,0.7918990828270509,0.511429633792849,0.583798165654102
1,1,0.8017906584170105,0.4979100011543527,0.6035813168340206
1,0,0.9355212714764283,0.23911706770631727,0.8710425429528567
0,1,0.8042418898023678,0.4944653839127624,0.6084837796047355
1,1,0.7947799482468664,0.507554346801592,0.5895598964937329
0,0,0.9839974168468228,0.08204461661894735,0.9679948336936457
0,1,0.8020680393627515,0.4975221125284939,0.6041360787255032
1,0,0.9718729658892855,0.1281700239325199,0.9437459317785711
0,1,0.7989898134407237,0.5017996544945869,0.5979796268814475
1,1,0.7792824716877118,0.5278146139203448,0.5585649433754236
0,1,0.802827560557213,0.4964575186094805,0.6056551211144261
0,1,0.787233304494226,0.5175993397229284,0.574466608988452
0,0,0.9383397249106908,0.23151159899349572,0.8766794498213816
0,0,0.9828040213645677,0.08691590505888051,0.9656080427291353
0,0,0.72183097731289,0.5912157038704194,0.44366195462578023
0,1,0.8107763715485296,0.4850952577092148,0.6215527430970591
1,1,0.7643052171716195,0.546066374066774,0.528610434343239
1,0,0.9837570246067319,0.08303293576442722,0.9675140492134637
0,1,0.7948202573103029,0.5074997640557665,0.589640514620606
1,1,0.8092207995141267,0.4873508427964023,0.6184415990282534
1,0,0.986413823121485,0.07189639522762795,0.9728276462429699
1,0,0.9710331047529016,0.13113244793317358,0.9420662095058032
1,0,0.9593002110546778,0.17016177363657597,0.9186004221093556
1,0,0.9816659833194571,0.09148259166858587,0.9633319666389143
0,0,0.9680824050355987,0.1413460002527654,0.9361648100711975
1,0,0.9870751462132509,0.06904602582979774,0.9741502924265018
0,1,0.8290704870194249,0.457357016937302,0.6581409740388497
0,1,0.81661330050675,0.47649023428380505,0.6332266010134999
1,0,0.9707432879744003,0.13214885616379812,0.9414865759488006
1,0,0.9852177487618812,0.07696970755167874,0.9704354975237623
1,0,0.9772545708486696,0.10853962156102469,0.9545091416973391
0,1,0.8094318693754127,0.48704571200391716,0.6188637387508253
1,0,0.9865645326562887,0.0712497508698985,0.9731290653125775
1,1,0.7787853251873625,0.5284410411066085,0.5575706503747251
1,0,0.9647822402044488,0.15243603979137094,0.9295644804088976
0,1,0.8114840940243059,0.48406384316976747,0.6229681880486118
1,0,0.9767811282826243,0.11031493874322741,0.9535622565652486
0,0,0.939733776952651,0.22769941716267394,0.879467553905302
1,1,0.7793392506380444,0.5277429784782681,0.558678501276089
1,0,0.6949636008561103,0.615071429661706,0.38992720171222073
1,1,0.7790895591749782,0.5280578629379503,0.5581791183499564
1,0,0.9772545708486696,0.10853962156102469,0.9545091416973391
1,0,0.9387673638569262,0.2303457800634487,0.8775347277138523
0,0,0.9631823446362345,0.15769512745482522,0.9263646892724691
1,1,0.7717048448424687,0.5372081382867203,0.5434096896849374
0,0,0.9684077125543904,0.14023428092187862,0.9368154251087809
0,1,0.8027708709870304,0.496537104089364,0.6055417419740607
0,1,0.7979757768200916,0.50319582031746,0.5959515536401832
1,0,0.9663146561286775,0.14732815336245839,0.932629312257355
1,0,0.9331086577491795,0.24552255332842995,0.8662173154983588
1,1,0.8544649919314614,0.4148852782166166,0.7089299838629229
1,0,0.691568234618527,0.6178401354287126,0.38313646923705413
0,1,0.8046038549237026,0.4939535035489169,0.6092077098474049
1,0,0.987673332683224,0.06643828966842874,0.9753466653664479
1,1,0.8158567396503033,0.47761830082368073,0.6317134793006065
1,0,0.9762953970365942,0.11212606584165627,0.9525907940731884
0,1,0.8292770498323562,0.45703069252662776,0.6585540996647126
0,0,0.9383841148892931,0.23139073147945696,0.8767682297785862
0,1,0.7956615122304435,0.5063583397186416,0.591323024460887
1,0,0.6845176386978387,0.6234171750800713,0.3690352773956772
0,1,0.7869660337319346,0.5179488044817849,0.5739320674638693
1,1,0.7796040377045523,0.5274086609543407,0.5592080754091046
1,0,0.9715291519682593,0.12938582902201848,0.9430583039365183
1,1,0.7794923535760797,0.5275497219654226,0.5589847071521594
1,0,0.9794524837659891,0.10016236821470442,0.9589049675319784
0,1,0.9401566620363005,0.22653624361826524,0.880313324072601
0,1,0.7788281330274898,0.5283871577623691,0.5576562660549795
0,0,0.9396396686008167,0.2279578381680608,0.8792793372016335
1,0,0.6696831799808987,0.6344027759627422,0.3393663599617973
1,0,0.7254941128781169,0.5876891715447417,0.4509882257562341
1,1,0.7646599517471911,0.5456487044450897,0.5293199034943822
0,1,0.794981983239752,0.5072806698068637,0.589963966479504
1,0,0.9382193215956827,0.23183926846517589,0.8764386431913652
1,1,0.8244899179756717,0.46451647130615814,0.6489798359513436
1,0,0.9716340306305765,0.1290154092609349,0.943268061261153
0,1,0.787817255179397,0.5168343218452618,0.575634510358794
0,1,0.7945569817718768,0.5078560871385971,0.5891139635437538
0,1,0.7883814572358175,0.5160932385291318,0.5767629144716349
1,0,0.6978781899706761,0.612651402293549,0.3957563799413521
1,0,0.9732455181273303,0.12327274966028884,0.9464910362546606
1,0,0.96840924017742,0.1402290522270369,0.93681848035484
0,1,0.791192364288996,0.5123725859861108,0.5823847285779921
0,0,0.9396748769786313,0.22786117445439538,0.8793497539572627
0,1,0.7796320573106126,0.5273732598092101,0.5592641146212248
1,0,0.975105723890639,0.11651929354822349,0.950211447781278
1,0,0.9784564175070284,0.10398715240101482,0.9569128350140568
1,1,0.7871068063574737,0.5177647930690192,0.574213612714947
0,0,0.9634659075139472,0.15676836648146764,0.9269318150278945
0,0,0.9641441995906213,0.15454222263548328,0.9282883991812424
0,1,0.8067518183085248,0.4908987315981107,0.61350363661705
1,1,0.7513722892212944,0.5608225028641292,0.5027445784425888
1,1,0.7957092948909685,0.5062933771397355,0.5914185897819374
1,0,0.9908173077766034,0.05221122125138415,0.9816346155532067
1,0,0.9650783556969782,0.15145449947076356,0.9301567113939565
0,1,0.814634887052289,0.47943209846944235,0.6292697741045781
1,0,0.9847266715494171,0.07902376408732278,0.969453343098834
0,0,0.9809254315739936,0.09441531439921944,0.9618508631479873
1,0,0.9593002110546778,0.17016177363657597,0.9186004221093556
1,0,0.9602909229775568,0.16701847424766217,0.9205818459551136
0,1,0.803925692102403,0.4949118602888495,0.6078513842048059
0,0,0.9325896905092822,0.24688811430997112,0.8651793810185643
0,0,0.9383414242433121,0.23150697258275468,0.8766828484866243
0,0,0.9692934420817635,0.13718971999959736,0.9385868841635271
1,0,0.9659805637875511,0.14844780072618297,0.9319611275751024
1,0,0.9736648840834738,0.12176218158992291,0.9473297681669479
1,0,0.9810698230689413,0.09384583310186534,0.9621396461378826
0,0,0.9589808979495712,0.17116949455129277,0.9179617958991424
0,1,0.7873795708720489,0.5174079113908558,0.5747591417440978
1,0,0.9382131028631472,0.23185618552849682,0.8764262057262945
1,1,0.7795282314849256,0.5275044148083481,0.5590564629698511
0,1,0.7871487339900741,0.517709964368356,0.5742974679801482
1,0,0.7254941128781169,0.5876891715447417,0.4509882257562341
1,1,0.7795285451510527,0.5275040186730711,0.5590570903021054
1,0,0.6978781899706761,0.612651402293549,0.3957563799413521
0,1,0.858797447160379,0.4071404759634663,0.7175948943207578
1,0,0.6989613270525452,0.6117418004408011,0.3979226541050904
1,0,0.6649747940560452,0.6376804499781814,0.3299495881120903
1,0,0.678392334113052,0.6280753371774237,0.3567846682261039
0,1,0.7850923726042831,0.5203867324515272,0.5701847452085663
1,1,0.7793209829764056,0.5277660280087498,0.5586419659528112
0,0,0.9608708040163685,0.1651667425776118,0.921741608032737
0,1,0.8013758489521395,0.49848916618141614,0.6027516979042791
1,0,0.9773062175384571,0.108345350183461,0.9546124350769143
1,0,0.9856375781295488,0.0752005527565479,0.9712751562590974
0,0,0.961901326567966,0.1618538264308769,0.9238026531359321
1,0,0.6833313406622566,0.6243328391915336,0.36666268132451324
1,0,0.9687209271652875,0.1391606202414064,0.9374418543305749
1,0,0.9474925963958912,0.20583298298958547,0.8949851927917825
1,1,0.7296579170639917,0.583598786762008,0.45931583412798366
1,0,0.9388926219681875,0.23000370296781983,0.8777852439363748
0,1,0.7948266452565974,0.5074911131846433,0.5896532905131947
0,1,0.7881347536013782,0.5164175199912124,0.5762695072027564
1,0,0.9740546627624409,0.12035203981541774,0.9481093255248817
0,1,0.7883102711025138,0.5161868471130341,0.5766205422050277
1,0,0.9698891669264804,0.13512722406805694,0.9397783338529608
0,0,0.9599381185060485,0.168140760616747,0.9198762370120969
1,0,0.6862585351639532,0.6220616323525622,0.3725170703279065
0,1,0.8342095318085697,0.4491482541305225,0.6684190636171392
0,1,0.8163381365238456,0.47690095787979425,0.6326762730476911
0,0,0.9625444516708418,0.1597716736748001,0.9250889033416836
0,0,0.9368542121619272,0.2355369372143265,0.8737084243238546
1,0,0.6811129197792936,0.6260277222476289,0.36222583955858717
0,1,0.7873049535358991,0.5175055839202636,0.5746099070717982
0,0,0.9397076990909505,0.22777104247735339,0.8794153981819011
0,1,0.8114990352706957,0.48404203296569837,0.6229980705413912
1,0,0.9834720832590201,0.08419972875337217,0.9669441665180404
1,0,0.9602908862151137,0.1670185913601595,0.9205817724302274
1,1,0.7802459652005079,0.5265964752221055,0.5604919304010159
1,0,0.9757968951286526,0.11397421115484532,0.9515937902573054
0,0,0.9383493372804474,0.23148542878573133,0.8766986745608949
0,1,0.821054614252771,0.4697905517215616,0.6421092285055422
1,1,0.8290986653515997,0.4573125190300345,0.6581973307031994
0,1,0.7946938704372319,0.5076708719343754,0.5893877408744641
1,1,0.7869105804984513,0.5180212579074902,0.5738211609969026
0,1,0.8225358087362834,0.46752645621298694,0.6450716174725668
0,1,0.786830809460645,0.5181254520364563,0.5736616189212902
0,1,0.8058115621076704,0.4922395642131122,0.6116231242153405
1,0,0.9804701218838384,0.09620380147109986,0.9609402437676768
1,0,0.6711788244413868,0.633340665422324,0.3423576488827735
0,1,0.8071943738485923,0.4902656731761801,0.6143887476971845
0,0,0.9572837686482815,0.17648242638226702,0.9145675372965629
1,0,0.9794524837659891,0.10016236821470442,0.9589049675319784
1,0,0.9698891669264804,0.13512722406805694,0.9397783338529608
1,1,0.7793309071295579,0.5277535062817025,0.5586618142591159
0,1,0.8091859816426705,0.4874011491301601,0.6183719632853413
0,1,0.805680903896862,0.49242543903872216,0.6113618077937242
1,0,0.9628778263214404,0.15868785198871618,0.9257556526428808
0,1,0.8441752787579769,0.43268099719455433,0.6883505575159541
1,1,0.7792317796162307,0.52787855398478,0.5584635592324614
1,0,0.9782807793534739,0.10465663993837138,0.9565615587069478
1,0,0.9853903079997806,0.076244029938843,0.9707806159995611
0,1,0.8157685240813894,0.4777495859834843,0.631537048162779
1,0,0.9790210002734937,0.10182513577949953,0.9580420005469875
1,0,0.9834720832590201,0.08419972875337217,0.9669441665180404
0,0,0.9589747597896078,0.17118884052934696,0.9179495195792156
1,0,0.9773062175384571,0.108345350183461,0.9546124350769143
1,0,0.9621760143430648,0.16096590126665855,0.9243520286861295
0,0,0.959117494670537,0.17073872703876491,0.9182349893410738
1,0,0.9322763624852065,0.24771049976754883,0.8645527249704131
0,1,0.7685462667593806,0.541026945929543,0.5370925335187615
0,1,0.7775991271643552,0.5299299136195651,0.5551982543287102
0,1,0.8376889798135747,0.4434822857207717,0.6753779596271495
1,0,0.9659805637875511,0.14844780072618297,0.9319611275751024
1,0,0.9730455450023453,0.12399067392027616,0.9460910900046906
0,1,0.8029966584755057,0.496220004432647,0.6059933169510114
0,0,0.9675292001221132,0.1432286990277631,0.9350584002442263
1,0,0.9602909229775568,0.16701847424766217,0.9205818459551136
0,0,0.9382677939771785,0.23170738426186688,0.876535587954357
0,1,0.7873159407013806,0.5174912040385508,0.5746318814027613
1,0,0.6862585351639532,0.6220616323525622,0.3725170703279065
1,0,0.9729769268254868,0.12423666838701045,0.9459538536509736
1,0,0.9383529575889964,0.23147557188163242,0.8767059151779928
1,1,0.7786526740699727,0.5286079449825172,0.5573053481399455
1,0,0.9778548992962529,0.10627397935690833,0.9557097985925059
0,1,0.844943118676704,0.4313813890834458,0.6898862373534079
1,0,0.6765295215305099,0.6294577838051953,0.35305904306102004
0,0,0.9687677512871926,0.13899983555633696,0.9375355025743852
1,0,0.965670752556007,0.14948303856147657,0.931341505112014
1,1,0.7961310507066529,0.5057193726054467,0.5922621014133059
0,1,0.8091297576328157,0.4874823673830062,0.6182595152656316
1,0,0.6958130259739698,0.6143702862496787,0.3916260519479397
1,0,0.9396983248783156,0.22779678670623787,0.8793966497566312
1,0,0.9707432879744003,0.13214885616379812,0.9414865759488006
1,0,0.9721520830930555,0.12717982335171427,0.944304166186111
1,0,0.988583487768924,0.06241366624171988,0.9771669755378479
0,1,0.8025317824648011,0.4968725329453625,0.605063564929602
0,1,0.7881926053516894,0.5163415090460742,0.5763852107033787
1,0,0.6698014892090335,0.6343191289825374,0.339602978418067
1,1,0.8104600529559579,0.4855551951513464,0.6209201059119156
0,0,0.9806919256155808,0.0953339094231227,0.9613838512311617
0,1,0.7948888847680192,0.5074068122794961,0.5897777695360384
0,0,0.9615946429701656,0.16284274574818938,0.9231892859403312
0,0,0.9689007253178712,0.13854283384115257,0.9378014506357425
1,0,0.9324588498825997,0.2472317184594075,0.8649176997651995
1,0,0.9834720832590201,0.08419972875337217,0.9669441665180404
1,1,0.7790505379698736,0.5281070396175109,0.5581010759397471
0,0,0.9396188901367342,0.22801487466110584,0.8792377802734683
0,0,0.987026414905001,0.06925721204570395,0.9740528298100021
1,0,0.7324852696737313,0.5807712357332051,0.4649705393474624
0,0,0.9710297606681002,0.13114419285219545,0.9420595213362005
0,1,0.7679888719926571,0.5416950141581125,0.5359777439853143
1,0,0.9893517503107299,0.05895953555788461,0.9787035006214598
1,0,0.9747595677560301,0.11778650537299395,0.9495191355120601
1,0,0.9773944843686289,0.1080130519188883,0.9547889687372576
1,0,0.96840924017742,0.1402290522270369,0.93681848035484
1,0,0.9783146312407767,0.10452771854192454,0.9566292624815534
0,0,0.9397005571708246,0.22779065634279008,0.8794011143416492
0,0,0.9383078669471324,0.23159832264356975,0.876615733894265
1,0,0.6667535571193651,0.6364539234343799,0.33350711423873036
1,0,0.9888417963493561,0.06125831854781771,0.9776835926987122
0,0,0.9589728617312289,0.17119482255099838,0.9179457234624578
1,0,0.9612490910121063,0.16395394790018405,0.9224981820242127
0,0,0.9628794362228014,0.15868261057716598,0.9257588724456027
1,0,0.9863469345994623,0.07218284743559227,0.9726938691989245
1,0,0.9672063188129754,0.14432303484807799,0.934412637625951
1,0,0.9617721422200916,0.1622707006757032,0.9235442844401831
0,1,0.8097533974560278,0.4865803433527417,0.6195067949120555
0,1,0.7873129212370149,0.5174951559522414,0.57462584247403
0,0,0.9734890982138198,0.12239619614560039,0.9469781964276396
0,0,0.6825232498306757,0.6249528529564535,0.36504649966135133
1,0,0.9807886643109914,0.09495369794294917,0.9615773286219829
1,0,0.6814546161585125,0.6257681430947868,0.36290923231702504
0,1,0.7866479218341274,0.518364190251092,0.5732958436682547
0,0,0.9394996586503488,0.2283420158047125,0.8789993173006976
1,0,0.938252980186193,0.23174769409461257,0.8765059603723859
0,1,0.7791869484507159,0.5279350889925755,0.5583738969014318
0,1,0.788010336136038,0.5165809231887701,0.5760206722720758
1,0,0.9798609832653175,0.09857964954327801,0.959721966530635
1,0,0.9852659882876629,0.07676704879875298,0.9705319765753257
0,1,0.7968043185786127,0.5048007913752606,0.5936086371572254
1,0,0.9900550614541573,0.05574836697552924,0.9801101229083146
1,0,0.6832366188624978,0.6244056712590496,0.3664732377249956
1,1,0.7792537533666558,0.5278508393936444,0.5585075067333114
1,1,0.7793948108105735,0.5276728625658884,0.5587896216211469
0,0,0.9369043570887695,0.23540167100046355,0.8738087141775391
1,0,0.7100729685474367,0.6020863347891277,0.42014593709487347
0,1,0.7873125846100526,0.5174955965305541,0.5746251692201052
1,0,0.6641687702541292,0.6382315567415089,0.3283375405082585
0,0,0.9324010637717768,0.24738338558069367,0.8648021275435533
0,0,0.9643568391913653,0.15384161409230934,0.9287136783827307
0,1,0.7943334096726263,0.5081583412717211,0.5886668193452527
0,0,0.9383210717914036,0.2315623785852826,0.8766421435828072
0,1,0.7613467489790677,0.5495225798949452,0.5226934979581355
1,0,0.9704782755498342,0.13307568439441708,0.9409565510996686
0,1,0.8022137783751061,0.4973181173781792,0.6044275567502122
1,1,0.7948525106147035,0.5074560824863887,0.5897050212294069
0,1,0.8000885914004798,0.5002795852501789,0.6001771828009599
1,0,0.9656141232467721,0.149671952328176,0.9312282464935442
1,0,0.9715291519682593,0.12938582902201848,0.9430583039365183
1,0,0.6965762794363253,0.6137373641807109,0.3931525588726504
1,0,0.9330711945208577,0.24562127463157768,0.8661423890417156
0,0,0.9369039059306851,0.23540288819144095,0.8738078118613704
1,0,0.9606086749829882,0.16600489821683698,0.9212173499659764
1,0,0.9370024586738521,0.23513691840141865,0.8740049173477045
1,1,0.7779063321342097,0.5295451031058899,0.5558126642684194
1,1,0.7722923954793988,0.536491543119393,0.5445847909587975
0,1,0.7871721375665663,0.5176793549845816,0.5743442751331329
1,1,0.8286103093778846,0.4580829156154814,0.6572206187557694
1,0,0.6641687702541292,0.6382315567415089,0.3283375405082585
0,1,0.8343933799550914,0.44885107744431973,0.6687867599101828
0,0,0.9631782706465046,0.15770842580391797,0.9263565412930093
1,0,0.6828120339537981,0.6247316274299985,0.3656240679075963
1,0,0.6880461239116378,0.6206550848044481,0.3760922478232755
0,0,0.93625402471602,0.23715265606484787,0.8725080494320403
1,0,0.985376036613113,0.07630412470965911,0.9707520732262261
1,0,0.991570100178384,0.048655219894245205,0.9831402003567677
1,0,0.9785119997528726,0.1037749828640129,0.9570239995057452
1,0,0.9621760162611176,0.160965895059352,0.9243520325222353
1,0,0.7254941128781169,0.5876891715447417,0.4509882257562341
0,0,0.9397660979379002,0.22761062785386588,0.8795321958758003
1,0,0.9960446665525166,0.0258311360611924,0.9920893331050331
0,1,0.8027543999753118,0.49656022364429797,0.6055087999506238
0,1,0.8116394509080279,0.48383699255754176,0.6232789018160559
0,0,0.9695999395986189,0.13613007941309155,0.9391998791972377
0,0,0.9331330743486212,0.245458199773678,0.8662661486972428
1,0,0.6832366188624978,0.6244056712590496,0.3664732377249956
1,0,0.933310388528855,0.24499057521900613,0.8666207770577101
1,1,0.7774790525714742,0.5300801728672634,0.5549581051429484
1,0,0.6863579285809223,0.6219838156586974,0.37271585716184447
0,1,0.8089526816571929,0.4877380283141614,0.6179053633143857
0,1,0.8001632026814028,0.5001760933295167,0.6003264053628057
1,0,0.6965762794363253,0.6137373641807109,0.3931525588726504
0,0,0.9602926337627954,0.16701302423520134,0.9205852675255908
0,1,0.7934750251034671,0.5093159779897448,0.5869500502069341
0,1,0.8014438603897334,0.49839428142734316,0.6028877207794666
1,1,0.7780373005495844,0.5293808836455273,0.5560746010991688
1,1,0.7791636410514651,0.527964476519615,0.5583272821029304
1,0,0.9396829495025009,0.22783900846229027,0.8793658990050016
1,0,0.6831051747108664,0.6245066706484252,0.3662103494217328
0,0,0.6765825660750182,0.6294186374919275,0.35316513215003636
0,1,0.8097956091958854,0.48651919772156904,0.6195912183917708
0,0,0.9323100137844123,0.2476222505625306,0.8646200275688244
0,1,0.8222827004170264,0.4679144096366491,0.6445654008340528
0,1,0.8019431268821692,0.49769684969364125,0.6038862537643381
1,0,0.6809572084735076,0.6261458343529771,0.3619144169470151
0,0,0.9319081600917914,0.24867492604483596,0.8638163201835831
1,0,0.9701609006341751,0.134182416094959,0.9403218012683503
0,0,0.9615946410453887,0.1628427519467331,0.9231892820907776
1,1,0.7871216897464618,0.5177453312852319,0.5742433794929236
0,1,0.7882289822679825,0.5162937034451907,0.5764579645359652
0,0,0.9669032360353673,0.1453472765457353,0.9338064720707345
1,0,0.6949636008561103,0.615071429661706,0.38992720171222073
1,0,0.9889731172800036,0.06066864377415649,0.9779462345600071
1,0,0.9884006480003174,0.06322787999620455,0.9768012960006347
0,0,0.9606087467661608,0.16600466893977192,0.9212174935323216
0,1,0.7950113245661209,0.5072409031667274,0.5900226491322417
0,1,0.8029989285302059,0.4962168146947119,0.6059978570604116
0,0,0.9882079280361395,0.06408293601502998,0.9764158560722791
1,0,0.6633256058588834,0.6388049407706147,0.326651211717767
1,1,0.8098569185946668,0.4864303676565667,0.6197138371893336
1,0,0.9742533018180757,0.11963109618614383,0.9485066036361515
1,1,0.8090707992462648,0.4875675135869979,0.6181415984925296
0,1,0.7958946428585159,0.506041255687386,0.5917892857170318
1,0,0.6683173273795567,0.6353638818652843,0.3366346547591136
1,1,0.8020977889990708,0.49748048196427147,0.6041955779981415
0,1,0.7514609018366128,0.5607244812015603,0.5029218036732257
1,0,0.9863469345994623,0.07218284743559227,0.9726938691989245
1,0,0.9905783742690826,0.05332660839384705,0.9811567485381651
1,0,0.9870030836581645,0.0693582566651847,0.974006167316329
0,0,0.934464574860529,0.24193427771204096,0.8689291497210581
1,0,0.9822204486120277,0.08926691991647905,0.9644408972240555
1,0,0.9659805637875511,0.14844780072618297,0.9319611275751024
0,1,0.7684879631978518,0.5410969076902472,0.5369759263957036
0,1,0.8673098787737847,0.39146870882097334,0.7346197575475695
0,1,0.8015705583128422,0.49821744391579526,0.6031411166256844
0,1,0.8462994746657139,0.42907468052508785,0.6925989493314275
1,0,0.9721520830930555,0.12717982335171427,0.944304166186111
1,0,0.9593002536391938,0.1701616390702841,0.9186005072783876
0,0,0.9332005684518994,0.2452802593736929,0.8664011369037986
1,0,0.9731254234391276,0.12370408554236123,0.9462508468782551
0,0,0.9324107346567504,0.24735800678476477,0.8648214693135006
1,0,0.989700674294931,0.05737249083505111,0.9794013485898622
0,1,0.7867996034170003,0.5181662019507858,0.5735992068340006
1,0,0.678392334113052,0.6280753371774237,0.3567846682261039
1,0,0.9381798124482449,0.2319467354137516,0.8763596248964898
0,1,0.6663476230739378,0.6367350834732651,0.3326952461478757
1,0,0.9647822402044488,0.15243603979137094,0.9295644804088976
0,1,0.8194376525704349,0.47224513053680284,0.6388753051408697
1,0,0.9908173077766034,0.05221122125138415,0.9816346155532067
0,1,0.7872814743968795,0.5175363107437327,0.5745629487937589
1,0,0.9807231015937781,0.09521143276404058,0.9614462031875561
1,1,0.7867185684012564,0.5182719931242532,0.5734371368025128
0,1,0.8219063878107135,0.46849039496154277,0.6438127756214267
1,0,0.6706942237560604,0.6336859065490512,0.3413884475121208
0,0,0.9383116124726857,0.23158812749513932,0.8766232249453715
0,0,0.9710323981987208,0.13113492948878747,0.9420647963974415
1,0,0.9761374813103176,0.11271267405387474,0.9522749626206354
0,1,0.7948001122769387,0.5075270438122188,0.5896002245538774
1,0,0.6812421995246571,0.6259295745288185,0.36248439904931434
0,1,0.7807993162146585,0.5258944305394696,0.561598632429317
0,1,0.8133143320242578,0.4813813010656879,0.6266286640485158
1,1,0.7633932598677886,0.5471369212737704,0.5267865197355772
1,0,0.6832207430243451,0.6244178742140984,0.36644148604869003
1,0,0.9663146561286775,0.14732815336245839,0.932629312257355
1,0,0.6863548506019217,0.6219862261461517,0.37270970120384345
0,0,0.9397889240407431,0.22754791091512844,0.8795778480814863
0,1,0.8099775666478759,0.4862554916156848,0.6199551332957518
0,0,0.9895593679560171,0.05801662502872911,0.9791187359120341
0,0,0.9900523842120468,0.05576068379085703,0.9801047684240937
1,0,0.9715664772088792,0.12925404607958257,0.9431329544177584
0,1,0.7805132429951137,0.5262575990659919,0.5610264859902273
1,0,0.9818317005523007,0.09082219019816057,0.9636634011046016
1,0,0.6832366188624978,0.6244056712590496,0.3664732377249956
0,1,0.7868989972060474,0.5180363899522782,0.5737979944120946
1,1,0.7423663013543583,0.570567260123459,0.4847326027087167
0,0,0.9593002092468179,0.170161779349379,0.9186004184936358
0,1,0.8019017918384184,0.49775465069043423,0.6038035836768367
1,0,0.9794667689161827,0.10010716169981529,0.9589335378323653
0,1,0.7872887473252685,0.517526793115177,0.5745774946505369
1,0,0.980708321685392,0.09526950290522677,0.9614166433707839
0,1,0.7790339948807359,0.5281278854627154,0.5580679897614715
0,0,0.9383846458432815,0.23138928556206179,0.876769291686563
0,1,0.7808240733390656,0.5258629790190095,0.5616481466781309
0,0,0.9593002358728263,0.17016169521168592,0.9186004717456527
0,1,0.7948980836221307,0.5073943507878578,0.5897961672442613
1,1,0.7793046153333356,0.5277866785105674,0.5586092306666712
0,1,0.7944762996715391,0.5079651991004881,0.588952599343078
1,1,0.7326811395188928,0.5805738442788362,0.4653622790377857
0,1,0.7711823052302851,0.5378437975954431,0.5423646104605702
1,0,0.9718729658892855,0.1281700239325199,0.9437459317785711
0,1,0.8159878211733725,0.47742312553904465,0.6319756423467452
1,1,0.8025971391943448,0.49678087666563,0.6051942783886897
1,0,0.9807340178770925,0.09516853535643707,0.9614680357541849
0,1,0.7857924249186753,0.5194782960580718,0.5715848498373505
1,0,0.9698891669264804,0.13512722406805694,0.9397783338529608
0,0,0.9604556094954327,0.16649348347632653,0.9209112189908655
1,0,0.6949636008561103,0.615071429661706,0.38992720171222073
0,1,0.7799998678249754,0.5269081287208135,0.5599997356499506
1,1,0.8224853920875449,0.46760376764756306,0.6449707841750898
0,1,0.790664405300654,0.5130750516936428,0.5813288106013079
0,0,0.9591176296088724,0.1707383012660706,0.9182352592177447
1,0,0.9807568437455559,0.09507881680607942,0.9615136874911119
1,0,0.6889560587288865,0.6199333960726696,0.37791211745777314
0,1,0.824442715709661,0.4645894887435054,0.6488854314193222
0,0,0.9634671858061704,0.15676418351381466,0.9269343716123409
0,1,0.7816410428545402,0.5248230878076834,0.5632820857090803
0,1,0.779047439108386,0.528110944594889,0.558094878216772
1,0,0.9606087352934612,0.16600470558384106,0.9212174705869225
0,0,0.9701609603763252,0.13418220809409837,0.9403219207526503
0,1,0.8095405510073113,0.48688848498546045,0.6190811020146225
0,0,0.966316778454338,0.14732102986282017,0.9326335569086762
0,1,0.7894591925888134,0.5146723191827984,0.5789183851776267
1,1,0.7788567785745176,0.5283510949244545,0.5577135571490355
1,0,0.9902416160186561,0.054888307598053764,0.9804832320373122
0,1,0.7948408192320425,0.5074719171962296,0.5896816384640851
1,1,0.7783690314932091,0.5289644863686234,0.5567380629864181
1,1,0.7722514430966027,0.5365415535315343,0.5445028861932053
1,1,0.7794108312339258,0.5276526417526427,0.5588216624678518
1,0,0.6921928687327399,0.6173348526921008,0.3843857374654797
0,0,0.9672061464776788,0.14432361806058183,0.9344122929553575
1,1,0.8054452608432783,0.4927603900379914,0.6108905216865563
0,1,0.7822790236980827,0.5240083061526508,0.5645580473961653
1,0,0.9759276358929297,0.11349052964223744,0.9518552717858595
1,0,0.9771264924399499,0.10902087710838239,0.9542529848798998
0,0,0.9383558519833408,0.23146769123910127,0.8767117039666817
0,1,0.8407948479679064,0.43834948664112583,0.681589695935813
1,0,0.9369798381758183,0.23519798014266552,0.8739596763516365
1,0,0.962282693671119,0.16062050337363887,0.9245653873422379
0,1,0.7790276272460949,0.5281359088563393,0.5580552544921897
1,0,0.9326592696351986,0.24670527978441317,0.8653185392703971
1,0,0.9725081714444481,0.12591237739928784,0.9450163428888961
1,0,0.6904373984196829,0.6187502461800165,0.38087479683936604
1,0,0.9732455181273303,0.12327274966028884,0.9464910362546606
1,0,0.9767811282826243,0.11031493874322741,0.9535622565652486
1,1,0.779521983304152,0.5275123056425636,0.559043966608304
1,0,0.9602902559038933,0.16702059930936713,0.9205805118077867
1,0,0.9401779887319618,0.22647749910794995,0.8803559774639235
1,0,0.6965762794363253,0.6137373641807109,0.3931525588726504
1,0,0.9829480286315316,0.08633267470450101,0.9658960572630632
1,0,0.9910029122162606,0.051340462034094536,0.9820058244325212
0,1,0.8068940919129509,0.4906953518818551,0.6137881838259018
1,0,0.9873810934844016,0.06771586525718158,0.9747621869688032
1,0,0.9380858344045434,0.2322022524919301,0.8761716688090869
1,0,0.6997170659171926,0.6111038409328304,0.39943413183438536
0,1,0.8038541452416141,0.49501279761320083,0.607708290483228
1,0,0.9383433920429518,0.23150161521172014,0.8766867840859035
1,0,0.9687209271652875,0.1391606202414064,0.9374418543305749
0,1,0.8022670798677567,0.4972434762945691,0.6045341597355132
0,1,0.8020113280718851,0.49760145681366985,0.6040226561437702
0,0,0.9608709177280179,0.16516637858973915,0.9217418354560359
1,0,0.6803905962626428,0.6265746864839834,0.36078119252528545
1,0,0.9381858101052064,0.23193042320607407,0.8763716202104126
0,0,0.9608707841793052,0.1651668060754723,0.9217415683586104
1,1,0.8028501406093917,0.4964258132221422,0.6057002812187834
1,0,0.9617721422200916,0.1622707006757032,0.9235442844401831
1,1,0.7777303334192083,0.5297656290817392,0.5554606668384162
0,1,0.7895797167744004,0.5145129824418304,0.5791594335488008
0,1,0.8076149044685609,0.48966295450735836,0.6152298089371215
0,0,0.9615946391249774,0.162842758131218,0.9231892782499549
1,0,0.936923716434384,0.2353494376808004,0.873847432868768
1,0,0.9890957668089732,0.060116478648402964,0.9781915336179463
0,0,0.9827818338202202,0.0870056554070134,0.9655636676404404
1,0,0.9828505895644193,0.08672743828560849,0.9657011791288386
1,0,0.9647328979739795,0.15259934412749987,0.9294657959479591
0,0,0.9606087467661608,0.16600466893977192,0.9212174935323216
1,0,0.6765295215305099,0.6294577838051953,0.35305904306102004
1,0,0.9807670589226115,0.09503865645281415,0.961534117845223
1,0,0.9749816581103162,0.11697403888171412,0.9499633162206323
0,0,0.8087671429116,0.48800569006622385,0.6175342858232
0,0,0.9148547001012222,0.29115953899679825,0.8297094002024444
1,0,0.9809028852763333,0.09450413640076016,0.9618057705526666
1,1,0.7948326968628243,0.5074829175709771,0.5896653937256486
1,0,0.9719543796920839,0.12788149468101445,0.9439087593841677
0,1,0.7881523418343537,0.5163944130753841,0.5763046836687074
0,0,0.9323854921992014,0.24742424612341357,0.8647709843984029
1,0,0.9834720832590201,0.08419972875337217,0.9669441665180404
0,0,0.9612508734051596,0.1639482244519913,0.9225017468103192
0,0,0.9287150720555227,0.25695004664078364,0.8574301441110455
1,0,0.9715664772088792,0.12925404607958257,0.9431329544177584
1,0,0.9736648840834738,0.12176218158992291,0.9473297681669479
0,0,0.9613340465204935,0.16368105207225167,0.922668093040987
1,0,0.9663146561286775,0.14732815336245839,0.932629312257355
0,1,0.7873323795146038,0.5174696877538123,0.5746647590292073
1,1,0.8092873168191325,0.487254713948327,0.6185746336382649
1,1,0.7793162539942573,0.5277719945656362,0.5586325079885146
1,0,0.6641687702541292,0.6382315567415089,0.3283375405082585
0,1,0.804022429281947,0.4947753331705354,0.608044858563894
1,0,0.988583487768924,0.06241366624171988,0.9771669755378479
1,0,0.9593002110546778,0.17016177363657597,0.9186004221093556
0,0,0.9617738058834214,0.16226533496937523,0.9235476117668429
1,0,0.9710331047529016,0.13113244793317358,0.9420662095058032
1,0,0.9879382528057414,0.0652740863343165,0.9758765056114828
0,1,0.7883523766107084,0.5161314827377419,0.5767047532214167
1,0,0.9659805637875511,0.14844780072618297,0.9319611275751024
1,0,0.9883208939739103,0.06358212094590739,0.9766417879478206
0,1,0.7957466404756156,0.5062425944351343,0.5914932809512312
0,1,0.7793948755488677,0.5276727808568845,0.5587897510977353
0,1,0.7163063391014968,0.5964080914161058,0.43261267820299365
0,1,0.8028077875278546,0.4964852799193553,0.6056155750557093
0,1,0.8027546092082252,0.4965599299650182,0.6055092184164502
1,0,0.9859573361675932,0.07384476236474671,0.9719146723351865
0,1,0.7871693112689867,0.5176830516541644,0.5743386225379732
1,0,0.9382290212441013,0.23181288079721252,0.8764580424882028
1,0,0.9730945829669976,0.12381476406574872,0.9461891659339953
1,0,0.9593002110546778,0.17016177363657597,0.9186004221093556
0,1,0.7694280039551402,0.5399665675501262,0.5388560079102805
0,1,0.825680793560369,0.4626691963179118,0.6513615871207383
0,1,0.8112099894404041,0.48446370332859956,0.6224199788808082
1,0,0.9878249298324394,0.06577280270013353,0.9756498596648787
0,0,0.9638207172524742,0.1556055318438469,0.9276414345049484
0,1,0.7989924204002333,0.5017960568885698,0.5979848408004667
0,0,0.9896623905671418,0.057547196656079554,0.9793247811342836
1,1,0.8097940980234863,0.48652138692338637,0.6195881960469727
1,0,0.982518196013789,0.08806987449216862,0.965036392027578
1,0,0.6936970401040259,0.6161105710080124,0.38739408020805166
0,1,0.8097843042725362,0.4865355745529836,0.6195686085450725
1,0,0.9808086761720181,0.09487498353453738,0.9616173523440362
1,0,0.9784564175070284,0.10398715240101482,0.9569128350140568
0,0,0.960290938049239,0.16701842623445734,0.920581876098478
1,0,0.9933230048231423,0.040100305450420926,0.9866460096462848
0,0,0.9325162170095955,0.24708109856960736,0.8650324340191909
1,1,0.7956363142220592,0.50639259183753,0.5912726284441183
0,1,0.8055320526982598,0.4926370624011829,0.6110641053965197
1,0,0.7020893054510451,0.6090836308388234,0.40417861090209045
1,1,0.8096239457518771,0.4867677879360945,0.6192478915037543
1,0,0.6696831799808987,0.6344027759627422,0.3393663599617973
0,1,0.7931415895797631,0.5097644433533526,0.5862831791595262
1,0,0.9650783556969782,0.15145449947076356,0.9301567113939565
0,0,0.9369433282750271,0.23529651663961096,0.873886656550054
1,0,0.9814227378135579,0.09244919201518464,0.9628454756271159
0,0,0.9631766389763082,0.15771375178326355,0.9263532779526165
1,0,0.6828120339537981,0.6247316274299985,0.3656240679075963
1,1,0.7791462581729869,0.527986391959469,0.5582925163459737
0,1,0.7862783409614545,0.518846026308159,0.572556681922909
1,0,0.9388926219681875,0.23000370296781983,0.8777852439363748
1,0,0.9756542952655889,0.11450094087302012,0.9513085905311778
0,1,0.790597498088407,0.5131639535029524,0.5811949961768139
1,0,0.7254941128781169,0.5876891715447417,0.4509882257562341
1,0,0.6659786282301654,0.6369900154200507,0.3319572564603308
0,1,0.7817435217014601,0.52469237034533,0.5634870434029203
1,0,0.934221037982331,0.24258096475965335,0.868442075964662
1,0,0.939835867686389,0.22741889973649435,0.8796717353727781
0,1,0.8172324390167828,0.4755642274513199,0.6344648780335654
1,1,0.7709793209152825,0.5380903066533281,0.5419586418305652
0,1,0.7873027401136936,0.5175084807357337,0.5746054802273872
1,0,0.9593002369012623,0.17016169196184702,0.9186004738025246
0,1,0.7998531893879985,0.5006058789198766,0.5997063787759971
1,1,0.7252919366835469,0.58788555998803,0.4505838733670937
0,1,0.8158296687806865,0.47765859404375094,0.6316593375613732
0,1,0.7825882849565943,0.5236124810077342,0.5651765699131883
0,1,0.8016524369717266,0.4981031088153547,0.6033048739434532
1,0,0.9887433875601113,0.0616991813438234,0.9774867751202225
0,0,0.9656697820338063,0.1494862770102594,0.9313395640676125
1,0,0.9381646579823993,0.23198794921146892,0.8763293159647986
1,0,0.9382388109392127,0.23178624651326618,0.876477621878425
1,1,0.7779568469630656,0.5294817750340213,0.5559136939261312
0,1,0.8031452744900256,0.49601110981002383,0.6062905489800512
1,0,0.9593002110546778,0.17016177363657597,0.9186004221093556
0,1,0.787016019497299,0.5178834789570281,0.5740320389945982
1,0,0.982701279101123,0.08733126125294394,0.9654025582022462
0,1,0.8020934481065682,0.49748655679951737,0.6041868962131367
0,0,0.9621879061893561,0.16092741428894564,0.9243758123787122
0,1,0.7736833354742703,0.5347872781622804,0.5473666709485403
1,1,0.7799973811452645,0.526911276007772,0.559994762290529
1,0,0.6765295215305099,0.6294577838051953,0.35305904306102004
1,0,0.9848461837971517,0.07852536940088786,0.9696923675943033
0,1,0.8092103806152485,0.4873658972855692,0.6184207612304968
1,0,0.6803905962626428,0.6265746864839834,0.36078119252528545
1,1,0.78021607709906,0.5266343438399381,0.5604321541981202
0,1,0.8097500032740285,0.486585259477799,0.6195000065480571
1,0,0.6711788244413868,0.633340665422324,0.3423576488827735
0,1,0.8234010335447195,0.46619695986180965,0.6468020670894391
1,0,0.6907088282898598,0.6185323422683349,0.38141765657971954
1,1,0.7595829470878618,0.5515601798317469,0.5191658941757236
0,1,0.8022712812168031,0.4972375921473423,0.6045425624336064
0,1,0.9353513568744619,0.23957131081733146,0.8707027137489237
1,1,0.7792365461654411,0.527872542369942,0.5584730923308822
0,1,0.7682988393791219,0.5413237166296297,0.5365976787582438
1,1,0.777245084466126,0.5303727170965418,0.5544901689322519
1,0,0.9382207041091457,0.23183550746864195,0.8764414082182914
0,1,0.7894011318634834,0.5147490460832768,0.5788022637269669
1,0,0.6696831799808987,0.6344027759627422,0.3393663599617973
0,1,0.8029993481069014,0.4962162251283905,0.6059986962138025
0,1,0.8124078358491943,0.4827126810127643,0.6248156716983886
1,0,0.9331031448133189,0.2455370821634142,0.8662062896266378
1,0,0.9810913708586092,0.09376075237282815,0.9621827417172185
1,0,0.9851322839389086,0.07732836126666795,0.9702645678778172
1,1,0.738989014803824,0.5741117219225342,0.4779780296076477
0,0,0.9600009013321801,0.16794128324140717,0.9200018026643603
0,1,0.7546998282116518,0.5571127044304423,0.5093996564233036
1,0,0.9910047115840874,0.05133200155512955,0.9820094231681749
0,0,0.961593050280356,0.1628478748057972,0.9231861005607119
1,0,0.9644335038904785,0.15358869571104616,0.928867007780957
0,0,0.9369002522288807,0.23541274548048147,0.8738005044577614
0,1,0.7928911907957332,0.5101007800858786,0.5857823815914668
1,0,0.6659786282301654,0.6369900154200507,0.3319572564603308
0,1,0.8221313890501523,0.46814612371351927,0.6442627781003042
0,0,0.9323471002676991,0.24752497193730016,0.864694200535398
1,0,0.6628916757735088,0.6390987888465267,0.32578335154701765
1,0,0.9856375781295488,0.0752005527565479,0.9712751562590974
1,1,0.7792839682690991,0.5278127259915942,0.558567936538198
0,0,0.9599382724292348,0.1681402716881298,0.9198765448584697
0,0,0.9621882214256036,0.1609263940000047,0.9243764428512071
0,0,0.9830603132515394,0.08587706332863089,0.9661206265030787
1,0,0.6936970401040259,0.6161105710080124,0.38739408020805166
1,1,0.779407295715235,0.5276571043762621,0.55881459143047
0,1,0.794841571412684,0.5074708984743572,0.5896831428253682
1,0,0.9856597897761222,0.07510660952052624,0.9713195795522443
0,1,0.7803977500391552,0.5264040814116278,0.5607955000783105
0,0,0.9806930336159798,0.09532955745875875,0.9613860672319596
0,1,0.8296419500958485,0.4564534926836954,0.659283900191697
1,0,0.9617721422200916,0.1622707006757032,0.9235442844401831
0,1,0.7791777569765432,0.5279466785946844,0.5583555139530866
1,1,0.7790370626039627,0.5281240199635596,0.5580741252079252
0,1,0.7888836592936384,0.5154319877356556,0.5777673185872766
0,1,0.811298786860459,0.48433422056930125,0.6225975737209182
0,0,0.9612508792632013,0.1639482056410737,0.9225017585264026
0,1,0.7782749124824694,0.5290826917788283,0.5565498249649389
0,1,0.7871660899272521,0.5176872649655171,0.574332179854504
0,1,0.7949451804931715,0.5073305415286844,0.5898903609863433
1,1,0.8091820417099073,0.48740684121719513,0.6183640834198145
0,0,0.6765825660750182,0.6294186374919275,0.35316513215003636
1,0,0.6812421995246571,0.6259295745288185,0.36248439904931434
1,0,0.9840698008160059,0.08174630961859289,0.9681396016320117
1,0,0.6832366188624978,0.6244056712590496,0.3664732377249956
1,0,0.9814635519045951,0.09228723415066584,0.9629271038091902
1,0,0.9381571704166249,0.23200831079199402,0.87631434083325
1,0,0.9634643536949192,0.15677345099556325,0.9269287073898385
0,1,0.8038227987208185,0.4950570106238541,0.607645597441637
1,1,0.7948474670462772,0.5074629135556361,0.5896949340925546
1,0,0.9892844472602014,0.0592643151834734,0.9785688945204027
1,0,0.9784564175070284,0.10398715240101482,0.9569128350140568
1,0,0.9721520830930555,0.12717982335171427,0.944304166186111
1,0,0.6667535571193651,0.6364539234343799,0.33350711423873036
1,0,0.9890211369809773,0.06045262542966048,0.9780422739619545
0,1,0.8027571810269296,0.49655632013815715,0.605514362053859
1,0,0.6696831799808987,0.6344027759627422,0.3393663599617973
1,1,0.7867636928490825,0.5182130880090706,0.573527385698165
1,0,0.9634643536949192,0.15677345099556325,0.9269287073898385
0,1,0.7787399690744335,0.5284981204227452,0.5574799381488673
1,0,0.9647822402044488,0.15243603979137094,0.9295644804088976
1,0,0.981030676429669,0.09400033835377035,0.962061352859338
1,0,0.6765295215305099,0.6294577838051953,0.35305904306102004
1,0,0.9672903559144924,0.14403852708791554,0.934580711828985
1,0,0.7117908795544731,0.6005403597207764,0.42358175910894635
0,0,0.9593002358728263,0.17016169521168592,0.9186004717456527
0,1,0.7979757768200916,0.50319582031746,0.5959515536401832
0,0,0.6765825660750182,0.6294186374919275,0.35316513215003636
0,0,0.9821229495507252,0.08965779172775104,0.9642458991014504
1,0,0.6765295215305099,0.6294577838051953,0.35305904306102004
1,0,0.9817670539949239,0.09107999625385259,0.9635341079898478
1,0,0.9804701218838384,0.09620380147109986,0.9609402437676768
1,0,0.98064975531026,0.09549949628246429,0.9612995106205199
0,0,0.9737722560204112,0.12137432619295535,0.9475445120408221
0,0,0.9675305046904779,0.14322427076809865,0.9350610093809556
1,0,0.9593002110546778,0.17016177363657597,0.9186004221093556
0,0,0.9615947920625948,0.16284226561122017,0.9231895841251897
1,0,0.9690026821818171,0.13819203378732442,0.938005364363634
1,0,0.691568234618527,0.6178401354287126,0.38313646923705413
0,1,0.8062617286918571,0.4915983198435042,0.6125234573837144
0,1,0.8019013233349485,0.497755305762182,0.6038026466698969
1,0,0.678392334113052,0.6280753371774237,0.3567846682261039
1,0,0.7097134173128224,0.6024080847571851,0.41942683462564495
1,0,0.9752718870381039,0.11590925246698297,0.9505437740762076
1,0,0.9707432879744003,0.13214885616379812,0.9414865759488006
0,1,0.7947424185378846,0.5076051570515798,0.5894848370757692
1,0,0.9736765164683413,0.12172018413476132,0.9473530329366826
0,1,0.7881579494207837,0.516387045599722,0.5763158988415674
1,0,0.6785136383234418,0.6279847627897788,0.35702727664688366
1,0,0.6811369076866921,0.6260095167147972,0.3622738153733844
0,1,0.8090757562964358,0.48756035560759187,0.6181515125928716
0,1,0.8019905812927933,0.4976304783955946,0.6039811625855867
0,1,0.8156953219374017,0.4778584883844257,0.6313906438748036
0,0,0.9631766557196726,0.15771369713117067,0.9263533114393453
1,1,0.7771977970632536,0.5304318049306339,0.5543955941265071
0,1,0.8171425450978809,0.47569883527839996,0.6342850901957617
0,1,0.8345146561431994,0.4486549097331784,0.6690293122863991
1,0,0.9813345325898513,0.09279889483080125,0.9626690651797024
1,0,0.9726528127708056,0.12539619600322927,0.9453056255416112
0,1,0.7689593885572654,0.5405306699558885,0.5379187771145308
1,1,0.7794316525459193,0.5276263590763862,0.5588633050918387
1,1,0.816408589185117,0.47679584481590287,0.6328171783702339
0,1,0.7680109913531106,0.541668536133922,0.5360219827062211
0,0,0.9615947824556396,0.1628422965494584,0.9231895649112791
1,0,0.959300225621873,0.17016172760451034,0.9186004512437461
0,0,0.9803924241818418,0.09650791497563196,0.9607848483636838
1,0,0.6828120339537981,0.6247316274299985,0.3656240679075963
0,1,0.8022396314642414,0.497281916077123,0.6044792629284826
1,0,0.9822718313031492,0.08906070888020204,0.9645436626062984
1,0,0.9707432879744003,0.13214885616379812,0.9414865759488006
1,0,0.6765825813071503,0.6294186262489282,0.3531651626143011
1,0,0.9718729658892855,0.1281700239325199,0.9437459317785711
1,0,0.6650072997848456,0.637658163520006,0.3300145995696912
0,1,0.837321273557666,0.44408524350353046,0.674642547115332
0,0,0.9663146687468006,0.14732811101065077,0.9326293374936013
1,0,0.9778549004603375,0.10627397494765334,0.9557098009206749
0,1,0.8158164262570881,0.4776783028980369,0.6316328525141763
0,0,0.9384988548903244,0.23107815304407894,0.8769977097806487
0,1,0.7958002129309141,0.506169731370275,0.5916004258618281
1,0,0.9687209271652875,0.1391606202414064,0.9374418543305749
1,0,0.9811006156362083,0.09372424200575201,0.9622012312724165
1,0,0.6670822056225965,0.6362257500448967,0.334164411245193
0,1,0.7826502113604272,0.5235331535398731,0.5653004227208545
0,0,0.9487259049502151,0.20224978668520716,0.8974518099004303
0,0,0.9625461594765409,0.1597661293705563,0.9250923189530817
1,0,0.9732455181273303,0.12327274966028884,0.9464910362546606
1,0,0.9382176642017689,0.2318437772043998,0.8764353284035381
1,0,0.9804701218838384,0.09620380147109986,0.9609402437676768
1,0,0.6936970401040259,0.6161105710080124,0.38739408020805166
1,0,0.6812421995246571,0.6259295745288185,0.36248439904931434
0,0,0.9341995881000585,0.24263787641309675,0.868399176200117
0,1,0.7872475851548186,0.5175806553201265,0.5744951703096371
1,0,0.9615930142852933,0.16284799072258438,0.9231860285705866
1,0,0.9821550168206284,0.08952929457105938,0.9643100336412568
1,0,0.9687524288070086,0.13905245786511836,0.9375048576140174
0,0,0.9653890911961753,0.1504216998924011,0.9307781823923506
1,1,0.7792984162879946,0.5277944992297707,0.5585968325759892
0,1,0.7873182929135774,0.5174881253953287,0.5746365858271544
0,1,0.7910510825304109,0.5125607309302257,0.5821021650608218
0,1,0.7791967545861809,0.5279227238178283,0.5583935091723617
1,0,0.9752637171125638,0.11593927372563503,0.9505274342251276
1,0,0.9663146308865432,0.1473282380858214,0.9326292617730865
0,1,0.7862920127109658,0.5188282164342076,0.5725840254219317
1,0,0.9687209271652875,0.1391606202414064,0.9374418543305749
1,0,0.9659805637875511,0.14844780072618297,0.9319611275751024
1,0,0.9799905455891896,0.09807590586772995,0.9599810911783794
1,0,0.9396114117930181,0.22803540071152084,0.8792228235860363
1,0,0.6887903726168543,0.6200650927981357,0.37758074523370855
0,1,0.8287965748153361,0.4577892744682112,0.6575931496306722
1,0,0.6696831799808987,0.6344027759627422,0.3393663599617973
0,0,0.9814714389526389,0.09225592633434704,0.9629428779052778
1,0,0.9381875830134366,0.23192560119644612,0.876375166026873
0,1,0.794518803770837,0.5079077228489697,0.5890376075416738
1,0,0.9809273470948657,0.09440776687981323,0.9618546941897315
0,0,0.9368791734240728,0.23546960938839945,0.8737583468481456
0,0,0.9606087467661608,0.16600466893977192,0.9212174935323216
1,0,0.9894947803638865,0.058310397511100794,0.978989560727773
1,0,0.9663146561286775,0.14732815336245839,0.932629312257355
1,0,0.9644319205783906,0.15359392082101136,0.9288638411567811
0,0,0.9650783949369587,0.15145436922922453,0.9301567898739174
0,0,0.9638212722099437,0.1556037102366859,0.9276425444198876
1,0,0.9593002110546778,0.17016177363657597,0.9186004221093556
1,0,0.9647822402044488,0.15243603979137094,0.9295644804088976
1,1,0.7870942380002598,0.5177812266466455,0.5741884760005197
1,0,0.9929446682933419,0.04198229756393481,0.9858893365866839
1,0,0.6765295215305099,0.6294577838051953,0.35305904306102004
0,1,0.8279066154455829,0.4591900620981725,0.6558132308911658
0,1,0.7791271824947087,0.5280104395735078,0.5582543649894173
1,1,0.7792043828020516,0.5279131045327775,0.558408765604103
0,1,0.8027499504686776,0.49656646890556005,0.6054999009373553
0,1,0.8031085482309488,0.4960627452206165,0.6062170964618976
1,0,0.9663146561286775,0.14732815336245839,0.932629312257355
0,1,0.7870355728537545,0.5178579209607984,0.5740711457075091
1,1,0.7946610763300773,0.5077152539801801,0.5893221526601549
0,0,0.9925871091852325,0.0437421281085575,0.9851742183704651
1,0,0.9858805814116021,0.07417087383488305,0.971761162823204
1,1,0.7864208503537631,0.5186603279575295,0.5728417007075265
1,0,0.9382247257301056,0.23182456684340536,0.876449451460211
1,0,0.9898230546775927,0.05681304717463667,0.9796461093551855
0,0,0.9668874110372742,0.14540067666767661,0.9337748220745482
0,1,0.7718852802844398,0.5369882822112189,0.5437705605688794
1,1,0.7990538716390125,0.5017112418783212,0.5981077432780253
1,1,0.7794423379273321,0.5276128699741124,0.558884675854664
1,0,0.9615927917736538,0.16284870728770323,0.9231855835473076
0,1,0.8091284439125169,0.48748426486964114,0.6182568878250337
0,1,0.7881600597304247,0.5163842729401085,0.5763201194608495
0,0,0.9799790082494599,0.09812079816326474,0.9599580164989197
0,1,0.796792584209145,0.5048168252579045,0.5935851684182898
1,0,0.9382867058685471,0.23165591757495077,0.8765734117370946
0,1,0.7967182689530177,0.5049183501324975,0.5934365379060353
0,1,0.7860369845718005,0.5191602526348906,0.5720739691436011
1,0,0.9881070812469784,0.06452909741393366,0.9762141624939569
0,1,0.8078351269544779,0.48934687023747175,0.6156702539089559
1,0,0.9593002110546778,0.17016177363657597,0.9186004221093556
0,1,0.8484644034340959,0.4253635137981256,0.6969288068681918
0,1,0.7617905237142081,0.5490072247627356,0.523581047428416
0,1,0.840164103343561,0.43939765841617595,0.6803282066871219
1,0,0.9593002110546778,0.17016177363657597,0.9186004221093556
1,0,0.9853903079997806,0.076244029938843,0.9707806159995611
1,0,0.9382715625598432,0.2316971289604533,0.8765431251196865
0,0,0.9606103886760652,0.16599942460549033,0.9212207773521304
1,0,0.9840698008160059,0.08174630961859289,0.9681396016320117
1,0,0.9383392606378028,0.23151286296165474,0.8766785212756054
1,0,0.9753538288802468,0.11560799523330637,0.9507076577604937
1,0,0.965214857323655,0.15100115980352635,0.9304297146473101
1,0,0.6851885094843413,0.6228964683124624,0.37037701896868264
0,1,0.7882768752340924,0.5162307516607187,0.576553750468185
1,0,0.9923000815399667,0.04514220154556163,0.9846001630799336
1,0,0.9685086535469942,0.13988861944041298,0.9370173070939883
0,1,0.7783007625309958,0.529050231447606,0.5566015250619916
1,0,0.9381844254717367,0.23193418913652586,0.8763688509434734
0,0,0.9613341707461545,0.16368065288996428,0.9226683414923089
0,1,0.8163507368979804,0.4768821609654238,0.6327014737959611
0,1,0.779427605455726,0.5276314679029677,0.5588552109114518
0,1,0.7804245177344363,0.5263701382643982,0.5608490354688727
0,0,0.962879406426382,0.158682707587058,0.9257588128527641
1,1,0.7756683102211733,0.5323360180470279,0.5513366204423465
0,0,0.9602926139348223,0.16701308740119652,0.9205852278696447
1,0,0.6863579285809223,0.6219838156586974,0.37271585716184447
1,0,0.9396195416282399,0.2280130864447492,0.87923908325648
1,1,0.7792262132731934,0.5278855741396334,0.5584524265463866
0,1,0.8012539482725882,0.49865916068349647,0.6025078965451764
1,0,0.9687524288070086,0.13905245786511836,0.9375048576140174
1,0,0.678392334113052,0.6280753371774237,0.3567846682261039
0,0,0.9638229043839427,0.15559835269414551,0.9276458087678855
1,0,0.9871310967602764,0.06880332410689674,0.9742621935205529
1,1,0.8029595343080376,0.49627216435308175,0.6059190686160751
0,0,0.9602926030561609,0.16701312205735547,0.920585206112322
1,1,0.7801553401443174,0.5267112823119129,0.5603106802886348
1,0,0.9836516760181799,0.08346491016718799,0.9673033520363599
0,1,0.7947989787672133,0.5075285787006972,0.5895979575344268
1,1,0.7956264782120187,0.506405961048251,0.5912529564240376
1,0,0.9593002157068076,0.1701617589359333,0.918600431413615
0,1,0.7867316516734942,0.5182549155682208,0.5734633033469885
1,0,0.96840924017742,0.1402290522270369,0.93681848035484
1,0,0.9738636984154738,0.12104365660318112,0.9477273968309478
0,1,0.7792689297002399,0.5278316964670944,0.5585378594004797
0,0,0.9397942846088989,0.2275331808974991,0.8795885692177978
1,0,0.9790341205335773,0.10177471001958363,0.9580682410671546
1,0,0.6711788244413868,0.633340665422324,0.3423576488827735
0,1,0.8092411634320281,0.48732141650693583,0.6184823268640562
1,0,0.6899820919537571,0.6191149922493762,0.3799641839075145
1,0,0.9675291489622843,0.14322887268486867,0.9350582979245686
1,0,0.6811369076866921,0.6260095167147972,0.3622738153733844
0,1,0.7790735337987834,0.5280780600733573,0.5581470675975668
0,0,0.9589747475299869,0.1711888791677132,0.9179494950599739
0,1,0.8025386660858039,0.4968628806250923,0.605077332171608
0,1,0.8443017373556833,0.4324672683634735,0.6886034747113665
0,1,0.8169645849131296,0.47596515470372247,0.6339291698262592
1,1,0.7795366525928935,0.5274937794226544,0.5590733051857869
0,1,0.7798108183975209,0.5271472979632605,0.5596216367950418
1,0,0.9807335518027521,0.09517036700435841,0.9614671036055044
0,1,0.7982117836943093,0.5028714470810147,0.5964235673886185
0,0,0.9399448408869914,0.22711926778285427,0.8798896817739827
1,0,0.9858805814116021,0.07417087383488305,0.971761162823204
1,0,0.6696831799808987,0.6344027759627422,0.3393663599617973
1,0,0.9656697820338063,0.1494862770102594,0.9313395640676125
0,1,0.7063571264496808,0.6053813069755752,0.41271425289936164
0,1,0.7868573346691408,0.5180908099511385,0.5737146693382814
1,0,0.6880461239116378,0.6206550848044481,0.3760922478232755
1,0,0.9816446289199487,0.09156758004148588,0.9632892578398975
1,0,0.9338744819558293,0.24349954542614913,0.8677489639116588
0,1,0.7800518672406647,0.5268423069699422,0.5601037344813293
1,1,0.7858398085351499,0.519416702668118,0.5716796170703
0,1,0.5868037668008521,0.6780007655583999,0.1736075336017041
0,1,0.7668251218087162,0.5430842154358201,0.5336502436174321
1,0,0.9710331047529016,0.13113244793317358,0.9420662095058032
0,1,0.798843056881512,0.5020021104229572,0.597686113763024
1,1,0.7791583274237458,0.5279711758547194,0.5583166548474916
0,1,0.8157475590418289,0.47778077919304773,0.6314951180836577
0,0,0.9593020576874625,0.17015593826808662,0.918604115374925
1,0,0.6659786282301654,0.6369900154200507,0.3319572564603308
1,0,0.9334962398647817,0.24449989370117037,0.8669924797295634
0,0,0.9364345162121097,0.23666740572168493,0.8728690324242192
1,1,0.7574144082520601,0.5540420055776196,0.5148288165041202
0,1,0.8060768305392079,0.49186185676647687,0.6121536610784158
1,0,0.9395387984958306,0.22823465353274544,0.8790775969916611
0,1,0.7818975470505669,0.524495786671461,0.5637950941011337
1,0,0.9617721422200916,0.1622707006757032,0.9235442844401831
0,0,0.964318081246514,0.15396941223406607,0.9286361624930279
0,1,0.787231117914803,0.5176022004726429,0.5744622358296061
1,0,0.9382307472464034,0.23180818507795747,0.8764614944928065
1,0,0.9794524837659891,0.10016236821470442,0.9589049675319784
1,0,0.9715664772088792,0.12925404607958257,0.9431329544177584
1,1,0.7721965109685721,0.536608620817325,0.5443930219371442
1,0,0.976982505753517,0.10956103195953512,0.9539650115070339
1,0,0.9884325773571456,0.06308590506844616,0.9768651547142913
1,0,0.9385917826029662,0.23082482919772818,0.8771835652059324
0,1,0.7945954405667738,0.5078040626268983,0.5891908811335477
0,1,0.7870846536171272,0.5177937579376833,0.5741693072342543
1,1,0.7743037303702132,0.5340235719268156,0.5486074607404261
0,1,0.7882256802251026,0.5162980432315127,0.5764513604502054
1,0,0.9615930207433447,0.16284796992538533,0.9231860414866895
1,0,0.9381577247218253,0.2320068034553887,0.8763154494436509
1,0,0.9384101512103725,0.23131982247446659,0.8768203024207453
0,1,0.7906704265341593,0.5130670497565865,0.5813408530683186
1,0,0.9878957000369972,0.06546148012035594,0.9757914000739945
0,1,0.7320534469607343,0.5812057215440621,0.4641068939214684
0,1,0.7768545133414586,0.5308603670660479,0.5537090266829173
0,1,0.7926684630848367,0.5103996280469595,0.5853369261696735
1,0,0.9599991270991173,0.16794692185024565,0.9199982541982346
0,1,0.7777100715328106,0.5297910056737978,0.5554201430656212
1,0,0.7441970170072013,0.5686210310929949,0.4883940340144027
1,0,0.6832366188624978,0.6244056712590496,0.3664732377249956
0,1,0.7870657231933101,0.5178185072836916,0.5741314463866201
0,0,0.9383029821421054,0.23161161849423378,0.8766059642842106
1,0,0.9767811282826243,0.11031493874322741,0.9535622565652486
1,0,0.6624535677881962,0.6393946112877354,0.32490713557639245
1,0,0.6711788244413868,0.633340665422324,0.3423576488827735
0,1,0.8089869872294257,0.4876885140429938,0.6179739744588515
1,0,0.9721518785577532,0.1271805500145735,0.9443037571155064
1,0,0.9872888375769158,0.06811774735677173,0.9745776751538315
1,1,0.8020774880947668,0.497508890919088,0.6041549761895336
0,0,0.9399460794077321,0.22711586114646343,0.8798921588154643
0,0,0.9625460350991801,0.15976653315805608,0.9250920701983603
1,1,0.8091162030438421,0.4875019445683202,0.6182324060876841
1,1,0.7793164756828078,0.5277717148640918,0.5586329513656157
0,1,0.8602417668225384,0.40452436532210523,0.7204835336450771
0,0,0.9578050385297674,0.17485819132914318,0.9156100770595348
1,0,0.9641441438357267,0.1545424061658046,0.9282882876714534
0,0,0.9638227913170666,0.15559872383387674,0.9276455826341331
0,1,0.7797679972546624,0.5272014427106836,0.5595359945093248
0,0,0.983530045598479,0.08396278894777143,0.9670600911969581
1,0,0.960608733338292,0.16600471182869644,0.9212174666765841
1,0,0.9715664772088792,0.12925404607958257,0.9431329544177584
0,1,0.8223111311046359,0.46787085418001406,0.6446222622092718
1,1,0.7792331090907383,0.5278768772528262,0.5584662181814766
0,0,0.9323531244993244,0.24750916819270874,0.8647062489986488
1,0,0.938161814085209,0.23199568297910436,0.8763236281704183
1,0,0.9663146561286775,0.14732815336245839,0.932629312257355
0,0,0.9383040893937399,0.23160860472483558,0.8766081787874798
0,0,0.6977709269326517,0.6127411771600115,0.39554185386530355
0,1,0.8309476160060262,0.45438046048169645,0.6618952320120524
1,0,0.9730455450023453,0.12399067392027616,0.9460910900046906
1,0,0.6961273023860612,0.614110008500475,0.39225460477212265
0,1,0.7957838320079845,0.5061920126836483,0.5915676640159692
0,1,0.8164132202567547,0.47678893424880986,0.6328264405135094
0,0,0.990543124424443,0.05349063985099679,0.981086248848886
0,1,0.8091661123367192,0.4874298536252827,0.6183322246734384
0,0,0.9612490958934492,0.16395393222580446,0.9224981917868984
0,1,0.8509656985674945,0.42103032241484395,0.7019313971349888
0,0,0.9631766557196726,0.15771369713117067,0.9263533114393453
1,0,0.9807175890073798,0.09523309302232859,0.9614351780147595
1,0,0.9823336572547408,0.08881238553426565,0.9646673145094815
0,1,0.8286852449870598,0.4579648115520508,0.6573704899741196
0,1,0.797495707337278,0.5038545728917104,0.5949914146745561
1,1,0.8089944348158533,0.48767776370986005,0.6179888696317067
0,1,0.7872159124819285,0.5176220932838512,0.5744318249638566
1,0,0.6905074973011418,0.6186940038171886,0.38101499460228344
0,1,0.8676092142153515,0.39090635296108056,0.7352184284307028
1,0,0.685114036946182,0.622954374238011,0.3702280738923639
1,1,0.7793551317546862,0.5277229386344398,0.5587102635093724
0,1,0.787018735153819,0.5178799294860094,0.574037470307638
1,0,0.9807460667741389,0.09512117982651723,0.9614921335482779
0,0,0.961901326567966,0.1618538264308769,0.9238026531359321
0,1,0.8097448514149466,0.48659272127522574,0.6194897028298931
0,1,0.785874094681481,0.519372126202198,0.5717481893629617
1,1,0.7781521860143112,0.5292367485958624,0.5563043720286225
0,1,0.7945320585875946,0.5078897967336227,0.5890641171751891
0,1,0.788222790448875,0.5163018411332446,0.57644558089775
1,0,0.7019009650962051,0.6092450039957796,0.4038019301924103
0,1,0.802060296958551,0.49753294605442144,0.6041205939171019
1,0,0.6978781671374323,0.6126514214098657,0.39575633427486456
1,1,0.7791887550876958,0.5279328109320499,0.5583775101753917
1,0,0.9815525830952194,0.09193362392788286,0.9631051661904387
0,0,0.9384251936026645,0.2312788497025992,0.8768503872053289
0,1,0.786651132066362,0.5183600013904932,0.573302264132724
0,1,0.7746893366897653,0.5335477808633067,0.5493786733795303
0,0,0.95860969294736,0.17233772440543318,0.9172193858947199
1,0,0.9699876885892618,0.1347849612545394,0.9399753771785234
1,0,0.9612490910121063,0.16395394790018405,0.9224981820242127
1,0,0.9644334501820548,0.1535888729561499,0.9288669003641098
1,0,0.6949636008561103,0.615071429661706,0.38992720171222073
0,1,0.7814005865560317,0.5251295616431557,0.5628011731120635
0,1,0.8021977924568698,0.49734049986969575,0.6043955849137398
1,0,0.6650072997848456,0.637658163520006,0.3300145995696912
0,1,0.7441225637100981,0.5687005250807031,0.48824512742019616
1,1,0.779368352293016,0.5277062549656938,0.5587367045860319
0,0,0.9602909130802909,0.16701850577695018,0.9205818261605818
1,0,0.6711788244413868,0.633340665422324,0.3423576488827735
1,0,0.9734613430150464,0.12249619238281254,0.9469226860300928
0,1,0.7804678060526481,0.52631523706345,0.560935612105296
1,0,0.9675291489622843,0.14322887268486867,0.9350582979245686
0,0,0.9668648287684818,0.1454768650857191,0.9337296575369635
1,0,0.9699876885892618,0.1347849612545394,0.9399753771785234
1,0,0.6940763838384121,0.6158001337338602,0.38815276767682394
1,0,0.9593002110546778,0.17016177363657597,0.9186004221093556
0,1,0.8037381734247132,0.4951763400946921,0.6074763468494264
1,0,0.9678927092155303,0.14199269151937796,0.9357854184310607
1,0,0.9755821421630227,0.11476713066191542,0.9511642843260455
1,0,0.9382000778035788,0.23189161594975927,0.8764001556071579
0,0,0.9400278496286658,0.2268908863869763,0.8800556992573317
1,1,0.8283642239599633,0.45847048637752963,0.6567284479199265
1,0,0.6767225923295425,0.6293152378181355,0.35344518465908487
1,0,0.7441966106473726,0.568621465043514,0.48839322129474516
1,0,0.678392334113052,0.6280753371774237,0.3567846682261039
0,1,0.7990001133372714,0.5017854403831838,0.5980002266745426
1,0,0.9972186084419558,0.019145463830248594,0.9944372168839114
1,0,0.98076220585687,0.09505773667804737,0.96152441171374
1,1,0.794801516784681,0.5075251419536897,0.5896030335693621
1,0,0.6965762794363253,0.6137373641807109,0.3931525588726504
1,0,0.9804701218838384,0.09620380147109986,0.9609402437676768
0,0,0.9397896011470079,0.2275460503591736,0.8795792022940159
0,0,0.9397079744626696,0.2277702862055831,0.8794159489253395
1,0,0.9382663287909447,0.23171137135152897,0.8765326575818894
0,1,0.8285888111203551,0.4581167911600076,0.6571776222407102
0,1,0.8016523020022355,0.4981032973210152,0.6033046040044711
0,0,0.9748343882085561,0.1175130167407197,0.9496687764171122
1,0,0.9808273018831459,0.0948017022752803,0.9616546037662919
0,1,0.7662876113622158,0.5437232980404486,0.5325752227244315
0,0,0.9834045277959887,0.0844756227737905,0.9668090555919775
0,1,0.8363701768357955,0.44564023421218485,0.6727403536715908
1,0,0.9381329340727139,0.2320742121374748,0.8762658681454277
1,0,0.9707432879744003,0.13214885616379812,0.9414865759488006
1,0,0.6829817899402295,0.6246014047263718,0.36596357988045913
0,1,0.7869882056449821,0.5179198302347641,0.5739764112899644
0,1,0.7948045244256775,0.5075210692350789,0.5896090488513551
1,0,0.7254941128781169,0.5876891715447417,0.4509882257562341
0,1,0.8029073530819116,0.4963454649029163,0.6058147061638234
1,0,0.9382278170030187,0.231816156995331,0.8764556340060377
0,1,0.7949922239849296,0.5072667910061741,0.5899844479698593
0,1,0.811792055235173,0.4836140075001574,0.6235841104703459
1,1,0.7918737119097625,0.5114635378083594,0.5837474238195252
1,0,0.9773062175384571,0.108345350183461,0.9546124350769143
0,1,0.7948605923529456,0.5074451361584345,0.5897211847058914
1,0,0.9444960223428308,0.2144129986281513,0.8889920446856617
0,1,0.8309912417609321,0.4543109858817366,0.6619824835218641
0,1,0.802090262795185,0.49749101438838006,0.60418052559037
1,0,0.985968882346533,0.07379566881954377,0.971937764693066
0,1,0.8097867892320215,0.4865319747976372,0.619573578464043
1,1,0.8399299239871383,0.4397860631467473,0.6798598479742763
0,0,0.9369015411723373,0.23540926807737203,0.8738030823446744
0,1,0.8338061928909362,0.44979936521095043,0.6676123857818723
1,1,0.7793633469342559,0.5277125716016835,0.5587266938685117
1,1,0.7742557648413366,0.5340826960042673,0.5485115296826734
0,1,0.8098704467948298,0.48641076360801955,0.6197408935896597
1,0,0.9844357691287785,0.0802329421786757,0.9688715382575571
0,1,0.8043436814727162,0.4943215173032153,0.6086873629454321
0,1,0.8276059178742811,0.4596620996535886,0.6552118357485621
1,0,0.9780184831251574,0.10565374616067641,0.9560369662503148
0,0,0.9606103945417741,0.1659994058700235,0.9212207890835483
0,1,0.8340871842757361,0.4493458842573021,0.6681743685514723
0,0,0.9742138534070872,0.11977439565543622,0.9484277068141744
1,0,0.9762953970365942,0.11212606584165627,0.9525907940731884
1,1,0.7774707796789407,0.5300905223513714,0.5549415593578816
1,0,0.9890165749483024,0.060473157011823174,0.978033149896605
1,1,0.7792937105934948,0.5278004357875087,0.5585874211869898
1,1,0.7872611101368697,0.5175629585025731,0.5745222202737394
0,1,0.8047344891718111,0.4937685598666477,0.6094689783436225
0,0,0.9384151498866525,0.2313062074134517,0.8768302997733051
1,0,0.9653908668381467,0.15041578986540996,0.9307817336762934
0,1,0.787071993467657,0.5178103098599343,0.5741439869353139
1,0,0.9628772228291431,0.15868981678077904,0.9257544456582862
1,0,0.9593002110546778,0.17016177363657597,0.9186004221093556
1,0,0.9619012988170029,0.16185391603130023,0.923802597634006
1,0,0.9840586213184405,0.08179240407012094,0.9681172426368809
0,1,0.7787330500238178,0.528506826792075,0.5574661000476357
0,0,0.9599382744568845,0.16814026524740672,0.9198765489137691
1,1,0.7875820968644085,0.5171426414507231,0.575164193728817
1,1,0.7666858694922558,0.5432499369308578,0.5333717389845117
0,1,0.8020701275324491,0.49751919060133315,0.6041402550648982
0,1,0.7935050152217392,0.5092756085247423,0.5870100304434787
0,1,0.8646502189362365,0.3964313394120541,0.7293004378724729
1,0,0.9749367124624917,0.11713862483983677,0.9498734249249833
0,1,0.780398317073925,0.5264033624186703,0.5607966341478502
0,0,0.9383766570731966,0.23141104041905042,0.8767533141463932
0,1,0.8386253836219819,0.44194229344701774,0.6772507672439637
0,0,0.9332143970258264,0.24524379291946186,0.866428794051653
0,0,0.9599382804906144,0.1681402460815801,0.9198765609812286
1,1,0.7801905718549079,0.5266666552003666,0.5603811437098161
0,1,0.7875796515054451,0.5171458458606785,0.57515930301089
0,0,0.9821383189846739,0.08959621199233893,0.9642766379693478
1,0,0.9663146561286775,0.14732815336245839,0.932629312257355
1,0,0.6682040121896153,0.6354432397579479,0.33640802437923073
0,1,0.8028807288112415,0.4963828581933214,0.605761457622483
0,0,0.9593019207268179,0.17015637106738182,0.9186038414536357
0,1,0.8090063625315019,0.48766054571751927,0.6180127250630038
0,1,0.8022566786995363,0.49725804304282206,0.6045133573990726
0,0,0.9652174589519484,0.15099251407469746,0.9304349179038969
0,1,0.7948618193709146,0.5074434741862512,0.5897236387418292
0,0,0.9398008176320962,0.2275152284669255,0.8796016352641925
0,1,0.8414225396715461,0.43730343768720065,0.6828450793430922
1,0,0.9663146561286775,0.14732815336245839,0.932629312257355
0,1,0.8344512464151163,0.4487574900672223,0.6689024928302324
0,1,0.7894836774611834,0.5146399564910817,0.5789673549223671
0,0,0.9680693773925899,0.14139044990637292,0.9361387547851799
1,0,0.6803905962626428,0.6265746864839834,0.36078119252528545
0,1,0.7750665417581627,0.5330815316805531,0.5501330835163254
0,1,0.8099711770587447,0.48626475552097354,0.6199423541174891
0,1,0.9364671546811605,0.2365795989973112,0.872934309362321
0,1,0.7803386098214067,0.5264790601625506,0.5606772196428133
1,0,0.6812421995246571,0.6259295745288185,0.36248439904931434
1,0,0.9731254234391276,0.12370408554236123,0.9462508468782551
1,0,0.6812421995246571,0.6259295745288185,0.36248439904931434
0,1,0.7954774032777756,0.5066085124716597,0.590954806555551
0,0,0.9818910929945833,0.09058513071944695,0.9637821859891667
1,0,0.6773564312312267,0.6288460704089063,0.35471286246245337
1,1,0.7720224902861207,0.5368209714962273,0.5440449805722412
1,0,0.9872446352139498,0.0683100595941479,0.9744892704278995
1,0,0.6767225923295425,0.6293152378181355,0.35344518465908487
0,0,0.6825232498306757,0.6249528529564535,0.36504649966135133
1,1,0.7956301821043408,0.5064009267477796,0.5912603642086818
0,1,0.9392394603931169,0.22905506639982165,0.8784789207862337
1,0,0.9323241835820067,0.24758508545895752,0.8646483671640134
1,0,0.9740546627624409,0.12035203981541774,0.9481093255248817
1,0,0.9382254195249009,0.23182267938001103,0.8764508390498019
1,0,0.9382437896015069,0.23177270070673456,0.8764875792030138
0,0,0.9589745896842851,0.1711893766460569,0.9179491793685702
1,0,0.6965762794363253,0.6137373641807109,0.3931525588726504
1,0,0.7456471911408851,0.5670668622593062,0.4912943822817702
0,1,0.7734445531679066,0.535080633158913,0.5468891063358134
0,0,0.9384123903286715,0.23131372376686063,0.8768247806573432
0,1,0.8172324390167828,0.4755642274513199,0.6344648780335654
1,0,0.9800089592424679,0.09800424347008609,0.9600179184849359
1,0,0.9650783556969782,0.15145449947076356,0.9301567113939565
1,1,0.7751364748940724,0.5329950002749445,0.5502729497881451
0,0,0.9628795390403327,0.1586822758281092,0.9257590780806655
1,0,0.9804701230623205,0.09620379685606155,0.9609402461246411
1,0,0.9675291489622843,0.14322887268486867,0.9350582979245686
1,1,0.7790509009362809,0.5281065822279418,0.5581018018725619
0,1,0.7935840854293081,0.5091691464174237,0.5871681708586161
0,0,0.9641456708965135,0.15453737945431073,0.928291341793027
1,0,0.967694435835328,0.1426673869530557,0.9353888716706561
1,1,0.7795056700007074,0.5275329066602868,0.559011340001415
1,0,0.9721520830930555,0.12717982335171427,0.944304166186111
0,1,0.7948943776041888,0.5073993713138178,0.5897887552083776
0,0,0.9397688622101164,0.22760303323687645,0.8795377244202328
1,0,0.6633256058588834,0.6388049407706147,0.326651211717767
0,0,0.9650763671308666,0.1514610996668064,0.9301527342617334
0,1,0.786621617320972,0.5183985112926351,0.573243234641944
1,0,0.9823398392826488,0.08878754337740175,0.9646796785652976
0,0,0.9383487387223385,0.23148705843988385,0.876697477444677
0,1,0.8196714451441666,0.4718913246358405,0.6393428902883331
1,1,0.7873468525010984,0.5174507431465751,0.5746937050021967
1,0,0.7192728712437394,0.593638752034828,0.4385457424874788
0,1,0.7794591882977964,0.5275915969112521,0.558918376595593
1,0,0.9872446352139498,0.0683100595941479,0.9744892704278995
0,1,0.8090997209402863,0.4875257484234072,0.6181994418805725
0,1,0.7979757768200916,0.50319582031746,0.5959515536401832
1,0,0.9381904669701835,0.23191775720753777,0.8763809339403669
1,0,0.9710331047529016,0.13113244793317358,0.9420662095058032
1,0,0.9731254234391276,0.12370408554236123,0.9462508468782551
0,0,0.9373236178700459,0.23426904512411376,0.8746472357400916
0,1,0.8226618127536085,0.467333159138277,0.6453236255072168
1,0,0.9593002110546778,0.17016177363657597,0.9186004221093556
0,1,0.7758682484678849,0.5320878599111019,0.5517364969357698
0,0,0.9383208254837765,0.23156304907102415,0.8766416509675531
1,0,0.9763679237377882,0.1118562908486836,0.9527358474755764
1,0,0.9762953970365942,0.11212606584165627,0.9525907940731884
0,1,0.7880845979152307,0.5164834029187484,0.5761691958304611
1,0,0.7254941128781169,0.5876891715447417,0.4509882257562341
0,1,0.80370370044985,0.49522493715338695,0.6074074008996999
1,0,0.961900910203053,0.1618551707594015,0.9238018204061058
1,0,0.9381949085098984,0.23190567651410557,0.8763898170197968
1,0,0.7117908795544731,0.6005403597207764,0.42358175910894635
1,0,0.9659805637875511,0.14844780072618297,0.9319611275751024
1,0,0.7117908795544731,0.6005403597207764,0.42358175910894635
0,1,0.7818705218681987,0.5245302891694832,0.5637410437363974
0,0,0.9352994704722113,0.23970992670034524,0.8705989409444228
1,0,0.9806843931993436,0.0953634932600031,0.9613687863986873
0,1,0.8213583472744147,0.46932749764668114,0.6427166945488294
1,0,0.9756350900212925,0.11457181492162205,0.951270180042585
0,1,0.7946985810345888,0.5076644962858091,0.5893971620691776
0,0,0.6825232498306757,0.6249528529564535,0.36504649966135133
1,0,0.9834720832590201,0.08419972875337217,0.9669441665180404
0,1,0.7790330488272811,0.5281290775308144,0.5580660976545622
1,1,0.7871495033465423,0.5177089581840598,0.5742990066930846
0,0,0.967208317725065,0.14431627011480622,0.93441663545013
1,0,0.934432349824691,0.24201990349339236,0.868864699649382
0,0,0.9869610218237093,0.06954031388442482,0.9739220436474185
0,1,0.8227266698279164,0.4672336224073499,0.6454533396558328
0,1,0.8029310970756288,0.4963121131289361,0.6058621941512575
0,1,0.8177656794631762,0.4747646361949998,0.6355313589263526
1,0,0.9396660903867324,0.2278852998682222,0.8793321807734649
1,1,0.7792250237472167,0.5278870743214388,0.558450047494433
0,0,0.958609697109776,0.17233771132530193,0.9172193942195518
1,0,0.9382765944823317,0.23168343539788128,0.8765531889646635
1,0,0.938216487301987,0.23184697878881425,0.876432974603974
0,0,0.9827940232139613,0.08695635196161279,0.9655880464279225
0,0,0.9602925971090458,0.16701314100308318,0.9205851942180916
1,1,0.7790151842593602,0.5281515866797559,0.5580303685187205
1,0,0.6696831799808987,0.6344027759627422,0.3393663599617973
0,1,0.8075852425181538,0.48970550430298343,0.6151704850363077
1,1,0.7792977292136037,0.5277953660294671,0.5585954584272074
1,0,0.6650072997848456,0.637658163520006,0.3300145995696912
0,1,0.7793511764687943,0.5277279298130492,0.5587023529375885
1,0,0.9889731172800036,0.06066864377415649,0.9779462345600071
0,0,0.9604543367998561,0.16649754333341993,0.9209086735997123
1,0,0.678392334113052,0.6280753371774237,0.3567846682261039
1,0,0.6785136383234418,0.6279847627897788,0.35702727664688366
0,0,0.9396441165760051,0.22794562757074222,0.8792882331520104
1,0,0.938330234131341,0.23153743659786663,0.876660468262682
1,0,0.9852674725588662,0.07676081069746966,0.9705349451177324
0,0,0.965080913404568,0.15144601008010747,0.9301618268091362
0,1,0.8490917965784824,0.42428122913783756,0.6981835931569649
0,1,0.8139234580048337,0.480483632740933,0.6278469160096671
1,0,0.6978973855537343,0.6126353306032213,0.3957947711074686
0,1,0.7781043541313188,0.5292967676581763,0.5562087082626377
0,1,0.8154855482611995,0.4781703700650571,0.6309710965223988
0,1,0.7945171203595223,0.507909999455663,0.5890342407190444
1,0,0.6997170659171926,0.6111038409328304,0.39943413183438536
0,1,0.801423156302893,0.4984231693841271,0.6028463126057857
1,0,0.9647328979739795,0.15259934412749987,0.9294657959479591
0,0,0.9803957433857541,0.09649492984083642,0.960791486771508
1,1,0.7781741240536084,0.52920921648742,0.5563482481072167
0,0,0.9615947939850986,0.16284225941998876,0.9231895879701972
1,0,0.9835444773126812,0.0839037624285294,0.9670889546253624
1,0,0.9736648840834738,0.12176218158992291,0.9473297681669479
1,0,0.9834720832590201,0.08419972875337217,0.9669441665180404
0,0,0.9325174633354887,0.24707782570643552,0.8650349266709774
0,1,0.7969603431261765,0.5045875180528268,0.593920686252353
0,0,0.964144222246227,0.15454214805921374,0.9282884444924538
1,0,0.9395334006134232,0.2282494617580793,0.8790668012268464
0,1,0.7790014106507501,0.5281689400016094,0.5580028213015003
0,1,0.7959696773241242,0.505939129167,0.5919393546482484
1,1,0.6965491410203722,0.6137599157392153,0.3930982820407443
1,0,0.983529950330981,0.08396317855444321,0.967059900661962
1,0,0.9882979567032719,0.06368389850274453,0.9765959134065438
0,1,0.7934057189486746,0.5094092494692062,0.586811437897349
1,0,0.9695884891525817,0.1361697236597376,0.9391769783051634
0,1,0.7871139391691466,0.517755466242749,0.5742278783382933
0,1,0.7904411885383429,0.5133715417675905,0.580882377076686
1,0,0.9659805637875511,0.14844780072618297,0.9319611275751024
1,0,0.9840231668757559,0.08193853445160222,0.9680463337515117
1,1,0.8022018807097162,0.4973347759048241,0.6044037614194322
0,1,0.7857686218352804,0.5195092323647693,0.5715372436705608
0,0,0.6825232498306757,0.6249528529564535,0.36504649966135133
1,0,0.9386514597099226,0.23066206855118523,0.8773029194198451
1,0,0.941520162493482,0.2227640910033303,0.883040324986964
0,0,0.9332485156172486,0.24515380782341073,0.8664970312344972
1,1,0.8097742492083225,0.4865501400838509,0.619548498416645
1,0,0.9663146561286775,0.14732815336245839,0.932629312257355
1,0,0.6955880042781335,0.6145563582488527,0.39117600855626694
0,0,0.9593002092468179,0.170161779349379,0.9186004184936358
0,1,0.7948809833762546,0.507417515712179,0.5897619667525092
0,1,0.786839251963433,0.518114426531038,0.5736785039268659
0,1,0.7869650001189704,0.5179501551352532,0.5739300002379408
1,0,0.9324612262916536,0.24722548013173357,0.8649224525833072
1,0,0.9804701218838384,0.09620380147109986,0.9609402437676768
1,0,0.9759139482123169,0.1135412018836385,0.9518278964246338
0,0,0.6825232498306757,0.6249528529564535,0.36504649966135133
1,1,0.7874035767030438,0.5173764811906065,0.5748071534060878
1,1,0.8098620168060181,0.48642297985229566,0.6197240336120362
1,0,0.986413823121485,0.07189639522762795,0.9728276462429699
0,1,0.7946198558039126,0.5077710306078194,0.5892397116078252
1,1,0.8091474690957403,0.4874567845421065,0.6182949381914806
1,1,0.7942379161796512,0.5082873486537985,0.5884758323593025
1,1,0.8164816130914113,0.476686860587777,0.6329632261828225
1,0,0.9659805637875511,0.14844780072618297,0.9319611275751024
1,0,0.9834720832590201,0.08419972875337217,0.9669441665180404
0,1,0.8295473181847349,0.45660327201266115,0.6590946363694699
0,0,0.9615926070254937,0.1628493022402234,0.9231852140509873
1,1,0.7492361641961832,0.5631727492202033,0.49847232839236627
1,0,0.9659805637875511,0.14844780072618297,0.9319611275751024
0,0,0.9807137015368014,0.0952483668492365,0.9614274030736027
0,1,0.8184967956191588,0.4736652290054577,0.6369935912383177
1,0,0.6765825818170034,0.6294186258726002,0.35316516363400685
1,0,0.9593002110546778,0.17016177363657597,0.9186004221093556
1,0,0.6978973855537343,0.6126353306032213,0.3957947711074686
0,1,0.802617381360166,0.4967524835837127,0.6052347627203318
0,1,0.7804095609411786,0.5263891049489322,0.5608191218823575
1,0,0.6825045123379321,0.6249671936734426,0.36500902467586416
0,0,0.9384188005404659,0.23129626373292977,0.8768376010809318
0,1,0.7794727316586965,0.5275744976466975,0.558945463317393
1,1,0.809180346369133,0.4874092904735483,0.6183606927382659
1,1,0.7791436519062701,0.5279896776552264,0.5582873038125402
1,0,0.9910850141454203,0.05095405467501695,0.9821700282908405
1,0,0.7254941128781169,0.5876891715447417,0.4509882257562341
1,0,0.6696831799808987,0.6344027759627422,0.3393663599617973
0,0,0.961901326567966,0.1618538264308769,0.9238026531359321
1,0,0.6955880042781335,0.6145563582488527,0.39117600855626694
1,0,0.9804701218838384,0.09620380147109986,0.9609402437676768
0,0,0.9612508753559882,0.16394821818763253,0.9225017507119764
1,0,0.9757968951286526,0.11397421115484532,0.9515937902573054
1,0,0.6819104756885226,0.625420999237088,0.36382095137704507
1,1,0.8097961550787474,0.48651840690957276,0.6195923101574945
0,1,0.7722291648831225,0.5365687553341943,0.5444583297662452
1,1,0.7792987725592377,0.527794049763815,0.5585975451184754
0,1,0.7947685521700607,0.5075697764915288,0.5895371043401214
1,0,0.6880461239116378,0.6206550848044481,0.3760922478232755
1,1,0.7657901115107306,0.5443133716917742,0.5315802230214611
1,0,0.98332280847948,0.08480898782168611,0.96664561695896
1,0,0.9641441908833803,0.15454225129741628,0.9282883817667605
0,0,0.9384106783136089,0.23131838680622313,0.8768213566272177
1,1,0.7649638479055909,0.5452903366131294,0.5299276958111816
0,0,0.9396761493594,0.2278576807557184,0.8793522987188002
0,1,0.8203191509000266,0.4709091979397514,0.6406383018000533
0,1,0.7718960824511586,0.5369751141760476,0.5437921649023172
0,1,0.8379647746167646,0.44302939006220543,0.675929549233529
1,0,0.9852273213168911,0.07692950507809045,0.970454642633782
0,1,0.7948424348381001,0.5074697290829566,0.5896848696762004
0,0,0.9396403004546283,0.2279561036219858,0.8792806009092566
0,1,0.7799911504170681,0.5269191618227265,0.5599823008341364
0,1,0.794948182232188,0.5073264741572823,0.5898963644643762
0,1,0.7812949818605236,0.525264053231026,0.5625899637210472
1,0,0.9908173077766034,0.05221122125138415,0.9816346155532067
0,1,0.7793041109291405,0.5277873148755434,0.558608221858281
0,0,0.9619005360075519,0.16185637893038207,0.9238010720151036
1,0,0.9325294237357489,0.2470464163310645,0.8650588474714974
0,1,0.810062045440806,0.48613298563329566,0.6201240908816119
1,0,0.6765826719301743,0.6294185593590853,0.3531653438603487
1,0,0.6841065760390109,0.6237351978670641,0.3682131520780218
0,0,0.9631766557196726,0.15771369713117067,0.9263533114393453
0,0,0.9617738256406522,0.16226527124719742,0.9235476512813043
1,1,0.8092674635064799,0.4872834083713468,0.6185349270129599
1,0,0.6649747940560452,0.6376804499781814,0.3299495881120903
1,0,0.9685086535469942,0.13988861944041298,0.9370173070939883
0,1,0.8287631903925136,0.45784192185773415,0.6575263807850271
0,1,0.7893868899269436,0.514767863619895,0.5787737798538873
0,0,0.9689006674307378,0.1385430329136556,0.9378013348614757
1,0,0.9758679591681553,0.11371139647660974,0.9517359183363105
0,1,0.78700587224698,0.5178967414272129,0.5740117444939602
1,0,0.9860347119600386,0.0735155815785088,0.9720694239200773
0,0,0.9821749487170142,0.08944939565954105,0.9643498974340284
0,1,0.844426934791134,0.43225555119738124,0.6888538695822679
1,0,0.6958130259739698,0.6143702862496787,0.3916260519479397
1,1,0.8018943930260447,0.4977649957095259,0.6037887860520892
0,0,0.9395744870021663,0.2281367349265521,0.8791489740043328
0,1,0.7883379939051565,0.5161503956982687,0.5766759878103129
1,0,0.6670822056225965,0.6362257500448967,0.334164411245193
0,0,0.9808347908929252,0.09477223221108139,0.9616695817858505
1,0,0.9672063188129754,0.14432303484807799,0.934412637625951
1,0,0.9700575194982753,0.13454216784497722,0.9401150389965507
0,1,0.7872230646642802,0.5176127364703941,0.5744461293285602
0,1,0.7766034915922807,0.5311733172097679,0.5532069831845612
1,0,0.9773944843686289,0.1080130519188883,0.9547889687372576
1,0,0.9708696361310243,0.1317061094135571,0.9417392722620485
0,0,0.961901326567966,0.1618538264308769,0.9238026531359321
1,1,0.7791224788721803,0.5280163688358002,0.5582449577443608
1,1,0.8036968287337874,0.495234623411935,0.6073936574675748
0,0,0.9615939012233332,0.16284513445929957,0.9231878024466665
1,1,0.794590653763334,0.5078105383914455,0.589181307526668
1,0,0.9698891669264804,0.13512722406805694,0.9397783338529608
0,1,0.767977975486292,0.5417080568330795,0.535955950972584
0,1,0.8092503813538825,0.487308095532873,0.6185007627077652
1,0,0.9780184831251574,0.10565374616067641,0.9560369662503148
1,0,0.9851322839389086,0.07732836126666795,0.9702645678778172
1,0,0.6785136383234418,0.6279847627897788,0.35702727664688366
0,1,0.8165115056587723,0.47664223728360117,0.6330230113175445
1,0,0.9734613430150464,0.12249619238281254,0.9469226860300928
1,0,0.6650072997848456,0.637658163520006,0.3300145995696912
1,0,0.678392334113052,0.6280753371774237,0.3567846682261039
0,0,0.9855992813883708,0.07536244541476224,0.9711985627767417
0,1,0.7769253962516687,0.5307719311663208,0.5538507925033375
1,1,0.7869870597513348,0.5179213277599801,0.5739741195026695
1,0,0.6965762794363253,0.6137373641807109,0.3931525588726504
0,0,0.9821240466626892,0.08965339644493672,0.9642480933253783
0,0,0.6825232498306757,0.6249528529564535,0.36504649966135133
0,1,0.82876956865704,0.45783186391193775,0.65753913731408
1,0,0.9731254234391276,0.12370408554236123,0.9462508468782551
1,0,0.6803905962626428,0.6265746864839834,0.36078119252528545
1,1,0.8029380299434873,0.4963023742702898,0.6058760598869747
0,1,0.7958953056264669,0.5060403537711908,0.5917906112529335
1,0,0.9718729658892855,0.1281700239325199,0.9437459317785711
1,0,0.6862585351639532,0.6220616323525622,0.3725170703279065
1,0,0.9729769268254868,0.12423666838701045,0.9459538536509736
1,0,0.9764044048961961,0.1117205070479254,0.952808809792392
0,1,0.8714749336622832,0.3835732698206329,0.7429498673245667
1,1,0.6965059786668757,0.6137957757373778,0.3930119573337512
1,0,0.9740546627624409,0.12035203981541774,0.9481093255248817
0,1,0.8221496173850245,0.4681182176382226,0.6442992347700489
1,0,0.9813582150417032,0.09270504399792265,0.9627164300834065
0,1,0.7990271101743877,0.501748180946897,0.5980542203487752
0,1,0.8024539217549936,0.4969816896256525,0.604907843509987
1,0,0.685114036946182,0.622954374238011,0.3702280738923639
1,0,0.6765295215305099,0.6294577838051953,0.35305904306102004
1,0,0.9659805637875511,0.14844780072618297,0.9319611275751024
0,0,0.957599757355245,0.17549862911077357,0.91519951471049
1,0,0.9381773022997746,0.23195356223949037,0.8763546045995493
0,0,0.6765825660750182,0.6294186374919275,0.35316513215003636
1,0,0.9881070812469784,0.06452909741393366,0.9762141624939569
0,1,0.8094318693754127,0.48704571200391716,0.6188637387508253
1,0,0.9741296023923954,0.1200802368084728,0.9482592047847909
1,1,0.7760868744314938,0.5318162439501505,0.5521737488629873
1,0,0.9381811278231389,0.23194315795840192,0.8763622556462777
0,1,0.7790773237654125,0.5280732836294566,0.558154647530825
0,1,0.7958251212795786,0.5061358478973415,0.5916502425591572
1,0,0.9807680137971899,0.09503490213824978,0.96153602759438
1,0,0.975105723890639,0.11651929354822349,0.950211447781278
0,1,0.7787277311938136,0.5285135193853387,0.5574554623876273
0,0,0.96159478822227,0.16284227797860257,0.9231895764445399
1,0,0.9823398392826488,0.08878754337740175,0.9646796785652976
1,0,0.9753538288802468,0.11560799523330637,0.9507076577604937
0,1,0.7746887796122538,0.5335484688430708,0.5493775592245078
1,1,0.7789161124925476,0.5282763823147951,0.5578322249850953
0,1,0.7872343172112508,0.5175980147534088,0.5744686344225014
0,1,0.7869439493333529,0.5179776614500214,0.5738878986667056
1,0,0.9659805637875511,0.14844780072618297,0.9319611275751024
1,1,0.8222687740564638,0.46793574262793813,0.6445375481129278
1,1,0.7782088555143774,0.5291656230102418,0.5564177110287548
1,0,0.936862031675231,0.235515846832578,0.8737240633504622
1,1,0.7583096701638732,0.5530205169067673,0.5166193403277464
0,1,0.8023811431123415,0.497083686931015,0.6047622862246833
0,1,0.7874861267201314,0.5172683743594884,0.5749722534402628
1,0,0.6812421995246571,0.6259295745288185,0.36248439904931434
1,0,0.6851140484389933,0.6229543653037894,0.3702280968779863
1,0,0.6949636008561103,0.615071429661706,0.38992720171222073
1,0,0.9638212631735023,0.1556037398982129,0.9276425263470045
1,1,0.7794670831218043,0.5275816293759705,0.5589341662436087
0,1,0.7910139880264511,0.5126101096698258,0.5820279760529021
0,0,0.9831455553607702,0.08553067563228946,0.9662911107215404
0,1,0.781485151512939,0.5250218178882627,0.562970303025878
0,1,0.7946921608751829,0.5076731857403658,0.589384321750366
1,1,0.8228234584961083,0.4670850263352806,0.6456469169922164
1,0,0.6765295215305099,0.6294577838051953,0.35305904306102004
1,0,0.9593002110546778,0.17016177363657597,0.9186004221093556
0,0,0.9843037790749466,0.080779750307928,0.9686075581498932
1,0,0.9621760143430648,0.16096590126665855,0.9243520286861295
1,0,0.9628778694205653,0.15868771167034917,0.9257557388411306
1,0,0.9917267164273358,0.0479070748597117,0.9834534328546716
0,1,0.7872440774627214,0.5175852447957021,0.5744881549254428
0,1,0.7949536843908457,0.5073190185612201,0.5899073687816914
0,1,0.7950603365628909,0.5071744648562303,0.5901206731257815
1,0,0.9385032186273775,0.23106626071013525,0.8770064372547551
1,0,0.6765295215305099,0.6294577838051953,0.35305904306102004
0,1,0.7956167645419869,0.5064191633891875,0.5912335290839739
1,0,0.9878249298324394,0.06577280270013353,0.9756498596648787
0,0,0.9383627074259993,0.23144902516985288,0.8767254148519985
0,0,0.961593050280356,0.1628478748057972,0.9231861005607119
1,1,0.8289341578807545,0.4575722224356973,0.6578683157615088
0,1,0.8037581194612792,0.49514821843367873,0.6075162389225586
1,0,0.6832366188624978,0.6244056712590496,0.3664732377249956
1,0,0.9675291489622843,0.14322887268486867,0.9350582979245686
1,0,0.9867711375990329,0.07036048932955963,0.9735422751980658
0,0,0.9602927416537153,0.16701268052679993,0.9205854833074305
0,1,0.7969603431261765,0.5045875180528268,0.593920686252353
1,0,0.9889165636490593,0.060922781223517415,0.9778331272981187
0,0,0.9599381245482806,0.16814074142393726,0.9198762490965612
1,0,0.7127324320975262,0.5996869419837054,0.42546486419505264
1,1,0.8106395476427277,0.4852942840750404,0.6212790952854554
0,1,0.7946981695744207,0.5076650531899061,0.5893963391488414
0,1,0.7959022245352539,0.5060309381334993,0.5918044490705078
1,0,0.6921927403620376,0.6173349567225546,0.38438548072407513
1,0,0.9850067259370859,0.07785436258121003,0.9700134518741719
0,1,0.8028028764708124,0.496492174654759,0.6056057529416249
0,0,0.9593002092468179,0.170161779349379,0.9186004184936358
1,0,0.6711788244413868,0.633340665422324,0.3423576488827735
1,0,0.6809152615469951,0.6261776333823368,0.3618305230939903
1,0,0.9387911405645206,0.23028086741144035,0.8775822811290412
1,0,0.9752718870381039,0.11590925246698297,0.9505437740762076
0,1,0.7873728667889759,0.5174166882547864,0.5747457335779519
1,0,0.9834720832590201,0.08419972875337217,0.9669441665180404
0,1,0.7881108320477629,0.5164489444686232,0.576221664095526
0,1,0.7949482600015974,0.5073263687786085,0.5898965200031949
1,0,0.9391952884436142,0.22917599784471995,0.8783905768872284
0,0,0.9738038533199374,0.12126010263444711,0.9476077066398748
1,1,0.7762577806997184,0.5316037223212566,0.5525155613994368
1,0,0.6785136383234418,0.6279847627897788,0.35702727664688366
1,0,0.9908173077766034,0.05221122125138415,0.9816346155532067
1,0,0.680791161640761,0.6262716633341116,0.36158232328152196
0,1,0.7881569846714764,0.5163883131401064,0.5763139693429526
0,0,0.9615947843765975,0.16284229036320574,0.923189568753195
1,0,0.9788040704490142,0.10265766210384453,0.9576081408980285
1,0,0.6921928687327399,0.6173348526921008,0.3843857374654797
0,1,0.7815364774031952,0.5249564034275771,0.5630729548063905
1,0,0.9383685506628087,0.23143311450356796,0.8767371013256174
1,0,0.9910619301566687,0.05106277475532893,0.9821238603133373
0,1,0.8029132254325293,0.4963372166933214,0.6058264508650586
1,0,0.9708696361310243,0.1317061094135571,0.9417392722620485
0,0,0.9631766389763082,0.15771375178326355,0.9263532779526165
0,0,0.9625437759588028,0.15977386731719204,0.9250875519176056
1,0,0.9699876885892618,0.1347849612545394,0.9399753771785234
0,1,0.779055329498349,0.5281010015449163,0.5581106589966979
1,0,0.9656141232467721,0.149671952328176,0.9312282464935442
1,0,0.6649747940560452,0.6376804499781814,0.3299495881120903
0,1,0.7956141167898053,0.5064227619826458,0.5912282335796107
0,0,0.9354581550025464,0.23928585665216817,0.8709163100050928
0,1,0.7871156954470868,0.5177531696965548,0.5742313908941737
1,0,0.9862909689137552,0.07242226690101404,0.9725819378275103
1,0,0.988583487768924,0.06241366624171988,0.9771669755378479
0,0,0.9381113933755243,0.23213277522135828,0.8762227867510487
0,0,0.9700797877263043,0.13446470869195853,0.9401595754526085
1,0,0.7254941128781169,0.5876891715447417,0.4509882257562341
1,0,0.6936800685028032,0.6161244439463358,0.38736013700560634
0,0,0.9130310090079988,0.2954685107856658,0.8260620180159977
0,0,0.9383162182347392,0.2315755904902287,0.8766324364694784
1,0,0.9870630578946306,0.06909843014703668,0.9741261157892611
1,1,0.7793126145256536,0.5277765863947119,0.5586252290513072
1,0,0.9381571180269066,0.23200845325644928,0.8763142360538132
0,0,0.6765825660750182,0.6294186374919275,0.35316513215003636
1,1,0.8401747362927349,0.43938001315205366,0.6803494725854697
0,1,0.8234010335447195,0.46619695986180965,0.6468020670894391
1,0,0.6706942237560604,0.6336859065490512,0.3413884475121208
1,1,0.7878811856011574,0.5167504445256006,0.5757623712023147
0,1,0.7959301797685044,0.5059928920891243,0.591860359537009
0,1,0.7948138530835895,0.5075084367234584,0.589627706167179
0,0,0.9652171550614186,0.15099352397383478,0.9304343101228372
1,0,0.9783146312407767,0.10452771854192454,0.9566292624815534
1,0,0.6686605082149668,0.6351231890306157,0.3373210164299335
0,1,0.7723587383257567,0.5364105060291894,0.5447174766515135
0,0,0.9396558630487424,0.22791337943480708,0.8793117260974846
0,0,0.9608709078103483,0.1651664103359415,0.9217418156206967
0,1,0.8091115590871443,0.4875086516615763,0.6182231181742884
0,1,0.7950996961428209,0.5071211002253566,0.5901993922856417
1,0,0.9697019859739322,0.13577657323223874,0.9394039719478645
1,0,0.6618071948907858,0.6398294926036148,0.3236143897815716
1,0,0.682523200519969,0.6249528906984685,0.3650464010399381
0,1,0.795689463313555,0.5063203407257075,0.5913789266271099
1,0,0.9749816581103162,0.11697403888171412,0.9499633162206323
0,0,0.9653908668381467,0.15041578986540996,0.9307817336762934
1,0,0.6670822056225965,0.6362257500448967,0.334164411245193
0,0,0.9413875771115809,0.2231323615614453,0.8827751542231619
0,0,0.958980883038228,0.17116954154935798,0.9179617660764561
1,1,0.7791823353162827,0.5279409057914578,0.5583646706325653
0,0,0.9634672174239631,0.15676408005002662,0.9269344348479263
1,0,0.9383789186605579,0.23140488182212826,0.8767578373211158
1,1,0.7789288593262719,0.5282603289759346,0.5578577186525435
1,1,0.7954719381946123,0.5066159354054508,0.5909438763892247
0,0,0.6765825660750182,0.6294186374919275,0.35316513215003636
1,0,0.938460388084211,0.23118297096248946,0.8769207761684219
0,1,0.7873244046830359,0.5174801259805724,0.5746488093660715
0,0,0.9382755596374385,0.2316862515964661,0.8765511192748768
1,0,0.975105723890639,0.11651929354822349,0.950211447781278
0,1,0.7872051798120115,0.5176361336826296,0.5744103596240234
1,1,0.7794566474632008,0.527594804740784,0.5589132949264015
1,0,0.9382584497026386,0.23173281142491434,0.8765168994052771
1,0,0.678392334113052,0.6280753371774237,0.3567846682261039
1,0,0.9647822402044488,0.15243603979137094,0.9295644804088976
1,0,0.959300244103893,0.17016166920166437,0.918600488207786
1,0,0.9824713642575709,0.08825849389623594,0.9649427285151416
0,1,0.772121355247266,0.5367003515387859,0.544242710494532
1,0,0.6811369076866921,0.6260095167147972,0.3622738153733844
1,1,0.7795323848291174,0.5274991694198199,0.5590647696582347
0,1,0.8324976677717009,0.45190365004293664,0.6649953355434017
1,0,0.9343004400787338,0.2423702268874829,0.8686008801574676
1,0,0.986413823121485,0.07189639522762795,0.9728276462429699
1,0,0.7035143956254585,0.6078570889447418,0.40702879125091657
1,0,0.9593002110546778,0.17016177363657597,0.9186004221093556
1,0,0.9834720832590201,0.08419972875337217,0.9669441665180404
1,0,0.9606087266259055,0.16600473326821333,0.921217453251811
1,1,0.9587683397951983,0.17183886907866125,0.9175366795903964
0,1,0.8495372050842911,0.4235110131472628,0.6990744101685823
1,0,0.9699876885892618,0.1347849612545394,0.9399753771785234
0,0,0.9593002092468179,0.170161779349379,0.9186004184936358
0,0,0.9608709276410806,0.16516634685828102,0.9217418552821613
1,0,0.6845176386978387,0.6234171750800713,0.3690352773956772
1,0,0.9614459406040515,0.16332132724954657,0.9228918812081031
1,0,0.9860782632392726,0.0733301097582722,0.9721565264785452
1,0,0.9756542952655889,0.11450094087302012,0.9513085905311778
0,1,0.8029748124609742,0.49625069941163613,0.6059496249219483
1,1,0.7948096387400058,0.5075141436923739,0.5896192774800115
0,0,0.9384363584474328,0.23124843614115442,0.8768727168948655
0,1,0.7894603500158379,0.5146707894437544,0.5789207000316758
1,0,0.9655967409006703,0.14972991996089613,0.9311934818013403
0,0,0.9397079744626696,0.2277702862055831,0.8794159489253395
0,1,0.8801521935454291,0.3666216465491521,0.7603043870908581
0,0,0.938321200416946,0.23156202844714138,0.8766424008338919
0,1,0.867122103022263,0.39182108209928906,0.7342442060445261
1,0,0.6825045123379321,0.6249671936734426,0.36500902467586416
1,0,0.9382068538686879,0.23187318424252273,0.8764137077373757
0,1,0.7872722553232021,0.5175483747175205,0.5745445106464044
1,0,0.9663146561286775,0.14732815336245839,0.932629312257355
1,1,0.816205178659864,0.4770992364754645,0.632410357319728
1,0,0.9736765164683413,0.12172018413476132,0.9473530329366826
0,0,0.9641441995906213,0.15454222263548328,0.9282883991812424
0,0,0.9323901468019051,0.24741203262888217,0.8647802936038105
0,1,0.7682685171394018,0.5413600622356911,0.5365370342788033
1,0,0.9895967490355931,0.05784641529788945,0.9791934980711862
0,1,0.7799032855737256,0.5270303423770853,0.5598065711474514
1,0,0.7254941128781169,0.5876891715447417,0.4509882257562341
1,0,0.9656686475181098,0.14949006263826092,0.9313372950362194
0,1,0.8022200064958421,0.4973093967137193,0.6044400129916845
1,0,0.6633256058588834,0.6388049407706147,0.326651211717767
1,0,0.6686605082149668,0.6351231890306157,0.3373210164299335
0,1,0.7880222734629218,0.5165652493661357,0.5760445469258435
0,0,0.9582065189987911,0.1736026311836985,0.916413037997582
1,0,0.9824713642575709,0.08825849389623594,0.9649427285151416
0,0,0.9666168209579743,0.14631255272007196,0.9332336419159486
1,0,0.9890612369279566,0.06027207170686544,0.9781224738559132
1,0,0.9708696361310243,0.1317061094135571,0.9417392722620485
0,1,0.8116403420618388,0.4838356908481103,0.6232806841236774
1,0,0.6649747940560452,0.6376804499781814,0.3299495881120903
1,0,0.9382305583345472,0.23180869902939472,0.8764611166690944
1,0,0.9862909689137552,0.07242226690101404,0.9725819378275103
1,0,0.9764044048961961,0.1117205070479254,0.952808809792392
0,0,0.9886896832893279,0.06193940432109629,0.9773793665786558
1,0,0.7035143956254585,0.6078570889447418,0.40702879125091657
1,1,0.7576262174515486,0.5538007268476727,0.5152524349030974
1,0,0.9732455181273303,0.12327274966028884,0.9464910362546606
1,1,0.7872490675103837,0.5175787157792748,0.5744981350207674
1,1,0.779105751184494,0.5280374542753847,0.558211502368988
1,0,0.9593002110546778,0.17016177363657597,0.9186004221093556
0,1,0.7879616246826269,0.5166448729437483,0.5759232493652536
1,0,0.981030676429669,0.09400033835377035,0.962061352859338
1,0,0.9647822402044488,0.15243603979137094,0.9295644804088976
1,1,0.77914034059601,0.5279938521357633,0.5582806811920199
1,1,0.7949320353550563,0.5073483526056255,0.5898640707101127
1,0,0.9720109645652756,0.12768081558083733,0.9440219291305513
1,0,0.9647822402044488,0.15243603979137094,0.9295644804088976
0,0,0.9593020476170592,0.1701559700908467,0.9186040952341182
1,1,0.7869082069654826,0.5180243586806507,0.5738164139309652
1,0,0.6765295215305099,0.6294577838051953,0.35305904306102004
0,1,0.7870879353318558,0.5177894672566532,0.574175870663712
0,1,0.8095621210807231,0.48685727098591647,0.6191242421614462
0,1,0.787073827851869,0.5178079116390579,0.5741476557037377
1,0,0.9369425933513614,0.23529849989190527,0.8738851867027225
0,1,0.7947107193037318,0.5076480668852786,0.5894214386074638
0,1,0.830953938713519,0.45437039232475956,0.6619078774270379
0,1,0.8094318693754127,0.48704571200391716,0.6188637387508253
1,0,0.938114805025418,0.23212350043967456,0.876229610050836
1,0,0.6765295215305099,0.6294577838051953,0.35305904306102004
1,0,0.9382295291463926,0.23181149901611475,0.8764590582927851
0,0,0.9600008951729002,0.16794130281607458,0.9200017903458004
1,0,0.9818317005523007,0.09082219019816057,0.9636634011046016
1,0,0.9927720845986506,0.04283394152873366,0.9855441691973013
0,1,0.8335519279053328,0.45020922239355743,0.6671038558106658
1,1,0.7792827673067942,0.5278142409996167,0.5585655346135886
1,0,0.9884741642255884,0.06290085396466648,0.976948328451177
0,1,0.7974938687262664,0.5038570930936124,0.5949877374525329
1,0,0.7254941128781169,0.5876891715447417,0.4509882257562341
0,0,0.6825232498306757,0.6249528529564535,0.36504649966135133
1,0,0.6659786282301654,0.6369900154200507,0.3319572564603308
0,0,0.9599381478022173,0.1681406675591095,0.9198762956044347
1,0,0.6978781899706761,0.612651402293549,0.3957563799413521
0,0,0.939669116650566,0.22787699078578894,0.8793382333011321
1,0,0.9396784779352712,0.2278512868862502,0.8793569558705424
0,0,0.970426909768082,0.133255041719472,0.940853819536164
0,1,0.7872148663134618,0.5176234619038886,0.5744297326269237
1,0,0.9821230840661433,0.08965725283174068,0.9642461681322868
1,0,0.9695884891525817,0.1361697236597376,0.9391769783051634
0,1,0.7950677003538348,0.5071644815808071,0.5901354007076696
0,1,0.7790649474874382,0.5280888809772071,0.5581298949748763
0,1,0.7947739374158885,0.5075624852505198,0.5895478748317772
0,1,0.8426565166588644,0.4352383962163212,0.6853130333177286
1,0,0.9828586568557253,0.08669477597977869,0.9657173137114505
1,1,0.7499891165096171,0.562347101039222,0.49997823301923405
1,1,0.8227185040843371,0.4672461560337705,0.6454370081686741
1,0,0.9659805637875511,0.14844780072618297,0.9319611275751024
0,1,0.829292499150626,0.45700627384721515,0.658584998301252
0,1,0.8158665661672495,0.47760367348880794,0.631733132334499
1,0,0.9381660105325157,0.23198427100275015,0.8763320210650316
1,0,0.9593002110546778,0.17016177363657597,0.9186004221093556
1,0,0.9824713642575709,0.08825849389623594,0.9649427285151416
0,1,0.8159907562330646,0.47741875403983436,0.6319815124661291
1,1,0.7792591262083702,0.5278440624214495,0.5585182524167406
0,0,0.966852172193961,0.1455195590770047,0.933704344387922
1,0,0.9606087467661608,0.16600466893977192,0.9212174935323216
1,0,0.9731254234391276,0.12370408554236123,0.9462508468782551
0,1,0.8239964319979501,0.46527908704284704,0.6479928639959005
0,1,0.8008649048842154,0.4992010705520781,0.6017298097684307
1,1,0.7794858049646533,0.5275579908411309,0.5589716099293065
0,1,0.7883391535766993,0.5161488708001094,0.5766783071533985
0,1,0.7765649968298605,0.5312212767070887,0.5531299936597209
0,0,0.9367576565132214,0.23579727691205357,0.8735153130264428
0,1,0.7872495084663759,0.5175781388219416,0.5744990169327518
0,0,0.935450924391215,0.2393051888684454,0.8709018487824302
1,1,0.7793133534380312,0.5277756541331562,0.5586267068760624
1,0,0.9900550614541573,0.05574836697552924,0.9801101229083146
1,0,0.9659805637875511,0.14844780072618297,0.9319611275751024
1,0,0.6845176386978387,0.6234171750800713,0.3690352773956772
1,0,0.9731254234391276,0.12370408554236123,0.9462508468782551
1,0,0.9761374813103176,0.11271267405387474,0.9522749626206354
1,1,0.99281379136807,0.04262851641518667,0.9856275827361402
0,0,0.9653908942730302,0.15041569855070835,0.9307817885460604
1,0,0.9323883799090188,0.24741666892683128,0.8647767598180376
1,0,0.9762953970365942,0.11212606584165627,0.9525907940731884
0,1,0.803621544306275,0.495340723509321,0.6072430886125499
1,0,0.9857768163883047,0.07461107266203004,0.9715536327766094
1,0,0.6765295215305099,0.6294577838051953,0.35305904306102004
0,0,0.9769975825936258,0.10950451567815328,0.9539951651872516
1,1,0.795770061555458,0.5062107419606046,0.591540123110916
1,0,0.9814701729838324,0.0922609518566998,0.9629403459676649
0,1,0.7809559268667053,0.5256954115891608,0.5619118537334107
0,1,0.7946946874332759,0.5076697661651196,0.5893893748665517
0,0,0.9412455972390112,0.22352637312185597,0.8824911944780225
0,0,0.9383207517598994,0.23156324975810338,0.8766415035197987
1,0,0.9808718820625447,0.09462623043933446,0.9617437641250893
1,0,0.9659805637875511,0.14844780072618297,0.9319611275751024
0,0,0.9800013241473667,0.09803395989140258,0.9600026482947335
0,1,0.8506981541092159,0.42149615505552496,0.7013963082184316
0,1,0.7860045831780095,0.5192024102291737,0.5720091663560191
0,0,0.9606087467661608,0.16600466893977192,0.9212174935323216
1,1,0.7871437661762598,0.5177164613187496,0.5742875323525196
0,0,0.9593002092468179,0.170161779349379,0.9186004184936358
0,0,0.9715680536697513,0.12924847901390066,0.9431361073395026
0,1,0.8158947414568045,0.47756172938831515,0.631789482913609
1,1,0.7923117015772504,0.5108776888137033,0.5846234031545006
1,0,0.988583487768924,0.06241366624171988,0.9771669755378479
0,1,0.8126668185548862,0.4823328615910389,0.6253336371097724
1,0,0.992468972502875,0.04431971116000706,0.9849379450057499
1,0,0.6845176386978387,0.6234171750800713,0.3690352773956772
1,0,0.9382888183749166,0.23165016823163637,0.8765776367498331
1,0,0.6965762794363253,0.6137373641807109,0.3931525588726504
1,1,0.8226860949137704,0.46729589646744163,0.6453721898275409
0,1,0.8201965912048168,0.47109525527126206,0.6403931824096338
0,1,0.7968490792339337,0.5047396224528895,0.5936981584678673
0,1,0.7868430981361163,0.5181094034723117,0.5736861962722325
1,1,0.7871046396047845,0.5177676262430848,0.5742092792095688
1,0,0.9734613430150464,0.12249619238281254,0.9469226860300928
1,0,0.9390291321003921,0.22963058542001435,0.8780582642007843
0,1,0.8281508500860701,0.4588061935011173,0.6563017001721402
0,1,0.8213764411855639,0.4692998928649058,0.6427528823711278
0,0,0.932424505249196,0.24732186678053542,0.864849010498392
1,0,0.9621760143430648,0.16096590126665855,0.9243520286861295
0,1,0.808950965560924,0.4877405050078689,0.6179019311218483
1,0,0.9647328979739795,0.15259934412749987,0.9294657959479591
1,0,0.9763032012020784,0.11209704788954311,0.9526064024041568
1,0,0.9801516797820049,0.0974482144593064,0.9603033595640098
1,1,0.7788081023988435,0.5284123721610166,0.5576162047976868
0,1,0.8500265644625967,0.42266300629366443,0.7000531289251932
1,0,0.9619012988170029,0.16185391603130023,0.923802597634006
1,0,0.9382727179152229,0.23169398488646278,0.8765454358304458
0,1,0.8089943519750948,0.4876778832896008,0.6179887039501895
1,0,0.6785136383234418,0.6279847627897788,0.35702727664688366
0,0,0.9396069617903096,0.22804761430926526,0.8792139235806193
1,0,0.9602909356975821,0.1670184337260292,0.9205818713951641
1,0,0.6965762794363253,0.6137373641807109,0.3931525588726504
0,1,0.7894806072435085,0.5146440147254687,0.5789612144870173
1,0,0.6863579285809223,0.6219838156586974,0.37271585716184447
1,0,0.678392334113052,0.6280753371774237,0.3567846682261039
1,0,0.9593002110546778,0.17016177363657597,0.9186004221093556
1,0,0.9740546627624409,0.12035203981541774,0.9481093255248817
0,1,0.7957806026046003,0.5061964051197347,0.5915612052092005
1,0,0.6936970401040259,0.6161105710080124,0.38739408020805166
0,0,0.960608343116676,0.16600595820351977,0.921216686233352
1,0,0.9895967490355931,0.05784641529788945,0.9791934980711862
1,0,0.9834720832590201,0.08419972875337217,0.9669441665180404
0,1,0.8014538959531796,0.49838027805721663,0.6029077919063593
1,0,0.9828505895644193,0.08672743828560849,0.9657011791288386
1,0,0.9593002110546778,0.17016177363657597,0.9186004221093556
1,1,0.7795341094285477,0.5274969913396657,0.5590682188570955
1,0,0.9846882429020715,0.0791838186177723,0.969376485804143
0,1,0.8016905171150912,0.49804991945992316,0.6033810342301823
1,0,0.9841946110707779,0.08123115887447366,0.9683892221415558
1,0,0.9895615865671511,0.058006526660699144,0.9791231731343022
0,1,0.802117127591792,0.4974534172474936,0.6042342551835841
1,0,0.6864945009887409,0.6218768160864738,0.3729890019774818
1,0,0.9668521571696557,0.14551960975501094,0.9337043143393114
0,0,0.9382757786981241,0.2316856554522514,0.8765515573962481
1,0,0.6650072997848456,0.637658163520006,0.3300145995696912
0,0,0.9595465614703074,0.16938253226223038,0.9190931229406147
0,0,0.9643568648138708,0.1538415295917336,0.9287137296277418
1,0,0.9381765011719422,0.23195574103599134,0.8763530023438844
1,0,0.6812421995246571,0.6259295745288185,0.36248439904931434
1,0,0.6883316814750723,0.620429018633613,0.37666336295014446
1,0,0.9659805637875511,0.14844780072618297,0.9319611275751024
0,1,0.8297286476507717,0.456316215898997,0.6594572953015432
0,0,0.9656707627747375,0.1494830044633568,0.9313415255494751
1,1,0.779433369829546,0.527624191242131,0.5588667396590918
0,0,0.9383483256498508,0.23148818308112218,0.8766966512997018
1,1,0.7793049843560764,0.5277862129442168,0.5586099687121531
1,0,0.9663146561286775,0.14732815336245839,0.932629312257355
0,1,0.819763527813292,0.4717518714535839,0.6395270556265839
1,1,0.8019321032097367,0.49771226573470284,0.6038642064194738
0,0,0.9619013378268279,0.16185379007902323,0.9238026756536557
1,0,0.9879500338256931,0.06522217826944515,0.9759000676513863
1,0,0.9795406926041478,0.0998213133091787,0.9590813852082954
1,0,0.6864945009887409,0.6218768160864738,0.3729890019774818
1,0,0.9844642152050922,0.08011494722550602,0.9689284304101844
0,1,0.7969603431261765,0.5045875180528268,0.593920686252353
1,0,0.6649747940560452,0.6376804499781814,0.3299495881120903
0,0,0.9383637879236489,0.2314460831056976,0.876727575847298
0,1,0.7962548409390574,0.5055506876378754,0.5925096818781146
1,0,0.9639413769102938,0.15520926735416862,0.9278827538205876
0,0,0.9668566583564435,0.14550442662999905,0.9337133167128872
0,0,0.9814555548598961,0.09231897511012076,0.9629111097197921
0,0,0.9718743794738851,0.12816501628111973,0.9437487589477703
1,0,0.9382954588854827,0.23163209508596178,0.8765909177709655
1,0,0.9726535750265883,0.12539347366170125,0.9453071500531767
1,0,0.6765825829562768,0.6294186250316902,0.35316516591255376
0,1,0.7814403226820882,0.5250789392744891,0.5628806453641763
1,1,0.7791645194127421,0.5279633690802487,0.5583290388254842
1,1,0.8227420916313005,0.46720995018401984,0.6454841832626009
1,0,0.9685086535469942,0.13988861944041298,0.9370173070939883
1,0,0.9889731172800036,0.06066864377415649,0.9779462345600071
1,0,0.9752851328963359,0.11586057327322002,0.9505702657926719
1,1,0.7792252693728232,0.5278867645490827,0.5584505387456463
0,1,0.786899344726725,0.5180359359739606,0.5737986894534501
1,0,0.9382051231426597,0.23187789209954948,0.8764102462853195
0,1,0.8092408914958223,0.48732180947816633,0.6184817829916447
1,0,0.9663146561286775,0.14732815336245839,0.932629312257355
0,1,0.9384031909898948,0.231338779538648,0.8768063819797896
0,0,0.9396716046009194,0.2278701596065249,0.8793432092018386
1,0,0.6765295215305099,0.6294577838051953,0.35305904306102004
0,1,0.8031619626137433,0.4959876442660046,0.6063239252274867
0,1,0.8253993714435511,0.46310662278852,0.6507987428871023
1,0,0.6686605082149668,0.6351231890306157,0.3373210164299335
1,0,0.9834720832590201,0.08419972875337217,0.9669441665180404
1,0,0.9381831224946928,0.23193773294738326,0.8763662449893856
1,1,0.7787220685814324,0.5285206443736757,0.5574441371628648
1,0,0.6670822056225965,0.6362257500448967,0.334164411245193
1,0,0.9761297592596293,0.11274133157800248,0.9522595185192587
1,0,0.9773944843686289,0.1080130519188883,0.9547889687372576
1,1,0.8286890866574365,0.45795875572959016,0.6573781733148728
1,0,0.9647822402044488,0.15243603979137094,0.9295644804088976
0,0,0.9915172045682941,0.048907232948500204,0.9830344091365882
0,0,0.9595465553330284,0.169382551694753,0.9190931106660567
1,0,0.9762953970365942,0.11212606584165627,0.9525907940731884
1,0,0.9659805637875511,0.14844780072618297,0.9319611275751024
1,0,0.9593002110546778,0.17016177363657597,0.9186004221093556
1,0,0.7441970170072013,0.5686210310929949,0.4883940340144027
0,1,0.7843410658231476,0.5213584489826593,0.568682131646295
1,0,0.6667535571193651,0.6364539234343799,0.33350711423873036
1,0,0.9729769268254868,0.12423666838701045,0.9459538536509736
1,1,0.8106483832584085,0.48528143532335977,0.6212967665168169
0,1,0.7797909567636317,0.5271724131268567,0.5595819135272635
0,0,0.9369001864522872,0.2354129229364886,0.8738003729045744
0,1,0.7804709551710547,0.5263112427097283,0.5609419103421093
0,1,0.815722690914763,0.4778177758896628,0.631445381829526
1,0,0.6940763838384121,0.6158001337338602,0.38815276767682394
1,0,0.9602909568860659,0.16701836622678562,0.9205819137721317
1,0,0.9831456213857037,0.08553040716535111,0.9662912427714074
1,0,0.9903242810196007,0.05450605541676495,0.9806485620392013
1,0,0.9666158940678091,0.14631567238734264,0.9332317881356182
1,0,0.9593002110546778,0.17016177363657597,0.9186004221093556
1,0,0.6803905962626428,0.6265746864839834,0.36078119252528545
1,0,0.6811369076866921,0.6260095167147972,0.3622738153733844
1,0,0.9617721422200916,0.1622707006757032,0.9235442844401831
1,0,0.9364304917312433,0.23667823147531095,0.8728609834624865
1,0,0.9382036400702757,0.23188192625717385,0.8764072801405514
1,0,0.9663146561286775,0.14732815336245839,0.932629312257355
0,0,0.9834108713776953,0.08444972773384796,0.9668217427553907
1,0,0.9383055376188093,0.23160466284599518,0.8766110752376185
1,0,0.988450625376079,0.06300561453371382,0.9769012507521578
0,0,0.9397003487313496,0.22779122876689856,0.8794006974626989
1,0,0.9698891669264804,0.13512722406805694,0.9397783338529608
0,0,0.9586503293520168,0.172210006236814,0.9173006587040334
1,0,0.6628916757735088,0.6390987888465267,0.32578335154701765
0,1,0.8083644402103707,0.4885858711102541,0.6167288804207414
1,0,0.9790372492240536,0.10176268412688878,0.9580744984481072
0,0,0.9678210620018972,0.1422366421270058,0.9356421240037943
1,0,0.9663146561286775,0.14732815336245839,0.932629312257355
1,1,0.7793820069306885,0.5276890224178752,0.5587640138613771
1,0,0.6997170659171926,0.6111038409328304,0.39943413183438536
1,0,0.9876662027426968,0.06646954229579022,0.9753324054853936
0,1,0.7744243964986043,0.5338747761902283,0.548848792997209
1,0,0.9740546627624409,0.12035203981541774,0.9481093255248817
1,0,0.9732455181273303,0.12327274966028884,0.9464910362546606
0,0,0.9602927476007246,0.16701266158138717,0.9205854952014492
1,0,0.7254941128781169,0.5876891715447417,0.4509882257562341
1,1,0.7723943016002863,0.536367055556825,0.5447886032005727
0,1,0.810062045440806,0.48613298563329566,0.6201240908816119
1,0,0.9807872630907392,0.09495920868902878,0.9615745261814784
1,0,0.9382993111900232,0.23162161011218022,0.8765986223800464
1,0,0.98064975531026,0.09549949628246429,0.9612995106205199
1,0,0.9707432879744003,0.13214885616379812,0.9414865759488006
1,0,0.9382714726091442,0.23169737374274357,0.8765429452182885
0,0,0.9663146687468006,0.14732811101065077,0.9326293374936013
1,1,0.778186397265851,0.5291938124630771,0.5563727945317021
0,1,0.8223737615356747,0.46777488562859015,0.6447475230713492
1,0,0.678392334113052,0.6280753371774237,0.3567846682261039
0,1,0.8038067794444267,0.49507960276496643,0.6076135588888536
1,0,0.9342708310445211,0.242448823023043,0.8685416620890425
0,1,0.7787614578094056,0.5284710789787296,0.5575229156188114
1,1,0.7794365098198949,0.5276202273920659,0.5588730196397897
1,0,0.678392334113052,0.6280753371774237,0.3567846682261039
1,1,0.7783350505690867,0.529007169418836,0.5566701011381735
1,0,0.966616808685037,0.1463125940277088,0.9332336173700739
0,0,0.9582063875831384,0.17360304281974887,0.9164127751662766
0,0,0.9396599859139609,0.2279020601649609,0.8793199718279219
0,1,0.7948287385719722,0.5074882782595493,0.5896574771439446
1,0,0.9383972443142132,0.2313549754180516,0.8767944886284262
0,1,0.8091162099193138,0.48750193463822966,0.6182324198386275
1,0,0.9862743819032628,0.07249318107263633,0.9725487638065256
1,1,0.7872554030748063,0.517570426064247,0.5745108061496127
0,0,0.6765825660750182,0.6294186374919275,0.35316513215003636
1,0,0.9785733063160318,0.10354079193905467,0.9571466126320636
0,1,0.7880354777325552,0.5165479110420519,0.5760709554651104
1,0,0.9593002677609757,0.17016159444570134,0.9186005355219514
1,0,0.9619006228637346,0.16185609849678068,0.923801245727469
0,1,0.7880687223909805,0.5165042533681781,0.5761374447819607
1,0,0.9331977468482273,0.24528769966873057,0.8663954936964549
0,1,0.8090515458100149,0.48759531403615886,0.61810309162003
1,0,0.9606087388059459,0.1660046943648841,0.9212174776118917
1,1,0.7718773877636382,0.536997902916792,0.5437547755272762
0,0,0.9628772228291431,0.15868981678077904,0.9257544456582862
1,0,0.6765295215305099,0.6294577838051953,0.35305904306102004
1,0,0.9808422644345599,0.09474282004135262,0.9616845288691198
1,0,0.9876662027426968,0.06646954229579022,0.9753324054853936
1,0,0.9804701218838384,0.09620380147109986,0.9609402437676768
0,1,0.7858445020430564,0.5194106009078172,0.571689004086113
1,0,0.9653908668381467,0.15041578986540996,0.9307817336762934
0,1,0.7944824802591549,0.5079568420762759,0.5889649605183102
0,1,0.7223351673925882,0.5907342940765838,0.44467033478517665
0,1,0.8149594383554,0.4789512797119585,0.6299188767107998
1,0,0.6649747940560452,0.6376804499781814,0.3299495881120903
1,0,0.6862585351639532,0.6220616323525622,0.3725170703279065
0,1,0.8223581353651767,0.46779883210897466,0.6447162707303534
1,0,0.9382275981969095,0.23181675226561316,0.8764551963938189
1,0,0.6965762794363253,0.6137373641807109,0.3931525588726504
1,0,0.9734613430150464,0.12249619238281254,0.9469226860300928
0,1,0.7911601983835319,0.5124154319486813,0.582320396767064
0,1,0.8133185220647667,0.4813751345613556,0.6266370441295334
0,1,0.7951886156547423,0.5070005060804201,0.5903772313094846
1,0,0.9593002110546778,0.17016177363657597,0.9186004221093556
1,0,0.9381812340752426,0.2319428689808099,0.876362468150485
1,0,0.9631766325631259,0.1577137727165593,0.9263532651262518
0,1,0.6955618691162896,0.6145779540935287,0.3911237382325792
1,0,0.9697019859739322,0.13577657323223874,0.9394039719478645
0,1,0.8334369984835874,0.4503943275496003,0.6668739969671751
1,0,0.6883316814750723,0.620429018633613,0.37666336295014446
0,1,0.8014797846600854,0.49834415069131477,0.6029595693201708
1,0,0.9081990233966938,0.3066849416143541,0.8163980467933878
1,0,0.9707432879744003,0.13214885616379812,0.9414865759488006
1,0,0.6851885094843413,0.6228964683124624,0.37037701896868264
0,1,0.8106932701700617,0.48521615292434256,0.6213865403401232
0,1,0.8281601170787634,0.4587916201280898,0.6563202341575266
1,0,0.6683173273795567,0.6353638818652843,0.3366346547591136
0,1,0.8158554920319716,0.47762015792924284,0.6317109840639433
1,0,0.9743129131532192,0.11941443556492437,0.9486258263064384
0,1,0.7815624101428785,0.5249233464789833,0.563124820285757
1,0,0.6864945009887409,0.6218768160864738,0.3729890019774818
1,0,0.994068969855239,0.03632510400150361,0.9881379397104779
0,1,0.8937821461073264,0.3385340443356475,0.7875642922146531
1,1,0.8035024359569993,0.49550851232670773,0.6070048719139987
1,0,0.960608733338292,0.16600471182869644,0.9212174666765841
1,0,0.9383971595000176,0.23135520640663151,0.876794319000035
1,0,0.9656707627747375,0.1494830044633568,0.9313415255494751
1,1,0.7768420104380306,0.5308759631010671,0.5536840208760612
1,1,0.7790917866420173,0.5280550554939515,0.5581835732840348
0,1,0.80276258555801,0.49654873415570466,0.6055251711160199
1,0,0.9381901720923509,0.23191855924364135,0.8763803441847017
0,0,0.939330502626845,0.22880570828286273,0.8786610052536901
1,0,0.9740546627624409,0.12035203981541774,0.9481093255248817
1,0,0.9834720832590201,0.08419972875337217,0.9669441665180404
1,0,0.9647822402044488,0.15243603979137094,0.9295644804088976
1,0,0.9323904148301961,0.2474113293227178,0.8647808296603923
1,1,0.7956765188112476,0.5063379391403501,0.5913530376224952
0,1,0.8026338386947037,0.49672939746547995,0.6052676773894073
0,0,0.9628778694205653,0.15868771167034917,0.9257557388411306
1,0,0.9647822402044488,0.15243603979137094,0.9295644804088976
0,0,0.9807132161448179,0.09525027389260868,0.9614264322896359
1,1,0.7650295914682623,0.5452127413219345,0.5300591829365247
0,1,0.7817729904638314,0.5246547699080578,0.5635459809276631
1,0,0.6711788244413868,0.633340665422324,0.3423576488827735
1,0,0.678392334113052,0.6280753371774237,0.3567846682261039
1,1,0.753898784119567,0.5580112159945793,0.5077975682391342
0,1,0.7871204452878697,0.5177469586120365,0.5742408905757395
1,0,0.9740546627624409,0.12035203981541774,0.9481093255248817
1,0,0.6886252004188481,0.6201962535652528,0.37725040083769606
1,0,0.938141601333438,0.23205064604325842,0.8762832026668762
0,1,0.8676996451001514,0.3907363087986088,0.7353992902003027
0,1,0.7889398090188936,0.5153579611687223,0.5778796180377874
0,1,0.7872137919023728,0.5176248674647301,0.5744275838047457
1,0,0.9606082145080894,0.16600636898076468,0.9212164290161787
1,0,0.9762953970365942,0.11212606584165627,0.9525907940731884
0,1,0.8132112506090642,0.48153297010988616,0.6264225012181285
1,0,0.6825230128008601,0.6249530343770495,0.3650460256017202
0,1,0.7876554514899358,0.5170465005829847,0.5753109029798714
1,0,0.6899820919537571,0.6191149922493762,0.3799641839075145
0,0,0.9612507345930804,0.16394867019497794,0.9225014691861607
0,0,0.9355073482451128,0.23915430752016076,0.8710146964902259
0,0,0.9814290597579043,0.09242411135534775,0.9628581195158085
1,0,0.980727385955851,0.09519459738010214,0.9614547719117018
1,1,0.7879285029277577,0.5166883479960629,0.5758570058555156
0,1,0.8185228857101351,0.4736259299192095,0.6370457714202702
1,1,0.7793309922468555,0.527753398883103,0.5586619844937111
1,0,0.6667535571193651,0.6364539234343799,0.33350711423873036
0,0,0.9608712284697741,0.16516538391214297,0.9217424569395483
0,1,0.7832428439122052,0.5227728528240521,0.5664856878244103
0,0,0.981494154260149,0.09216573828754042,0.962988308520298
0,0,0.9383324700047414,0.2315313498182759,0.8766649400094828
0,1,0.7805172859138724,0.5262524699297455,0.5610345718277451
0,1,0.8190893921166199,0.47277147950911946,0.6381787842332397
0,0,0.9631781516181547,0.15770881433015085,0.9263563032363094
1,0,0.9734880516559778,0.12239996721826646,0.9469761033119557
0,0,0.9842294592856257,0.08108714536377531,0.9684589185712512
1,0,0.9382277532112436,0.23181633054334969,0.876455506422487
1,0,0.938231437385105,0.2318063074892558,0.8764628747702099
1,0,0.9743129131532192,0.11941443556492437,0.9486258263064384
1,0,0.9784564175070284,0.10398715240101482,0.9569128350140568
1,0,0.9647822402044488,0.15243603979137094,0.9295644804088976
1,0,0.9695884891525817,0.1361697236597376,0.9391769783051634
1,0,0.9732455181273303,0.12327274966028884,0.9464910362546606
1,0,0.691568234618527,0.6178401354287126,0.38313646923705413
1,1,0.794892820154739,0.5074014811584939,0.589785640309478
1,0,0.9784564175070284,0.10398715240101482,0.9569128350140568
0,0,0.9898207899047471,0.05682341369421987,0.9796415798094943
1,0,0.9794524837659891,0.10016236821470442,0.9589049675319784
0,1,0.8151487081975572,0.47867055638443234,0.6302974163951147
1,0,0.9856375781295488,0.0752005527565479,0.9712751562590974
0,1,0.7871666444473416,0.5176865396927071,0.5743332888946833
0,0,0.9745723547039052,0.11846982331277785,0.9491447094078106
0,1,0.7948654784928797,0.5074385179212693,0.5897309569857593
1,1,0.8099327910552045,0.4863204036417038,0.6198655821104093
0,1,0.7724128831684587,0.5363443501202179,0.5448257663369174
1,0,0.932391400752068,0.24740874225418108,0.8647828015041358
1,0,0.9381820441200486,0.23194066586699466,0.8763640882400973
0,0,0.9397096785809623,0.22776560604177037,0.8794193571619247
1,0,0.6814546161585125,0.6257681430947868,0.36290923231702504
1,1,0.7784509298218028,0.5288615873067174,0.5569018596436054
1,1,0.7782485423782092,0.5291158011626009,0.5564970847564183
0,1,0.7875736087586196,0.5171537641514153,0.5751472175172392
1,0,0.9721520830930555,0.12717982335171427,0.944304166186111
1,0,0.993750639582584,0.03794702226169214,0.9875012791651679
0,1,0.7796320573106126,0.5273732598092101,0.5592641146212248
1,0,0.9659805637875511,0.14844780072618297,0.9319611275751024
1,0,0.7254941128781169,0.5876891715447417,0.4509882257562341
0,1,0.802917661183475,0.49633098616413596,0.6058353223669499
0,1,0.8090472902065841,0.4876014584693372,0.618094580413168
0,1,0.780441325741588,0.5263488225007947,0.5608826514831758
0,1,0.7952959495845142,0.5068548733197392,0.5905918991690284
1,0,0.6899820919537571,0.6191149922493762,0.3799641839075145
0,0,0.9865637709071803,0.07125302357409972,0.9731275418143607
1,0,0.9807675365432105,0.0950367785808488,0.9615350730864209
1,0,0.9381381813068557,0.23205994517608358,0.8762763626137114
1,0,0.7124939886637099,0.5999034748045717,0.42498797732741966
1,1,0.7792241283432446,0.5278882035631023,0.5584482566864891
1,0,0.9845482992886433,0.07976585489593191,0.9690965985772865
1,0,0.9791650052832696,0.10127121407044185,0.958330010566539
1,1,0.7795261466556418,0.5275070477667436,0.5590522933112836
1,0,0.6809152615469951,0.6261776333823368,0.3618305230939903
1,0,0.7090876643876435,0.6029665533334767,0.41817532877528696
1,0,0.9850091619703242,0.07784416746726731,0.9700183239406484
1,0,0.9825630152211404,0.08788924125057691,0.9651260304422808
1,0,0.976367225589765,0.11185888881065528,0.9527344511795298
1,1,0.817009333269249,0.47589820822196927,0.6340186665384979
1,0,0.9732455181273303,0.12327274966028884,0.9464910362546606
1,0,0.9647822402044488,0.15243603979137094,0.9295644804088976
0,1,0.9281246780285668,0.25846303137636245,0.8562493560571336
0,1,0.8177446979396867,0.47479613391218584,0.6354893958793735
1,0,0.678392334113052,0.6280753371774237,0.3567846682261039
0,1,0.795832706568529,0.5061255286735595,0.5916654131370582
1,0,0.6785136383234418,0.6279847627897788,0.35702727664688366
0,1,0.7838673630290557,0.5219694054116722,0.5677347260581114
0,1,0.7873081351270049,0.5175014199628615,0.57461627025401
1,1,0.786777095420025,0.5181955900559281,0.5735541908400501
1,0,0.9752851328963359,0.11586057327322002,0.9505702657926719
1,0,0.6812421995246571,0.6259295745288185,0.36248439904931434
0,1,0.8123845868418986,0.48274675605829065,0.624769173683797
0,1,0.810062045440806,0.48613298563329566,0.6201240908816119
0,0,0.9397496907455023,0.22765570252546333,0.8794993814910045
0,1,0.7908401744632207,0.5128413725647637,0.5816803489264417
1,0,0.9663146561286775,0.14732815336245839,0.932629312257355
0,1,0.8030853585310667,0.4960953444655965,0.6061707170621333
0,1,0.7870063472251962,0.5178961206437317,0.5740126944503925
0,1,0.8086051954906754,0.4882391365889023,0.617210390981351
0,0,0.9641458076687862,0.1545369292300708,0.9282916153375725
0,0,0.9821348514985618,0.089610106124708,0.9642697029971238
1,0,0.960608733338292,0.16600471182869644,0.9212174666765841
0,1,0.7784803669219187,0.528824592313519,0.5569607338438373
1,0,0.9395900641056695,0.22809398897313443,0.879180128211339
0,0,0.6765825660750182,0.6294186374919275,0.35316513215003636
0,0,0.9615946429701656,0.16284274574818938,0.9231892859403312
1,0,0.9593002095233358,0.17016177847558744,0.9186004190466717
1,0,0.6765295215305099,0.6294577838051953,0.35305904306102004
0,1,0.7874859555297179,0.5172685985911921,0.5749719110594358
0,1,0.7737611872937071,0.5346915632583197,0.5475223745874142
1,0,0.9884741642255884,0.06290085396466648,0.976948328451177
0,1,0.8521737028434371,0.4189199769412425,0.7043474056868739
1,1,0.8021913992836203,0.49734945074363557,0.6043827985672405
1,0,0.9659805637875511,0.14844780072618297,0.9319611275751024
1,0,0.9920196921653135,0.04649947798895755,0.984039384330627
0,1,0.9365061436327871,0.23647468420644274,0.8730122872655741
0,0,0.939800393270596,0.22751639461463513,0.8796007865411919
0,0,0.9612508753559882,0.16394821818763253,0.9225017507119764
0,1,0.8166188244526862,0.47648198378955514,0.6332376489053724
0,1,0.7847091286204338,0.5208828256360798,0.5694182572408676
0,0,0.9678210979656233,0.14223651971598858,0.9356421959312466
0,0,0.9593002092468179,0.170161779349379,0.9186004184936358
0,0,0.9383257900719412,0.23154953452637464,0.8766515801438823
1,0,0.6667535571193651,0.6364539234343799,0.33350711423873036
1,0,0.9606084820377853,0.1660055144874727,0.9212169640755705
1,0,0.6711789721330402,0.6333405600410984,0.34235794426608035
0,0,0.9638212053346029,0.1556039297505517,0.9276424106692059
1,0,0.96840924017742,0.1402290522270369,0.93681848035484
1,0,0.9382395996417177,0.23178410066184152,0.8764791992834352
0,0,0.9599382724292348,0.1681402716881298,0.9198765448584697
0,1,0.7947384490502476,0.5076105307065999,0.5894768981004952
0,1,0.7880902144723092,0.5164760259354895,0.5761804289446185
1,0,0.9593002110546778,0.17016177363657597,0.9186004221093556
1,1,0.7949152254923139,0.507371127676838,0.5898304509846275
1,0,0.9719049734081738,0.12805661874579233,0.9438099468163474
0,1,0.7873643965552966,0.5174277769471873,0.574728793110593
1,0,0.6650072997848456,0.637658163520006,0.3300145995696912
1,0,0.9840698008160059,0.08174630961859289,0.9681396016320117
1,0,0.9804701218838384,0.09620380147109986,0.9609402437676768
0,1,0.8346366260555353,0.4484575124855678,0.6692732521110707
1,0,0.9619013100863446,0.16185387964561843,0.9238026201726892
1,1,0.8343865317775213,0.44886215139239727,0.6687730635550428
1,0,0.9946260183478175,0.033444944534787704,0.9892520366956351
0,1,0.8133225437497349,0.48136921571798963,0.6266450874994698
1,1,0.810714922533427,0.4851846575761577,0.6214298450668541
1,0,0.9338172684662723,0.24365100808139634,0.8676345369325444
0,1,0.8028634019967978,0.4964071909743438,0.6057268039935956
1,0,0.9747595677560301,0.11778650537299395,0.9495191355120601
0,1,0.798994474708193,0.5017932219122817,0.5979889494163857
1,1,0.779247501996034,0.5278587242769666,0.558495003992068
1,1,0.7717940106521154,0.5370995150795759,0.5435880213042307
0,0,0.9395993582484621,0.22806848238825705,0.8791987164969242
0,1,0.7765203651813224,0.5312768712800839,0.5530407303626448
1,0,0.9841351002945268,0.08147691232739658,0.9682702005890537
0,0,0.9602906087714268,0.1670194751991621,0.9205812175428537
1,0,0.7254941128781169,0.5876891715447417,0.4509882257562341
1,0,0.98073336229384,0.09517111176124127,0.96146672458768
0,0,0.960290676294905,0.16701926009305273,0.9205813525898101
0,1,0.801425523243751,0.49841986697999896,0.602851046487502
1,1,0.7792412580471795,0.5278665995724037,0.5584825160943586
0,1,0.7968272581771153,0.5047694441728731,0.5936545163542306
1,0,0.9663146561286775,0.14732815336245839,0.932629312257355
1,0,0.9835444773126812,0.0839037624285294,0.9670889546253624
0,1,0.7615060334646294,0.5493377277603703,0.5230120669292588
1,0,0.9617721422200916,0.1622707006757032,0.9235442844401831
0,0,0.963178142752655,0.15770884326844417,0.92635628550531
0,1,0.8319144188542318,0.4528376320591647,0.6638288377084636
0,0,0.6765825660750182,0.6294186374919275,0.35316513215003636
0,1,0.8029459359284569,0.4962912680669439,0.6058918718569137
0,0,0.6765825660750182,0.6294186374919275,0.35316513215003636
1,0,0.9659805637875511,0.14844780072618297,0.9319611275751024
0,1,0.7868992436015286,0.5180360680773871,0.5737984872030573
0,0,0.934101958798686,0.24289681570577987,0.8682039175973718
0,0,0.9615930622932714,0.16284783611996798,0.9231861245865428
1,1,0.7871628118490271,0.5176915524210272,0.5743256236980542
1,0,0.987775528328741,0.06598987606852082,0.9755510566574821
1,1,0.764860564152549,0.5454121909951939,0.5297211283050982
1,1,0.8091792394788675,0.4874108895862624,0.618358478957735
1,0,0.9382393470783861,0.23178478782119882,0.8764786941567719
1,0,0.9663146561286775,0.14732815336245839,0.932629312257355
1,0,0.9593002110546778,0.17016177363657597,0.9186004221093556
1,0,0.6650072997848456,0.637658163520006,0.3300145995696912
0,0,0.931858837078564,0.248803954471926,0.8637176741571282
1,0,0.9806888186691038,0.09534611243065516,0.9613776373382077
1,0,0.9731254234391276,0.12370408554236123,0.9462508468782551
0,1,0.7871129874377183,0.5177567107392114,0.5742259748754365
1,0,0.6803905962626428,0.6265746864839834,0.36078119252528545
1,1,0.7782667106204467,0.5290929901826551,0.5565334212408934
0,0,0.9563888695451317,0.17925540619869623,0.9127777390902634
1,0,0.9871310967602764,0.06880332410689674,0.9742621935205529
1,0,0.9780184831251574,0.10565374616067641,0.9560369662503148
0,0,0.9663146687468006,0.14732811101065077,0.9326293374936013
0,1,0.7882570727913716,0.5162567821828216,0.5765141455827432
1,0,0.9593002110546778,0.17016177363657597,0.9186004221093556
1,1,0.7784255152341336,0.5288935229771431,0.5568510304682672
0,0,0.9695941185686088,0.1361502337994266,0.9391882371372176
0,0,0.9617739483417316,0.16226487550425125,0.9235478966834633
0,0,0.9821238761922785,0.08965407939310123,0.964247752384557
1,0,0.6965762794363253,0.6137373641807109,0.3931525588726504
0,1,0.7716338921684573,0.5372945417190527,0.5432677843369148
0,1,0.8603485384032279,0.40433028196565224,0.720697076806456
1,0,0.9890742741907336,0.06021333823482452,0.978148548381467
1,0,0.6819104756885226,0.625420999237088,0.36382095137704507
1,0,0.7020893054510451,0.6090836308388234,0.40417861090209045
0,0,0.9582063705310736,0.17360309623226308,0.9164127410621472
0,1,0.8166110273238139,0.4764936294212786,0.6332220546476276
1,1,0.8162882326748153,0.4769753927578747,0.6325764653496309
1,0,0.938216115747057,0.2318479895449127,0.8764322314941141
0,1,0.8286111506533825,0.45808158992255044,0.6572223013067651
0,0,0.9630808621674674,0.1580262480721933,0.9261617243349348
0,1,0.8023812728036716,0.4970835052018257,0.6047625456073431
1,1,0.7881177634424199,0.516439839415369,0.5762355268848396
1,0,0.9383275001764114,0.2315448792010881,0.8766550003528227
0,1,0.84195665065737,0.43641101617877576,0.6839133013147398
1,0,0.6696831799808987,0.6344027759627422,0.3393663599617973
1,0,0.9330508336904674,0.24567491908849562,0.866101667380935
1,0,0.9687209271652875,0.1391606202414064,0.9374418543305749
1,1,0.8098508848098122,0.4864391109797755,0.6197017696196243
1,0,0.6650072997848456,0.637658163520006,0.3300145995696912
1,0,0.6771153030363383,0.6290247699867997,0.3542306060726765
1,0,0.709288837945727,0.6027872181955902,0.41857767589145395
1,0,0.941520162493482,0.2227640910033303,0.883040324986964
0,0,0.960870923676551,0.1651663595486385,0.921741847353102
0,1,0.7784307084785076,0.528886997512091,0.5568614169570153
1,0,0.6628916757735088,0.6390987888465267,0.32578335154701765
1,1,0.828578376838344,0.4581332316444087,0.6571567536766882
1,0,0.9398755080326403,0.2273099292380198,0.8797510160652806
0,1,0.8021164019893035,0.49745443278408685,0.6042328039786068
0,1,0.7957444444618198,0.5062455808226394,0.5914888889236396
0,1,0.7870713544947482,0.5178111452299239,0.5741427089894962
1,0,0.982007561114992,0.0901196823596213,0.9640151222299841
1,0,0.9593002110546778,0.17016177363657597,0.9186004221093556
0,1,0.8316716276035695,0.4532257068014627,0.6633432552071391
1,0,0.9599991270991173,0.16794692185024565,0.9199982541982346
1,0,0.9804701218838384,0.09620380147109986,0.9609402437676768
1,0,0.6812421995246571,0.6259295745288185,0.36248439904931434
1,0,0.9653908668381467,0.15041578986540996,0.9307817336762934
0,1,0.7969603431261765,0.5045875180528268,0.593920686252353
1,0,0.9745354855142581,0.11860422692908407,0.9490709710285162
1,0,0.960608733338292,0.16600471182869644,0.9212174666765841
0,1,0.8470983308433137,0.42770948141497117,0.6941966616866273
1,0,0.9933230048231423,0.040100305450420926,0.9866460096462848
1,0,0.9863427003167775,0.07220096968653383,0.9726854006335552
1,1,0.7941365434371256,0.5084242375775035,0.5882730868742512
0,1,0.7946028337726296,0.507794060549002,0.589205667545259
1,0,0.9383155990082329,0.2315772760623177,0.8766311980164659
1,0,0.691568234618527,0.6178401354287126,0.38313646923705413
1,0,0.9382329741667218,0.23180212649756388,0.8764659483334437
0,1,0.7969603431261765,0.5045875180528268,0.593920686252353
1,0,0.9731254234391276,0.12370408554236123,0.9462508468782551
1,0,0.9659805637875511,0.14844780072618297,0.9319611275751024
1,1,0.822122831475284,0.46815922387013487,0.6442456629505681
1,0,0.9773062175384571,0.108345350183461,0.9546124350769143
0,1,0.8390265804414653,0.441280511716996,0.6780531608829306
0,1,0.7881772587126774,0.5163616748240043,0.5763545174253547
0,0,0.9606087522287023,0.16600465149228585,0.9212175044574048
0,1,0.768597097764481,0.5409659353216741,0.537194195528962
0,1,0.778734366307853,0.5285051705089346,0.5574687326157057
1,1,0.8096302605910476,0.48675864664430124,0.6192605211820951
1,0,0.6889560587288865,0.6199333960726696,0.37791211745777314
0,1,0.7817104280898018,0.5247345898134667,0.5634208561796035
1,0,0.9715291519682593,0.12938582902201848,0.9430583039365183
0,1,0.8135378517098316,0.4810521844944488,0.6270757034196632
0,1,0.8158099471967262,0.47768794526152036,0.6316198943934526
1,0,0.9678927092155303,0.14199269151937796,0.9357854184310607
1,0,0.9370013942859706,0.23513979180292366,0.8740027885719415
0,1,0.7790698343786391,0.5280827223222561,0.5581396687572783
0,1,0.7961064940676037,0.505752823923883,0.5922129881352075
0,1,0.7875796515054451,0.5171458458606785,0.57515930301089
0,1,0.8452353210139543,0.43088564064015744,0.6904706420279088
0,1,0.7698511661587579,0.5394561165651404,0.539702332317516
0,0,0.9845683284825067,0.07968263114274522,0.9691366569650134
1,0,0.9395028753586996,0.2283331932526887,0.8790057507173988
1,1,0.7793809375577241,0.5276903720366318,0.5587618751154482
1,0,0.6862585351639532,0.6220616323525622,0.3725170703279065
1,0,0.9883132482304149,0.06361605179889292,0.9766264964608299
0,0,0.9363149208420578,0.23698899826786637,0.8726298416841157
0,1,0.8164589536670884,0.47672068235992693,0.6329179073341769
0,1,0.8546039913705161,0.4146391633216094,0.7092079827410325
0,1,0.8032614634129182,0.4958476973992838,0.6065229268258364
0,1,0.8089209302918702,0.48778384923555484,0.6178418605837401
1,0,0.9804701230623205,0.09620379685606155,0.9609402461246411
1,1,0.7872563807688286,0.5175691467875283,0.5745127615376575
1,0,0.9903595450352837,0.05434277402431794,0.9807190900705672
1,1,0.7863249349804489,0.5187853247856933,0.5726498699608977
1,0,0.691568234618527,0.6178401354287126,0.38313646923705413
0,0,0.9322962925234168,0.24765823619452298,0.8645925850468336
1,0,0.9381839163454313,0.23193557385153463,0.8763678326908627
1,0,0.6868578949077907,0.6215916878671872,0.37371578981558157
0,1,0.7887241096458087,0.5156422311873192,0.5774482192916175
0,1,0.8156433793152411,0.477935741499266,0.6312867586304822
0,1,0.8158072603513584,0.47769194383650965,0.6316145207027171
1,0,0.6899820919537571,0.6191149922493762,0.3799641839075145
1,1,0.7948120269303071,0.5075109096723672,0.5896240538606142
1,0,0.9840698008160059,0.08174630961859289,0.9681396016320117
0,0,0.9383621877053847,0.23145044029891162,0.8767243754107696
0,1,0.7900762431454301,0.5138556366149463,0.5801524862908602
1,0,0.9905571011546063,0.05342561649986692,0.9811142023092125
0,0,0.9869610218237093,0.06954031388442482,0.9739220436474185
1,0,0.9617721422200916,0.1622707006757032,0.9235442844401831
0,0,0.9659902368069019,0.148415431331901,0.9319804736138038
0,1,0.8024691388831172,0.49696035900765834,0.6049382777662348
0,1,0.836993060127403,0.4446226032186546,0.6739861202548061
1,1,0.7965099302193466,0.5052027877656944,0.5930198604386933
1,0,0.9396463126163418,0.2279395988643613,0.8792926252326836
1,1,0.7791090868288824,0.528033249787679,0.5582181736577649
1,0,0.9870630578946306,0.06909843014703668,0.9741261157892611
0,0,0.9602927555286508,0.16701263632535754,0.9205855110573016
0,0,0.9660500961781806,0.14821505701758622,0.9321001923563611
0,1,0.7805224606411358,0.5262459047609649,0.5610449212822716
1,0,0.9697019859739322,0.13577657323223874,0.9394039719478645
1,0,0.987116792937915,0.06886539448932252,0.9742335858758301
1,0,0.9383550703991929,0.23146981929280103,0.8767101407983855
1,0,0.9807483069318129,0.09511237453388831,0.9614966138636258
1,0,0.98064975531026,0.09549949628246429,0.9612995106205199
0,0,0.9368466922346006,0.23555721859352924,0.8736933844692013
1,1,0.7799138416662693,0.5270169875096512,0.5598276833325386
0,1,0.8187565353378827,0.47327378288817723,0.6375130706757652
1,0,0.9817333218798973,0.09121442487974851,0.9634666437597945
0,1,0.7800723050279512,0.5268164321545313,0.5601446100559025
0,0,0.9834279325147142,0.08438007048082985,0.9668558650294283
0,0,0.9368804737806511,0.23546610165761406,0.8737609475613022
0,1,0.8068941446991849,0.490695276399979,0.6137882893983696
1,0,0.6765295215305099,0.6294577838051953,0.35305904306102004
0,1,0.8097521293562376,0.486582180074183,0.6195042587124755
1,0,0.9752718870381039,0.11590925246698297,0.9505437740762076
1,0,0.9821230840661433,0.08965725283174068,0.9642461681322868
0,1,0.8099236772361904,0.48633361452271806,0.6198473544723808
1,0,0.9382085922296698,0.2318684555651664,0.8764171844593396
1,1,0.7793069611538469,0.5277837189637745,0.5586139223076937
0,0,0.9337595442099645,0.24380376922541164,0.8675190884199292
0,1,0.7945282337717565,0.5078949696119319,0.5890564675435129
0,1,0.7586408772639603,0.5526415038986146,0.5172817545279209
1,0,0.938448440162165,0.23121552255217853,0.87689688032433
1,0,0.9773062175384571,0.108345350183461,0.9546124350769143
1,0,0.9806640133947927,0.09544352066680951,0.9613280267895854
1,0,0.6803905962626428,0.6265746864839834,0.36078119252528545
0,0,0.9384298848868576,0.23126607068696353,0.8768597697737153
0,0,0.9612490958934492,0.16395393222580446,0.9224981917868984
0,1,0.7865358141863068,0.5185104350238073,0.5730716283726137
1,0,0.9869974639017169,0.06938258876085912,0.973994927803434
1,0,0.9773062175384571,0.108345350183461,0.9546124350769143
0,1,0.8713757816220415,0.3837630092100798,0.7427515632440832
1,0,0.9381839569817519,0.23193546332957007,0.876367913963504
1,1,0.7950005521133546,0.5072555038106621,0.5900011042267095
1,0,0.9333212904662078,0.24496180744603277,0.8666425809324156
1,0,0.9790341205335773,0.10177471001958363,0.9580682410671546
1,0,0.9731254234391276,0.12370408554236123,0.9462508468782551
1,0,0.9773062175384571,0.108345350183461,0.9546124350769143
0,0,0.9663172712226966,0.14731937588609995,0.9326345424453932
1,0,0.933100536636618,0.2455439556033569,0.8662010732732357
1,0,0.9392799985798109,0.2289440531776157,0.8785599971596219
0,0,0.933796206677754,0.24370675212372445,0.8675924133555077
1,0,0.93490325362657,0.2407669658246514,0.8698065072531399
0,0,0.9894157088400234,0.058669503071184084,0.9788314176800468
1,0,0.9752851328963359,0.11586057327322002,0.9505702657926719
1,0,0.9808887012500639,0.09456000100654191,0.9617774025001279
0,0,0.969889228112625,0.1351270116115392,0.93977845622525
0,1,0.7949781625635902,0.5072858476249046,0.5899563251271803
1,0,0.6845176386978387,0.6234171750800713,0.3690352773956772
0,0,0.9589747373126741,0.1711889113693816,0.917949474625348
0,1,0.8025330959370016,0.49687069119732874,0.6050661918740031
1,0,0.9902416160186561,0.054888307598053764,0.9804832320373122
0,1,0.790030656321311,0.5139160504454374,0.580061312642622
0,1,0.7790206644639506,0.5281446818824869,0.5580413289279016
0,1,0.8037732652953344,0.49512686283178453,0.6075465305906689
0,0,0.9612508695005607,0.16394823699015496,0.9225017390011214
0,1,0.7871241632032522,0.5177420968210965,0.5742483264065044
1,0,0.9731254234391276,0.12370408554236123,0.9462508468782551
0,1,0.8090255947429913,0.4876327815411715,0.6180511894859826
0,0,0.9589747577445311,0.17118884697476808,0.9179495154890625
0,1,0.8023518974976944,0.49712466446227727,0.6047037949953888
1,0,0.9763032012020784,0.11209704788954311,0.9526064024041568
1,0,0.9383002469720853,0.23161906311742628,0.8766004939441705
0,1,0.787258612334038,0.5175662268450346,0.5745172246680758
0,0,0.9373764823879566,0.2341260204909026,0.8747529647759131
0,0,0.961594790142251,0.16284227179549554,0.923189580284502
1,0,0.7441970170072013,0.5686210310929949,0.4883940340144027
1,0,0.6825230128008601,0.6249530343770495,0.3650460256017202
0,1,0.7800537548416426,0.5268399173158862,0.5601075096832853
0,1,0.8021035814191542,0.49747237561281643,0.6042071628383086
1,0,0.9715075670078774,0.12946201530905002,0.9430151340157548
0,0,0.6765825660750182,0.6294186374919275,0.35316513215003636
0,1,0.8224486454316577,0.4676601058559162,0.6448972908633156
0,1,0.8093295962560243,0.48719359805153534,0.6186591925120487
1,0,0.6953826248309177,0.6147259792032205,0.3907652496618354
0,1,0.8089636183537946,0.4877222438757016,0.6179272367075892
0,1,0.7736687226470274,0.5348052400412433,0.5473374452940548
1,0,0.9638212631735023,0.1556037398982129,0.9276425263470045
1,0,0.9807606949438128,0.09506367670158837,0.9615213898876257
1,0,0.93818045614442,0.23194498474218792,0.87636091228884
0,1,0.802752116684884,0.4965634284523647,0.605504233369768
1,1,0.7785623435136112,0.5287215419785483,0.5571246870272224
1,0,0.9762953970365942,0.11212606584165627,0.9525907940731884
0,0,0.9659830678995504,0.14843942134190566,0.9319661357991008
1,0,0.9788065818817144,0.10264803682992951,0.9576131637634288
1,0,0.9757968951286526,0.11397421115484532,0.9515937902573054
0,0,0.961900910203053,0.1618551707594015,0.9238018204061058
0,1,0.7843437805226596,0.5213549438879816,0.5686875610453194
1,0,0.9644335038904785,0.15358869571104616,0.928867007780957
1,0,0.9687209271652875,0.1391606202414064,0.9374418543305749
0,1,0.8028436476712426,0.49643493049820264,0.6056872953424851
1,0,0.7020893054510451,0.6090836308388234,0.40417861090209045
1,0,0.9736765164683413,0.12172018413476132,0.9473530329366826
1,0,0.9663140098133092,0.14733032266618104,0.9326280196266183
1,0,0.9687209271652875,0.1391606202414064,0.9374418543305749
0,0,0.9384500745814056,0.2312110697945497,0.8769001491628112
1,0,0.9382122420883304,0.23185852707560856,0.8764244841766611
0,0,0.9354581577970306,0.23928584918049237,0.8709163155940612
1,1,0.8090946090479455,0.4875331307853951,0.6181892180958909
0,1,0.7788841392365808,0.5283166452228567,0.5577682784731617
1,0,0.9382338480117433,0.23179974908319068,0.8764676960234865
0,0,0.9608707636809426,0.16516687169012179,0.9217415273618851
1,1,0.7790735812276526,0.5280780002999079,0.5581471624553053
0,0,0.9641441995906213,0.15454222263548328,0.9282883991812424
0,1,0.7947789314080825,0.5075557235802952,0.5895578628161652
1,0,0.9707432879744003,0.13214885616379812,0.9414865759488006
0,1,0.8227700610209062,0.46716701345411016,0.6455401220418124
1,0,0.6711788244413868,0.633340665422324,0.3423576488827735
1,0,0.9721980656901626,0.12701641942008368,0.9443961313803252
0,1,0.7810363076482466,0.5255932089748173,0.5620726152964931
1,0,0.9718729658892855,0.1281700239325199,0.9437459317785711
1,0,0.9381471795826187,0.2320354782198802,0.8762943591652372
1,0,0.9731254234391276,0.12370408554236123,0.9462508468782551
1,0,0.9381909441846695,0.2319164592320997,0.8763818883693392
1,1,0.7792968551035736,0.5277964687857232,0.558593710207147
1,0,0.6696831799808987,0.6344027759627422,0.3393663599617973
1,0,0.9900347046937868,0.055842001228676316,0.9800694093875737
0,0,0.9379825855707072,0.23248280064406704,0.8759651711414145
1,0,0.6765295215305099,0.6294577838051953,0.35305904306102004
0,1,0.7791028437592351,0.5280411189519594,0.5582056875184702
0,1,0.7782188929899571,0.5291530230889099,0.5564377859799139
1,0,0.6765295215305099,0.6294577838051953,0.35305904306102004
1,0,0.9381641470693949,0.23198933861179186,0.8763282941387897
0,1,0.8552799215444347,0.4134401304511729,0.7105598430888695
0,1,0.7948009008601399,0.5075259759850006,0.5896018017202795
1,0,0.6921927403620376,0.6173349567225546,0.38438548072407513
0,1,0.8178949858601656,0.47457045465454817,0.635789971720331
1,0,0.9381651987906349,0.23198647850777723,0.8763303975812697
0,1,0.7948186017605446,0.5075020060418654,0.5896372035210892
1,0,0.9910537428009301,0.051101320788195674,0.9821074856018602
1,0,0.9698891669264804,0.13512722406805694,0.9397783338529608
0,0,0.9678210620018972,0.1422366421270058,0.9356421240037943
0,0,0.9687209835859639,0.1391604265476316,0.9374419671719278
0,1,0.7802099618989297,0.5266420912369907,0.5604199237978591
0,0,0.9397201974452642,0.22773671606271445,0.8794403948905286
1,0,0.6711788244413868,0.633340665422324,0.3423576488827735
1,0,0.6905074973011418,0.6186940038171886,0.38101499460228344
1,0,0.6670822056225965,0.6362257500448967,0.334164411245193
1,0,0.6832366188624978,0.6244056712590496,0.3664732377249956
0,1,0.7957233477255503,0.5062742690349488,0.5914466954511006
1,0,0.9381689497626527,0.2319762777691967,0.8763378995253054
1,0,0.6958130259739698,0.6143702862496787,0.3916260519479397
1,0,0.6765295215305099,0.6294577838051953,0.35305904306102004
1,0,0.9382481420430065,0.23176085835394433,0.8764962840860129
0,1,0.7949484580961476,0.5073261003574622,0.589896916192295
0,0,0.9617738000209931,0.16226535387722038,0.9235476000419862
1,0,0.6769539206935992,0.6291442215246386,0.3539078413871984
0,1,0.7805463826773605,0.5262155528775572,0.5610927653547211
0,1,0.794497741096372,0.507936206274783,0.5889954821927439
0,0,0.9647345211149849,0.15259397327637622,0.92946904222997
0,1,0.7946992271855507,0.5076636217297582,0.5893984543711015
0,0,0.9245537537790233,0.2675041375542549,0.8491075075580466
0,1,0.7763584015597852,0.5314785218200834,0.5527168031195704
1,0,0.9697019859739322,0.13577657323223874,0.9394039719478645
0,0,0.9396499371710848,0.22792964832546586,0.8792998743421696
1,0,0.6765295215305099,0.6294577838051953,0.35305904306102004
0,1,0.7875796515054451,0.5171458458606785,0.57515930301089
0,1,0.9399219414727301,0.22718224929964403,0.8798438829454605
0,1,0.8012498394694034,0.49866488891864735,0.6024996789388068
1,0,0.9858515184171345,0.07429424453048192,0.971703036834269
0,1,0.7890167976789533,0.5152564302275353,0.5780335953579063
0,1,0.7947021149645904,0.5076597131310099,0.5894042299291811
1,0,0.9695884891525817,0.1361697236597376,0.9391769783051634
0,0,0.9338969155664979,0.243440141921074,0.8677938311329958
1,0,0.7456471911408851,0.5670668622593062,0.4912943822817702
1,1,0.7789762118707043,0.528200685005285,0.5579524237414085
1,0,0.6828120339537981,0.6247316274299985,0.3656240679075963
0,1,0.7948859773985201,0.5074107507230597,0.5897719547970404
0,1,0.7940880871518462,0.5084896484315075,0.5881761743036924
1,0,0.9767811282826243,0.11031493874322741,0.9535622565652486
0,1,0.8156425685643377,0.47793694716895385,0.6312851371286754
0,1,0.8028276625957397,0.4964573753411039,0.6056553251914794
0,0,0.9331880767858476,0.24531319771590304,0.8663761535716952
0,1,0.7893592702855072,0.5148043533270019,0.5787185405710146
1,1,0.7870140846180581,0.5178860078942664,0.5740281692361163
0,1,0.7869705482080552,0.5179429052039589,0.5739410964161104
0,1,0.7949907390979849,0.5072688034435564,0.5899814781959698
0,0,0.6765825660750182,0.6294186374919275,0.35316513215003636
1,0,0.9381724578168473,0.23196673742420892,0.8763449156336947
0,1,0.8158496890884332,0.47762879559395655,0.6316993781768667
1,0,0.9384321762178961,0.23125982898352457,0.8768643524357919
1,0,0.9817670539949239,0.09107999625385259,0.9635341079898478
1,0,0.9653898176489187,0.15041928198657428,0.9307796352978375
1,0,0.9837427873952035,0.08309135493069641,0.9674855747904071
1,1,0.7726597741850686,0.5360424793033916,0.5453195483701372
0,0,0.9807048781430276,0.09528303089673767,0.9614097562860552
1,1,0.7785213901355065,0.5287730281237524,0.5570427802710128
1,0,0.9659805637875511,0.14844780072618297,0.9319611275751024
1,1,0.7630111292034121,0.547584135079446,0.5260222584068239
1,1,0.7872503467718504,0.5175770419598709,0.5745006935437009
0,0,0.9324495688017227,0.2472560814294092,0.8648991376034453
1,0,0.9368517060416424,0.2355436963719875,0.8737034120832848
0,0,0.9396519928326346,0.22792400478720645,0.8793039856652691
0,1,0.7869383366967531,0.5179849948368564,0.5738766733935063
1,1,0.7715703622863297,0.5373718817191266,0.5431407245726593
1,0,0.9806530779788478,0.09548645282177347,0.9613061559576958
0,1,0.8288663516666597,0.45767921068367845,0.6577327033333193
1,0,0.9834720832590201,0.08419972875337217,0.9669441665180404
1,0,0.9678197338904024,0.14224116263836878,0.935639467780805
0,1,0.7949006122911018,0.5073909251629424,0.5898012245822035
1,0,0.9761294878960591,0.112742338596592,0.9522589757921182
1,0,0.9381642547816765,0.23198904569443363,0.8763285095633528
1,0,0.9823398392826488,0.08878754337740175,0.9646796785652976
0,1,0.829206177368252,0.4571426895855988,0.6584123547365041
1,0,0.9724041944047804,0.12628295651036056,0.9448083888095609
0,1,0.822165061995562,0.4680945714366238,0.6443301239911241
1,0,0.9867711375990329,0.07036048932955963,0.9735422751980658
1,0,0.9797361231630609,0.09906430581183015,0.9594722463261219
0,0,0.7158648850064403,0.5968164925508408,0.43172977001288076
0,1,0.7944058005072588,0.5080605073392055,0.5888116010145176
1,0,0.9910981376965412,0.050892218999897876,0.9821962753930823
1,0,0.9904507988816917,0.05391963964017788,0.9809015977633836
0,0,0.9593002113047432,0.1701617728463738,0.9186004226094864
0,1,0.7855328386519301,0.5198154924597733,0.5710656773038603
0,1,0.7788353339385069,0.5283780927427277,0.5576706678770138
0,1,0.8226479297859242,0.4673544617059472,0.6452958595718483
0,1,0.7945271748420694,0.507896401747245,0.5890543496841386
0,0,0.9628778869346114,0.15868765464963216,0.9257557738692229
1,1,0.7786678479506628,0.5285888581217549,0.5573356959013255
0,0,0.9369637783104677,0.23524132686082594,0.8739275566209352
0,1,0.7872055991493289,0.5176355851215859,0.5744111982986579
0,1,0.7959345637863565,0.5059869251656326,0.5918691275727129
0,1,0.8009251163450846,0.49911726236427933,0.601850232690169
0,1,0.8158032034865695,0.4776979811893413,0.6316064069731389
0,0,0.966313088097743,0.14733341630553817,0.932626176195486
0,0,0.9638305841206741,0.15557314325562782,0.9276611682413483
0,1,0.778872569719482,0.5283312128865463,0.557745139438964
1,1,0.8022499904440983,0.49726740952783544,0.6044999808881962
0,0,0.9582065253251969,0.17360261136735172,0.9164130506503938
1,0,0.9851434378859011,0.07728158200742029,0.9702868757718021
0,1,0.804022429281947,0.4947753331705354,0.608044858563894
0,1,0.794640846641026,0.5077426286298905,0.5892816932820517
1,0,0.9819000414944439,0.09054939642301818,0.9638000829888878
0,0,0.9371008536453986,0.23487121025283647,0.8742017072907975
1,0,0.9378410192710804,0.2328671673349309,0.8756820385421609
1,0,0.9369359990472271,0.23531629475798418,0.8738719980944544
0,1,0.7868640644900302,0.5180820200964981,0.5737281289800604
0,0,0.9383647281297168,0.23144352302209392,0.8767294562594335
1,0,0.6811369076866921,0.6260095167147972,0.3622738153733844
1,1,0.7793878480028467,0.5276816504846731,0.5587756960056933
1,0,0.9650783556969782,0.15145449947076356,0.9301567113939565
0,0,0.9337462590043097,0.24383891949062225,0.8674925180086196
1,0,0.6785136383234418,0.6279847627897788,0.35702727664688366
0,1,0.7941490086028825,0.5084074086012473,0.588298017205765
0,0,0.9617737902502402,0.16226538539041901,0.9235475805004806
0,1,0.7894887077359319,0.5146333073174757,0.5789774154718637
0,1,0.8082058327139329,0.4888140923460786,0.6164116654278656
0,1,0.7882094861933452,0.5163193256670895,0.5764189723866905
1,0,0.9731254234391276,0.12370408554236123,0.9462508468782551
0,1,0.789422595711636,0.5147206840993047,0.578845191423272
0,0,0.9593002092468179,0.170161779349379,0.9186004184936358
1,0,0.986689778781021,0.07071105854992811,0.9733795575620422
1,1,0.7154393526220622,0.5972092571703861,0.43087870524412414
0,1,0.8239964319979501,0.46527908704284704,0.6479928639959005
0,0,0.9606085451573566,0.16600531288247383,0.9212170903147131
1,0,0.6773564312312267,0.6288460704089063,0.35471286246245337
1,1,0.787110112580817,0.5177604699068667,0.5742202251616337
1,0,0.7100729685474367,0.6020863347891277,0.42014593709487347
0,1,0.7860938051717071,0.5190863080331511,0.5721876103434143
1,0,0.959300214711099,0.17016176208235348,0.918600429422198
1,0,0.9369214583976221,0.2353555304012117,0.8738429167952443
0,1,0.8438380274938243,0.4332503944245848,0.6876760549876487
0,1,0.7958069121615534,0.5061606186083795,0.5916138243231067
1,0,0.9706454587335115,0.1324912812614849,0.941290917467023
0,1,0.779240991096222,0.527866936264161,0.558481982192444
1,0,0.9920196921653135,0.04649947798895755,0.984039384330627
0,1,0.7931531483340949,0.5097489083594504,0.5863062966681896
0,1,0.7812625506947758,0.5253053424510731,0.5625251013895515
0,1,0.7872292075612465,0.5176046998066479,0.5744584151224928
1,0,0.7090876643876435,0.6029665533334767,0.41817532877528696
1,0,0.9807297840242927,0.09518517375567896,0.9614595680485853
1,0,0.9778549004603375,0.10627397494765334,0.9557098009206749
1,1,0.8091310984395284,0.4874804307622829,0.6182621968790569
0,0,0.9589746096564656,0.17118931370027105,0.9179492193129313
1,0,0.938257804963594,0.23173456580031235,0.8765156099271878
1,0,0.9973527360815203,0.018353226224164295,0.9947054721630406
1,1,0.7872463539687787,0.5175822662162519,0.5744927079375574
1,0,0.986689778781021,0.07071105854992811,0.9733795575620422
0,1,0.7790101978546597,0.5281578691610529,0.5580203957093196
1,0,0.9659805637875511,0.14844780072618297,0.9319611275751024
0,1,0.7948491020746957,0.5074606990707284,0.5896982041493914
1,0,0.9923000815399667,0.04514220154556163,0.9846001630799336
1,0,0.6889560587288865,0.6199333960726696,0.37791211745777314
1,0,0.9383000565150446,0.23161958150119386,0.8766001130300889
1,0,0.9767811282826243,0.11031493874322741,0.9535622565652486
0,1,0.7936254533312217,0.5091134324315347,0.5872509066624432
1,1,0.7867275635019783,0.5182602519558286,0.5734551270039566
1,0,0.9762953970365942,0.11212606584165627,0.9525907940731884
0,0,0.988989400027124,0.060595418992079056,0.977978800054248
0,0,0.968411306388001,0.14022197995214009,0.936822612776002
0,1,0.8023811517618827,0.4970836748109012,0.6047623035237657
1,0,0.9910619301566687,0.05106277475532893,0.9821238603133373
0,0,0.9324240050814766,0.24732317949012478,0.8648480101629531
0,1,0.8154454317900967,0.4782299800366445,0.6308908635801932
0,0,0.9395816609078643,0.22811704916355013,0.8791633218157288
0,1,0.8026853672504399,0.49665710287195797,0.60537073450088
1,0,0.9762953970365942,0.11212606584165627,0.9525907940731884
1,0,0.9780184831251574,0.10565374616067641,0.9560369662503148
1,1,0.7946875040183704,0.5076794884702799,0.5893750080367407
1,0,0.9663146561286775,0.14732815336245839,0.932629312257355
0,0,0.9384072531280537,0.23132771587978554,0.8768145062561075
1,0,0.9761297592596293,0.11274133157800248,0.9522595185192587
1,1,0.7781073898845358,0.5292929588132754,0.5562147797690715
0,1,0.795776806242426,0.5062015686162747,0.5915536124848518
0,1,0.8227352446454492,0.4672204603998711,0.6454704892908985
1,0,0.9714219437848081,0.12976406538951843,0.942843887569616
1,0,0.9644326981514598,0.15359135475057917,0.9288653963029198
1,0,0.6925650357382911,0.6170329266961379,0.385130071476582
0,1,0.8257043765910003,0.4626325152239785,0.6514087531820006
1,0,0.9834720832590201,0.08419972875337217,0.9669441665180404
0,1,0.645346136329903,0.6502800584621254,0.29069227265980596
1,0,0.981352618563004,0.09272722496429407,0.9627052371260081
1,0,0.9835444773126812,0.0839037624285294,0.9670889546253624
0,0,0.961901326567966,0.1618538264308769,0.9238026531359321
0,1,0.8230069499568302,0.46680314225493835,0.6460138999136604
1,0,0.9388926219681875,0.23000370296781983,0.8777852439363748
1,0,0.9743129131532192,0.11941443556492437,0.9486258263064384
0,1,0.7793143923517889,0.5277743433643112,0.5586287847035779
1,0,0.6670822056225965,0.6362257500448967,0.334164411245193
1,0,0.9474875725605622,0.20584751601303697,0.8949751451211245
1,0,0.9929446682933419,0.04198229756393481,0.9858893365866839
0,1,0.7871661689103391,0.5176871616613727,0.574332337820678
0,1,0.8029701782938988,0.4962572103103687,0.6059403565877979
0,1,0.787101632857245,0.5177715577201865,0.5742032657144901
1,1,0.7792867336355561,0.5278092374635667,0.5585734672711125
0,1,0.8504164785265159,0.4219859829819664,0.7008329570530318
0,1,0.940156669878281,0.22653622201896906,0.8803133397565619
1,0,0.9852659882876629,0.07676704879875298,0.9705319765753257
1,0,0.9715291519682593,0.12938582902201848,0.9430583039365183
1,0,0.6875394517567389,0.6210552649049188,0.37507890351347817
1,1,0.7785902573740187,0.5286864433992542,0.5571805147480373
1,0,0.9807221143750255,0.0952153118986047,0.9614442287500512
1,0,0.6819104756885226,0.625420999237088,0.36382095137704507
0,0,0.6825232498306757,0.6249528529564535,0.36504649966135133
1,0,0.9593002110546778,0.17016177363657597,0.9186004221093556
1,0,0.9381831087416009,0.23193777035261104,0.8763662174832019
1,1,0.8021988389643139,0.4973390346641262,0.6043976779286278
1,0,0.9730455450023453,0.12399067392027616,0.9460910900046906
0,0,0.9615929422828566,0.16284822259570045,0.9231858845657133
1,0,0.9687209271652875,0.1391606202414064,0.9374418543305749
0,1,0.7871058917290714,0.5177659890102476,0.5742117834581427
1,0,0.9381575651095845,0.23200723749366625,0.876315130219169
0,1,0.7882283704816726,0.516294507504446,0.576456740963345
1,0,0.7097134173128224,0.6024080847571851,0.41942683462564495
0,1,0.8147886374152904,0.47920440621167293,0.6295772748305808
1,0,0.9381920514465495,0.23191344757594856,0.8763841028930992
0,0,0.9663146687468006,0.14732811101065077,0.9326293374936013
1,0,0.678392334113052,0.6280753371774237,0.3567846682261039
0,0,0.6765825660750182,0.6294186374919275,0.35316513215003636
1,0,0.6825045123379321,0.6249671936734426,0.36500902467586416
1,0,0.9852487997094949,0.07683927797687565,0.9704975994189896
1,0,0.9874760590094954,0.0673014660698108,0.9749521180189907
0,1,0.8392063533321589,0.4409835864321291,0.6784127066643175
0,1,0.7967813251607323,0.5048322088607814,0.5935626503214646
0,1,0.8277707224221945,0.4594034666413791,0.6555414448443893
0,0,0.9401062417215299,0.22667509453200915,0.8802124834430599
0,0,0.9680686836664397,0.14139281671063053,0.9361373673328793
1,0,0.9725081714444481,0.12591237739928784,0.9450163428888961
0,1,0.8234010335447195,0.46619695986180965,0.6468020670894391
1,0,0.9659805637875511,0.14844780072618297,0.9319611275751024
1,1,0.8099269245839681,0.4863289074113386,0.6198538491679364
0,1,0.8019479427259125,0.49769011474279146,0.603895885451825
1,0,0.9659805637875511,0.14844780072618297,0.9319611275751024
0,0,0.9638212722099437,0.1556037102366859,0.9276425444198876
1,0,0.9870030836581645,0.0693582566651847,0.974006167316329
1,0,0.9663146561286775,0.14732815336245839,0.932629312257355
1,0,0.6963639592996618,0.6139137055764614,0.3927279185993234
0,1,0.786913901778058,0.5180169189458401,0.5738278035561157
0,1,0.7946995448653372,0.5076631917537895,0.5893990897306746
1,0,0.9908173077766034,0.05221122125138415,0.9816346155532067
1,1,0.7791321090328,0.5280042291718998,0.5582642180655999
1,0,0.6641687702541292,0.6382315567415089,0.3283375405082585
1,0,0.965214857323655,0.15100115980352635,0.9304297146473101
1,0,0.9647822402044488,0.15243603979137094,0.9295644804088976
0,1,0.7591191269154829,0.5520931671977609,0.5182382538309659
1,0,0.9909305005848017,0.05168063497595758,0.9818610011696034
1,0,0.9905571011546063,0.05342561649986692,0.9811142023092125
0,1,0.8160788374988425,0.47728753846392025,0.6321576749976847
0,1,0.7949819059096349,0.5072807746062895,0.58996381181927
1,0,0.9807110633818794,0.09525873167428667,0.9614221267637588
0,1,0.7946962380911756,0.5076676674046211,0.5893924761823512
1,0,0.9382336026749737,0.2318004165566105,0.8764672053499474
1,0,0.9908173077766034,0.05221122125138415,0.9816346155532067
0,1,0.8221743501104635,0.4680803502447167,0.644348700220927
1,0,0.9663146561286775,0.14732815336245839,0.932629312257355
0,1,0.829497544493735,0.45668202625748927,0.65899508898747
0,1,0.8029210252652248,0.4963262608363288,0.6058420505304496
1,1,0.7487269030032785,0.5637294674313853,0.497453806006557
1,0,0.9734884600900844,0.122398495508487,0.9469769201801688
0,1,0.8196739804193051,0.47188748589546703,0.6393479608386101
0,1,0.8029645038358522,0.49626518260925073,0.6059290076717043
1,0,0.6696831799808987,0.6344027759627422,0.3393663599617973
0,0,0.961593050280356,0.1628478748057972,0.9231861005607119
1,1,0.7778576608011512,0.5296061061023989,0.5557153216023021
1,0,0.9748330736730046,0.11751782368483958,0.9496661473460093
0,0,0.7100086957389843,0.6021438963830921,0.4200173914779689
0,0,0.9606105116943924,0.16599903167653635,0.9212210233887848
1,0,0.7020893054510451,0.6090836308388234,0.40417861090209045
1,0,0.9865992336234871,0.0711006185772588,0.9731984672469741
1,1,0.7868898802983373,0.5180482994278304,0.5737797605966746
1,0,0.9834720832590201,0.08419972875337217,0.9669441665180404
0,1,0.8024691388831172,0.49696035900765834,0.6049382777662348
1,0,0.6965762794363253,0.6137373641807109,0.3931525588726504
1,0,0.6936970401040259,0.6161105710080124,0.38739408020805166
1,0,0.6883316814750723,0.620429018633613,0.37666336295014446
1,0,0.9808114620953735,0.09486402373121108,0.961622924190747
1,0,0.6963639592996618,0.6139137055764614,0.3927279185993234
0,0,0.9397121407184718,0.2277588439753127,0.8794242814369435
0,0,0.9893105192471955,0.059146299906715834,0.978621038494391
1,0,0.9593002110546778,0.17016177363657597,0.9186004221093556
0,1,0.81164117320604,0.48383447679010505,0.6232823464120799
0,1,0.8094318693754127,0.48704571200391716,0.6188637387508253
0,0,0.938320854585287,0.23156296985246871,0.8766417091705742
1,0,0.6696831799808987,0.6344027759627422,0.3393663599617973
1,0,0.9395846191981658,0.22810893111765967,0.8791692383963319
1,1,0.7801905718549079,0.5266666552003666,0.5603811437098161
1,0,0.9634643536949192,0.15677345099556325,0.9269287073898385
0,1,0.7948723036345968,0.5074292730767078,0.5897446072691938
1,0,0.9380998516157022,0.23216415072449642,0.8761997032314042
1,0,0.668395579360515,0.6353090459360249,0.3367911587210298
1,0,0.9676354352221813,0.1428679143309537,0.9352708704443626
0,1,0.7871083365328676,0.5177627922454654,0.574216673065735
1,0,0.6765295215305099,0.6294577838051953,0.35305904306102004
1,0,0.9698891669264804,0.13512722406805694,0.9397783338529608
1,0,0.6670822056225965,0.6362257500448967,0.334164411245193
0,1,0.8186962264081861,0.47336471321529017,0.6373924528163721
1,0,0.9593002882120482,0.17016152982066254,0.9186005764240963
1,0,0.9725081714444481,0.12591237739928784,0.9450163428888961
1,0,0.93328643657261,0.245053772365608,0.8665728731452201
0,1,0.8201195837077537,0.471212107904071,0.6402391674155072
0,1,0.8023710850013186,0.497097780474966,0.6047421700026369
1,0,0.9870630578946306,0.06909843014703668,0.9741261157892611
0,1,0.8094318693754127,0.48704571200391716,0.6188637387508253
0,0,0.965078366592215,0.15145446330835421,0.9301567331844302
1,0,0.9331713453454134,0.2453573116818424,0.8663426906908269
0,1,0.8099942778168577,0.4862312617791966,0.6199885556337157
1,0,0.9824713642575709,0.08825849389623594,0.9649427285151416
1,1,0.7720556828183148,0.5367804812207859,0.5441113656366295
1,0,0.9593002110546778,0.17016177363657597,0.9186004221093556
1,0,0.9823398392826488,0.08878754337740175,0.9646796785652976
1,0,0.9929940786030812,0.0417376954793784,0.9859881572061626
1,0,0.9835444773126812,0.0839037624285294,0.9670889546253624
1,1,0.7881487181552607,0.5163991739125345,0.5762974363105214
1,0,0.6803905962626428,0.6265746864839834,0.36078119252528545
1,0,0.938254662528477,0.23174311646073642,0.8765093250569541
0,1,0.7948051246482832,0.5075202564526531,0.5896102492965667
0,0,0.9399873303042653,0.22700238219285765,0.8799746606085305
0,1,0.7948287823934245,0.5074882189129564,0.5896575647868487
0,0,0.9628772228291431,0.15868981678077904,0.9257544456582862
0,1,0.8046766910162444,0.49385040022116855,0.6093533820324889
0,0,0.9396768317028902,0.2278558071675781,0.8793536634057805
1,0,0.9614459406040515,0.16332132724954657,0.9228918812081031
0,1,0.8032027149862028,0.4959303340400011,0.6064054299724055
0,0,0.9882394958324756,0.06394309631600312,0.9764789916649511
1,0,0.9602909356975821,0.1670184337260292,0.9205818713951641
1,1,0.7769821492457039,0.530701103327072,0.5539642984914077
0,1,0.7870609655063135,0.5178247270745261,0.5741219310126268
1,1,0.7800601824449851,0.5268317799804073,0.5601203648899703
0,1,0.8007429198315575,0.49937079157912545,0.6014858396631151
1,0,0.9731254234391276,0.12370408554236123,0.9462508468782551
0,0,0.930500726415178,0.2523417932716644,0.861001452830356
0,0,0.9656156032454551,0.14966701632438756,0.9312312064909103
1,0,0.6649747940560452,0.6376804499781814,0.3299495881120903
0,1,0.8027545729008966,0.49655998092599773,0.6055091458017934
1,0,0.9835444773126812,0.0839037624285294,0.9670889546253624
1,0,0.9775918703955021,0.10726867446676708,0.9551837407910042
1,0,0.9757968951286526,0.11397421115484532,0.9515937902573054
1,0,0.678392334113052,0.6280753371774237,0.3567846682261039
0,1,0.7957535344683321,0.5062332190126773,0.5915070689366643
0,1,0.8020619899555675,0.4975305771678503,0.6041239799111352
1,1,0.795537608455156,0.5065267268077367,0.5910752169103122
0,0,0.9382792429559412,0.23167622783002612,0.8765584859118828
1,0,0.9881019537157752,0.06455175920353186,0.9762039074315506
0,0,0.9396926566694731,0.22781235245226142,0.8793853133389464
1,0,0.6765295215305099,0.6294577838051953,0.35305904306102004
0,0,0.9602927515642049,0.16701264895491086,0.9205855031284096
1,0,0.9908173077766034,0.05221122125138415,0.9816346155532067
0,1,0.7777703481576701,0.5297155064509129,0.5555406963153404
1,0,0.9834720832590201,0.08419972875337217,0.9669441665180404
1,1,0.7872262116207643,0.5176086193806327,0.5744524232415286
0,1,0.7949387638887079,0.5073392358745012,0.5898775277774156
0,0,0.95860969294736,0.17233772440543318,0.9172193858947199
1,1,0.765036028154491,0.5452051429887044,0.5300720563089819
0,1,0.8022250828533871,0.4973022885764495,0.604450165706774
1,0,0.9593002110546778,0.17016177363657597,0.9186004221093556
0,1,0.810062045440806,0.48613298563329566,0.6201240908816119
0,1,0.7290098960426485,0.5842411349639666,0.45801979208529714
1,1,0.8020686725023801,0.4975212265938783,0.6041373450047602
1,0,0.6765295215305099,0.6294577838051953,0.35305904306102004
0,1,0.7795058965046479,0.5275326206336838,0.5590117930092957
1,1,0.778987713387354,0.5281861960435721,0.5579754267747079
0,1,0.7685142653333652,0.5410653486270482,0.5370285306667307
1,1,0.7871250642544239,0.5177409185348405,0.5742501285088476
1,0,0.9859573361675932,0.07384476236474671,0.9719146723351865
1,1,0.7597803006090588,0.5513330387877567,0.5195606012181175
0,1,0.8422292621988201,0.43595469608147464,0.6844585243976402
0,0,0.9701621890577049,0.13417793023637103,0.9403243781154098
1,0,0.9672903559144924,0.14403852708791554,0.934580711828985
0,0,0.9591176358472345,0.1707382815820734,0.9182352716944692
0,0,0.9827764471198768,0.08702744063994514,0.9655528942397534
0,1,0.8169340488833362,0.4760108309241974,0.6338680977666723
0,0,0.9595467169505748,0.16938203996331885,0.9190934339011496
0,1,0.8080305892269107,0.4890660624929332,0.6160611784538215
1,1,0.7795480508489853,0.5274793834090947,0.5590961016979704
1,0,0.6825230917743215,0.6249529739314656,0.36504618354864254
1,0,0.960608733338292,0.16600471182869644,0.9212174666765841
0,0,0.6765825660750182,0.6294186374919275,0.35316513215003636
1,0,0.9621760143430648,0.16096590126665855,0.9243520286861295
0,0,0.9612490958934492,0.16395393222580446,0.9224981917868984
1,0,0.6682040121896153,0.6354432397579479,0.33640802437923073
1,1,0.8089145542193001,0.48779304986510397,0.6178291084386002
0,0,0.9396251247700719,0.22799776150909545,0.8792502495401435
0,1,0.8093070943422498,0.4872261265263889,0.6186141886844996
0,0,0.9911528758017157,0.05063409262349995,0.9823057516034315
1,0,0.6965762794363253,0.6137373641807109,0.3931525588726504
1,0,0.6785136383234418,0.6279847627897788,0.35702727664688366
1,0,0.9821230840661433,0.08965725283174068,0.9642461681322868
1,0,0.9892627996583216,0.05936225467801586,0.9785255993166433
0,0,0.9319914687044787,0.24845690460862968,0.8639829374089573
1,0,0.987673332683224,0.06643828966842874,0.9753466653664479
1,0,0.6628916757735088,0.6390987888465267,0.32578335154701765
0,1,0.8158771795419908,0.4775878741488905,0.6317543590839816
0,0,0.960870765665797,0.1651668653366622,0.921741531331594
0,1,0.7873484724740025,0.5174486225837484,0.5746969449480048
0,1,0.7865494304459202,0.5184926765654385,0.57309886089184
1,0,0.9802599644282805,0.0970256470577756,0.9605199288565609
0,1,0.7788848700260251,0.5283157250291541,0.5577697400520504
1,0,0.9806711748322546,0.09541540163485332,0.9613423496645093
1,0,0.9752716119680774,0.11591026328601259,0.950543223936155
0,0,0.961900910203053,0.1618551707594015,0.9238018204061058
1,0,0.9396183445374451,0.22801637221834814,0.8792366890748902
0,1,0.768437875008011,0.5411569961011516,0.5368757500160218
1,0,0.9773549297138077,0.1081620069090547,0.9547098594276154
1,1,0.7793549927713619,0.5277231140191563,0.5587099855427238
1,0,0.9834720832590201,0.08419972875337217,0.9669441665180404
1,0,0.9382183924978617,0.2318417959690044,0.8764367849957234
0,1,0.809351422772129,0.4871620427878692,0.6187028455442581
0,1,0.8456119681247559,0.4302456607352884,0.6912239362495118
1,0,0.9812052004272716,0.09331088411367246,0.9624104008545432
0,1,0.7911968347027483,0.5123666307636162,0.5823936694054969
1,0,0.7020909258045006,0.6090822417572398,0.4041818516090015
1,0,0.6711788244413868,0.633340665422324,0.3423576488827735
1,0,0.9834720832590201,0.08419972875337217,0.9669441665180404
0,1,0.7872448709153453,0.5175842066461764,0.5744897418306907
1,0,0.9775862691867926,0.10728982205774093,0.9551725383735853
1,0,0.9732455181273303,0.12327274966028884,0.9464910362546606
1,0,0.6868578949077907,0.6215916878671872,0.37371578981558157
1,1,0.7791874638350189,0.5279344391259142,0.5583749276700378
1,0,0.9631766325631259,0.1577137727165593,0.9263532651262518
1,1,0.7870344459287435,0.5178593940151279,0.574068891857487
0,1,0.7950641427271191,0.5071693047858126,0.590128285454238
1,1,0.7793331376758953,0.5277506918274881,0.5586662753517906
0,1,0.7763933480852602,0.5314350249230204,0.5527866961705202
1,0,0.9855936160807799,0.0753863857141088,0.9711872321615598
0,1,0.8011240352409821,0.49884022595986643,0.6022480704819639
0,0,0.9656697820338063,0.1494862770102594,0.9313395640676125
0,0,0.9593002583944069,0.17016162404389493,0.9186005167888137
1,1,0.7792067855557427,0.5279100745573058,0.5584135711114854
1,1,0.7791937401522802,0.5279265249671714,0.5583874803045605
0,1,0.8037351589631253,0.49518058992601266,0.6074703179262506
1,1,0.7795243941211939,0.527509261046044,0.5590487882423876
1,0,0.9727626721064644,0.12500361572293786,0.9455253442129289
1,0,0.938145253535968,0.23204071539602045,0.876290507071936
1,0,0.938190157924527,0.23191859777856594,0.8763803158490541
0,1,0.7904452569948978,0.5133661404882734,0.5808905139897953
0,1,0.7968669834240101,0.5047151515171161,0.5937339668480202
0,1,0.867504259828303,0.39110361752210343,0.735008519656606
1,1,0.8283978693634935,0.45841752189702406,0.6567957387269869
1,0,0.9804974854195526,0.09609662393320165,0.9609949708391051
1,1,0.7794963998911872,0.527544612593194,0.5589927997823745
1,0,0.9615924051258993,0.16284995242519473,0.9231848102517985
0,1,0.7802852053780264,0.5265467494905312,0.5605704107560527
0,1,0.7958064364949585,0.5061612656524469,0.5916128729899173
1,0,0.9814227378135579,0.09244919201518464,0.9628454756271159
0,1,0.7947281696341258,0.5076244459165837,0.5894563392682519
0,1,0.7803395343012484,0.5264778882517696,0.5606790686024967
0,1,0.6848017628174131,0.6231969022922274,0.3696035256348263
0,1,0.8261598834291349,0.4619232602869433,0.6523197668582699
1,0,0.6641687702541292,0.6382315567415089,0.3283375405082585
1,1,0.779207099354605,0.5279096788410025,0.55841419870921
0,0,0.6825232498306757,0.6249528529564535,0.36504649966135133
0,0,0.9745710062366569,0.1184747400058386,0.9491420124733139
1,0,0.9834720832590201,0.08419972875337217,0.9669441665180404
0,0,0.6765825660750182,0.6294186374919275,0.35316513215003636
0,0,0.9652171496427531,0.15099354198129944,0.9304342992855062
0,0,0.9628795390403327,0.1586822758281092,0.9257590780806655
0,0,0.9672083060467938,0.14431630963686526,0.9344166120935874
0,1,0.7420997295954718,0.5708491883493724,0.48419945919094354
1,0,0.9731254234391276,0.12370408554236123,0.9462508468782551
1,0,0.9743129131532192,0.11941443556492437,0.9486258263064384
0,1,0.7814483217420635,0.5250687476473591,0.562896643484127
0,1,0.7783907275678933,0.5289372306762047,0.5567814551357866
1,0,0.9853903079997806,0.076244029938843,0.9707806159995611
0,0,0.9680686853155185,0.14139281108444213,0.936137370631037
0,1,0.8027953950615208,0.4965026776684718,0.6055907901230415
1,0,0.9834720832590201,0.08419972875337217,0.9669441665180404
0,0,0.6765825660750182,0.6294186374919275,0.35316513215003636
0,1,0.7902261808867834,0.5136568435887126,0.5804523617735666
1,1,0.750389149707494,0.5619072159948869,0.5007782994149881
1,1,0.821527918561841,0.4690687054744298,0.6430558371236819
1,0,0.9871168863190166,0.06886498932110979,0.9742337726380332
1,0,0.9382018565777789,0.23188677754792536,0.8764037131555578
1,1,0.7793612706743537,0.5277151917463438,0.5587225413487074
1,0,0.9699876885892618,0.1347849612545394,0.9399753771785234
1,0,0.9834720832590201,0.08419972875337217,0.9669441665180404
1,0,0.9757968951286526,0.11397421115484532,0.9515937902573054
1,1,0.8022635132905063,0.4972484713327175,0.6045270265810125
1,0,0.9837917138879714,0.08289054304237745,0.9675834277759428
1,0,0.9593002110546778,0.17016177363657597,0.9186004221093556
0,0,0.9398188709505105,0.22746561490137654,0.8796377419010211
0,1,0.8031955857965272,0.49594036060642954,0.6063911715930543
0,1,0.7789251244997125,0.5282650327073377,0.557850248999425
1,0,0.9672063188129754,0.14432303484807799,0.934412637625951
0,0,0.9383751322045059,0.23141519278516162,0.8767502644090117
0,1,0.7863172338599403,0.5187953585041343,0.5726344677198807
1,1,0.7860727190929567,0.5191137510555158,0.5721454381859133
1,0,0.9720109645652756,0.12768081558083733,0.9440219291305513
1,0,0.98064975531026,0.09549949628246429,0.9612995106205199
1,1,0.8169942526324567,0.4759207713419268,0.6339885052649133
0,1,0.7945483200514611,0.5078678028903438,0.5890966401029222
1,1,0.7793135289613581,0.5277754326806545,0.5586270579227163
1,0,0.6862585351639532,0.6220616323525622,0.3725170703279065
0,1,0.820657465778332,0.47039507453396967,0.6413149315566639
1,0,0.9742125256532453,0.11977921774805161,0.9484250513064906
1,0,0.6765295215305099,0.6294577838051953,0.35305904306102004
0,1,0.8023306298658576,0.49715446024527343,0.6046612597317151
1,0,0.961900910203053,0.1618551707594015,0.9238018204061058
1,0,0.9383232432455624,0.23155646752097228,0.8766464864911248
1,1,0.8458826448286417,0.4297850695085892,0.6917652896572835
1,0,0.6832366188624978,0.6244056712590496,0.3664732377249956
1,0,0.9804701218838384,0.09620380147109986,0.9609402437676768
1,1,0.8029800821959938,0.49624329538953427,0.6059601643919876
1,1,0.7782945682816427,0.5290580100212223,0.5565891365632856
1,1,0.8291924395895696,0.45716439477059745,0.6583848791791391
1,0,0.6649747940560452,0.6376804499781814,0.3299495881120903
0,0,0.9396391649641664,0.22795922073120067,0.8792783299283329
1,0,0.676852612597115,0.6292191466240225,0.35370522519423
1,1,0.7881487181552607,0.5163991739125345,0.5762974363105214
1,0,0.9737709407402261,0.12137908005474599,0.947541881480452
0,0,0.9615947959086331,0.16284225322543794,0.9231895918172662
1,0,0.9817670539949239,0.09107999625385259,0.9635341079898478
0,0,0.9621777678895984,0.16096022630250129,0.9243555357791968
0,1,0.819490428298937,0.4721652956082405,0.6389808565978741
0,1,0.8079372006350201,0.48920025843350534,0.6158744012700399
0,0,0.9612508792632013,0.1639482056410737,0.9225017585264026
0,1,0.8595973699209903,0.40569370272778865,0.7191947398419807
1,0,0.9324796633930752,0.24717707772370534,0.8649593267861503
1,1,0.7793377299873356,0.5277448972590144,0.5586754599746714
0,0,0.938427143418033,0.23127353846945733,0.8768542868360658
1,1,0.7794982754739124,0.5275422442207933,0.5589965509478249
1,1,0.809204579805328,0.48737427869481165,0.618409159610656
1,0,0.9902658348141337,0.05477639069534075,0.9805316696282674
0,1,0.8312112544913106,0.4539604060992721,0.6624225089826212
1,1,0.787497747096521,0.5172531531398781,0.5749954941930421
1,0,0.9344027008074117,0.2420986695135775,0.8688054016148236
1,0,0.9593002416321954,0.17016167701218413,0.9186004832643908
0,0,0.9586095232462544,0.1723382576801497,0.9172190464925087
1,0,0.9659805637875511,0.14844780072618297,0.9319611275751024
0,0,0.9602927515642049,0.16701264895491086,0.9205855031284096
0,0,0.989116360964824,0.0600236279319886,0.978232721929648
1,1,0.7793149238366364,0.5277736728021059,0.5586298476732726
0,1,0.7805104739526547,0.5262611120164901,0.5610209479053094
0,0,0.9638227919299601,0.15559872182206702,0.9276455838599202
0,0,0.6765825660750182,0.6294186374919275,0.35316513215003636
1,0,0.9736648840834738,0.12176218158992291,0.9473297681669479
1,0,0.9835444773126812,0.0839037624285294,0.9670889546253624
0,1,0.7873163102494062,0.5174907203656153,0.5746326204988125
0,1,0.7796877910677446,0.5273028298584042,0.5593755821354889
0,1,0.8030373657825935,0.4961628001420435,0.6060747315651871
0,0,0.9383372848661428,0.23151824189544404,0.8766745697322854
1,0,0.9749367124624917,0.11713862483983677,0.9498734249249833
0,1,0.8107106403623884,0.48519088662898546,0.6214212807247768
1,0,0.9870030836581645,0.0693582566651847,0.974006167316329
1,0,0.6891592043635372,0.6197717495681626,0.3783184087270744
1,1,0.7869592194527434,0.5179577087899884,0.5739184389054868
1,0,0.9946225767572238,0.03346291127533013,0.9892451535144478
1,1,0.7501151831750448,0.5622085675845296,0.5002303663500897
0,0,0.9337380325428073,0.2438606837981685,0.8674760650856145
1,0,0.9331513518955514,0.2454100203457005,0.8663027037911027
1,0,0.9659805637875511,0.14844780072618297,0.9319611275751024
1,0,0.9381934276370782,0.2319097044277597,0.8763868552741565
1,1,0.7793089471652599,0.5277812133362765,0.5586178943305198
1,0,0.9734880516559778,0.12239996721826646,0.9469761033119557
1,1,0.7794215814875881,0.5276390720563233,0.5588431629751762
1,0,0.9946225767572238,0.03346291127533013,0.9892451535144478
0,1,0.8158265567571457,0.4776632257748039,0.6316531135142911
0,0,0.6765825660750182,0.6294186374919275,0.35316513215003636
0,1,0.7656970468191614,0.5444236004007953,0.5313940936383228
1,0,0.9878249298324394,0.06577280270013353,0.9756498596648787
0,1,0.7529895685460749,0.5590268707098129,0.50597913709215
1,0,0.677283534433944,0.6289001221184443,0.3545670688678879
1,0,0.9842324626090873,0.08107473018883854,0.9684649252181745
1,0,0.6696831799808987,0.6344027759627422,0.3393663599617973
1,1,0.8227228479077419,0.4672394887419896,0.6454456958154838
1,0,0.9763032012020784,0.11209704788954311,0.9526064024041568
1,0,0.9816203573172063,0.09166414786283367,0.9632407146344126
1,0,0.9879382528057414,0.0652740863343165,0.9758765056114828
0,0,0.9036203239773292,0.3170546975819083,0.8072406479546584
0,1,0.6624140465920353,0.6394212548586753,0.3248280931840706
0,1,0.8090267078961945,0.48763117448774584,0.6180534157923889
1,0,0.9834720832590201,0.08419972875337217,0.9669441665180404
1,0,0.9367060741928758,0.23593629205488542,0.8734121483857518
1,0,0.9725081714444481,0.12591237739928784,0.9450163428888961
0,0,0.9619030270584904,0.1618483359625533,0.9238060541169808
0,1,0.805361367843314,0.4928795528323954,0.610722735686628
0,1,0.7948362854023636,0.5074780575512612,0.5896725708047273
0,1,0.8014816175885245,0.49834159270298845,0.6029632351770492
0,1,0.8096767861471831,0.48669128878482454,0.6193535722943664
0,1,0.7907124031784881,0.5130112586772752,0.5814248063569765
1,0,0.9663146561286775,0.14732815336245839,0.932629312257355
0,0,0.9339267620584539,0.24336109669786526,0.8678535241169076
1,0,0.6696831799808987,0.6344027759627422,0.3393663599617973
1,1,0.7792183721170621,0.5278954629353998,0.558436744234124
0,1,0.8078098048974025,0.4893832307543723,0.6156196097948051
0,1,0.827896842662105,0.4592054134679783,0.6557936853242098
1,0,0.9725081714444481,0.12591237739928784,0.9450163428888961
1,0,0.6767225923295425,0.6293152378181355,0.35344518465908487
1,1,0.7805637620037685,0.5261935001808296,0.5611275240075368
1,0,0.6841065760390109,0.6237351978670641,0.3682131520780218
1,0,0.9732455181273303,0.12327274966028884,0.9464910362546606
1,0,0.6862585351639532,0.6220616323525622,0.3725170703279065
1,0,0.9382549323171134,0.23174238236443512,0.8765098646342269
0,1,0.7957566319647801,0.5062290065054523,0.5915132639295603
1,0,0.98049403275287,0.09611014950080428,0.9609880655057399
0,0,0.9335414206052746,0.24438052426878865,0.8670828412105492
1,0,0.9759139482123169,0.1135412018836385,0.9518278964246338
0,0,0.9675277985950709,0.14323345634604,0.9350555971901416
1,0,0.6773564312312267,0.6288460704089063,0.35471286246245337
1,0,0.9818936249854517,0.09057502010597314,0.9637872499709035
0,1,0.8166188244526862,0.47648198378955514,0.6332376489053724
0,0,0.9595467148980492,0.16938204646225793,0.9190934297960983
1,1,0.7721991966810521,0.5366053421980085,0.544398393362104
1,0,0.938312959477825,0.23158446094979812,0.8766259189556498
0,0,0.6765825660750182,0.6294186374919275,0.35316513215003636
0,0,0.9634669684039846,0.15676489492430631,0.9269339368079693
1,0,0.9908173077766034,0.05221122125138415,0.9816346155532067
0,1,0.8106489672026974,0.4852805861337,0.621297934405395
1,0,0.9606087352934612,0.16600470558384106,0.9212174705869225
1,1,0.7632032052709715,0.5473594462925182,0.5264064105419433
1,0,0.9834720832590201,0.08419972875337217,0.9669441665180404
0,1,0.78159166408068,0.5248860512087576,0.5631833281613602
1,1,0.8092304740714822,0.48733686319258485,0.6184609481429644
1,0,0.6765295215305099,0.6294577838051953,0.35305904306102004
0,1,0.834514481240745,0.44865519271958465,0.6690289624814901
0,0,0.9638204044630099,0.15560655854841357,0.9276408089260197
1,1,0.7866193994213458,0.5184014049279478,0.5732387988426919
1,0,0.989925541028876,0.05634340292948872,0.979851082057752
1,0,0.6667535571193651,0.6364539234343799,0.33350711423873036
0,1,0.7398926216491205,0.5731692015487188,0.47978524329824096
0,1,0.8107763715485296,0.4850952577092148,0.6215527430970591
1,0,0.9725081714444481,0.12591237739928784,0.9450163428888961
1,0,0.9821230840661433,0.08965725283174068,0.9642461681322868
1,0,0.9731254234391276,0.12370408554236123,0.9462508468782551
1,0,0.959300279720149,0.1701615566549198,0.918600559440298
0,0,0.9599382784794885,0.1681402524698159,0.9198765569589771
0,1,0.7881354622841591,0.5164165889799293,0.5762709245683184
1,0,0.9660479228138071,0.14822233408599472,0.9320958456276143
1,0,0.9757968951286526,0.11397421115484532,0.9515937902573054
1,0,0.9818936249854517,0.09057502010597314,0.9637872499709035
1,0,0.9606085451573566,0.16600531288247383,0.9212170903147131
1,0,0.9593002110546778,0.17016177363657597,0.9186004221093556
0,1,0.8390160451726861,0.4412979050678546,0.6780320903453723
1,0,0.9771264924399499,0.10902087710838239,0.9542529848798998
0,0,0.9612507306872304,0.1639486827371442,0.9225014613744609
1,0,0.9848497128825636,0.07851063775854539,0.9696994257651272
1,0,0.9855936160807799,0.0753863857141088,0.9711872321615598
0,1,0.7999738897150342,0.5004386179486133,0.5999477794300685
1,0,0.9790341205335773,0.10177471001958363,0.9580682410671546
0,1,0.7609533745361367,0.5499784989661445,0.5219067490722733
0,0,0.9575996007483699,0.1754991172972957,0.9151992014967398
1,0,0.9659805637875511,0.14844780072618297,0.9319611275751024
0,1,0.778959463038026,0.5282217828655738,0.557918926076052
1,1,0.7786513027535293,0.5286096698627757,0.5573026055070588
0,0,0.9634668902001318,0.15676515083235915,0.9269337804002635
0,0,0.9842294592856257,0.08108714536377531,0.9684589185712512
1,0,0.9897698996893806,0.05705621888394227,0.979539799378761
0,1,0.7967628873126897,0.5048573993995664,0.5935257746253794
1,0,0.9656693344394656,0.14948777053823417,0.931338668878931
1,0,0.939630295858133,0.22798356711269563,0.8792605917162659
1,0,0.9381513918060947,0.23202402440312522,0.8763027836121897
1,0,0.9393885725807125,0.22864658290640907,0.8787771451614249
1,0,0.6845176386978387,0.6234171750800713,0.3690352773956772
0,1,0.7792013606531459,0.5279169155445369,0.5584027213062919
0,1,0.7877690883874033,0.5168975009827095,0.5755381767748069
1,0,0.6706942237560604,0.6336859065490512,0.3413884475121208
0,1,0.8276308281132313,0.4596230194402834,0.6552616562264626
1,0,0.9672903559144924,0.14403852708791554,0.934580711828985
1,1,0.8029220286398303,0.4963248514411777,0.6058440572796606
1,1,0.7957102829905831,0.5062920336276593,0.5914205659811663
1,0,0.6832366188624978,0.6244056712590496,0.3664732377249956
0,1,0.7894854676857528,0.5146375901340197,0.5789709353715056
0,1,0.7827388056767113,0.5234196253886965,0.5654776113534226
1,0,0.6650072997848456,0.637658163520006,0.3300145995696912
0,1,0.8022254781411544,0.49730173507045883,0.6044509562823086
1,0,0.9875226307794833,0.06709797559410745,0.9750452615589668
1,0,0.9852487997094949,0.07683927797687565,0.9704975994189896
0,1,0.7872391780872471,0.5175916550313061,0.5744783561744942
1,0,0.9846281763384932,0.07943379851971145,0.9692563526769864
0,0,0.9869610218237093,0.06954031388442482,0.9739220436474185
1,0,0.9381738122352326,0.23196305395266467,0.8763476244704651
1,0,0.9864114268066748,0.07190666327770584,0.9728228536133496
0,1,0.7745556312187265,0.5337128534989762,0.549111262437453
0,1,0.8590161206390299,0.4067454992411751,0.7180322412780596
1,1,0.7919919016446978,0.5113055635780126,0.5839838032893953
0,1,0.8083890578070727,0.4885504341533068,0.6167781156141454
0,0,0.9322549694751675,0.24776659276671087,0.8645099389503348
0,0,0.9619030270584904,0.1618483359625533,0.9238060541169808
1,0,0.9593002103671984,0.17016177580899813,0.9186004207343966
1,1,0.822554390000989,0.46749795837224717,0.6451087800019779
0,0,0.9840115301100799,0.08198647955180119,0.9680230602201598
1,0,0.9593002110546778,0.17016177363657597,0.9186004221093556
0,0,0.9641441995906213,0.15454222263548328,0.9282883991812424
1,0,0.9852487997094949,0.07683927797687565,0.9704975994189896
1,0,0.9372035647766442,0.23459367141975102,0.8744071295532884
1,0,0.9898575020843479,0.056655308605445216,0.9797150041686956
0,1,0.7870535638302364,0.5178344031208092,0.5741071276604729
0,1,0.8107763715485296,0.4850952577092148,0.6215527430970591
0,0,0.9814703018621298,0.09226044025194285,0.9629406037242596
0,1,0.787378079524808,0.5174098638588247,0.5747561590496159
1,0,0.93820985385732,0.23186502366183356,0.8764197077146402
0,1,0.8092387753545336,0.48732486746815606,0.6184775507090671
1,0,0.7076856267901374,0.6042109487089761,0.41537125358027477
1,0,0.9334522412278449,0.24461610836362768,0.8669044824556897
1,0,0.9731254234391276,0.12370408554236123,0.9462508468782551
0,0,0.9282858798223957,0.25805044470700983,0.8565717596447915
0,1,0.8028595810370791,0.4964125566549977,0.6057191620741583
0,1,0.8172706488972845,0.47550699530580476,0.634541297794569
0,1,0.7750987789330759,0.5330416466637574,0.5501975578661518
0,1,0.7947485382113584,0.5075968724142907,0.5894970764227168
1,0,0.6832366188624978,0.6244056712590496,0.3664732377249956
0,1,0.7797665377818302,0.5272032879377112,0.5595330755636605
1,0,0.9663146561286775,0.14732815336245839,0.932629312257355
0,0,0.9595467128578118,0.16938205292228808,0.9190934257156236
1,0,0.9843062783114875,0.0807694069788851,0.968612556622975
0,0,0.9323952925638433,0.24739852995183131,0.8647905851276865
1,0,0.7127324320975262,0.5996869419837054,0.42546486419505264
1,0,0.9879500338256931,0.06522217826944515,0.9759000676513863
0,1,0.815695000138832,0.4778589670435756,0.6313900002776641
0,0,0.9619030270584904,0.1618483359625533,0.9238060541169808
0,1,0.8583236625602685,0.4079948924747222,0.7166473251205369
1,1,0.787462356107199,0.5172995083348934,0.5749247122143977
0,1,0.7873355779829425,0.5174655011840312,0.5746711559658849
0,1,0.7949305771012453,0.5073503284093015,0.5898611542024907
0,1,0.8015055607144105,0.4983081763457923,0.603011121428821
1,0,0.9890083219850543,0.060510294884181526,0.9780166439701086
0,0,0.9593020435902411,0.1701559828157049,0.9186040871804823
1,0,0.9835444773126812,0.0839037624285294,0.9670889546253624
0,1,0.7877808973035278,0.5168820128164274,0.5755617946070556
0,1,0.7791920926300668,0.5279286024420475,0.5583841852601337
0,1,0.7798007058333245,0.5271600856527004,0.5596014116666491
1,0,0.6845176386978387,0.6234171750800713,0.3690352773956772
0,1,0.8253448137815178,0.4631913604858054,0.6506896275630357
0,1,0.8445825887306959,0.43199216367069454,0.6891651774613917
0,1,0.7949627659131356,0.5073067124098812,0.5899255318262713
0,1,0.8151919764083014,0.47860634798350854,0.6303839528166029
0,0,0.9628778694205653,0.15868771167034917,0.9257557388411306
1,0,0.9949356470727666,0.03181929116170422,0.9898712941455333
1,0,0.981504186958379,0.09212589577800467,0.963008373916758
0,1,0.7955908899706939,0.506454327998236,0.591181779941388
1,0,0.9615930207433447,0.16284796992538533,0.9231860414866895
1,1,0.7683086633286528,0.541311940092286,0.5366173266573055
0,1,0.8019572080429417,0.4976771567989531,0.6039144160858834
1,0,0.9843893085786216,0.08042554804150813,0.9687786171572432
0,0,0.9807373512446216,0.09515543506022513,0.9614747024892432
1,0,0.986689778781021,0.07071105854992811,0.9733795575620422
1,0,0.959300284364187,0.17016154197983882,0.9186005687283739
1,0,0.9831651481574665,0.0854509969357366,0.9663302963149328
0,1,0.8593229524350949,0.40619062165108777,0.7186459048701899
0,0,0.9628772228291431,0.15868981678077904,0.9257544456582862
0,1,0.8285145887213553,0.4582337209403764,0.6570291774427105
1,0,0.9923000815399667,0.04514220154556163,0.9846001630799336
0,0,0.9384617570431992,0.23117924113593324,0.8769235140863983
1,0,0.9773944843686289,0.1080130519188883,0.9547889687372576
1,1,0.78045726522961,0.5263286066622354,0.5609145304592202
1,0,0.678392334113052,0.6280753371774237,0.3567846682261039
1,1,0.7719285084480906,0.5369355823230172,0.543857016896181
1,0,0.9381594517517784,0.2320021070637881,0.8763189035035568
0,0,0.9597931385818501,0.1686010081916799,0.9195862771637002
1,0,0.9663146561286775,0.14732815336245839,0.932629312257355
1,0,0.9879382528057414,0.0652740863343165,0.9758765056114828
1,0,0.6812421995246571,0.6259295745288185,0.36248439904931434
1,0,0.6812421995246571,0.6259295745288185,0.36248439904931434
1,1,0.7785293722512608,0.5287629938571363,0.5570587445025216
0,1,0.7979757768200916,0.50319582031746,0.5959515536401832
1,1,0.802938232860891,0.4963020892200517,0.6058764657217821
0,1,0.7766749275638225,0.5310842945913851,0.5533498551276448
1,0,0.9672063188129754,0.14432303484807799,0.934412637625951
1,1,0.778159312848648,0.5292278047670252,0.5563186256972961
1,0,0.9809276998173871,0.09440637706408768,0.9618553996347742
0,1,0.8850694997603942,0.3567011695848532,0.7701389995207883
0,1,0.8020664015679342,0.49752440423736854,0.6041328031358681
1,0,0.6825223365658858,0.624953551960097,0.3650446731317716
1,1,0.7874827514270787,0.5172727954141771,0.5749655028541574
1,1,0.8091643126712745,0.4874324534130713,0.6183286253425491
0,0,0.7100079860471514,0.602144531858587,0.4200159720943031
1,0,0.6765825706182497,0.62941863413852,0.35316514123649956
1,0,0.9817670539949239,0.09107999625385259,0.9635341079898478
0,1,0.9335184543539031,0.24444120618915616,0.8670369087078063
0,1,0.7949364087119479,0.5073424270194007,0.5898728174238957
1,0,0.6711788244413868,0.633340665422324,0.3423576488827735
1,0,0.9306271039921596,0.2520137949033808,0.8612542079843195
1,0,0.9794814994923289,0.10005022316170784,0.9589629989846579
1,0,0.6696831799808987,0.6344027759627422,0.3393663599617973
1,0,0.9382354836789879,0.23179529899230517,0.8764709673579756
0,0,0.9612507487848063,0.16394862462359067,0.9225014975696126
0,0,0.9893105192471955,0.059146299906715834,0.978621038494391
0,1,0.7954719323274276,0.5066159433744392,0.5909438646548554
1,0,0.9381903759645622,0.23191800473323468,0.8763807519291243
1,0,0.9650783556969782,0.15145449947076356,0.9301567113939565
1,0,0.6841065760390109,0.6237351978670641,0.3682131520780218
1,0,0.9382338169686161,0.23179983354047118,0.876467633937232
1,0,0.9917454331899126,0.047817467281677885,0.9834908663798251
1,0,0.959300274181711,0.17016157415628858,0.9186005483634222
0,0,0.9807380069551731,0.09515285801669975,0.9614760139103462
0,1,0.7948354213316946,0.5074792277839824,0.5896708426633891
0,1,0.8084239640503367,0.4885001800133395,0.6168479281006731
0,0,0.9631766389763082,0.15771375178326355,0.9263532779526165
0,1,0.7813933982579396,0.5251387182841583,0.5627867965158794
1,0,0.9394914113962,0.2283646349375742,0.8789828227923999
0,1,0.7284962660454793,0.5847487583398427,0.45699253209095897
1,0,0.9741296023923954,0.1200802368084728,0.9482592047847909
0,0,0.9615946702716521,0.16284265782658056,0.9231893405433041
1,0,0.9913415142053038,0.049741906717882256,0.9826830284106077
1,0,0.9762953970365942,0.11212606584165627,0.9525907940731884
1,0,0.9678927092155303,0.14199269151937796,0.9357854184310607
1,0,0.9369163499158069,0.23536931398217859,0.873832699831614
0,1,0.7947931746220217,0.5075364379854073,0.5895863492440433
0,0,0.938459946831399,0.2311841731803814,0.876919893662798
1,0,0.9368356531950365,0.2355869893503654,0.8736713063900727
1,0,0.9918409011576353,0.047359741036885186,0.9836818023152706
1,0,0.9785119997528726,0.1037749828640129,0.9570239995057452
1,0,0.96548094649432,0.150115845813262,0.9309618929886401
1,0,0.6875394517567389,0.6210552649049188,0.37507890351347817
1,0,0.9593002849939944,0.1701615399896578,0.9186005699879889
0,1,0.7948881923782729,0.5074077502241278,0.5897763847565458
1,0,0.6819104756885226,0.625420999237088,0.36382095137704507
0,1,0.779768006943022,0.527201430461546,0.5595360138860441
0,0,0.6825232498306757,0.6249528529564535,0.36504649966135133
1,0,0.9806720575017317,0.09541193568929486,0.9613441150034634
0,1,0.8056182118634131,0.49251458622809485,0.6112364237268263
1,1,0.8021246909059454,0.497442831609068,0.6042493818118908
0,0,0.9417429279944725,0.22214461599336793,0.8834858559889448
1,0,0.9790341205335773,0.10177471001958363,0.9580682410671546
1,0,0.9381860863216656,0.23192967194772657,0.8763721726433312
0,0,0.6825232498306757,0.6249528529564535,0.36504649966135133
0,1,0.7802281970000289,0.5266189883938697,0.5604563940000578
1,0,0.9685086535469942,0.13988861944041298,0.9370173070939883
1,0,0.9867764326040823,0.0703376559970485,0.9735528652081646
1,0,0.9663146561286775,0.14732815336245839,0.932629312257355
0,0,0.9382229021897701,0.23182952773123378,0.8764458043795404
0,1,0.803078409186556,0.49610511294161186,0.6061568183731122
1,1,0.7789984287932783,0.5281726966884179,0.5579968575865566
0,0,0.6765825660750182,0.6294186374919275,0.35316513215003636
0,1,0.7905679460399867,0.5132032116702038,0.5811358920799734
1,0,0.6686605082149668,0.6351231890306157,0.3373210164299335
1,0,0.9383744961992749,0.23141692467752956,0.8767489923985498
1,0,0.967150965343285,0.14451031245660867,0.93430193068657
1,0,0.6765826227736631,0.6294185956420473,0.3531652455473262
1,0,0.6841065760390109,0.6237351978670641,0.3682131520780218
0,0,0.9599382825061099,0.1681402396794633,0.9198765650122199
1,1,0.7938293856362957,0.5088386251588346,0.5876587712725914
0,1,0.8480511580185764,0.4260747098690717,0.6961023160371529
0,1,0.7867894296944365,0.5181794858892531,0.5735788593888729
1,1,0.7791623473649175,0.5279661075936117,0.558324694729835
1,0,0.6814546161585125,0.6257681430947868,0.36290923231702504
1,1,0.7790740729422427,0.528077380603208,0.5581481458844855
0,1,0.7789103331002986,0.5282836605598431,0.5578206662005972
1,0,0.985376036613113,0.07630412470965911,0.9707520732262261
1,1,0.7721634527125698,0.5366489737655378,0.5443269054251396
0,0,0.9644335256992009,0.15358862373927157,0.9288670513984019
1,0,0.9762953970365942,0.11212606584165627,0.9525907940731884
0,1,0.7876554333375201,0.517046524378088,0.5753108666750403
1,0,0.96840924017742,0.1402290522270369,0.93681848035484
1,1,0.7804722784719448,0.5263095642125929,0.5609445569438896
1,0,0.9383060932947331,0.2316031503593368,0.8766121865894664
0,1,0.7944432658275506,0.5080098615396088,0.5888865316551012
1,0,0.9732455181273303,0.12327274966028884,0.9464910362546606
1,1,0.7949015830257606,0.5073896100840548,0.589803166051521
1,0,0.9794524837659891,0.10016236821470442,0.9589049675319784
1,1,0.7504946242744681,0.5617910916169698,0.5009892485489362
1,0,0.9666163796076472,0.1463140381919216,0.9332327592152944
0,0,0.9602927515642049,0.16701264895491086,0.9205855031284096
1,0,0.9372660144332813,0.23442483671703815,0.8745320288665627
1,0,0.965390856268997,0.1504158250439295,0.9307817125379939
0,0,0.9619030270584904,0.1618483359625533,0.9238060541169808
0,0,0.9354581773514992,0.23928579689726326,0.8709163547029982
1,0,0.981663164288544,0.09149381258047529,0.9633263285770882
0,0,0.9280804422983058,0.2585761820217054,0.8561608845966115
0,0,0.9650783949369587,0.15145436922922453,0.9301567898739174
0,1,0.8039350741346573,0.4948986218389148,0.6078701482693147
1,0,0.9752851328963359,0.11586057327322002,0.9505702657926719
1,1,0.8218676869566266,0.468549575726826,0.6437353739132532
0,1,0.7961059595073944,0.5057535520662462,0.5922119190147888
1,0,0.9381441097897714,0.23204382536327955,0.8762882195795427
0,1,0.7866217568605084,0.5183983292380919,0.5732435137210169
0,1,0.7967433570067818,0.5048840802091393,0.5934867140135633
1,1,0.7496925660507663,0.5626726433605291,0.49938513210153246
1,1,0.8105465675665341,0.48542946486261673,0.6210931351330683
1,0,0.940271307016228,0.2262203581931669,0.8805426140324559
0,1,0.771923175617234,0.5369420842045516,0.543846351234468
1,0,0.9941229578818471,0.03604835052433071,0.9882459157636941
1,0,0.9732455181273303,0.12327274966028884,0.9464910362546606
1,0,0.988583487768924,0.06241366624171988,0.9771669755378479
1,0,0.9690026821818171,0.13819203378732442,0.938005364363634
1,0,0.9606084147160723,0.1660057295140686,0.9212168294321446
0,1,0.8397855216578586,0.4400253623374437,0.679571043315717
0,1,0.7935764719521113,0.5091793990541651,0.5871529439042229
0,1,0.7873349033745292,0.5174663842040147,0.5746698067490582
0,0,0.9631867459793204,0.15768076003039644,0.9263734919586408
1,1,0.8097801291499472,0.4865416226176117,0.6195602582998944
0,0,0.9626486001402166,0.1594334128730897,0.925297200280433
1,0,0.6765825706182497,0.62941863413852,0.35316514123649956
0,1,0.8344388429714332,0.44877755218702364,0.6688776859428663
0,1,0.7514421682604818,0.5607452074468257,0.5028843365209635
1,0,0.9834720832590201,0.08419972875337217,0.9669441665180404
0,1,0.8224693881303698,0.46762830528300114,0.6449387762607395
0,0,0.9396822456319465,0.22784094123557616,0.8793644912638929
1,0,0.9858805814116021,0.07417087383488305,0.971761162823204
1,0,0.6965762794363253,0.6137373641807109,0.3931525588726504
1,0,0.9763679237377882,0.1118562908486836,0.9527358474755764
0,1,0.7949527893097433,0.507320231436594,0.5899055786194867
1,0,0.6812421995246571,0.6259295745288185,0.36248439904931434
0,1,0.7883756508189338,0.5161008750085796,0.5767513016378674
1,0,0.6812421995246571,0.6259295745288185,0.36248439904931434
0,1,0.7946310706789974,0.5077558564829437,0.5892621413579946
1,0,0.9334839973908601,0.2445322331736008,0.8669679947817198
0,0,0.9755777470817815,0.11478333808381219,0.9511554941635629
1,0,0.9593002110546778,0.17016177363657597,0.9186004221093556
0,1,0.7871810305699934,0.5176677230267114,0.574362061139987
1,0,0.9382896759933612,0.2316478341372124,0.8765793519867223
0,0,0.939566571632995,0.22815845427194426,0.8791331432659899
1,0,0.9324100084659187,0.24735991254078718,0.8648200169318375
1,0,0.9593002110546778,0.17016177363657597,0.9186004221093556
0,1,0.7958635037056581,0.5060836278119931,0.5917270074113159
1,0,0.988692299420205,0.06192770816972209,0.97738459884041
1,0,0.9381800726002406,0.2319460278747525,0.8763601452004812
1,1,0.7803704058952644,0.5264387512155957,0.5607408117905289
1,0,0.6711788244413868,0.633340665422324,0.3423576488827735
1,0,0.6765295215305099,0.6294577838051953,0.35305904306102004
0,1,0.7942085678328151,0.5083269857298733,0.5884171356656305
0,0,0.9615947824556396,0.1628422965494584,0.9231895649112791
1,0,0.6832366188624978,0.6244056712590496,0.3664732377249956
0,1,0.79500282999935,0.5072524164949358,0.5900056599987001
1,0,0.9731254234391276,0.12370408554236123,0.9462508468782551
1,0,0.9923000815399667,0.04514220154556163,0.9846001630799336
1,0,0.9602909229775568,0.16701847424766217,0.9205818459551136
1,0,0.984632034298147,0.07941774996564274,0.969264068596294
0,0,0.9619013378268279,0.16185379007902323,0.9238026756536557
1,0,0.976600756868382,0.11098868563269544,0.953201513736764
1,0,0.9678927092155303,0.14199269151937796,0.9357854184310607
0,1,0.8114764245790386,0.4840750379317992,0.6229528491580771
1,0,0.7441970170072013,0.5686210310929949,0.4883940340144027
0,1,0.7946940333039325,0.507670651501578,0.589388066607865
0,1,0.7984589513352137,0.5025313635019812,0.5969179026704274
1,1,0.7788843240999217,0.5283164124473707,0.5577686481998436
0,0,0.9619012840562704,0.1618539636897417,0.9238025681125409
0,1,0.8021739103306433,0.49737393514183487,0.6043478206612867
0,1,0.7871937673657522,0.5176510626053944,0.5743875347315044
1,1,0.7795310511779138,0.5275008537406565,0.5590621023558274
0,1,0.8158658267479528,0.4776047741792634,0.6317316534959057
1,1,0.7794662536668284,0.527582676613541,0.5589325073336567
1,0,0.9672063188129754,0.14432303484807799,0.934412637625951
0,1,0.8332232182088918,0.45073838867877514,0.6664464364177834
0,0,0.9813784232316277,0.0926249370257365,0.9627568464632554
1,1,0.786649891325507,0.5183616203742525,0.573299782651014
1,0,0.9918409011576353,0.047359741036885186,0.9836818023152706
0,0,0.9382735209061595,0.23169179968990075,0.8765470418123191
0,1,0.8091538714093756,0.4874475363944578,0.6183077428187511
1,0,0.7020893054510451,0.6090836308388234,0.40417861090209045
0,1,0.7788163260458995,0.528402020580263,0.5576326520917989
1,0,0.9721520830930555,0.12717982335171427,0.944304166186111
1,1,0.802075251947611,0.49751202001029243,0.604150503895222
0,1,0.7989726059208775,0.5018233998230148,0.5979452118417551
1,0,0.9659805637875511,0.14844780072618297,0.9319611275751024
1,0,0.9835444773126812,0.0839037624285294,0.9670889546253624
1,1,0.8344916498526593,0.4486921312512596,0.6689832997053184
0,1,0.774627671382961,0.5336239255099718,0.5492553427659219
1,0,0.993858076704884,0.03740148805789632,0.987716153409768
1,0,0.9333539452259602,0.24487562741402025,0.8667078904519204
1,1,0.7792421636032175,0.5278654574372315,0.558484327206435
1,1,0.780066578547771,0.5268236822855443,0.5601331570955421
1,0,0.9905571011546063,0.05342561649986692,0.9811142023092125
1,0,0.9847266715494171,0.07902376408732278,0.969453343098834
1,0,0.685114036946182,0.622954374238011,0.3702280738923639
1,0,0.6765295215305099,0.6294577838051953,0.35305904306102004
0,1,0.7977894103016292,0.5034517225592692,0.5955788206032584
0,0,0.9396441502533233,0.2279455351183185,0.8792883005066465
1,0,0.9382320432962012,0.23180465904307865,0.8764640865924026
1,1,0.8165091224492397,0.47664579513203587,0.6330182448984794
1,0,0.9794814994923289,0.10005022316170784,0.9589629989846579
0,1,0.7737619031044111,0.5346906830443703,0.5475238062088224
0,1,0.779769441116318,0.5271996172088274,0.5595388822326357
1,0,0.9775862691867926,0.10728982205774093,0.9551725383735853
1,0,0.6667535571193651,0.6364539234343799,0.33350711423873036
1,0,0.9612490910121063,0.16395394790018405,0.9224981820242127
1,0,0.9884590041481888,0.0629683300496535,0.9769180082963775
0,0,0.9666168209579743,0.14631255272007196,0.9332336419159486
0,0,0.9638212957039505,0.15560363311913822,0.9276425914079011
1,0,0.9805320519641223,0.09596117765805313,0.9610641039282445
0,0,0.9668862371521928,0.14540463753223942,0.9337724743043855
0,0,0.9710331229466178,0.1311323840330716,0.9420662458932356
1,0,0.7056015189322487,0.6060431708629404,0.41120303786449736
1,0,0.6812421995246571,0.6259295745288185,0.36248439904931434
0,1,0.8296418226487681,0.45645369444406897,0.6592836452975361
1,0,0.7254938252860889,0.5876894510495464,0.4509876505721776
1,0,0.9891898743344676,0.059691864053459595,0.9783797486689352
0,0,0.9346761749457441,0.24137160933837476,0.8693523498914884
1,0,0.6765295215305099,0.6294577838051953,0.35305904306102004
1,0,0.9617721422200916,0.1622707006757032,0.9235442844401831
1,0,0.9763679237377882,0.1118562908486836,0.9527358474755764
1,0,0.6765295215305099,0.6294577838051953,0.35305904306102004
1,1,0.8091020468528781,0.48752238939042425,0.6182040937057562
1,0,0.9879500338256931,0.06522217826944515,0.9759000676513863
1,0,0.938227302071494,0.2318175578846715,0.8764546041429878
1,0,0.9724041944047804,0.12628295651036056,0.9448083888095609
1,0,0.9612490910121063,0.16395394790018405,0.9224981820242127
0,1,0.7871111289879275,0.5177591408568786,0.5742222579758548
0,0,0.93693362798384,0.23532269294168262,0.8738672559676799
0,1,0.8085442255156721,0.4883269806342527,0.6170884510313439
0,0,0.958609697109776,0.17233771132530193,0.9172193942195518
0,0,0.9631766389763082,0.15771375178326355,0.9263532779526165
0,0,0.9814370735361835,0.09239231563539294,0.962874147072367
0,1,0.8037926649566708,0.49509950721565266,0.6075853299133418
1,1,0.8098062224975299,0.486503822049992,0.6196124449950597
1,0,0.9742533018180757,0.11963109618614383,0.9485066036361515
1,0,0.9672063188129754,0.14432303484807799,0.934412637625951
1,0,0.9707432879744003,0.13214885616379812,0.9414865759488006
1,1,0.7782389839414796,0.5291278014076051,0.5564779678829591
1,0,0.6812421995246571,0.6259295745288185,0.36248439904931434
0,0,0.9359333308329761,0.2380134941109102,0.8718666616659523
1,0,0.9332890004752994,0.24504700795841078,0.8665780009505989
0,1,0.8090607891477589,0.487581967682201,0.6181215782955177
0,0,0.9369453708285072,0.23529100459210223,0.8738907416570143
1,0,0.9384323860645473,0.23125925734592573,0.8768647721290945
0,0,0.9324609438257072,0.24722622163971902,0.8649218876514143
0,1,0.7792919168633725,0.5278026986677183,0.558583833726745
1,0,0.9856375781295488,0.0752005527565479,0.9712751562590974
1,0,0.6875394517567389,0.6210552649049188,0.37507890351347817
1,0,0.9936741251166598,0.03833440518846567,0.9873482502333196
0,1,0.7880237926177163,0.5165632546403933,0.5760475852354325
0,1,0.7948390852611873,0.5074742656003185,0.5896781705223744
0,1,0.8340030005380045,0.44948180490992673,0.6680060010760089
1,0,0.939906766105032,0.227223981830625,0.879813532210064
0,0,0.9371472027213996,0.23474599119848685,0.8742944054427992
0,1,0.788304992262315,0.5161937874907857,0.5766099845246299
0,1,0.8420122962993078,0.43631791722023544,0.6840245925986157
0,1,0.8039203804540315,0.49491935500496553,0.6078407609080632
1,0,0.9659805637875511,0.14844780072618297,0.9319611275751024
0,1,0.7960302873090916,0.5058566099400313,0.5920605746181833
0,1,0.794536637325493,0.5078836040943666,0.5890732746509859
1,0,0.9382695407967281,0.23170263073840858,0.8765390815934562
0,1,0.7894086544261564,0.5147391062052942,0.5788173088523129
1,0,0.9846906335463202,0.07917386449293641,0.9693812670926406
0,1,0.8156001602246273,0.478000006622443,0.6312003204492547
1,0,0.9786055338868093,0.10341761084549139,0.9572110677736185
1,0,0.98004415861215,0.09786720611626175,0.9600883172243001
1,1,0.8164426190521593,0.47674506150827145,0.6328852381043186
1,1,0.7748604077588351,0.5333364273385914,0.5497208155176702
1,1,0.7707413397906112,0.5383790195269262,0.5414826795812224
0,0,0.6765825660750182,0.6294186374919275,0.35316513215003636
1,0,0.9680823700342571,0.14134611968291605,0.9361647400685141
0,1,0.8283281463295491,0.4585272708152402,0.6566562926590983
1,0,0.9663146561286775,0.14732815336245839,0.932629312257355
1,0,0.9695884922814195,0.13616971282754314,0.9391769845628389
1,0,0.678392334113052,0.6280753371774237,0.3567846682261039
1,0,0.98702898410838,0.06924608256046937,0.9740579682167599
1,0,0.9335138524945334,0.24445336429819492,0.8670277049890668
0,0,0.9385038124730835,0.2310646422985184,0.8770076249461668
0,0,0.9745712996187578,0.11847367030146216,0.9491425992375154
1,0,0.6696831799808987,0.6344027759627422,0.3393663599617973
0,1,0.7815825519506985,0.5248976686216962,0.5631651039013972
1,0,0.9860761525934305,0.07333910154739424,0.9721523051868611
0,1,0.8097641118079308,0.4865648242205449,0.6195282236158617
1,0,0.9382831430257731,0.23166561394213905,0.8765662860515463
0,1,0.7956970812741814,0.5063099834123845,0.591394162548363
1,0,0.9384516028305533,0.2312069062413658,0.8769032056611066
0,1,0.7793528817560388,0.5277257779207905,0.5587057635120777
1,0,0.9740546627624409,0.12035203981541774,0.9481093255248817
1,0,0.9732455181273303,0.12327274966028884,0.9464910362546606
1,1,0.7793010247252514,0.5277912084510401,0.5586020494505028
1,0,0.6765295215305099,0.6294577838051953,0.35305904306102004
0,1,0.8158445645714822,0.4776364232362895,0.6316891291429646
0,1,0.775299900792063,0.5327926766705818,0.5505998015841262
1,0,0.6803905962626428,0.6265746864839834,0.36078119252528545
0,1,0.8296460380508949,0.45644702101636414,0.6592920761017897
0,0,0.9628778694205653,0.15868771167034917,0.9257557388411306
0,0,0.9397081229597815,0.22776987837747814,0.8794162459195628
1,1,0.7793645392303675,0.527711066967406,0.5587290784607353
1,0,0.9650783556969782,0.15145449947076356,0.9301567113939565
0,1,0.7957782595710866,0.5061995919298066,0.5915565191421734
1,1,0.7794607736952516,0.5275895953118053,0.5589215473905031
0,0,0.7000751562095556,0.610800608909996,0.40015031241911125
1,0,0.975105723890639,0.11651929354822349,0.950211447781278
1,0,0.9814227378135579,0.09244919201518464,0.9628454756271159
0,0,0.9586505116872873,0.1722094330724125,0.9173010233745746
1,0,0.9732455181273303,0.12327274966028884,0.9464910362546606
0,0,0.9417429279944725,0.22214461599336793,0.8834858559889448
0,1,0.7944329881674469,0.508023755785306,0.588865976334894
0,0,0.9619028887128309,0.16184878264982638,0.9238057774256618
1,1,0.7706628627808725,0.5384741556282708,0.5413257255617451
1,0,0.9663146561286775,0.14732815336245839,0.932629312257355
1,0,0.9382153097147415,0.2318501822194563,0.8764306194294833
1,0,0.986413823121485,0.07189639522762795,0.9728276462429699
0,0,0.9663167902604759,0.14732099023561238,0.9326335805209518
0,0,0.9624973870414312,0.1599244347752827,0.9249947740828625
0,0,0.940033261553838,0.22687599235105643,0.8800665231076762
0,0,0.9405866708244243,0.22535021638925162,0.8811733416488488
1,0,0.6706942237560604,0.6336859065490512,0.3413884475121208
1,1,0.7963325169008416,0.5054447928759223,0.5926650338016831
0,1,0.8012644585129081,0.4986445074846071,0.6025289170258159
1,1,0.7932482226476313,0.5096210973508113,0.5864964452952627
1,1,0.7720812567819909,0.536749280270045,0.544162513563982
1,1,0.7967968926188385,0.5048109383309398,0.5935937852376768
1,0,0.9323945573548373,0.2474004591942342,0.8647891147096745
0,1,0.7763664288493558,0.531468531114689,0.5527328576987114
1,1,0.8039092385973048,0.49493507554192495,0.6078184771946097
1,0,0.9855581346265546,0.07553627088126201,0.9711162692531092
1,0,0.9731254234391276,0.12370408554236123,0.9462508468782551
1,0,0.9731254234391276,0.12370408554236123,0.9462508468782551
1,0,0.685114036946182,0.622954374238011,0.3702280738923639
0,1,0.7955362719186417,0.5065285426662884,0.5910725438372834
1,0,0.9719023060361827,0.12806607088952057,0.9438046120723653
0,1,0.7792810885848449,0.5278163586850213,0.5585621771696896
1,0,0.9700575194982753,0.13454216784497722,0.9401150389965507
0,0,0.9628772228291431,0.15868981678077904,0.9257544456582862
1,0,0.9710331047529016,0.13113244793317358,0.9420662095058032
1,0,0.9663146561286775,0.14732815336245839,0.932629312257355
1,0,0.9788040704490142,0.10265766210384453,0.9576081408980285
0,1,0.7789297419931535,0.5282592173119622,0.5578594839863069
1,0,0.9871380256277342,0.06877325100799983,0.9742760512554683
1,0,0.9797361231630609,0.09906430581183015,0.9594722463261219
1,0,0.7020750807979111,0.6090958246787537,0.4041501615958221
0,1,0.8418332261315972,0.4366174307997472,0.6836664522631942
1,0,0.9621760143430648,0.16096590126665855,0.9243520286861295
1,0,0.6841065760390109,0.6237351978670641,0.3682131520780218
1,0,0.9382199552301279,0.23183754472695736,0.8764399104602559
1,0,0.6765295215305099,0.6294577838051953,0.35305904306102004
1,1,0.8091160521262258,0.4875021625351933,0.6182321042524517
0,0,0.9342045139614262,0.24262480759022093,0.8684090279228526
0,0,0.9830603132515394,0.08587706332863089,0.9661206265030787
1,0,0.9647822402044488,0.15243603979137094,0.9295644804088976
0,1,0.8423497558108558,0.4357528255666225,0.6846995116217115
0,1,0.801425432887155,0.4984199930480096,0.6028508657743099
1,0,0.9698891669264804,0.13512722406805694,0.9397783338529608
0,1,0.7245424893220924,0.5886117637103159,0.4490849786441848
1,0,0.9773062175384571,0.108345350183461,0.9546124350769143
0,1,0.8192905801193957,0.4724675107429872,0.6385811602387914
0,1,0.8202240266484428,0.471053614495746,0.6404480532968857
0,1,0.790213367264,0.5136738376644172,0.5804267345280003
0,0,0.9589747495744878,0.17118887272410682,0.9179494991489756
1,0,0.9794814994923289,0.10005022316170784,0.9589629989846579
1,0,0.9829356868954776,0.08638270714415523,0.9658713737909551
0,1,0.8586180854354989,0.40746415184560414,0.7172361708709978
1,0,0.9806880276550369,0.09534921917798952,0.9613760553100739
1,0,0.9736648840834738,0.12176218158992291,0.9473297681669479
1,1,0.8458826448286417,0.4297850695085892,0.6917652896572835
0,1,0.8245999757039932,0.46434616261011674,0.6491999514079866
1,0,0.9698891669264804,0.13512722406805694,0.9397783338529608
1,0,0.9634643536949192,0.15677345099556325,0.9269287073898385
1,0,0.9659805637875511,0.14844780072618297,0.9319611275751024
0,1,0.7934511638253641,0.5093480935500041,0.5869023276507279
0,1,0.6141177404693643,0.666870489110486,0.22823548093872842
1,0,0.6765295215305099,0.6294577838051953,0.35305904306102004
1,0,0.9756350900212925,0.11457181492162205,0.951270180042585
0,1,0.7892777065733371,0.5149120844999052,0.5785554131466741
1,0,0.9593002130649216,0.17016176728424304,0.9186004261298433
0,0,0.9399316788461995,0.22715546920158095,0.8798633576923991
1,0,0.9855787225928303,0.0754493114214821,0.9711574451856605
1,1,0.8092329224929168,0.48733332516077255,0.6184658449858336
0,0,0.93832463808487,0.23155267049024114,0.87664927616974
1,0,0.6765295215305099,0.6294577838051953,0.35305904306102004
1,0,0.9382206626388331,0.23183562028516722,0.8764413252776663
1,0,0.685114036946182,0.622954374238011,0.3702280738923639
1,0,0.9882117477151934,0.06406602007130768,0.9764234954303866
1,0,0.7020909258045006,0.6090822417572398,0.4041818516090015
1,1,0.7793045409681028,0.5277867723311125,0.5586090819362055
0,0,0.9612488696975219,0.16395465855822175,0.9224977393950436
0,0,0.964144222246227,0.15454214805921374,0.9282884444924538
0,1,0.789695551169239,0.5143597633573311,0.5793911023384778
1,0,0.6696831799808987,0.6344027759627422,0.3393663599617973
0,0,0.9608709197096834,0.1651663722464796,0.9217418394193667
1,0,0.9707432879744003,0.13214885616379812,0.9414865759488006
0,1,0.7940420623735289,0.5085517637114689,0.5880841247470577
0,1,0.7617812210418526,0.5490180390778941,0.5235624420837051
1,0,0.9382475673029215,0.23176242215586973,0.876495134605843
1,0,0.9804701230623205,0.09620379685606155,0.9609402461246411
1,0,0.9755190885956821,0.11499957116077356,0.9510381771913644
0,1,0.7809573948304337,0.525693545440197,0.5619147896608673
0,1,0.8158920995425687,0.47756566258808697,0.6317841990851374
0,0,0.9369246906615816,0.23534680895739318,0.8738493813231631
1,1,0.7789503759131884,0.5282332288854297,0.5579007518263768
1,0,0.9908173077766034,0.05221122125138415,0.9816346155532067
1,0,0.7020909258045006,0.6090822417572398,0.4041818516090015
1,0,0.6832366188624978,0.6244056712590496,0.3664732377249956
0,0,0.9396844719279412,0.22783482797164678,0.8793689438558825
1,1,0.7870608822821767,0.5178248358734034,0.5741217645643536
0,0,0.9602907117059685,0.1670191472857818,0.9205814234119369
0,0,0.9814409687689573,0.09237685951371108,0.9628819375379145
1,0,0.9765688611209518,0.11110767835362681,0.9531377222419034
1,1,0.7793256038455653,0.5277601977324147,0.5586512076911305
1,0,0.9663146561286775,0.14732815336245839,0.932629312257355
0,0,0.9663134037893532,0.14733235672347472,0.9326268075787064
1,0,0.6667535571193651,0.6364539234343799,0.33350711423873036
1,0,0.9804701218838384,0.09620380147109986,0.9609402437676768
1,0,0.9757968951286526,0.11397421115484532,0.9515937902573054
1,0,0.6841065760390109,0.6237351978670641,0.3682131520780218
1,0,0.9381707757944753,0.23197131180239478,0.8763415515889503
1,0,0.9808139611567765,0.09485419208995113,0.9616279223135531
0,1,0.7873429506972858,0.5174558505874921,0.5746859013945714
1,0,0.9666168209579743,0.14631255272007196,0.9332336419159486
1,1,0.7785980572891624,0.5286766350642922,0.5571961145783251
1,0,0.9698891669264804,0.13512722406805694,0.9397783338529608
0,0,0.9769975825936258,0.10950451567815328,0.9539951651872516
1,0,0.9902658348141337,0.05477639069534075,0.9805316696282674
1,0,0.9740546627624409,0.12035203981541774,0.9481093255248817
1,0,0.9625444446246773,0.159771696549647,0.9250888892493545
1,0,0.7020893054510451,0.6090836308388234,0.40417861090209045
1,0,0.9731254234391276,0.12370408554236123,0.9462508468782551
1,0,0.9878173217815457,0.06580624616130215,0.9756346435630914
0,0,0.9612508773126607,0.16394821190450828,0.9225017546253212
1,0,0.6845176386978387,0.6234171750800713,0.3690352773956772
1,0,0.9593002161503881,0.17016175753422685,0.9186004323007763
0,1,0.799073815319861,0.5016837105519211,0.5981476306397221
1,0,0.985782091251399,0.07458871386338817,0.971564182502798
1,0,0.9804701218838384,0.09620380147109986,0.9609402437676768
0,0,0.9384943951783765,0.23109030659403657,0.8769887903567529
1,0,0.6650072997848456,0.637658163520006,0.3300145995696912
0,1,0.7952326426690496,0.5069407779307227,0.5904652853380993
1,0,0.6845176386978387,0.6234171750800713,0.3690352773956772
1,0,0.9806905866361603,0.0953391685321143,0.9613811732723205
1,0,0.9863124073683133,0.07233058128154214,0.9726248147366267
0,1,0.7783017215964958,0.5290490270587754,0.5566034431929914
1,0,0.9708696361310243,0.1317061094135571,0.9417392722620485
1,0,0.6809152615469951,0.6261776333823368,0.3618305230939903
1,1,0.7790942496610718,0.5280519511324947,0.5581884993221433
0,0,0.9589745794637358,0.17118940885788428,0.9179491589274715
1,0,0.6812421995246571,0.6259295745288185,0.36248439904931434
1,0,0.9814030067302117,0.09252745583088659,0.9628060134604237
1,0,0.6659786282301654,0.6369900154200507,0.3319572564603308
0,1,0.79287635764436,0.5101206920568634,0.5857527152887202
0,1,0.8287967464026075,0.4577890038540008,0.657593492805215
1,0,0.9852487997094949,0.07683927797687565,0.9704975994189896
1,0,0.9383003417721956,0.23161880509135066,0.876600683544391
1,0,0.9631766389763082,0.15771375178326355,0.9263532779526165
1,1,0.779250798710543,0.527854566143682,0.558501597421086
0,1,0.804240381059188,0.4944675157902984,0.6084807621183762
0,1,0.7944795642773749,0.5079607849231413,0.5889591285547495
0,1,0.804022429281947,0.4947753331705354,0.608044858563894
0,0,0.9262210934912947,0.26330590274004695,0.8524421869825891
1,0,0.9773574946690303,0.10815234994077705,0.9547149893380606
1,0,0.9664654964437265,0.14682151890309414,0.9329309928874528
0,1,0.8082676318083462,0.48872518857831093,0.6165352636166925
1,0,0.9731254234391276,0.12370408554236123,0.9462508468782551
0,0,0.9383110461411636,0.23158966903906925,0.8766220922823271
1,0,0.9625444446246773,0.159771696549647,0.9250888892493545
1,1,0.7874825474085979,0.517273062641195,0.5749650948171959
0,0,0.961901326567966,0.1618538264308769,0.9238026531359321
0,1,0.7790689716382312,0.528083809592169,0.5581379432764623
1,0,0.9771264924399499,0.10902087710838239,0.9542529848798998
0,0,0.9368891946969246,0.2354425761201459,0.8737783893938491
1,0,0.7098590850370704,0.6022778073870223,0.4197181700741409
0,1,0.8045543704850576,0.49402353212885997,0.6091087409701154
1,0,0.6832366188624978,0.6244056712590496,0.3664732377249956
1,0,0.9923000815399667,0.04514220154556163,0.9846001630799336
0,0,0.9367306708291531,0.23587000934349941,0.8734613416583064
0,1,0.8075560862895742,0.489747323127228,0.6151121725791486
1,0,0.9685086535469942,0.13988861944041298,0.9370173070939883
1,0,0.9382351042096184,0.23179633140272637,0.876470208419237
1,0,0.6955880042781335,0.6145563582488527,0.39117600855626694
1,1,0.8021895523824496,0.4973520364819433,0.6043791047648994
1,0,0.6641687702541292,0.6382315567415089,0.3283375405082585
1,0,0.6711788244413868,0.633340665422324,0.3423576488827735
0,0,0.961901326567966,0.1618538264308769,0.9238026531359321
0,1,0.7906295710721164,0.5131213404512703,0.5812591421442327
1,0,0.9890211369809773,0.06045262542966048,0.9780422739619545
1,0,0.9868645064921074,0.06995754450172574,0.973729012984215
0,1,0.7948094303158276,0.5075144259328632,0.5896188606316555
1,0,0.9590020562677717,0.17110280136829142,0.9180041125355434
0,0,0.9383328503530078,0.23153031437714133,0.8766657007060158
1,0,0.9385141109130225,0.23103657492041713,0.8770282218260448
0,1,0.8098572381979657,0.48642990452525037,0.6197144763959314
0,0,0.9589745855928663,0.1711893895408707,0.9179491711857326
0,0,0.9678210620018972,0.1422366421270058,0.9356421240037943
1,0,0.9678927092155303,0.14199269151937796,0.9357854184310607
0,1,0.8292256004701614,0.4571119995250608,0.6584512009403228
1,1,0.7716150057274448,0.5373175360844878,0.5432300114548898
1,1,0.7790518530488437,0.5281053824263456,0.5581037060976876
0,0,0.9339730419637778,0.24323850079804996,0.8679460839275556
0,1,0.8068918859845079,0.49069850624164224,0.6137837719690158
1,0,0.9763032012020784,0.11209704788954311,0.9526064024041568
1,0,0.9890211369809773,0.06045262542966048,0.9780422739619545
1,0,0.6965762794363253,0.6137373641807109,0.3931525588726504
1,0,0.989925541028876,0.05634340292948872,0.979851082057752
1,1,0.7795207152870381,0.5275139069950128,0.5590414305740763
1,0,0.9382318729116292,0.2318051225932364,0.8764637458232586
0,0,0.9396988354460146,0.22779538458342818,0.8793976708920294
1,0,0.9871310967602764,0.06880332410689674,0.9742621935205529
0,1,0.8032027149862028,0.4959303340400011,0.6064054299724055
0,0,0.9641471873919913,0.15453238745447712,0.9282943747839826
1,1,0.7794695591917391,0.5275785031626322,0.5589391183834783
1,0,0.9383359014048567,0.2315220082554239,0.8766718028097135
0,1,0.8001589530108847,0.5001819889033843,0.6003179060217694
0,0,0.9602926119487563,0.1670130937282088,0.9205852238975126
1,1,0.7947851623670602,0.5075472868909882,0.5895703247341204
1,1,0.7721788832612365,0.5366301390582917,0.544357766522473
0,1,0.8027529596678961,0.49656224525202797,0.6055059193357921
1,0,0.685114036946182,0.622954374238011,0.3702280738923639
0,0,0.9663122495114967,0.14733623090758274,0.9326244990229935
1,0,0.9788065818817144,0.10264803682992951,0.9576131637634288
1,0,0.9593002110546778,0.17016177363657597,0.9186004221093556
1,0,0.7254941128781169,0.5876891715447417,0.4509882257562341
0,1,0.8094318693754127,0.48704571200391716,0.6188637387508253
1,0,0.9726513459344838,0.12540143464185238,0.9453026918689674
0,0,0.9602927476007246,0.16701266158138717,0.9205854952014492
1,1,0.7794581215448622,0.5275929437022605,0.5589162430897242
1,0,0.9918409011576353,0.047359741036885186,0.9836818023152706
1,0,0.9647328979739795,0.15259934412749987,0.9294657959479591
0,0,0.988108707708013,0.06452190859096332,0.976217415416026
0,1,0.8022252447622985,0.4973020618618563,0.6044504895245969
1,0,0.9367528698829136,0.23581017884394528,0.8735057397658272
0,1,0.8151795738373929,0.4786247542036847,0.6303591476747856
1,0,0.6899820919537571,0.6191149922493762,0.3799641839075145
0,0,0.6765825660750182,0.6294186374919275,0.35316513215003636
1,0,0.9593002110546778,0.17016177363657597,0.9186004221093556
0,0,0.9383306228494688,0.23153637838603103,0.8766612456989376
0,0,0.9324678051292264,0.24720820951243122,0.8649356102584528
1,0,0.960608733338292,0.16600471182869644,0.9212174666765841
0,0,0.9625473848515189,0.1597621512032349,0.9250947697030376
0,0,0.9384335522857032,0.23125608046046514,0.8768671045714065
1,0,0.9324634806843447,0.24721956202716444,0.8649269613686895
1,0,0.9382036061054558,0.23188201864563632,0.8764072122109119
0,1,0.787141495313931,0.5177194311233271,0.574282990627862
0,1,0.7880453560080343,0.5165349393473834,0.5760907120160685
1,0,0.9888318171040846,0.06130306455845208,0.9776636342081694
0,0,0.9721534730738108,0.12717488505621805,0.9443069461476216
1,0,0.9725081714444481,0.12591237739928784,0.9450163428888961
0,0,0.6825232498306757,0.6249528529564535,0.36504649966135133
1,0,0.9382079959731433,0.23187007750386313,0.8764159919462865
1,0,0.9936741251166598,0.03833440518846567,0.9873482502333196
1,0,0.7090876643876435,0.6029665533334767,0.41817532877528696
1,0,0.989700674294931,0.05737249083505111,0.9794013485898622
1,0,0.9619012511315966,0.16185406999464988,0.9238025022631934
1,0,0.9738636984154738,0.12104365660318112,0.9477273968309478
0,1,0.7974388287466059,0.5039325272344689,0.5948776574932115
1,0,0.9593002110546778,0.17016177363657597,0.9186004221093556
1,0,0.9874534315391258,0.06740027108866384,0.9749068630782516
1,1,0.8099098078929526,0.4863537177097086,0.6198196157859054
0,1,0.7857995690232221,0.5194690103769724,0.5715991380464445
1,1,0.7838944024877968,0.5219345670335073,0.5677888049755939
1,1,0.8090878145846808,0.48754294277777255,0.6181756291693616
1,0,0.6765295215305099,0.6294577838051953,0.35305904306102004
1,0,0.9827039415983468,0.08732050542728198,0.9654078831966937
1,1,0.7791431478824455,0.5279903130687317,0.5582862957648911
0,1,0.8213275527855638,0.4693744737987205,0.6426551055711278
1,0,0.989700674294931,0.05737249083505111,0.9794013485898622
1,0,0.9675291489622843,0.14322887268486867,0.9350582979245686
0,1,0.807991854591834,0.48912172954864624,0.6159837091836682
0,1,0.8342505372888912,0.44908199304229357,0.6685010745777824
1,0,0.936922201849102,0.23535352440176516,0.8738444036982039
0,1,0.8125884485326885,0.48244784413578784,0.625176897065377
1,0,0.9625444446246773,0.159771696549647,0.9250888892493545
1,0,0.9704040163880062,0.1333349504329128,0.9408080327760124
1,0,0.9699876885892618,0.1347849612545394,0.9399753771785234
1,0,0.9799777662145315,0.09812563057115198,0.959955532429063
1,0,0.9878173217815457,0.06580624616130215,0.9756346435630914
0,1,0.7949033295056511,0.5073872440688533,0.589806659011302
1,0,0.9680672290240502,0.141397779502839,0.9361344580481004
0,1,0.8283743895661136,0.45845448455414617,0.6567487791322273
0,0,0.9723598786134606,0.12644077756086508,0.9447197572269213
0,1,0.7825199271764729,0.5237000208704905,0.5650398543529458
0,1,0.8067977510256557,0.4908330851041517,0.6135955020513112
1,0,0.6659786282301654,0.6369900154200507,0.3319572564603308
0,0,0.9619010204156271,0.16185481491357742,0.9238020408312543
1,1,0.7790471294346893,0.5281113348218429,0.5580942588693787
0,0,0.8439801035529396,0.43301062601062734,0.6879602071058792
1,0,0.975928471286362,0.11348743673025151,0.9518569425727239
0,1,0.7778886186199473,0.5295673062102131,0.5557772372398945
1,0,0.9704040747125363,0.13333474687593716,0.9408081494250727
1,0,0.9807811156907119,0.09498338407142165,0.9615622313814238
1,0,0.9650782968583118,0.15145469476227552,0.9301565937166237
1,0,0.6667535571193651,0.6364539234343799,0.33350711423873036
1,1,0.8091983814414396,0.48738323427651287,0.6183967628828793
1,0,0.9814030067302117,0.09252745583088659,0.9628060134604237
0,0,0.9369111302889003,0.23538339699606978,0.8738222605778004
1,0,0.9834720832590201,0.08419972875337217,0.9669441665180404
1,0,0.9742125256532453,0.11977921774805161,0.9484250513064906
1,0,0.6670822056225965,0.6362257500448967,0.334164411245193
0,1,0.8245119112569015,0.4644824445238148,0.6490238225138028
1,0,0.9828360880595068,0.08678614129487473,0.9656721761190136
1,0,0.9384206993902345,0.2312910915393267,0.8768413987804693
1,0,0.9382573542234317,0.231735792288316,0.8765147084468633
0,0,0.9827820136827896,0.08700492796589657,0.9655640273655792
1,0,0.6812421995246571,0.6259295745288185,0.36248439904931434
1,0,0.9593002419692298,0.1701616759471612,0.9186004839384597
1,1,0.7784460881480401,0.5288676715854974,0.5568921762960803
0,0,0.9412723409240039,0.22345218400445926,0.8825446818480077
0,1,0.7935773469206566,0.5091782208017835,0.5871546938413131
1,1,0.8090899848792237,0.48753980865341934,0.6181799697584474
0,0,0.9794865401635742,0.10003073682481026,0.9589730803271483
1,0,0.9373388455160735,0.23422785169939672,0.8746776910321471
0,0,0.9398342305608306,0.22742339956339336,0.8796684611216612
0,1,0.7804675370988854,0.526315578202739,0.5609350741977708
1,0,0.6845176386978387,0.6234171750800713,0.3690352773956772
1,0,0.9892627996583216,0.05936225467801586,0.9785255993166433
0,0,0.9638229043839427,0.15559835269414551,0.9276458087678855
0,0,0.9865637709071803,0.07125302357409972,0.9731275418143607
1,0,0.9809580138502952,0.09428690726830713,0.9619160277005904
1,0,0.9593002110546778,0.17016177363657597,0.9186004221093556
0,0,0.6765825660750182,0.6294186374919275,0.35316513215003636
1,0,0.9731254234391276,0.12370408554236123,0.9462508468782551
0,0,0.9617749485227574,0.16226164964461257,0.9235498970455147
0,0,0.9612508851185461,0.1639481868388154,0.9225017702370921
1,0,0.9891898743344676,0.059691864053459595,0.9783797486689352
0,0,0.9515386825284343,0.19395951902261768,0.9030773650568686
0,1,0.7817660209852761,0.5246636630193563,0.5635320419705523
1,1,0.8226597771089982,0.4673362827935011,0.6453195542179961
0,0,0.9656166205858387,0.1496636233128465,0.9312332411716775
0,0,0.9582065253251969,0.17360261136735172,0.9164130506503938
0,1,0.8628568083571176,0.399743461787591,0.7257136167142353
0,1,0.7867839301632045,0.518186666429143,0.5735678603264093
1,1,0.76752171754293,0.542253581217343,0.5350434350858602
1,0,0.9672063188129754,0.14432303484807799,0.934412637625951
1,0,0.9742533018180757,0.11963109618614383,0.9485066036361515
0,0,0.9818910929945833,0.09058513071944695,0.9637821859891667
0,0,0.9366758681092052,0.23601767707564308,0.8733517362184106
1,0,0.9335582379733365,0.24433608366754034,0.8671164759466727
0,0,0.9656697820338063,0.1494862770102594,0.9313395640676125
1,0,0.9593087134707167,0.17013490523619354,0.9186174269414333
1,0,0.9828026829966265,0.0869213196868073,0.9656053659932531
1,0,0.6785136383234418,0.6279847627897788,0.35702727664688366
0,0,0.7039439703790153,0.6074854553573801,0.4078879407580307
0,1,0.8500999504727158,0.4225356744265121,0.7001999009454314
1,1,0.7764436697905296,0.531372378640493,0.5528873395810593
1,0,0.9383615222450751,0.23145225225066438,0.8767230444901501
1,0,0.6961273023860612,0.614110008500475,0.39225460477212265
0,0,0.9324037428404179,0.24737635519005238,0.8648074856808359
0,1,0.8342480500380189,0.44908601255755043,0.6684961000760378
1,0,0.6845176386978387,0.6234171750800713,0.3690352773956772
1,1,0.7872618493641451,0.5175619912261709,0.5745236987282902
0,1,0.8244856015950639,0.46452314897793245,0.6489712031901277
1,1,0.7717262872744651,0.5371820208968779,0.5434525745489303
1,0,0.9762953970365942,0.11212606584165627,0.9525907940731884
1,1,0.7680585207733404,0.5416116316572663,0.5361170415466808
1,0,0.9769026738589238,0.10986011745744083,0.9538053477178476
1,0,0.9718729658892855,0.1281700239325199,0.9437459317785711
1,1,0.7795149038463732,0.5275212460229108,0.5590298076927465
1,0,0.6711788244413868,0.633340665422324,0.3423576488827735
1,0,0.6825230128008601,0.6249530343770495,0.3650460256017202
1,0,0.9638204044630099,0.15560655854841357,0.9276408089260197
1,0,0.6958130259739698,0.6143702862496787,0.3916260519479397
0,0,0.9606087467661608,0.16600466893977192,0.9212174935323216
0,1,0.7883306085702919,0.5161601067792352,0.5766612171405837
1,1,0.7903712187691847,0.5134644179350609,0.5807424375383694
1,0,0.6641687702541292,0.6382315567415089,0.3283375405082585
0,1,0.826401339637841,0.46154671096442995,0.652802679275682
0,1,0.8021212899345075,0.4974475916640495,0.6042425798690149
1,0,0.9958989756325982,0.026633959914419192,0.9917979512651965
0,1,0.794544137996468,0.5078734593293297,0.5890882759929359
1,0,0.9731254234391276,0.12370408554236123,0.9462508468782551
1,1,0.7869218711849105,0.5180065073437067,0.5738437423698208
1,1,0.7947030620624839,0.5076584312262197,0.5894061241249678
1,0,0.9835444773126812,0.0839037624285294,0.9670889546253624
0,1,0.8021230036478759,0.49744519313203384,0.6042460072957518
0,0,0.9644335038904785,0.15358869571104616,0.928867007780957
0,1,0.796675200224828,0.5049771723383901,0.5933504004496559
1,0,0.9899235128086484,0.056352707439765795,0.9798470256172969
0,1,0.7947929164997847,0.5075367874991151,0.5895858329995693
0,1,0.822156724868237,0.4681073360526429,0.6443134497364741
1,0,0.9656141232467721,0.149671952328176,0.9312282464935442
1,1,0.7872661852338612,0.5175563176895439,0.5745323704677224
1,0,0.9729769268254868,0.12423666838701045,0.9459538536509736
0,1,0.685216246061513,0.6228748952389332,0.37043249212302587
1,0,0.7020893054510451,0.6090836308388234,0.40417861090209045
1,0,0.9638212957039505,0.15560363311913822,0.9276425914079011
1,0,0.9666168209579743,0.14631255272007196,0.9332336419159486
0,1,0.7812702273319482,0.5252955696192438,0.5625404546638963
0,1,0.8095793658464999,0.48683231395748866,0.6191587316930001
0,1,0.7870784202166919,0.5178019076260243,0.5741568404333839
0,0,0.961593050280356,0.1628478748057972,0.9231861005607119
0,1,0.8021641114034476,0.49738765272122587,0.6043282228068951
1,0,0.9381991901899109,0.23189403030639583,0.876398380379822
0,1,0.8397834659756674,0.440028767832943,0.6795669319513349
1,0,0.9848461837971517,0.07852536940088786,0.9696923675943033
0,1,0.8171796649082734,0.47564325835283305,0.6343593298165471
1,0,0.8972721515664019,0.3310356588342559,0.7945443031328037
0,1,0.8015899220181923,0.49819040830469086,0.6031798440363847
0,0,0.960454481662339,0.16649708122900775,0.9209089633246781
0,1,0.7947567057293633,0.5075858151065136,0.5895134114587265
1,0,0.9811865886348212,0.09338448811245532,0.9623731772696423
1,0,0.9593002427805045,0.17016167338354815,0.918600485561009
1,0,0.9872888375769158,0.06811774735677173,0.9745776751538315
1,0,0.9324036872910426,0.24737650096343772,0.8648073745820853
0,0,0.9612508929281293,0.16394816176124727,0.9225017858562584
1,0,0.9831456213857037,0.08553040716535111,0.9662912427714074
0,0,0.979576029441668,0.09968457642711717,0.959152058883336
1,0,0.6967786584637878,0.6135690807820923,0.39355731692757573
1,1,0.7791168959427278,0.5280234063623135,0.5582337918854559
1,0,0.9630730393965806,0.15805176045393468,0.9261460787931614
0,1,0.7871186865092109,0.5177492584780653,0.5742373730184219
0,1,0.8361396680665526,0.4460161070585853,0.6722793361331052
0,1,0.8022336125445517,0.4972903445650696,0.6044672250891036
1,0,0.9382707242131006,0.23169941034292996,0.8765414484262013
0,0,0.9821252872323255,0.08964842635510457,0.9642505744646511
0,1,0.7893779266898242,0.514779705909285,0.5787558533796483
0,0,0.9289388165625371,0.2563752898418094,0.8578776331250743
0,1,0.743828070136382,0.5690146714028812,0.4876561402727639
0,1,0.8291675934774603,0.45720364732954394,0.6583351869549205
1,0,0.6686605082149668,0.6351231890306157,0.3373210164299335
1,0,0.9834720832590201,0.08419972875337217,0.9669441665180404
1,0,0.7261544621470275,0.5870462957928773,0.4523089242940551
1,0,0.9659805637875511,0.14844780072618297,0.9319611275751024
0,1,0.8020351923883748,0.49756807091977107,0.6040703847767497
0,0,0.964144222246227,0.15454214805921374,0.9282884444924538
0,0,0.9809230884516373,0.09442454648378626,0.9618461769032748
1,0,0.9834720832590201,0.08419972875337217,0.9669441665180404
1,0,0.9708696361310243,0.1317061094135571,0.9417392722620485
1,1,0.7868762276410057,0.5180661330555952,0.5737524552820117
0,0,0.9651082647771082,0.1513552148936692,0.9302165295542164
0,1,0.7717201114661838,0.5371895434451762,0.5434402229323678
1,0,0.9784564175070284,0.10398715240101482,0.9569128350140568
1,0,0.9704782755498342,0.13307568439441708,0.9409565510996686
1,1,0.7788235373739781,0.5283929429409517,0.5576470747479563
0,0,0.9650799286045176,0.15144927879274672,0.9301598572090354
1,1,0.7795220893027596,0.5275121717787022,0.5590441786055191
1,0,0.6803905962626428,0.6265746864839834,0.36078119252528545
1,0,0.9834720832590201,0.08419972875337217,0.9669441665180404
1,0,0.9835444773126812,0.0839037624285294,0.9670889546253624
0,0,0.9882997305175588,0.06367602933494207,0.9765994610351176
0,1,0.8053618802322795,0.492878825164208,0.6107237604645592
0,1,0.787240950152083,0.5175893365170157,0.574481900304166
1,0,0.6978781671374323,0.6126514214098657,0.39575633427486456
1,1,0.7776936895825989,0.5298115211816193,0.5553873791651979
0,1,0.8233311249373674,0.46630457168919226,0.646662249874735
0,1,0.8601501325193125,0.40469085737622656,0.7203002650386249
1,0,0.6659786282301654,0.6369900154200507,0.3319572564603308
1,0,0.9784564175070284,0.10398715240101482,0.9569128350140568
1,0,0.9807152994282936,0.09524208884877924,0.9614305988565872
0,1,0.6906010038701941,0.6186189449957182,0.3812020077403883
1,0,0.93862230181488,0.23074160020053755,0.8772446036297599
1,0,0.9606087467661608,0.16600466893977192,0.9212174935323216
0,1,0.8129548939205365,0.4819098577860485,0.6259097878410732
1,0,0.9867764326040823,0.0703376559970485,0.9735528652081646
0,1,0.779463637868107,0.5275859791929867,0.558927275736214
0,1,0.841281085971116,0.4375394278434958,0.682562171942232
1,1,0.7801048452470088,0.5267752302946795,0.5602096904940177
1,0,0.938326276440875,0.23154821051556598,0.87665255288175
0,0,0.9317835119173755,0.24900093029072962,0.863567023834751
1,1,0.8226763276127168,0.4673108855590507,0.6453526552254335
0,0,0.9354670557745645,0.23926205780038423,0.8709341115491289
0,0,0.9396328918176866,0.22797644114664697,0.8792657836353731
0,1,0.7788585879089579,0.5283488169328131,0.557717175817916
1,1,0.7795312066272468,0.5275006574180802,0.5590624132544937
0,1,0.7871524096393957,0.5177051572271865,0.5743048192787914
1,1,0.7792909614201392,0.5278039039994794,0.5585819228402784
1,1,0.8160374705783443,0.4773491696309933,0.6320749411566886
1,1,0.778745065034066,0.5284917079048368,0.5574901300681321
0,0,0.6765825660750182,0.6294186374919275,0.35316513215003636
0,1,0.810062045440806,0.48613298563329566,0.6201240908816119
0,0,0.961901326567966,0.1618538264308769,0.9238026531359321
0,1,0.7851348257545735,0.5203317251022919,0.5702696515091471
1,0,0.9698891669264804,0.13512722406805694,0.9397783338529608
1,0,0.9888417963493561,0.06125831854781771,0.9776835926987122
0,1,0.7979757768200916,0.50319582031746,0.5959515536401832
0,1,0.7805190334470071,0.5262502528545379,0.5610380668940144
0,0,0.9339070114791687,0.24341340559774433,0.8678140229583371
0,0,0.9599382784794885,0.1681402524698159,0.9198765569589771
1,0,0.985376036613113,0.07630412470965911,0.9707520732262261
1,1,0.7751165970486051,0.5330195988786568,0.55023319409721
0,0,0.6825232498306757,0.6249528529564535,0.36504649966135133
1,0,0.9792267997330412,0.10103320767180965,0.9584535994660823
1,1,0.7793121895625522,0.5277771225553063,0.5586243791251042
1,0,0.963176597826386,0.15771388610088033,0.9263531956527721
1,0,0.98702898410838,0.06924608256046937,0.9740579682167599
0,0,0.959302063730541,0.17015591917178569,0.9186041274610822
1,0,0.9372603998219411,0.23444001871629228,0.8745207996438823
0,1,0.7948498524396265,0.5074596827698683,0.5896997048792529
1,0,0.9383315945349919,0.23153373314392034,0.8766631890699839
0,0,0.9384046000802672,0.23133494176572844,0.8768092001605341
1,0,0.6819104756885226,0.625420999237088,0.36382095137704507
1,0,0.9381356126248129,0.23206692935052134,0.8762712252496259
1,0,0.989700674294931,0.05737249083505111,0.9794013485898622
0,1,0.8345460164302988,0.44860416624158983,0.6690920328605977
0,1,0.7870540696166192,0.5178337419279413,0.5741081392332387
0,1,0.7956357851019219,0.5063933110384586,0.5912715702038439
0,0,0.9666182855761579,0.14630762314816745,0.9332365711523158
1,0,0.6965762794363253,0.6137373641807109,0.3931525588726504
1,0,0.9856650077148235,0.07508453540465324,0.9713300154296468
0,1,0.7788353102461436,0.5283781225688555,0.5576706204922872
1,0,0.9672903559144924,0.14403852708791554,0.934580711828985
1,0,0.9960446665525166,0.0258311360611924,0.9920893331050331
1,1,0.7792566963674812,0.5278471272941367,0.5585133927349621
0,1,0.7879616246826269,0.5166448729437483,0.5759232493652536
0,0,0.9599381406486158,0.16814069028212553,0.9198762812972318
0,1,0.8500656869599162,0.4225951302132672,0.7001313739198327
1,0,0.9729769268254868,0.12423666838701045,0.9459538536509736
1,0,0.9678927092155303,0.14199269151937796,0.9357854184310607
0,0,0.9628796243202026,0.1586819981772194,0.9257592486404052
1,0,0.9383411933308989,0.231507601241697,0.8766823866617978
1,0,0.9761297592596293,0.11274133157800248,0.9522595185192587
1,0,0.6936970401040259,0.6161105710080124,0.38739408020805166
0,0,0.980724854082143,0.09520454648525509,0.9614497081642862
1,0,0.9675291489622843,0.14322887268486867,0.9350582979245686
1,0,0.9731254234391276,0.12370408554236123,0.9462508468782551
1,1,0.7740064718289441,0.5343897718083541,0.5480129436578883
1,0,0.9809021443219275,0.09450705495823579,0.9618042886438548
1,0,0.9773549297138077,0.1081620069090547,0.9547098594276154
1,0,0.9852487997094949,0.07683927797687565,0.9704975994189896
0,1,0.7870256022401685,0.5178709537348898,0.574051204480337
1,0,0.9659805637875511,0.14844780072618297,0.9319611275751024
0,1,0.8354867726586709,0.4470786297772366,0.6709735453173418
0,1,0.7881966863108877,0.516336146349986,0.5763933726217755
1,0,0.9834720832590201,0.08419972875337217,0.9669441665180404
0,0,0.9625474375244274,0.15976198020024251,0.9250948750488549
1,1,0.7793577954272638,0.5277195772924992,0.5587155908545275
1,0,0.9807655158703458,0.09504472322448082,0.9615310317406914
0,1,0.7869100175335211,0.5180219933654691,0.5738200350670424
1,0,0.9780957001953545,0.10536054332735559,0.9561914003907092
0,1,0.7949030640186753,0.5073876037342178,0.5898061280373506
1,0,0.6809572084735076,0.6261458343529771,0.3619144169470151
1,0,0.7441970170072013,0.5686210310929949,0.4883940340144027
0,1,0.801725176730426,0.4980014998803133,0.6034503534608521
0,1,0.7870337799666614,0.5178602645205341,0.5740675599333227
0,1,0.7869172321170145,0.5180125680828863,0.5738344642340287
0,0,0.9395724165536408,0.22814241623202508,0.8791448331072815
1,1,0.8159722922786976,0.47744625343272806,0.6319445845573952
1,0,0.6698014892090335,0.6343191289825374,0.339602978418067
1,0,0.9346766305712113,0.2413703969887001,0.8693532611424225
1,0,0.9707432879744003,0.13214885616379812,0.9414865759488006
1,0,0.9680877704888612,0.14132769200302564,0.9361755409777223
1,0,0.9382436777022928,0.2317730051637176,0.8764873554045856
0,1,0.7905898686775479,0.5131740892340094,0.5811797373550956
1,1,0.7791174511114072,0.5280227065560457,0.5582349022228144
1,0,0.9593002150813403,0.17016176091239762,0.9186004301626808
1,0,0.9382869184733467,0.2316553389586531,0.8765738369466936
0,1,0.7718857426233813,0.5369877186253236,0.5437714852467626
0,1,0.7956615644355991,0.5063582687511543,0.5913231288711982
1,1,0.779255070620151,0.5278491779066038,0.558510141240302
1,0,0.9381522471201228,0.23202169860832283,0.8763044942402457
1,0,0.6841065760390109,0.6237351978670641,0.3682131520780218
1,0,0.9795462310650583,0.09979988619986378,0.9590924621301168
0,0,0.972402401864906,0.1262893416706981,0.9448048037298119
0,0,0.9628795427646526,0.15868226370261757,0.9257590855293052
1,0,0.9676354352221813,0.1428679143309537,0.9352708704443626
0,0,0.9383503735981907,0.23148260725804115,0.8767007471963812
1,0,0.9659805637875511,0.14844780072618297,0.9319611275751024
1,0,0.6803905962626428,0.6265746864839834,0.36078119252528545
1,0,0.9804701218838384,0.09620380147109986,0.9609402437676768
1,0,0.9856375781295488,0.0752005527565479,0.9712751562590974
0,1,0.7882153046336031,0.5163116791678386,0.5764306092672065
0,1,0.8104583183426419,0.485557715538601,0.6209166366852837
1,0,0.6670822056225965,0.6362257500448967,0.334164411245193
1,0,0.9885478152345328,0.06257275267503262,0.9770956304690657
1,0,0.9843062783114875,0.0807694069788851,0.968612556622975
1,0,0.9593002110546778,0.17016177363657597,0.9186004221093556
1,1,0.7789224495472787,0.5282684015577056,0.5578448990945576
1,0,0.7117908795544731,0.6005403597207764,0.42358175910894635
0,1,0.8091127392748606,0.4875069471737588,0.6182254785497212
0,1,0.8328034737470129,0.45141297512396583,0.6656069474940257
1,0,0.9628545565813191,0.15876360398964914,0.9257091131626383
0,1,0.7871620505058966,0.5176925481857677,0.5743241010117932
1,1,0.7768907775143841,0.5308151262872322,0.5537815550287681
1,0,0.9619012988170029,0.16185391603130023,0.923802597634006
1,0,0.9852447529261149,0.07685628025613095,0.9704895058522298
0,0,0.932533601697049,0.2470354439923236,0.8650672033940979
0,1,0.782917040841417,0.5231910881767652,0.565834081682834
0,1,0.794774007575334,0.5075623902584321,0.589548015150668
0,1,0.8093437535843186,0.48717313071968416,0.6186875071686375
1,1,0.7780443635735859,0.5293720245964456,0.5560887271471715
1,0,0.9748330736730046,0.11751782368483958,0.9496661473460093
1,1,0.7874739175900226,0.5172843659025778,0.5749478351800453
0,1,0.7668080612763533,0.5431045246747428,0.5336161225527063
1,0,0.9659805637875511,0.14844780072618297,0.9319611275751024
1,0,0.9707432879744003,0.13214885616379812,0.9414865759488006
1,1,0.8020554969347965,0.4975396622774999,0.6041109938695929
1,0,0.9904024528318296,0.054143924272011534,0.9808049056636591
1,1,0.7793039405454141,0.527787529834238,0.5586078810908283
1,0,0.9902658348141337,0.05477639069534075,0.9805316696282674
0,1,0.8020326869673388,0.49757157614240627,0.6040653739346774
1,1,0.7790585548740285,0.528096936993804,0.558117109748057
0,1,0.8356289642389463,0.446847491545985,0.6712579284778926
1,1,0.7794500668057602,0.5276031127131764,0.5589001336115205
1,0,0.9323330126597889,0.24756192659669807,0.8646660253195776
1,1,0.7870254833393303,0.5178711091488037,0.5740509666786606
1,0,0.9593002110546778,0.17016177363657597,0.9186004221093556
1,1,0.8027623145212488,0.496549114596455,0.6055246290424977
0,0,0.9821311667917582,0.08962486990410894,0.9642623335835164
0,0,0.9396011511788663,0.22806356174520337,0.8792023023577324
1,0,0.9839861472310664,0.08209103070446444,0.9679722944621327
1,0,0.9786055338868093,0.10341761084549139,0.9572110677736185
1,1,0.7782065206149971,0.5291685538974233,0.5564130412299941
0,0,0.9324797884966975,0.24717674927421554,0.8649595769933951
1,1,0.8155434261621626,0.47808434913593917,0.631086852324325
1,0,0.977930130889377,0.10598889043781357,0.955860261778754
0,1,0.7875796515054451,0.5171458458606785,0.57515930301089
1,1,0.8022957785156554,0.49720328054368823,0.6045915570313107
1,0,0.9784564175070284,0.10398715240101482,0.9569128350140568
1,0,0.9866434881756687,0.07091029623503294,0.9732869763513373
0,1,0.794758684023137,0.5075831368013526,0.589517368046274
1,0,0.9751041015392966,0.1165252441294752,0.9502082030785932
0,1,0.8230371057523698,0.46675679407299175,0.6460742115047396
1,0,0.6845176386978387,0.6234171750800713,0.3690352773956772
0,1,0.8158518442623546,0.477625587649957,0.631703688524709
1,0,0.6845176386978387,0.6234171750800713,0.3690352773956772
0,0,0.9628795427646526,0.15868226370261757,0.9257590855293052
0,0,0.9827844527608423,0.08699506310286041,0.9655689055216844
0,0,0.9398665132109297,0.22733465825670235,0.8797330264218595
1,0,0.9593002428395909,0.17016167319683612,0.9186004856791818
1,0,0.9381985439840341,0.23189578801238536,0.8763970879680685
0,0,0.9752728950119236,0.11590554836840272,0.9505457900238472
1,0,0.9593002110546778,0.17016177363657597,0.9186004221093556
1,1,0.7751313295634927,0.5330013677794343,0.5502626591269854
0,1,0.7747806615752465,0.5334349723875844,0.5495613231504931
1,0,0.9757968951286526,0.11397421115484532,0.9515937902573054
1,0,0.991570100178384,0.048655219894245205,0.9831402003567677
1,1,0.7795239915894822,0.5275097694016334,0.5590479831789642
0,1,0.8007477131596682,0.49936412425569143,0.6014954263193363
0,1,0.8014911005832808,0.49832835813939647,0.6029822011665613
0,1,0.8314559829864703,0.4535700375777285,0.6629119659729404
1,0,0.6965762794363253,0.6137373641807109,0.3931525588726504
0,1,0.8019906072773391,0.49763044204887097,0.6039812145546778
1,0,0.6868578949077907,0.6215916878671872,0.37371578981558157
1,0,0.9659805637875511,0.14844780072618297,0.9319611275751024
1,0,0.6863579285809223,0.6219838156586974,0.37271585716184447
1,0,0.7100729685474367,0.6020863347891277,0.42014593709487347
1,0,0.9606085438665624,0.16600531700529378,0.9212170877331247
1,1,0.7765573359710132,0.5312308201278462,0.5531146719420263
1,1,0.8027551357302158,0.4965591909376225,0.6055102714604316
0,1,0.7814563648260928,0.5250584995512987,0.5629127296521859
0,0,0.9605827904430846,0.16608756514252726,0.9211655808861692
1,1,0.7793088086282879,0.5277813881205311,0.5586176172565755
1,0,0.6765295215305099,0.6294577838051953,0.35305904306102004
1,0,0.9380973570127626,0.23217093183444631,0.8761947140255253
1,0,0.9772545708486696,0.10853962156102469,0.9545091416973391
1,0,0.9773062175384571,0.108345350183461,0.9546124350769143
1,0,0.9381784901832116,0.23195033157830436,0.8763569803664234
0,0,0.961593050280356,0.1628478748057972,0.9231861005607119
0,0,0.9337274322301321,0.24388872686355545,0.8674548644602642
1,0,0.6765295215305099,0.6294577838051953,0.35305904306102004
0,1,0.803550561213633,0.49544072874028366,0.6071011224272661
0,0,0.961593000446781,0.16284803528746156,0.9231860008935621
0,1,0.8009254528373095,0.4991167939376736,0.6018509056746193
1,0,0.9381860890950885,0.23192966440451596,0.876372178190177
1,0,0.9725081714444481,0.12591237739928784,0.9450163428888961
1,0,0.6828120339537981,0.6247316274299985,0.3656240679075963
1,0,0.9663146561286775,0.14732815336245839,0.932629312257355
0,1,0.8476006060289499,0.42684860061216495,0.6952012120578996
1,0,0.6711788244413868,0.633340665422324,0.3423576488827735
1,1,0.7579410185404885,0.5534416752788525,0.515882037080977
0,1,0.7947104749857801,0.5076483975836293,0.5894209499715601
1,0,0.9718729658892855,0.1281700239325199,0.9437459317785711
1,1,0.7800317419003298,0.5268677838396592,0.5600634838006597
0,1,0.7784130798634612,0.5289091477524568,0.5568261597269225
0,0,0.9635007146134895,0.15665445029975053,0.927001429226979
1,0,0.9659805637875511,0.14844780072618297,0.9319611275751024
0,0,0.6765825660750182,0.6294186374919275,0.35316513215003636
1,0,0.9706454587335115,0.1324912812614849,0.941290917467023
0,0,0.9298904450141765,0.25392223949702547,0.8597808900283531
0,0,0.9799964707654572,0.09805284810863837,0.9599929415309144
1,1,0.7777995677940102,0.529678899958661,0.5555991355880204
0,1,0.783277185786988,0.5227287315404114,0.5665543715739763
0,1,0.7856237304019277,0.5196974717571781,0.5712474608038554
0,0,0.963943872969665,0.15520106550187607,0.9278877459393301
0,1,0.8343511480730688,0.4489193637348021,0.6687022961461375
1,1,0.7793249246767479,0.5277610546659723,0.5586498493534958
1,0,0.987673332683224,0.06643828966842874,0.9753466653664479
0,0,0.9650799303763805,0.15144927291166965,0.930159860752761
1,0,0.9763679237377882,0.1118562908486836,0.9527358474755764
0,0,0.9383576740098651,0.23146273028595943,0.8767153480197302
1,0,0.981030676429669,0.09400033835377035,0.962061352859338
0,0,0.964144222246227,0.15454214805921374,0.9282884444924538
1,1,0.770078858644119,0.5391810381552803,0.5401577172882379
1,1,0.7214494431967247,0.5915791579520204,0.4428988863934492
0,1,0.7968710826423161,0.5047095485439774,0.5937421652846322
0,0,0.9395923468573075,0.22808772439454375,0.879184693714615
1,0,0.7254941128781169,0.5876891715447417,0.4509882257562341
1,1,0.7799970020510403,0.5269117558083798,0.5599940041020804
1,0,0.9659805637875511,0.14844780072618297,0.9319611275751024
0,0,0.970426909768082,0.133255041719472,0.940853819536164
0,1,0.8166110707006884,0.47649356463559167,0.6332221414013767
1,0,0.9807139074721604,0.09524755775163815,0.9614278149443207
1,0,0.6773014980201875,0.6288868046886316,0.35460299604037493
1,0,0.9889121029072607,0.060942814212986154,0.9778242058145215
1,1,0.7874789566756143,0.5172777658061144,0.5749579133512286
1,0,0.9672903559144924,0.14403852708791554,0.934580711828985
0,1,0.7871786502139965,0.5176708365543692,0.5743573004279932
0,0,0.9324027206464608,0.24737903763674818,0.8648054412929216
0,1,0.8020723550505153,0.49751607365697237,0.6041447101010307
1,0,0.6875394517567389,0.6210552649049188,0.37507890351347817
0,1,0.7814635749078032,0.5250493125032212,0.5629271498156062
1,0,0.9698891669264804,0.13512722406805694,0.9397783338529608
0,1,0.7684368999234452,0.5411581657236537,0.5368737998468905
0,1,0.795457975483515,0.5066348993847697,0.59091595096703
0,1,0.7863411332578157,0.5187642190483812,0.5726822665156313
1,0,0.9602909408709507,0.1670184172454519,0.9205818817419014
0,1,0.8021359934395158,0.4974270118755887,0.6042719868790314
1,0,0.9621760143430648,0.16096590126665855,0.9243520286861295
1,0,0.9731254234391276,0.12370408554236123,0.9462508468782551
1,1,0.786891262975605,0.5180464932594516,0.5737825259512097
0,1,0.7939886974747299,0.5086237690402695,0.5879773949494597
1,0,0.985782091251399,0.07458871386338817,0.971564182502798
1,0,0.9729769268254868,0.12423666838701045,0.9459538536509736
0,1,0.8096640319397768,0.4867097552191536,0.6193280638795537
0,0,0.9602925971090458,0.16701314100308318,0.9205851942180916
1,0,0.9878957000369972,0.06546148012035594,0.9757914000739945
0,1,0.8022221134671289,0.49730644646033173,0.6044442269342578
0,1,0.811572205376854,0.48393520320111727,0.6231444107537081
0,1,0.7935850477071651,0.5091678505473727,0.58717009541433
0,1,0.8178536963827158,0.4746324719380245,0.6357073927654313
1,1,0.7934833410351008,0.509304784528806,0.5869666820702014
1,0,0.9381543239122273,0.23201605128230343,0.8763086478244548
0,0,0.9653931045497811,0.1504083417564939,0.9307862090995622
0,0,0.9663883542476608,0.1470807075414389,0.9327767084953217
0,1,0.7948390250698353,0.5074743471201679,0.5896780501396705
0,1,0.8021771718785875,0.4973693691462807,0.6043543437571749
0,0,0.9383037540437037,0.2316095174985181,0.8766075080874075
1,0,0.6819104756885226,0.625420999237088,0.36382095137704507
0,0,0.9606103624491652,0.16599950837595143,0.9212207248983304
1,0,0.6686605082149668,0.6351231890306157,0.3373210164299335
1,1,0.8028145361140727,0.4964758051898953,0.6056290722281458
1,0,0.9593002157068076,0.1701617589359333,0.918600431413615
0,1,0.7866874775888993,0.5183125717759259,0.5733749551777987
1,1,0.809850268158678,0.4864400045316601,0.6197005363173562
0,0,0.6825232498306757,0.6249528529564535,0.36504649966135133
0,0,0.9353731814382807,0.23951299262331885,0.8707463628765616
0,1,0.7003809396505416,0.6105411871084689,0.40076187930108303
1,0,0.6765295215305099,0.6294577838051953,0.35305904306102004
1,0,0.9381426488825548,0.23204779769221615,0.8762852977651097
1,1,0.7944252962966787,0.5080341539101617,0.5888505925933575
1,0,0.9881502877354833,0.06433805178232474,0.9763005754709667
1,0,0.9659805637875511,0.14844780072618297,0.9319611275751024
0,1,0.7861991202710884,0.5189492033868995,0.5723982405421768
0,0,0.9399069935749382,0.22722335631444085,0.8798139871498765
0,0,0.9396521857627652,0.22792347512003525,0.8793043715255306
1,0,0.9753538288802468,0.11560799523330637,0.9507076577604937
0,0,0.9647848714121374,0.15242732946605655,0.9295697428242748
1,0,0.9772545708486696,0.10853962156102469,0.9545091416973391
1,0,0.9819000414944439,0.09054939642301818,0.9638000829888878
1,0,0.7254941128781169,0.5876891715447417,0.4509882257562341
1,1,0.8356860775168566,0.44675461014499473,0.6713721550337135
0,0,0.9641456727009222,0.1545373735145975,0.9282913454018444
1,1,0.7873263870284193,0.5174775313316989,0.5746527740568386
1,0,0.9834720832590201,0.08419972875337217,0.9669441665180404
1,0,0.9852447529261149,0.07685628025613095,0.9704895058522298
0,0,0.9634660414414864,0.15676792823130004,0.9269320828829728
0,0,0.9383051753562661,0.23160564888055837,0.8766103507125325
1,0,0.9593002110546778,0.17016177363657597,0.9186004221093556
1,0,0.6809572084735076,0.6261458343529771,0.3619144169470151
0,1,0.8099709856195854,0.4862650330737318,0.6199419712391708
1,0,0.9794814994923289,0.10005022316170784,0.9589629989846579
0,0,0.9593020597008152,0.17015593190583486,0.9186041194016303
0,1,0.7880252530532215,0.5165613370029709,0.5760505061064429
1,1,0.80254782000247,0.49685004439778735,0.6050956400049399
1,0,0.9732455181273303,0.12327274966028884,0.9464910362546606
0,1,0.7947690763972799,0.5075690667328561,0.5895381527945597
1,1,0.7956754908355941,0.5063393366579633,0.5913509816711882
0,1,0.8019286472812251,0.49771709851612744,0.6038572945624503
1,0,0.6696831799808987,0.6344027759627422,0.3393663599617973
0,1,0.8125884226760491,0.482447882065349,0.6251768453520984
1,0,0.9862909689137552,0.07242226690101404,0.9725819378275103
1,0,0.932275691780346,0.2477122584822659,0.8645513835606919
1,0,0.6921928687327399,0.6173348526921008,0.3843857374654797
1,1,0.7784701022004753,0.5288374930440474,0.5569402044009505
0,0,0.9396505197885809,0.2279280488362043,0.8793010395771618
1,0,0.9589728591739415,0.17119483061061963,0.917945718347883
1,1,0.7791147154413655,0.5280261549303717,0.5582294308827309
0,0,0.9050631750074115,0.31381342688218883,0.810126350014823
1,0,0.9663146561286775,0.14732815336245839,0.932629312257355
0,1,0.8039005369214208,0.49494735257245015,0.6078010738428414
1,0,0.9675291631711079,0.14322882445439555,0.9350583263422158
0,1,0.8279937873958308,0.4590531002272116,0.6559875747916617
1,0,0.9810258492860593,0.09401938457739124,0.9620516985721186
0,0,0.9359455280208441,0.23798078464737016,0.8718910560416883
0,0,0.9704251472372596,0.13326119443353188,0.9408502944745192
0,1,0.8166066496323074,0.4765001676735555,0.633213299264615
1,0,0.9381411013179705,0.23205200560967085,0.8762822026359408
0,1,0.7932098624999689,0.509672672581502,0.5864197249999377
1,0,0.9804701218838384,0.09620380147109986,0.9609402437676768
1,1,0.7948881737678454,0.5074077754346722,0.5897763475356907
1,0,0.6949636008561103,0.615071429661706,0.38992720171222073
0,0,0.9641441995906213,0.15454222263548328,0.9282883991812424
0,1,0.8114917290784484,0.48405269822507263,0.6229834581568967
1,1,0.8106131498533917,0.48533266870891684,0.6212262997067834
1,1,0.778675898126517,0.5285787314561395,0.5573517962530341
0,1,0.8177609237642623,0.4747717757667001,0.6355218475285245
0,0,0.9634968302413434,0.15666716472501963,0.9269936604826867
1,1,0.7956471875164726,0.5063778120462892,0.5912943750329452
1,1,0.7948294718730591,0.5074872851617195,0.5896589437461183
0,1,0.8158307298786684,0.4776570147606044,0.6316614597573368
0,0,0.9606105214659382,0.16599900046553334,0.9212210429318763
1,0,0.9904151353144601,0.054085112160250644,0.9808302706289203
1,0,0.9621760143430648,0.16096590126665855,0.9243520286861295
1,0,0.9871310967602764,0.06880332410689674,0.9742621935205529
1,0,0.9706950601869568,0.13231770668406398,0.9413901203739138
0,0,0.9593002092468179,0.170161779349379,0.9186004184936358
1,0,0.9741296023923954,0.1200802368084728,0.9482592047847909
1,0,0.6811129197792936,0.6260277222476289,0.36222583955858717
1,0,0.9804701218838384,0.09620380147109986,0.9609402437676768
1,0,0.9780957001953545,0.10536054332735559,0.9561914003907092
1,0,0.933105574527498,0.2455306789353628,0.8662111490549962
1,1,0.7870382698175142,0.5178543956074934,0.5740765396350286
0,1,0.8154459938543632,0.4782291449265085,0.6308919877087262
1,0,0.9685086535469942,0.13988861944041298,0.9370173070939883
0,0,0.9384003239140717,0.2313465881481835,0.8768006478281435
1,0,0.9593002110546778,0.17016177363657597,0.9186004221093556
1,0,0.6659786282301654,0.6369900154200507,0.3319572564603308
0,1,0.8701704609299875,0.3860625385857123,0.740340921859975
1,0,0.9382318563079931,0.23180516776524623,0.8764637126159864
0,0,0.9793203196785263,0.10067265071640541,0.9586406393570526
1,0,0.6809572084735076,0.6261458343529771,0.3619144169470151
1,0,0.9814926425031308,0.09217174139570865,0.9629852850062616
1,0,0.6696831799808987,0.6344027759627422,0.3393663599617973
0,1,0.809914672528409,0.4863466667123115,0.619829345056818
1,0,0.9345113424219115,0.24180998053364916,0.869022684843823
1,1,0.8241734605690861,0.46500570670185737,0.6483469211381724
1,1,0.8090265022376608,0.4876314713964932,0.6180530044753219
0,1,0.7883411429214487,0.5161462549129344,0.5766822858428977
1,0,0.9806895227284242,0.09534334717464818,0.9613790454568486
1,1,0.8028824040963155,0.49638050541880774,0.605764808192631
0,1,0.7977201607830886,0.5035467550844781,0.595440321566177
0,1,0.7724181299437396,0.5363379385552788,0.5448362598874793
1,0,0.9647822402044488,0.15243603979137094,0.9295644804088976
1,1,0.8217536596389126,0.46872388511882057,0.6435073192778251
0,1,0.7872556354671104,0.5175701219879696,0.5745112709342209
1,0,0.6812421995246571,0.6259295745288185,0.36248439904931434
1,0,0.9899930407022252,0.056033510716704954,0.9799860814044504
1,1,0.7873658475523253,0.5174258774243766,0.5747316951046506
0,1,0.7955724486267641,0.5064793880321943,0.5911448972535283
1,0,0.6863548506019217,0.6219862261461517,0.37270970120384345
0,0,0.9619011947667403,0.16185425198152945,0.9238023895334805
1,0,0.961901326567966,0.1618538264308769,0.9238026531359321
1,0,0.9589728591739415,0.17119483061061963,0.917945718347883
0,1,0.7948813801289341,0.5074169782697163,0.589762760257868
1,1,0.7746353033417633,0.5336145027080694,0.5492706066835269
0,1,0.8647513784664895,0.3962436991112154,0.729502756932979
1,0,0.9697019859739322,0.13577657323223874,0.9394039719478645
0,1,0.7892479749228251,0.5149513447796413,0.5784959498456501
0,1,0.8057795297534049,0.49228514364436404,0.6115590595068099
1,0,0.9747543340630893,0.11780562738887651,0.9495086681261786
0,1,0.7966246310330684,0.5050462238761704,0.5932492620661367
1,1,0.8046750305462599,0.493852751079882,0.6093500610925198
0,1,0.7869664997720209,0.5179481954909584,0.5739329995440418
1,0,0.6841065760390109,0.6237351978670641,0.3682131520780218
0,1,0.7827711211896493,0.5233782035650594,0.5655422423792986
0,0,0.9628772282198009,0.15868979923043972,0.925754456439602
0,1,0.7947074824842282,0.5076524480763088,0.5894149649684564
1,1,0.8020822655646968,0.4975022055920102,0.6041645311293935
1,1,0.7775646852726099,0.5299730221269081,0.5551293705452199
0,1,0.785041614757258,0.520452486332782,0.5700832295145157
0,0,0.9625461556908405,0.1597661416607294,0.9250923113816809
0,0,0.961594790142251,0.16284227179549554,0.923189580284502
0,1,0.7946362722944833,0.5077488182505538,0.5892725445889666
0,0,0.9663859886593006,0.14708865274076877,0.9327719773186011
1,1,0.7794463921011959,0.5276077518579794,0.5588927842023919
0,1,0.8169819127245584,0.47593923274786243,0.633963825449117
0,0,0.9621776828024458,0.1609605016701366,0.9243553656048914
0,0,0.9631766389763082,0.15771375178326355,0.9263532779526165
0,1,0.8224322392084752,0.4676852561035558,0.6448644784169504
1,1,0.7791728635589489,0.5279528485431442,0.5583457271178978
1,0,0.6845176386978387,0.6234171750800713,0.3690352773956772
1,0,0.9593002110546778,0.17016177363657597,0.9186004221093556
0,1,0.8213979989180584,0.4692670006280889,0.6427959978361167
0,1,0.773518364931704,0.5349899867842107,0.547036729863408
1,0,0.9602931191836409,0.1670114778262702,0.9205862383672818
1,0,0.9736648840834738,0.12176218158992291,0.9473297681669479
0,0,0.9606083982897607,0.1660057819799444,0.9212167965795214
1,0,0.6711788244413868,0.633340665422324,0.3423576488827735
1,0,0.9331346350567417,0.24545408597202123,0.8662692701134833
0,1,0.8040946906323935,0.4946733105299498,0.6081893812647869
1,1,0.7788222943162774,0.5283945077268855,0.5576445886325545
0,0,0.9599382563287413,0.16814032283049926,0.9198765126574826
0,1,0.7881351410689134,0.5164170109674395,0.5762702821378266
0,0,0.9331685085320087,0.245364790753549,0.8663370170640177
1,0,0.9593002110546778,0.17016177363657597,0.9186004221093556
1,0,0.9331181263291117,0.2454975986212573,0.8662362526582236
1,0,0.9589728591739415,0.17119483061061963,0.917945718347883
1,0,0.9743129131532192,0.11941443556492437,0.9486258263064384
1,0,0.9644323236998618,0.15359259048124288,0.9288646473997235
0,1,0.8157412607519783,0.4777901496451644,0.6314825215039567
1,1,0.7501676943776001,0.5621508385132423,0.5003353887552001
1,0,0.9732455181273303,0.12327274966028884,0.9464910362546606
1,0,0.9880686145542251,0.06469905145512367,0.9761372291084502
1,1,0.8090150754137965,0.48764796784541875,0.6180301508275927
1,0,0.9812373671741318,0.09318363008228765,0.9624747343482635
1,0,0.9823398392826488,0.08878754337740175,0.9646796785652976
1,1,0.7873035862987275,0.5175073732948466,0.5746071725974551
1,0,0.9903242810196007,0.05450605541676495,0.9806485620392013
0,1,0.8089945358611752,0.48767761785196884,0.6179890717223502
0,0,0.9339242763657286,0.24336768033863765,0.867848552731457
1,1,0.7502371480511835,0.5620744608527182,0.5004742961023667
1,0,0.7090876643876435,0.6029665533334767,0.41817532877528696
0,0,0.9599383006240471,0.16814018212877793,0.9198766012480941
1,0,0.96840924017742,0.1402290522270369,0.93681848035484
1,0,0.9814635519045951,0.09228723415066584,0.9629271038091902
0,1,0.781305908109353,0.525250141265874,0.562611816218706
0,1,0.7867098326228528,0.5182833953416308,0.5734196652457055
1,0,0.6978781671374323,0.6126514214098657,0.39575633427486456
0,0,0.9638212722099437,0.1556037102366859,0.9276425444198876
1,0,0.9752718870381039,0.11590925246698297,0.9505437740762076
1,0,0.6832366188624978,0.6244056712590496,0.3664732377249956
0,1,0.7873722582313019,0.5174174849541618,0.5747445164626037
0,1,0.7776061688918449,0.5299210991371597,0.5552123377836895
1,0,0.9383956629222853,0.2313592822647652,0.8767913258445705
0,0,0.9638229043839427,0.15559835269414551,0.9276458087678855
0,1,0.7946584921399941,0.5077187510247791,0.5893169842799882
1,0,0.9846882429020715,0.0791838186177723,0.969376485804143
1,1,0.7793100400410925,0.5277798345127974,0.5586200800821852
1,1,0.7793247065407761,0.5277613298959933,0.5586494130815522
1,0,0.6765295215305099,0.6294577838051953,0.35305904306102004
1,0,0.9786055338868093,0.10341761084549139,0.9572110677736185
1,1,0.7801456502689709,0.5267235549615235,0.5602913005379417
1,0,0.6883320660700992,0.6204287139065997,0.37666413214019845
0,0,0.9612508734051596,0.1639482244519913,0.9225017468103192
0,1,0.8178408658425808,0.4746517412303155,0.6356817316851616
0,1,0.8355748815201043,0.44693542255901586,0.6711497630402086
1,0,0.9621760143430648,0.16096590126665855,0.9243520286861295
0,1,0.7948336183019321,0.5074816696579636,0.5896672366038642
1,0,0.678392334113052,0.6280753371774237,0.3567846682261039
1,0,0.9817670539949239,0.09107999625385259,0.9635341079898478
0,1,0.846976244649732,0.4279184381081772,0.693952489299464
1,0,0.9602931330652795,0.167011433603336,0.920586266130559
1,1,0.7956541377222884,0.5063683644281881,0.5913082754445768
1,0,0.6936970401040259,0.6161105710080124,0.38739408020805166
1,0,0.9663146561286775,0.14732815336245839,0.932629312257355
1,0,0.9659805637875511,0.14844780072618297,0.9319611275751024
1,1,0.7976988234320916,0.5035760307763811,0.5953976468641833
1,0,0.96840924017742,0.1402290522270369,0.93681848035484
0,1,0.7944160985838189,0.5080465872064693,0.5888321971676378
0,0,0.9911787161025195,0.050512119913461495,0.982357432205039
0,1,0.7931310629541312,0.5097785904552739,0.5862621259082621
1,0,0.9337165474116493,0.24391752069777697,0.8674330948232988
0,0,0.9332562967490076,0.24513328308516202,0.8665125934980151
1,0,0.960608733338292,0.16600471182869644,0.9212174666765841
1,0,0.7441970170072013,0.5686210310929949,0.4883940340144027
0,0,0.9814279336846277,0.09242857891688541,0.9628558673692552
0,0,0.6825232498306757,0.6249528529564535,0.36504649966135133
1,0,0.9816446289199487,0.09156758004148588,0.9632892578398975
1,0,0.9834720832590201,0.08419972875337217,0.9669441665180404
1,1,0.7975314089288077,0.5038056322251576,0.5950628178576154
1,0,0.9675291489622843,0.14322887268486867,0.9350582979245686
0,0,0.9656707893292263,0.14948291585564902,0.9313415786584528
1,0,0.971232190749764,0.13043251058878141,0.9424643814995279
0,0,0.9653907591844061,0.1504161481816102,0.9307815183688122
0,1,0.7872062667275288,0.5176347118191463,0.5744125334550576
0,1,0.790093947037776,0.5138321711958233,0.5801878940755519
0,1,0.8229799944950048,0.4668445663751428,0.6459599889900097
0,0,0.9582065232181326,0.1736026179673577,0.9164130464362652
0,0,0.9734891685866913,0.12239594256878356,0.9469783371733826
0,1,0.8211198406766433,0.46969116419933565,0.6422396813532869
1,0,0.6769539206935992,0.6291442215246386,0.3539078413871984
1,0,0.9761297592596293,0.11274133157800248,0.9522595185192587
0,0,0.9349409611817737,0.2406664797778336,0.8698819223635473
1,0,0.9902416160186561,0.054888307598053764,0.9804832320373122
0,1,0.809884780837744,0.4863899904960134,0.6197695616754881
0,1,0.7791772268408949,0.527947347031918,0.5583544536817897
1,0,0.9839861472310664,0.08209103070446444,0.9679722944621327
1,1,0.7790425893355273,0.5281170558413529,0.5580851786710544
0,1,0.9023190933444583,0.3199573178856633,0.8046381866889164
0,1,0.7881875024410891,0.5163482145250033,0.5763750048821784
1,0,0.6847880638239374,0.6232075312851142,0.3695761276478749
0,1,0.7877707789561488,0.5168952837423255,0.5755415579122977
1,0,0.9380379507561795,0.23233238494151265,0.876075901512359
0,1,0.7870671560000478,0.517816634128917,0.5741343120000957
1,0,0.9740546627624409,0.12035203981541774,0.9481093255248817
1,0,0.6711788244413868,0.633340665422324,0.3423576488827735
1,0,0.9732455181273303,0.12327274966028884,0.9464910362546606
1,0,0.9672063188129754,0.14432303484807799,0.934412637625951
1,0,0.9593002123177573,0.17016176964526852,0.9186004246355145
1,0,0.939523323424926,0.22827710553730426,0.8790466468498519
1,0,0.9389064985351077,0.22996578955811006,0.8778129970702153
1,1,0.7755875630233222,0.532436174228862,0.5511751260466443
0,1,0.7943832906363935,0.5080909321575281,0.5887665812727869
1,0,0.9844357691287785,0.0802329421786757,0.9688715382575571
0,1,0.8223739615499759,0.46777457910385006,0.6447479230999519
1,0,0.9395911917195936,0.22809089446222186,0.8791823834391872
1,0,0.6865081043137884,0.621866153624575,0.37301620862757673
1,0,0.9843537631895778,0.08057280938012927,0.9687075263791556
1,0,0.9396400434856182,0.2279568090464309,0.8792800869712365
1,0,0.9369618798437513,0.23524645066880168,0.8739237596875025
0,1,0.7958095325954613,0.5061570540358252,0.5916190651909227
1,1,0.8021345856257239,0.4974289823837785,0.6042691712514476
1,0,0.9868011202242888,0.07023116867733432,0.9736022404485776
0,1,0.8404609011051178,0.43890480934352905,0.6809218022102357
0,1,0.8113508296678382,0.4842583087703719,0.6227016593356764
1,0,0.6819104756885226,0.625420999237088,0.36382095137704507
0,0,0.9413153287370583,0.22333290526298644,0.8826306574741166
1,0,0.9396916123676241,0.2278152201988872,0.8793832247352481
0,0,0.9396537422524605,0.2279192019351144,0.8793074845049208
0,0,0.9656163679526687,0.14966446589241492,0.9312327359053374
1,0,0.9381867899217702,0.23192775827793746,0.8763735798435404
0,1,0.7977575273266329,0.5034954799074853,0.5955150546532656
0,1,0.788180320209121,0.5163576520716149,0.576360640418242
1,0,0.9593002110546778,0.17016177363657597,0.9186004221093556
0,1,0.8312112879083176,0.4539603528246703,0.662422575816635
0,0,0.9399331766126212,0.22715134983789453,0.8798663532252424
1,0,0.7254941128781169,0.5876891715447417,0.4509882257562341
1,1,0.7789196326416715,0.5282719491397924,0.557839265283343
1,0,0.712337039957794,0.6000458499848424,0.424674079915588
1,0,0.9593002437737816,0.17016167024481027,0.9186004875475633
0,1,0.8027535759623085,0.4965613802261142,0.605507151924617
1,0,0.9931310301803431,0.041057884796790546,0.9862620603606862
1,0,0.7456471911408851,0.5670668622593062,0.4912943822817702
1,0,0.9838980682146503,0.08245350825737484,0.9677961364293006
0,0,0.9653908668381467,0.15041578986540996,0.9307817336762934
1,1,0.779165101148543,0.52796263562431,0.5583302022970862
1,0,0.973125426281894,0.12370407533872756,0.946250852563788
1,1,0.786808749312555,0.5181542595303733,0.5736174986251101
0,1,0.7960302873090916,0.5058566099400313,0.5920605746181833
1,1,0.7781935745389054,0.5291848039126134,0.5563871490778108
0,1,0.9363599774008875,0.23686786914041502,0.8727199548017752
1,0,0.965390856268997,0.1504158250439295,0.9307817125379939
1,1,0.779483758583082,0.5275605747384966,0.5589675171661641
1,0,0.938226233246693,0.23182046564556483,0.8764524664933856
0,1,0.7744372827177007,0.5338588810190087,0.5488745654354016
0,1,0.778909348714468,0.5282849002212575,0.5578186974289362
1,0,0.9381855794915663,0.23193105043206907,0.8763711589831329
0,1,0.8055826153794903,0.49256519275585453,0.6111652307589805
1,0,0.98064975531026,0.09549949628246429,0.9612995106205199
1,0,0.9723600868634743,0.12644003609471627,0.9447201737269486
1,0,0.9322481548066117,0.24778445947354194,0.8644963096132234
1,0,0.9734880516559778,0.12239996721826646,0.9469761033119557
1,0,0.9737709407402261,0.12137908005474599,0.947541881480452
0,0,0.9557216868981548,0.18131025722745595,0.9114433737963097
0,1,0.7931393129105455,0.509767503106318,0.586278625821091
1,1,0.7774767136772511,0.5300830988910609,0.5549534273545021
1,1,0.8286687927576485,0.4579907448709568,0.6573375855152968
0,1,0.805909620108751,0.49209999489971196,0.611819240217502
1,0,0.9865664729155118,0.07124141473259475,0.9731329458310236
1,0,0.9647328979739795,0.15259934412749987,0.9294657959479591
1,0,0.984082066647395,0.08169572690585125,0.96816413329479
1,0,0.6965762794363253,0.6137373641807109,0.3931525588726504
0,1,0.7870800566186578,0.5177997681796245,0.5741601132373156
0,1,0.7965750565929967,0.5051139017727231,0.5931501131859933
1,1,0.7874129196924373,0.5173642477308232,0.5748258393848749
0,1,0.8176655259952168,0.47491496119463605,0.6353310519904337
0,0,0.9384697137877566,0.2311575617745396,0.876939427575513
0,1,0.7794785210205867,0.5275671879219971,0.5589570420411734
0,0,0.939861597310324,0.2273481726942353,0.8797231946206481
1,1,0.8288019819272116,0.45778074668863955,0.6576039638544231
1,0,0.9383478224239491,0.2314895531722616,0.8766956448478982
1,0,0.9756542952655889,0.11450094087302012,0.9513085905311778
0,0,0.9807536966128845,0.09509118845435804,0.9615073932257691
0,0,0.9644349565904451,0.1535839015716472,0.9288699131808903
0,1,0.7873221410579756,0.5174830887616136,0.5746442821159512
1,0,0.9593002110546778,0.17016177363657597,0.9186004221093556
1,0,0.9376148708844727,0.2334804699201528,0.8752297417689455
0,0,0.9617738097980455,0.162265322343701,0.9235476195960911
1,0,0.9384354956241204,0.23125078658929799,0.8768709912482411
0,0,0.961594790142251,0.16284227179549554,0.923189580284502
1,1,0.7790724386569916,0.5280794402502672,0.5581448773139832
1,0,0.9659805637875511,0.14844780072618297,0.9319611275751024
1,0,0.6845176386978387,0.6234171750800713,0.3690352773956772
0,0,0.9589745753771752,0.17118942173738516,0.9179491507543506
1,1,0.7835766588571053,0.5223436840918698,0.5671533177142105
0,1,0.8242672331026792,0.4648608087568604,0.6485344662053584
1,0,0.9647822402044488,0.15243603979137094,0.9295644804088976
1,0,0.9852674725588662,0.07676081069746966,0.9705349451177324
1,0,0.9953652610357778,0.02953188205675015,0.9907305220715555
1,0,0.9631760213310367,0.15771576783651292,0.9263520426620736
1,0,0.9382190305254328,0.23184006028993617,0.8764380610508654
0,0,0.9692602060326997,0.13730443532017847,0.9385204120653993
1,0,0.9593002479330892,0.1701616571014726,0.9186004958661785
0,1,0.7947484047949573,0.5075970530320111,0.5894968095899145
0,1,0.7894091106344066,0.5147385033872263,0.5788182212688133
1,0,0.9773549297138077,0.1081620069090547,0.9547098594276154
0,1,0.7792064797207213,0.5279104602302506,0.5584129594414425
0,1,0.7949116079584364,0.5073760287151772,0.589823215916873
0,1,0.9290457957316679,0.25610021298670693,0.8580915914633356
1,0,0.988583487768924,0.06241366624171988,0.9771669755378479
1,0,0.9808605891598091,0.09467069038923306,0.9617211783196183
1,0,0.934302628821777,0.24236441637954365,0.8686052576435541
0,1,0.7936259614709917,0.5091127480076745,0.5872519229419837
1,0,0.6765295215305099,0.6294577838051953,0.35305904306102004
0,1,0.791945206125705,0.5113679876624541,0.5838904122514097
1,0,0.9761297592596293,0.11274133157800248,0.9522595185192587
0,0,0.9644350610326801,0.1535835568934006,0.9288701220653601
1,0,0.6765825706182497,0.62941863413852,0.35316514123649956
1,0,0.6921927403620376,0.6173349567225546,0.38438548072407513
1,0,0.9814030067302117,0.09252745583088659,0.9628060134604237
0,1,0.7885345183722918,0.515891862799101,0.5770690367445838
1,1,0.7785125009322298,0.528784202249396,0.5570250018644598
0,1,0.7967963682766273,0.5048116547880365,0.5935927365532544
0,1,0.7919763027855333,0.5113264181110415,0.5839526055710665
1,0,0.9367778883927855,0.23574273942628873,0.8735557767855711
1,0,0.9946174459931734,0.03348969219383733,0.9892348919863466
0,1,0.7883430795878957,0.5161437082722646,0.5766861591757917
1,1,0.7872354247178817,0.517596565760658,0.5744708494357632
1,0,0.6955880042781335,0.6145563582488527,0.39117600855626694
1,0,0.959300222558975,0.1701617372832116,0.91860044511795
1,1,0.7793061800557252,0.5277847044205753,0.5586123601114501
0,0,0.934799205912569,0.2410441191856797,0.8695984118251381
0,0,0.9690045788611409,0.1381855046616923,0.9380091577222818
1,0,0.9659805637875511,0.14844780072618297,0.9319611275751024
1,0,0.9815406666898194,0.09198097831975267,0.9630813333796389
0,1,0.8014569402039317,0.4983760300619883,0.6029138804078633
1,0,0.6936970401040259,0.6161105710080124,0.38739408020805166
1,0,0.9593002095906195,0.1701617782629724,0.918600419181239
1,0,0.9380829342258552,0.2322101353733272,0.8761658684517105
1,1,0.7792837966453452,0.5278129424946265,0.5585675932906904
1,1,0.7966123887421561,0.5050629381832743,0.5932247774843125
1,0,0.9834720832590201,0.08419972875337217,0.9669441665180404
1,1,0.7790943171101349,0.5280518661199598,0.5581886342202698
1,0,0.9835444773126812,0.0839037624285294,0.9670889546253624
1,1,0.7796562887087922,0.527342641160042,0.5593125774175844
1,0,0.9840698008160059,0.08174630961859289,0.9681396016320117
1,0,0.9663146561286775,0.14732815336245839,0.932629312257355
0,1,0.8092735237933236,0.4872746495782214,0.618547047586647
0,1,0.7791227974682201,0.5280159672261088,0.5582455949364401
1,0,0.9804974854195526,0.09609662393320165,0.9609949708391051
1,0,0.9808172762895428,0.0948411494028302,0.9616345525790858
1,0,0.9756542952655889,0.11450094087302012,0.9513085905311778
1,0,0.6814546161585125,0.6257681430947868,0.36290923231702504
1,0,0.9734613430150464,0.12249619238281254,0.9469226860300928
1,1,0.7874611809405602,0.5173010474423392,0.5749223618811207
0,0,0.9621776443638939,0.16096062606879377,0.9243552887277878
1,0,0.9814030067302117,0.09252745583088659,0.9628060134604237
1,1,0.7793146559021223,0.5277740108491236,0.5586293118042448
0,1,0.786961966335242,0.5179541194358364,0.5739239326704838
0,0,0.9644562882360234,0.1535134966849113,0.9289125764720466
0,1,0.7873050946501032,0.5175053992361105,0.5746101893002066
1,0,0.6958130259739698,0.6143702862496787,0.3916260519479397
0,0,0.964435059258219,0.15358356274944546,0.9288701185164381
1,0,0.9397329319642833,0.22770173819139203,0.8794658639285665
1,1,0.7864098253408057,0.5186746985302331,0.5728196506816114
1,0,0.9381894512781306,0.2319205197747609,0.876378902556261
1,0,0.691568234618527,0.6178401354287126,0.38313646923705413
0,1,0.8282849392608237,0.4585952645974919,0.6565698785216472
1,1,0.8113500666224164,0.48425942190790716,0.6227001332448328
1,0,0.9769828251769302,0.10955983468989314,0.9539656503538605
0,0,0.9663167733178616,0.14732104710336144,0.9326335466357232
0,1,0.8089552010056609,0.4877343923213245,0.6179104020113219
1,0,0.9879500338256931,0.06522217826944515,0.9759000676513863
1,0,0.9807725632066632,0.0950170143983182,0.9615451264133265
1,1,0.7790576859761882,0.5280980319666746,0.5581153719523765
1,1,0.780590313894899,0.5261598049749989,0.5611806277897983
0,1,0.7871586651405322,0.5176969758812864,0.5743173302810645
0,0,0.9748664778724991,0.11739565060961721,0.9497329557449983
0,0,0.9385210672711924,0.23101761501516732,0.8770421345423849
1,1,0.7807989831460375,0.5258948536463683,0.5615979662920749
1,0,0.9644333041693126,0.1535893548176364,0.9288666083386252
0,1,0.7965468757205831,0.5051523668965628,0.5930937514411665
0,0,0.9641456918189115,0.15453731058241338,0.9282913836378229
0,1,0.7932647283073913,0.5095989027252322,0.5865294566147823
1,0,0.9686121485750862,0.13953386507339025,0.9372242971501723
1,0,0.6765295215305099,0.6294577838051953,0.35305904306102004
1,1,0.7860133760079935,0.5191909704569713,0.5720267520159872
1,0,0.6618071948907858,0.6398294926036148,0.3236143897815716
0,1,0.7799993539106471,0.5269087791637321,0.5599987078212942
0,0,0.9644335256992009,0.15358862373927157,0.9288670513984019
0,1,0.8418368394637675,0.43661138950533024,0.6836736789275351
0,0,0.9383139449618585,0.23158177844433966,0.8766278899237169
1,0,0.7020750807979111,0.6090958246787537,0.4041501615958221
1,0,0.6773014980201875,0.6288868046886316,0.35460299604037493
0,1,0.8109203009013718,0.4848857639442331,0.6218406018027437
1,0,0.6809152615469951,0.6261776333823368,0.3618305230939903
1,0,0.6696831799808987,0.6344027759627422,0.3393663599617973
0,0,0.9367313917783411,0.2358680663845693,0.8734627835566822
0,1,0.842574799039173,0.43537550368034894,0.685149598078346
0,0,0.9323780863826574,0.24744367798654016,0.8647561727653147
1,0,0.6765295215305099,0.6294577838051953,0.35305904306102004
1,0,0.9381864505258773,0.23192868137674363,0.8763729010517547
1,0,0.9753538288802468,0.11560799523330637,0.9507076577604937
1,1,0.7861485564170779,0.5190150382621591,0.572297112834156
1,0,0.9937852803627232,0.037771331108134604,0.9875705607254465
1,1,0.7721293745136439,0.5366905652166777,0.5442587490272881
0,1,0.7972316636124382,0.504216285899431,0.5944633272248765
0,1,0.8087690950781895,0.48800287499218076,0.617538190156379
1,1,0.7936945361127161,0.5090203689554018,0.5873890722254321
0,0,0.9325419984710301,0.24701339119007132,0.8650839969420602
0,1,0.8021389321250275,0.49742289857555516,0.6042778642500548
1,0,0.6811369076866921,0.6260095167147972,0.3622738153733844
0,1,0.8038382349463116,0.4950352392255212,0.6076764698926234
1,0,0.941520162493482,0.2227640910033303,0.883040324986964
0,1,0.8200607597533445,0.471301341403637,0.640121519506689
0,1,0.7946839850315784,0.5076842510845558,0.5893679700631567
1,0,0.682523200519969,0.6249528906984685,0.3650464010399381
1,0,0.9799905455891896,0.09807590586772995,0.9599810911783794
0,1,0.8405604078551431,0.4387394258886277,0.6811208157102862
1,0,0.9647822402044488,0.15243603979137094,0.9295644804088976
1,1,0.7759012758109928,0.5320468451153391,0.5518025516219853
1,0,0.9650783556969782,0.15145449947076356,0.9301567113939565
0,0,0.9606087467661608,0.16600466893977192,0.9212174935323216
1,1,0.7625522284189278,0.5481201271080164,0.5251044568378554
1,0,0.9655967409006703,0.14972991996089613,0.9311934818013403
0,1,0.7804065842773625,0.5263928794955908,0.5608131685547252
0,1,0.7597022308935292,0.5514229174484859,0.5194044617870583
1,0,0.9394197254350309,0.22856119232910563,0.878839450870062
1,0,0.9773062175384571,0.108345350183461,0.9546124350769143
1,1,0.7795006177003277,0.5275392865702327,0.5590012354006554
1,0,0.9394237476775466,0.22855016604157616,0.8788474953550932
0,0,0.9367312947620056,0.23586832784422096,0.8734625895240112
1,0,0.9757968951286526,0.11397421115484532,0.9515937902573054
1,0,0.6812421995246571,0.6259295745288185,0.36248439904931434
0,0,0.9644335038904785,0.15358869571104616,0.928867007780957
1,0,0.9690026821818171,0.13819203378732442,0.938005364363634
1,0,0.9809539736535232,0.09430283281567496,0.9619079473070464
1,0,0.9814416522900222,0.09237414724463967,0.9628833045800446
1,0,0.6812421995246571,0.6259295745288185,0.36248439904931434
1,1,0.7790604960689775,0.5280944907113116,0.5581209921379547
0,1,0.7871595302813469,0.5176958443762145,0.5743190605626938
0,1,0.8105617565304466,0.4854073859568913,0.6211235130608934
0,0,0.969889183915425,0.13512716507739414,0.93977836783085
0,1,0.794940960959494,0.5073362589244891,0.5898819219189877
0,0,0.9631766389763082,0.15771375178326355,0.9263532779526165
1,0,0.6886252004188481,0.6201962535652528,0.37725040083769606
1,0,0.6711788244413868,0.633340665422324,0.3423576488827735
1,0,0.9386058169246422,0.23078655818151836,0.8772116338492841
0,1,0.8595208314111858,0.40583236240576825,0.7190416628223717
1,0,0.9748118277481671,0.11759550521688998,0.9496236554963342
1,0,0.9690026821818171,0.13819203378732442,0.938005364363634
1,0,0.9707432879744003,0.13214885616379812,0.9414865759488006
0,1,0.7872439632649026,0.5175853942112594,0.574487926529805
0,0,0.980761449466658,0.09506071037563626,0.9615228989333162
1,0,0.9326509518949514,0.24672714053970402,0.8653019037899028
0,0,0.9593002092468179,0.170161779349379,0.9186004184936358
0,1,0.7764308586729609,0.5313883287864483,0.5528617173459217
1,0,0.6659786282301654,0.6369900154200507,0.3319572564603308
1,1,0.7792567795562805,0.5278470223647558,0.5585135591125608
1,0,0.9852447529261149,0.07685628025613095,0.9704895058522298
1,1,0.7676562845206861,0.542092807711441,0.535312569041372
0,1,0.6799323244038799,0.6269204590050177,0.35986464880776
0,1,0.8038607049063168,0.4950035446806846,0.6077214098126338
1,0,0.9806938814955903,0.09532622714373837,0.9613877629911807
0,1,0.8345046688617388,0.4486710684705786,0.6690093377234776
0,1,0.8176542401416922,0.4749318964388052,0.6353084802833843
0,0,0.9396442098169536,0.22794537160162606,0.8792884196339072
0,1,0.7946826765131413,0.5076860220205772,0.5893653530262826
1,0,0.9396008753987503,0.22806431861904392,0.8792017507975006
1,0,0.9780184831251574,0.10565374616067641,0.9560369662503148
1,0,0.9814637139001969,0.0922865911398443,0.9629274278003936
0,1,0.7817474127032296,0.5246874059436621,0.563494825406459
1,0,0.9799905455891896,0.09807590586772995,0.9599810911783794
1,0,0.9382376906923104,0.23178929439106818,0.8764753813846207
0,1,0.8186226183428976,0.47347566200807834,0.6372452366857952
0,1,0.8021288996257264,0.49743694091546664,0.6042577992514526
0,1,0.7785564612755119,0.528728937663105,0.5571129225510238
1,0,0.989700674294931,0.05737249083505111,0.9794013485898622
0,1,0.8164598039587256,0.4767194132646698,0.6329196079174512
1,0,0.9698891669264804,0.13512722406805694,0.9397783338529608
1,0,0.9824713642575709,0.08825849389623594,0.9649427285151416
1,1,0.777255845286688,0.5303592691412482,0.554511690573376
0,0,0.6765825660750182,0.6294186374919275,0.35316513215003636
1,0,0.9698891669264804,0.13512722406805694,0.9397783338529608
1,0,0.9927720845986506,0.04283394152873366,0.9855441691973013
0,1,0.8039685901653576,0.49485132472106863,0.6079371803307152
0,1,0.8030066820902594,0.49620591963466343,0.6060133641805185
1,0,0.9814030067302117,0.09252745583088659,0.9628060134604237
1,0,0.6958130259739698,0.6143702862496787,0.3916260519479397
1,0,0.9731254234391276,0.12370408554236123,0.9462508468782551
0,0,0.961901326567966,0.1618538264308769,0.9238026531359321
1,0,0.9331198703184711,0.24549300213187525,0.8662397406369422
0,1,0.7666492725918246,0.5432934722055583,0.533298545183649
1,0,0.9382495901993674,0.23175691806111448,0.8764991803987344
1,1,0.7966257106480946,0.5050447498415619,0.5932514212961892
0,1,0.7791258338677025,0.5280121396302281,0.558251667735405
0,1,0.8032027149862028,0.4959303340400011,0.6064054299724055
1,1,0.7720968223321392,0.5367302880441713,0.5441936446642787
1,1,0.7771209036930925,0.53052785924265,0.5542418073861852
1,1,0.8341882766480752,0.4491825957323608,0.6683765532961504
1,0,0.9383294259083559,0.23153963682424689,0.8766588518167119
0,0,0.9708999481173416,0.13159980687763273,0.9417998962346832
1,0,0.9884590041481888,0.0629683300496535,0.9769180082963775
1,0,0.981526105294025,0.0920388329527634,0.9630522105880498
1,0,0.9835444773126812,0.0839037624285294,0.9670889546253624
0,0,0.9915857824462533,0.04858043988751508,0.9831715648925065
1,0,0.6667535571193651,0.6364539234343799,0.33350711423873036
0,0,0.938314517844832,0.2315802190387565,0.8766290356896642
1,0,0.9888417963493561,0.06125831854781771,0.9776835926987122
0,1,0.7947262427856174,0.5076270542126458,0.589452485571235
0,1,0.7789761598577642,0.5282007505265068,0.5579523197155286
1,1,0.8226851289969741,0.46729737881142563,0.6453702579939483
0,1,0.8028951284917788,0.4963626346673744,0.6057902569835576
0,1,0.7817675667049221,0.5246616906930914,0.5635351334098442
0,1,0.8090932653119725,0.4875350713195775,0.6181865306239449
1,1,0.9384795549183217,0.23113074660007918,0.8769591098366435
1,1,0.7795010855534422,0.527538695784058,0.5590021711068844
1,0,0.9807736171786618,0.09501287014850703,0.9615472343573238
0,0,0.9704251472372596,0.13326119443353188,0.9408502944745192
0,1,0.7661067745302554,0.5439379444042916,0.5322135490605109
1,0,0.9381511124791402,0.2320247839543798,0.8763022249582807
0,0,0.9619013378268279,0.16185379007902323,0.9238026756536557
0,1,0.8007451903515391,0.49936763339660817,0.6014903807030785
1,0,0.9762953970365942,0.11212606584165627,0.9525907940731884
1,1,0.772432534720461,0.53632033509773,0.5448650694409218
1,1,0.7877464804211726,0.5169271504829382,0.5754929608423451
0,0,0.9641441995906213,0.15454222263548328,0.9282883991812424
0,1,0.7949066389609578,0.5073827605868328,0.5898132779219155
1,0,0.9896647064071065,0.05753663251575823,0.9793294128142129
1,0,0.9873810934844016,0.06771586525718158,0.9747621869688032
0,0,0.9369036734985785,0.23540351527464434,0.8738073469971571
0,0,0.9606085451573566,0.16600531288247383,0.9212170903147131
0,1,0.7668257205184555,0.5430835026888041,0.5336514410369111
0,0,0.9400069363245344,0.22694843653215974,0.8800138726490688
0,1,0.8081127405557916,0.4889479675992455,0.6162254811115833
1,1,0.7870760614262792,0.517804991501351,0.5741521228525581
1,0,0.9322370377540834,0.24781360459818716,0.8644740755081667
1,1,0.7714562969064794,0.5375106851520173,0.5429125938129591
0,1,0.7947932575994721,0.5075363256286451,0.5895865151989442
1,0,0.9606087400568643,0.16600469036942167,0.9212174801137285
1,0,0.9910619301566687,0.05106277475532893,0.9821238603133373
0,0,0.9628795427646526,0.15868226370261757,0.9257590855293052
0,0,0.9396355739781459,0.22796907843242786,0.8792711479562918
1,0,0.9810042500836688,0.09410459216247144,0.9620085001673375
0,1,0.8450402182214831,0.43121672302280023,0.6900804364429662
0,1,0.7866090362632058,0.5184149250794488,0.5732180725264117
1,0,0.9853903079997806,0.076244029938843,0.9707806159995611
0,1,0.7947871641123948,0.5075445764866495,0.5895743282247898
1,0,0.6825045123379321,0.6249671936734426,0.36500902467586416
0,0,0.9602927773368907,0.16701256685074278,0.9205855546737811
0,1,0.8097257959105215,0.4866203191964561,0.619451591821043
0,0,0.9593002092468179,0.170161779349379,0.9186004184936358
0,1,0.7780614438913227,0.5293505998064053,0.5561228877826454
1,1,0.7880772406583441,0.5164930659124787,0.5761544813166881
1,0,0.9834720832590201,0.08419972875337217,0.9669441665180404
1,0,0.9761374813103176,0.11271267405387474,0.9522749626206354
1,0,0.9759139482123169,0.1135412018836385,0.9518278964246338
0,1,0.8203881995448303,0.47080433062057364,0.6407763990896604
1,0,0.9891328519536785,0.05994924833392691,0.9782657039073571
0,1,0.7789851704229221,0.5281893995928388,0.5579703408458441
0,0,0.9382934825410687,0.23163747408336666,0.8765869650821376
0,0,0.9631766389763082,0.15771375178326355,0.9263532779526165
0,0,0.9809208345054944,0.09443342693027271,0.9618416690109889
1,1,0.8100168165548248,0.48619857956739143,0.6200336331096497
1,0,0.933291602246878,0.2450401435328645,0.8665832044937558
0,1,0.7879391337159631,0.5166743949196841,0.5758782674319263
1,1,0.7947487915626229,0.5075965294297133,0.5894975831252458
1,0,0.6777936375751732,0.6285213791554258,0.35558727515034627
0,1,0.788251970961834,0.51626348821152,0.5765039419236677
0,1,0.7948668695145853,0.5074366337668035,0.5897337390291706
1,1,0.7786055795763159,0.5286671755101441,0.5572111591526319
1,0,0.9756350900212925,0.11457181492162205,0.951270180042585
0,1,0.8105724777992248,0.4853918004552662,0.6211449555984496
1,0,0.9731254234391276,0.12370408554236123,0.9462508468782551
0,1,0.7617609535021965,0.5490415983511712,0.523521907004393
1,0,0.988583487768924,0.06241366624171988,0.9771669755378479
1,0,0.6696831799808987,0.6344027759627422,0.3393663599617973
0,1,0.8161271685400622,0.47721551724865496,0.6322543370801245
0,0,0.9821436664505875,0.0895747834831458,0.964287332901175
0,0,0.9656707627747375,0.1494830044633568,0.9313415255494751
0,1,0.84559874869653,0.4302681409128599,0.69119749739306
1,0,0.9867711375990329,0.07036048932955963,0.9735422751980658
0,0,0.9647328147202064,0.15259961960586618,0.9294656294404128
0,0,0.9630826351257581,0.15802046568884198,0.9261652702515161
0,0,0.9659829589506581,0.14843978591608514,0.9319659179013163
1,0,0.9752718870381039,0.11590925246698297,0.9505437740762076
0,1,0.8092347589691309,0.48733067138002273,0.6184695179382615
1,0,0.9865992336234871,0.0711006185772588,0.9731984672469741
0,1,0.7990893995395767,0.5016621955351734,0.5981787990791535
1,1,0.8019924046559248,0.4976279278971157,0.6039848093118497
1,0,0.6667535571193651,0.6364539234343799,0.33350711423873036
0,1,0.7868664902318423,0.518078851756081,0.5737329804636846
0,1,0.7977539274411848,0.5035004201246291,0.5955078548823698
1,0,0.9710331047529016,0.13113244793317358,0.9420662095058032
1,0,0.6828120339537981,0.6247316274299985,0.3656240679075963
0,1,0.8076348524459992,0.48963433613219354,0.6152697048919986
0,1,0.7969664780516336,0.5045791290173367,0.5939329561032671
1,0,0.9908256426416969,0.05217220018091784,0.981651285283394
1,0,0.6670822056225965,0.6362257500448967,0.334164411245193
1,0,0.9902658348141337,0.05477639069534075,0.9805316696282674
1,0,0.9769026738589238,0.10986011745744083,0.9538053477178476
0,0,0.9353938728378075,0.23945769512163556,0.870787745675615
1,1,0.7872721165990959,0.5175485562464149,0.5745442331981916
0,1,0.8001545990177861,0.5001880290869805,0.6003091980355723
0,0,0.9653908668381467,0.15041578986540996,0.9307817336762934
1,0,0.9628778694205653,0.15868771167034917,0.9257557388411306
0,1,0.787046032355682,0.5178442485142246,0.5740920647113639
1,1,0.7800935336787022,0.5267895535057685,0.5601870673574043
0,0,0.9619004569858014,0.16185663406867906,0.9238009139716028
1,0,0.9832219900195451,0.08521970484739778,0.9664439800390903
1,0,0.9381816054007456,0.23194185907222015,0.8763632108014909
1,0,0.6686605082149668,0.6351231890306157,0.3373210164299335
0,1,0.7787685294085229,0.5284621794857332,0.5575370588170458
1,1,0.7868342410701079,0.5181209705696557,0.5736684821402157
1,0,0.96840924017742,0.1402290522270369,0.93681848035484
1,1,0.779434459761961,0.5276228153435489,0.558868919523922
0,1,0.8043267286420409,0.4943454820474019,0.608653457284082
0,0,0.958206516893552,0.1736026377779871,0.9164130337871039
1,0,0.9877832078330339,0.06595614512291316,0.9755664156660679
0,1,0.825364663166282,0.46316053327095075,0.6507293263325642
1,0,0.9320162233292684,0.248392099827851,0.8640324466585371
0,1,0.8020328016304752,0.4975714157231981,0.6040656032609505
0,1,0.8303702608405642,0.4552986312619185,0.6607405216811285
0,1,0.8445732875175407,0.43200790776560627,0.6891465750350814
1,0,0.6825230128008601,0.6249530343770495,0.3650460256017202
0,0,0.9619010247500184,0.16185480091902402,0.9238020495000367
1,0,0.9710331047529016,0.13113244793317358,0.9420662095058032
1,0,0.9324288972973862,0.24731033950911324,0.8648577945947723
1,1,0.7747870204747662,0.5334271158182508,0.5495740409495327
0,0,0.9606105800897202,0.1659988132170066,0.9212211601794404
1,0,0.9617721422200916,0.1622707006757032,0.9235442844401831
0,1,0.7875981774626732,0.5171215684683006,0.5751963549253465
0,1,0.8028479156385607,0.496428937519278,0.6056958312771213
1,0,0.9890211369809773,0.06045262542966048,0.9780422739619545
1,0,0.9848497128825636,0.07851063775854539,0.9696994257651272
1,0,0.9903595450352837,0.05434277402431794,0.9807190900705672
1,0,0.9712843029694079,0.13024906298268135,0.9425686059388161
1,0,0.9370759124125753,0.234938577689286,0.8741518248251504
1,0,0.9856650077148235,0.07508453540465324,0.9713300154296468
0,1,0.7872660537688494,0.5175564897147115,0.5745321075376989
0,0,0.9605827966940341,0.1660875451811345,0.9211655933880681
0,1,0.8329386602562037,0.45119585027270603,0.6658773205124071
0,0,0.9615925127853115,0.16284960572561707,0.923185025570623
0,1,0.8154855564926404,0.47817035783267536,0.6309711129852807
1,0,0.9331739431318243,0.24535046267587002,0.8663478862636489
0,0,0.9396813820823228,0.22784331246311065,0.8793627641646455
0,1,0.7905463750223993,0.5132318641746912,0.581092750044799
1,0,0.6989613270525452,0.6117418004408011,0.3979226541050904
1,0,0.6683173273795567,0.6353638818652843,0.3366346547591136
1,0,0.9331718069152871,0.24535609477106393,0.8663436138305741
0,0,0.960292617900592,0.167013074767441,0.9205852358011839
0,1,0.7693456986868594,0.5400657332402578,0.5386913973737188
0,0,0.9404705659504907,0.22567077579492534,0.8809411319009813
0,0,0.970159323951706,0.13418790549646728,0.940318647903412
1,0,0.9612490910121063,0.16395394790018405,0.9224981820242127
1,0,0.9659805637875511,0.14844780072618297,0.9319611275751024
0,0,0.9745741763899154,0.11846318108390547,0.9491483527798309
0,1,0.7882572075857438,0.5162566050021238,0.5765144151714877
1,0,0.969310185206071,0.1371319164982018,0.9386203704121422
1,1,0.757811404630068,0.5535895739475301,0.515622809260136
0,1,0.7872002275852222,0.5176426119169497,0.5744004551704445
1,0,0.9593002110546778,0.17016177363657597,0.9186004221093556
0,0,0.9827917305886671,0.0869656258027872,0.9655834611773342
1,1,0.7794467330499962,0.5276073214291711,0.5588934660999922
1,0,0.6889560587288865,0.6199333960726696,0.37791211745777314
0,0,0.9621777755710991,0.16096020144284326,0.9243555511421983
1,0,0.9719049734081738,0.12805661874579233,0.9438099468163474
0,0,0.9771265159943775,0.10902078867005088,0.9542530319887549
0,0,0.964144222246227,0.15454214805921374,0.9282884444924538
0,0,0.9383629076590576,0.23144847996102466,0.8767258153181153
1,1,0.8026378160204797,0.4967238178720993,0.6052756320409594
1,0,0.9841946110707779,0.08123115887447366,0.9683892221415558
0,1,0.7872243780520791,0.5176110182029616,0.5744487561041585
0,0,0.969266475448518,0.137282799062835,0.9385329508970359
0,0,0.9383317423827302,0.23153333065315185,0.8766634847654604
1,1,0.7935960950035665,0.5091529730874538,0.5871921900071331
0,1,0.7959701783457985,0.5059384471291957,0.5919403566915968
1,1,0.8090447709628568,0.48760509581241224,0.6180895419257133
1,0,0.6819104756885226,0.625420999237088,0.36382095137704507
1,0,0.9799905455891896,0.09807590586772995,0.9599810911783794
1,0,0.9788040704490142,0.10265766210384453,0.9576081408980285
1,0,0.6624535677881962,0.6393946112877354,0.32490713557639245
1,1,0.768119683096369,0.5415383865638448,0.5362393661927382
1,1,0.7783867163445228,0.5289422699809176,0.5567734326890456
0,1,0.7935133652298152,0.509264367666924,0.5870267304596304
0,1,0.7801529949238846,0.5267142526860578,0.5603059898477691
0,1,0.7986083141665882,0.5023256677838305,0.5972166283331765
1,0,0.9718729658892855,0.1281700239325199,0.9437459317785711
1,1,0.8548720774912426,0.41416404597951195,0.7097441549824852
1,0,0.9860761525934305,0.07333910154739424,0.9721523051868611
0,0,0.9354032810142887,0.23943254954697624,0.8708065620285773
1,0,0.685114036946182,0.622954374238011,0.3702280738923639
0,0,0.9325356435402986,0.24703008151626038,0.8650712870805972
0,1,0.8224458514236654,0.467664389116516,0.644891702847331
1,0,0.9325098670437759,0.24709777325456517,0.865019734087552
1,1,0.7768791269161112,0.5308296616286876,0.5537582538322222
0,1,0.8059079692678365,0.49210234510683204,0.611815938535673
0,1,0.8157857900276245,0.4777238943401174,0.6315715800552492
1,0,0.9381912709372284,0.2319155704957165,0.8763825418744567
1,1,0.7579243021626499,0.553460754994667,0.5158486043252999
1,0,0.9807646892991109,0.09504797297755269,0.9615293785982217
0,0,0.9400495816937002,0.2268310749200526,0.8800991633874005
1,0,0.9771264924399499,0.10902087710838239,0.9542529848798998
1,0,0.9663146561286775,0.14732815336245839,0.932629312257355
0,1,0.7816493357153765,0.5248125120914027,0.5632986714307531
1,0,0.9731254234391276,0.12370408554236123,0.9462508468782551
0,1,0.8093411222402987,0.4871769349673096,0.6186822444805976
1,0,0.6686605082149668,0.6351231890306157,0.3373210164299335
1,0,0.9593002110546778,0.17016177363657597,0.9186004221093556
0,0,0.9397002037506096,0.22779162691785534,0.8794004075012192
1,1,0.7948795195207256,0.5074194986472604,0.5897590390414511
0,1,0.8157427934524851,0.47778786935257483,0.6314855869049703
0,1,0.809807004704536,0.4865026888243903,0.6196140094090721
0,1,0.7788538176750718,0.5283548227206283,0.5577076353501437
1,0,0.6641687702541292,0.6382315567415089,0.3283375405082585
0,1,0.8477272058449709,0.4266313053180687,0.6954544116899416
1,0,0.9628778694205653,0.15868771167034917,0.9257557388411306
0,1,0.8091596772950979,0.4874391495579552,0.6183193545901957
0,1,0.7815890682594617,0.5248893607728793,0.5631781365189237
0,1,0.786579046881038,0.5184540467090946,0.5731580937620759
0,0,0.6765825660750182,0.6294186374919275,0.35316513215003636
1,0,0.9817946083344063,0.09097014002530032,0.9635892166688128
1,0,0.6828120339537981,0.6247316274299985,0.3656240679075963
1,0,0.6825223365658858,0.624953551960097,0.3650446731317716
0,0,0.9324662437178348,0.2472123085573822,0.8649324874356698
0,0,0.9324853717994922,0.2471620905090685,0.8649707435989844
1,0,0.9382084323253584,0.23186889053793036,0.8764168646507167
1,0,0.6773564312312267,0.6288460704089063,0.35471286246245337
1,0,0.9834720832590201,0.08419972875337217,0.9669441665180404
1,0,0.9593002110546778,0.17016177363657597,0.9186004221093556
1,1,0.8029972700099898,0.4962191451460999,0.6059945400199794
1,0,0.9824713642575709,0.08825849389623594,0.9649427285151416
0,0,0.9644335256992009,0.15358862373927157,0.9288670513984019
0,1,0.802162864458139,0.49738939828435597,0.6043257289162781
0,0,0.9880662031406435,0.06470970140898795,0.9761324062812872
1,0,0.6936970401040259,0.6161105710080124,0.38739408020805166
1,0,0.9807339378143457,0.0951688499996864,0.9614678756286914
1,0,0.9874222992396176,0.06753614572879985,0.974844598479235
0,1,0.82269827617238,0.4672772019528443,0.6453965523447598
0,1,0.8020594078922766,0.4975341900524305,0.6041188157845532
1,0,0.9835444773126812,0.0839037624285294,0.9670889546253624
0,1,0.8700557470279748,0.38628071974682937,0.7401114940559497
0,0,0.9335993230256118,0.24422749551317027,0.8671986460512235
1,1,0.7794964594347569,0.5275445374054909,0.5589929188695137
0,1,0.7712653154385168,0.5377429207320034,0.5425306308770338
0,1,0.7873148318968902,0.5174926552624157,0.5746296637937803
1,0,0.9612490910121063,0.16395394790018405,0.9224981820242127
1,0,0.9382691604462139,0.23170366576971996,0.8765383208924278
0,1,0.7882979976438382,0.5162029834381592,0.5765959952876767
1,0,0.9804701218838384,0.09620380147109986,0.9609402437676768
1,0,0.6803905962626428,0.6265746864839834,0.36078119252528545
1,0,0.6624535677881962,0.6393946112877354,0.32490713557639245
1,0,0.9320807930945993,0.24822301803416333,0.8641615861891986
1,0,0.9807789661036679,0.09499183710523468,0.9615579322073359
0,1,0.7787965257804452,0.528426943655652,0.5575930515608906
1,0,0.9872888375769158,0.06811774735677173,0.9745776751538315
0,0,0.9630747723149696,0.1580461090402182,0.9261495446299394
1,0,0.981030676429669,0.09400033835377035,0.962061352859338
1,0,0.6765295215305099,0.6294577838051953,0.35305904306102004
1,0,0.9834720832590201,0.08419972875337217,0.9669441665180404
1,0,0.9731254234391276,0.12370408554236123,0.9462508468782551
1,0,0.9697019859739322,0.13577657323223874,0.9394039719478645
1,0,0.9382874877973941,0.23165378950638044,0.8765749755947883
1,0,0.9383277714479682,0.23154414072849633,0.8766555428959366
0,0,0.6765825660750182,0.6294186374919275,0.35316513215003636
0,1,0.7950100111530084,0.5072426833636996,0.5900200223060169
1,0,0.9895338622768115,0.05813268406366821,0.9790677245536228
1,0,0.9753414228511285,0.1156536236251978,0.950682845702257
1,1,0.7869919349294948,0.5179149565191743,0.5739838698589895
0,0,0.9617739405251445,0.16226490071479333,0.9235478810502891
1,1,0.7793969273066393,0.5276701912319448,0.5587938546132786
1,0,0.9797361231630609,0.09906430581183015,0.9594722463261219
1,0,0.9382325386990508,0.2318033112417419,0.8764650773981018
1,0,0.676865677580349,0.6292094867035809,0.3537313551606981
1,0,0.9823398392826488,0.08878754337740175,0.9646796785652976
1,0,0.980746209761729,0.09512061779921066,0.9614924195234579
1,0,0.9818725867993183,0.09065901774525147,0.9637451735986365
0,0,0.9586097012596385,0.17233769828461815,0.917219402519277
0,0,0.9396056884545122,0.22805110907690673,0.8792113769090242
1,0,0.9883012678684564,0.06366920896896296,0.9766025357369128
0,1,0.8222204741821314,0.4680097201469624,0.6444409483642628
1,0,0.979566520094148,0.09972137924713823,0.9591330401882963
0,0,0.9334018290036631,0.24474922508099506,0.8668036580073262
0,0,0.9612508812135917,0.1639481993781214,0.9225017624271835
1,0,0.9381812763528057,0.23194275399697684,0.8763625527056113
1,1,0.7790795652368431,0.5280704586939262,0.5581591304736864
1,0,0.9800047603486536,0.09802058628008663,0.960009520697307
0,0,0.932601901341212,0.24685603322488708,0.8652038026824239
1,0,0.9659805637875511,0.14844780072618297,0.9319611275751024
1,1,0.7785581234187084,0.5287268478858977,0.5571162468374169
1,0,0.6711788244413868,0.633340665422324,0.3423576488827735
1,1,0.7788967579554404,0.5283007555791439,0.5577935159108808
1,0,0.9858689475106405,0.07422026633400935,0.9717378950212809
0,0,0.9602926198850539,0.16701306844553865,0.9205852397701078
0,1,0.8171807007810756,0.47564170727983546,0.6343614015621514
1,0,0.9698891669264804,0.13512722406805694,0.9397783338529608
1,1,0.8098796391641524,0.4863974420407061,0.6197592783283046
1,0,0.6711788244413868,0.633340665422324,0.3423576488827735
1,0,0.9729769268254868,0.12423666838701045,0.9459538536509736
0,1,0.7809801547703357,0.5256646102536467,0.5619603095406712
0,0,0.939741876335127,0.22767716899867627,0.8794837526702538
1,0,0.6650072997848456,0.637658163520006,0.3300145995696912
1,0,0.9740546627624409,0.12035203981541774,0.9481093255248817
1,0,0.9650783556969782,0.15145449947076356,0.9301567113939565
0,1,0.8157790766583651,0.47773388403636674,0.6315581533167304
1,0,0.9593002101458044,0.17016177650859854,0.9186004202916088
1,0,0.9593002098577833,0.17016177741874003,0.9186004197155665
1,1,0.7789859425927615,0.5281884268407255,0.5579718851855231
1,0,0.9707432879744003,0.13214885616379812,0.9414865759488006
1,1,0.8158956799318758,0.47756033220462346,0.6317913598637516
1,0,0.6978781671374323,0.6126514214098657,0.39575633427486456
0,0,0.9383208849033466,0.23156288732227395,0.8766417698066933
1,0,0.990846850949872,0.052072875445484945,0.981693701899744
0,0,0.9325275323007469,0.24705138360646556,0.8650550646014937
1,0,0.9780957001953545,0.10536054332735559,0.9561914003907092
1,1,0.8021836560431569,0.497360291457861,0.6043673120863137
1,0,0.9902416160186561,0.054888307598053764,0.9804832320373122
0,1,0.7737928488631057,0.5346526270449236,0.5475856977262115
1,0,0.9777870466473984,0.10653088169046404,0.9555740932947967
0,1,0.7802410258375275,0.5266027338193383,0.5604820516750548
0,0,0.938308068460522,0.2315977741395529,0.8766161369210439
0,0,0.9581447811082605,0.17379596662901292,0.916289562216521
0,0,0.9634660433016011,0.1567679221444561,0.9269320866032021
1,0,0.9395662319652051,0.22815938627731808,0.87913246393041
0,0,0.9350826467159975,0.24028869602989367,0.8701652934319949
1,0,0.9399315834617604,0.22715573153966906,0.8798631669235207
1,1,0.7872642548330363,0.5175588436556384,0.5745285096660726
1,0,0.9659805637875511,0.14844780072618297,0.9319611275751024
1,1,0.7878424435725536,0.5168012773537409,0.5756848871451072
1,0,0.9765688611209518,0.11110767835362681,0.9531377222419034
0,1,0.7947571770545807,0.5075851770069187,0.5895143541091616
0,0,0.9687229541980713,0.13915366131472834,0.9374459083961427
1,0,0.9858805814116021,0.07417087383488305,0.971761162823204
1,0,0.9879500338256931,0.06522217826944515,0.9759000676513863
1,0,0.9761295431006631,0.11274213373492654,0.9522590862013262
1,0,0.9877507654621838,0.06609860959184186,0.9755015309243675
0,1,0.7765682424751659,0.5312172333823325,0.553136484950332
0,0,0.9396637960895583,0.22789159911362672,0.8793275921791166
1,1,0.7788456662287188,0.52836508519408,0.5576913324574375
0,0,0.9807384446703773,0.09515113771581972,0.9614768893407545
1,0,0.6711788244413868,0.633340665422324,0.3423576488827735
0,1,0.7939392007903873,0.5086905394190735,0.5878784015807748
0,1,0.7949304846369948,0.5073504536896632,0.5898609692739893
1,0,0.96840924017742,0.1402290522270369,0.93681848035484
0,1,0.770340916323668,0.5388640802382585,0.540681832647336
1,0,0.9772545708486696,0.10853962156102469,0.9545091416973391
0,0,0.978552245917337,0.10362126279866678,0.957104491834674
1,0,0.6851140484389933,0.6229543653037894,0.3702280968779863
0,1,0.8369308329276083,0.44472439415974335,0.6738616658552166
0,1,0.7799522979158209,0.5269683297253955,0.5599045958316416
1,0,0.6841065760390109,0.6237351978670641,0.3682131520780218
1,0,0.988583487768924,0.06241366624171988,0.9771669755378479
1,0,0.9593002096613187,0.1701617780395642,0.9186004193226375
0,1,0.8871476739373233,0.3524375715089698,0.7742953478746467
0,0,0.9812705867337497,0.09305215205399646,0.9625411734674995
0,1,0.8163781923917331,0.47684119989748264,0.6327563847834665
0,1,0.6963126228411815,0.6139563107974056,0.39262524568236284
1,1,0.7948691121545495,0.5074335960608882,0.5897382243090987
1,0,0.9395995409234724,0.22806798104482962,0.8791990818469448
0,1,0.808813116360679,0.4879393886362999,0.6176262327213579
1,1,0.828519743003741,0.45822560214986574,0.657039486007482
0,0,0.6765825660750182,0.6294186374919275,0.35316513215003636
1,0,0.9593002101919568,0.17016177636275814,0.9186004203839134
0,0,0.9593018991584956,0.1701564392238124,0.9186037983169912
0,1,0.7859147007065347,0.5193193240329121,0.5718294014130694
0,1,0.7947041435188482,0.5076569674594107,0.5894082870376963
1,0,0.9659805637875511,0.14844780072618297,0.9319611275751024
1,0,0.9695884891525817,0.1361697236597376,0.9391769783051634
1,0,0.9934456897486462,0.03948544620545167,0.9868913794972926
1,0,0.9834720832590201,0.08419972875337217,0.9669441665180404
1,0,0.9954497531435955,0.02907742069646151,0.990899506287191
0,1,0.7888602366569569,0.515462862030776,0.5777204733139141
0,1,0.7871442003510328,0.5177158935070548,0.5742884007020658
0,1,0.7957483053884606,0.5062403302788927,0.5914966107769211
0,0,0.9383035128014482,0.23161017412340418,0.8766070256028962
1,0,0.9593002110546778,0.17016177363657597,0.9186004221093556
1,0,0.9381840738919016,0.23193514535920084,0.8763681477838032
1,0,0.6865081043137884,0.621866153624575,0.37301620862757673
0,0,0.9692604521270229,0.13730358605378726,0.9385209042540459
1,0,0.9381964500376966,0.23190148358121015,0.8763929000753934
1,0,0.9765688611209518,0.11110767835362681,0.9531377222419034
1,0,0.9806982106839861,0.09530922229678422,0.9613964213679723
1,0,0.9367835800340765,0.235727395671156,0.8735671600681527
1,0,0.9839861472310664,0.08209103070446444,0.9679722944621327
1,0,0.6686605082149668,0.6351231890306157,0.3373210164299335
0,1,0.801704864835772,0.49802987657058373,0.6034097296715439
1,0,0.9810188291223176,0.0940470814589402,0.962037658244635
1,1,0.7793116522081706,0.5277778005144156,0.5586233044163412
0,0,0.9367310230533268,0.2358690601000229,0.8734620461066536
0,1,0.7948208669804214,0.5074989384213007,0.5896417339608429
0,1,0.8280051707677215,0.45903521108730694,0.6560103415354428
0,1,0.8141547891690855,0.4801420787126376,0.628309578338171
0,0,0.9383379678593908,0.23151638249009904,0.8766759357187817
0,0,0.961594790142251,0.16284227179549554,0.923189580284502
1,0,0.99109719424911,0.05089666499553079,0.9821943884982199
1,1,0.7722204493505883,0.536579396272214,0.5444408987011764
1,0,0.6711788244413868,0.633340665422324,0.3423576488827735
1,0,0.92935700907598,0.2552989982408092,0.8587140181519597
1,0,0.6949636008561103,0.615071429661706,0.38992720171222073
1,0,0.9322943453393094,0.24766334267376225,0.8645886906786189
1,0,0.6765295215305099,0.6294577838051953,0.35305904306102004
1,0,0.9382255296711522,0.23182237972721903,0.8764510593423047
1,0,0.985968882346533,0.07379566881954377,0.971937764693066
0,0,0.9807431923647298,0.0951324777562387,0.9614863847294596
0,1,0.7942523808229666,0.5082678111624912,0.5885047616459333
1,0,0.9844357691287785,0.0802329421786757,0.9688715382575571
0,1,0.7949358287121642,0.50734321288443,0.5898716574243283
0,0,0.9644335038904785,0.15358869571104616,0.928867007780957
1,0,0.9725081714444481,0.12591237739928784,0.9450163428888961
1,0,0.9748118277481671,0.11759550521688998,0.9496236554963342
1,0,0.6832366188624978,0.6244056712590496,0.3664732377249956
0,1,0.7851026833951436,0.52037337354711,0.5702053667902873
1,0,0.9849004479691568,0.07829875933112385,0.9698008959383134
1,0,0.9898575020843479,0.056655308605445216,0.9797150041686956
0,1,0.7905287040215943,0.5132553342432163,0.5810574080431885
0,0,0.9397003512704509,0.2277912217939298,0.8794007025409019
0,1,0.7788994142537701,0.5282974106182949,0.55779882850754
1,0,0.9381937831526885,0.23190873744325372,0.8763875663053772
1,0,0.7261544621470275,0.5870462957928773,0.4523089242940551
0,1,0.7973710403516454,0.504025407733775,0.5947420807032907
1,0,0.691568234618527,0.6178401354287126,0.38313646923705413
1,0,0.9834720832590201,0.08419972875337217,0.9669441665180404
0,1,0.8106823692715104,0.4852320081248322,0.6213647385430207
1,0,0.6845176386978387,0.6234171750800713,0.3690352773956772
1,0,0.9382063769775745,0.23187448146927456,0.8764127539551491
1,0,0.9593002110546778,0.17016177363657597,0.9186004221093556
1,0,0.9672063188129754,0.14432303484807799,0.934412637625951
1,0,0.9695884891525817,0.1361697236597376,0.9391769783051634
0,1,0.7639017200606462,0.5465406082715488,0.5278034401212923
0,0,0.9628804890399153,0.1586791828448535,0.9257609780798307
1,0,0.960989107039521,0.16478787172138085,0.921978214079042
1,0,0.9800047603486536,0.09802058628008663,0.960009520697307
1,0,0.9695884891525817,0.1361697236597376,0.9391769783051634
0,0,0.9323907619228282,0.24741041855004975,0.8647815238456563
0,1,0.8133218315783332,0.481370263851353,0.6266436631566663
1,0,0.9697019859739322,0.13577657323223874,0.9394039719478645
1,0,0.6641687702541292,0.6382315567415089,0.3283375405082585
0,0,0.981428222004162,0.09242743505011598,0.962856444008324
1,0,0.9736273298454764,0.12189773105734618,0.9472546596909526
0,0,0.9325053952575629,0.24710951555162183,0.8650107905151259
1,0,0.9382184900587378,0.23184153056655477,0.8764369801174756
0,1,0.79455948946704,0.5078526951707548,0.58911897893408
1,0,0.9382425990770958,0.23177593989150674,0.8764851981541918
1,1,0.7780504063416989,0.5293644450103049,0.5561008126833977
1,0,0.9593002110546778,0.17016177363657597,0.9186004221093556
1,0,0.9784564175070284,0.10398715240101482,0.9569128350140568
0,1,0.8222424507454339,0.46797606217027055,0.644484901490868
1,0,0.9825882140346388,0.08778763190592191,0.9651764280692776
0,1,0.8581392935229758,0.4083268818028942,0.7162785870459516
0,0,0.9803926778828943,0.09650692248607619,0.9607853557657887
1,0,0.9729769268254868,0.12423666838701045,0.9459538536509736
1,0,0.9351350697376472,0.2401488339322228,0.8702701394752942
0,1,0.8087869083685428,0.4879771866346042,0.6175738167370857
0,0,0.9615947843765975,0.16284229036320574,0.923189568753195
1,0,0.9763032012020784,0.11209704788954311,0.9526064024041568
1,0,0.9746293778648832,0.11826184198723919,0.9492587557297665
0,1,0.8014192250453777,0.49842865427694855,0.6028384500907554
1,0,0.969310185206071,0.1371319164982018,0.9386203704121422
1,0,0.990846850949872,0.052072875445484945,0.981693701899744
0,0,0.9625461594765409,0.1597661293705563,0.9250923189530817
1,0,0.9763679237377882,0.1118562908486836,0.9527358474755764
1,1,0.7793032568925712,0.5277883923393413,0.5586065137851425
0,1,0.8097336804306827,0.4866089004003683,0.6194673608613656
1,1,0.7955277058502888,0.5065401805226492,0.5910554117005775
1,1,0.8090960878303868,0.4875309952125679,0.6181921756607736
1,1,0.7795303138138969,0.5275017849823851,0.5590606276277941
1,0,0.6819104756885226,0.625420999237088,0.36382095137704507
1,0,0.9743129131532192,0.11941443556492437,0.9486258263064384
1,0,0.9802599644282805,0.0970256470577756,0.9605199288565609
0,1,0.7910542139522362,0.5125565621240581,0.5821084279044724
0,1,0.8478396933714546,0.4264381281177606,0.6956793867429091
1,0,0.9834720832590201,0.08419972875337217,0.9669441665180404
1,0,0.9381575758040657,0.23200720841186162,0.8763151516081313
1,0,0.9776662032480248,0.10698789200867967,0.9553324064960496
1,1,0.802016599059457,0.49759408307359004,0.604033198118914
1,0,0.9902389881473762,0.05490044753873376,0.9804779762947524
0,0,0.9676963701024854,0.1426608110098586,0.9353927402049708
1,1,0.8290576247662977,0.45737732654471475,0.6581152495325956
1,0,0.9680823565704538,0.1413461656235458,0.9361647131409077
1,0,0.6978781671374323,0.6126514214098657,0.39575633427486456
1,0,0.9593002110546778,0.17016177363657597,0.9186004221093556
1,1,0.7874685061707793,0.517291453505474,0.5749370123415586
1,1,0.8291592934676014,0.4572167589381474,0.6583185869352028
1,0,0.6773014980201875,0.6288868046886316,0.35460299604037493
1,1,0.8090890947859763,0.4875410940415883,0.6181781895719527
1,0,0.6667535571193651,0.6364539234343799,0.33350711423873036
0,1,0.7948436864510532,0.5074680339366187,0.5896873729021062
0,0,0.9631766557196726,0.15771369713117067,0.9263533114393453
1,0,0.6965762794363253,0.6137373641807109,0.3931525588726504
1,0,0.6670822056225965,0.6362257500448967,0.334164411245193
1,0,0.9630730393965806,0.15805176045393468,0.9261460787931614
1,0,0.9868645064921074,0.06995754450172574,0.973729012984215
1,0,0.9773062175384571,0.108345350183461,0.9546124350769143
0,1,0.7787043492827888,0.5285429384987517,0.5574086985655777
1,0,0.9851434378859011,0.07728158200742029,0.9702868757718021
1,1,0.7947074165747149,0.5076525372873413,0.5894148331494296
1,0,0.6819104756885226,0.625420999237088,0.36382095137704507
1,0,0.9726296107128793,0.1254790500299634,0.9452592214257587
1,0,0.9663146561286775,0.14732815336245839,0.932629312257355
1,0,0.9731254234391276,0.12370408554236123,0.9462508468782551
0,0,0.9638227754588802,0.15559877588802307,0.9276455509177604
1,0,0.9730945829669976,0.12381476406574872,0.9461891659339953
1,0,0.6825230128008601,0.6249530343770495,0.3650460256017202
1,0,0.9737709407402261,0.12137908005474599,0.947541881480452
0,1,0.7817671472139212,0.5246622259617355,0.5635342944278424
1,0,0.9323829431919245,0.24743093447267867,0.8647658863838491
0,1,0.7964376139880626,0.505301455982787,0.5928752279761254
0,0,0.9606087467661608,0.16600466893977192,0.9212174935323216
0,1,0.8158268573327646,0.47766277842064386,0.6316537146655292
1,0,0.981760694819072,0.09110534358719198,0.9635213896381439
0,1,0.7869567220456187,0.5179609721153561,0.5739134440912372
1,0,0.938772247769142,0.23033244732563585,0.8775444955382842
0,0,0.9384437777743022,0.2312282243530793,0.8768875555486044
1,0,0.7254941128781169,0.5876891715447417,0.4509882257562341
1,0,0.9380618892238521,0.23226733277145803,0.8761237784477045
1,0,0.9837570246067319,0.08303293576442722,0.9675140492134637
1,0,0.98080905177503,0.09487350593892083,0.9616181035500599
1,0,0.6765295215305099,0.6294577838051953,0.35305904306102004
1,0,0.9831456213857037,0.08553040716535111,0.9662912427714074
1,0,0.9848461837971517,0.07852536940088786,0.9696923675943033
1,0,0.9382537211546822,0.2317456779339527,0.8765074423093644
0,0,0.9354665119567566,0.2392635118960964,0.8709330239135131
0,1,0.8084712163076824,0.4884321389172721,0.6169424326153644
1,0,0.9810024107970796,0.09411184688296267,0.9620048215941592
0,0,0.6765825660750182,0.6294186374919275,0.35316513215003636
1,0,0.9834720832590201,0.08419972875337217,0.9669441665180404
1,1,0.7790711793811462,0.5280810272721721,0.5581423587622926
1,0,0.9381917720084205,0.23191420762538564,0.8763835440168412
0,1,0.8023242906101755,0.4971633409402999,0.6046485812203507
1,0,0.9382146170813924,0.2318520664023448,0.8764292341627847
1,0,0.6803905962626428,0.6265746864839834,0.36078119252528545
1,0,0.9672063188129754,0.14432303484807799,0.934412637625951
0,1,0.7794957103244712,0.5275454833311817,0.5589914206489422
1,0,0.9721520830930555,0.12717982335171427,0.944304166186111
0,1,0.795904629174748,0.5060276656967011,0.5918092583494963
1,1,0.8105465675665341,0.48542946486261673,0.6210931351330683
0,1,0.7906351759139095,0.5131138930658677,0.581270351827819
0,1,0.7950017814528485,0.5072538376385397,0.5900035629056969
0,0,0.9383188058244245,0.23156854684255476,0.8766376116488491
1,1,0.8222433799425348,0.46797463899531766,0.6444867598850699
1,0,0.9672063188129754,0.14432303484807799,0.934412637625951
0,1,0.8095759266712301,0.4868372913663801,0.6191518533424603
1,0,0.6841065760390109,0.6237351978670641,0.3682131520780218
1,0,0.9697019859739322,0.13577657323223874,0.9394039719478645
0,1,0.8143568093897223,0.47984351219,0.6287136187794445
1,0,0.980765562339921,0.09504454052330848,0.9615311246798419
1,0,0.9933038175313539,0.040196259997717046,0.9866076350627078
0,1,0.7876685738445901,0.5170292986221815,0.5753371476891802
0,1,0.7882166520331306,0.5163099084084446,0.5764333040662614
1,0,0.960608733338292,0.16600471182869644,0.9212174666765841
0,0,0.9612508675477439,0.1639482432608979,0.9225017350954877
0,1,0.7843696560818275,0.5213215323737501,0.568739312163655
1,1,0.7870072341230455,0.5178949614890025,0.5740144682460909
0,1,0.7888866220173716,0.5154280822187403,0.577773244034743
0,1,0.7948674739708441,0.5074358150203382,0.5897349479416883
1,1,0.8329914009425332,0.4511111071456376,0.6659828018850662
0,1,0.7750130217314839,0.5331477354602427,0.5500260434629676
1,0,0.6965762794363253,0.6137373641807109,0.3931525588726504
0,0,0.965079932149862,0.15144926702522016,0.9301598642997239
1,0,0.9759139482123169,0.1135412018836385,0.9518278964246338
1,0,0.965390856268997,0.1504158250439295,0.9307817125379939
0,1,0.7948659093966861,0.5074379342585105,0.589731818793372
1,0,0.691568234618527,0.6178401354287126,0.38313646923705413
1,0,0.6949636008561103,0.615071429661706,0.38992720171222073
1,0,0.9695884891525817,0.1361697236597376,0.9391769783051634
1,0,0.9621760143430648,0.16096590126665855,0.9243520286861295
1,0,0.9593002110546778,0.17016177363657597,0.9186004221093556
1,0,0.6891592043635372,0.6197717495681626,0.3783184087270744
0,0,0.961593050280356,0.1628478748057972,0.9231861005607119
1,0,0.9638212631735023,0.1556037398982129,0.9276425263470045
1,0,0.9650783556969782,0.15145449947076356,0.9301567113939565
0,1,0.802830791911551,0.49645298155701073,0.605661583823102
0,1,0.8071961496676519,0.49026313040281566,0.6143922993353036
0,1,0.8362884580920342,0.445773531055943,0.6725769161840685
0,0,0.6765825660750182,0.6294186374919275,0.35316513215003636
1,0,0.9879500338256931,0.06522217826944515,0.9759000676513863
0,1,0.8158327627130313,0.4776539891745485,0.6316655254260627
1,0,0.9847999804648667,0.07871816143039208,0.9695999609297333
1,0,0.9593002881648375,0.17016152996984757,0.918600576329675
1,0,0.9808385791338514,0.09475732393669342,0.9616771582677028
1,0,0.6803905962626428,0.6265746864839834,0.36078119252528545
1,0,0.6785136383234418,0.6279847627897788,0.35702727664688366
1,0,0.9685086535469942,0.13988861944041298,0.9370173070939883
1,0,0.6711788244413868,0.633340665422324,0.3423576488827735
0,1,0.8442968495770764,0.4324755315023338,0.6885936991541529
1,1,0.7795346527999945,0.5274963050859611,0.5590693055999889
0,1,0.7798143765585472,0.5271427984031408,0.5596287531170944
1,0,0.9382152691145629,0.23185029266507737,0.8764305382291256
1,0,0.6711788244413868,0.633340665422324,0.3423576488827735
1,0,0.9834720832590201,0.08419972875337217,0.9669441665180404
0,1,0.805909620108751,0.49209999489971196,0.611819240217502
0,1,0.7872346671788811,0.5175975568783326,0.5744693343577624
1,0,0.9929446682933419,0.04198229756393481,0.9858893365866839
1,1,0.7790862436597804,0.5280620416773691,0.5581724873195608
0,0,0.9684092980693968,0.14022885407489702,0.9368185961387936
1,0,0.6711788244413868,0.633340665422324,0.3423576488827735
0,1,0.8029982230372718,0.4962178060124517,0.6059964460745435
0,0,0.9917432569446968,0.04782788837758929,0.9834865138893937
1,0,0.9783853688237314,0.10425814734176107,0.9567707376474628
1,0,0.6765295215305099,0.6294577838051953,0.35305904306102004
0,0,0.9593002092468179,0.170161779349379,0.9186004184936358
1,0,0.6711788244413868,0.633340665422324,0.3423576488827735
0,1,0.8294772838189084,0.4567140786212791,0.6589545676378167
1,0,0.6667535571193651,0.6364539234343799,0.33350711423873036
1,1,0.7791448957218339,0.5279881095936535,0.5582897914436675
0,1,0.7873306722289373,0.5174719224454916,0.5746613444578748
1,0,0.9593002110546778,0.17016177363657597,0.9186004221093556
0,0,0.9630839955260145,0.1580160287756246,0.926167991052029
0,0,0.9664684815303439,0.1468114856783559,0.9329369630606877
0,0,0.6825232498306757,0.6249528529564535,0.36504649966135133
0,0,0.9593021368275636,0.1701556881830347,0.9186042736551271
1,0,0.9825630152211404,0.08788924125057691,0.9651260304422808
1,0,0.9869610218237093,0.06954031388442482,0.9739220436474185
0,0,0.9625474564313029,0.15976191881891091,0.9250949128626058
1,0,0.9809294079897382,0.0943996463399667,0.9618588159794763
1,0,0.9844894407808985,0.08001026672142422,0.9689788815617971
1,0,0.9593002110546778,0.17016177363657597,0.9186004221093556
1,1,0.8282647436972328,0.45862704130199106,0.6565294873944658
1,1,0.8548756505999534,0.4141577096048098,0.7097513011999068
1,0,0.678392334113052,0.6280753371774237,0.3567846682261039
0,0,0.9804913964311658,0.09612047667736962,0.9609827928623317
1,0,0.9647822402044488,0.15243603979137094,0.9295644804088976
0,1,0.7793270337720992,0.5277583935300489,0.5586540675441984
0,1,0.8026451640324728,0.496713509447266,0.6052903280649456
1,0,0.6659786282301654,0.6369900154200507,0.3319572564603308
1,0,0.9834720832590201,0.08419972875337217,0.9669441665180404
0,1,0.8128059039102176,0.4821286996802027,0.6256118078204349
1,0,0.9927720845986506,0.04283394152873366,0.9855441691973013
1,1,0.777255845286688,0.5303592691412482,0.554511690573376
1,0,0.9884590041481888,0.0629683300496535,0.9769180082963775
1,0,0.9656141232467721,0.149671952328176,0.9312282464935442
0,0,0.9600009146263119,0.16794124099162683,0.9200018292526236
0,1,0.8029025174306147,0.49635225681764894,0.6058050348612294
1,0,0.95820453832272,0.17360883525184645,0.91640907664544
0,1,0.7711489064679958,0.5378843739044672,0.5422978129359917
0,1,0.8085586650551914,0.48830617867004783,0.6171173301103827
0,0,0.6825232498306757,0.6249528529564535,0.36504649966135133
1,1,0.7793044992807188,0.5277868249246684,0.5586089985614376
1,0,0.6803905962626428,0.6265746864839834,0.36078119252528545
0,0,0.9644350539269555,0.15358358034358555,0.9288701078539111
1,0,0.988067310395376,0.06470481130459692,0.9761346207907519
1,1,0.8098796396119827,0.48639744139169766,0.6197592792239655
0,1,0.8007426488476481,0.4993711685023639,0.6014852976952965
1,1,0.7801344941707804,0.526737683968351,0.5602689883415608
1,0,0.9731254234391276,0.12370408554236123,0.9462508468782551
0,0,0.9383146554208478,0.23157984455164382,0.8766293108416956
0,0,0.9698910151560983,0.13512080640779425,0.9397820303121968
1,0,0.6667535571193651,0.6364539234343799,0.33350711423873036
1,0,0.9655967409006703,0.14972991996089613,0.9311934818013403
0,1,0.8156871848377983,0.47787059169837376,0.6313743696755969
0,0,0.9612508792632013,0.1639482056410737,0.9225017585264026
0,0,0.9384352920205918,0.23125134123114438,0.8768705840411836
1,0,0.988583487768924,0.06241366624171988,0.9771669755378479
1,0,0.9381693511353935,0.2319751862248538,0.8763387022707869
0,0,0.9759822922138023,0.11328811060898356,0.9519645844276047
1,0,0.6650072997848456,0.637658163520006,0.3300145995696912
1,1,0.8091696210712417,0.4874247848644578,0.6183392421424834
1,1,0.795612176970435,0.5064253983883094,0.5912243539408697
0,1,0.8453140798261117,0.43075190735878,0.6906281596522236
0,0,0.9382317309352661,0.231805508855323,0.8764634618705325
0,0,0.9319838276075625,0.24847690617489743,0.8639676552151249
0,1,0.7949217980813058,0.5073622229216019,0.5898435961626116
0,1,0.8089324261204976,0.48776726016807126,0.6178648522409952
1,0,0.9758679591681553,0.11371139647660974,0.9517359183363105
0,1,0.7725168930643076,0.5362172206968059,0.545033786128615
1,1,0.7792008554703235,0.5279175525886026,0.558401710940647
1,0,0.9707432879744003,0.13214885616379812,0.9414865759488006
1,1,0.7789319402319294,0.5282564487474468,0.5578638804638588
1,0,0.9380879868452482,0.23219640191921123,0.8761759736904963
0,0,0.961594790142251,0.16284227179549554,0.923189580284502
0,0,0.6765825660750182,0.6294186374919275,0.35316513215003636
0,1,0.82272969707068,0.4672289757664093,0.6454593941413601
1,0,0.9808924628798278,0.09454518665670984,0.9617849257596556
1,0,0.9809273470948657,0.09440776687981323,0.9618546941897315
0,0,0.9322610501635317,0.24775064978930766,0.8645221003270633
1,0,0.9814227378135579,0.09244919201518464,0.9628454756271159
0,0,0.9680691270725984,0.14139130393164964,0.9361382541451967
0,1,0.7918408879839314,0.5115073957363845,0.5836817759678629
1,0,0.6765295215305099,0.6294577838051953,0.35305904306102004
0,0,0.9663125501003667,0.14733522202391847,0.9326251002007334
0,1,0.8037235337872131,0.49519697872684854,0.6074470675744259
1,0,0.9807620849163913,0.09505821214949715,0.9615241698327824
1,0,0.6828120339537981,0.6247316274299985,0.3656240679075963
1,1,0.8346911252812411,0.44836927559129985,0.6693822505624825
1,1,0.7676017976722072,0.5421579179448764,0.5352035953444145
0,0,0.6765825660750182,0.6294186374919275,0.35316513215003636
0,1,0.7947627179045641,0.5075776754726787,0.5895254358091281
1,1,0.7793174733142184,0.5277704561620544,0.5586349466284368
1,0,0.6812421995246571,0.6259295745288185,0.36248439904931434
0,0,0.9687209428406539,0.1391605664274413,0.9374418856813079
1,0,0.9862743819032628,0.07249318107263633,0.9725487638065256
1,0,0.6785136383234418,0.6279847627897788,0.35702727664688366
0,0,0.9650766463329247,0.15146017298188125,0.9301532926658493
1,1,0.7946885200175215,0.5076781133978416,0.5893770400350429
1,0,0.9972186084419558,0.019145463830248594,0.9944372168839114
1,0,0.7076856267901374,0.6042109487089761,0.41537125358027477
1,0,0.9804701218838384,0.09620380147109986,0.9609402437676768
1,0,0.7254938252860889,0.5876894510495464,0.4509876505721776
0,1,0.8020783738982294,0.4975076513855923,0.6041567477964591
1,1,0.7793316425639129,0.527752578330037,0.5586632851278257
1,0,0.9748118277481671,0.11759550521688998,0.9496236554963342
1,0,0.9835444773126812,0.0839037624285294,0.9670889546253624
1,0,0.981518026004559,0.09207092815009008,0.9630360520091178
0,1,0.7979757768200916,0.50319582031746,0.5959515536401832
0,1,0.8136019782310913,0.4809577020439011,0.6272039564621827
0,0,0.9631766389763082,0.15771375178326355,0.9263532779526165
1,1,0.8021536319711597,0.49740232227441317,0.6043072639423195
0,0,0.9644324731674709,0.15359209722250083,0.9288649463349418
0,1,0.6629561502770358,0.6390551814167215,0.32591230055407155
0,1,0.808030368624518,0.48906637955662624,0.616060737249036
1,1,0.8097857393456619,0.486533495686091,0.6195714786913238
1,0,0.6921927403620376,0.6173349567225546,0.38438548072407513
1,1,0.8113500666224164,0.48425942190790716,0.6227001332448328
0,1,0.8114970035737236,0.484044998782961,0.6229940071474471
0,1,0.7491505323293429,0.5632664574365185,0.49830106465868595
0,1,0.7974947246634045,0.5038559198549002,0.5949894493268091
0,1,0.8397839516805318,0.44002796320472193,0.6795679033610638
0,0,0.967822376265908,0.14223216869275948,0.9356447525318157
0,1,0.8091735986678935,0.4874190386832423,0.6183471973357872
1,1,0.7789325600012937,0.5282556681759109,0.5578651200025875
0,0,0.9678924031630047,0.14199373394443737,0.9357848063260095
1,0,0.7056015189322487,0.6060431708629404,0.41120303786449736
1,0,0.6889560587288865,0.6199333960726696,0.37791211745777314
1,0,0.9907443255925573,0.05255257421526454,0.9814886511851147
1,1,0.7792937697720257,0.5278003611305153,0.5585875395440514
1,0,0.6803905962626428,0.6265746864839834,0.36078119252528545
0,1,0.8113347563358251,0.48428175588803885,0.6226695126716502
0,1,0.8014233189309716,0.49842294248324326,0.6028466378619433
1,0,0.6832366188624978,0.6244056712590496,0.3664732377249956
0,1,0.8097826961460857,0.48653790409144404,0.6195653922921713
1,0,0.6696831799808987,0.6344027759627422,0.3393663599617973
1,0,0.9834720832590201,0.08419972875337217,0.9669441665180404
0,0,0.961901326567966,0.1618538264308769,0.9238026531359321
1,0,0.9837427873952035,0.08309135493069641,0.9674855747904071
1,1,0.7794529032501133,0.5275995317794604,0.5589058065002265
1,0,0.9899768055914983,0.05610808829179953,0.9799536111829966
1,0,0.7153346200313294,0.5973057884902084,0.4306692400626591
0,1,0.7751054467802093,0.5330333962143424,0.5502108935604186
0,1,0.794938167632289,0.5073400437748841,0.589876335264578
0,1,0.7612327877111469,0.5496547480333316,0.5224655754222937
1,0,0.9903595450352837,0.05434277402431794,0.9807190900705672
1,0,0.988067310395376,0.06470481130459692,0.9761346207907519
0,1,0.7745836516598664,0.5336782679723124,0.5491673033197327
1,0,0.9725081714444481,0.12591237739928784,0.9450163428888961
1,0,0.9382304926377267,0.23180887776327025,0.8764609852754531
1,1,0.7939889636804492,0.5086234098917499,0.5879779273608985
1,0,0.9807029126398522,0.09529075211520528,0.9614058252797043
1,0,0.9593002110546778,0.17016177363657597,0.9186004221093556
0,1,0.7956971246478504,0.5063099244408976,0.5913942492957007
1,0,0.961901326567966,0.1618538264308769,0.9238026531359321
1,0,0.6955880042781335,0.6145563582488527,0.39117600855626694
0,1,0.8093443903977479,0.48717221004427935,0.6186887807954958
1,0,0.9612490910121063,0.16395394790018405,0.9224981820242127
1,0,0.6701026708001873,0.63410590194608,0.3402053416003746
1,1,0.8343675802611825,0.4488927954565356,0.668735160522365
1,0,0.9759139482123169,0.1135412018836385,0.9518278964246338
0,1,0.7615200837693936,0.5493214154581911,0.523040167538787
0,1,0.7967144207187284,0.5049236064218291,0.5934288414374569
0,0,0.9322593644248545,0.24775506969190836,0.8645187288497089
0,1,0.7882153046336031,0.5163116791678386,0.5764306092672065
0,0,0.960870769633638,0.16516685263572145,0.9217415392672761
0,1,0.8021767853156919,0.4973699103175017,0.6043535706313838
1,0,0.9763679237377882,0.1118562908486836,0.9527358474755764
0,1,0.7947717367474266,0.5075654648210615,0.5895434734948533
1,0,0.9862743819032628,0.07249318107263633,0.9725487638065256
1,1,0.7793311804960579,0.5277531613554325,0.5586623609921159
1,0,0.6765295215305099,0.6294577838051953,0.35305904306102004
0,0,0.9325593600259183,0.24696779025036714,0.8651187200518368
1,0,0.959936409534187,0.1681461890313815,0.9198728190683739
1,0,0.6765295215305099,0.6294577838051953,0.35305904306102004
0,0,0.963466037716127,0.15676794042177494,0.926932075432254
0,1,0.7807300974390333,0.5259823472642782,0.5614601948780665
1,1,0.7801163694656669,0.5267606370491945,0.560232738931334
0,1,0.811572205376854,0.48393520320111727,0.6231444107537081
0,0,0.9577646060319264,0.1749844152541178,0.9155292120638527
1,0,0.9690026821818171,0.13819203378732442,0.938005364363634
0,1,0.7946502441410882,0.507729912321604,0.5893004882821762
0,0,0.9602925931421975,0.16701315364027336,0.9205851862843949
0,1,0.8156838306092496,0.4778755807288707,0.6313676612184995
0,0,0.932377437928428,0.24744537940150296,0.864754875856856
0,1,0.8101252192110016,0.4860413445814166,0.6202504384220032
1,0,0.9773944843686289,0.1080130519188883,0.9547889687372576
1,1,0.8017938083579175,0.4979055990057607,0.6035876167158345
0,1,0.8291892515422276,0.45716943157763384,0.658378503084455
0,1,0.797497134199739,0.5038526170631047,0.594994268399478
1,0,0.9808425694696983,0.09474161951053428,0.9616851389393966
0,1,0.7872910007042883,0.5175238441942618,0.5745820014085767
1,0,0.9798609832653175,0.09857964954327801,0.959721966530635
1,0,0.980522373326924,0.0959991089383412,0.9610447466538481
1,0,0.9593002110546778,0.17016177363657597,0.9186004221093556
1,0,0.9781663393784997,0.10509207382386676,0.9563326787569996
0,1,0.7870859164645964,0.5177921068341707,0.5741718329291927
1,0,0.6863579285809223,0.6219838156586974,0.37271585716184447
0,1,0.8091820908452987,0.4874067702310888,0.6183641816905976
1,1,0.801976944363893,0.4976495529043708,0.6039538887277861
0,0,0.9606087274700075,0.16600473057213222,0.921217454940015
1,0,0.7100729685474367,0.6020863347891277,0.42014593709487347
0,1,0.8450863668442155,0.4311384367375122,0.6901727336884308
0,1,0.8357555821972286,0.4466415449776093,0.6715111643944572
0,1,0.8075606584205356,0.4897407656742879,0.6151213168410713
0,0,0.9612490958934492,0.16395393222580446,0.9224981917868984
1,0,0.7020909258045006,0.6090822417572398,0.4041818516090015
1,0,0.9834720832590201,0.08419972875337217,0.9669441665180404
0,0,0.9704267033829546,0.13325576218263852,0.9408534067659091
0,1,0.7957536037367884,0.5062331248101888,0.5915072074735767
0,0,0.9373374332588066,0.23423167226642982,0.8746748665176133
1,0,0.6963639592996618,0.6139137055764614,0.3927279185993234
1,0,0.6649747940560452,0.6376804499781814,0.3299495881120903
0,1,0.8054501353800675,0.4927534647970367,0.6109002707601349
1,0,0.9817670539949239,0.09107999625385259,0.9635341079898478
1,0,0.9593002110546778,0.17016177363657597,0.9186004221093556
1,0,0.9122642064100881,0.2972677383889392,0.8245284128201761
1,0,0.9395512418853392,0.2282005151336199,0.8791024837706786
1,0,0.6880461239116378,0.6206550848044481,0.3760922478232755
0,1,0.6801352737458057,0.6267674499867953,0.3602705474916114
0,1,0.7919830277300761,0.5113174275335011,0.5839660554601522
0,0,0.9701592675038982,0.13418810202441564,0.9403185350077965
0,1,0.8157380235794666,0.47779496573397684,0.6314760471589334
0,1,0.8076162064247207,0.4896610867334693,0.6152324128494413
1,0,0.9695884891525817,0.1361697236597376,0.9391769783051634
1,1,0.7793962095913546,0.5276710970986799,0.5587924191827092
0,1,0.8003349330111964,0.49993775708363,0.6006698660223928
0,1,0.8022426585266069,0.49727767709747217,0.6044853170532138
0,1,0.8203884855772781,0.4708038961427898,0.6407769711545565
1,0,0.9589728591739415,0.17119483061061963,0.917945718347883
1,0,0.9731254234391276,0.12370408554236123,0.9462508468782551
0,1,0.7850923634631579,0.5203867442947057,0.5701847269263158
1,0,0.6811369076866921,0.6260095167147972,0.3622738153733844
0,0,0.938394505826873,0.23136243353242103,0.876789011653746
0,1,0.785094640031699,0.5203837947730057,0.5701892800633983
1,0,0.9900347046937868,0.055842001228676316,0.9800694093875737
1,0,0.9747595677560301,0.11778650537299395,0.9495191355120601
1,0,0.9695884891525817,0.1361697236597376,0.9391769783051634
0,0,0.9396727454305518,0.22786702718767976,0.8793454908611035
0,1,0.8472623340619038,0.4274286004755982,0.6945246681238076
0,1,0.7947254520609172,0.5076281245777642,0.5894509041218343
1,0,0.6711788244413868,0.633340665422324,0.3423576488827735
0,0,0.971034727395024,0.13112674883146774,0.942069454790048
0,1,0.8041513106761484,0.49459334800467536,0.6083026213522967
0,1,0.7863740476158673,0.5187213280849071,0.5727480952317348
0,1,0.7873046470333267,0.517505985057134,0.5746092940666533
1,0,0.6811369076866921,0.6260095167147972,0.3622738153733844
0,1,0.8347543978500015,0.44826680722543844,0.669508795700003
1,0,0.9880220026615453,0.06490482456836996,0.9760440053230903
1,0,0.9381816499563468,0.23194173789243755,0.8763632999126933
0,1,0.828630468761889,0.4580511468233721,0.6572609375237779
1,0,0.9332438052412964,0.2451662321803922,0.8664876104825928
0,0,0.9807945653707344,0.09493048899762295,0.9615891307414688
1,0,0.6765825818170034,0.6294186258726002,0.35316516363400685
1,1,0.7792142898881369,0.5279006110561862,0.5584285797762739
1,1,0.7794662241436658,0.527582713888263,0.5589324482873319
0,1,0.8108885747417786,0.48493195398728406,0.6217771494835571
1,1,0.8396699826279562,0.44021671852211797,0.6793399652559122
0,1,0.8001494458901777,0.5001951777363172,0.6002988917803553
1,0,0.9383040622998186,0.23160867847059333,0.8766081245996371
1,0,0.9900485109774071,0.05577850155461271,0.9800970219548141
1,0,0.9381509248886173,0.2320252940534019,0.8763018497772346
1,1,0.766594939082798,0.5433580929488461,0.5331898781655962
1,0,0.980522373326924,0.0959991089383412,0.9610447466538481
0,1,0.825350738157121,0.46318215988227646,0.650701476314242
1,0,0.9392915654595824,0.22891237216621943,0.8785831309191647
0,1,0.816776540536694,0.4762463351061954,0.6335530810733878
1,1,0.8089062226722536,0.48780507183470784,0.6178124453445073
0,0,0.9336531716062185,0.24408513200704218,0.8673063432124369
0,1,0.7893365620481677,0.5148343508926707,0.5786731240963353
0,1,0.7871400462962572,0.5177213261139385,0.5742800925925144
0,1,0.7956141167898053,0.5064227619826458,0.5912282335796107
1,0,0.691568234618527,0.6178401354287126,0.38313646923705413
1,1,0.7947417510221346,0.507606060701246,0.5894835020442692
1,0,0.993535604162269,0.03903335720586647,0.9870712083245381
1,0,0.9617721422200916,0.1622707006757032,0.9235442844401831
0,1,0.8184552031968458,0.4737278695307962,0.6369104063936917
0,0,0.9379246154885961,0.23264023683849183,0.8758492309771919
1,1,0.7720414837981684,0.5367978028178566,0.5440829675963369
0,1,0.7909867060914323,0.5126464209927244,0.5819734121828646
1,0,0.9920269086177109,0.04646467143781241,0.9840538172354217
0,1,0.803079573200971,0.49610347674428235,0.606159146401942
1,1,0.7794344030825348,0.5276228868941576,0.5588688061650696
1,0,0.6997170659171926,0.6111038409328304,0.39943413183438536
0,0,0.971296179841405,0.13020723990512714,0.94259235968281
1,0,0.933562026137593,0.2443260726552529,0.8671240522751857
1,1,0.8028954892189859,0.4963621280298661,0.6057909784379718
1,0,0.9818317005523007,0.09082219019816057,0.9636634011046016
1,0,0.9697019859739322,0.13577657323223874,0.9394039719478645
1,0,0.9743129131532192,0.11941443556492437,0.9486258263064384
0,0,0.935836067288974,0.23827423912810564,0.8716721345779478
1,0,0.9630730626730801,0.15805168454490182,0.9261461253461603
0,0,0.9894924056184595,0.058321191223083726,0.9789848112369192
1,0,0.9719049734081738,0.12805661874579233,0.9438099468163474
0,1,0.7948102391706436,0.5075133306094153,0.5896204783412874
1,0,0.9647822402044488,0.15243603979137094,0.9295644804088976
1,0,0.7020893054510451,0.6090836308388234,0.40417861090209045
0,1,0.7790979100374328,0.5280473375702666,0.5581958200748653
1,0,0.6765295215305099,0.6294577838051953,0.35305904306102004
0,0,0.9631781537663138,0.15770880731824358,0.9263563075326277
0,1,0.8176592049506496,0.47492444648706067,0.6353184099012991
1,0,0.9761297592596293,0.11274133157800248,0.9522595185192587
0,1,0.8069714750636335,0.49058467834661357,0.6139429501272672
1,0,0.9653908668381467,0.15041578986540996,0.9307817336762934
1,0,0.9383726803828906,0.23142186925015606,0.8767453607657809
0,1,0.8334251314794983,0.45041343510827997,0.6668502629589964
1,0,0.9908173077766034,0.05221122125138415,0.9816346155532067
0,1,0.7991108623072437,0.5016325623288692,0.5982217246144874
1,0,0.6641687702541292,0.6382315567415089,0.3283375405082585
1,0,0.9838582859049324,0.08261706640202628,0.9677165718098647
0,1,0.8104529809109802,0.48556547068581135,0.6209059618219603
0,1,0.7790187486109355,0.5281470957860452,0.5580374972218711
1,0,0.9813345325898513,0.09279889483080125,0.9626690651797024
0,1,0.8338870098178823,0.44966899635393487,0.6677740196357649
1,0,0.9807010931011274,0.09529789974973349,0.9614021862022548
1,1,0.794707514140487,0.5076524052283494,0.589415028280974
0,1,0.7946303251536531,0.5077568652291649,0.5892606503073059
1,0,0.6771989371348314,0.6289628190682462,0.35439787426966285
1,0,0.6696831799808987,0.6344027759627422,0.3393663599617973
0,1,0.7864683411953973,0.5185984176628324,0.5729366823907949
1,0,0.6812421995246571,0.6259295745288185,0.36248439904931434
1,0,0.9772545708486696,0.10853962156102469,0.9545091416973391
1,1,0.7947154656502979,0.5076416423605693,0.5894309313005958
0,0,0.9641429707819318,0.15454626752685147,0.9282859415638636
1,0,0.9889731172800036,0.06066864377415649,0.9779462345600071
0,0,0.9615946664260997,0.1628426702107847,0.9231893328521994
1,1,0.7798116465218028,0.5271462507448968,0.5596232930436056
1,0,0.9659805637875511,0.14844780072618297,0.9319611275751024
1,1,0.7892341526863476,0.5149695950636664,0.5784683053726952
0,0,0.7000712870205784,0.6108038886147189,0.4001425740411567
0,1,0.9252157518961334,0.26584209278240956,0.8504315037922666
0,0,0.9608709137568601,0.16516639130131255,0.9217418275137201
1,0,0.9807140920548602,0.09524683254440676,0.9614281841097202
1,1,0.7794977689122357,0.5275428838782512,0.5589955378244715
0,0,0.9616041720472962,0.1628120571164796,0.9232083440945924
1,1,0.7788261829627886,0.5283896125909011,0.5576523659255772
1,0,0.6965762794363253,0.6137373641807109,0.3931525588726504
0,0,0.9397916806638641,0.22754033620178266,0.8795833613277281
1,1,0.8020480329411857,0.4975501056554762,0.6040960658823712
1,0,0.9593002130649216,0.17016176728424304,0.9186004261298433
0,1,0.8020263296473158,0.4975804702073908,0.6040526592946316
0,0,0.9625461746076188,0.1597660802479206,0.9250923492152376
1,0,0.7441970170072013,0.5686210310929949,0.4883940340144027
0,1,0.810062045440806,0.48613298563329566,0.6201240908816119
1,0,0.9712843029694079,0.13024906298268135,0.9425686059388161
1,0,0.6771153030363383,0.6290247699867997,0.3542306060726765
0,1,0.7812688616086866,0.5252973082942718,0.5625377232173732
1,0,0.9381814856900572,0.23194218465435157,0.8763629713801145
0,0,0.9647353231802636,0.15259131927429687,0.9294706463605272
1,0,0.6812421995246571,0.6259295745288185,0.36248439904931434
1,0,0.9663146561286775,0.14732815336245839,0.932629312257355
1,0,0.9777870466473984,0.10653088169046404,0.9555740932947967
1,0,0.9813462637756953,0.09275240932002721,0.9626925275513906
1,0,0.9593002110546778,0.17016177363657597,0.9186004221093556
1,0,0.9719023060361827,0.12806607088952057,0.9438046120723653
0,1,0.812985917933906,0.4818642702368626,0.6259718358678119
1,0,0.9856375781295488,0.0752005527565479,0.9712751562590974
1,0,0.9762953970365942,0.11212606584165627,0.9525907940731884
0,1,0.7883737281917803,0.5161034035635305,0.5767474563835606
1,0,0.9843537631895778,0.08057280938012927,0.9687075263791556
1,0,0.9742125256532453,0.11977921774805161,0.9484250513064906
0,1,0.8154855729651542,0.478170333353597,0.6309711459303085
0,1,0.7957241660074809,0.5062731563524652,0.5914483320149618
1,0,0.989700674294931,0.05737249083505111,0.9794013485898622
1,0,0.9834720832590201,0.08419972875337217,0.9669441665180404
1,1,0.7793143972615135,0.527774337169832,0.5586287945230273
1,0,0.6936970401040259,0.6161105710080124,0.38739408020805166
1,1,0.7499891165096171,0.562347101039222,0.49997823301923405
1,0,0.9731254234391276,0.12370408554236123,0.9462508468782551
1,0,0.9647822402044488,0.15243603979137094,0.9295644804088976
0,0,0.9593020576874625,0.17015593826808662,0.918604115374925
0,0,0.9814298042874554,0.09242115748486807,0.9628596085749107
1,1,0.7792927536368311,0.5278016430385019,0.5585855072736621
1,0,0.9883999906372827,0.06323080204735275,0.9767999812745654
1,0,0.9840231668757559,0.08193853445160222,0.9680463337515117
1,0,0.9370901216946872,0.2349001990470226,0.8741802433893744
1,0,0.6904373984196829,0.6187502461800165,0.38087479683936604
1,0,0.9690026821818171,0.13819203378732442,0.938005364363634
0,1,0.8085744039843297,0.4882835032381912,0.6171488079686597
1,0,0.9747595677560301,0.11778650537299395,0.9495191355120601
1,0,0.6828120339537981,0.6247316274299985,0.3656240679075963
1,0,0.9663146561286775,0.14732815336245839,0.932629312257355
1,1,0.7789200538346525,0.5282714186965936,0.5578401076693049
0,0,0.9383846537060669,0.23138926414974015,0.8767693074121339
1,0,0.9382473493650931,0.23176301513824177,0.8764946987301863
1,0,0.9939594501763152,0.0368850099029303,0.9879189003526303
0,1,0.8038595542929264,0.49500516773277653,0.607719108585853
0,0,0.9690027371728083,0.13819184448811708,0.9380054743456165
1,0,0.936803669038502,0.2356732345533325,0.8736073380770039
0,1,0.7792495086067497,0.5278561933541411,0.5584990172134995
0,0,0.9368170355031763,0.23563719401490923,0.8736340710063528
0,1,0.8442697104314132,0.4325214088608149,0.6885394208628264
1,0,0.6711788244413868,0.633340665422324,0.3423576488827735
0,1,0.8039556682362008,0.494869560720018,0.6079113364724016
0,1,0.7813933982579396,0.5251387182841583,0.5627867965158794
0,1,0.7978912772703868,0.5033118744143648,0.5957825545407732
1,0,0.6949636008561103,0.615071429661706,0.38992720171222073
0,0,0.9632807684598081,0.1573737092847536,0.9265615369196164
0,1,0.8164351769384254,0.4767561681521681,0.6328703538768508
0,0,0.960290938049239,0.16701842623445734,0.920581876098478
0,1,0.9238729772938067,0.2692067761198945,0.8477459545876134
1,1,0.8019543013257517,0.49768122202598125,0.6039086026515036
0,0,0.9641431381717109,0.1545457165295146,0.9282862763434219
1,1,0.7791660609801588,0.5279614254586323,0.5583321219603177
0,0,0.9368571354264584,0.23552905285931305,0.8737142708529169
0,1,0.794325351268088,0.508169229967292,0.588650702536176
0,1,0.776545546925692,0.531245505525437,0.5530910938513841
0,0,0.9612508773126607,0.16394821190450828,0.9225017546253212
1,0,0.9384167933178157,0.23130173105083557,0.8768335866356313
1,0,0.9780957001953545,0.10536054332735559,0.9561914003907092
1,0,0.9715664772088792,0.12925404607958257,0.9431329544177584
0,0,0.9600010528141899,0.16794080181957133,0.9200021056283798
0,1,0.7868429870179321,0.5181095485926609,0.5736859740358644
0,0,0.9606087522287023,0.16600465149228585,0.9212175044574048
0,1,0.7968738108359132,0.5047058194839096,0.5937476216718265
0,0,0.9382454355916382,0.23176822224826327,0.8764908711832764
0,0,0.7218309460089428,0.5912157337206742,0.44366189201788564
1,0,0.6812421995246571,0.6259295745288185,0.36248439904931434
0,1,0.7965923173594069,0.5050903394886838,0.5931846347188139
1,0,0.9817670539949239,0.09107999625385259,0.9635341079898478
0,0,0.9602927416537153,0.16701268052679993,0.9205854833074305
1,0,0.985968882346533,0.07379566881954377,0.971937764693066
1,1,0.7873398919590674,0.5174598543963479,0.5746797839181348
1,0,0.6670822056225965,0.6362257500448967,0.334164411245193
1,0,0.993858076704884,0.03740148805789632,0.987716153409768
0,0,0.9680721025036791,0.14138115242050886,0.9361442050073583
1,0,0.9923000815399667,0.04514220154556163,0.9846001630799336
1,0,0.9852177487618812,0.07696970755167874,0.9704354975237623
0,0,0.9383175392199986,0.2315719946661303,0.8766350784399971
1,0,0.9835444773126812,0.0839037624285294,0.9670889546253624
0,1,0.7949305618787391,0.5073503490343692,0.5898611237574781
0,1,0.8402282287687572,0.4392912301933154,0.6804564575375146
0,1,0.8279937294310818,0.45905319131735683,0.6559874588621637
1,0,0.9382419670673012,0.2317776594569776,0.8764839341346026
1,0,0.6765825818170034,0.6294186258726002,0.35316516363400685
0,0,0.961593050280356,0.1628478748057972,0.9231861005607119
1,0,0.9789313999343142,0.10216927750780422,0.9578627998686283
1,0,0.6696831799808987,0.6344027759627422,0.3393663599617973
1,0,0.9858805814116021,0.07417087383488305,0.971761162823204
1,0,0.6862585351639532,0.6220616323525622,0.3725170703279065
1,0,0.9852674725588662,0.07676081069746966,0.9705349451177324
1,0,0.9827586150346093,0.08709954605541465,0.9655172300692185
0,1,0.7961064583948961,0.5057528725149274,0.5922129167897925
0,0,0.938125899159706,0.23209333896196888,0.8762517983194122
1,0,0.9742125256532453,0.11977921774805161,0.9484250513064906
0,1,0.8466403521590129,0.4284927418636608,0.6932807043180259
1,0,0.9731254234391276,0.12370408554236123,0.9462508468782551
1,0,0.9729769268254868,0.12423666838701045,0.9459538536509736
1,0,0.9685086535469942,0.13988861944041298,0.9370173070939883
0,1,0.776691036133581,0.5310642162273617,0.553382072267162
1,0,0.9769026738589238,0.10986011745744083,0.9538053477178476
0,1,0.8184642295846706,0.4737142762727235,0.6369284591693412
0,0,0.9619030213753508,0.1618483543121538,0.9238060427507016
1,1,0.7903712187691847,0.5134644179350609,0.5807424375383694
1,0,0.9782807793534739,0.10465663993837138,0.9565615587069478
1,0,0.9729769268254868,0.12423666838701045,0.9459538536509736
1,0,0.9593028589293209,0.17015340631278653,0.9186057178586418
1,0,0.9710331047529016,0.13113244793317358,0.9420662095058032
0,1,0.8159169857926458,0.47752861087001097,0.6318339715852916
1,1,0.8099409476181647,0.4863085798878575,0.6198818952363294
1,0,0.9890742741907336,0.06021333823482452,0.978148548381467
0,1,0.8014849296879988,0.49833697036762364,0.6029698593759973
0,0,0.9383436800415965,0.23150083112445116,0.8766873600831929
0,0,0.9606087278974367,0.1660047292069136,0.9212174557948734
0,1,0.8092752944966755,0.4872720903764931,0.6185505889933509
0,1,0.7857984615163511,0.5194704498992291,0.5715969230327025
0,0,0.981891098319785,0.09058510945550843,0.9637821966395701
0,1,0.8409516158614883,0.43808850889174034,0.6819032317229765
1,1,0.804646052940974,0.49389377414381275,0.609292105881948
0,1,0.778689816312335,0.5285612222790069,0.5573796326246703
0,0,0.9325694414282654,0.2469413087739702,0.8651388828565304
1,0,0.9786055338868093,0.10341761084549139,0.9572110677736185
1,0,0.691568234618527,0.6178401354287126,0.38313646923705413
0,0,0.9397851178625073,0.227558369399795,0.8795702357250145
1,0,0.9802599644282805,0.0970256470577756,0.9605199288565609
1,0,0.981030676429669,0.09400033835377035,0.962061352859338
1,0,0.9710331047529016,0.13113244793317358,0.9420662095058032
1,0,0.9647822402044488,0.15243603979137094,0.9295644804088976
1,0,0.9659805637875511,0.14844780072618297,0.9319611275751024
1,0,0.988583487768924,0.06241366624171988,0.9771669755378479
1,0,0.7254941128781169,0.5876891715447417,0.4509882257562341
0,1,0.8089996151002239,0.4876702859370692,0.6179992302004477
0,1,0.8026713972190047,0.4966767044904323,0.6053427944380092
0,0,0.6765825660750182,0.6294186374919275,0.35316513215003636
1,1,0.7787386536226582,0.5284997757014285,0.5574773072453162
1,0,0.9763032012020784,0.11209704788954311,0.9526064024041568
1,0,0.6765295215305099,0.6294577838051953,0.35305904306102004
1,0,0.9647822402044488,0.15243603979137094,0.9295644804088976
0,0,0.9593002092468179,0.170161779349379,0.9186004184936358
1,0,0.9923000815399667,0.04514220154556163,0.9846001630799336
1,0,0.685114036946182,0.622954374238011,0.3702280738923639
0,1,0.7791598853917238,0.527969211611123,0.5583197707834475
1,1,0.7793622581415215,0.5277139456112461,0.558724516283043
0,1,0.9337818733903923,0.24374468380046832,0.8675637467807847
1,0,0.9844357691287785,0.0802329421786757,0.9688715382575571
1,1,0.8091260090807926,0.48748778161657735,0.618252018161585
0,0,0.961900910203053,0.1618551707594015,0.9238018204061058
0,0,0.9644361824756496,0.15357985590893158,0.9288723649512991
0,1,0.7596574920895203,0.5514744084639178,0.5193149841790408
1,0,0.6812421995246571,0.6259295745288185,0.36248439904931434
0,1,0.7801669612753936,0.5266965629207352,0.5603339225507873
0,1,0.8217677375400493,0.4687023695500595,0.6435354750800987
0,1,0.816224631698714,0.47707023373416924,0.6324492633974278
1,0,0.6845176386978387,0.6234171750800713,0.3690352773956772
1,0,0.9324134172219534,0.24735096680676583,0.8648268344439067
1,0,0.980720566322616,0.09522139464483227,0.9614411326452319
0,1,0.81773254505878,0.4748143766132563,0.63546509011756
1,0,0.9697019859739322,0.13577657323223874,0.9394039719478645
1,1,0.7868843020509023,0.5180555860841469,0.5737686041018044
1,1,0.7791875786600729,0.5279342943386508,0.5583751573201458
0,0,0.9644350628113236,0.15358355102355248,0.9288701256226474
1,0,0.6965762794363253,0.6137373641807109,0.3931525588726504
1,0,0.9593002110546778,0.17016177363657597,0.9186004221093556
1,0,0.9382546113945349,0.23174325559632056,0.87650922278907
1,0,0.6649747940560452,0.6376804499781814,0.3299495881120903
0,1,0.8390396196959862,0.44125898323750695,0.6780792393919723
1,0,0.9908256426416969,0.05217220018091784,0.981651285283394
1,0,0.9381622138176162,0.23199459594486962,0.8763244276352326
1,1,0.7801810652006751,0.5266786977504377,0.5603621304013502
1,0,0.9752718330018143,0.11590945103815628,0.9505436660036285
1,0,0.9756542952655889,0.11450094087302012,0.9513085905311778
1,1,0.7751769982420043,0.532944846079319,0.5503539964840085
0,1,0.7863728438812465,0.5187228967947353,0.5727456877624928
0,1,0.7873012629486447,0.5175104139586525,0.5746025258972892
1,1,0.7947589031745054,0.5075828401026676,0.5895178063490107
0,0,0.6765825660750182,0.6294186374919275,0.35316513215003636
0,1,0.8105502802615282,0.48542406817223216,0.6211005605230565
1,1,0.7794410401383556,0.5276145083233841,0.5588820802767113
1,0,0.9834720832590201,0.08419972875337217,0.9669441665180404
0,0,0.9814465533050447,0.0923546988534458,0.9628931066100893
1,0,0.6765295215305099,0.6294577838051953,0.35305904306102004
0,1,0.7791641586398094,0.527963823943908,0.5583283172796187
1,0,0.9381396195788994,0.23205603450508006,0.8762792391577989
1,0,0.9806916509154974,0.09533498837026191,0.9613833018309947
1,0,0.9729769268254868,0.12423666838701045,0.9459538536509736
1,0,0.9695884891525817,0.1361697236597376,0.9391769783051634
1,0,0.9663146561286775,0.14732815336245839,0.932629312257355
1,0,0.6829817899402295,0.6246014047263718,0.36596357988045913
0,1,0.7956653652843162,0.5063531018470129,0.5913307305686325
1,0,0.9864813604053252,0.07160682595079966,0.9729627208106505
0,0,0.9604544776293724,0.16649709409398614,0.9209089552587449
0,1,0.803921361961561,0.4949179701149693,0.6078427239231222
0,0,0.9612508812135917,0.1639481993781214,0.9225017624271835
1,0,0.9593002254368318,0.17016172818923747,0.9186004508736636
1,0,0.9834720832590201,0.08419972875337217,0.9669441665180404
1,0,0.682523200519969,0.6249528906984685,0.3650464010399381
1,0,0.9847266715494171,0.07902376408732278,0.969453343098834
0,0,0.9325171573261554,0.24707862929202462,0.8650343146523105
1,0,0.9381769226409906,0.23195459478423772,0.8763538452819812
0,1,0.805909620108751,0.49209999489971196,0.611819240217502
0,0,0.9337267134357025,0.2438906283642855,0.8674534268714049
0,0,0.9384443218017534,0.23122674227176082,0.8768886436035067
1,1,0.781257970723689,0.5253111728720481,0.5625159414473779
1,0,0.9896477408343863,0.05761401203016795,0.9792954816687728
1,1,0.7869082521780301,0.5180242996154889,0.5738165043560604
1,0,0.9382507209718556,0.231753841313814,0.8765014419437113
0,1,0.7869912650948123,0.5179158319167254,0.5739825301896245
1,0,0.9784564175070284,0.10398715240101482,0.9569128350140568
1,0,0.6667535571193651,0.6364539234343799,0.33350711423873036
1,0,0.6633256058588834,0.6388049407706147,0.326651211717767
1,0,0.9898575020843479,0.056655308605445216,0.9797150041686956
1,0,0.6649747940560452,0.6376804499781814,0.3299495881120903
0,0,0.9814677264719499,0.09227066353677658,0.9629354529438999
0,1,0.7871795743132811,0.5176696278279753,0.5743591486265622
0,1,0.8069714750636335,0.49058467834661357,0.6139429501272672
1,0,0.9695884891525817,0.1361697236597376,0.9391769783051634
1,0,0.9382167973685187,0.23184613530030135,0.8764335947370375
0,1,0.9382077010037332,0.23187087987822297,0.8764154020074663
0,1,0.7947349317660677,0.5076152921149052,0.5894698635321355
1,0,0.680791161640761,0.6262716633341116,0.36158232328152196
1,0,0.9647822402044488,0.15243603979137094,0.9295644804088976
1,0,0.6828120339537981,0.6247316274299985,0.3656240679075963
0,0,0.9396703783950807,0.22787352642043113,0.8793407567901615
0,0,0.9712961783820183,0.1302072450445051,0.9425923567640365
1,1,0.794872800724322,0.5074285997436679,0.5897456014486439
0,1,0.8098736558687953,0.48640611308537324,0.6197473117375908
1,0,0.98082316227109,0.09481799081686004,0.9616463245421801
1,0,0.9656141232467721,0.149671952328176,0.9312282464935442
0,1,0.7923902269479044,0.5107725311623644,0.5847804538958086
1,0,0.6936970401040259,0.6161105710080124,0.38739408020805166
0,1,0.8157916012824952,0.4777152467751677,0.6315832025649901
1,0,0.9659805637875511,0.14844780072618297,0.9319611275751024
0,1,0.7948959896145076,0.5073971875409883,0.5897919792290149
1,0,0.6771989371348314,0.6289628190682462,0.35439787426966285
0,0,0.9354485781036236,0.23931146186414304,0.870897156207247
1,0,0.6618071948907858,0.6398294926036148,0.3236143897815716
1,0,0.9834720832590201,0.08419972875337217,0.9669441665180404
0,0,0.9347693279594934,0.24112367267279367,0.8695386559189868
1,1,0.7732460483598851,0.5353242577067523,0.5464920967197702
1,0,0.9804701218838384,0.09620380147109986,0.9609402437676768
0,1,0.7866685415667627,0.518337283593701,0.5733370831335255
0,1,0.7432209453341335,0.5696608761124825,0.4864418906682668
1,0,0.9382585710147822,0.2317324813261576,0.8765171420295641
1,0,0.9735946848276409,0.12201551640141879,0.9471893696552818
0,1,0.7953357025277611,0.506800917797679,0.5906714050555222
1,0,0.9807733346426752,0.09501398109434095,0.9615466692853504
0,1,0.7870782204576944,0.5178021687916097,0.5741564409153888
0,1,0.7948741371812147,0.5074267894380586,0.5897482743624294
0,0,0.9323655065594884,0.2474766837510094,0.8647310131189767
0,1,0.7784389786521992,0.528876605471623,0.5568779573043984
1,0,0.9730945829669976,0.12381476406574872,0.9461891659339953
0,1,0.778826926175083,0.528388677004678,0.5576538523501662
1,0,0.6847880655954885,0.6232075299106312,0.3695761311909769
0,1,0.7758158033449979,0.5321529756645949,0.5516316066899956
1,0,0.6936970401040259,0.6161105710080124,0.38739408020805166
0,1,0.7348545652211901,0.5783703678171803,0.46970913044238
0,0,0.9707450058564514,0.13214284016957792,0.9414900117129027
1,0,0.7456471911408851,0.5670668622593062,0.4912943822817702
0,0,0.9595467148980492,0.16938204646225793,0.9190934297960983
1,1,0.7789160641118676,0.5282764432435368,0.5578321282237352
1,0,0.9593002110546778,0.17016177363657597,0.9186004221093556
1,0,0.965390856268997,0.1504158250439295,0.9307817125379939
1,0,0.9593002110546778,0.17016177363657597,0.9186004221093556
0,1,0.8210370468071384,0.46981731483246036,0.6420740936142768
0,0,0.9593002092468179,0.170161779349379,0.9186004184936358
0,1,0.8288561275036718,0.45769534009895674,0.6577122550073435
0,1,0.787327945600912,0.5174754913334907,0.574655891201824
0,1,0.7910378733949326,0.5125783153643736,0.5820757467898654
1,0,0.9794814994923289,0.10005022316170784,0.9589629989846579
1,1,0.8021448824728019,0.49741456966275327,0.6042897649456037
1,0,0.6765295215305099,0.6294577838051953,0.35305904306102004
1,0,0.9621760143430648,0.16096590126665855,0.9243520286861295
1,1,0.8091450395267423,0.48746029398717516,0.6182900790534845
0,1,0.7949816372457065,0.5072811387050968,0.5899632744914131
1,1,0.7869499287796354,0.5179698485884471,0.573899857559271
1,0,0.6812421995246571,0.6259295745288185,0.36248439904931434
1,1,0.7869139162799905,0.518016900000188,0.5738278325599808
1,0,0.9393396496521574,0.2287806472026354,0.8786792993043151
0,0,0.9608709078103483,0.1651664103359415,0.9217418156206967
0,1,0.8383741141038187,0.4423561614004319,0.6767482282076374
1,1,0.7792305048739536,0.5278801616788495,0.5584610097479072
0,1,0.7785614456191812,0.5287226709060424,0.5571228912383626
1,1,0.8036960500015596,0.49523572108126296,0.6073921000031192
0,1,0.8098441738921416,0.4864488352321359,0.6196883477842834
1,0,0.9381898102113609,0.23191954351910316,0.8763796204227219
1,0,0.9659805637875511,0.14844780072618297,0.9319611275751024
0,0,0.9353712743564261,0.2395180889187842,0.8707425487128522
1,0,0.6965762794363253,0.6137373641807109,0.3931525588726504
1,0,0.9828505895644193,0.08672743828560849,0.9657011791288386
1,0,0.9647822402044488,0.15243603979137094,0.9295644804088976
1,0,0.9593002110546778,0.17016177363657597,0.9186004221093556
1,1,0.7792744251812812,0.5278247643183755,0.5585488503625625
0,0,0.9712338641143703,0.1304266214523259,0.9424677282287405
1,0,0.9731254234391276,0.12370408554236123,0.9462508468782551
0,1,0.7946108956777951,0.5077831534233104,0.5892217913555904
0,1,0.8239964319979501,0.46527908704284704,0.6479928639959005
1,0,0.960608733338292,0.16600471182869644,0.9212174666765841
1,0,0.9384045223073448,0.23133515358754053,0.8768090446146899
1,0,0.9698891669264804,0.13512722406805694,0.9397783338529608
1,0,0.9855936160807799,0.0753863857141088,0.9711872321615598
0,1,0.8019892303365403,0.49763236808349565,0.6039784606730807
1,0,0.9695884891525817,0.1361697236597376,0.9391769783051634
1,0,0.704757339297868,0.6067793677867648,0.4095146785957361
0,1,0.7957887047452797,0.5061853849642668,0.5915774094905596
0,0,0.9663158111668176,0.14732427654114724,0.9326316223336355
1,0,0.9647822402044488,0.15243603979137094,0.9295644804088976
1,0,0.7324852696737313,0.5807712357332051,0.4649705393474624
1,0,0.9690026821818171,0.13819203378732442,0.938005364363634
1,0,0.9755821421630227,0.11476713066191542,0.9511642843260455
0,0,0.9621777717302525,0.16096021387298381,0.9243555434605051
0,1,0.8085066967575539,0.4883810392089095,0.6170133935151079
0,0,0.9382383594518358,0.2317874748864665,0.8764767189036713
0,0,0.9368365711557185,0.23558451381638001,0.8736731423114371
1,0,0.9653908351726421,0.15041589526134974,0.9307816703452841
1,0,0.9903595450352837,0.05434277402431794,0.9807190900705672
1,0,0.9593002435028254,0.17016167110102698,0.9186004870056509
1,1,0.7792961161914729,0.5277974009760478,0.558592232382946
0,0,0.9653923952265818,0.15041070271876864,0.9307847904531636
1,0,0.6832366188624978,0.6244056712590496,0.3664732377249956
0,1,0.7894803978483641,0.5146442915033143,0.5789607956967282
0,1,0.804022429281947,0.4947753331705354,0.608044858563894
0,1,0.7873006948912286,0.5175111573938511,0.5746013897824573
1,1,0.7870958476484253,0.5177791220265965,0.5741916952968505
1,0,0.6812421995246571,0.6259295745288185,0.36248439904931434
1,0,0.9663146561286775,0.14732815336245839,0.932629312257355
1,0,0.9304171066054366,0.25255868301243234,0.8608342132108732
0,0,0.6765825660750182,0.6294186374919275,0.35316513215003636
1,0,0.9382215474536619,0.23183321321381262,0.8764430949073239
0,1,0.7792714062305678,0.5278285725263553,0.5585428124611356
0,1,0.7880222734629218,0.5165652493661357,0.5760445469258435
0,0,0.9721532734445385,0.12717559429944525,0.944306546889077
0,1,0.8322988984748609,0.45222222170081905,0.6645977969497218
1,0,0.977526880168564,0.10751395970140837,0.9550537603371282
1,1,0.7804147547679017,0.526382518813894,0.5608295095358033
0,0,0.9398601394826774,0.2273521803661081,0.8797202789653548
1,1,0.7783410230628821,0.5289996679224839,0.5566820461257642
1,0,0.9812730566374325,0.09304237414926515,0.9625461132748648
1,0,0.98064975531026,0.09549949628246429,0.9612995106205199
1,0,0.9858805814116021,0.07417087383488305,0.971761162823204
1,0,0.9740546627624409,0.12035203981541774,0.9481093255248817
0,0,0.9895593668200119,0.05801663019931887,0.9791187336400238
1,0,0.9394886325583525,0.22837225598073704,0.878977265116705
0,1,0.8257277467403796,0.4625961614336941,0.6514554934807593
0,0,0.9387697664655853,0.23033922116217492,0.8775395329311707
1,0,0.9723692726891127,0.12640732871095448,0.9447385453782254
0,1,0.8209755602215079,0.469910969982375,0.6419511204430158
0,0,0.6765825660750182,0.6294186374919275,0.35316513215003636
1,0,0.9825263651533752,0.08803695942650963,0.9650527303067503
0,0,0.7109900277897533,0.601262845725368,0.42198005557950663
0,1,0.7849361367564162,0.5205890782120026,0.5698722735128323
0,0,0.9602927515642049,0.16701264895491086,0.9205855031284096
0,1,0.8439799350149246,0.4330109105271907,0.6879598700298494
1,0,0.9647822402044488,0.15243603979137094,0.9295644804088976
0,1,0.7892487179693394,0.5149503636605859,0.5784974359386788
1,0,0.9767811282826243,0.11031493874322741,0.9535622565652486
0,1,0.8230644098038666,0.46671482351509275,0.6461288196077333
0,1,0.7768020319265329,0.5309258259677893,0.5536040638530659
1,0,0.9762953970365942,0.11212606584165627,0.9525907940731884
1,0,0.9332419638373021,0.24517108907604396,0.8664839276746041
0,1,0.7895797167744004,0.5145129824418304,0.5791594335488008
1,1,0.7777006357453297,0.5298028225255589,0.5554012714906591
0,1,0.8085053825415911,0.48838293211605754,0.6170107650831823
1,0,0.6812421995246571,0.6259295745288185,0.36248439904931434
1,0,0.9840698008160059,0.08174630961859289,0.9681396016320117
1,0,0.9814635996018705,0.09228704482552624,0.9629271992037408
1,0,0.9593002110546778,0.17016177363657597,0.9186004221093556
1,0,0.981352618563004,0.09272722496429407,0.9627052371260081
0,0,0.8995624027584472,0.32604341034106016,0.7991248055168942
0,1,0.8026298766779518,0.4967349554833045,0.6052597533559035
0,1,0.7958455302667103,0.5061080821766457,0.5916910605334206
1,0,0.9381703560484896,0.2319724533235306,0.8763407120969793
0,0,0.965078366592215,0.15145446330835421,0.9301567331844302
1,1,0.8221795462913914,0.46807239402565537,0.644359092582783
1,0,0.986413823121485,0.07189639522762795,0.9728276462429699
1,0,0.9814030067302117,0.09252745583088659,0.9628060134604237
0,1,0.8090365989992881,0.4876168944019792,0.6180731979985762
0,0,0.9049313657640485,0.314110528394239,0.8098627315280971
0,1,0.8068568832852141,0.49074855405198414,0.6137137665704281
1,1,0.7957275055950344,0.5062686152091439,0.5914550111900688
0,1,0.7992461784313103,0.5014456680262714,0.5984923568626204
1,0,0.9659805637875511,0.14844780072618297,0.9319611275751024
1,0,0.9762953970365942,0.11212606584165627,0.9525907940731884
0,1,0.7787741817169956,0.5284550659383157,0.5575483634339913
0,0,0.9821239950993829,0.08965360302093461,0.9642479901987656
1,0,0.6889560587288865,0.6199333960726696,0.37791211745777314
0,0,0.9349159926812872,0.24073302040759886,0.8698319853625744
1,1,0.7869015449953424,0.5180330616700177,0.5738030899906847
1,0,0.9752718870381039,0.11590925246698297,0.9505437740762076
1,0,0.9385329252717629,0.2309852935028368,0.8770658505435257
1,0,0.6641687702541292,0.6382315567415089,0.3283375405082585
0,0,0.9615930032067989,0.16284802639923374,0.9231860064135977
0,0,0.9606105214659382,0.16599900046553334,0.9212210429318763
1,0,0.9655967409006703,0.14972991996089613,0.9311934818013403
0,0,0.9619013378268279,0.16185379007902323,0.9238026756536557
1,0,0.7020893054510451,0.6090836308388234,0.40417861090209045
1,0,0.98064975531026,0.09549949628246429,0.9612995106205199
0,0,0.6765825660750182,0.6294186374919275,0.35316513215003636
1,0,0.9323476883099748,0.24752342931446403,0.8646953766199496
0,0,0.9795802104286815,0.09966839385369616,0.9591604208573629
1,0,0.990846850949872,0.052072875445484945,0.981693701899744
1,0,0.9323753126532216,0.24745095565431863,0.8647506253064433
0,1,0.7974947060757341,0.5038559453331914,0.5949894121514683
0,1,0.8160858987526333,0.4772770170030932,0.6321717975052665
1,0,0.9843062783114875,0.0807694069788851,0.968612556622975
0,1,0.7899038544405725,0.5140840284554843,0.5798077088811453
0,0,0.9593002092468179,0.170161779349379,0.9186004184936358
0,1,0.7873018784216388,0.517509608466971,0.5746037568432778
1,0,0.7100729685474367,0.6020863347891277,0.42014593709487347
0,0,0.9384995444899473,0.23107627372524653,0.8769990889798946
1,1,0.7878767460518049,0.5167562700465611,0.5757534921036099
0,1,0.8021289393225668,0.4974368853536397,0.6042578786451336
1,0,0.9381438582747409,0.2320445092563092,0.8762877165494818
1,1,0.7579267928502063,0.553457912273768,0.5158535857004125
0,1,0.8218017991597958,0.4686503068228549,0.6436035983195915
1,0,0.9606085451573566,0.16600531288247383,0.9212170903147131
1,0,0.939906766105032,0.227223981830625,0.879813532210064
0,0,0.9701621799603936,0.13417796191035916,0.940324359920787
1,1,0.7687765010300189,0.5407504879689118,0.5375530020600381
0,1,0.7947261552744688,0.5076271726723702,0.5894523105489378
0,0,0.6765825660750182,0.6294186374919275,0.35316513215003636
1,0,0.9398060533604142,0.22750084039513468,0.8796121067208286
0,0,0.9245825608389776,0.26743194425980704,0.8491651216779551
0,1,0.8024691388831172,0.49696035900765834,0.6049382777662348
1,0,0.9841047266107782,0.08160225486137725,0.9682094532215565
0,1,0.7948047401802749,0.507520777074486,0.5896094803605498
1,0,0.9672063188129754,0.14432303484807799,0.934412637625951
0,0,0.9668874110372742,0.14540067666767661,0.9337748220745482
0,0,0.9604544917476656,0.1664970490572763,0.9209089834953312
1,0,0.6696831799808987,0.6344027759627422,0.3393663599617973
0,1,0.804844865723946,0.4936122111018403,0.6096897314478918
1,0,0.9382255757275985,0.23182225443063095,0.8764511514551969
1,1,0.7703335862547979,0.5388729512084397,0.5406671725095958
1,0,0.9647822402044488,0.15243603979137094,0.9295644804088976
0,0,0.6825232498306757,0.6249528529564535,0.36504649966135133
1,0,0.6803905962626428,0.6265746864839834,0.36078119252528545
0,0,0.9382879196005391,0.23165261432241824,0.8765758392010785
1,0,0.9763029650130186,0.11209792614158558,0.9526059300260372
1,1,0.6501323082988237,0.6473646965342293,0.3002646165976476
0,0,0.9606105214659382,0.16599900046553334,0.9212210429318763
0,1,0.7988532836762205,0.501988006538816,0.5977065673524409
1,0,0.938147405952783,0.23203486268519952,0.876294811905566
0,0,0.938267328190291,0.23170865177307348,0.8765346563805823
0,1,0.79567689389244,0.5063374292214285,0.59135378778488
0,1,0.8219875633722986,0.4683662292691063,0.6439751267445972
0,0,0.9619030384272622,0.16184829925530209,0.9238060768545244
0,0,0.939748416180197,0.22765920387692173,0.8794968323603939
1,0,0.9784564175070284,0.10398715240101482,0.9569128350140568
1,0,0.9675291489622843,0.14322887268486867,0.9350582979245686
0,1,0.8015055607144105,0.4983081763457923,0.603011121428821
0,0,0.9625461575825014,0.15976613551950397,0.9250923151650027
1,0,0.9752718870381039,0.11590925246698297,0.9505437740762076
0,0,0.9599381397512085,0.1681406931326902,0.9198762795024168
0,1,0.7734071682163233,0.5351265328173487,0.5468143364326465
0,1,0.7831253278595415,0.5229237809363969,0.5662506557190827
0,1,0.7918161567130859,0.511540436286504,0.5836323134261716
1,0,0.9849004479691568,0.07829875933112385,0.9698008959383134
1,0,0.9831456213857037,0.08553040716535111,0.9662912427714074
1,0,0.985968882346533,0.07379566881954377,0.971937764693066
1,0,0.9593002110546778,0.17016177363657597,0.9186004221093556
0,0,0.9396973410244996,0.2277994885560717,0.8793946820489994
1,0,0.6711788244413868,0.633340665422324,0.3423576488827735
1,0,0.6819104756885226,0.625420999237088,0.36382095137704507
1,0,0.9394012054980283,0.22861195789026845,0.8788024109960567
0,0,0.9383759409377176,0.23141299053078668,0.8767518818754353
1,0,0.959300266951721,0.1701615970029321,0.918600533903442
1,0,0.9331024481171315,0.2455389182074298,0.866204896234263
1,0,0.6819104756885226,0.625420999237088,0.36382095137704507
0,0,0.9383306996936515,0.231536169191919,0.8766613993873027
1,0,0.9698891669264804,0.13512722406805694,0.9397783338529608
0,1,0.7977317702138982,0.5035308252997415,0.5954635404277965
0,1,0.8980843561742629,0.3292718005192743,0.7961687123485259
1,0,0.969310185206071,0.1371319164982018,0.9386203704121422
0,0,0.9382685678990512,0.2317052782375647,0.8765371357981026
0,0,0.9619028868168512,0.1618487887715182,0.9238057736337025
0,0,0.9325038007170982,0.2471137025192627,0.8650076014341963
0,1,0.7944257807936987,0.5080334989617852,0.5888515615873976
0,1,0.7584655141346912,0.5528422532559574,0.516931028269382
1,0,0.9602968967950208,0.16699944324938643,0.9205937935900417
1,1,0.7948688060528403,0.5074340106843068,0.5897376121056808
0,1,0.7581873963030048,0.5531602882818613,0.5163747926060096
0,1,0.8014231653334666,0.49842315678455357,0.602846330666933
0,1,0.7893998896964124,0.5147506873780503,0.5787997793928245
1,0,0.9593002110546778,0.17016177363657597,0.9186004221093556
0,1,0.7787140393608317,0.5285307468304469,0.5574280787216633
1,0,0.9790210002734937,0.10182513577949953,0.9580420005469875
0,0,0.9396255153993415,0.22799668926636363,0.879251030798683
1,1,0.7791477182487402,0.5279845512385485,0.5582954364974804
1,0,0.9755819884646809,0.11476769745781001,0.9511639769293619
0,1,0.794945199065971,0.5073305163626181,0.5898903981319421
0,1,0.7871039962075291,0.5177684675226353,0.5742079924150583
0,0,0.9647355982722643,0.1525904090014627,0.9294711965445285
0,1,0.8021187131382884,0.49745119814145633,0.6042374262765768
0,1,0.8933889614668642,0.33937070244389933,0.7867779229337283
0,1,0.811350602566344,0.48425864006847513,0.6227012051326881
0,1,0.8038396370896921,0.49503326155438115,0.6076792741793842
1,0,0.9835444773126812,0.0839037624285294,0.9670889546253624
1,0,0.9834720832590201,0.08419972875337217,0.9669441665180404
0,1,0.7873509871916297,0.5174453307589238,0.5747019743832592
1,0,0.7124939886637099,0.5999034748045717,0.42498797732741966
1,0,0.6965762794363253,0.6137373641807109,0.3931525588726504
1,0,0.9790341205335773,0.10177471001958363,0.9580682410671546
0,0,0.9354484342084899,0.2393118465768252,0.8708968684169798
1,1,0.7254329036009848,0.5877486502264528,0.4508658072019699
0,1,0.8021210410244696,0.49744794003972814,0.6042420820489391
0,1,0.8022754751250449,0.49723171831026536,0.6045509502500901
0,1,0.7946993287777857,0.5076634842258939,0.5893986575555714
0,0,0.9901040233716246,0.05552298610117818,0.9802080467432492
1,0,0.9773062175384571,0.108345350183461,0.9546124350769143
1,0,0.9818317005523007,0.09082219019816057,0.9636634011046016
1,0,0.6825230917743215,0.6249529739314656,0.36504618354864254
1,1,0.7750746992443368,0.5330714395024353,0.5501493984886738
0,1,0.7947447390219019,0.5076020156743258,0.5894894780438038
0,1,0.8022326425929966,0.49729170279824536,0.6044652851859933
0,1,0.7679000220302875,0.5418013445159149,0.535800044060575
1,1,0.7792634591806065,0.5278385969544368,0.5585269183612129
1,0,0.9734591934174609,0.12250393569351925,0.9469183868349217
1,0,0.9840698008160059,0.08174630961859289,0.9681396016320117
1,0,0.9804701230623205,0.09620379685606155,0.9609402461246411
1,0,0.9593002110546778,0.17016177363657597,0.9186004221093556
1,1,0.7994827171208239,0.501118694224194,0.5989654342416476
0,0,0.9606162568009479,0.1659806809676058,0.9212325136018957
1,1,0.7881516686605978,0.5163952975058475,0.5763033373211955
0,1,0.7866414749849033,0.5183726022148726,0.5732829499698064
0,1,0.787875645910658,0.5167577136197383,0.5757512918213161
1,0,0.967150965343285,0.14451031245660867,0.93430193068657
1,0,0.9727626721064644,0.12500361572293786,0.9455253442129289
0,1,0.7966217695415783,0.5050501307316797,0.5932435390831565
0,1,0.7949117692844946,0.5073758101521902,0.5898235385689892
1,1,0.788335259857456,0.516153990774253,0.5766705197149122
0,1,0.7815710623125519,0.5249123165200195,0.563142124625104
0,1,0.7947107662505636,0.5076480033400093,0.589421532501127
1,0,0.9344418880071139,0.24199456116612597,0.8688837760142277
1,0,0.969310185206071,0.1371319164982018,0.9386203704121422
0,1,0.7871250773110483,0.5177409014609231,0.5742501546220966
0,0,0.9593002092468179,0.170161779349379,0.9186004184936358
1,0,0.6765295215305099,0.6294577838051953,0.35305904306102004
0,0,0.9625471198789862,0.15976301143737903,0.9250942397579723
1,0,0.9381833235432242,0.23193718614152561,0.8763666470864485
0,1,0.8059619477238262,0.49202549005882956,0.6119238954476525
0,1,0.7946588301473422,0.5077182936200524,0.5893176602946842
0,1,0.7791963159021136,0.5279232769941817,0.5583926318042269
0,1,0.7882612684089249,0.5162512671949737,0.5765225368178498
0,0,0.9333537038493166,0.24487626450032296,0.8667074076986332
1,0,0.9368353042930849,0.23558793025690616,0.8736706085861699
1,1,0.8104806613191814,0.4855252497708372,0.620961322638363
0,1,0.8287344285995334,0.45788727304095445,0.6574688571990668
1,0,0.9663146561286775,0.14732815336245839,0.932629312257355
1,0,0.6921927403620376,0.6173349567225546,0.38438548072407513
0,0,0.9593002092468179,0.170161779349379,0.9186004184936358
0,0,0.9324286003467361,0.24731111888879576,0.8648572006934725
1,1,0.7793069518806235,0.5277837306631719,0.5586139037612471
0,1,0.7868698097024645,0.5180745160304874,0.5737396194049288
0,0,0.9715679243242143,0.12924893578415966,0.9431358486484287
1,0,0.6925650357382911,0.6170329266961379,0.385130071476582
1,1,0.7817013228257749,0.5247462048087912,0.5634026456515498
0,0,0.9324407998331415,0.24727909884086416,0.864881599666283
0,1,0.8391580018693208,0.44106347057399925,0.6783160037386416
0,1,0.7948282793421388,0.5074889001854239,0.5896565586842776
1,0,0.9659805637875511,0.14844780072618297,0.9319611275751024
0,0,0.9855884298324448,0.07540829963633383,0.9711768596648895
0,0,0.9821531419120024,0.08953680915468584,0.9643062838240049
0,1,0.802274569840525,0.4972329862285953,0.6045491396810498
0,0,0.9383210717914036,0.2315623785852826,0.8766421435828072
1,0,0.9830748246901672,0.08581812588819629,0.9661496493803344
0,1,0.7911143185945155,0.5124765343848026,0.5822286371890311
0,1,0.8038818726827646,0.4949736839750837,0.6077637453655289
1,0,0.9382062100428676,0.23187493555977767,0.8764124200857353
1,0,0.9852487997094949,0.07683927797687565,0.9704975994189896
1,0,0.6650072997848456,0.637658163520006,0.3300145995696912
1,1,0.7791325104984738,0.5280037230774298,0.5582650209969475
1,0,0.9323048390835006,0.2476358221788873,0.8646096781670014
0,0,0.9829988025498826,0.08612674551466351,0.9659976050997652
1,0,0.9763032012020784,0.11209704788954311,0.9526064024041568
1,0,0.9845482992886433,0.07976585489593191,0.9690965985772865
1,1,0.7791594733292239,0.5279697311296726,0.5583189466584478
1,0,0.933407057833519,0.24473541992055653,0.8668141156670379
1,0,0.9808088483935656,0.09487430602811098,0.9616176967871314
0,1,0.8030293154096718,0.49617411382830484,0.6060586308193433
1,0,0.6847880655954885,0.6232075299106312,0.3695761311909769
0,1,0.8219581603972994,0.4684112090987723,0.6439163207945988
0,0,0.9695898371215877,0.13616505689207326,0.9391796742431756
1,0,0.9740546627624409,0.12035203981541774,0.9481093255248817
0,1,0.7790987341498915,0.5280462988428143,0.558197468299783
1,0,0.9918308702896081,0.04740788729229661,0.9836617405792164
0,1,0.7884331002576723,0.5160253098024025,0.5768662005153447
1,1,0.7799107299089612,0.5270209243658752,0.5598214598179222
1,0,0.9806726930304098,0.09540944015691001,0.9613453860608197
0,1,0.8166188244526862,0.47648198378955514,0.6332376489053724
1,0,0.986413823121485,0.07189639522762795,0.9728276462429699
0,1,0.8157294460655811,0.47780772655449205,0.6314588921311622
0,1,0.8194376525704349,0.47224513053680284,0.6388753051408697
1,1,0.7956385665117965,0.5063895304173541,0.5912771330235929
0,1,0.7888844379588794,0.5154309612899193,0.5777688759177588
0,0,0.9615958564889208,0.16283883771726126,0.9231917129778416
0,1,0.8019926935780574,0.49762752375438046,0.6039853871561148
0,1,0.8020536137525414,0.49754229719818177,0.6041072275050827
0,0,0.9318583063414128,0.2488053426657283,0.8637166126828253
1,0,0.9807618615403577,0.09505909033917366,0.9615237230807155
0,0,0.9398081044301136,0.2274952038097532,0.8796162088602272
1,0,0.6825230128008601,0.6249530343770495,0.3650460256017202
1,1,0.7758525101255652,0.5321074022645256,0.5517050202511302
1,0,0.6803905962626428,0.6265746864839834,0.36078119252528545
1,0,0.6862585351639532,0.6220616323525622,0.3725170703279065
0,1,0.8329690497526889,0.4511470232209004,0.6659380995053781
1,0,0.6765295215305099,0.6294577838051953,0.35305904306102004
0,0,0.961900910203053,0.1618551707594015,0.9238018204061058
1,0,0.9888318171040846,0.06130306455845208,0.9776636342081694
1,1,0.7795429084783296,0.5274858783240995,0.559085816956659
1,0,0.988583487768924,0.06241366624171988,0.9771669755378479
1,1,0.777287906513815,0.5303191977903134,0.5545758130276299
1,0,0.9593002110546778,0.17016177363657597,0.9186004221093556
1,0,0.6812421995246571,0.6259295745288185,0.36248439904931434
1,0,0.993047167214786,0.04147449306967161,0.986094334429572
0,0,0.9612507507384059,0.16394861835034047,0.9225015014768118
1,0,0.9798609832653175,0.09857964954327801,0.959721966530635
0,1,0.7958040929200287,0.5061644535714673,0.5916081858400573
0,0,0.9663167716055123,0.14732105285084726,0.9326335432110248
1,0,0.9672063188129754,0.14432303484807799,0.934412637625951
0,1,0.8022004653478295,0.497336757565636,0.6044009306956594
0,1,0.7964960244709067,0.5052217632648567,0.5929920489418137
1,0,0.9698891669264804,0.13512722406805694,0.9397783338529608
0,1,0.8133228355148564,0.48136878631371394,0.6266456710297126
1,0,0.9668521571696557,0.14551960975501094,0.9337043143393114
0,1,0.7805237787103023,0.5262442325035959,0.5610475574206047
1,0,0.6828120339537981,0.6247316274299985,0.3656240679075963
1,1,0.7793091842312673,0.5277809142432573,0.5586183684625343
0,1,0.7845381657332172,0.5211038494007695,0.5690763314664343
1,0,0.709288837945727,0.6027872181955902,0.41857767589145395
0,1,0.797915001182912,0.5032792957858827,0.5958300023658237
0,0,0.9647345301135293,0.15259394350065614,0.9294690602270587
0,1,0.8337123757721515,0.4499506460573811,0.6674247515443033
0,0,0.961901326567966,0.1618538264308769,0.9238026531359321
1,0,0.9832219900195451,0.08521970484739778,0.9664439800390903
1,1,0.7793055028836154,0.5277855587583337,0.5586110057672307
1,1,0.8158212577912486,0.4776711122586347,0.6316425155824972
1,0,0.6921928687327399,0.6173348526921008,0.3843857374654797
1,0,0.9762953970365942,0.11212606584165627,0.9525907940731884
1,1,0.7793070350315575,0.5277836257572571,0.5586140700631148
1,0,0.9887433875601113,0.0616991813438234,0.9774867751202225
1,0,0.9806853558520588,0.09535971257364885,0.9613707117041177
0,1,0.773404254472021,0.5351301098540383,0.546808508944042
1,0,0.9725081714444481,0.12591237739928784,0.9450163428888961
1,0,0.6845176386978387,0.6234171750800713,0.3690352773956772
1,0,0.9817314564889049,0.09122185695032826,0.9634629129778097
1,1,0.7792715058544825,0.5278284468581778,0.5585430117089649
1,0,0.9896534076200528,0.05758816910237486,0.9793068152401057
1,1,0.7793006498112196,0.5277916814413214,0.5586012996224391
0,0,0.9396626695113834,0.22789469222401088,0.8793253390227668
0,0,0.9332149328815653,0.24524237978657165,0.8664298657631304
0,0,0.961901326567966,0.1618538264308769,0.9238026531359321
1,0,0.9659805637875511,0.14844780072618297,0.9319611275751024
1,1,0.8091244540972576,0.4874900275355141,0.618248908194515
1,0,0.6862585351639532,0.6220616323525622,0.3725170703279065
1,0,0.9926474137203928,0.043446563322643426,0.9852948274407857
0,0,0.9687194398024351,0.13916572636217228,0.9374388796048702
1,0,0.6785136383234418,0.6279847627897788,0.35702727664688366
0,1,0.8506397014742405,0.42159785429439056,0.7012794029484808
0,1,0.8159003884006475,0.4775533222380924,0.6318007768012948
1,0,0.7100729685474367,0.6020863347891277,0.42014593709487347
1,1,0.7053995098268548,0.6062196521302302,0.4107990196537097
1,0,0.9381660781106281,0.23198408722581124,0.8763321562212562
1,0,0.9731254234391276,0.12370408554236123,0.9462508468782551
0,1,0.7862598375045068,0.5188701285649677,0.5725196750090136
0,0,0.9656697820338063,0.1494862770102594,0.9313395640676125
0,0,0.9663147015678691,0.14732800084911216,0.9326294031357383
0,0,0.9384058812967068,0.23133145223811052,0.8768117625934133
0,0,0.9581447983556103,0.1737959126313101,0.9162895967112206
0,1,0.8029170865144661,0.49633179336074684,0.6058341730289323
1,0,0.9385507637182458,0.2309366664168202,0.8771015274364916
1,0,0.6862585351639532,0.6220616323525622,0.3725170703279065
0,0,0.9342018756111354,0.24263180745722535,0.8684037512222709
0,1,0.7948258522680451,0.5074921871023546,0.5896517045360902
0,1,0.7752071152085066,0.5329075653597877,0.5504142304170132
0,1,0.8014483678849967,0.4983879918613285,0.6028967357699935
1,0,0.6549156263546536,0.6443504511836514,0.30983125270930717
1,1,0.7881570754040476,0.5163881939309314,0.5763141508080952
0,1,0.7955389482164558,0.5065249065568729,0.5910778964329115
0,1,0.8021945346781155,0.49734506101196213,0.6043890693562308
1,0,0.6809152615469951,0.6261776333823368,0.3618305230939903
0,1,0.7872079893928158,0.5176324582764108,0.5744159787856316
1,1,0.8286232021342356,0.4580625984943693,0.6572464042684711
0,0,0.9397971845600854,0.2275252120655366,0.8795943691201707
0,0,0.9630756243747023,0.158043330262086,0.9261512487494045
1,0,0.9953652610357778,0.02953188205675015,0.9907305220715555
1,0,0.9621760143430648,0.16096590126665855,0.9243520286861295
1,0,0.9731254234391276,0.12370408554236123,0.9462508468782551
1,0,0.9898230546775927,0.05681304717463667,0.9796461093551855
1,1,0.7789886473082127,0.528185019509042,0.5579772946164253
1,0,0.9850091619703242,0.07784416746726731,0.9700183239406484
1,0,0.9381588176387947,0.23200383144222206,0.8763176352775893
0,1,0.8131339888644619,0.4816466034641821,0.6262679777289237
0,0,0.9593002113047432,0.1701617728463738,0.9186004226094864
1,0,0.988583487768924,0.06241366624171988,0.9771669755378479
0,0,0.9324571809720632,0.24723609947428093,0.8649143619441266
0,0,0.9586505011018827,0.17220946634727644,0.9173010022037653
0,1,0.7793100595342434,0.5277798099192597,0.558620119068487
0,1,0.8479601260514952,0.4262311978169765,0.6959202521029904
0,1,0.7965198903728644,0.5051891956111595,0.5930397807457286
0,0,0.6765825660750182,0.6294186374919275,0.35316513215003636
0,1,0.7684320701848824,0.5411639589587092,0.5368641403697646
0,1,0.795943150179164,0.5059752382031946,0.591886300358328
0,1,0.7798899934541356,0.5270471577609391,0.5597799869082711
0,1,0.7947757337718219,0.5075600530724108,0.5895514675436437
0,1,0.7797965885127717,0.5271652919772574,0.5595931770255435
0,0,0.9621777755710991,0.16096020144284326,0.9243555511421983
0,1,0.8030397925771722,0.4961593895373669,0.6060795851543443
1,0,0.9823336572547408,0.08881238553426565,0.9646673145094815
0,0,0.9617739405251445,0.16226490071479333,0.9235478810502891
1,0,0.9834720832590201,0.08419972875337217,0.9669441665180404
1,1,0.7784314074494707,0.5288861192224774,0.5568628148989413
0,0,0.958609697109776,0.17233771132530193,0.9172193942195518
1,1,0.7790591742506487,0.5280961564613971,0.5581183485012975
1,1,0.8089994208729671,0.4876705663084592,0.617998841745934
0,1,0.8095162453165772,0.48692365407410415,0.6190324906331544
0,0,0.9396463965669601,0.22793936839621984,0.8792927931339204
1,0,0.7020750807979111,0.6090958246787537,0.4041501615958221
0,1,0.7967651715672589,0.5048542786718956,0.5935303431345176
1,0,0.9871310967602764,0.06880332410689674,0.9742621935205529
1,0,0.6949636008561103,0.615071429661706,0.38992720171222073
0,0,0.6765825660750182,0.6294186374919275,0.35316513215003636
0,1,0.8096479403845471,0.48673305219329815,0.6192958807690943
0,0,0.9383186776598013,0.2315688957207025,0.8766373553196026
1,0,0.9849004479691568,0.07829875933112385,0.9698008959383134
0,0,0.9678210979656233,0.14223651971598858,0.9356421959312466
0,1,0.8095664338336169,0.4868510296499268,0.6191328676672341
1,0,0.9773062175384571,0.108345350183461,0.9546124350769143
1,0,0.9593002804865968,0.17016155423295765,0.9186005609731936
0,1,0.804022429281947,0.4947753331705354,0.608044858563894
0,1,0.7882680917645892,0.5162422979149808,0.5765361835291787
0,0,0.9383874227364363,0.23138172332431517,0.8767748454728727
1,0,0.9724041944047804,0.12628295651036056,0.9448083888095609
1,0,0.9867764326040823,0.0703376559970485,0.9735528652081646
1,0,0.6847880638239374,0.6232075312851142,0.3695761276478749
0,1,0.781542791755553,0.5249483547672413,0.5630855835111062
1,0,0.6686605082149668,0.6351231890306157,0.3373210164299335
0,1,0.8150751516038002,0.47877968309564956,0.6301503032076002
1,0,0.9381821139272924,0.2319404760086914,0.8763642278545851
1,0,0.9740546627624409,0.12035203981541774,0.9481093255248817
0,1,0.810522647453625,0.4854642324514938,0.6210452949072498
1,1,0.7868476451636788,0.518103464991139,0.5736952903273576
1,0,0.9903242810196007,0.05450605541676495,0.9806485620392013
1,0,0.9736765164683413,0.12172018413476132,0.9473530329366826
0,0,0.9707433550889404,0.1321486211317514,0.9414867101778808
1,0,0.6649747940560452,0.6376804499781814,0.3299495881120903
1,0,0.9678927092155303,0.14199269151937796,0.9357854184310607
1,0,0.9593002735366222,0.17016157619475836,0.9186005470732443
1,0,0.9896534076200528,0.05758816910237486,0.9793068152401057
0,0,0.934893356988466,0.24079333528999353,0.8697867139769322
0,1,0.8090774640164085,0.4875578896234697,0.6181549280328171
1,0,0.9685086535469942,0.13988861944041298,0.9370173070939883
1,0,0.938206896731404,0.2318730676482894,0.876413793462808
0,1,0.7963586561256394,0.5054091492005208,0.5927173122512785
1,0,0.9755821661769395,0.1147670421053118,0.9511643323538789
1,0,0.9695884891525817,0.1361697236597376,0.9391769783051634
0,1,0.9327680786242633,0.24641920557304167,0.8655361572485264
1,1,0.7650886397171265,0.5451430278266783,0.5301772794342527
0,1,0.813462911428329,0.481162565324717,0.6269258228566581
0,1,0.8078750608336648,0.48928951987981795,0.6157501216673295
1,0,0.6940891975968253,0.6157896357196276,0.38817839519365044
1,0,0.9719049734081738,0.12805661874579233,0.9438099468163474
0,1,0.8071947835598917,0.49026508651743206,0.6143895671197834
0,0,0.9396156609663722,0.22802373798972886,0.8792313219327443
1,0,0.9381741202412719,0.2319622162960945,0.8763482404825437
1,1,0.7787160630877962,0.5285282005894053,0.5574321261755923
1,0,0.6711788244413868,0.633340665422324,0.3423576488827735
0,0,0.6825288710045652,0.624948550481992,0.36505774200913055
0,1,0.7755544313047366,0.532477258889086,0.5511088626094732
0,0,0.9814277614789141,0.09242926211639997,0.9628555229578282
1,0,0.9780184831251574,0.10565374616067641,0.9560369662503148
1,0,0.9743129131532192,0.11941443556492437,0.9486258263064384
1,0,0.9647822402044488,0.15243603979137094,0.9295644804088976
1,0,0.6811369076866921,0.6260095167147972,0.3622738153733844
1,0,0.6765295215305099,0.6294577838051953,0.35305904306102004
0,1,0.8019433747108975,0.49769650310906943,0.603886749421795
0,0,0.9608709177280179,0.16516637858973915,0.9217418354560359
0,1,0.8125875188792712,0.482449207858058,0.6251750377585426
1,0,0.9749816581103162,0.11697403888171412,0.9499633162206323
0,0,0.9337726024378945,0.2437692167216585,0.867545204875789
0,1,0.8090760452395332,0.4875599383689134,0.6181520904790665
0,1,0.8239964319979501,0.46527908704284704,0.6479928639959005
1,0,0.9779568633450731,0.10588752512319488,0.9559137266901462
0,0,0.9753548101946583,0.11560438576346331,0.9507096203893166
0,1,0.7956873970569247,0.5063231499287912,0.5913747941138495
0,0,0.9675292001221132,0.1432286990277631,0.9350584002442263
1,0,0.9659805637875511,0.14844780072618297,0.9319611275751024
0,1,0.8037405490075307,0.4951729909232684,0.6074810980150611
1,0,0.6649747940560452,0.6376804499781814,0.3299495881120903
1,0,0.9915690821335801,0.04866007336569871,0.98313816426716
1,0,0.6765295215305099,0.6294577838051953,0.35305904306102004
0,0,0.9223302661799692,0.273040831612111,0.8446605323599385
1,1,0.8222505153875419,0.4679637100228513,0.644501030775084
0,1,0.6463441293891967,0.6496804386048985,0.2926882587783935
1,0,0.678392334113052,0.6280753371774237,0.3567846682261039
0,1,0.8027522345482236,0.49656326302113574,0.6055044690964473
1,0,0.9867764326040823,0.0703376559970485,0.9735528652081646
0,1,0.7932776777570766,0.5095814888571373,0.5865553555141533
1,0,0.9721520830930555,0.12717982335171427,0.944304166186111
0,1,0.8021139026496693,0.49745793077709777,0.6042278052993385
0,1,0.8321045275622254,0.4525334702385162,0.6642090551244509
0,1,0.788411318582157,0.5160539623116529,0.576822637164314
1,0,0.9806898589045976,0.09534202680340083,0.9613797178091953
0,0,0.9924925152758823,0.044204757901519856,0.9849850305517648
1,0,0.6765295215305099,0.6294577838051953,0.35305904306102004
1,0,0.9936741251166598,0.03833440518846567,0.9873482502333196
1,0,0.6628916757735088,0.6390987888465267,0.32578335154701765
0,0,0.6765825660750182,0.6294186374919275,0.35316513215003636
1,0,0.9381499813334833,0.2320278597737694,0.8762999626669666
1,1,0.8169724112509686,0.4759534469542355,0.6339448225019372
0,0,0.9352990574015155,0.23971103005098982,0.870598114803031
0,1,0.8091430189673249,0.48746321260012965,0.61828603793465
1,0,0.6940763838384121,0.6158001337338602,0.38815276767682394
1,0,0.9612490910121063,0.16395394790018405,0.9224981820242127
0,1,0.8543104747098619,0.41515868682543455,0.7086209494197239
1,0,0.6956333373927656,0.6145188912205126,0.3912666747855313
1,0,0.9763032012020784,0.11209704788954311,0.9526064024041568
1,0,0.6641687702541292,0.6382315567415089,0.3283375405082585
0,1,0.8046038549237026,0.4939535035489169,0.6092077098474049
1,1,0.7791924629327295,0.5279281355031452,0.5583849258654591
1,0,0.9647822402044488,0.15243603979137094,0.9295644804088976
1,0,0.9606191217230342,0.165971529662285,0.9212382434460685
1,0,0.685114036946182,0.622954374238011,0.3702280738923639
1,0,0.983622355333234,0.08358501459322652,0.967244710666468
0,1,0.8088260277873803,0.4879207657336647,0.6176520555747607
0,0,0.9602909201498404,0.1670184832557952,0.9205818402996808
0,0,0.9381610646224683,0.23199772106427108,0.8763221292449368
0,1,0.8084816808243613,0.48841706854022837,0.6169633616487225
0,1,0.8020158988203087,0.49759506266887954,0.6040317976406173
0,0,0.9814927594064308,0.09217127718329823,0.9629855188128615
1,1,0.8019725989039853,0.49765563082401937,0.6039451978079707
0,1,0.8445830232834675,0.43199142809030777,0.6891660465669349
1,0,0.9756542952655889,0.11450094087302012,0.9513085905311778
1,1,0.7761602406879602,0.5317250337412017,0.5523204813759205
1,0,0.9817670539949239,0.09107999625385259,0.9635341079898478
1,0,0.9332927160657303,0.24503720483789165,0.8665854321314607
1,0,0.6765825818170034,0.6294186258726002,0.35316516363400685
0,0,0.9384224017685405,0.23128645445267942,0.8768448035370812
0,1,0.7890185448520038,0.5152541256812311,0.5780370897040076
0,1,0.801878051001969,0.4977878439056677,0.6037561020039379
0,0,0.9382755570130419,0.231686258738404,0.8765511140260835
1,0,0.985968882346533,0.07379566881954377,0.971937764693066
1,1,0.77923561436693,0.5278737175730106,0.55847122873386
1,0,0.9736765164683413,0.12172018413476132,0.9473530329366826
0,1,0.803699668517466,0.49523062053560457,0.6073993370349321
0,1,0.7873500415946206,0.5174465685721945,0.5747000831892412
1,1,0.7874035767030438,0.5173764811906065,0.5748071534060878
0,1,0.8121989750828482,0.4830186718876255,0.6243979501656964
0,0,0.961773796114257,0.16226536647745282,0.9235475922285139
1,0,0.9807357633363732,0.09516167569007815,0.9614715266727465
1,0,0.7100729685474367,0.6020863347891277,0.42014593709487347
0,1,0.7813626269123898,0.5251779122051995,0.5627252538247797
1,0,0.7254941128781169,0.5876891715447417,0.4509882257562341
0,1,0.8206646124800447,0.47038420559766897,0.6413292249600895
1,0,0.9641441908833803,0.15454225129741628,0.9282883817667605
1,1,0.7791177662309207,0.5280223093379366,0.5582355324618414
0,1,0.7883146193016091,0.5161811301742356,0.5766292386032182
1,0,0.9604526048568454,0.16650306810624205,0.9209052097136908
0,0,0.9650799303763805,0.15144927291166965,0.930159860752761
0,1,0.7841627471163686,0.5215885904599592,0.5683254942327373
1,0,0.9933230048231423,0.040100305450420926,0.9866460096462848
0,0,0.9589747475299869,0.1711888791677132,0.9179494950599739
1,0,0.6711788244413868,0.633340665422324,0.3423576488827735
0,0,0.6940111987485519,0.6158535263896868,0.38802239749710393
0,1,0.8297661355489908,0.45625684113964454,0.6595322710979817
0,1,0.7956741272623472,0.5063411904054843,0.5913482545246944
0,1,0.7865452463775529,0.5184981335856734,0.5730904927551057
0,1,0.7899312945577472,0.51404768597818,0.5798625891154944
0,1,0.7957181301684729,0.5062813636619744,0.5914362603369461
0,1,0.8056182938242787,0.4925144696972833,0.6112365876485574
1,0,0.959300213320698,0.17016176647599457,0.9186004266413961
0,0,0.9621777871034949,0.16096016412052147,0.92435557420699
0,0,0.9638212487009622,0.15560378740337166,0.9276424974019244
0,1,0.8021987159482538,0.4973392068981528,0.6043974318965077
0,0,0.9653922914368397,0.1504110481787371,0.9307845828736793
0,0,0.9593002092468179,0.170161779349379,0.9186004184936358
1,1,0.8160374705783443,0.4773491696309933,0.6320749411566886
1,0,0.6812421995246571,0.6259295745288185,0.36248439904931434
1,0,0.9593002110546778,0.17016177363657597,0.9186004221093556
1,0,0.6889560587288865,0.6199333960726696,0.37791211745777314
0,1,0.7789539978340777,0.5282286668202196,0.5579079956681553
1,0,0.980762761410751,0.09505555253576169,0.9615255228215022
1,0,0.9784564175070284,0.10398715240101482,0.9569128350140568
1,0,0.9381778033148784,0.2319521996423915,0.8763556066297568
1,0,0.704757339297868,0.6067793677867648,0.4095146785957361
0,1,0.7948876860649268,0.5074084360988085,0.5897753721298536
1,0,0.9763032012020784,0.11209704788954311,0.9526064024041568
0,1,0.7862205412523436,0.5189213083703048,0.5724410825046873
1,0,0.9650783556969782,0.15145449947076356,0.9301567113939565
0,1,0.7793630231693364,0.5277129801797955,0.5587260463386725
1,1,0.8088580828728108,0.48787452615615823,0.6177161657456216
1,1,0.7946924123181986,0.5076728454260524,0.5893848246363974
0,1,0.8035493646958908,0.495442414192543,0.6070987293917818
1,0,0.6650072997848456,0.637658163520006,0.3300145995696912
1,0,0.6889560587288865,0.6199333960726696,0.37791211745777314
1,0,0.9780184831251574,0.10565374616067641,0.9560369662503148
0,1,0.7986167727258789,0.5023140148901885,0.5972335454517579
1,0,0.9851322839389086,0.07732836126666795,0.9702645678778172
1,0,0.9379361785912396,0.23260883816570724,0.8758723571824794
1,1,0.7795276965549618,0.5275050903808656,0.5590553931099236
0,1,0.7714012808249041,0.5375776065243725,0.5428025616498082
0,1,0.7793650735135074,0.5277103927188563,0.5587301470270147
0,0,0.6765825660750182,0.6294186374919275,0.35316513215003636
0,1,0.8020051794619054,0.49761005806454367,0.604010358923811
1,0,0.6889560587288865,0.6199333960726696,0.37791211745777314
1,1,0.7794589747795007,0.5275918664817187,0.5589179495590013
1,0,0.9794524837659891,0.10016236821470442,0.9589049675319784
1,0,0.9731254234391276,0.12370408554236123,0.9462508468782551
1,1,0.8021668970075247,0.497383753198231,0.6043337940150496
0,0,0.961901326567966,0.1618538264308769,0.9238026531359321
1,0,0.9917267164273358,0.0479070748597117,0.9834534328546716
1,0,0.6670822056225965,0.6362257500448967,0.334164411245193
0,0,0.9396708987363205,0.22787209771401432,0.8793417974726411
0,1,0.7789229116462565,0.5282678195905838,0.5578458232925128
0,1,0.8162525593115794,0.4770285917501178,0.6325051186231587
1,0,0.6825230128008601,0.6249530343770495,0.3650460256017202
1,0,0.9830748246901672,0.08581812588819629,0.9661496493803344
1,0,0.6825045123379321,0.6249671936734426,0.36500902467586416
1,0,0.9923000815399667,0.04514220154556163,0.9846001630799336
1,0,0.9799905455891896,0.09807590586772995,0.9599810911783794
1,0,0.9814096330242621,0.09250117485651113,0.9628192660485243
1,0,0.9732455181273303,0.12327274966028884,0.9464910362546606
1,0,0.6698014892090335,0.6343191289825374,0.339602978418067
1,0,0.9767811282826243,0.11031493874322741,0.9535622565652486
1,0,0.7090876643876435,0.6029665533334767,0.41817532877528696
1,0,0.9880220026615453,0.06490482456836996,0.9760440053230903
1,0,0.9811858240163794,0.09338751154524826,0.9623716480327589
1,1,0.7791911963353537,0.527929732635508,0.5583823926707076
1,0,0.9501054440287465,0.19820465272324242,0.900210888057493
0,0,0.9612507306872304,0.1639486827371442,0.9225014613744609
1,0,0.6641687702541292,0.6382315567415089,0.3283375405082585
0,1,0.8092673941430223,0.48728350861937886,0.6185347882860446
0,0,0.9323478545462623,0.2475229932225565,0.8646957090925245
1,0,0.6649747940560452,0.6376804499781814,0.3299495881120903
0,1,0.8002912778923597,0.49999836140809695,0.6005825557847194
1,0,0.9396272578222424,0.22799190643713907,0.8792545156444848
0,1,0.8020910895590367,0.497489857404547,0.6041821791180736
0,0,0.9804913953726166,0.09612048082391661,0.9609827907452333
1,0,0.9387921346430309,0.2302781532692056,0.8775842692860618
0,1,0.8068636922829414,0.49073881897802,0.6137273845658827
1,0,0.6961273023860612,0.614110008500475,0.39225460477212265
1,0,0.9695884891525817,0.1361697236597376,0.9391769783051634
0,1,0.8022374533965514,0.4972849661221318,0.6044749067931029
0,1,0.7943337554160355,0.5081578740866384,0.588667510832071
0,1,0.8024785650291733,0.49694714516935157,0.6049571300583465
1,1,0.7793346407488639,0.5277487952668228,0.558669281497728
0,1,0.7879199348567948,0.5166995932314635,0.5758398697135898
0,1,0.7710459494749451,0.5380094170541301,0.5420918989498904
1,0,0.6812421995246571,0.6259295745288185,0.36248439904931434
1,0,0.9806966003929066,0.09531554755950383,0.9613932007858133
0,1,0.7969603431261765,0.5045875180528268,0.593920686252353
1,0,0.6825045123379321,0.6249671936734426,0.36500902467586416
1,1,0.7948649136512352,0.5074392830022094,0.5897298273024707
0,0,0.9602927555286508,0.16701263632535754,0.9205855110573016
0,0,0.9719557383128706,0.12787667768923677,0.9439114766257413
0,1,0.8211945365980925,0.46957731213156945,0.6423890731961848
1,1,0.7729499428579248,0.535687249785575,0.5458998857158496
1,0,0.9331100661106628,0.24551884164329904,0.8662201322213255
1,0,0.9391904701277684,0.22918918708798916,0.8783809402555369
0,0,0.9615922613856188,0.16285041531683497,0.9231845227712375
0,1,0.7868403545788042,0.5181129865366507,0.5736807091576083
1,0,0.9403075292681864,0.22612050509071271,0.8806150585363727
1,0,0.6765295215305099,0.6294577838051953,0.35305904306102004
1,0,0.9410196336153123,0.2241526985238299,0.8820392672306245
0,1,0.8049256667752519,0.49349770696372736,0.6098513335505037
0,1,0.7872056576412136,0.5176355086046556,0.5744113152824274
0,0,0.9634672826031297,0.15676386676232495,0.9269345652062594
1,0,0.9602909229775568,0.16701847424766217,0.9205818459551136
1,1,0.7746148330100177,0.5336397756611219,0.5492296660200353
1,0,0.9659805637875511,0.14844780072618297,0.9319611275751024
1,0,0.9593977946653118,0.16985328922284598,0.9187955893306237
0,1,0.7817661405488916,0.5246635104576112,0.5635322810977833
1,0,0.9851434378859011,0.07728158200742029,0.9702868757718021
0,1,0.7764497983919426,0.5313647480516746,0.5528995967838852
0,0,0.9707433066154727,0.13214879088363188,0.9414866132309454
0,0,0.9619030384272622,0.16184829925530209,0.9238060768545244
1,0,0.6949636008561103,0.615071429661706,0.38992720171222073
1,0,0.9840907177959585,0.0816600449051318,0.9681814355919172
1,0,0.984082066647395,0.08169572690585125,0.96816413329479
0,1,0.809897473161512,0.48637159547431974,0.6197949463230242
0,1,0.7781413825165719,0.5292503058965585,0.5562827650331438
0,0,0.6825232498306757,0.6249528529564535,0.36504649966135133
1,0,0.9815776231865827,0.09183409199405847,0.9631552463731654
0,1,0.8234010335447195,0.46619695986180965,0.6468020670894391
0,1,0.8287062720803194,0.4579316641914935,0.657412544160639
0,1,0.7891843066924512,0.5150354000221127,0.5783686133849024
1,1,0.7717250187999122,0.5371835660015454,0.5434500375998244
1,0,0.9883999906372827,0.06323080204735275,0.9767999812745654
0,1,0.8094318693754127,0.48704571200391716,0.6188637387508253
1,0,0.9659805637875511,0.14844780072618297,0.9319611275751024
1,0,0.9663146561286775,0.14732815336245839,0.932629312257355
0,1,0.7947649453138558,0.507574659819665,0.5895298906277113
1,1,0.7687687072145802,0.5407598514088872,0.5375374144291607
0,1,0.7885345276232927,0.5158918506237253,0.5770690552465854
0,1,0.829292499150626,0.45700627384721515,0.658584998301252
0,0,0.9656707627747375,0.1494830044633568,0.9313415255494751
1,0,0.9871310967602764,0.06880332410689674,0.9742621935205529
1,0,0.9663146561286775,0.14732815336245839,0.932629312257355
0,1,0.7947928841338465,0.5075368313245977,0.589585768267693
1,0,0.9327311176163824,0.24651640244550538,0.8654622352327648
0,0,0.938432704935002,0.23125838871806753,0.8768654098700042
1,0,0.9899246945431418,0.056347286253802364,0.9798493890862835
1,0,0.9593002159449342,0.17016175818345713,0.9186004318898685
0,0,0.9621790044217257,0.16095622448992042,0.9243580088434513
1,0,0.6907088282898598,0.6185323422683349,0.38141765657971954
0,0,0.9631782651364756,0.15770844378948062,0.9263565302729513
1,0,0.9806968223386142,0.09531467575947791,0.9613936446772285
0,0,0.9384633411191482,0.23117492516735053,0.8769266822382964
0,0,0.9626495084130415,0.15943046159432983,0.9252990168260832
0,1,0.8047134817953342,0.49379830810423764,0.6094269635906683
1,1,0.7790932043148066,0.5280532686794511,0.5581864086296131
1,0,0.6978781671374323,0.6126514214098657,0.39575633427486456
1,1,0.7509611328337168,0.5612767667637989,0.5019222656674333
1,0,0.9730945829669976,0.12381476406574872,0.9461891659339953
1,0,0.6765825829562768,0.6294186250316902,0.35316516591255376
1,1,0.7864957809984955,0.5185626403012948,0.5729915619969908
0,1,0.8099081649091155,0.48635609908153854,0.6198163298182311
1,0,0.9779568633450731,0.10588752512319488,0.9559137266901462
0,0,0.9384378299933943,0.23124442741992948,0.8768756599867886
0,1,0.8158611435995918,0.4776117453716979,0.6317222871991838
0,0,0.7000711573635643,0.6108039985168061,0.4001423147271284
1,0,0.9847116793030591,0.07908621815442246,0.9694233586061183
0,0,0.981447829924548,0.09234963270762676,0.962895659849096
1,0,0.9602909568860659,0.16701836622678562,0.9205819137721317
0,1,0.8019124619883674,0.49773973108046865,0.6038249239767349
0,1,0.7888673952134596,0.5154534264064927,0.5777347904269191
1,0,0.9368788907850634,0.23547037180745548,0.873757781570127
1,1,0.7768206895955398,0.5309025564921931,0.5536413791910795
1,0,0.9381898379488116,0.2319194680764467,0.8763796758976232
1,0,0.9726535697652974,0.1253934924520968,0.9453071395305949
0,0,0.9381603171186531,0.231999753812702,0.8763206342373062
1,1,0.8164094969367519,0.47679449026411597,0.6328189938735037
1,0,0.9382283588158145,0.23181468296960792,0.8764567176316288
1,0,0.6949636008561103,0.615071429661706,0.38992720171222073
0,1,0.7987121192319961,0.5021826304596887,0.5974242384639924
0,1,0.8080290717092637,0.4890682435588045,0.6160581434185273
1,0,0.9908173077766034,0.05221122125138415,0.9816346155532067
0,0,0.9326196446558986,0.2468094126163921,0.8652392893117972
0,1,0.7895797167744004,0.5145129824418304,0.5791594335488008
0,1,0.7762543222683775,0.5316080245410839,0.5525086445367551
1,0,0.9672063188129754,0.14432303484807799,0.934412637625951
1,0,0.9743129131532192,0.11941443556492437,0.9486258263064384
1,1,0.7790722612705941,0.5280796638047818,0.5581445225411883
1,0,0.9593002150813403,0.17016176091239762,0.9186004301626808
1,1,0.7789108720315341,0.5282829818680299,0.5578217440630682
0,0,0.9745471005583097,0.1185618911493766,0.9490942011166196
0,1,0.7916799271093903,0.5117223701791488,0.5833598542187806
1,0,0.96661635263145,0.1463141289866776,0.9332327052628999
0,0,0.9383197729516477,0.2315659142071313,0.8766395459032956
0,0,0.938432409938804,0.23125919231065947,0.8768648198776078
1,1,0.7870948185894636,0.5177804675262145,0.5741896371789271
1,0,0.9331327631477733,0.24545902004959164,0.8662655262955465
1,0,0.9873810934844016,0.06771586525718158,0.9747621869688032
1,0,0.9731254234391276,0.12370408554236123,0.9462508468782551
0,0,0.9369138046649867,0.2353761813510266,0.8738276093299733
1,0,0.9804701218838384,0.09620380147109986,0.9609402437676768
1,0,0.9659805637875511,0.14844780072618297,0.9319611275751024
0,1,0.8042418147571605,0.4944654899531469,0.6084836295143212
0,1,0.8025754024234486,0.4968113633058009,0.6051508048468973
1,0,0.9834720832590201,0.08419972875337217,0.9669441665180404
1,0,0.96840924017742,0.1402290522270369,0.93681848035484
0,0,0.9595467148980492,0.16938204646225793,0.9190934297960983
1,0,0.6819104756885226,0.625420999237088,0.36382095137704507
0,1,0.8029505801451162,0.49628474376023424,0.6059011602902324
1,0,0.9852273213168911,0.07692950507809045,0.970454642633782
1,0,0.9784564175070284,0.10398715240101482,0.9569128350140568
1,1,0.809119963034233,0.48749651405229827,0.6182399260684659
0,1,0.8030372514358317,0.4961629608434786,0.6060745028716636
1,0,0.9762953970365942,0.11212606584165627,0.9525907940731884
1,0,0.9855936160807799,0.0753863857141088,0.9711872321615598
0,1,0.8164541971587285,0.4767277815553971,0.632908394317457
0,0,0.9339098374426734,0.2434059214937557,0.8678196748853468
0,0,0.9692976873455149,0.13717506465939738,0.9385953746910299
1,0,0.980710152618243,0.09526230981152367,0.961420305236486
1,0,0.98064975531026,0.09549949628246429,0.9612995106205199
0,1,0.8171300509394901,0.47571753984352144,0.6342601018789803
1,0,0.9817670539949239,0.09107999625385259,0.9635341079898478
1,0,0.9806848616202246,0.0953616536074238,0.9613697232404494
1,0,0.9868645064921074,0.06995754450172574,0.973729012984215
1,0,0.9840586213184405,0.08179240407012094,0.9681172426368809
1,0,0.6667535571193651,0.6364539234343799,0.33350711423873036
1,1,0.8029316540806901,0.49631133069432665,0.6058633081613802
0,0,0.9383581344763459,0.2314614765340754,0.8767162689526917
1,0,0.983075235375877,0.08581645772580031,0.9661504707517541
1,1,0.7748735153714504,0.5333202263314586,0.5497470307429009
1,0,0.6965762794363253,0.6137373641807109,0.3931525588726504
0,1,0.8022267511667859,0.49729995249579495,0.6044535023335718
0,0,0.963490111616815,0.1566891552842405,0.9269802232336299
1,0,0.9721520830930555,0.12717982335171427,0.944304166186111
0,1,0.7881318890283773,0.5164212832095881,0.5762637780567542
0,0,0.9606083633372619,0.1660058936187056,0.9212167266745237
0,0,0.9840881643388281,0.08167057723610754,0.9681763286776562
1,1,0.7868968897779699,0.5180391429432616,0.5737937795559396
1,0,0.9837387548433749,0.08310789928810947,0.9674775096867498
0,1,0.7946675940670163,0.5077064336977,0.5893351881340325
1,0,0.9382414661030635,0.23177902247020526,0.876482932206127
1,0,0.6825230128008601,0.6249530343770495,0.3650460256017202
0,1,0.7950922256708912,0.5071312295954653,0.5901844513417822
1,0,0.9818936249854517,0.09057502010597314,0.9637872499709035
0,1,0.7949464266665788,0.5073288529641866,0.5898928533331578
0,0,0.9395631940895048,0.2281677217329367,0.8791263881790097
1,1,0.7796537219499341,0.5273458846629568,0.5593074438998681
1,0,0.9615930226612677,0.1628479637489982,0.9231860453225353
0,1,0.8312133858585647,0.45395700818052065,0.6624267717171294
1,0,0.9381742136546776,0.23196196224765872,0.8763484273093549
0,1,0.7879906574739852,0.5166067595952147,0.5759813149479707
0,0,0.9589746055659185,0.17118932659233954,0.917949211131837
0,1,0.7560901466618735,0.5555449851503584,0.5121802933237469
1,1,0.7793109332790854,0.5277787075566357,0.5586218665581708
1,0,0.9692584837457804,0.13731037883962405,0.9385169674915607
0,0,0.9615947824556396,0.1628422965494584,0.9231895649112791
1,0,0.6711788244413868,0.633340665422324,0.3423576488827735
1,0,0.6696831799808987,0.6344027759627422,0.3393663599617973
1,0,0.9706454587335115,0.1324912812614849,0.941290917467023
0,1,0.7905804847755191,0.5131865553379299,0.5811609695510381
0,0,0.9383417553378369,0.23150607117645008,0.8766835106756738
0,1,0.8108300969121619,0.48501707452685006,0.6216601938243236
0,1,0.7977341517304742,0.5035275574181655,0.5954683034609485
0,1,0.7959699928764515,0.505938699607687,0.5919399857529029
1,0,0.9788065818817144,0.10264803682992951,0.9576131637634288
0,1,0.81280038232809,0.48213680717478413,0.6256007646561802
0,0,0.933727575606733,0.24388834757370847,0.8674551512134661
0,1,0.8000829941803028,0.5002873476466886,0.6001659883606058
1,0,0.9836466634780503,0.08348544649711435,0.9672933269561007
1,0,0.9382845402192945,0.23166181147057668,0.8765690804385889
0,0,0.9396054289510337,0.2280518213005778,0.8792108579020672
0,1,0.813054260434143,0.4817638235298821,0.626108520868286
0,0,0.9396440311275557,0.22794586214741627,0.8792880622551116
0,1,0.7947402385048231,0.5076081082619475,0.589480477009646
0,1,0.802533078658806,0.49687071542484995,0.6050661573176118
1,0,0.9621760143430648,0.16096590126665855,0.9243520286861295
0,0,0.9369031886020135,0.235404823483789,0.8738063772040272
0,1,0.8227180069553107,0.46724691906396887,0.6454360139106214
0,1,0.7790982311512944,0.5280469328325477,0.5581964623025888
0,1,0.8023088320567024,0.49718499584297204,0.6046176641134047
1,1,0.7948087802524612,0.5075153062234694,0.5896175605049222
0,0,0.6765825706182497,0.62941863413852,0.35316514123649956
0,0,0.9678210979656233,0.14223651971598858,0.9356421959312466
0,0,0.9619009995947335,0.16185488213849164,0.923801999189467
1,0,0.6832366188624978,0.6244056712590496,0.3664732377249956
1,0,0.6828120339537981,0.6247316274299985,0.3656240679075963
0,0,0.9643564730349486,0.15384282163910903,0.9287129460698973
1,1,0.7791616641340692,0.5279669690039703,0.5583233282681384
0,0,0.9382189434231983,0.23184029724174854,0.8764378868463966
1,1,0.7947767057195532,0.5075587370944534,0.5895534114391064
1,0,0.9857562090980158,0.07469840269358917,0.9715124181960315
1,0,0.9656141232467721,0.149671952328176,0.9312282464935442
1,0,0.9742125256532453,0.11977921774805161,0.9484250513064906
1,0,0.6667535571193651,0.6364539234343799,0.33350711423873036
1,0,0.9834720832590201,0.08419972875337217,0.9669441665180404
0,1,0.8565799869512251,0.4111235540039298,0.7131599739024501
0,1,0.7738050069478905,0.5346376739653393,0.5476100138957808
1,0,0.9909305005848017,0.05168063497595758,0.9818610011696034
0,0,0.9742136332769588,0.11977519512162987,0.9484272665539175
0,1,0.7949121580864549,0.5073752834063898,0.5898243161729098
1,0,0.6650072997848456,0.637658163520006,0.3300145995696912
1,1,0.7793152471263288,0.5277732649141347,0.5586304942526575
1,0,0.9381904776091204,0.23191772827074109,0.8763809552182409
1,0,0.9861231002997198,0.07313901783380991,0.9722462005994397
0,1,0.802198860705853,0.4973390042239216,0.6043977214117059
0,0,0.959510073182863,0.16949804831752702,0.919020146365726
0,0,0.9324639950088002,0.24721821184030063,0.8649279900176002
0,0,0.9612507507384059,0.16394861835034047,0.9225015014768118
1,0,0.9795806361684835,0.09966674597233646,0.9591612723369669
0,1,0.837623934086733,0.4435890188208061,0.6752478681734663
1,0,0.6978781671374323,0.6126514214098657,0.39575633427486456
1,1,0.8157747517291883,0.4777403195027922,0.6315495034583767
1,0,0.980787945823778,0.09495652363635974,0.9615758916475561
0,0,0.9628794101536414,0.15868269545200975,0.9257588203072827
0,1,0.8025652910481654,0.4968255438743969,0.6051305820963311
0,0,0.9383116257859979,0.23158809125648327,0.8766232515719957
0,0,0.9641457914405501,0.15453698264988336,0.9282915828811003
1,0,0.9593002110546778,0.17016177363657597,0.9186004221093556
0,1,0.79584282698537,0.5061117600446468,0.59168565397074
1,0,0.9839503423138771,0.08223844034969213,0.9679006846277544
0,0,0.9396262211006099,0.2279947521720952,0.8792524422012198
1,0,0.985782091251399,0.07458871386338817,0.971564182502798
1,0,0.9907443255925573,0.05255257421526454,0.9814886511851147
0,1,0.7895387719680372,0.5145671225598125,0.5790775439360745
1,1,0.8028675402602667,0.4964013796077111,0.6057350805205336
0,1,0.8157687994600072,0.47774917623701735,0.6315375989200145
1,0,0.98967013015258,0.057511889026707154,0.9793402603051599
1,1,0.7786036738361468,0.528669572079897,0.5572073476722935
0,1,0.8337549934648361,0.4498819325619412,0.667509986929672
1,0,0.9323672224994044,0.24747218177602848,0.8647344449988087
1,0,0.6955880042781335,0.6145563582488527,0.39117600855626694
0,0,0.9396608797692779,0.22789960605791842,0.8793217595385558
1,0,0.6803905962626428,0.6265746864839834,0.36078119252528545
1,0,0.9834720832590201,0.08419972875337217,0.9669441665180404
1,0,0.980796072950248,0.09492455937118115,0.961592145900496
1,0,0.9698891669264804,0.13512722406805694,0.9397783338529608
0,0,0.9821272022497624,0.0896407540552731,0.9642544044995246
0,1,0.6646150429984227,0.6379267845171093,0.32923008599684506
0,1,0.7872264140132167,0.5176083545932849,0.5744528280264333
0,1,0.8222571954162802,0.4679534782709593,0.6445143908325601
1,0,0.9593002110546778,0.17016177363657597,0.9186004221093556
1,0,0.7020893054510451,0.6090836308388234,0.40417861090209045
0,0,0.9638237470786619,0.15559558655424802,0.9276474941573238
1,0,0.9680823565704538,0.1413461656235458,0.9361647131409077
1,0,0.9821228548556998,0.08965817109458431,0.9642457097113997
0,1,0.8209747526915392,0.46991219982488786,0.6419495053830785
1,1,0.8287288888640485,0.45789600734709635,0.6574577777280968
1,0,0.9884741642255884,0.06290085396466648,0.976948328451177
0,1,0.8065333835091387,0.49121073086024986,0.6130667670182773
1,1,0.7792083009073586,0.5279081636166613,0.5584166018147171
0,0,0.9663146687468006,0.14732811101065077,0.9326293374936013
1,0,0.988583487768924,0.06241366624171988,0.9771669755378479
0,1,0.7707662824184309,0.5383487747817283,0.5415325648368617
0,0,0.9397708361585971,0.2275976098885676,0.8795416723171945
0,1,0.7505396936451536,0.5617414534570954,0.501079387290307
1,0,0.9827039415983468,0.08732050542728198,0.9654078831966937
1,0,0.9720109675219929,0.12768080509172225,0.9440219350439858
0,1,0.8085463657316999,0.4883238974701792,0.6170927314633999
0,0,0.9397121407184718,0.2277588439753127,0.8794242814369435
0,0,0.9653924004653701,0.15041068528166454,0.9307848009307403
1,0,0.9814227378135579,0.09244919201518464,0.9628454756271159
0,1,0.7785864759598358,0.5286911983722882,0.5571729519196715
0,1,0.7945493623481762,0.5078663931151173,0.5890987246963523
0,0,0.9383044572715983,0.23160760341295006,0.8766089145431967
0,1,0.8207732497835439,0.47021894371521666,0.6415464995670879
0,1,0.8092377493517408,0.48732635011215064,0.6184754987034814
1,1,0.7792130523565597,0.5279021716947605,0.5584261047131195
1,0,0.9402696737305527,0.22622486008608003,0.8805393474611053
1,0,0.9921563038180015,0.04583944652335586,0.9843126076360028
1,0,0.9858651715319201,0.0742362954136849,0.9717303430638401
1,0,0.9933038175313539,0.040196259997717046,0.9866076350627078
0,1,0.8287192569697283,0.4579111931014067,0.6574385139394565
0,1,0.7967238377198311,0.5049107436121015,0.5934476754396623
0,1,0.7791331268214926,0.5280029461283064,0.5582662536429852
1,0,0.9721520830930555,0.12717982335171427,0.944304166186111
1,0,0.6711788244413868,0.633340665422324,0.3423576488827735
0,0,0.9647345139114124,0.1525939971126254,0.9294690278228249
1,0,0.9382033064658356,0.23188283370117868,0.8764066129316713
1,0,0.9731254234391276,0.12370408554236123,0.9462508468782551
1,1,0.7581228306206336,0.5532340604782836,0.5162456612412671
1,0,0.9647328979739795,0.15259934412749987,0.9294657959479591
1,0,0.9372346318982593,0.23450968872054517,0.8744692637965183
0,1,0.7862923449575171,0.5188277836104149,0.5725846899150344
0,1,0.7790344367882089,0.528127328638485,0.5580688735764179
0,1,0.8226756141896852,0.467311980366388,0.6453512283793702
1,1,0.7792564192405869,0.5278474768451524,0.5585128384811736
0,1,0.796607392996899,0.5050697585706939,0.5932147859937981
1,0,0.9745460386211555,0.11856576203962871,0.949092077242311
1,1,0.8022744472123209,0.4972331579781221,0.604548894424642
0,1,0.7788386490895153,0.5283739192933353,0.5576772981790306
0,1,0.7948734503417915,0.5074277198018406,0.5897469006835829
1,1,0.768371258847446,0.5412368904846849,0.5367425176948919
1,1,0.7791365359894002,0.5279986484231882,0.5582730719788005
0,0,0.9350890136828617,0.24027171168487998,0.8701780273657234
1,0,0.9381802438500604,0.2319455621236003,0.8763604877001208
1,0,0.988583487768924,0.06241366624171988,0.9771669755378479
1,0,0.9840698008160059,0.08174630961859289,0.9681396016320117
1,0,0.9395191732817207,0.22828848970525747,0.8790383465634414
0,1,0.7871783082946112,0.5176712837853095,0.5743566165892222
0,0,0.9675313256039375,0.1432214842110361,0.935062651207875
1,0,0.987673332683224,0.06643828966842874,0.9753466653664479
1,0,0.9593002130649216,0.17016176728424304,0.9186004261298433
1,0,0.9736273298454764,0.12189773105734618,0.9472546596909526
0,0,0.9322449318297951,0.24779290922222513,0.8644898636595901
0,1,0.7733238860053845,0.5352287545142154,0.546647772010769
1,0,0.9808115438225207,0.0948637022109501,0.9616230876450413
1,1,0.817068268971027,0.47581001610186024,0.634136537942054
1,0,0.9731254234391276,0.12370408554236123,0.9462508468782551
0,0,0.9701594600589667,0.13418743162675845,0.9403189201179334
1,0,0.9923000815399667,0.04514220154556163,0.9846001630799336
0,1,0.8247231776342454,0.46415541458616927,0.6494463552684909
0,1,0.7945479485691941,0.5078683053430648,0.5890958971383881
0,0,0.9630746369195247,0.1580465505964681,0.9261492738390493
0,1,0.7874753409232673,0.5172825016637064,0.5749506818465346
0,1,0.7946352206501028,0.507750241229072,0.5892704413002058
1,0,0.9865664729155118,0.07124141473259475,0.9731329458310236
0,1,0.7856518414232121,0.5196609603564731,0.5713036828464243
1,0,0.9383008958611785,0.23161729697390432,0.8766017917223569
1,0,0.6832366188624978,0.6244056712590496,0.3664732377249956
1,1,0.7866972969161069,0.518299756552453,0.5733945938322137
1,0,0.9396252213487132,0.22799749640953315,0.8792504426974262
1,0,0.9834720832590201,0.08419972875337217,0.9669441665180404
0,0,0.9628778694205653,0.15868771167034917,0.9257557388411306
0,0,0.960292601074442,0.16701312837051857,0.9205852021488842
0,0,0.962648590508776,0.1594334441687017,0.9252971810175521
0,1,0.7948005394841879,0.5075264653277232,0.5896010789683759
1,0,0.9333713013822802,0.24482981535066137,0.8667426027645606
1,0,0.9617721422200916,0.1622707006757032,0.9235442844401831
1,0,0.9843640455987612,0.08053021872816563,0.9687280911975226
0,0,0.9334242651721968,0.24468998598661484,0.8668485303443936
0,1,0.8049313823069164,0.4934896058408652,0.6098627646138326
0,0,0.9821544380559819,0.0895316142656826,0.9643088761119638
0,1,0.8183594905550886,0.47387197392849345,0.6367189811101772
0,1,0.8334460389906545,0.4503797703709824,0.6668920779813088
1,0,0.9331071794961082,0.24552644917609906,0.8662143589922165
0,1,0.7944879895901162,0.5079493924883045,0.5889759791802326
1,1,0.7794980490107908,0.5275425301858099,0.5589960980215813
0,1,0.834514298763802,0.44865548796102767,0.669028597527604
0,1,0.7867143105950029,0.5182775506059715,0.5734286211900055
1,0,0.9902037475449628,0.05506317910634922,0.9804074950899254
0,1,0.7842083335175851,0.5215297736726463,0.5684166670351704
0,1,0.8217353824044974,0.4687518166031943,0.6434707648089947
0,0,0.9357968626270868,0.23837929478925746,0.8715937252541737
1,0,0.9827039415983468,0.08732050542728198,0.9654078831966937
1,0,0.9828121309931195,0.08688309371148177,0.965624261986239
1,0,0.6641687702541292,0.6382315567415089,0.3283375405082585
1,0,0.9864114268066748,0.07190666327770584,0.9728228536133496
0,1,0.8164307573805817,0.476762763745207,0.6328615147611633
1,0,0.9708696361310243,0.1317061094135571,0.9417392722620485
1,1,0.741635039809241,0.5713397600339175,0.48327007961848195
1,0,0.6765825818170034,0.6294186258726002,0.35316516363400685
1,1,0.7949429088574737,0.5073336195696887,0.5898858177149475
1,0,0.9809273470948657,0.09440776687981323,0.9618546941897315
0,0,0.9586096950369423,0.17233771783905158,0.9172193900738845
0,0,0.9369221544518175,0.23535365229058736,0.8738443089036348
1,0,0.6659786282301654,0.6369900154200507,0.3319572564603308
1,1,0.7794898429117547,0.5275528921893092,0.5589796858235095
1,0,0.9907443255925573,0.05255257421526454,0.9814886511851147
1,0,0.981352618563004,0.09272722496429407,0.9627052371260081
1,0,0.9381675134951277,0.23198018371596685,0.8763350269902555
0,1,0.7845568129905905,0.5210797503083786,0.5691136259811811
0,0,0.9602927515642049,0.16701264895491086,0.9205855031284096
1,1,0.8288901576014982,0.4576416521073564,0.6577803152029966
0,0,0.9325457379458667,0.24700356968861642,0.8650914758917335
1,0,0.9758677148185269,0.11371230051688076,0.9517354296370537
0,1,0.7877643444802641,0.5169037226925266,0.5755286889605282
1,0,0.9896477408343863,0.05761401203016795,0.9792954816687728
1,1,0.771783409646606,0.5371124317571889,0.5435668192932119
0,1,0.8170644290277753,0.4758157629485578,0.6341288580555506
1,0,0.9832219900195451,0.08521970484739778,0.9664439800390903
1,0,0.6667535571193651,0.6364539234343799,0.33350711423873036
1,1,0.8357377974711101,0.44667047922872405,0.6714755949422202
1,0,0.6832366188624978,0.6244056712590496,0.3664732377249956
1,0,0.9731254234391276,0.12370408554236123,0.9462508468782551
1,0,0.6765295215305099,0.6294577838051953,0.35305904306102004
1,0,0.6803905962626428,0.6265746864839834,0.36078119252528545
1,0,0.9680823565704538,0.1413461656235458,0.9361647131409077
0,0,0.9631766389763082,0.15771375178326355,0.9263532779526165
0,1,0.8333810599751106,0.45048438759877246,0.6667621199502212
1,0,0.93816676621012,0.23198221595244897,0.8763335324202399
0,1,0.8224322392084752,0.4676852561035558,0.6448644784169504
0,0,0.6706944271241566,0.6336857618878211,0.3413888542483132
0,0,0.9286273550599498,0.25717516834876136,0.8572547101198997
0,1,0.7944120130184341,0.5080521098312363,0.5888240260368681
1,0,0.9923000815399667,0.04514220154556163,0.9846001630799336
1,0,0.9367942548595645,0.23569861657285152,0.8735885097191287
1,0,0.9863427003167775,0.07220096968653383,0.9726854006335552
1,0,0.9720109645652756,0.12768081558083733,0.9440219291305513
0,1,0.7873356221834664,0.5174654433282305,0.5746712443669328
1,0,0.6828120339537981,0.6247316274299985,0.3656240679075963
0,1,0.7003809396505416,0.6105411871084689,0.40076187930108303
1,0,0.9381359756749356,0.23206594223431798,0.8762719513498711
0,1,0.8021735174229635,0.49737448518739447,0.604347034845927
1,0,0.9851266752325347,0.07735188077297031,0.9702533504650696
1,0,0.9672063188129754,0.14432303484807799,0.934412637625951
1,1,0.7789874638114367,0.528186510453386,0.5579749276228733
0,0,0.9593002652331081,0.17016160243371906,0.9186005304662161
1,0,0.6711788244413868,0.633340665422324,0.3423576488827735
0,0,0.9395719398991849,0.22814372415994416,0.8791438797983697
0,1,0.8679278079720867,0.39030695986413727,0.7358556159441733
1,0,0.9807856846213364,0.0949654163991929,0.961571369242673
0,1,0.8309540983443221,0.4543701381280777,0.661908196688644
1,0,0.9757968951286526,0.11397421115484532,0.9515937902573054
1,0,0.6650072997848456,0.637658163520006,0.3300145995696912
1,0,0.691568234618527,0.6178401354287126,0.38313646923705413
1,0,0.9762953970365942,0.11212606584165627,0.9525907940731884
0,1,0.7948981560221645,0.5073942527070163,0.5897963120443288
0,1,0.7864319260645001,0.5186458905740399,0.5728638521290004
0,1,0.7955209283967867,0.5065493880480816,0.5910418567935738
0,1,0.7966902964917502,0.5049565555332055,0.5933805929835003
1,0,0.9839978966189933,0.08204264049094379,0.9679957932379867
0,1,0.7893592416285752,0.5148043911847435,0.5787184832571504
1,0,0.9612490910121063,0.16395394790018405,0.9224981820242127
0,1,0.7871172738509303,0.5177511057265871,0.5742345477018608
1,0,0.9606082145080894,0.16600636898076468,0.9212164290161787
1,1,0.7797014110937999,0.527285615677104,0.5594028221875997
1,1,0.779522130744168,0.5275121194430258,0.559044261488336
1,0,0.9830554821657386,0.0858966817218476,0.9661109643314771
0,1,0.7882740577566387,0.5162344554082363,0.5765481155132774
1,0,0.6863579285809223,0.6219838156586974,0.37271585716184447
0,1,0.7940140067720569,0.508589621342511,0.5880280135441137
0,1,0.8323191895351871,0.4521897137769398,0.6646383790703743
0,0,0.9628795409027825,0.1586822697644198,0.925759081805565
1,0,0.9659805637875511,0.14844780072618297,0.9319611275751024
1,0,0.6591670006368264,0.6415864560567663,0.3183340012736528
1,1,0.8027725953824677,0.4965346835406014,0.6055451907649356
0,1,0.7801844143446615,0.52667445528389,0.5603688286893229
1,0,0.6936970401040259,0.6161105710080124,0.38739408020805166
1,0,0.6832366188624978,0.6244056712590496,0.3664732377249956
1,0,0.9755821421630227,0.11476713066191542,0.9511642843260455
1,0,0.9721520830930555,0.12717982335171427,0.944304166186111
0,1,0.8040570846698428,0.4947264088799237,0.6081141693396859
1,0,0.986413823121485,0.07189639522762795,0.9728276462429699
1,1,0.779249431301553,0.527856290859031,0.5584988626031058
1,0,0.6686605082149668,0.6351231890306157,0.3373210164299335
1,0,0.960608733338292,0.16600471182869644,0.9212174666765841
1,0,0.9867711375990329,0.07036048932955963,0.9735422751980658
1,1,0.7948656720761189,0.5074382557113164,0.5897313441522377
0,0,0.6765825660750182,0.6294186374919275,0.35316513215003636
1,0,0.9678210481691242,0.14223668921009705,0.9356420963382484
1,0,0.9786055338868093,0.10341761084549139,0.9572110677736185
0,1,0.8105773475980017,0.48538472098463215,0.6211546951960032
0,0,0.9653908942730302,0.15041569855070835,0.9307817885460604
1,0,0.6803905962626428,0.6265746864839834,0.36078119252528545
1,1,0.7868217362347665,0.5181373007623522,0.5736434724695327
1,0,0.9929446682933419,0.04198229756393481,0.9858893365866839
0,0,0.958609697109776,0.17233771132530193,0.9172193942195518
1,0,0.9823336572547408,0.08881238553426565,0.9646673145094815
1,1,0.7791937401522802,0.5279265249671714,0.5583874803045605
0,1,0.8383462727446429,0.44240199043230144,0.6766925454892856
1,0,0.9804701218838384,0.09620380147109986,0.9609402437676768
0,1,0.802978044344024,0.4962461586095366,0.6059560886880481
0,0,0.9382767373476737,0.23168304660659508,0.8765534746953475
1,0,0.9381666804523157,0.23198244916959695,0.8763333609046314
1,0,0.6845176386978387,0.6234171750800713,0.3690352773956772
0,0,0.9599382744568845,0.16814026524740672,0.9198765489137691
0,1,0.8462995489705328,0.4290745537709114,0.6925990979410659
1,1,0.7679786907859191,0.541707200668952,0.5359573815718381
1,0,0.9685086535469942,0.13988861944041298,0.9370173070939883
1,1,0.7788438228101131,0.5283674059599547,0.5576876456202261
1,0,0.9602909229775568,0.16701847424766217,0.9205818459551136
0,0,0.9582065189987911,0.1736026311836985,0.916413037997582
0,0,0.9606087467661608,0.16600466893977192,0.9212174935323216
1,0,0.6812421995246571,0.6259295745288185,0.36248439904931434
0,1,0.7804558273557419,0.5263304303591947,0.5609116547114839
0,1,0.8030437984767576,0.49615375958513735,0.606087596953515
1,0,0.6845176386978387,0.6234171750800713,0.3690352773956772
0,1,0.7879205303715635,0.5166988116574003,0.5758410607431269
1,0,0.9603133895630365,0.16694689680443975,0.9206267791260729
1,0,0.9383590945660898,0.2314588624029617,0.8767181891321797
1,0,0.974650837041074,0.11818353961169015,0.9493016740821482
0,0,0.9593020556723156,0.17015594463600808,0.9186041113446313
1,0,0.9799905455891896,0.09807590586772995,0.9599810911783794
1,0,0.9720109660420139,0.12768081034202794,0.944021932084028
0,1,0.8089296059377004,0.48777132991494476,0.6178592118754007
0,0,0.6765825660750182,0.6294186374919275,0.35316513215003636
0,1,0.773983913035733,0.5344175418946502,0.5479678260714659
1,0,0.6884456314423987,0.620338702245832,0.3768912628847976
1,0,0.7035143956254585,0.6078570889447418,0.40702879125091657
1,0,0.7020893054510451,0.6090836308388234,0.40417861090209045
0,0,0.938437798941648,0.2312445120101273,0.8768755978832962
1,1,0.7873427932865761,0.5174560566353851,0.574685586573152
1,1,0.7647269949676408,0.5455696882417073,0.5294539899352817
0,1,0.7868071369314519,0.5181563649626983,0.5736142738629039
0,0,0.9589746055659185,0.17118932659233954,0.917949211131837
1,0,0.9798609832653175,0.09857964954327801,0.959721966530635
0,1,0.7955464536931202,0.5065147091255876,0.5910929073862402
1,1,0.8222617785243328,0.4679464581807746,0.6445235570486656
1,0,0.946035674945811,0.21002651109241813,0.8920713498916221
1,0,0.9800684222820455,0.09777270649118902,0.960136844564091
1,0,0.9382432117071153,0.23177427304774062,0.8764864234142307
1,0,0.6812421995246571,0.6259295745288185,0.36248439904931434
0,1,0.8026815645364483,0.4966624386547934,0.6053631290728966
1,0,0.9804701218838384,0.09620380147109986,0.9609402437676768
1,0,0.9732455181273303,0.12327274966028884,0.9464910362546606
1,1,0.7873202135574107,0.5174856115767332,0.5746404271148211
1,0,0.6833313406622566,0.6243328391915336,0.36666268132451324
1,0,0.6875394517567389,0.6210552649049188,0.37507890351347817
1,0,0.9401823521820746,0.2264654789621523,0.8803647043641493
0,0,0.9882381941669461,0.06394886415510997,0.9764763883338922
1,0,0.6785136383234418,0.6279847627897788,0.35702727664688366
1,1,0.7946689226093485,0.5077046357842591,0.5893378452186967
0,1,0.8019687604408233,0.4976609995171828,0.6039375208816468
0,1,0.8028333348995521,0.49644941097370043,0.605666669799104
0,0,0.970159323951706,0.13418790549646728,0.940318647903412
1,0,0.6965762794363253,0.6137373641807109,0.3931525588726504
1,0,0.9699876885892618,0.1347849612545394,0.9399753771785234
0,0,0.9396386612953087,0.2279606033782826,0.8792773225906173
0,1,0.7894712841226027,0.5146563377418296,0.5789425682452052
1,1,0.7864546638858139,0.5186162491357171,0.572909327771628
0,1,0.9381337414362962,0.23207201698804872,0.8762674828725924
0,0,0.9325626379648108,0.246959180052013,0.8651252759296216
0,0,0.6765825660750182,0.6294186374919275,0.35316513215003636
1,1,0.7792938528629189,0.5278002563067183,0.5585877057258377
1,0,0.9923000815399667,0.04514220154556163,0.9846001630799336
0,1,0.8028131657528831,0.49647772914229227,0.6056263315057663
0,0,0.9619029060129187,0.16184872679173062,0.9238058120258374
1,0,0.9848839090606913,0.07836784763816111,0.9697678181213827
1,1,0.779204636804875,0.5279127842259079,0.5584092736097499
0,1,0.8254224630354341,0.46307075124215946,0.6508449260708682
1,1,0.7789923557217526,0.5281803476749837,0.5579847114435053
1,0,0.6841065760390109,0.6237351978670641,0.3682131520780218
0,1,0.8091207385288901,0.487495394001836,0.6182414770577805
1,1,0.8019352204083728,0.49770790656971486,0.6038704408167457
0,0,0.6765825660750182,0.6294186374919275,0.35316513215003636
1,0,0.9593027919375248,0.17015361801008627,0.9186055838750496
1,1,0.794609476579405,0.5077850733810649,0.5892189531588099
1,0,0.712337039957794,0.6000458499848424,0.424674079915588
1,1,0.780122577147206,0.5267527758725885,0.5602451542944119
1,0,0.9740546627624409,0.12035203981541774,0.9481093255248817
1,1,0.8287520212264439,0.4578595339310751,0.6575040424528877
0,1,0.7956361788741364,0.5063927758079209,0.5912723577482728
1,0,0.9827039415983468,0.08732050542728198,0.9654078831966937
1,1,0.7502464868563385,0.5620641890785342,0.5004929737126771
0,0,0.9369320769929792,0.23532687815345235,0.8738641539859581
0,1,0.7867839542397168,0.518186634993701,0.5735679084794336
1,0,0.6711788244413868,0.633340665422324,0.3423576488827735
0,0,0.9898207899047471,0.05682341369421987,0.9796415798094943
1,0,0.934109609317403,0.24287653005684667,0.8682192186348061
1,0,0.9718729658892855,0.1281700239325199,0.9437459317785711
0,1,0.8009296250300436,0.4991109858215127,0.601859250060087
1,0,0.6765295215305099,0.6294577838051953,0.35305904306102004
1,0,0.9748118277481671,0.11759550521688998,0.9496236554963342
1,1,0.7795688530750263,0.5274531082192917,0.5591377061500526
0,1,0.8296414321956357,0.45645431256633917,0.6592828643912714
0,0,0.9821791758794342,0.08943244775922288,0.9643583517588682
1,0,0.9634631750046178,0.15677730794174485,0.9269263500092355
1,0,0.6863579285809223,0.6219838156586974,0.37271585716184447
1,0,0.9814972477918101,0.09215345364268285,0.9629944955836202
0,1,0.7948611006315704,0.5074444477059565,0.589722201263141
0,0,0.9383277960969002,0.2315440736275517,0.8766555921938004
1,1,0.7226612300777235,0.5904222887521,0.4453224601554468
1,0,0.6997170659171926,0.6111038409328304,0.39943413183438536
1,0,0.9659805637875511,0.14844780072618297,0.9319611275751024
1,0,0.6765295215305099,0.6294577838051953,0.35305904306102004
1,0,0.9698891669264804,0.13512722406805694,0.9397783338529608
1,0,0.9382997766575436,0.2316203432129614,0.8765995533150872
1,0,0.9790341205335773,0.10177471001958363,0.9580682410671546
0,1,0.8876294237132724,0.3514430760432414,0.7752588474265447
1,0,0.9690026821818171,0.13819203378732442,0.938005364363634
0,1,0.8092818031604188,0.48726268321487776,0.6185636063208375
0,1,0.8182315203184495,0.47406454889400945,0.636463040636899
0,1,0.778721763789405,0.5285210278733061,0.55744352757881
1,0,0.6978781899706761,0.612651402293549,0.3957563799413521
0,0,0.9396636617979902,0.2278919678230312,0.8793273235959803
1,0,0.6819104756885226,0.625420999237088,0.36382095137704507
1,0,0.936839556651857,0.23557646250471664,0.8736791133037141
0,0,0.9353729335529315,0.23951365505082162,0.8707458671058627
0,1,0.8414225701340127,0.4373033868498861,0.6828451402680255
1,0,0.9612490910121063,0.16395394790018405,0.9224981820242127
0,1,0.8027216620183533,0.49660617122895434,0.6054433240367064
0,1,0.7947207901276383,0.5076344351295383,0.5894415802552767
1,0,0.9382157844372727,0.23184889081848437,0.8764315688745453
0,1,0.7236428628009736,0.5894797726252211,0.4472857256019471
0,0,0.9840075072948289,0.0820030521102538,0.9680150145896578
0,0,0.9575996203240029,0.1754990562747192,0.9151992406480058
1,0,0.9943054881885237,0.03510894159713078,0.9886109763770473
1,0,0.9384358405069968,0.23124984708294619,0.8768716810139936
0,1,0.7947714081851935,0.5075659096716885,0.589542816370387
0,1,0.7804805382285305,0.526299087167241,0.560961076457061
1,0,0.9650783556969782,0.15145449947076356,0.9301567113939565
1,0,0.9742533018180757,0.11963109618614383,0.9485066036361515
1,0,0.9725081714444481,0.12591237739928784,0.9450163428888961
0,1,0.7946817214699936,0.5076873145599835,0.5893634429399871
1,0,0.9383365514930803,0.23152023844762806,0.8766731029861606
1,0,0.9872888375769158,0.06811774735677173,0.9745776751538315
1,1,0.7750851280202086,0.5330585368022243,0.5501702560404171
1,0,0.9761374813103176,0.11271267405387474,0.9522749626206354
0,1,0.8513181362780461,0.4204158170553836,0.7026362725560923
0,1,0.8021974407112716,0.497340992343964,0.6043948814225433
0,1,0.8344471960404517,0.4487640415236314,0.6688943920809033
1,0,0.9653890890786465,0.15042170694030382,0.930778178157293
1,0,0.9874760605467403,0.06730145935587814,0.9749521210934805
1,0,0.6686605082149668,0.6351231890306157,0.3373210164299335
0,1,0.7721126521750212,0.5367109719306982,0.5442253043500422
0,1,0.7947184816415208,0.5076375599257077,0.5894369632830416
1,0,0.9763029248036547,0.11209807565697537,0.9526058496073092
1,0,0.6845176386978387,0.6234171750800713,0.3690352773956772
0,0,0.9756347480316045,0.11457307684218222,0.9512694960632091
1,1,0.7869637355824779,0.5179518075348459,0.5739274711649558
1,0,0.9736648840834738,0.12176218158992291,0.9473297681669479
1,0,0.9743129131532192,0.11941443556492437,0.9486258263064384
1,0,0.96840924017742,0.1402290522270369,0.93681848035484
1,0,0.9757968951286526,0.11397421115484532,0.9515937902573054
1,0,0.9647822402044488,0.15243603979137094,0.9295644804088976
1,0,0.9915985031058703,0.04851976049258431,0.9831970062117407
1,0,0.9593002095233358,0.17016177847558744,0.9186004190466717
0,1,0.7957053934544718,0.5062986818367459,0.5914107869089434
1,0,0.9871310967602764,0.06880332410689674,0.9742621935205529
0,1,0.8019798025346598,0.4976455551655081,0.6039596050693193
1,0,0.9790341205335773,0.10177471001958363,0.9580682410671546
1,0,0.9759813962039713,0.113291429997422,0.9519627924079426
1,0,0.9685086535469942,0.13988861944041298,0.9370173070939883
0,1,0.8227167083587266,0.46724891223753684,0.645433416717453
1,0,0.9710331047529016,0.13113244793317358,0.9420662095058032
1,0,0.9707432879744003,0.13214885616379812,0.9414865759488006
0,1,0.8130882966780366,0.48171378714027285,0.6261765933560737
1,0,0.9936741251166598,0.03833440518846567,0.9873482502333196
0,1,0.8652467493211492,0.395323573874769,0.7304934986422982
1,0,0.988450625376079,0.06300561453371382,0.9769012507521578
0,1,0.8166188244526862,0.47648198378955514,0.6332376489053724
1,0,0.9663146561286775,0.14732815336245839,0.932629312257355
0,0,0.9320187835897008,0.24838539680661667,0.8640375671794014
0,1,0.8928442637579912,0.340527084688686,0.7856885275159825
0,0,0.9652173394787213,0.15099291111243623,0.9304346789574426
1,0,0.9707432879744003,0.13214885616379812,0.9414865759488006
0,0,0.9398269229989732,0.22744348465525321,0.8796538459979463
1,0,0.6812421995246571,0.6259295745288185,0.36248439904931434
0,0,0.9368320667057772,0.23559666117064892,0.8736641334115545
0,1,0.8158264862422412,0.4776633307238006,0.6316529724844824
1,0,0.9678210979656233,0.14223651971598858,0.9356421959312466
1,0,0.9731254234391276,0.12370408554236123,0.9462508468782551
0,1,0.7810703190969963,0.5255499526989804,0.5621406381939928
0,1,0.7895004197274592,0.5146178254529012,0.5790008394549185
0,0,0.9619028906047689,0.16184877654118437,0.9238057812095377
0,1,0.7951886156547423,0.5070005060804201,0.5903772313094846
0,0,0.9398744297364257,0.2273128938200252,0.8797488594728512
0,1,0.7786466556333803,0.528615515059615,0.5572933112667604
0,0,0.9353871655834635,0.23947562094937272,0.870774331166927
0,0,0.9734844743553568,0.12241285702205287,0.9469689487107136
1,0,0.6696831799808987,0.6344027759627422,0.3393663599617973
0,1,0.7550579712783403,0.5567098633028852,0.5101159425566808
1,1,0.844999192679041,0.43128630488526065,0.6899983853580821
0,1,0.8038276798675048,0.49505012637179663,0.6076553597350098
1,0,0.9706454587335115,0.1324912812614849,0.941290917467023
1,1,0.794514332595665,0.507913769525128,0.5890286651913299
1,0,0.7020909258045006,0.6090822417572398,0.4041818516090015
1,0,0.6812421995246571,0.6259295745288185,0.36248439904931434
0,1,0.840331235561688,0.439120206891364,0.6806624711233759
0,0,0.9606087467661608,0.16600466893977192,0.9212174935323216
1,1,0.7794551155407197,0.5275967387903576,0.5589102310814394
0,1,0.7685424133426377,0.5410315704532667,0.5370848266852756
1,0,0.9756542952655889,0.11450094087302012,0.9513085905311778
0,0,0.9672077997291397,0.14431802313259112,0.9344155994582793
1,0,0.9606086401303547,0.16600500953688133,0.9212172802607097
0,1,0.7956863570481808,0.5063245638747637,0.5913727140963617
1,1,0.8029197866584673,0.4963280006427223,0.6058395733169349
1,0,0.6965762794363253,0.6137373641807109,0.3931525588726504
1,0,0.9593002406514585,0.17016168011129512,0.9186004813029169
1,0,0.9818317005523007,0.09082219019816057,0.9636634011046016
1,0,0.9756542952655889,0.11450094087302012,0.9513085905311778
1,0,0.9381152716332709,0.23212223192172218,0.8762305432665416
1,0,0.9763032012020784,0.11209704788954311,0.9526064024041568
1,0,0.9772545708486696,0.10853962156102469,0.9545091416973391
1,0,0.9612490910121063,0.16395394790018405,0.9224981820242127
1,1,0.7959168376790535,0.5060110507823528,0.5918336753581068
0,1,0.8114832268149871,0.4840651090174901,0.6229664536299739
1,0,0.9593002110546778,0.17016177363657597,0.9186004221093556
1,0,0.9382121622456906,0.23185874426916703,0.8764243244913812
0,1,0.7883278709381647,0.5161637064472868,0.5766557418763292
1,1,0.7868199257020616,0.5181396650783148,0.5736398514041232
1,0,0.981553149874093,0.09193137142004666,0.9631062997481862
0,1,0.8031176622860094,0.4960499320792815,0.606235324572019
1,0,0.9685086535469942,0.13988861944041298,0.9370173070939883
0,1,0.7906152671602037,0.5131403457912397,0.5812305343204075
0,1,0.8204015436610369,0.47078406057358146,0.6408030873220738
1,0,0.9908173077766034,0.05221122125138415,0.9816346155532067
1,0,0.6845176386978387,0.6234171750800713,0.3690352773956772
1,1,0.7957820522353383,0.5061944334290003,0.5915641044706765
1,0,0.9871310967602764,0.06880332410689674,0.9742621935205529
1,0,0.9621760143430648,0.16096590126665855,0.9243520286861295
1,0,0.9686121485750862,0.13953386507339025,0.9372242971501723
0,1,0.7956035265462048,0.5064371548855244,0.5912070530924098
1,0,0.9926474137203928,0.043446563322643426,0.9852948274407857
1,0,0.9759139482123169,0.1135412018836385,0.9518278964246338
0,0,0.9634659093718299,0.1567683604019346,0.9269318187436597
0,1,0.8078563042818075,0.4893164580604744,0.615712608563615
0,0,0.9621879037506985,0.16092742218185782,0.924375807501397
1,0,0.6765295215305099,0.6294577838051953,0.35305904306102004
1,0,0.9773062175384571,0.108345350183461,0.9546124350769143
1,1,0.7796517335947619,0.527348397235618,0.559303467189524
0,0,0.9692560569516777,0.13731875340647356,0.9385121139033555
1,0,0.9700781881916232,0.13447027317963414,0.9401563763832463
0,1,0.8228249681022519,0.4670827081837838,0.6456499362045041
1,0,0.9731254234391276,0.12370408554236123,0.9462508468782551
0,1,0.8154855894480155,0.47817030885914,0.6309711788960309
1,1,0.8128619676398237,0.4820463683797205,0.6257239352796473
1,0,0.9383943135711829,0.23136295712497448,0.8767886271423658
1,0,0.9387509744503383,0.2303905189614417,0.8775019489006765
0,1,0.789439184715658,0.5146987617573274,0.5788783694313159
1,0,0.9725081714444481,0.12591237739928784,0.9450163428888961
0,1,0.7950106871345081,0.5072417671413237,0.5900213742690159
0,0,0.9036218457843519,0.31705129159112083,0.8072436915687038
1,0,0.9834720832590201,0.08419972875337217,0.9669441665180404
1,0,0.6765295215305099,0.6294577838051953,0.35305904306102004
1,0,0.986413823121485,0.07189639522762795,0.9728276462429699
0,0,0.9593002092468179,0.170161779349379,0.9186004184936358
1,0,0.9353953962774103,0.2394536234687195,0.8707907925548206
1,1,0.7757970723900891,0.5321762281457384,0.5515941447801781
1,0,0.9740546627624409,0.12035203981541774,0.9481093255248817
1,0,0.9827299156851387,0.08721555469536679,0.9654598313702775
1,1,0.8030154482997559,0.4961936011735575,0.6060308965995117
1,0,0.6686605082149668,0.6351231890306157,0.3373210164299335
0,1,0.8091622080008439,0.4874354937829445,0.6183244160016881
0,1,0.8033579626498251,0.49571191235806894,0.6067159252996503
1,1,0.8089125488795914,0.48779594350235767,0.6178250977591833
1,1,0.823267530565289,0.46640243469371534,0.646535061130578
0,1,0.7948698758851402,0.5074325615637059,0.5897397517702805
1,1,0.7726597741850686,0.5360424793033916,0.5453195483701372
0,0,0.965077921917802,0.15145593922551107,0.9301558438356039
1,0,0.9593002192766664,0.1701617476552457,0.9186004385533328
1,0,0.6825230128008601,0.6249530343770495,0.3650460256017202
1,0,0.9698891669264804,0.13512722406805694,0.9397783338529608
1,0,0.9663146561286775,0.14732815336245839,0.932629312257355
1,0,0.6819104756885226,0.625420999237088,0.36382095137704507
1,0,0.9348856545252338,0.240813857290979,0.8697713090504673
0,1,0.7817647365634688,0.524665301920955,0.5635294731269375
1,1,0.794627758932547,0.5077603374738716,0.5892555178650939
1,1,0.7793413653772712,0.5277403100450255,0.5586827307545421
1,0,0.9381958457224215,0.2319031273147374,0.876391691444843
1,1,0.7880438187308969,0.5165369580670323,0.5760876374617937
1,0,0.9753414228511285,0.1156536236251978,0.950682845702257
1,0,0.9804701218838384,0.09620380147109986,0.9609402437676768
0,0,0.982801315614743,0.08692685158683247,0.9656026312294861
0,1,0.8029849228929602,0.4962364940148327,0.6059698457859204
0,1,0.7967820867398986,0.5048311683151627,0.593564173479797
1,0,0.9841946110707779,0.08123115887447366,0.9683892221415558
0,1,0.7750700286883435,0.5330772178099935,0.550140057376687
1,1,0.7793805121565781,0.5276909089189054,0.558761024313156
1,0,0.9896534076200528,0.05758816910237486,0.9793068152401057
0,0,0.9349426852452055,0.2406618847998216,0.869885370490411
1,0,0.9382572582679913,0.23173605338772993,0.8765145165359828
1,1,0.7788237177060384,0.5283927159345971,0.5576474354120765
0,0,0.9650783949369587,0.15145436922922453,0.9301567898739174
0,1,0.7871558633341087,0.5177006402924412,0.5743117266682172
0,0,0.9330985770360307,0.2455491197511489,0.8661971540720615
1,0,0.9593002130649216,0.17016176728424304,0.9186004261298433
1,0,0.9727626721064644,0.12500361572293786,0.9455253442129289
1,0,0.986413823121485,0.07189639522762795,0.9728276462429699
0,1,0.8028010337106422,0.4964947617048856,0.6056020674212843
0,1,0.7869696858521726,0.517944032094257,0.573939371704345
0,0,0.9589994735870895,0.17111094285194312,0.9179989471741791
1,0,0.993858076704884,0.03740148805789632,0.987716153409768
0,0,0.9586101183454315,0.17233638761639616,0.9172202366908631
1,0,0.6997170659171926,0.6111038409328304,0.39943413183438536
0,1,0.778161059825741,0.5292256123512394,0.5563221196514818
1,0,0.6936970401040259,0.6161105710080124,0.38739408020805166
1,1,0.7956925763430498,0.5063161083208876,0.5913851526860996
1,0,0.9382320011445997,0.23180477372124092,0.8764640022891992
0,1,0.8089976311324323,0.487673149827467,0.6179952622648647
1,1,0.7777495326314511,0.5297415812231946,0.5554990652629022
0,0,0.9821241047425281,0.08965316376183483,0.9642482094850563
1,0,0.9647822402044488,0.15243603979137094,0.9295644804088976
1,1,0.7950462164536937,0.507193606910292,0.5900924329073872
0,0,0.6765825660750182,0.6294186374919275,0.35316513215003636
0,1,0.8028168050738652,0.49647261960174216,0.6056336101477304
1,0,0.9747595677560301,0.11778650537299395,0.9495191355120601
1,1,0.8226126443071334,0.4674085991768104,0.6452252886142669
1,0,0.9593002369012623,0.17016169196184702,0.9186004738025246
1,0,0.9729769268254868,0.12423666838701045,0.9459538536509736
0,1,0.8025969081730933,0.49678120069731857,0.6051938163461864
1,1,0.7711303358079131,0.5379069327499268,0.5422606716158264
1,0,0.676852612597115,0.6292191466240225,0.35370522519423
1,1,0.7956835715730604,0.5063283508402742,0.5913671431461205
0,1,0.772429769856983,0.5363237140099082,0.5448595397139658
1,0,0.9367712274120573,0.2357606956709598,0.8735424548241146
0,1,0.8019731225750178,0.49765489838070043,0.6039462451500358
1,0,0.9852487997094949,0.07683927797687565,0.9704975994189896
1,1,0.7648353049064629,0.5454419828777051,0.5296706098129257
0,0,0.9721532863197856,0.12717554855628954,0.9443065726395711
1,0,0.9814227378135579,0.09244919201518464,0.9628454756271159
0,1,0.8086422965862069,0.48818567048511397,0.6172845931724137
0,1,0.8513180778054347,0.4204159190887332,0.7026361556108695
0,1,0.7888837162678152,0.5154319126317448,0.5777674325356301
0,1,0.8390061750825009,0.4413141994871537,0.6780123501650017
1,0,0.691568234618527,0.6178401354287126,0.38313646923705413
1,0,0.9606082149386738,0.16600636760547435,0.9212164298773474
1,0,0.9593002091919426,0.17016177952278405,0.9186004183838852
1,0,0.9723600868634743,0.12644003609471627,0.9447201737269486
0,0,0.9383551424773416,0.23146962304288163,0.8767102849546834
1,0,0.9707432879744003,0.13214885616379812,0.9414865759488006
1,0,0.9729769268254868,0.12423666838701045,0.9459538536509736
1,0,0.980912533540651,0.09446613001808662,0.9618250670813021
1,1,0.778286655994748,0.5290679457372731,0.556573311989496
1,0,0.6803905962626428,0.6265746864839834,0.36078119252528545
0,1,0.808903917695186,0.48780839771204654,0.6178078353903722
0,1,0.7792146425326604,0.5279001663381093,0.5584292850653209
0,1,0.7828790463625679,0.5232398212398792,0.5657580927251357
1,0,0.676582574330882,0.6294186313981864,0.353165148661764
0,0,0.9612508812135917,0.1639481993781214,0.9225017624271835
0,1,0.822355043376325,0.467803570259946,0.6447100867526502
0,0,0.9653922792254148,0.1504110888239507,0.9307845584508295
0,0,0.9806915945695964,0.09533520968112795,0.9613831891391929
0,0,0.9615947863015546,0.16284228416407406,0.9231895726031092
0,1,0.8452776548747044,0.4308137631999577,0.6905553097494087
0,1,0.7199802080362228,0.5929720092259072,0.43996041607244585
1,0,0.9821230840661433,0.08965725283174068,0.9642461681322868
0,0,0.9631766389763082,0.15771375178326355,0.9263532779526165
0,1,0.8290010243689049,0.4574666851850272,0.65800204873781
1,1,0.8038167938073162,0.49506547960236885,0.6076335876146324
1,0,0.9730455450023453,0.12399067392027616,0.9460910900046906
0,1,0.8027796237527521,0.49652481756228206,0.6055592475055042
1,0,0.9799905455891896,0.09807590586772995,0.9599810911783794
1,1,0.7872486326040116,0.5175792848200037,0.5744972652080231
1,0,0.9787771713260084,0.10276073616256043,0.9575543426520167
0,1,0.8028291813456359,0.49645524291492515,0.6056583626912718
0,1,0.7924191625437202,0.5107337724611855,0.5848383250874406
1,0,0.6865081043137884,0.621866153624575,0.37301620862757673
1,0,0.9381883537171121,0.2319235049962896,0.8763767074342241
0,0,0.6977709269326517,0.6127411771600115,0.39554185386530355
1,0,0.9381901998859187,0.23191848364817966,0.8763803997718371
1,0,0.9869634622642081,0.06952975462996544,0.9739269245284161
0,1,0.9379899791924535,0.23246271675995195,0.8759799583849072
1,0,0.6649747940560452,0.6376804499781814,0.3299495881120903
0,0,0.6765825660750182,0.6294186374919275,0.35316513215003636
1,0,0.6618071948907858,0.6398294926036148,0.3236143897815716
0,1,0.7793442088063302,0.5277367220909114,0.5586884176126602
0,0,0.9755941236425041,0.114722943311351,0.9511882472850083
1,0,0.6863579285809223,0.6219838156586974,0.37271585716184447
1,1,0.7792458726961917,0.5278607792832399,0.5584917453923834
0,1,0.787103269841339,0.5177694172859529,0.5742065396826782
0,1,0.810062045440806,0.48613298563329566,0.6201240908816119
1,1,0.7769477412191432,0.5307440468247616,0.5538954824382861
0,1,0.7894798819173495,0.5146449734581856,0.5789597638346989
1,1,0.7790388920037493,0.5281217147936871,0.5580777840074984
1,0,0.9390072493024714,0.22969041866254206,0.8780144986049429
0,0,0.9625436167940707,0.15977438403028627,0.9250872335881414
1,0,0.96840924017742,0.1402290522270369,0.93681848035484
1,0,0.6706942237560604,0.6336859065490512,0.3413884475121208
0,1,0.8088951791610192,0.48782100632914316,0.6177903583220381
1,1,0.786844619272904,0.5181074168602542,0.5736892385458079
1,0,0.9846906335463202,0.07917386449293641,0.9693812670926406
1,0,0.981341101811154,0.09277286483269605,0.962682203622308
1,0,0.9603128912138621,0.16694848466415363,0.9206257824277241
0,1,0.7680108631530117,0.5416686896040155,0.5360217263060234
1,1,0.7795064292922447,0.5275319478343814,0.5590128585844896
1,0,0.9593002110546778,0.17016177363657597,0.9186004221093556
0,1,0.8226402199088313,0.46736629147185466,0.6452804398176624
1,0,0.9923000815399667,0.04514220154556163,0.9846001630799336
1,1,0.8227474403454805,0.4672017396117968,0.6454948806909613
1,1,0.787568551327182,0.5171603911374253,0.575137102654364
1,0,0.9615917017948239,0.16285221738048747,0.9231834035896478
0,1,0.7871721790798126,0.5176793006867751,0.5743443581596254
1,0,0.6921927403620376,0.6173349567225546,0.38438548072407513
1,0,0.9381524482266921,0.23202115175165533,0.8763048964533839
0,0,0.6765825660750182,0.6294186374919275,0.35316513215003636
1,1,0.7718269147333383,0.5370594194027846,0.5436538294666765
0,1,0.7786666310021819,0.5285903889413506,0.5573332620043641
0,1,0.7781267638721424,0.5292686497454454,0.5562535277442847
1,1,0.8548035735349863,0.41428550761926464,0.7096071470699726
0,1,0.8214991911954949,0.46911256169969817,0.6429983823909897
1,0,0.9865645326562887,0.0712497508698985,0.9731290653125775
1,0,0.9762953970365942,0.11212606584165627,0.9525907940731884
1,0,0.9878957000369972,0.06546148012035594,0.9757914000739945
1,1,0.7683946007784305,0.5412088987764532,0.5367892015568608
1,0,0.6765295215305099,0.6294577838051953,0.35305904306102004
1,0,0.9804701218838384,0.09620380147109986,0.9609402437676768
1,1,0.7795307002005336,0.527501297002147,0.5590614004010672
1,0,0.9920514752414018,0.046346131766758975,0.9841029504828037
0,1,0.7021103157074197,0.6090656183872031,0.40422063141483905
0,0,0.9612508753559882,0.16394821818763253,0.9225017507119764
1,0,0.6863579285809223,0.6219838156586974,0.37271585716184447
1,0,0.9752718870381039,0.11590925246698297,0.9505437740762076
0,0,0.9367693046829653,0.23576587870141552,0.8735386093659306
0,1,0.809106539138412,0.48751590162903996,0.6182130782768238
1,0,0.9823336572547408,0.08881238553426565,0.9646673145094815
1,1,0.7717637505958981,0.5371363834208214,0.5435275011917962
0,1,0.8581979896043935,0.4082212193532192,0.7163959792087872
1,0,0.9631757059269748,0.15771679734139388,0.9263514118539496
0,1,0.7796320573106126,0.5273732598092101,0.5592641146212248
0,0,0.9668874110372742,0.14540067666767661,0.9337748220745482
0,1,0.7496330862895811,0.5627378816451529,0.4992661725791624
1,0,0.9807817886120737,0.09498073782579157,0.9615635772241474
1,0,0.6819104756885226,0.625420999237088,0.36382095137704507
0,1,0.7790311554303497,0.5281314632768797,0.5580623108606995
1,0,0.9358732787019647,0.2381745010440465,0.8717465574039294
0,1,0.6848017628174131,0.6231969022922274,0.3696035256348263
1,0,0.9834720832590201,0.08419972875337217,0.9669441665180404
1,0,0.9807020011441012,0.09529433273605149,0.9614040022882026
0,1,0.8328758445640841,0.4512967557212706,0.6657516891281682
1,0,0.980705173017733,0.09528187250296657,0.9614103460354659
1,1,0.8030355758224759,0.49616531571896905,0.6060711516449517
0,1,0.8587976440671536,0.40714012048008486,0.7175952881343073
0,0,0.965993640222084,0.14840404160596876,0.9319872804441681
0,0,0.9606087350250154,0.1660047064412632,0.9212174700500309
0,1,0.7968491374154906,0.5047395429352058,0.5936982748309813
0,1,0.8097261312474453,0.4866198335512808,0.6194522624948904
1,0,0.9680672290240502,0.141397779502839,0.9361344580481004
1,0,0.6965762794363253,0.6137373641807109,0.3931525588726504
1,0,0.6949636008561103,0.615071429661706,0.38992720171222073
0,1,0.7978950454689817,0.5033067000060357,0.5957900909379632
0,1,0.7968536535479145,0.5047333705994905,0.5937073070958291
1,0,0.9721520830930555,0.12717982335171427,0.944304166186111
1,0,0.6807401361810804,0.6263103045393789,0.3614802723621609
1,0,0.9384770471877077,0.23113757983948063,0.8769540943754155
1,1,0.7722958571718286,0.5364873153173824,0.544591714343657
1,0,0.9381512812960957,0.2320243249042119,0.8763025625921915
0,1,0.8683806974360423,0.38945338222967363,0.7367613948720847
1,1,0.7759006826083193,0.5320475818356263,0.5518013652166387
0,0,0.9663673111665692,0.14715137797926853,0.9327346223331383
0,0,0.9325056897282706,0.24710874232171798,0.8650113794565412
0,0,0.9399139877905502,0.2272041225755821,0.8798279755811005
0,1,0.7830196727665706,0.5230594063748029,0.5660393455331412
1,0,0.9794814994923289,0.10005022316170784,0.9589629989846579
0,1,0.7905281783582578,0.5132560323838751,0.5810563567165157
0,1,0.8233417130085537,0.46628827540208756,0.6466834260171077
0,0,0.9349318852901849,0.24069066806025965,0.8698637705803697
1,1,0.788404984339766,0.5160622941000637,0.5768099686795318
1,1,0.7872226525050863,0.5176132756842744,0.5744453050101725
1,0,0.9734880516559778,0.12239996721826646,0.9469761033119557
1,0,0.9878201229239923,0.06579393346222533,0.9756402458479847
0,1,0.8029396396144836,0.49630011306181687,0.605879279228967
0,1,0.7784534421633703,0.5288584301245991,0.5569068843267404
1,0,0.9593002110546778,0.17016177363657597,0.9186004221093556
1,0,0.6965762794363253,0.6137373641807109,0.3931525588726504
1,0,0.9381816518331372,0.23194173278804933,0.8763633036662742
0,0,0.9626486059222393,0.159433394085458,0.9252972118444787
1,0,0.9619007149111112,0.16185580130208407,0.9238014298222224
0,1,0.8034873449553533,0.49552976471861154,0.6069746899107067
0,1,0.811572205376854,0.48393520320111727,0.6231444107537081
0,1,0.8164178941991916,0.47678195956406755,0.6328357883983831
0,1,0.7790899869861374,0.5280573237376531,0.5581799739722749
0,0,0.9676966335366524,0.142659915401399,0.9353932670733046
1,0,0.9835444773126812,0.0839037624285294,0.9670889546253624
0,1,0.7856497791156011,0.5196636391002423,0.5712995582312022
0,0,0.9382756757700602,0.23168593555724726,0.8765513515401203
1,0,0.9773944843686289,0.1080130519188883,0.9547889687372576
0,1,0.7798598688046675,0.527085263565243,0.559719737609335
1,1,0.8090881195248723,0.48754250241520203,0.6181762390497444
0,1,0.7713337754341095,0.5376596963985169,0.5426675508682189
1,0,0.6845176386978387,0.6234171750800713,0.3690352773956772
1,0,0.9395587309990939,0.22817996745995772,0.879117461998188
0,0,0.9398880115429437,0.22727555157679244,0.8797760230858874
1,1,0.8285148562245107,0.458233299586208,0.6570297124490213
1,0,0.9369356066084649,0.23531735373889726,0.8738712132169298
1,0,0.93825380292217,0.23174545544564895,0.87650760584434
1,0,0.9593002110546778,0.17016177363657597,0.9186004221093556
0,0,0.9391519072274618,0.22929473121029637,0.8783038144549236
1,1,0.7794343261144393,0.5276229840566161,0.5588686522288786
0,1,0.795776098403806,0.5062025313497702,0.5915521968076121
1,0,0.9736648840834738,0.12176218158992291,0.9473297681669479
0,0,0.7158648850064403,0.5968164925508408,0.43172977001288076
1,0,0.6862585351639532,0.6220616323525622,0.3725170703279065
1,0,0.9845482992886433,0.07976585489593191,0.9690965985772865
0,0,0.9606087467661608,0.16600466893977192,0.9212174935323216
0,0,0.9612508734051596,0.1639482244519913,0.9225017468103192
0,1,0.7946539755226001,0.507724863020414,0.5893079510452002
0,1,0.8092681627055062,0.4872823978472258,0.6185363254110121
1,0,0.9593002873134452,0.1701615326602327,0.9186005746268904
1,0,0.9941229578818471,0.03604835052433071,0.9882459157636941
0,1,0.779195895214115,0.5279238074766164,0.5583917904282301
1,0,0.9641441908833803,0.15454225129741628,0.9282883817667605
1,0,0.9382114007914466,0.23186081562497046,0.8764228015828932
0,0,0.9384709954634772,0.2311540695514715,0.8769419909269545
0,1,0.8020155903958157,0.49759549413646476,0.6040311807916315
1,0,0.712337039957794,0.6000458499848424,0.424674079915588
1,0,0.9656688294733753,0.14948945549639003,0.9313376589467505
0,1,0.7887613163511958,0.5155932164348116,0.5775226327023918
1,0,0.9397368330702366,0.22769102246057485,0.8794736661404734
1,0,0.9880220026615453,0.06490482456836996,0.9760440053230903
0,0,0.6765825660750182,0.6294186374919275,0.35316513215003636
0,1,0.7795072950910008,0.5275308545081121,0.5590145901820014
0,0,0.9806260788158465,0.09559242384030517,0.9612521576316929
1,0,0.9695884891525817,0.1361697236597376,0.9391769783051634
1,0,0.9789254361519173,0.10219216968464999,0.9578508723038346
0,1,0.761790948289808,0.5490067311841134,0.5235818965796157
0,1,0.8163666186431114,0.4768584674775071,0.632733237286223
0,1,0.7958138160848456,0.5061512271202533,0.5916276321696914
1,1,0.7794711580122732,0.5275764845197292,0.5589423160245464
0,0,0.9589745917253872,0.17118937021317066,0.9179491834507744
0,0,0.9687229717584931,0.13915360102814114,0.9374459435169863
0,1,0.8449051960285386,0.4314456805838872,0.6898103920570775
1,1,0.8112598480362506,0.484391006783808,0.6225196960725011
1,0,0.9772795633530025,0.10844562611787788,0.954559126706005
1,0,0.9817670539949239,0.09107999625385259,0.9635341079898478
0,1,0.8363701768357955,0.44564023421218485,0.6727403536715908
0,1,0.7984748506229041,0.5025094743184825,0.5969497012458083
1,0,0.6812421995246571,0.6259295745288185,0.36248439904931434
1,1,0.8097850438768791,0.4865345031535137,0.6195700877537583
1,0,0.9821230840661433,0.08965725283174068,0.9642461681322868
1,0,0.9914348981755223,0.04929870840750858,0.9828697963510445
0,1,0.7862149154292865,0.5189286347428927,0.5724298308585729
0,0,0.9806914586965655,0.0953357433515237,0.9613829173931311
1,0,0.9772545708486696,0.10853962156102469,0.9545091416973391
1,1,0.8021745301528433,0.4973730674285186,0.6043490603056867
0,0,0.9653922809681954,0.15041108302317896,0.9307845619363908
1,0,0.960608733338292,0.16600471182869644,0.9212174666765841
1,1,0.7789612335884023,0.5282195526483808,0.5579224671768047
1,0,0.9698891669264804,0.13512722406805694,0.9397783338529608
0,1,0.7863344383148692,0.5187729424929168,0.5726688766297384
1,0,0.6811369076866921,0.6260095167147972,0.3622738153733844
0,1,0.8359752396239075,0.4462839908087133,0.6719504792478153
0,1,0.7869162364815058,0.5180138688203759,0.5738324729630117
0,0,0.9396510869468137,0.22792649178229019,0.8793021738936272
1,0,0.6841065760390109,0.6237351978670641,0.3682131520780218
0,1,0.8227604027389409,0.4671818408068002,0.645520805477882
1,1,0.7784870025175333,0.5288162523533008,0.5569740050350666
1,0,0.9808150698756659,0.09484983013551312,0.9616301397513318
0,1,0.8018316985836339,0.4978526412454967,0.6036633971672679
0,1,0.7906212098429397,0.5131324500100236,0.5812424196858794
1,0,0.9806259875760304,0.09559278188915064,0.9612519751520607
0,0,0.9606084900467927,0.1660054889065706,0.9212169800935854
0,0,0.9619030232704947,0.1618483481931537,0.9238060465409893
0,0,0.962707986559459,0.15924039844173982,0.925415973118918
0,0,0.9366698244515254,0.23603395880949396,0.8733396489030505
1,0,0.9678927092155303,0.14199269151937796,0.9357854184310607
1,0,0.9368005894128494,0.23568153784455897,0.8736011788256989
1,0,0.9809273470948657,0.09440776687981323,0.9618546941897315
1,0,0.6803905962626428,0.6265746864839834,0.36078119252528545
1,1,0.7787703034996083,0.5284599467752829,0.5575406069992165
0,1,0.8030804268031333,0.49610227687261504,0.6061608536062666
0,1,0.7946703180244891,0.5077027473603448,0.5893406360489779
0,0,0.9644335038904785,0.15358869571104616,0.928867007780957
1,0,0.9805320519641223,0.09596117765805313,0.9610641039282445
0,1,0.8098171435870148,0.4864879997174383,0.6196342871740297
0,1,0.6848017628174131,0.6231969022922274,0.3696035256348263
1,0,0.98064975531026,0.09549949628246429,0.9612995106205199
1,0,0.96840924017742,0.1402290522270369,0.93681848035484
1,1,0.7793126791123088,0.5277765049079701,0.5586253582246177
1,1,0.7792123846369475,0.527903013745523,0.5584247692738951
0,0,0.9893105192471955,0.059146299906715834,0.978621038494391
0,0,0.6765825660750182,0.6294186374919275,0.35316513215003636
1,0,0.9593002110546778,0.17016177363657597,0.9186004221093556
1,0,0.9756542952655889,0.11450094087302012,0.9513085905311778
1,0,0.6883316814750723,0.620429018633613,0.37666336295014446
0,1,0.8021565172567415,0.497398283398479,0.604313034513483
0,1,0.7803798997915877,0.5264267143419382,0.5607597995831755
1,0,0.9743129131532192,0.11941443556492437,0.9486258263064384
0,1,0.7904314414583427,0.5133844815758875,0.5808628829166851
0,1,0.8021419580631608,0.49741866309051685,0.6042839161263215
1,0,0.975928471286362,0.11348743673025151,0.9518569425727239
1,0,0.9807452595383713,0.09512435272872721,0.9614905190767428
1,0,0.9731254234391276,0.12370408554236123,0.9462508468782551
0,1,0.8011487031962419,0.4988058533383336,0.6022974063924839
0,1,0.7870383135593766,0.5178543384296825,0.5740766271187534
0,1,0.8008355815034706,0.4992418774636913,0.6016711630069409
0,0,0.9625471274443669,0.159762986876374,0.9250942548887339
1,1,0.795768933494131,0.5062122761920289,0.591537866988262
0,1,0.8020553489760359,0.49753986930001176,0.604110697952072
0,1,0.7814935449942427,0.5250111215147122,0.5629870899884855
1,0,0.9790341205335773,0.10177471001958363,0.9580682410671546
1,0,0.9630730393965806,0.15805176045393468,0.9261460787931614
1,0,0.9918308702896081,0.04740788729229661,0.9836617405792164
1,1,0.785869406264583,0.5193782221684877,0.5717388125291663
1,0,0.7100729685474367,0.6020863347891277,0.42014593709487347
1,1,0.7872435958008569,0.5175858749978922,0.5744871916017138
0,1,0.7941265174918694,0.5084377727202579,0.5882530349837387
1,0,0.9718729658892855,0.1281700239325199,0.9437459317785711
0,0,0.9593002265418498,0.170161724697401,0.9186004530836995
0,0,0.9604543521289021,0.16649749443452042,0.9209087042578042
0,1,0.8165664561231567,0.47656019225959434,0.6331329122463132
0,0,0.9339157918720299,0.24339015173405698,0.8678315837440597
0,0,0.983423997830308,0.0843961366040936,0.966847995660616
0,1,0.7966872772137311,0.5049606790404434,0.5933745544274619
0,1,0.7882337404941058,0.5162874497214388,0.5764674809882114
0,1,0.7871682671109463,0.5176844173536594,0.5743365342218928
0,0,0.9630729617936988,0.15805201353138532,0.9261459235873976
1,0,0.6863579285809223,0.6219838156586974,0.37271585716184447
0,1,0.83851449364299,0.4421249986610544,0.67702898728598
1,0,0.9806930982526452,0.09532930357917321,0.9613861965052904
0,1,0.778963310189341,0.5282169369011793,0.5579266203786817
1,0,0.6845176386978387,0.6234171750800713,0.3690352773956772
0,1,0.8503352218764866,0.422127170633384,0.7006704437529733
1,0,0.9685086535469942,0.13988861944041298,0.9370173070939883
1,0,0.9835444773126812,0.0839037624285294,0.9670889546253624
1,0,0.9382395122101584,0.2317843385405749,0.8764790244203169
1,0,0.9382865505202678,0.2316563403638139,0.8765731010405355
1,0,0.9763032012020784,0.11209704788954311,0.9526064024041568
1,0,0.9923000815399667,0.04514220154556163,0.9846001630799336
1,0,0.9800516642145581,0.09783797729171054,0.9601033284291163
0,1,0.809150510678948,0.4874523910055978,0.6183010213578963
0,1,0.7971179109057153,0.5043719825718946,0.5942358218114305
0,1,0.8091214656467309,0.48749434381869305,0.6182429312934619
1,0,0.960608733338292,0.16600471182869644,0.9212174666765841
0,1,0.799073815319861,0.5016837105519211,0.5981476306397221
1,0,0.9896534076200528,0.05758816910237486,0.9793068152401057
1,0,0.9814288468568498,0.09242495602024434,0.9628576937136996
1,0,0.9322835671315991,0.2476916073757324,0.8645671342631982
1,0,0.985968882346533,0.07379566881954377,0.971937764693066
1,0,0.6696831799808987,0.6344027759627422,0.3393663599617973
0,1,0.8285061455346657,0.4582470198589069,0.6570122910693315
0,1,0.8340561327731544,0.44939602508421334,0.6681122655463089
1,0,0.9883999906372827,0.06323080204735275,0.9767999812745654
1,0,0.96840924017742,0.1402290522270369,0.93681848035484
1,0,0.6832366188624978,0.6244056712590496,0.3664732377249956
0,1,0.802089532586464,0.49749203624815586,0.604179065172928
0,1,0.7872285924095725,0.5176055046108854,0.5744571848191452
1,0,0.938146974069875,0.23203603703931755,0.87629394813975
0,1,0.7968737486668815,0.5047059044608153,0.5937474973337631
1,0,0.9877832078330339,0.06595614512291316,0.9755664156660679
1,0,0.6884456314423987,0.620338702245832,0.3768912628847976
1,0,0.9593002110546778,0.17016177363657597,0.9186004221093556
1,1,0.7947762316564404,0.5075593789574776,0.5895524633128807
0,0,0.6765825660750182,0.6294186374919275,0.35316513215003636
1,0,0.9784564175070284,0.10398715240101482,0.9569128350140568
1,0,0.9381960735820761,0.23190250753873318,0.876392147164152
0,0,0.938326716380918,0.23154701289161472,0.8766534327618358
1,0,0.6803905962626428,0.6265746864839834,0.36078119252528545
1,1,0.7873912937088698,0.5173925634204088,0.5747825874177396
0,1,0.8349169744477207,0.44800338531663814,0.6698339488954413
0,1,0.7864788761282259,0.5185846822308032,0.5729577522564515
1,1,0.7791919269863113,0.5279288113128594,0.5583838539726228
0,1,0.8343614808118457,0.4489026575402012,0.6687229616236914
0,1,0.7902917564560096,0.5135698584408521,0.5805835129120189
1,0,0.6667535571193651,0.6364539234343799,0.33350711423873036
1,0,0.9937049726354867,0.038178340845573415,0.9874099452709735
0,0,0.9386851825630762,0.23057006701956112,0.8773703651261524
1,0,0.6944490242563006,0.6154945222900228,0.38889804851260124
0,0,0.9382664412022493,0.23171106545729067,0.8765328824044986
0,1,0.7969603431261765,0.5045875180528268,0.593920686252353
0,1,0.7911344499393421,0.5124497251453521,0.5822688998786842
0,1,0.7666953566844045,0.543238649848218,0.533390713368809
0,1,0.8400284426082746,0.4396227120599805,0.680056885216549
1,0,0.9631766389763082,0.15771375178326355,0.9263532779526165
1,0,0.9593002086240782,0.17016178131722512,0.9186004172481562
0,1,0.7992391343280153,0.5014553999316248,0.5984782686560305
1,0,0.9381961724617786,0.2319022385866425,0.8763923449235571
1,0,0.9721520830930555,0.12717982335171427,0.944304166186111
1,0,0.6819104756885226,0.625420999237088,0.36382095137704507
0,1,0.791879261743856,0.5114561217109549,0.5837585234877121
0,0,0.9821465487176536,0.0895632329088161,0.9642930974353071
0,0,0.9602925951241734,0.16701314732629208,0.9205851902483467
0,0,0.9617739424795326,0.1622648944113797,0.9235478849590653
1,1,0.7788590586038544,0.5283482243145262,0.5577181172077086
1,1,0.8091487020364007,0.48745500357888005,0.6182974040728011
1,0,0.9815610355391264,0.09190003015727116,0.963122071078253
1,0,0.6978781899706761,0.612651402293549,0.3957563799413521
0,0,0.9397341174091579,0.227698481987267,0.8794682348183158
1,0,0.9701609006341751,0.134182416094959,0.9403218012683503
1,0,0.6785136383234418,0.6279847627897788,0.35702727664688366
1,0,0.9902416160186561,0.054888307598053764,0.9804832320373122
1,0,0.9735946848276409,0.12201551640141879,0.9471893696552818
1,1,0.7871550031155039,0.5177017653410114,0.5743100062310077
1,0,0.9331085062496478,0.24552295259800608,0.8662170124992956
1,1,0.8158213787104304,0.47767093229594926,0.631642757420861
1,0,0.9593002232102414,0.17016173522522188,0.9186004464204829
1,0,0.6825230128008601,0.6249530343770495,0.3650460256017202
0,1,0.8428884557282733,0.43484896976862086,0.6857769114565468
1,1,0.779506421607386,0.5275319575387625,0.5590128432147721
1,0,0.9856375781295488,0.0752005527565479,0.9712751562590974
1,1,0.7803329923854107,0.5264861809610897,0.5606659847708211
1,0,0.9866502079605047,0.07088138395943097,0.9733004159210095
0,1,0.8092087701788447,0.48736822417673076,0.6184175403576895
0,1,0.766617618256731,0.5433311218200572,0.5332352365134622
1,1,0.7718732776482999,0.5370029128629075,0.5437465552965999
1,1,0.7793141109793559,0.5277746983647721,0.5586282219587119
1,0,0.9698891669264804,0.13512722406805694,0.9397783338529608
1,0,0.988067310395376,0.06470481130459692,0.9761346207907519
0,0,0.9352984594193198,0.23971262731263043,0.8705969188386395
0,1,0.7954356684125796,0.5066651940828024,0.5908713368251591
0,0,0.9572839441755345,0.17648188057622954,0.9145678883510691
0,0,0.9631782633053612,0.15770844976651352,0.9263565266107222
0,1,0.8009641479495663,0.49906292222079474,0.6019282958991325
1,0,0.6649747940560452,0.6376804499781814,0.3299495881120903
0,1,0.8136177048671007,0.4809345266622805,0.6272354097342013
1,1,0.7795404237571951,0.5274890165204927,0.5590808475143902
1,0,0.9687209271652875,0.1391606202414064,0.9374418543305749
1,0,0.9804701218838384,0.09620380147109986,0.9609402437676768
1,0,0.9749816581103162,0.11697403888171412,0.9499633162206323
1,0,0.6832366188624978,0.6244056712590496,0.3664732377249956
0,1,0.7781893397993402,0.5291901191798256,0.5563786795986805
1,0,0.9809965629792418,0.09413491129612522,0.9619931259584835
0,1,0.82269117988456,0.46728809271275284,0.64538235976912
1,0,0.9827039415983468,0.08732050542728198,0.9654078831966937
1,0,0.6650072997848456,0.637658163520006,0.3300145995696912
1,0,0.9721520830930555,0.12717982335171427,0.944304166186111
1,0,0.9606085468187502,0.1660053075759524,0.9212170936375004
1,0,0.678392334113052,0.6280753371774237,0.3567846682261039
0,0,0.9612508792632013,0.1639482056410737,0.9225017585264026
1,0,0.9872888375769158,0.06811774735677173,0.9745776751538315
1,0,0.93392351630179,0.24336969343470477,0.86784703260358
1,0,0.9848839090606913,0.07836784763816111,0.9697678181213827
1,1,0.7792040409309209,0.527913535644211,0.5584080818618419
1,0,0.6628916757735088,0.6390987888465267,0.32578335154701765
0,1,0.8227414961874072,0.4672108642112085,0.6454829923748143
1,1,0.7873313656129003,0.5174710148669774,0.5746627312258006
1,1,0.77759051689683,0.5299406911323243,0.5551810337936602
0,0,0.9383380674576358,0.23151611133958677,0.8766761349152716
1,1,0.8029172949220537,0.49633150062569914,0.6058345898441073
1,0,0.6633256058588834,0.6388049407706147,0.326651211717767
1,0,0.9807625940240676,0.09505621061286698,0.9615251880481354
0,0,0.9366814545400586,0.23600262657226545,0.873362909080117
1,0,0.9593002153451992,0.1701617600786089,0.9186004306903983
1,0,0.985968882346533,0.07379566881954377,0.971937764693066
1,0,0.9786055338868093,0.10341761084549139,0.9572110677736185
1,0,0.9730945829669976,0.12381476406574872,0.9461891659339953
1,0,0.678392334113052,0.6280753371774237,0.3567846682261039
1,0,0.6765295215305099,0.6294577838051953,0.35305904306102004
0,1,0.8185103263938653,0.4736448483881716,0.6370206527877307
0,1,0.7872448984555248,0.5175841706126731,0.5744897969110496
0,0,0.9397794263229314,0.22757400793740057,0.8795588526458629
1,0,0.6862585351639532,0.6220616323525622,0.3725170703279065
1,0,0.9381863599597986,0.23192892770065907,0.8763727199195972
1,0,0.6670822056225965,0.6362257500448967,0.334164411245193
1,0,0.939574635959964,0.22813632618382407,0.879149271919928
1,1,0.8021766979415395,0.49737003263738,0.6043533958830789
0,1,0.7904604049026148,0.5133460292607313,0.5809208098052295
1,0,0.9619012988170029,0.16185391603130023,0.923802597634006
1,1,0.7872810973044959,0.5175368042124435,0.5745621946089919
1,0,0.9731254234391276,0.12370408554236123,0.9462508468782551
0,0,0.6765825660750182,0.6294186374919275,0.35316513215003636
1,0,0.9865992336234871,0.0711006185772588,0.9731984672469741
0,1,0.7956127863464459,0.5064245701887587,0.5912255726928917
0,1,0.8157325743803263,0.4778030725979814,0.6314651487606524
1,0,0.986413823121485,0.07189639522762795,0.9728276462429699
0,0,0.976601951889406,0.11098422653077139,0.9532039037788121
1,1,0.7792451373452647,0.5278617067629428,0.5584902746905295
0,1,0.7882771860300082,0.5162303430974464,0.5765543720600166
0,1,0.8179256999583691,0.47452431429181474,0.6358513999167381
0,1,0.819221138568887,0.47257245873057885,0.6384422771377739
0,1,0.8096826362479309,0.48668281824629744,0.6193652724958616
1,1,0.7794173173260821,0.5276444546494423,0.5588346346521642
0,0,0.9215184813464216,0.27504495768361503,0.8430369626928435
0,1,0.7639020624752663,0.5465402062110643,0.5278041249505327
1,0,0.9804701218838384,0.09620380147109986,0.9609402437676768
1,0,0.9715664772088792,0.12925404607958257,0.9431329544177584
1,0,0.6682040121896153,0.6354432397579479,0.33640802437923073
1,0,0.6765295215305099,0.6294577838051953,0.35305904306102004
1,0,0.9798609832653175,0.09857964954327801,0.959721966530635
0,0,0.9621787630249932,0.1609570057300848,0.9243575260499863
1,0,0.9855779652890652,0.07545251064945853,0.9711559305781302
0,1,0.7778869044280416,0.5295694547773457,0.5557738088560834
0,1,0.7918660855258889,0.5114737284397901,0.5837321710517778
0,1,0.7507319000062317,0.561529640873312,0.5014638000124634
1,1,0.7787414852682024,0.5284962125309773,0.5574829705364048
1,0,0.9732455181273303,0.12327274966028884,0.9464910362546606
0,0,0.963861424975869,0.15547188828388436,0.9277228499517381
0,1,0.7747049277170918,0.5335285255301512,0.5494098554341835
1,0,0.6883316814750723,0.620429018633613,0.37666336295014446
0,0,0.9396575761863821,0.2279086760753432,0.8793151523727644
1,0,0.96840924017742,0.1402290522270369,0.93681848035484
1,0,0.9353415647445898,0.23959747415611093,0.8706831294891798
0,1,0.8213765003052074,0.4692998026659977,0.6427530006104146
1,0,0.9612490910121063,0.16395394790018405,0.9224981820242127
0,0,0.9338968179225388,0.2434404004969113,0.8677936358450774
0,1,0.7725110526785237,0.5362243609263209,0.5450221053570474
1,0,0.9699876885892618,0.1347849612545394,0.9399753771785234
0,0,0.9400399735965415,0.22685751956950773,0.8800799471930829
0,1,0.7882320502137196,0.5162896712679217,0.5764641004274392
0,0,0.9396361743222197,0.22796743042944406,0.8792723486444392
0,1,0.7907653543531902,0.5129408661828392,0.5815307087063804
1,0,0.9397875971262064,0.2275515569939808,0.8795751942524129
1,1,0.7788397914170088,0.5283724812004789,0.5576795828340175
1,0,0.6825045123379321,0.6249671936734426,0.36500902467586416
1,1,0.7870621718819882,0.5178231499754944,0.5741243437639765
0,1,0.8091217498426843,0.48749393335087177,0.6182434996853683
1,0,0.9659805637875511,0.14844780072618297,0.9319611275751024
1,0,0.960608733338292,0.16600471182869644,0.9212174666765841
0,1,0.6799719838441047,0.626890573557229,0.3599439676882094
0,1,0.8082778177291462,0.4887105328145862,0.6165556354582925
1,1,0.779375339563114,0.5276974369641303,0.5587506791262282
0,1,0.7738075604152657,0.5346345333797753,0.5476151208305314
0,1,0.794732928479306,0.5076180039648761,0.5894658569586118
1,0,0.9647822402044488,0.15243603979137094,0.9295644804088976
0,1,0.7946495353333004,0.5077308714698475,0.5892990706666008
1,0,0.9382504879723776,0.2317544752897583,0.8765009759447553
1,0,0.9719023060361827,0.12806607088952057,0.9438046120723653
0,1,0.810496929955244,0.48550160836186856,0.620993859910488
1,0,0.9853719353435051,0.07632139195505258,0.9707438706870102
0,0,0.6765825660750182,0.6294186374919275,0.35316513215003636
1,1,0.7878497686162957,0.5167916669633901,0.5756995372325914
1,0,0.9887248439068593,0.061782157636929465,0.9774496878137189
1,0,0.9222523858881065,0.27323349922237583,0.8445047717762133
1,0,0.9871404150031813,0.06876287961626446,0.9742808300063627
0,1,0.7947333577571964,0.5076174228533206,0.589466715514393
1,0,0.9589956846832669,0.17112288645220947,0.9179913693665336
0,1,0.8226532195056456,0.46734634510925516,0.6453064390112911
1,1,0.7716982402067468,0.537216182363668,0.5433964804134935
0,1,0.78765544241209,0.5170465124826836,0.5753108848241801
0,1,0.8291675934774603,0.45720364732954394,0.6583351869549205
1,0,0.9593002089854235,0.17016178017538036,0.918600417970847
0,1,0.8091124883202786,0.4875073096160322,0.618224976640557
1,0,0.9396186839946219,0.22801544047919955,0.8792373679892438
1,1,0.7792326472191093,0.5278774597660394,0.5584652944382188
0,1,0.7965553400261174,0.5051408141651557,0.593110680052235
1,0,0.9883132482304149,0.06361605179889292,0.9766264964608299
1,0,0.9895967490355931,0.05784641529788945,0.9791934980711862
1,0,0.9630730636496448,0.15805168136014097,0.9261461272992896
0,1,0.8336527756076216,0.45004671881516334,0.6673055512152435
0,1,0.7958433995969335,0.5061109809989864,0.591686799193867
1,0,0.9917267164273358,0.0479070748597117,0.9834534328546716
0,1,0.7870724385513089,0.5178097279722823,0.5741448771026179
0,0,0.905804443356592,0.31213881518500025,0.8116088867131841
1,0,0.9878957000369972,0.06546148012035594,0.9757914000739945
1,0,0.9708696376647287,0.1317061040357587,0.9417392753294573
0,0,0.9352962346621092,0.23971856977772515,0.8705924693242184
1,0,0.9815527745221753,0.0919328631557124,0.9631055490443506
0,0,0.9704052625398036,0.1333306012440968,0.9408105250796074
1,0,0.9382348858968421,0.23179692535832974,0.8764697717936841
0,0,0.9608709157440922,0.16516638494023433,0.9217418314881843
0,0,0.9603005494279324,0.16698780646844255,0.9206010988558648
1,0,0.6628916757735088,0.6390987888465267,0.32578335154701765
0,1,0.78868658743003,0.5156916531682656,0.5773731748600599
1,1,0.7793409167645065,0.5277408761185134,0.5586818335290129
0,0,0.9384535742918215,0.2312015351439048,0.8769071485836432
1,0,0.9941229578818471,0.03604835052433071,0.9882459157636941
1,0,0.9381430520314334,0.23204670150036338,0.8762861040628669
1,0,0.9381607043384507,0.23199870081535154,0.8763214086769012
1,0,0.9593002192766664,0.1701617476552457,0.9186004385533328
0,1,0.8025943298512661,0.4967848170429511,0.6051886597025321
0,1,0.8021228661857759,0.49744538552617834,0.6042457323715519
1,0,0.6785136383234418,0.6279847627897788,0.35702727664688366
0,1,0.777408598494993,0.5301682990705044,0.554817196989986
0,0,0.9700592699224747,0.13453607968183318,0.9401185398449494
1,0,0.9602909568860659,0.16701836622678562,0.9205819137721317
1,0,0.9606087467661608,0.16600466893977192,0.9212174935323216
1,0,0.6711788244413868,0.633340665422324,0.3423576488827735
0,0,0.9615926070254937,0.1628493022402234,0.9231852140509873
0,0,0.9383128737434769,0.231584694319459,0.8766257474869538
0,1,0.7870359882922906,0.5178573779205052,0.5740719765845812
1,0,0.9659805637875511,0.14844780072618297,0.9319611275751024
0,0,0.9612508753559882,0.16394821818763253,0.9225017507119764
1,0,0.9381733461582821,0.23196432149749208,0.8763466923165641
0,1,0.794733554396933,0.5076171566626138,0.5894671087938661
0,1,0.8711768703494306,0.3841433854923052,0.7423537406988612
1,0,0.6965762794363253,0.6137373641807109,0.3931525588726504
0,1,0.8167700053752552,0.4762561028016755,0.6335400107505105
1,0,0.9731254234391276,0.12370408554236123,0.9462508468782551
1,0,0.9621760143430648,0.16096590126665855,0.9243520286861295
1,0,0.9794524837659891,0.10016236821470442,0.9589049675319784
0,1,0.7587179266157732,0.5525532474901458,0.5174358532315463
0,0,0.9589747516170911,0.1711888662864813,0.9179495032341821
1,0,0.983529950330981,0.08396317855444321,0.967059900661962
0,1,0.8171147588446411,0.47574043167913677,0.634229517689282
1,1,0.8021851643908794,0.49735817976609087,0.6043703287817588
1,0,0.9589728591739415,0.17119483061061963,0.917945718347883
1,0,0.9851234206976278,0.07736552733028924,0.9702468413952556
1,1,0.7718804201004735,0.5369942066465726,0.5437608402009471
1,0,0.961901326567966,0.1618538264308769,0.9238026531359321
1,0,0.9625557997643329,0.15973483114972356,0.925111599528666
1,0,0.9725081714444481,0.12591237739928784,0.9450163428888961
1,0,0.9752718870381039,0.11590925246698297,0.9505437740762076
1,0,0.9381923683458856,0.23191258563338502,0.8763847366917712
1,1,0.7957124717976782,0.5062890575007022,0.5914249435953566
1,0,0.9656705993531782,0.1494835497721905,0.9313411987063566
0,1,0.7870999342917301,0.5177737786581393,0.5741998685834601
1,0,0.6865081043137884,0.621866153624575,0.37301620862757673
1,0,0.9612490910121063,0.16395394790018405,0.9224981820242127
1,0,0.6649747940560452,0.6376804499781814,0.3299495881120903
1,0,0.6905074973011418,0.6186940038171886,0.38101499460228344
0,0,0.9369131853893541,0.23537785220875035,0.8738263707787082
1,1,0.7720982399488195,0.5367285582780679,0.5441964798976388
1,0,0.9331298074465486,0.24546681073029614,0.8662596148930972
1,0,0.6711788244413868,0.633340665422324,0.3423576488827735
1,0,0.9663146561286775,0.14732815336245839,0.932629312257355
1,0,0.7008368353306516,0.6101535850170214,0.4016736706613032
1,0,0.9593002110546778,0.17016177363657597,0.9186004221093556
1,0,0.9908256426416969,0.05217220018091784,0.981651285283394
0,0,0.6765825660750182,0.6294186374919275,0.35316513215003636
0,0,0.9348579518020631,0.24088765878139043,0.8697159036041261
0,1,0.8090436810166647,0.4876066694895109,0.6180873620333293
1,1,0.7947935690686374,0.5075359038791462,0.5895871381372748
1,0,0.9389149262719787,0.22994276174588646,0.8778298525439574
0,0,0.9368992779847715,0.23541537384671513,0.8737985559695428
0,0,0.9158454801505707,0.2888007015270029,0.8316909603011415
1,1,0.8157820623787414,0.47772944123128636,0.631564124757483
0,0,0.9326428946482368,0.24674831561345148,0.8652857892964734
0,1,0.809246748041886,0.48731334615893107,0.6184934960837719
0,1,0.7795328489800083,0.5274985832228799,0.5590656979600166
0,1,0.8493567281936298,0.4238232869266444,0.6987134563872599
1,0,0.6984947747797445,0.6121342867710511,0.39698954955948884
1,0,0.7020909258045006,0.6090822417572398,0.4041818516090015
0,1,0.7947769806777393,0.5075583648111279,0.5895539613554787
1,0,0.9593002110546778,0.17016177363657597,0.9186004221093556
0,1,0.6848017628174131,0.6231969022922274,0.3696035256348263
1,1,0.7793732920807681,0.5277000209358059,0.5587465841615362
1,0,0.9593002110546778,0.17016177363657597,0.9186004221093556
1,1,0.779352935441696,0.5277257101748909,0.5587058708833921
1,0,0.9853702293764077,0.07632857410736618,0.9707404587528156
0,0,0.9664659651616957,0.1468199435054559,0.9329319303233915
0,0,0.9353977754207179,0.2394472647244658,0.8707955508414358
1,0,0.6765295215305099,0.6294577838051953,0.35305904306102004
0,0,0.9593002092468179,0.170161779349379,0.9186004184936358
1,0,0.7097205617209045,0.6024016975853519,0.41944112344180884
0,0,0.9383402204793401,0.23151024981951285,0.87668044095868
0,0,0.961900910203053,0.1618551707594015,0.9238018204061058
1,0,0.9663146561286775,0.14732815336245839,0.932629312257355
1,0,0.959300223725923,0.1701617335956772,0.9186004474518462
1,0,0.6863579285809223,0.6219838156586974,0.37271585716184447
1,0,0.9593002110546778,0.17016177363657597,0.9186004221093556
0,1,0.8231549787679955,0.46657556832673974,0.646309957535991
1,1,0.7874725558860435,0.5172861494099694,0.5749451117720868
1,0,0.6711788244413868,0.633340665422324,0.3423576488827735
0,1,0.7787327589030864,0.5285071931085836,0.5574655178061727
0,1,0.7870163400342566,0.5178830600047735,0.5740326800685132
0,1,0.7872145011473352,0.5176239396205133,0.5744290022946703
1,0,0.9844357691287785,0.0802329421786757,0.9688715382575571
0,1,0.7873234865060172,0.5174813277546033,0.5746469730120346
1,0,0.7219554543904029,0.5910969686617042,0.44391090878080575
0,1,0.7949542486849714,0.5073182539146331,0.5899084973699429
1,0,0.9780184831251574,0.10565374616067641,0.9560369662503148
1,0,0.6667535571193651,0.6364539234343799,0.33350711423873036
1,0,0.691568234618527,0.6178401354287126,0.38313646923705413
1,0,0.9730945829669976,0.12381476406574872,0.9461891659339953
0,1,0.7772573197440411,0.5303574264381665,0.5545146394880821
1,1,0.7869861174037684,0.5179225592726256,0.5739722348075368
1,0,0.9833411310291632,0.08473427846276399,0.9666822620583263
0,1,0.8028513188220195,0.49642415876696067,0.6057026376440389
1,0,0.6862585351639532,0.6220616323525622,0.3725170703279065
1,1,0.8283748485638679,0.45845376202218563,0.6567496971277357
0,1,0.7738225870158651,0.5346160509615734,0.54764517403173
0,1,0.7948531999482022,0.5074551488327563,0.5897063998964044
1,0,0.9931310301803431,0.041057884796790546,0.9862620603606862
1,0,0.9884741642255884,0.06290085396466648,0.976948328451177
0,0,0.9589728627180021,0.17119481944105547,0.9179457254360042
1,0,0.9870630578946306,0.06909843014703668,0.9741261157892611
1,0,0.6711788244413868,0.633340665422324,0.3423576488827735
1,1,0.7945150190097623,0.5079128412483276,0.5890300380195246
0,1,0.8153167070053651,0.4784211829051851,0.6306334140107301
0,1,0.8080296804943173,0.4890673685788002,0.6160593609886347
1,0,0.9763032012020784,0.11209704788954311,0.9526064024041568
0,1,0.8090199943081474,0.4876408667378279,0.6180399886162948
0,0,0.9342013763129275,0.24263313214388316,0.8684027526258552
1,0,0.9720109645652756,0.12768081558083733,0.9440219291305513
0,1,0.7947714749962337,0.5075658192141966,0.5895429499924675
1,0,0.9825630152211404,0.08788924125057691,0.9651260304422808
1,0,0.9872888375769158,0.06811774735677173,0.9745776751538315
1,0,0.9794524837659891,0.10016236821470442,0.9589049675319784
0,0,0.9323835382604195,0.24742937307955834,0.8647670765208392
1,0,0.9663146561286775,0.14732815336245839,0.932629312257355
0,1,0.7967478436406852,0.5048779511215927,0.5934956872813704
1,0,0.9748118277481671,0.11759550521688998,0.9496236554963342
1,0,0.9884717982577778,0.06291138599365742,0.9769435965155554
0,1,0.809054794390185,0.48759062350992266,0.6181095887803699
0,0,0.9634959260809538,0.15667012418414916,0.9269918521619076
1,0,0.9659805637875511,0.14844780072618297,0.9319611275751024
1,0,0.9593002130649216,0.17016176728424304,0.9186004261298433
1,1,0.764208514062304,0.5461801125072192,0.5284170281246078
0,0,0.959936359922239,0.16814634661869593,0.9198727198444779
1,0,0.9752718870381039,0.11590925246698297,0.9505437740762076
1,0,0.9593002110546778,0.17016177363657597,0.9186004221093556
1,0,0.986689778781021,0.07071105854992811,0.9733795575620422
0,1,0.6848017628174131,0.6231969022922274,0.3696035256348263
1,1,0.7720413777733725,0.5367979321547822,0.544082755546745
1,0,0.9752718870381039,0.11590925246698297,0.9505437740762076
0,0,0.9625444516708418,0.1597716736748001,0.9250889033416836
1,0,0.9869449277457154,0.06960993786852195,0.9738898554914308
0,1,0.7890436871476042,0.5152209606021894,0.5780873742952084
1,0,0.9685086535469942,0.13988861944041298,0.9370173070939883
0,1,0.7870750240601488,0.517806347740126,0.5741500481202976
1,0,0.9680810316478695,0.14135068644062787,0.936162063295739
1,0,0.9707432879744003,0.13214885616379812,0.9414865759488006
1,0,0.9698891669264804,0.13512722406805694,0.9397783338529608
1,0,0.987451530811961,0.06740856891350173,0.974903061623922
0,1,0.7785164295681083,0.5287792638350963,0.5570328591362166
0,1,0.794455627594684,0.5079931489576744,0.588911255189368
1,0,0.9332529454448536,0.24514212313181577,0.866505890889707
0,0,0.9619028906047689,0.16184877654118437,0.9238057812095377
0,1,0.8303129470563562,0.45538964842903823,0.6606258941127124
0,1,0.7789658782522222,0.528213702059521,0.5579317565044443
0,1,0.7710895822923375,0.5379564315324816,0.5421791645846753
1,0,0.9323981876864295,0.24739093285426583,0.8647963753728588
0,1,0.6564899909112144,0.6433362407047463,0.312979981822429
1,0,0.9768753115742986,0.10996256360427728,0.9537506231485973
0,0,0.9814474426703422,0.09235116949939902,0.9628948853406845
1,1,0.7871144873610771,0.5177547494173582,0.5742289747221542
1,0,0.9593002110546778,0.17016177363657597,0.9186004221093556
0,1,0.8091833096937409,0.4874050093506258,0.6183666193874817
0,1,0.8165993391921025,0.4765110858146376,0.633198678384205
1,0,0.960608733338292,0.16600471182869644,0.9212174666765841
0,1,0.7789173013937108,0.5282748850547633,0.5578346027874218
1,0,0.974764684842534,0.11776780831834846,0.9495293696850678
1,0,0.9644334954888493,0.15358872343757074,0.9288669909776986
1,0,0.9786055338868093,0.10341761084549139,0.9572110677736185
1,0,0.9835444773126812,0.0839037624285294,0.9670889546253624
1,0,0.9822189016885214,0.08927312574429187,0.9644378033770429
0,1,0.8290671463256576,0.45736229203348566,0.6581342926513153
1,1,0.779301002924437,0.5277912359548965,0.5586020058488741
0,0,0.9396855862360761,0.22783176812118114,0.8793711724721524
0,1,0.7867879753052422,0.5181813848503865,0.5735759506104843
0,1,0.779152390450225,0.5279786608999462,0.5583047809004501
1,0,0.9756542952655889,0.11450094087302012,0.9513085905311778
0,1,0.800705596656394,0.49942270166408287,0.601411193312788
1,0,0.9680823565704538,0.1413461656235458,0.9361647131409077
1,0,0.9382206603945037,0.23183562639067712,0.8764413207890075
0,1,0.8022180831700872,0.49731208979591346,0.604436166340174
0,1,0.8224458434789099,0.4676644012958818,0.64489168695782
1,0,0.9593002233364066,0.17016173482654223,0.9186004466728132
1,0,0.6765295215305099,0.6294577838051953,0.35305904306102004
0,1,0.8158840717646958,0.4775776138090766,0.6317681435293918
0,1,0.7906718288050608,0.5130651861728487,0.5813436576101217
1,1,0.7784492236480464,0.5288637313817588,0.5568984472960926
0,1,0.7788600434259806,0.5283469843912456,0.5577200868519612
0,1,0.7944238610815111,0.5080360940413046,0.5888477221630223
1,0,0.6765295215305099,0.6294577838051953,0.35305904306102004
1,0,0.9814030067302117,0.09252745583088659,0.9628060134604237
1,0,0.6624535677881962,0.6393946112877354,0.32490713557639245
1,1,0.7785356669425113,0.5287550805804564,0.5570713338850225
0,1,0.8039087057965465,0.4949358272742791,0.6078174115930931
0,1,0.8091145736524682,0.48750429785334254,0.6182291473049362
1,0,0.9660826572674194,0.14810601558808714,0.9321653145348388
1,1,0.7777334846453822,0.5297616821785046,0.5554669692907643
0,0,0.9704268990205492,0.13325507923772303,0.9408537980410986
0,0,0.9593002092468179,0.170161779349379,0.9186004184936358
0,0,0.9350899412839769,0.24026923718601895,0.8701798825679536
0,1,0.7871867703974552,0.5176602151402008,0.5743735407949102
0,0,0.9323352780271449,0.24755598428987194,0.8646705560542898
0,0,0.9656458199231249,0.14956622502682182,0.9312916398462499
0,1,0.780384616121588,0.5264207345289437,0.5607692322431761
1,0,0.6809572084735076,0.6261458343529771,0.3619144169470151
0,1,0.752031470508077,0.5600923211945144,0.5040629410161539
1,0,0.7124939886637099,0.5999034748045717,0.42498797732741966
0,1,0.8222980184007608,0.46789094336508813,0.6445960368015216
0,1,0.7956998206023325,0.5063062589582794,0.5913996412046648
1,1,0.7802934127326073,0.5265363478740939,0.5605868254652149
0,1,0.8213533610461401,0.4693351044402811,0.6427067220922802
1,0,0.9834720832590201,0.08419972875337217,0.9669441665180404
1,0,0.6686605082149668,0.6351231890306157,0.3373210164299335
1,1,0.7804093165309072,0.5263894148743486,0.5608186330618146
1,0,0.9650783556969782,0.15145449947076356,0.9301567113939565
1,0,0.975105723890639,0.11651929354822349,0.950211447781278
0,1,0.810062045440806,0.48613298563329566,0.6201240908816119
1,0,0.7254941128781169,0.5876891715447417,0.4509882257562341
0,1,0.7612927031078988,0.5495852692423266,0.5225854062157973
1,0,0.9807481430078114,0.09511301887201183,0.9614962860156228
1,0,0.9659805637875511,0.14844780072618297,0.9319611275751024
0,0,0.9606105077864544,0.16599904415876363,0.9212210155729088
0,1,0.786880068386598,0.5180611162378751,0.573760136773196
1,0,0.9719543796920839,0.12788149468101445,0.9439087593841677
0,1,0.849253226716077,0.4240022575709925,0.6985064534321539
1,0,0.9330874810480314,0.2455783599180898,0.8661749620960628
0,1,0.6624046242898695,0.639427605957553,0.32480924857973875
1,0,0.9759139482123169,0.1135412018836385,0.9518278964246338
1,1,0.7720374873075893,0.5368026779898996,0.5440749746151784
0,1,0.7880038810594222,0.5165893984098081,0.5760077621188444
0,1,0.8047457160677431,0.49375266047254973,0.6094914321354863
1,0,0.9834720832590201,0.08419972875337217,0.9669441665180404
0,1,0.6483638045498299,0.6484536285721154,0.29672760909965984
1,1,0.7790067122049724,0.5281622607222293,0.5580134244099448
1,0,0.6961273023860612,0.614110008500475,0.39225460477212265
0,1,0.7687165123931718,0.5408225491266702,0.5374330247863438
1,0,0.9878249298324394,0.06577280270013353,0.9756498596648787
0,1,0.8394507347935353,0.44057956505897233,0.6789014695870703
0,1,0.7959395445477682,0.5059801458931095,0.5918790890955363
1,0,0.9821230840661433,0.08965725283174068,0.9642461681322868
0,1,0.7978707337592126,0.5033400827684203,0.5957414675184253
0,1,0.7946932222299079,0.5076717492523966,0.5893864444598159
1,0,0.9848839090606913,0.07836784763816111,0.9697678181213827
1,1,0.786984816214315,0.5179242597312657,0.5739696324286301
0,1,0.7714526352704763,0.537515139686687,0.5429052705409524
1,1,0.7793078918637572,0.5277825447476256,0.5586157837275143
1,0,0.6765295215305099,0.6294577838051953,0.35305904306102004
1,0,0.9383303369973667,0.23153715656475443,0.8766606739947334
1,0,0.9650088714996242,0.15168505305979957,0.9300177429992483
0,0,0.9641441995906213,0.15454222263548328,0.9282883991812424
1,0,0.6809152615469951,0.6261776333823368,0.3618305230939903
0,1,0.8091734774718133,0.4874192137690343,0.6183469549436266
1,0,0.6965762794363253,0.6137373641807109,0.3931525588726504
0,1,0.7452871344286253,0.5674537724712565,0.4905742688572507
1,0,0.9334783493960753,0.24454715198911475,0.8669566987921506
0,1,0.8098583513009766,0.48642829154278266,0.6197167026019534
0,1,0.7944026468912301,0.5080647700203051,0.5888052937824602
0,0,0.6825232498306757,0.6249528529564535,0.36504649966135133
0,1,0.7894396034616201,0.5146982083637937,0.5788792069232404
1,0,0.9799905455891896,0.09807590586772995,0.9599810911783794
1,0,0.985782091251399,0.07458871386338817,0.971564182502798
0,1,0.80748163058783,0.48985409023820525,0.61496326117566
1,1,0.777245084466126,0.5303727170965418,0.5544901689322519
1,0,0.9719023060361827,0.12806607088952057,0.9438046120723653
1,0,0.9602909229775568,0.16701847424766217,0.9205818459551136
1,0,0.9659805637875511,0.14844780072618297,0.9319611275751024
1,0,0.9743129158011326,0.1194144259377887,0.9486258316022651
1,0,0.9931310301803431,0.041057884796790546,0.9862620603606862
0,1,0.8001854608423367,0.5001452127066799,0.6003709216846729
0,1,0.7946320446179119,0.5077545386725806,0.5892640892358239
1,0,0.6765295215305099,0.6294577838051953,0.35305904306102004
1,1,0.7721061841192319,0.5367188646447489,0.5442123682384636
0,1,0.7791729141743995,0.5279527847245082,0.558345828348799
0,1,0.7742573811491814,0.5340807038980073,0.5485147622983627
1,0,0.9383560072455017,0.23146726849869703,0.8767120144910036
0,1,0.7947032264715993,0.5076582086965694,0.5894064529431987
0,1,0.778952198896767,0.528230932718361,0.5579043977935341
1,0,0.6889560587288865,0.6199333960726696,0.37791211745777314
0,0,0.9396285706443394,0.22798830279677745,0.8792571412886789
0,0,0.9325956894557983,0.2468723537872372,0.8651913789115966
0,1,0.8459792764749503,0.4296205022438143,0.6919585529499007
1,0,0.9698891669264804,0.13512722406805694,0.9397783338529608
1,0,0.9856650077148235,0.07508453540465324,0.9713300154296468
1,0,0.6949636008561103,0.615071429661706,0.38992720171222073
1,0,0.9386131638701413,0.23076652200128162,0.8772263277402824
1,1,0.7794624800364361,0.5275874410018803,0.5589249600728722
1,0,0.9659805637875511,0.14844780072618297,0.9319611275751024
1,1,0.7793149238366364,0.5277736728021059,0.5586298476732726
0,0,0.9647818860084644,0.15243721230288335,0.9295637720169286
0,0,0.93476866590811,0.24112543529494318,0.8695373318162197
0,0,0.939724842150329,0.2277239587947008,0.8794496843006583
1,0,0.9698891669264804,0.13512722406805694,0.9397783338529608
1,1,0.7793924641919324,0.5276758243184136,0.5587849283838651
1,0,0.9383899763176581,0.2313747691081783,0.876779952635316
1,1,0.8091097883613617,0.48751120901793465,0.6182195767227234
1,0,0.9382451130907604,0.2317690997218419,0.8764902261815207
1,0,0.9396593641119362,0.22790376733307888,0.8793187282238724
0,1,0.8091954790682111,0.4873874276267003,0.6183909581364222
1,0,0.9835444773126812,0.0839037624285294,0.9670889546253624
1,1,0.7947835179800794,0.5075495134063883,0.5895670359601587
0,1,0.7479617465565293,0.5645633362706125,0.4959234931130586
0,0,0.9688613419038087,0.13867824679521676,0.9377226838076174
0,1,0.7887583768028877,0.5155970891904786,0.5775167536057753
0,0,0.6765825660750182,0.6294186374919275,0.35316513215003636
1,0,0.9834720832590201,0.08419972875337217,0.9669441665180404
1,1,0.7879315421711277,0.5166843590104767,0.5758630843422554
0,1,0.7870643755858527,0.5178202690435016,0.5741287511717054
1,0,0.9383665150509483,0.23143865737879268,0.8767330301018963
0,1,0.7747520642802328,0.5334703021512144,0.5495041285604655
1,0,0.9708696361310243,0.1317061094135571,0.9417392722620485
0,0,0.9678210620018972,0.1422366421270058,0.9356421240037943
0,1,0.8088527003534691,0.48788229092418633,0.6177054007069385
0,1,0.7873607231912847,0.5174325857490142,0.5747214463825693
1,0,0.9869610218237093,0.06954031388442482,0.9739220436474185
1,1,0.7637894871984645,0.5466723561697484,0.527578974396929
1,0,0.9832219900195451,0.08521970484739778,0.9664439800390903
1,1,0.7874538811905812,0.5173106076885082,0.5749077623811627
0,0,0.9619013378268279,0.16185379007902323,0.9238026756536557
1,0,0.9382517016421947,0.23175117296535658,0.8765034032843895
1,0,0.6883316814750723,0.620429018633613,0.37666336295014446
1,0,0.9731254234391276,0.12370408554236123,0.9462508468782551
1,0,0.9396242408164709,0.22800018787347212,0.8792484816329419
1,0,0.9687209271652875,0.1391606202414064,0.9374418543305749
1,0,0.9647822402044488,0.15243603979137094,0.9295644804088976
0,1,0.8509508315546653,0.4210562227837885,0.7019016631093307
1,0,0.6633256058588834,0.6388049407706147,0.326651211717767
0,1,0.8069662843613753,0.490592103301966,0.6139325687227504
1,0,0.9399989905300987,0.2269703000836519,0.8799979810601971
1,0,0.9659805637875511,0.14844780072618297,0.9319611275751024
1,1,0.779116819523857,0.5280235026903827,0.5582336390477142
0,0,0.9675289357759193,0.14322959632453075,0.9350578715518385
0,1,0.938316621955663,0.23157449153383175,0.8766332439113261
0,1,0.7868667801018697,0.5180784731450467,0.5737335602037394
1,0,0.9612490929633103,0.16395394163471308,0.9224981859266207
0,0,0.9396250620564663,0.2279979336521349,0.8792501241129326
0,1,0.7818448967057536,0.5245630003352912,0.5636897934115073
0,1,0.8344444008905944,0.4487685625922873,0.6688888017811887
1,1,0.7733694438081965,0.5351728411620296,0.5467388876163931
1,0,0.959300209458458,0.1701617786806006,0.9186004189169158
1,0,0.7254941128781169,0.5876891715447417,0.4509882257562341
0,1,0.7948020664932238,0.5075243975843461,0.5896041329864479
0,1,0.8189381884995065,0.4729997486025173,0.637876376999013
1,1,0.7881527709448828,0.5163938492991317,0.5763055418897651
1,0,0.9593002110546778,0.17016177363657597,0.9186004221093556
1,1,0.7721712162224341,0.5366394977042384,0.5443424324448682
0,0,0.959300703003936,0.17016021908308673,0.9186014060078719
1,1,0.8090942504007196,0.4875336487210252,0.6181885008014393
1,0,0.9721980656901626,0.12701641942008368,0.9443961313803252
0,1,0.7945715007643404,0.5078364478715015,0.5891430015286809
1,0,0.6711788244413868,0.633340665422324,0.3423576488827735
0,0,0.9414442343465631,0.22297502884865117,0.8828884686931262
0,0,0.9712961769183439,0.13020725019898202,0.9425923538366879
0,0,0.9621787781842853,0.1609569566696172,0.9243575563685708
1,0,0.9663146561286775,0.14732815336245839,0.932629312257355
1,1,0.7794892215798593,0.5275536767414235,0.5589784431597185
0,0,0.9389303413635741,0.22990063859411078,0.8778606827271482
1,1,0.7793701555481416,0.5277039792676939,0.5587403110962833
1,1,0.7882480459739161,0.5162686472510255,0.5764960919478321
0,1,0.7957991828864397,0.5061711324842884,0.5915983657728794
1,0,0.9858805814116021,0.07417087383488305,0.971761162823204
0,1,0.7613468603215267,0.5495224507290589,0.5226937206430532
0,0,0.9383179903350946,0.23157076668902407,0.8766359806701891
1,0,0.963176597826386,0.15771388610088033,0.9263531956527721
0,1,0.7957404766280073,0.5062509766558179,0.5914809532560148
1,0,0.9589728591739415,0.17119483061061963,0.917945718347883
1,0,0.9834720832590201,0.08419972875337217,0.9669441665180404
1,0,0.9762953970365942,0.11212606584165627,0.9525907940731884
1,1,0.7791218319682458,0.5280171842957528,0.5582436639364914
1,0,0.6649747940560452,0.6376804499781814,0.3299495881120903
1,0,0.9381748975629147,0.23196010227643826,0.8763497951258293
1,0,0.678392334113052,0.6280753371774237,0.3567846682261039
1,0,0.9602909229775568,0.16701847424766217,0.9205818459551136
0,0,0.938437084101547,0.23124645935060037,0.876874168203094
1,0,0.9900347046937868,0.055842001228676316,0.9800694093875737
1,1,0.7958985962396322,0.5060358757576717,0.5917971924792645
1,0,0.6809152615469951,0.6261776333823368,0.3618305230939903
0,0,0.9396859118019589,0.2278308741247229,0.8793718236039177
0,1,0.788090507609292,0.5164756409138982,0.5761810152185839
1,0,0.992059359582292,0.04630807177667811,0.9841187191645838
1,1,0.7872583517999558,0.5175665677483412,0.5745167035999115
0,1,0.7871472720034368,0.5177118763825738,0.5742945440068736
1,0,0.9933230048231423,0.040100305450420926,0.9866460096462848
1,0,0.9707432879744003,0.13214885616379812,0.9414865759488006
1,0,0.6809572084735076,0.6261458343529771,0.3619144169470151
1,0,0.9593002110546778,0.17016177363657597,0.9186004221093556
1,0,0.6832366188624978,0.6244056712590496,0.3664732377249956
1,0,0.9753538288802468,0.11560799523330637,0.9507076577604937
0,1,0.8220206149729411,0.4683156608227084,0.6440412299458822
1,0,0.9634643536949192,0.15677345099556325,0.9269287073898385
0,0,0.9800251186196135,0.09794134002391759,0.960050237239227
0,1,0.8092681624617732,0.48728239819948366,0.6185363249235464
1,0,0.9690026821818171,0.13819203378732442,0.938005364363634
0,0,0.9396484789613778,0.2279336515960435,0.8792969579227555
1,1,0.7715736791412847,0.5373678444132663,0.5431473582825693
1,0,0.6863579285809223,0.6219838156586974,0.37271585716184447
0,0,0.9808435722767282,0.0947376727147779,0.9616871445534565
0,1,0.8035454646785167,0.495447907815858,0.6070909293570335
1,0,0.9382697450272486,0.23170207497374543,0.8765394900544972
1,0,0.9890083219850543,0.060510294884181526,0.9780166439701086
0,1,0.8159889354961368,0.4774214658653872,0.6319778709922735
0,1,0.7869736922188153,0.5179387967057276,0.5739473844376308
1,1,0.8288454171577666,0.45771223571543507,0.6576908343155333
0,1,0.8025785844317141,0.4968069006056355,0.6051571688634283
1,0,0.6825230128008601,0.6249530343770495,0.3650460256017202
0,1,0.7871374720745729,0.5177246925885016,0.5742749441491455
1,0,0.9784564175070284,0.10398715240101482,0.9569128350140568
1,0,0.9908173077766034,0.05221122125138415,0.9816346155532067
1,0,0.9752851328963359,0.11586057327322002,0.9505702657926719
1,0,0.9910047115840874,0.05133200155512955,0.9820094231681749
0,1,0.8646870757971128,0.39636298393576674,0.7293741515942255
0,1,0.82325141313495,0.46642723279011084,0.6465028262698999
0,1,0.8039427244603319,0.49488782648790675,0.6078854489206639
1,0,0.9721520830930555,0.12717982335171427,0.944304166186111
0,0,0.9675292001221132,0.1432286990277631,0.9350584002442263
1,0,0.6711788244413868,0.633340665422324,0.3423576488827735
1,1,0.7793836319434007,0.5276869715326142,0.5587672638868014
0,0,0.9814705214288044,0.09225956864183822,0.9629410428576088
1,0,0.6765825818170034,0.6294186258726002,0.35316516363400685
0,1,0.7799695380527273,0.5269465133900397,0.5599390761054546
1,0,0.9888318171040846,0.06130306455845208,0.9776636342081694
1,0,0.9718729658892855,0.1281700239325199,0.9437459317785711
0,0,0.9638212722099437,0.1556037102366859,0.9276425444198876
0,1,0.8295512884633076,0.45659698929909354,0.6591025769266152
1,0,0.6667535571193651,0.6364539234343799,0.33350711423873036
0,1,0.7888843239616548,0.5154311115626373,0.5777686479233097
0,1,0.7797123857246987,0.5272717441920902,0.5594247714493974
1,0,0.9842324626090873,0.08107473018883854,0.9684649252181745
0,1,0.7870827173205377,0.5177962895203478,0.5741654346410753
0,0,0.9582063810687813,0.17360306322479693,0.9164127621375626
1,0,0.6880461239116378,0.6206550848044481,0.3760922478232755
0,1,0.7872480820288646,0.5175800052025932,0.5744961640577291
0,1,0.8021071629890919,0.4974673631867784,0.604214325978184
1,0,0.9806259875760304,0.09559278188915064,0.9612519751520607
1,0,0.9593002110546778,0.17016177363657597,0.9186004221093556
1,1,0.7872524471668336,0.5175742937265504,0.5745048943336675
0,1,0.8080305274436392,0.48906615129178505,0.6160610548872786
1,0,0.9656141232467721,0.149671952328176,0.9312282464935442
0,0,0.9352964723892581,0.23971793479760495,0.8705929447785161
0,1,0.7813640655682451,0.525176079891328,0.5627281311364902
1,1,0.7788747843466776,0.5283284244168075,0.557749568693355
1,0,0.7254941128781169,0.5876891715447417,0.4509882257562341
1,1,0.7958361578874261,0.5061208332926217,0.5916723157748525
1,0,0.6841065760390109,0.6237351978670641,0.3682131520780218
0,1,0.7946336583813474,0.507752355120195,0.5892673167626946
0,1,0.7963502331180278,0.5054206353473812,0.5927004662360555
0,0,0.9393663754565678,0.22870741525407084,0.8787327509131354
1,0,0.6825045123379321,0.6249671936734426,0.36500902467586416
1,0,0.9697019859739322,0.13577657323223874,0.9394039719478645
1,0,0.9593002414746916,0.17016167750989325,0.9186004829493832
0,0,0.960290938049239,0.16701842623445734,0.920581876098478
0,0,0.9593018911043433,0.17015646467512963,0.9186037822086865
1,0,0.9784564175070284,0.10398715240101482,0.9569128350140568
1,0,0.938171985547515,0.2319680217988108,0.8763439710950303
1,0,0.9773062175384571,0.108345350183461,0.9546124350769143
1,0,0.9835444773126812,0.0839037624285294,0.9670889546253624
0,1,0.7653087167702609,0.5448830297146707,0.5306174335405218
1,0,0.9663146561286775,0.14732815336245839,0.932629312257355
1,0,0.9888318171040846,0.06130306455845208,0.9776636342081694
1,1,0.7791159082991617,0.5280246513113281,0.5582318165983234
1,0,0.9382951411159866,0.23163295996066618,0.8765902822319731
0,1,0.7947400802341548,0.5076083225190486,0.5894801604683095
1,0,0.9690026821818171,0.13819203378732442,0.938005364363634
0,0,0.9606103722194931,0.1659994771688769,0.9212207444389863
0,1,0.7872521909395583,0.5175746289850635,0.5745043818791167
0,1,0.7797888601599187,0.5271750641616617,0.5595777203198373
0,1,0.8097262386211714,0.48661967804921646,0.619452477242343
1,1,0.7801994474682309,0.5266554115454052,0.5603988949364616
0,1,0.8496515647487386,0.4233130081574217,0.6993031294974772
0,1,0.7782985326160526,0.5290530317411084,0.5565970652321053
0,0,0.6765825660750182,0.6294186374919275,0.35316513215003636
0,1,0.7926258968327123,0.5104567075359865,0.5852517936654247
1,0,0.9719023060361827,0.12806607088952057,0.9438046120723653
1,1,0.7794236514714613,0.5276364591056796,0.5588473029429225
1,0,0.9736648840834738,0.12176218158992291,0.9473297681669479
1,0,0.678392334113052,0.6280753371774237,0.3567846682261039
0,0,0.9621776289171008,0.16096067605922765,0.9243552578342016
0,1,0.8048446392299358,0.4936125320107895,0.6096892784598715
0,1,0.7942030227875319,0.5083344741247345,0.5884060455750635
1,0,0.682523086696994,0.6249529778176077,0.3650461733939881
0,0,0.9325082552687802,0.24710200559118672,0.8650165105375603
0,0,0.9397070398702843,0.2277728529337226,0.8794140797405685
0,1,0.7871527887106647,0.5177046614600977,0.5743055774213295
1,0,0.7117908795544731,0.6005403597207764,0.42358175910894635
0,0,0.9692548920966025,0.13732277310733082,0.938509784193205
0,0,0.959938122532513,0.1681407478269091,0.9198762450650261
1,0,0.988583487768924,0.06241366624171988,0.9771669755378479
0,1,0.7871268250447631,0.5177386159712082,0.5742536500895263
1,0,0.6905074973011418,0.6186940038171886,0.38101499460228344
1,1,0.8158418992192852,0.47764039043931594,0.6316837984385706
0,1,0.7873121734872671,0.5174961346082911,0.5746243469745342
0,1,0.784161844600898,0.521589754785469,0.5683236892017958
1,0,0.6633256058588834,0.6388049407706147,0.326651211717767
1,0,0.6965762794363253,0.6137373641807109,0.3931525588726504
0,0,0.9712255972268371,0.13045571445237575,0.9424511944536741
1,1,0.8091061872669414,0.48751640980673894,0.6182123745338828
1,0,0.9807360762728566,0.09516044583061038,0.9614721525457133
1,0,0.9834720832590201,0.08419972875337217,0.9669441665180404
1,1,0.7881592097028814,0.5163853897638029,0.5763184194057629
0,1,0.7787074380277118,0.5285390524226925,0.5574148760554236
1,0,0.7117908795544731,0.6005403597207764,0.42358175910894635
1,1,0.7881177634424199,0.516439839415369,0.5762355268848396
1,1,0.7805687068718344,0.5261872252957417,0.5611374137436691
1,0,0.6765825706182497,0.62941863413852,0.35316514123649956
0,0,0.9384725726838248,0.23114977200940628,0.8769451453676497
1,0,0.9808329429825657,0.0947795042156179,0.9616658859651314
0,1,0.8133165544274908,0.4813780303577324,0.6266331088549817
1,0,0.9878173217815457,0.06580624616130215,0.9756346435630914
1,0,0.9320115090671652,0.24840444197310227,0.8640230181343302
1,1,0.7794108820270957,0.5276525776396532,0.5588217640541915
0,1,0.8019087771572074,0.49774488350179674,0.603817554314415
1,0,0.934894899512231,0.24078922536106034,0.8697897990244621
1,0,0.9382483466078381,0.23176030175509774,0.8764966932156761
0,0,0.9344505405956051,0.24197157051939705,0.8689010811912101
1,1,0.7793547618836981,0.5277234053788081,0.558709523767396
0,1,0.8094318693754127,0.48704571200391716,0.6188637387508253
1,0,0.9840698008160059,0.08174630961859289,0.9681396016320117
1,0,0.9783146312407767,0.10452771854192454,0.9566292624815534
0,1,0.7508675429477513,0.5613800427092374,0.5017350858955024
1,0,0.9395886058200509,0.22809799091316624,0.8791772116401017
0,1,0.8286612769608864,0.45800259123609255,0.6573225539217729
0,0,0.9619013378268279,0.16185379007902323,0.9238026756536557
1,0,0.6812421995246571,0.6259295745288185,0.36248439904931434
0,1,0.7881361536515223,0.5164156807133716,0.5762723073030448
0,0,0.9720107691389128,0.12768150886575816,0.9440215382778256
0,0,0.9707960145231629,0.13196416129381502,0.9415920290463259
1,1,0.8287292529418149,0.45789543332512217,0.6574585058836298
1,0,0.9794814994923289,0.10005022316170784,0.9589629989846579
1,0,0.9593002110546778,0.17016177363657597,0.9186004221093556
0,0,0.9872357950953737,0.0683485018663254,0.9744715901907475
1,0,0.9762953970365942,0.11212606584165627,0.9525907940731884
0,1,0.7875796515054451,0.5171458458606785,0.57515930301089
1,0,0.9383059852667879,0.23160344439953365,0.8766119705335759
0,1,0.8316736571753436,0.4532224645031895,0.6633473143506873
0,1,0.8338061928909362,0.44979936521095043,0.6676123857818723
1,0,0.9383920691931139,0.23136906945668456,0.8767841383862276
1,1,0.7617205618205117,0.5490885434600733,0.5234411236410235
0,0,0.9396237473097951,0.2280015424940322,0.8792474946195903
1,0,0.9834720832590201,0.08419972875337217,0.9669441665180404
1,0,0.9313700231007374,0.2500806189287447,0.8627400462014749
0,0,0.9840055703173051,0.08201103139731053,0.9680111406346101
0,0,0.9385218412454791,0.2310155054573444,0.8770436824909582
1,1,0.7866881547810395,0.5183116879895632,0.573376309562079
0,0,0.6706944271241566,0.6336857618878211,0.3413888542483132
1,1,0.7792831870034584,0.5278137115552985,0.5585663740069171
1,1,0.77952038728812,0.527514321216504,0.5590407745762401
0,1,0.7811300586677407,0.5254739586311082,0.5622601173354815
0,0,0.9615961874230873,0.16283777196582572,0.9231923748461746
0,1,0.8176680511961844,0.4749111718299346,0.6353361023923688
1,0,0.9593002445547575,0.17016166777694053,0.918600489109515
0,0,0.9612522853881831,0.16394369036811646,0.9225045707763663
1,0,0.9839861472310664,0.08209103070446444,0.9679722944621327
1,0,0.9740546627624409,0.12035203981541774,0.9481093255248817
1,0,0.6785136383234418,0.6279847627897788,0.35702727664688366
0,0,0.9807382535229595,0.09515188896140989,0.9614765070459191
0,1,0.7879530262367496,0.5166561597486174,0.5759060524734991
0,1,0.8156250039448065,0.47796306648522324,0.631250007889613
0,0,0.6765825660750182,0.6294186374919275,0.35316513215003636
0,0,0.9342832701874025,0.24241580549693514,0.8685665403748053
1,0,0.990846850949872,0.052072875445484945,0.981693701899744
1,0,0.9878249298324394,0.06577280270013353,0.9756498596648787
0,1,0.778725426026227,0.5285164198874803,0.5574508520524539
1,0,0.9772545708486696,0.10853962156102469,0.9545091416973391
0,1,0.815868484661301,0.4776008176252271,0.6317369693226019
0,1,0.810062045440806,0.48613298563329566,0.6201240908816119
1,0,0.9368781928594828,0.23547225445673423,0.8737563857189655
0,1,0.8095703992678992,0.4868452908405264,0.6191407985357983
1,0,0.6812421995246571,0.6259295745288185,0.36248439904931434
1,1,0.8028145339666881,0.49647580820477843,0.6056290679333762
0,0,0.939670643834265,0.22787279760186704,0.87934128766853
1,1,0.7792505100371389,0.5278549302488562,0.5585010200742778
1,1,0.7521101689347937,0.5600049905454161,0.5042203378695875
0,1,0.7953279844571164,0.5068113940715406,0.5906559689142329
0,1,0.8020579447595386,0.4975362372840363,0.6041158895190772
0,1,0.8049256667752519,0.49349770696372736,0.6098513335505037
1,0,0.9336248800517318,0.24415993433231614,0.8672497601034637
0,1,0.7956697390183836,0.50634715604799,0.5913394780367671
0,1,0.7944610796022621,0.5079857777785831,0.588922159204524
1,1,0.7879204269018566,0.5166989474547544,0.5758408538037133
0,0,0.9718744982417833,0.12816459554016307,0.9437489964835665
1,0,0.96840924017742,0.1402290522270369,0.93681848035484
1,0,0.9382127939523262,0.23185702585339085,0.8764255879046523
1,0,0.9382709257590379,0.23169886187960662,0.8765418515180757
0,0,0.9825264551926789,0.08803659661884033,0.9650529103853578
1,0,0.9824713642575709,0.08825849389623594,0.9649427285151416
1,0,0.9382547831344374,0.23174278829143766,0.876509566268875
0,1,0.8711442580085343,0.38420571613414584,0.7422885160170687
0,1,0.8096968879956395,0.48666218177841836,0.619393775991279
0,0,0.9630747723149696,0.1580461090402182,0.9261495446299394
0,1,0.7947925081340074,0.507537340451171,0.5895850162680147
1,0,0.9799905455891896,0.09807590586772995,0.9599810911783794
1,1,0.7790993097157466,0.5280455733860192,0.558198619431493
1,1,0.7786025625478996,0.5286709695743242,0.5572051250957993
1,0,0.9911003192074507,0.05088193824426842,0.9822006384149015
1,0,0.6667535571193651,0.6364539234343799,0.33350711423873036
0,1,0.7947756035613158,0.5075602293717347,0.589551207122632
0,0,0.6765825660750182,0.6294186374919275,0.35316513215003636
1,0,0.9331592694381152,0.24538914812163698,0.8663185388762304
1,0,0.9821801685799624,0.08942846759153365,0.9643603371599249
1,0,0.6828120339537981,0.6247316274299985,0.3656240679075963
1,0,0.9790210002734937,0.10182513577949953,0.9580420005469875
0,0,0.9602902942471757,0.16702047716149263,0.9205805884943514
0,1,0.8089739140170978,0.4877073839042878,0.6179478280341955
0,1,0.7960871438693632,0.505779180355451,0.5921742877387266
1,0,0.9800047603486536,0.09802058628008663,0.960009520697307
0,1,0.7999276848124957,0.5005026573341805,0.5998553696249913
1,0,0.9680824050355987,0.1413460002527654,0.9361648100711975
1,1,0.8164103870749089,0.4767931619899154,0.6328207741498175
1,0,0.6803905962626428,0.6265746864839834,0.36078119252528545
0,0,0.9701592675038982,0.13418810202441564,0.9403185350077965
1,0,0.9874760590094954,0.0673014660698108,0.9749521180189907
1,1,0.778713644626809,0.5285312434796396,0.5574272892536181
0,1,0.7968666142524168,0.5047156561103041,0.5937332285048336
1,0,0.9382047275736761,0.2318789681044366,0.8764094551473524
0,1,0.8098310910484294,0.4864677916904996,0.6196621820968587
0,1,0.8179256999583691,0.47452431429181474,0.6358513999167381
1,0,0.6812421995246571,0.6259295745288185,0.36248439904931434
1,0,0.9772545708486696,0.10853962156102469,0.9545091416973391
1,1,0.8036968287337874,0.495234623411935,0.6073936574675748
0,1,0.7895797167744004,0.5145129824418304,0.5791594335488008
1,0,0.9806917870313681,0.09533445374467842,0.961383574062736
0,1,0.8165832954015505,0.47653504596191987,0.6331665908031008
1,0,0.9710331047529016,0.13113244793317358,0.9420662095058032
0,0,0.9615947766921111,0.16284231511032415,0.9231895533842222
0,1,0.7777475430930566,0.5297440733066578,0.555495086186113
0,1,0.8239168880686927,0.46540185416686647,0.6478337761373852
0,0,0.9628794248568895,0.15868264758181277,0.925758849713779
1,0,0.9860761525934305,0.07333910154739424,0.9721523051868611
1,0,0.9698891669264804,0.13512722406805694,0.9397783338529608
1,1,0.7682605038701187,0.5413696664394154,0.5365210077402371
0,1,0.8031053857452916,0.4960671911293292,0.6062107714905832
1,1,0.7966006941494701,0.5050789038582604,0.5932013882989402
1,1,0.7803937762411519,0.5264091200848793,0.5607875524823039
1,0,0.704757339297868,0.6067793677867648,0.4095146785957361
0,0,0.9606087467661608,0.16600466893977192,0.9212174935323216
0,1,0.8071522370291547,0.49032600242287805,0.6143044740583096
1,1,0.8091467671052596,0.4874577985518229,0.6182935342105191
1,0,0.9801442406395281,0.09747722262755572,0.9602884812790561
0,1,0.8011285002992247,0.49883400457783844,0.6022570005984493
1,0,0.9787771713260084,0.10276073616256043,0.9575543426520167
0,1,0.7919821398444067,0.5113186145634736,0.5839642796888133
0,0,0.9842294592856257,0.08108714536377531,0.9684589185712512
0,0,0.9470575367525546,0.20708965445587865,0.8941150735051092
1,0,0.9834720832590201,0.08419972875337217,0.9669441665180404
1,1,0.779528706414806,0.5275038150096025,0.5590574128296117
1,0,0.6819104756885226,0.625420999237088,0.36382095137704507
1,0,0.6803905962626428,0.6265746864839834,0.36078119252528545
1,0,0.9593002110546778,0.17016177363657597,0.9186004221093556
0,1,0.7872483004681244,0.517579719392888,0.5744966009362489
1,0,0.9858656401982068,0.07423430597471219,0.9717312803964137
1,1,0.780066578547771,0.5268236822855443,0.5601331570955421
1,0,0.9829356868954776,0.08638270714415523,0.9658713737909551
0,1,0.7892697772755429,0.5149225555600566,0.5785395545510857
1,0,0.9731254234391276,0.12370408554236123,0.9462508468782551
1,0,0.6686605082149668,0.6351231890306157,0.3373210164299335
0,1,0.7882231621130165,0.5163013526747362,0.576446324226033
0,1,0.7813933982579396,0.5251387182841583,0.5627867965158794
1,1,0.8284969662639279,0.4582614776189865,0.6569939325278557
1,0,0.9809273470948657,0.09440776687981323,0.9618546941897315
0,1,0.7870242597826153,0.5178727084407718,0.5740485195652307
0,0,0.9606103780846121,0.1659994584352971,0.9212207561692244
1,1,0.7871585696859179,0.5176971007247124,0.5743171393718359
1,0,0.9593420917919878,0.17002940882593526,0.9186841835839757
1,0,0.9742125256532453,0.11977921774805161,0.9484250513064906
1,0,0.6825230128008601,0.6249530343770495,0.3650460256017202
1,0,0.6803905962626428,0.6265746864839834,0.36078119252528545
1,0,0.6711788244413868,0.633340665422324,0.3423576488827735
1,0,0.9790341205335773,0.10177471001958363,0.9580682410671546
0,0,0.6765825660750182,0.6294186374919275,0.35316513215003636
1,1,0.7892010595725902,0.5150132851150235,0.5784021191451806
1,0,0.9732455181273303,0.12327274966028884,0.9464910362546606
1,0,0.9383327793345193,0.23153050771451908,0.8766655586690388
0,1,0.8472617512857559,0.4274295989379701,0.6945235025715116
0,0,0.9625442799596159,0.1597722311220762,0.9250885599192317
0,1,0.7946527120037932,0.5077265728221714,0.5893054240075862
1,1,0.7783466840451515,0.5289925574960503,0.556693368090303
1,0,0.9382009296801505,0.23188929878715703,0.876401859360301
0,0,0.9215189209991117,0.27504387474750536,0.8430378419982235
1,0,0.9889408317453684,0.060813762478333415,0.9778816634907368
1,0,0.9612490910121063,0.16395394790018405,0.9224981820242127
1,0,0.9828121309931195,0.08688309371148177,0.965624261986239
1,0,0.9867711375990329,0.07036048932955963,0.9735422751980658
1,1,0.7786605789865438,0.5285980017441628,0.5573211579730877
0,0,0.9383582117509827,0.231461266131384,0.8767164235019652
1,0,0.9638212631735023,0.1556037398982129,0.9276425263470045
0,1,0.8018785783418212,0.4977871066447641,0.6037571566836422
0,1,0.815662443403429,0.47790738998632226,0.6313248868068579
1,0,0.9743129131532192,0.11941443556492437,0.9486258263064384
0,1,0.8125861847811365,0.482451164856317,0.6251723695622733
1,0,0.9810140768849716,0.09406582911404891,0.9620281537699431
0,1,0.8496275377802969,0.4233546175039468,0.6992550755605936
0,0,0.9615947920625948,0.16284226561122017,0.9231895841251897
0,1,0.7881693199359456,0.5163721059752302,0.5763386398718914
0,0,0.9684112576851992,0.14022214665485866,0.9368225153703984
0,1,0.8079228406451615,0.4892208882198912,0.615845681290323
1,1,0.8112598480362506,0.484391006783808,0.6225196960725011
0,1,0.80693471951481,0.4906372509978568,0.61386943902962
1,1,0.7779599327176211,0.5294779060895274,0.5559198654352423
0,1,0.7947495937247121,0.5075954434675685,0.5894991874494243
0,0,0.965078366592215,0.15145446330835421,0.9301567331844302
0,0,0.960454481662339,0.16649708122900775,0.9209089633246781
0,0,0.8091428684764417,0.4874634299768128,0.6182857369528832
0,0,0.9383411176779524,0.23150780720660996,0.8766822353559046
1,1,0.7718319231026564,0.5370533158530781,0.5436638462053129
0,1,0.8461256872469448,0.4293710227280387,0.6922513744938896
0,0,0.9589745855928663,0.1711893895408707,0.9179491711857326
1,0,0.9382275552426561,0.23181686912418403,0.8764551104853123
0,0,0.9628772228291431,0.15868981678077904,0.9257544456582862
1,0,0.9324811581950971,0.24717315322506758,0.8649623163901945
0,1,0.7832965029616042,0.5227039104323011,0.5665930059232084
1,0,0.9834720832590201,0.08419972875337217,0.9669441665180404
0,1,0.788884333482836,0.5154310990116875,0.5777686669656722
1,0,0.9621760143430648,0.16096590126665855,0.9243520286861295
1,0,0.9763679237377882,0.1118562908486836,0.9527358474755764
1,1,0.7873602328368066,0.5174332276660973,0.5747204656736131
1,0,0.9908173077766034,0.05221122125138415,0.9816346155532067
1,0,0.9593002109269123,0.17016177404031224,0.9186004218538246
0,1,0.7948899968261481,0.5074053058256262,0.5897799936522962
1,0,0.6997170659171926,0.6111038409328304,0.39943413183438536
1,1,0.771893850724007,0.5369778347458284,0.5437877014480137
1,0,0.9593002110546778,0.17016177363657597,0.9186004221093556
0,1,0.809982924606908,0.48624772320828025,0.6199658492138161
1,0,0.9593002130649216,0.17016176728424304,0.9186004261298433
0,0,0.9395851264540447,0.2281075391067724,0.8791702529080895
0,0,0.9615930622932714,0.16284783611996798,0.9231861245865428
0,1,0.8120939917110864,0.48317236945902964,0.624187983422173
1,0,0.7056015189322487,0.6060431708629404,0.41120303786449736
0,0,0.961901326567966,0.1618538264308769,0.9238026531359321
0,0,0.9397996034683184,0.22751856498711248,0.8795992069366367
1,1,0.7789831712102956,0.5281919181137431,0.5579663424205912
0,0,0.9650798115754452,0.1514496672294901,0.9301596231508903
1,0,0.9606085451573566,0.16600531288247383,0.9212170903147131
1,0,0.967365499017884,0.14378394096759212,0.9347309980357682
0,0,0.9589746182828761,0.17118928651264112,0.9179492365657522
0,0,0.9628778694205653,0.15868771167034917,0.9257557388411306
0,1,0.7884022905217419,0.5160658373588611,0.5768045810434839
1,0,0.9908173077766034,0.05221122125138415,0.9816346155532067
0,0,0.9680844480492434,0.14133902909621598,0.9361688960984869
0,1,0.802491731704934,0.496928686812282,0.6049834634098683
1,0,0.6696831799808987,0.6344027759627422,0.3393663599617973
0,0,0.9397439666648373,0.22767142689160114,0.8794879333296745
1,1,0.7750705067141617,0.533076626412876,0.5501410134283232
0,1,0.7872130029386822,0.517625899594578,0.5744260058773646
0,0,0.9381612589720165,0.23199719255202803,0.876322517944033
1,0,0.9381698418257886,0.23197385177489033,0.8763396836515772
1,0,0.7020893054510451,0.6090836308388234,0.40417861090209045
0,1,0.7947067043196478,0.5076535013499569,0.5894134086392956
1,1,0.7794467888260824,0.5276072510149146,0.5588935776521649
0,1,0.7969603431261765,0.5045875180528268,0.593920686252353
1,0,0.9382348917928581,0.23179690931726443,0.8764697835857165
0,1,0.7948101952358203,0.5075133901045492,0.5896203904716405
1,0,0.9325145104907054,0.24708557986375224,0.8650290209814108
0,1,0.8176175594614118,0.4749869325676187,0.6352351189228237
1,0,0.9832219900195451,0.08521970484739778,0.9664439800390903
1,0,0.9659805637875511,0.14844780072618297,0.9319611275751024
0,1,0.8222892546357663,0.46790436914640343,0.6445785092715327
1,0,0.6862585351639532,0.6220616323525622,0.3725170703279065
1,1,0.7872705030759329,0.5175506676307493,0.5745410061518657
1,0,0.9647822402044488,0.15243603979137094,0.9295644804088976
0,1,0.8396637261420629,0.4402270777073991,0.6793274522841256
0,1,0.809362446168774,0.48714610475190456,0.6187248923375478
0,0,0.989116360964824,0.0600236279319886,0.978232721929648
1,0,0.933568533891019,0.24430887402254625,0.8671370677820381
0,0,0.962543561877727,0.15977456231078524,0.9250871237554542
1,0,0.9382305054460446,0.2318088429171405,0.8764610108920892
0,1,0.7957798595612853,0.506197415752522,0.5915597191225703
1,0,0.986413823121485,0.07189639522762795,0.9728276462429699
0,0,0.9606087522287023,0.16600465149228585,0.9212175044574048
0,0,0.9641456727009222,0.1545373735145975,0.9282913454018444
1,0,0.932471963173063,0.24719729355297837,0.8649439263461262
0,0,0.9634659056490619,0.1567683725839158,0.9269318112981237
0,0,0.9644335038904785,0.15358869571104616,0.928867007780957
0,1,0.7868629226362859,0.5180835114967328,0.5737258452725715
1,0,0.9834720832590201,0.08419972875337217,0.9669441665180404
0,0,0.9663167834073595,0.14732101323804359,0.932633566814719
1,0,0.985376036613113,0.07630412470965911,0.9707520732262261
0,1,0.8171555469720775,0.47567936952052825,0.6343110939441552
1,0,0.9927720845986506,0.04283394152873366,0.9855441691973013
1,1,0.7872716929334005,0.5175491106379234,0.574543385866801
1,0,0.938257099134339,0.23173648639777814,0.8765141982686779
1,1,0.7793592292106566,0.5277177679553481,0.5587184584213133
0,1,0.78832667403902,0.5161652802164353,0.5766533480780401
1,0,0.9782807793534739,0.10465663993837138,0.9565615587069478
1,1,0.8021836321580421,0.49736032489698495,0.604367264316084
1,0,0.7020909258045006,0.6090822417572398,0.4041818516090015
1,0,0.9382445111302651,0.23177073755577507,0.8764890222605303
0,1,0.8489745343085786,0.42448374554565727,0.697949068617157
1,0,0.6921927403620376,0.6173349567225546,0.38438548072407513
1,1,0.7865609007356502,0.5184777160449259,0.5731218014713003
1,0,0.9731254234391276,0.12370408554236123,0.9462508468782551
1,0,0.712337039957794,0.6000458499848424,0.424674079915588
0,1,0.8191147595022932,0.4727331677605769,0.6382295190045864
1,0,0.9834720832590201,0.08419972875337217,0.9669441665180404
1,0,0.9900550614541573,0.05574836697552924,0.9801101229083146
1,0,0.9698891669264804,0.13512722406805694,0.9397783338529608
1,0,0.9809182704119211,0.09444352901364382,0.9618365408238424
1,0,0.9806730115536333,0.09540818940278767,0.9613460231072666
1,1,0.7792969844468634,0.5277963056096098,0.5585939688937269
0,0,0.9347904421953699,0.24106745510855687,0.8695808843907398
0,1,0.809323282654914,0.4872027252426042,0.6186465653098281
1,1,0.7872309104969485,0.5176024718404794,0.574461820993897
0,0,0.9606105116943924,0.16599903167653635,0.9212210233887848
0,0,0.9631766389763082,0.15771375178326355,0.9263532779526165
1,0,0.9695884891525817,0.1361697236597376,0.9391769783051634
1,1,0.8026353122073724,0.49672733035916794,0.6052706244147447
1,0,0.933128670084495,0.24546980856860057,0.8662573401689899
0,0,0.6940013506898232,0.6158615911265447,0.38800270137964654
1,0,0.9593002433943545,0.1701616714437929,0.9186004867887091
0,1,0.795619154394759,0.5064159152730581,0.5912383087895182
1,0,0.6828120339537981,0.6247316274299985,0.3656240679075963
1,0,0.7441966106473726,0.568621465043514,0.48839322129474516
0,1,0.8019904341173046,0.49763068426198975,0.6039808682346095
1,0,0.6686605082149668,0.6351231890306157,0.3373210164299335
1,1,0.7792660834891642,0.5278352866858658,0.5585321669783282
0,1,0.7863186096662965,0.5187935660046977,0.5726372193325932
1,1,0.8037046751921545,0.4952235631483408,0.6074093503843089
0,1,0.7868593566303315,0.5180881690853179,0.573718713260663
0,0,0.9656697227621391,0.14948647478766708,0.9313394455242783
1,0,0.9663146561286775,0.14732815336245839,0.932629312257355
1,0,0.9865812181825354,0.07117805382475811,0.9731624363650707
0,1,0.8028911158234985,0.4963682703616564,0.605782231646997
1,0,0.7261544621470275,0.5870462957928773,0.4523089242940551
0,1,0.8108302516561045,0.4850168493104317,0.6216605033122089
0,1,0.8509709212748618,0.42102122333091824,0.7019418425497237
1,0,0.9337956060261464,0.24370834175757317,0.8675912120522931
0,0,0.9843037790749466,0.080779750307928,0.9686075581498932
0,1,0.7956023704320455,0.5064387260860788,0.591204740864091
0,0,0.9595467210365596,0.16938202702581115,0.9190934420731192
0,0,0.9383195248404373,0.23156658959692147,0.8766390496808746
1,0,0.9653908942730302,0.15041569855070835,0.9307817885460604
0,1,0.7948369215248803,0.5074771960315516,0.5896738430497606
1,0,0.9668873681823452,0.14540082126739967,0.9337747363646904
1,0,0.9939765493737955,0.036797724883272945,0.987953098747591
1,0,0.9593002200088707,0.17016174534149364,0.9186004400177415
0,1,0.764189796958365,0.5462021208428247,0.52837959391673
0,1,0.7895797167744004,0.5145129824418304,0.5791594335488008
1,0,0.9732455181273303,0.12327274966028884,0.9464910362546606
1,1,0.7786346289238244,0.5286306418002744,0.5572692578476488
1,1,0.774378050199781,0.5339319365645916,0.5487561003995622
1,1,0.7792882362617994,0.5278073418720055,0.558576472523599
0,1,0.8286805060802158,0.45797228159125714,0.6573610121604316
1,0,0.6936800685028032,0.6161244439463358,0.38736013700560634
0,1,0.7882334479842056,0.516287834170324,0.5764668959684112
1,0,0.9650783556969782,0.15145449947076356,0.9301567113939565
1,0,0.6696831799808987,0.6344027759627422,0.3393663599617973
1,1,0.794994121656665,0.5072642191101827,0.5899882433133302
0,0,0.9625460294239169,0.15976655158262396,0.9250920588478336
1,0,0.9807262625026277,0.09519901207906133,0.9614525250052554
1,0,0.9650783556969782,0.15145449947076356,0.9301567113939565
0,0,0.9612508734051596,0.1639482244519913,0.9225017468103192
0,0,0.9901040233716246,0.05552298610117818,0.9802080467432492
1,0,0.9676944527823309,0.1426673293387174,0.9353889055646617
0,0,0.9397725135456995,0.22759300127725396,0.8795450270913989
0,0,0.9666168209579743,0.14631255272007196,0.9332336419159486
0,0,0.9603455833357832,0.16684430592975613,0.9206911666715665
0,0,0.9606087350250154,0.1660047064412632,0.9212174700500309
0,0,0.6765825660750182,0.6294186374919275,0.35316513215003636
1,0,0.981030676429669,0.09400033835377035,0.962061352859338
1,0,0.9736273298454764,0.12189773105734618,0.9472546596909526
1,1,0.7875487874299697,0.5171862872187513,0.5750975748599394
0,1,0.7858519879805521,0.5194008685991647,0.5717039759611044
1,0,0.9840698008160059,0.08174630961859289,0.9681396016320117
1,0,0.9809583936041365,0.09428541031911408,0.9619167872082729
0,1,0.7737626885055549,0.5346897172534858,0.5475253770111095
1,0,0.9663146561286775,0.14732815336245839,0.932629312257355
1,0,0.9647328979739795,0.15259934412749987,0.9294657959479591
0,1,0.9344271446410953,0.24203373269969836,0.8688542892821908
0,0,0.9385257479812068,0.23100485703179946,0.8770514959624135
0,1,0.794621126398177,0.5077693114872991,0.589242252796354
1,1,0.810456445119168,0.4855604373039468,0.6209128902383358
1,0,0.9827039415983468,0.08732050542728198,0.9654078831966937
1,1,0.788170749546985,0.5163702275664765,0.57634149909397
1,1,0.8405140012159953,0.4388165644234407,0.6810280024319908
0,0,0.9807110134295084,0.095258927924408,0.9614220268590167
1,0,0.9382291382332156,0.2318125625211404,0.8764582764664313
1,0,0.9698891669264804,0.13512722406805694,0.9397783338529608
0,1,0.8091345922689728,0.4874753843258608,0.6182691845379455
1,0,0.9881070812469784,0.06452909741393366,0.9762141624939569
1,0,0.9808528612414483,0.09470111114617881,0.9617057224828967
0,1,0.8253488247334936,0.4631851314713633,0.6506976494669872
1,0,0.9917449095152113,0.04781997498589441,0.9834898190304227
0,1,0.8401811650029282,0.43936934436862574,0.6803623300058564
1,0,0.9395881042623293,0.22809936731794644,0.8791762085246588
1,0,0.9382545704655502,0.23174336696415795,0.8765091409311004
1,0,0.9710331047529016,0.13113244793317358,0.9420662095058032
1,0,0.9638212143712196,0.15560390008846492,0.9276424287424393
0,1,0.7817104080523208,0.524734615374516,0.5634208161046417
0,0,0.937774873423393,0.2330466420534335,0.8755497468467861
1,0,0.9641432549686156,0.1545453320683836,0.9282865099372314
1,0,0.9731254234391276,0.12370408554236123,0.9462508468782551
1,0,0.9695884891525817,0.1361697236597376,0.9391769783051634
1,0,0.7153346200313294,0.5973057884902084,0.4306692400626591
1,1,0.778958734926715,0.5282227000024324,0.5579174698534299
0,1,0.7870748164965375,0.5178066191052785,0.5741496329930752
0,1,0.7949124969374192,0.5073748243330449,0.5898249938748382
0,1,0.787068827671195,0.5178144486834606,0.57413765534239
0,1,0.794821560808604,0.5074979988145625,0.589643121617208
0,1,0.8152739037872032,0.47848473678465187,0.6305478075744065
1,0,0.685114036946182,0.622954374238011,0.3702280738923639
0,1,0.7880937774491947,0.5164713460986345,0.5761875548983896
0,1,0.7957384576220206,0.5062537222526516,0.5914769152440411
1,0,0.9861089337127367,0.07319941053503133,0.9722178674254732
0,1,0.8118692747565113,0.48350111645886135,0.6237385495130224
0,0,0.9626486059222393,0.159433394085458,0.9252972118444787
0,0,0.9616891652296657,0.16253822557939682,0.9233783304593315
1,0,0.9593002110546778,0.17016177363657597,0.9186004221093556
1,1,0.7869266942767208,0.51800020604925,0.5738533885534416
1,0,0.9834720832590201,0.08419972875337217,0.9669441665180404
0,0,0.9192199428709034,0.280670420435037,0.8384398857418067
1,1,0.7883301625719615,0.5161606932182637,0.5766603251439227
1,0,0.9373055737858127,0.23431785239334144,0.8746111475716253
0,0,0.9383496369741282,0.23148461282745278,0.8766992739482565
1,1,0.7782740708505874,0.5290837485647365,0.5565481417011748
1,0,0.9656141232467721,0.149671952328176,0.9312282464935442
0,1,0.7869065909882453,0.5180264697670706,0.5738131819764907
0,0,0.964145798657039,0.15453695889477737,0.9282915973140781
1,0,0.9761374813103176,0.11271267405387474,0.9522749626206354
0,1,0.815846607366469,0.47763338263708677,0.631693214732938
0,0,0.9326799120957442,0.24665102233550854,0.8653598241914884
1,0,0.9698891669264804,0.13512722406805694,0.9397783338529608
0,1,0.8402258419430084,0.4392951921290522,0.6804516838860168
1,0,0.9401318639666931,0.2266045398840216,0.8802637279333863
1,1,0.7842527623407678,0.5214724386069305,0.5685055246815355
1,1,0.7870922996589801,0.5177837610134576,0.5741845993179603
0,1,0.7790423624437743,0.5281173417465358,0.5580847248875488
1,0,0.9756542952655889,0.11450094087302012,0.9513085905311778
0,1,0.7737642547163568,0.5346877913072473,0.5475285094327138
1,0,0.9788065818817144,0.10264803682992951,0.9576131637634288
1,0,0.9647822402044488,0.15243603979137094,0.9295644804088976
1,0,0.9368260252357175,0.23561295293840565,0.8736520504714346
1,0,0.988583487768924,0.06241366624171988,0.9771669755378479
0,1,0.7934285896029505,0.5093784736279943,0.5868571792059011
0,0,0.9382760875258235,0.23168481501776542,0.8765521750516472
1,0,0.9381921189049869,0.2319132640941745,0.8763842378099738
1,0,0.9698891669264804,0.13512722406805694,0.9397783338529608
1,0,0.9784564175070284,0.10398715240101482,0.9569128350140568
1,0,0.9832219900195451,0.08521970484739778,0.9664439800390903
0,0,0.9382246264420258,0.2318248369551818,0.8764492528840515
0,1,0.7882560941771289,0.516258068520755,0.5765121883542579
0,1,0.745906855365532,0.5667874077376268,0.49181371073106395
1,0,0.6765295215305099,0.6294577838051953,0.35305904306102004
0,1,0.7958240388928758,0.5061373203754098,0.5916480777857516
1,0,0.9382129988626919,0.2318564684393643,0.8764259977253839
0,1,0.8099625141773461,0.48627731492104775,0.6199250283546923
1,0,0.9382505053107694,0.2317544281131907,0.8765010106215385
1,0,0.9391988274133793,0.22916631031439727,0.8783976548267589
0,1,0.785844538332437,0.5194105537295662,0.5716890766648739
0,1,0.8091645319792661,0.4874321366029549,0.6183290639585324
0,0,0.9406517507515328,0.2251704286858096,0.8813035015030657
0,0,0.9429413179633132,0.21879648284586278,0.8858826359266263
1,0,0.9834720832590201,0.08419972875337217,0.9669441665180404
0,0,0.9383024098661975,0.23161317613332197,0.8766048197323949
0,0,0.9678210979656233,0.14223651971598858,0.9356421959312466
1,0,0.9331676322991124,0.24536710085778668,0.8663352645982247
0,1,0.8160352839122349,0.47735242715319404,0.6320705678244699
0,0,0.9630749861606107,0.1580454116384597,0.9261499723212214
0,0,0.9821350982191259,0.08960911754406521,0.9642701964382517
0,0,0.9644335038904785,0.15358869571104616,0.928867007780957
0,0,0.9584126608912499,0.17295639680471855,0.9168253217824998
0,1,0.8186134027643833,0.47348954999842807,0.6372268055287669
0,0,0.9684110800313972,0.14022275473773352,0.9368221600627944
0,1,0.8021783147937211,0.49736776910935343,0.6043566295874423
0,1,0.84935462308524,0.4238269278304233,0.6987092461704799
0,0,0.9459171151040572,0.21036592382042818,0.8918342302081145
1,0,0.9382794953415635,0.23167554098035104,0.876558990683127
0,0,0.9397242384226859,0.22772561703031963,0.8794484768453718
1,0,0.6862585351639532,0.6220616323525622,0.3725170703279065
0,0,0.9396838212920952,0.2278366145843852,0.8793676425841902
1,0,0.958972861096776,0.17119482455055837,0.9179457221935521
0,1,0.8214615609771342,0.46917000082316773,0.6429231219542684
0,1,0.7884052745166434,0.5160619124192093,0.5768105490332868
1,1,0.795347870049274,0.5067844012315937,0.590695740098548
0,1,0.787315598190255,0.517491652324243,0.57463119638051
1,1,0.7871368469507756,0.5177255100969591,0.5742736939015509
1,1,0.7946508441529846,0.5077291003919497,0.5893016883059692
1,0,0.9745460386211555,0.11856576203962871,0.949092077242311
1,0,0.9780184831251574,0.10565374616067641,0.9560369662503148
1,1,0.8091067739413308,0.4875155625229348,0.6182135478826614
1,0,0.9730945829669976,0.12381476406574872,0.9461891659339953
1,0,0.961901326567966,0.1618538264308769,0.9238026531359321
0,1,0.8219781068176243,0.46838069628031576,0.6439562136352484
0,1,0.8062338145386769,0.49163812014836455,0.6124676290773539
0,1,0.7968292226658249,0.5047667595273151,0.5936584453316498
1,0,0.9647822402044488,0.15243603979137094,0.9295644804088976
1,0,0.9762953970365942,0.11212606584165627,0.9525907940731884
1,0,0.6711788244413868,0.633340665422324,0.3423576488827735
1,1,0.7865590395162233,0.5184801436577435,0.5731180790324466
1,1,0.775002633707577,0.533160583446307,0.5500052674151543
1,0,0.9721520830930555,0.12717982335171427,0.944304166186111
1,1,0.7792375809386533,0.5278712372871897,0.5584751618773063
1,0,0.9923000815399667,0.04514220154556163,0.9846001630799336
1,0,0.96840924017742,0.1402290522270369,0.93681848035484
1,0,0.9672903559144924,0.14403852708791554,0.934580711828985
1,1,0.781419800412155,0.5251050850487402,0.5628396008243101
0,1,0.8029524414725145,0.4962821288846935,0.605904882945029
0,0,0.9591176296088724,0.1707383012660706,0.9182352592177447
1,0,0.9865812181825354,0.07117805382475811,0.9731624363650707
1,0,0.6765295215305099,0.6294577838051953,0.35305904306102004
0,1,0.8029333390577236,0.4963089637661101,0.6058666781154471
0,1,0.8288663516666597,0.45767921068367845,0.6577327033333193
0,1,0.7873296541397643,0.5174732550293133,0.5746593082795285
0,1,0.779100038345497,0.5280446550011153,0.5582000766909938
0,1,0.8068916575011447,0.49069883295885636,0.6137833150022896
1,1,0.780071637956974,0.5268172767236479,0.560143275913948
1,0,0.9737048303863723,0.12161793775718914,0.9474096607727448
1,1,0.7625522284189278,0.5481201271080164,0.5251044568378554
0,0,0.9650798299460681,0.15144960625471116,0.9301596598921363
0,1,0.7792652739135961,0.5278363078781938,0.5585305478271925
1,0,0.6811369076866921,0.6260095167147972,0.3622738153733844
1,1,0.778983441988357,0.5281915770007062,0.5579668839767138
1,0,0.9840698008160059,0.08174630961859289,0.9681396016320117
1,0,0.9890083219850543,0.060510294884181526,0.9780166439701086
0,1,0.83355471657112,0.45020472978975645,0.66710943314224
0,1,0.8226324732529745,0.4673781772594834,0.6452649465059491
0,1,0.7789462533772139,0.5282384214179929,0.5578925067544276
1,0,0.6765295215305099,0.6294577838051953,0.35305904306102004
0,0,0.9604556098439458,0.16649348236457528,0.9209112196878917
0,0,0.961901326567966,0.1618538264308769,0.9238026531359321
1,1,0.8019352944146597,0.49770780307681317,0.6038705888293192
1,0,0.980700511247222,0.09530018539050741,0.961401022494444
0,1,0.7968895849557645,0.5046842575609853,0.593779169911529
1,0,0.986689778781021,0.07071105854992811,0.9733795575620422
0,1,0.8029715661542969,0.49625526041249635,0.6059431323085935
0,0,0.9412847140072033,0.22341785570635672,0.8825694280144065
0,0,0.9383241336733371,0.23155404360289555,0.8766482673466742
1,0,0.986413823121485,0.07189639522762795,0.9728276462429699
1,1,0.7790282238038114,0.5281351571873172,0.5580564476076229
1,0,0.9763032012020784,0.11209704788954311,0.9526064024041568
0,0,0.933291463834401,0.24504050871836913,0.866582927668802
1,0,0.6862585351639532,0.6220616323525622,0.3725170703279065
0,1,0.7793589176426547,0.5277181611339979,0.5587178352853095
1,0,0.9790210002734937,0.10182513577949953,0.9580420005469875
0,1,0.7966846373119546,0.5049642843774722,0.5933692746239091
0,1,0.809056191442851,0.48758860632700585,0.6181123828857021
0,1,0.9231862757506344,0.2709175576148637,0.8463725515012687
1,0,0.9819594844275619,0.09031190680612942,0.9639189688551238
1,0,0.6841065760390109,0.6237351978670641,0.3682131520780218
0,0,0.9383363496875807,0.23152078784606622,0.8766726993751615
1,0,0.7441970170072013,0.5686210310929949,0.4883940340144027
0,1,0.7972006159423609,0.5042587896987332,0.5944012318847217
1,0,0.9382704090342334,0.23170026803208987,0.876540818068467
1,0,0.9769026738589238,0.10986011745744083,0.9538053477178476
1,0,0.6997170659171926,0.6111038409328304,0.39943413183438536
1,0,0.9373547445903273,0.23418483773192159,0.8747094891806544
0,0,0.6765825660750182,0.6294186374919275,0.35316513215003636
1,0,0.9396086897289921,0.2280428718034862,0.8792173794579843
1,0,0.9834720832590201,0.08419972875337217,0.9669441665180404
1,0,0.984632034298147,0.07941774996564274,0.969264068596294
0,0,0.9325296246753055,0.2470458886214493,0.865059249350611
1,0,0.6851885094843413,0.6228964683124624,0.37037701896868264
1,0,0.6618071948907858,0.6398294926036148,0.3236143897815716
1,0,0.9383239528778117,0.23155453576468732,0.8766479057556235
0,1,0.7833976029268345,0.5225739687609751,0.5667952058536689
1,0,0.9879382528057414,0.0652740863343165,0.9758765056114828
1,0,0.9384826456541587,0.23112232459750545,0.8769652913083175
0,1,0.7789784410201965,0.5281978769085589,0.5579568820403931
1,0,0.9855936160807799,0.0753863857141088,0.9711872321615598
0,1,0.7866251866236559,0.5183938544557616,0.5732503732473117
0,0,0.9821435553106131,0.08957522886282977,0.9642871106212263
1,0,0.6845176386978387,0.6234171750800713,0.3690352773956772
1,0,0.9593002423524272,0.17016167473626465,0.9186004847048543
1,1,0.7786630236162742,0.5285949266811818,0.5573260472325483
1,0,0.6812421995246571,0.6259295745288185,0.36248439904931434
0,1,0.6682727161203199,0.6353951313284193,0.33654543224063954
0,0,0.9814297625433815,0.09242132310245352,0.9628595250867631
1,0,0.9707432879744003,0.13214885616379812,0.9414865759488006
1,1,0.7791663484598715,0.5279610630001804,0.5583326969197431
0,1,0.8586252694237245,0.40745119272850494,0.7172505388474489
1,1,0.7850708888628739,0.5204145652706337,0.570141777725748
1,0,0.6899820919537571,0.6191149922493762,0.3799641839075145
0,1,0.8225303350905558,0.467534850620268,0.6450606701811118
1,0,0.6997170659171926,0.6111038409328304,0.39943413183438536
0,1,0.7958590601077529,0.5060896738830517,0.5917181202155057
0,1,0.7803128518083777,0.5265117101333286,0.5606257036167555
0,1,0.7870697295782535,0.5178132695757979,0.5741394591565069
1,1,0.7794015373507875,0.5276643725779564,0.5588030747015751
1,0,0.9804701218838384,0.09620380147109986,0.9609402437676768
0,0,0.938227552587064,0.23181687634881532,0.8764551051741283
1,0,0.6825045123379321,0.6249671936734426,0.36500902467586416
1,0,0.7441970170072013,0.5686210310929949,0.4883940340144027
0,0,0.9599382764672898,0.16814025886145986,0.9198765529345796
0,1,0.8352639458989517,0.4474405479531903,0.6705278917979035
1,1,0.8023929828064539,0.4970670961942709,0.6047859656129076
1,0,0.6889560587288865,0.6199333960726696,0.37791211745777314
1,0,0.9656707627747375,0.1494830044633568,0.9313415255494751
1,0,0.6765825813071503,0.6294186262489282,0.3531651626143011
0,0,0.9619030289526369,0.16184832984677316,0.9238060579052738
1,0,0.985782091251399,0.07458871386338817,0.971564182502798
0,0,0.9715679404941864,0.1292488786816248,0.9431358809883728
0,1,0.7949380352229475,0.5073402231832358,0.5898760704458949
0,0,0.9366813956596594,0.23600278520574686,0.8733627913193186
1,0,0.7127324320975262,0.5996869419837054,0.42546486419505264
0,0,0.9383115938268098,0.23158817824895706,0.8766231876536196
1,0,0.9382727029842691,0.2316940255182841,0.8765454059685381
1,0,0.9381864950675227,0.23192856023119662,0.8763729901350452
0,0,0.9652241797252391,0.15097017867373955,0.9304483594504782
1,0,0.9687209271652875,0.1391606202414064,0.9374418543305749
1,1,0.7793156535699953,0.5277727521116384,0.5586313071399908
0,1,0.802133550473613,0.49743043127176934,0.6042671009472261
1,1,0.7253452301908161,0.5878338120434079,0.4506904603816318
0,0,0.9687228841933699,0.13915390164738126,0.93744576838674
1,0,0.678392334113052,0.6280753371774237,0.3567846682261039
1,0,0.9858662559890546,0.07423169198352814,0.9717325119781094
1,0,0.9630730393965806,0.15805176045393468,0.9261460787931614
1,1,0.7790068140994655,0.528162132346618,0.558013628198931
1,0,0.9382209356872823,0.23183487747909753,0.8764418713745645
1,0,0.9593002808760722,0.17016155300222197,0.9186005617521446
0,1,0.8055612615725003,0.49259554698487173,0.6111225231450007
1,0,0.9827039415983468,0.08732050542728198,0.9654078831966937
1,1,0.7867579985460399,0.5182205219786091,0.57351599709208
1,1,0.7878237117641169,0.5168258518549256,0.5756474235282341
1,0,0.9663146561286775,0.14732815336245839,0.932629312257355
1,0,0.678392334113052,0.6280753371774237,0.3567846682261039
0,1,0.8163625993216337,0.47686446393882603,0.6327251986432674
1,0,0.9593002110546778,0.17016177363657597,0.9186004221093556
1,0,0.9814635996018705,0.09228704482552624,0.9629271992037408
1,1,0.7868433094200854,0.5181091275352434,0.5736866188401707
1,0,0.6965762794363253,0.6137373641807109,0.3931525588726504
1,0,0.9719049734081738,0.12805661874579233,0.9438099468163474
1,0,0.6997170659171926,0.6111038409328304,0.39943413183438536
1,0,0.9809581390933483,0.09428641357438486,0.9619162781866967
1,0,0.9593117382579746,0.17012534618946512,0.9186234765159491
1,1,0.7789979096484163,0.528173350726692,0.5579958192968327
0,1,0.7899313992836425,0.5140475472675123,0.5798627985672851
1,1,0.7792871653193771,0.5278086928875672,0.5585743306387541
0,0,0.96539239697165,0.15041069691037687,0.9307847939433
1,0,0.9731254234391276,0.12370408554236123,0.9462508468782551
1,0,0.9602909441819419,0.1670184066977692,0.920581888363884
0,0,0.9647352943764739,0.1525914145852178,0.9294705887529479
0,1,0.7956404479772778,0.506386973015366,0.5912808959545559
1,0,0.9773062175384571,0.108345350183461,0.9546124350769143
1,0,0.6765295215305099,0.6294577838051953,0.35305904306102004
1,0,0.9731254234391276,0.12370408554236123,0.9462508468782551
1,0,0.6864945009887409,0.6218768160864738,0.3729890019774818
1,0,0.9621760143430648,0.16096590126665855,0.9243520286861295
0,1,0.8027623393037018,0.4965490798105841,0.6055246786074036
0,1,0.7882912352172079,0.516211873840118,0.5765824704344158
1,0,0.9647822402044488,0.15243603979137094,0.9295644804088976
1,0,0.9663146561286775,0.14732815336245839,0.932629312257355
0,0,0.9634668977011384,0.1567651262866704,0.9269337954022769
0,1,0.8196656904495797,0.47190003783977624,0.6393313808991593
1,0,0.9834720832590201,0.08419972875337217,0.9669441665180404
0,1,0.7737593979451195,0.5346937635612952,0.5475187958902392
0,1,0.7354102029189361,0.5778031613990157,0.4708204058378724
1,1,0.8021558155843506,0.497399265617251,0.6043116311687012
1,1,0.7862044942994225,0.5189422054294901,0.572408988598845
1,0,0.9381561775208918,0.2320110107860479,0.8763123550417836
0,0,0.9581446283435778,0.17379644490170204,0.9162892566871557
0,0,0.9413228946674745,0.22331190853416213,0.8826457893349492
1,1,0.8222447035508078,0.467972611722936,0.6444894071016157
0,0,0.9612508792632013,0.1639482056410737,0.9225017585264026
1,0,0.9323866260423103,0.24742127099532674,0.8647732520846207
0,1,0.8179256999583691,0.47452431429181474,0.6358513999167381
1,0,0.990846850949872,0.052072875445484945,0.981693701899744
1,0,0.6862585351639532,0.6220616323525622,0.3725170703279065
1,0,0.9825630152211404,0.08788924125057691,0.9651260304422808
1,0,0.9800047603486536,0.09802058628008663,0.960009520697307
1,0,0.6863579285809223,0.6219838156586974,0.37271585716184447
0,0,0.9893105192471955,0.059146299906715834,0.978621038494391
1,0,0.9814227378135579,0.09244919201518464,0.9628454756271159
1,1,0.7791422103409085,0.5279914950060649,0.558284420681817
1,0,0.9383080258917893,0.23159789000844194,0.8766160517835788
1,0,0.9593002110546778,0.17016177363657597,0.9186004221093556
0,1,0.7895141564653343,0.5145996660618877,0.5790283129306687
1,1,0.7752014402895107,0.5329145905377415,0.5504028805790212
1,0,0.9680877704888612,0.14132769200302564,0.9361755409777223
1,1,0.7777677682936012,0.5297187382789332,0.5555355365872021
1,0,0.9698891669264804,0.13512722406805694,0.9397783338529608
1,0,0.9877832078330339,0.06595614512291316,0.9755664156660679
1,0,0.9773062175384571,0.108345350183461,0.9546124350769143
0,1,0.7781395858203743,0.529252560503616,0.5562791716407487
1,0,0.6670822056225965,0.6362257500448967,0.334164411245193
1,0,0.9659805637875511,0.14844780072618297,0.9319611275751024
0,0,0.9792817407824923,0.10082144007807457,0.9585634815649845
0,1,0.8029491827608595,0.49628670685341836,0.6058983655217188
0,1,0.7918381202317366,0.5115110935898443,0.583676240463473
1,0,0.9863427003167775,0.07220096968653383,0.9726854006335552
0,1,0.8297446606187749,0.45629085516820794,0.65948932123755
0,0,0.9602926030561609,0.16701312205735547,0.920585206112322
1,0,0.9382294392416917,0.23181174360800427,0.8764588784833832
0,1,0.7871186441776699,0.5177493138326561,0.5742372883553399
0,1,0.7680114747755473,0.5416679574214748,0.5360229495510945
0,1,0.7883938167973172,0.5160769828164686,0.5767876335946345
0,1,0.8203888304927514,0.47080337222208546,0.6407776609855027
1,0,0.9907236798371805,0.052649033141564494,0.9814473596743609
0,1,0.8022533367181656,0.4972627233147479,0.6045066734363314
0,0,0.9656722646054103,0.1494779930823578,0.9313445292108208
0,1,0.7876558965287856,0.5170459172029644,0.5753117930575713
1,0,0.9595447946375606,0.16938812656079152,0.9190895892751212
1,0,0.9780957001953545,0.10536054332735559,0.9561914003907092
0,1,0.794619916952395,0.5077709478738373,0.5892398339047901
1,0,0.9644335038904785,0.15358869571104616,0.928867007780957
0,0,0.9382004804569897,0.2318905207064723,0.8764009609139795
0,1,0.781234788283309,0.5253406828318247,0.5624695765666177
1,0,0.9698891669264804,0.13512722406805694,0.9397783338529608
1,0,0.9700781881916232,0.13447027317963414,0.9401563763832463
0,0,0.9384617280872827,0.2311793200287321,0.8769234561745654
1,0,0.9593002110546778,0.17016177363657597,0.9186004221093556
1,1,0.7745576760185195,0.5337103297622618,0.5491153520370392
0,1,0.7840847533120551,0.521689191667857,0.56816950662411
1,0,0.9593002110546778,0.17016177363657597,0.9186004221093556
1,0,0.9608690945130197,0.1651722146095161,0.9217381890260393
0,1,0.8092433298721614,0.48731828579730674,0.6184866597443228
0,1,0.8154477061324997,0.47822660082579815,0.6308954122649995
1,0,0.9653891946843353,0.15042135544614965,0.9307783893686706
1,1,0.7889479694138798,0.5153472011071084,0.5778959388277597
1,1,0.7791828713149832,0.5279402299456982,0.5583657426299664
0,1,0.8133226552935252,0.48136905155388066,0.6266453105870505
0,1,0.796307349613836,0.5054791072277204,0.5926146992276718
1,0,0.9812012597567619,0.09332646983818653,0.9624025195135236
1,1,0.7790095763800429,0.5281586521605118,0.5580191527600861
0,1,0.8278475119868037,0.4592828932830043,0.6556950239736076
1,0,0.6949636008561103,0.615071429661706,0.38992720171222073
0,1,0.817150093625051,0.4756875341375853,0.6343001872501021
0,1,0.8003593824371377,0.4999038098989327,0.6007187648742753
1,0,0.9794814994923289,0.10005022316170784,0.9589629989846579
1,0,0.7254941128781169,0.5876891715447417,0.4509882257562341
0,1,0.787334200364992,0.5174673043963907,0.574668400729984
1,0,0.6845176386978387,0.6234171750800713,0.3690352773956772
0,0,0.9664659651616957,0.1468199435054559,0.9329319303233915
0,0,0.9353726264603521,0.23951447569722634,0.8707452529207041
0,1,0.9381015637536305,0.2321594965368227,0.8762031275072611
0,0,0.6765825660750182,0.6294186374919275,0.35316513215003636
1,0,0.6862585351639532,0.6220616323525622,0.3725170703279065
1,0,0.9834720832590201,0.08419972875337217,0.9669441665180404
0,0,0.9348980942175509,0.24078071320462097,0.869796188435102
1,0,0.9695884891525817,0.1361697236597376,0.9391769783051634
1,0,0.960608733338292,0.16600471182869644,0.9212174666765841
1,1,0.7503491194310679,0.5619512725956719,0.5006982388621357
1,0,0.6955880042781335,0.6145563582488527,0.39117600855626694
1,0,0.9731254234391276,0.12370408554236123,0.9462508468782551
1,0,0.9323894069388343,0.24741397402346976,0.8647788138776689
1,0,0.6711788244413868,0.633340665422324,0.3423576488827735
1,1,0.8232610911238911,0.4664123425597221,0.6465221822477821
0,0,0.9631766389763082,0.15771375178326355,0.9263532779526165
0,1,0.8220847978361155,0.4682174406887136,0.6441695956722312
0,1,0.8090838668034472,0.4875486436941153,0.6181677336068943
1,0,0.9381890607004483,0.23192158209703662,0.8763781214008965
1,0,0.9814635519045951,0.09228723415066584,0.9629271038091902
1,0,0.6765295215305099,0.6294577838051953,0.35305904306102004
1,0,0.9685086535469942,0.13988861944041298,0.9370173070939883
1,1,0.7789848935684741,0.5281897483633868,0.5579697871369481
0,1,0.8169816805603893,0.4759395800727015,0.6339633611207789
0,1,0.7931392759811831,0.5097675527376535,0.5862785519623661
0,1,0.7952367785947269,0.5069351664188007,0.5904735571894538
0,1,0.8278466817025704,0.4592841971990742,0.655693363405141
1,0,0.6771646356668729,0.6289882313243741,0.35432927133374587
0,1,0.7871494583242317,0.5177090170654999,0.5742989166484636
0,1,0.8181765003018967,0.47414731146577505,0.6363530006037934
1,0,0.9593034474005179,0.17015154671054197,0.9186068948010357
1,1,0.7789617327284359,0.5282189239193006,0.5579234654568719
1,0,0.9794524837659891,0.10016236821470442,0.9589049675319784
1,0,0.7254941128781169,0.5876891715447417,0.4509882257562341
1,0,0.9617721422200916,0.1622707006757032,0.9235442844401831
1,0,0.9806259875760304,0.09559278188915064,0.9612519751520607
1,1,0.7791769572361372,0.5279476869704354,0.5583539144722742
0,0,0.9383687378999832,0.2314326046619622,0.8767374757999663
1,0,0.9602909229775568,0.16701847424766217,0.9205818459551136
0,1,0.7948614414357629,0.5074439860931121,0.5897228828715256
1,0,0.6965762794363253,0.6137373641807109,0.3931525588726504
0,0,0.9384034918426282,0.23133796014449737,0.8768069836852562
0,0,0.9727639811622105,0.12499893509402626,0.9455279623244209
0,1,0.8029515326366425,0.49628340566049683,0.6059030652732849
1,0,0.9858805814116021,0.07417087383488305,0.971761162823204
0,1,0.7882620220849957,0.5162502765038054,0.5765240441699916
0,0,0.9339033477327894,0.24342310824059749,0.8678066954655789
1,0,0.9659805637875511,0.14844780072618297,0.9319611275751024
1,0,0.9834720832590201,0.08419972875337217,0.9669441665180404
1,0,0.6650072997848456,0.637658163520006,0.3300145995696912
0,1,0.761346505915744,0.5495228618670116,0.5226930118314881
1,0,0.987116792937915,0.06886539448932252,0.9742335858758301
1,1,0.8286807941152958,0.45797182755997634,0.6573615882305917
0,0,0.961250726784876,0.16394869526808514,0.9225014535697521
0,1,0.7818566334622397,0.5245480185476442,0.5637132669244792
1,0,0.9834720832590201,0.08419972875337217,0.9669441665180404
0,0,0.9324197235036269,0.24733441649488197,0.8648394470072539
0,1,0.7485583503265956,0.5639134234676447,0.49711670065319125
0,1,0.8157433591132471,0.47778702778040205,0.6314867182264944
0,0,0.9355557649607928,0.2390247957568874,0.8711115299215858
0,0,0.9602927416537153,0.16701268052679993,0.9205854833074305
0,0,0.9806915558392377,0.0953353618029963,0.9613831116784756
1,0,0.9858805814116021,0.07417087383488305,0.971761162823204
0,1,0.6963126228411815,0.6139563107974056,0.39262524568236284
0,1,0.8202538930457796,0.4710082782812457,0.6405077860915589
0,1,0.7783081194907707,0.5290409924842694,0.5566162389815414
0,0,0.9606103867214119,0.16599943084878346,0.9212207734428237
0,1,0.7718604823384616,0.5370185088457571,0.543720964676923
0,1,0.7949308344534298,0.5073499797210238,0.5898616689068595
0,1,0.8396428425360292,0.4402616536624042,0.6792856850720582
0,0,0.9397120548108336,0.22775907991566569,0.8794241096216674
0,1,0.7652215794465222,0.5449860056229396,0.5304431588930447
0,0,0.9641441995906213,0.15454222263548328,0.9282883991812424
1,0,0.9382074640835983,0.23187152434613828,0.8764149281671967
0,0,0.9563888511345006,0.17925546304799977,0.9127777022690012
0,0,0.9589747618332457,0.1711888340884595,0.9179495236664915
1,0,0.9650783556969782,0.15145449947076356,0.9301567113939565
0,1,0.7870630521988302,0.5178219991288062,0.5741261043976602
1,0,0.9692584837457804,0.13731037883962405,0.9385169674915607
0,1,0.8301180841118064,0.45569892621990327,0.6602361682236129
0,0,0.9641435617615931,0.15454432219406494,0.9282871235231862
1,0,0.9602908079567107,0.16701884066439257,0.9205816159134215
1,0,0.6862585351639532,0.6220616323525622,0.3725170703279065
0,0,0.9680837365635224,0.1413414568380365,0.9361674731270447
1,0,0.6811025356795437,0.6260356023997378,0.3622050713590874
0,0,0.9631766389763082,0.15771375178326355,0.9263532779526165
0,1,0.7833128450750331,0.5226829103362107,0.5666256901500661
1,1,0.7793633761228524,0.5277125347668361,0.5587267522457051
0,0,0.9385624517234602,0.230904802262916,0.8771249034469204
1,0,0.9738636984154738,0.12104365660318112,0.9477273968309478
1,0,0.6773564312312267,0.6288460704089063,0.35471286246245337
1,0,0.9701609603763252,0.13418220809409837,0.9403219207526503
1,1,0.816914985981118,0.47603934231882894,0.6338299719622362
1,0,0.6765295215305099,0.6294577838051953,0.35305904306102004
1,0,0.6845176386978387,0.6234171750800713,0.3690352773956772
1,0,0.9381893431622811,0.2319208138365654,0.8763786863245622
1,0,0.9612490910121063,0.16395394790018405,0.9224981820242127
1,0,0.6765295215305099,0.6294577838051953,0.35305904306102004
0,0,0.9326055534340909,0.24684643775014065,0.8652111068681818
1,0,0.9903242810196007,0.05450605541676495,0.9806485620392013
0,1,0.7790262737118618,0.5281376143160988,0.5580525474237238
0,1,0.7968749019717256,0.504704328040593,0.5937498039434513
1,0,0.9656141232467721,0.149671952328176,0.9312282464935442
0,0,0.9625478198224046,0.1597607390646906,0.9250956396448091
1,0,0.9659805637875511,0.14844780072618297,0.9319611275751024
1,1,0.7722958571718286,0.5364873153173824,0.544591714343657
0,0,0.9893105141357275,0.05914632305015387,0.978621028271455
1,1,0.7804093165309072,0.5263894148743486,0.5608186330618146
1,0,0.991570100178384,0.048655219894245205,0.9831402003567677
1,0,0.981030676429669,0.09400033835377035,0.962061352859338
0,0,0.9625461481294278,0.15976616620864778,0.9250922962588557
0,1,0.8363701768357955,0.44564023421218485,0.6727403536715908
1,0,0.9751032254283589,0.11652845754942971,0.950206450856718
1,0,0.9368507194381942,0.23554635727190806,0.8737014388763886
1,0,0.6889560587288865,0.6199333960726696,0.37791211745777314
0,0,0.93684790232402,0.23555395502513846,0.8736958046480401
1,0,0.6618071948907858,0.6398294926036148,0.3236143897815716
0,0,0.9778549875226786,0.10627364517752526,0.9557099750453573
1,0,0.9814821071100059,0.0922135733985527,0.9629642142200119
1,0,0.6828120339537981,0.6247316274299985,0.3656240679075963
0,1,0.7882741452124661,0.516234340442884,0.576548290424932
1,0,0.939656528316321,0.22791155297208818,0.8793130566326421
1,0,0.9718420608019893,0.12827948755244556,0.9436841216039787
1,0,0.9387505614313619,0.23039164633750633,0.8775011228627239
1,1,0.7788253026652564,0.5283907207415149,0.5576506053305128
1,0,0.9602909229775568,0.16701847424766217,0.9205818459551136
1,0,0.9675291489622843,0.14322887268486867,0.9350582979245686
0,1,0.7739970298982644,0.5344013952676935,0.5479940597965288
0,1,0.7869072019801455,0.5180256715790053,0.5738144039602913
1,0,0.9895967490355931,0.05784641529788945,0.9791934980711862
1,0,0.933054995845265,0.24566395364453586,0.8661099916905299
1,0,0.9828505895644193,0.08672743828560849,0.9657011791288386
0,0,0.965076382408173,0.15146104896075974,0.9301527648163458
1,0,0.9383048074702138,0.23160665021930996,0.8766096149404278
1,1,0.7632830641151316,0.5472659680885861,0.5265661282302633
1,0,0.9383487669932971,0.23148698146857455,0.8766975339865938
1,1,0.7799945565281208,0.5269148509643542,0.5599891130562413
1,0,0.9823398392826488,0.08878754337740175,0.9646796785652976
0,1,0.7958127749733818,0.506152643375215,0.5916255499467635
1,0,0.98064975531026,0.09549949628246429,0.9612995106205199
0,1,0.8098623950141535,0.486422431785185,0.6197247900283068
1,1,0.7791718296290763,0.5279541521733281,0.5583436592581527
0,1,0.7969603431261765,0.5045875180528268,0.593920686252353
0,0,0.933372314784666,0.244827140296868,0.8667446295693321
0,1,0.802170870435285,0.497378190775073,0.6043417408705702
1,0,0.9780957001953545,0.10536054332735559,0.9561914003907092
1,0,0.9821230840661433,0.08965725283174068,0.9642461681322868
1,0,0.9395281962901207,0.22826373849940046,0.8790563925802417
0,0,0.939633029937025,0.22797606200269732,0.8792660598740502
1,0,0.9821230840661433,0.08965725283174068,0.9642461681322868
1,0,0.9381037013301206,0.23215368578798978,0.876207402660241
0,1,0.8030046042602148,0.4962088393737212,0.6060092085204297
0,1,0.7794246098543935,0.527635249325833,0.5588492197087873
1,0,0.9773944843686289,0.1080130519188883,0.9547889687372576
0,0,0.9612522013570466,0.16394396020587654,0.9225044027140932
0,1,0.8019749524668216,0.4976523389511285,0.6039499049336433
1,0,0.9396656421968861,0.22788653043007062,0.8793312843937722
1,1,0.7956247170141082,0.5064083548246023,0.5912494340282163
0,0,0.9368986430692609,0.23541708674603332,0.8737972861385219
1,0,0.6978781899706761,0.612651402293549,0.3957563799413521
1,0,0.9834720832590201,0.08419972875337217,0.9669441665180404
1,0,0.98064975531026,0.09549949628246429,0.9612995106205199
0,1,0.7910388035719373,0.5125770771168028,0.5820776071438748
1,0,0.9381815509324795,0.23194200721185623,0.876363101864959
0,1,0.7871081020338926,0.5177630988720531,0.5742162040677853
1,0,0.9621760162611176,0.160965895059352,0.9243520325222353
1,0,0.9742125256532453,0.11977921774805161,0.9484250513064906
1,0,0.9474485160692123,0.20596048189819818,0.8948970321384246
0,1,0.7947374488580982,0.507611884691693,0.5894748977161963
1,0,0.9381540871356562,0.23201669514178544,0.8763081742713125
1,1,0.7787961363319346,0.5284274338411369,0.5575922726638691
0,1,0.8152846220716267,0.4784688235026118,0.6305692441432534
0,1,0.7887583640584971,0.51559710598067,0.5775167281169944
0,1,0.7903316690721048,0.5135169021678584,0.5806633381442096
0,0,0.9323858509900598,0.24742330468252924,0.8647717019801195
0,1,0.8089280050363673,0.48777364011931534,0.6178560100727346
1,0,0.9807192231958457,0.09522667207618812,0.9614384463916913
0,0,0.9701584507546765,0.13419094559549194,0.9403169015093532
0,1,0.7906061999931159,0.513152392526351,0.5812123999862318
1,0,0.9659805637875511,0.14844780072618297,0.9319611275751024
0,1,0.7817729810393148,0.5246547819340098,0.5635459620786296
0,0,0.9666168209579743,0.14631255272007196,0.9332336419159486
0,0,0.9393654538059769,0.22870994089732158,0.8787309076119538
0,1,0.8287525489532883,0.4578587018060223,0.6575050979065765
1,0,0.9767811282826243,0.11031493874322741,0.9535622565652486
1,0,0.9834720832590201,0.08419972875337217,0.9669441665180404
0,1,0.7965613985857739,0.5051325447082015,0.5931227971715478
1,0,0.9808079233971188,0.09487794487505347,0.9616158467942375
0,1,0.8206088758049702,0.47046896254512605,0.6412177516099403
0,1,0.7957790991374247,0.5061984500215295,0.5915581982748492
1,0,0.6711788244413868,0.633340665422324,0.3423576488827735
1,1,0.7957290724579965,0.5062664845782993,0.5914581449159931
1,0,0.9663146561286775,0.14732815336245839,0.932629312257355
0,1,0.7966899378466358,0.5049570453471972,0.5933798756932716
0,0,0.9612507248304974,0.1639487015438357,0.9225014496609949
1,0,0.9617721422200916,0.1622707006757032,0.9235442844401831
1,0,0.9383779254880094,0.23140758637121622,0.8767558509760188
0,1,0.8008440327487582,0.4992301171210921,0.6016880654975165
1,0,0.9597879131755166,0.16861758638069557,0.9195758263510332
0,1,0.7787334139236641,0.5285063688970915,0.5574668278473285
0,0,0.9794364611476086,0.1002242772998457,0.9588729222952173
1,0,0.9617721422200916,0.1622707006757032,0.9235442844401831
0,0,0.9330657419118059,0.24563564121171064,0.8661314838236118
0,0,0.6825232498306757,0.6249528529564535,0.36504649966135133
1,0,0.9593002598117372,0.17016161956515627,0.9186005196234742
0,0,0.93241726633711,0.2473408651991359,0.8648345326742201
1,0,0.9858689475106405,0.07422026633400935,0.9717378950212809
1,0,0.9867724684167483,0.07035475072629474,0.9735449368334965
1,0,0.9149388664099579,0.2909596485198417,0.829877732819916
1,1,0.7865748450372931,0.5184595276536828,0.5731496900745864
0,0,0.8743586340755931,0.37801632400921176,0.7487172681511861
0,1,0.820260197449055,0.4709987076299301,0.6405203948981102
1,1,0.7888956901258597,0.5154161281438179,0.5777913802517192
1,0,0.9825630152211404,0.08788924125057691,0.9651260304422808
0,1,0.8032027149862028,0.4959303340400011,0.6064054299724055
0,1,0.7826328861769185,0.5235553492995455,0.5652657723538371
1,0,0.9621760143430648,0.16096590126665855,0.9243520286861295
0,0,0.9397390846524681,0.22768483759235156,0.8794781693049364
1,1,0.7866291060018482,0.5183887407911093,0.5732582120036965
1,0,0.9659805637875511,0.14844780072618297,0.9319611275751024
1,0,0.9762953970365942,0.11212606584165627,0.9525907940731884
1,1,0.7872098233201686,0.5176300591642716,0.5744196466403373
1,1,0.7803921044391944,0.5264112398590538,0.5607842088783885
0,0,0.9821442619887241,0.0895723969258142,0.9642885239774482
1,0,0.9606321084275229,0.1659300440337081,0.9212642168550458
1,0,0.6889560587288865,0.6199333960726696,0.37791211745777314
1,0,0.9593002110546778,0.17016177363657597,0.9186004221093556
1,0,0.9395876125390317,0.2281007167302092,0.8791752250780633
0,1,0.7868228712422315,0.5181358185829341,0.5736457424844631
0,1,0.8091705209491894,0.48742348487691733,0.618341041898379
0,0,0.9634668846179754,0.156765169098956,0.9269337692359507
1,0,0.989700674294931,0.05737249083505111,0.9794013485898622
0,1,0.7805989066648356,0.5261488995913269,0.5611978133296709
0,1,0.7863344153726833,0.5187729723858997,0.5726688307453666
1,0,0.9659805637875511,0.14844780072618297,0.9319611275751024
0,0,0.6765825660750182,0.6294186374919275,0.35316513215003636
1,0,0.9860761525934305,0.07333910154739424,0.9721523051868611
0,1,0.7870587388308365,0.5178276379921608,0.5741174776616733
1,0,0.9780957001953545,0.10536054332735559,0.9561914003907092
1,1,0.7792138699292457,0.5279011406631008,0.5584277398584913
1,0,0.9840698008160059,0.08174630961859289,0.9681396016320117
1,0,0.9331182455566164,0.24549728438467733,0.8662364911132326
0,1,0.8021081988895429,0.4974659134235609,0.6042163977790859
1,0,0.6825230128008601,0.6249530343770495,0.3650460256017202
0,1,0.7869380712440993,0.5179853416686611,0.5738761424881985
0,0,0.9638268888117961,0.1555852736562957,0.9276537776235922
0,0,0.9631759878738563,0.15771587704364362,0.9263519757477126
1,0,0.9872888375769158,0.06811774735677173,0.9745776751538315
1,0,0.9381943576081396,0.23190717494883123,0.8763887152162793
1,0,0.6832366188624978,0.6244056712590496,0.3664732377249956
0,1,0.7829750528897176,0.5231166634852913,0.5659501057794352
1,1,0.7791499177885093,0.5279817782502227,0.5582998355770186
0,1,0.8503105272402466,0.4221700685664537,0.7006210544804934
1,0,0.9736648840834738,0.12176218158992291,0.9473297681669479
0,1,0.7944989723901277,0.5079345412493214,0.5889979447802554
1,0,0.709288837945727,0.6027872181955902,0.41857767589145395
1,0,0.9593002110546778,0.17016177363657597,0.9186004221093556
1,0,0.9336684918676655,0.24404462013806058,0.8673369837353313
1,0,0.7020893054510451,0.6090836308388234,0.40417861090209045
0,1,0.7883510124718572,0.5161332766053528,0.5767020249437146
0,1,0.8022016349424023,0.4973351200067399,0.6044032698848045
1,0,0.9698891684684635,0.1351272187138338,0.9397783369369271
0,0,0.939703991267304,0.22778122539108941,0.8794079825346081
1,0,0.9874534315391258,0.06740027108866384,0.9749068630782516
1,0,0.9663146561286775,0.14732815336245839,0.932629312257355
0,0,0.961593050280356,0.1628478748057972,0.9231861005607119
0,1,0.8042417866676825,0.49446552964413404,0.6084835733353653
1,0,0.9781663393784997,0.10509207382386676,0.9563326787569996
1,0,0.9856650077148235,0.07508453540465324,0.9713300154296468
0,0,0.961593050280356,0.1628478748057972,0.9231861005607119
1,0,0.9742125256532453,0.11977921774805161,0.9484250513064906
0,0,0.9672167104515497,0.14428786601195379,0.9344334209030993
1,0,0.989923265853133,0.05635384032611322,0.9798465317062659
0,0,0.9383202746510301,0.23156454851532687,0.8766405493020601
1,0,0.9809119431522103,0.09446845581533747,0.9618238863044205
0,1,0.7968596812654656,0.5047251321380424,0.5937193625309313
0,0,0.9397178683869304,0.22774311297168173,0.8794357367738611
0,0,0.93974930772577,0.22765675471991376,0.8794986154515403
0,1,0.74257112787503,0.5703503817028084,0.4851422557500602
0,0,0.9396336450939449,0.22797437336451784,0.8792672901878897
1,1,0.7872650584701255,0.5175577920839676,0.5745301169402508
1,0,0.9708696361310243,0.1317061094135571,0.9417392722620485
1,0,0.6833313406622566,0.6243328391915336,0.36666268132451324
1,0,0.988067310395376,0.06470481130459692,0.9761346207907519
0,0,0.9617749507261103,0.1622616425381615,0.9235499014522206
0,0,0.9326411342339823,0.2467529419820597,0.8652822684679646
1,1,0.7789824327707691,0.5281928483617928,0.5579648655415381
0,0,0.9601014465894281,0.167621610900622,0.9202028931788562
0,1,0.7853164123152011,0.5200963193665176,0.570632824630402
1,0,0.9850091619703242,0.07784416746726731,0.9700183239406484
0,1,0.787321274326445,0.517484223188623,0.5746425486528901
1,1,0.7791925712271173,0.5279279989475021,0.5583851424542343
0,1,0.8164228477757437,0.47677456743657076,0.6328456955514875
1,1,0.7795367177240655,0.5274936971640395,0.5590734354481312
1,1,0.7791669401274096,0.5279603170159426,0.5583338802548191
0,1,0.7793052931008801,0.5277858234250896,0.5586105862017601
1,0,0.9842324626090873,0.08107473018883854,0.9684649252181745
1,1,0.7958348550088024,0.506122605815349,0.5916697100176045
0,0,0.9821597034163345,0.08951050994349888,0.964319406832669
0,0,0.9384343683322061,0.2312538574664963,0.8768687366644122
1,1,0.7792706393316708,0.5278295399104889,0.5585412786633418
1,0,0.9342951297633817,0.24238432398291065,0.8685902595267635
0,0,0.6825232498306757,0.6249528529564535,0.36504649966135133
1,0,0.9331696805402939,0.2453617008465379,0.8663393610805881
0,1,0.7955298755873255,0.5065372327616109,0.5910597511746508
0,0,0.9624962703205255,0.15992805865218263,0.9249925406410512
1,0,0.6956333373927656,0.6145188912205126,0.3912666747855313
1,0,0.9593002096931784,0.17016177793888837,0.9186004193863567
0,1,0.7791815367115148,0.5279419127565594,0.5583630734230298
1,0,0.9718729658892855,0.1281700239325199,0.9437459317785711
1,0,0.9731254234391276,0.12370408554236123,0.9462508468782551
0,0,0.9398756431708841,0.22730955769821018,0.8797512863417682
0,0,0.9678224578039815,0.14223189115521032,0.9356449156079629
1,1,0.7790765981778688,0.5280741980841253,0.5581531963557376
1,0,0.9740546627624409,0.12035203981541774,0.9481093255248817
0,1,0.761758989968038,0.549043880670639,0.523517979936076
1,0,0.9708696361310243,0.1317061094135571,0.9417392722620485
1,0,0.9382194143519167,0.23183901613168514,0.8764388287038334
0,0,0.9370587944377652,0.23498480803459648,0.8741175888755304
0,0,0.962880923238249,0.1586777691851138,0.925761846476498
0,0,0.9382853407078952,0.23165963292027802,0.8765706814157902
1,1,0.7952948800689904,0.5068563248081812,0.5905897601379808
1,0,0.6650072997848456,0.637658163520006,0.3300145995696912
0,1,0.7766755423831504,0.5310835282835058,0.5533510847663008
0,1,0.7910190572940103,0.5126033621519805,0.5820381145880205
0,1,0.7948852169974158,0.5074117807854477,0.5897704339948315
0,1,0.8284488226819265,0.45833729619339414,0.6568976453638531
1,0,0.6961273023860612,0.614110008500475,0.39225460477212265
0,0,0.9606085451573566,0.16600531288247383,0.9212170903147131
1,0,0.9715664772088792,0.12925404607958257,0.9431329544177584
1,0,0.9390630996471665,0.2295376927726202,0.8781261992943331
1,0,0.9759813962039713,0.113291429997422,0.9519627924079426
1,0,0.981030676429669,0.09400033835377035,0.962061352859338
0,0,0.9396581939312112,0.22790698006582738,0.8793163878624223
1,0,0.9806951419458149,0.09532127625711845,0.9613902838916296
1,0,0.9731254234391276,0.12370408554236123,0.9462508468782551
1,1,0.7795286689845672,0.5275038622810708,0.5590573379691346
0,1,0.7684304524240902,0.5411658994212948,0.5368609048481805
1,0,0.678392334113052,0.6280753371774237,0.3567846682261039
0,0,0.9759811751484555,0.11329224892192352,0.9519623502969109
1,0,0.9740546627624409,0.12035203981541774,0.9481093255248817
0,0,0.9663161639868432,0.14732309231217242,0.9326323279736863
1,0,0.6765295215305099,0.6294577838051953,0.35305904306102004
0,0,0.9382824286119247,0.23166755821120522,0.8765648572238495
1,0,0.9863427003167775,0.07220096968653383,0.9726854006335552
1,0,0.668395579360515,0.6353090459360249,0.3367911587210298
1,0,0.9377663671621,0.2330697168025624,0.8755327343242003
0,1,0.7880638320540926,0.5165106758896554,0.5761276641081852
0,1,0.7918401472135952,0.5115083854466491,0.5836802944271904
1,0,0.9777161561034652,0.1067990596285431,0.9554323122069304
0,1,0.8157920422253868,0.4777145906112781,0.6315840844507735
0,0,0.9606087467661608,0.16600466893977192,0.9212174935323216
1,0,0.9606085686884721,0.16600523772365816,0.9212171373769441
1,1,0.7790826518673143,0.5280665685532551,0.5581653037346285
0,1,0.8095967904523583,0.48680709470096717,0.6191935809047165
1,0,0.9593002110546778,0.17016177363657597,0.9186004221093556
0,1,0.7871586252672412,0.5176970280308753,0.5743172505344822
1,0,0.9593002130013029,0.17016176748527753,0.9186004260026056
0,1,0.8147691280818127,0.47923330668331193,0.6295382561636252
0,1,0.7952548051085655,0.5069107073063832,0.5905096102171309
1,0,0.9831456213857037,0.08553040716535111,0.9662912427714074
1,0,0.9832219900195451,0.08521970484739778,0.9664439800390903
1,0,0.9877983896835956,0.06588944698532276,0.9755967793671911
1,0,0.6812421995246571,0.6259295745288185,0.36248439904931434
1,0,0.6773014980201875,0.6288868046886316,0.35460299604037493
0,0,0.9698863166369202,0.13513712098027156,0.9397726332738404
0,0,0.9324141990664945,0.2473489149550488,0.8648283981329891
0,0,0.9354124211153246,0.23940811906442516,0.8708248422306493
1,0,0.9815876512660153,0.09179422163013172,0.9631753025320305
0,1,0.7783110779269726,0.5290372771541552,0.5566221558539453
1,0,0.9808633339963315,0.09465988464350394,0.9617266679926629
0,0,0.9383238988026689,0.23155468296799506,0.8766477976053378
0,1,0.7792735307029603,0.5278258926495341,0.5585470614059207
0,1,0.8171548035202131,0.475680482610094,0.6343096070404264
1,0,0.6809152615469951,0.6261776333823368,0.3618305230939903
1,0,0.6641687702541292,0.6382315567415089,0.3283375405082585
1,0,0.7035143956254585,0.6078570889447418,0.40702879125091657
0,1,0.8084068150395803,0.48852487024123903,0.6168136300791605
1,0,0.6862585351639532,0.6220616323525622,0.3725170703279065
1,0,0.9898575020843479,0.056655308605445216,0.9797150041686956
0,0,0.9606087467661608,0.16600466893977192,0.9212174935323216
0,0,0.9280802697197148,0.2585766234033391,0.8561605394394295
1,1,0.7872066800643648,0.5176341711050282,0.5744133601287298
0,0,0.9808468406885147,0.0947248086981442,0.9616936813770294
1,0,0.6862585351639532,0.6220616323525622,0.3725170703279065
1,0,0.9396619496876818,0.22789666854577106,0.8793238993753635
1,0,0.6825230128008601,0.6249530343770495,0.3650460256017202
0,1,0.7967628873126897,0.5048573993995664,0.5935257746253794
0,0,0.9631761590582125,0.15771531828276852,0.9263523181164249
0,1,0.7876558692631387,0.5170459529442235,0.5753117385262771
1,0,0.9788040704490142,0.10265766210384453,0.9576081408980285
0,1,0.7871181482202775,0.5177499623676288,0.5742362964405551
0,1,0.8549514815894361,0.414023210398954,0.7099029631788722
0,0,0.9368354049697156,0.2355876587559118,0.8736708099394314
1,0,0.960608733338292,0.16600471182869644,0.9212174666765841
0,1,0.7803030752940749,0.5265241014930698,0.5606061505881499
0,0,0.9641457932450488,0.15453697670986752,0.9282915864900977
0,1,0.8281043229482209,0.45887935346201514,0.6562086458964418
0,0,0.9593019207268179,0.17015637106738182,0.9186038414536357
1,0,0.9762953970365942,0.11212606584165627,0.9525907940731884
0,0,0.9878781123590569,0.06553888843859089,0.9757562247181137
0,1,0.8750469972006613,0.37667869882852517,0.7500939944013225
1,1,0.7733662429625805,0.5351767699649287,0.5467324859251611
1,1,0.7752418511961368,0.5328645604549131,0.5504837023922738
0,1,0.7817654638505449,0.5246643739155136,0.5635309277010896
0,1,0.7948183467666693,0.5075023513593334,0.5896366935333385
0,0,0.961593050280356,0.1628478748057972,0.9231861005607119
0,0,0.9668874110372742,0.14540067666767661,0.9337748220745482
0,0,0.961593050280356,0.1628478748057972,0.9231861005607119
1,0,0.9659805637875511,0.14844780072618297,0.9319611275751024
1,0,0.9712843029694079,0.13024906298268135,0.9425686059388161
0,0,0.9578048807582705,0.17485868394563206,0.915609761516541
0,0,0.9628804871751055,0.15867918891627644,0.9257609743502111
1,0,0.9800047603486536,0.09802058628008663,0.960009520697307
1,0,0.9382217881005663,0.2318325585499007,0.8764435762011326
0,0,0.9628804832804255,0.15867920159652252,0.9257609665608512
0,1,0.7888834598845061,0.515432250598548,0.5777669197690123
0,0,0.6825232498306757,0.6249528529564535,0.36504649966135133
1,0,0.9695884891525817,0.1361697236597376,0.9391769783051634
0,0,0.9647356184194906,0.15259034233468605,0.9294712368389813
0,0,0.9384626374690148,0.2311768423357587,0.8769252749380295
1,0,0.6649747940560452,0.6376804499781814,0.3299495881120903
1,0,0.9663146561286775,0.14732815336245839,0.932629312257355
0,1,0.7841567230681665,0.5215963619286639,0.568313446136333
0,0,0.9396670295374898,0.22788272129967246,0.8793340590749796
0,0,0.9680720314807789,0.14138139473823413,0.9361440629615578
1,0,0.9910619301566687,0.05106277475532893,0.9821238603133373
0,0,0.9901040233716246,0.05552298610117818,0.9802080467432492
0,1,0.8120940284469691,0.48317231568966146,0.6241880568939382
0,0,0.9599382764672898,0.16814025886145986,0.9198765529345796
0,1,0.7967182689530177,0.5049183501324975,0.5934365379060353
1,0,0.9911003192074507,0.05088193824426842,0.9822006384149015
1,1,0.7866533516298948,0.5183571051646718,0.5733067032597896
0,0,0.9385758107560764,0.2308683796078009,0.8771516215121529
0,1,0.8021738072529238,0.4973740794441275,0.6043476145058474
0,1,0.7880963651871215,0.5164679471540168,0.5761927303742428
0,0,0.9382851968050142,0.23166002455648235,0.8765703936100284
0,1,0.7888834882796649,0.5154322131678116,0.5777669765593298
1,0,0.9907443243490902,0.052552580026259954,0.9814886486981803
1,1,0.8091662952085201,0.4874295894484107,0.6183325904170404
0,0,0.9589747475299869,0.1711888791677132,0.9179494950599739
0,0,0.9672925903218451,0.14403095945394545,0.9345851806436903
0,1,0.8089327657055457,0.48776677011651204,0.6178655314110915
1,1,0.7721778688868276,0.5366313772570603,0.5443557377736552
1,0,0.6670822056225965,0.6362257500448967,0.334164411245193
0,0,0.969002697461475,0.13819198118913442,0.9380053949229501
1,0,0.9806931243732918,0.09532920098255936,0.9613862487465837
1,0,0.9814030067302117,0.09252745583088659,0.9628060134604237
1,0,0.9398578027233614,0.22735860420520726,0.8797156054467228
0,1,0.7850898520066304,0.5203899981015936,0.5701797040132611
0,1,0.7871925433793212,0.5176526636882495,0.5743850867586425
1,1,0.7792888920268558,0.5278065146078106,0.5585777840537114
1,0,0.6649747940560452,0.6376804499781814,0.3299495881120903
0,0,0.9602927476007246,0.16701266158138717,0.9205854952014492
1,0,0.9786055338868093,0.10341761084549139,0.9572110677736185
0,0,0.9487314465346374,0.2022336163904173,0.8974628930692747
1,0,0.9731254234391276,0.12370408554236123,0.9462508468782551
0,1,0.7775724090610617,0.5299633553976377,0.5551448181221234
0,0,0.9615947939850986,0.16284225941998876,0.9231895879701972
0,1,0.8186236522569128,0.47347410385123545,0.6372473045138257
1,0,0.9719049734081738,0.12805661874579233,0.9438099468163474
1,1,0.7720792184266471,0.5367517672568651,0.5441584368532941
0,0,0.9628795297276448,0.15868230614798473,0.9257590594552896
1,0,0.9695884891525817,0.1361697236597376,0.9391769783051634
0,1,0.8171500519672619,0.4756875965058369,0.6343001039345235
1,0,0.9383346998444864,0.23152527937822753,0.8766693996889725
1,1,0.7794095064557301,0.5276543139306444,0.5588190129114603
0,1,0.761789421871477,0.5490085056748975,0.5235788437429539
1,0,0.9384291580612514,0.2312680505782638,0.8768583161225028
1,0,0.9707432879744003,0.13214885616379812,0.9414865759488006
1,1,0.8022216228154735,0.49730713349009026,0.604443245630947
0,0,0.9830603132515394,0.08587706332863089,0.9661206265030787
1,0,0.9852674725588662,0.07676081069746966,0.9705349451177324
1,0,0.6936970401040259,0.6161105710080124,0.38739408020805166
0,1,0.8594596304743122,0.4059432011244122,0.7189192609486242
0,1,0.7864239923717987,0.5186562323560384,0.5728479847435973
1,1,0.7720053330425641,0.5368418984943261,0.5440106660851282
0,1,0.802258203183855,0.49725590805805986,0.60451640636771
0,1,0.8187857378991797,0.4732297441428068,0.6375714757983595
1,0,0.9381898455130833,0.23191944750250082,0.8763796910261665
0,0,0.9384013261567129,0.23134385851158631,0.8768026523134259
0,0,0.9814986709120442,0.09214780214916944,0.9629973418240885
0,0,0.9707944638756426,0.13196959442752698,0.9415889277512853
0,0,0.862119531084619,0.4010971859127556,0.7242390621692381
0,1,0.8027432566862214,0.49657586396341497,0.6054865133724427
1,1,0.777611342694359,0.5299146226471181,0.5552226853887181
1,1,0.6854534644783182,0.6226902447704578,0.37090692895663663
0,0,0.9593002157841585,0.17016175869150538,0.918600431568317
1,0,0.9922434632389908,0.0454170901751952,0.9844869264779816
1,0,0.6811369076866921,0.6260095167147972,0.3622738153733844
1,1,0.7795273212303465,0.5275055643839701,0.5590546424606933
1,0,0.9789254361519173,0.10219216968464999,0.9578508723038346
1,0,0.9381827432614103,0.23193876437296673,0.8763654865228206
1,0,0.6633256058588834,0.6388049407706147,0.326651211717767
1,0,0.9368301786861349,0.23560175257679605,0.87366035737227
1,0,0.9381940205822611,0.2319080916455932,0.8763880411645222
1,0,0.9852487997094949,0.07683927797687565,0.9704975994189896
1,0,0.9659805637875511,0.14844780072618297,0.9319611275751024
0,0,0.9680686836664397,0.14139281671063053,0.9361373673328793
1,0,0.6803905962626428,0.6265746864839834,0.36078119252528545
1,0,0.6812421995246571,0.6259295745288185,0.36248439904931434
0,1,0.7787152887039492,0.5285291749172907,0.5574305774078987
1,0,0.6828120339537981,0.6247316274299985,0.3656240679075963
1,1,0.7793171514390432,0.527770862269526,0.5586343028780864
1,0,0.9904151353144601,0.054085112160250644,0.9808302706289203
1,1,0.7753562657959576,0.5327228604355216,0.5507125315919152
0,1,0.8158567419863396,0.4776182973464329,0.6317134839726791
1,0,0.9899971995847207,0.05601440220264611,0.9799943991694412
1,0,0.993047167214786,0.04147449306967161,0.986094334429572
1,1,0.7870699163727846,0.5178130253694706,0.5741398327455692
1,0,0.9887433875601113,0.0616991813438234,0.9774867751202225
1,1,0.7852819841652385,0.5201409664576153,0.570563968330477
1,0,0.9729769268254868,0.12423666838701045,0.9459538536509736
0,1,0.7851348354955809,0.5203317124794588,0.5702696709911617
1,0,0.6696831799808987,0.6344027759627422,0.3393663599617973
0,1,0.8333055114377669,0.45060598369334076,0.6666110228755339
1,0,0.9382085835917755,0.23186847906203464,0.8764171671835511
1,0,0.9382042452187274,0.23188028017605752,0.876408490437455
1,0,0.9593002110546778,0.17016177363657597,0.9186004221093556
1,0,0.6628916757735088,0.6390987888465267,0.32578335154701765
1,1,0.7956258642523564,0.5064067955291041,0.5912517285047126
0,0,0.9384334025998469,0.23125648821876543,0.8768668051996938
0,1,0.786275172057572,0.5188501542076461,0.5725503441151443
1,0,0.6828120339537981,0.6247316274299985,0.3656240679075963
0,0,0.9339665602390615,0.2432556730381652,0.8679331204781228
0,1,0.8029712331169289,0.49625572832007336,0.6059424662338577
1,0,0.9701609006341751,0.134182416094959,0.9403218012683503
0,1,0.7790461443775704,0.5281125761112899,0.5580922887551406
1,1,0.7786119445498777,0.5286591710642279,0.5572238890997555
1,1,0.7789284707515793,0.5282608183601283,0.5578569415031585
0,1,0.8200939814239406,0.47125094838936876,0.6401879628478815
1,0,0.9698891669264804,0.13512722406805694,0.9397783338529608
0,1,0.7958194756811446,0.5061435280859938,0.5916389513622893
0,1,0.8098724802009627,0.486407816846287,0.6197449604019254
1,0,0.988583487768924,0.06241366624171988,0.9771669755378479
0,1,0.8021716171874207,0.4973771453815865,0.6043432343748414
0,1,0.7870747868838482,0.5178066578203866,0.5741495737676963
0,0,0.965079813347881,0.15144966134651752,0.9301596266957619
1,0,0.9381940635024757,0.23190797490445414,0.8763881270049512
0,1,0.8285178430837568,0.45822859483892286,0.6570356861675136
1,0,0.9817670539949239,0.09107999625385259,0.9635341079898478
1,1,0.8163945374216353,0.4768168122304174,0.6327890748432704
0,0,0.6765825660750182,0.6294186374919275,0.35316513215003636
0,1,0.7873596598055406,0.5174339778125382,0.5747193196110812
1,0,0.9698891669264804,0.13512722406805694,0.9397783338529608
0,1,0.8284467742230066,0.4583405218324687,0.6568935484460134
1,0,0.9331037587025826,0.24553546433885975,0.8662075174051653
0,0,0.9599382764672898,0.16814025886145986,0.9198765529345796
0,0,0.9606087522287023,0.16600465149228585,0.9212175044574048
1,0,0.6997170659171926,0.6111038409328304,0.39943413183438536
0,0,0.9621821450524621,0.16094606021769597,0.9243642901049243
1,0,0.9915690821335801,0.04866007336569871,0.98313816426716
1,0,0.9775918703955021,0.10726867446676708,0.9551837407910042
0,0,0.9354531980666357,0.2392991099204657,0.8709063961332715
0,0,0.9851238950430922,0.07736353840212934,0.9702477900861842
1,0,0.9838626706418119,0.08259904419919481,0.9677253412836239
1,0,0.9852487997094949,0.07683927797687565,0.9704975994189896
0,0,0.9628778869346114,0.15868765464963216,0.9257557738692229
0,0,0.9593002092468179,0.170161779349379,0.9186004184936358
1,0,0.987673332683224,0.06643828966842874,0.9753466653664479
1,1,0.7903235374337226,0.5135276920489928,0.5806470748674454
0,1,0.7963624862835397,0.5054039260098329,0.5927249725670793
1,1,0.780224666696284,0.5266234612406816,0.5604493333925681
0,1,0.7864864388260949,0.5185748215874249,0.5729728776521897
1,1,0.7793171777421198,0.5277708290831559,0.5586343554842397
1,0,0.9647822402044488,0.15243603979137094,0.9295644804088976
0,1,0.8091554020414309,0.4874453253557994,0.6183108040828619
1,0,0.9687524288070086,0.13905245786511836,0.9375048576140174
1,0,0.9381706181571564,0.2319717405056742,0.876341236314313
1,0,0.9742533018180757,0.11963109618614383,0.9485066036361515
1,0,0.9659805637875511,0.14844780072618297,0.9319611275751024
0,1,0.8086430091270896,0.4881846435608637,0.6172860182541793
0,0,0.9523588234009029,0.191510369059375,0.9047176468018059
0,1,0.7948110396318578,0.5075122466483456,0.5896220792637155
0,1,0.8040926284801617,0.49467622245194354,0.6081852569603234
1,0,0.6845176386978387,0.6234171750800713,0.3690352773956772
0,1,0.8154852516690433,0.4781708108172916,0.6309705033380865
0,1,0.7948059906987935,0.5075190836994703,0.5896119813975873
0,1,0.7958695416038761,0.5060754123010651,0.5917390832077523
0,0,0.9647352457754126,0.1525915754046923,0.9294704915508252
1,1,0.8163212566925394,0.4769261371189143,0.6326425133850788
1,0,0.9697019859739322,0.13577657323223874,0.9394039719478645
1,0,0.9783146312407767,0.10452771854192454,0.9566292624815534
1,0,0.9740546641076154,0.1203520349385199,0.948109328215231
1,0,0.9663146561286775,0.14732815336245839,0.932629312257355
0,0,0.96218684684159,0.16093084293812832,0.92437369368318
0,1,0.8508871580622452,0.4211671310000898,0.7017743161244907
0,1,0.8216963441807302,0.46881146763844067,0.6433926883614604
0,0,0.9668544142708126,0.1455119963199477,0.9337088285416253
1,1,0.8169798368673236,0.4759423382822423,0.633959673734647
0,1,0.796339571971778,0.5054351729346225,0.592679143943556
0,0,0.9399389043747955,0.22713559619024198,0.8798778087495912
0,1,0.8425564317390551,0.4354063137752405,0.6851128634781103
1,0,0.9593002110546778,0.17016177363657597,0.9186004221093556
1,0,0.9806909287426377,0.09533782484962969,0.9613818574852756
1,0,0.9731254234391276,0.12370408554236123,0.9462508468782551
1,0,0.6819104756885226,0.625420999237088,0.36382095137704507
0,0,0.9663859886593006,0.14708865274076877,0.9327719773186011
0,0,0.9869610218237093,0.06954031388442482,0.9739220436474185
1,0,0.9694184986739868,0.13675775017593175,0.9388369973479735
1,0,0.988583487768924,0.06241366624171988,0.9771669755378479
1,0,0.9800515714462462,0.09783833857393065,0.9601031428924923
0,1,0.808089322138641,0.4889816366805544,0.6161786442772821
1,0,0.9834720832590201,0.08419972875337217,0.9669441665180404
1,0,0.9779568633450731,0.10588752512319488,0.9559137266901462
1,1,0.8343541777942586,0.4489144652963756,0.6687083555885174
0,0,0.9628795390403327,0.1586822758281092,0.9257590780806655
1,0,0.6711788244413868,0.633340665422324,0.3423576488827735
1,1,0.7870637372572726,0.5178211035421053,0.5741274745145453
0,1,0.8094318693754127,0.48704571200391716,0.6188637387508253
1,0,0.9878249298324394,0.06577280270013353,0.9756498596648787
0,1,0.8231929593742796,0.4665171541090361,0.6463859187485594
1,0,0.6670822056225965,0.6362257500448967,0.334164411245193
0,0,0.938299824308316,0.23162021351793033,0.876599648616632
1,0,0.9593002202890972,0.17016174445598317,0.9186004405781945
0,1,0.885299424716248,0.3562315548985942,0.770598849432496
0,1,0.8021517308159688,0.49740498351781937,0.6043034616319374
1,0,0.9867724684167483,0.07035475072629474,0.9735449368334965
0,0,0.9383847920130803,0.2313888875051418,0.8767695840261608
1,0,0.6698014892090335,0.6343191289825374,0.339602978418067
0,1,0.7619014869451024,0.5488781937274128,0.5238029738902047
1,0,0.9834720832590201,0.08419972875337217,0.9669441665180404
0,1,0.7945169878190868,0.5079101786995585,0.5890339756381735
0,1,0.8157461355333985,0.47778289707953603,0.6314922710667971
1,0,0.9395010671481702,0.22833815270247165,0.8790021342963404
1,0,0.6845176386978387,0.6234171750800713,0.3690352773956772
1,0,0.960608733338292,0.16600471182869644,0.9212174666765841
0,0,0.964144222246227,0.15454214805921374,0.9282884444924538
0,0,0.9886896832893279,0.06193940432109629,0.9773793665786558
0,1,0.8169340225704897,0.4760108702806324,0.6338680451409795
1,0,0.9326145470186749,0.2468228071851783,0.8652290940373498
1,0,0.6696831799808987,0.6344027759627422,0.3393663599617973
1,0,0.9834720832590201,0.08419972875337217,0.9669441665180404
1,0,0.960608733338292,0.16600471182869644,0.9212174666765841
0,0,0.9656165532946377,0.14966384774196062,0.9312331065892754
0,1,0.809267708457731,0.48728305435355446,0.618535416915462
0,0,0.6825232498306757,0.6249528529564535,0.36504649966135133
1,0,0.6765295215305099,0.6294577838051953,0.35305904306102004
0,1,0.805618959093441,0.49251352382531205,0.611237918186882
1,0,0.9659805637875511,0.14844780072618297,0.9319611275751024
1,0,0.9721520830930555,0.12717982335171427,0.944304166186111
1,0,0.6883320884898773,0.620428696142667,0.3766641769797543
0,0,0.6825232498306757,0.6249528529564535,0.36504649966135133
1,0,0.9804701230623205,0.09620379685606155,0.9609402461246411
1,0,0.6771646356668729,0.6289882313243741,0.35432927133374587
1,0,0.9806990675692719,0.09530585637459621,0.961398135138544
0,0,0.9814774562536582,0.09223203822098029,0.9629549125073164
0,1,0.8154460111810505,0.47822911918263566,0.630892022362101
0,1,0.7784739144410507,0.5288327018807832,0.5569478288821013
1,0,0.6965762794363253,0.6137373641807109,0.3931525588726504
1,0,0.9604526048568454,0.16650306810624205,0.9209052097136908
1,0,0.9794524837659891,0.10016236821470442,0.9589049675319784
0,0,0.9396342958991535,0.22797258686264313,0.8792685917983072
0,1,0.8801521935454291,0.3666216465491521,0.7603043870908581
1,0,0.6765295215305099,0.6294577838051953,0.35305904306102004
0,1,0.8079910060353671,0.4891229489340033,0.615982012070734
1,0,0.9589728591739415,0.17119483061061963,0.917945718347883
1,0,0.6812421995246571,0.6259295745288185,0.36248439904931434
0,1,0.8156896968819872,0.4778668552715697,0.6313793937639745
0,0,0.9707433550889404,0.1321486211317514,0.9414867101778808
0,0,0.9612508851185461,0.1639481868388154,0.9225017702370921
0,1,0.7951803465355417,0.5070117228468414,0.5903606930710832
1,1,0.7800601824449851,0.5268317799804073,0.5601203648899703
1,0,0.9834720832590201,0.08419972875337217,0.9669441665180404
0,1,0.788874238004793,0.515444406701617,0.5777484760095859
1,1,0.7874030881375963,0.5173771208907558,0.5748061762751926
1,0,0.7324852696737313,0.5807712357332051,0.4649705393474624
0,1,0.7789608522446645,0.5282200329973705,0.5579217044893288
1,0,0.9330503944658968,0.2456760762355314,0.8661007889317933
0,0,0.9647317907719896,0.1526030077309216,0.9294635815439792
1,0,0.9731254234391276,0.12370408554236123,0.9462508468782551
1,0,0.9382017446987695,0.2318870818689939,0.8764034893975389
1,0,0.6633256058588834,0.6388049407706147,0.326651211717767
0,0,0.9898207899047471,0.05682341369421987,0.9796415798094943
0,0,0.9701590118717887,0.134188992028443,0.9403180237435772
1,0,0.6847880638239374,0.6232075312851142,0.3695761276478749
1,0,0.9381718376520508,0.23196842401168338,0.8763436753041016
0,0,0.938322485909064,0.23155852912785452,0.876644971818128
0,0,0.9664683029152015,0.1468120860324431,0.9329366058304029
0,0,0.9382997425241852,0.2316204361165097,0.8765994850483705
0,0,0.9381262476416388,0.23209239151435285,0.8762524952832775
1,0,0.6949636008561103,0.615071429661706,0.38992720171222073
1,0,0.9612490958934492,0.16395393222580446,0.9224981917868984
0,1,0.7870480556753955,0.5178416035968131,0.5740961113507913
1,0,0.9381221183653131,0.2321036179963664,0.8762442367306263
0,0,0.9799798452589721,0.09811754155078395,0.9599596905179443
1,1,0.7956039737099012,0.5064365471718393,0.5912079474198024
1,0,0.988583487768924,0.06241366624171988,0.9771669755378479
1,1,0.8131587260468441,0.48161022532331865,0.6263174520936883
0,1,0.7790505312016445,0.5281070481464399,0.5581010624032892
0,0,0.9414325162316626,0.22300757391227344,0.882865032463325
1,0,0.9386428309261726,0.23068560612964634,0.8772856618523454
0,1,0.7802900578036693,0.5265405998012311,0.5605801156073388
0,0,0.9397624544368244,0.22762063787565665,0.8795249088736488
0,0,0.9406134095641612,0.225276357988028,0.8812268191283225
1,0,0.9790210002734937,0.10182513577949953,0.9580420005469875
0,1,0.7948476442226056,0.5074626735885469,0.5896952884452114
0,0,0.9606087522287023,0.16600465149228585,0.9212175044574048
0,0,0.9617739502961545,0.1622648692007248,0.9235479005923092
0,0,0.940056699389982,0.22681148361824768,0.8801133987799642
1,0,0.9834720832590201,0.08419972875337217,0.9669441665180404
0,1,0.8151274486496988,0.4787021002033669,0.6302548972993975
0,1,0.7947005828533935,0.5076617868444784,0.5894011657067869
0,1,0.8092411015154375,0.4873215059817824,0.6184822030308748
1,0,0.9382637279844587,0.2317184486190232,0.8765274559689173
0,1,0.7977620764685059,0.5034892368859869,0.5955241529370119
1,0,0.9799905455891896,0.09807590586772995,0.9599810911783794
0,0,0.9606087467661608,0.16600466893977192,0.9212174935323216
1,0,0.7076856267901374,0.6042109487089761,0.41537125358027477
0,1,0.8226986481497571,0.4672766310650811,0.6453972962995143
0,0,0.9338954308023298,0.2434440737824223,0.8677908616046597
1,0,0.9933230048231423,0.040100305450420926,0.9866460096462848
1,0,0.9720109645652756,0.12768081558083733,0.9440219291305513
1,1,0.7893815980147673,0.5147748553884146,0.5787631960295344
1,0,0.9398760953492954,0.2273083145075807,0.8797521906985908
1,1,0.7641278068012118,0.5462749975214901,0.5282556136024239
1,0,0.6809152615469951,0.6261776333823368,0.3618305230939903
0,0,0.9354353187459937,0.2393469101501243,0.8708706374919876
1,0,0.971294953206186,0.13021155959823527,0.9425899064123721
1,0,0.9731254234391276,0.12370408554236123,0.9462508468782551
1,1,0.7948752948666978,0.5074252212794679,0.5897505897333954
1,0,0.6698014892090335,0.6343191289825374,0.339602978418067
1,1,0.7727207277085324,0.5359678987273916,0.5454414554170646
1,0,0.9660479210381216,0.14822234003145746,0.9320958420762433
0,0,0.9384885543065068,0.23110622354220023,0.8769771086130136
0,1,0.7867905844640061,0.5181779781253064,0.5735811689280119
0,1,0.805819866953273,0.4922277460238281,0.6116397339065461
1,0,0.9860761525934305,0.07333910154739424,0.9721523051868611
0,0,0.9398893397785547,0.22727189950904936,0.8797786795571095
0,1,0.7870620661553492,0.5178232881926373,0.5741241323106983
0,1,0.7956514170764127,0.5063720627171091,0.5913028341528255
1,0,0.9780957001953545,0.10536054332735559,0.9561914003907092
1,0,0.9697019859739322,0.13577657323223874,0.9394039719478645
0,0,0.9615921162184203,0.1628508828030586,0.9231842324368408
0,0,0.9320378050865754,0.24833559336059324,0.8640756101731508
1,1,0.7795256260392452,0.5275077052561101,0.5590512520784906
1,1,0.7947465536663805,0.5075995590591466,0.589493107332761
0,1,0.8287993126320078,0.4577849565701586,0.6575986252640154
0,1,0.8226556481835375,0.46734261845835323,0.6453112963670751
0,0,0.9915857824462533,0.04858043988751508,0.9831715648925065
1,1,0.8158562389469833,0.47761904613212147,0.6317124778939666
0,1,0.8227412916384452,0.46721117820045355,0.6454825832768905
0,0,0.9737720852939166,0.12137494325934106,0.9475441705878332
1,0,0.9381570653698442,0.2320085964478511,0.8763141307396883
1,0,0.9687209271652875,0.1391606202414064,0.9374418543305749
1,0,0.9663146561286775,0.14732815336245839,0.932629312257355
1,0,0.9664654933493048,0.1468215293036639,0.9329309866986095
0,0,0.9647356249405203,0.1525903207567238,0.9294712498810409
1,1,0.8161199672456433,0.4772262493507435,0.6322399344912863
1,1,0.7789290092299538,0.5282601401819007,0.5578580184599076
1,1,0.8291376437702144,0.45725095689305073,0.6582752875404285
1,0,0.9834720832590201,0.08419972875337217,0.9669441665180404
0,0,0.9381600667516216,0.23200043465415132,0.8763201335032432
0,1,0.7945481167939364,0.5078680778088103,0.5890962335878731
1,0,0.96086857370089,0.16517388168679048,0.9217371474017799
1,0,0.9868645064921074,0.06995754450172574,0.973729012984215
0,1,0.8020451449263246,0.49755414637812484,0.6040902898526495
1,0,0.9840698008160059,0.08174630961859289,0.9681396016320117
1,1,0.7794917137239936,0.5275505299121837,0.5589834274479872
1,0,0.938217112851417,0.23184527707569055,0.876434225702834
0,1,0.8027515910012535,0.4965641662930144,0.605503182002507
1,0,0.6963639592996618,0.6139137055764614,0.3927279185993234
1,0,0.9617721422200916,0.1622707006757032,0.9235442844401831
0,0,0.9611561696250747,0.16425221003713356,0.9223123392501493
1,0,0.9628769034098467,0.15869085671121866,0.9257538068196932
1,0,0.9731254234391276,0.12370408554236123,0.9462508468782551
1,0,0.9817670539949239,0.09107999625385259,0.9635341079898478
0,1,0.7107277378630774,0.6014987910152304,0.42145547572615466
0,1,0.817734029622006,0.4748121481871195,0.6354680592440121
1,0,0.6803905962626428,0.6265746864839834,0.36078119252528545
1,0,0.9381822211546251,0.23194018437691105,0.8763644423092501
1,0,0.9804701218838384,0.09620380147109986,0.9609402437676768
1,0,0.9762953970365942,0.11212606584165627,0.9525907940731884
1,0,0.9712843029694079,0.13024906298268135,0.9425686059388161
0,1,0.7811263017465524,0.5254787383853565,0.5622526034931048
0,0,0.9650772831329766,0.1514580594035326,0.9301545662659532
1,1,0.7510270605410841,0.561203987770663,0.5020541210821685
1,0,0.9625444446246773,0.159771696549647,0.9250888892493545
1,1,0.778958598232181,0.5282228721839981,0.5579171964643621
0,1,0.817136184661,0.47570835739530937,0.6342723693220003
0,1,0.8021195811094245,0.4974499833359433,0.6042391622188492
1,0,0.938212356057341,0.23185821704890955,0.8764247121146818
0,0,0.9586096991854236,0.17233770480270863,0.9172193983708472
1,0,0.9593002110546778,0.17016177363657597,0.9186004221093556
0,1,0.795829670261372,0.5061296593870531,0.5916593405227439
1,0,0.6777936375751732,0.6285213791554258,0.35558727515034627
0,1,0.7803823281849072,0.5264236354094887,0.5607646563698145
0,0,0.9599382724292348,0.1681402716881298,0.9198765448584697
0,0,0.9827865626393326,0.08698652940541939,0.9655731252786653
1,0,0.9672063188129754,0.14432303484807799,0.934412637625951
1,0,0.9381569730454592,0.2320088475072804,0.8763139460909183
0,1,0.7535174841560908,0.5584376954330904,0.5070349683121814
1,0,0.9382301046496875,0.2318099333167261,0.8764602092993748
0,1,0.8288376103172834,0.45772455053017236,0.6576752206345666
1,0,0.6847880638239374,0.6232075312851142,0.3695761276478749
1,0,0.9856650077148235,0.07508453540465324,0.9713300154296468
0,0,0.6765825660750182,0.6294186374919275,0.35316513215003636
1,0,0.6670822056225965,0.6362257500448967,0.334164411245193
1,0,0.9816840536135432,0.09141065391609167,0.9633681072270864
1,0,0.7100729685474367,0.6020863347891277,0.42014593709487347
1,0,0.9807483446896244,0.09511222611858502,0.9614966893792487
1,0,0.9350901185299735,0.24026876435722871,0.8701802370599468
0,0,0.9624233987493928,0.1601644599353864,0.9248467974987855
0,1,0.7956489323477318,0.5063754402740421,0.5912978646954636
1,0,0.9874222992396176,0.06753614572879985,0.974844598479235
1,0,0.6863579285809223,0.6219838156586974,0.37271585716184447
1,0,0.9794814994923289,0.10005022316170784,0.9589629989846579
0,1,0.8023802612350499,0.49708492265340787,0.6047605224700999
1,1,0.7696486738986917,0.5397005044110004,0.5392973477973835
1,0,0.933098906299101,0.24554825204640204,0.8661978125982019
1,0,0.9593002110546778,0.17016177363657597,0.9186004221093556
1,1,0.8031184986964787,0.49604875617181315,0.6062369973929572
0,1,0.8154495768338951,0.4782238213177392,0.6308991536677904
0,1,0.7806429968228724,0.5260929364542042,0.5612859936457448
0,0,0.9396078312592745,0.22804522796866936,0.8792156625185488
1,0,0.9794814994923289,0.10005022316170784,0.9589629989846579
0,1,0.8089649329824111,0.4877203464797017,0.6179298659648222
1,1,0.7839355333327672,0.5218815646520119,0.5678710666655344
1,0,0.9731254234391276,0.12370408554236123,0.9462508468782551
1,0,0.939434738262419,0.22852003578964447,0.878869476524838
0,1,0.8116761937847633,0.4837833178853217,0.6233523875695266
1,0,0.6845176386978387,0.6234171750800713,0.3690352773956772
0,1,0.8186188901394555,0.47348128052548466,0.6372377802789111
1,0,0.6667535571193651,0.6364539234343799,0.33350711423873036
1,0,0.9612490910121063,0.16395394790018405,0.9224981820242127
1,0,0.6811025356795437,0.6260356023997378,0.3622050713590874
0,0,0.9606087467661608,0.16600466893977192,0.9212174935323216
1,1,0.8021527872424686,0.49740350473127665,0.6043055744849374
0,0,0.9806950241565968,0.09532173892159546,0.9613900483131935
1,0,0.9856650077148235,0.07508453540465324,0.9713300154296468
1,0,0.6828120339537981,0.6247316274299985,0.3656240679075963
1,0,0.9911003192074507,0.05088193824426842,0.9822006384149015
1,0,0.9810628019295182,0.09387355043512732,0.9621256038590366
0,1,0.810567009099299,0.4853997503944175,0.6211340181985981
1,0,0.9593002416321954,0.17016167701218413,0.9186004832643908
0,0,0.9562993219655566,0.17953181982440025,0.9125986439311131
0,0,0.9626485982157807,0.15943341912619374,0.9252971964315614
0,0,0.961901326567966,0.1618538264308769,0.9238026531359321
1,0,0.6803905962626428,0.6265746864839834,0.36078119252528545
1,0,0.9840698008160059,0.08174630961859289,0.9681396016320117
1,0,0.9807798867182204,0.09498821691155422,0.9615597734364408
0,1,0.7787843870256016,0.528442221876155,0.5575687740512032
1,0,0.6683173273795567,0.6353638818652843,0.3366346547591136
0,1,0.7485591578596097,0.5639125424972966,0.4971183157192194
1,0,0.6809152615469951,0.6261776333823368,0.3618305230939903
0,0,0.9628795315896862,0.15868230008562534,0.9257590631793724
1,0,0.9382372523727812,0.2317904869297459,0.8764745047455625
0,1,0.8068909280039523,0.49069987609291543,0.6137818560079047
0,1,0.8021743864542219,0.497373268598049,0.6043487729084439
1,1,0.7874358752623984,0.5173341881083928,0.574871750524797
0,1,0.7812561587468622,0.5253134795312598,0.5625123174937242
1,0,0.9898575020843479,0.056655308605445216,0.9797150041686956
1,1,0.7802852284408287,0.5265467202623672,0.5605704568816573
1,1,0.7794324197122827,0.5276253906365458,0.5588648394245652
1,0,0.6965762794363253,0.6137373641807109,0.3931525588726504
1,0,0.986689778781021,0.07071105854992811,0.9733795575620422
1,1,0.7802078394618933,0.5266447801188494,0.5604156789237866
1,0,0.988583487768924,0.06241366624171988,0.9771669755378479
1,0,0.676865677580349,0.6292094867035809,0.3537313551606981
1,0,0.6765295215305099,0.6294577838051953,0.35305904306102004
0,1,0.7870053612347601,0.5178974093046445,0.57401072246952
1,0,0.9835444773126812,0.0839037624285294,0.9670889546253624
0,1,0.7867541452857718,0.5182255523387616,0.5735082905715436
1,0,0.9659805637875511,0.14844780072618297,0.9319611275751024
0,1,0.7968262020660645,0.5047708874310971,0.5936524041321289
0,1,0.7871070098619637,0.5177645269718476,0.5742140197239273
1,0,0.9619010611891677,0.16185468326704333,0.9238021223783355
1,0,0.988583487768924,0.06241366624171988,0.9771669755378479
0,0,0.9631766557196726,0.15771369713117067,0.9263533114393453
0,1,0.8060744855963601,0.4918651976288613,0.6121489711927204
0,0,0.9593020516471982,0.17015595735549333,0.9186041032943963
1,1,0.7791730206611729,0.5279526504603063,0.5583460413223458
0,1,0.7868779854811361,0.5180638369593359,0.5737559709622722
0,1,0.794738684507214,0.5076102119617321,0.5894773690144279
0,0,0.9634659000682076,0.1567683908460951,0.9269318001364154
1,0,0.9775862691867926,0.10728982205774093,0.9551725383735853
1,0,0.9902722999554253,0.054746504500244195,0.9805445999108505
1,0,0.9719023060361827,0.12806607088952057,0.9438046120723653
1,0,0.9663146561286775,0.14732815336245839,0.932629312257355
0,0,0.9615919987428901,0.1628512611125662,0.9231839974857804
1,0,0.6649747940560452,0.6376804499781814,0.3299495881120903
1,0,0.9715664772088792,0.12925404607958257,0.9431329544177584
0,0,0.9612490538099802,0.16395406735914508,0.9224981076199603
0,0,0.965392272242103,0.1504111120676077,0.9307845444842061
1,1,0.763201786075716,0.5473611072023088,0.5264035721514321
1,0,0.9946225767572238,0.03346291127533013,0.9892451535144478
1,0,0.9663146561286775,0.14732815336245839,0.932629312257355
0,1,0.7947232346991164,0.507631126090883,0.5894464693982328
0,1,0.8022099606155535,0.4973234629147751,0.604419921231107
0,1,0.7947791062445372,0.5075554868557995,0.5895582124890744
1,0,0.9593002110546778,0.17016177363657597,0.9186004221093556
1,0,0.6667535571193651,0.6364539234343799,0.33350711423873036
0,1,0.8253333362330872,0.4632091845191507,0.6506666724661746
0,0,0.9383116337515476,0.2315880695743629,0.8766232675030952
1,0,0.9708696361310243,0.1317061094135571,0.9417392722620485
0,0,0.9586095232462544,0.1723382576801497,0.9172190464925087
1,0,0.9721520830930555,0.12717982335171427,0.944304166186111
0,1,0.8363158747394686,0.4457288153883904,0.6726317494789372
1,0,0.9396491277388859,0.22793187049066083,0.8792982554777719
0,1,0.8233118627890927,0.46633421642489525,0.6466237255781854
0,1,0.787091234221127,0.5177851540559806,0.5741824684422541
1,0,0.965214857323655,0.15100115980352635,0.9304297146473101
1,0,0.9672063188129754,0.14432303484807799,0.934412637625951
1,0,0.9697019859739322,0.13577657323223874,0.9394039719478645
1,0,0.9835444773126812,0.0839037624285294,0.9670889546253624
1,0,0.9959876775309333,0.026145802588869567,0.9919753550618666
0,1,0.799073815319861,0.5016837105519211,0.5981476306397221
1,0,0.9381581376661132,0.23200568052176238,0.8763162753322264
0,1,0.8135761945831328,0.48099569430026057,0.6271523891662657
0,1,0.8158927652237845,0.4775646715469692,0.631785530447569
1,0,0.9685086535469942,0.13988861944041298,0.9370173070939883
0,1,0.8455618874220227,0.43033081794623373,0.6911237748440454
1,1,0.7948917608403558,0.5074029161813589,0.5897835216807117
1,0,0.9718729658892855,0.1281700239325199,0.9437459317785711
1,0,0.9767811282826243,0.11031493874322741,0.9535622565652486
0,1,0.7948985992454665,0.5073936522685512,0.5897971984909329
0,1,0.8124470234076554,0.48265523750767203,0.6248940468153109
0,1,0.8243175567658841,0.4647830232673464,0.6486351135317683
1,1,0.7793808578870971,0.5276904725859175,0.5587617157741944
1,0,0.9890742741907336,0.06021333823482452,0.978148548381467
1,0,0.6771989371348314,0.6289628190682462,0.35439787426966285
0,0,0.9680897983895863,0.14132077206299293,0.9361795967791725
1,1,0.7794815075344543,0.5275634170339499,0.5589630150689087
1,0,0.6803905962626428,0.6265746864839834,0.36078119252528545
0,0,0.969297705406365,0.1371750023091154,0.9385954108127298
0,1,0.7872431538717624,0.5175864532128537,0.5744863077435245
0,1,0.7911344049672479,0.5124497850381551,0.5822688099344957
1,0,0.9660479228138071,0.14822233408599472,0.9320958456276143
0,0,0.9396082489416826,0.22804408159467981,0.8792164978833652
0,0,0.9593004915125627,0.17016088739393498,0.9186009830251253
1,0,0.9860761525934305,0.07333910154739424,0.9721523051868611
0,1,0.8029283122463784,0.49631602499717287,0.6058566244927568
1,0,0.6624535677881962,0.6393946112877354,0.32490713557639245
0,1,0.7870214321461422,0.5178764043662931,0.5740428642922845
1,1,0.7787977711940808,0.5284253760903093,0.5575955423881616
0,0,0.9323732969847714,0.24745624425702048,0.864746593969543
1,0,0.9593004351190557,0.17016106559671876,0.9186008702381115
1,0,0.96840924017742,0.1402290522270369,0.93681848035484
1,1,0.7521101689347937,0.5600049905454161,0.5042203378695875
1,0,0.9879500338256931,0.06522217826944515,0.9759000676513863
1,0,0.6965762794363253,0.6137373641807109,0.3931525588726504
1,0,0.9923000815399667,0.04514220154556163,0.9846001630799336
0,1,0.7939392007903873,0.5086905394190735,0.5878784015807748
1,0,0.6825230128008601,0.6249530343770495,0.3650460256017202
0,1,0.7918720853790011,0.511465711263245,0.5837441707580022
0,0,0.9584128213829075,0.17295589326460176,0.916825642765815
1,0,0.6765295215305099,0.6294577838051953,0.35305904306102004
0,0,0.9343788287171015,0.2421620780410429,0.8687576574342031
1,0,0.9593002136194907,0.17016176553181558,0.9186004272389813
0,1,0.7989718438843781,0.5018244513443018,0.5979436877687563
1,0,0.9387673638569262,0.2303457800634487,0.8775347277138523
1,0,0.9818936249854517,0.09057502010597314,0.9637872499709035
0,1,0.7862714423546986,0.5188550125424373,0.5725428847093974
0,1,0.8020541650840795,0.49754152578558297,0.6041083301681589
0,1,0.8001537524858113,0.5001892034454365,0.6003075049716227
0,0,0.9643557283837642,0.15384527741130904,0.9287114567675283
0,0,0.9384878947310259,0.23110802091287755,0.8769757894620518
1,0,0.9379736883300769,0.23250696768218726,0.8759473766601538
1,1,0.7944823952536574,0.5079569570172576,0.5889647905073148
0,0,0.9369119657197389,0.23538114296094537,0.8738239314394779
1,0,0.9401902385025951,0.22644375338543068,0.8803804770051903
0,0,0.9606105175588351,0.16599901294509517,0.9212210351176702
1,0,0.6955880042781335,0.6145563582488527,0.39117600855626694
0,0,0.9893105192471955,0.059146299906715834,0.978621038494391
0,1,0.7752055817639699,0.5329094636818901,0.5504111635279398
1,0,0.9381816893909355,0.23194163064046386,0.876363378781871
0,0,0.9382842776402348,0.23166252608382576,0.8765685552804695
1,0,0.9851266752325347,0.07735188077297031,0.9702533504650696
1,0,0.9324930888457013,0.247141828860451,0.8649861776914025
0,1,0.7867277181524502,0.5182600500886985,0.5734554363049006
0,1,0.8227987631147434,0.46712294634841933,0.645597526229487
1,0,0.989700674294931,0.05737249083505111,0.9794013485898622
1,0,0.9659805637875511,0.14844780072618297,0.9319611275751024
0,1,0.8279750052671736,0.45908261463543854,0.6559500105343472
1,0,0.6862585351639532,0.6220616323525622,0.3725170703279065
1,0,0.9818936249854517,0.09057502010597314,0.9637872499709035
1,0,0.9738636984154738,0.12104365660318112,0.9477273968309478
1,0,0.6771646356668729,0.6289882313243741,0.35432927133374587
1,0,0.6899820919537571,0.6191149922493762,0.3799641839075145
0,0,0.9363777493961993,0.23682008190550938,0.8727554987923989
0,1,0.7440224231455886,0.5688073995219859,0.48804484629117734
1,1,0.7786086540509461,0.5286633091501531,0.5572173081018923
0,1,0.7879207984949486,0.5166984597623556,0.5758415969898971
1,1,0.7790286222042287,0.5281346551974331,0.5580572444084575
0,0,0.9650810885629745,0.15144542869765784,0.9301621771259491
0,1,0.7872472007342289,0.5175811583008416,0.5744944014684578
1,0,0.678392334113052,0.6280753371774237,0.3567846682261039
1,0,0.9718729658892855,0.1281700239325199,0.9437459317785711
0,0,0.933897139537159,0.24343954881261484,0.867794279074318
1,1,0.8347124492273218,0.4483347452279638,0.6694248984546436
1,0,0.9812597484481103,0.09309505495523909,0.9625194968962206
1,0,0.9848461837971517,0.07852536940088786,0.9696923675943033
0,1,0.8343797271941769,0.44887315450963294,0.6687594543883537
1,0,0.678392334113052,0.6280753371774237,0.3567846682261039
1,0,0.939680980934088,0.22784441397464994,0.879361961868176
1,0,0.9389126425055517,0.229949001994734,0.8778252850111034
0,0,0.9718741943949433,0.12816567193109088,0.9437483887898864
0,1,0.8027500501384652,0.49656632901189945,0.6055001002769301
0,1,0.8157212142566169,0.47781997260738435,0.6314424285132338
1,1,0.7577902696765613,0.5536136817484354,0.5155805393531226
1,0,0.6812421995246571,0.6259295745288185,0.36248439904931434
0,1,0.7791032637478543,0.5280405895785472,0.5582065274957085
0,0,0.9885222250096547,0.06268680644219288,0.9770444500193094
1,0,0.6641687702541292,0.6382315567415089,0.3283375405082585
1,0,0.9382225121447793,0.23183058882970708,0.8764450242895586
0,0,0.96443506814435,0.15358353342359338,0.9288701362887
1,0,0.9863427003167775,0.07220096968653383,0.9726854006335552
0,0,0.961903030847407,0.16184832372897962,0.9238060616948139
1,0,0.9920514752414018,0.046346131766758975,0.9841029504828037
0,1,0.8253440080724279,0.463192611739771,0.6506880161448558
0,0,0.961900910203053,0.1618551707594015,0.9238018204061058
1,1,0.7789110713682341,0.5282827308370862,0.5578221427364684
1,0,0.9382690923120001,0.23170385118012876,0.8765381846240001
1,0,0.9372882048876722,0.23436482812467885,0.8745764097753446
0,0,0.9593020536606256,0.17015595099300576,0.9186041073212512
1,0,0.9756542952655889,0.11450094087302012,0.9513085905311778
0,0,0.9595467230826534,0.16938202054723717,0.9190934461653066
0,1,0.7790670225790862,0.5280862658810046,0.5581340451581724
1,0,0.9741296023923954,0.1200802368084728,0.9482592047847909
1,0,0.9937049726354867,0.038178340845573415,0.9874099452709735
0,0,0.9821237328925995,0.08965465348706927,0.9642474657851988
0,0,0.9917432569446968,0.04782788837758929,0.9834865138893937
1,0,0.938195223794622,0.2319048189476373,0.8763904475892439
0,0,0.9353628772360789,0.23954052783060464,0.8707257544721578
1,0,0.932422658641902,0.2473267132533085,0.8648453172838039
0,1,0.8103297315640888,0.4857444971563193,0.6206594631281778
0,0,0.9664685739924141,0.1468111748981491,0.9329371479848283
1,0,0.9381667183865156,0.23198234600808734,0.876333436773031
1,1,0.7799809236528077,0.5269321046622344,0.5599618473056155
1,0,0.9831651481574665,0.0854509969357366,0.9663302963149328
1,1,0.7790284490353286,0.5281348733926895,0.5580568980706573
0,0,0.6825232498306757,0.6249528529564535,0.36504649966135133
1,0,0.9721520830930555,0.12717982335171427,0.944304166186111
0,0,0.9368984733999728,0.23541754448516536,0.8737969467999459
0,1,0.8022033387554011,0.4973327344688431,0.6044066775108021
1,1,0.7800360468319736,0.5268623343820827,0.5600720936639472
0,0,0.9631753981248621,0.1577178020301811,0.9263507962497243
1,1,0.8030416296867263,0.496156807648242,0.6060832593734526
0,0,0.9834278521029897,0.08438039882789747,0.9668557042059794
0,1,0.7782204761596295,0.529151035701929,0.5564409523192588
0,0,0.9839590355127492,0.08220265772442575,0.9679180710254984
0,1,0.7948242043766822,0.5074944187738409,0.5896484087533643
0,1,0.685353305657719,0.6227682400787433,0.3707066113154381
0,0,0.9613340146932797,0.16368115434461292,0.9226680293865596
1,0,0.9647822402044488,0.15243603979137094,0.9295644804088976
1,0,0.9710331047529016,0.13113244793317358,0.9420662095058032
1,0,0.938185922032962,0.23193011878316833,0.8763718440659243
0,1,0.7947598340125732,0.5075815798816989,0.5895196680251464
1,1,0.7792204139833285,0.5278928878905602,0.5584408279666568
0,0,0.9634660339972742,0.15676795259095813,0.9269320679945483
0,1,0.8084767164579263,0.4884242180148677,0.6169534329158527
1,0,0.9381897660864501,0.23191966353372767,0.8763795321729001
1,0,0.9612490910121063,0.16395394790018405,0.9224981820242127
1,0,0.9698891669264804,0.13512722406805694,0.9397783338529608
1,1,0.7948372568542793,0.5074767418839397,0.5896745137085587
0,0,0.9325159392393808,0.24708182799336273,0.8650318784787616
1,0,0.6765825818170034,0.6294186258726002,0.35316516363400685
0,0,0.9399707959675943,0.22704787086724704,0.8799415919351885
1,0,0.9823702197186778,0.08866542915042387,0.9647404394373557
0,1,0.8092658128818685,0.4872857939398866,0.618531625763737
0,0,0.9396091610195944,0.2280415782887289,0.8792183220391887
1,0,0.6819104756885226,0.625420999237088,0.36382095137704507
0,1,0.7873127098021973,0.517495432678803,0.5746254196043945
1,0,0.9659805637875511,0.14844780072618297,0.9319611275751024
1,0,0.9863427003167775,0.07220096968653383,0.9726854006335552
1,0,0.9835444773126812,0.0839037624285294,0.9670889546253624
1,0,0.6765295215305099,0.6294577838051953,0.35305904306102004
1,0,0.9761374813103176,0.11271267405387474,0.9522749626206354
1,0,0.6641687702541292,0.6382315567415089,0.3283375405082585
0,1,0.8030967732812081,0.49607929844590537,0.6061935465624161
0,1,0.762898175408083,0.5477161720955993,0.5257963508161659
0,1,0.8404813150721953,0.4388708866882611,0.6809626301443906
1,0,0.9324003941930123,0.24738514266617978,0.8648007883860246
1,0,0.9381821337606508,0.23194042206688564,0.8763642675213015
1,1,0.8090553494660595,0.48758982204589385,0.6181106989321189
0,0,0.9397859945133313,0.2275559605917301,0.8795719890266624
1,0,0.6851885094843413,0.6228964683124624,0.37037701896868264
0,0,0.9403191539732375,0.22608845456241058,0.880638307946475
0,1,0.8347106338899474,0.44833768497446214,0.6694212677798947
1,0,0.9910047115840874,0.05133200155512955,0.9820094231681749
1,0,0.9672903559144924,0.14403852708791554,0.934580711828985
0,1,0.7871748153805673,0.5176758524808251,0.5743496307611347
1,1,0.795762305793301,0.5062212901066525,0.591524611586602
1,0,0.9883132482304149,0.06361605179889292,0.9766264964608299
1,1,0.7794236585103758,0.5276364502203813,0.5588473170207515
0,0,0.9349009527594128,0.2407730965992681,0.8698019055188256
1,0,0.9650773201908941,0.15145793640566582,0.9301546403817881
1,0,0.6765825813071503,0.6294186262489282,0.3531651626143011
0,0,0.6765825660750182,0.6294186374919275,0.35316513215003636
0,1,0.8158635507202575,0.4776081622232078,0.6317271014405148
0,0,0.9602927515642049,0.16701264895491086,0.9205855031284096
0,0,0.9382680862909641,0.23170658880819467,0.8765361725819282
1,0,0.9382401507322915,0.23178260128341882,0.876480301464583
0,1,0.7947754402218224,0.5075604505261104,0.589550880443645
1,0,0.6845176386978387,0.6234171750800713,0.3690352773956772
1,1,0.8021753276406567,0.49737195099060694,0.6043506552813133
1,0,0.9710331047529016,0.13113244793317358,0.9420662095058032
0,1,0.800209761798707,0.5001114944033508,0.6004195235974137
1,0,0.9769026738589238,0.10986011745744083,0.9538053477178476
1,0,0.9672063188129754,0.14432303484807799,0.934412637625951
1,0,0.9725081714444481,0.12591237739928784,0.9450163428888961
0,1,0.8095951181115327,0.48680951522522165,0.6191902362230655
1,1,0.802079204756834,0.49750648873372516,0.6041584095136681
0,1,0.8102630100350459,0.48584137261753535,0.6205260200700917
1,0,0.9685086535469942,0.13988861944041298,0.9370173070939883
1,0,0.9707432879744003,0.13214885616379812,0.9414865759488006
1,0,0.9902037475449628,0.05506317910634922,0.9804074950899254
0,0,0.9855908060029215,0.07539825962428254,0.971181612005843
0,1,0.7955886963990348,0.506457308963246,0.5911773927980698
1,1,0.7757961492489213,0.5321773740748038,0.5515922984978426
0,1,0.8019784593014733,0.4976474339594156,0.6039569186029465
1,0,0.9725081714444481,0.12591237739928784,0.9450163428888961
1,0,0.9663146561286775,0.14732815336245839,0.932629312257355
0,1,0.8030072175273293,0.49620516724121344,0.6060144350546585
0,1,0.838373900661023,0.4423565127655506,0.676747801322046
1,0,0.9765827797648317,0.11105575786457386,0.9531655595296633
1,0,0.6591670006368264,0.6415864560567663,0.3183340012736528
1,0,0.9659805637875511,0.14844780072618297,0.9319611275751024
0,1,0.7803151139260006,0.5265088429059177,0.5606302278520012
1,0,0.6765825818170034,0.6294186258726002,0.35316516363400685
1,0,0.6841065760390109,0.6237351978670641,0.3682131520780218
1,0,0.9927539099371939,0.04292338421920326,0.9855078198743878
1,0,0.9333842542194667,0.2447956228158285,0.8667685084389335
0,0,0.9872357950953737,0.0683485018663254,0.9744715901907475
1,0,0.932358710695288,0.2474945130603689,0.864717421390576
1,0,0.9757968951286526,0.11397421115484532,0.9515937902573054
1,0,0.9946225767572238,0.03346291127533013,0.9892451535144478
1,0,0.9663146561286775,0.14732815336245839,0.932629312257355
1,1,0.7873796620732094,0.5174077919901002,0.5747593241464187
0,1,0.7518190586719425,0.5603278661475422,0.5036381173438852
0,1,0.8138798151705925,0.48054803054262296,0.627759630341185
0,0,0.9800505137718734,0.09784245761038336,0.9601010275437468
1,0,0.971294953206186,0.13021155959823527,0.9425899064123721
1,1,0.8090819856124386,0.4875513602510383,0.6181639712248771
0,0,0.9672063713791226,0.14432285695494232,0.934412742758245
0,1,0.8157845447358424,0.4777257473945612,0.631569089471685
0,1,0.7949378065552941,0.5073405330167621,0.5898756131105883
1,0,0.9902658348141337,0.05477639069534075,0.9805316696282674
0,1,0.8022674183076557,0.49724300230089263,0.6045348366153112
1,1,0.7854390557242997,0.519937215884082,0.5708781114485995
0,0,0.9593002092468179,0.170161779349379,0.9186004184936358
0,1,0.7880663516867015,0.5165073668523711,0.5761327033734027
0,1,0.8098176495654016,0.4864872666437552,0.6196352991308031
1,0,0.6777936375751732,0.6285213791554258,0.35558727515034627
1,0,0.9647822402044488,0.15243603979137094,0.9295644804088976
1,0,0.6863579285809223,0.6219838156586974,0.37271585716184447
0,0,0.9325156415201308,0.24708260980186397,0.8650312830402618
1,0,0.9852487997094949,0.07683927797687565,0.9704975994189896
1,0,0.9718729658892855,0.1281700239325199,0.9437459317785711
0,1,0.7881911202680217,0.5163434605361421,0.5763822405360436
0,1,0.7979757768200916,0.50319582031746,0.5959515536401832
1,0,0.9638212631735023,0.1556037398982129,0.9276425263470045
1,0,0.6997170659171926,0.6111038409328304,0.39943413183438536
0,0,0.9599382704182929,0.16814027807578102,0.919876540836586
0,1,0.7957661000849374,0.5062161297648484,0.5915322001698747
1,0,0.6717959459104943,0.6328994728779951,0.3435918918209887
0,1,0.8273032135529229,0.4601366473214261,0.6546064271058459
0,0,0.9672923703516026,0.14403170447025831,0.9345847407032052
0,1,0.8026531311850689,0.49670233205346254,0.605306262370138
0,0,0.9653908668381467,0.15041578986540996,0.9307817336762934
1,0,0.9659805637875511,0.14844780072618297,0.9319611275751024
1,1,0.7795003123670375,0.5275396721321957,0.5590006247340751
0,1,0.7816119507498719,0.524860185189336,0.5632239014997437
0,1,0.7879437566618523,0.5166683270196306,0.5758875133237047
1,0,0.9659805637875511,0.14844780072618297,0.9319611275751024
1,0,0.9861089337127367,0.07319941053503133,0.9722178674254732
0,1,0.7738085522977578,0.5346333134239155,0.5476171045955156
1,0,0.9593002114697469,0.17016177232496518,0.9186004229394938
0,1,0.7818448780425955,0.52456302415788,0.563689756085191
0,1,0.7947150387899243,0.50764222015273,0.5894300775798489
1,1,0.7788063223302697,0.5284146127847226,0.5576126446605392
1,0,0.9883208939739103,0.06358212094590739,0.9766417879478206
0,1,0.8092643674426451,0.4872878829493351,0.6185287348852903
0,1,0.7750972932219162,0.5330434849712113,0.5501945864438325
0,1,0.7824831244260303,0.5237471395804951,0.5649662488520604
1,0,0.6765295215305099,0.6294577838051953,0.35305904306102004
0,1,0.7882526289183299,0.516262623378537,0.5765052578366596
1,1,0.7880462499303946,0.516533765461042,0.5760924998607894
1,0,0.9855936160807799,0.0753863857141088,0.9711872321615598
1,0,0.9780957001953545,0.10536054332735559,0.9561914003907092
0,0,0.9395993302564492,0.22806855921103808,0.8791986605128981
1,0,0.9759813962039713,0.113291429997422,0.9519627924079426
0,1,0.7870943426219495,0.5177810898539262,0.5741886852438991
1,0,0.9890083219850543,0.060510294884181526,0.9780166439701086
1,0,0.9726296107128793,0.1254790500299634,0.9452592214257587
1,0,0.6765295215305099,0.6294577838051953,0.35305904306102004
0,0,0.9591176275297746,0.17073830782627875,0.9182352550595491
1,0,0.9656141232467721,0.149671952328176,0.9312282464935442
1,0,0.9903595450352837,0.05434277402431794,0.9807190900705672
1,0,0.9786055338868093,0.10341761084549139,0.9572110677736185
0,1,0.7871570187941679,0.5176991291013795,0.5743140375883358
1,0,0.6812421995246571,0.6259295745288185,0.36248439904931434
0,0,0.9413889696808752,0.22312849520297562,0.8827779393617503
0,1,0.7787355234325005,0.528503714488102,0.5574710468650008
1,1,0.7947432196141598,0.507604072590703,0.5894864392283196
1,0,0.6711788244413868,0.633340665422324,0.3423576488827735
0,0,0.9352466184239581,0.2398510765939227,0.870493236847916
0,0,0.9896623905671418,0.057547196656079554,0.9793247811342836
1,1,0.7871164865859006,0.5177521351806892,0.5742329731718012
0,1,0.7741029464864004,0.5342709777709578,0.5482058929728009
0,0,0.9606105156046127,0.1659990191870183,0.9212210312092255
1,0,0.95820453832272,0.17360883525184645,0.91640907664544
1,0,0.6683173273795567,0.6353638818652843,0.3366346547591136
1,0,0.9368942306670505,0.23542899050492272,0.8737884613341012
0,1,0.7790453453674773,0.5281135829551559,0.5580906907349545
0,1,0.8230812157451293,0.4666889876341461,0.6461624314902588
0,0,0.9384265012719593,0.23127528766157615,0.8768530025439186
1,0,0.9708696361310243,0.1317061094135571,0.9417392722620485
1,0,0.6696831799808987,0.6344027759627422,0.3393663599617973
1,0,0.9697019859739322,0.13577657323223874,0.9394039719478645
1,0,0.9818317005523007,0.09082219019816057,0.9636634011046016
0,0,0.6825232498306757,0.6249528529564535,0.36504649966135133
0,1,0.8170556648949824,0.4758288789519411,0.6341113297899645
1,0,0.9659805637875511,0.14844780072618297,0.9319611275751024
1,0,0.6803905962626428,0.6265746864839834,0.36078119252528545
1,0,0.9593002112065041,0.1701617731568078,0.9186004224130081
1,0,0.9858606602619191,0.0742554444731669,0.9717213205238383
1,0,0.9882213567834556,0.06402345952783184,0.9764427135669111
0,1,0.8157263910200063,0.4778122714464964,0.6314527820400124
1,0,0.9380601180362346,0.23227214626607576,0.8761202360724691
0,1,0.7878665822097055,0.5167696064685954,0.575733164419411
1,1,0.7786272479626942,0.5286399248786351,0.5572544959253884
1,0,0.9804701218838384,0.09620380147109986,0.9609402437676768
0,0,0.9647352637714097,0.15259151585647798,0.9294705275428194
1,0,0.9381272577895434,0.23208964512708122,0.8762545155790868
0,0,0.9413834223287536,0.22314389677839955,0.8827668446575071
1,1,0.7781957097131704,0.5291821238921708,0.5563914194263406
1,1,0.7957630999893005,0.5062202099854081,0.5915261999786011
1,0,0.6832366188624978,0.6244056712590496,0.3664732377249956
1,0,0.9593002110546778,0.17016177363657597,0.9186004221093556
0,0,0.9567634406862597,0.17809709933750179,0.9135268813725195
1,1,0.7881284937024188,0.516425743619821,0.5762569874048376
1,1,0.7871387877834526,0.517722971956676,0.5742775755669052
1,0,0.9809316692178559,0.0943907361662212,0.9618633384357118
0,1,0.7676490678359744,0.5421014324005584,0.5352981356719486
1,0,0.9908173077766034,0.05221122125138415,0.9816346155532067
1,0,0.9845482992886433,0.07976585489593191,0.9690965985772865
1,0,0.9332438225169865,0.24516618661369494,0.8664876450339729
1,0,0.9864824347597736,0.07160221684637703,0.9729648695195472
1,0,0.685114036946182,0.622954374238011,0.3702280738923639
0,1,0.7718526693614081,0.5370280314917777,0.5437053387228161
0,1,0.7869669875876695,0.5179475580438577,0.573933975175339
1,1,0.7792838666409,0.5278128541953907,0.5585677332817999
0,0,0.9621869835798886,0.16093040037730572,0.9243739671597772
1,0,0.974650837041074,0.11818353961169015,0.9493016740821482
1,0,0.9911003192074507,0.05088193824426842,0.9822006384149015
1,0,0.6811369076866921,0.6260095167147972,0.3622738153733844
1,0,0.933112771624984,0.2455117112701888,0.866225543249968
1,0,0.9659805637875511,0.14844780072618297,0.9319611275751024
1,0,0.9784564175070284,0.10398715240101482,0.9569128350140568
1,0,0.6949636008561103,0.615071429661706,0.38992720171222073
1,0,0.9602908909412143,0.1670185763044309,0.9205817818824287
1,0,0.988583487768924,0.06241366624171988,0.9771669755378479
1,1,0.802200202298631,0.49733712586177603,0.604400404597262
0,0,0.9634670205481158,0.15676472429191268,0.9269340410962317
1,0,0.9834720832590201,0.08419972875337217,0.9669441665180404
0,0,0.96287940084089,0.1586827257720581,0.92575880168178
1,0,0.9663859703467449,0.14708871424568543,0.9327719406934898
0,1,0.8238211355715125,0.4655495795485569,0.647642271143025
1,1,0.7498863198644043,0.5624600005544372,0.49977263972880875
1,0,0.9763679237377882,0.1118562908486836,0.9527358474755764
1,0,0.9856375781295488,0.0752005527565479,0.9712751562590974
1,0,0.9866502079605047,0.07088138395943097,0.9733004159210095
1,0,0.984082066647395,0.08169572690585125,0.96816413329479
1,0,0.6880461239116378,0.6206550848044481,0.3760922478232755
1,0,0.9734880516559778,0.12239996721826646,0.9469761033119557
1,0,0.6978781671374323,0.6126514214098657,0.39575633427486456
1,0,0.9889731172800036,0.06066864377415649,0.9779462345600071
1,1,0.7792111218566627,0.5279046062109101,0.5584222437133256
1,0,0.9821228548556998,0.08965817109458431,0.9642457097113997
0,1,0.7868499591230479,0.5181004428807239,0.5736999182460958
0,0,0.9335953789704075,0.24423792086700158,0.8671907579408149
1,0,0.9729769268254868,0.12423666838701045,0.9459538536509736
1,0,0.9382434634905643,0.23177358799345094,0.8764869269811285
1,0,0.9747595677560301,0.11778650537299395,0.9495191355120601
1,0,0.932451775115603,0.24725028994784143,0.8649035502312059
0,1,0.8157378740869918,0.4777951881390482,0.6314757481739837
1,1,0.7872437689530993,0.5175856484471651,0.5744875379061988
1,0,0.9784564175070284,0.10398715240101482,0.9569128350140568
0,1,0.7794616191846089,0.5275885278567628,0.5589232383692178
1,0,0.7019009650962051,0.6092450039957796,0.4038019301924103
0,1,0.8314350157977352,0.45360349925280175,0.6628700315954703
1,1,0.8035919132185321,0.4953824734414852,0.6071838264370643
0,1,0.7816634943353511,0.5247944549608701,0.5633269886707023
1,0,0.9883023383662212,0.06366445964846268,0.9766046767324421
0,0,0.9656707627747375,0.1494830044633568,0.9313415255494751
0,1,0.7873229165705102,0.5174820737233574,0.5746458331410202
1,0,0.9385584079139843,0.23091582687299328,0.8771168158279687
0,0,0.982801574252587,0.08692580524629386,0.965603148505174
0,0,0.9149905096579372,0.29083695351614736,0.8299810193158744
1,0,0.9381522471201228,0.23202169860832283,0.8763044942402457
1,0,0.9593002110546778,0.17016177363657597,0.9186004221093556
1,0,0.9814227378135579,0.09244919201518464,0.9628454756271159
1,0,0.9663859703467449,0.14708871424568543,0.9327719406934898
0,0,0.9368886308206236,0.2354440972713432,0.8737772616412472
0,1,0.771581565986942,0.5373582442227,0.5431631319738841
0,1,0.7944191236620868,0.508042498019383,0.5888382473241734
1,0,0.7100729685474367,0.6020863347891277,0.42014593709487347
0,1,0.7731808458760121,0.5354042315435642,0.5463616917520244
0,1,0.7945889319454118,0.5078128676960143,0.5891778638908237
1,0,0.9331592694381152,0.24538914812163698,0.8663185388762304
0,1,0.7947457987035321,0.5076005811092863,0.5894915974070641
0,1,0.8027535759623085,0.4965613802261142,0.605507151924617
1,0,0.9685086535469942,0.13988861944041298,0.9370173070939883
1,0,0.9710331047529016,0.13113244793317358,0.9420662095058032
1,0,0.7441970170072013,0.5686210310929949,0.4883940340144027
1,0,0.9908173077766034,0.05221122125138415,0.9816346155532067
1,0,0.6711788244413868,0.633340665422324,0.3423576488827735
1,1,0.802871435668185,0.4963959091844554,0.6057428713363697
1,0,0.9732455181273303,0.12327274966028884,0.9464910362546606
0,1,0.7918214134041524,0.5115334137486778,0.5836428268083047
0,0,0.9396680045483223,0.22788004425585703,0.8793360090966447
0,1,0.7857860500129954,0.5194865817028123,0.5715721000259908
0,1,0.7945819133042451,0.5078223624452269,0.5891638266084903
1,0,0.9762953970365942,0.11212606584165627,0.9525907940731884
1,0,0.9701609006341751,0.134182416094959,0.9403218012683503
0,1,0.8019756162009828,0.49765141059548906,0.6039512324019657
1,0,0.9767811282826243,0.11031493874322741,0.9535622565652486
0,0,0.958609697109776,0.17233771132530193,0.9172193942195518
0,0,0.6765825660750182,0.6294186374919275,0.35316513215003636
0,0,0.9595099313758746,0.16949849718879725,0.9190198627517492
1,0,0.6845176386978387,0.6234171750800713,0.3690352773956772
1,0,0.9846281763384932,0.07943379851971145,0.9692563526769864
0,0,0.9628778869346114,0.15868765464963216,0.9257557738692229
0,1,0.8252375858093068,0.46335784432101845,0.6504751716186136
1,0,0.9663146561286775,0.14732815336245839,0.932629312257355
1,0,0.9814970713244097,0.0921541544220579,0.9629941426488193
1,0,0.9834720832590201,0.08419972875337217,0.9669441665180404
0,1,0.7948537369303242,0.5074544215263053,0.5897074738606485
1,1,0.7721739979725892,0.5366361022448765,0.5443479959451785
1,0,0.6773564312312267,0.6288460704089063,0.35471286246245337
0,1,0.8089211028646746,0.4877836002105107,0.6178422057293492
0,1,0.7649092587821213,0.5453547483632988,0.5298185175642428
0,1,0.936566177163419,0.23631309087852595,0.8731323543268379
0,1,0.8058662994074575,0.4921616623168862,0.6117325988149152
0,1,0.8594740022566502,0.40591717571543684,0.7189480045133003
1,0,0.9769026738589238,0.10986011745744083,0.9538053477178476
1,0,0.9828586568557253,0.08669477597977869,0.9657173137114505
1,0,0.6785136383234418,0.6279847627897788,0.35702727664688366
1,1,0.7720306169075116,0.5368110587264574,0.5440612338150232
0,1,0.7949789940008286,0.507284720860578,0.5899579880016572
0,1,0.844943118676704,0.4313813890834458,0.6898862373534079
0,0,0.9668544313723001,0.14551193863425932,0.9337088627446003
0,1,0.8168774471374841,0.47609548011828223,0.6337548942749681
1,0,0.7100729685474367,0.6020863347891277,0.42014593709487347
0,0,0.9865645648759435,0.07124961244356759,0.9731291297518868
1,0,0.9382006227186419,0.23189013374492035,0.8764012454372838
0,1,0.805909620108751,0.49209999489971196,0.611819240217502
1,0,0.6832366188624978,0.6244056712590496,0.3664732377249956
0,0,0.9634660637710265,0.15676785516244923,0.9269321275420531
1,0,0.938158731388628,0.23200406598652512,0.876317462777256
1,0,0.9814576268604237,0.09231075149881965,0.9629152537208474
1,1,0.7802690366729382,0.5265672397999189,0.5605380733458765
0,1,0.787091448794608,0.5177848735052171,0.5741828975892161
0,1,0.8386240031833644,0.4419445684520058,0.6772480063667287
1,0,0.6711788244413868,0.633340665422324,0.3423576488827735
1,0,0.6875394517567389,0.6210552649049188,0.37507890351347817
1,0,0.9725081714444481,0.12591237739928784,0.9450163428888961
0,0,0.6825232498306757,0.6249528529564535,0.36504649966135133
1,0,0.9593002428395909,0.17016167319683612,0.9186004856791818
1,0,0.8536951773749727,0.4162455160154557,0.7073903547499455
0,0,0.9650777671571587,0.1514564528895988,0.9301555343143172
1,0,0.9381938446299345,0.23190857022802855,0.876387689259869
1,1,0.802955794707799,0.4962774180553209,0.6059115894155979
1,0,0.9745354855142581,0.11860422692908407,0.9490709710285162
1,0,0.9761297592596293,0.11274133157800248,0.9522595185192587
1,0,0.6811369076866921,0.6260095167147972,0.3622738153733844
0,1,0.8015640567670114,0.49822652084735314,0.6031281135340227
0,0,0.6765825660750182,0.6294186374919275,0.35316513215003636
1,0,0.6819104756885226,0.625420999237088,0.36382095137704507
0,1,0.7948474836539533,0.5074628910622576,0.5896949673079066
0,0,0.9615946506575224,0.1628427209918556,0.9231893013150446
0,0,0.960290938049239,0.16701842623445734,0.920581876098478
1,0,0.9383680859128587,0.2314343800021053,0.8767361718257174
0,1,0.7949541477180918,0.5073183907299169,0.5899082954361835
0,1,0.7945449623779565,0.5078723443205261,0.5890899247559129
1,0,0.9613323252989708,0.16368658294108582,0.9226646505979416
1,0,0.6711788244413868,0.633340665422324,0.3423576488827735
0,0,0.9397471935680202,0.22766256248126138,0.8794943871360402
0,1,0.7957863829612202,0.506188542988407,0.5915727659224401
0,1,0.7807042379297139,0.5260151849770615,0.5614084758594279
1,0,0.9323683983412873,0.24746909678630757,0.8647367966825747
0,0,0.9612507287366596,0.16394868900066742,0.9225014574733194
1,0,0.9807595498553301,0.09506817843697682,0.9615190997106601
0,0,0.9880662031406435,0.06470970140898795,0.9761324062812872
0,1,0.8026680295249279,0.49668142958212425,0.6053360590498558
0,1,0.8113294828283542,0.48428944829678133,0.6226589656567083
0,1,0.82852560404082,0.4582163698843911,0.6570512080816397
0,1,0.8090440949877056,0.48760607179417126,0.6180881899754112
0,1,0.7551296805424736,0.5566291210491239,0.5102593610849471
0,1,0.799073815319861,0.5016837105519211,0.5981476306397221
1,0,0.6667535571193651,0.6364539234343799,0.33350711423873036
1,0,0.9879500338256931,0.06522217826944515,0.9759000676513863
1,0,0.9710331047529016,0.13113244793317358,0.9420662095058032
0,1,0.802160264784384,0.4973930374619043,0.6043205295687677
1,0,0.9647822402044488,0.15243603979137094,0.9295644804088976
0,0,0.9687209428406539,0.1391605664274413,0.9374418856813079
0,1,0.8347331959020545,0.4483011464904365,0.669466391804109
0,0,0.989116360964824,0.0600236279319886,0.978232721929648
0,1,0.8022694455051261,0.49724016314421965,0.6045388910102525
0,1,0.7594956003716175,0.5516606421168568,0.5189912007432349
1,1,0.7790742689267467,0.5280771336080095,0.5581485378534934
1,0,0.9593002110546778,0.17016177363657597,0.9186004221093556
0,0,0.9325972014179139,0.24686838144724474,0.8651944028358279
0,0,0.9606087522287023,0.16600465149228585,0.9212175044574048
1,1,0.7790822920395346,0.5280670220540843,0.5581645840790692
1,1,0.8025415733777893,0.49685880388530995,0.6050831467555786
1,0,0.6696831799808987,0.6344027759627422,0.3393663599617973
0,1,0.7789399936983146,0.5282463055962603,0.5578799873966294
0,1,0.8022390443902349,0.4972827381858954,0.6044780887804697
0,0,0.9631760213310367,0.15771576783651292,0.9263520426620736
1,0,0.9848839090606913,0.07836784763816111,0.9697678181213827
0,1,0.8068918156568129,0.4906986068059742,0.6137836313136256
0,1,0.8288663516666597,0.45767921068367845,0.6577327033333193
1,1,0.7648408667049621,0.5454354233488101,0.5296817334099244
0,1,0.7945194789242604,0.5079068097821513,0.5890389578485208
1,0,0.9663146561286775,0.14732815336245839,0.932629312257355
1,0,0.6949636008561103,0.615071429661706,0.38992720171222073
0,0,0.9884996880325674,0.06278720430399327,0.9769993760651348
0,1,0.8092478057447781,0.4873118176443659,0.6184956114895561
0,1,0.7814178966892804,0.525107510304027,0.5628357933785609
1,1,0.779255125833851,0.527849108263868,0.5585102516677021
1,0,0.9929940786030812,0.0417376954793784,0.9859881572061626
1,1,0.8036968287337874,0.495234623411935,0.6073936574675748
0,1,0.7788528549879502,0.5283560347404782,0.5577057099759005
0,0,0.9876117793266094,0.06670795881678408,0.9752235586532186
0,1,0.788100798444032,0.5164621240620744,0.5762015968880643
0,0,0.9737829755674517,0.12133557964453622,0.9475659511349035
1,0,0.9382595326928606,0.23172986452441288,0.8765190653857209
0,0,0.9663147015678691,0.14732800084911216,0.9326294031357383
1,0,0.9901200829958241,0.05544900741484855,0.9802401659916481
0,1,0.7663029367671255,0.5437050989825449,0.5326058735342506
1,0,0.6811129197792936,0.6260277222476289,0.36222583955858717
0,0,0.9384319892593016,0.23126033827174328,0.876863978518603
0,0,0.9615947920625948,0.16284226561122017,0.9231895841251897
1,0,0.9695884891525817,0.1361697236597376,0.9391769783051634
1,0,0.9381784076786669,0.23195055596493713,0.8763568153573338
1,0,0.6765295215305099,0.6294577838051953,0.35305904306102004
1,0,0.9817670539949239,0.09107999625385259,0.9635341079898478
1,0,0.6889120086583213,0.6199684220689052,0.37782401731664234
0,0,0.9382955070127221,0.2316319640976806,0.876591014025444
0,1,0.7871568586603923,0.517699338535949,0.5743137173207843
1,0,0.9874534315391258,0.06740027108866384,0.9749068630782516
0,1,0.8022082663279649,0.4973258351867399,0.6044165326559298
1,0,0.9384116344330458,0.23131578261659777,0.8768232688660914
0,0,0.9383212823386701,0.23156180544369367,0.8766425646773401
1,0,0.9382663770676493,0.23171123998073148,0.8765327541352983
0,1,0.8944570710576485,0.3370940709290497,0.788914142115297
1,0,0.9834720832590201,0.08419972875337217,0.9669441665180404
1,0,0.9866502079605047,0.07088138395943097,0.9733004159210095
0,0,0.9891163557291294,0.060023651542621195,0.9782327114582587
0,1,0.833995972920688,0.44949314918430305,0.6679919458413759
1,0,0.6978781671374323,0.6126514214098657,0.39575633427486456
0,0,0.9893105192471955,0.059146299906715834,0.978621038494391
0,1,0.8174052651781294,0.47530528425117813,0.6348105303562586
0,1,0.8106861352461959,0.4852265306562419,0.6213722704923919
1,1,0.7866309634237612,0.5183863173561682,0.573261926847522
1,0,0.9761374813103176,0.11271267405387474,0.9522749626206354
1,0,0.9401514950611631,0.22655047486541857,0.8803029901223264
0,0,0.963826991253936,0.15558493738002285,0.9276539825078721
1,0,0.6955880042781335,0.6145563582488527,0.39117600855626694
0,1,0.8096402420531249,0.48674419706179817,0.6192804841062498
1,0,0.678392334113052,0.6280753371774237,0.3567846682261039
0,0,0.6765825660750182,0.6294186374919275,0.35316513215003636
1,1,0.7872650750873621,0.5175577703400134,0.5745301501747242
1,0,0.6803905962626428,0.6265746864839834,0.36078119252528545
1,0,0.9736273298454764,0.12189773105734618,0.9472546596909526
0,0,0.9612508773126607,0.16394821190450828,0.9225017546253212
1,0,0.678392334113052,0.6280753371774237,0.3567846682261039
1,0,0.685114036946182,0.622954374238011,0.3702280738923639
1,0,0.9748330736730046,0.11751782368483958,0.9496661473460093
1,1,0.7871138615478667,0.5177555677415524,0.5742277230957333
0,1,0.8253588578183847,0.46316954958670464,0.6507177156367693
1,0,0.9659805637875511,0.14844780072618297,0.9319611275751024
1,0,0.9593002110546778,0.17016177363657597,0.9186004221093556
0,1,0.7966969231025244,0.5049475051996283,0.5933938462050488
1,1,0.7793028596640881,0.5277888934865889,0.5586057193281762
0,1,0.8023433230820579,0.4971366774935059,0.6046866461641157
1,0,0.9725081714444481,0.12591237739928784,0.9450163428888961
1,0,0.709288837945727,0.6027872181955902,0.41857767589145395
1,0,0.9878249298324394,0.06577280270013353,0.9756498596648787
1,0,0.9761297592596293,0.11274133157800248,0.9522595185192587
0,0,0.9606087467661608,0.16600466893977192,0.9212174935323216
1,1,0.8171495545986281,0.47568834114388076,0.6342991091972563
1,1,0.7949900328377512,0.5072697606190849,0.5899800656755025
1,1,0.7751364748940724,0.5329950002749445,0.5502729497881451
0,1,0.8093741854179911,0.48712913084379594,0.6187483708359823
0,1,0.7802900578036693,0.5265405998012311,0.5605801156073388
1,0,0.9593002110546778,0.17016177363657597,0.9186004221093556
0,1,0.7826332069108521,0.5235549384146865,0.5652664138217042
1,0,0.6765295215305099,0.6294577838051953,0.35305904306102004
1,1,0.7803453836560151,0.5264704732401546,0.5606907673120305
1,0,0.9593002091269043,0.17016177972830376,0.9186004182538086
1,0,0.6782496717860855,0.628181772759414,0.35649934357217095
0,0,0.9678210979656233,0.14223651971598858,0.9356421959312466
1,0,0.6659786282301654,0.6369900154200507,0.3319572564603308
0,1,0.8380003836703466,0.4429708739377649,0.676000767340693
0,1,0.802992570541131,0.4962257484584919,0.6059851410822621
0,0,0.9768753356171807,0.10996247360074046,0.9537506712343613
0,1,0.819530625118001,0.47210447642259007,0.6390612502360019
0,1,0.8103484226210104,0.4857173537247259,0.6206968452420206
1,0,0.9382556632597394,0.23174039345938474,0.8765113265194788
0,1,0.8090267396241226,0.48763112868218533,0.6180534792482453
0,1,0.7436083500560025,0.5692487578058552,0.48721670011200485
1,0,0.9625444446246773,0.159771696549647,0.9250888892493545
1,1,0.7955614359416537,0.5064943522275228,0.5911228718833077
1,0,0.9834720832590201,0.08419972875337217,0.9669441665180404
0,1,0.7808980749411696,0.5257689458223661,0.5617961498823392
0,0,0.9381342988961466,0.23207050129798096,0.8762685977922934
0,1,0.81978789351112,0.471714961596366,0.63957578702224
0,1,0.8163340815294258,0.47690700679104514,0.6326681630588517
1,0,0.9659805637875511,0.14844780072618297,0.9319611275751024
1,0,0.9382658796361147,0.2317125935918579,0.8765317592722294
1,0,0.9659805637875511,0.14844780072618297,0.9319611275751024
1,1,0.7803453836560151,0.5264704732401546,0.5606907673120305
1,0,0.6863579285809223,0.6219838156586974,0.37271585716184447
1,0,0.9708696361310243,0.1317061094135571,0.9417392722620485
0,0,0.9382755965904735,0.23168615103380605,0.8765511931809468
0,0,0.936901177158534,0.23541025014248537,0.8738023543170679
0,1,0.7978688594376265,0.5033426562744873,0.5957377188752531
0,1,0.828640495646096,0.45803534458040074,0.657280991292192
1,1,0.7785151904704767,0.5287808214280159,0.5570303809409534
0,1,0.7843464005525452,0.521351560985039,0.5686928011050904
1,0,0.6765295215305099,0.6294577838051953,0.35305904306102004
0,0,0.6765825660750182,0.6294186374919275,0.35316513215003636
0,0,0.9384388655435839,0.23124160639687133,0.8768777310871677
0,1,0.7786633592732755,0.5285945044605791,0.5573267185465511
0,0,0.9653923952265818,0.15041070271876864,0.9307847904531636
1,0,0.9659805637875511,0.14844780072618297,0.9319611275751024
1,1,0.802993593277929,0.4962243114035989,0.605987186555858
1,0,0.6765295215305099,0.6294577838051953,0.35305904306102004
1,0,0.9395860169705003,0.22810509534177176,0.8791720339410004
0,1,0.8016782943590781,0.49806699288204365,0.6033565887181562
1,0,0.9821230840661433,0.08965725283174068,0.9642461681322868
0,1,0.7843716132106003,0.5213190050930017,0.5687432264212003
1,1,0.8227788104497648,0.46715358081653063,0.6455576208995296
0,0,0.9593020536606256,0.17015595099300576,0.9186041073212512
1,0,0.6711788244413868,0.633340665422324,0.3423576488827735
1,0,0.7020893054510451,0.6090836308388234,0.40417861090209045
0,1,0.7946904964790013,0.5076754383994242,0.5893809929580023
1,0,0.9763674778245961,0.11185795019194408,0.9527349556491922
0,1,0.8012005312109587,0.49873362312410086,0.6024010624219174
0,1,0.8221355528206915,0.4681397495249325,0.6442711056413831
1,1,0.7511060703858268,0.5611167365071618,0.5022121407716535
0,1,0.7958476787689189,0.5061051590646028,0.5916953575378376
0,0,0.969701801526208,0.13577721251024943,0.939403603052416
1,0,0.9321753929380188,0.24797518081254039,0.8643507858760376
0,0,0.9355007261988486,0.2391720180692103,0.8710014523976973
1,0,0.9908173077766034,0.05221122125138415,0.9816346155532067
1,1,0.8226525836909152,0.4673473207196184,0.6453051673818305
1,1,0.78712375244501,0.5177426339596718,0.57424750489002
1,0,0.9617721422200916,0.1622707006757032,0.9235442844401831
1,0,0.9720109660420139,0.12768081034202794,0.944021932084028
0,1,0.7869331058157418,0.517991829258414,0.5738662116314837
1,0,0.9872888375769158,0.06811774735677173,0.9745776751538315
1,0,0.680791161640761,0.6262716633341116,0.36158232328152196
1,0,0.938231545075821,0.231806014505566,0.876463090151642
1,0,0.6832366188624978,0.6244056712590496,0.3664732377249956
1,0,0.938223686673674,0.23182739357288704,0.876447373347348
1,0,0.6696831799808987,0.6344027759627422,0.3393663599617973
0,1,0.7954070282586219,0.5067040851053898,0.5908140565172441
1,0,0.9663146561286775,0.14732815336245839,0.932629312257355
0,0,0.9325208569632315,0.24706891388389302,0.8650417139264631
0,1,0.7886962615673555,0.5156789117911466,0.5773925231347111
0,1,0.8021472274216981,0.49741128729334044,0.6042944548433962
1,0,0.9761374813103176,0.11271267405387474,0.9522749626206354
1,1,0.7794017753620103,0.5276640721642563,0.5588035507240207
0,0,0.9893105141357275,0.05914632305015387,0.978621028271455
1,0,0.9698891669264804,0.13512722406805694,0.9397783338529608
0,1,0.7870964143656096,0.5177783810384119,0.5741928287312192
0,1,0.8221091542826807,0.46818016023002346,0.6442183085653614
1,0,0.9660479210381216,0.14822234003145746,0.9320958420762433
1,0,0.6862585351639532,0.6220616323525622,0.3725170703279065
1,1,0.763351562745583,0.5471857593805801,0.5267031254911659
0,1,0.833495989009807,0.45029932938438655,0.6669919780196141
0,0,0.933819435813797,0.243645271375324,0.8676388716275942
1,0,0.9617721422200916,0.1622707006757032,0.9235442844401831
0,1,0.8080261322565152,0.48907246827144546,0.6160522645130304
0,1,0.8388655372981484,0.4415462984650038,0.6777310745962967
0,1,0.7870118833001153,0.5178888850466239,0.5740237666002304
0,1,0.8010828065947244,0.4988976659188059,0.6021656131894486
1,1,0.7883881725580906,0.5160844064240995,0.5767763451161811
1,0,0.6832366188624978,0.6244056712590496,0.3664732377249956
0,1,0.7870358354755924,0.5178575776749024,0.574071670951185
1,0,0.9742196774188859,0.11975324337238837,0.948439354837772
1,0,0.9839861472310664,0.08209103070446444,0.9679722944621327
1,1,0.7719568909399989,0.5369009751700199,0.5439137818799976
0,0,0.9100102828387922,0.3025140317169516,0.8200205656775843
1,0,0.7254941128781169,0.5876891715447417,0.4509882257562341
1,1,0.8090514684038334,0.4875954257997601,0.6181029368076667
1,0,0.993858076704884,0.03740148805789632,0.987716153409768
1,0,0.6649747940560452,0.6376804499781814,0.3299495881120903
1,1,0.8122030110924809,0.4830127616537625,0.6244060221849619
