true_label,predicted_label,confidence,entropy,margin
0,0,0.9347521,0.24116954,0.8695042
0,0,0.96973866,0.13564937,0.9394773
0,0,0.9882627,0.06384013,0.9765254
0,0,0.99080086,0.05228824,0.9816017
0,0,0.93475515,0.24116144,0.8695103
1,0,0.90995646,0.30263853,0.8199129
1,1,0.69621986,0.6140332,0.39243972
1,1,0.9483566,0.20332593,0.89671326
0,1,0.62779385,0.6601194,0.2555877
1,0,0.8566742,0.41095516,0.7133484
0,0,0.9903437,0.054416165,0.9806874
1,0,0.85968375,0.40553713,0.7193675
1,1,0.6962209,0.6140324,0.39244175
0,0,0.93475366,0.24116546,0.8695073
0,0,0.9916914,0.048076034,0.9833828
1,1,0.6468603,0.6493686,0.2937206
0,0,0.9347555,0.24116044,0.869511
0,0,0.9561729,0.17992175,0.91234577
0,0,0.9871092,0.06889837,0.97421837
0,0,0.9784007,0.104199745,0.9568014
1,1,0.9907102,0.052711993,0.9814204
0,0,0.9920373,0.046414554,0.9840746
1,1,0.87237483,0.38184717,0.74474967
0,0,0.86172396,0.4018216,0.7234479
0,0,0.9914812,0.049078684,0.98296237
1,0,0.6009239,0.6726353,0.20184776
1,1,0.9905523,0.053447925,0.9811046
1,1,0.9880409,0.06482132,0.97608185
1,1,0.8742574,0.37821272,0.7485148
1,1,0.5293296,0.6914257,0.058659196
1,1,0.5302625,0.69131446,0.06052494
1,1,0.94220084,0.2208684,0.8844017
1,1,0.6962208,0.6140325,0.39244163
1,0,0.8173708,0.47535697,0.63474154
0,0,0.9801304,0.09753121,0.96026075
0,0,0.86172396,0.4018216,0.7234479
1,0,0.8967983,0.3320614,0.7935966
1,0,0.9704589,0.1331432,0.94091785
1,1,0.9475168,0.20576295,0.8950336
0,0,0.9934411,0.039508574,0.9868822
0,0,0.88994104,0.34663862,0.7798821
1,1,0.752745,0.55929935,0.50548995
1,0,0.55692345,0.68665254,0.1138469
1,0,0.60964155,0.6689081,0.2192831
1,1,0.5414938,0.68969977,0.08298755
0,0,0.9903987,0.05416139,0.9807974
1,0,0.93475574,0.24115983,0.8695115
0,1,0.5875346,0.6777433,0.17506921
1,1,0.9890057,0.06052216,0.97801137
0,1,0.85659385,0.41109878,0.7131877
0,0,0.9925904,0.043725945,0.98518085
1,1,0.94971347,0.19935805,0.89942694
0,0,0.9924476,0.044423964,0.9848952
0,0,0.9476207,0.20546225,0.8952414
0,0,0.99299383,0.04173881,0.98598766
1,1,0.98862946,0.062208477,0.9772589
1,1,0.939357,0.22873315,0.87871397
1,1,0.98918927,0.059694607,0.97837853
0,0,0.93475515,0.2411614,0.8695103
0,0,0.99288905,0.042257193,0.9857781
1,0,0.64542073,0.6502354,0.29084146
1,1,0.8192801,0.47248337,0.6385602
0,0,0.90200233,0.320661,0.80400467
1,1,0.5500493,0.68812895,0.10009861
1,0,0.74192345,0.5710354,0.48384693
1,1,0.94188005,0.22176287,0.8837601
1,0,0.93486667,0.24086441,0.86973333
0,0,0.8827082,0.36149415,0.7654164
0,0,0.9347555,0.24116047,0.869511
0,0,0.9920373,0.046414554,0.9840746
1,1,0.79446155,0.5079851,0.5889231
0,0,0.99044925,0.053926762,0.9808985
1,0,0.84365094,0.43356586,0.6873019
0,0,0.97436005,0.11924296,0.9487201
0,0,0.93475544,0.24116066,0.8695109
1,0,0.86172384,0.4018218,0.7234477
1,1,0.9902284,0.054949284,0.9804568
0,0,0.93475544,0.24116065,0.8695109
0,0,0.963207,0.15761462,0.926414
1,1,0.98862946,0.062208477,0.9772589
0,0,0.9878257,0.06576946,0.9756514
1,1,0.8288792,0.45765898,0.65775836
1,1,0.9888192,0.061359704,0.97763836
1,1,0.8288792,0.45765898,0.65775836
1,1,0.9905523,0.053447925,0.9811046
1,1,0.9907102,0.052711993,0.9814204
0,0,0.86172396,0.4018216,0.7234479
1,1,0.5167896,0.6925833,0.03357923
0,0,0.9761865,0.11253062,0.952373
1,1,0.95087373,0.1959345,0.90174747
1,0,0.85365003,0.41632512,0.70730007
1,1,0.58818907,0.67751086,0.17637813
1,1,0.9872093,0.06846359,0.97441864
0,0,0.93475527,0.2411611,0.86951053
1,1,0.6962208,0.6140325,0.39244163
0,0,0.975517,0.115007356,0.95103395
1,1,0.8815521,0.36382112,0.7631042
0,0,0.93475515,0.2411614,0.8695103
1,1,0.98936975,0.058877952,0.9787395
1,1,0.9872093,0.06846359,0.97441864
0,0,0.93474764,0.24118137,0.8694953
1,1,0.99039173,0.054193627,0.98078346
1,1,0.7809796,0.52566534,0.56195915
1,0,0.9704589,0.1331432,0.94091785
1,0,0.88867116,0.3492846,0.7773423
0,0,0.9347552,0.24116123,0.8695104
1,1,0.92737985,0.26036435,0.8547597
0,0,0.98068786,0.0953498,0.9613757
0,0,0.95176965,0.19327125,0.9035393
0,0,0.93475556,0.2411603,0.8695111
1,1,0.71810657,0.5947327,0.43621314
0,0,0.9896593,0.057561234,0.9793186
1,1,0.9238657,0.269225,0.84773135
1,1,0.6962208,0.6140325,0.39244163
1,1,0.8761165,0.37459183,0.752233
1,1,0.9907102,0.052711993,0.9814204
1,1,0.9898935,0.05649036,0.979787
0,0,0.9871156,0.068870485,0.97423124
0,0,0.86172396,0.4018216,0.7234479
1,1,0.5077321,0.6930276,0.015464187
1,1,0.96480054,0.15237547,0.9296011
1,0,0.78449047,0.5211655,0.56898093
0,0,0.9893116,0.059141528,0.97862315
0,0,0.9518522,0.19302495,0.9037044
1,0,0.8363044,0.4457475,0.67260885
0,1,0.62813884,0.6599388,0.25627768
1,1,0.85689735,0.41055596,0.7137947
1,0,0.8210393,0.46981385,0.64207864
0,0,0.7945052,0.50792617,0.58901036
0,0,0.9433525,0.21764149,0.88670504
1,0,0.9423648,0.22041039,0.8847296
0,0,0.881348,0.36423057,0.762696
1,0,0.5194508,0.6923903,0.038901597
1,1,0.9475168,0.20576295,0.8950336
0,0,0.86172396,0.4018216,0.7234479
0,0,0.89862657,0.32809028,0.79725313
1,1,0.94094145,0.2243692,0.8818829
1,1,0.92512625,0.26606718,0.8502525
1,1,0.8264519,0.4614678,0.6529038
1,1,0.69621986,0.6140332,0.39243972
1,1,0.9880409,0.06482132,0.97608185
1,1,0.98783827,0.06571416,0.97567654
0,0,0.717862,0.5949613,0.43572402
1,1,0.92851764,0.25745657,0.8570353
0,0,0.6989662,0.6117377,0.3979324
1,1,0.9907102,0.052711993,0.9814204
0,0,0.93475544,0.24116066,0.8695109
0,0,0.9400997,0.22669306,0.88019943
0,0,0.99097204,0.051485643,0.9819441
1,0,0.85968375,0.40553713,0.7193675
0,0,0.99190176,0.047067445,0.9838035
1,0,0.8650965,0.39560285,0.730193
1,0,0.93589497,0.2381164,0.87178993
1,1,0.9907102,0.052711993,0.9814204
0,0,0.9917811,0.047646444,0.98356223
1,1,0.9236378,0.2697934,0.8472756
1,0,0.93475574,0.24115983,0.8695115
1,0,0.58921397,0.67714334,0.1784279
1,1,0.77370495,0.5347607,0.5474099
0,0,0.773214,0.53536355,0.54642797
0,0,0.85552746,0.41300008,0.7110549
0,0,0.97683185,0.11012519,0.9536637
1,1,0.9884366,0.06306811,0.97687316
1,1,0.9888192,0.061359704,0.97763836
1,1,0.6241475,0.6619972,0.24829495
1,0,0.66093135,0.6404158,0.32186273
1,1,0.90944195,0.30382705,0.8188839
1,0,0.9205538,0.27741468,0.8411076
0,0,0.9911888,0.050464325,0.98237765
1,0,0.92357695,0.2699451,0.8471539
1,0,0.9287796,0.25678435,0.8575592
0,0,0.99170357,0.048017908,0.98340714
1,1,0.98742247,0.067535415,0.97484493
1,1,0.9399886,0.22699887,0.8799772
0,0,0.985583,0.075431235,0.971166
1,1,0.8879879,0.3507015,0.7759758
1,0,0.67209744,0.6326833,0.34419492
0,0,0.85968363,0.40553737,0.71936727
0,0,0.9751894,0.11621223,0.9503788
1,0,0.9348496,0.24090983,0.86969924
0,0,0.9583701,0.17308989,0.9167402
0,1,0.8158956,0.47756046,0.63179123
1,1,0.9041236,0.31592685,0.8082472
0,0,0.8489395,0.42454427,0.69787896
1,1,0.51744187,0.6925386,0.034883738
1,1,0.9241068,0.2686228,0.84821355
1,1,0.9884366,0.06306811,0.97687316
1,1,0.68101203,0.62610424,0.36202407
0,0,0.7748453,0.53335506,0.5496906
0,0,0.9916249,0.048393738,0.9832498
1,1,0.98918927,0.059694607,0.97837853
1,0,0.6185224,0.6647829,0.23704484
0,0,0.86172396,0.4018216,0.7234479
1,0,0.8196748,0.47188628,0.6393496
1,1,0.9880409,0.06482132,0.97608185
1,0,0.85968363,0.40553743,0.71936727
1,1,0.6962209,0.6140324,0.39244175
1,1,0.9907102,0.052711993,0.9814204
1,0,0.78125024,0.525321,0.5625005
0,0,0.9347547,0.24116258,0.86950946
1,0,0.8867557,0.353245,0.7735114
0,0,0.67327845,0.6318325,0.34655687
1,0,0.7518278,0.56031823,0.50365555
1,0,0.864831,0.396096,0.72966194
0,0,0.9857169,0.074865066,0.97143376
0,0,0.9864953,0.07154701,0.97299063
1,1,0.9888192,0.061359704,0.97763836
1,1,0.9343248,0.24230555,0.8686496
0,0,0.6493056,0.6478754,0.2986112
0,1,0.5465502,0.688807,0.09310043
1,1,0.9238657,0.269225,0.84773135
0,0,0.93475544,0.24116066,0.8695109
1,0,0.88637805,0.35402152,0.7727561
1,0,0.861724,0.40182152,0.72344804
1,1,0.98862946,0.062208477,0.9772589
1,1,0.98954725,0.05807176,0.9790945
0,0,0.97497314,0.11700518,0.9499463
1,1,0.94188005,0.22176287,0.8837601
0,0,0.65608704,0.6435969,0.31217405
0,0,0.93475544,0.24116059,0.8695109
1,1,0.52785784,0.69159424,0.05571568
1,1,0.77805483,0.52935886,0.55610967
1,0,0.9287168,0.25694564,0.85743356
1,0,0.93367547,0.24402615,0.86735094
0,0,0.97829115,0.10461713,0.9565823
0,0,0.990887,0.05188483,0.981774
0,0,0.93475175,0.24117042,0.8695035
1,1,0.8063309,0.49149963,0.61266184
0,0,0.93475515,0.2411614,0.8695103
0,0,0.7281966,0.58504426,0.45639327
1,1,0.9898935,0.05649036,0.979787
1,1,0.92143685,0.275246,0.8428737
1,1,0.9339633,0.24326432,0.8679266
0,0,0.8956459,0.3345459,0.79129183
0,0,0.86172396,0.4018216,0.7234479
0,0,0.99344116,0.03950824,0.9868823
1,1,0.97111446,0.1308466,0.9422289
0,0,0.992084,0.046188906,0.98416805
1,1,0.98936975,0.058877952,0.9787395
0,0,0.9347555,0.24116044,0.869511
1,1,0.9872093,0.06846359,0.97441864
0,0,0.98624027,0.072639026,0.97248054
0,0,0.9347498,0.24117571,0.86949956
0,0,0.86172396,0.4018216,0.7234479
0,0,0.9347554,0.24116081,0.86951077
0,0,0.9594603,0.16965558,0.91892064
1,1,0.94196117,0.22153684,0.88392234
0,0,0.9936238,0.038588747,0.9872476
0,0,0.7239351,0.58919823,0.44787025
0,0,0.95100355,0.1955496,0.9020071
1,0,0.88524055,0.35635185,0.7704811
0,0,0.9917639,0.04772906,0.9835278
1,1,0.8288792,0.45765898,0.65775836
1,1,0.9497683,0.19919689,0.8995366
0,0,0.93475413,0.24116412,0.86950827
0,0,0.9920373,0.046414554,0.9840746
1,0,0.928852,0.25659832,0.85770404
0,0,0.99162525,0.048392046,0.9832505
1,0,0.5172784,0.69254994,0.034556746
0,0,0.9920373,0.046414554,0.9840746
0,0,0.9347554,0.24116075,0.86951077
0,1,0.8990318,0.32720512,0.79806364
0,0,0.96860695,0.13955162,0.9372139
0,0,0.86172396,0.4018216,0.7234479
1,1,0.9907102,0.052711993,0.9814204
0,0,0.9347553,0.2411609,0.86951065
0,0,0.9011571,0.32253313,0.80231416
1,1,0.809324,0.48720163,0.61864805
1,0,0.8515835,0.41995254,0.70316696
1,1,0.69621986,0.6140332,0.39243972
0,1,0.7234413,0.5896737,0.4468826
1,0,0.92357695,0.2699451,0.8471539
0,0,0.9514773,0.19414228,0.9029546
0,0,0.9347555,0.2411605,0.869511
0,0,0.86172384,0.4018218,0.7234477
0,0,0.98326325,0.0850517,0.9665265
1,0,0.8812101,0.364507,0.7624202
0,0,0.98310703,0.08568731,0.96621406
1,0,0.7116393,0.6006774,0.42327854
1,1,0.98742247,0.067535415,0.97484493
0,0,0.6431582,0.65157944,0.28631642
0,0,0.9633963,0.15699606,0.9267926
0,0,0.99362373,0.038589127,0.98724747
1,1,0.9872093,0.06846359,0.97441864
0,0,0.9347539,0.24116474,0.8695078
0,0,0.86172396,0.4018216,0.7234479
1,1,0.98742247,0.067535415,0.97484493
0,1,0.9148004,0.29128844,0.8296008
0,0,0.99097204,0.051485464,0.9819441
1,0,0.78693295,0.517992,0.5738659
0,0,0.93475515,0.24116144,0.8695103
1,0,0.5129827,0.69281006,0.025965422
0,0,0.7544623,0.5573795,0.5089246
1,1,0.98918927,0.059694607,0.97837853
1,0,0.7819672,0.5244068,0.56393445
1,1,0.86259717,0.4002207,0.72519433
0,0,0.9347548,0.24116237,0.8695096
1,1,0.95311856,0.18922836,0.9062371
1,1,0.9236378,0.2697934,0.8472756
0,0,0.93475544,0.24116059,0.8695109
1,0,0.56253326,0.68530583,0.12506655
0,0,0.924404,0.26787916,0.84880805
0,0,0.9811121,0.09367871,0.96222425
1,1,0.81131536,0.48431003,0.6226307
1,1,0.9898935,0.05649036,0.979787
1,0,0.9223671,0.27294973,0.8447342
1,0,0.56156987,0.6855462,0.12313974
1,0,0.8043246,0.49434847,0.60864925
0,1,0.5793312,0.68050694,0.15866244
1,0,0.90752023,0.30823785,0.81504047
1,1,0.9236378,0.2697934,0.8472756
0,0,0.9347522,0.24116924,0.86950445
1,1,0.9884366,0.06306811,0.97687316
0,0,0.9347555,0.2411605,0.869511
1,0,0.54776406,0.6885774,0.095528096
1,1,0.93603176,0.23774947,0.8720635
1,0,0.9198533,0.27912742,0.83970666
0,0,0.86172396,0.4018216,0.7234479
0,0,0.9347554,0.24116075,0.86951077
0,0,0.9920841,0.046188608,0.9841682
0,0,0.86172396,0.4018216,0.7234479
1,0,0.93484676,0.2409175,0.8696935
1,1,0.9872093,0.06846359,0.97441864
1,1,0.9418677,0.22179721,0.8837354
0,0,0.93475544,0.24116063,0.8695109
1,1,0.8404335,0.43895036,0.68086696
0,0,0.9347533,0.24116634,0.8695066
1,0,0.85171384,0.4197247,0.7034277
1,1,0.8063309,0.49149963,0.61266184
0,0,0.99356306,0.03889514,0.9871261
1,1,0.5885462,0.6773833,0.17709243
1,1,0.8288792,0.45765898,0.65775836
0,0,0.93475515,0.2411614,0.8695103
0,0,0.9347551,0.2411616,0.8695102
0,0,0.96431476,0.15398031,0.9286295
1,0,0.8888959,0.34881747,0.77779186
1,1,0.9882405,0.06393874,0.97648096
0,0,0.953138,0.18916985,0.906276
1,1,0.6962208,0.6140325,0.39244163
0,0,0.9347555,0.2411605,0.869511
0,0,0.67976224,0.6270485,0.35952446
1,0,0.80163234,0.49813116,0.6032647
0,0,0.85968363,0.40553743,0.71936727
0,0,0.9347555,0.24116047,0.869511
1,1,0.6161301,0.6659269,0.23226023
0,0,0.99861085,0.010527398,0.9972217
1,0,0.53727233,0.69036615,0.07454464
0,0,0.86172396,0.4018216,0.7234479
0,0,0.85968363,0.40553743,0.71936727
0,0,0.98598087,0.07374461,0.97196174
1,0,0.6510643,0.6467853,0.30212855
1,1,0.9880409,0.06482132,0.97608185
0,0,0.68445224,0.6234678,0.36890447
1,1,0.9363826,0.23680705,0.8727652
1,0,0.85746944,0.40953076,0.7149389
1,1,0.9182386,0.28305045,0.83647716
1,1,0.93500525,0.24049512,0.8700105
1,1,0.9050562,0.3138292,0.81011236
1,0,0.85761833,0.40926343,0.71523666
1,0,0.59742624,0.67404145,0.19485247
1,1,0.93112177,0.25072756,0.86224353
0,0,0.85086536,0.4212051,0.7017307
0,0,0.9926574,0.043397468,0.98531485
1,1,0.9882405,0.06393874,0.97648096
1,0,0.9371757,0.23466903,0.8743514
0,0,0.99194664,0.04685138,0.9838933
1,1,0.9343248,0.24230555,0.8686496
0,0,0.9347524,0.24116872,0.8695048
0,0,0.951416,0.19432458,0.90283203
0,0,0.99318945,0.04076698,0.9863789
1,1,0.92143685,0.275246,0.8428737
1,0,0.9351527,0.24010178,0.8703054
0,0,0.9933791,0.039819404,0.98675823
0,1,0.57214886,0.68269986,0.14429772
0,0,0.99113995,0.05069516,0.9822799
0,0,0.9925883,0.043736488,0.98517656
0,0,0.9729015,0.12450672,0.94580305
0,0,0.934755,0.24116173,0.86951005
0,0,0.93475145,0.24117124,0.8695029
1,1,0.9890057,0.06052216,0.97801137
0,0,0.93475544,0.24116063,0.8695109
0,0,0.9347522,0.24116915,0.86950445
0,0,0.88503844,0.35676455,0.7700769
1,1,0.83419,0.4491798,0.66838
1,1,0.9390214,0.2296517,0.8780428
1,1,0.82981443,0.45618033,0.65962887
1,0,0.5489553,0.68834627,0.09791061
0,0,0.9914812,0.049078684,0.98296237
1,0,0.93488306,0.24082083,0.8697661
0,0,0.99337906,0.039819617,0.9867581
0,0,0.9326488,0.24673285,0.86529756
0,0,0.98858774,0.06239464,0.9771755
1,1,0.9888192,0.061359704,0.97763836
1,1,0.8961761,0.3334046,0.7923522
0,0,0.98387575,0.08254529,0.9677515
0,0,0.9347464,0.24118471,0.86949277
0,0,0.88929164,0.3479938,0.7785833
1,1,0.9888192,0.061359704,0.97763836
1,0,0.8802104,0.3665056,0.7604208
1,1,0.9907102,0.052711993,0.9814204
1,1,0.93803966,0.23232773,0.8760793
1,1,0.9905523,0.053447925,0.9811046
0,1,0.68814707,0.62057525,0.37629414
0,0,0.97965574,0.09937591,0.9593115
0,0,0.9710972,0.13090743,0.94219434
0,0,0.86172396,0.4018216,0.7234479
1,1,0.9884366,0.06306811,0.97687316
1,0,0.9615691,0.16292505,0.92313814
1,1,0.9905523,0.053447925,0.9811046
1,1,0.8288792,0.45765898,0.65775836
1,1,0.61809653,0.6649883,0.23619306
0,0,0.9347552,0.24116129,0.8695104
0,0,0.86172396,0.4018216,0.7234479
1,1,0.7845636,0.52107096,0.5691272
0,1,0.79755247,0.5037768,0.59510493
1,1,0.9339633,0.24326432,0.8679266
0,1,0.7592237,0.5519731,0.5184474
1,1,0.9236378,0.2697934,0.8472756
0,0,0.9886942,0.061919324,0.9773884
1,1,0.9219905,0.27388072,0.843981
1,1,0.8288792,0.45765898,0.65775836
1,1,0.9390214,0.2296517,0.8780428
1,0,0.76756066,0.542207,0.5351213
1,1,0.92143685,0.275246,0.8428737
0,0,0.8819661,0.3629893,0.7639322
1,1,0.9412671,0.2234668,0.88253415
1,0,0.7225767,0.5905033,0.44515336
0,0,0.9889039,0.06097979,0.97780776
1,1,0.99006236,0.055714805,0.9801247
1,0,0.73865163,0.57446253,0.47730327
1,1,0.9898935,0.05649036,0.979787
0,0,0.99325347,0.04044774,0.98650694
1,1,0.90358573,0.31713212,0.80717146
0,0,0.9930604,0.041408855,0.9861208
0,0,0.9347555,0.24116051,0.869511
1,1,0.9888192,0.061359704,0.97763836
0,0,0.8596837,0.40553725,0.7193674
1,1,0.98763204,0.06661925,0.9752641
0,0,0.9935027,0.03919913,0.98700535
0,0,0.9913362,0.04976697,0.98267245
1,0,0.9372164,0.23455891,0.8744328
1,1,0.9238657,0.269225,0.84773135
0,0,0.9347544,0.24116348,0.86950874
0,0,0.9360058,0.23781915,0.87201154
1,0,0.6354097,0.6560136,0.2708194
1,0,0.8967983,0.3320614,0.7935966
0,0,0.96900904,0.13817015,0.9380181
0,1,0.7234305,0.58968407,0.44686103
1,1,0.9389469,0.22985539,0.8778938
1,0,0.9154027,0.28985643,0.8308054
0,0,0.8536307,0.4163592,0.70726144
1,0,0.9351472,0.24011643,0.87029445
0,0,0.93475276,0.24116778,0.8695055
1,1,0.91679156,0.2865364,0.8335831
0,1,0.9923288,0.045002498,0.98465765
0,0,0.92936915,0.25526774,0.8587383
1,1,0.9907102,0.052711993,0.9814204
1,0,0.64542073,0.6502354,0.29084146
0,0,0.97001445,0.13469191,0.9400289
0,0,0.95841527,0.17294814,0.91683054
0,1,0.5065723,0.69306076,0.013144612
1,1,0.9890057,0.06052216,0.97801137
0,0,0.9347555,0.24116051,0.869511
0,0,0.9781268,0.10524224,0.95625365
0,0,0.94539905,0.2118459,0.8907981
1,1,0.98954725,0.05807176,0.9790945
1,0,0.8852591,0.35631394,0.7705182
0,0,0.781256,0.5253136,0.56251204
1,1,0.8288792,0.45765898,0.65775836
1,1,0.68101203,0.62610424,0.36202407
0,0,0.99337924,0.039818786,0.9867585
0,0,0.99337924,0.039818835,0.9867585
0,0,0.8617239,0.40182173,0.7234478
0,0,0.9917509,0.04779128,0.9835018
1,0,0.86172384,0.4018218,0.7234477
1,0,0.642254,0.65211034,0.28450796
0,0,0.93475544,0.24116063,0.8695109
1,1,0.93636453,0.23685563,0.87272906
1,1,0.92622536,0.2632951,0.8524507
1,0,0.92357695,0.2699451,0.8471539
1,1,0.73999864,0.57305837,0.47999728
1,1,0.8288792,0.45765898,0.65775836
1,0,0.76158005,0.5492518,0.5231601
0,0,0.9937423,0.037989378,0.9874846
0,0,0.99312365,0.041094698,0.9862473
1,1,0.93803966,0.23232773,0.8760793
1,0,0.6171303,0.6654515,0.23426056
0,0,0.9892141,0.059582368,0.97842824
1,1,0.99283,0.042548724,0.98565996
1,1,0.9880409,0.06482132,0.97608185
1,0,0.9348838,0.24081889,0.86976755
1,0,0.54975295,0.68818825,0.09950593
0,0,0.98867595,0.06200078,0.9773519
1,1,0.7867461,0.51823604,0.57349217
1,1,0.7200035,0.59295,0.44000697
1,1,0.8860003,0.3547969,0.77200055
1,1,0.939357,0.22873315,0.87871397
1,0,0.77978927,0.52717453,0.55957854
1,1,0.9431207,0.21829298,0.88624144
0,0,0.9347554,0.24116075,0.86951077
1,0,0.7874664,0.51729417,0.5749328
0,1,0.78634155,0.51876366,0.5726831
0,0,0.9347554,0.24116084,0.86951077
1,1,0.91774726,0.28423718,0.8354945
0,0,0.9814599,0.09230168,0.96291983
1,1,0.9440267,0.21574102,0.8880534
0,1,0.71164197,0.6006749,0.42328393
1,0,0.7928757,0.5101216,0.5857514
1,1,0.9872093,0.06846359,0.97441864
1,1,0.94220084,0.2208684,0.8844017
1,0,0.861724,0.40182152,0.72344804
1,0,0.79355836,0.5092038,0.5871167
1,0,0.802276,0.49723095,0.60455203
1,0,0.861724,0.40182152,0.72344804
0,0,0.97748816,0.10766006,0.9549763
0,0,0.9347519,0.24117003,0.86950386
0,0,0.9866806,0.070750535,0.97336125
0,0,0.9927944,0.042724043,0.9855888
1,1,0.9403192,0.22608837,0.88063836
1,1,0.579359,0.68049806,0.15871799
1,1,0.9872093,0.06846359,0.97441864
1,0,0.9276135,0.25976875,0.855227
0,0,0.93475527,0.24116114,0.86951053
1,0,0.8450144,0.43126053,0.6900288
1,1,0.9712512,0.13036564,0.9425024
1,1,0.98763204,0.06661925,0.9752641
1,1,0.77909184,0.52805495,0.55818367
0,0,0.91971755,0.2794587,0.8394351
0,0,0.96546185,0.15017942,0.9309237
1,0,0.87997043,0.36698386,0.75994086
1,1,0.98936975,0.058877952,0.9787395
1,1,0.9277654,0.2593811,0.85553086
0,0,0.98431975,0.0807137,0.9686395
1,0,0.85968363,0.40553737,0.71936727
0,1,0.9905868,0.0532873,0.98117363
1,1,0.88427013,0.35832983,0.76854026
0,1,0.57933146,0.6805068,0.15866292
0,0,0.9347555,0.24116047,0.869511
0,0,0.6805159,0.62648,0.36103177
0,0,0.98781514,0.06581586,0.9756303
1,1,0.98742247,0.067535415,0.97484493
0,0,0.9889313,0.060856532,0.9778626
1,0,0.6560467,0.64362293,0.31209338
0,0,0.9262648,0.26319525,0.85252964
1,1,0.99006236,0.055714805,0.9801247
1,1,0.6161346,0.6659248,0.23226917
0,1,0.7305058,0.5827551,0.46101165
1,1,0.98763204,0.06661925,0.9752641
0,0,0.99200946,0.04654883,0.9840189
0,0,0.9347515,0.24117112,0.869503
1,1,0.9888192,0.061359704,0.97763836
0,0,0.9063691,0.31085888,0.8127382
1,0,0.80431604,0.4943606,0.6086321
0,0,0.9925048,0.04414496,0.98500955
1,1,0.8288792,0.45765898,0.65775836
1,0,0.59402364,0.67536056,0.18804729
1,0,0.5510962,0.6879164,0.1021924
1,0,0.78557813,0.51975673,0.57115626
1,1,0.6962209,0.6140324,0.39244175
1,1,0.6962208,0.6140325,0.39244163
0,0,0.98571694,0.074864656,0.9714339
0,0,0.9913362,0.04976697,0.98267245
0,0,0.86172396,0.4018216,0.7234479
1,0,0.77090144,0.5381849,0.5418029
1,1,0.9343248,0.24230555,0.8686496
1,0,0.81948686,0.4721707,0.6389737
1,0,0.8414235,0.43730184,0.682847
1,1,0.5119622,0.69286096,0.02392435
0,1,0.54614913,0.68888164,0.09229827
1,0,0.9371685,0.23468854,0.87433696
0,0,0.99356157,0.038902566,0.98712313
1,1,0.9907102,0.052711993,0.9814204
0,0,0.89442706,0.33715817,0.7888541
1,1,0.93327284,0.24508965,0.8665457
0,0,0.93475556,0.24116036,0.8695111
1,1,0.9390214,0.2296517,0.8780428
1,1,0.91562855,0.28931826,0.8312571
0,0,0.99044925,0.053926773,0.9808985
0,0,0.99368334,0.038287837,0.9873667
0,0,0.8576182,0.4092637,0.7152364
1,1,0.8861066,0.35457876,0.7722132
1,1,0.9902284,0.054949284,0.9804568
1,1,0.9907102,0.052711993,0.9814204
0,0,0.99258816,0.043737084,0.9851763
0,0,0.9347552,0.24116129,0.8695104
0,0,0.8340888,0.44934326,0.6681776
1,1,0.9236378,0.2697934,0.8472756
1,0,0.8268875,0.4607873,0.653775
1,1,0.98862946,0.062208477,0.9772589
0,0,0.9708304,0.1318437,0.94166076
1,1,0.84914064,0.42419684,0.6982813
0,0,0.9347549,0.24116209,0.8695098
1,1,0.8945975,0.3367939,0.78919494
1,0,0.5299675,0.69135,0.059934974
1,1,0.98954725,0.05807176,0.9790945
0,0,0.93475527,0.24116111,0.86951053
1,1,0.65989006,0.6411084,0.3197801
0,0,0.9896083,0.05779384,0.9792166
0,1,0.90056616,0.32383722,0.8011323
0,0,0.9927263,0.043059047,0.98545265
1,1,0.699808,0.6110269,0.399616
0,0,0.99208426,0.046187766,0.9841685
1,1,0.99006236,0.055714805,0.9801247
0,0,0.9872318,0.068366006,0.9744636
0,0,0.9920373,0.046414554,0.9840746
1,1,0.8139067,0.4805083,0.62781346
0,0,0.99026835,0.054764815,0.9805367
1,0,0.9183299,0.28282952,0.8366598
0,0,0.93475544,0.24116063,0.8695109
0,0,0.9930604,0.041408777,0.9861208
1,0,0.85761833,0.40926343,0.71523666
0,0,0.9920373,0.046414554,0.9840746
0,0,0.983724,0.083168484,0.967448
0,0,0.9914812,0.049078684,0.98296237
1,1,0.9880409,0.06482132,0.97608185
0,0,0.8596837,0.40553725,0.7193674
1,0,0.93475574,0.24115983,0.8695115
1,0,0.8007694,0.49933395,0.6015388
1,0,0.69187856,0.61758935,0.38375708
0,0,0.95439106,0.18537715,0.9087821
0,0,0.9892573,0.05938721,0.97851455
0,0,0.95796114,0.17437053,0.9159223
1,0,0.7691941,0.5402483,0.53838825
0,0,0.8596837,0.40553725,0.7193674
0,0,0.9347553,0.24116096,0.86951065
1,0,0.6236143,0.66226697,0.24722865
1,0,0.5927779,0.67583156,0.18555582
1,0,0.6705791,0.6337678,0.34115818
1,0,0.58781654,0.6776434,0.17563307
1,0,0.8502908,0.42220438,0.70058155
1,0,0.9348584,0.24088648,0.86971676
0,0,0.99362373,0.038589112,0.98724747
1,0,0.89362717,0.33886403,0.78725433
1,1,0.98783827,0.06571416,0.97567654
0,0,0.9347552,0.24116129,0.8695104
1,0,0.9371839,0.2346468,0.87436783
1,0,0.605041,0.67091465,0.21008205
0,0,0.9927944,0.042724073,0.9855888
1,0,0.9347216,0.24125078,0.8694432
1,1,0.6962209,0.6140324,0.39244175
1,1,0.7679463,0.54174596,0.5358926
1,1,0.9888192,0.061359704,0.97763836
1,1,0.9890057,0.06052216,0.97801137
0,0,0.9347549,0.24116206,0.8695098
0,0,0.934749,0.24117777,0.869498
1,0,0.864831,0.396096,0.72966194
0,0,0.97829145,0.104615964,0.9565829
1,1,0.76064736,0.55033255,0.5212947
1,1,0.6962209,0.6140324,0.39244175
0,0,0.9883721,0.06335487,0.9767442
1,1,0.9880409,0.06482132,0.97608185
1,1,0.98918927,0.059694607,0.97837853
1,0,0.6051761,0.6708571,0.21035215
0,0,0.9854344,0.07605827,0.9708688
0,0,0.9235766,0.26994592,0.8471532
0,0,0.9347553,0.24116096,0.86951065
1,0,0.9371511,0.23473552,0.87430215
1,1,0.8288792,0.45765898,0.65775836
1,0,0.8792534,0.3684099,0.7585068
1,1,0.8288792,0.45765898,0.65775836
0,0,0.86172396,0.4018216,0.7234479
1,0,0.7234129,0.589701,0.44682577
0,0,0.99350244,0.0392003,0.9870049
0,0,0.99306035,0.041409045,0.9861207
0,0,0.93475527,0.2411611,0.86951053
1,1,0.94188005,0.22176287,0.8837601
1,1,0.52590424,0.6918045,0.051808476
1,1,0.6390472,0.6539644,0.2780944
0,0,0.9347548,0.2411624,0.8695096
1,0,0.62076163,0.66369003,0.2415233
1,1,0.9321879,0.24794236,0.8643758
0,0,0.87932444,0.36826888,0.7586489
1,1,0.9882405,0.06393874,0.97648096
1,1,0.9353614,0.23954451,0.8707228
1,1,0.902093,0.32045972,0.804186
0,0,0.9889039,0.06097968,0.97780776
0,0,0.9920373,0.046414554,0.9840746
1,1,0.99039173,0.054193627,0.98078346
0,1,0.82610387,0.46201056,0.65220773
0,0,0.99190176,0.047067445,0.9838035
1,1,0.925054,0.26624876,0.850108
1,0,0.93475574,0.24115983,0.8695115
0,0,0.934755,0.24116176,0.86951005
1,0,0.617654,0.66520095,0.23530805
1,0,0.7291027,0.5841493,0.45820534
1,0,0.8870082,0.35272506,0.7740164
1,1,0.9898935,0.05649036,0.979787
0,0,0.9347555,0.2411605,0.869511
1,1,0.9296389,0.25457194,0.85927784
0,0,0.93475324,0.2411665,0.8695065
1,0,0.6454207,0.6502354,0.29084134
0,0,0.86172396,0.4018216,0.7234479
0,0,0.81770515,0.47485548,0.6354103
1,0,0.86282927,0.3997941,0.72565854
0,0,0.96196204,0.16165777,0.9239241
1,1,0.9399886,0.22699887,0.8799772
1,0,0.85457194,0.4146959,0.7091439
1,1,0.6962208,0.6140325,0.39244163
0,0,0.9847527,0.078915186,0.9695054
0,0,0.93758476,0.23356202,0.8751695
1,1,0.90824026,0.3065904,0.8164805
1,1,0.93183285,0.24887192,0.8636657
1,1,0.89591414,0.33396888,0.7918283
0,0,0.9199857,0.27880424,0.8399714
1,1,0.9339633,0.24326432,0.8679266
1,0,0.9371732,0.23467574,0.8743464
0,0,0.97390854,0.120881416,0.9478171
0,0,0.9919341,0.046911657,0.98386824
1,0,0.83536017,0.44728434,0.67072034
1,1,0.9390214,0.2296517,0.8780428
1,1,0.838563,0.44204503,0.67712605
1,0,0.85968375,0.40553713,0.7193675
1,1,0.9431207,0.21829298,0.88624144
1,1,0.98918927,0.059694607,0.97837853
1,1,0.8288792,0.45765898,0.65775836
1,0,0.92357695,0.2699451,0.8471539
1,1,0.79751945,0.503822,0.5950389
1,1,0.9383129,0.23158467,0.8766258
0,0,0.9902682,0.054765493,0.98053634
0,0,0.86172396,0.4018216,0.7234479
0,0,0.9347269,0.24123666,0.8694538
0,0,0.9347549,0.24116203,0.8695098
1,1,0.8288792,0.45765898,0.65775836
0,0,0.9901968,0.05509504,0.98039365
1,1,0.5073118,0.69304025,0.014623642
1,0,0.92150956,0.2750669,0.8430191
1,1,0.98972183,0.057275865,0.97944367
1,0,0.8860027,0.35479188,0.77200544
0,0,0.9908868,0.05188563,0.9817736
1,1,0.8288792,0.45765898,0.65775836
1,1,0.7350072,0.5782147,0.47001445
1,0,0.9709429,0.131449,0.9418858
1,1,0.9884366,0.06306811,0.97687316
0,0,0.75551075,0.55619955,0.5110215
1,0,0.861724,0.40182152,0.72344804
1,0,0.79096144,0.51268005,0.5819229
1,1,0.7951859,0.50700414,0.59037185
1,1,0.7200035,0.59295,0.44000697
1,1,0.8605679,0.4039312,0.72113585
0,0,0.99356353,0.03889278,0.98712707
1,0,0.7926362,0.51044285,0.58527243
1,1,0.9353614,0.23954451,0.8707228
1,0,0.9223671,0.27294973,0.8447342
0,0,0.92936754,0.25527185,0.8587351
0,0,0.9381352,0.23206803,0.8762704
1,1,0.8288792,0.45765898,0.65775836
0,0,0.9936225,0.038595404,0.98724496
0,0,0.98180145,0.09094287,0.9636029
1,1,0.99006236,0.055714805,0.9801247
0,0,0.9847529,0.07891444,0.9695058
0,0,0.9931897,0.040765792,0.9863794
0,0,0.93475527,0.2411611,0.86951053
1,1,0.98972183,0.057275865,0.97944367
1,1,0.9437942,0.21639743,0.8875884
0,0,0.9908868,0.05188571,0.9817736
1,1,0.86181,0.40166414,0.72362006
1,1,0.8917627,0.3428141,0.78352535
0,1,0.5999061,0.6730497,0.19981217
1,0,0.861724,0.40182152,0.72344804
1,1,0.9287452,0.25687268,0.8574904
1,1,0.69621986,0.6140332,0.39243972
0,0,0.99337924,0.03981876,0.9867585
0,1,0.9224289,0.2727967,0.8448578
1,1,0.9880409,0.06482132,0.97608185
1,0,0.864831,0.396096,0.72966194
0,0,0.97453225,0.118616015,0.9490645
0,0,0.9347555,0.24116044,0.869511
1,0,0.9547621,0.18424731,0.9095242
1,0,0.86282927,0.3997941,0.72565854
0,0,0.9347555,0.24116047,0.869511
0,0,0.9907334,0.052603785,0.98146677
0,1,0.79755247,0.5037768,0.59510493
1,1,0.5776878,0.6810273,0.1553756
1,1,0.98763204,0.06661925,0.9752641
0,0,0.93475515,0.2411614,0.8695103
0,0,0.80245966,0.49697363,0.6049193
0,0,0.9608638,0.16518909,0.92172766
1,1,0.7954787,0.5066067,0.5909574
1,1,0.925054,0.26624876,0.850108
1,1,0.9440267,0.21574102,0.8880534
1,1,0.5458932,0.6889289,0.091786385
1,1,0.716486,0.59624165,0.43297195
0,0,0.86172396,0.4018216,0.7234479
0,0,0.9514165,0.19432321,0.902833
0,0,0.98770046,0.06631927,0.9754009
1,1,0.9902284,0.054949284,0.9804568
0,0,0.86172396,0.4018216,0.7234479
1,1,0.98763204,0.06661925,0.9752641
1,0,0.5135958,0.69277745,0.027191639
0,0,0.9295049,0.25491777,0.85900974
0,0,0.9802399,0.09710381,0.96047986
0,0,0.9932531,0.04044953,0.9865062
1,1,0.9907102,0.052711993,0.9814204
0,0,0.8576182,0.4092637,0.7152364
0,0,0.94029856,0.22614524,0.8805971
1,0,0.5803541,0.68017745,0.16070816
1,1,0.912122,0.29760057,0.824244
1,1,0.92851764,0.25745657,0.8570353
1,0,0.88865316,0.349322,0.7773063
1,1,0.74158305,0.57139456,0.4831661
0,0,0.93475485,0.24116217,0.8695097
0,0,0.9347554,0.24116075,0.86951077
1,0,0.62673426,0.66067094,0.25346848
1,1,0.9872093,0.06846359,0.97441864
1,0,0.94143355,0.22300468,0.8828671
0,0,0.98941165,0.058687996,0.9788233
0,0,0.8115419,0.48397946,0.62308383
1,1,0.9905523,0.053447925,0.9811046
1,1,0.79479086,0.5075396,0.5895817
0,0,0.93475264,0.24116813,0.8695053
1,1,0.98972183,0.057275865,0.97944367
1,1,0.94094145,0.2243692,0.8818829
1,1,0.9236378,0.2697934,0.8472756
1,1,0.6297328,0.65909773,0.25946558
1,1,0.6564608,0.64335513,0.31292164
1,1,0.9872093,0.06846359,0.97441864
0,0,0.9920373,0.04641454,0.9840746
1,1,0.9890057,0.06052216,0.97801137
1,1,0.9440267,0.21574102,0.8880534
1,1,0.9231686,0.27096152,0.8463372
1,0,0.822507,0.46757057,0.64501405
0,0,0.9881343,0.06440862,0.97626865
1,0,0.61269027,0.66752946,0.22538054
1,1,0.8288792,0.45765898,0.65775836
0,0,0.9877006,0.06631888,0.97540116
0,0,0.9929947,0.041734375,0.98598945
1,1,0.99039173,0.054193627,0.98078346
0,0,0.9931254,0.041086037,0.98625076
1,0,0.64542073,0.6502354,0.29084146
1,0,0.5258748,0.69180757,0.051749587
1,1,0.93335205,0.24488062,0.8667041
1,1,0.89591414,0.33396888,0.7918283
0,0,0.8872052,0.352319,0.77441037
1,0,0.7586997,0.55257416,0.51739943
1,0,0.71546376,0.5971868,0.4309275
0,1,0.8054501,0.49275357,0.61090016
0,0,0.99190176,0.04706746,0.9838035
1,0,0.8439677,0.43303162,0.68793535
0,0,0.99190176,0.04706746,0.9838035
0,0,0.8534114,0.41674578,0.70682275
1,1,0.9872093,0.06846359,0.97441864
1,1,0.9143764,0.29229382,0.82875276
0,0,0.9786871,0.10310566,0.9573742
0,0,0.9347553,0.24116093,0.86951065
0,0,0.9347554,0.24116075,0.86951077
0,1,0.80567056,0.49244013,0.6113411
0,0,0.9721388,0.12722696,0.94427764
1,1,0.50687927,0.69305253,0.01375854
0,0,0.99193406,0.046912096,0.9838681
0,1,0.91869617,0.28194228,0.83739233
1,1,0.6962208,0.6140325,0.39244163
1,1,0.9884366,0.06306811,0.97687316
1,1,0.8815521,0.36382112,0.7631042
1,0,0.79405236,0.5085378,0.5881047
0,0,0.9927944,0.042724162,0.9855888
1,0,0.6147957,0.6665545,0.22959137
0,0,0.9347547,0.24116254,0.86950946
1,1,0.9905523,0.053447925,0.9811046
0,0,0.9347547,0.24116251,0.86950946
1,1,0.72342134,0.5896929,0.44684267
1,0,0.5886198,0.67735696,0.17723966
0,0,0.9802485,0.09707043,0.960497
1,1,0.9907102,0.052711993,0.9814204
1,0,0.6362392,0.65555143,0.27247837
1,0,0.93716186,0.23470637,0.8743237
1,0,0.66823757,0.6354197,0.3364751
0,0,0.9907143,0.052692737,0.9814286
1,1,0.5245597,0.6919403,0.049119353
0,0,0.98446584,0.080108196,0.9689317
0,0,0.982832,0.08680258,0.965664
1,1,0.93327284,0.24508965,0.8665457
1,1,0.98936975,0.058877952,0.9787395
0,0,0.51831853,0.6924759,0.036637068
1,0,0.93475574,0.24115983,0.8695115
1,1,0.92851764,0.25745657,0.8570353
1,1,0.9236378,0.2697934,0.8472756
0,0,0.9930599,0.041411385,0.98611975
0,0,0.9920086,0.04655288,0.98401725
1,0,0.7476785,0.5648712,0.495357
0,0,0.93475544,0.24116063,0.8695109
1,1,0.9907102,0.052711993,0.9814204
0,0,0.93475527,0.24116114,0.86951053
0,0,0.5270313,0.6916851,0.054062635
0,1,0.91995823,0.2788714,0.83991647
1,1,0.82457894,0.4643787,0.6491579
1,1,0.81452113,0.4796005,0.62904227
0,0,0.9677311,0.14254266,0.93546224
1,1,0.98763204,0.06661925,0.9752641
0,0,0.989312,0.059139576,0.978624
0,0,0.8596837,0.40553725,0.7193674
1,0,0.5933266,0.67562485,0.18665326
0,0,0.98980117,0.056913286,0.97960234
1,0,0.8784044,0.37009215,0.75680876
0,0,0.9917639,0.04772906,0.9835278
1,0,0.53403795,0.6908282,0.068075866
1,1,0.6781767,0.6282362,0.3563534
0,0,0.93475544,0.24116059,0.8695109
1,0,0.6021135,0.67214537,0.20422697
1,1,0.9260865,0.26364633,0.852173
1,0,0.75449723,0.55734026,0.50899446
1,0,0.9348576,0.24088863,0.8697152
1,1,0.9872093,0.06846359,0.97441864
1,0,0.8952126,0.3354764,0.7904252
1,0,0.9304431,0.25249124,0.8608862
1,1,0.6348476,0.6563252,0.26969516
0,0,0.99193394,0.046912506,0.9838679
0,0,0.98598033,0.073746905,0.97196066
0,0,0.6943792,0.6155518,0.38875845
0,0,0.93475425,0.24116382,0.8695085
1,1,0.9882405,0.06393874,0.97648096
0,0,0.91605633,0.28829703,0.83211267
1,1,0.69175494,0.6176893,0.38350987
0,0,0.91863054,0.28210142,0.8372611
1,1,0.98742247,0.067535415,0.97484493
0,0,0.9920373,0.04641454,0.9840746
1,1,0.7783732,0.5289593,0.55674636
1,0,0.87997043,0.36698386,0.75994086
1,1,0.98918927,0.059694607,0.97837853
1,0,0.8799512,0.36702228,0.75990236
1,1,0.91074824,0.3008032,0.8214965
1,0,0.7249824,0.58818585,0.4499648
1,0,0.85761833,0.40926343,0.71523666
1,1,0.9907102,0.052711993,0.9814204
1,0,0.7329867,0.5802655,0.46597335
1,1,0.8288792,0.45765898,0.65775836
1,0,0.8587289,0.40726423,0.7174578
1,0,0.90462387,0.31480289,0.80924773
1,0,0.64542073,0.6502354,0.29084146
1,0,0.83794874,0.44305575,0.6758975
1,1,0.79026103,0.5136106,0.58052206
1,1,0.92143685,0.275246,0.8428737
1,0,0.848946,0.42453307,0.69789195
1,1,0.5884894,0.6774037,0.17697883
0,0,0.9347552,0.24116123,0.8695104
1,0,0.861724,0.40182152,0.72344804
0,0,0.86172396,0.4018216,0.7234479
0,0,0.98558295,0.07543138,0.9711659
0,0,0.9347555,0.24116047,0.869511
1,1,0.51622456,0.69262064,0.032449126
1,0,0.93475574,0.24115983,0.8695115
1,0,0.93717134,0.23468071,0.8743427
0,0,0.9871118,0.06888708,0.9742236
1,1,0.98862946,0.062208477,0.9772589
0,0,0.9877004,0.06631962,0.9754008
1,1,0.94491917,0.213212,0.88983834
1,1,0.52659017,0.6917324,0.053180337
1,1,0.98862946,0.062208477,0.9772589
0,0,0.9650949,0.15139955,0.93018985
0,0,0.9545834,0.1847918,0.9091668
0,0,0.98759025,0.066802174,0.9751805
1,1,0.9902284,0.054949284,0.9804568
1,1,0.81900686,0.4728961,0.6380137
1,0,0.65872014,0.64188075,0.31744024
1,1,0.9872093,0.06846359,0.97441864
1,1,0.98862946,0.062208477,0.9772589
1,1,0.8288792,0.45765898,0.65775836
1,1,0.92143685,0.275246,0.8428737
1,1,0.93623704,0.2371983,0.8724741
1,0,0.8903526,0.34577745,0.7807052
1,0,0.93475574,0.24115983,0.8695115
1,1,0.9898935,0.05649036,0.979787
1,1,0.98763204,0.06661925,0.9752641
1,0,0.57543015,0.6817242,0.15086034
0,0,0.84840167,0.42547154,0.69680333
1,0,0.5537883,0.68734956,0.10757658
0,0,0.9838756,0.08254605,0.96775115
0,0,0.93475205,0.24116966,0.8695041
0,0,0.9847306,0.079007305,0.9694612
1,0,0.5735853,0.68227816,0.14717057
0,0,0.93475556,0.24116033,0.8695111
0,0,0.9823023,0.08893836,0.9646046
0,0,0.9882628,0.063839905,0.97652555
0,0,0.8370896,0.44446462,0.6741792
0,0,0.9347555,0.24116051,0.869511
1,0,0.9699671,0.13485634,0.93993425
1,1,0.7415831,0.5713945,0.48316622
1,1,0.8288792,0.45765898,0.65775836
1,0,0.93475574,0.24115983,0.8695115
0,0,0.8672937,0.3914991,0.73458743
0,0,0.98333585,0.08475571,0.9666717
1,1,0.9907102,0.052711993,0.9814204
1,1,0.98936975,0.058877952,0.9787395
1,0,0.85968363,0.40553743,0.71936727
1,0,0.5957029,0.6747156,0.1914058
0,0,0.9347543,0.24116364,0.8695086
0,1,0.91995823,0.2788714,0.83991647
0,0,0.9927263,0.043059006,0.98545265
1,1,0.98763204,0.06661925,0.9752641
0,0,0.99190176,0.047067445,0.9838035
1,0,0.60907966,0.669158,0.21815932
0,0,0.9347551,0.24116154,0.8695102
0,0,0.9659089,0.14868762,0.93181777
1,0,0.7814113,0.5251159,0.5628226
1,1,0.93803966,0.23232773,0.8760793
0,1,0.83623886,0.44585443,0.6724777
0,0,0.6554048,0.64403653,0.31080964
0,0,0.86172384,0.4018218,0.7234477
0,0,0.9936238,0.038588773,0.9872476
1,0,0.8936228,0.33887327,0.78724563
1,1,0.98972183,0.057275865,0.97944367
0,0,0.9609078,0.16504818,0.92181563
1,1,0.75755143,0.553886,0.51510286
1,0,0.84244347,0.43559575,0.68488693
1,0,0.6348077,0.6563473,0.26961538
0,0,0.9933791,0.03981933,0.98675823
1,1,0.8862841,0.3542145,0.7725682
1,1,0.9907102,0.052711993,0.9814204
0,0,0.9347552,0.24116132,0.8695104
0,0,0.54957926,0.6882229,0.099158555
1,1,0.80705774,0.49046126,0.6141155
1,0,0.9371581,0.23471652,0.8743162
1,1,0.9236378,0.2697934,0.8472756
0,0,0.9911888,0.050464336,0.98237765
0,0,0.9936413,0.038500234,0.98728263
1,1,0.82425815,0.46487486,0.6485163
0,1,0.5373912,0.6903484,0.07478237
1,1,0.9902284,0.054949284,0.9804568
1,1,0.98918927,0.059694607,0.97837853
0,0,0.93475556,0.24116036,0.8695111
1,1,0.9907102,0.052711993,0.9814204
0,0,0.93475556,0.2411603,0.8695111
1,0,0.59458417,0.6751466,0.18916833
0,0,0.99138564,0.049532562,0.9827713
0,0,0.93475556,0.24116036,0.8695111
0,0,0.99190176,0.047067445,0.9838035
1,0,0.69749355,0.6129731,0.39498708
0,0,0.9449691,0.21307003,0.88993824
1,0,0.85761833,0.40926343,0.71523666
1,1,0.8288792,0.45765898,0.65775836
1,1,0.6385974,0.65422094,0.27719486
0,0,0.9359012,0.23809959,0.87180245
0,0,0.93712807,0.23479766,0.87425613
0,0,0.9178165,0.28407007,0.83563304
0,0,0.9347536,0.24116555,0.8695072
0,0,0.5818132,0.6797,0.16362646
0,0,0.86172396,0.4018216,0.7234479
0,0,0.7633566,0.5471798,0.52671325
1,1,0.6962208,0.6140325,0.39244163
0,0,0.9347555,0.24116051,0.869511
1,1,0.99006236,0.055714805,0.9801247
0,0,0.98806846,0.06469977,0.9761369
1,1,0.98954725,0.05807176,0.9790945
1,0,0.970459,0.13314311,0.94091797
1,1,0.98862946,0.062208477,0.9772589
1,0,0.64542073,0.6502354,0.29084146
0,0,0.9347552,0.24116123,0.8695104
1,1,0.9317038,0.24920927,0.8634076
1,1,0.79821885,0.50286174,0.5964377
1,1,0.95798343,0.17430079,0.91596687
1,1,0.88631135,0.35415852,0.7726227
0,0,0.9914812,0.049078684,0.98296237
1,1,0.98954725,0.05807176,0.9790945
1,0,0.64542073,0.6502354,0.29084146
1,1,0.92060417,0.2772913,0.84120834
1,1,0.8119362,0.48340324,0.6238724
0,0,0.98432034,0.08071127,0.9686407
1,1,0.7244938,0.5886588,0.4489876
0,0,0.7306262,0.582635,0.46125242
1,1,0.98954725,0.05807176,0.9790945
0,0,0.97946614,0.10010964,0.9589323
0,1,0.88461447,0.357629,0.76922894
1,1,0.5771598,0.68119216,0.15431964
0,0,0.5091191,0.6929809,0.018238187
1,1,0.87046784,0.38549638,0.7409357
1,1,0.9905523,0.053447925,0.9811046
1,1,0.9668181,0.14563449,0.9336362
0,1,0.80299234,0.49622607,0.6059847
0,0,0.9888648,0.06115516,0.97772956
1,0,0.861724,0.40182152,0.72344804
0,0,0.99215746,0.04583389,0.9843149
1,0,0.93475574,0.24115983,0.8695115
1,1,0.98918927,0.059694607,0.97837853
1,0,0.78693295,0.517992,0.5738659
1,0,0.8692219,0.38786313,0.73844385
0,1,0.8288792,0.45765898,0.65775836
0,0,0.9831067,0.08568871,0.96621335
1,1,0.5312576,0.69119185,0.06251526
1,1,0.9343248,0.24230555,0.8686496
1,1,0.9902284,0.054949284,0.9804568
1,1,0.9880409,0.06482132,0.97608185
0,0,0.963147,0.15781052,0.92629397
0,0,0.93475544,0.24116066,0.8695109
0,0,0.9927263,0.043059114,0.98545265
1,1,0.71655995,0.59617305,0.4331199
1,0,0.9347216,0.24125078,0.8694432
0,0,0.9853113,0.07657647,0.97062266
1,0,0.8320573,0.45260906,0.6641146
1,1,0.98918927,0.059694607,0.97837853
1,1,0.9384842,0.23111811,0.8769684
0,0,0.99251825,0.044079017,0.9850365
1,1,0.59393835,0.67539304,0.1878767
1,1,0.9905523,0.053447925,0.9811046
1,1,0.93327284,0.24508965,0.8665457
1,1,0.52850956,0.69152075,0.057019114
0,0,0.9935631,0.038894847,0.98712623
1,1,0.6366143,0.6553413,0.27322865
1,1,0.9664937,0.14672662,0.93298745
0,0,0.9920373,0.04641454,0.9840746
0,0,0.93475366,0.24116538,0.8695073
0,0,0.77935004,0.5277294,0.5587001
0,0,0.9893151,0.059125572,0.9786302
1,1,0.9880409,0.06482132,0.97608185
1,1,0.7833119,0.5226841,0.5666238
1,1,0.98862946,0.062208477,0.9772589
0,0,0.9824662,0.08827928,0.96493244
0,0,0.86172396,0.4018216,0.7234479
1,1,0.9412671,0.2234668,0.88253415
1,0,0.56041396,0.68582964,0.12082791
0,0,0.9347554,0.24116084,0.86951077
1,1,0.9902284,0.054949284,0.9804568
0,0,0.86172396,0.4018216,0.7234479
0,0,0.93475485,0.24116221,0.8695097
1,1,0.8288792,0.45765898,0.65775836
1,0,0.7794551,0.5275967,0.55891025
1,0,0.5744797,0.68201137,0.14895943
0,0,0.7485328,0.5639413,0.49706557
0,0,0.9529706,0.18967378,0.90594125
1,1,0.8288792,0.45765898,0.65775836
1,0,0.6253762,0.66137075,0.25075248
1,0,0.8852637,0.3563046,0.77052736
1,1,0.5279319,0.691586,0.055863857
1,0,0.91670674,0.28673992,0.8334135
1,1,0.92496383,0.26647532,0.84992766
1,1,0.8288792,0.45765898,0.65775836
0,0,0.93475515,0.24116144,0.8695103
1,1,0.64065015,0.6530432,0.2813003
0,1,0.6054812,0.67072654,0.21096241
1,1,0.98972183,0.057275865,0.97944367
1,1,0.59794873,0.6738346,0.19589746
0,0,0.98163164,0.09161932,0.9632633
1,1,0.94666404,0.20822303,0.8933281
0,0,0.86172396,0.4018216,0.7234479
0,0,0.9347127,0.24127442,0.8694254
1,0,0.9651695,0.15115187,0.930339
0,0,0.98262644,0.08763334,0.9652529
1,1,0.84253114,0.4354487,0.6850623
1,1,0.8288792,0.45765898,0.65775836
1,1,0.99039173,0.054193627,0.98078346
0,0,0.9920373,0.046414554,0.9840746
1,1,0.9880409,0.06482132,0.97608185
0,0,0.9347552,0.24116129,0.8695104
0,0,0.86172396,0.4018216,0.7234479
0,0,0.93475515,0.24116144,0.8695103
0,0,0.9841735,0.08131852,0.96834695
1,0,0.9326141,0.246824,0.8652282
0,0,0.93475544,0.24116066,0.8695109
1,1,0.88155186,0.36382157,0.7631037
0,0,0.9347553,0.24116093,0.86951065
0,0,0.9910563,0.051089186,0.98211265
0,0,0.9936238,0.038588762,0.9872476
0,0,0.86172396,0.4018216,0.7234479
0,0,0.9920373,0.04641454,0.9840746
0,0,0.6210171,0.66356397,0.24203423
1,1,0.8288792,0.45765898,0.65775836
0,0,0.6655334,0.6372968,0.33106688
1,1,0.9888192,0.061359704,0.97763836
1,0,0.7929721,0.5099922,0.5859442
1,0,0.59045815,0.67669135,0.18091631
1,0,0.5516091,0.68781066,0.1032182
1,1,0.9898935,0.05649036,0.979787
0,0,0.67964274,0.62713844,0.35928547
1,1,0.6962208,0.6140325,0.39244163
1,0,0.85968375,0.40553713,0.7193675
1,0,0.85761833,0.40926343,0.71523666
0,0,0.9850341,0.077739745,0.9700682
0,0,0.8242173,0.46493798,0.64843464
1,1,0.98862946,0.062208477,0.9772589
1,1,0.8318483,0.45294333,0.66369665
1,1,0.9322051,0.24789736,0.86441016
0,1,0.7532088,0.5587824,0.50641763
1,0,0.93475574,0.24115983,0.8695115
0,0,0.9569888,0.17739855,0.9139776
0,0,0.9900842,0.05561445,0.98016834
1,1,0.9343248,0.24230555,0.8686496
0,0,0.972897,0.12452293,0.945794
0,0,0.9922315,0.04547523,0.984463
1,0,0.8967983,0.3320614,0.7935966
1,0,0.9276227,0.25974542,0.85524535
0,0,0.70641315,0.60533214,0.41282627
1,0,0.9352211,0.23991926,0.87044215
0,0,0.98973227,0.057228252,0.97946453
1,1,0.55722255,0.686584,0.11444509
1,1,0.98742247,0.067535415,0.97484493
1,0,0.86172396,0.4018216,0.7234479
1,0,0.85968363,0.40553743,0.71936727
1,1,0.6962208,0.6140325,0.39244163
1,1,0.9898935,0.05649036,0.979787
0,0,0.98931164,0.05914131,0.9786233
0,0,0.9909721,0.051485363,0.9819442
1,1,0.9882405,0.06393874,0.97648096
0,0,0.99122274,0.050304133,0.9824455
1,0,0.5642471,0.68486893,0.12849414
0,0,0.9936238,0.038588822,0.9872476
0,0,0.9666125,0.146327,0.93322504
0,0,0.9347547,0.24116258,0.86950946
1,0,0.8037741,0.49512565,0.60754824
1,0,0.8120883,0.4831807,0.6241766
0,0,0.99325347,0.040447704,0.98650694
1,1,0.99006236,0.055714805,0.9801247
1,0,0.8230444,0.46674556,0.64608884
0,0,0.99185795,0.04727786,0.9837159
1,1,0.94491917,0.213212,0.88983834
1,0,0.8055418,0.49262318,0.6110836
1,0,0.92450416,0.2676284,0.8490083
0,0,0.9347555,0.24116051,0.869511
0,0,0.9898252,0.05680327,0.9796504
1,1,0.98918927,0.059694607,0.97837853
1,1,0.9329059,0.24605656,0.8658118
0,0,0.9871926,0.06853641,0.97438514
0,1,0.5917196,0.6762265,0.18343925
1,1,0.962291,0.16059358,0.924582
0,0,0.99337906,0.039819792,0.9867581
0,0,0.93475527,0.24116114,0.86951053
1,1,0.7954787,0.5066067,0.5909574
1,0,0.5229595,0.69209254,0.04591894
1,0,0.6841918,0.62366927,0.36838365
1,0,0.866808,0.39240983,0.733616
1,1,0.98936975,0.058877952,0.9787395
1,0,0.85761833,0.40926343,0.71523666
1,0,0.59683585,0.6742737,0.19367167
1,1,0.98936975,0.058877952,0.9787395
0,0,0.9843203,0.08071147,0.96864057
1,1,0.99006236,0.055714805,0.9801247
1,1,0.98742247,0.067535415,0.97484493
1,1,0.55631316,0.68679136,0.112626314
0,0,0.93475306,0.24116695,0.8695061
0,0,0.9347552,0.24116123,0.8695104
1,1,0.9399886,0.22699887,0.8799772
0,0,0.980028,0.0979303,0.96005595
1,1,0.83624583,0.44584304,0.67249167
1,1,0.9236378,0.2697934,0.8472756
1,1,0.99039173,0.054193627,0.98078346
1,1,0.94120264,0.22364551,0.8824053
1,0,0.8427043,0.4351582,0.6854086
1,1,0.6962209,0.6140324,0.39244175
1,1,0.98918927,0.059694607,0.97837853
1,1,0.8288792,0.45765898,0.65775836
0,0,0.9347533,0.24116638,0.8695066
1,1,0.9880409,0.06482132,0.97608185
1,1,0.9880409,0.06482132,0.97608185
0,0,0.99088657,0.05188676,0.98177314
1,1,0.6962208,0.6140325,0.39244163
0,0,0.99208397,0.04618915,0.98416793
0,0,0.97056156,0.13278471,0.9411231
1,1,0.54463273,0.6891577,0.089265466
0,0,0.99350256,0.039199673,0.9870051
0,0,0.99497294,0.03162224,0.9899459
1,1,0.5894069,0.67707366,0.17881382
0,0,0.98974544,0.057167996,0.9794909
1,1,0.81131536,0.48431003,0.6226307
1,1,0.93068653,0.25185946,0.86137307
0,0,0.98278916,0.08697603,0.9655783
0,0,0.9933161,0.04013471,0.9866322
0,0,0.9347552,0.24116123,0.8695104
0,0,0.99371165,0.0381445,0.9874233
0,0,0.9913048,0.049915906,0.9826096
1,0,0.89521265,0.3354763,0.7904253
0,0,0.9843796,0.08046576,0.9687592
1,1,0.83153796,0.45343918,0.6630759
0,0,0.9935025,0.039199967,0.987005
0,0,0.9347551,0.24116157,0.8695102
1,1,0.9907102,0.052711993,0.9814204
1,1,0.9252918,0.2656508,0.85058355
0,0,0.86172396,0.4018216,0.7234479
1,0,0.9371722,0.23467855,0.87434435
1,1,0.9902284,0.054949284,0.9804568
0,0,0.93475515,0.24116147,0.8695103
1,0,0.9253511,0.2655016,0.85070217
1,0,0.81320065,0.48154855,0.6264013
0,0,0.9347553,0.24116093,0.86951065
1,1,0.7659222,0.54415685,0.5318444
0,0,0.9347555,0.24116051,0.869511
1,0,0.64542073,0.6502354,0.29084146
1,0,0.9287791,0.25678557,0.85755825
0,0,0.9909721,0.051485315,0.9819442
1,1,0.8402875,0.43919283,0.680575
1,1,0.9907102,0.052711993,0.9814204
1,1,0.9890057,0.06052216,0.97801137
1,0,0.86617166,0.39359996,0.7323433
0,0,0.9920373,0.04641454,0.9840746
1,1,0.6962208,0.6140325,0.39244163
0,0,0.989312,0.0591396,0.978624
0,0,0.9347549,0.24116203,0.8695098
0,0,0.8958972,0.3340053,0.7917944
1,1,0.94188005,0.22176287,0.8837601
1,0,0.93475574,0.24115983,0.8695115
0,0,0.86172396,0.4018216,0.7234479
0,0,0.96496093,0.15184404,0.92992187
0,0,0.9347555,0.24116051,0.869511
0,0,0.9899907,0.05604428,0.9799814
1,0,0.93487245,0.240849,0.8697449
0,0,0.9347547,0.24116257,0.86950946
0,0,0.7036189,0.6077668,0.40723777
0,0,0.9347518,0.24117032,0.8695036
1,0,0.64420956,0.6509577,0.28841913
1,1,0.98972183,0.057275865,0.97944367
1,0,0.71846604,0.59439623,0.4369321
0,0,0.7170079,0.5957571,0.43401575
0,0,0.93475515,0.2411614,0.8695103
0,0,0.9347551,0.24116163,0.8695102
1,1,0.9297359,0.25432158,0.8594718
0,0,0.99356353,0.03889278,0.98712707
1,0,0.87191904,0.38272235,0.7438381
1,0,0.8287486,0.45786497,0.65749717
0,0,0.9347549,0.24116203,0.8695098
0,0,0.86172396,0.4018216,0.7234479
0,0,0.943913,0.21606222,0.88782597
1,0,0.89362717,0.33886403,0.78725433
1,1,0.93327284,0.24508965,0.8665457
0,1,0.6438961,0.6511435,0.2877922
1,0,0.93718755,0.234637,0.8743751
0,0,0.86172396,0.4018216,0.7234479
1,1,0.50403196,0.69311464,0.008063912
1,1,0.99039173,0.054193627,0.98078346
1,1,0.9236378,0.2697934,0.8472756
1,1,0.9907102,0.052711993,0.9814204
0,0,0.99129194,0.04997672,0.9825839
1,1,0.699808,0.6110269,0.399616
0,0,0.86172396,0.4018216,0.7234479
1,0,0.8919942,0.3423256,0.78398836
0,0,0.9988695,0.008800391,0.99773896
1,0,0.9154027,0.28985643,0.8308054
1,0,0.59273386,0.675848,0.18546769
1,1,0.92563134,0.26479545,0.8512627
0,0,0.9160504,0.2883113,0.83210075
0,0,0.9816316,0.09161949,0.96326315
0,0,0.9915463,0.048768774,0.98309255
1,0,0.9160342,0.2883499,0.83206844
1,1,0.98742247,0.067535415,0.97484493
0,0,0.9920373,0.046414554,0.9840746
0,1,0.7368093,0.57636786,0.47361863
0,0,0.9920373,0.046414554,0.9840746
0,0,0.9434065,0.21748964,0.88681304
1,0,0.93475574,0.24115983,0.8695115
1,1,0.9224289,0.2727967,0.8448578
1,1,0.98862946,0.062208477,0.9772589
1,1,0.56556225,0.68452555,0.1311245
0,0,0.9929284,0.042062927,0.9858568
0,0,0.98636854,0.07209047,0.9727371
0,0,0.9347552,0.24116123,0.8695104
1,1,0.69621986,0.6140332,0.39243972
0,0,0.9824663,0.088279024,0.96493256
0,0,0.6444596,0.65080905,0.2889192
0,0,0.98999006,0.05604721,0.9799801
1,0,0.8120515,0.48323458,0.62410295
0,0,0.93475544,0.24116059,0.8695109
1,1,0.98936975,0.058877952,0.9787395
1,1,0.6207254,0.66370785,0.24145079
1,1,0.5999438,0.6730344,0.19988763
1,1,0.9898935,0.05649036,0.979787
0,0,0.9347555,0.24116051,0.869511
0,0,0.6646441,0.6379069,0.32928824
1,1,0.56735164,0.68404704,0.13470328
0,0,0.9881511,0.06433457,0.97630215
0,0,0.9936834,0.038287453,0.9873668
0,0,0.9347551,0.24116163,0.8695102
1,0,0.7320639,0.58119524,0.46412775
0,1,0.9224289,0.2727967,0.8448578
0,0,0.86172396,0.4018216,0.7234479
0,0,0.99337906,0.03981973,0.9867581
1,1,0.8288792,0.45765898,0.65775836
1,1,0.9431207,0.21829298,0.88624144
1,1,0.9902284,0.054949284,0.9804568
1,1,0.92143685,0.275246,0.8428737
1,0,0.67484426,0.63069475,0.34968856
1,0,0.8043246,0.49434847,0.60864925
1,1,0.94094145,0.2243692,0.8818829
1,0,0.5257262,0.69182295,0.051452428
0,0,0.98978937,0.056967147,0.97957873
0,0,0.9882674,0.06381934,0.97653484
1,0,0.5961532,0.6745406,0.1923064
1,1,0.98918927,0.059694607,0.97837853
0,0,0.9347554,0.24116075,0.86951077
0,0,0.98544776,0.076001875,0.9708955
1,1,0.86523277,0.3953496,0.73046553
1,1,0.76064736,0.55033255,0.5212947
1,1,0.7797867,0.5271778,0.5595734
0,0,0.93475556,0.24116033,0.8695111
1,1,0.98763204,0.06661925,0.9752641
0,0,0.99178094,0.047647435,0.9835619
0,0,0.93475515,0.2411614,0.8695103
1,0,0.7848946,0.5206429,0.5697892
1,1,0.7628574,0.5477638,0.52571476
0,0,0.93475455,0.24116299,0.8695091
1,1,0.6962208,0.6140325,0.39244163
0,0,0.93475544,0.24116063,0.8695109
0,0,0.9928617,0.04239229,0.9857234
0,0,0.97240436,0.12628235,0.9448087
1,1,0.98783827,0.06571416,0.97567654
1,1,0.9907102,0.052711993,0.9814204
0,0,0.9920373,0.04641454,0.9840746
1,1,0.925054,0.26624876,0.850108
1,0,0.72942734,0.5838276,0.45885465
0,0,0.72681653,0.58639956,0.45363304
1,0,0.970943,0.13144892,0.94188595
1,1,0.98936975,0.058877952,0.9787395
0,0,0.9347555,0.24116051,0.869511
1,0,0.85761833,0.40926343,0.71523666
1,1,0.94188005,0.22176287,0.8837601
0,0,0.96496075,0.15184468,0.9299215
1,1,0.9888192,0.061359704,0.97763836
1,0,0.5511444,0.6879065,0.10228884
1,1,0.91695184,0.28615165,0.8339037
1,0,0.74520314,0.5675439,0.49040627
1,1,0.98763204,0.06661925,0.9752641
1,1,0.9236378,0.2697934,0.8472756
1,0,0.5844929,0.67880034,0.16898581
0,0,0.9900842,0.055614494,0.98016834
1,0,0.7540381,0.55785525,0.5080762
1,1,0.9907102,0.052711993,0.9814204
0,0,0.9742258,0.11973099,0.94845164
1,0,0.7208326,0.59216523,0.44166514
1,0,0.7946567,0.5077212,0.5893134
0,0,0.9906268,0.05310105,0.9812536
0,0,0.9900841,0.055614587,0.9801682
1,1,0.8288792,0.45765898,0.65775836
1,1,0.7316794,0.5815813,0.46335876
0,0,0.9687893,0.13892591,0.93757856
1,0,0.7582472,0.55309194,0.5164944
1,1,0.86991125,0.38655537,0.7398225
0,0,0.9930603,0.041409403,0.9861206
0,0,0.9895713,0.057962425,0.97914255
1,1,0.9907102,0.052711993,0.9814204
1,0,0.93486047,0.24088097,0.86972094
1,0,0.8039946,0.49481463,0.6079892
0,0,0.9916237,0.048399456,0.9832474
1,1,0.98936975,0.058877952,0.9787395
1,1,0.92274183,0.27202126,0.84548366
1,0,0.7731791,0.53540635,0.5463582
1,1,0.98954725,0.05807176,0.9790945
1,1,0.6962208,0.6140325,0.39244163
1,1,0.7628574,0.5477638,0.52571476
1,1,0.9905523,0.053447925,0.9811046
0,0,0.9347555,0.24116051,0.869511
1,0,0.7287127,0.584535,0.4574254
1,1,0.9907102,0.052711993,0.9814204
0,0,0.99350256,0.039199594,0.9870051
1,1,0.5776435,0.68104124,0.15528703
1,1,0.9898935,0.05649036,0.979787
0,0,0.934755,0.24116176,0.86951005
0,0,0.96126276,0.16391005,0.9225255
1,1,0.8047897,0.4936903,0.60957944
1,1,0.9880409,0.06482132,0.97608185
1,1,0.9907102,0.052711993,0.9814204
1,0,0.6718841,0.6328363,0.34376824
0,0,0.9347467,0.24118398,0.86949337
0,0,0.63211715,0.6578193,0.26423433
1,0,0.6686311,0.6351439,0.33726212
0,0,0.9912227,0.05030447,0.98244536
0,1,0.92652816,0.26252833,0.8530563
0,0,0.6987812,0.6118935,0.39756238
1,0,0.81998986,0.47140884,0.6399797
0,0,0.93475443,0.24116337,0.86950886
1,1,0.79269624,0.5103624,0.5853925
0,0,0.99356306,0.038895153,0.9871261
1,1,0.9882405,0.06393874,0.97648096
1,1,0.6962208,0.6140325,0.39244163
0,0,0.99154615,0.048769236,0.9830923
1,0,0.9371646,0.23469894,0.8743292
1,1,0.9475168,0.20576295,0.8950336
0,0,0.6729161,0.6320942,0.34583223
0,0,0.86172396,0.4018216,0.7234479
1,1,0.55763894,0.6864879,0.11527789
1,0,0.93367547,0.24402615,0.86735094
1,1,0.98936975,0.058877952,0.9787395
0,1,0.5763095,0.68145525,0.152619
0,0,0.9516008,0.19377461,0.9032016
0,0,0.990891,0.05186601,0.98178196
0,0,0.9927944,0.04272411,0.9855888
1,1,0.63266796,0.6575204,0.26533592
1,1,0.65165764,0.64641446,0.30331528
1,1,0.9905523,0.053447925,0.9811046
1,1,0.8797633,0.36739632,0.7595266
0,0,0.9914661,0.049150296,0.9829322
0,0,0.93475544,0.24116063,0.8695109
1,1,0.94094145,0.2243692,0.8818829
0,0,0.97293913,0.12437205,0.94587827
1,1,0.9872093,0.06846359,0.97441864
1,1,0.98763204,0.06661925,0.9752641
1,0,0.93473154,0.24122426,0.8694631
1,0,0.80732054,0.490085,0.6146411
1,1,0.9236378,0.2697934,0.8472756
1,1,0.6366139,0.65534157,0.2732278
0,0,0.9347553,0.24116093,0.86951065
1,1,0.9888192,0.061359704,0.97763836
0,0,0.93475413,0.2411641,0.86950827
1,0,0.8013926,0.49846578,0.6027852
0,0,0.98387563,0.08254576,0.96775126
0,0,0.9347555,0.24116051,0.869511
1,1,0.9483566,0.20332593,0.89671326
1,1,0.98862946,0.062208477,0.9772589
0,0,0.6349543,0.6562662,0.26990855
1,1,0.8478592,0.4264046,0.6957184
0,0,0.97132117,0.13011926,0.94264233
1,0,0.92357695,0.2699451,0.8471539
0,0,0.9895105,0.05823912,0.97902095
0,0,0.9347555,0.24116047,0.869511
1,1,0.7668046,0.5431087,0.53360915
1,0,0.81349266,0.48111874,0.6269853
0,0,0.8135206,0.4810776,0.6270412
1,1,0.943189,0.21810111,0.88637805
1,1,0.6962208,0.6140325,0.39244163
1,0,0.8286915,0.45795497,0.65738297
0,0,0.9829806,0.08620061,0.9659612
1,1,0.8288792,0.45765898,0.65775836
1,1,0.9403192,0.22608837,0.88063836
1,1,0.79479086,0.5075396,0.5895817
1,0,0.85968375,0.40553713,0.7193675
0,0,0.8576182,0.4092637,0.7152364
1,0,0.85968363,0.40553743,0.71936727
1,1,0.6962209,0.6140324,0.39244175
1,0,0.5809517,0.67998296,0.16190338
1,1,0.9907102,0.052711993,0.9814204
1,0,0.9371866,0.23463959,0.8743732
0,0,0.93475515,0.24116144,0.8695103
0,0,0.98991674,0.056383785,0.9798335
0,0,0.98387575,0.08254532,0.9677515
1,0,0.90164655,0.32145,0.8032931
0,0,0.9678965,0.1419797,0.93579304
1,0,0.5622119,0.6853864,0.12442371
1,0,0.7965332,0.505171,0.59306645
1,1,0.98763204,0.06661925,0.9752641
0,0,0.97285485,0.12467387,0.9457097
0,0,0.9920373,0.04641454,0.9840746
0,0,0.99331653,0.040132705,0.98663306
0,1,0.9119407,0.29802462,0.8238814
0,0,0.9920373,0.046414554,0.9840746
0,0,0.93756664,0.23361117,0.8751333
1,1,0.925054,0.26624876,0.850108
1,1,0.8521976,0.41887814,0.7043952
0,0,0.9921583,0.045829922,0.9843166
0,0,0.8576182,0.4092637,0.7152364
0,0,0.987585,0.066825114,0.97517
0,0,0.9920373,0.046414554,0.9840746
0,0,0.91487026,0.29112262,0.8297405
0,0,0.86172396,0.4018216,0.7234479
1,0,0.53483164,0.69071877,0.069663286
1,1,0.8288792,0.45765898,0.65775836
0,0,0.9347553,0.24116099,0.86951065
0,0,0.9347555,0.24116051,0.869511
0,0,0.93474406,0.2411909,0.8694881
0,0,0.9775113,0.10757282,0.9550226
1,0,0.6400403,0.653395,0.28008056
1,1,0.57669026,0.68133783,0.15338051
1,1,0.95678353,0.17803487,0.91356707
1,0,0.93489397,0.24079171,0.86978793
1,1,0.7787554,0.5284787,0.55751085
1,1,0.6405415,0.653106,0.281083
0,0,0.8694765,0.38738066,0.738953
0,0,0.9347554,0.24116075,0.86951077
0,0,0.89990014,0.32530236,0.7998003
1,0,0.5886198,0.67735696,0.17723966
1,1,0.9431207,0.21829298,0.88624144
0,0,0.99244744,0.044424836,0.9848949
1,0,0.55297655,0.6875236,0.1059531
1,1,0.9898935,0.05649036,0.979787
1,0,0.7617356,0.5490711,0.52347124
0,1,0.91346455,0.294448,0.8269291
0,0,0.9917811,0.04764649,0.98356223
0,0,0.93475163,0.24117076,0.86950326
0,0,0.86172396,0.4018216,0.7234479
1,0,0.861724,0.40182152,0.72344804
0,0,0.9913858,0.04953176,0.98277164
1,0,0.85761833,0.40926343,0.71523666
1,0,0.651693,0.64639235,0.30338594
1,0,0.83116615,0.45403227,0.6623323
1,1,0.9399886,0.22699887,0.8799772
0,0,0.9347554,0.24116081,0.86951077
0,0,0.8824105,0.36209455,0.76482105
1,1,0.9884366,0.06306811,0.97687316
1,1,0.9898935,0.05649036,0.979787
1,1,0.925054,0.26624876,0.850108
1,0,0.71095496,0.6012944,0.42190993
1,1,0.9902284,0.054949284,0.9804568
0,0,0.9718843,0.12812984,0.9437686
0,0,0.93475485,0.24116224,0.8695097
0,0,0.9885878,0.062394448,0.9771756
0,0,0.9916265,0.048386104,0.983253
0,0,0.9347517,0.24117061,0.8695034
1,1,0.98783827,0.06571416,0.97567654
1,0,0.8071277,0.49036112,0.6142554
1,1,0.98936975,0.058877952,0.9787395
0,0,0.7151786,0.5974495,0.4303572
0,0,0.9930603,0.041409288,0.9861206
1,0,0.82761747,0.459644,0.65523493
0,0,0.86172396,0.4018216,0.7234479
1,1,0.94094145,0.2243692,0.8818829
1,1,0.60353345,0.6715529,0.2070669
0,0,0.97662276,0.11090663,0.9532455
1,1,0.6962209,0.6140324,0.39244175
1,0,0.93475574,0.24115983,0.8695115
0,0,0.99542713,0.029199218,0.99085426
0,0,0.72409546,0.58904356,0.44819096
1,0,0.9259064,0.26410127,0.85181284
1,1,0.93002224,0.2535814,0.8600445
1,1,0.7107013,0.60152256,0.42140257
1,1,0.9301981,0.2531263,0.86039615
1,1,0.9390214,0.2296517,0.8780428
1,1,0.9475168,0.20576295,0.8950336
1,1,0.8339084,0.44963455,0.66781676
1,1,0.98936975,0.058877952,0.9787395
1,0,0.6164683,0.6657666,0.23293659
0,0,0.9931897,0.040765792,0.9863794
1,0,0.93261385,0.24682468,0.8652277
1,0,0.6616831,0.63991284,0.3233662
1,0,0.77948904,0.5275539,0.5589781
1,0,0.81692564,0.47602338,0.6338513
0,0,0.99190176,0.047067445,0.9838035
1,0,0.62270975,0.662722,0.2454195
1,1,0.920196,0.27829042,0.840392
0,0,0.99237627,0.044771682,0.98475254
1,1,0.78167325,0.524782,0.5633465
1,1,0.9907102,0.052711993,0.9814204
0,0,0.93475556,0.24116027,0.8695111
1,1,0.71810687,0.59473246,0.43621373
0,0,0.9347555,0.24116051,0.869511
1,1,0.59790504,0.67385197,0.19581008
1,1,0.93500525,0.24049512,0.8700105
0,0,0.9731497,0.12361686,0.94629943
0,0,0.9347555,0.24116044,0.869511
1,1,0.8288792,0.45765898,0.65775836
1,0,0.6882384,0.6205029,0.3764768
1,0,0.7702676,0.5389528,0.5405352
1,1,0.64958733,0.64770174,0.29917467
0,0,0.9896082,0.05779408,0.97921646
1,1,0.9261365,0.26351988,0.852273
1,0,0.9144182,0.29219472,0.82883644
1,0,0.8967983,0.3320614,0.7935966
1,0,0.7398661,0.57319695,0.47973216
1,0,0.937181,0.2346547,0.874362
1,0,0.88867116,0.3492846,0.7773423
1,0,0.6797925,0.6270257,0.35958508
1,1,0.6962209,0.6140324,0.39244175
0,0,0.9347553,0.2411609,0.86951065
1,1,0.8879879,0.3507015,0.7759758
0,0,0.934755,0.2411617,0.86951005
0,0,0.93475544,0.24116063,0.8695109
1,1,0.9888192,0.061359704,0.97763836
1,0,0.83212197,0.45250556,0.66424394
0,0,0.9920373,0.046414554,0.9840746
0,0,0.93475366,0.24116546,0.8695073
1,1,0.9363826,0.23680705,0.8727652
1,0,0.78763056,0.5170791,0.5752611
0,0,0.9935025,0.039199844,0.987005
0,0,0.9915462,0.04876897,0.9830924
0,1,0.5958366,0.6746637,0.19167316
1,1,0.9905523,0.053447925,0.9811046
0,0,0.86172396,0.4018216,0.7234479
1,1,0.69621986,0.6140332,0.39243972
0,0,0.9935634,0.0388932,0.9871268
1,1,0.9100911,0.302327,0.8201822
0,0,0.99362373,0.038589127,0.98724747
1,1,0.96891594,0.13849051,0.9378319
1,0,0.6978706,0.6126578,0.39574125
0,0,0.9920373,0.04641454,0.9840746
1,1,0.8288792,0.45765898,0.65775836
1,0,0.82237005,0.4677806,0.6447401
1,0,0.72006047,0.59289616,0.44012097
1,1,0.8288792,0.45765898,0.65775836
0,0,0.9798433,0.09864826,0.95968664
1,1,0.8288792,0.45765898,0.65775836
0,0,0.98716956,0.06863642,0.9743391
1,1,0.919374,0.28029567,0.838748
0,0,0.9915463,0.048768688,0.98309255
0,0,0.99074966,0.0525277,0.9814993
1,0,0.80294377,0.49629432,0.60588753
1,0,0.79488474,0.50741243,0.5897695
1,1,0.7454633,0.56726456,0.49092662
1,1,0.92851764,0.25745657,0.8570353
1,1,0.6962208,0.6140325,0.39244163
0,0,0.9347555,0.24116047,0.869511
1,0,0.8043175,0.4943586,0.60863495
1,1,0.6962209,0.6140324,0.39244175
0,0,0.59316087,0.67568743,0.18632174
0,0,0.9347553,0.24116093,0.86951065
1,0,0.9571544,0.17688447,0.9143088
1,1,0.9902284,0.054949284,0.9804568
0,0,0.9920842,0.046188172,0.9841684
1,0,0.92876714,0.2568164,0.8575343
0,0,0.9347555,0.2411605,0.869511
1,1,0.94094145,0.2243692,0.8818829
0,0,0.97678673,0.11029393,0.95357347
0,0,0.98869413,0.06191944,0.97738826
1,1,0.63112473,0.6583544,0.26224947
1,1,0.7958463,0.5061071,0.59169257
1,1,0.8288792,0.45765898,0.65775836
1,1,0.94777066,0.20502782,0.8955413
1,1,0.9898935,0.05649036,0.979787
1,1,0.7668046,0.5431087,0.53360915
0,0,0.98799837,0.06500906,0.97599673
1,0,0.970943,0.13144892,0.94188595
1,0,0.93717587,0.2346685,0.87435174
1,1,0.7927036,0.5103525,0.58540726
1,1,0.9882405,0.06393874,0.97648096
1,1,0.9905523,0.053447925,0.9811046
0,0,0.9825336,0.088007934,0.96506715
1,0,0.5938167,0.67543924,0.1876334
0,0,0.93475455,0.24116299,0.8695091
1,0,0.85968363,0.40553743,0.71936727
1,0,0.8026627,0.49668893,0.60532534
0,0,0.9347464,0.24118479,0.86949277
1,0,0.9347216,0.24125078,0.8694432
1,0,0.8078953,0.48926044,0.6157906
1,1,0.5548637,0.68711495,0.10972738
0,0,0.98475283,0.07891466,0.96950567
0,0,0.93475515,0.2411614,0.8695103
0,0,0.99190176,0.047067445,0.9838035
0,0,0.9936238,0.038588703,0.9872476
0,0,0.9720324,0.12760462,0.94406486
0,0,0.9347554,0.24116084,0.86951077
1,1,0.9907102,0.052711993,0.9814204
1,0,0.82239664,0.46773982,0.6447933
1,0,0.85968375,0.40553713,0.7193675
1,1,0.9907102,0.052711993,0.9814204
1,1,0.98783827,0.06571416,0.97567654
0,0,0.9914665,0.049148485,0.98293304
1,1,0.8288792,0.45765898,0.65775836
0,0,0.9885873,0.06239649,0.97717464
1,1,0.5093197,0.6929735,0.018639445
0,0,0.9718843,0.12812984,0.9437686
1,1,0.9224289,0.2727967,0.8448578
1,1,0.9888192,0.061359704,0.97763836
0,0,0.9408278,0.22468378,0.8816556
1,0,0.80548275,0.49270713,0.6109655
1,1,0.6962208,0.6140325,0.39244163
0,0,0.93475515,0.24116144,0.8695103
1,1,0.9238657,0.269225,0.84773135
0,0,0.9835221,0.08399513,0.96704423
0,0,0.99223155,0.045474987,0.9844631
0,0,0.93475187,0.24117011,0.86950374
0,0,0.98475266,0.0789154,0.9695053
1,1,0.93838024,0.2314013,0.8767605
0,0,0.9905051,0.05366747,0.9810102
0,0,0.934755,0.2411617,0.86951005
0,0,0.9920373,0.046414554,0.9840746
0,0,0.91781974,0.2840623,0.8356395
1,1,0.8934278,0.33928815,0.7868556
1,1,0.8174366,0.47525835,0.63487315
1,0,0.9093198,0.3041087,0.81863964
0,0,0.93475544,0.24116063,0.8695109
1,0,0.93475574,0.24115983,0.8695115
0,1,0.65092236,0.64687383,0.30184472
0,0,0.634572,0.65647745,0.26914403
1,0,0.8744726,0.3777951,0.74894524
0,0,0.93475544,0.24116059,0.8695109
0,0,0.82910705,0.4572993,0.6582141
1,1,0.61671036,0.6656516,0.23342073
1,1,0.9898935,0.05649036,0.979787
1,0,0.57560694,0.6816704,0.15121385
0,0,0.99138606,0.04953071,0.9827721
1,1,0.9331206,0.24549106,0.8662412
1,0,0.93475574,0.24115983,0.8695115
1,1,0.5331253,0.690951,0.06625056
1,0,0.7537283,0.558202,0.50745654
1,1,0.9437707,0.21646369,0.8875414
1,1,0.6962208,0.6140325,0.39244163
0,0,0.813617,0.48093563,0.627234
1,1,0.69621986,0.6140332,0.39243972
1,1,0.9907102,0.052711993,0.9814204
1,1,0.92265993,0.27222434,0.84531987
1,0,0.7814268,0.5250962,0.5628536
1,1,0.93500525,0.24049512,0.8700105
0,0,0.9347555,0.2411605,0.869511
0,0,0.97848904,0.10386266,0.9569781
0,0,0.93475556,0.2411603,0.8695111
0,0,0.9746982,0.11801076,0.9493964
0,0,0.9341626,0.2427359,0.86832523
0,0,0.9509494,0.19571033,0.90189874
0,0,0.99071425,0.05269304,0.9814285
1,1,0.94145966,0.2229322,0.8829193
1,1,0.56587243,0.68444353,0.13174486
0,0,0.9347522,0.24116927,0.86950445
1,1,0.6962208,0.6140325,0.39244163
1,1,0.99006236,0.055714805,0.9801247
0,0,0.9347522,0.24116927,0.86950445
1,1,0.6962209,0.6140324,0.39244175
1,1,0.7444097,0.5683938,0.48881936
1,0,0.93475574,0.24115983,0.8695115
1,0,0.93367547,0.24402615,0.86735094
1,1,0.9888192,0.061359704,0.97763836
1,1,0.931927,0.24862558,0.86385405
0,0,0.96670306,0.14602213,0.9334061
1,1,0.9241068,0.2686228,0.84821355
0,0,0.89552546,0.33480477,0.7910509
1,0,0.9184988,0.2824206,0.8369976
1,1,0.9902284,0.054949284,0.9804568
0,0,0.99374264,0.037987452,0.9874853
0,0,0.9767978,0.1102525,0.95359564
1,1,0.79708207,0.504421,0.59416413
0,0,0.9491791,0.20092526,0.8983582
0,0,0.98960817,0.05779431,0.97921634
1,1,0.98783827,0.06571416,0.97567654
0,0,0.86172396,0.4018216,0.7234479
1,0,0.86282927,0.3997941,0.72565854
1,0,0.9336894,0.24398927,0.86737883
0,0,0.93974024,0.22768167,0.8794805
1,0,0.85761833,0.40926343,0.71523666
1,1,0.9905523,0.053447925,0.9811046
1,1,0.59990835,0.67304885,0.1998167
0,0,0.9937426,0.03798785,0.9874852
1,0,0.91271853,0.29620254,0.82543707
0,0,0.9477927,0.20496392,0.8955854
1,0,0.5511414,0.68790716,0.10228273
0,0,0.9680331,0.14151424,0.93606615
1,1,0.5237223,0.69202125,0.047444582
0,0,0.9932519,0.040455606,0.98650384
1,1,0.98918927,0.059694607,0.97837853
1,1,0.9897814,0.057003725,0.97956276
1,0,0.6493478,0.64784944,0.29869556
1,0,0.936562,0.23632431,0.873124
1,1,0.9339633,0.24326432,0.8679266
1,1,0.83421504,0.44913936,0.6684301
1,1,0.9907102,0.052711993,0.9814204
0,0,0.86172396,0.4018216,0.7234479
1,0,0.8329346,0.45120233,0.66586924
1,1,0.5125384,0.6928327,0.025076747
1,1,0.98954725,0.05807176,0.9790945
0,0,0.5361327,0.69053376,0.07226539
1,0,0.6301298,0.65888655,0.2602596
1,1,0.9902284,0.054949284,0.9804568
1,0,0.85175097,0.4196598,0.70350194
1,1,0.5257614,0.6918193,0.05152285
0,0,0.86172396,0.4018216,0.7234479
1,1,0.99039173,0.054193627,0.98078346
1,1,0.9431207,0.21829298,0.88624144
0,0,0.9874513,0.06740945,0.97490263
0,0,0.9901766,0.055188328,0.98035324
0,0,0.817707,0.47485274,0.635414
1,0,0.64542073,0.6502354,0.29084146
1,0,0.5215264,0.6922201,0.043052793
0,0,0.95397675,0.18663508,0.9079535
1,1,0.98826104,0.063847594,0.9765221
0,0,0.98629856,0.07238974,0.9725971
0,0,0.93475556,0.2411603,0.8695111
0,0,0.93475175,0.24117047,0.8695035
0,0,0.9347555,0.2411605,0.869511
1,1,0.64854205,0.6483445,0.2970841
1,1,0.9902284,0.054949284,0.9804568
1,1,0.9907102,0.052711993,0.9814204
1,1,0.925054,0.26624876,0.850108
1,1,0.6790486,0.6275845,0.3580972
1,1,0.99006236,0.055714805,0.9801247
0,0,0.9218695,0.27417946,0.84373903
0,0,0.9347555,0.2411605,0.869511
0,0,0.98544776,0.07600201,0.9708955
0,0,0.9347554,0.24116075,0.86951077
0,0,0.9347555,0.24116051,0.869511
0,0,0.95520717,0.18288778,0.91041434
0,0,0.86172396,0.4018216,0.7234479
1,1,0.9890057,0.06052216,0.97801137
1,1,0.98783827,0.06571416,0.97567654
1,1,0.9884366,0.06306811,0.97687316
1,1,0.9907102,0.052711993,0.9814204
1,1,0.67035645,0.6339259,0.3407129
0,0,0.9892208,0.05955224,0.9784416
1,0,0.85968375,0.40553713,0.7193675
0,0,0.9691775,0.13758978,0.93835497
1,0,0.85968363,0.40553743,0.71936727
1,1,0.83856916,0.44203496,0.6771383
1,0,0.93475574,0.24115983,0.8695115
0,0,0.95322996,0.18889263,0.9064599
0,0,0.9915463,0.048768833,0.98309255
1,0,0.93371016,0.24393436,0.8674203
1,1,0.94188005,0.22176287,0.8837601
1,1,0.5976324,0.67396,0.19526482
0,0,0.9347552,0.24116126,0.8695104
1,1,0.98972183,0.057275865,0.97944367
1,1,0.69684064,0.6135175,0.3936813
0,0,0.9547302,0.18434453,0.9094604
1,0,0.89521265,0.3354763,0.7904253
1,0,0.6131018,0.6673404,0.22620356
1,1,0.9343248,0.24230555,0.8686496
0,0,0.97747207,0.10772074,0.95494413
0,0,0.9935634,0.03889317,0.9871268
0,0,0.93475556,0.24116036,0.8695111
0,0,0.93475497,0.24116185,0.86950994
1,0,0.55720407,0.68658817,0.114408135
0,0,0.98357207,0.08379083,0.96714413
0,0,0.9925182,0.044079438,0.9850364
1,0,0.82976025,0.45626616,0.6595205
1,1,0.9236378,0.2697934,0.8472756
1,0,0.9347326,0.2412214,0.86946523
0,0,0.97290015,0.124511726,0.9458003
1,1,0.9821292,0.08963268,0.96425843
1,1,0.93603176,0.23774947,0.8720635
1,0,0.9372742,0.23440263,0.87454844
0,0,0.8157644,0.47775567,0.63152885
0,0,0.9928613,0.0423944,0.98572254
0,0,0.9916237,0.04839944,0.9832474
0,0,0.9925882,0.04373667,0.98517644
0,0,0.85483104,0.4142368,0.7096621
1,1,0.77282786,0.53583676,0.5456557
1,0,0.8106017,0.4853493,0.6212034
1,1,0.98862946,0.062208477,0.9772589
1,1,0.9884366,0.06306811,0.97687316
0,0,0.9347554,0.24116075,0.86951077
1,1,0.9457982,0.21070603,0.89159644
1,0,0.8023846,0.49707884,0.60476923
0,0,0.98804075,0.064822026,0.9760815
0,0,0.9924493,0.044415805,0.98489857
0,0,0.9935027,0.039199144,0.98700535
0,0,0.85968363,0.40553737,0.71936727
0,0,0.86172396,0.4018216,0.7234479
1,1,0.943906,0.21608192,0.887812
1,1,0.69485545,0.61516047,0.3897109
0,0,0.9347553,0.24116099,0.86951065
0,0,0.99190176,0.047067445,0.9838035
0,0,0.9932605,0.04041262,0.986521
1,1,0.9942449,0.035421543,0.98848975
0,0,0.8231831,0.4665323,0.64636624
1,1,0.8288792,0.45765898,0.65775836
1,1,0.9880409,0.06482132,0.97608185
1,1,0.9882405,0.06393874,0.97648096
0,0,0.9925882,0.043736685,0.98517644
1,1,0.9890057,0.06052216,0.97801137
0,0,0.9910563,0.051089074,0.98211265
0,1,0.8862841,0.3542145,0.7725682
1,1,0.7982408,0.5028316,0.59648156
1,0,0.88175637,0.36341092,0.76351273
1,1,0.9902284,0.054949284,0.9804568
1,0,0.79840946,0.5025995,0.5968189
0,0,0.9745956,0.11838499,0.9491912
1,0,0.9371775,0.23466413,0.87435496
1,0,0.8857825,0.35524324,0.77156496
0,0,0.93475515,0.2411614,0.8695103
0,0,0.93475544,0.24116066,0.8695109
0,0,0.98974544,0.057167996,0.9794909
1,1,0.6962209,0.6140324,0.39244175
0,0,0.9897652,0.057077527,0.97953045
1,1,0.9399886,0.22699887,0.8799772
1,0,0.718503,0.5943616,0.43700597
0,0,0.86172396,0.4018216,0.7234479
1,1,0.94666404,0.20822303,0.8933281
1,1,0.9884366,0.06306811,0.97687316
1,1,0.98954725,0.05807176,0.9790945
1,1,0.5119735,0.6928604,0.023947
1,0,0.9709429,0.131449,0.9418858
0,0,0.99190176,0.047067445,0.9838035
1,0,0.93475574,0.24115983,0.8695115
0,0,0.9923043,0.045121644,0.98460865
1,0,0.88697183,0.3528,0.77394366
0,1,0.53907,0.69009113,0.07814002
1,1,0.9195071,0.2799716,0.8390142
0,0,0.9855698,0.0754871,0.97113955
1,0,0.861724,0.40182152,0.72344804
1,1,0.94196117,0.22153684,0.88392234
1,1,0.98936975,0.058877952,0.9787395
1,1,0.50764024,0.6930304,0.015280485
0,0,0.9901767,0.055188082,0.98035336
0,0,0.9347552,0.24116123,0.8695104
1,0,0.9347216,0.24125078,0.8694432
1,1,0.98918927,0.059694607,0.97837853
0,0,0.853978,0.41574636,0.70795596
1,1,0.9475168,0.20576295,0.8950336
1,1,0.75366014,0.5582782,0.5073203
1,0,0.89522976,0.33543962,0.7904595
1,1,0.98918927,0.059694607,0.97837853
1,1,0.93704313,0.2350271,0.87408626
0,0,0.97435987,0.119243704,0.94871974
0,0,0.92357594,0.2699476,0.8471519
0,0,0.9646393,0.15290894,0.9292786
1,1,0.99039173,0.054193627,0.98078346
1,0,0.6776165,0.62865305,0.35523292
0,1,0.98113704,0.09358035,0.9622741
1,0,0.6256889,0.6612103,0.2513778
1,1,0.9898935,0.05649036,0.979787
0,1,0.54897577,0.6883422,0.09795153
1,1,0.6962208,0.6140325,0.39244163
1,1,0.9363826,0.23680705,0.8727652
1,1,0.8288792,0.45765898,0.65775836
0,0,0.9920373,0.046414554,0.9840746
0,0,0.9347504,0.24117409,0.86950076
1,1,0.88505983,0.35672092,0.77011967
1,1,0.98862946,0.062208477,0.9772589
1,1,0.98954725,0.05807176,0.9790945
1,1,0.6962208,0.6140325,0.39244163
0,0,0.9835725,0.083789274,0.96714497
1,1,0.98936975,0.058877952,0.9787395
1,1,0.98862946,0.062208477,0.9772589
0,0,0.9272509,0.26069257,0.85450184
1,0,0.95402133,0.18649994,0.90804267
1,1,0.6361,0.65562916,0.2722
1,1,0.98954725,0.05807176,0.9790945
1,1,0.93112177,0.25072756,0.86224353
1,0,0.88175637,0.36341092,0.76351273
0,0,0.9347555,0.24116044,0.869511
1,1,0.93838024,0.2314013,0.8767605
1,1,0.98936975,0.058877952,0.9787395
0,0,0.9900842,0.055614464,0.98016834
1,1,0.9880409,0.06482132,0.97608185
0,0,0.9428991,0.2189148,0.8857982
0,0,0.93475556,0.24116033,0.8695111
1,1,0.9880409,0.06482132,0.97608185
0,0,0.86172396,0.40182164,0.7234479
0,0,0.9919341,0.046911657,0.98386824
0,0,0.93475044,0.24117392,0.8695009
0,0,0.9889137,0.060935512,0.9778274
1,1,0.9181001,0.2833852,0.83620024
0,0,0.9778409,0.106327035,0.9556818
0,0,0.9491097,0.20112848,0.89821935
0,0,0.9925182,0.044079438,0.9850364
0,0,0.9936238,0.038588773,0.9872476
0,0,0.9872387,0.06833585,0.9744774
1,1,0.98918927,0.059694607,0.97837853
0,0,0.93475515,0.24116144,0.8695103
0,0,0.5893698,0.67708707,0.17873952
1,1,0.9907102,0.052711993,0.9814204
1,1,0.8288792,0.45765898,0.65775836
1,0,0.6344907,0.6565223,0.26898143
0,0,0.93475544,0.24116066,0.8695109
0,0,0.85086304,0.4212091,0.7017261
0,0,0.85057527,0.42170995,0.70115054
1,0,0.73373896,0.57950443,0.46747792
0,0,0.9920095,0.04654858,0.98401904
1,1,0.91074824,0.3008032,0.8214965
0,0,0.7807515,0.52595514,0.56150305
1,1,0.925054,0.26624876,0.850108
0,0,0.8942201,0.33760017,0.7884402
0,1,0.9050452,0.31385392,0.8100904
1,0,0.8427043,0.4351582,0.6854086
0,0,0.9913884,0.049519524,0.98277676
1,1,0.7245753,0.5885801,0.44915056
1,1,0.8288792,0.45765898,0.65775836
0,0,0.86172384,0.4018218,0.7234477
1,0,0.5641413,0.68489623,0.12828258
0,0,0.9921583,0.04582979,0.9843166
1,1,0.6962208,0.6140325,0.39244163
0,0,0.9882628,0.06383998,0.97652555
1,1,0.80994034,0.48630947,0.6198807
1,0,0.86172384,0.4018218,0.7234477
0,0,0.9347553,0.24116093,0.86951065
0,1,0.67705405,0.6290701,0.3541081
1,0,0.54143333,0.6897098,0.08286664
0,0,0.93475354,0.2411657,0.8695071
1,1,0.93704313,0.2350271,0.87408626
1,1,0.7930675,0.509864,0.586135
1,1,0.6962208,0.6140325,0.39244163
1,1,0.98742247,0.067535415,0.97484493
1,1,0.98954725,0.05807176,0.9790945
1,0,0.9366664,0.23604311,0.87333286
0,0,0.98010945,0.097612865,0.9602189
1,1,0.8200914,0.47125483,0.64018285
0,0,0.86172396,0.4018216,0.7234479
1,0,0.91456604,0.29184437,0.8291321
1,1,0.9277541,0.25941002,0.8555082
0,0,0.93475556,0.24116036,0.8695111
0,0,0.9347555,0.24116047,0.869511
0,0,0.93475103,0.24117243,0.86950207
0,0,0.8617239,0.40182173,0.7234478
0,0,0.8596837,0.40553725,0.7193674
1,0,0.5474912,0.68862957,0.094982386
0,0,0.99190176,0.047067445,0.9838035
0,0,0.9926562,0.043403637,0.98531234
0,0,0.93475276,0.24116775,0.8695055
0,0,0.9347555,0.24116044,0.869511
1,1,0.9898935,0.05649036,0.979787
1,1,0.8066837,0.49099606,0.61336744
0,0,0.95757747,0.17556804,0.91515493
1,1,0.98783827,0.06571416,0.97567654
0,0,0.99331665,0.040132083,0.9866333
1,1,0.92851764,0.25745657,0.8570353
0,0,0.93475556,0.2411603,0.8695111
0,0,0.9898231,0.056812882,0.9796462
0,0,0.93475497,0.24116185,0.86950994
1,1,0.98954725,0.05807176,0.9790945
0,0,0.57697004,0.68125117,0.15394008
0,0,0.988372,0.063355125,0.97674406
0,0,0.9919341,0.046911642,0.98386824
1,0,0.709798,0.6023325,0.419596
0,0,0.9900842,0.05561448,0.98016834
1,1,0.9872093,0.06846359,0.97441864
0,0,0.991934,0.046912186,0.983868
1,0,0.7848638,0.5206827,0.56972766
1,1,0.9905523,0.053447925,0.9811046
0,0,0.98156214,0.091895655,0.9631243
0,0,0.88476205,0.3573283,0.7695241
0,0,0.9920373,0.046414554,0.9840746
0,0,0.9864953,0.07154703,0.97299063
1,1,0.9353614,0.23954451,0.8707228
1,0,0.6315956,0.65810096,0.26319122
1,0,0.79955846,0.50101393,0.5991169
0,0,0.9740811,0.12025613,0.9481622
1,0,0.80104417,0.4989515,0.60208833
1,1,0.95122504,0.19489226,0.9024501
1,1,0.6230978,0.6625272,0.24619555
0,0,0.88997626,0.34656492,0.7799525
1,1,0.9907102,0.052711993,0.9814204
1,1,0.6962208,0.6140325,0.39244163
1,0,0.6699085,0.63424337,0.33981702
1,1,0.98954725,0.05807176,0.9790945
0,0,0.99130476,0.049915977,0.9826095
0,0,0.99251825,0.044079084,0.9850365
1,1,0.6962209,0.6140324,0.39244175
1,1,0.9373889,0.23409243,0.8747778
1,0,0.866808,0.39240983,0.733616
0,0,0.6399068,0.6534718,0.27981365
1,1,0.99006236,0.055714805,0.9801247
0,0,0.9871152,0.068872385,0.9742304
1,1,0.8844715,0.3579202,0.76894295
0,0,0.9347554,0.24116075,0.86951077
0,0,0.6489843,0.6480731,0.2979686
0,0,0.9812868,0.09298779,0.96257365
1,0,0.9347216,0.24125078,0.8694432
1,1,0.9872093,0.06846359,0.97441864
1,0,0.93475574,0.24115983,0.8695115
0,0,0.9705276,0.13290343,0.9410552
1,1,0.69561386,0.614535,0.39122772
1,0,0.79835045,0.5026807,0.5967009
1,0,0.9347216,0.24125078,0.8694432
0,0,0.8897968,0.34693995,0.7795936
1,1,0.98954725,0.05807176,0.9790945
0,0,0.9519467,0.19274302,0.90389335
0,0,0.93475384,0.2411649,0.8695077
0,0,0.98865557,0.062091853,0.97731113
1,1,0.93500525,0.24049512,0.8700105
1,1,0.9907102,0.052711993,0.9814204
1,1,0.93803966,0.23232773,0.8760793
1,1,0.8828084,0.3612919,0.7656168
1,0,0.7273892,0.5858383,0.4547784
0,0,0.93475544,0.24116066,0.8695109
1,1,0.5119735,0.6928604,0.023947
0,0,0.9884631,0.06295006,0.9769262
1,1,0.9311022,0.2507785,0.86220443
1,1,0.9412671,0.2234668,0.88253415
0,0,0.9259442,0.2640059,0.8518884
1,1,0.93803966,0.23232773,0.8760793
0,0,0.9747962,0.11765267,0.94959235
0,0,0.9887994,0.061448336,0.9775988
1,1,0.9898935,0.05649036,0.979787
0,0,0.86172396,0.4018216,0.7234479
1,1,0.9882405,0.06393874,0.97648096
1,1,0.77805483,0.52935886,0.55610967
0,0,0.8548488,0.4142053,0.7096976
0,0,0.9587173,0.17199947,0.9174346
0,0,0.71136636,0.6009238,0.4227327
0,0,0.93475497,0.24116191,0.86950994
1,1,0.9884366,0.06306811,0.97687316
0,0,0.980006,0.098015815,0.96001196
1,0,0.53263843,0.6910151,0.06527683
1,1,0.94188005,0.22176287,0.8837601
0,0,0.9347554,0.24116081,0.86951077
0,0,0.9347518,0.24117029,0.8695036
0,0,0.8576183,0.40926358,0.71523654
0,0,0.93475455,0.24116299,0.8695091
1,1,0.8901346,0.34623387,0.78026915
1,1,0.9902284,0.054949284,0.9804568
1,0,0.8781613,0.37057248,0.7563226
0,0,0.9347554,0.24116081,0.86951077
0,0,0.9347555,0.24116051,0.869511
1,1,0.8950459,0.3358339,0.79009175
1,0,0.88695806,0.35282838,0.7739161
0,0,0.90722036,0.30892217,0.8144407
0,0,0.98163146,0.09161994,0.9632629
0,0,0.96683156,0.14558902,0.93366313
1,0,0.9347216,0.24125078,0.8694432
1,1,0.98742247,0.067535415,0.97484493
0,0,0.99362373,0.03858903,0.98724747
1,1,0.95832306,0.17323741,0.9166461
1,1,0.98763204,0.06661925,0.9752641
0,0,0.9663017,0.14737171,0.93260336
1,1,0.9373889,0.23409243,0.8747778
1,1,0.9905523,0.053447925,0.9811046
0,0,0.9347551,0.24116154,0.8695102
0,0,0.9935633,0.038893778,0.9871266
1,0,0.9372084,0.23458058,0.8744168
0,0,0.89243644,0.34139085,0.7848729
0,0,0.934754,0.24116442,0.869508
1,1,0.93910635,0.22941938,0.8782127
1,0,0.9361583,0.23740983,0.8723166
0,0,0.9347548,0.24116234,0.8695096
0,0,0.8555276,0.41299987,0.71105516
0,0,0.98002887,0.09792683,0.96005774
1,1,0.8242648,0.46486455,0.64852965
0,0,0.701447,0.60963327,0.40289405
1,0,0.50872993,0.6929947,0.01745984
1,0,0.68785465,0.62080646,0.37570933
1,1,0.74981743,0.56253564,0.49963486
1,1,0.939357,0.22873315,0.87871397
1,1,0.9907102,0.052711993,0.9814204
1,1,0.9907102,0.052711993,0.9814204
0,0,0.9928616,0.04239253,0.98572326
1,0,0.93475574,0.24115983,0.8695115
0,0,0.9985396,0.010994174,0.99707925
0,0,0.9927259,0.04306104,0.9854518
1,1,0.9907102,0.052711993,0.9814204
0,0,0.9347554,0.24116075,0.86951077
1,1,0.98954725,0.05807176,0.9790945
1,0,0.67829585,0.62814736,0.3565917
0,0,0.85968363,0.40553743,0.71936727
1,0,0.93367547,0.24402615,0.86735094
0,0,0.93474716,0.24118271,0.8694943
0,0,0.9473196,0.20633309,0.89463925
0,0,0.9347531,0.24116686,0.86950624
0,0,0.86172396,0.4018216,0.7234479
1,1,0.8288792,0.45765898,0.65775836
0,0,0.990801,0.05228755,0.98160195
1,0,0.6162573,0.6658667,0.23251462
1,0,0.89521265,0.3354763,0.7904253
1,0,0.858751,0.4072243,0.717502
1,1,0.9272429,0.26071307,0.85448575
0,0,0.9092713,0.30422056,0.8185426
0,0,0.99035925,0.054344214,0.9807185
1,1,0.8427645,0.43505716,0.685529
0,1,0.885386,0.3560546,0.770772
0,0,0.98941153,0.058688417,0.97882307
0,0,0.99185795,0.047277886,0.9837159
0,0,0.9920373,0.04641454,0.9840746
1,0,0.7423649,0.57056874,0.48472974
1,1,0.9236378,0.2697934,0.8472756
0,0,0.97726274,0.10850887,0.9545255
0,0,0.93475556,0.2411603,0.8695111
0,0,0.99223137,0.045475777,0.98446274
0,0,0.9347533,0.2411663,0.8695066
0,0,0.98057806,0.09578077,0.96115613
0,1,0.5657821,0.68446743,0.13156426
0,0,0.6493056,0.6478754,0.2986112
1,0,0.89363575,0.33884576,0.7872715
1,0,0.6123145,0.66770154,0.22462904
0,0,0.9910563,0.051089074,0.98211265
0,0,0.98970526,0.05735157,0.9794105
1,0,0.8576182,0.4092637,0.7152364
1,1,0.7686829,0.5408629,0.5373658
0,0,0.9823353,0.0888056,0.96467066
0,0,0.7398627,0.57320046,0.4797254
0,0,0.97157913,0.12920943,0.94315827
0,0,0.93475443,0.24116337,0.86950886
1,1,0.9890057,0.06052216,0.97801137
1,0,0.81768835,0.4748807,0.6353767
1,1,0.9898935,0.05649036,0.979787
1,0,0.93587625,0.23816651,0.8717525
1,0,0.861724,0.40182152,0.72344804
0,0,0.95684093,0.17785704,0.91368186
1,1,0.9400471,0.22683795,0.8800942
1,0,0.7795203,0.52751446,0.55904055
0,0,0.9917812,0.047646314,0.98356235
1,1,0.6962208,0.6140325,0.39244163
1,0,0.8005209,0.49967945,0.6010418
0,0,0.86172396,0.4018216,0.7234479
0,0,0.93474853,0.24117905,0.86949706
0,0,0.934752,0.24116985,0.869504
1,1,0.9890057,0.06052216,0.97801137
1,1,0.6962208,0.6140325,0.39244163
0,0,0.86172396,0.4018216,0.7234479
0,0,0.9872307,0.068370536,0.97446144
1,0,0.861724,0.40182152,0.72344804
1,1,0.9880409,0.06482132,0.97608185
1,1,0.9146603,0.29162094,0.82932055
1,0,0.85968375,0.40553713,0.7193675
1,1,0.9888192,0.061359704,0.97763836
0,0,0.9622104,0.16085461,0.92442083
0,0,0.9347545,0.24116313,0.869509
0,0,0.71938896,0.5935295,0.43877795
1,0,0.709859,0.6022779,0.41971806
1,1,0.9907102,0.052711993,0.9814204
1,0,0.85968375,0.40553713,0.7193675
1,0,0.8369642,0.44466984,0.6739284
1,1,0.7809796,0.52566534,0.56195915
1,1,0.98862946,0.062208477,0.9772589
1,1,0.9882405,0.06393874,0.97648096
1,0,0.5031992,0.6931267,0.006398469
1,1,0.62686086,0.6606053,0.2537217
0,0,0.99179906,0.047560487,0.9835981
0,0,0.9902675,0.054768596,0.98053503
1,0,0.89200294,0.3423071,0.7840059
0,0,0.99190176,0.047067445,0.9838035
1,0,0.8852591,0.35631394,0.7705182
1,1,0.98972183,0.057275865,0.97944367
1,0,0.51519835,0.6926851,0.03039673
0,0,0.98837197,0.06335537,0.97674394
1,1,0.8288792,0.45765898,0.65775836
0,0,0.934754,0.24116445,0.869508
1,1,0.9907102,0.052711993,0.9814204
0,0,0.97314775,0.12362397,0.9462955
1,1,0.99006236,0.055714805,0.9801247
0,0,0.93475485,0.24116217,0.8695097
1,1,0.8288792,0.45765898,0.65775836
0,0,0.9926313,0.043525483,0.98526263
0,0,0.9347552,0.24116126,0.8695104
1,1,0.6281857,0.65991426,0.25637138
1,1,0.93500525,0.24049512,0.8700105
0,1,0.88036823,0.36619067,0.76073647
1,0,0.62166,0.6632456,0.24331996
1,0,0.9117168,0.29854766,0.82343364
1,1,0.98936975,0.058877952,0.9787395
0,0,0.9882626,0.06384063,0.9765252
0,0,0.98957586,0.05794151,0.9791517
0,0,0.9347554,0.24116081,0.86951077
1,1,0.9884366,0.06306811,0.97687316
1,0,0.5886198,0.67735696,0.17723966
0,0,0.93475497,0.24116185,0.86950994
1,0,0.9709429,0.131449,0.9418858
1,0,0.92762876,0.2597299,0.8552575
0,0,0.9482591,0.20360965,0.89651823
1,0,0.74374866,0.5690993,0.48749736
1,0,0.93475574,0.24115983,0.8695115
0,0,0.934755,0.24116176,0.86951005
1,1,0.9902284,0.054949284,0.9804568
1,1,0.94666404,0.20822303,0.8933281
0,0,0.9916237,0.048399456,0.9832474
0,0,0.9883721,0.06335476,0.9767442
1,0,0.9371784,0.23466176,0.87435675
1,0,0.7790611,0.52809376,0.55812216
0,0,0.8116505,0.48382086,0.623301
1,1,0.8288792,0.45765898,0.65775836
1,0,0.8198974,0.471549,0.6397948
1,1,0.99039173,0.054193627,0.98078346
1,1,0.93074393,0.25171036,0.86148787
1,1,0.9907102,0.052711993,0.9814204
1,0,0.8967985,0.332061,0.793597
0,0,0.98531127,0.076576635,0.97062254
0,0,0.9347555,0.24116051,0.869511
0,0,0.9347535,0.24116589,0.86950696
0,0,0.951867,0.19298092,0.90373397
1,1,0.9440267,0.21574102,0.8880534
1,1,0.98972183,0.057275865,0.97944367
0,0,0.95423615,0.18584801,0.9084723
1,1,0.9339633,0.24326432,0.8679266
1,0,0.6865174,0.62185884,0.37303483
1,0,0.52628994,0.69176424,0.05257991
1,1,0.9902284,0.054949284,0.9804568
0,0,0.9347441,0.24119076,0.86948824
0,0,0.9785329,0.10369506,0.9570658
0,0,0.8513455,0.42036808,0.70269096
0,0,0.9917036,0.048017636,0.98340726
1,0,0.8976512,0.33021343,0.7953024
1,0,0.9371703,0.23468348,0.87434065
1,0,0.6637611,0.6385092,0.32752216
1,0,0.9336903,0.24398693,0.8673806
1,1,0.9260865,0.26364633,0.852173
1,1,0.98862946,0.062208477,0.9772589
1,1,0.6962209,0.6140324,0.39244175
0,0,0.991386,0.049530864,0.982772
1,0,0.9314387,0.24990147,0.86287737
0,0,0.9838474,0.08266194,0.96769476
0,0,0.98837173,0.06335629,0.97674346
1,1,0.9902284,0.054949284,0.9804568
0,0,0.969459,0.13661781,0.938918
1,0,0.5300011,0.69134593,0.060002208
1,1,0.8288792,0.45765898,0.65775836
0,0,0.99190176,0.04706746,0.9838035
0,0,0.93475235,0.24116886,0.8695047
1,1,0.6962209,0.6140324,0.39244175
1,1,0.74056053,0.5724698,0.48112106
0,0,0.9347555,0.24116051,0.869511
1,1,0.93507487,0.24030945,0.87014973
0,0,0.9924498,0.044413097,0.98489964
1,1,0.98783827,0.06571416,0.97567654
0,0,0.9913041,0.049919136,0.9826082
1,1,0.66225016,0.6395317,0.32450032
0,0,0.97767955,0.10693753,0.9553591
1,1,0.9363826,0.23680705,0.8727652
1,0,0.5882716,0.6774815,0.17654327
1,1,0.98742247,0.067535415,0.97484493
0,0,0.96090865,0.16504563,0.9218173
1,0,0.85968363,0.40553743,0.71936727
0,0,0.98417294,0.08132072,0.9683459
1,1,0.7982261,0.5028517,0.59645224
1,0,0.5803981,0.68016315,0.16079614
1,1,0.9898935,0.05649036,0.979787
0,0,0.9347517,0.24117061,0.8695034
0,0,0.93475485,0.24116217,0.8695097
0,0,0.9042531,0.31563613,0.80850625
1,1,0.9880409,0.06482132,0.97608185
1,1,0.9267943,0.26185328,0.8535886
1,1,0.8761162,0.3745924,0.75223243
0,0,0.9931253,0.0410863,0.98625064
1,0,0.826336,0.4616486,0.65267205
0,0,0.9901651,0.055241372,0.9803302
0,0,0.93475235,0.24116889,0.8695047
1,1,0.98763204,0.06661925,0.9752641
0,0,0.99306035,0.041409016,0.9861207
0,0,0.9920373,0.04641454,0.9840746
1,1,0.8288792,0.45765898,0.65775836
1,1,0.9884366,0.06306811,0.97687316
0,0,0.9858497,0.0743021,0.97169936
1,0,0.9371874,0.2346374,0.87437475
1,1,0.8934364,0.3392699,0.78687274
0,0,0.99190176,0.04706746,0.9838035
0,0,0.9920373,0.046414554,0.9840746
1,1,0.9880409,0.06482132,0.97608185
1,0,0.937301,0.2343303,0.87460196
1,1,0.6962209,0.6140324,0.39244175
1,0,0.9371792,0.23465955,0.8743584
1,1,0.98972183,0.057275865,0.97944367
1,1,0.9902284,0.054949284,0.9804568
1,0,0.9371631,0.234703,0.8743262
0,0,0.98097193,0.094231986,0.96194386
0,0,0.9798437,0.09864688,0.95968735
1,1,0.9403192,0.22608837,0.88063836
1,0,0.5347669,0.6907278,0.069533855
0,0,0.98921126,0.059595343,0.9784225
0,0,0.80665666,0.4910347,0.6133133
0,0,0.9911888,0.050464354,0.98237765
1,0,0.6719477,0.6327907,0.34389544
0,0,0.9552085,0.1828837,0.91041696
0,0,0.74596906,0.5667204,0.49193808
0,0,0.9923743,0.04478126,0.9847486
1,1,0.94491917,0.213212,0.88983834
1,0,0.9348484,0.24091297,0.86969686
1,0,0.88605773,0.35467905,0.77211547
0,0,0.9458859,0.2104552,0.8917718
1,1,0.70178294,0.60934603,0.40356588
0,0,0.93475413,0.24116407,0.86950827
1,0,0.8384706,0.44219735,0.67694116
0,0,0.93475544,0.24116065,0.8695109
0,0,0.99362355,0.038589913,0.9872471
1,1,0.98763204,0.06661925,0.9752641
0,0,0.9347554,0.24116075,0.86951077
1,1,0.65394944,0.64496744,0.30789888
0,0,0.86172396,0.4018216,0.7234479
0,0,0.93475515,0.2411614,0.8695103
0,0,0.9927688,0.042849977,0.98553765
1,0,0.67859256,0.62792575,0.35718516
0,0,0.99272627,0.043059308,0.98545253
0,0,0.90927094,0.30422133,0.8185419
1,1,0.9884366,0.06306811,0.97687316
1,0,0.5220568,0.69217384,0.044113606
0,0,0.99087054,0.05196197,0.9817411
1,0,0.9371757,0.23466903,0.8743514
1,1,0.6283063,0.65985096,0.25661266
1,1,0.98936975,0.058877952,0.9787395
1,1,0.9872093,0.06846359,0.97441864
0,0,0.99325347,0.040447783,0.98650694
1,0,0.9093348,0.30407417,0.81866956
0,0,0.99044925,0.053926807,0.9808985
1,0,0.86282384,0.39980406,0.7256477
1,1,0.9699249,0.13500303,0.93984985
1,1,0.5674354,0.68402433,0.13487077
0,0,0.99117374,0.0505357,0.9823475
1,1,0.699808,0.6110269,0.399616
0,0,0.9347536,0.24116558,0.8695072
1,1,0.8779517,0.37098634,0.75590336
1,0,0.88375294,0.35938025,0.7675059
0,0,0.9920373,0.046414554,0.9840746
0,0,0.98517317,0.077156775,0.97034633
1,0,0.5517037,0.68779105,0.10340741
1,1,0.9884366,0.06306811,0.97687316
1,1,0.93205065,0.24830198,0.8641013
0,0,0.9347553,0.24116093,0.86951065
1,0,0.72323126,0.5898756,0.4464625
1,1,0.98067045,0.09541824,0.9613409
1,1,0.9898935,0.05649036,0.979787
1,0,0.61314464,0.6673206,0.22628927
0,0,0.9933163,0.040133823,0.9866326
0,0,0.86172396,0.4018216,0.7234479
0,1,0.6555135,0.64396656,0.31102705
1,1,0.9907102,0.052711993,0.9814204
0,1,0.5668466,0.6841834,0.13369322
0,0,0.98372483,0.083165,0.96744967
1,0,0.93475574,0.24115983,0.8695115
1,1,0.7979436,0.50324005,0.5958872
1,1,0.9119657,0.29796612,0.82393146
0,0,0.9935628,0.038896162,0.98712564
1,1,0.51121366,0.69289565,0.02242732
1,0,0.9348794,0.24083047,0.86975884
0,0,0.93505096,0.2403732,0.8701019
1,1,0.93074393,0.25171036,0.86148787
0,0,0.9496356,0.19958673,0.89927125
1,0,0.9347216,0.24125078,0.8694432
0,0,0.99017644,0.05518917,0.9803529
1,1,0.98862946,0.062208477,0.9772589
1,1,0.9383627,0.23144898,0.87672544
1,1,0.7138202,0.5986956,0.42764044
0,0,0.9921583,0.04582978,0.9843166
0,0,0.93475366,0.24116544,0.8695073
0,0,0.9239912,0.26891157,0.8479824
0,0,0.9347543,0.24116364,0.8695086
1,1,0.70663714,0.6051353,0.4132743
0,0,0.9757415,0.114178956,0.951483
1,1,0.69621986,0.6140332,0.39243972
1,1,0.98918927,0.059694607,0.97837853
1,0,0.95963734,0.16909494,0.9192747
1,1,0.98783827,0.06571416,0.97567654
0,0,0.86172396,0.4018216,0.7234479
0,0,0.9936235,0.038590256,0.987247
0,0,0.91135657,0.29938796,0.82271314
1,1,0.99006236,0.055714805,0.9801247
0,0,0.86172396,0.4018216,0.7234479
0,0,0.86172384,0.4018218,0.7234477
1,1,0.8288792,0.45765898,0.65775836
0,0,0.90349615,0.31733257,0.8069923
0,0,0.988041,0.06482104,0.97608197
1,1,0.9475168,0.20576295,0.8950336
1,1,0.98936975,0.058877952,0.9787395
1,1,0.98763204,0.06661925,0.9752641
1,1,0.937964,0.23253323,0.87592804
0,0,0.9347551,0.2411616,0.8695102
0,0,0.9717741,0.12852013,0.9435482
0,0,0.901648,0.32144684,0.80329597
1,1,0.9872093,0.06846359,0.97441864
0,0,0.9347551,0.24116154,0.8695102
1,0,0.54520905,0.6890539,0.09041807
0,0,0.9913044,0.04991769,0.9826088
1,0,0.71317613,0.5992833,0.4263523
1,0,0.51570463,0.6926538,0.031409264
0,0,0.9359005,0.23810153,0.871801
1,1,0.98936975,0.058877952,0.9787395
0,0,0.9934412,0.039507944,0.98688245
0,0,0.99113995,0.050695032,0.9822799
1,1,0.6962208,0.6140325,0.39244163
0,0,0.9907316,0.05261203,0.9814632
0,0,0.9916251,0.04839302,0.98325014
0,0,0.8398206,0.43996724,0.67964125
0,0,0.93475366,0.24116546,0.8695073
1,0,0.93717813,0.23466234,0.87435627
1,0,0.7986994,0.50220025,0.59739876
1,1,0.9373889,0.23409243,0.8747778
1,1,0.939357,0.22873315,0.87871397
1,1,0.6962208,0.6140325,0.39244163
0,0,0.5484774,0.68843967,0.09695485
0,0,0.9920373,0.046414554,0.9840746
0,0,0.97849184,0.10385192,0.9569837
1,1,0.6962209,0.6140324,0.39244175
1,0,0.848088,0.42601132,0.69617605
0,0,0.9902684,0.05476454,0.9805368
1,1,0.89372516,0.3386554,0.7874503
0,0,0.9801481,0.09746231,0.96029615
0,0,0.9347555,0.2411605,0.869511
1,0,0.8125816,0.48245788,0.6251632
1,1,0.8291406,0.45724624,0.6582812
1,1,0.928616,0.25720432,0.857232
1,1,0.9324495,0.2472562,0.86489904
0,0,0.9347549,0.24116206,0.8695098
1,1,0.9872093,0.06846359,0.97441864
0,0,0.9902683,0.054764945,0.9805366
0,0,0.98879945,0.061448105,0.9775989
1,1,0.93175024,0.24908791,0.8635005
1,0,0.93475574,0.24115983,0.8695115
0,0,0.9347553,0.24116102,0.86951065
0,0,0.97028923,0.13373525,0.94057846
1,1,0.71541965,0.5972274,0.4308393
1,0,0.91199565,0.29789615,0.8239913
1,1,0.828535,0.45820153,0.65707004
0,0,0.92763174,0.25972223,0.8552635
1,0,0.6726576,0.6322806,0.34531525
0,0,0.9929286,0.04206159,0.98585725
0,0,0.93475264,0.24116813,0.8695053
1,1,0.83353233,0.4502408,0.66706467
1,1,0.88427013,0.35832983,0.76854026
1,0,0.93261385,0.24682468,0.8652277
0,0,0.9927943,0.042724613,0.98558855
1,0,0.8610276,0.4030937,0.7220552
1,1,0.9907102,0.052711993,0.9814204
0,0,0.9918616,0.0472604,0.98372316
0,0,0.86172396,0.4018216,0.7234479
1,1,0.92515683,0.2659903,0.85031366
1,0,0.64542073,0.6502354,0.29084146
0,0,0.9347549,0.24116203,0.8695098
1,1,0.71116585,0.6011045,0.4223317
0,0,0.9936237,0.038589317,0.98724735
0,0,0.9040417,0.3161106,0.8080834
0,0,0.9743602,0.11924243,0.94872046
1,0,0.93487775,0.24083486,0.8697555
1,0,0.8852591,0.35631394,0.7705182
0,1,0.6916986,0.61773485,0.38339722
0,0,0.98657924,0.07118653,0.9731585
1,1,0.83799046,0.44298717,0.6759809
0,0,0.9347546,0.2411628,0.8695092
0,0,0.9905384,0.05351253,0.98107684
1,1,0.9475168,0.20576295,0.8950336
0,0,0.93475455,0.24116299,0.8695091
1,1,0.9004051,0.32419193,0.8008102
1,1,0.6962208,0.6140325,0.39244163
1,0,0.5973797,0.67405987,0.1947594
1,0,0.7558925,0.5557685,0.51178503
0,0,0.9347549,0.24116203,0.8695098
1,1,0.9390214,0.2296517,0.8780428
1,0,0.9113022,0.29951453,0.8226044
0,0,0.99088687,0.05188525,0.98177373
0,0,0.9738826,0.12097517,0.94776523
0,0,0.9935635,0.038892914,0.98712695
0,0,0.9841735,0.08131838,0.96834695
1,1,0.98972183,0.057275865,0.97944367
1,1,0.89015245,0.34619647,0.7803049
0,0,0.93475384,0.24116486,0.8695077
0,0,0.9921583,0.04582978,0.9843166
1,1,0.9353614,0.23954451,0.8707228
1,0,0.63067853,0.65859354,0.26135704
1,1,0.83693534,0.44471702,0.6738707
1,1,0.92143685,0.275246,0.8428737
0,0,0.99080104,0.05228746,0.9816021
1,1,0.92265993,0.27222434,0.84531987
0,0,0.9347546,0.24116285,0.8695092
1,0,0.9371658,0.2346957,0.8743316
0,0,0.93475527,0.2411611,0.86951053
0,0,0.9846083,0.07951641,0.9692166
1,1,0.9441527,0.21538489,0.8883054
0,0,0.81970835,0.47183543,0.6394167
0,0,0.9347554,0.24116075,0.86951077
0,0,0.9892524,0.059409417,0.9785048
1,0,0.81370634,0.48080388,0.6274127
0,0,0.96365744,0.1561411,0.9273149
1,1,0.9898935,0.05649036,0.979787
0,0,0.86172396,0.4018216,0.7234479
0,0,0.9347514,0.24117139,0.8695028
0,0,0.93475527,0.2411611,0.86951053
1,0,0.93475574,0.24115983,0.8695115
1,1,0.9902284,0.054949284,0.9804568
1,1,0.94188005,0.22176287,0.8837601
1,0,0.892934,0.34033677,0.78586805
1,1,0.6962209,0.6140324,0.39244175
1,1,0.98742247,0.067535415,0.97484493
0,0,0.97321814,0.12337112,0.9464363
0,0,0.9347551,0.24116154,0.8695102
0,0,0.9347544,0.24116354,0.86950874
1,0,0.64542073,0.6502354,0.29084146
1,0,0.54539275,0.6890205,0.09078547
1,0,0.9704589,0.1331432,0.94091785
1,1,0.9890057,0.06052216,0.97801137
1,1,0.9890057,0.06052216,0.97801137
1,0,0.85761833,0.40926343,0.71523666
1,0,0.7701485,0.53909683,0.54029703
1,1,0.98783827,0.06571416,0.97567654
0,0,0.83933896,0.4407644,0.6786779
0,0,0.96055114,0.16618854,0.9211023
0,0,0.9934411,0.03950848,0.9868822
1,0,0.6783922,0.6280755,0.35678434
1,0,0.647127,0.649207,0.29425395
0,0,0.9847526,0.078915685,0.9695052
1,0,0.7072005,0.6046393,0.41440108
0,0,0.9920373,0.04641454,0.9840746
1,1,0.98862946,0.062208477,0.9772589
1,0,0.9293336,0.25535923,0.85866725
0,0,0.94963527,0.19958776,0.89927053
1,0,0.80119246,0.49874485,0.6023849
1,1,0.98763204,0.06661925,0.9752641
1,1,0.9890057,0.06052216,0.97801137
1,0,0.88524055,0.35635185,0.7704811
0,0,0.9936238,0.038588703,0.9872476
1,1,0.9847055,0.079111926,0.969411
1,1,0.9907102,0.052711993,0.9814204
1,1,0.58406085,0.6789474,0.1681217
0,0,0.9901767,0.055188015,0.98035336
1,0,0.66544336,0.6373587,0.33088672
1,1,0.6468603,0.6493686,0.2937206
1,0,0.8481115,0.4259709,0.696223
1,1,0.530832,0.6912447,0.061663985
0,0,0.97984356,0.09864742,0.9596871
0,0,0.989312,0.059139524,0.978624
1,1,0.9392014,0.22915922,0.8784028
1,0,0.8967983,0.3320614,0.7935966
0,0,0.9020021,0.32066151,0.8040042
1,0,0.7736786,0.53479314,0.5473572
0,0,0.99148405,0.04906504,0.9829681
0,0,0.9347534,0.24116603,0.86950684
1,1,0.98763204,0.06661925,0.9752641
1,1,0.98918927,0.059694607,0.97837853
1,1,0.98862946,0.062208477,0.9772589
0,0,0.96024996,0.16714893,0.9204999
1,0,0.5172328,0.69255316,0.03446558
1,0,0.861724,0.40182152,0.72344804
0,0,0.98357224,0.08379023,0.9671445
1,1,0.9389469,0.22985539,0.8778938
1,0,0.79812354,0.50299275,0.5962471
0,0,0.99223137,0.045475777,0.98446274
0,0,0.93475515,0.2411614,0.8695103
0,0,0.99237627,0.04477153,0.98475254
1,0,0.9347216,0.24125078,0.8694432
0,0,0.99299484,0.04173394,0.9859897
0,0,0.98418593,0.08126705,0.96837187
1,1,0.98918927,0.059694607,0.97837853
1,1,0.9924573,0.044376824,0.98491454
0,0,0.98052096,0.0960047,0.9610419
1,0,0.9049228,0.3141299,0.80984557
1,1,0.83999026,0.43968603,0.6799805
1,1,0.7898857,0.51410806,0.5797714
1,1,0.9902284,0.054949284,0.9804568
1,0,0.8774545,0.3719662,0.75490904
0,1,0.54030925,0.68989396,0.0806185
1,1,0.8288792,0.45765898,0.65775836
0,0,0.986224,0.07270856,0.972448
1,1,0.98918927,0.059694607,0.97837853
0,0,0.9347554,0.24116075,0.86951077
1,1,0.8288792,0.45765898,0.65775836
0,0,0.93475515,0.2411614,0.8695103
0,0,0.989801,0.056913964,0.979602
1,1,0.8288792,0.45765898,0.65775836
0,0,0.9347553,0.2411609,0.86951065
0,0,0.9824662,0.08827928,0.96493244
1,1,0.5391639,0.6900764,0.078327775
1,0,0.8324192,0.4520294,0.66483843
1,1,0.9218611,0.2742002,0.8437222
0,0,0.9826285,0.08762492,0.96525705
1,0,0.9347218,0.24125013,0.86944366
0,0,0.9347555,0.24116051,0.869511
0,0,0.9872482,0.06829462,0.97449636
1,0,0.670301,0.63396525,0.34060204
1,0,0.861724,0.40182152,0.72344804
0,0,0.99122274,0.05030418,0.9824455
0,0,0.9347555,0.24116047,0.869511
0,0,0.93475544,0.24116059,0.8695109
1,1,0.99039173,0.054193627,0.98078346
1,1,0.99039173,0.054193627,0.98078346
0,0,0.9909721,0.051485345,0.9819442
1,1,0.8288792,0.45765898,0.65775836
1,0,0.9348606,0.2408807,0.8697212
1,0,0.64542073,0.6502354,0.29084146
1,1,0.90634525,0.31091303,0.8126905
1,1,0.98954725,0.05807176,0.9790945
0,0,0.98146003,0.092301115,0.96292007
1,1,0.9898935,0.05649036,0.979787
0,0,0.99316186,0.040904544,0.9863237
0,0,0.9347553,0.24116093,0.86951065
1,1,0.90514857,0.31362087,0.81029713
0,0,0.9347541,0.24116431,0.86950815
0,0,0.97705144,0.109302625,0.9541029
0,0,0.99190176,0.04706746,0.9838035
1,1,0.9888192,0.061359704,0.97763836
0,0,0.9838335,0.082719,0.967667
1,0,0.8122351,0.48296574,0.62447023
0,0,0.9347548,0.24116236,0.8695096
1,1,0.7443666,0.5684399,0.48873317
1,0,0.861724,0.40182152,0.72344804
1,1,0.6962209,0.6140324,0.39244175
0,1,0.92120236,0.27582294,0.8424047
1,0,0.8394098,0.44064718,0.67881966
0,0,0.9986549,0.010237003,0.9973098
1,0,0.82349294,0.46605542,0.6469859
1,1,0.838563,0.44204503,0.67712605
1,1,0.6852206,0.6228715,0.3704412
1,1,0.6745012,0.630945,0.34900236
0,0,0.9892113,0.059594903,0.97842264
1,1,0.98742247,0.067535415,0.97484493
0,0,0.65598524,0.6436626,0.31197044
1,1,0.838563,0.44204503,0.67712605
1,0,0.64542073,0.6502354,0.29084146
0,0,0.9926576,0.04339657,0.9853152
1,1,0.91611737,0.28815117,0.83223474
0,0,0.85341144,0.4167457,0.7068229
0,0,0.9878151,0.065816,0.97563016
1,1,0.7268134,0.58640265,0.45362675
1,1,0.9483566,0.20332593,0.89671326
0,0,0.98482066,0.0786318,0.9696413
0,0,0.5453925,0.6890205,0.09078506
0,0,0.9920373,0.046414554,0.9840746
0,0,0.99053776,0.0535156,0.9810755
1,1,0.7473696,0.5652065,0.49473917
1,0,0.8124136,0.48270428,0.62482715
1,1,0.99039173,0.054193627,0.98078346
0,0,0.99190176,0.047067445,0.9838035
1,1,0.69621986,0.6140332,0.39243972
1,1,0.66698474,0.6362935,0.33396947
0,0,0.7478789,0.5646534,0.49575782
1,1,0.9907102,0.052711993,0.9814204
0,0,0.9917031,0.04802003,0.9834062
1,1,0.9238657,0.269225,0.84773135
1,1,0.97135013,0.13001719,0.94270027
1,1,0.6962208,0.6140325,0.39244163
0,0,0.9893011,0.05918894,0.9786022
1,1,0.838563,0.44204503,0.67712605
1,1,0.69621986,0.6140332,0.39243972
0,0,0.9978215,0.015528454,0.995643
0,0,0.9347543,0.24116367,0.8695086
1,0,0.7894528,0.5146808,0.5789056
1,1,0.9907102,0.052711993,0.9814204
1,0,0.6730882,0.63197005,0.3461764
1,1,0.98783827,0.06571416,0.97567654
0,1,0.59582543,0.6746681,0.19165087
1,1,0.9357299,0.23855862,0.87145984
0,0,0.9347548,0.2411624,0.8695096
1,0,0.7761718,0.5317107,0.5523436
0,0,0.86172396,0.4018216,0.7234479
1,1,0.6962209,0.6140324,0.39244175
1,0,0.9704589,0.1331432,0.94091785
1,1,0.68609565,0.62218904,0.3721913
1,1,0.832891,0.45127243,0.665782
1,1,0.9463461,0.2091365,0.8926922
1,1,0.9236378,0.2697934,0.8472756
1,1,0.9884366,0.06306811,0.97687316
1,1,0.98862946,0.062208477,0.9772589
1,0,0.64542073,0.6502354,0.29084146
1,0,0.93475574,0.24115983,0.8695115
1,0,0.93718123,0.23465404,0.87436247
0,0,0.9858497,0.074302,0.97169936
1,0,0.7488487,0.5635964,0.49769738
1,1,0.99006236,0.055714805,0.9801247
1,0,0.85968375,0.40553713,0.7193675
0,0,0.93475544,0.24116063,0.8695109
0,0,0.9747952,0.11765613,0.94959044
0,0,0.56774676,0.68393964,0.13549349
0,0,0.992084,0.04618889,0.98416805
1,0,0.864831,0.396096,0.72966194
1,1,0.69621986,0.6140332,0.39243972
1,1,0.98783827,0.06571416,0.97567654
0,0,0.9731493,0.12361843,0.9462986
1,1,0.96062416,0.16595544,0.9212483
1,1,0.98918927,0.059694607,0.97837853
1,1,0.76911455,0.540344,0.5382291
0,0,0.7579217,0.5534637,0.5158434
0,0,0.8888962,0.3488168,0.77779245
0,0,0.99190176,0.047067445,0.9838035
1,0,0.5515002,0.6878332,0.10300037
0,0,0.8422551,0.43591142,0.68451023
1,1,0.9880409,0.06482132,0.97608185
1,0,0.93716276,0.23470394,0.8743255
1,1,0.9907102,0.052711993,0.9814204
1,1,0.59608656,0.67456657,0.19217312
1,1,0.9905523,0.053447925,0.9811046
0,0,0.8192943,0.47246194,0.63858855
1,0,0.76727474,0.5425484,0.5345495
0,0,0.9930604,0.041408803,0.9861208
0,1,0.5188375,0.6924373,0.037675023
0,0,0.9857169,0.07486491,0.97143376
0,0,0.9788869,0.10234006,0.9577738
1,0,0.8437021,0.43347967,0.68740416
1,1,0.9236378,0.2697934,0.8472756
1,0,0.8122351,0.48296574,0.62447023
1,1,0.8288792,0.45765898,0.65775836
0,0,0.988694,0.061920054,0.977388
0,0,0.9937425,0.037988175,0.98748505
1,1,0.98954725,0.05807176,0.9790945
1,0,0.64177716,0.6523888,0.2835543
1,1,0.9905523,0.053447925,0.9811046
0,0,0.983505,0.08406522,0.96701
1,0,0.6334611,0.65708786,0.2669222
1,1,0.9238657,0.269225,0.84773135
1,1,0.98763204,0.06661925,0.9752641
0,0,0.9869908,0.06941149,0.9739816
0,0,0.93475497,0.24116185,0.86950994
0,1,0.9064976,0.31056708,0.8129952
1,0,0.849102,0.42426357,0.69820404
1,1,0.7902905,0.51357156,0.58058095
1,0,0.6753502,0.63032484,0.35070038
1,0,0.8389974,0.44132864,0.67799485
0,0,0.93475366,0.24116544,0.8695073
1,1,0.89378154,0.3385353,0.7875631
1,1,0.9907102,0.052711993,0.9814204
1,1,0.98936975,0.058877952,0.9787395
0,0,0.7099053,0.60223645,0.41981065
1,1,0.9403192,0.22608837,0.88063836
1,1,0.92265993,0.27222434,0.84531987
1,1,0.8288792,0.45765898,0.65775836
1,1,0.5422218,0.6895776,0.08444357
0,0,0.58788013,0.67762077,0.1757603
1,1,0.9332001,0.24528143,0.86640024
0,1,0.59171927,0.6762267,0.18343854
1,0,0.9371575,0.23471811,0.874315
0,0,0.97683686,0.1101064,0.9536737
1,1,0.98783827,0.06571416,0.97567654
0,0,0.9929948,0.041734114,0.9859896
0,0,0.86172396,0.4018216,0.7234479
1,1,0.8547512,0.4143783,0.70950246
0,0,0.9092704,0.30422258,0.8185408
1,1,0.94188005,0.22176287,0.8837601
0,0,0.9347551,0.2411616,0.8695102
0,0,0.9855828,0.07543202,0.97116566
1,1,0.9898935,0.05649036,0.979787
0,0,0.9917639,0.047729075,0.9835278
1,1,0.8288792,0.45765898,0.65775836
1,1,0.98954725,0.05807176,0.9790945
1,1,0.9907102,0.052711993,0.9814204
1,0,0.81749135,0.47517622,0.6349827
0,0,0.9864947,0.07154942,0.97298944
1,1,0.6660006,0.6369749,0.3320012
0,0,0.9477787,0.20500451,0.8955574
1,0,0.8011582,0.4987926,0.6023164
0,0,0.86172396,0.4018216,0.7234479
0,0,0.9347553,0.2411609,0.86951065
1,1,0.9905523,0.053447925,0.9811046
1,1,0.93910635,0.22941938,0.8782127
1,0,0.62513995,0.6614917,0.25027987
0,0,0.9347535,0.24116589,0.86950696
1,1,0.68797266,0.62071323,0.37594533
1,0,0.9287761,0.25679338,0.8575522
0,0,0.90855956,0.3058579,0.8171191
1,1,0.94454443,0.21427576,0.88908887
0,0,0.93475527,0.24116114,0.86951053
1,0,0.8903437,0.34579605,0.78068745
1,1,0.99039173,0.054193627,0.98078346
0,0,0.9911888,0.050464354,0.98237765
1,1,0.8288792,0.45765898,0.65775836
1,1,0.93112177,0.25072756,0.86224353
1,0,0.8368838,0.44480136,0.67376757
1,1,0.9902284,0.054949284,0.9804568
0,0,0.9925173,0.04408376,0.9850346
0,1,0.8616591,0.40194026,0.7233182
0,0,0.9347554,0.24116081,0.86951077
0,0,0.9881524,0.06432876,0.97630477
0,0,0.9347555,0.24116044,0.869511
0,0,0.7824042,0.5238482,0.56480837
1,0,0.50386643,0.69311726,0.007732898
1,0,0.8846714,0.35751307,0.7693428
1,1,0.9236378,0.2697934,0.8472756
1,1,0.98954725,0.05807176,0.9790945
0,0,0.9745955,0.118385434,0.949191
1,1,0.71724313,0.59553826,0.43448627
0,0,0.9887995,0.061447848,0.977599
0,1,0.6232033,0.66247416,0.24640656
1,1,0.92485136,0.26675773,0.8497027
1,0,0.9198668,0.27909458,0.8397336
1,1,0.98763204,0.06661925,0.9752641
0,0,0.87115675,0.38418183,0.7423135
1,1,0.98954725,0.05807176,0.9790945
0,0,0.9904492,0.05392713,0.9808984
0,0,0.9873506,0.067848824,0.97470117
0,0,0.985775,0.07461878,0.97155
1,0,0.64542073,0.6502354,0.29084146
0,0,0.9889174,0.060919065,0.9778348
1,1,0.8288792,0.45765898,0.65775836
0,0,0.96652734,0.14661366,0.9330547
1,1,0.5887508,0.67731,0.17750156
1,0,0.9347216,0.24125078,0.8694432
1,1,0.9905523,0.053447925,0.9811046
1,1,0.9384842,0.23111811,0.8769684
0,0,0.96860695,0.13955168,0.9372139
1,1,0.9905523,0.053447925,0.9811046
0,0,0.9347553,0.24116096,0.86951065
1,1,0.504032,0.69311464,0.008064032
1,1,0.9236378,0.2697934,0.8472756
1,1,0.8288792,0.45765898,0.65775836
1,1,0.92622536,0.2632951,0.8524507
0,0,0.99344105,0.039508652,0.9868821
1,1,0.9890057,0.06052216,0.97801137
1,1,0.6962208,0.6140325,0.39244163
0,0,0.9916237,0.048399456,0.9832474
0,0,0.86172396,0.4018216,0.7234479
0,0,0.9302674,0.25294676,0.8605348
0,0,0.9887995,0.06144775,0.977599
1,0,0.66804135,0.63555706,0.33608267
1,0,0.79891235,0.5019065,0.5978247
1,0,0.59683585,0.6742737,0.19367167
1,1,0.9907102,0.052711993,0.9814204
0,0,0.9696199,0.13606092,0.93923986
1,1,0.99039173,0.054193627,0.98078346
1,0,0.8248687,0.46393,0.64973736
0,0,0.9920373,0.046414554,0.9840746
0,0,0.9874679,0.067337066,0.97493577
0,0,0.99350256,0.039199557,0.9870051
1,0,0.93475574,0.24115983,0.8695115
1,0,0.8122089,0.48300415,0.6244178
1,0,0.91455185,0.291878,0.8291037
0,0,0.9936235,0.038590122,0.987247
1,1,0.93500525,0.24049512,0.8700105
1,1,0.925054,0.26624876,0.850108
1,1,0.5162245,0.69262064,0.032449007
0,0,0.8353285,0.4473357,0.67065704
1,1,0.8288792,0.45765898,0.65775836
1,1,0.98763204,0.06661925,0.9752641
1,0,0.606513,0.67028236,0.21302608
1,0,0.8046595,0.49387476,0.609319
0,0,0.9884803,0.062873505,0.97696066
0,1,0.50121015,0.69314426,0.0024203062
1,0,0.58733934,0.67781234,0.17467868
0,0,0.93475485,0.24116217,0.8695097
1,0,0.89895,0.327384,0.79789996
0,0,0.93475544,0.24116066,0.8695109
1,0,0.81484765,0.47911698,0.6296953
0,0,0.9807579,0.09507462,0.9615158
0,0,0.673073,0.631981,0.346146
1,1,0.99006236,0.055714805,0.9801247
1,0,0.9270655,0.26116428,0.854131
1,1,0.9888192,0.061359704,0.97763836
1,1,0.9898935,0.05649036,0.979787
1,1,0.94220084,0.2208684,0.8844017
0,0,0.88011265,0.3667005,0.7602253
0,1,0.9236378,0.2697934,0.8472756
0,0,0.9819699,0.09027026,0.9639398
0,0,0.9922316,0.045474533,0.9844632
0,0,0.9347555,0.24116044,0.869511
0,0,0.9479229,0.20458633,0.8958458
1,1,0.92129433,0.2755967,0.84258866
0,0,0.86556506,0.3947312,0.7311301
1,0,0.93367547,0.24402615,0.86735094
1,0,0.68906343,0.619848,0.37812683
0,0,0.86172396,0.4018216,0.7234479
1,0,0.85968375,0.40553713,0.7193675
1,0,0.64542073,0.6502354,0.29084146
1,0,0.937191,0.23462763,0.874382
1,0,0.93475574,0.24115983,0.8695115
1,1,0.9296389,0.25457194,0.85927784
0,0,0.9713626,0.12997335,0.9427252
0,1,0.8943022,0.33742493,0.7886044
0,1,0.6080564,0.66960955,0.21611285
1,0,0.8967983,0.3320614,0.7935966
1,1,0.6099858,0.66875446,0.21997166
0,0,0.98558295,0.075431444,0.9711659
1,1,0.9907102,0.052711993,0.9814204
0,0,0.87887734,0.36915585,0.7577547
1,1,0.98862946,0.062208477,0.9772589
0,0,0.9347553,0.2411609,0.86951065
0,0,0.7401836,0.5728648,0.48036718
1,1,0.98918927,0.059694607,0.97837853
0,0,0.8596837,0.40553725,0.7193674
1,0,0.9704589,0.1331432,0.94091785
0,0,0.93475395,0.24116461,0.8695079
0,0,0.9347554,0.24116081,0.86951077
1,1,0.9884366,0.06306811,0.97687316
0,0,0.99250185,0.04415921,0.9850037
1,0,0.7907045,0.51302177,0.581409
1,1,0.92265993,0.27222434,0.84531987
1,0,0.5013662,0.6931434,0.0027323961
1,0,0.67871547,0.62783384,0.35743096
1,1,0.5772938,0.68115044,0.15458763
1,1,0.886902,0.3529439,0.77380395
0,0,0.8765718,0.3737003,0.75314355
0,0,0.93475515,0.24116147,0.8695103
1,0,0.87997526,0.36697426,0.7599505
1,1,0.6107538,0.6684097,0.22150755
0,0,0.992405,0.044631634,0.98481
1,1,0.7076582,0.6042352,0.41531634
0,0,0.9937426,0.037987947,0.9874852
1,1,0.9907102,0.052711993,0.9814204
1,0,0.9133312,0.29476213,0.8266624
0,0,0.99148273,0.049071275,0.98296547
1,0,0.93368113,0.24401122,0.86736226
1,0,0.93367547,0.24402615,0.86735094
1,1,0.7176486,0.5951604,0.43529725
1,0,0.9347216,0.24125078,0.8694432
1,1,0.87352026,0.37963963,0.7470405
0,0,0.9917812,0.047646254,0.98356235
1,0,0.64542073,0.6502354,0.29084146
0,0,0.9876262,0.06664489,0.9752524
0,0,0.8922088,0.34187225,0.7844176
1,1,0.9890057,0.06052216,0.97801137
0,0,0.9347554,0.24116084,0.86951077
1,1,0.8918054,0.34272397,0.7836108
1,1,0.8288792,0.45765898,0.65775836
0,0,0.85389197,0.41589826,0.70778394
1,0,0.84469473,0.43180227,0.68938947
0,0,0.86172396,0.4018216,0.7234479
0,0,0.9347555,0.24116047,0.869511
1,1,0.9276783,0.2596035,0.8553566
0,0,0.99306023,0.041409634,0.98612046
1,0,0.7901368,0.51377535,0.5802736
1,0,0.8702743,0.3858649,0.7405486
1,0,0.93095434,0.2511634,0.8619087
0,0,0.99368334,0.038287718,0.9873667
1,0,0.8869809,0.3527813,0.7739618
1,1,0.99039173,0.054193627,0.98078346
1,1,0.82178605,0.46867436,0.6435721
0,0,0.99093986,0.051636666,0.9818797
0,0,0.6207442,0.6636987,0.24148846
1,1,0.9544218,0.18528363,0.90884364
1,1,0.8288792,0.45765898,0.65775836
1,1,0.9207577,0.27691486,0.8415154
0,0,0.93474466,0.24118933,0.8694893
1,1,0.7659222,0.54415685,0.5318444
0,0,0.9347555,0.24116047,0.869511
0,0,0.9347553,0.24116099,0.86951065
0,0,0.9895381,0.05811349,0.97907615
0,0,0.98846567,0.06293872,0.97693133
0,0,0.9874683,0.06733529,0.9749366
1,1,0.94094145,0.2243692,0.8818829
1,0,0.9347216,0.24125078,0.8694432
0,0,0.9692962,0.13718016,0.93859243
1,1,0.7464246,0.5662291,0.49284923
1,1,0.98954725,0.05807176,0.9790945
1,1,0.77495074,0.53322476,0.5499015
0,0,0.9832634,0.08505123,0.96652675
0,0,0.9347521,0.24116948,0.8695042
1,1,0.789587,0.51450336,0.57917404
0,0,0.86172396,0.4018216,0.7234479
0,0,0.86172396,0.4018216,0.7234479
1,0,0.7158655,0.59681594,0.43173102
0,0,0.99237627,0.044771656,0.98475254
1,1,0.9905523,0.053447925,0.9811046
1,0,0.7848241,0.5207341,0.56964815
1,1,0.93500525,0.24049512,0.8700105
1,1,0.8292458,0.45708007,0.6584916
1,1,0.9236378,0.2697934,0.8472756
1,0,0.8096259,0.48676494,0.61925185
0,0,0.9929286,0.042061567,0.98585725
1,1,0.98954725,0.05807176,0.9790945
1,1,0.7792342,0.52787554,0.55846834
1,1,0.6962209,0.6140324,0.39244175
1,1,0.9907102,0.052711993,0.9814204
1,0,0.93489397,0.24079171,0.86978793
0,1,0.9224289,0.2727967,0.8448578
1,0,0.64542073,0.6502354,0.29084146
0,0,0.9347531,0.24116686,0.86950624
1,1,0.9423906,0.22033834,0.88478124
0,0,0.9391186,0.22938573,0.87823725
0,0,0.98503375,0.07774133,0.9700675
1,1,0.9907102,0.052711993,0.9814204
1,1,0.94188005,0.22176287,0.8837601
0,0,0.9347554,0.24116075,0.86951077
1,0,0.9348755,0.24084097,0.869751
0,0,0.9931897,0.04076597,0.9863794
0,0,0.99318975,0.040765658,0.9863795
1,1,0.9905523,0.053447925,0.9811046
1,1,0.6962209,0.6140324,0.39244175
1,1,0.98742247,0.067535415,0.97484493
1,0,0.8903437,0.34579605,0.78068745
0,0,0.9913036,0.049921382,0.98260725
1,1,0.9220396,0.27375942,0.84407926
0,0,0.97028935,0.13373499,0.9405787
0,0,0.98737454,0.067744374,0.9747491
1,1,0.8139067,0.4805083,0.62781346
0,0,0.99374264,0.03798744,0.9874853
0,0,0.98711187,0.06888684,0.97422373
0,1,0.5297657,0.6913741,0.05953145
1,0,0.9288206,0.25667906,0.8576412
0,0,0.976622,0.110909395,0.953244
1,1,0.9902284,0.054949284,0.9804568
0,0,0.98584914,0.074304394,0.9716983
1,0,0.8355428,0.44698757,0.6710856
1,1,0.9872093,0.06846359,0.97441864
1,0,0.5427076,0.68949485,0.085415244
1,0,0.8596837,0.40553725,0.7193674
1,0,0.88804466,0.35058406,0.7760893
0,0,0.9347439,0.24119139,0.86948776
1,1,0.7512459,0.5609622,0.50249183
0,0,0.9347555,0.24116051,0.869511
1,1,0.8288792,0.45765898,0.65775836
1,0,0.60472786,0.67104805,0.2094557
1,0,0.86020774,0.4045862,0.7204155
1,0,0.8576182,0.4092637,0.7152364
1,1,0.9353614,0.23954451,0.8707228
1,1,0.98763204,0.06661925,0.9752641
0,0,0.99244756,0.044424273,0.9848951
1,0,0.78851664,0.5159154,0.5770333
0,0,0.9920373,0.04641454,0.9840746
0,0,0.984668,0.07926808,0.96933603
1,1,0.9907102,0.052711993,0.9814204
1,1,0.8288792,0.45765898,0.65775836
0,0,0.9923042,0.045122236,0.9846084
1,1,0.9884366,0.06306811,0.97687316
1,1,0.98742247,0.067535415,0.97484493
1,1,0.98742247,0.067535415,0.97484493
1,1,0.8288792,0.45765898,0.65775836
1,1,0.98763204,0.06661925,0.9752641
0,0,0.9920119,0.046537023,0.9840238
1,1,0.6468199,0.649393,0.29363978
0,0,0.9927944,0.042724192,0.9855888
0,0,0.98649526,0.07154716,0.9729905
0,0,0.70928895,0.60278714,0.41857788
0,0,0.93475145,0.24117127,0.8695029
1,1,0.99006236,0.055714805,0.9801247
0,0,0.9934412,0.03950798,0.98688245
1,1,0.91808057,0.28343245,0.83616114
0,0,0.99258804,0.043737583,0.9851761
0,0,0.9916252,0.048392437,0.9832504
1,0,0.8599206,0.40510753,0.71984124
0,0,0.7542342,0.5576354,0.5084684
1,1,0.6444508,0.6508143,0.28890157
0,0,0.974177,0.11990815,0.948354
1,1,0.8779516,0.37098646,0.75590324
0,0,0.9347465,0.24118438,0.869493
1,1,0.99006236,0.055714805,0.9801247
0,0,0.98111224,0.0936784,0.9622245
1,0,0.91538835,0.2898906,0.8307767
1,0,0.8321283,0.4524954,0.6642566
1,1,0.9880409,0.06482132,0.97608185
1,1,0.8500415,0.4226371,0.700083
0,0,0.92937016,0.25526512,0.8587403
1,1,0.8990455,0.3271751,0.79809105
0,0,0.93475544,0.24116059,0.8695109
1,0,0.93717754,0.234664,0.8743551
0,0,0.93475217,0.2411694,0.86950433
1,0,0.9371543,0.23472683,0.8743086
1,0,0.7060685,0.60563445,0.41213703
1,0,0.85968363,0.40553743,0.71936727
0,0,0.9718847,0.12812835,0.94376945
0,0,0.948722,0.20226118,0.897444
0,0,0.98735017,0.0678507,0.97470033
1,1,0.98918927,0.059694607,0.97837853
0,0,0.9920373,0.04641454,0.9840746
0,0,0.95792586,0.17448083,0.9158517
1,1,0.9898935,0.05649036,0.979787
1,1,0.9902284,0.054949284,0.9804568
1,1,0.7721218,0.53669983,0.5442436
1,1,0.9475168,0.20576295,0.8950336
1,1,0.699808,0.6110269,0.399616
1,0,0.77869606,0.52855337,0.5573921
0,0,0.8576182,0.4092637,0.7152364
0,0,0.99161047,0.048462566,0.98322093
0,0,0.99223155,0.045474786,0.9844631
1,1,0.8288792,0.45765898,0.65775836
1,1,0.9884366,0.06306811,0.97687316
1,0,0.9372062,0.23458652,0.8744124
0,0,0.977471,0.10772472,0.954942
1,1,0.6387834,0.65411496,0.2775668
1,0,0.8524499,0.41843587,0.7048998
0,0,0.98865557,0.062091872,0.97731113
0,0,0.9347544,0.24116354,0.86950874
1,1,0.9379215,0.23264864,0.87584305
1,1,0.9329059,0.24605656,0.8658118
0,0,0.79147184,0.5120001,0.5829437
1,0,0.8344859,0.4487015,0.6689718
1,1,0.9888192,0.061359704,0.97763836
1,0,0.5309764,0.6912269,0.06195286
1,1,0.98783827,0.06571416,0.97567654
0,0,0.9347555,0.24116051,0.869511
0,0,0.98991674,0.056383785,0.9798335
0,0,0.90714735,0.30908862,0.8142947
0,0,0.98931205,0.05913945,0.9786241
0,0,0.9347555,0.2411605,0.869511
1,1,0.98936975,0.058877952,0.9787395
1,1,0.98972183,0.057275865,0.97944367
0,0,0.9347539,0.24116474,0.8695078
1,1,0.81426394,0.47998077,0.6285279
1,1,0.964218,0.15429914,0.92843604
1,1,0.98936975,0.058877952,0.9787395
0,0,0.98446584,0.08010815,0.9689317
1,1,0.92851764,0.25745657,0.8570353
0,1,0.9260423,0.26375794,0.85208464
1,0,0.7393663,0.5737187,0.47873256
0,0,0.86172384,0.4018218,0.7234477
1,1,0.9880409,0.06482132,0.97608185
0,0,0.99244756,0.044424217,0.9848951
1,1,0.9872093,0.06846359,0.97441864
1,0,0.93487144,0.24085179,0.8697429
0,0,0.99088687,0.051885426,0.98177373
0,0,0.9915463,0.048768688,0.98309255
0,0,0.9911888,0.050464325,0.98237765
1,1,0.939357,0.22873315,0.87871397
0,0,0.86172384,0.4018218,0.7234477
1,1,0.8333164,0.4505885,0.6666328
0,0,0.9539771,0.18663402,0.9079542
1,1,0.91110647,0.29997036,0.82221293
0,0,0.9920373,0.046414554,0.9840746
1,1,0.91937405,0.2802955,0.8387481
0,0,0.9347552,0.24116123,0.8695104
1,0,0.93486047,0.24088097,0.86972094
0,0,0.9347529,0.24116746,0.86950576
0,0,0.9924498,0.044413097,0.98489964
0,0,0.9920373,0.04641454,0.9840746
0,0,0.895954,0.33388305,0.791908
0,0,0.97565013,0.114516325,0.95130026
1,1,0.98954725,0.05807176,0.9790945
1,1,0.9905523,0.053447925,0.9811046
1,1,0.9268888,0.26161325,0.85377765
1,0,0.8835238,0.35984474,0.76704764
1,1,0.92265993,0.27222434,0.84531987
0,0,0.9733965,0.122729704,0.94679296
1,0,0.93485516,0.24089509,0.8697103
1,0,0.85968375,0.40553713,0.7193675
1,1,0.6789286,0.6276744,0.35785723
1,1,0.8167467,0.4762909,0.6334934
0,0,0.9832634,0.08505126,0.96652675
0,0,0.9347548,0.24116234,0.8695096
1,1,0.58884543,0.677276,0.17769086
0,0,0.9917639,0.04772906,0.9835278
1,1,0.9028814,0.3187054,0.80576277
0,0,0.9347553,0.24116099,0.86951065
1,1,0.53742105,0.69034386,0.074842095
1,1,0.6962208,0.6140325,0.39244163
1,1,0.9440267,0.21574102,0.8880534
0,0,0.9347555,0.24116051,0.869511
1,1,0.8089746,0.48770636,0.61794925
1,0,0.64542073,0.6502354,0.29084146
0,0,0.9347523,0.241169,0.8695046
1,0,0.83671016,0.44508514,0.6734203
1,1,0.9195577,0.27984834,0.8391154
0,0,0.93475544,0.24116063,0.8695109
0,0,0.86172396,0.4018216,0.7234479
0,0,0.9934382,0.039523125,0.98687637
0,0,0.9745958,0.118384406,0.9491916
1,0,0.80849177,0.48840255,0.61698353
0,0,0.93475556,0.2411603,0.8695111
1,1,0.5632541,0.6851235,0.12650824
1,1,0.9431207,0.21829298,0.88624144
1,1,0.98862946,0.062208477,0.9772589
1,0,0.7235874,0.58953315,0.44717476
0,0,0.86172384,0.4018218,0.7234477
1,1,0.98783827,0.06571416,0.97567654
0,0,0.98890394,0.060979564,0.9778079
1,0,0.7917792,0.51158977,0.58355844
1,0,0.8773178,0.3722353,0.7546356
1,1,0.97907263,0.10162665,0.95814526
0,0,0.9936238,0.03858881,0.9872476
1,0,0.5511525,0.6879049,0.102305055
1,1,0.9457982,0.21070603,0.89159644
1,0,0.81062776,0.48531142,0.6212555
0,1,0.89589995,0.33399943,0.7917999
1,1,0.9283827,0.25780246,0.8567654
0,0,0.9160492,0.28831413,0.83209836
1,1,0.8288792,0.45765898,0.65775836
0,0,0.93264824,0.24673428,0.8652965
1,1,0.8288792,0.45765898,0.65775836
0,0,0.86172396,0.4018216,0.7234479
0,0,0.8576182,0.4092637,0.7152364
0,0,0.9347552,0.24116129,0.8695104
0,0,0.9270412,0.26122612,0.85408235
1,0,0.861724,0.40182152,0.72344804
0,0,0.987815,0.06581628,0.97563004
1,1,0.7433785,0.56949335,0.48675704
0,0,0.98980117,0.056913145,0.97960234
0,0,0.98597014,0.073790304,0.9719403
0,0,0.98111224,0.09367837,0.9622245
1,1,0.6593433,0.6414701,0.3186866
1,0,0.92357695,0.2699451,0.8471539
0,0,0.9668312,0.14559032,0.9336624
0,0,0.88928914,0.34799898,0.7785783
0,0,0.9920373,0.04641454,0.9840746
0,0,0.98310673,0.08568851,0.96621346
0,0,0.9923043,0.045121673,0.98460865
1,1,0.93500525,0.24049512,0.8700105
0,0,0.9920373,0.04641454,0.9840746
0,0,0.99318963,0.04076611,0.98637927
1,1,0.9236378,0.2697934,0.8472756
1,1,0.9884366,0.06306811,0.97687316
1,0,0.93367547,0.24402615,0.86735094
1,1,0.9013789,0.32204255,0.80275786
0,1,0.7552112,0.55653733,0.51042235
1,0,0.89522547,0.33544877,0.79045093
1,0,0.9347216,0.24125078,0.8694432
1,1,0.5124456,0.69283736,0.024891257
0,0,0.9884804,0.06287307,0.9769608
1,1,0.8339022,0.4496445,0.66780436
1,0,0.51094997,0.69290733,0.021899968
0,0,0.9674322,0.14355786,0.9348644
0,0,0.93475384,0.24116495,0.8695077
1,0,0.5516559,0.687801,0.10331178
1,1,0.6962209,0.6140324,0.39244175
0,0,0.98111224,0.09367833,0.9622245
0,0,0.98446584,0.080108136,0.9689317
1,0,0.78311217,0.5229407,0.56622434
1,1,0.94094145,0.2243692,0.8818829
0,0,0.98308,0.08579706,0.96616006
0,1,0.6593463,0.64146817,0.31869256
0,0,0.6493056,0.6478754,0.2986112
1,1,0.9433866,0.2175456,0.8867732
0,0,0.99114,0.0506949,0.98228
0,0,0.9920373,0.046414554,0.9840746
1,1,0.9882405,0.06393874,0.97648096
1,1,0.6962208,0.6140325,0.39244163
1,0,0.5761974,0.68148977,0.15239477
1,1,0.8288792,0.45765898,0.65775836
1,0,0.7115307,0.6007754,0.4230614
1,1,0.98972183,0.057275865,0.97944367
0,0,0.93475527,0.24116114,0.86951053
0,0,0.9882627,0.06384013,0.9765254
0,0,0.9920373,0.046414554,0.9840746
0,0,0.99190176,0.04706746,0.9838035
0,0,0.98792833,0.06531787,0.97585666
1,0,0.8620193,0.40128088,0.7240386
1,1,0.9905523,0.053447925,0.9811046
0,0,0.9347539,0.2411648,0.8695078
0,0,0.9105045,0.301369,0.82100904
1,0,0.84141743,0.43731195,0.68283486
1,1,0.8288792,0.45765898,0.65775836
1,0,0.56722367,0.6840817,0.1344473
0,0,0.99374235,0.03798893,0.9874847
0,0,0.7101567,0.6020113,0.42031333
0,0,0.9347551,0.24116157,0.8695102
1,1,0.92994636,0.25377765,0.8598927
1,1,0.6962208,0.6140325,0.39244163
0,0,0.9347546,0.24116291,0.8695092
1,0,0.7927911,0.5102351,0.58558226
1,1,0.99039173,0.054193627,0.98078346
0,0,0.9923043,0.045121618,0.98460865
1,1,0.94039065,0.22589129,0.8807813
1,1,0.99039173,0.054193627,0.98078346
0,0,0.9581576,0.17375585,0.9163152
1,1,0.8872515,0.35222343,0.774503
1,1,0.88155186,0.36382157,0.7631037
1,0,0.7493601,0.56303704,0.49872014
0,1,0.6039963,0.671358,0.20799255
0,0,0.9688938,0.13856651,0.93778765
1,1,0.9884366,0.06306811,0.97687316
1,0,0.8835192,0.35985416,0.76703835
0,0,0.8596837,0.40553725,0.7193674
1,0,0.9621931,0.16091076,0.92438614
1,0,0.85968375,0.40553713,0.7193675
0,0,0.86590874,0.39409062,0.7318175
0,0,0.86172384,0.4018218,0.7234477
1,1,0.59669983,0.67432714,0.19339967
0,0,0.98598015,0.07374767,0.9719603
0,0,0.86172396,0.4018216,0.7234479
1,1,0.98954725,0.05807176,0.9790945
0,0,0.93474627,0.24118504,0.86949253
1,1,0.9905523,0.053447925,0.9811046
1,1,0.9907102,0.052711993,0.9814204
1,1,0.98918927,0.059694607,0.97837853
0,0,0.80733544,0.4900636,0.6146709
1,0,0.88574576,0.35531846,0.7714915
0,0,0.9402988,0.22614455,0.8805976
0,0,0.9347554,0.24116075,0.86951077
1,1,0.8288792,0.45765898,0.65775836
0,0,0.98460805,0.07951743,0.9692161
0,0,0.86172396,0.4018216,0.7234479
0,0,0.99294174,0.0419968,0.9858835
1,1,0.92737985,0.26036435,0.8547597
0,0,0.99190176,0.047067445,0.9838035
0,0,0.93968666,0.22782886,0.8793733
0,0,0.9347547,0.24116251,0.86950946
1,1,0.83624583,0.44584304,0.67249167
1,1,0.6962208,0.6140325,0.39244163
1,0,0.9287821,0.2567779,0.8575642
1,0,0.86282927,0.3997941,0.72565854
1,1,0.6483405,0.6484679,0.29668105
1,1,0.99006236,0.055714805,0.9801247
1,1,0.80898166,0.4876962,0.6179633
0,0,0.99190176,0.047067445,0.9838035
1,1,0.9739691,0.1206621,0.9479382
0,0,0.9705181,0.13293648,0.9410362
1,0,0.84141743,0.43731195,0.68283486
0,0,0.9768382,0.110101566,0.95367634
1,1,0.93991524,0.22720069,0.8798305
1,0,0.93486047,0.24088097,0.86972094
0,0,0.99362344,0.03859046,0.9872469
0,0,0.9347549,0.24116203,0.8695098
1,0,0.65966463,0.64125764,0.31932926
1,0,0.93475574,0.24115983,0.8695115
0,0,0.99356335,0.03889351,0.9871267
0,0,0.9623059,0.16054526,0.9246118
1,1,0.98742247,0.067535415,0.97484493
0,0,0.9347523,0.241169,0.8695046
1,1,0.93183285,0.24887192,0.8636657
0,0,0.9911888,0.050464336,0.98237765
0,0,0.9214138,0.2753028,0.84282756
1,1,0.59169686,0.67623496,0.18339372
0,1,0.622861,0.6626461,0.24572206
1,0,0.89521265,0.3354763,0.7904253
0,0,0.9347547,0.24116254,0.86950946
0,0,0.934754,0.24116448,0.869508
1,1,0.8288792,0.45765898,0.65775836
1,0,0.8430273,0.43461564,0.6860546
0,0,0.9897052,0.05735177,0.9794104
1,1,0.98954725,0.05807176,0.9790945
1,1,0.9880409,0.06482132,0.97608185
1,0,0.9347216,0.24125078,0.8694432
1,1,0.6962208,0.6140325,0.39244163
0,0,0.9347552,0.24116126,0.8695104
0,0,0.9882628,0.06384002,0.97652555
1,1,0.9902284,0.054949284,0.9804568
0,0,0.9920373,0.04641454,0.9840746
0,1,0.8974765,0.33059257,0.794953
1,1,0.94188005,0.22176287,0.8837601
0,0,0.93475544,0.24116059,0.8695109
1,1,0.8288792,0.45765898,0.65775836
1,1,0.72291905,0.5901752,0.4458381
0,0,0.9914812,0.049078684,0.98296237
1,1,0.9327788,0.24639106,0.86555755
1,0,0.621186,0.6634805,0.24237207
1,1,0.9907102,0.052711993,0.9814204
0,0,0.9642772,0.15410419,0.9285544
0,0,0.97412235,0.12010658,0.9482447
1,1,0.6962209,0.6140324,0.39244175
0,0,0.98927444,0.05930967,0.9785489
1,0,0.6153399,0.66629946,0.23067975
1,1,0.69621986,0.6140332,0.39243972
1,0,0.8589911,0.40679073,0.7179822
1,1,0.9392178,0.22911435,0.8784356
0,0,0.98636854,0.07209047,0.9727371
1,0,0.58789694,0.67761487,0.17579386
1,1,0.93327284,0.24508965,0.8665457
1,1,0.75792754,0.553457,0.5158551
1,1,0.73674613,0.57643294,0.47349226
1,1,0.93704313,0.2350271,0.87408626
1,1,0.6997147,0.6111058,0.39942944
1,1,0.9825324,0.08801272,0.96506476
1,0,0.69151497,0.61788315,0.3830299
0,0,0.9347553,0.24116099,0.86951065
0,0,0.86172396,0.4018216,0.7234479
1,0,0.9348721,0.24084997,0.8697442
1,0,0.829833,0.45615098,0.65966594
0,0,0.915052,0.29069078,0.830104
0,0,0.9198934,0.27902973,0.83978677
1,1,0.5584942,0.68628836,0.11698842
1,0,0.6135942,0.6671132,0.22718838
1,1,0.85885084,0.40704408,0.7177017
1,1,0.7982335,0.5028416,0.596467
1,1,0.69621986,0.6140332,0.39243972
0,0,0.9633963,0.15699606,0.9267926
1,0,0.8355538,0.44696966,0.67110765
0,0,0.98951036,0.05823963,0.9790207
0,0,0.9920373,0.04641454,0.9840746
1,1,0.934435,0.24201283,0.86887
1,1,0.92537993,0.2654289,0.85075986
0,0,0.9916128,0.04845153,0.9832256
0,0,0.93021697,0.2530774,0.86043394
1,0,0.6090574,0.6691679,0.21811482
0,0,0.9920373,0.046414554,0.9840746
0,0,0.99374235,0.037989177,0.9874847
1,1,0.92143685,0.275246,0.8428737
1,1,0.9668181,0.14563449,0.9336362
1,1,0.69621986,0.6140332,0.39243972
0,0,0.9347529,0.24116746,0.86950576
0,0,0.95397705,0.18663424,0.9079541
1,1,0.74619323,0.5664788,0.49238646
1,0,0.8171728,0.47565347,0.63434565
0,0,0.9902684,0.054764457,0.9805368
1,1,0.82702696,0.46056917,0.6540539
1,1,0.84026015,0.43923825,0.6805203
1,1,0.6962208,0.6140325,0.39244163
1,1,0.98918927,0.059694607,0.97837853
1,1,0.69621986,0.6140332,0.39243972
0,0,0.90642405,0.31073415,0.8128481
0,0,0.9926573,0.043398134,0.9853146
0,0,0.8097911,0.48652577,0.6195822
0,0,0.9885875,0.062395785,0.977175
1,1,0.9907102,0.052711993,0.9814204
1,1,0.8974903,0.33056256,0.79498065
0,0,0.9583407,0.17318213,0.9166814
1,1,0.92622536,0.2632951,0.8524507
0,0,0.9935634,0.03889329,0.9871268
1,1,0.98972183,0.057275865,0.97944367
1,0,0.93484676,0.2409175,0.8696935
1,1,0.7573806,0.5540805,0.5147612
1,1,0.9236378,0.2697934,0.8472756
0,0,0.9931252,0.04108689,0.9862504
0,0,0.9616139,0.16278073,0.9232278
0,0,0.9364671,0.23657976,0.8729342
0,0,0.98475283,0.078914724,0.96950567
1,0,0.6608474,0.6404718,0.32169488
1,0,0.59683585,0.6742737,0.19367167
1,1,0.98918927,0.059694607,0.97837853
0,1,0.91611737,0.28815117,0.83223474
0,0,0.96053874,0.16622816,0.9210775
1,1,0.65989006,0.6411084,0.3197801
0,0,0.93475556,0.24116036,0.8695111
0,0,0.9501485,0.19807765,0.90029705
0,0,0.9913362,0.04976695,0.98267245
1,1,0.93500525,0.24049512,0.8700105
1,1,0.6962209,0.6140324,0.39244175
1,1,0.6962208,0.6140325,0.39244163
0,0,0.6619972,0.63970184,0.32399443
1,1,0.86326236,0.39899686,0.7265247
1,1,0.8288792,0.45765898,0.65775836
0,0,0.98015076,0.09745184,0.9603015
0,0,0.93475413,0.24116418,0.86950827
1,1,0.6962209,0.6140324,0.39244175
0,0,0.98402524,0.08192994,0.9680505
0,0,0.93474835,0.24117956,0.8694967
1,0,0.61923915,0.6644354,0.2384783
0,0,0.99239194,0.044695284,0.9847839
1,0,0.90344846,0.31743914,0.8068969
1,0,0.93718183,0.23465239,0.87436366
1,1,0.8284674,0.45830798,0.65693486
0,0,0.93475544,0.24116065,0.8695109
0,0,0.679777,0.6270374,0.35955408
0,0,0.9925882,0.043736618,0.98517644
0,0,0.9347555,0.24116047,0.869511
0,0,0.9347544,0.24116354,0.86950874
1,1,0.9907102,0.052711993,0.9814204
0,0,0.99265736,0.04339776,0.9853147
1,1,0.8288792,0.45765898,0.65775836
1,0,0.9714192,0.12977363,0.94283843
0,1,0.5206362,0.69229525,0.0412724
1,0,0.92879504,0.25674474,0.8575901
1,1,0.9312806,0.25031373,0.8625612
1,1,0.6962209,0.6140324,0.39244175
1,1,0.75755143,0.553886,0.51510286
1,0,0.5803536,0.6801776,0.16070727
1,0,0.862069,0.40118974,0.724138
0,0,0.93475515,0.2411614,0.8695103
1,0,0.5324718,0.6910368,0.06494352
0,0,0.9564085,0.1791948,0.912817
1,1,0.937371,0.23414081,0.87474203
1,1,0.93803966,0.23232773,0.8760793
1,0,0.50505316,0.69309616,0.010106355
0,0,0.9759653,0.11335099,0.95193064
1,0,0.65850335,0.6420232,0.3170067
0,0,0.9347501,0.24117497,0.86950016
0,0,0.86172396,0.4018216,0.7234479
1,0,0.93752164,0.23373303,0.8750433
0,0,0.8942198,0.33760083,0.78843963
1,1,0.6712533,0.6332875,0.34250665
1,1,0.6962209,0.6140324,0.39244175
1,0,0.64542073,0.6502354,0.29084146
1,1,0.98936975,0.058877952,0.9787395
1,1,0.9295538,0.2547916,0.8591076
0,0,0.85968363,0.40553743,0.71936727
1,0,0.61520654,0.66636205,0.23041308
1,1,0.8704679,0.3854963,0.7409358
1,0,0.53057873,0.6912759,0.061157495
0,0,0.9531382,0.18916935,0.90627635
1,1,0.8288792,0.45765898,0.65775836
1,1,0.9431207,0.21829298,0.88624144
1,1,0.98763204,0.06661925,0.9752641
1,1,0.9905523,0.053447925,0.9811046
0,0,0.9397649,0.22761388,0.87952983
1,1,0.9872093,0.06846359,0.97441864
0,0,0.9347545,0.24116322,0.869509
1,1,0.98862946,0.062208477,0.9772589
1,1,0.7727106,0.5359802,0.54542124
0,0,0.9347555,0.2411605,0.869511
0,0,0.99251807,0.04408001,0.98503613
0,0,0.93475544,0.24116065,0.8695109
1,1,0.9483566,0.20332593,0.89671326
0,0,0.98711175,0.06888722,0.9742235
0,0,0.9761865,0.11253059,0.952373
1,1,0.6962209,0.6140324,0.39244175
0,0,0.98310703,0.085687235,0.96621406
0,0,0.99185795,0.047278002,0.9837159
1,1,0.7982408,0.5028316,0.59648156
0,0,0.97547346,0.11516766,0.9509469
1,1,0.96558106,0.14978221,0.9311621
0,0,0.9840221,0.08194308,0.96804416
1,1,0.9681083,0.14125764,0.9362166
1,1,0.8288792,0.45765898,0.65775836
1,1,0.78704745,0.5178424,0.5740949
1,0,0.7996452,0.5008939,0.5992904
0,0,0.99185777,0.047278665,0.98371553
1,1,0.58170146,0.67973685,0.16340292
1,1,0.925054,0.26624876,0.850108
1,1,0.9907102,0.052711993,0.9814204
0,0,0.86172396,0.4018216,0.7234479
1,1,0.9902284,0.054949284,0.9804568
1,0,0.93475574,0.24115983,0.8695115
1,1,0.98862946,0.062208477,0.9772589
1,1,0.9898935,0.05649036,0.979787
1,1,0.92674804,0.2619707,0.8534961
1,0,0.9371874,0.2346374,0.87437475
0,0,0.9896083,0.057793744,0.9792166
1,1,0.98972183,0.057275865,0.97944367
1,1,0.9907102,0.052711993,0.9814204
1,1,0.9905523,0.053447925,0.9811046
1,1,0.7268134,0.58640265,0.45362675
0,0,0.99331665,0.040132083,0.9866333
0,0,0.9688922,0.13857208,0.93778443
1,0,0.9146086,0.2917435,0.8292172
0,0,0.97493017,0.1171626,0.94986033
0,0,0.9931029,0.041197684,0.9862058
1,1,0.7408886,0.57212543,0.4817772
0,0,0.9900834,0.05561787,0.9801668
1,0,0.8744526,0.377834,0.7489052
1,1,0.9890057,0.06052216,0.97801137
1,1,0.64777493,0.6488132,0.29554987
1,1,0.98862946,0.062208477,0.9772589
1,1,0.9412671,0.2234668,0.88253415
1,1,0.9902284,0.054949284,0.9804568
0,0,0.962988,0.15832892,0.92597604
1,0,0.5191376,0.6924145,0.038275212
0,0,0.99170595,0.04800632,0.9834119
1,0,0.62412745,0.66200733,0.2482549
1,0,0.93485016,0.24090843,0.8697003
0,0,0.9347552,0.24116123,0.8695104
1,0,0.9347216,0.24125078,0.8694432
0,0,0.9882729,0.06379509,0.9765458
0,0,0.9935634,0.03889317,0.9871268
1,0,0.91959715,0.27975214,0.8391943
0,0,0.9911888,0.050464336,0.98237765
1,1,0.9890057,0.06052216,0.97801137
1,0,0.81140745,0.48417574,0.6228149
1,0,0.93367547,0.24402615,0.86735094
0,0,0.5826924,0.6794081,0.16538474
1,1,0.9907102,0.052711993,0.9814204
0,0,0.9928618,0.042391654,0.9857236
1,0,0.85968375,0.40553713,0.7193675
1,1,0.9902284,0.054949284,0.9804568
0,0,0.93922687,0.2290895,0.87845373
0,0,0.99190176,0.047067445,0.9838035
1,1,0.9907102,0.052711993,0.9814204
1,1,0.99039173,0.054193627,0.98078346
1,0,0.83275914,0.45148414,0.6655183
1,1,0.9890057,0.06052216,0.97801137
1,0,0.8911641,0.3440745,0.78232825
1,1,0.8288792,0.45765898,0.65775836
0,0,0.7853495,0.5200534,0.570699
1,1,0.9872093,0.06846359,0.97441864
1,1,0.93500525,0.24049512,0.8700105
1,1,0.8288792,0.45765898,0.65775836
1,0,0.93261385,0.24682468,0.8652277
1,1,0.9238657,0.269225,0.84773135
1,0,0.53451663,0.6907625,0.069033265
1,1,0.9429896,0.21866105,0.8859792
1,1,0.94491917,0.213212,0.88983834
1,1,0.9457982,0.21070603,0.89159644
1,1,0.699808,0.6110269,0.399616
1,1,0.82380307,0.46557745,0.64760613
0,0,0.96230704,0.16054162,0.9246141
1,1,0.99039173,0.054193627,0.98078346
1,0,0.7992461,0.50144583,0.59849215
1,0,0.5050901,0.6930953,0.010180265
1,1,0.8288792,0.45765898,0.65775836
1,0,0.6617877,0.63984257,0.32357538
0,0,0.86172396,0.4018216,0.7234479
0,0,0.99088675,0.051885866,0.9817735
1,0,0.52000195,0.6923468,0.040003896
1,1,0.9236378,0.2697934,0.8472756
0,0,0.91605,0.28831217,0.83210003
1,1,0.98972183,0.057275865,0.97944367
1,1,0.93002224,0.2535814,0.8600445
1,1,0.98763204,0.06661925,0.9752641
0,0,0.9912228,0.05030397,0.9824456
1,0,0.9019538,0.32076868,0.80390763
0,1,0.9213394,0.27548587,0.8426788
1,0,0.75813425,0.55322105,0.5162685
0,0,0.5694823,0.68346024,0.13896462
1,1,0.8288792,0.45765898,0.65775836
1,0,0.9223671,0.27294973,0.8447342
1,1,0.9902284,0.054949284,0.9804568
0,0,0.9347553,0.24116102,0.86951065
1,1,0.98972183,0.057275865,0.97944367
1,1,0.9882405,0.06393874,0.97648096
0,0,0.9914865,0.0490535,0.982973
0,0,0.9920095,0.046548553,0.98401904
0,0,0.9347555,0.24116044,0.869511
0,0,0.9920373,0.04641454,0.9840746
1,1,0.504032,0.69311464,0.008064032
0,0,0.98571694,0.074864656,0.9714339
1,1,0.7181065,0.59473276,0.43621302
1,1,0.9884366,0.06306811,0.97687316
0,0,0.58505106,0.67860925,0.17010215
1,1,0.96313417,0.15785235,0.92626834
1,1,0.69621986,0.6140332,0.39243972
1,0,0.9349054,0.24076122,0.8698108
1,1,0.9884366,0.06306811,0.97687316
1,0,0.83188176,0.45288983,0.6637635
0,0,0.93590087,0.23810051,0.87180173
1,1,0.9475168,0.20576295,0.8950336
1,0,0.93475574,0.24115983,0.8695115
1,1,0.9457982,0.21070603,0.89159644
1,1,0.93603176,0.23774947,0.8720635
0,0,0.9347549,0.24116203,0.8695098
1,1,0.7215386,0.5914943,0.4430772
0,0,0.9920373,0.04641454,0.9840746
0,0,0.94300646,0.21861371,0.8860129
1,1,0.99006236,0.055714805,0.9801247
1,0,0.88865316,0.349322,0.7773063
0,0,0.9915463,0.04876876,0.98309255
0,0,0.9908707,0.051961124,0.9817414
0,0,0.9920373,0.04641454,0.9840746
0,0,0.7804464,0.5263424,0.5608928
1,1,0.8797633,0.36739632,0.7595266
1,1,0.9872093,0.06846359,0.97441864
1,0,0.90608203,0.31151003,0.81216407
1,0,0.5788435,0.6806625,0.15768698
0,0,0.9020025,0.32066056,0.804005
1,1,0.98936975,0.058877952,0.9787395
0,0,0.9920373,0.04641454,0.9840746
1,1,0.9363132,0.2369936,0.8726264
1,1,0.9888192,0.061359704,0.97763836
1,1,0.68003565,0.62684256,0.3600713
1,1,0.93183285,0.24887192,0.8636657
1,1,0.8288792,0.45765898,0.65775836
1,1,0.9265466,0.26248163,0.85309315
0,0,0.93475527,0.24116114,0.86951053
0,0,0.98863536,0.062182166,0.9772707
0,0,0.97188175,0.12813893,0.9437635
0,0,0.9347552,0.24116126,0.8695104
1,1,0.99039173,0.054193627,0.98078346
1,1,0.9902284,0.054949284,0.9804568
0,0,0.93475366,0.24116546,0.8695073
1,1,0.6962209,0.6140324,0.39244175
1,0,0.9270655,0.26116428,0.854131
1,1,0.9898935,0.05649036,0.979787
1,0,0.85761833,0.40926343,0.71523666
1,1,0.9872093,0.06846359,0.97441864
0,0,0.93475527,0.2411611,0.86951053
0,0,0.98941123,0.058689866,0.97882247
1,0,0.93475574,0.24115983,0.8695115
0,1,0.65168124,0.6463997,0.3033625
1,1,0.93183285,0.24887192,0.8636657
1,0,0.78566486,0.5196441,0.5713297
1,0,0.92052066,0.27749592,0.8410413
1,1,0.9880409,0.06482132,0.97608185
1,0,0.573395,0.6823345,0.14679003
0,0,0.86172396,0.4018216,0.7234479
0,0,0.9905385,0.053512357,0.98107696
0,0,0.9920574,0.046317685,0.98411477
1,0,0.6845976,0.6233552,0.36919525
1,0,0.9270655,0.26116428,0.854131
0,0,0.9792745,0.10084933,0.958549
1,1,0.98972183,0.057275865,0.97944367
1,0,0.6776335,0.6286404,0.35526702
1,1,0.98954725,0.05807176,0.9790945
1,0,0.88177055,0.3633824,0.7635411
1,1,0.954462,0.18516143,0.908924
0,0,0.98900735,0.06051471,0.9780147
1,0,0.57204306,0.68273056,0.1440861
0,0,0.97747225,0.10772,0.9549445
0,0,0.93475544,0.24116065,0.8695109
1,1,0.8288792,0.45765898,0.65775836
0,0,0.9347554,0.24116075,0.86951077
0,0,0.68468523,0.6232873,0.36937046
0,0,0.9854477,0.076002195,0.9708954
0,0,0.9825547,0.087922774,0.96510935
0,0,0.9668782,0.1454319,0.93375635
1,1,0.98783827,0.06571416,0.97567654
1,1,0.9890057,0.06052216,0.97801137
1,1,0.9457982,0.21070603,0.89159644
0,0,0.9590376,0.1709908,0.9180752
0,0,0.9347533,0.24116631,0.8695066
0,0,0.9315722,0.24955308,0.8631444
1,0,0.5891893,0.6771523,0.17837861
1,1,0.9236378,0.2697934,0.8472756
1,1,0.9483566,0.20332593,0.89671326
0,0,0.94675404,0.20796412,0.8935081
1,1,0.98936975,0.058877952,0.9787395
1,1,0.98918927,0.059694607,0.97837853
0,0,0.99170357,0.048017815,0.98340714
1,1,0.9872093,0.06846359,0.97441864
0,0,0.9347554,0.24116075,0.86951077
1,1,0.838563,0.44204503,0.67712605
0,0,0.86172396,0.4018216,0.7234479
1,0,0.6617877,0.63984257,0.32357538
0,0,0.82577527,0.4625222,0.65155053
1,1,0.7867457,0.5182366,0.57349145
0,0,0.99073976,0.052573893,0.9814795
0,0,0.8596837,0.40553725,0.7193674
0,0,0.93490523,0.24076168,0.86981046
1,1,0.69621986,0.6140332,0.39243972
1,1,0.9224289,0.2727967,0.8448578
0,0,0.92272896,0.2720532,0.8454579
1,1,0.9888192,0.061359704,0.97763836
1,1,0.925054,0.26624876,0.850108
1,1,0.9902284,0.054949284,0.9804568
1,1,0.74761695,0.56493807,0.4952339
1,0,0.85552746,0.41300008,0.7110549
1,1,0.69621986,0.6140332,0.39243972
1,0,0.6913729,0.61799777,0.38274574
0,0,0.9920373,0.04641454,0.9840746
1,1,0.934435,0.24201283,0.86887
1,1,0.8288792,0.45765898,0.65775836
1,1,0.64270073,0.65184844,0.28540146
0,0,0.9338257,0.24362879,0.86765134
0,0,0.93475544,0.24116063,0.8695109
1,1,0.9907102,0.052711993,0.9814204
1,1,0.9907102,0.052711993,0.9814204
0,0,0.6814179,0.6257961,0.36283576
0,0,0.9886776,0.061993353,0.97735524
0,0,0.99318975,0.040765658,0.9863795
1,1,0.9236378,0.2697934,0.8472756
1,0,0.9113049,0.2995083,0.8226098
1,1,0.7536592,0.5582793,0.5073184
0,0,0.9347555,0.24116047,0.869511
1,1,0.8896695,0.34720582,0.77933896
0,0,0.97921056,0.101095766,0.9584211
1,1,0.9236378,0.2697934,0.8472756
0,0,0.9347554,0.24116084,0.86951077
0,0,0.9937427,0.03798736,0.9874854
1,1,0.8288792,0.45765898,0.65775836
0,0,0.93264884,0.24673273,0.8652977
1,1,0.98972183,0.057275865,0.97944367
1,1,0.9872093,0.06846359,0.97441864
1,0,0.93717134,0.23468071,0.8743427
0,0,0.5352824,0.69065547,0.07056472
0,0,0.9723978,0.12630573,0.9447956
1,0,0.895234,0.3354305,0.790468
1,1,0.93327284,0.24508965,0.8665457
1,0,0.861724,0.40182152,0.72344804
0,0,0.9759652,0.11335146,0.9519304
1,0,0.93475574,0.24115983,0.8695115
0,0,0.99374264,0.037987538,0.9874853
1,0,0.5342493,0.69079936,0.06849861
0,0,0.9920373,0.046414554,0.9840746
1,1,0.97213036,0.127257,0.9442607
0,0,0.989312,0.0591396,0.978624
0,0,0.9714693,0.12959713,0.94293857
0,0,0.9347517,0.24117061,0.8695034
1,1,0.6962208,0.6140325,0.39244163
0,0,0.93475556,0.24116036,0.8695111
1,0,0.758694,0.5525807,0.517388
1,0,0.6817149,0.62557006,0.36342978
0,0,0.9347555,0.24116047,0.869511
0,0,0.9920373,0.046414554,0.9840746
1,1,0.8742478,0.37823135,0.7484956
1,1,0.8089746,0.48770636,0.61794925
1,1,0.91347647,0.29441988,0.82695293
0,0,0.96496046,0.1518456,0.9299209
0,0,0.93475544,0.24116066,0.8695109
1,1,0.7805297,0.5262368,0.56105936
0,0,0.9921904,0.04567414,0.98438084
0,0,0.93475544,0.24116065,0.8695109
1,1,0.69621986,0.6140332,0.39243972
1,0,0.9348769,0.24083713,0.86975384
0,0,0.9865581,0.07127739,0.97311616
0,1,0.92120236,0.27582294,0.8424047
0,0,0.9347554,0.24116084,0.86951077
1,0,0.6021135,0.67214537,0.20422697
1,1,0.9907102,0.052711993,0.9814204
1,0,0.9371609,0.23470895,0.8743218
0,0,0.9898846,0.056531,0.97976923
1,0,0.85968375,0.40553713,0.7193675
1,1,0.6571174,0.64292896,0.31423485
1,0,0.89521265,0.3354763,0.7904253
1,0,0.8199041,0.4715389,0.6398082
0,0,0.8596837,0.40553725,0.7193674
1,1,0.9332001,0.24528143,0.86640024
1,1,0.93500525,0.24049512,0.8700105
0,0,0.86172396,0.4018216,0.7234479
1,1,0.8294542,0.4567506,0.65890837
0,0,0.9920373,0.04641454,0.9840746
0,0,0.9347555,0.2411605,0.869511
0,0,0.93475497,0.24116188,0.86950994
0,0,0.99146646,0.049148757,0.9829329
1,0,0.85968375,0.40553713,0.7193675
0,0,0.9347533,0.24116638,0.8695066
1,0,0.82049507,0.47064194,0.64099014
0,0,0.97590286,0.11358223,0.9518057
1,1,0.98936975,0.058877952,0.9787395
1,0,0.80163234,0.49813116,0.6032647
0,0,0.9347483,0.2411797,0.8694966
0,0,0.98372483,0.08316504,0.96744967
1,0,0.5809157,0.6799947,0.16183138
0,0,0.96945953,0.13661596,0.93891907
0,0,0.9482591,0.20360965,0.89651823
0,0,0.7300164,0.58324254,0.46003282
0,0,0.99325335,0.040448286,0.9865067
1,1,0.92265993,0.27222434,0.84531987
1,0,0.907087,0.30922607,0.81417406
0,0,0.92987216,0.25396952,0.8597443
0,0,0.86172384,0.4018218,0.7234477
1,1,0.9888192,0.061359704,0.97763836
0,0,0.7733397,0.53520936,0.5466794
1,1,0.9236378,0.2697934,0.8472756
0,0,0.92259514,0.2723849,0.8451903
0,0,0.9920373,0.046414554,0.9840746
0,0,0.9874513,0.06740947,0.97490263
0,0,0.99305993,0.04141116,0.98611987
0,0,0.93475544,0.24116066,0.8695109
0,0,0.9907496,0.052527905,0.9814992
0,0,0.99190176,0.04706746,0.9838035
1,1,0.9355842,0.23894875,0.8711684
0,0,0.86172396,0.40182164,0.7234479
1,1,0.98742247,0.067535415,0.97484493
1,1,0.9431207,0.21829298,0.88624144
1,1,0.9888192,0.061359704,0.97763836
1,0,0.64542073,0.6502354,0.29084146
1,0,0.5341239,0.6908165,0.068247795
0,0,0.5424938,0.6895314,0.08498764
0,1,0.89478993,0.3363821,0.78957987
0,0,0.9639872,0.1550587,0.92797434
0,0,0.990887,0.0518848,0.981774
0,0,0.9347552,0.24116132,0.8695104
1,1,0.8288792,0.45765898,0.65775836
0,0,0.9050202,0.3139104,0.81004035
1,1,0.6962208,0.6140325,0.39244163
1,1,0.93653035,0.23640954,0.8730607
1,1,0.8288792,0.45765898,0.65775836
1,1,0.9475168,0.20576295,0.8950336
0,0,0.9702897,0.13373372,0.9405794
1,1,0.56137633,0.6855941,0.12275267
0,0,0.9920842,0.046187986,0.9841684
1,1,0.82458574,0.46436822,0.6491715
0,0,0.99154615,0.048769347,0.9830923
1,0,0.9293336,0.25535923,0.85866725
0,0,0.7397216,0.5733479,0.4794432
1,0,0.93475574,0.24115983,0.8695115
0,0,0.86172396,0.4018216,0.7234479
1,1,0.8288792,0.45765898,0.65775836
1,1,0.9244513,0.2677608,0.8489026
0,0,0.9552088,0.18288285,0.91041756
1,0,0.93475574,0.24115983,0.8695115
0,0,0.9917811,0.047646515,0.98356223
1,1,0.99006236,0.055714805,0.9801247
1,0,0.93371016,0.24393436,0.8674203
1,1,0.9872093,0.06846359,0.97441864
0,1,0.5234539,0.6920466,0.046907783
1,0,0.9699671,0.13485634,0.93993425
0,0,0.98766047,0.0664947,0.97532094
1,1,0.98783827,0.06571416,0.97567654
0,0,0.96814793,0.14112231,0.93629587
0,0,0.97512555,0.116446525,0.9502511
1,1,0.9475168,0.20576295,0.8950336
1,0,0.5844929,0.67880034,0.16898581
0,0,0.9347555,0.24116044,0.869511
1,0,0.5461148,0.68888795,0.092229575
1,1,0.9617937,0.1622011,0.92358744
0,0,0.86172396,0.4018216,0.7234479
0,0,0.99138594,0.0495312,0.9827719
1,1,0.9907102,0.052711993,0.9814204
0,0,0.99368304,0.0382894,0.9873661
0,0,0.98878956,0.06149244,0.9775791
1,1,0.9898935,0.05649036,0.979787
1,1,0.7071992,0.6046404,0.41439843
0,0,0.93474877,0.24117845,0.86949754
1,0,0.89521265,0.3354763,0.7904253
1,1,0.699808,0.6110269,0.399616
1,0,0.71673566,0.59600997,0.43347132
1,1,0.6962209,0.6140324,0.39244175
0,0,0.9347552,0.24116129,0.8695104
1,1,0.6962208,0.6140325,0.39244163
0,1,0.92120236,0.27582294,0.8424047
1,1,0.99039173,0.054193627,0.98078346
0,0,0.9347554,0.24116075,0.86951077
0,0,0.9912228,0.05030395,0.9824456
0,0,0.96889365,0.13856716,0.9377873
0,1,0.92120236,0.27582294,0.8424047
0,0,0.98890394,0.060979493,0.9778079
1,0,0.9347216,0.24125078,0.8694432
1,0,0.87584,0.37513232,0.75168
1,1,0.9390214,0.2296517,0.8780428
0,0,0.9906264,0.053102892,0.9812528
1,0,0.5299675,0.69135,0.059934974
1,0,0.93371016,0.24393436,0.8674203
1,0,0.88524055,0.35635185,0.7704811
0,0,0.9936234,0.038590718,0.98724675
1,0,0.6937566,0.6160619,0.3875132
0,0,0.86172396,0.40182164,0.7234479
0,0,0.65817887,0.6422361,0.31635773
1,0,0.767076,0.54278535,0.53415203
0,0,0.86172396,0.4018216,0.7234479
0,0,0.93475544,0.24116063,0.8695109
1,1,0.92622536,0.2632951,0.8524507
1,1,0.92543936,0.26527926,0.8508787
1,0,0.9347216,0.24125078,0.8694432
1,1,0.92265993,0.27222434,0.84531987
0,0,0.991386,0.049531016,0.982772
1,1,0.8288792,0.45765898,0.65775836
0,0,0.6493056,0.6478754,0.2986112
0,0,0.93475515,0.24116144,0.8695103
1,1,0.98742247,0.067535415,0.97484493
0,1,0.91346455,0.294448,0.8269291
0,0,0.9898225,0.056815453,0.979645
1,1,0.9050452,0.31385392,0.8100904
0,0,0.9848933,0.07832861,0.96978664
1,0,0.9709557,0.13140406,0.94191146
0,0,0.9347555,0.24116044,0.869511
1,1,0.8934364,0.3392699,0.78687274
0,0,0.99337906,0.039819565,0.9867581
1,0,0.95350766,0.1880547,0.9070153
1,0,0.80936086,0.4871484,0.6187217
0,0,0.9827309,0.087211445,0.96546185
0,0,0.86172396,0.4018216,0.7234479
0,0,0.97455895,0.11851869,0.9491179
1,0,0.9684437,0.14011106,0.9368874
1,0,0.6306653,0.6586006,0.2613306
0,0,0.9920373,0.04641454,0.9840746
1,0,0.8037741,0.49512565,0.60754824
0,0,0.9868027,0.070224315,0.9736054
1,1,0.69621986,0.6140332,0.39243972
1,0,0.9336825,0.24400759,0.867365
1,1,0.98742247,0.067535415,0.97484493
1,1,0.9902284,0.054949284,0.9804568
0,0,0.934755,0.2411617,0.86951005
1,0,0.69908357,0.6116388,0.3981671
1,1,0.9880409,0.06482132,0.97608185
0,0,0.9924763,0.044284124,0.98495257
0,0,0.9347493,0.24117701,0.8694986
0,0,0.98910975,0.060053326,0.9782195
0,0,0.9881523,0.0643291,0.97630465
1,1,0.5082858,0.69300985,0.016571641
1,1,0.94188005,0.22176287,0.8837601
0,0,0.9726508,0.12540336,0.94530165
1,1,0.9399886,0.22699887,0.8799772
0,1,0.570379,0.6832078,0.14075804
1,1,0.9907102,0.052711993,0.9814204
1,0,0.93475574,0.24115983,0.8695115
1,1,0.9483566,0.20332593,0.89671326
0,0,0.9898965,0.056476794,0.97979295
0,0,0.9860744,0.07334657,0.9721488
1,1,0.9888192,0.061359704,0.97763836
0,0,0.9878151,0.065816,0.97563016
0,0,0.99190176,0.04706746,0.9838035
1,0,0.5069341,0.693051,0.013868213
1,0,0.7246015,0.5885547,0.449203
0,0,0.9347548,0.24116234,0.8695096
1,0,0.59778404,0.6738999,0.19556811
0,0,0.9347553,0.24116093,0.86951065
0,0,0.9774721,0.107720464,0.95494425
1,0,0.52564955,0.6918308,0.051299095
1,0,0.9704589,0.1331432,0.94091785
0,0,0.9920373,0.046414554,0.9840746
0,0,0.86172396,0.4018216,0.7234479
0,0,0.99302137,0.041602403,0.98604274
1,1,0.9907102,0.052711993,0.9814204
0,1,0.77467936,0.5335601,0.5493587
0,1,0.56265795,0.6852745,0.1253159
1,0,0.5446465,0.6891552,0.08929303
0,0,0.93475413,0.24116418,0.86950827
0,0,0.9854047,0.076183446,0.97080934
1,1,0.78456396,0.5210705,0.5691279
1,1,0.98862946,0.062208477,0.9772589
1,0,0.93367547,0.24402615,0.86735094
0,0,0.9347542,0.24116394,0.8695084
1,1,0.9108338,0.30060452,0.82166755
1,1,0.9890057,0.06052216,0.97801137
1,0,0.64542073,0.6502354,0.29084146
1,1,0.98742247,0.067535415,0.97484493
0,0,0.85968363,0.40553743,0.71936727
0,0,0.89581877,0.3341741,0.79163754
1,1,0.6962208,0.6140325,0.39244163
0,0,0.93157184,0.24955402,0.8631437
0,0,0.8824111,0.36209327,0.76482224
1,1,0.88781905,0.35105097,0.7756381
1,1,0.98954725,0.05807176,0.9790945
0,0,0.93758434,0.23356323,0.8751687
1,1,0.59191704,0.6761532,0.18383408
1,1,0.9898935,0.05649036,0.979787
1,1,0.9236378,0.2697934,0.8472756
1,1,0.9884366,0.06306811,0.97687316
1,0,0.9270655,0.26116428,0.854131
0,0,0.97869015,0.10309392,0.9573803
0,0,0.9933792,0.03981912,0.98675835
1,1,0.9890057,0.06052216,0.97801137
1,0,0.66801345,0.63557655,0.33602694
0,0,0.9347555,0.24116047,0.869511
1,1,0.8411559,0.43774816,0.6823118
1,0,0.64542073,0.6502354,0.29084146
1,1,0.8605677,0.40393162,0.7211354
0,0,0.9831071,0.08568713,0.9662142
0,0,0.9917639,0.04772906,0.9835278
0,0,0.9893942,0.058767166,0.9787884
1,1,0.93447685,0.24190165,0.8689537
1,1,0.98763204,0.06661925,0.9752641
0,0,0.9347554,0.24116075,0.86951077
0,0,0.99018186,0.055164196,0.9803637
1,1,0.5076724,0.6930294,0.015344858
0,0,0.9347547,0.24116258,0.86950946
1,1,0.94220084,0.2208684,0.8844017
1,1,0.7979436,0.50324005,0.5958872
0,0,0.9347551,0.24116154,0.8695102
0,1,0.59582436,0.67466843,0.19164872
0,0,0.9347554,0.24116075,0.86951077
1,1,0.89341486,0.33931562,0.7868297
1,1,0.59790224,0.67385304,0.19580448
1,0,0.7975029,0.50384474,0.59500575
1,1,0.94666404,0.20822303,0.8933281
1,1,0.93500525,0.24049512,0.8700105
1,1,0.99006236,0.055714805,0.9801247
1,0,0.8545776,0.4146859,0.7091552
0,0,0.9925179,0.044080727,0.9850358
1,1,0.50700605,0.6930491,0.014012098
0,0,0.9924051,0.044631235,0.98481023
1,1,0.98763204,0.06661925,0.9752641
0,0,0.9223668,0.27295047,0.8447336
1,1,0.939357,0.22873315,0.87871397
0,0,0.989312,0.059139688,0.978624
0,0,0.9900335,0.055847503,0.980067
0,0,0.6160853,0.6659481,0.23217055
0,0,0.9828363,0.08678532,0.9656726
1,0,0.85552746,0.41300008,0.7110549
1,1,0.9890057,0.06052216,0.97801137
0,0,0.9347551,0.24116154,0.8695102
0,1,0.5373959,0.6903477,0.07479179
1,1,0.6962208,0.6140325,0.39244163
0,0,0.9010819,0.32269922,0.80216384
1,0,0.93592465,0.23803681,0.8718493
0,0,0.9347547,0.24116254,0.86950946
1,1,0.9890057,0.06052216,0.97801137
0,0,0.9885067,0.06275615,0.97701335
1,1,0.9902284,0.054949284,0.9804568
0,0,0.99035865,0.054346994,0.9807173
0,0,0.9347551,0.24116154,0.8695102
1,1,0.98179364,0.09097399,0.9635873
0,0,0.85294795,0.41756135,0.7058959
0,0,0.9899907,0.05604418,0.9799814
0,0,0.86172396,0.4018216,0.7234479
1,0,0.5982693,0.6737072,0.19653857
1,1,0.94197357,0.22150229,0.88394713
1,0,0.8061439,0.49176633,0.61228776
0,1,0.9632333,0.15752879,0.9264666
1,1,0.98918927,0.059694607,0.97837853
0,0,0.9347551,0.24116154,0.8695102
1,0,0.8903437,0.34579605,0.78068745
0,0,0.8596837,0.40553725,0.7193674
0,0,0.99190176,0.04706746,0.9838035
1,0,0.7164407,0.5962836,0.43288139
0,0,0.98933494,0.059035614,0.9786699
1,1,0.9413989,0.22310087,0.88279784
1,1,0.6604311,0.6407491,0.32086217
0,0,0.9932287,0.040571593,0.98645735
0,0,0.93475527,0.2411611,0.86951053
1,1,0.89441586,0.33718216,0.7888317
1,0,0.861724,0.40182152,0.72344804
1,1,0.9907102,0.052711993,0.9814204
1,0,0.80930954,0.4872226,0.6186191
0,0,0.9347553,0.24116096,0.86951065
0,0,0.9347555,0.2411605,0.869511
0,0,0.77010536,0.53914905,0.5402107
0,0,0.68955326,0.6194576,0.37910652
0,0,0.99190176,0.047067445,0.9838035
0,0,0.88415015,0.35857373,0.7683003
1,1,0.8288792,0.45765898,0.65775836
0,0,0.934754,0.24116442,0.869508
1,1,0.9390214,0.2296517,0.8780428
0,0,0.9920257,0.04647072,0.98405135
1,1,0.9902284,0.054949284,0.9804568
1,1,0.9322051,0.24789736,0.86441016
1,1,0.9399886,0.22699887,0.8799772
0,0,0.86172396,0.4018216,0.7234479
1,0,0.59273434,0.6758479,0.18546864
1,1,0.98936975,0.058877952,0.9787395
0,0,0.9347547,0.2411625,0.86950946
0,0,0.9894117,0.058687624,0.9788234
0,0,0.98994076,0.056273565,0.9798815
1,0,0.7516115,0.56055784,0.50322294
0,0,0.98310703,0.085687235,0.96621406
1,1,0.76066333,0.5503141,0.52132666
1,1,0.8288792,0.45765898,0.65775836
1,1,0.92737985,0.26036435,0.8547597
1,0,0.8920335,0.34224254,0.78406703
0,0,0.9726736,0.12532201,0.9453472
1,1,0.98742247,0.067535415,0.97484493
0,0,0.98093545,0.09437585,0.9618709
0,0,0.99251825,0.044079084,0.9850365
1,1,0.98862946,0.062208477,0.9772589
0,0,0.86172396,0.4018216,0.7234479
0,0,0.99203146,0.046442676,0.9840629
0,0,0.9918577,0.047279075,0.9837154
1,0,0.86480963,0.39613563,0.72961926
1,1,0.98862946,0.062208477,0.9772589
1,0,0.85968375,0.40553713,0.7193675
0,1,0.8288792,0.45765898,0.65775836
0,0,0.86172396,0.4018216,0.7234479
1,1,0.5504364,0.68805087,0.100872755
1,0,0.59973747,0.673118,0.19947493
1,1,0.92661655,0.26230425,0.8532331
0,0,0.9076971,0.30783376,0.81539416
1,0,0.64542073,0.6502354,0.29084146
0,0,0.99356323,0.038894083,0.98712647
0,0,0.9911888,0.050464354,0.98237765
1,1,0.81864727,0.47343853,0.63729453
1,1,0.93755865,0.2336328,0.8751173
1,1,0.69289815,0.61676216,0.3857963
1,1,0.76333964,0.5471997,0.5266793
1,1,0.8288792,0.45765898,0.65775836
0,0,0.86172396,0.4018216,0.7234479
0,0,0.9900842,0.05561448,0.98016834
1,1,0.93704313,0.2350271,0.87408626
0,0,0.99223167,0.045474403,0.98446333
1,1,0.98936975,0.058877952,0.9787395
1,0,0.88524055,0.35635185,0.7704811
1,1,0.94491917,0.213212,0.88983834
1,0,0.93475574,0.24115983,0.8695115
0,0,0.9920373,0.04641454,0.9840746
1,0,0.83608186,0.4461103,0.6721637
0,0,0.9347555,0.24116044,0.869511
0,0,0.9905385,0.053512357,0.98107696
1,0,0.6791465,0.6275111,0.35829303
0,0,0.99156487,0.048680216,0.98312974
1,1,0.5199674,0.69234955,0.039934754
0,0,0.9500868,0.19825967,0.90017354
1,1,0.98043424,0.096344285,0.9608685
1,0,0.8449589,0.4313546,0.6899178
1,1,0.8288792,0.45765898,0.65775836
0,0,0.9347539,0.24116474,0.8695078
1,0,0.91469365,0.29154176,0.8293873
1,0,0.8481115,0.4259709,0.696223
0,0,0.99138546,0.04953343,0.9827709
0,0,0.8059165,0.49209023,0.611833
1,0,0.90344846,0.31743914,0.8068969
0,0,0.99374264,0.037987504,0.9874853
0,1,0.9224289,0.2727967,0.8448578
1,0,0.668369,0.6353277,0.336738
1,1,0.98954725,0.05807176,0.9790945
0,0,0.93475556,0.24116036,0.8695111
0,0,0.6161703,0.66590786,0.23234054
0,0,0.93475544,0.24116063,0.8695109
1,1,0.6119137,0.66788435,0.22382736
0,0,0.9917034,0.048018757,0.9834068
1,1,0.9236378,0.2697934,0.8472756
1,0,0.8628969,0.39966965,0.72579384
0,0,0.93475544,0.24116063,0.8695109
1,1,0.98936975,0.058877952,0.9787395
0,0,0.985583,0.07543121,0.971166
1,0,0.83376944,0.44985864,0.6675389
1,1,0.6962208,0.6140325,0.39244163
1,0,0.85968375,0.40553713,0.7193675
0,0,0.85968363,0.40553743,0.71936727
0,0,0.8534113,0.41674584,0.70682263
0,0,0.9875846,0.06682704,0.9751692
0,0,0.9596557,0.16903685,0.9193114
0,0,0.86172396,0.4018216,0.7234479
0,0,0.98116666,0.09346325,0.9623333
0,0,0.9583409,0.17318158,0.91668177
0,0,0.50865424,0.69299734,0.017308444
0,0,0.98858786,0.062394276,0.9771757
1,1,0.99039173,0.054193627,0.98078346
1,1,0.98972183,0.057275865,0.97944367
1,1,0.8288792,0.45765898,0.65775836
1,1,0.77597594,0.5319541,0.5519519
1,1,0.99039173,0.054193627,0.98078346
0,0,0.86172396,0.4018216,0.7234479
0,0,0.93475324,0.2411665,0.8695065
0,1,0.9224289,0.2727967,0.8448578
1,0,0.9362544,0.23715171,0.87250876
1,0,0.93488055,0.24082746,0.8697611
1,1,0.8288792,0.45765898,0.65775836
0,0,0.9347555,0.24116047,0.869511
0,0,0.98974544,0.057167996,0.9794909
0,0,0.93475544,0.24116063,0.8695109
0,0,0.9882628,0.063839905,0.97652555
0,0,0.9727717,0.124971256,0.9455434
0,0,0.85968363,0.40553737,0.71936727
0,0,0.9822431,0.08917601,0.96448624
1,1,0.76374775,0.54672134,0.5274955
1,0,0.83967984,0.44020042,0.6793597
0,1,0.8288792,0.45765898,0.65775836
0,0,0.98213696,0.08960159,0.9642739
1,1,0.8288792,0.45765898,0.65775836
1,1,0.6908856,0.61839026,0.3817712
1,1,0.98936975,0.058877952,0.9787395
0,0,0.9901767,0.055188183,0.98035336
0,0,0.98417336,0.08131901,0.9683467
1,1,0.86853695,0.38915846,0.7370739
0,0,0.9315716,0.24955454,0.8631432
0,0,0.85968363,0.40553743,0.71936727
0,0,0.96621376,0.14766657,0.9324275
1,0,0.72721344,0.58601075,0.45442688
1,1,0.75441253,0.5574354,0.50882506
1,1,0.98918927,0.059694607,0.97837853
0,0,0.9786037,0.103424504,0.95720744
0,0,0.934755,0.2411617,0.86951005
1,1,0.9237271,0.26957077,0.8474542
1,1,0.9236378,0.2697934,0.8472756
1,1,0.9846032,0.07953756,0.96920645
1,0,0.61526966,0.6663325,0.23053932
0,1,0.6593453,0.64146876,0.31869066
1,1,0.98936975,0.058877952,0.9787395
1,0,0.64542073,0.6502354,0.29084146
1,1,0.6244449,0.66184616,0.2488898
0,0,0.8576183,0.40926358,0.71523654
1,0,0.82866764,0.45799255,0.6573353
0,0,0.9347555,0.24116047,0.869511
1,0,0.9265255,0.2625351,0.85305095
1,1,0.8867754,0.35320455,0.77355075
0,0,0.95355827,0.18790181,0.90711653
0,0,0.98649484,0.071548924,0.9729897
1,1,0.98783827,0.06571416,0.97567654
0,0,0.93931997,0.2288346,0.87863994
0,0,0.9920373,0.04641454,0.9840746
0,0,0.9347555,0.24116044,0.869511
0,0,0.9692466,0.13735123,0.93849325
1,0,0.83209646,0.45254636,0.6641929
0,0,0.9347555,0.2411605,0.869511
1,0,0.93475574,0.24115983,0.8695115
1,1,0.9319057,0.2486814,0.8638114
1,0,0.93475574,0.24115983,0.8695115
0,0,0.9347553,0.24116099,0.86951065
0,0,0.9937427,0.037987284,0.9874854
0,0,0.99312526,0.041086584,0.9862505
1,1,0.98278457,0.086994596,0.96556914
1,0,0.6791068,0.62754095,0.35821354
1,1,0.9890057,0.06052216,0.97801137
1,1,0.6962208,0.6140325,0.39244163
0,0,0.9347555,0.24116051,0.869511
1,1,0.80132055,0.4985663,0.6026411
0,0,0.9347548,0.24116234,0.8695096
1,1,0.9907102,0.052711993,0.9814204
0,0,0.9892523,0.059409507,0.97850466
0,0,0.9885851,0.06240631,0.9771702
0,0,0.9881522,0.06432949,0.9763044
1,1,0.503998,0.6931152,0.007995963
0,0,0.9915463,0.048768893,0.98309255
1,0,0.92874193,0.25688112,0.85748386
1,1,0.6962208,0.6140325,0.39244163
1,1,0.9905523,0.053447925,0.9811046
1,1,0.95987284,0.16834804,0.9197457
1,1,0.98763204,0.06661925,0.9752641
0,0,0.99356306,0.038895056,0.9871261
1,0,0.861724,0.40182152,0.72344804
1,0,0.73202807,0.58123124,0.46405613
1,0,0.7843912,0.52129364,0.56878245
0,0,0.99299484,0.041733924,0.9859897
0,0,0.9347552,0.24116123,0.8695104
0,0,0.98806846,0.06469977,0.9761369
1,0,0.76712215,0.54273033,0.5342443
1,1,0.9905523,0.053447925,0.9811046
1,1,0.5162359,0.69261986,0.032471776
0,0,0.9347555,0.24116051,0.869511
0,0,0.98235315,0.088734,0.9647063
0,0,0.93475544,0.24116065,0.8695109
1,0,0.9347216,0.24125078,0.8694432
0,0,0.86686724,0.39229885,0.7337345
0,0,0.9931875,0.040776864,0.986375
0,0,0.9916237,0.048399456,0.9832474
0,0,0.86172396,0.4018216,0.7234479
0,1,0.90207964,0.32048935,0.8041593
1,1,0.59867376,0.6735457,0.19734752
0,0,0.99190176,0.04706746,0.9838035
0,0,0.96496093,0.15184398,0.92992187
1,0,0.72234875,0.5907213,0.4446975
1,1,0.8288792,0.45765898,0.65775836
1,1,0.6962209,0.6140324,0.39244175
1,0,0.861724,0.40182152,0.72344804
0,0,0.9347553,0.24116099,0.86951065
1,1,0.9907102,0.052711993,0.9814204
1,1,0.9907102,0.052711993,0.9814204
1,1,0.616857,0.6655818,0.23371398
1,1,0.9884366,0.06306811,0.97687316
0,0,0.9763125,0.112062335,0.95262504
1,1,0.99006236,0.055714805,0.9801247
0,1,0.6564834,0.64334047,0.31296682
0,0,0.9347554,0.24116075,0.86951077
1,1,0.52263236,0.6921224,0.04526472
0,0,0.8472984,0.42736685,0.69459677
0,0,0.9020025,0.32066056,0.804005
1,0,0.93475574,0.24115983,0.8695115
1,0,0.54278976,0.6894808,0.085579515
1,0,0.5678719,0.6839055,0.13574383
1,0,0.68279976,0.6247411,0.3655995
0,0,0.93475515,0.2411614,0.8695103
0,0,0.90012014,0.32481888,0.8002403
0,1,0.6201533,0.66398907,0.24030662
1,1,0.76195115,0.54882044,0.5239023
1,1,0.8288792,0.45765898,0.65775836
0,0,0.98341876,0.08441749,0.9668375
1,0,0.87997043,0.36698386,0.75994086
0,0,0.9929286,0.042061657,0.98585725
0,0,0.9816309,0.09162214,0.96326184
1,1,0.9273226,0.26051006,0.85464525
0,0,0.9905382,0.053513695,0.98107636
1,0,0.8967983,0.3320614,0.7935966
0,0,0.9713626,0.1299733,0.9427252
1,1,0.8082073,0.48881203,0.61641455
1,1,0.98783827,0.06571416,0.97567654
1,1,0.9339633,0.24326432,0.8679266
0,0,0.99253327,0.04400566,0.98506653
1,1,0.8288792,0.45765898,0.65775836
0,0,0.9736405,0.12185024,0.947281
0,0,0.99088615,0.051888593,0.9817723
1,1,0.768112,0.54154754,0.536224
0,0,0.9347552,0.24116129,0.8695104
0,0,0.93475264,0.24116813,0.8695053
1,0,0.8284914,0.45827025,0.6569828
0,0,0.93475425,0.24116382,0.8695085
1,1,0.9441527,0.21538489,0.8883054
1,0,0.85968375,0.40553713,0.7193675
1,1,0.9236378,0.2697934,0.8472756
0,0,0.8576182,0.4092637,0.7152364
1,1,0.92265993,0.27222434,0.84531987
1,0,0.8886667,0.34929386,0.7773334
1,1,0.9475168,0.20576295,0.8950336
1,0,0.71551126,0.59714293,0.43102252
0,0,0.98490703,0.07827131,0.96981406
1,0,0.93475574,0.24115983,0.8695115
1,0,0.8481057,0.42598087,0.69621146
0,0,0.972358,0.12644759,0.944716
0,0,0.99190176,0.047067445,0.9838035
1,0,0.9347216,0.24125078,0.8694432
0,0,0.9920373,0.046414554,0.9840746
1,1,0.5404542,0.6898705,0.08090842
0,0,0.98781466,0.06581787,0.9756293
1,1,0.6992051,0.61153626,0.3984102
0,0,0.9347553,0.24116093,0.86951065
1,1,0.9902284,0.054949284,0.9804568
1,1,0.81192285,0.48342276,0.6238457
0,0,0.99190176,0.047067445,0.9838035
1,1,0.9898935,0.05649036,0.979787
1,1,0.93327284,0.24508965,0.8665457
0,0,0.9347554,0.24116075,0.86951077
1,1,0.8288792,0.45765898,0.65775836
0,1,0.8974765,0.33059257,0.794953
0,0,0.93475395,0.24116462,0.8695079
0,1,0.5917213,0.6762259,0.1834426
0,0,0.86172396,0.4018216,0.7234479
0,0,0.9920373,0.046414554,0.9840746
1,1,0.93803966,0.23232773,0.8760793
1,1,0.98763204,0.06661925,0.9752641
0,0,0.98781484,0.06581707,0.9756297
1,1,0.9898935,0.05649036,0.979787
0,0,0.9347553,0.24116093,0.86951065
1,1,0.9898935,0.05649036,0.979787
1,1,0.78418124,0.5215647,0.5683625
1,1,0.7751031,0.5330363,0.5502062
0,0,0.9915782,0.048616417,0.98315644
1,1,0.5438442,0.68929756,0.087688446
0,0,0.98711187,0.06888684,0.97422373
1,0,0.9287809,0.25678095,0.8575618
0,0,0.9895713,0.05796241,0.97914255
0,0,0.9934039,0.03969501,0.9868078
0,0,0.9587174,0.17199913,0.9174348
1,1,0.9884366,0.06306811,0.97687316
0,0,0.9597182,0.16883855,0.91943645
0,0,0.93475515,0.2411614,0.8695103
0,0,0.9347555,0.2411605,0.869511
1,1,0.9907102,0.052711993,0.9814204
0,0,0.9659666,0.14849465,0.93193316
1,1,0.9907102,0.052711993,0.9814204
0,0,0.934753,0.24116713,0.869506
0,0,0.99237615,0.04477215,0.9847523
0,0,0.9908867,0.051886138,0.9817734
1,1,0.94188005,0.22176287,0.8837601
0,0,0.58576655,0.67836237,0.17153314
0,0,0.9347551,0.24116154,0.8695102
0,0,0.9476326,0.20542777,0.8952652
1,0,0.6022941,0.6720705,0.20458815
0,0,0.9900838,0.055616103,0.9801676
1,1,0.88641626,0.35394302,0.7728325
0,0,0.9814592,0.09230453,0.9629184
0,0,0.71836257,0.59449315,0.4367251
0,0,0.9935635,0.038892936,0.98712695
1,0,0.51948786,0.6923874,0.038975716
0,0,0.56163394,0.68553036,0.12326789
0,0,0.98262864,0.08762451,0.9652573
0,1,0.9236378,0.2697934,0.8472756
0,0,0.9897052,0.05735184,0.9794104
0,0,0.9978144,0.015571862,0.99562883
0,0,0.9347555,0.24116047,0.869511
1,1,0.9872093,0.06846359,0.97441864
0,0,0.93475544,0.24116065,0.8695109
0,1,0.6593433,0.6414701,0.3186866
0,1,0.71761674,0.59519017,0.43523347
0,0,0.99026835,0.054764733,0.9805367
1,0,0.92205566,0.2737198,0.8441113
1,1,0.98862946,0.062208477,0.9772589
1,1,0.9907102,0.052711993,0.9814204
1,0,0.64542073,0.6502354,0.29084146
1,1,0.8901479,0.34620595,0.78029585
0,0,0.99190176,0.047067445,0.9838035
1,1,0.9890057,0.06052216,0.97801137
0,0,0.9896473,0.057615947,0.97929466
1,1,0.98936975,0.058877952,0.9787395
0,0,0.9347555,0.24116051,0.869511
1,0,0.9070902,0.3092189,0.8141804
1,1,0.93803966,0.23232773,0.8760793
0,0,0.93475527,0.2411611,0.86951053
0,0,0.98865557,0.062091872,0.97731113
0,0,0.9347555,0.24116047,0.869511
1,0,0.74875224,0.5637018,0.4975045
1,0,0.7519063,0.5602312,0.50381255
1,1,0.9880409,0.06482132,0.97608185
1,1,0.9364585,0.23660281,0.87291706
1,1,0.9343248,0.24230555,0.8686496
0,0,0.9809354,0.09437604,0.9618708
1,1,0.93704313,0.2350271,0.87408626
1,0,0.93153644,0.24964643,0.8630729
1,1,0.9882405,0.06393874,0.97648096
1,1,0.9905523,0.053447925,0.9811046
1,1,0.9882405,0.06393874,0.97648096
1,1,0.6962209,0.6140324,0.39244175
0,0,0.90926933,0.3042251,0.81853867
1,1,0.8060498,0.49190035,0.61209965
1,1,0.98936975,0.058877952,0.9787395
0,0,0.991858,0.047277637,0.983716
0,0,0.9930601,0.0414103,0.9861202
0,0,0.9935635,0.038892936,0.98712695
0,0,0.99223155,0.045474786,0.9844631
1,0,0.69389385,0.61594963,0.3877877
0,0,0.9920373,0.046414554,0.9840746
1,1,0.99006236,0.055714805,0.9801247
1,0,0.6191774,0.6644654,0.2383548
1,1,0.97678363,0.11030557,0.95356727
0,0,0.97927475,0.10084831,0.9585495
0,0,0.9915463,0.048768688,0.98309255
1,1,0.5211989,0.6922481,0.042397857
1,0,0.9348493,0.24091068,0.86969864
0,0,0.93475544,0.24116066,0.8695109
1,1,0.9431207,0.21829298,0.88624144
0,0,0.98275954,0.08709583,0.9655191
1,1,0.95981014,0.16854706,0.9196203
0,0,0.9347547,0.24116251,0.86950946
1,1,0.94023865,0.22631034,0.8804773
1,1,0.8288792,0.45765898,0.65775836
1,0,0.64542073,0.6502354,0.29084146
1,0,0.84690857,0.42803422,0.69381714
0,0,0.9521846,0.19203183,0.90436924
0,0,0.984168,0.08134119,0.968336
0,0,0.9921582,0.045830466,0.98431635
1,1,0.943189,0.21810111,0.88637805
0,0,0.8914147,0.34354734,0.7828294
0,1,0.9050452,0.31385392,0.8100904
1,1,0.6962209,0.6140324,0.39244175
1,0,0.9348557,0.24089369,0.8697114
0,0,0.97528946,0.11584465,0.9505789
0,0,0.9920373,0.04641454,0.9840746
1,1,0.6501296,0.6473664,0.30025923
1,0,0.9348693,0.2408574,0.8697386
1,0,0.83081234,0.45459577,0.66162467
0,0,0.9933163,0.040133808,0.9866326
1,1,0.9872093,0.06846359,0.97441864
1,1,0.9872093,0.06846359,0.97441864
0,0,0.9347551,0.24116157,0.8695102
0,0,0.86172396,0.4018216,0.7234479
1,1,0.9884366,0.06306811,0.97687316
1,1,0.9882405,0.06393874,0.97648096
0,0,0.9909721,0.051485296,0.9819442
0,1,0.9724338,0.12617746,0.9448676
0,0,0.9198936,0.27902913,0.83978724
0,0,0.9347552,0.24116126,0.8695104
0,0,0.99368346,0.038287207,0.9873669
0,0,0.9935026,0.039199427,0.98700523
0,0,0.6911792,0.6181539,0.38235843
1,0,0.5214814,0.692224,0.04296276
1,1,0.9390214,0.2296517,0.8780428
1,0,0.80959785,0.48680556,0.6191957
1,1,0.663699,0.6385514,0.32739794
0,0,0.9916237,0.04839944,0.9832474
1,1,0.9163655,0.28755754,0.832731
0,0,0.9347549,0.24116206,0.8695098
1,0,0.87399757,0.3787162,0.74799514
0,0,0.9034956,0.3173337,0.8069912
0,0,0.86172396,0.4018216,0.7234479
0,0,0.78880346,0.51553774,0.5776069
1,0,0.88697636,0.35279065,0.7739527
1,1,0.98763204,0.06661925,0.9752641
1,1,0.9882405,0.06393874,0.97648096
1,1,0.98936975,0.058877952,0.9787395
0,0,0.99190176,0.04706746,0.9838035
1,1,0.9888192,0.061359704,0.97763836
0,0,0.9881524,0.06432886,0.97630477
1,1,0.9244036,0.26788023,0.8488072
0,0,0.98699015,0.06941415,0.9739803
0,0,0.8347927,0.44820485,0.66958535
1,0,0.5137969,0.6927664,0.027593821
0,0,0.9869714,0.06949553,0.97394276
1,1,0.7693928,0.540009,0.5387856
1,0,0.82239,0.46774995,0.64478004
0,0,0.86172396,0.4018216,0.7234479
1,1,0.8288792,0.45765898,0.65775836
1,0,0.68893623,0.61994916,0.3778725
1,0,0.93261385,0.24682468,0.8652277
1,0,0.8852591,0.35631394,0.7705182
1,1,0.93112177,0.25072756,0.86224353
1,0,0.80698913,0.49055943,0.61397827
0,0,0.9929947,0.041734412,0.98598945
1,0,0.67814755,0.6282579,0.3562951
1,1,0.8288792,0.45765898,0.65775836
1,0,0.6608393,0.6404772,0.32167867
0,0,0.9926576,0.043396503,0.9853152
1,0,0.861724,0.40182152,0.72344804
0,0,0.9928618,0.042391736,0.9857236
0,0,0.9926575,0.04339709,0.98531497
0,0,0.84931564,0.42389435,0.6986313
1,1,0.94220084,0.2208684,0.8844017
1,0,0.7300637,0.5831955,0.46012732
0,0,0.99286133,0.04239405,0.98572266
0,0,0.9929947,0.041734584,0.98598945
0,0,0.98970485,0.05735346,0.9794097
0,0,0.86172396,0.4018216,0.7234479
1,1,0.9907102,0.052711993,0.9814204
1,1,0.98954725,0.05807176,0.9790945
1,1,0.7068171,0.6049771,0.41363418
0,0,0.97265035,0.12540506,0.9453007
1,1,0.95685685,0.17780773,0.9137137
0,0,0.9347537,0.24116525,0.86950743
0,0,0.73723733,0.5759268,0.47447467
1,0,0.76976204,0.5395637,0.5395241
1,1,0.98936975,0.058877952,0.9787395
0,0,0.99362355,0.038589805,0.9872471
1,1,0.8315317,0.45344913,0.6630634
1,0,0.64652586,0.6495708,0.29305175
1,0,0.93475574,0.24115983,0.8695115
0,0,0.9078572,0.3074677,0.81571436
1,1,0.98742247,0.067535415,0.97484493
1,1,0.7698338,0.5394771,0.5396676
1,0,0.81081796,0.48503476,0.6216359
0,0,0.94441307,0.21464804,0.88882613
0,0,0.93475544,0.24116059,0.8695109
0,0,0.98432034,0.08071116,0.9686407
1,0,0.6049979,0.6709331,0.20999575
0,0,0.99138594,0.049531307,0.9827719
1,0,0.8409629,0.43806976,0.6819258
1,1,0.94094145,0.2243692,0.8818829
1,0,0.85645604,0.411345,0.7129121
0,0,0.9903592,0.054344375,0.9807184
0,0,0.9347555,0.24116051,0.869511
1,1,0.51906383,0.6924201,0.03812766
1,0,0.64542073,0.6502354,0.29084146
1,1,0.93500525,0.24049512,0.8700105
1,1,0.9884366,0.06306811,0.97687316
1,1,0.8288792,0.45765898,0.65775836
1,0,0.9699671,0.13485634,0.93993425
0,0,0.98460984,0.07950996,0.9692197
1,1,0.8288792,0.45765898,0.65775836
0,1,0.56855094,0.68371904,0.13710189
0,0,0.9936826,0.038291518,0.98736525
1,0,0.87073976,0.384978,0.7414795
0,0,0.99080104,0.052287392,0.9816021
0,0,0.78806365,0.51651096,0.5761273
1,1,0.6962209,0.6140324,0.39244175
0,0,0.9347553,0.2411609,0.86951065
0,0,0.9346104,0.24154651,0.86922085
0,0,0.9937427,0.037987325,0.9874854
1,1,0.9907102,0.052711993,0.9814204
1,0,0.78228086,0.52400595,0.5645617
0,0,0.87376404,0.37916827,0.7475281
1,1,0.9902284,0.054949284,0.9804568
0,0,0.99251795,0.04408057,0.9850359
0,0,0.9920373,0.04641454,0.9840746
1,1,0.81960124,0.47199762,0.6392025
0,0,0.9734994,0.122358955,0.94699883
1,1,0.6448231,0.65059257,0.28964615
0,0,0.9920373,0.04641454,0.9840746
0,0,0.93475115,0.2411721,0.8695023
0,0,0.9780896,0.10538378,0.95617914
1,1,0.50403196,0.69311464,0.008063912
1,1,0.9457982,0.21070603,0.89159644
0,0,0.8973964,0.33076632,0.7947928
1,0,0.93487334,0.24084668,0.8697467
0,0,0.5999127,0.67304707,0.1998254
0,0,0.9803972,0.09648917,0.96079445
0,0,0.9809354,0.09437606,0.9618708
0,0,0.9347555,0.24116047,0.869511
0,0,0.93475485,0.24116217,0.8695097
0,0,0.9884803,0.06287342,0.97696066
0,0,0.9841715,0.08132654,0.968343
0,0,0.988372,0.063354984,0.97674406
1,0,0.6902673,0.6188866,0.38053462
1,1,0.98862946,0.062208477,0.9772589
1,1,0.6962209,0.6140324,0.39244175
1,0,0.93048024,0.2523949,0.8609605
1,0,0.7960471,0.5058337,0.5920942
1,1,0.8990318,0.32720512,0.79806364
0,0,0.9347543,0.24116367,0.8695086
0,0,0.9347555,0.24116051,0.869511
1,0,0.8166156,0.47648683,0.63323116
1,1,0.9907102,0.052711993,0.9814204
1,0,0.9197503,0.27937886,0.83950055
1,1,0.93327284,0.24508965,0.8665457
1,1,0.8991468,0.32695362,0.7982936
1,0,0.6764999,0.62947965,0.3529998
1,1,0.8288792,0.45765898,0.65775836
1,1,0.8321789,0.4524144,0.6643578
1,1,0.98918927,0.059694607,0.97837853
0,0,0.9818697,0.09067055,0.9637394
1,0,0.87997043,0.36698386,0.75994086
1,1,0.7319758,0.58128375,0.4639516
1,1,0.69621986,0.6140332,0.39243972
0,0,0.99135554,0.04967539,0.9827111
1,1,0.98954725,0.05807176,0.9790945
0,0,0.98341864,0.08441799,0.9668373
1,1,0.666046,0.63694346,0.33209205
1,1,0.9353614,0.23954451,0.8707228
1,0,0.77386135,0.53456837,0.5477227
1,0,0.8967983,0.3320614,0.7935966
1,1,0.8291342,0.45725638,0.65826845
0,0,0.9482594,0.2036088,0.8965188
0,0,0.9721414,0.12721781,0.94428277
1,1,0.7103312,0.60185486,0.4206624
0,0,0.73436713,0.5788666,0.46873423
0,1,0.6149058,0.66650295,0.22981155
0,0,0.93475413,0.24116407,0.86950827
1,1,0.80895364,0.48773664,0.6179073
1,0,0.6912376,0.61810684,0.38247526
1,1,0.9898935,0.05649036,0.979787
0,0,0.582888,0.67934275,0.16577598
0,0,0.9347537,0.24116525,0.86950743
1,0,0.92884994,0.25660366,0.8576999
1,1,0.6749973,0.630583,0.34999466
0,0,0.9347543,0.24116361,0.8695086
1,1,0.98972183,0.057275865,0.97944367
0,0,0.97936696,0.10049265,0.9587339
0,0,0.9347555,0.24116051,0.869511
0,0,0.8300527,0.45580268,0.66010535
1,0,0.68832934,0.6204308,0.3766587
1,1,0.98936975,0.058877952,0.9787395
0,0,0.99113995,0.050695017,0.9822799
1,1,0.99039173,0.054193627,0.98078346
1,1,0.9238657,0.269225,0.84773135
1,0,0.8300522,0.45580345,0.6601044
1,0,0.8493538,0.4238283,0.6987076
0,0,0.9479826,0.20441306,0.8959652
0,0,0.9772624,0.10851025,0.95452476
1,0,0.6973891,0.61306024,0.39477825
1,1,0.6962208,0.6140325,0.39244163
1,1,0.9353614,0.23954451,0.8707228
1,1,0.6962208,0.6140325,0.39244163
1,0,0.7961349,0.5057142,0.5922698
0,0,0.99272627,0.043059282,0.98545253
0,0,0.9347553,0.24116096,0.86951065
1,0,0.6019025,0.67223275,0.20380494
0,0,0.963302,0.15730429,0.92660403
1,1,0.99039173,0.054193627,0.98078346
1,1,0.96480054,0.15237547,0.9296011
1,0,0.7950544,0.50718254,0.59010875
1,1,0.60049725,0.6728096,0.20099449
0,0,0.98461,0.079509325,0.96922004
1,0,0.91202927,0.29781753,0.82405853
1,1,0.81768584,0.47488448,0.6353717
1,0,0.8088691,0.4878586,0.61773825
0,0,0.98967147,0.057505783,0.97934294
1,0,0.7037965,0.6076131,0.40759298
0,0,0.97908175,0.10159166,0.9581635
1,0,0.9119892,0.29791123,0.8239784
0,0,0.93868375,0.23057395,0.8773675
1,1,0.9432485,0.21793395,0.886497
1,0,0.8943873,0.33724314,0.7887746
1,0,0.8576182,0.4092637,0.7152364
0,0,0.934754,0.24116448,0.869508
1,1,0.6962209,0.6140324,0.39244175
1,1,0.6962209,0.6140324,0.39244175
0,0,0.99368346,0.038287237,0.9873669
1,1,0.9888192,0.061359704,0.97763836
0,0,0.9347555,0.24116051,0.869511
0,0,0.93475485,0.24116224,0.8695097
1,1,0.93500525,0.24049512,0.8700105
1,1,0.98936975,0.058877952,0.9787395
0,0,0.99331623,0.040134106,0.98663247
0,0,0.9894115,0.058688674,0.97882295
0,0,0.99083585,0.05212432,0.9816717
1,1,0.9907102,0.052711993,0.9814204
0,0,0.9347549,0.24116206,0.8695098
1,1,0.94094145,0.2243692,0.8818829
0,0,0.99122274,0.050304197,0.9824455
0,0,0.8617239,0.40182173,0.7234478
1,0,0.8967985,0.332061,0.793597
1,0,0.93475574,0.24115983,0.8695115
0,0,0.9848943,0.07832449,0.96978855
0,0,0.93475515,0.2411614,0.8695103
1,0,0.64542073,0.6502354,0.29084146
0,0,0.98865557,0.062091853,0.97731113
0,0,0.991039,0.051170856,0.98207796
1,1,0.83587074,0.4464541,0.6717415
1,0,0.93484545,0.24092099,0.8696909
1,1,0.92143685,0.275246,0.8428737
0,0,0.97618896,0.11252165,0.9523779
0,1,0.5123761,0.6928408,0.02475226
0,0,0.98146,0.09230144,0.96291995
1,1,0.7809796,0.52566534,0.56195915
0,0,0.9916237,0.048399456,0.9832474
1,0,0.85968375,0.40553713,0.7193675
0,0,0.93474656,0.24118432,0.8694931
1,0,0.6401684,0.65332127,0.28033686
1,0,0.5976676,0.673946,0.19533518
0,0,0.934755,0.24116178,0.86951005
1,1,0.699808,0.6110269,0.399616
0,0,0.7178339,0.5949875,0.43566772
1,1,0.9374636,0.23389028,0.87492716
1,1,0.9195071,0.2799716,0.8390142
0,0,0.5513838,0.6878573,0.10276759
0,0,0.93475544,0.24116059,0.8695109
0,0,0.9347543,0.24116367,0.8695086
1,0,0.93475574,0.24115983,0.8695115
1,1,0.8704628,0.38550603,0.74092555
0,0,0.9920373,0.04641454,0.9840746
0,0,0.9916237,0.04839944,0.9832474
0,0,0.98937744,0.05884304,0.9787549
0,0,0.9347555,0.24116044,0.869511
0,0,0.8596837,0.40553725,0.7193674
1,1,0.92902523,0.2561531,0.85805047
1,1,0.9236378,0.2697934,0.8472756
0,0,0.934755,0.24116178,0.86951005
0,0,0.934752,0.24116983,0.869504
0,0,0.86172396,0.4018216,0.7234479
1,1,0.6962208,0.6140325,0.39244163
1,1,0.99006236,0.055714805,0.9801247
0,0,0.86172396,0.4018216,0.7234479
0,0,0.9423887,0.22034368,0.8847774
1,0,0.7823702,0.5238917,0.5647404
1,0,0.8076996,0.4895414,0.61539924
1,1,0.6980302,0.61252415,0.39606035
1,1,0.8288792,0.45765898,0.65775836
0,0,0.9247685,0.26696563,0.849537
0,0,0.9293696,0.2552665,0.85873926
0,0,0.93475515,0.2411614,0.8695103
0,0,0.9573905,0.17615044,0.914781
1,1,0.93704313,0.2350271,0.87408626
1,1,0.9236378,0.2697934,0.8472756
0,0,0.93475467,0.24116272,0.86950934
0,0,0.86172396,0.4018216,0.7234479
1,0,0.5426628,0.68950254,0.0853256
0,0,0.9629247,0.15853512,0.92584944
1,0,0.7891329,0.5151033,0.5782658
0,0,0.99138606,0.0495307,0.9827721
1,0,0.50131255,0.6931437,0.0026251078
1,0,0.9349018,0.24077088,0.86980355
0,0,0.99122274,0.05030404,0.9824455
0,0,0.98402447,0.08193319,0.96804893
0,0,0.9347555,0.24116047,0.869511
1,1,0.9431207,0.21829298,0.88624144
0,0,0.8518208,0.41953763,0.70364165
1,1,0.89343655,0.33926952,0.7868731
0,0,0.98880273,0.061433416,0.97760546
1,0,0.9146893,0.29155207,0.8293786
1,1,0.94220084,0.2208684,0.8844017
0,1,0.9976236,0.016732048,0.99524724
1,1,0.98954725,0.05807176,0.9790945
0,0,0.99325347,0.040447783,0.98650694
0,0,0.99200904,0.046550848,0.9840181
1,0,0.9347216,0.24125078,0.8694432
1,0,0.861724,0.40182152,0.72344804
0,0,0.93475395,0.24116461,0.8695079
1,1,0.6962209,0.6140324,0.39244175
1,1,0.9412671,0.2234668,0.88253415
0,0,0.95355946,0.18789814,0.9071189
1,1,0.5548641,0.6871149,0.10972822
1,1,0.98862946,0.062208477,0.9772589
0,0,0.9347446,0.24118951,0.8694892
0,0,0.82222927,0.46799627,0.64445853
1,0,0.861724,0.40182152,0.72344804
0,0,0.99242043,0.044556364,0.98484087
0,0,0.9937406,0.037997823,0.98748124
0,0,0.93475485,0.24116217,0.8695097
0,0,0.98723173,0.06836614,0.97446346
0,0,0.86172396,0.4018216,0.7234479
0,0,0.9347551,0.2411616,0.8695102
1,1,0.98918927,0.059694607,0.97837853
1,0,0.74481034,0.5679651,0.48962066
1,1,0.7668046,0.5431087,0.53360915
1,1,0.99006236,0.055714805,0.9801247
1,1,0.9888192,0.061359704,0.97763836
1,1,0.9880409,0.06482132,0.97608185
0,0,0.97808963,0.105383635,0.95617926
1,0,0.9374655,0.23388508,0.874931
0,0,0.9606305,0.16593528,0.92126095
1,0,0.86283463,0.39978424,0.72566926
1,1,0.9457982,0.21070603,0.89159644
1,0,0.73397034,0.5792697,0.4679407
0,0,0.9347551,0.24116163,0.8695102
0,0,0.9929283,0.04206306,0.98585665
0,0,0.94285494,0.21903868,0.8857099
1,0,0.7697384,0.53959227,0.53947675
0,0,0.99344116,0.03950828,0.9868823
1,0,0.9293336,0.25535923,0.85866725
1,1,0.93074393,0.25171036,0.86148787
0,0,0.98980427,0.056898985,0.97960854
1,0,0.9347216,0.24125078,0.8694432
1,1,0.8288792,0.45765898,0.65775836
1,1,0.8288792,0.45765898,0.65775836
0,0,0.990972,0.051485725,0.98194396
1,1,0.5024609,0.69313514,0.004921794
1,0,0.8839284,0.35902408,0.76785684
0,0,0.86172396,0.4018216,0.7234479
1,0,0.81370634,0.48080388,0.6274127
1,1,0.8288792,0.45765898,0.65775836
1,1,0.98742247,0.067535415,0.97484493
0,0,0.9347406,0.24120012,0.8694812
0,0,0.98890394,0.060979474,0.9778079
1,1,0.9872093,0.06846359,0.97441864
0,0,0.9033427,0.3176756,0.80668545
0,0,0.9920373,0.04641454,0.9840746
0,0,0.99300873,0.04166499,0.98601747
0,0,0.93475527,0.24116111,0.86951053
0,0,0.98460984,0.07950998,0.9692197
0,0,0.9347546,0.24116291,0.8695092
0,1,0.7498175,0.5625355,0.49963498
1,1,0.9475168,0.20576295,0.8950336
0,0,0.86172396,0.4018216,0.7234479
1,1,0.8288792,0.45765898,0.65775836
0,0,0.98735064,0.06784866,0.9747013
1,0,0.7072917,0.6045588,0.41458344
1,1,0.9236378,0.2697934,0.8472756
1,1,0.8288792,0.45765898,0.65775836
0,0,0.9766191,0.11092023,0.95323825
1,1,0.98918927,0.059694607,0.97837853
0,0,0.9347544,0.24116354,0.86950874
0,0,0.9413531,0.22322807,0.88270617
1,1,0.56318074,0.68514216,0.12636149
0,0,0.9920096,0.046548333,0.98401916
1,1,0.8288792,0.45765898,0.65775836
1,1,0.9686294,0.13947463,0.93725884
0,0,0.99190176,0.047067445,0.9838035
0,0,0.91863096,0.28210044,0.8372619
1,0,0.68255883,0.6249256,0.36511767
0,0,0.9611023,0.16442496,0.9222046
1,1,0.6962209,0.6140324,0.39244175
0,0,0.9126621,0.29633504,0.8253242
1,1,0.9389534,0.22983763,0.8779068
1,0,0.90344846,0.31743914,0.8068969
0,0,0.63486135,0.6563176,0.2697227
1,0,0.93475574,0.24115983,0.8695115
1,0,0.7191982,0.593709,0.43839645
1,1,0.93838024,0.2314013,0.8767605
0,0,0.9855638,0.07551226,0.9711276
1,1,0.98783827,0.06571416,0.97567654
1,0,0.8576182,0.4092637,0.7152364
1,1,0.9882405,0.06393874,0.97648096
1,0,0.5595013,0.6860496,0.11900255
0,0,0.9665271,0.14661442,0.9330542
0,0,0.89056695,0.34532836,0.7811339
1,1,0.6962209,0.6140324,0.39244175
1,1,0.9907102,0.052711993,0.9814204
0,0,0.9935627,0.038896866,0.9871254
1,1,0.98783827,0.06571416,0.97567654
0,1,0.9162125,0.2879237,0.832425
1,0,0.93367547,0.24402615,0.86735094
0,0,0.9935024,0.039200492,0.98700476
1,1,0.9131452,0.2952,0.82629037
1,0,0.67417544,0.63118213,0.34835088
0,0,0.9347544,0.24116348,0.86950874
0,0,0.9884803,0.06287335,0.97696066
0,0,0.9768365,0.11010785,0.953673
0,0,0.9347554,0.24116084,0.86951077
1,0,0.54743207,0.68864083,0.0948641
1,1,0.9373889,0.23409243,0.8747778
1,0,0.7961978,0.50562847,0.59239554
0,0,0.9920373,0.04641454,0.9840746
1,1,0.6962209,0.6140324,0.39244175
1,0,0.5220455,0.69217485,0.044090986
0,0,0.9835725,0.0837892,0.96714497
1,1,0.9905523,0.053447925,0.9811046
1,0,0.9371668,0.23469299,0.8743336
1,1,0.9907102,0.052711993,0.9814204
0,0,0.90200204,0.32066166,0.8040041
0,0,0.9347546,0.24116284,0.8695092
1,0,0.7276095,0.585622,0.455219
1,1,0.99006236,0.055714805,0.9801247
0,0,0.93475544,0.24116063,0.8695109
1,0,0.50447667,0.69310707,0.008953303
0,0,0.99368346,0.038287207,0.9873669
0,0,0.9347548,0.24116234,0.8695096
1,1,0.9888192,0.061359704,0.97763836
1,0,0.88175637,0.36341092,0.76351273
1,0,0.8638048,0.39799607,0.72760963
0,0,0.9887995,0.0614479,0.977599
1,0,0.82740474,0.45997757,0.6548095
1,1,0.8288792,0.45765898,0.65775836
1,1,0.5274859,0.6916355,0.054971814
1,0,0.89032596,0.34583333,0.7806519
1,1,0.98783827,0.06571416,0.97567654
0,0,0.93475544,0.24116065,0.8695109
0,0,0.99251825,0.044079073,0.9850365
1,1,0.79547143,0.50661665,0.59094286
1,1,0.81417906,0.48010623,0.6283581
1,1,0.8089746,0.48770636,0.61794925
1,0,0.7956806,0.5063324,0.59136117
1,1,0.9902284,0.054949284,0.9804568
1,1,0.7709592,0.5381147,0.5419184
1,1,0.98862946,0.062208477,0.9772589
1,1,0.9905523,0.053447925,0.9811046
1,0,0.85968375,0.40553713,0.7193675
1,1,0.93500525,0.24049512,0.8700105
0,0,0.93475515,0.2411614,0.8695103
1,1,0.9907102,0.052711993,0.9814204
0,0,0.85968363,0.40553743,0.71936727
0,0,0.9937423,0.037989378,0.9874846
0,0,0.9347554,0.24116075,0.86951077
0,0,0.988372,0.06335504,0.97674406
0,0,0.9413501,0.22323637,0.8827002
0,1,0.59936696,0.6732675,0.19873393
0,0,0.9892524,0.059409305,0.9785048
1,1,0.9236378,0.2697934,0.8472756
0,0,0.93475544,0.24116063,0.8695109
0,0,0.9936835,0.03828691,0.98736703
1,0,0.85968375,0.40553713,0.7193675
1,0,0.9348961,0.24078596,0.8697922
1,1,0.69621986,0.6140332,0.39243972
1,1,0.8815521,0.36382112,0.7631042
1,1,0.8288792,0.45765898,0.65775836
1,1,0.98918927,0.059694607,0.97837853
0,0,0.9920373,0.04641454,0.9840746
1,1,0.9882405,0.06393874,0.97648096
0,0,0.99337894,0.039820343,0.9867579
0,0,0.9898013,0.056912683,0.9796026
0,0,0.86609876,0.3937361,0.7321975
0,0,0.741664,0.5713092,0.48332798
1,1,0.6962208,0.6140325,0.39244163
1,1,0.9888192,0.061359704,0.97763836
1,1,0.8047027,0.49381357,0.6094054
0,0,0.9020023,0.3206611,0.80400455
1,0,0.9347216,0.24125078,0.8694432
0,0,0.9929948,0.041734077,0.9859896
0,0,0.92357594,0.26994762,0.8471519
1,1,0.9882405,0.06393874,0.97648096
1,0,0.861724,0.40182152,0.72344804
0,0,0.9347537,0.2411652,0.86950743
0,0,0.9347555,0.2411605,0.869511
1,1,0.98918927,0.059694607,0.97837853
1,1,0.8288792,0.45765898,0.65775836
1,1,0.9236378,0.2697934,0.8472756
1,1,0.99039173,0.054193627,0.98078346
1,1,0.9369664,0.2352342,0.87393284
1,0,0.9459526,0.2102644,0.8919052
1,1,0.68731755,0.6212301,0.3746351
1,0,0.52148086,0.692224,0.042961717
0,0,0.9568019,0.17797805,0.9136038
1,1,0.937371,0.23414081,0.87474203
1,1,0.99039173,0.054193627,0.98078346
1,0,0.5172783,0.69254994,0.034556627
1,0,0.93367547,0.24402615,0.86735094
1,1,0.9098067,0.30298474,0.81961346
0,0,0.9929286,0.042061575,0.98585725
0,0,0.97683734,0.110104725,0.9536747
1,0,0.85968375,0.40553713,0.7193675
1,1,0.9450432,0.2128593,0.8900864
1,1,0.62947714,0.6592334,0.2589543
1,1,0.98954725,0.05807176,0.9790945
1,1,0.9475168,0.20576295,0.8950336
1,1,0.8983117,0.32877687,0.79662335
1,1,0.9902284,0.054949284,0.9804568
1,1,0.8288792,0.45765898,0.65775836
1,0,0.8576182,0.4092637,0.7152364
0,0,0.97435987,0.119243614,0.94871974
0,0,0.93475544,0.24116066,0.8695109
0,0,0.9920373,0.04641454,0.9840746
0,1,0.66074175,0.64054227,0.3214835
1,1,0.98763204,0.06661925,0.9752641
1,1,0.8288792,0.45765898,0.65775836
1,1,0.8902713,0.34594774,0.7805426
1,1,0.7826642,0.5235152,0.56532836
0,0,0.9921583,0.045829877,0.9843166
0,0,0.9920373,0.046414554,0.9840746
1,0,0.6890539,0.6198555,0.37810776
1,1,0.69621986,0.6140332,0.39243972
1,0,0.80946654,0.48699558,0.6189331
1,1,0.9902284,0.054949284,0.9804568
1,1,0.93327284,0.24508965,0.8665457
1,1,0.98763204,0.06661925,0.9752641
1,1,0.6962208,0.6140325,0.39244163
1,0,0.93475574,0.24115983,0.8695115
1,1,0.5420004,0.68961495,0.084000826
0,0,0.99306035,0.041408964,0.9861207
0,0,0.77948415,0.5275601,0.5589683
1,1,0.6962208,0.6140325,0.39244163
0,0,0.97506016,0.11668636,0.95012033
0,0,0.9920373,0.04641454,0.9840746
1,0,0.9223671,0.27294973,0.8447342
0,0,0.86172396,0.4018216,0.7234479
1,1,0.6394438,0.65373755,0.27888763
0,0,0.919894,0.2790282,0.83978796
0,0,0.5437286,0.68931794,0.08745721
1,1,0.9412671,0.2234668,0.88253415
0,0,0.9347555,0.24116044,0.869511
1,1,0.98862946,0.062208477,0.9772589
0,0,0.99318963,0.04076625,0.98637927
0,0,0.9911888,0.050464325,0.98237765
0,0,0.989031,0.060408138,0.97806203
1,0,0.93261385,0.24682468,0.8652277
0,0,0.9347549,0.24116209,0.8695098
0,0,0.86172396,0.4018216,0.7234479
1,1,0.8246612,0.46425137,0.6493224
0,0,0.9765417,0.11120905,0.9530834
1,1,0.6438878,0.65114844,0.28777564
0,0,0.93475515,0.2411614,0.8695103
1,1,0.7982335,0.5028416,0.596467
1,1,0.9299506,0.25376672,0.8599012
0,0,0.9347549,0.24116203,0.8695098
1,1,0.9872093,0.06846359,0.97441864
0,0,0.99026805,0.054766096,0.9805361
0,1,0.56137705,0.68559384,0.1227541
1,0,0.5411866,0.6897507,0.08237314
1,0,0.8607808,0.40354362,0.72156155
1,1,0.9898935,0.05649036,0.979787
1,0,0.861724,0.40182152,0.72344804
0,0,0.9347555,0.24116051,0.869511
1,1,0.6815384,0.6257044,0.3630768
0,0,0.8827617,0.36138612,0.76552343
0,0,0.7875443,0.5171921,0.5750886
0,0,0.99306023,0.041409675,0.98612046
0,0,0.9347552,0.24116132,0.8695104
1,0,0.91033745,0.30175644,0.8206749
1,1,0.98918927,0.059694607,0.97837853
1,1,0.9882405,0.06393874,0.97648096
0,0,0.93475485,0.24116217,0.8695097
0,0,0.73818177,0.57495016,0.47636354
0,0,0.93475527,0.24116111,0.86951053
1,0,0.5789128,0.68064046,0.15782559
1,0,0.8817611,0.36340144,0.76352215
1,0,0.8315811,0.45337027,0.66316223
0,0,0.97506016,0.11668639,0.95012033
0,0,0.5489177,0.68835366,0.09783542
0,0,0.9080508,0.3070246,0.81610155
1,1,0.9236378,0.2697934,0.8472756
1,1,0.8288792,0.45765898,0.65775836
1,1,0.6784771,0.62801206,0.35695422
1,0,0.93367547,0.24402615,0.86735094
1,1,0.83390844,0.44963443,0.6678169
1,1,0.9907102,0.052711993,0.9814204
1,1,0.88847727,0.3496872,0.77695453
0,0,0.69375336,0.61606455,0.3875067
0,0,0.6621634,0.63959014,0.32432675
1,1,0.9907102,0.052711993,0.9814204
1,0,0.85127497,0.42049116,0.70254993
0,0,0.9347554,0.24116084,0.86951077
1,1,0.98742247,0.067535415,0.97484493
1,0,0.85761833,0.40926343,0.71523666
1,1,0.6962209,0.6140324,0.39244175
1,0,0.504605,0.69310474,0.0092099905
1,1,0.93595386,0.23795846,0.8719077
1,1,0.9412671,0.2234668,0.88253415
1,1,0.8288792,0.45765898,0.65775836
1,0,0.9304431,0.25249124,0.8608862
0,0,0.9741225,0.12010595,0.94824505
0,0,0.99230427,0.04512176,0.98460853
1,1,0.8085053,0.48838305,0.6170106
0,0,0.9584156,0.17294715,0.91683125
1,0,0.85968375,0.40553713,0.7193675
1,0,0.93367547,0.24402615,0.86735094
1,0,0.7537838,0.5581399,0.50756764
1,1,0.9312034,0.25051486,0.86240685
1,1,0.8877079,0.35128087,0.7754158
1,1,0.8288792,0.45765898,0.65775836
1,1,0.7111662,0.6011042,0.4223324
1,0,0.92766345,0.25964138,0.8553269
0,1,0.8288792,0.45765898,0.65775836
1,1,0.9890057,0.06052216,0.97801137
0,0,0.97445077,0.11891287,0.94890153
1,1,0.9236378,0.2697934,0.8472756
1,0,0.72403127,0.58910555,0.44806254
0,0,0.934755,0.24116178,0.86951005
1,1,0.9902284,0.054949284,0.9804568
0,0,0.9894111,0.058690406,0.97882223
1,0,0.9198533,0.27912742,0.83970666
0,0,0.86172396,0.4018216,0.7234479
1,0,0.894533,0.3369318,0.78906596
0,0,0.99331665,0.040132053,0.9866333
1,1,0.5256045,0.6918354,0.051208973
0,0,0.93475544,0.24116066,0.8695109
0,0,0.92864776,0.2571228,0.8572955
1,0,0.9347216,0.24125078,0.8694432
1,1,0.98918927,0.059694607,0.97837853
0,0,0.9882674,0.06381932,0.97653484
1,1,0.8288792,0.45765898,0.65775836
1,1,0.9322051,0.24789736,0.86441016
0,0,0.9835886,0.083723396,0.96717715
0,0,0.9911395,0.05069735,0.98227894
0,0,0.9326481,0.24673459,0.86529624
0,0,0.99130476,0.049916193,0.9826095
0,0,0.83369654,0.44997618,0.6673931
0,0,0.99331665,0.04013221,0.9866333
1,1,0.83346677,0.4503464,0.66693354
0,1,0.60398453,0.671363,0.20796907
1,1,0.99039173,0.054193627,0.98078346
0,0,0.9915459,0.048770577,0.98309183
1,1,0.9750497,0.11672481,0.95009935
0,0,0.9347552,0.24116129,0.8695104
1,0,0.85761833,0.40926343,0.71523666
1,1,0.98936975,0.058877952,0.9787395
1,1,0.9888192,0.061359704,0.97763836
0,0,0.91989434,0.27902737,0.8397887
1,1,0.98918927,0.059694607,0.97837853
0,0,0.99350256,0.039199658,0.9870051
1,1,0.94219595,0.22088203,0.8843919
0,0,0.9936238,0.038588677,0.9872476
1,1,0.6763612,0.6295819,0.3527224
1,1,0.9872093,0.06846359,0.97441864
0,0,0.93475515,0.2411614,0.8695103
0,0,0.93475455,0.24116299,0.8695091
1,0,0.93475574,0.24115983,0.8695115
1,1,0.94094145,0.2243692,0.8818829
1,0,0.650262,0.64728427,0.300524
0,1,0.9148003,0.2912887,0.8296006
1,1,0.98783827,0.06571416,0.97567654
0,0,0.99356323,0.038894147,0.98712647
1,0,0.9375656,0.23361391,0.87513125
0,0,0.9855533,0.075556636,0.97110665
1,1,0.6962208,0.6140325,0.39244163
0,0,0.9868027,0.070224315,0.9736054
0,0,0.86172396,0.4018216,0.7234479
0,0,0.93475515,0.2411614,0.8695103
0,0,0.9913362,0.04976695,0.98267245
1,0,0.9157406,0.289051,0.8314812
0,0,0.99071395,0.052694492,0.9814279
0,0,0.98848045,0.06287282,0.9769609
1,1,0.9872093,0.06846359,0.97441864
1,1,0.6962208,0.6140325,0.39244163
1,1,0.95243937,0.19126906,0.90487874
0,0,0.99129194,0.0499767,0.9825839
0,0,0.9347542,0.241164,0.8695084
0,0,0.9347554,0.24116075,0.86951077
1,1,0.98763204,0.06661925,0.9752641
1,0,0.64542073,0.6502354,0.29084146
0,0,0.8870377,0.35266426,0.7740754
0,0,0.93264794,0.24673502,0.8652959
1,1,0.8961761,0.3334046,0.7923522
0,0,0.9933789,0.039820552,0.98675776
1,1,0.98763204,0.06661925,0.9752641
0,0,0.98647934,0.0716154,0.9729587
1,1,0.9898935,0.05649036,0.979787
0,0,0.9930604,0.04140875,0.9861208
1,1,0.838563,0.44204503,0.67712605
1,0,0.6176541,0.6652009,0.23530814
1,1,0.52103794,0.6922617,0.042075872
0,0,0.93475544,0.24116066,0.8695109
1,1,0.961388,0.16350767,0.922776
0,0,0.86172396,0.4018216,0.7234479
1,1,0.9902284,0.054949284,0.9804568
0,0,0.9347554,0.24116084,0.86951077
0,0,0.99312526,0.04108662,0.9862505
0,0,0.86172396,0.4018216,0.7234479
1,1,0.93074393,0.25171036,0.86148787
1,0,0.749358,0.56303936,0.498716
0,0,0.99128944,0.04998857,0.9825789
0,0,0.8461974,0.42924872,0.69239485
1,1,0.98936975,0.058877952,0.9787395
1,1,0.99039173,0.054193627,0.98078346
1,0,0.9019538,0.32076868,0.80390763
1,1,0.75398463,0.5579151,0.50796926
0,0,0.9821339,0.089613765,0.96426785
0,0,0.99105644,0.051088624,0.9821129
1,1,0.9884366,0.06306811,0.97687316
1,0,0.7992542,0.5014346,0.59850836
1,1,0.99039173,0.054193627,0.98078346
1,1,0.5807561,0.6800468,0.16151226
1,1,0.98954725,0.05807176,0.9790945
1,1,0.7180973,0.59474134,0.43619466
1,0,0.8576182,0.4092637,0.7152364
1,1,0.9902284,0.054949284,0.9804568
1,1,0.79859746,0.5023406,0.5971949
0,0,0.9482393,0.2036671,0.89647865
1,0,0.80827355,0.48871666,0.6165471
1,1,0.92737985,0.26036435,0.8547597
1,1,0.8798873,0.36714953,0.75977457
1,1,0.9902284,0.054949284,0.9804568
1,0,0.93716687,0.23469289,0.87433374
0,0,0.9347544,0.24116345,0.86950874
1,1,0.9882405,0.06393874,0.97648096
1,1,0.9483566,0.20332593,0.89671326
1,1,0.5716076,0.68285656,0.14321518
0,0,0.9307829,0.25160906,0.8615658
1,1,0.907448,0.3084028,0.814896
0,1,0.94459146,0.21414241,0.8891829
1,0,0.56037736,0.6858385,0.12075475
0,0,0.98126686,0.09306685,0.9625337
1,1,0.8288792,0.45765898,0.65775836
1,1,0.9353429,0.2395939,0.8706858
0,0,0.99223167,0.045474418,0.98446333
0,0,0.9748289,0.11753307,0.9496578
1,1,0.8828084,0.3612919,0.7656168
0,0,0.97188437,0.12812959,0.94376874
0,0,0.98921436,0.05958134,0.9784287
0,0,0.93475515,0.2411614,0.8695103
1,0,0.9293336,0.25535923,0.85866725
0,0,0.934753,0.24116713,0.869506
0,0,0.98674536,0.07047166,0.9734907
0,0,0.93475306,0.24116702,0.8695061
1,0,0.919258,0.28057787,0.838516
1,1,0.8288792,0.45765898,0.65775836
1,0,0.50078756,0.693146,0.0015751123
1,1,0.9884366,0.06306811,0.97687316
1,1,0.6660006,0.6369749,0.3320012
1,1,0.8288792,0.45765898,0.65775836
0,0,0.9898013,0.0569126,0.9796026
1,1,0.9907102,0.052711993,0.9814204
1,1,0.9907102,0.052711993,0.9814204
1,1,0.92470455,0.26712608,0.8494091
1,0,0.87996566,0.3669934,0.7599313
1,1,0.9390214,0.2296517,0.8780428
0,0,0.7592208,0.5519765,0.51844156
1,1,0.9329059,0.24605656,0.8658118
1,1,0.93603176,0.23774947,0.8720635
1,1,0.93112177,0.25072756,0.86224353
1,1,0.8543282,0.41512728,0.70865643
1,1,0.9457982,0.21070603,0.89159644
1,1,0.7435577,0.5693027,0.48711538
1,1,0.95716727,0.17684451,0.91433454
1,1,0.98862946,0.062208477,0.9772589
1,1,0.6287046,0.6596415,0.25740921
1,1,0.9890057,0.06052216,0.97801137
0,0,0.9925883,0.043736503,0.98517656
1,0,0.93475574,0.24115983,0.8695115
0,0,0.85968363,0.40553743,0.71936727
1,1,0.9221757,0.2734231,0.8443514
1,0,0.54787517,0.6885561,0.09575036
0,0,0.6205641,0.6637873,0.24112818
0,1,0.9093429,0.3040555,0.81868577
1,1,0.77875525,0.52847886,0.5575105
0,0,0.990574,0.0533469,0.981148
0,0,0.93475205,0.24116966,0.8695041
0,0,0.99026746,0.054768942,0.9805349
1,1,0.50403196,0.69311464,0.008063912
1,0,0.66042364,0.6407541,0.32084727
0,0,0.9347553,0.24116099,0.86951065
1,1,0.52183944,0.6921929,0.04367888
1,1,0.8288792,0.45765898,0.65775836
1,0,0.85761833,0.40926343,0.71523666
1,0,0.88867116,0.3492846,0.7773423
1,1,0.95136744,0.19446906,0.9027349
1,1,0.9431207,0.21829298,0.88624144
1,1,0.9882405,0.06393874,0.97648096
0,0,0.9936835,0.03828698,0.98736703
0,0,0.9920373,0.046414554,0.9840746
0,0,0.93475443,0.24116337,0.86950886
1,1,0.9905523,0.053447925,0.9811046
0,0,0.86640793,0.3931585,0.73281586
1,0,0.93487245,0.240849,0.8697449
1,0,0.8571529,0.41009834,0.71430576
1,0,0.50447667,0.69310707,0.008953303
0,0,0.9347555,0.24116051,0.869511
0,0,0.98460996,0.07950955,0.9692199
0,1,0.51439637,0.69273263,0.028792739
1,1,0.9882405,0.06393874,0.97648096
1,0,0.9282078,0.2582503,0.8564156
0,0,0.9919341,0.046911776,0.98386824
0,0,0.9920373,0.046414554,0.9840746
0,0,0.9347555,0.24116047,0.869511
1,1,0.9457982,0.21070603,0.89159644
1,1,0.7032782,0.6080611,0.40655637
1,0,0.667266,0.6360979,0.33453205
1,1,0.98972183,0.057275865,0.97944367
0,0,0.9571421,0.1769227,0.9142842
1,1,0.9880409,0.06482132,0.97608185
1,1,0.9890057,0.06052216,0.97801137
1,1,0.69621986,0.6140332,0.39243972
0,1,0.9035726,0.31716144,0.80714524
1,1,0.9907102,0.052711993,0.9814204
0,0,0.86172396,0.4018216,0.7234479
1,1,0.98763204,0.06661925,0.9752641
1,0,0.6133461,0.66722775,0.2266922
0,0,0.9935026,0.039199375,0.98700523
0,0,0.98057824,0.09578003,0.9611565
1,0,0.62392676,0.662109,0.24785352
1,1,0.8288792,0.45765898,0.65775836
1,1,0.98763204,0.06661925,0.9752641
1,1,0.6962208,0.6140325,0.39244163
1,1,0.99006236,0.055714805,0.9801247
0,0,0.9583359,0.17319718,0.91667175
0,0,0.96926063,0.13730298,0.93852127
0,0,0.86172396,0.4018216,0.7234479
1,0,0.8725926,0.38142833,0.74518526
0,0,0.73661387,0.57656896,0.4732277
0,0,0.9347552,0.24116123,0.8695104
1,0,0.5561807,0.6868213,0.11236146
0,0,0.99800795,0.014377655,0.9960159
0,0,0.99190176,0.047067445,0.9838035
1,0,0.7918658,0.511474,0.58373165
1,1,0.9624303,0.16014208,0.9248606
0,0,0.98632425,0.072279945,0.9726485
1,1,0.9880409,0.06482132,0.97608185
0,0,0.9908868,0.05188571,0.9817736
0,0,0.9347552,0.24116123,0.8695104
1,0,0.64542073,0.6502354,0.29084146
0,1,0.91611737,0.28815117,0.83223474
1,0,0.9372617,0.23443648,0.8745234
1,0,0.6796957,0.62709856,0.35939142
0,0,0.99038047,0.0542459,0.98076093
1,1,0.9882405,0.06393874,0.97648096
0,0,0.9868686,0.06993976,0.97373724
0,0,0.93475556,0.24116036,0.8695111
0,0,0.93475556,0.24116036,0.8695111
1,1,0.8288792,0.45765898,0.65775836
0,0,0.88294715,0.36101156,0.7658943
0,0,0.8802917,0.36634338,0.7605834
1,0,0.9359224,0.23804283,0.87184477
0,0,0.9429714,0.21871208,0.8859428
1,0,0.52425224,0.69197035,0.04850447
0,0,0.88889265,0.34882426,0.7777853
1,1,0.81094396,0.4848513,0.6218879
0,0,0.99053836,0.053512767,0.9810767
1,0,0.861724,0.40182152,0.72344804
1,1,0.8950332,0.33586112,0.79006636
0,0,0.9837933,0.08288387,0.96758664
0,0,0.9931903,0.040762924,0.9863806
0,0,0.98999065,0.05604451,0.9799813
0,0,0.9347553,0.2411609,0.86951065
1,1,0.9890057,0.06052216,0.97801137
1,0,0.8763288,0.37417632,0.75265765
0,0,0.97412246,0.12010616,0.9482449
1,0,0.93475574,0.24115983,0.8695115
0,0,0.9347545,0.24116316,0.869509
1,1,0.9195071,0.2799716,0.8390142
1,1,0.98954725,0.05807176,0.9790945
1,1,0.99006236,0.055714805,0.9801247
1,1,0.9907102,0.052711993,0.9814204
1,0,0.9223671,0.27294973,0.8447342
0,0,0.98093593,0.094374,0.96187186
0,0,0.97954816,0.09979248,0.9590963
1,1,0.9322856,0.24768627,0.8645712
1,0,0.96946746,0.13658854,0.9389349
1,1,0.57917494,0.6805569,0.15834987
1,0,0.5384363,0.6901896,0.07687262
1,1,0.6962208,0.6140325,0.39244163
1,1,0.8288792,0.45765898,0.65775836
1,1,0.9585412,0.17255285,0.9170824
0,0,0.9347551,0.24116154,0.8695102
1,0,0.50928396,0.6929748,0.01856792
0,1,0.91346455,0.294448,0.8269291
0,0,0.9846099,0.07950981,0.9692198
1,1,0.85546625,0.41310894,0.7109325
1,0,0.5359155,0.6905651,0.07183099
1,1,0.94188005,0.22176287,0.8837601
1,1,0.98862946,0.062208477,0.9772589
0,0,0.93475544,0.24116063,0.8695109
0,0,0.85968363,0.40553737,0.71936727
0,0,0.9326486,0.24673334,0.8652972
0,0,0.9928618,0.042391777,0.9857236
0,0,0.99196464,0.04676471,0.9839293
0,0,0.9616141,0.16278021,0.92322814
0,0,0.86172396,0.4018216,0.7234479
1,1,0.98763204,0.06661925,0.9752641
1,0,0.9019538,0.32076868,0.80390763
1,1,0.9907102,0.052711993,0.9814204
0,0,0.9616114,0.16278875,0.9232228
1,0,0.5328518,0.6909871,0.06570363
1,0,0.7838188,0.52203196,0.56763756
1,1,0.9114738,0.29911464,0.8229476
0,0,0.93475425,0.24116385,0.8695085
1,1,0.7239611,0.5891732,0.44792223
1,1,0.8862841,0.3542145,0.7725682
0,0,0.9745956,0.118385,0.9491912
1,1,0.7169536,0.59580755,0.43390715
0,0,0.9347552,0.24116129,0.8695104
1,0,0.5432238,0.6894059,0.0864476
1,1,0.50060904,0.6931464,0.0012180805
1,1,0.98936975,0.058877952,0.9787395
1,1,0.9432485,0.21793395,0.886497
1,1,0.71655995,0.59617305,0.4331199
1,1,0.80384135,0.49503082,0.6076827
1,1,0.9238657,0.269225,0.84773135
0,0,0.9781232,0.10525613,0.9562464
1,1,0.636046,0.6556593,0.27209198
1,0,0.8043175,0.4943586,0.60863495
0,0,0.9347554,0.24116084,0.86951077
1,0,0.861724,0.40182152,0.72344804
0,1,0.91073596,0.30083174,0.8214719
1,1,0.9334212,0.24469808,0.8668424
0,0,0.9886942,0.061919324,0.9773884
0,0,0.99374264,0.037987463,0.9874853
1,0,0.5342493,0.69079936,0.06849861
1,1,0.62533617,0.66139126,0.25067234
0,0,0.69928014,0.61147296,0.3985603
1,0,0.502591,0.6931337,0.005181998
0,0,0.9931897,0.04076597,0.9863794
1,1,0.9236378,0.2697934,0.8472756
1,0,0.93475574,0.24115983,0.8695115
1,0,0.76274836,0.5478912,0.5254967
1,0,0.85552573,0.4130032,0.71105146
0,0,0.99062675,0.053101256,0.9812535
0,0,0.9477923,0.20496507,0.8955846
0,1,0.7459184,0.56677496,0.4918368
0,0,0.9347555,0.24116044,0.869511
1,1,0.98742247,0.067535415,0.97484493
1,1,0.5668581,0.6841804,0.13371623
1,1,0.9880409,0.06482132,0.97608185
0,0,0.85552746,0.41300008,0.7110549
0,0,0.988006,0.06497549,0.976012
1,1,0.98954725,0.05807176,0.9790945
0,0,0.98674536,0.07047173,0.9734907
1,1,0.8913551,0.34367278,0.7827102
0,0,0.9714178,0.12977867,0.94283557
1,1,0.74763405,0.5649195,0.4952681
0,0,0.8619717,0.40136814,0.72394335
1,0,0.75657445,0.55499643,0.5131489
1,1,0.920196,0.27829042,0.840392
1,1,0.5894321,0.67706454,0.17886424
1,0,0.8148167,0.4791628,0.6296334
1,1,0.93485457,0.24089667,0.86970913
1,1,0.91346455,0.294448,0.8269291
1,0,0.7750686,0.533079,0.55013716
1,1,0.9872093,0.06846359,0.97441864
1,1,0.6012059,0.6725197,0.20241177
0,0,0.9920373,0.046414554,0.9840746
1,0,0.64542073,0.6502354,0.29084146
0,0,0.9937423,0.03798946,0.9874846
0,0,0.93475544,0.24116059,0.8695109
0,0,0.9929947,0.041734584,0.98598945
1,0,0.9347216,0.24125078,0.8694432
0,0,0.99181396,0.04748904,0.9836279
0,0,0.9347501,0.24117494,0.86950016
1,0,0.861724,0.40182152,0.72344804
1,1,0.6962208,0.6140325,0.39244163
0,0,0.99185795,0.047277827,0.9837159
1,0,0.7052048,0.6063896,0.41040957
0,0,0.9501485,0.19807765,0.90029705
1,1,0.8288792,0.45765898,0.65775836
1,1,0.9475168,0.20576295,0.8950336
0,0,0.9937426,0.037987754,0.9874852
0,0,0.86221147,0.40092862,0.72442293
0,0,0.9917639,0.04772906,0.9835278
1,1,0.71655995,0.59617305,0.4331199
1,0,0.93153644,0.24964643,0.8630729
1,1,0.98972183,0.057275865,0.97944367
1,0,0.88806266,0.35054672,0.7761253
1,0,0.61726487,0.6653873,0.23452973
0,0,0.9920373,0.046414554,0.9840746
1,1,0.9890057,0.06052216,0.97801137
1,1,0.8288792,0.45765898,0.65775836
1,1,0.98783827,0.06571416,0.97567654
1,1,0.98763204,0.06661925,0.9752641
0,0,0.99368334,0.038287897,0.9873667
1,0,0.85968375,0.40553713,0.7193675
1,1,0.98936975,0.058877952,0.9787395
1,1,0.98862946,0.062208477,0.9772589
1,0,0.9145944,0.2917771,0.8291888
0,0,0.98758477,0.06682621,0.97516954
0,0,0.93475544,0.24116063,0.8695109
0,0,0.98804104,0.064820886,0.9760821
0,0,0.97596526,0.11335124,0.9519305
0,0,0.9816315,0.09161979,0.96326303
0,0,0.99190176,0.04706746,0.9838035
1,1,0.9218579,0.27420813,0.8437158
1,1,0.95916593,0.17058587,0.91833186
1,1,0.9907102,0.052711993,0.9814204
1,1,0.9236378,0.2697934,0.8472756
1,1,0.9322051,0.24789736,0.86441016
1,1,0.5212484,0.69224393,0.0424968
0,0,0.9347546,0.24116287,0.8695092
1,1,0.93803966,0.23232773,0.8760793
1,1,0.98783827,0.06571416,0.97567654
1,1,0.9882405,0.06393874,0.97648096
1,0,0.93153644,0.24964643,0.8630729
1,1,0.9907102,0.052711993,0.9814204
0,0,0.86172396,0.4018216,0.7234479
1,1,0.98954725,0.05807176,0.9790945
0,0,0.99170357,0.04801779,0.98340714
1,1,0.8288792,0.45765898,0.65775836
0,0,0.93475544,0.24116063,0.8695109
0,0,0.9658982,0.14872326,0.93179643
1,1,0.98783827,0.06571416,0.97567654
0,0,0.99325347,0.040447704,0.98650694
1,0,0.8968152,0.3320249,0.79363036
0,0,0.98674524,0.070472196,0.9734905
1,1,0.50906223,0.6929829,0.018124461
1,1,0.8288792,0.45765898,0.65775836
1,0,0.60431993,0.67122114,0.20863983
1,0,0.6238424,0.6621517,0.24768484
1,0,0.92357695,0.2699451,0.8471539
0,0,0.99190176,0.047067445,0.9838035
1,1,0.6962208,0.6140325,0.39244163
1,1,0.60696965,0.67008436,0.21393931
0,0,0.944908,0.2132437,0.88981605
0,1,0.92120236,0.27582294,0.8424047
1,0,0.78567255,0.51963407,0.5713451
1,1,0.9399886,0.22699887,0.8799772
1,1,0.6962208,0.6140325,0.39244163
0,0,0.98674524,0.070472196,0.9734905
1,0,0.861724,0.40182152,0.72344804
1,1,0.89504576,0.33583415,0.7900915
0,0,0.9347548,0.24116234,0.8695096
0,0,0.96621954,0.14764719,0.9324391
1,0,0.8835238,0.35984474,0.76704764
0,0,0.99190176,0.04706746,0.9838035
0,0,0.8851058,0.35662708,0.7702116
1,1,0.99039173,0.054193627,0.98078346
0,0,0.9936835,0.038286958,0.98736703
1,0,0.9554914,0.18201697,0.91098285
0,0,0.99162525,0.048392046,0.9832505
1,1,0.98954725,0.05807176,0.9790945
1,1,0.80869645,0.48810762,0.6173929
0,0,0.99251825,0.04407893,0.9850365
0,0,0.9347531,0.24116686,0.86950624
0,0,0.98598117,0.0737435,0.97196233
1,1,0.99006236,0.055714805,0.9801247
1,1,0.9353614,0.23954451,0.8707228
1,1,0.76577663,0.5443293,0.53155327
0,0,0.99190176,0.047067445,0.9838035
1,1,0.69621986,0.6140332,0.39243972
1,1,0.9457982,0.21070603,0.89159644
1,1,0.94491917,0.213212,0.88983834
1,1,0.9907102,0.052711993,0.9814204
0,0,0.5019002,0.6931399,0.003800422
1,1,0.8846644,0.35752726,0.76932883
1,0,0.8244145,0.46463314,0.648829
1,1,0.7722776,0.53650963,0.5445552
1,1,0.88678,0.35319498,0.77356005
0,0,0.93475497,0.24116185,0.86950994
0,0,0.943021,0.21857293,0.886042
1,1,0.92737985,0.26036435,0.8547597
1,0,0.9106838,0.30095288,0.8213676
1,1,0.99039173,0.054193627,0.98078346
1,1,0.98936975,0.058877952,0.9787395
0,0,0.99243426,0.044489082,0.9848685
0,0,0.96161395,0.1627806,0.9232279
1,0,0.8391088,0.44114465,0.67821765
0,0,0.9556113,0.18164924,0.9112226
1,0,0.8046595,0.49387476,0.609319
1,1,0.93327284,0.24508965,0.8665457
1,0,0.8295432,0.45660985,0.65908635
1,1,0.98783827,0.06571416,0.97567654
1,1,0.9888192,0.061359704,0.97763836
1,1,0.699808,0.6110269,0.399616
1,0,0.9276543,0.25966465,0.85530865
1,0,0.5214814,0.692224,0.04296276
1,1,0.5363151,0.6905073,0.07263017
0,0,0.9914665,0.049148366,0.98293304
1,1,0.9907102,0.052711993,0.9814204
0,1,0.9121099,0.29762888,0.8242198
0,0,0.9919341,0.04691167,0.98386824
1,0,0.8967985,0.332061,0.793597
1,1,0.53217876,0.6910748,0.06435752
1,0,0.89521265,0.3354763,0.7904253
1,0,0.9304431,0.25249124,0.8608862
0,0,0.98649514,0.071547635,0.9729903
1,1,0.9902284,0.054949284,0.9804568
1,1,0.6962208,0.6140325,0.39244163
0,0,0.9347554,0.24116084,0.86951077
0,0,0.90200216,0.32066137,0.8040043
0,0,0.97515386,0.11634261,0.9503077
0,0,0.66589403,0.63704836,0.33178806
1,0,0.861724,0.40182152,0.72344804
0,0,0.98341864,0.08441792,0.9668373
0,0,0.898953,0.32737732,0.79790604
1,0,0.7899816,0.5139811,0.5799632
1,0,0.77671784,0.5310308,0.5534357
1,1,0.9322051,0.24789736,0.86441016
1,0,0.8687605,0.38873613,0.73752105
0,0,0.9815933,0.091771685,0.9631866
1,1,0.8607138,0.40366566,0.72142756
1,0,0.861724,0.40182152,0.72344804
1,1,0.98862946,0.062208477,0.9772589
1,0,0.5390462,0.6900948,0.078092456
0,0,0.9928618,0.042391606,0.9857236
1,0,0.88697636,0.35279065,0.7739527
0,0,0.98544747,0.07600327,0.97089493
0,0,0.6612855,0.6401791,0.32257104
0,0,0.98446476,0.0801126,0.9689295
1,1,0.9898935,0.05649036,0.979787
1,1,0.93838024,0.2314013,0.8767605
1,1,0.7291506,0.58410186,0.4583012
0,0,0.98792857,0.06531674,0.97585714
0,0,0.9914665,0.04914847,0.98293304
1,1,0.5445512,0.68917227,0.08910239
1,1,0.6478141,0.6487893,0.2956282
1,1,0.9238657,0.269225,0.84773135
0,0,0.9935628,0.038896274,0.98712564
0,0,0.9810488,0.09392876,0.96209764
1,0,0.8952126,0.3354764,0.7904252
1,1,0.9884366,0.06306811,0.97687316
0,0,0.97960776,0.09956181,0.9592155
1,0,0.85968375,0.40553713,0.7193675
0,0,0.9663427,0.14723408,0.9326854
1,0,0.5516948,0.6877929,0.10338962
1,0,0.82239664,0.46773982,0.6447933
0,0,0.9920373,0.046414554,0.9840746
1,0,0.861724,0.40182152,0.72344804
0,0,0.93475384,0.24116492,0.8695077
1,0,0.93367547,0.24402615,0.86735094
1,1,0.98783827,0.06571416,0.97567654
1,1,0.6962209,0.6140324,0.39244175
0,1,0.5445173,0.68917835,0.08903456
0,0,0.934755,0.2411617,0.86951005
1,1,0.925054,0.26624876,0.850108
0,0,0.9347553,0.24116093,0.86951065
1,1,0.9905523,0.053447925,0.9811046
0,0,0.95913655,0.17067862,0.9182731
0,0,0.9837248,0.0831652,0.96744955
0,0,0.85968363,0.40553743,0.71936727
1,1,0.74043363,0.57260287,0.48086727
0,0,0.9347545,0.24116313,0.869509
1,0,0.8459123,0.42973462,0.69182456
1,1,0.9898935,0.05649036,0.979787
0,0,0.95319,0.18901305,0.90638006
0,0,0.9920373,0.04641454,0.9840746
1,1,0.9343248,0.24230555,0.8686496
1,0,0.93475574,0.24115983,0.8695115
1,0,0.9348437,0.24092554,0.86968744
0,0,0.9917808,0.04764804,0.98356164
1,0,0.82241654,0.4677093,0.6448331
1,0,0.64542073,0.6502354,0.29084146
0,1,0.5433639,0.6893816,0.08672786
0,0,0.99190176,0.047067445,0.9838035
0,1,0.8307413,0.45470884,0.6614826
1,1,0.9835653,0.08381869,0.96713054
1,0,0.93367547,0.24402615,0.86735094
1,1,0.99006236,0.055714805,0.9801247
0,0,0.99017674,0.055187903,0.9803535
0,0,0.9387571,0.23037373,0.87751424
1,1,0.9902284,0.054949284,0.9804568
0,0,0.99368334,0.03828769,0.9873667
1,0,0.5020807,0.69313854,0.004161358
0,0,0.9347543,0.24116367,0.8695086
1,1,0.93543833,0.23933885,0.87087667
1,0,0.85295326,0.41755196,0.7059065
1,1,0.9238657,0.269225,0.84773135
1,0,0.6002871,0.6728951,0.20057419
0,0,0.9925872,0.043741576,0.9851744
1,1,0.93112177,0.25072756,0.86224353
1,1,0.5593065,0.6860961,0.118613005
0,0,0.9874125,0.06757879,0.974825
0,0,0.98848045,0.06287278,0.9769609
1,0,0.7848155,0.5207452,0.569631
0,0,0.99200934,0.04654933,0.9840187
1,0,0.93475574,0.24115983,0.8695115
0,0,0.9907999,0.05229278,0.9815998
0,0,0.9914665,0.049148332,0.98293304
1,1,0.98954725,0.05807176,0.9790945
0,0,0.93475544,0.24116066,0.8695109
1,1,0.9884366,0.06306811,0.97687316
0,1,0.9050452,0.31385392,0.8100904
1,0,0.861724,0.40182152,0.72344804
0,0,0.95694214,0.17754327,0.9138843
0,0,0.50609374,0.6930729,0.012187511
0,0,0.93475556,0.2411603,0.8695111
0,0,0.99122185,0.050308272,0.9824437
1,0,0.7080629,0.60387707,0.4161258
1,1,0.9888192,0.061359704,0.97763836
0,0,0.9347542,0.24116394,0.8695084
0,1,0.8146566,0.47939992,0.62931323
0,0,0.9347555,0.24116044,0.869511
0,0,0.9898965,0.056476727,0.97979295
1,1,0.8677714,0.39060137,0.7355428
0,0,0.94626397,0.20937213,0.89252794
0,0,0.86172396,0.4018216,0.7234479
0,0,0.9347543,0.24116367,0.8695086
1,0,0.69587004,0.61432314,0.39174008
1,1,0.8288792,0.45765898,0.65775836
0,0,0.9347552,0.24116132,0.8695104
0,0,0.93475235,0.24116889,0.8695047
0,0,0.9916237,0.048399456,0.9832474
1,1,0.9907102,0.052711993,0.9814204
0,0,0.8989525,0.32737854,0.79790497
1,0,0.833191,0.45079026,0.66638196
1,0,0.6239197,0.6621126,0.24783942
1,1,0.98918927,0.059694607,0.97837853
0,0,0.9913362,0.04976697,0.98267245
1,1,0.98972183,0.057275865,0.97944367
1,0,0.93519133,0.23999867,0.87038267
0,0,0.98503464,0.07773744,0.9700693
1,1,0.51216704,0.69285107,0.024334073
1,0,0.5432718,0.6893976,0.08654359
1,0,0.6131018,0.6673404,0.22620356
1,1,0.9888192,0.061359704,0.97763836
1,1,0.93838024,0.2314013,0.8767605
1,1,0.9663095,0.1473455,0.932619
1,1,0.9890057,0.06052216,0.97801137
0,0,0.9920373,0.04641454,0.9840746
0,0,0.9920373,0.04641454,0.9840746
0,0,0.99306023,0.041409764,0.98612046
0,0,0.9920373,0.04641454,0.9840746
1,1,0.94094145,0.2243692,0.8818829
0,0,0.86172396,0.4018216,0.7234479
0,0,0.992421,0.044553954,0.98484194
0,0,0.9347537,0.2411652,0.86950743
0,0,0.98869395,0.06192034,0.9773879
1,1,0.98862946,0.062208477,0.9772589
1,1,0.5276237,0.6916203,0.055247426
1,0,0.9223671,0.27294973,0.8447342
0,0,0.99190176,0.04706746,0.9838035
1,1,0.98918927,0.059694607,0.97837853
1,0,0.8088691,0.4878586,0.61773825
1,0,0.86172384,0.4018218,0.7234477
0,0,0.9908009,0.052287884,0.98160183
0,0,0.80759877,0.4896861,0.61519754
1,1,0.7575431,0.5538955,0.5150862
1,1,0.95785964,0.17468768,0.9157193
1,1,0.6483401,0.64846814,0.2966802
1,0,0.6753874,0.63029754,0.3507748
1,1,0.9902284,0.054949284,0.9804568
0,0,0.98249674,0.088156305,0.9649935
0,0,0.9347555,0.24116051,0.869511
1,0,0.8265381,0.46133327,0.6530762
0,0,0.97551703,0.11500707,0.95103407
1,1,0.99006236,0.055714805,0.9801247
0,0,0.992158,0.045831308,0.984316
1,1,0.6962208,0.6140325,0.39244163
1,0,0.9347257,0.24123985,0.8694514
1,1,0.99006236,0.055714805,0.9801247
0,1,0.90570265,0.31236917,0.8114053
1,1,0.92890656,0.2564582,0.8578131
0,0,0.9929286,0.042061575,0.98585725
0,0,0.75024337,0.5620676,0.50048673
0,0,0.86172396,0.4018216,0.7234479
1,1,0.90435946,0.3153973,0.8087189
1,0,0.9348884,0.24080646,0.86977684
0,0,0.99234664,0.04491571,0.9846933
0,0,0.9916251,0.048392944,0.98325014
1,0,0.861724,0.40182152,0.72344804
0,0,0.85552746,0.41300008,0.7110549
1,1,0.6109787,0.66830826,0.22195745
1,1,0.8402875,0.43919283,0.680575
0,0,0.9915487,0.04875706,0.98309743
0,0,0.93475455,0.24116305,0.8695091
0,0,0.99374264,0.03798749,0.9874853
0,0,0.9936833,0.038288005,0.98736656
1,1,0.9872093,0.06846359,0.97441864
1,1,0.93810624,0.23214678,0.8762125
1,1,0.9373889,0.23409243,0.8747778
1,1,0.93500525,0.24049512,0.8700105
1,0,0.61110127,0.66825294,0.22220251
0,0,0.9922315,0.045475114,0.984463
0,0,0.9213606,0.2754336,0.8427212
1,0,0.91335195,0.29471326,0.8267039
0,0,0.86172396,0.4018216,0.7234479
0,1,0.64777833,0.6488111,0.29555666
1,0,0.8596837,0.40553725,0.7193674
1,1,0.9898935,0.05649036,0.979787
1,1,0.9882405,0.06393874,0.97648096
0,0,0.85697377,0.41041917,0.71394753
1,0,0.64542073,0.6502354,0.29084146
0,0,0.98858744,0.062396128,0.9771749
0,1,0.58386165,0.6790149,0.1677233
1,1,0.8665816,0.39283365,0.73316324
0,0,0.9347517,0.24117061,0.8695034
0,0,0.99337924,0.03981885,0.9867585
1,1,0.8288792,0.45765898,0.65775836
1,0,0.65027356,0.6472771,0.30054712
1,1,0.9907102,0.052711993,0.9814204
1,1,0.59581697,0.6746713,0.19163394
1,0,0.85968375,0.40553713,0.7193675
1,1,0.50403196,0.69311464,0.008063912
0,0,0.99368334,0.038287837,0.9873667
1,1,0.9343248,0.24230555,0.8686496
0,0,0.86172396,0.4018216,0.7234479
1,1,0.82458544,0.46436867,0.6491709
1,1,0.9399886,0.22699887,0.8799772
1,1,0.9296389,0.25457194,0.85927784
0,0,0.9347555,0.2411605,0.869511
1,1,0.98972183,0.057275865,0.97944367
1,1,0.9390214,0.2296517,0.8780428
0,0,0.86172396,0.4018216,0.7234479
1,1,0.80401605,0.49478433,0.6080321
1,1,0.666046,0.63694346,0.33209205
0,0,0.97239685,0.12630917,0.9447937
0,0,0.9840253,0.08192971,0.9680506
1,1,0.98954725,0.05807176,0.9790945
1,1,0.9907102,0.052711993,0.9814204
0,0,0.96398747,0.15505785,0.92797494
1,1,0.6962209,0.6140324,0.39244175
1,1,0.74999106,0.56234497,0.49998212
1,1,0.8833128,0.36027205,0.76662564
1,1,0.99039173,0.054193627,0.98078346
1,1,0.98862946,0.062208477,0.9772589
1,0,0.8952126,0.3354764,0.7904252
1,1,0.9353614,0.23954451,0.8707228
0,0,0.991858,0.04727759,0.983716
1,1,0.8983117,0.32877687,0.79662335
0,0,0.93475544,0.24116059,0.8695109
1,0,0.93367547,0.24402615,0.86735094
1,1,0.92645967,0.26270187,0.85291934
1,0,0.866808,0.39240983,0.733616
1,1,0.98972183,0.057275865,0.97944367
1,1,0.69621986,0.6140332,0.39243972
0,0,0.9918579,0.047278106,0.9837158
0,0,0.9910557,0.051092073,0.98211145
1,1,0.98862946,0.062208477,0.9772589
0,0,0.822226,0.46800125,0.644452
1,0,0.8358069,0.44655806,0.6716138
1,1,0.8288792,0.45765898,0.65775836
0,0,0.9759652,0.113351345,0.9519304
1,0,0.51353073,0.692781,0.027061462
0,0,0.99272597,0.043060914,0.98545194
0,0,0.9347549,0.24116203,0.8695098
1,1,0.8704681,0.38549596,0.74093616
1,1,0.8288792,0.45765898,0.65775836
1,1,0.8288792,0.45765898,0.65775836
0,0,0.9920373,0.046414554,0.9840746
0,0,0.99210817,0.046072397,0.98421633
1,1,0.9872093,0.06846359,0.97441864
1,0,0.92566806,0.26470283,0.8513361
1,0,0.83967984,0.44020042,0.6793597
1,1,0.99006236,0.055714805,0.9801247
1,1,0.9907102,0.052711993,0.9814204
1,1,0.9888192,0.061359704,0.97763836
0,0,0.86172396,0.4018216,0.7234479
1,1,0.9373889,0.23409243,0.8747778
1,1,0.81864727,0.47343853,0.63729453
1,0,0.69012916,0.61899734,0.38025832
0,0,0.9599864,0.16798744,0.9199728
1,1,0.7146489,0.5979365,0.4292978
1,1,0.9902284,0.054949284,0.9804568
0,0,0.9918745,0.047198225,0.98374903
1,0,0.7871691,0.5176833,0.5743382
1,1,0.9432485,0.21793395,0.886497
1,1,0.8695642,0.3872144,0.73912835
1,0,0.73250955,0.5807468,0.4650191
0,0,0.98970515,0.05735214,0.9794103
1,1,0.8009605,0.49906802,0.60192096
0,0,0.72901464,0.5842365,0.45802924
0,0,0.9920373,0.046414554,0.9840746
0,0,0.9927263,0.043059018,0.98545265
0,0,0.93780965,0.23295228,0.8756193
0,0,0.99064857,0.052999493,0.98129714
1,0,0.93748087,0.23384346,0.87496173
1,1,0.8629266,0.39961508,0.7258532
1,1,0.6962209,0.6140324,0.39244175
0,0,0.9936238,0.038588725,0.9872476
0,0,0.7551189,0.5566412,0.5102378
0,0,0.86172396,0.4018216,0.7234479
0,0,0.93475544,0.24116066,0.8695109
0,0,0.9913859,0.049531378,0.98277175
1,1,0.8742574,0.37821272,0.7485148
1,1,0.5964078,0.67444134,0.19281554
1,0,0.9348624,0.24087587,0.86972475
1,1,0.9902284,0.054949284,0.9804568
0,0,0.9936237,0.038589355,0.98724735
0,0,0.9347545,0.24116322,0.869509
1,1,0.9882405,0.06393874,0.97648096
1,1,0.54644275,0.6888271,0.092885494
0,0,0.9347552,0.24116132,0.8695104
0,0,0.9863685,0.072090596,0.97273695
1,1,0.91727966,0.2853636,0.8345593
1,1,0.9483566,0.20332593,0.89671326
1,0,0.50244284,0.69313526,0.0048856735
0,0,0.9347551,0.24116157,0.8695102
1,0,0.8967985,0.332061,0.793597
1,0,0.64542073,0.6502354,0.29084146
0,0,0.93475544,0.24116065,0.8695109
0,0,0.86172396,0.4018216,0.7234479
1,1,0.99006236,0.055714805,0.9801247
1,0,0.70453274,0.60697466,0.40906546
0,0,0.96683234,0.14558649,0.9336647
0,0,0.86172396,0.4018216,0.7234479
1,1,0.6962209,0.6140324,0.39244175
0,0,0.9347554,0.24116075,0.86951077
0,0,0.99356353,0.03889279,0.98712707
0,0,0.5318433,0.6911178,0.06368664
1,1,0.9322051,0.24789736,0.86441016
0,0,0.99190176,0.047067445,0.9838035
1,1,0.7349656,0.57825714,0.46993124
1,0,0.8886757,0.3492752,0.7773514
0,1,0.7776359,0.5298839,0.55527174
1,1,0.98918927,0.059694607,0.97837853
0,0,0.9913362,0.04976695,0.98267245
0,0,0.99368346,0.03828726,0.9873669
1,1,0.9907102,0.052711993,0.9814204
1,0,0.75146866,0.5607159,0.5029373
1,0,0.8391335,0.44110394,0.678267
1,1,0.8045909,0.49397188,0.60918176
1,1,0.9884366,0.06306811,0.97687316
0,0,0.9933792,0.039819017,0.98675835
0,0,0.9347523,0.241169,0.8695046
1,0,0.7880406,0.51654124,0.57608116
1,1,0.93327284,0.24508965,0.8665457
0,0,0.9347552,0.24116126,0.8695104
1,1,0.69621986,0.6140332,0.39243972
1,1,0.98783827,0.06571416,0.97567654
1,1,0.9907102,0.052711993,0.9814204
0,0,0.9788867,0.10234067,0.95777345
1,1,0.9888192,0.061359704,0.97763836
0,0,0.8942199,0.33760068,0.78843975
0,0,0.9920093,0.046549678,0.98401856
0,0,0.98758495,0.0668254,0.9751699
0,0,0.9902308,0.054938324,0.9804616
1,1,0.8362521,0.44583285,0.6725042
0,0,0.9908006,0.052289218,0.98160124
0,0,0.98073536,0.09516325,0.9614707
0,0,0.9920373,0.04641454,0.9840746
1,0,0.6135401,0.6671382,0.22708023
0,0,0.99351484,0.03913785,0.9870297
0,0,0.9234795,0.27018788,0.846959
1,0,0.93716705,0.23469234,0.8743341
0,0,0.9921583,0.04582982,0.9843166
0,0,0.9906267,0.05310156,0.9812534
1,0,0.5872227,0.67785347,0.17444536
0,0,0.9881523,0.064329065,0.97630465
1,1,0.8975871,0.3303525,0.79517424
1,1,0.8288792,0.45765898,0.65775836
1,1,0.8288792,0.45765898,0.65775836
1,1,0.9390214,0.2296517,0.8780428
0,0,0.86172396,0.4018216,0.7234479
1,0,0.89521265,0.3354763,0.7904253
0,0,0.9347555,0.24116051,0.869511
0,0,0.9609084,0.1650463,0.9218168
0,1,0.8656666,0.39454204,0.73133326
0,0,0.93475515,0.2411614,0.8695103
1,0,0.8827829,0.36134338,0.76556575
1,0,0.6942993,0.6156174,0.38859856
0,0,0.86172396,0.4018216,0.7234479
1,1,0.9855767,0.0754579,0.9711534
0,0,0.9931384,0.04102129,0.98627675
1,0,0.85928625,0.40625703,0.7185725
0,0,0.9347555,0.24116051,0.869511
0,1,0.8642528,0.39716768,0.7285056
1,1,0.9440267,0.21574102,0.8880534
1,0,0.8952126,0.3354764,0.7904252
1,1,0.99039173,0.054193627,0.98078346
1,0,0.79442674,0.5080322,0.5888535
1,1,0.8950459,0.3358339,0.79009175
1,1,0.7898857,0.51410806,0.5797714
1,0,0.76425487,0.54612565,0.52850974
0,0,0.9920373,0.04641454,0.9840746
1,0,0.861724,0.40182152,0.72344804
0,0,0.78085625,0.5258221,0.5617125
1,1,0.8288792,0.45765898,0.65775836
1,1,0.98972183,0.057275865,0.97944367
1,1,0.98783827,0.06571416,0.97567654
1,1,0.98862946,0.062208477,0.9772589
1,0,0.80235773,0.4971165,0.60471547
1,0,0.94048816,0.22562218,0.8809763
0,0,0.9936238,0.038588736,0.9872476
1,1,0.9898935,0.05649036,0.979787
0,0,0.9926572,0.043398604,0.98531437
0,0,0.9347554,0.24116081,0.86951077
0,0,0.99318975,0.040765632,0.9863795
1,1,0.8288792,0.45765898,0.65775836
0,0,0.93475544,0.24116063,0.8695109
0,0,0.9920373,0.046414554,0.9840746
0,0,0.99272627,0.04305939,0.98545253
1,0,0.7265886,0.5866225,0.4531772
1,0,0.9198533,0.27912742,0.83970666
0,0,0.86172396,0.4018216,0.7234479
1,1,0.81674,0.47630098,0.63347995
0,0,0.99200934,0.04654929,0.9840187
0,0,0.9913852,0.04953468,0.98277044
1,0,0.86110145,0.402959,0.7222029
1,0,0.8644315,0.39683676,0.728863
1,1,0.69373107,0.6160827,0.38746214
1,0,0.9347216,0.24125078,0.8694432
1,1,0.9837556,0.08303884,0.9675112
0,0,0.9347555,0.24116044,0.869511
1,1,0.8288792,0.45765898,0.65775836
1,1,0.9882405,0.06393874,0.97648096
0,0,0.9347547,0.24116254,0.86950946
1,1,0.89483374,0.33628833,0.7896675
0,0,0.98974544,0.057167996,0.9794909
0,0,0.99337924,0.039818812,0.9867585
0,0,0.9898964,0.05647687,0.97979283
1,1,0.9238657,0.269225,0.84773135
0,0,0.9233358,0.27054563,0.8466716
0,0,0.86172396,0.4018216,0.7234479
0,0,0.99134046,0.04974698,0.9826809
0,0,0.99337924,0.039818786,0.9867585
1,1,0.99039173,0.054193627,0.98078346
1,0,0.93475574,0.24115983,0.8695115
0,1,0.9039944,0.3162167,0.80798876
1,1,0.9905523,0.053447925,0.9811046
1,1,0.9236378,0.2697934,0.8472756
1,1,0.5651524,0.6846333,0.13030481
0,1,0.90207964,0.32048935,0.8041593
0,0,0.97214246,0.12721395,0.9442849
1,0,0.9371538,0.23472814,0.87430763
0,0,0.93475515,0.24116147,0.8695103
1,1,0.98783827,0.06571416,0.97567654
1,0,0.8136492,0.4808882,0.62729836
1,0,0.8702424,0.38592565,0.74048483
0,0,0.9913048,0.049915906,0.9826096
1,0,0.69016206,0.61897093,0.38032416
0,1,0.9783625,0.10434532,0.956725
1,1,0.9888192,0.061359704,0.97763836
0,0,0.9771359,0.10898553,0.9542718
1,1,0.9902284,0.054949284,0.9804568
1,1,0.7041247,0.60732883,0.40824938
1,0,0.548618,0.6884123,0.09723604
1,1,0.98972183,0.057275865,0.97944367
1,1,0.771969,0.53688616,0.54393804
1,1,0.69621986,0.6140332,0.39243972
1,0,0.93475574,0.24115983,0.8695115
0,0,0.8993506,0.32650754,0.79870117
0,0,0.989031,0.060408138,0.97806203
0,0,0.98735017,0.06785058,0.97470033
1,1,0.919374,0.28029567,0.838748
1,0,0.861724,0.40182152,0.72344804
0,0,0.93475366,0.24116546,0.8695073
1,0,0.937165,0.23469786,0.87433004
1,0,0.73664784,0.57653403,0.4732957
1,1,0.9880409,0.06482132,0.97608185
1,0,0.8545904,0.41466326,0.70918083
1,1,0.973056,0.12395311,0.94611204
0,0,0.98081076,0.09486673,0.9616215
1,0,0.9347216,0.24125078,0.8694432
1,1,0.9905523,0.053447925,0.9811046
0,0,0.93475497,0.24116188,0.86950994
1,1,0.98862946,0.062208477,0.9772589
1,1,0.9888192,0.061359704,0.97763836
0,0,0.98662055,0.07100902,0.9732411
1,0,0.6912134,0.61812633,0.38242686
1,1,0.5548637,0.68711495,0.10972738
1,1,0.98936975,0.058877952,0.9787395
1,0,0.861724,0.40182152,0.72344804
1,1,0.806331,0.49149954,0.61266196
1,1,0.94220084,0.2208684,0.8844017
1,0,0.80548275,0.49270713,0.6109655
0,1,0.5881054,0.67754066,0.17621076
1,1,0.8288792,0.45765898,0.65775836
1,1,0.9457982,0.21070603,0.89159644
1,0,0.7368212,0.5763557,0.47364238
0,0,0.9854478,0.07600177,0.97089565
0,0,0.934755,0.24116176,0.86951005
0,0,0.86172396,0.4018216,0.7234479
0,0,0.99292856,0.04206185,0.9858571
1,1,0.9431207,0.21829298,0.88624144
0,0,0.93475544,0.24116066,0.8695109
0,0,0.9920373,0.046414554,0.9840746
1,1,0.98862946,0.062208477,0.9772589
0,0,0.9926576,0.04339653,0.9853152
0,0,0.96332407,0.15723225,0.92664814
0,0,0.9879285,0.06531701,0.975857
1,1,0.99006236,0.055714805,0.9801247
1,1,0.9440267,0.21574102,0.8880534
1,1,0.7120334,0.600321,0.42406678
1,0,0.846926,0.42800444,0.69385195
1,0,0.698298,0.61229956,0.39659598
0,0,0.93475366,0.24116546,0.8695073
1,0,0.78509486,0.5203835,0.5701897
1,1,0.566781,0.6842011,0.13356197
0,0,0.9587173,0.1719995,0.9174346
0,0,0.99337924,0.039818734,0.9867585
0,0,0.98900723,0.060515106,0.97801447
1,0,0.61310136,0.6673406,0.22620273
1,0,0.88177526,0.36337292,0.7635505
1,0,0.93487227,0.24084952,0.86974454
0,1,0.9940467,0.03643918,0.9880934
0,0,0.98974544,0.057167996,0.9794909
1,1,0.9898935,0.05649036,0.979787
0,0,0.92236614,0.27295202,0.8447323
0,0,0.9937425,0.037988115,0.98748505
0,0,0.9916237,0.048399456,0.9832474
0,0,0.9931897,0.040765945,0.9863794
1,0,0.92535007,0.26550406,0.85070014
1,1,0.98954725,0.05807176,0.9790945
1,0,0.6252105,0.66145563,0.25042108
1,1,0.98918927,0.059694607,0.97837853
0,0,0.9865,0.07152675,0.97300005
1,1,0.9872093,0.06846359,0.97441864
1,1,0.8288792,0.45765898,0.65775836
1,1,0.98954725,0.05807176,0.9790945
1,1,0.5119735,0.6928604,0.023947
1,1,0.9052735,0.31333894,0.810547
1,1,0.9373889,0.23409243,0.8747778
0,0,0.9815612,0.091899365,0.96312237
0,0,0.9917639,0.04772906,0.9835278
1,1,0.9880409,0.06482132,0.97608185
0,0,0.8484001,0.42547426,0.69680023
0,0,0.925944,0.26400644,0.85188794
0,1,0.8333164,0.4505885,0.6666328
0,0,0.9854475,0.076003015,0.97089505
1,0,0.89522976,0.33543962,0.7904595
1,1,0.98783827,0.06571416,0.97567654
1,1,0.94220084,0.2208684,0.8844017
0,0,0.9917811,0.04764643,0.98356223
1,1,0.98783827,0.06571416,0.97567654
1,1,0.62248194,0.662836,0.24496388
1,0,0.5427374,0.6894897,0.08547485
0,0,0.91989183,0.27903345,0.83978367
1,1,0.98936975,0.058877952,0.9787395
1,1,0.9882405,0.06393874,0.97648096
0,0,0.9931252,0.041086864,0.9862504
1,1,0.9079427,0.307272,0.8158854
1,1,0.9872093,0.06846359,0.97441864
1,1,0.8288792,0.45765898,0.65775836
0,1,0.8990318,0.32720512,0.79806364
1,1,0.92265993,0.27222434,0.84531987
1,1,0.8411559,0.43774816,0.6823118
1,0,0.80827355,0.48871666,0.6165471
0,0,0.93475544,0.24116066,0.8695109
0,0,0.9914662,0.049149785,0.98293245
0,0,0.86172396,0.4018216,0.7234479
1,0,0.7494006,0.5629927,0.49880123
0,0,0.9347555,0.24116051,0.869511
1,1,0.9322051,0.24789736,0.86441016
1,1,0.9907102,0.052711993,0.9814204
0,0,0.97662234,0.11090816,0.9532447
1,1,0.6277756,0.66012895,0.25555122
0,0,0.934755,0.24116176,0.86951005
0,0,0.86172396,0.4018216,0.7234479
0,0,0.9674344,0.14355028,0.9348688
0,0,0.9434413,0.21739177,0.88688254
0,0,0.81593776,0.47749767,0.6318755
1,1,0.9851672,0.077181876,0.9703344
1,1,0.94666404,0.20822303,0.8933281
1,1,0.9905523,0.053447925,0.9811046
0,1,0.91346455,0.294448,0.8269291
0,0,0.98869413,0.061919425,0.97738826
1,1,0.9902284,0.054949284,0.9804568
0,0,0.98526406,0.076775074,0.9705281
0,0,0.99279433,0.042724274,0.98558867
0,0,0.96527964,0.15078579,0.9305593
1,0,0.7667082,0.5432234,0.5334164
1,0,0.9371679,0.23469013,0.87433577
1,1,0.5337618,0.69086576,0.0675236
0,0,0.9916237,0.048399456,0.9832474
1,1,0.9907102,0.052711993,0.9814204
1,1,0.9888192,0.061359704,0.97763836
0,0,0.86172396,0.4018216,0.7234479
0,0,0.99244744,0.04442475,0.9848949
1,0,0.8254534,0.46302268,0.6509068
1,0,0.7258976,0.5872966,0.45179522
1,1,0.5571172,0.68660814,0.11423445
1,1,0.6962209,0.6140324,0.39244175
0,0,0.9609086,0.16504574,0.9218172
1,1,0.7707624,0.5383535,0.54152477
0,0,0.93475556,0.24116036,0.8695111
0,0,0.9625258,0.15983221,0.92505157
1,0,0.62915087,0.65940607,0.25830173
1,1,0.98862946,0.062208477,0.9772589
1,1,0.6698205,0.6343057,0.33964097
1,1,0.94220084,0.2208684,0.8844017
1,1,0.5817456,0.6797223,0.16349125
1,1,0.5125388,0.6928327,0.025077581
0,0,0.95439076,0.18537809,0.9087815
1,0,0.93367547,0.24402615,0.86735094
0,0,0.9347551,0.2411616,0.8695102
1,1,0.98763204,0.06661925,0.9752641
0,0,0.9214391,0.2752404,0.8428782
0,0,0.85532796,0.41335475,0.7106559
1,0,0.9351498,0.2401096,0.8702996
1,1,0.8288792,0.45765898,0.65775836
1,1,0.98972183,0.057275865,0.97944367
0,0,0.6764736,0.629499,0.3529472
1,0,0.6649214,0.637717,0.3298428
1,1,0.9905523,0.053447925,0.9811046
0,0,0.98357147,0.08379327,0.96714294
0,0,0.992376,0.04477272,0.98475206
1,0,0.56833076,0.6837797,0.1366615
1,1,0.98742247,0.067535415,0.97484493
1,0,0.8763093,0.37421456,0.75261855
1,1,0.8170784,0.47579485,0.6341568
0,0,0.99230427,0.04512193,0.98460853
1,1,0.7808311,0.52585405,0.5616622
1,0,0.8967985,0.332061,0.793597
0,0,0.94730765,0.20636772,0.8946153
1,1,0.8983117,0.32877687,0.79662335
0,0,0.93475556,0.24116036,0.8695111
1,0,0.8967983,0.3320614,0.7935966
1,1,0.6448973,0.65054834,0.28979456
1,1,0.9907102,0.052711993,0.9814204
0,0,0.98974544,0.057167996,0.9794909
1,0,0.5468831,0.68874466,0.09376618
1,1,0.8356667,0.4467861,0.67133343
1,0,0.9304431,0.25249124,0.8608862
1,1,0.9907102,0.052711993,0.9814204
1,1,0.7033971,0.6079584,0.4067942
0,0,0.99208426,0.046187766,0.9841685
1,0,0.8198907,0.4715592,0.63978136
1,1,0.9898935,0.05649036,0.979787
0,0,0.97551656,0.11500895,0.9510331
1,0,0.5468831,0.68874466,0.09376618
0,0,0.9920373,0.046414554,0.9840746
1,1,0.9390214,0.2296517,0.8780428
0,0,0.87110656,0.38427776,0.74221313
0,0,0.9347554,0.24116075,0.86951077
0,0,0.91339535,0.29461107,0.8267907
1,0,0.861724,0.40182152,0.72344804
1,0,0.93261385,0.24682468,0.8652277
0,0,0.9881524,0.06432876,0.97630477
1,0,0.64542073,0.6502354,0.29084146
1,0,0.861724,0.40182152,0.72344804
1,0,0.9347216,0.24125078,0.8694432
1,1,0.94220084,0.2208684,0.8844017
1,0,0.9348576,0.24088863,0.8697152
1,0,0.53420436,0.69080544,0.06840876
1,0,0.93367547,0.24402615,0.86735094
1,1,0.915751,0.28902623,0.83150196
0,0,0.8970525,0.33151135,0.79410505
0,0,0.9347522,0.24116918,0.86950445
1,1,0.9884366,0.06306811,0.97687316
1,1,0.9907102,0.052711993,0.9814204
0,0,0.86172396,0.4018216,0.7234479
1,1,0.9296389,0.25457194,0.85927784
0,0,0.8695241,0.38729036,0.73904824
0,0,0.983774,0.08296331,0.967548
1,1,0.9902284,0.054949284,0.9804568
1,1,0.928616,0.25720432,0.857232
0,0,0.766827,0.543082,0.533654
1,1,0.9905523,0.053447925,0.9811046
1,1,0.8543285,0.4151268,0.708657
0,0,0.98197,0.09026975,0.96394
1,0,0.861724,0.40182152,0.72344804
1,0,0.5928268,0.67581314,0.18565357
1,1,0.9898935,0.05649036,0.979787
0,0,0.9929286,0.04206167,0.98585725
1,1,0.8288792,0.45765898,0.65775836
0,0,0.9931895,0.040766764,0.986379
1,1,0.7141876,0.59835947,0.42837524
0,0,0.9347543,0.24116367,0.8695086
1,0,0.6330248,0.65732616,0.2660496
1,0,0.6784413,0.62803876,0.35688254
0,0,0.9882626,0.06384076,0.9765252
1,0,0.896811,0.33203393,0.793622
1,1,0.925054,0.26624876,0.850108
1,0,0.84141743,0.43731195,0.68283486
1,0,0.8967983,0.3320614,0.7935966
0,0,0.9347555,0.24116051,0.869511
0,0,0.93475497,0.24116185,0.86950994
1,1,0.99006236,0.055714805,0.9801247
1,0,0.62360644,0.66227096,0.24721289
1,1,0.9403192,0.22608837,0.88063836
1,1,0.9343248,0.24230555,0.8686496
0,0,0.99229044,0.04518896,0.9845809
0,0,0.934754,0.24116448,0.869508
1,1,0.9300016,0.25363478,0.86000323
1,1,0.9880409,0.06482132,0.97608185
0,0,0.93475556,0.24116036,0.8695111
0,0,0.86172396,0.4018216,0.7234479
1,1,0.99006236,0.055714805,0.9801247
0,0,0.9929948,0.04173418,0.9859896
0,1,0.6839622,0.62384665,0.36792445
1,0,0.79557276,0.50647897,0.5911455
0,0,0.9616139,0.16278069,0.9232278
1,1,0.7721218,0.53669983,0.5442436
0,0,0.6172049,0.6654159,0.23440984
1,0,0.9223671,0.27294973,0.8447342
1,0,0.5800781,0.6802668,0.16015628
1,1,0.53074163,0.6912559,0.061483264
1,1,0.98936975,0.058877952,0.9787395
0,0,0.935428,0.23936641,0.87085605
1,1,0.939357,0.22873315,0.87871397
0,0,0.93157184,0.249554,0.8631437
1,1,0.9880409,0.06482132,0.97608185
0,0,0.9347552,0.24116123,0.8695104
1,1,0.98862946,0.062208477,0.9772589
1,0,0.9347216,0.24125078,0.8694432
1,1,0.895046,0.33583364,0.790092
1,1,0.9884366,0.06306811,0.97687316
1,1,0.9884366,0.06306811,0.97687316
0,0,0.7394039,0.57367945,0.4788078
1,1,0.93838024,0.2314013,0.8767605
0,0,0.86172396,0.4018216,0.7234479
1,0,0.93717486,0.23467124,0.8743497
0,0,0.9870394,0.06920109,0.9740788
1,1,0.7728353,0.53582764,0.5456706
1,1,0.5929767,0.6757568,0.18595338
1,1,0.9907102,0.052711993,0.9814204
0,0,0.94539887,0.21184629,0.89079773
1,1,0.80898166,0.4876962,0.6179633
1,1,0.8288792,0.45765898,0.65775836
1,1,0.98936975,0.058877952,0.9787395
1,1,0.63156,0.65812016,0.26312006
1,1,0.699808,0.6110269,0.399616
1,0,0.86282927,0.3997941,0.72565854
1,1,0.93500525,0.24049512,0.8700105
1,0,0.85968375,0.40553713,0.7193675
1,0,0.8131224,0.48166364,0.6262448
0,0,0.9347533,0.2411663,0.8695066
1,0,0.704989,0.6065777,0.40997803
1,0,0.861724,0.40182152,0.72344804
0,0,0.9937427,0.037987348,0.9874854
0,0,0.9928614,0.04239383,0.9857228
1,1,0.982621,0.08765532,0.965242
1,0,0.64542073,0.6502354,0.29084146
1,1,0.98763204,0.06661925,0.9752641
0,0,0.99044925,0.053926807,0.9808985
1,1,0.5312094,0.6911979,0.06241882
1,1,0.9403192,0.22608837,0.88063836
0,1,0.639633,0.65362906,0.279266
0,0,0.7708477,0.53825,0.54169536
1,1,0.99006236,0.055714805,0.9801247
0,0,0.97984374,0.09864667,0.9596875
0,0,0.97388273,0.120974794,0.94776547
1,0,0.81197286,0.48334962,0.6239457
0,1,0.57866246,0.68072003,0.15732491
1,1,0.9907102,0.052711993,0.9814204
1,0,0.93475574,0.24115983,0.8695115
1,1,0.92622536,0.2632951,0.8524507
1,1,0.5034555,0.6931233,0.0069110394
0,0,0.9347552,0.24116123,0.8695104
1,1,0.9121099,0.29762888,0.8242198
1,1,0.9907102,0.052711993,0.9814204
0,0,0.9936238,0.038588773,0.9872476
0,0,0.9885173,0.06270881,0.97703457
0,0,0.9445732,0.21419416,0.88914645
1,1,0.9238657,0.269225,0.84773135
1,0,0.93716663,0.23469353,0.87433326
1,0,0.9349349,0.24068257,0.8698698
1,0,0.7495247,0.5628567,0.49904945
1,1,0.9898935,0.05649036,0.979787
1,1,0.88331753,0.3602625,0.76663506
0,0,0.86172396,0.4018216,0.7234479
1,1,0.98763204,0.06661925,0.9752641
1,1,0.7275211,0.5857088,0.45504224
1,0,0.8286915,0.45795497,0.65738297
1,1,0.696985,0.6133973,0.39397
1,0,0.81692564,0.47602338,0.6338513
0,0,0.94872165,0.2022622,0.8974433
0,0,0.99299484,0.041733965,0.9859897
0,0,0.9668317,0.1455887,0.93366337
0,0,0.75617903,0.55544436,0.51235807
1,1,0.9884366,0.06306811,0.97687316
1,0,0.56099844,0.685687,0.12199691
1,1,0.9884366,0.06306811,0.97687316
1,1,0.94220084,0.2208684,0.8844017
0,0,0.9347555,0.2411605,0.869511
0,0,0.993441,0.039509177,0.986882
0,0,0.83522725,0.4475001,0.6704545
0,0,0.9899907,0.05604413,0.9799814
0,0,0.98921144,0.059594534,0.9784229
0,0,0.9347552,0.24116126,0.8695104
0,0,0.9935027,0.039199118,0.98700535
0,0,0.9890971,0.060110334,0.97819424
1,0,0.64542073,0.6502354,0.29084146
1,1,0.9890057,0.06052216,0.97801137
1,1,0.9907102,0.052711993,0.9814204
1,1,0.98862946,0.062208477,0.9772589
1,1,0.9907102,0.052711993,0.9814204
0,0,0.9930604,0.04140883,0.9861208
0,0,0.9917639,0.047729045,0.9835278
0,0,0.9347555,0.24116044,0.869511
1,1,0.82163846,0.46889988,0.64327693
0,0,0.99237627,0.04477167,0.98475254
0,0,0.99237627,0.04477164,0.98475254
0,0,0.92596346,0.26395723,0.8519269
1,1,0.98783827,0.06571416,0.97567654
0,0,0.99362355,0.03858988,0.9872471
1,1,0.8288792,0.45765898,0.65775836
1,0,0.83713317,0.44439328,0.67426634
0,0,0.96992075,0.13501756,0.9398415
1,1,0.98918927,0.059694607,0.97837853
1,1,0.939357,0.22873315,0.87871397
0,0,0.97214246,0.12721398,0.9442849
1,0,0.92764825,0.25968018,0.8552965
0,0,0.98196995,0.09027007,0.9639399
0,0,0.93475556,0.24116036,0.8695111
0,0,0.9347552,0.24116123,0.8695104
0,0,0.9575773,0.17556861,0.9151546
0,0,0.9347547,0.2411625,0.86950946
1,0,0.80636936,0.49144483,0.6127387
0,0,0.99044895,0.05392832,0.9808979
0,0,0.9808382,0.09475896,0.96167636
1,0,0.8424252,0.43562633,0.68485045
0,0,0.885145,0.35654703,0.77029
0,0,0.9920373,0.04641454,0.9840746
1,1,0.92994636,0.25377765,0.8598927
0,0,0.98444724,0.08018535,0.9688945
1,0,0.52630126,0.69176304,0.05260253
1,0,0.8417206,0.43680573,0.68344116
1,0,0.89521265,0.3354763,0.7904253
1,0,0.9004063,0.32418934,0.8008126
1,0,0.88697636,0.35279065,0.7739527
0,0,0.93475384,0.24116492,0.8695077
0,0,0.9936832,0.038288455,0.98736644
0,1,0.8288792,0.45765898,0.65775836
1,1,0.6320974,0.65783,0.26419485
0,0,0.86172396,0.4018216,0.7234479
1,0,0.67168516,0.6329788,0.34337032
1,0,0.55534744,0.6870079,0.110694915
1,1,0.93610036,0.23756534,0.8722007
1,1,0.8288792,0.45765898,0.65775836
0,0,0.97829115,0.1046172,0.9565823
1,1,0.92265993,0.27222434,0.84531987
1,0,0.84863293,0.42507312,0.69726586
0,0,0.9850342,0.0777392,0.97006845
0,0,0.99312466,0.041089494,0.9862493
1,1,0.98918927,0.059694607,0.97837853
0,0,0.9920373,0.04641454,0.9840746
0,0,0.9924476,0.044423934,0.9848952
1,1,0.9898935,0.05649036,0.979787
0,0,0.9903281,0.054488413,0.98065615
1,1,0.9905523,0.053447925,0.9811046
1,0,0.63152754,0.6581377,0.26305512
0,0,0.66464466,0.63790655,0.32928932
1,1,0.9421374,0.22104537,0.88427484
0,0,0.9917811,0.04764646,0.98356223
0,0,0.9445142,0.21436146,0.88902843
1,1,0.5150897,0.69269174,0.030179381
0,0,0.9920373,0.046414554,0.9840746
1,1,0.5964082,0.67444116,0.19281638
0,0,0.99292856,0.042062037,0.9858571
1,0,0.9347216,0.24125078,0.8694432
0,0,0.9876993,0.06632456,0.97539854
1,1,0.7674975,0.5422825,0.53499496
0,0,0.9347549,0.24116203,0.8695098
1,1,0.8356667,0.4467861,0.67133343
1,0,0.5300125,0.6913446,0.060024977
0,0,0.9920373,0.04641454,0.9840746
1,0,0.64542073,0.6502354,0.29084146
0,0,0.86172396,0.4018216,0.7234479
1,1,0.94220084,0.2208684,0.8844017
1,1,0.5827115,0.67940164,0.16542304
1,0,0.6591219,0.6416162,0.3182437
0,0,0.9920373,0.04641454,0.9840746
1,0,0.85968375,0.40553713,0.7193675
1,1,0.9475168,0.20576295,0.8950336
1,1,0.69621986,0.6140332,0.39243972
1,1,0.9898935,0.05649036,0.979787
1,1,0.98954725,0.05807176,0.9790945
1,0,0.84468913,0.4318118,0.68937826
0,0,0.68598807,0.6222731,0.37197614
1,0,0.93716687,0.23469289,0.87433374
1,0,0.85968375,0.40553713,0.7193675
0,0,0.9920373,0.04641454,0.9840746
1,1,0.9244036,0.26788023,0.8488072
0,0,0.98822415,0.06401099,0.9764483
1,1,0.98742247,0.067535415,0.97484493
0,0,0.9347526,0.24116822,0.86950517
1,1,0.9884366,0.06306811,0.97687316
1,1,0.92745703,0.2601677,0.85491407
0,0,0.9347554,0.24116084,0.86951077
0,0,0.93475455,0.24116305,0.8695091
1,0,0.9019538,0.32076868,0.80390763
1,1,0.9236378,0.2697934,0.8472756
1,1,0.759765,0.55135065,0.51953006
1,0,0.7963029,0.5054852,0.5926058
0,0,0.9868686,0.06993981,0.97373724
0,0,0.9900852,0.055609703,0.98017037
1,1,0.9907102,0.052711993,0.9814204
1,1,0.5803034,0.6801939,0.16060674
1,1,0.92622536,0.2632951,0.8524507
1,1,0.9872093,0.06846359,0.97441864
0,0,0.99223167,0.04547436,0.98446333
1,1,0.99039173,0.054193627,0.98078346
1,1,0.6962208,0.6140325,0.39244163
1,0,0.825232,0.46336648,0.65046406
0,0,0.93475556,0.24116036,0.8695111
0,0,0.9931253,0.041086394,0.98625064
1,1,0.7874264,0.51734656,0.5748528
1,1,0.94120264,0.22364551,0.8824053
0,0,0.99190176,0.047067445,0.9838035
1,1,0.9902284,0.054949284,0.9804568
0,0,0.990801,0.052287724,0.98160195
1,1,0.6962209,0.6140324,0.39244175
1,1,0.92143685,0.275246,0.8428737
0,0,0.9347546,0.2411628,0.8695092
1,1,0.71629685,0.5964169,0.4325937
0,0,0.9936835,0.038286958,0.98736703
1,1,0.6962208,0.6140325,0.39244163
1,1,0.8288792,0.45765898,0.65775836
0,0,0.9920373,0.04641454,0.9840746
1,0,0.51346517,0.69278455,0.026930332
0,0,0.9347555,0.24116047,0.869511
1,0,0.8954428,0.33498234,0.79088557
1,1,0.98954725,0.05807176,0.9790945
0,0,0.8614993,0.40223244,0.7229986
0,0,0.9920373,0.046414554,0.9840746
0,0,0.9347555,0.24116047,0.869511
1,0,0.9348465,0.24091816,0.86969304
1,0,0.8895204,0.34751683,0.7790408
0,0,0.9347553,0.24116102,0.86951065
1,0,0.9347216,0.24125078,0.8694432
0,0,0.86172396,0.4018216,0.7234479
1,1,0.9888192,0.061359704,0.97763836
1,0,0.9347216,0.24125078,0.8694432
1,1,0.6438923,0.6511458,0.28778458
0,0,0.99318963,0.040766202,0.98637927
0,0,0.99350256,0.039199572,0.9870051
0,1,0.9224289,0.2727967,0.8448578
0,0,0.98716956,0.06863642,0.9743391
0,0,0.9897543,0.05712753,0.97950864
1,1,0.75714433,0.5543493,0.51428866
0,0,0.9347554,0.24116084,0.86951077
0,0,0.96463895,0.15291008,0.9292779
1,1,0.9890057,0.06052216,0.97801137
0,0,0.99190176,0.047067445,0.9838035
0,0,0.9347553,0.24116099,0.86951065
0,0,0.76746166,0.54232526,0.5349233
0,0,0.9833511,0.08469355,0.9667022
1,0,0.9276227,0.25974542,0.85524535
0,0,0.99331653,0.040132705,0.98663306
0,0,0.99130464,0.049916588,0.9826093
1,1,0.92143685,0.275246,0.8428737
0,0,0.9935026,0.039199248,0.98700523
0,0,0.99318963,0.040766146,0.98637927
0,0,0.98220927,0.08931184,0.96441853
0,0,0.9918579,0.047278147,0.9837158
1,0,0.59645414,0.6744232,0.19290829
0,0,0.54660964,0.6887959,0.09321931
1,1,0.8480805,0.4260242,0.69616103
0,1,0.90208906,0.32046846,0.8041781
1,0,0.78397846,0.52182627,0.5679569
1,1,0.96757865,0.1430608,0.9351573
1,1,0.6976473,0.6128446,0.39529455
0,0,0.988041,0.06482114,0.97608197
1,0,0.8125596,0.48249015,0.6251192
1,1,0.9872093,0.06846359,0.97441864
0,0,0.9904138,0.054091386,0.98082757
0,0,0.99298245,0.041795343,0.9859649
1,1,0.99039173,0.054193627,0.98078346
1,0,0.8244379,0.46459693,0.64887583
1,0,0.85968375,0.40553713,0.7193675
0,0,0.9931897,0.040765766,0.9863794
1,1,0.7561543,0.5554724,0.5123086
0,0,0.9936238,0.038588703,0.9872476
1,0,0.5121831,0.69285035,0.02436626
0,0,0.9936236,0.038589656,0.9872472
1,1,0.6962208,0.6140325,0.39244163
0,0,0.9347555,0.24116044,0.869511
1,0,0.9127113,0.29621947,0.82542264
1,0,0.93475574,0.24115983,0.8695115
0,0,0.9347554,0.24116075,0.86951077
0,0,0.86172396,0.4018216,0.7234479
1,0,0.5262809,0.6917652,0.05256176
0,0,0.9551326,0.18311581,0.9102652
0,0,0.5718825,0.6827771,0.14376497
1,1,0.9907102,0.052711993,0.9814204
0,0,0.91934395,0.28036875,0.8386879
0,0,0.9359888,0.23786479,0.87197757
1,1,0.96116346,0.16422881,0.9223269
1,1,0.9236378,0.2697934,0.8472756
0,0,0.9920373,0.046414554,0.9840746
1,1,0.99039173,0.054193627,0.98078346
0,0,0.99265707,0.043399278,0.98531413
1,0,0.5553025,0.6870179,0.110605
0,0,0.968607,0.13955143,0.937214
0,0,0.93475425,0.24116385,0.8695085
1,1,0.8288792,0.45765898,0.65775836
0,0,0.67022175,0.6340215,0.3404435
1,1,0.94188005,0.22176287,0.8837601
0,0,0.9620752,0.16129206,0.92415035
1,1,0.944885,0.21330906,0.88977003
0,0,0.99122274,0.05030418,0.9824455
1,1,0.9238657,0.269225,0.84773135
0,0,0.99138594,0.04953112,0.9827719
0,0,0.7649901,0.54525936,0.5299802
1,1,0.98783827,0.06571416,0.97567654
0,0,0.9934412,0.039507814,0.98688245
0,0,0.9347552,0.24116123,0.8695104
1,0,0.92761564,0.25976336,0.8552313
1,0,0.85968363,0.40553743,0.71936727
0,0,0.9932533,0.040448647,0.9865066
1,1,0.9884366,0.06306811,0.97687316
1,1,0.89635307,0.333023,0.79270613
0,0,0.86172396,0.4018216,0.7234479
1,0,0.9699672,0.13485627,0.9399344
0,0,0.93475515,0.2411614,0.8695103
0,0,0.9347555,0.24116051,0.869511
1,1,0.99006236,0.055714805,0.9801247
0,0,0.93475544,0.24116066,0.8695109
1,0,0.85552746,0.41300008,0.7110549
0,0,0.99190176,0.04706743,0.9838035
1,1,0.9890057,0.06052216,0.97801137
1,1,0.9907102,0.052711993,0.9814204
0,0,0.8989523,0.32737893,0.7979046
1,0,0.5118743,0.69286513,0.023748636
0,0,0.9929286,0.042061616,0.98585725
1,1,0.6962208,0.6140325,0.39244163
0,0,0.99368346,0.038287282,0.9873669
0,0,0.9931253,0.041086175,0.98625064
1,1,0.9907102,0.052711993,0.9814204
1,0,0.6409925,0.652845,0.281985
1,0,0.67474663,0.63076603,0.34949327
1,0,0.86080945,0.40349135,0.7216189
1,0,0.825176,0.4634534,0.650352
1,1,0.6962209,0.6140324,0.39244175
0,0,0.98481053,0.07867411,0.96962106
1,1,0.9457982,0.21070603,0.89159644
0,0,0.9920373,0.046414554,0.9840746
0,0,0.9757417,0.11417821,0.95148337
1,0,0.93491286,0.24074137,0.8698257
0,0,0.9639876,0.15505737,0.9279752
1,1,0.6962209,0.6140324,0.39244175
0,0,0.9347555,0.24116047,0.869511
1,1,0.9236378,0.2697934,0.8472756
0,0,0.9496351,0.1995883,0.8992702
1,0,0.9160184,0.28838766,0.83203685
0,0,0.99190176,0.04706746,0.9838035
1,1,0.9902284,0.054949284,0.9804568
1,1,0.8333164,0.4505885,0.6666328
0,0,0.9727206,0.12515396,0.94544125
1,0,0.6163905,0.66580355,0.23278105
1,0,0.93475574,0.24115983,0.8695115
1,1,0.9898935,0.05649036,0.979787
1,0,0.6300022,0.6589545,0.2600044
0,0,0.9906158,0.05315235,0.9812316
0,0,0.9920373,0.046414554,0.9840746
1,1,0.9907102,0.052711993,0.9814204
0,0,0.99162525,0.0483922,0.9832505
0,0,0.93475366,0.24116535,0.8695073
1,1,0.8288792,0.45765898,0.65775836
0,0,0.86172396,0.4018216,0.7234479
1,1,0.93112177,0.25072756,0.86224353
0,0,0.9568075,0.17796065,0.913615
0,0,0.9861115,0.07318847,0.97222304
1,0,0.90344846,0.31743914,0.8068969
1,0,0.57680315,0.6813029,0.1536063
0,0,0.99374205,0.037990678,0.9874841
1,1,0.82178605,0.46867436,0.6435721
0,0,0.9920373,0.04641454,0.9840746
0,0,0.9926576,0.043396473,0.9853152
1,1,0.58973163,0.67695606,0.17946327
1,1,0.74293166,0.5699681,0.48586333
0,0,0.82925373,0.45706755,0.65850747
0,0,0.9841735,0.08131845,0.96834695
0,0,0.93470967,0.24128252,0.86941934
1,1,0.98936975,0.058877952,0.9787395
1,1,0.7444097,0.5683938,0.48881936
1,1,0.9884366,0.06306811,0.97687316
0,0,0.990887,0.051884882,0.981774
1,1,0.6641561,0.6382402,0.32831216
1,1,0.9890057,0.06052216,0.97801137
0,0,0.93475497,0.24116185,0.86950994
1,0,0.66525906,0.6374854,0.33051813
1,1,0.98936975,0.058877952,0.9787395
0,1,0.9940468,0.03643857,0.9880936
0,0,0.9687536,0.13904852,0.93750715
1,1,0.9888192,0.061359704,0.97763836
0,0,0.9347555,0.24116051,0.869511
1,0,0.80695236,0.49061203,0.6139047
1,1,0.9718483,0.12825735,0.9436966
1,0,0.51778644,0.6925143,0.035572886
0,0,0.9738545,0.12107693,0.94770896
1,1,0.99039173,0.054193627,0.98078346
0,0,0.9347552,0.24116126,0.8695104
0,0,0.9347555,0.24116051,0.869511
0,0,0.9936835,0.038286947,0.98736703
0,0,0.99190176,0.047067445,0.9838035
1,1,0.98972183,0.057275865,0.97944367
0,0,0.9914812,0.0490787,0.98296237
1,1,0.8288792,0.45765898,0.65775836
1,0,0.9709429,0.131449,0.9418858
0,0,0.9347554,0.24116081,0.86951077
0,0,0.9929284,0.042062882,0.9858568
0,0,0.934755,0.24116176,0.86951005
1,1,0.9238657,0.269225,0.84773135
1,0,0.8576182,0.4092637,0.7152364
1,0,0.6764981,0.62948096,0.35299623
1,1,0.9880409,0.06482132,0.97608185
1,1,0.6962209,0.6140324,0.39244175
0,0,0.99178356,0.04763477,0.9835671
1,1,0.8288792,0.45765898,0.65775836
1,0,0.79402816,0.50857055,0.5880563
1,0,0.8059501,0.49204236,0.6119002
1,0,0.5322163,0.69106996,0.06443265
1,1,0.93500525,0.24049512,0.8700105
0,0,0.9824663,0.088279024,0.96493256
0,0,0.9929283,0.042063102,0.98585665
1,0,0.6862222,0.6220901,0.3724444
1,1,0.51124245,0.69289434,0.022484899
0,0,0.94462776,0.21403942,0.8892555
1,0,0.93488556,0.24081409,0.8697711
1,1,0.9907102,0.052711993,0.9814204
0,0,0.64188826,0.652324,0.2837765
1,1,0.9907102,0.052711993,0.9814204
1,0,0.62457865,0.6617781,0.24915731
0,0,0.9897443,0.05717321,0.9794886
1,0,0.76791435,0.54178417,0.5358287
0,0,0.904472,0.3151444,0.808944
0,0,0.9920373,0.04641454,0.9840746
1,0,0.9223269,0.2730491,0.84465384
1,1,0.79755247,0.5037768,0.59510493
1,1,0.8288792,0.45765898,0.65775836
0,0,0.9347554,0.24116081,0.86951077
0,0,0.9347551,0.24116154,0.8695102
1,1,0.9143764,0.29229382,0.82875276
1,1,0.8288792,0.45765898,0.65775836
0,0,0.9347534,0.24116597,0.86950684
0,0,0.96554947,0.14988747,0.93109894
1,0,0.64542073,0.6502354,0.29084146
0,0,0.8596837,0.40553725,0.7193674
0,0,0.9907143,0.052692786,0.9814286
0,0,0.99200946,0.04654886,0.9840189
0,0,0.97662294,0.11090597,0.9532459
0,0,0.98446584,0.080108285,0.9689317
1,0,0.93715936,0.2347131,0.8743187
1,1,0.895046,0.33583364,0.790092
1,1,0.64445037,0.65081453,0.28890073
0,0,0.9913362,0.04976695,0.98267245
1,1,0.9343248,0.24230555,0.8686496
0,0,0.99053824,0.053513307,0.9810765
0,1,0.5519177,0.6877466,0.103835344
1,1,0.9450432,0.2128593,0.8900864
1,0,0.856652,0.41099477,0.71330404
0,0,0.98989636,0.05647729,0.9797927
0,0,0.9347554,0.24116084,0.86951077
1,1,0.9884366,0.06306811,0.97687316
1,0,0.88867116,0.3492846,0.7773423
1,1,0.9483566,0.20332593,0.89671326
0,0,0.9920373,0.046414554,0.9840746
1,1,0.9176606,0.28444618,0.8353212
0,0,0.9347544,0.24116354,0.86950874
0,0,0.9347554,0.24116075,0.86951077
0,0,0.9655959,0.14973268,0.9311918
1,1,0.930124,0.25331813,0.86024797
0,0,0.9347555,0.24116051,0.869511
1,1,0.8953164,0.33525366,0.79063284
0,0,0.8683147,0.3895779,0.73662937
0,0,0.9866209,0.071007505,0.9732418
0,0,0.9347553,0.24116093,0.86951065
1,0,0.57710814,0.68120825,0.15421629
0,0,0.9935635,0.038892888,0.98712695
1,0,0.8273428,0.4600746,0.6546856
1,1,0.9880409,0.06482132,0.97608185
1,1,0.59991294,0.67304695,0.19982588
0,0,0.9761865,0.11253062,0.952373
1,1,0.8288792,0.45765898,0.65775836
1,1,0.98972183,0.057275865,0.97944367
1,0,0.55530286,0.6870178,0.11060575
0,0,0.98331153,0.084854856,0.96662307
1,1,0.9890057,0.06052216,0.97801137
0,0,0.9809352,0.09437683,0.96187043
1,1,0.99006236,0.055714805,0.9801247
1,0,0.93367547,0.24402615,0.86735094
1,1,0.6962208,0.6140325,0.39244163
1,1,0.56863326,0.68369627,0.13726652
1,1,0.8850555,0.35672978,0.77011096
1,1,0.8288792,0.45765898,0.65775836
0,0,0.99368334,0.038287766,0.9873667
0,0,0.9564088,0.17919388,0.9128176
0,0,0.9725545,0.12574714,0.945109
0,0,0.9347543,0.24116367,0.8695086
0,0,0.99190176,0.04706746,0.9838035
1,0,0.59273434,0.6758479,0.18546864
0,0,0.9347553,0.2411609,0.86951065
0,0,0.934755,0.24116176,0.86951005
1,1,0.8288792,0.45765898,0.65775836
0,0,0.9527135,0.19044666,0.905427
0,0,0.9930604,0.041408777,0.9861208
1,0,0.64542073,0.6502354,0.29084146
1,1,0.99039173,0.054193627,0.98078346
0,0,0.86172396,0.4018216,0.7234479
0,0,0.9906268,0.053101085,0.9812536
0,0,0.9936238,0.038588714,0.9872476
1,1,0.674789,0.63073516,0.34957802
1,0,0.50637496,0.6930659,0.01274994
0,0,0.93475413,0.24116418,0.86950827
0,0,0.9347555,0.24116051,0.869511
0,0,0.9347555,0.24116051,0.869511
0,0,0.9432274,0.21799321,0.8864548
1,1,0.93500525,0.24049512,0.8700105
0,0,0.93475497,0.24116188,0.86950994
1,1,0.79548615,0.5065966,0.5909723
0,0,0.97574216,0.11417646,0.9514843
1,1,0.6962208,0.6140325,0.39244163
0,0,0.85968363,0.40553743,0.71936727
1,0,0.82433015,0.46476352,0.6486603
0,0,0.93475544,0.24116066,0.8695109
1,0,0.9371866,0.23463959,0.8743732
0,0,0.9936238,0.038588703,0.9872476
1,1,0.98783827,0.06571416,0.97567654
1,1,0.9890057,0.06052216,0.97801137
1,1,0.98972183,0.057275865,0.97944367
1,1,0.98972183,0.057275865,0.97944367
1,1,0.5143934,0.6927328,0.028786778
0,0,0.93475544,0.24116063,0.8695109
1,0,0.85552746,0.41300008,0.7110549
1,0,0.5803541,0.68017745,0.16070816
0,0,0.86172396,0.4018216,0.7234479
0,0,0.98577094,0.074635975,0.9715419
1,1,0.77688193,0.53082615,0.55376387
0,0,0.9598273,0.1684926,0.9196546
0,0,0.989119,0.0600118,0.978238
1,1,0.8288792,0.45765898,0.65775836
0,1,0.91869617,0.28194228,0.83739233
0,0,0.99159694,0.048527185,0.9831939
0,0,0.9925179,0.04408078,0.9850358
1,1,0.9880409,0.06482132,0.97608185
1,1,0.51458585,0.6927216,0.029171705
1,0,0.8122072,0.48300657,0.62441444
1,0,0.93484676,0.2409175,0.8696935
0,0,0.6987808,0.61189383,0.39756152
1,1,0.78417355,0.5215746,0.5683471
0,0,0.99080086,0.05228826,0.9816017
0,0,0.9926575,0.04339708,0.98531497
0,0,0.9904492,0.05392716,0.9808984
0,0,0.9347539,0.2411648,0.8695078
1,1,0.9872093,0.06846359,0.97441864
1,1,0.9898935,0.05649036,0.979787
1,0,0.83400273,0.44948226,0.66800547
1,0,0.5342493,0.69079936,0.06849861
1,1,0.74158347,0.57139415,0.48316693
0,0,0.9923043,0.04512169,0.98460865
1,1,0.98862946,0.062208477,0.9772589
1,0,0.8596837,0.40553725,0.7193674
1,0,0.88699,0.35276252,0.77398
1,0,0.7560281,0.5556152,0.51205623
1,1,0.5359143,0.69056535,0.071828604
1,0,0.92875695,0.25684255,0.8575139
1,1,0.9907102,0.052711993,0.9814204
1,0,0.736639,0.5765431,0.47327808
0,0,0.54032016,0.68989223,0.080640286
1,1,0.584348,0.67884976,0.16869605
1,0,0.64542073,0.6502354,0.29084146
1,1,0.9266051,0.26233327,0.8532102
1,1,0.9905523,0.053447925,0.9811046
1,0,0.8781613,0.37057248,0.7563226
1,1,0.9907102,0.052711993,0.9814204
1,0,0.5511414,0.68790716,0.10228273
1,0,0.6602887,0.6408438,0.32057738
1,0,0.78661025,0.51841336,0.5732205
1,1,0.89930046,0.3266173,0.7986009
1,1,0.8288792,0.45765898,0.65775836
0,0,0.9347555,0.2411605,0.869511
0,0,0.9347548,0.24116234,0.8695096
0,0,0.99251825,0.04407892,0.9850365
0,0,0.99053836,0.053512715,0.9810767
0,0,0.9763716,0.11184273,0.9527432
1,1,0.93183285,0.24887192,0.8636657
1,1,0.8288792,0.45765898,0.65775836
1,0,0.9347216,0.24125078,0.8694432
0,0,0.99350226,0.03920126,0.9870045
1,0,0.8290439,0.45739895,0.65808785
1,1,0.99039173,0.054193627,0.98078346
1,1,0.69621986,0.6140332,0.39243972
1,1,0.9898935,0.05649036,0.979787
0,0,0.92113537,0.2759876,0.84227073
1,0,0.9347216,0.24125078,0.8694432
1,1,0.9551435,0.18308246,0.910287
1,0,0.93717486,0.23467124,0.8743497
0,0,0.9889038,0.06097992,0.97780764
1,0,0.5178461,0.6925101,0.035692215
0,0,0.9710965,0.1309097,0.94219303
1,1,0.98862946,0.062208477,0.9772589
0,0,0.7455436,0.56717825,0.49108723
0,0,0.93475205,0.24116966,0.8695041
1,0,0.85552746,0.41300008,0.7110549
1,1,0.9884366,0.06306811,0.97687316
0,0,0.9937426,0.037987802,0.9874852
0,0,0.8576182,0.4092637,0.7152364
1,1,0.99006236,0.055714805,0.9801247
0,0,0.9347552,0.24116123,0.8695104
0,0,0.94732034,0.206331,0.8946407
1,1,0.9884366,0.06306811,0.97687316
0,0,0.98804104,0.064820886,0.9760821
1,1,0.69621986,0.6140332,0.39243972
1,0,0.82999957,0.4558869,0.65999913
1,0,0.50852174,0.693002,0.017043471
1,0,0.836823,0.4449007,0.673646
1,0,0.85968375,0.40553713,0.7193675
0,0,0.9818016,0.09094217,0.96360326
0,1,0.80810297,0.48896202,0.61620593
0,0,0.6129105,0.6674284,0.22582105
1,0,0.9287796,0.25678435,0.8575592
0,0,0.86172396,0.4018216,0.7234479
1,0,0.85968375,0.40553713,0.7193675
1,1,0.9322051,0.24789736,0.86441016
0,0,0.9347555,0.24116047,0.869511
0,0,0.9930604,0.04140883,0.9861208
0,0,0.9211394,0.27597767,0.84227884
1,1,0.9298633,0.2539925,0.85972655
1,0,0.752507,0.55956423,0.50501394
1,0,0.7907045,0.51302177,0.581409
1,1,0.7954345,0.50666684,0.59086895
0,0,0.99244756,0.044424288,0.9848951
0,0,0.9347552,0.24116123,0.8695104
0,0,0.9347553,0.24116102,0.86951065
1,0,0.861724,0.40182152,0.72344804
0,0,0.9898953,0.056482196,0.97979057
0,0,0.9929658,0.041877598,0.98593163
1,1,0.64247394,0.6519815,0.28494787
0,0,0.9347546,0.24116291,0.8695092
0,0,0.99146646,0.049148574,0.9829329
1,1,0.9898935,0.05649036,0.979787
0,0,0.9927943,0.042724613,0.98558855
0,0,0.9806057,0.09567223,0.96121144
1,0,0.81062454,0.48531613,0.6212491
1,0,0.9229399,0.27152973,0.8458798
1,1,0.8288792,0.45765898,0.65775836
0,1,0.9217577,0.2744553,0.8435154
0,0,0.934755,0.24116176,0.86951005
0,0,0.98999065,0.056044392,0.9799813
0,0,0.871358,0.3837971,0.74271595
0,0,0.9926856,0.043259114,0.98537123
0,0,0.9920096,0.046548333,0.98401916
1,0,0.58449244,0.67880046,0.16898492
0,1,0.7165062,0.5962229,0.43301237
1,0,0.55811656,0.6863768,0.11623314
0,0,0.9347553,0.24116093,0.86951065
1,0,0.80235773,0.4971165,0.60471547
1,1,0.6962209,0.6140324,0.39244175
1,1,0.9338419,0.24358585,0.86768377
1,0,0.63312316,0.6572726,0.26624635
0,0,0.98951024,0.058240138,0.9790205
1,1,0.9888192,0.061359704,0.97763836
0,0,0.9917639,0.04772906,0.9835278
1,1,0.789587,0.51450336,0.57917404
1,1,0.98936975,0.058877952,0.9787395
1,1,0.86658174,0.3928334,0.7331635
1,0,0.8617289,0.40181255,0.7234578
1,1,0.6962209,0.6140324,0.39244175
1,0,0.7630063,0.5475897,0.52601266
1,1,0.79821885,0.50286174,0.5964377
1,1,0.98742247,0.067535415,0.97484493
0,0,0.85968363,0.40553743,0.71936727
1,0,0.68049335,0.62649703,0.36098674
1,1,0.73015213,0.5831075,0.46030426
0,1,0.91995823,0.2788714,0.83991647
1,0,0.93475574,0.24115983,0.8695115
1,0,0.70536745,0.60624766,0.41073486
0,0,0.98213685,0.08960204,0.9642737
0,0,0.86172396,0.4018216,0.7234479
0,0,0.93475556,0.24116033,0.8695111
0,0,0.9898013,0.056912586,0.9796026
0,0,0.99350244,0.0392003,0.9870049
1,1,0.9236378,0.2697934,0.8472756
1,0,0.62579787,0.66115427,0.25159577
1,1,0.9236378,0.2697934,0.8472756
1,1,0.69621986,0.6140332,0.39243972
0,1,0.97910917,0.10148612,0.95821834
0,0,0.9934412,0.039507866,0.98688245
1,1,0.98954725,0.05807176,0.9790945
0,0,0.9907143,0.052692767,0.9814286
1,1,0.94491917,0.213212,0.88983834
1,0,0.6189686,0.66456676,0.23793718
1,0,0.94009465,0.22670698,0.8801893
0,0,0.98980093,0.056914248,0.97960186
1,1,0.9884366,0.06306811,0.97687316
0,0,0.93475544,0.24116063,0.8695109
1,1,0.986985,0.06943642,0.97397006
1,1,0.6962209,0.6140324,0.39244175
1,1,0.69621986,0.6140332,0.39243972
0,0,0.93475544,0.24116063,0.8695109
0,0,0.9347552,0.24116123,0.8695104
1,1,0.8288792,0.45765898,0.65775836
0,0,0.96903855,0.1380686,0.9380771
1,1,0.9884366,0.06306811,0.97687316
0,0,0.9874482,0.06742309,0.97489643
1,0,0.9348546,0.24089655,0.86970925
0,0,0.9900842,0.05561441,0.98016834
1,1,0.93803966,0.23232773,0.8760793
0,0,0.8768189,0.37321556,0.7536378
0,0,0.98746836,0.06733508,0.9749367
0,0,0.9347551,0.24116154,0.8695102
1,0,0.8967985,0.332061,0.793597
1,1,0.98972183,0.057275865,0.97944367
0,0,0.9512116,0.19493228,0.90242314
1,0,0.52203417,0.69217587,0.044068336
0,0,0.88239026,0.36213535,0.7647805
0,0,0.86172396,0.4018216,0.7234479
0,0,0.90115726,0.32253274,0.8023145
1,1,0.9880409,0.06482132,0.97608185
1,1,0.9880409,0.06482132,0.97608185
1,1,0.7448309,0.56794304,0.4896618
0,0,0.9250573,0.26624054,0.8501146
1,0,0.66029,0.6408429,0.32057998
0,0,0.99122274,0.050304104,0.9824455
0,0,0.99374235,0.037989005,0.9874847
0,0,0.93475544,0.24116063,0.8695109
0,0,0.9901763,0.05518973,0.98035264
1,1,0.9880409,0.06482132,0.97608185
1,1,0.98862946,0.062208477,0.9772589
1,1,0.9907102,0.052711993,0.9814204
1,1,0.9884366,0.06306811,0.97687316
1,0,0.87997526,0.36697426,0.7599505
1,1,0.9902284,0.054949284,0.9804568
0,0,0.9909721,0.051485375,0.9819442
1,1,0.5040325,0.69311464,0.008064985
1,0,0.5257262,0.69182295,0.051452428
1,1,0.82425815,0.46487486,0.6485163
1,1,0.98763204,0.06661925,0.9752641
1,1,0.9882405,0.06393874,0.97648096
0,0,0.9936236,0.038589623,0.9872472
1,0,0.88410527,0.35866496,0.76821053
1,0,0.8548542,0.41419566,0.70970845
0,0,0.9868686,0.06993975,0.97373724
1,1,0.94491917,0.213212,0.88983834
1,1,0.9898935,0.05649036,0.979787
0,0,0.8047801,0.49370393,0.60956025
0,0,0.93475515,0.24116144,0.8695103
0,0,0.9920373,0.046414554,0.9840746
1,1,0.9236378,0.2697934,0.8472756
0,0,0.93475217,0.2411694,0.86950433
0,0,0.9347554,0.24116081,0.86951077
0,0,0.9827896,0.086974405,0.96557915
1,0,0.7533211,0.55865705,0.5066422
1,1,0.8585132,0.40765333,0.71702635
1,1,0.6116285,0.66801405,0.22325695
1,0,0.93475574,0.24115983,0.8695115
0,0,0.99114,0.05069484,0.98228
1,1,0.9905523,0.053447925,0.9811046
1,1,0.9890057,0.06052216,0.97801137
1,1,0.8288792,0.45765898,0.65775836
1,1,0.98936975,0.058877952,0.9787395
1,0,0.9223671,0.27294973,0.8447342
0,0,0.9903589,0.0543459,0.9807178
0,0,0.99337876,0.0398211,0.9867575
0,0,0.99356353,0.03889279,0.98712707
1,1,0.9882405,0.06393874,0.97648096
0,0,0.98970526,0.057351522,0.9794105
0,0,0.54873526,0.6883894,0.09747052
1,1,0.6121324,0.6677847,0.22426474
0,0,0.9347555,0.2411605,0.869511
1,1,0.6962209,0.6140324,0.39244175
0,0,0.9913733,0.049591087,0.9827466
0,1,0.7466116,0.56602716,0.4932232
0,0,0.934754,0.24116445,0.869508
1,0,0.78257793,0.52362573,0.56515586
1,0,0.9347216,0.24125078,0.8694432
0,1,0.91611737,0.28815117,0.83223474
0,0,0.93475544,0.24116065,0.8695109
1,1,0.9353614,0.23954451,0.8707228
0,0,0.9935635,0.038892914,0.98712695
1,1,0.6307904,0.6585337,0.26158082
1,1,0.8413748,0.43738306,0.6827496
0,0,0.9347521,0.24116948,0.8695042
0,0,0.9871399,0.06876529,0.97427976
1,1,0.70765775,0.60423565,0.4153155
1,1,0.7534979,0.5584596,0.5069958
0,0,0.9927942,0.0427249,0.98558843
1,0,0.85761833,0.40926343,0.71523666
1,1,0.9322051,0.24789736,0.86441016
1,1,0.9882405,0.06393874,0.97648096
1,1,0.98972183,0.057275865,0.97944367
0,0,0.93475384,0.24116495,0.8695077
1,1,0.75755143,0.553886,0.51510286
1,1,0.9902284,0.054949284,0.9804568
0,0,0.991039,0.05117087,0.98207796
1,1,0.8288792,0.45765898,0.65775836
1,0,0.93487865,0.24083255,0.8697573
1,0,0.55677664,0.68668604,0.113553315
0,0,0.9935635,0.038892888,0.98712695
0,0,0.975517,0.11500743,0.95103395
1,1,0.939357,0.22873315,0.87871397
1,1,0.8288792,0.45765898,0.65775836
1,1,0.99039173,0.054193627,0.98078346
0,0,0.99190176,0.04706746,0.9838035
0,0,0.96410567,0.15466902,0.92821133
0,0,0.9708306,0.13184284,0.94166124
1,0,0.8198974,0.471549,0.6397948
0,0,0.99251825,0.044078965,0.9850365
0,0,0.8555276,0.41299987,0.71105516
1,1,0.99006236,0.055714805,0.9801247
0,0,0.93475515,0.24116144,0.8695103
1,1,0.90762186,0.30800572,0.8152437
1,1,0.9353614,0.23954451,0.8707228
0,0,0.99190176,0.047067445,0.9838035
1,1,0.8288792,0.45765898,0.65775836
0,0,0.97162485,0.12904784,0.9432497
1,1,0.9238657,0.269225,0.84773135
1,1,0.98783827,0.06571416,0.97567654
1,1,0.974698,0.118011355,0.949396
0,0,0.934755,0.24116176,0.86951005
0,0,0.9911888,0.050464354,0.98237765
0,1,0.6201562,0.66398764,0.24031246
0,0,0.9347547,0.2411625,0.86950946
0,0,0.94385946,0.21621326,0.8877189
1,0,0.85968375,0.40553713,0.7193675
0,0,0.9920373,0.04641454,0.9840746
1,1,0.69621986,0.6140332,0.39243972
0,0,0.9922311,0.04547728,0.98446214
1,1,0.69621986,0.6140332,0.39243972
1,1,0.9907102,0.052711993,0.9814204
0,0,0.98804104,0.06482087,0.9760821
1,0,0.93261385,0.24682468,0.8652277
1,0,0.7515775,0.56059545,0.503155
0,0,0.9769677,0.10961659,0.9539354
0,0,0.9924475,0.044424485,0.984895
1,0,0.82484233,0.46397087,0.64968467
1,1,0.99006236,0.055714805,0.9801247
0,0,0.86172396,0.4018216,0.7234479
1,1,0.9383627,0.23144898,0.87672544
1,1,0.9236378,0.2697934,0.8472756
0,0,0.9347554,0.24116075,0.86951077
1,1,0.9236378,0.2697934,0.8472756
0,0,0.9935275,0.039074365,0.98705494
0,0,0.9905384,0.053512543,0.98107684
0,0,0.9204708,0.27761802,0.84094155
1,1,0.79225755,0.5109502,0.5845151
0,0,0.85552746,0.41300008,0.7110549
0,0,0.93475527,0.24116114,0.86951053
1,1,0.99006236,0.055714805,0.9801247
0,0,0.9895105,0.05823903,0.97902095
1,1,0.92265993,0.27222434,0.84531987
1,1,0.98918927,0.059694607,0.97837853
1,1,0.80204314,0.49755698,0.6040863
1,1,0.99006236,0.055714805,0.9801247
1,1,0.8388691,0.44154042,0.6777382
1,1,0.9471223,0.20690289,0.89424455
1,1,0.98954725,0.05807176,0.9790945
1,1,0.7958464,0.5061069,0.5916928
1,1,0.98862946,0.062208477,0.9772589
0,0,0.971698,0.1287894,0.943396
0,0,0.9726507,0.12540369,0.9453014
1,0,0.861724,0.40182152,0.72344804
1,1,0.9457982,0.21070603,0.89159644
1,1,0.92143685,0.275246,0.8428737
1,0,0.5676371,0.6839695,0.1352742
1,0,0.8852591,0.35631394,0.7705182
0,0,0.9914812,0.0490787,0.98296237
0,0,0.98316246,0.085462004,0.9663249
0,0,0.9831071,0.08568713,0.9662142
1,1,0.80567056,0.49244013,0.6113411
1,1,0.99039173,0.054193627,0.98078346
0,0,0.9853108,0.076578684,0.9706216
1,0,0.8967983,0.3320614,0.7935966
0,0,0.8583658,0.407919,0.71673155
1,0,0.85968375,0.40553713,0.7193675
1,0,0.6320096,0.65787745,0.26401925
1,1,0.59754014,0.67399645,0.19508028
1,1,0.89622897,0.33329064,0.79245794
0,0,0.9805785,0.095779195,0.96115696
1,0,0.56369114,0.685012,0.12738225
1,1,0.9418751,0.22177665,0.8837502
1,1,0.9872093,0.06846359,0.97441864
1,0,0.8952543,0.33538693,0.7905086
1,1,0.6598905,0.6411081,0.31978095
0,1,0.8733873,0.37989652,0.74677455
0,0,0.8200846,0.4712652,0.64016914
1,0,0.64542073,0.6502354,0.29084146
0,0,0.9186311,0.28210005,0.83726215
1,1,0.80869645,0.48810762,0.6173929
0,0,0.98965496,0.057581127,0.9793099
0,0,0.7742801,0.5340527,0.54856014
1,1,0.9898935,0.05649036,0.979787
0,0,0.9347554,0.24116081,0.86951077
0,0,0.92182094,0.27429935,0.8436419
0,0,0.93475264,0.24116811,0.8695053
1,1,0.92143685,0.275246,0.8428737
0,0,0.9888449,0.0612446,0.97768974
0,0,0.99356353,0.03889277,0.98712707
1,0,0.92357695,0.2699451,0.8471539
1,0,0.5172784,0.69254994,0.034556746
1,0,0.87997043,0.36698386,0.75994086
1,1,0.9208454,0.27669978,0.8416908
0,0,0.93475515,0.24116144,0.8695103
1,1,0.58460677,0.6787615,0.16921353
0,0,0.98960805,0.05779492,0.9792161
1,1,0.92882967,0.25665575,0.85765934
1,0,0.85968375,0.40553713,0.7193675
0,0,0.9857017,0.07492937,0.97140336
1,1,0.9902284,0.054949284,0.9804568
1,1,0.98936975,0.058877952,0.9787395
1,1,0.98783827,0.06571416,0.97567654
1,1,0.9905523,0.053447925,0.9811046
1,1,0.8288792,0.45765898,0.65775836
0,0,0.9832632,0.08505186,0.9665264
1,1,0.98954725,0.05807176,0.9790945
0,0,0.9518529,0.19302289,0.90370584
0,0,0.9347524,0.24116872,0.8695048
0,0,0.9862285,0.072689034,0.97245705
0,0,0.89581865,0.3341744,0.7916373
1,1,0.92274183,0.27202126,0.84548366
1,1,0.6962209,0.6140324,0.39244175
1,1,0.9872093,0.06846359,0.97441864
1,1,0.92622536,0.2632951,0.8524507
0,0,0.9347554,0.24116075,0.86951077
1,1,0.93704313,0.2350271,0.87408626
1,0,0.92651933,0.26255068,0.85303867
0,0,0.9347555,0.24116051,0.869511
0,0,0.9920373,0.04641454,0.9840746
1,0,0.6049974,0.67093325,0.20999482
1,1,0.6167108,0.66565144,0.23342156
1,1,0.8288792,0.45765898,0.65775836
1,1,0.9907102,0.052711993,0.9814204
1,1,0.69621986,0.6140332,0.39243972
1,0,0.861724,0.40182152,0.72344804
1,1,0.6522102,0.64606774,0.30442035
0,0,0.975382,0.11550441,0.95076394
1,0,0.88524055,0.35635185,0.7704811
0,0,0.9927263,0.043059047,0.98545265
0,0,0.9885875,0.062395748,0.977175
1,1,0.8288792,0.45765898,0.65775836
1,1,0.93074393,0.25171036,0.86148787
0,0,0.86172396,0.4018216,0.7234479
0,0,0.86172396,0.4018216,0.7234479
1,0,0.7905853,0.5131802,0.58117056
1,1,0.8288792,0.45765898,0.65775836
1,0,0.89522547,0.33544877,0.79045093
1,0,0.93367547,0.24402615,0.86735094
1,0,0.62513995,0.6614917,0.25027987
0,0,0.99272627,0.043059334,0.98545253
1,0,0.9270655,0.26116428,0.854131
1,1,0.9888192,0.061359704,0.97763836
1,1,0.7383003,0.57482725,0.47660065
0,0,0.5658918,0.68443835,0.1317836
1,1,0.9236378,0.2697934,0.8472756
1,0,0.8367981,0.44494146,0.67359614
1,1,0.8288792,0.45765898,0.65775836
0,0,0.9347552,0.24116126,0.8695104
1,0,0.5045889,0.6931051,0.009177804
1,0,0.70034516,0.61057156,0.40069035
1,1,0.98742247,0.067535415,0.97484493
1,1,0.9880409,0.06482132,0.97608185
0,1,0.74011916,0.57293224,0.48023832
1,1,0.98918927,0.059694607,0.97837853
1,1,0.9440267,0.21574102,0.8880534
0,0,0.9543912,0.18537678,0.90878236
1,1,0.99006236,0.055714805,0.9801247
0,0,0.9505337,0.19694082,0.9010674
1,1,0.9888192,0.061359704,0.97763836
0,0,0.98879933,0.061448686,0.97759867
1,1,0.9440267,0.21574102,0.8880534
1,1,0.8402875,0.43919283,0.680575
0,0,0.99258816,0.043736957,0.9851763
0,0,0.9873506,0.06784876,0.97470117
1,0,0.93475574,0.24115983,0.8695115
1,1,0.9440267,0.21574102,0.8880534
1,1,0.98972183,0.057275865,0.97944367
1,0,0.8952126,0.3354764,0.7904252
1,0,0.7501828,0.5621342,0.5003656
1,1,0.9888192,0.061359704,0.97763836
0,0,0.9795391,0.09982745,0.9590782
1,1,0.671253,0.63328767,0.34250605
1,1,0.98918927,0.059694607,0.97837853
0,0,0.9347552,0.24116132,0.8695104
1,0,0.8562263,0.41175506,0.71245265
0,0,0.9801333,0.097519934,0.9602666
1,0,0.93475574,0.24115983,0.8695115
1,1,0.9880409,0.06482132,0.97608185
1,1,0.9905523,0.053447925,0.9811046
0,1,0.79479086,0.5075396,0.5895817
0,1,0.7267609,0.5864539,0.45352185
1,1,0.80337554,0.4956872,0.6067511
1,1,0.7952582,0.5069061,0.59051645
0,0,0.9872387,0.068335876,0.9744774
0,0,0.9350678,0.2403284,0.87013555
0,0,0.7910831,0.5125181,0.5821662
0,0,0.9347552,0.24116132,0.8695104
1,1,0.9905523,0.053447925,0.9811046
0,0,0.99211663,0.046031352,0.98423326
0,0,0.9347495,0.24117655,0.86949897
1,1,0.83134174,0.4537523,0.6626835
0,0,0.99331653,0.040132605,0.98663306
1,1,0.69621986,0.6140332,0.39243972
1,0,0.8967985,0.332061,0.793597
0,0,0.9934403,0.039512742,0.98688054
0,0,0.9408248,0.22469203,0.8816496
1,1,0.99039173,0.054193627,0.98078346
0,0,0.9776798,0.106936514,0.9553596
1,1,0.8215158,0.4690872,0.6430316
0,0,0.9926574,0.043397468,0.98531485
0,0,0.9745958,0.118384354,0.9491916
1,0,0.93475574,0.24115983,0.8695115
0,0,0.9879669,0.065147966,0.9759338
1,1,0.64001036,0.6534122,0.2800207
1,1,0.5160507,0.69263184,0.032101393
0,0,0.99090254,0.051811833,0.9818051
1,0,0.7261021,0.58709735,0.45220426
1,1,0.8288792,0.45765898,0.65775836
1,0,0.884384,0.3580982,0.76876795
1,1,0.92785984,0.25914,0.8557197
0,0,0.9347553,0.24116093,0.86951065
0,0,0.8596837,0.40553725,0.7193674
0,0,0.5101078,0.69294286,0.02021563
1,0,0.50215846,0.6931379,0.004316926
0,0,0.9729017,0.12450616,0.9458034
0,0,0.98075795,0.09507441,0.9615159
1,1,0.94094145,0.2243692,0.8818829
1,1,0.9907102,0.052711993,0.9814204
0,1,0.6873283,0.6212217,0.37465656
0,0,0.99362344,0.038590573,0.9872469
1,0,0.9019538,0.32076868,0.80390763
1,1,0.9902284,0.054949284,0.9804568
0,0,0.9937427,0.0379873,0.9874854
0,0,0.98372483,0.083165,0.96744967
1,1,0.9475168,0.20576295,0.8950336
0,0,0.97315013,0.123615324,0.94630027
1,0,0.89521265,0.3354763,0.7904253
0,0,0.9886941,0.061919738,0.97738814
0,0,0.99244756,0.044424202,0.9848951
1,1,0.9363826,0.23680705,0.8727652
1,1,0.5240912,0.69198596,0.04818237
1,1,0.9383129,0.23158467,0.8766258
0,0,0.9890074,0.06051442,0.9780148
0,0,0.9250577,0.26623943,0.8501154
0,0,0.93475497,0.24116191,0.86950994
0,0,0.9347552,0.24116129,0.8695104
1,1,0.95428807,0.18569027,0.90857613
0,0,0.9902509,0.054845586,0.9805018
0,0,0.86172396,0.4018216,0.7234479
1,1,0.8288792,0.45765898,0.65775836
1,1,0.92622536,0.2632951,0.8524507
1,0,0.9347216,0.24125078,0.8694432
1,0,0.5350521,0.6906879,0.07010424
1,0,0.7961351,0.5057138,0.59227026
0,0,0.9920095,0.046548508,0.98401904
0,0,0.99190176,0.04706746,0.9838035
1,0,0.9347216,0.24125078,0.8694432
0,0,0.67390484,0.63137877,0.34780967
1,1,0.9888192,0.061359704,0.97763836
1,1,0.93803966,0.23232773,0.8760793
0,0,0.93475485,0.24116224,0.8695097
0,0,0.9347545,0.24116316,0.869509
1,1,0.8288792,0.45765898,0.65775836
1,1,0.9872093,0.06846359,0.97441864
1,1,0.8388688,0.4415409,0.6777376
0,0,0.98674357,0.070479296,0.97348714
1,0,0.86172384,0.4018218,0.7234477
1,1,0.8288792,0.45765898,0.65775836
1,1,0.9872093,0.06846359,0.97441864
1,0,0.5305193,0.69128317,0.061038613
0,0,0.98921126,0.059595183,0.9784225
0,0,0.98372424,0.083167516,0.9674485
0,0,0.9921304,0.04596473,0.9842608
1,1,0.93704313,0.2350271,0.87408626
1,0,0.6123657,0.6676781,0.22473148
1,1,0.71178854,0.6005425,0.42357707
1,0,0.51196146,0.692861,0.02392289
0,0,0.9909424,0.051624745,0.98188484
1,1,0.9905523,0.053447925,0.9811046
1,0,0.92747605,0.26011926,0.8549521
0,0,0.93475544,0.24116059,0.8695109
1,1,0.9373889,0.23409243,0.8747778
1,0,0.7292758,0.5839778,0.45855165
1,0,0.9347216,0.24125078,0.8694432
0,1,0.9050452,0.31385392,0.8100904
0,0,0.98504514,0.07769353,0.97009027
1,1,0.98936975,0.058877952,0.9787395
0,0,0.93475515,0.2411614,0.8695103
0,1,0.8261062,0.46200693,0.6522124
1,1,0.98918927,0.059694607,0.97837853
1,0,0.93585855,0.23821394,0.8717171
1,1,0.98954725,0.05807176,0.9790945
0,0,0.98999065,0.056044478,0.9799813
0,0,0.93475527,0.24116114,0.86951053
1,0,0.93475574,0.24115983,0.8695115
1,0,0.87068355,0.38508523,0.7413671
0,0,0.93475544,0.24116063,0.8695109
1,1,0.98918927,0.059694607,0.97837853
1,0,0.9347216,0.24125078,0.8694432
1,0,0.78813374,0.5164188,0.5762675
1,1,0.93704313,0.2350271,0.87408626
0,0,0.9642233,0.15428168,0.92844665
1,1,0.9421374,0.22104537,0.88427484
1,1,0.9701442,0.13424051,0.9402884
0,0,0.98135275,0.09272675,0.9627055
1,1,0.9884366,0.06306811,0.97687316
1,0,0.9347216,0.24125078,0.8694432
1,1,0.76730186,0.54251605,0.5346037
1,1,0.63997626,0.6534319,0.27995253
1,1,0.9888192,0.061359704,0.97763836
0,0,0.97869015,0.103093915,0.9573803
0,0,0.9884631,0.06295006,0.9769262
1,0,0.76120806,0.54968345,0.5224161
1,1,0.9907102,0.052711993,0.9814204
1,0,0.6433775,0.6514501,0.28675497
1,0,0.5633937,0.685088,0.1267874
1,0,0.90723264,0.3088941,0.8144653
1,0,0.6785402,0.62796485,0.3570805
0,0,0.98982215,0.05681717,0.9796443
0,0,0.9347555,0.2411605,0.869511
0,0,0.9347552,0.24116129,0.8695104
0,1,0.92120236,0.27582294,0.8424047
1,0,0.8952126,0.3354764,0.7904252
1,1,0.9907102,0.052711993,0.9814204
1,1,0.9884366,0.06306811,0.97687316
0,0,0.9914664,0.04914903,0.9829328
1,0,0.861724,0.40182152,0.72344804
1,0,0.50406325,0.69311416,0.0081264675
1,0,0.85968375,0.40553713,0.7193675
0,0,0.96973884,0.13564879,0.9394777
1,0,0.8872041,0.3523212,0.7744082
1,0,0.82239664,0.46773982,0.6447933
0,0,0.88194346,0.36303478,0.7638869
0,0,0.9885876,0.06239518,0.97717524
1,1,0.6962208,0.6140325,0.39244163
0,0,0.948722,0.20226118,0.897444
0,0,0.67964274,0.62713844,0.35928547
0,0,0.9347552,0.24116123,0.8695104
1,1,0.9880409,0.06482132,0.97608185
1,1,0.8402875,0.43919283,0.680575
0,0,0.9833056,0.084879324,0.96661115
1,1,0.99006236,0.055714805,0.9801247
0,0,0.9304791,0.25239784,0.8609582
1,0,0.6839354,0.6238674,0.36787078
0,0,0.98931193,0.059139974,0.97862387
0,0,0.9347555,0.24116051,0.869511
0,0,0.9347555,0.24116047,0.869511
0,0,0.9347555,0.24116044,0.869511
0,0,0.9879285,0.06531711,0.975857
1,1,0.98954725,0.05807176,0.9790945
0,0,0.97869027,0.10309359,0.95738053
1,1,0.98742247,0.067535415,0.97484493
1,1,0.98972183,0.057275865,0.97944367
1,1,0.9882405,0.06393874,0.97648096
1,1,0.98783827,0.06571416,0.97567654
0,0,0.87465894,0.3774333,0.7493179
0,0,0.9535597,0.18789746,0.9071194
1,1,0.93002224,0.2535814,0.8600445
1,1,0.9907102,0.052711993,0.9814204
1,0,0.7184664,0.5943959,0.4369328
1,0,0.64542073,0.6502354,0.29084146
1,1,0.6287042,0.65964174,0.25740838
1,1,0.8288792,0.45765898,0.65775836
1,1,0.99006236,0.055714805,0.9801247
0,0,0.9925881,0.043737337,0.9851762
1,0,0.9347216,0.24125078,0.8694432
0,1,0.8288792,0.45765898,0.65775836
0,0,0.9347551,0.2411616,0.8695102
0,0,0.93475527,0.2411611,0.86951053
1,1,0.8288792,0.45765898,0.65775836
0,0,0.93475544,0.24116063,0.8695109
1,1,0.9905523,0.053447925,0.9811046
1,0,0.51542723,0.6926711,0.030854464
1,0,0.66890985,0.634948,0.3378197
0,0,0.96398747,0.15505785,0.92797494
1,1,0.6962208,0.6140325,0.39244163
1,1,0.8376695,0.44351426,0.675339
1,1,0.9907102,0.052711993,0.9814204
0,0,0.9665272,0.14661396,0.93305445
0,0,0.93474907,0.24117759,0.86949813
0,0,0.9925182,0.044079438,0.9850364
1,0,0.8042962,0.49438858,0.6085924
0,0,0.9605514,0.16618785,0.92110276
0,0,0.9781493,0.10515688,0.9562986
1,1,0.9907102,0.052711993,0.9814204
0,0,0.947322,0.20632614,0.894644
1,1,0.5237341,0.6920202,0.047468185
0,0,0.92113876,0.27597928,0.8422775
0,0,0.876557,0.3737293,0.753114
0,0,0.99356353,0.038892727,0.98712707
1,1,0.9220396,0.27375942,0.84407926
1,1,0.99039173,0.054193627,0.98078346
1,1,0.9907102,0.052711993,0.9814204
0,0,0.9496355,0.19958702,0.899271
1,1,0.99006236,0.055714805,0.9801247
0,0,0.9920095,0.04654842,0.98401904
1,1,0.9888192,0.061359704,0.97763836
1,0,0.9347216,0.24125078,0.8694432
0,0,0.8596837,0.40553725,0.7193674
1,0,0.861724,0.40182152,0.72344804
1,1,0.9783972,0.104213074,0.9567944
0,0,0.9920373,0.046414554,0.9840746
1,0,0.8415135,0.43715158,0.683027
0,0,0.7936393,0.5090948,0.5872786
1,0,0.93725276,0.23446067,0.8745055
1,0,0.64542073,0.6502354,0.29084146
1,1,0.9265466,0.26248163,0.85309315
1,1,0.54248464,0.68953294,0.08496928
1,1,0.5702297,0.68325007,0.14045942
1,1,0.9905523,0.053447925,0.9811046
1,0,0.9347607,0.24114671,0.8695214
1,0,0.93497187,0.24058408,0.86994374
1,1,0.9907102,0.052711993,0.9814204
0,0,0.9907143,0.052692737,0.9814286
0,0,0.9347555,0.24116047,0.869511
0,0,0.93475544,0.24116059,0.8695109
1,1,0.9882405,0.06393874,0.97648096
1,0,0.923292,0.27065462,0.84658396
0,0,0.96396077,0.1551455,0.92792153
1,1,0.6230384,0.66255707,0.24607682
1,1,0.9884366,0.06306811,0.97687316
0,0,0.98189193,0.09058176,0.96378386
1,1,0.9888192,0.061359704,0.97763836
0,0,0.9272197,0.2607721,0.8544394
1,0,0.8105103,0.48548222,0.62102056
0,1,0.92120236,0.27582294,0.8424047
0,0,0.97551686,0.11500777,0.9510337
1,0,0.93716544,0.2346967,0.8743309
1,1,0.9880409,0.06482132,0.97608185
1,1,0.9236378,0.2697934,0.8472756
0,0,0.93157107,0.24955598,0.86314213
1,1,0.6962208,0.6140325,0.39244163
1,1,0.8288792,0.45765898,0.65775836
0,0,0.97075766,0.13209848,0.9415153
0,0,0.9861114,0.073188804,0.9722228
1,0,0.7177851,0.59503305,0.4355702
1,0,0.8967985,0.332061,0.793597
0,0,0.70533776,0.60627353,0.41067553
0,0,0.86172396,0.4018216,0.7234479
1,0,0.56373554,0.6850006,0.12747109
1,0,0.84141743,0.43731195,0.68283486
0,0,0.89271283,0.34080565,0.78542566
1,1,0.92745703,0.2601677,0.85491407
0,0,0.9347555,0.24116051,0.869511
0,0,0.99078757,0.05235046,0.98157513
0,0,0.9347555,0.24116051,0.869511
0,0,0.8596837,0.40553725,0.7193674
1,1,0.9884366,0.06306811,0.97687316
1,0,0.86678696,0.39244926,0.7335739
1,1,0.99006236,0.055714805,0.9801247
0,0,0.98190665,0.09052298,0.9638133
0,0,0.86172396,0.4018216,0.7234479
1,0,0.9287796,0.25678435,0.8575592
1,1,0.67266494,0.6322753,0.34532988
0,1,0.7834656,0.5224865,0.56693125
1,1,0.98783827,0.06571416,0.97567654
1,1,0.88673085,0.3532962,0.7734617
1,1,0.6962208,0.6140325,0.39244163
1,0,0.77769697,0.52980745,0.55539393
0,0,0.97788566,0.10615745,0.9557713
1,1,0.98954725,0.05807176,0.9790945
0,0,0.9937426,0.037987754,0.9874852
1,1,0.7433785,0.56949335,0.48675704
1,0,0.93475574,0.24115983,0.8695115
1,1,0.9882405,0.06393874,0.97648096
1,1,0.83799046,0.44298717,0.6759809
1,1,0.9440267,0.21574102,0.8880534
0,0,0.67977875,0.6270361,0.3595575
0,0,0.86172396,0.4018216,0.7234479
0,0,0.8617239,0.40182173,0.7234478
0,0,0.93475366,0.24116538,0.8695073
1,1,0.8288792,0.45765898,0.65775836
1,1,0.8288792,0.45765898,0.65775836
1,0,0.69905496,0.61166286,0.3981099
0,0,0.9293699,0.2552657,0.85873985
1,1,0.8446728,0.4318394,0.6893456
1,1,0.98918927,0.059694607,0.97837853
0,0,0.9665611,0.14650011,0.93312216
1,1,0.7440585,0.5687689,0.48811698
1,1,0.8288792,0.45765898,0.65775836
1,0,0.9223671,0.27294973,0.8447342
1,1,0.93010515,0.25336686,0.8602103
1,1,0.7728353,0.53582764,0.5456706
1,0,0.858751,0.4072243,0.717502
0,0,0.9347553,0.24116093,0.86951065
0,0,0.9920373,0.04641454,0.9840746
1,1,0.9236378,0.2697934,0.8472756
1,1,0.9353614,0.23954451,0.8707228
1,0,0.861724,0.40182152,0.72344804
1,0,0.93475574,0.24115983,0.8695115
1,1,0.67528737,0.63037086,0.35057473
0,0,0.93475515,0.2411614,0.8695103
0,0,0.93475515,0.2411614,0.8695103
0,0,0.99312526,0.041086506,0.9862505
1,1,0.98954725,0.05807176,0.9790945
0,0,0.96496105,0.15184358,0.9299221
0,0,0.99071425,0.052693058,0.9814285
0,0,0.97290164,0.12450629,0.9458033
1,1,0.9882405,0.06393874,0.97648096
1,0,0.8852591,0.35631394,0.7705182
1,0,0.6684265,0.63528734,0.33685303
1,1,0.9363826,0.23680705,0.8727652
0,0,0.9898965,0.056476742,0.97979295
1,0,0.6302181,0.6588395,0.26043618
0,0,0.9920373,0.046414554,0.9840746
0,0,0.9413523,0.22323024,0.8827046
1,1,0.98862946,0.062208477,0.9772589
1,1,0.5321258,0.69108164,0.06425154
1,0,0.85968375,0.40553713,0.7193675
0,0,0.96973884,0.13564882,0.9394777
1,1,0.8083211,0.48864824,0.61664224
1,1,0.8973111,0.33095127,0.7946222
0,0,0.9347533,0.2411663,0.8695066
0,0,0.98446584,0.08010824,0.9689317
1,0,0.9347216,0.24125078,0.8694432
1,1,0.9236378,0.2697934,0.8472756
1,1,0.8288792,0.45765898,0.65775836
1,1,0.9322051,0.24789736,0.86441016
0,0,0.93475544,0.24116063,0.8695109
0,0,0.8576183,0.40926358,0.71523654
1,1,0.9890057,0.06052216,0.97801137
0,0,0.9884631,0.06295008,0.9769262
0,0,0.9020021,0.3206615,0.8040042
0,0,0.9211391,0.2759784,0.84227824
1,0,0.9347557,0.24116004,0.86951137
0,0,0.9347555,0.24116051,0.869511
1,1,0.93112177,0.25072756,0.86224353
1,1,0.9431207,0.21829298,0.88624144
1,1,0.9163655,0.28755754,0.832731
1,0,0.6983537,0.6122527,0.39670742
0,0,0.98970246,0.05736442,0.9794049
1,1,0.82610387,0.46201056,0.65220773
0,0,0.9928616,0.042392492,0.98572326
0,0,0.9874513,0.06740945,0.97490263
1,1,0.82884055,0.45771992,0.6576811
0,0,0.98958933,0.057880282,0.97917867
0,0,0.9347513,0.2411717,0.86950254
0,0,0.98804045,0.06482337,0.9760809
0,0,0.9347552,0.24116123,0.8695104
1,1,0.50197995,0.6931393,0.003959894
0,0,0.95659226,0.17862692,0.9131845
1,1,0.9888192,0.061359704,0.97763836
1,1,0.9907102,0.052711993,0.9814204
0,0,0.9915463,0.048768748,0.98309255
1,1,0.79269624,0.5103624,0.5853925
0,0,0.8576183,0.40926358,0.71523654
0,0,0.93264824,0.24673428,0.8652965
1,1,0.98763204,0.06661925,0.9752641
1,0,0.834304,0.4489956,0.66860795
0,0,0.93475556,0.24116036,0.8695111
0,0,0.93475544,0.24116063,0.8695109
0,0,0.93475544,0.24116063,0.8695109
1,0,0.93717563,0.23466913,0.87435126
1,1,0.9626331,0.15948386,0.92526615
1,1,0.9902284,0.054949284,0.9804568
1,0,0.9347216,0.24125078,0.8694432
0,0,0.99286187,0.04239153,0.98572373
1,1,0.9884366,0.06306811,0.97687316
0,0,0.9849097,0.07826004,0.9698194
0,0,0.942902,0.21890663,0.88580406
0,0,0.934755,0.2411617,0.86951005
1,1,0.8356667,0.4467861,0.67133343
1,1,0.99006236,0.055714805,0.9801247
0,0,0.89473164,0.33650693,0.7894633
0,0,0.9347551,0.2411616,0.8695102
0,0,0.9920373,0.04641454,0.9840746
1,1,0.93636453,0.23685563,0.87272906
1,0,0.9276135,0.25976875,0.855227
0,0,0.98002964,0.097923785,0.9600593
1,1,0.7659222,0.54415685,0.5318444
1,1,0.6962208,0.6140325,0.39244163
1,0,0.8991712,0.32690024,0.79834235
1,0,0.93367547,0.24402615,0.86735094
0,0,0.99299437,0.041736305,0.98598874
1,1,0.9334212,0.24469808,0.8668424
1,1,0.5544317,0.6872098,0.108863354
0,0,0.8596837,0.40553725,0.7193674
0,0,0.9818006,0.0909462,0.96360123
0,0,0.9936356,0.038529046,0.9872712
0,0,0.9428386,0.21908444,0.8856772
1,1,0.98783827,0.06571416,0.97567654
1,0,0.9223671,0.27294973,0.8447342
0,0,0.99331665,0.040132143,0.9866333
0,0,0.9929947,0.041734558,0.98598945
1,1,0.9907102,0.052711993,0.9814204
1,0,0.85968363,0.40553743,0.71936727
0,0,0.9931251,0.041087452,0.98625016
1,0,0.83439684,0.44884548,0.6687937
1,0,0.57620394,0.6814877,0.15240788
0,0,0.98674375,0.07047849,0.9734875
0,0,0.9347552,0.24116132,0.8695104
1,1,0.6252874,0.66141623,0.25057483
1,0,0.8596837,0.40553725,0.7193674
0,0,0.94135284,0.22322877,0.8827057
0,0,0.98931205,0.05913941,0.9786241
1,1,0.9373889,0.23409243,0.8747778
0,0,0.9347513,0.24117173,0.86950254
1,1,0.94220084,0.2208684,0.8844017
0,0,0.98865557,0.062091853,0.97731113
0,0,0.99374205,0.0379905,0.9874841
1,1,0.8288792,0.45765898,0.65775836
1,1,0.9450432,0.2128593,0.8900864
0,0,0.934755,0.24116173,0.86951005
1,1,0.72446954,0.5886823,0.44893909
0,1,0.88966966,0.34720543,0.7793393
1,1,0.9561488,0.17999601,0.9122976
0,0,0.8099731,0.48626196,0.61994624
0,0,0.9935026,0.0391993,0.98700523
1,1,0.9907102,0.052711993,0.9814204
0,0,0.9906268,0.053101033,0.9812536
1,1,0.6962209,0.6140324,0.39244175
1,0,0.937173,0.23467626,0.874346
0,0,0.9816316,0.09161951,0.96326315
1,0,0.7700716,0.53918976,0.54014325
1,1,0.9880409,0.06482132,0.97608185
0,0,0.9664882,0.14674528,0.93297637
0,0,0.86172396,0.4018216,0.7234479
0,0,0.99122274,0.05030405,0.9824455
0,0,0.9920373,0.04641454,0.9840746
0,0,0.975514,0.11501841,0.951028
0,0,0.9609086,0.16504574,0.9218172
0,0,0.85968363,0.40553743,0.71936727
1,0,0.93475574,0.24115983,0.8695115
1,1,0.9898935,0.05649036,0.979787
1,1,0.8288792,0.45765898,0.65775836
0,0,0.93475497,0.24116185,0.86950994
1,1,0.73351884,0.5797274,0.46703768
0,0,0.99190176,0.04706746,0.9838035
0,0,0.9909602,0.051541347,0.98192036
1,0,0.53951883,0.69002044,0.07903764
0,0,0.9917811,0.04764646,0.98356223
1,0,0.9582982,0.1733153,0.9165964
0,0,0.98180157,0.0909423,0.96360314
0,0,0.9925181,0.044079732,0.98503625
0,0,0.9877006,0.06631876,0.97540116
1,1,0.94094145,0.2243692,0.8818829
1,1,0.9390214,0.2296517,0.8780428
0,0,0.93475556,0.24116033,0.8695111
1,1,0.8918053,0.3427242,0.7836106
0,0,0.99299467,0.041734878,0.98598933
0,0,0.9921583,0.045829765,0.9843166
0,0,0.89895266,0.32737815,0.7979053
1,1,0.98972183,0.057275865,0.97944367
0,0,0.9880409,0.06482122,0.97608185
1,1,0.51674753,0.69258606,0.03349507
0,1,0.54202247,0.6896112,0.08404493
0,0,0.8596837,0.40553725,0.7193674
1,1,0.93704313,0.2350271,0.87408626
0,1,0.91995823,0.2788714,0.83991647
1,1,0.7984924,0.50248533,0.59698474
1,0,0.8952126,0.3354764,0.7904252
1,1,0.769433,0.5399605,0.53886604
1,0,0.7430934,0.56979644,0.4861867
1,1,0.9624142,0.16019428,0.9248284
1,1,0.93123686,0.25042775,0.8624737
1,1,0.98954725,0.05807176,0.9790945
1,0,0.93475574,0.24115983,0.8695115
1,1,0.98972183,0.057275865,0.97944367
0,0,0.86172396,0.4018216,0.7234479
0,0,0.97908175,0.10159157,0.9581635
0,0,0.77368593,0.5347841,0.54737186
1,1,0.57576954,0.6816208,0.15153909
0,0,0.6828455,0.624706,0.36569098
1,0,0.54320407,0.6894094,0.08640814
1,0,0.843675,0.43352532,0.68735003
0,0,0.9347553,0.24116099,0.86951065
1,1,0.98936975,0.058877952,0.9787395
1,0,0.8534113,0.41674584,0.70682263
1,1,0.9888192,0.061359704,0.97763836
0,0,0.9926575,0.043397147,0.98531497
1,0,0.5181491,0.69248825,0.036298156
1,0,0.60570717,0.6706296,0.2114143
1,0,0.8122351,0.48296574,0.62447023
1,1,0.9888192,0.061359704,0.97763836
0,0,0.86172396,0.4018216,0.7234479
1,0,0.9006874,0.32357,0.8013748
0,0,0.9347554,0.24116081,0.86951077
1,1,0.98862946,0.062208477,0.9772589
1,1,0.9236378,0.2697934,0.8472756
0,0,0.9347523,0.241169,0.8695046
1,0,0.85552764,0.4129998,0.7110553
0,0,0.75569034,0.5559969,0.5113807
1,0,0.50436527,0.6931091,0.008730531
0,0,0.9347539,0.24116474,0.8695078
1,1,0.9907102,0.052711993,0.9814204
1,0,0.8596837,0.40553725,0.7193674
0,0,0.93475544,0.24116059,0.8695109
1,0,0.7802901,0.5265405,0.56058025
0,0,0.9933161,0.04013471,0.9866322
1,1,0.9905523,0.053447925,0.9811046
0,0,0.99114,0.050694913,0.98228
0,1,0.8288792,0.45765898,0.65775836
0,0,0.9210597,0.27617353,0.84211946
1,1,0.9742749,0.11955271,0.94854975
0,0,0.9347547,0.24116257,0.86950946
0,0,0.9347552,0.24116123,0.8695104
1,0,0.89521265,0.3354763,0.7904253
0,0,0.9931244,0.041090842,0.98624885
0,0,0.9347553,0.24116099,0.86951065
0,0,0.93475515,0.24116144,0.8695103
1,1,0.9884366,0.06306811,0.97687316
1,0,0.84347016,0.4338705,0.6869403
1,0,0.6177104,0.6651739,0.23542082
1,0,0.5007988,0.6931459,0.0015976727
1,1,0.9907102,0.052711993,0.9814204
1,1,0.9475168,0.20576295,0.8950336
0,0,0.9935026,0.039199322,0.98700523
0,0,0.9936228,0.038593784,0.98724556
0,0,0.97158355,0.12919374,0.9431671
1,0,0.8852545,0.3563234,0.770509
0,0,0.56970036,0.6833992,0.13940069
1,1,0.8288792,0.45765898,0.65775836
1,1,0.8215158,0.4690872,0.6430316
0,0,0.9347529,0.24116749,0.86950576
0,0,0.9587173,0.17199945,0.9174346
1,0,0.86222005,0.40091288,0.7244401
0,0,0.93475485,0.24116221,0.8695097
0,0,0.9347554,0.24116075,0.86951077
0,1,0.6791926,0.6274766,0.3583852
1,1,0.7283252,0.58491755,0.45665038
1,1,0.7561765,0.5554473,0.51235294
1,1,0.9236378,0.2697934,0.8472756
1,0,0.8967985,0.332061,0.793597
0,0,0.8797769,0.3673693,0.7595538
0,0,0.9887996,0.061447676,0.97759914
0,0,0.93475485,0.24116217,0.8695097
1,0,0.73058176,0.58267933,0.46116355
1,1,0.5781159,0.6808929,0.15623176
1,1,0.9890057,0.06052216,0.97801137
1,1,0.9902284,0.054949284,0.9804568
1,0,0.8545493,0.41473603,0.7090986
1,0,0.861724,0.40182152,0.72344804
0,0,0.9900852,0.05560972,0.98017037
0,0,0.93475515,0.2411614,0.8695103
0,1,0.7401188,0.57293266,0.4802376
0,0,0.9708308,0.1318422,0.9416616
0,1,0.774795,0.5334173,0.54959
0,0,0.9347515,0.24117112,0.869503
0,0,0.90927106,0.30422106,0.8185421
0,0,0.93475395,0.24116457,0.8695079
1,1,0.98972183,0.057275865,0.97944367
0,0,0.9887995,0.061447937,0.977599
1,0,0.7018885,0.6092557,0.403777
1,0,0.9223671,0.27294973,0.8447342
0,0,0.87567395,0.37545663,0.7513479
1,1,0.9888192,0.061359704,0.97763836
1,1,0.85976326,0.405393,0.7195265
1,1,0.75434375,0.5575125,0.5086875
1,0,0.9328688,0.24615428,0.86573756
1,1,0.51537436,0.6926744,0.030748725
1,0,0.9276543,0.25966465,0.85530865
1,1,0.93838024,0.2314013,0.8767605
1,0,0.93475574,0.24115983,0.8695115
0,0,0.9905384,0.05351243,0.98107684
1,1,0.98972183,0.057275865,0.97944367
0,0,0.9936835,0.03828693,0.98736703
0,0,0.99306035,0.041409146,0.9861207
1,1,0.9907102,0.052711993,0.9814204
1,0,0.50303566,0.6931287,0.006071329
0,0,0.9933166,0.04013242,0.9866332
1,0,0.62292755,0.6626128,0.2458551
1,0,0.93261385,0.24682468,0.8652277
0,0,0.89739543,0.33076838,0.79479086
1,0,0.8498382,0.42298967,0.6996764
0,0,0.9907143,0.0526928,0.9814286
0,0,0.9895381,0.058113627,0.97907615
0,0,0.58162975,0.6797605,0.1632595
1,1,0.9602361,0.16719316,0.92047215
0,0,0.86172396,0.4018216,0.7234479
0,0,0.90927064,0.30422205,0.8185413
0,0,0.98858774,0.062394656,0.9771755
1,1,0.7930525,0.5098842,0.586105
1,1,0.8288792,0.45765898,0.65775836
0,0,0.9347555,0.24116051,0.869511
0,0,0.99190176,0.04706746,0.9838035
1,0,0.8763288,0.37417632,0.75265765
0,0,0.94382036,0.21632367,0.8876407
0,1,0.53002644,0.69134295,0.06005287
1,1,0.6962209,0.6140324,0.39244175
1,0,0.87257236,0.38146734,0.7451447
0,0,0.99113995,0.05069506,0.9822799
0,0,0.99190176,0.04706746,0.9838035
0,0,0.97752076,0.10753699,0.9550415
1,1,0.9905523,0.053447925,0.9811046
0,0,0.9766229,0.110906154,0.95324576
0,0,0.9347549,0.24116206,0.8695098
0,0,0.98565376,0.07513222,0.9713075
1,0,0.9223671,0.27294973,0.8447342
0,0,0.9376943,0.2332651,0.8753886
1,0,0.89521265,0.3354763,0.7904253
0,0,0.99097204,0.051485606,0.9819441
1,1,0.9888192,0.061359704,0.97763836
0,0,0.8675418,0.39103308,0.7350836
1,1,0.8779469,0.37099576,0.7558938
0,1,0.7561479,0.55547965,0.51229584
1,0,0.67228365,0.6325496,0.34456733
1,1,0.93704313,0.2350271,0.87408626
0,0,0.93475544,0.24116065,0.8695109
1,0,0.78534067,0.5200649,0.57068133
0,0,0.98039705,0.09648983,0.9607941
1,1,0.9882405,0.06393874,0.97648096
0,0,0.9745957,0.11838458,0.94919145
0,0,0.9347549,0.24116203,0.8695098
0,0,0.86172396,0.4018216,0.7234479
0,0,0.9926576,0.043396473,0.9853152
1,0,0.7881956,0.5163376,0.5763912
0,1,0.55005723,0.6881273,0.100114465
1,1,0.98936975,0.058877952,0.9787395
1,0,0.7987773,0.5020928,0.59755456
0,0,0.9408271,0.22468577,0.88165414
0,0,0.9796557,0.09937619,0.95931137
1,1,0.8288792,0.45765898,0.65775836
0,0,0.9347555,0.24116051,0.869511
0,0,0.7602687,0.55077,0.5205374
0,0,0.85968363,0.40553743,0.71936727
0,0,0.9347554,0.24116084,0.86951077
1,1,0.89086694,0.34469894,0.7817339
1,1,0.6962209,0.6140324,0.39244175
0,0,0.98970324,0.05736074,0.9794065
1,1,0.9214905,0.2751139,0.842981
0,0,0.9935635,0.038892936,0.98712695
1,1,0.98918927,0.059694607,0.97837853
1,1,0.98972183,0.057275865,0.97944367
1,0,0.85466146,0.41453734,0.7093229
0,0,0.98180157,0.090942375,0.96360314
1,0,0.8248687,0.46393,0.64973736
0,0,0.99190176,0.04706746,0.9838035
1,0,0.93261385,0.24682468,0.8652277
0,0,0.99368334,0.03828785,0.9873667
0,0,0.86172396,0.4018216,0.7234479
1,0,0.7189635,0.5939296,0.43792698
1,0,0.9347216,0.24125078,0.8694432
1,1,0.98918927,0.059694607,0.97837853
1,0,0.7069428,0.6048664,0.4138856
0,0,0.9862403,0.07263875,0.97248065
0,0,0.9347523,0.241169,0.8695046
1,0,0.9371757,0.23466903,0.8743514
0,0,0.9933163,0.04013396,0.9866326
1,1,0.92265993,0.27222434,0.84531987
0,0,0.9920373,0.046414554,0.9840746
1,0,0.9336894,0.24398927,0.86737883
1,0,0.72193205,0.5911193,0.4438641
1,1,0.5753232,0.68175673,0.15064645
1,1,0.666046,0.63694346,0.33209205
1,1,0.6962209,0.6140324,0.39244175
0,0,0.91760564,0.28457868,0.8352113
0,1,0.8807254,0.3654772,0.76145077
1,1,0.93183285,0.24887192,0.8636657
1,0,0.8967985,0.332061,0.793597
1,1,0.99039173,0.054193627,0.98078346
0,0,0.9920577,0.04631607,0.98411536
1,0,0.9347216,0.24125078,0.8694432
1,0,0.6746745,0.6308187,0.349349
1,1,0.9390214,0.2296517,0.8780428
1,1,0.9905523,0.053447925,0.9811046
0,0,0.9798437,0.098646864,0.95968735
1,1,0.9236378,0.2697934,0.8472756
1,1,0.9329059,0.24605656,0.8658118
1,1,0.8002863,0.50000525,0.6005726
1,0,0.50873035,0.6929947,0.017460704
1,1,0.9431207,0.21829298,0.88624144
0,0,0.9347555,0.24116044,0.869511
1,1,0.9353614,0.23954451,0.8707228
1,0,0.83641577,0.44556582,0.67283154
1,1,0.92265993,0.27222434,0.84531987
1,0,0.77908313,0.5280659,0.55816627
1,0,0.8903393,0.34580532,0.78067863
1,0,0.8499112,0.42286307,0.6998224
1,1,0.8943165,0.3373944,0.788633
1,1,0.8288792,0.45765898,0.65775836
1,0,0.5456923,0.6889658,0.09138462
0,0,0.99190176,0.047067445,0.9838035
0,0,0.985583,0.07543125,0.971166
0,0,0.9347555,0.2411605,0.869511
1,1,0.98294157,0.08635887,0.96588314
0,0,0.9347515,0.24117112,0.869503
0,0,0.96019065,0.16733778,0.9203813
1,1,0.6962209,0.6140324,0.39244175
1,1,0.98862946,0.062208477,0.9772589
1,0,0.6435207,0.6513655,0.28704143
1,1,0.83153796,0.45343918,0.6630759
1,1,0.92265993,0.27222434,0.84531987
0,0,0.72399557,0.58913994,0.4479911
0,0,0.9937425,0.03798808,0.98748505
0,0,0.93475544,0.24116065,0.8695109
1,1,0.73430234,0.5789325,0.46860468
0,0,0.9347552,0.24116129,0.8695104
1,1,0.8834382,0.36001813,0.76687646
0,1,0.8161705,0.47715092,0.632341
0,0,0.9347553,0.24116096,0.86951065
1,0,0.76318944,0.54737556,0.52637887
0,0,0.9920373,0.04641454,0.9840746
1,0,0.843675,0.43352532,0.68735003
1,1,0.98742247,0.067535415,0.97484493
1,0,0.8432363,0.43426412,0.68647265
0,0,0.86172396,0.4018216,0.7234479
0,0,0.86172396,0.4018216,0.7234479
0,0,0.99080086,0.052288134,0.9816017
1,0,0.64901674,0.64805317,0.29803348
0,0,0.9920373,0.046414554,0.9840746
0,0,0.9718842,0.1281302,0.9437684
1,1,0.98783827,0.06571416,0.97567654
0,0,0.9347553,0.24116093,0.86951065
0,0,0.9748292,0.117532,0.9496584
1,1,0.9872093,0.06846359,0.97441864
1,1,0.94729984,0.20639023,0.8945997
0,0,0.9916276,0.048380934,0.98325515
1,0,0.87213176,0.38231415,0.7442635
1,1,0.9236378,0.2697934,0.8472756
1,0,0.8061439,0.49176633,0.61228776
0,0,0.9347555,0.24116051,0.869511
1,1,0.9905523,0.053447925,0.9811046
1,0,0.8481115,0.4259709,0.696223
1,0,0.52235126,0.69214773,0.04470256
0,0,0.99043804,0.053978767,0.9808761
1,0,0.8102498,0.48586053,0.6204996
1,1,0.9710051,0.13123086,0.94201016
0,0,0.7960508,0.50582874,0.5921016
0,0,0.97188485,0.12812795,0.9437697
1,1,0.90659595,0.31034362,0.8131919
0,0,0.99337906,0.039819654,0.9867581
0,0,0.9899907,0.056044113,0.9799814
1,0,0.9371808,0.23465517,0.87436163
1,1,0.96872276,0.13915433,0.9374455
1,0,0.96684563,0.14554164,0.93369126
1,1,0.624723,0.6617046,0.24944603
0,0,0.86172396,0.4018216,0.7234479
0,0,0.9920373,0.04641454,0.9840746
1,1,0.9370019,0.23513848,0.87400377
1,0,0.85552746,0.41300008,0.7110549
1,0,0.85761833,0.40926343,0.71523666
1,0,0.8020525,0.49754387,0.604105
0,0,0.9931251,0.041087452,0.98625016
1,0,0.593871,0.6754186,0.18774197
0,0,0.98571694,0.0748647,0.9714339
0,0,0.9933792,0.039819047,0.98675835
0,0,0.99199784,0.0466049,0.9839957
0,0,0.9935635,0.038892888,0.98712695
1,1,0.99006236,0.055714805,0.9801247
1,1,0.9898935,0.05649036,0.979787
1,1,0.9902284,0.054949284,0.9804568
0,0,0.93475354,0.24116573,0.8695071
1,1,0.79821885,0.50286174,0.5964377
1,1,0.8288792,0.45765898,0.65775836
1,0,0.8952126,0.3354764,0.7904252
1,0,0.93484676,0.2409175,0.8696935
0,0,0.99137074,0.04960328,0.9827415
0,1,0.70454025,0.6069681,0.4090805
0,0,0.9920373,0.04641454,0.9840746
1,1,0.9890057,0.06052216,0.97801137
1,1,0.9905523,0.053447925,0.9811046
0,1,0.5482988,0.6884743,0.09659755
0,0,0.86172396,0.4018216,0.7234479
1,1,0.9882405,0.06393874,0.97648096
0,0,0.9874513,0.06740945,0.97490263
1,0,0.9347216,0.24125078,0.8694432
1,0,0.89521265,0.3354763,0.7904253
1,1,0.94236636,0.22040613,0.8847327
1,0,0.93475574,0.24115983,0.8695115
0,0,0.86172396,0.4018216,0.7234479
1,1,0.93500525,0.24049512,0.8700105
1,1,0.93838024,0.2314013,0.8767605
1,1,0.93183285,0.24887192,0.8636657
1,1,0.98918927,0.059694607,0.97837853
1,1,0.9363826,0.23680705,0.8727652
1,1,0.8288792,0.45765898,0.65775836
0,0,0.97494453,0.11711001,0.94988906
1,1,0.98862946,0.062208477,0.9772589
0,0,0.9920373,0.046414554,0.9840746
0,0,0.934754,0.24116445,0.869508
1,1,0.98918927,0.059694607,0.97837853
1,0,0.861724,0.40182152,0.72344804
1,0,0.5129827,0.69281006,0.025965422
0,0,0.9917812,0.04764634,0.98356235
0,0,0.9891093,0.06005553,0.97821856
0,0,0.93475544,0.24116063,0.8695109
1,0,0.8459123,0.42973462,0.69182456
1,1,0.92143685,0.275246,0.8428737
0,0,0.9917639,0.04772906,0.9835278
1,0,0.64095056,0.65286934,0.2819011
1,1,0.9882405,0.06393874,0.97648096
1,0,0.93367547,0.24402615,0.86735094
1,0,0.77314717,0.5354456,0.54629433
1,1,0.5021252,0.6931381,0.004250407
0,0,0.8596837,0.40553725,0.7193674
1,0,0.88865316,0.349322,0.7773063
1,1,0.9880409,0.06482132,0.97608185
0,0,0.93475544,0.24116065,0.8695109
0,0,0.67342305,0.63172793,0.3468461
1,1,0.9890057,0.06052216,0.97801137
1,1,0.9938419,0.03748382,0.9876838
0,0,0.9347545,0.24116313,0.869509
1,1,0.666046,0.63694346,0.33209205
0,0,0.98974544,0.057167996,0.9794909
0,0,0.9911399,0.05069527,0.9822798
1,1,0.9399886,0.22699887,0.8799772
0,0,0.93475527,0.24116114,0.86951053
1,0,0.68254924,0.624933,0.36509845
1,1,0.8356667,0.4467861,0.67133343
1,0,0.93475574,0.24115983,0.8695115
0,0,0.99035925,0.054344084,0.9807185
1,1,0.9394461,0.2284889,0.8788922
1,1,0.98936975,0.058877952,0.9787395
0,0,0.8027887,0.49651212,0.60557735
1,1,0.9882405,0.06393874,0.97648096
1,1,0.9905523,0.053447925,0.9811046
0,0,0.9934404,0.03951211,0.9868808
1,1,0.98763204,0.06661925,0.9752641
1,0,0.8967983,0.3320614,0.7935966
0,0,0.93475544,0.24116063,0.8695109
1,0,0.866808,0.39240983,0.733616
0,0,0.93475485,0.24116217,0.8695097
0,0,0.991386,0.049530864,0.982772
0,0,0.91445607,0.29210502,0.82891214
1,0,0.67142534,0.63316464,0.3428507
1,1,0.93447685,0.24190165,0.8689537
1,0,0.67272997,0.6322284,0.34545997
0,0,0.99244756,0.04442412,0.9848951
0,0,0.85125375,0.42052814,0.7025075
1,1,0.9888192,0.061359704,0.97763836
0,0,0.97235376,0.12646255,0.9447075
0,0,0.9626491,0.1594318,0.9252982
1,1,0.93074393,0.25171036,0.86148787
1,1,0.9898935,0.05649036,0.979787
1,1,0.9369664,0.2352342,0.87393284
1,1,0.9898935,0.05649036,0.979787
1,0,0.93475574,0.24115983,0.8695115
0,1,0.65165764,0.64641446,0.30331528
1,1,0.98763204,0.06661925,0.9752641
0,0,0.9347552,0.24116129,0.8695104
1,1,0.7721647,0.53664744,0.5443294
1,0,0.9709429,0.131449,0.9418858
0,0,0.9868027,0.070224315,0.9736054
0,0,0.9925883,0.043736458,0.98517656
0,0,0.934755,0.24116176,0.86951005
1,0,0.93475574,0.24115983,0.8695115
1,0,0.64542073,0.6502354,0.29084146
0,0,0.9347553,0.2411609,0.86951065
0,0,0.9347553,0.24116099,0.86951065
0,0,0.992588,0.043737862,0.98517597
0,0,0.98879945,0.06144807,0.9775989
0,0,0.9802144,0.0972035,0.96042883
1,0,0.67953944,0.6272161,0.3590789
0,0,0.99301404,0.041638676,0.9860281
0,0,0.9347542,0.241164,0.8695084
0,0,0.98781514,0.065815896,0.9756303
0,0,0.9347553,0.24116093,0.86951065
0,0,0.992518,0.044080265,0.985036
0,0,0.9347554,0.24116081,0.86951077
1,0,0.93514466,0.24012324,0.8702893
0,0,0.89220995,0.34186983,0.7844199
0,0,0.9920373,0.046414554,0.9840746
0,0,0.9917639,0.04772906,0.9835278
0,0,0.9564085,0.17919475,0.912817
0,0,0.99185795,0.047277972,0.9837159
1,0,0.93261385,0.24682468,0.8652277
0,0,0.988041,0.06482099,0.97608197
0,0,0.9872387,0.06833585,0.9744774
0,0,0.99190176,0.047067445,0.9838035
0,0,0.9924476,0.044423953,0.9848952
0,0,0.9347534,0.24116606,0.86950684
1,1,0.52669144,0.6917217,0.053382874
1,1,0.94188005,0.22176287,0.8837601
1,1,0.6593433,0.6414701,0.3186866
1,0,0.93718004,0.23465729,0.8743601
1,1,0.9898935,0.05649036,0.979787
1,1,0.9884366,0.06306811,0.97687316
0,0,0.9347516,0.24117096,0.86950314
1,1,0.9888192,0.061359704,0.97763836
1,0,0.83212197,0.45250556,0.66424394
0,0,0.9887992,0.06144915,0.9775984
0,0,0.9347554,0.24116075,0.86951077
1,1,0.60182697,0.672264,0.20365393
1,1,0.57576954,0.6816208,0.15153909
0,0,0.99190176,0.04706746,0.9838035
1,1,0.9065996,0.31033534,0.81319916
0,1,0.71650624,0.5962229,0.4330125
0,0,0.9930604,0.04140875,0.9861208
0,0,0.9920373,0.046414554,0.9840746
0,0,0.60654306,0.67026937,0.2130861
1,1,0.98783827,0.06571416,0.97567654
1,1,0.9236378,0.2697934,0.8472756
0,0,0.993441,0.039509166,0.986882
1,1,0.7677209,0.54201555,0.53544176
1,1,0.91346455,0.294448,0.8269291
1,1,0.98862946,0.062208477,0.9772589
1,1,0.9236378,0.2697934,0.8472756
1,1,0.51622456,0.69262064,0.032449126
1,0,0.88865316,0.349322,0.7773063
1,0,0.8016033,0.4981717,0.60320663
0,0,0.9920373,0.046414554,0.9840746
1,1,0.98954725,0.05807176,0.9790945
0,0,0.86172396,0.4018216,0.7234479
1,1,0.92143685,0.275246,0.8428737
1,1,0.92622536,0.2632951,0.8524507
0,0,0.9831069,0.085687846,0.9662138
0,0,0.9347553,0.2411609,0.86951065
0,0,0.9888289,0.0613161,0.9776578
0,0,0.9920373,0.046414554,0.9840746
1,1,0.9475168,0.20576295,0.8950336
1,1,0.8288792,0.45765898,0.65775836
1,1,0.902093,0.32045972,0.804186
0,0,0.9796538,0.09938359,0.95930755
0,0,0.86172396,0.4018216,0.7234479
0,0,0.96652716,0.14661425,0.9330543
0,0,0.9915463,0.04876873,0.98309255
0,0,0.99294305,0.041990366,0.9858861
1,1,0.939357,0.22873315,0.87871397
1,1,0.9605961,0.16604511,0.92119217
1,1,0.8862841,0.3542145,0.7725682
1,0,0.7938962,0.50874853,0.5877924
0,0,0.9841735,0.081318475,0.96834695
1,0,0.79038596,0.51344484,0.5807719
0,0,0.9347551,0.2411616,0.8695102
0,0,0.8596837,0.40553725,0.7193674
1,0,0.8534113,0.41674584,0.70682263
1,1,0.7788891,0.5283104,0.55777824
1,1,0.6744912,0.6309523,0.34898245
0,1,0.8288792,0.45765898,0.65775836
1,1,0.7637399,0.5467305,0.52747977
1,1,0.98783827,0.06571416,0.97567654
1,0,0.9287389,0.25688887,0.8574778
1,0,0.6216861,0.6632327,0.2433722
1,0,0.66841745,0.6352937,0.33683494
1,1,0.93134516,0.25014544,0.8626903
0,0,0.99286175,0.042392064,0.9857235
0,1,0.9064976,0.31056708,0.8129952
1,1,0.8962806,0.33317935,0.7925612
0,0,0.9917061,0.048005946,0.98341215
1,1,0.9403192,0.22608837,0.88063836
0,1,0.59495276,0.6750052,0.18990552
0,0,0.98544747,0.076003164,0.97089493
0,0,0.9347552,0.24116132,0.8695104
1,0,0.93475574,0.24115983,0.8695115
1,0,0.62890565,0.6595355,0.25781134
0,0,0.9914662,0.04914989,0.98293245
0,0,0.80779594,0.48940313,0.6155919
1,1,0.86055136,0.40396136,0.7211027
1,1,0.8115976,0.48389816,0.6231952
1,1,0.93991524,0.22720069,0.8798305
0,0,0.9347555,0.24116051,0.869511
1,1,0.75124556,0.56096256,0.5024911
0,0,0.9933163,0.040133897,0.9866326
0,0,0.98446584,0.08010818,0.9689317
1,1,0.9880409,0.06482132,0.97608185
1,1,0.6516533,0.64641714,0.30330658
1,1,0.94094145,0.2243692,0.8818829
0,0,0.9347555,0.24116051,0.869511
0,0,0.9347482,0.24117999,0.86949635
1,0,0.8817611,0.36340144,0.76352215
1,1,0.9890057,0.06052216,0.97801137
1,0,0.6541283,0.6448535,0.3082566
0,0,0.9877005,0.06631902,0.97540104
0,0,0.9880227,0.064901784,0.97604537
0,0,0.94918036,0.2009216,0.8983607
1,1,0.8288792,0.45765898,0.65775836
1,0,0.93473244,0.24122193,0.8694649
1,1,0.8333164,0.4505885,0.6666328
1,1,0.92645967,0.26270187,0.85291934
0,0,0.86172396,0.4018216,0.7234479
1,0,0.54174566,0.68965775,0.083491355
0,0,0.9914664,0.049148995,0.9829328
0,0,0.86172396,0.4018216,0.7234479
1,1,0.93648964,0.23651908,0.8729793
1,1,0.99006236,0.055714805,0.9801247
0,0,0.81154263,0.4839784,0.62308526
0,0,0.99170345,0.048018456,0.9834069
0,0,0.99190176,0.047067445,0.9838035
1,0,0.89521265,0.3354763,0.7904253
1,1,0.93327284,0.24508965,0.8665457
1,1,0.9843135,0.080739565,0.968627
1,0,0.7157856,0.59688973,0.43157125
0,0,0.93475497,0.24116191,0.86950994
0,0,0.9935026,0.039199352,0.98700523
0,0,0.99325347,0.040447704,0.98650694
1,0,0.7350149,0.57820684,0.47002983
0,0,0.9347544,0.24116354,0.86950874
1,1,0.94188005,0.22176287,0.8837601
1,1,0.59585255,0.6746576,0.19170511
0,0,0.97946614,0.10010964,0.9589323
1,1,0.98742247,0.067535415,0.97484493
1,1,0.69621986,0.6140332,0.39243972
1,0,0.86172384,0.4018218,0.7234477
1,1,0.93838024,0.2314013,0.8767605
1,0,0.8450144,0.43126053,0.6900288
1,0,0.93475574,0.24115983,0.8695115
1,1,0.67270494,0.6322465,0.34540987
0,0,0.98960817,0.057794333,0.97921634
1,1,0.9907102,0.052711993,0.9814204
1,1,0.9284312,0.25767812,0.8568624
0,0,0.9708309,0.13184181,0.94166183
1,0,0.90353644,0.31724238,0.8070729
1,0,0.88351446,0.3598637,0.7670289
0,0,0.9347554,0.24116081,0.86951077
1,1,0.6962208,0.6140325,0.39244163
1,0,0.8153979,0.47830057,0.63079584
1,1,0.99006236,0.055714805,0.9801247
0,0,0.9780896,0.10538384,0.95617914
1,0,0.82160395,0.4689526,0.6432079
0,0,0.99215764,0.045833018,0.9843153
1,0,0.9348493,0.24091068,0.86969864
1,1,0.8288792,0.45765898,0.65775836
1,1,0.9898935,0.05649036,0.979787
0,0,0.79660267,0.5050762,0.59320533
1,1,0.9343248,0.24230555,0.8686496
1,0,0.6197165,0.66420275,0.23943308
0,0,0.9819683,0.09027664,0.96393657
1,1,0.9363826,0.23680705,0.8727652
0,0,0.9916237,0.048399456,0.9832474
0,1,0.8288792,0.45765898,0.65775836
1,1,0.9236378,0.2697934,0.8472756
1,1,0.8288792,0.45765898,0.65775836
1,1,0.9872093,0.06846359,0.97441864
0,0,0.6207013,0.6637198,0.24140263
1,1,0.94491917,0.213212,0.88983834
1,1,0.9221397,0.2735121,0.8442794
1,1,0.98862946,0.062208477,0.9772589
1,1,0.99006236,0.055714805,0.9801247
1,1,0.9907102,0.052711993,0.9814204
0,0,0.9885878,0.062394466,0.9771756
0,0,0.8317416,0.45311397,0.66348314
1,1,0.98954725,0.05807176,0.9790945
0,0,0.97662294,0.11090599,0.9532459
0,0,0.9866206,0.07100865,0.9732412
1,1,0.9483566,0.20332593,0.89671326
1,1,0.99039173,0.054193627,0.98078346
0,0,0.97551703,0.11500713,0.95103407
0,0,0.83996296,0.43973124,0.6799259
1,1,0.93732053,0.2342774,0.87464106
1,1,0.91808057,0.28343245,0.83616114
0,0,0.9637102,0.1559681,0.9274204
1,1,0.6962209,0.6140324,0.39244175
1,1,0.99039173,0.054193627,0.98078346
0,1,0.7834656,0.5224865,0.56693125
0,0,0.9924476,0.044423934,0.9848952
1,1,0.98918927,0.059694607,0.97837853
1,1,0.9884366,0.06306811,0.97687316
1,0,0.86602426,0.39387512,0.7320485
1,1,0.9898935,0.05649036,0.979787
0,0,0.9347555,0.24116051,0.869511
0,0,0.9924476,0.044423953,0.9848952
1,0,0.887855,0.35097665,0.77571
1,0,0.93475574,0.24115983,0.8695115
0,0,0.95851153,0.17264608,0.91702306
1,0,0.79001987,0.5139304,0.58003974
1,1,0.5590629,0.686154,0.1181258
1,1,0.9297067,0.25439698,0.8594134
0,0,0.99097204,0.05148548,0.9819441
0,0,0.92505467,0.26624706,0.85010934
1,1,0.8288792,0.45765898,0.65775836
1,1,0.9236378,0.2697934,0.8472756
1,1,0.8288792,0.45765898,0.65775836
1,1,0.9905523,0.053447925,0.9811046
1,1,0.5111683,0.6928977,0.022336602
1,1,0.92307824,0.2711861,0.8461565
1,1,0.99006236,0.055714805,0.9801247
1,0,0.6716449,0.63300765,0.34328985
1,1,0.98783827,0.06571416,0.97567654
0,0,0.9347546,0.24116285,0.8695092
1,1,0.9888192,0.061359704,0.97763836
1,0,0.5354369,0.69063354,0.07087386
1,0,0.8576182,0.4092637,0.7152364
0,0,0.92824423,0.25815704,0.85648847
0,0,0.67975503,0.627054,0.35951006
0,0,0.9861895,0.07285574,0.97237897
1,1,0.9905523,0.053447925,0.9811046
1,1,0.7668046,0.5431087,0.53360915
1,0,0.8199041,0.4715389,0.6398082
1,1,0.99039173,0.054193627,0.98078346
0,0,0.9347542,0.241164,0.8695084
0,0,0.86172396,0.4018216,0.7234479
0,0,0.9514773,0.19414228,0.9029546
0,0,0.9347552,0.24116126,0.8695104
1,1,0.91073596,0.30083174,0.8214719
0,1,0.6241551,0.6619933,0.24831021
1,1,0.92737985,0.26036435,0.8547597
0,0,0.9907316,0.05261205,0.9814632
1,1,0.84955955,0.42347234,0.6991191
0,0,0.9601908,0.16733737,0.92038155
0,0,0.87535226,0.3760841,0.7507045
1,1,0.9888192,0.061359704,0.97763836
0,0,0.9891099,0.06005292,0.97821975
1,1,0.8862841,0.3542145,0.7725682
0,0,0.93475515,0.2411614,0.8695103
1,1,0.98936975,0.058877952,0.9787395
0,0,0.992376,0.044772845,0.98475206
1,0,0.89521265,0.3354763,0.7904253
0,0,0.9347525,0.24116841,0.86950505
1,1,0.9329059,0.24605656,0.8658118
0,0,0.9347549,0.24116203,0.8695098
0,0,0.86172396,0.40182164,0.7234479
1,1,0.9890057,0.06052216,0.97801137
1,0,0.82487524,0.46391982,0.6497505
0,0,0.9347551,0.24116163,0.8695102
0,1,0.83093923,0.4543938,0.66187847
0,0,0.9173502,0.28519395,0.83470035
1,0,0.8010762,0.4989069,0.60215235
0,0,0.9898964,0.05647706,0.97979283
1,1,0.9905523,0.053447925,0.9811046
1,0,0.7014543,0.60962707,0.40290853
1,0,0.51779777,0.6925135,0.035595536
0,0,0.9493434,0.20044406,0.89868677
0,0,0.9935025,0.039200068,0.987005
1,1,0.925054,0.26624876,0.850108
0,0,0.86172384,0.4018218,0.7234477
1,1,0.8665819,0.39283308,0.73316383
1,1,0.69621986,0.6140332,0.39243972
0,0,0.9847517,0.07891944,0.9695034
1,1,0.93183285,0.24887192,0.8636657
1,1,0.9907102,0.052711993,0.9814204
0,0,0.90349585,0.31733322,0.8069917
1,0,0.5386412,0.6901579,0.07728243
1,1,0.6962208,0.6140325,0.39244163
1,0,0.65261316,0.64581394,0.3052263
1,0,0.7657249,0.5443906,0.5314498
1,1,0.9236378,0.2697934,0.8472756
1,0,0.932649,0.24673219,0.86529803
1,1,0.99039173,0.054193627,0.98078346
1,1,0.55866075,0.68624914,0.11732149
1,0,0.8706887,0.38507548,0.74137735
1,1,0.6962208,0.6140325,0.39244163
0,0,0.9859256,0.0739796,0.9718512
0,0,0.9347553,0.24116093,0.86951065
1,0,0.64542073,0.6502354,0.29084146
1,0,0.8111918,0.48449028,0.6223836
1,0,0.85968375,0.40553713,0.7193675
1,1,0.6962208,0.6140325,0.39244163
1,1,0.9038959,0.31643748,0.8077918
0,0,0.93475497,0.24116191,0.86950994
1,1,0.6962209,0.6140324,0.39244175
1,1,0.98918927,0.059694607,0.97837853
0,0,0.9150301,0.2907428,0.83006024
0,0,0.93474734,0.24118224,0.8694947
1,1,0.93183285,0.24887192,0.8636657
1,1,0.8250061,0.46371695,0.65001225
1,0,0.64366484,0.6512804,0.2873297
1,1,0.9902284,0.054949284,0.9804568
1,1,0.8288792,0.45765898,0.65775836
0,0,0.93475556,0.24116036,0.8695111
1,1,0.98742247,0.067535415,0.97484493
1,0,0.6258443,0.6611304,0.2516886
1,1,0.93074393,0.25171036,0.86148787
1,0,0.6140855,0.6668855,0.22817099
0,0,0.98093575,0.09437462,0.9618715
1,1,0.9890057,0.06052216,0.97801137
0,1,0.5584698,0.6862941,0.116939545
1,1,0.9872093,0.06846359,0.97441864
1,1,0.919374,0.28029567,0.838748
1,1,0.8288792,0.45765898,0.65775836
1,1,0.91866136,0.2820267,0.8373227
0,0,0.9439128,0.21606272,0.8878256
0,0,0.990574,0.0533469,0.981148
1,0,0.9338096,0.24367131,0.86761916
0,0,0.99170357,0.048017774,0.98340714
0,0,0.9937427,0.037987325,0.9874854
1,1,0.99006236,0.055714805,0.9801247
1,0,0.93475574,0.24115983,0.8695115
0,0,0.7537763,0.55814826,0.5075526
0,0,0.9347555,0.2411605,0.869511
1,1,0.8288792,0.45765898,0.65775836
1,1,0.7920013,0.511293,0.5840026
1,1,0.98862946,0.062208477,0.9772589
1,1,0.8288792,0.45765898,0.65775836
0,0,0.9782916,0.10461562,0.95658314
0,1,0.9114597,0.29914758,0.82291937
0,0,0.9929945,0.041735556,0.985989
1,1,0.9907102,0.052711993,0.9814204
1,1,0.98954725,0.05807176,0.9790945
1,1,0.98954725,0.05807176,0.9790945
1,1,0.6962209,0.6140324,0.39244175
1,1,0.9905523,0.053447925,0.9811046
1,0,0.52996707,0.69135004,0.05993414
0,0,0.99190176,0.047067445,0.9838035
1,0,0.9347216,0.24125078,0.8694432
1,1,0.98742247,0.067535415,0.97484493
1,0,0.78311217,0.5229407,0.56622434
1,1,0.9898935,0.05649036,0.979787
1,1,0.9882405,0.06393874,0.97648096
1,0,0.85968375,0.40553713,0.7193675
0,0,0.9920373,0.046414554,0.9840746
0,0,0.97726285,0.108508445,0.9545257
0,0,0.93475485,0.24116221,0.8695097
1,1,0.8288792,0.45765898,0.65775836
1,0,0.64874506,0.64822006,0.29749015
1,1,0.8517415,0.41967636,0.703483
1,0,0.85761833,0.40926343,0.71523666
1,1,0.78387654,0.5219576,0.5677531
0,0,0.9872318,0.06836595,0.9744636
0,0,0.98522055,0.076957986,0.9704411
0,0,0.9921578,0.045832008,0.98431563
1,1,0.94666404,0.20822303,0.8933281
0,0,0.9933792,0.03981913,0.98675835
1,0,0.92357695,0.2699451,0.8471539
0,0,0.99331665,0.040132046,0.9866333
0,0,0.953859,0.18699208,0.90771794
1,0,0.5486446,0.68840706,0.097289205
0,0,0.76610935,0.5439349,0.5322187
1,1,0.69621986,0.6140332,0.39243972
1,1,0.6962209,0.6140324,0.39244175
1,1,0.61266905,0.66753924,0.2253381
0,1,0.91995823,0.2788714,0.83991647
0,0,0.9920373,0.046414554,0.9840746
0,0,0.934753,0.24116714,0.869506
0,0,0.93475556,0.24116036,0.8695111
1,0,0.93475574,0.24115983,0.8695115
0,1,0.5822067,0.6795697,0.16441345
1,1,0.9559934,0.18047464,0.9119868
1,1,0.9329059,0.24605656,0.8658118
1,0,0.7511369,0.56108266,0.5022738
1,0,0.84139305,0.43735266,0.6827861
0,0,0.9925881,0.04373718,0.9851762
1,0,0.93751,0.23376451,0.87502
0,1,0.7593414,0.55183786,0.51868284
0,0,0.86172396,0.4018216,0.7234479
1,0,0.85968375,0.40553713,0.7193675
1,1,0.98783827,0.06571416,0.97567654
0,0,0.93475556,0.24116036,0.8695111
0,0,0.99092096,0.051725496,0.9818419
0,0,0.99209934,0.046114914,0.9841987
0,0,0.9869908,0.06941139,0.9739816
0,0,0.9211358,0.27598655,0.84227157
1,1,0.88859785,0.34943688,0.7771957
0,0,0.9917664,0.047716975,0.9835328
0,0,0.98503464,0.07773744,0.9700693
1,0,0.9304431,0.25249124,0.8608862
1,1,0.9431207,0.21829298,0.88624144
1,1,0.9884366,0.06306811,0.97687316
1,1,0.93002224,0.2535814,0.8600445
0,0,0.966526,0.14661826,0.93305194
0,0,0.9750246,0.116816714,0.95004916
0,0,0.9347553,0.2411609,0.86951065
1,1,0.9880409,0.06482132,0.97608185
1,1,0.98742247,0.067535415,0.97484493
1,0,0.64874554,0.64821976,0.29749107
1,1,0.6698214,0.63430506,0.33964276
1,1,0.94094145,0.2243692,0.8818829
1,1,0.98763204,0.06661925,0.9752641
0,0,0.9914232,0.0493544,0.9828464
0,1,0.5542533,0.6872487,0.10850656
0,0,0.99190176,0.047067445,0.9838035
0,0,0.7147959,0.59780145,0.42959177
1,1,0.6962208,0.6140325,0.39244163
1,1,0.98954725,0.05807176,0.9790945
0,0,0.618099,0.6649871,0.23619792
1,1,0.59909815,0.6733756,0.19819629
1,1,0.83093923,0.4543938,0.66187847
1,1,0.9898935,0.05649036,0.979787
0,0,0.93475544,0.24116059,0.8695109
1,1,0.9678422,0.14216462,0.93568444
1,1,0.97120047,0.13054414,0.94240093
1,1,0.94188005,0.22176287,0.8837601
0,0,0.9049054,0.31416905,0.80981076
1,0,0.8292357,0.4570961,0.65847135
1,0,0.8227285,0.4672308,0.645457
0,0,0.93475544,0.24116063,0.8695109
0,0,0.9936835,0.03828693,0.98736703
1,1,0.92265993,0.27222434,0.84531987
1,1,0.9890057,0.06052216,0.97801137
0,0,0.9934412,0.039507844,0.98688245
0,0,0.9347552,0.24116123,0.8695104
1,0,0.8967983,0.3320614,0.7935966
1,1,0.98763204,0.06661925,0.9752641
0,0,0.86172396,0.4018216,0.7234479
1,1,0.62813115,0.65994287,0.2562623
1,0,0.62115324,0.66349673,0.24230644
1,0,0.92357695,0.2699451,0.8471539
0,0,0.9935635,0.038892865,0.98712695
0,0,0.99113995,0.050695032,0.9822799
1,1,0.9413374,0.22327164,0.8826748
1,1,0.98278207,0.08700472,0.96556413
0,0,0.93475544,0.24116063,0.8695109
1,0,0.8017997,0.49789736,0.6035994
1,1,0.87688845,0.37307903,0.7537769
0,0,0.9926576,0.04339657,0.9853152
1,1,0.98918927,0.059694607,0.97837853
1,1,0.8263273,0.46166217,0.65265465
1,1,0.83856916,0.44203496,0.6771383
1,0,0.9358891,0.23813199,0.87177825
0,0,0.9902684,0.05476454,0.9805368
0,0,0.93475556,0.24116036,0.8695111
1,1,0.92143685,0.275246,0.8428737
0,0,0.99193406,0.04691192,0.9838681
1,1,0.6250486,0.6615385,0.25009716
1,1,0.6962209,0.6140324,0.39244175
1,1,0.94491917,0.213212,0.88983834
0,0,0.9347555,0.24116051,0.869511
0,0,0.9347553,0.24116093,0.86951065
0,0,0.9347551,0.24116157,0.8695102
1,0,0.7525492,0.5595172,0.50509834
0,0,0.7779022,0.5295503,0.5558044
1,1,0.624062,0.6620405,0.248124
0,0,0.9931897,0.040765766,0.9863794
0,0,0.99004924,0.05577518,0.9800985
1,1,0.52662367,0.6917289,0.053247333
1,0,0.9347216,0.24125078,0.8694432
1,1,0.98954725,0.05807176,0.9790945
1,0,0.78977245,0.514258,0.5795449
0,0,0.9928618,0.042391684,0.9857236
1,1,0.8288792,0.45765898,0.65775836
0,0,0.99356276,0.03889661,0.9871255
0,1,0.6729705,0.63205504,0.34594095
0,1,0.91346455,0.294448,0.8269291
1,1,0.9236378,0.2697934,0.8472756
0,0,0.9347555,0.24116044,0.869511
1,0,0.9348721,0.24084997,0.8697442
0,0,0.93475485,0.24116221,0.8695097
0,0,0.9402986,0.22614509,0.88059723
1,1,0.93074393,0.25171036,0.86148787
1,1,0.85997534,0.40500826,0.7199507
0,0,0.52784944,0.6915952,0.0556989
0,0,0.86172396,0.4018216,0.7234479
0,0,0.6999345,0.61091983,0.39986894
0,0,0.71017903,0.6019913,0.42035806
1,0,0.88351446,0.3598637,0.7670289
1,1,0.9888192,0.061359704,0.97763836
1,1,0.9872093,0.06846359,0.97441864
1,1,0.92143685,0.275246,0.8428737
0,0,0.98167086,0.091463126,0.9633417
0,0,0.93475544,0.24116063,0.8695109
0,0,0.99374235,0.037989017,0.9874847
1,0,0.5172783,0.69254994,0.034556627
0,0,0.9353305,0.23962699,0.870661
1,0,0.83116615,0.45403227,0.6623323
0,0,0.99368316,0.038288645,0.9873663
0,0,0.93021697,0.2530774,0.86043394
1,0,0.93718576,0.23464179,0.8743715
1,1,0.9882405,0.06393874,0.97648096
0,0,0.73501784,0.57820386,0.47003567
1,0,0.86282927,0.3997941,0.72565854
1,0,0.7961272,0.5057246,0.5922544
0,0,0.9837248,0.083165176,0.96744955
0,0,0.93475556,0.24116036,0.8695111
0,0,0.93475556,0.2411603,0.8695111
1,0,0.93717736,0.23466454,0.8743547
0,0,0.9909718,0.051486585,0.9819436
1,0,0.7554422,0.5562769,0.5108844
0,0,0.93475544,0.24116059,0.8695109
1,1,0.98783827,0.06571416,0.97567654
0,0,0.9347555,0.24116047,0.869511
0,0,0.9347547,0.24116258,0.86950946
1,1,0.65120924,0.6466949,0.30241847
0,0,0.93475556,0.24116036,0.8695111
0,0,0.9911399,0.050695278,0.9822798
1,0,0.5511414,0.68790716,0.10228273
0,0,0.9926574,0.043397415,0.98531485
0,0,0.86172396,0.4018216,0.7234479
0,0,0.9774493,0.107806556,0.9548986
0,0,0.93475515,0.2411614,0.8695103
0,0,0.9347531,0.2411668,0.86950624
1,1,0.98918927,0.059694607,0.97837853
1,1,0.98954725,0.05807176,0.9790945
0,0,0.97767854,0.106941245,0.9553571
0,0,0.9761862,0.11253174,0.95237243
1,1,0.8288792,0.45765898,0.65775836
0,0,0.8672085,0.39165908,0.73441696
1,1,0.9880409,0.06482132,0.97608185
1,1,0.93127465,0.25032926,0.8625493
0,0,0.9867453,0.07047188,0.9734906
0,0,0.86172396,0.4018216,0.7234479
0,0,0.9568019,0.177978,0.9136038
1,1,0.60236454,0.6720413,0.20472908
0,0,0.93475485,0.24116217,0.8695097
1,1,0.78734285,0.51745594,0.5746857
0,1,0.5194222,0.6923925,0.038844347
0,0,0.99349886,0.039218355,0.9869977
1,1,0.92397,0.26896456,0.84793997
0,0,0.93475217,0.24116935,0.86950433
1,1,0.6735732,0.6316192,0.3471464
0,0,0.98598105,0.07374387,0.9719621
1,1,0.9331206,0.24549106,0.8662412
1,0,0.937518,0.23374295,0.875036
0,0,0.9920373,0.046414554,0.9840746
0,0,0.9347552,0.24116123,0.8695104
0,0,0.9347555,0.2411605,0.869511
1,1,0.9905523,0.053447925,0.9811046
0,0,0.93475544,0.24116066,0.8695109
0,0,0.9919915,0.04663523,0.98398304
1,0,0.92877585,0.25679398,0.8575517
1,1,0.99006236,0.055714805,0.9801247
1,0,0.8095336,0.48689854,0.6190672
1,1,0.9902851,0.05468733,0.9805702
1,0,0.8323666,0.45211375,0.6647332
1,0,0.9347216,0.24125078,0.8694432
0,0,0.9865816,0.07117638,0.97316325
1,0,0.770583,0.53857094,0.54116595
1,0,0.85968375,0.40553713,0.7193675
0,0,0.9916237,0.048399456,0.9832474
0,0,0.8596837,0.40553725,0.7193674
1,0,0.8596837,0.40553725,0.7193674
1,1,0.98972183,0.057275865,0.97944367
0,0,0.9936236,0.038589634,0.9872472
1,0,0.8852591,0.35631394,0.7705182
1,1,0.92737985,0.26036435,0.8547597
0,0,0.76230466,0.5484088,0.5246093
0,0,0.9347555,0.24116051,0.869511
1,1,0.9880409,0.06482132,0.97608185
0,0,0.856949,0.41046357,0.71389794
1,0,0.83791137,0.44311717,0.67582273
0,0,0.99350244,0.03920035,0.9870049
0,0,0.86172396,0.4018216,0.7234479
1,1,0.98936975,0.058877952,0.9787395
1,0,0.7057362,0.60592544,0.41147244
1,1,0.6962208,0.6140325,0.39244163
0,0,0.9931897,0.040765896,0.9863794
1,1,0.73167044,0.5815903,0.46334088
1,1,0.76301444,0.54758024,0.5260289
1,1,0.99012005,0.055449143,0.9802401
0,0,0.9920373,0.04641454,0.9840746
0,0,0.934755,0.24116176,0.86951005
1,1,0.91347647,0.29441988,0.82695293
1,1,0.7268134,0.58640265,0.45362675
1,1,0.61671036,0.6656516,0.23342073
0,0,0.93475515,0.2411614,0.8695103
1,1,0.9890057,0.06052216,0.97801137
0,0,0.9920095,0.04654848,0.98401904
0,0,0.9920373,0.04641454,0.9840746
1,0,0.93475574,0.24115983,0.8695115
0,0,0.9933791,0.03981934,0.98675823
1,0,0.84785885,0.42640525,0.6957177
0,0,0.9347554,0.24116075,0.86951077
0,0,0.97264767,0.12541455,0.94529533
1,1,0.92851764,0.25745657,0.8570353
1,1,0.8288792,0.45765898,0.65775836
1,1,0.9882405,0.06393874,0.97648096
1,1,0.98936975,0.058877952,0.9787395
1,1,0.9023411,0.31990832,0.80468225
1,0,0.7550795,0.5566856,0.510159
1,0,0.5348066,0.6907222,0.06961319
0,0,0.7677356,0.541998,0.5354712
0,0,0.93475366,0.24116538,0.8695073
0,0,0.97235405,0.1264615,0.9447081
1,0,0.8754941,0.37580752,0.75098825
1,1,0.9296389,0.25457194,0.85927784
1,1,0.9141819,0.29275417,0.8283638
1,1,0.9884366,0.06306811,0.97687316
1,1,0.69621986,0.6140332,0.39243972
0,0,0.96701545,0.14496836,0.9340309
0,0,0.9347553,0.24116093,0.86951065
0,0,0.99080104,0.052287363,0.9816021
1,0,0.7547412,0.5570662,0.5094824
0,0,0.99337924,0.03981886,0.9867585
0,0,0.9936829,0.03828991,0.98736584
1,0,0.69865006,0.6120038,0.39730012
0,0,0.9914812,0.049078684,0.98296237
0,0,0.97432697,0.119363405,0.94865394
1,0,0.91600794,0.28841275,0.8320159
1,1,0.98742247,0.067535415,0.97484493
0,0,0.897396,0.33076712,0.79479206
0,0,0.93475455,0.24116305,0.8695091
1,1,0.9905523,0.053447925,0.9811046
1,0,0.6108349,0.6683731,0.2216698
1,1,0.7739501,0.5344592,0.5479002
0,0,0.9923762,0.044771954,0.9847524
1,1,0.836829,0.44489092,0.673658
1,1,0.9384842,0.23111811,0.8769684
1,1,0.9888192,0.061359704,0.97763836
1,0,0.9432822,0.21783927,0.8865644
0,0,0.9824663,0.088279,0.96493256
1,1,0.93061703,0.25203994,0.86123407
1,1,0.5007749,0.693146,0.00154984
1,1,0.9888192,0.061359704,0.97763836
0,0,0.82594174,0.4622631,0.6518835
1,1,0.6962209,0.6140324,0.39244175
1,1,0.9905523,0.053447925,0.9811046
0,0,0.9339107,0.24340352,0.86782146
1,0,0.8852591,0.35631394,0.7705182
1,1,0.93803966,0.23232773,0.8760793
1,1,0.69399196,0.6158693,0.38798392
1,0,0.93261385,0.24682468,0.8652277
1,0,0.5659948,0.68441105,0.1319896
1,0,0.6171734,0.66543096,0.23434675
0,0,0.9931897,0.040765908,0.9863794
0,0,0.88570565,0.35540056,0.7714113
1,1,0.5101415,0.6929414,0.020282984
1,1,0.96914256,0.13771021,0.9382851
0,0,0.93475544,0.24116063,0.8695109
0,0,0.9934411,0.03950842,0.9868822
1,1,0.57577,0.6816206,0.15154004
0,0,0.9721423,0.12721469,0.94428456
0,0,0.98837215,0.06335463,0.9767443
0,0,0.98262864,0.08762459,0.9652573
0,1,0.92120236,0.27582294,0.8424047
1,1,0.9455494,0.21141678,0.89109886
1,1,0.78456366,0.5210709,0.5691273
0,1,0.87892604,0.36905935,0.7578521
0,0,0.9347518,0.24117029,0.8695036
0,0,0.9920373,0.046414554,0.9840746
0,0,0.99356353,0.03889279,0.98712707
1,1,0.5675072,0.68400484,0.13501441
0,0,0.93475544,0.24116063,0.8695109
0,0,0.93475544,0.24116066,0.8695109
0,0,0.9916237,0.048399456,0.9832474
0,0,0.9833316,0.084773056,0.96666324
0,0,0.9615649,0.16293855,0.9231298
1,0,0.93367547,0.24402615,0.86735094
0,0,0.9917639,0.047729075,0.9835278
0,0,0.9842333,0.081071235,0.96846664
1,0,0.9304431,0.25249124,0.8608862
0,0,0.9347551,0.2411616,0.8695102
1,0,0.5172784,0.69254994,0.034556746
1,1,0.9905523,0.053447925,0.9811046
0,0,0.9926576,0.043396503,0.9853152
0,0,0.9913362,0.04976697,0.98267245
1,1,0.9572461,0.17659946,0.91449225
0,0,0.9920373,0.046414554,0.9840746
0,0,0.92569995,0.26462242,0.8513999
0,0,0.9907316,0.05261205,0.9814632
0,0,0.98806846,0.06469977,0.9761369
0,0,0.93474436,0.24119015,0.8694887
1,0,0.8852545,0.3563234,0.770509
0,1,0.9975829,0.01697758,0.9951658
0,0,0.99185795,0.047277797,0.9837159
0,0,0.8596837,0.40553725,0.7193674
0,1,0.97133374,0.13007493,0.9426675
1,1,0.51678914,0.6925833,0.033578277
0,0,0.9673723,0.14376087,0.9347446
1,0,0.9049228,0.3141299,0.80984557
1,1,0.98783827,0.06571416,0.97567654
0,0,0.9347555,0.24116051,0.869511
0,0,0.93157196,0.2495537,0.8631439
1,1,0.9170038,0.28602678,0.8340076
0,0,0.9837247,0.08316552,0.9674494
0,0,0.9936238,0.038588725,0.9872476
1,1,0.699808,0.6110269,0.399616
0,1,0.84479445,0.43163335,0.6895889
1,1,0.98783827,0.06571416,0.97567654
1,1,0.9907102,0.052711993,0.9814204
0,0,0.8541525,0.415438,0.708305
0,0,0.61378103,0.66702676,0.22756207
1,0,0.89609396,0.33358163,0.7921879
1,0,0.93475574,0.24115983,0.8695115
0,0,0.9920093,0.046549592,0.98401856
1,1,0.5799209,0.6803175,0.15984178
0,1,0.8974765,0.33059257,0.794953
1,0,0.8858743,0.35505515,0.77174854
0,0,0.98711187,0.068886794,0.97422373
1,1,0.8125185,0.48255047,0.62503695
1,1,0.9389469,0.22985539,0.8778938
1,0,0.861724,0.40182152,0.72344804
1,1,0.98936975,0.058877952,0.9787395
1,1,0.9627766,0.15901726,0.9255532
1,0,0.77611804,0.5317775,0.5522361
0,0,0.9931253,0.0410863,0.98625064
0,0,0.98863375,0.062189233,0.9772675
1,1,0.9890057,0.06052216,0.97801137
1,1,0.5012558,0.693144,0.0025116205
1,0,0.9247305,0.26706105,0.84946096
1,1,0.80096763,0.49905807,0.60193527
1,1,0.9236378,0.2697934,0.8472756
1,1,0.6962208,0.6140325,0.39244163
1,1,0.9898935,0.05649036,0.979787
0,0,0.86172396,0.4018216,0.7234479
0,0,0.91376096,0.29374886,0.8275219
0,0,0.9347554,0.24116075,0.86951077
0,1,0.8288792,0.45765898,0.65775836
1,1,0.9236378,0.2697934,0.8472756
1,0,0.85902655,0.40672663,0.7180531
0,0,0.9920373,0.04641454,0.9840746
0,0,0.86172396,0.4018216,0.7234479
1,0,0.934888,0.24080762,0.869776
1,1,0.94188005,0.22176287,0.8837601
1,1,0.8288792,0.45765898,0.65775836
0,0,0.98090225,0.09450669,0.9618045
0,0,0.9832636,0.085050136,0.9665272
0,0,0.9916237,0.048399456,0.9832474
0,0,0.9347552,0.24116123,0.8695104
1,1,0.92622536,0.2632951,0.8524507
0,0,0.98941165,0.05868791,0.9788233
1,1,0.8006735,0.49946734,0.60134697
0,0,0.99244756,0.044424288,0.9848951
1,1,0.9888192,0.061359704,0.97763836
0,0,0.9347555,0.24116051,0.869511
1,0,0.95691663,0.17762236,0.91383326
0,0,0.9364654,0.2365843,0.87293077
0,0,0.99190176,0.04706746,0.9838035
0,0,0.93475026,0.24117446,0.8695005
0,0,0.9937427,0.037987337,0.9874854
0,0,0.99026835,0.054764867,0.9805367
0,0,0.99170357,0.04801785,0.98340714
0,0,0.98197,0.09026989,0.96394
0,0,0.9347554,0.24116084,0.86951077
1,1,0.9907102,0.052711993,0.9814204
1,1,0.97605544,0.11301699,0.9521109
1,0,0.9304431,0.25249124,0.8608862
1,0,0.864831,0.396096,0.72966194
1,0,0.80606174,0.49188337,0.6121235
0,0,0.5964647,0.6744191,0.19292939
1,1,0.6962208,0.6140325,0.39244163
1,0,0.88175637,0.36341092,0.76351273
0,0,0.9347552,0.24116123,0.8695104
1,0,0.80655336,0.4911822,0.6131067
0,0,0.973967,0.1206696,0.94793403
0,0,0.99331665,0.040132083,0.9866333
1,1,0.89343655,0.33926952,0.7868731
1,1,0.8221103,0.4681784,0.6442206
1,1,0.9302105,0.2530942,0.86042094
0,0,0.96973866,0.13564947,0.9394773
1,1,0.9096091,0.30344135,0.81921816
0,0,0.8576182,0.4092637,0.7152364
1,1,0.9882405,0.06393874,0.97648096
0,0,0.9347555,0.24116051,0.869511
1,1,0.8941042,0.3378476,0.78820837
1,0,0.64542073,0.6502354,0.29084146
0,0,0.86172396,0.4018216,0.7234479
0,0,0.9601894,0.16734175,0.9203788
1,0,0.9270655,0.26116428,0.854131
1,1,0.9898935,0.05649036,0.979787
0,0,0.9914656,0.04915253,0.98293126
1,1,0.9244036,0.26788023,0.8488072
1,1,0.77212226,0.53669924,0.5442445
0,0,0.991858,0.04727772,0.983716
1,0,0.55954576,0.686039,0.11909151
1,1,0.98742247,0.067535415,0.97484493
0,0,0.9837242,0.08316778,0.96744835
1,1,0.98862946,0.062208477,0.9772589
1,1,0.6962208,0.6140325,0.39244163
1,0,0.85968375,0.40553713,0.7193675
0,0,0.85324687,0.41703546,0.70649374
1,1,0.7606637,0.5503137,0.5213274
1,1,0.9399886,0.22699887,0.8799772
1,0,0.6291189,0.65942293,0.2582378
1,1,0.8324928,0.4519114,0.66498566
1,0,0.85968375,0.40553713,0.7193675
1,1,0.5289611,0.6914687,0.057922244
1,1,0.9888192,0.061359704,0.97763836
1,0,0.8576182,0.4092637,0.7152364
0,0,0.7794868,0.5275568,0.55897355
0,0,0.93475544,0.24116063,0.8695109
0,0,0.93475366,0.24116538,0.8695073
1,0,0.784699,0.5208959,0.56939805
1,0,0.8329346,0.45120233,0.66586924
1,0,0.55590886,0.6868825,0.11181772
1,1,0.9236378,0.2697934,0.8472756
1,1,0.89502466,0.3358794,0.7900493
1,0,0.790456,0.51335186,0.580912
0,0,0.93475544,0.24116063,0.8695109
1,1,0.67125297,0.6332878,0.34250593
1,1,0.73013675,0.5831228,0.4602735
0,0,0.9915463,0.04876885,0.98309255
1,1,0.7656065,0.5445308,0.53121305
1,1,0.6962208,0.6140325,0.39244163
1,1,0.96285605,0.15875873,0.9257121
0,0,0.9934412,0.03950783,0.98688245
1,1,0.9729639,0.12428325,0.94592786
0,0,0.93475544,0.24116059,0.8695109
0,0,0.9879495,0.06522456,0.975899
1,1,0.9890057,0.06052216,0.97801137
0,0,0.86360365,0.39836746,0.7272073
1,1,0.8170782,0.4757952,0.63415635
1,1,0.7737823,0.5346656,0.5475646
1,0,0.8744726,0.3777951,0.74894524
0,0,0.9902509,0.054845564,0.9805018
1,1,0.9907102,0.052711993,0.9814204
1,1,0.9898935,0.05649036,0.979787
0,0,0.98577076,0.07463665,0.9715415
1,1,0.98783827,0.06571416,0.97567654
1,1,0.69621986,0.6140332,0.39243972
1,0,0.6864786,0.62188923,0.3729572
1,1,0.8002863,0.50000525,0.6005726
1,1,0.99006236,0.055714805,0.9801247
0,0,0.9736406,0.121849835,0.94728124
0,0,0.9929284,0.042062882,0.9858568
0,0,0.9347552,0.24116123,0.8695104
0,1,0.77664924,0.5311163,0.5532985
1,1,0.98972183,0.057275865,0.97944367
0,0,0.9887798,0.061536226,0.97755957
1,1,0.98862946,0.062208477,0.9772589
1,0,0.8021926,0.4973477,0.60438526
0,0,0.9925835,0.043759797,0.985167
0,0,0.86172396,0.4018216,0.7234479
1,0,0.88451385,0.35783392,0.7690277
0,0,0.97747093,0.10772498,0.95494187
1,0,0.64542073,0.6502354,0.29084146
0,0,0.5349537,0.69070166,0.06990743
1,0,0.7462506,0.56641686,0.4925013
0,0,0.9881523,0.0643291,0.97630465
1,1,0.6962208,0.6140325,0.39244163
0,0,0.9886942,0.061919324,0.9773884
0,0,0.9937424,0.037988823,0.9874848
0,0,0.9347547,0.2411625,0.86950946
0,0,0.9347555,0.24116044,0.869511
1,1,0.569969,0.6833237,0.139938
0,0,0.93475515,0.24116147,0.8695103
0,0,0.9347552,0.24116123,0.8695104
0,0,0.99208426,0.046187855,0.9841685
1,1,0.93987393,0.22731425,0.87974787
1,0,0.5511414,0.68790716,0.10228273
1,1,0.63266796,0.6575204,0.26533592
1,1,0.98783827,0.06571416,0.97567654
0,0,0.93475556,0.24116036,0.8695111
0,0,0.86172396,0.4018216,0.7234479
1,1,0.9403192,0.22608837,0.88063836
0,0,0.9898965,0.056476705,0.97979295
1,1,0.65605,0.6436208,0.31210005
0,0,0.86172396,0.4018216,0.7234479
0,0,0.99374217,0.03798998,0.98748434
1,1,0.9812134,0.09327849,0.9624268
0,0,0.8821656,0.36258784,0.7643312
1,0,0.9337135,0.24392559,0.867427
1,1,0.98862946,0.062208477,0.9772589
1,1,0.7874261,0.517347,0.5748522
0,0,0.9347549,0.24116203,0.8695098
1,0,0.63175964,0.6580125,0.2635193
1,1,0.98783827,0.06571416,0.97567654
0,0,0.93475544,0.24116059,0.8695109
1,1,0.7529962,0.55901945,0.5059924
1,1,0.9882405,0.06393874,0.97648096
1,1,0.99039173,0.054193627,0.98078346
0,0,0.93475556,0.24116036,0.8695111
0,0,0.99159575,0.048532948,0.9831915
1,0,0.9699671,0.13485634,0.93993425
1,1,0.93803966,0.23232773,0.8760793
1,0,0.5426624,0.6895026,0.085324734
1,1,0.98918927,0.059694607,0.97837853
0,0,0.9914664,0.049148846,0.9829328
1,1,0.9457982,0.21070603,0.89159644
1,1,0.7283251,0.5849176,0.45665026
1,1,0.506124,0.6930722,0.012248039
1,1,0.98862946,0.062208477,0.9772589
0,0,0.99190176,0.047067445,0.9838035
1,1,0.93081105,0.25153595,0.8616221
1,1,0.8294545,0.45675015,0.65890896
0,0,0.9408285,0.22468174,0.881657
1,0,0.6009234,0.67263544,0.20184687
0,1,0.9976636,0.016490148,0.99532723
0,0,0.9892113,0.05959492,0.97842264
1,1,0.69621986,0.6140332,0.39243972
1,0,0.5342493,0.69079936,0.06849861
1,1,0.85850465,0.4076687,0.7170093
1,1,0.93074393,0.25171036,0.86148787
1,1,0.9515877,0.19381362,0.90317535
0,0,0.98986363,0.056627236,0.97972727
0,0,0.9609083,0.16504668,0.9218166
0,0,0.9326481,0.24673459,0.86529624
0,0,0.9800299,0.09792274,0.96005976
1,1,0.93112177,0.25072756,0.86224353
1,0,0.81577194,0.47774452,0.6315439
0,0,0.99190176,0.047067445,0.9838035
1,1,0.8288792,0.45765898,0.65775836
0,0,0.86172396,0.4018216,0.7234479
1,0,0.8534113,0.41674584,0.70682263
1,0,0.85968363,0.40553743,0.71936727
1,0,0.7928757,0.5101216,0.5857514
0,0,0.9902509,0.054845586,0.9805018
0,0,0.74813163,0.5643785,0.49626327
0,0,0.9347553,0.2411609,0.86951065
0,0,0.99356353,0.03889278,0.98712707
1,1,0.89660877,0.332471,0.79321754
1,0,0.76163894,0.54918337,0.5232779
0,0,0.86172396,0.4018216,0.7234479
1,1,0.8471969,0.42754075,0.69439375
0,0,0.8477895,0.42652428,0.69557905
0,0,0.6768328,0.62923384,0.3536656
0,0,0.93475515,0.24116144,0.8695103
1,1,0.9322051,0.24789736,0.86441016
0,0,0.96621907,0.14764883,0.93243814
0,0,0.9929242,0.042083394,0.9858484
1,1,0.6962209,0.6140324,0.39244175
0,0,0.9347547,0.24116251,0.86950946
1,1,0.98742247,0.067535415,0.97484493
0,0,0.93475497,0.24116188,0.86950994
0,0,0.99097204,0.05148548,0.9819441
0,0,0.93475515,0.2411614,0.8695103
1,0,0.64542073,0.6502354,0.29084146
0,0,0.991039,0.051170856,0.98207796
1,1,0.9236378,0.2697934,0.8472756
0,0,0.934755,0.2411617,0.86951005
0,0,0.93613213,0.23748007,0.87226427
0,0,0.86172396,0.4018216,0.7234479
1,1,0.9236378,0.2697934,0.8472756
0,0,0.86172396,0.4018216,0.7234479
1,1,0.9902284,0.054949284,0.9804568
0,0,0.9878142,0.06582001,0.9756284
0,0,0.99097204,0.05148548,0.9819441
1,1,0.6962208,0.6140325,0.39244163
1,1,0.8288792,0.45765898,0.65775836
1,0,0.6906541,0.61857635,0.3813082
1,1,0.98742247,0.067535415,0.97484493
0,0,0.93475515,0.2411614,0.8695103
1,0,0.93367547,0.24402615,0.86735094
1,0,0.58606654,0.67825824,0.17213309
1,1,0.93595386,0.23795846,0.8719077
0,0,0.99291617,0.04212326,0.98583233
1,1,0.8365555,0.44533777,0.67311096
1,1,0.92496383,0.26647532,0.84992766
0,0,0.85968363,0.40553743,0.71936727
1,0,0.8224616,0.46764025,0.6449232
0,0,0.99374247,0.037988566,0.98748493
1,1,0.9882405,0.06393874,0.97648096
1,1,0.93213147,0.24809027,0.86426294
0,0,0.99331665,0.040132053,0.9866333
1,0,0.93367547,0.24402615,0.86735094
0,0,0.9858496,0.074302316,0.97169924
1,0,0.9242814,0.26818603,0.84856284
0,0,0.99008393,0.05561539,0.98016787
0,0,0.96721315,0.14429983,0.9344263
1,0,0.5496088,0.688217,0.09921762
1,1,0.98936975,0.058877952,0.9787395
1,1,0.9880409,0.06482132,0.97608185
1,1,0.8288792,0.45765898,0.65775836
0,0,0.6928055,0.6168375,0.3856111
1,1,0.8288792,0.45765898,0.65775836
1,1,0.80299234,0.49622607,0.6059847
0,0,0.9917639,0.04772906,0.9835278
1,1,0.9343248,0.24230555,0.8686496
0,0,0.9920373,0.04641454,0.9840746
0,0,0.993316,0.040135458,0.986632
1,0,0.6171307,0.66545135,0.2342614
0,0,0.93475527,0.2411611,0.86951053
0,0,0.9834177,0.08442182,0.9668354
1,1,0.925054,0.26624876,0.850108
0,0,0.99356335,0.038893472,0.9871267
0,0,0.99331653,0.040132605,0.98663306
1,1,0.8270204,0.46057943,0.6540408
1,1,0.79584664,0.50610656,0.5916933
1,1,0.98936975,0.058877952,0.9787395
0,0,0.9347509,0.24117273,0.8695018
1,1,0.6962208,0.6140325,0.39244163
1,1,0.81506974,0.47878772,0.63013947
1,1,0.99039173,0.054193627,0.98078346
0,0,0.9848943,0.07832458,0.96978855
1,1,0.9884366,0.06306811,0.97687316
0,0,0.9347553,0.24116099,0.86951065
0,0,0.8942202,0.33760008,0.78844035
0,0,0.98757213,0.066881575,0.97514427
0,0,0.93922687,0.22908957,0.87845373
1,0,0.7959788,0.5059267,0.59195757
1,0,0.861724,0.40182152,0.72344804
1,1,0.8291406,0.45724624,0.6582812
1,1,0.93970424,0.22778054,0.8794085
1,1,0.9343248,0.24230555,0.8686496
0,0,0.9347551,0.24116154,0.8695102
0,0,0.9326481,0.24673459,0.86529624
0,0,0.785411,0.51997364,0.570822
1,1,0.8288792,0.45765898,0.65775836
0,0,0.9937425,0.037988093,0.98748505
1,1,0.98742247,0.067535415,0.97484493
0,0,0.93474716,0.2411827,0.8694943
1,1,0.9238657,0.269225,0.84773135
1,0,0.9347216,0.24125078,0.8694432
1,0,0.8301045,0.45572054,0.66020894
1,0,0.88524055,0.35635185,0.7704811
1,1,0.7727198,0.535969,0.5454396
0,0,0.9930604,0.04140883,0.9861208
1,0,0.861724,0.40182152,0.72344804
1,1,0.98742247,0.067535415,0.97484493
0,0,0.93475556,0.24116036,0.8695111
0,1,0.548904,0.6883563,0.097808
1,1,0.9902284,0.054949284,0.9804568
1,1,0.99006236,0.055714805,0.9801247
1,0,0.8835192,0.35985416,0.76703835
0,0,0.86172396,0.4018216,0.7234479
1,0,0.5008283,0.6931458,0.0016566515
1,1,0.8288792,0.45765898,0.65775836
1,1,0.9195577,0.27984834,0.8391154
0,0,0.9347548,0.24116236,0.8695096
0,0,0.99299484,0.041733924,0.9859897
1,1,0.98972183,0.057275865,0.97944367
0,0,0.93475294,0.2411673,0.8695059
1,0,0.67375857,0.63148487,0.34751713
1,0,0.6171307,0.66545135,0.2342614
1,0,0.8405044,0.43883252,0.6810088
1,0,0.7074147,0.60445035,0.41482937
1,1,0.5506566,0.68800616,0.10131323
0,0,0.9920373,0.046414554,0.9840746
1,1,0.6962209,0.6140324,0.39244175
0,0,0.9937427,0.037987325,0.9874854
0,0,0.87374765,0.37919998,0.7474953
1,1,0.9412671,0.2234668,0.88253415
1,0,0.8417013,0.4368379,0.68340266
0,0,0.99362373,0.038588904,0.98724747
0,0,0.9916237,0.048399456,0.9832474
0,0,0.9347552,0.24116123,0.8695104
1,1,0.9375288,0.23371367,0.8750576
1,0,0.9198533,0.27912742,0.83970666
1,1,0.9884366,0.06306811,0.97687316
1,0,0.8352783,0.44741732,0.67055655
0,0,0.99190176,0.047067445,0.9838035
0,0,0.97239774,0.12630592,0.9447955
1,1,0.9399886,0.22699887,0.8799772
1,0,0.861724,0.40182152,0.72344804
0,0,0.93475455,0.24116299,0.8695091
1,0,0.88697636,0.35279065,0.7739527
0,0,0.99223155,0.045474987,0.9844631
1,0,0.5595013,0.6860496,0.11900255
1,0,0.53939456,0.6900401,0.078789115
0,0,0.93475515,0.2411614,0.8695103
1,1,0.98862946,0.062208477,0.9772589
1,1,0.9236378,0.2697934,0.8472756
0,0,0.86172396,0.4018216,0.7234479
0,0,0.9347548,0.24116234,0.8695096
1,0,0.80459446,0.49396682,0.6091889
0,0,0.9929286,0.04206159,0.98585725
1,1,0.9907102,0.052711993,0.9814204
1,1,0.9882405,0.06393874,0.97648096
1,0,0.5002223,0.6931471,0.00044468045
0,0,0.93475366,0.24116546,0.8695073
1,1,0.9890057,0.06052216,0.97801137
1,1,0.9880409,0.06482132,0.97608185
1,0,0.65277684,0.6457107,0.3055537
0,0,0.8576182,0.4092637,0.7152364
1,1,0.74857444,0.5638959,0.49714887
1,1,0.7244282,0.5887222,0.44885635
0,0,0.86172396,0.4018216,0.7234479
1,1,0.9888192,0.061359704,0.97763836
0,0,0.9898007,0.056915466,0.9796014
1,1,0.92265993,0.27222434,0.84531987
1,0,0.6927917,0.6168487,0.3855834
0,0,0.86172396,0.4018216,0.7234479
0,0,0.9761865,0.11253069,0.952373
1,1,0.9329059,0.24605656,0.8658118
0,0,0.9788866,0.1023412,0.9577732
1,1,0.8434167,0.43396056,0.6868334
0,0,0.9347546,0.2411628,0.8695092
1,1,0.7522275,0.5598748,0.504455
1,0,0.82436335,0.4647122,0.6487267
1,0,0.67701805,0.62909675,0.35403612
1,0,0.9302182,0.2530741,0.86043644
0,0,0.93475544,0.24116066,0.8695109
0,0,0.99162525,0.04839203,0.9832505
1,0,0.6247199,0.6617061,0.24943984
0,0,0.7822986,0.52398324,0.56459725
1,1,0.74761987,0.5649349,0.49523973
1,1,0.92851764,0.25745657,0.8570353
1,1,0.50256556,0.69313407,0.0051311255
0,0,0.9931132,0.041146476,0.98622644
0,0,0.99017644,0.055189256,0.9803529
0,0,0.6797752,0.62703884,0.35955036
0,0,0.8755761,0.37564763,0.75115216
0,0,0.9347553,0.2411609,0.86951065
1,1,0.99039173,0.054193627,0.98078346
1,1,0.98972183,0.057275865,0.97944367
0,0,0.95871717,0.17199987,0.91743433
0,0,0.990887,0.05188486,0.981774
1,1,0.9399886,0.22699887,0.8799772
1,0,0.6419052,0.6523141,0.28381035
0,0,0.93475544,0.24116059,0.8695109
0,0,0.8329906,0.45111242,0.6659812
0,0,0.9929947,0.041734476,0.98598945
1,1,0.99006236,0.055714805,0.9801247
0,1,0.72001684,0.5929374,0.44003367
0,1,0.9121099,0.29762888,0.8242198
0,0,0.9347549,0.24116203,0.8695098
0,0,0.9918134,0.047491666,0.98362684
0,0,0.99190176,0.04706746,0.9838035
1,1,0.93327284,0.24508965,0.8665457
0,0,0.99368346,0.038287282,0.9873669
0,0,0.9829486,0.086330324,0.9658972
1,1,0.9236378,0.2697934,0.8472756
1,0,0.9223671,0.27294973,0.8447342
1,0,0.55097115,0.687942,0.1019423
0,0,0.9915463,0.0487687,0.98309255
0,0,0.9347555,0.24116051,0.869511
0,0,0.9347553,0.24116096,0.86951065
0,0,0.9699637,0.13486823,0.93992746
0,0,0.9347555,0.24116051,0.869511
1,1,0.92265993,0.27222434,0.84531987
1,1,0.81253445,0.48252705,0.6250689
0,0,0.9347536,0.24116555,0.8695072
1,0,0.93485314,0.24090052,0.8697063
1,0,0.9229689,0.27145764,0.84593785
1,1,0.98918927,0.059694607,0.97837853
1,0,0.64542073,0.6502354,0.29084146
0,0,0.98970497,0.05735299,0.97940993
0,0,0.97809607,0.10535917,0.95619214
1,1,0.93724555,0.23448017,0.8744911
0,0,0.96149117,0.16317578,0.92298234
0,0,0.9880911,0.06459969,0.9761822
1,1,0.9369233,0.23535049,0.87384665
1,1,0.98862946,0.062208477,0.9772589
0,0,0.78527784,0.5201463,0.5705557
1,1,0.9888192,0.061359704,0.97763836
1,1,0.8288792,0.45765898,0.65775836
0,0,0.934755,0.2411617,0.86951005
1,1,0.9086888,0.30556107,0.81737757
1,1,0.8288792,0.45765898,0.65775836
1,1,0.98742247,0.067535415,0.97484493
0,0,0.974974,0.117002174,0.94994795
0,0,0.9913286,0.049803056,0.9826572
0,0,0.9347529,0.24116746,0.86950576
0,0,0.9936835,0.038286887,0.98736703
0,0,0.9347551,0.2411616,0.8695102
0,0,0.5057103,0.693082,0.011420608
1,1,0.99006236,0.055714805,0.9801247
0,0,0.8596837,0.40553725,0.7193674
1,0,0.9270655,0.26116428,0.854131
0,1,0.8288792,0.45765898,0.65775836
1,1,0.6962209,0.6140324,0.39244175
1,1,0.9907102,0.052711993,0.9814204
0,0,0.9413338,0.2232817,0.88266754
1,1,0.92143685,0.275246,0.8428737
1,0,0.85552746,0.41300008,0.7110549
0,0,0.9823004,0.08894607,0.9646008
1,0,0.8596837,0.40553725,0.7193674
0,0,0.9923043,0.045121633,0.98460865
0,0,0.93475306,0.24116702,0.8695061
1,1,0.99039173,0.054193627,0.98078346
1,0,0.93475574,0.24115983,0.8695115
1,1,0.504032,0.69311464,0.008064032
1,1,0.759765,0.55135065,0.51953006
0,0,0.9919341,0.046911716,0.98386824
1,1,0.7268134,0.58640265,0.45362675
1,1,0.99165314,0.048258893,0.9833063
0,1,0.89104146,0.34433237,0.7820829
1,0,0.7890471,0.5152164,0.57809424
1,1,0.98763204,0.06661925,0.9752641
1,0,0.60905695,0.669168,0.21811393
1,0,0.64542073,0.6502354,0.29084146
0,0,0.93475527,0.24116114,0.86951053
0,0,0.9347552,0.24116129,0.8695104
1,1,0.5799213,0.6803174,0.15984261
0,0,0.86172396,0.4018216,0.7234479
0,0,0.98351955,0.08400564,0.9670391
1,0,0.9287826,0.25677666,0.85756516
1,0,0.84959984,0.4234026,0.6991997
1,1,0.937371,0.23414081,0.87474203
1,0,0.7053993,0.6062199,0.41079858
0,0,0.9458859,0.21045525,0.8917718
1,1,0.99006236,0.055714805,0.9801247
0,0,0.9436591,0.21677825,0.88731825
1,1,0.8288792,0.45765898,0.65775836
0,0,0.9803971,0.09648965,0.9607942
1,1,0.5626862,0.6852673,0.12537241
1,0,0.57259643,0.6825694,0.14519286
1,0,0.9146228,0.29170984,0.82924557
1,1,0.666046,0.63694346,0.33209205
1,1,0.9907102,0.052711993,0.9814204
1,1,0.93724555,0.23448017,0.8744911
0,0,0.9347555,0.2411605,0.869511
0,0,0.86172396,0.4018216,0.7234479
1,1,0.93002224,0.2535814,0.8600445
1,1,0.99006236,0.055714805,0.9801247
0,0,0.9718848,0.12812816,0.9437696
1,0,0.861724,0.40182152,0.72344804
0,0,0.99337924,0.039818887,0.9867585
1,1,0.9872093,0.06846359,0.97441864
0,0,0.93475544,0.24116065,0.8695109
0,0,0.8922105,0.34186864,0.78442097
0,0,0.93475544,0.24116066,0.8695109
1,1,0.9383627,0.23144898,0.87672544
1,1,0.81131536,0.48431003,0.6226307
1,0,0.92357695,0.2699451,0.8471539
1,1,0.9890057,0.06052216,0.97801137
0,0,0.9347551,0.2411616,0.8695102
1,0,0.81397533,0.4804071,0.62795067
1,1,0.8479453,0.42625672,0.69589055
1,0,0.80698913,0.49055943,0.61397827
1,1,0.9907102,0.052711993,0.9814204
0,0,0.8954401,0.33498812,0.7908802
1,1,0.6962209,0.6140324,0.39244175
0,0,0.9922314,0.045475535,0.98446286
1,1,0.9880409,0.06482132,0.97608185
1,1,0.98862946,0.062208477,0.9772589
1,1,0.9630409,0.1581566,0.9260818
0,0,0.9173499,0.2851947,0.83469975
0,0,0.99368346,0.038287163,0.9873669
0,0,0.9347555,0.2411605,0.869511
1,0,0.5664573,0.6842879,0.13291454
0,0,0.98931193,0.059139945,0.97862387
1,1,0.9898935,0.05649036,0.979787
1,1,0.6962208,0.6140325,0.39244163
0,0,0.93475515,0.24116144,0.8695103
1,1,0.5204506,0.69231045,0.040901184
0,0,0.99146634,0.049149178,0.9829327
0,0,0.987976,0.065107614,0.975952
0,1,0.5091228,0.6929807,0.018245578
1,0,0.9019538,0.32076868,0.80390763
1,1,0.98954725,0.05807176,0.9790945
1,0,0.81322855,0.48150754,0.6264571
1,0,0.8344607,0.44874224,0.66892135
1,1,0.9263267,0.26303864,0.8526534
0,1,0.58346987,0.67914724,0.16693974
0,0,0.9639866,0.15506071,0.92797315
0,1,0.55758524,0.6865003,0.11517048
1,1,0.93838024,0.2314013,0.8767605
1,0,0.6748697,0.63067627,0.34973943
1,1,0.8288792,0.45765898,0.65775836
1,1,0.75434375,0.5575125,0.5086875
1,1,0.9353614,0.23954451,0.8707228
1,0,0.80849177,0.48840255,0.61698353
1,1,0.6892553,0.6196952,0.3785106
0,0,0.9786898,0.10309535,0.9573796
0,0,0.9933166,0.04013233,0.9866332
1,1,0.92143685,0.275246,0.8428737
0,0,0.9929947,0.041734412,0.98598945
1,1,0.98763204,0.06661925,0.9752641
0,0,0.9823011,0.08894311,0.96460223
1,1,0.90794396,0.30726913,0.8158879
0,0,0.93475527,0.24116114,0.86951053
0,0,0.99374235,0.037988957,0.9874847
1,1,0.98763204,0.06661925,0.9752641
0,0,0.9914812,0.049078684,0.98296237
1,1,0.98763204,0.06661925,0.9752641
1,1,0.98862946,0.062208477,0.9772589
1,1,0.9884366,0.06306811,0.97687316
0,0,0.93475556,0.24116036,0.8695111
0,0,0.86172396,0.4018216,0.7234479
0,0,0.93474525,0.24118775,0.8694905
1,1,0.8742574,0.37821272,0.7485148
0,0,0.98531127,0.07657662,0.97062254
1,0,0.86928046,0.38775223,0.7385609
1,1,0.9390214,0.2296517,0.8780428
0,0,0.98848045,0.06287291,0.9769609
1,1,0.9898935,0.05649036,0.979787
1,1,0.9905523,0.053447925,0.9811046
1,1,0.9462634,0.20937389,0.89252675
0,0,0.98002994,0.09792265,0.9600599
1,0,0.8590091,0.40675825,0.7180182
1,1,0.9418162,0.22194062,0.8836324
1,1,0.70718044,0.604657,0.41436088
1,1,0.8288792,0.45765898,0.65775836
0,0,0.9496356,0.19958667,0.89927125
0,0,0.991519,0.048898786,0.98303795
1,1,0.6962208,0.6140325,0.39244163
0,0,0.9920373,0.04641454,0.9840746
0,0,0.9911888,0.050464336,0.98237765
0,0,0.91734844,0.28519812,0.8346969
1,1,0.9236378,0.2697934,0.8472756
1,1,0.92851764,0.25745657,0.8570353
0,0,0.9347555,0.24116047,0.869511
1,1,0.8278894,0.45921713,0.65577877
1,1,0.9268023,0.261833,0.85360456
0,0,0.86172396,0.4018216,0.7234479
1,1,0.6964978,0.61380255,0.3929956
0,0,0.99035925,0.054344214,0.9807185
0,0,0.98558295,0.075431414,0.9711659
1,0,0.75157785,0.56059504,0.5031557
0,0,0.9347555,0.24116047,0.869511
0,0,0.99190176,0.047067445,0.9838035
1,0,0.8604368,0.40416977,0.7208736
1,0,0.8320827,0.4525684,0.6641654
1,1,0.8288792,0.45765898,0.65775836
1,0,0.88697636,0.35279065,0.7739527
1,1,0.81674,0.47630098,0.63347995
0,0,0.8095479,0.48687783,0.6190958
1,0,0.83583105,0.44651872,0.6716621
1,0,0.8576182,0.4092637,0.7152364
1,1,0.9905523,0.053447925,0.9811046
0,0,0.58207417,0.6796137,0.1641483
1,0,0.85968375,0.40553713,0.7193675
1,1,0.9907102,0.052711993,0.9814204
0,0,0.97829133,0.10461643,0.95658267
1,1,0.9907102,0.052711993,0.9814204
0,0,0.8050715,0.49329096,0.61014295
0,0,0.97028977,0.13373351,0.94057953
1,1,0.9431207,0.21829298,0.88624144
1,1,0.9236378,0.2697934,0.8472756
1,1,0.9880409,0.06482132,0.97608185
1,0,0.60560024,0.6706755,0.2112005
1,1,0.9363826,0.23680705,0.8727652
1,1,0.9884366,0.06306811,0.97687316
1,0,0.8188651,0.47311,0.63773024
1,1,0.9572461,0.17659946,0.91449225
0,0,0.9347555,0.24116051,0.869511
0,0,0.59210753,0.6760823,0.1842151
1,0,0.80698913,0.49055943,0.61397827
1,0,0.85968375,0.40553713,0.7193675
1,1,0.69621986,0.6140332,0.39243972
1,1,0.8333164,0.4505885,0.6666328
0,0,0.9347554,0.24116075,0.86951077
1,0,0.85968375,0.40553713,0.7193675
0,0,0.9911888,0.050464354,0.98237765
1,0,0.9714192,0.12977365,0.94283843
0,0,0.9761865,0.11253059,0.952373
1,0,0.57064164,0.6831332,0.14128327
1,1,0.99006236,0.055714805,0.9801247
1,1,0.9238657,0.269225,0.84773135
0,0,0.95610285,0.18013754,0.9122057
0,0,0.9919645,0.046765275,0.98392904
0,0,0.93475527,0.24116111,0.86951053
0,0,0.96562976,0.14961982,0.9312595
1,1,0.98229456,0.08896944,0.9645891
1,0,0.6073149,0.66993403,0.21462977
0,0,0.6136792,0.66707385,0.22735831
1,1,0.847859,0.4264049,0.69571805
1,0,0.78197634,0.52439517,0.5639527
0,0,0.9868686,0.06993976,0.97373724
0,0,0.82980597,0.45619375,0.65961194
0,0,0.9660247,0.14830002,0.9320494
0,1,0.56193286,0.68545604,0.12386572
0,0,0.9873506,0.06784886,0.97470117
1,1,0.93704313,0.2350271,0.87408626
1,1,0.98763204,0.06661925,0.9752641
1,0,0.9371703,0.23468348,0.87434065
0,0,0.9347552,0.24116132,0.8695104
0,0,0.8858965,0.3550096,0.771793
1,0,0.95368475,0.18751934,0.9073695
1,1,0.9907102,0.052711993,0.9814204
1,0,0.5078937,0.69302255,0.015787333
1,1,0.8288792,0.45765898,0.65775836
1,0,0.861724,0.40182152,0.72344804
0,0,0.927975,0.2588458,0.85595
1,0,0.6296918,0.6591195,0.25938356
0,0,0.7463462,0.5663138,0.49269235
0,0,0.93475467,0.24116269,0.86950934
1,1,0.8115906,0.48390833,0.6231812
1,0,0.7286767,0.5845706,0.45735335
1,1,0.939357,0.22873315,0.87871397
0,0,0.98781514,0.065815836,0.9756303
0,0,0.99879444,0.009307225,0.9975889
1,0,0.89522964,0.33543983,0.7904593
1,1,0.6962208,0.6140325,0.39244163
0,0,0.9492734,0.2006491,0.8985468
0,0,0.9935635,0.03889295,0.98712695
0,0,0.9936835,0.03828692,0.98736703
1,0,0.85761833,0.40926343,0.71523666
1,1,0.93803966,0.23232773,0.8760793
1,1,0.98783827,0.06571416,0.97567654
1,1,0.98742247,0.067535415,0.97484493
0,0,0.9347555,0.24116044,0.869511
0,0,0.9100015,0.30253434,0.82000303
0,0,0.980758,0.09507429,0.961516
0,1,0.91347647,0.29441988,0.82695293
1,0,0.7773771,0.53020763,0.55475426
1,1,0.9905523,0.053447925,0.9811046
1,0,0.9371935,0.23462081,0.874387
1,0,0.6689395,0.63492715,0.33787897
0,0,0.93475115,0.24117205,0.8695023
1,1,0.9907102,0.052711993,0.9814204
1,0,0.7358308,0.5773728,0.47166157
0,0,0.9920373,0.04641454,0.9840746
1,0,0.77814054,0.52925134,0.5562811
1,1,0.50381625,0.69311804,0.007632494
1,1,0.71944255,0.59347904,0.4388851
1,0,0.8744726,0.3777951,0.74894524
1,1,0.7842686,0.52145195,0.56853724
1,0,0.9276257,0.25973764,0.85525143
1,0,0.6618997,0.6397674,0.32379934
1,1,0.97907263,0.10162665,0.95814526
1,1,0.9872093,0.06846359,0.97441864
1,1,0.58759445,0.6777221,0.1751889
0,0,0.9347554,0.24116081,0.86951077
1,1,0.7980152,0.5031417,0.59603035
1,1,0.80365956,0.49528715,0.6073191
1,1,0.69621986,0.6140332,0.39243972
1,1,0.98783827,0.06571416,0.97567654
1,0,0.9704589,0.1331432,0.94091785
1,1,0.8288792,0.45765898,0.65775836
1,1,0.98742247,0.067535415,0.97484493
1,1,0.9420678,0.22123957,0.8841356
1,1,0.99006236,0.055714805,0.9801247
1,1,0.9902284,0.054949284,0.9804568
0,0,0.99035895,0.054345477,0.9807179
1,1,0.98918927,0.059694607,0.97837853
0,0,0.98057777,0.09578194,0.96115553
1,1,0.9898935,0.05649036,0.979787
1,1,0.9432485,0.21793395,0.886497
0,0,0.9920373,0.046414554,0.9840746
1,1,0.92143685,0.275246,0.8428737
1,1,0.9882405,0.06393874,0.97648096
1,0,0.9198533,0.27912742,0.83970666
0,0,0.9900842,0.05561448,0.98016834
0,1,0.9236378,0.2697934,0.8472756
1,1,0.6348475,0.6563252,0.26969504
0,0,0.9916237,0.048399456,0.9832474
1,0,0.88697183,0.3528,0.77394366
1,1,0.9457982,0.21070603,0.89159644
1,0,0.69985354,0.6109884,0.39970708
1,0,0.83481276,0.44817227,0.6696255
1,1,0.98936975,0.058877952,0.9787395
1,1,0.8679732,0.39022148,0.7359464
0,0,0.9890073,0.06051492,0.9780146
1,1,0.65774953,0.6425169,0.31549907
1,1,0.99070567,0.052733146,0.98141134
0,0,0.9880545,0.06476134,0.976109
1,1,0.8288792,0.45765898,0.65775836
1,1,0.99006236,0.055714805,0.9801247
1,0,0.7150482,0.59756947,0.43009642
0,0,0.9920373,0.04641454,0.9840746
0,0,0.99363595,0.038527414,0.9872719
1,1,0.98972183,0.057275865,0.97944367
1,1,0.98862946,0.062208477,0.9772589
1,1,0.89634454,0.33304137,0.7926891
0,0,0.93251646,0.24708042,0.8650329
0,0,0.9838647,0.082590595,0.96772945
1,1,0.8288792,0.45765898,0.65775836
1,0,0.861724,0.40182152,0.72344804
1,1,0.9343248,0.24230555,0.8686496
1,1,0.9236378,0.2697934,0.8472756
0,0,0.98779374,0.065909885,0.9755875
1,1,0.99039173,0.054193627,0.98078346
0,0,0.98939276,0.058773607,0.9787855
1,1,0.6962208,0.6140325,0.39244163
1,1,0.92851764,0.25745657,0.8570353
1,1,0.6962209,0.6140324,0.39244175
1,1,0.6962209,0.6140324,0.39244175
0,0,0.987585,0.0668251,0.97517
1,1,0.69621986,0.6140332,0.39243972
1,1,0.5193682,0.69239676,0.038736343
0,0,0.9869905,0.06941267,0.973981
0,0,0.9920841,0.04618872,0.9841682
1,1,0.6281356,0.6599405,0.25627124
0,0,0.86172396,0.4018216,0.7234479
1,1,0.9907102,0.052711993,0.9814204
0,1,0.6280171,0.6600026,0.25603426
1,1,0.9884366,0.06306811,0.97687316
0,0,0.9347533,0.24116635,0.8695066
1,1,0.9882405,0.06393874,0.97648096
0,0,0.9347554,0.24116081,0.86951077
0,0,0.65317076,0.6454617,0.30634153
0,0,0.9706239,0.13256665,0.9412478
0,0,0.99251825,0.04407913,0.9850365
1,0,0.92878515,0.25677013,0.8575703
0,0,0.86172396,0.4018216,0.7234479
1,1,0.6962208,0.6140325,0.39244163
0,0,0.9347527,0.24116796,0.8695054
1,1,0.8288792,0.45765898,0.65775836
1,1,0.9888192,0.061359704,0.97763836
1,1,0.98936975,0.058877952,0.9787395
0,0,0.9666688,0.1461376,0.93333757
1,1,0.8288792,0.45765898,0.65775836
0,0,0.9347553,0.24116096,0.86951065
0,0,0.99097204,0.051485516,0.9819441
0,0,0.9347544,0.24116348,0.86950874
1,0,0.7609867,0.54993993,0.5219734
0,0,0.86172396,0.4018216,0.7234479
1,1,0.99006236,0.055714805,0.9801247
0,0,0.94732034,0.20633096,0.8946407
0,1,0.71739733,0.5953947,0.43479466
0,0,0.9835886,0.083723396,0.96717715
1,0,0.64542073,0.6502354,0.29084146
0,0,0.95355964,0.18789764,0.9071193
0,1,0.65551066,0.64396846,0.31102133
1,0,0.937518,0.23374295,0.875036
1,1,0.9880409,0.06482132,0.97608185
1,1,0.93838024,0.2314013,0.8767605
1,0,0.61447966,0.66670203,0.22895932
0,0,0.93475556,0.24116036,0.8695111
0,0,0.9878151,0.06581611,0.97563016
1,0,0.8322226,0.45234445,0.66444516
0,0,0.991386,0.049530894,0.982772
1,1,0.9888192,0.061359704,0.97763836
0,0,0.9567995,0.17798536,0.913599
1,1,0.78660005,0.51842666,0.5732001
1,0,0.77987766,0.5270628,0.5597553
0,0,0.9347555,0.24116047,0.869511
0,0,0.93475455,0.24116305,0.8695091
0,0,0.9936835,0.038286887,0.98736703
1,1,0.98862946,0.062208477,0.9772589
1,1,0.5445512,0.68917227,0.08910239
1,0,0.9348612,0.24087909,0.86972237
0,0,0.9913047,0.04991641,0.9826094
0,0,0.9920373,0.046414554,0.9840746
0,0,0.9347553,0.24116096,0.86951065
1,1,0.9880409,0.06482132,0.97608185
1,1,0.93838024,0.2314013,0.8767605
0,0,0.99190176,0.04706746,0.9838035
1,0,0.8125596,0.48249015,0.6251192
1,1,0.8415222,0.43713707,0.68304443
1,1,0.9236378,0.2697934,0.8472756
1,1,0.9882405,0.06393874,0.97648096
1,0,0.5172333,0.69255304,0.034466624
1,0,0.8394401,0.44059712,0.6788802
0,0,0.9347553,0.24116093,0.86951065
0,0,0.86172396,0.4018216,0.7234479
1,1,0.98278207,0.08700472,0.96556413
1,1,0.6962209,0.6140324,0.39244175
1,1,0.9892067,0.059615985,0.97841334
1,0,0.8318705,0.45290786,0.663741
1,1,0.82177943,0.4686845,0.64355886
1,1,0.9890057,0.06052216,0.97801137
1,0,0.93717116,0.23468125,0.8743423
1,1,0.98918927,0.059694607,0.97837853
1,1,0.7981823,0.502912,0.5963646
1,0,0.542627,0.6895087,0.085253924
0,0,0.8696556,0.38704082,0.7393112
1,1,0.8966337,0.3324172,0.79326737
1,1,0.69621986,0.6140332,0.39243972
0,0,0.9900842,0.055614494,0.98016834
0,0,0.98571676,0.074865416,0.9714335
1,0,0.67390484,0.63137877,0.34780967
1,0,0.8581929,0.4082303,0.71638584
1,1,0.98918927,0.059694607,0.97837853
1,1,0.7664001,0.5435897,0.5328002
0,0,0.9929286,0.04206159,0.98585725
0,0,0.99344116,0.039508138,0.9868823
1,1,0.98918927,0.059694607,0.97837853
1,0,0.548324,0.68846947,0.09664798
1,1,0.80096763,0.49905807,0.60193527
1,0,0.7933888,0.509432,0.58677757
1,1,0.8288792,0.45765898,0.65775836
0,0,0.9874513,0.06740947,0.97490263
1,0,0.67059875,0.6337538,0.34119746
1,1,0.98972183,0.057275865,0.97944367
1,1,0.9483566,0.20332593,0.89671326
1,1,0.9907102,0.052711993,0.9814204
0,0,0.93475544,0.24116065,0.8695109
1,1,0.94094145,0.2243692,0.8818829
1,1,0.99006236,0.055714805,0.9801247
1,0,0.65164053,0.6464251,0.3032811
1,1,0.75485873,0.55693406,0.50971746
1,1,0.93838024,0.2314013,0.8767605
0,0,0.9347539,0.24116474,0.8695078
1,1,0.9907102,0.052711993,0.9814204
1,0,0.55819035,0.6863595,0.11638069
1,0,0.5214814,0.692224,0.04296276
1,1,0.82651484,0.46136957,0.6530297
0,0,0.73729205,0.57587034,0.47458413
0,0,0.7268162,0.5863999,0.45363232
0,0,0.9816973,0.09135787,0.96339464
1,1,0.9872093,0.06846359,0.97441864
1,0,0.89521265,0.3354763,0.7904253
1,0,0.6895267,0.6194788,0.37905335
0,0,0.9347537,0.24116525,0.86950743
1,1,0.9872093,0.06846359,0.97441864
1,0,0.93367547,0.24402615,0.86735094
0,0,0.8596837,0.40553725,0.7193674
1,1,0.9719857,0.12777044,0.9439714
1,1,0.98763204,0.06661925,0.9752641
1,1,0.5233995,0.69205165,0.046798944
0,0,0.99286264,0.042387508,0.9857253
0,0,0.93475366,0.24116535,0.8695073
0,0,0.86172396,0.4018216,0.7234479
1,0,0.8481115,0.4259709,0.696223
1,0,0.9704589,0.1331432,0.94091785
1,1,0.9312034,0.25051486,0.86240685
1,0,0.85968375,0.40553713,0.7193675
1,0,0.85761833,0.40926343,0.71523666
0,0,0.93475324,0.24116647,0.8695065
1,1,0.8798873,0.36714953,0.75977457
1,0,0.920526,0.27748278,0.84105206
0,0,0.99344105,0.03950874,0.9868821
1,0,0.58128434,0.67987406,0.16256869
1,0,0.751916,0.5602204,0.503832
1,0,0.88351446,0.3598637,0.7670289
0,0,0.9347552,0.24116123,0.8695104
1,0,0.91271496,0.296211,0.8254299
1,1,0.7982408,0.5028316,0.59648156
1,1,0.9907102,0.052711993,0.9814204
1,1,0.9902284,0.054949284,0.9804568
0,0,0.86172396,0.4018216,0.7234479
0,0,0.86172396,0.4018216,0.7234479
0,0,0.8933159,0.33952597,0.7866318
1,1,0.7954787,0.5066067,0.5909574
1,0,0.8270202,0.4605797,0.65404046
0,0,0.9552079,0.18288557,0.91041577
1,1,0.98783827,0.06571416,0.97567654
0,0,0.8548502,0.41420287,0.70970035
1,1,0.87742245,0.3720293,0.7548449
1,1,0.6360504,0.6556568,0.2721008
1,0,0.95094144,0.19573386,0.9018829
0,0,0.93475544,0.24116065,0.8695109
0,0,0.9920373,0.04641454,0.9840746
1,0,0.68297285,0.6246083,0.3659457
0,0,0.74655974,0.5660832,0.49311948
0,0,0.9934412,0.03950783,0.98688245
1,1,0.8288792,0.45765898,0.65775836
1,1,0.9241068,0.2686228,0.84821355
0,0,0.540324,0.6898916,0.080647916
0,1,0.9121099,0.29762888,0.8242198
1,0,0.5173943,0.69254196,0.03478864
1,0,0.85968375,0.40553713,0.7193675
0,0,0.9909243,0.051709663,0.9818486
1,1,0.98954725,0.05807176,0.9790945
1,0,0.8725926,0.38142833,0.74518526
1,1,0.9163655,0.28755754,0.832731
1,0,0.91986436,0.27910054,0.8397287
1,1,0.9907102,0.052711993,0.9814204
0,0,0.93475515,0.2411614,0.8695103
0,0,0.9556006,0.181682,0.91120124
0,0,0.989031,0.060408156,0.97806203
0,0,0.93475133,0.24117154,0.86950266
1,0,0.7006593,0.6103047,0.40131852
1,1,0.9339633,0.24326432,0.8679266
0,0,0.9919648,0.046763834,0.98392963
1,0,0.9351436,0.24012607,0.8702872
0,0,0.9814924,0.09217264,0.9629848
0,1,0.6269678,0.66054976,0.25393558
1,1,0.98862946,0.062208477,0.9772589
0,0,0.98922074,0.05955252,0.9784415
0,0,0.934755,0.2411617,0.86951005
0,0,0.9877329,0.066177145,0.9754658
1,0,0.89521265,0.3354763,0.7904253
0,0,0.9512173,0.19491532,0.9024346
0,0,0.99325347,0.040447704,0.98650694
0,0,0.9877006,0.06631876,0.97540116
1,1,0.9236378,0.2697934,0.8472756
1,1,0.8288792,0.45765898,0.65775836
0,0,0.86172396,0.4018216,0.7234479
1,1,0.94188005,0.22176287,0.8837601
1,1,0.6962208,0.6140325,0.39244163
1,1,0.9907102,0.052711993,0.9814204
0,0,0.93475556,0.2411603,0.8695111
0,0,0.9933792,0.03981916,0.98675835
1,0,0.8852637,0.3563046,0.77052736
1,1,0.9403192,0.22608837,0.88063836
0,0,0.99346554,0.03938584,0.9869311
0,0,0.9827895,0.08697458,0.96557903
1,1,0.84341645,0.43396094,0.6868329
0,0,0.99325347,0.040447753,0.98650694
0,0,0.99190176,0.047067445,0.9838035
0,0,0.98815197,0.06433057,0.97630394
0,0,0.9347542,0.24116394,0.8695084
0,0,0.9919341,0.046911746,0.98386824
0,0,0.9347555,0.24116051,0.869511
1,1,0.93112177,0.25072756,0.86224353
0,0,0.9731493,0.123618364,0.9462986
0,0,0.9862404,0.072638534,0.9724808
0,0,0.98341835,0.084419206,0.9668367
1,0,0.6551113,0.644225,0.3102226
0,0,0.85552746,0.41300008,0.7110549
0,0,0.93475556,0.24116036,0.8695111
0,0,0.9818009,0.09094498,0.9636018
1,1,0.99006236,0.055714805,0.9801247
1,1,0.9890057,0.06052216,0.97801137
0,0,0.9936832,0.038288336,0.98736644
1,1,0.98742247,0.067535415,0.97484493
0,0,0.947508,0.20578852,0.89501595
1,0,0.6148844,0.666513,0.22976878
1,0,0.60995454,0.6687684,0.21990907
0,0,0.9914665,0.049148396,0.98293304
0,1,0.59357834,0.6755297,0.18715668
1,1,0.98763204,0.06661925,0.9752641
1,1,0.5964078,0.67444134,0.19281554
0,0,0.9937424,0.03798864,0.9874848
0,0,0.9347554,0.24116081,0.86951077
1,0,0.934825,0.24097547,0.86965
1,1,0.9483566,0.20332593,0.89671326
0,1,0.5163316,0.6926136,0.032663226
1,0,0.8852591,0.35631394,0.7705182
0,0,0.9741225,0.1201059,0.94824505
0,0,0.8596837,0.40553725,0.7193674
1,0,0.86988324,0.38660857,0.7397665
0,0,0.93475556,0.24116036,0.8695111
1,0,0.93490565,0.24076064,0.8698113
1,1,0.8288792,0.45765898,0.65775836
0,0,0.9641549,0.15450701,0.9283098
1,0,0.9153851,0.2898983,0.83077025
1,1,0.99006236,0.055714805,0.9801247
0,0,0.9449065,0.21324815,0.88981295
1,1,0.9872093,0.06846359,0.97441864
0,0,0.93475515,0.24116144,0.8695103
0,0,0.93475544,0.24116065,0.8695109
1,1,0.8291342,0.45725638,0.65826845
1,1,0.6962208,0.6140325,0.39244163
0,0,0.99170345,0.048018355,0.9834069
1,1,0.7040006,0.6074364,0.40800118
0,0,0.9522851,0.19173113,0.9045702
1,1,0.72072214,0.59227,0.44144428
0,0,0.99374264,0.03798743,0.9874853
0,0,0.9927944,0.042724125,0.9855888
0,0,0.93475544,0.24116063,0.8695109
0,0,0.9247691,0.26696417,0.8495382
1,0,0.5720873,0.68271774,0.14417455
0,0,0.8596837,0.40553725,0.7193674
1,1,0.85722345,0.40997186,0.7144469
1,1,0.8742574,0.37821272,0.7485148
0,0,0.93475544,0.24116063,0.8695109
0,0,0.93475527,0.24116111,0.86951053
1,1,0.9898935,0.05649036,0.979787
0,0,0.94934654,0.20043483,0.8986931
0,0,0.94441205,0.21465088,0.8888241
1,0,0.5595008,0.6860497,0.11900166
0,0,0.9347527,0.24116799,0.8695054
1,1,0.9392906,0.22891507,0.87858117
0,0,0.9571917,0.17676863,0.9143834
1,0,0.698763,0.61190873,0.39752603
1,1,0.89634347,0.3330437,0.79268694
1,0,0.92910546,0.25594676,0.8582109
0,0,0.9347539,0.24116477,0.8695078
1,1,0.61616504,0.66591036,0.23233008
1,1,0.9882405,0.06393874,0.97648096
1,1,0.9880409,0.06482132,0.97608185
1,1,0.832806,0.45140892,0.665612
0,0,0.98577017,0.07463928,0.97154033
0,0,0.9907291,0.052623764,0.9814582
0,0,0.6551682,0.6441885,0.31033638
0,1,0.68101376,0.6261029,0.36202753
0,0,0.9920373,0.046414554,0.9840746
1,1,0.9374944,0.23380682,0.8749888
0,0,0.80951315,0.4869281,0.6190263
1,0,0.9371845,0.23464516,0.874369
1,1,0.9890057,0.06052216,0.97801137
1,1,0.9882405,0.06393874,0.97648096
1,0,0.8737875,0.37912285,0.74757504
0,0,0.9917639,0.04772906,0.9835278
1,1,0.9907102,0.052711993,0.9814204
1,0,0.861724,0.40182152,0.72344804
0,0,0.9347554,0.24116075,0.86951077
0,0,0.9920373,0.04641454,0.9840746
0,0,0.98746824,0.067335635,0.9749365
1,1,0.58346456,0.6791491,0.16692913
1,0,0.9146893,0.29155207,0.8293786
1,1,0.9888192,0.061359704,0.97763836
0,0,0.58617866,0.6782192,0.17235735
1,1,0.9907102,0.052711993,0.9814204
0,0,0.9347554,0.24116084,0.86951077
0,0,0.9933165,0.040133096,0.98663294
0,0,0.9034967,0.3173313,0.80699337
1,1,0.99039173,0.054193627,0.98078346
1,0,0.9348568,0.24089085,0.86971354
0,0,0.988117,0.06448543,0.97623396
1,1,0.76066333,0.5503141,0.52132666
1,0,0.8681113,0.38996133,0.7362226
1,1,0.72342134,0.5896929,0.44684267
1,1,0.75614774,0.5554798,0.5122955
1,1,0.93704313,0.2350271,0.87408626
0,0,0.9347552,0.24116123,0.8695104
0,0,0.9916237,0.048399456,0.9832474
1,0,0.8358509,0.44648644,0.6717018
1,0,0.9351527,0.24010178,0.8703054
1,1,0.5770843,0.68121564,0.1541686
0,0,0.86172396,0.4018216,0.7234479
1,1,0.9417688,0.22207254,0.88353765
0,0,0.99283665,0.042515904,0.9856733
0,0,0.86172396,0.4018216,0.7234479
0,0,0.99190176,0.047067445,0.9838035
1,1,0.9907102,0.052711993,0.9814204
0,0,0.9871607,0.06867488,0.97432137
1,1,0.8288792,0.45765898,0.65775836
1,0,0.66975826,0.6343497,0.33951652
1,0,0.9714192,0.12977365,0.94283843
0,0,0.9733962,0.12273082,0.94679236
1,1,0.8585132,0.40765333,0.71702635
1,1,0.99039173,0.054193627,0.98078346
1,0,0.82923704,0.45709392,0.6584741
1,0,0.6214855,0.6633322,0.24297097
1,0,0.8967983,0.3320614,0.7935966
0,0,0.78921294,0.5149976,0.5784259
0,0,0.93474966,0.24117601,0.8694993
1,1,0.98918927,0.059694607,0.97837853
0,0,0.9846099,0.079509854,0.9692198
1,1,0.6962208,0.6140325,0.39244163
1,0,0.72189546,0.5911542,0.44379094
1,1,0.99006236,0.055714805,0.9801247
0,0,0.93475544,0.24116063,0.8695109
1,1,0.9898935,0.05649036,0.979787
1,1,0.9902284,0.054949284,0.9804568
0,0,0.9347555,0.24116047,0.869511
0,0,0.9920842,0.04618803,0.9841684
1,1,0.8500412,0.42263758,0.7000824
1,1,0.69621986,0.6140332,0.39243972
1,0,0.85968375,0.40553713,0.7193675
0,0,0.9721309,0.12725516,0.9442618
1,0,0.9348476,0.24091524,0.8696952
0,0,0.9927944,0.042724043,0.9855888
1,0,0.6095731,0.66893864,0.21914628
1,1,0.9093553,0.30402693,0.81871057
1,0,0.67636764,0.62957716,0.3527353
0,0,0.9347553,0.24116093,0.86951065
0,0,0.93475246,0.24116853,0.8695049
1,0,0.861724,0.40182152,0.72344804
1,1,0.9236378,0.2697934,0.8472756
0,0,0.99325347,0.04044782,0.98650694
1,0,0.7931915,0.5096974,0.586383
1,0,0.861724,0.40182152,0.72344804
1,1,0.99006236,0.055714805,0.9801247
0,0,0.86172396,0.4018216,0.7234479
0,0,0.77375257,0.5347022,0.54750514
0,0,0.93475556,0.24116036,0.8695111
1,0,0.9293336,0.25535923,0.85866725
1,1,0.98936975,0.058877952,0.9787395
1,1,0.81193644,0.4834029,0.6238729
0,0,0.88833714,0.3499779,0.7766743
1,0,0.64542073,0.6502354,0.29084146
1,0,0.91704446,0.28592917,0.8340889
0,0,0.7049986,0.60656935,0.40999722
1,1,0.9905523,0.053447925,0.9811046
1,1,0.6962209,0.6140324,0.39244175
1,1,0.69621986,0.6140332,0.39243972
0,0,0.9927463,0.042960845,0.9854926
1,1,0.9880409,0.06482132,0.97608185
0,0,0.9920373,0.046414554,0.9840746
1,1,0.97828215,0.10465141,0.9565643
1,0,0.93475574,0.24115983,0.8695115
1,1,0.98936975,0.058877952,0.9787395
0,0,0.93475515,0.24116147,0.8695103
1,0,0.6973602,0.61308444,0.39472044
1,0,0.8412587,0.43757677,0.6825174
1,0,0.93487585,0.24083996,0.8697517
1,1,0.9907102,0.052711993,0.9814204
1,0,0.93475574,0.24115983,0.8695115
0,0,0.9501556,0.19805682,0.90031123
1,0,0.89522976,0.33543962,0.7904595
0,0,0.9798433,0.09864827,0.95968664
0,0,0.9347555,0.2411605,0.869511
1,1,0.9905523,0.053447925,0.9811046
1,1,0.92143685,0.275246,0.8428737
0,0,0.9904491,0.053927578,0.98089814
1,0,0.64542073,0.6502354,0.29084146
1,0,0.8043532,0.49430808,0.60870636
0,0,0.98900735,0.060514696,0.9780147
1,0,0.81692564,0.47602338,0.6338513
1,1,0.6962209,0.6140324,0.39244175
0,0,0.86172396,0.4018216,0.7234479
1,1,0.5272259,0.691664,0.054451823
1,1,0.9880409,0.06482132,0.97608185
1,1,0.79479086,0.5075396,0.5895817
1,1,0.5064718,0.6930634,0.012943625
1,1,0.98954725,0.05807176,0.9790945
1,0,0.6568042,0.64313245,0.31360844
1,1,0.98783827,0.06571416,0.97567654
0,0,0.92710227,0.2610708,0.85420454
1,1,0.60569733,0.67063385,0.21139467
1,1,0.98763204,0.06661925,0.9752641
0,0,0.9911398,0.05069567,0.98227966
1,0,0.92052394,0.27748784,0.8410479
0,0,0.9347528,0.24116759,0.86950564
0,0,0.99325347,0.040447827,0.98650694
1,1,0.98862946,0.062208477,0.9772589
1,0,0.675417,0.63027585,0.350834
1,1,0.82116,0.46962994,0.64232004
1,1,0.88290614,0.36109444,0.7658123
1,1,0.5077094,0.69302833,0.015418768
0,0,0.7226417,0.590441,0.4452834
0,0,0.9347554,0.24116081,0.86951077
1,1,0.98763204,0.06661925,0.9752641
1,1,0.8288792,0.45765898,0.65775836
0,0,0.8942199,0.33760068,0.78843975
1,1,0.8989351,0.32741657,0.79787016
0,0,0.9347539,0.24116477,0.8695078
0,0,0.9347552,0.24116123,0.8695104
1,1,0.9882405,0.06393874,0.97648096
0,0,0.93475276,0.24116778,0.8695055
1,1,0.514755,0.6927117,0.029510021
1,1,0.9745112,0.118692696,0.9490224
1,1,0.98918927,0.059694607,0.97837853
1,1,0.64211416,0.6521921,0.28422832
1,1,0.8040161,0.49478424,0.6080322
1,1,0.9353614,0.23954451,0.8707228
0,0,0.9920373,0.04641454,0.9840746
1,1,0.50416917,0.6931124,0.008338332
0,0,0.9347528,0.24116765,0.86950564
0,0,0.94341075,0.21747766,0.8868215
1,0,0.93486106,0.24087939,0.8697221
0,0,0.9926292,0.043536045,0.98525834
1,0,0.75872463,0.55254555,0.51744926
0,0,0.784852,0.52069795,0.56970406
0,0,0.9683177,0.14054233,0.9366354
1,1,0.9412671,0.2234668,0.88253415
0,1,0.73807037,0.5750656,0.47614074
1,1,0.9236378,0.2697934,0.8472756
0,0,0.9812859,0.092991374,0.96257186
0,0,0.93475515,0.2411614,0.8695103
1,0,0.92875093,0.256858,0.85750186
0,0,0.86172396,0.4018216,0.7234479
1,0,0.9347216,0.24125078,0.8694432
0,0,0.60557723,0.6706854,0.21115446
0,0,0.8737172,0.3792589,0.7474344
1,1,0.57520616,0.68179214,0.15041232
0,0,0.9893119,0.059140086,0.97862375
1,1,0.9884366,0.06306811,0.97687316
0,0,0.99088657,0.051886745,0.98177314
1,1,0.98936975,0.058877952,0.9787395
0,0,0.9347552,0.24116123,0.8695104
1,1,0.9898935,0.05649036,0.979787
0,0,0.8592217,0.40637386,0.7184434
1,1,0.98763204,0.06661925,0.9752641
1,1,0.9898935,0.05649036,0.979787
1,1,0.77495074,0.53322476,0.5499015
1,0,0.5632047,0.6851361,0.12640941
1,1,0.9880409,0.06482132,0.97608185
1,1,0.9884366,0.06306811,0.97687316
1,1,0.9236378,0.2697934,0.8472756
0,0,0.5974215,0.67404336,0.19484305
0,0,0.9778855,0.106158145,0.95577097
1,0,0.8374256,0.4439143,0.6748512
0,1,0.69697183,0.6134083,0.39394367
0,0,0.9092704,0.30422258,0.8185408
1,0,0.88867116,0.3492846,0.7773423
1,1,0.8851129,0.3566126,0.77022576
1,1,0.99039173,0.054193627,0.98078346
0,0,0.98996824,0.05614742,0.9799365
1,1,0.8288792,0.45765898,0.65775836
0,0,0.9347551,0.2411616,0.8695102
0,0,0.99331665,0.040132195,0.9866333
1,0,0.79956263,0.50100815,0.59912527
0,0,0.9347531,0.24116683,0.86950624
0,0,0.99190176,0.04706746,0.9838035
1,1,0.9888192,0.061359704,0.97763836
1,1,0.92265993,0.27222434,0.84531987
0,1,0.6039929,0.6713595,0.20798576
0,0,0.9642894,0.15406387,0.92857885
0,0,0.9934412,0.039507855,0.98688245
1,0,0.8952126,0.3354764,0.7904252
1,0,0.85552746,0.41300008,0.7110549
0,0,0.91339594,0.29460964,0.8267919
1,1,0.571608,0.68285644,0.14321601
0,0,0.9347552,0.24116132,0.8695104
1,1,0.88155186,0.36382157,0.7631037
0,0,0.90376836,0.3167233,0.8075367
1,1,0.9907102,0.052711993,0.9814204
0,0,0.9935634,0.038893178,0.9871268
0,0,0.9920373,0.046414554,0.9840746
1,0,0.85968375,0.40553713,0.7193675
1,1,0.98936975,0.058877952,0.9787395
1,1,0.9431207,0.21829298,0.88624144
0,0,0.9902684,0.054764472,0.9805368
0,0,0.5335952,0.6908882,0.06719044
1,0,0.64542073,0.6502354,0.29084146
0,0,0.98974544,0.057167996,0.9794909
0,0,0.9700154,0.13468854,0.9400308
0,0,0.99185795,0.04727786,0.9837159
0,0,0.8596837,0.40553725,0.7193674
1,1,0.93991524,0.22720069,0.8798305
1,1,0.9890057,0.06052216,0.97801137
0,0,0.9927944,0.042724073,0.9855888
1,1,0.95502466,0.18344578,0.9100493
0,0,0.9937427,0.03798731,0.9874854
0,0,0.93475527,0.2411611,0.86951053
0,0,0.98941165,0.05868791,0.9788233
0,0,0.98131055,0.09289397,0.9626211
0,1,0.91611737,0.28815117,0.83223474
0,0,0.9901646,0.055243872,0.98032916
1,1,0.9905523,0.053447925,0.9811046
1,1,0.6757492,0.6300322,0.35149837
0,0,0.99299437,0.041736145,0.98598874
1,0,0.667225,0.63612646,0.33445004
0,0,0.91218257,0.29745883,0.82436514
1,0,0.9347216,0.24125078,0.8694432
0,0,0.9831071,0.08568713,0.9662142
1,0,0.9347216,0.24125078,0.8694432
1,1,0.9223002,0.27311516,0.84460044
1,1,0.77580917,0.53216124,0.55161834
1,0,0.6253831,0.66136724,0.25076616
1,1,0.5506633,0.68800485,0.101326585
1,1,0.6622507,0.6395313,0.3245014
1,1,0.9907102,0.052711993,0.9814204
1,1,0.6962209,0.6140324,0.39244175
1,1,0.9882405,0.06393874,0.97648096
0,0,0.9518529,0.19302292,0.90370584
0,0,0.99113995,0.050695114,0.9822799
0,0,0.8958174,0.33417708,0.7916348
0,0,0.59046406,0.6766892,0.18092811
1,0,0.85968363,0.40553743,0.71936727
0,0,0.9284691,0.257581,0.85693824
0,0,0.8765622,0.3737191,0.75312436
1,1,0.95042944,0.19724885,0.9008589
1,0,0.71501106,0.5976037,0.43002212
0,0,0.70358634,0.60779494,0.40717265
1,1,0.69621986,0.6140332,0.39243972
0,1,0.84720355,0.4275293,0.6944071
1,1,0.9483566,0.20332593,0.89671326
1,1,0.9880409,0.06482132,0.97608185
1,0,0.6297697,0.6590781,0.25953934
1,0,0.876575,0.373694,0.75315
0,0,0.9726507,0.12540364,0.9453014
0,0,0.9931897,0.040765792,0.9863794
0,0,0.98585385,0.07428441,0.9717077
0,0,0.8868804,0.35298833,0.7737608
1,1,0.9363826,0.23680705,0.8727652
1,1,0.79821885,0.50286174,0.5964377
1,1,0.98972183,0.057275865,0.97944367
1,1,0.9902284,0.054949284,0.9804568
1,1,0.7308815,0.58238006,0.46176302
0,0,0.99331665,0.04013218,0.9866333
1,1,0.9898935,0.05649036,0.979787
1,0,0.82414085,0.46505606,0.6482817
1,1,0.54008955,0.68992937,0.080179095
0,0,0.98128635,0.09298973,0.9625727
0,0,0.9522487,0.19184008,0.9044974
0,0,0.9930604,0.04140884,0.9861208
0,1,0.75946724,0.5516932,0.5189345
0,0,0.9831071,0.0856871,0.9662142
1,1,0.93559515,0.2389194,0.8711903
1,0,0.8967985,0.332061,0.793597
1,1,0.9907102,0.052711993,0.9814204
1,0,0.93486947,0.24085699,0.86973894
0,0,0.91604984,0.28831255,0.8320997
0,0,0.9347382,0.24120653,0.86947644
0,0,0.97841614,0.104140796,0.9568323
1,0,0.75203574,0.56008756,0.5040715
0,0,0.98949194,0.058323376,0.9789839
0,0,0.9347549,0.24116203,0.8695098
1,1,0.98763204,0.06661925,0.9752641
0,0,0.9787125,0.10300848,0.957425
0,0,0.9867449,0.07047371,0.97348976
1,1,0.8288792,0.45765898,0.65775836
1,0,0.85761833,0.40926343,0.71523666
0,0,0.84916097,0.42416167,0.69832194
1,1,0.8115976,0.48389816,0.6231952
1,1,0.9238657,0.269225,0.84773135
0,0,0.9936246,0.038584393,0.98724926
0,0,0.9913018,0.04993011,0.98260355
1,1,0.72153854,0.5914943,0.4430771
1,1,0.9245485,0.26751727,0.849097
1,1,0.98763204,0.06661925,0.9752641
0,0,0.9663681,0.14714874,0.93273616
1,0,0.509284,0.6929748,0.018568039
0,0,0.86172396,0.4018216,0.7234479
0,0,0.9920373,0.046414554,0.9840746
0,0,0.99190176,0.047067445,0.9838035
1,1,0.98918927,0.059694607,0.97837853
1,0,0.9205538,0.27741468,0.8411076
1,1,0.99039173,0.054193627,0.98078346
1,1,0.63470274,0.6564053,0.26940548
0,0,0.97640556,0.11171614,0.9528111
1,0,0.50873035,0.6929947,0.017460704
0,0,0.98163164,0.091619365,0.9632633
1,1,0.893548,0.33903247,0.787096
1,0,0.8967983,0.3320614,0.7935966
1,1,0.98783827,0.06571416,0.97567654
1,0,0.85968375,0.40553713,0.7193675
1,1,0.79859775,0.5023402,0.5971955
1,1,0.94188005,0.22176287,0.8837601
0,0,0.9929948,0.041734237,0.9859896
0,0,0.95807445,0.17401607,0.9161489
1,0,0.88175637,0.36341092,0.76351273
0,0,0.93475515,0.24116144,0.8695103
1,1,0.98936975,0.058877952,0.9787395
1,1,0.939357,0.22873315,0.87871397
0,0,0.86172396,0.4018216,0.7234479
0,0,0.9514171,0.19432141,0.9028342
1,0,0.9304431,0.25249124,0.8608862
0,0,0.87006265,0.3862676,0.7401253
0,1,0.59074163,0.67658746,0.18148327
1,1,0.9888192,0.061359704,0.97763836
1,0,0.9333407,0.24491054,0.86668146
1,1,0.8288792,0.45765898,0.65775836
1,0,0.8967985,0.332061,0.793597
0,0,0.9347552,0.24116132,0.8695104
1,1,0.69621986,0.6140332,0.39243972
0,0,0.98230153,0.08894149,0.96460307
0,0,0.9915463,0.048768807,0.98309255
0,0,0.9527134,0.19044703,0.90542674
1,1,0.8787026,0.36950207,0.75740516
1,1,0.6962208,0.6140325,0.39244163
0,0,0.89581877,0.33417413,0.79163754
1,0,0.64542073,0.6502354,0.29084146
0,0,0.97436017,0.11924262,0.94872034
0,0,0.9913048,0.049915906,0.9826096
1,1,0.93603176,0.23774947,0.8720635
1,0,0.6910863,0.6182288,0.38217255
0,0,0.9936233,0.038591024,0.98724663
1,0,0.6569295,0.64305115,0.31385902
1,1,0.93704313,0.2350271,0.87408626
1,0,0.843675,0.43352532,0.68735003
1,1,0.98862946,0.062208477,0.9772589
1,0,0.50873035,0.6929947,0.017460704
1,0,0.89521265,0.3354763,0.7904253
1,1,0.98972183,0.057275865,0.97944367
1,0,0.61799836,0.66503555,0.23599672
0,0,0.9918579,0.047278263,0.9837158
0,0,0.9811109,0.093683645,0.96222174
0,0,0.99344116,0.03950808,0.9868823
1,1,0.98763204,0.06661925,0.9752641
1,0,0.93475574,0.24115983,0.8695115
0,0,0.99190176,0.04706746,0.9838035
0,0,0.98209333,0.089776486,0.96418667
1,1,0.895046,0.33583364,0.790092
1,1,0.9907102,0.052711993,0.9814204
0,0,0.93991566,0.22719952,0.8798313
1,1,0.9907102,0.052711993,0.9814204
1,0,0.85968375,0.40553713,0.7193675
1,1,0.82399744,0.46527755,0.6479949
1,1,0.74033856,0.57270247,0.48067713
0,0,0.9347514,0.24117142,0.8695028
0,0,0.9937424,0.0379887,0.9874848
1,0,0.6988903,0.6118016,0.39778066
0,0,0.9921744,0.04575183,0.9843488
0,0,0.9583409,0.17318153,0.91668177
0,0,0.9347547,0.24116254,0.86950946
1,1,0.9888192,0.061359704,0.97763836
0,0,0.93475556,0.24116036,0.8695111
1,0,0.50551265,0.6930864,0.01102531
1,1,0.99006236,0.055714805,0.9801247
1,0,0.9371687,0.23468791,0.87433743
1,1,0.98763204,0.06661925,0.9752641
1,1,0.7411634,0.57183653,0.48232675
1,1,0.509408,0.69297016,0.018815994
1,1,0.88859785,0.34943688,0.7771957
1,0,0.93484735,0.24091586,0.8696947
0,0,0.9920373,0.04641454,0.9840746
0,0,0.99331665,0.040132195,0.9866333
0,0,0.8617239,0.40182173,0.7234478
1,0,0.8559527,0.41224307,0.71190536
1,1,0.9884366,0.06306811,0.97687316
1,1,0.93112177,0.25072756,0.86224353
0,0,0.73972356,0.57334584,0.47944716
1,0,0.9709429,0.131449,0.9418858
1,0,0.80357856,0.4954013,0.6071571
0,0,0.99200934,0.04654933,0.9840187
1,1,0.98763204,0.06661925,0.9752641
0,0,0.86172396,0.4018216,0.7234479
0,0,0.93475556,0.24116036,0.8695111
1,1,0.8147048,0.47932863,0.62940955
1,1,0.9882405,0.06393874,0.97648096
1,0,0.85761833,0.40926343,0.71523666
0,0,0.9678193,0.14224276,0.93563855
1,1,0.5026616,0.693133,0.0053231716
1,1,0.9890057,0.06052216,0.97801137
0,0,0.9347554,0.24116075,0.86951077
1,0,0.54681075,0.68875825,0.09362146
1,0,0.8687605,0.38873613,0.73752105
1,1,0.9236378,0.2697934,0.8472756
0,0,0.9937427,0.037987325,0.9874854
0,0,0.9868027,0.070224315,0.9736054
1,0,0.8536518,0.416322,0.70730364
1,1,0.9884366,0.06306811,0.97687316
0,0,0.979139,0.10137144,0.95827794
1,1,0.9888192,0.061359704,0.97763836
0,0,0.8576182,0.4092637,0.7152364
1,1,0.98783827,0.06571416,0.97567654
1,1,0.6201926,0.66396976,0.24038517
0,0,0.93475413,0.24116415,0.86950827
0,0,0.5137042,0.69277155,0.027408361
1,1,0.7005576,0.61039114,0.40111518
0,0,0.92357576,0.26994807,0.8471515
1,0,0.6234404,0.6623547,0.2468808
0,0,0.9919341,0.046911657,0.98386824
0,0,0.9935026,0.039199278,0.98700523
0,0,0.99190176,0.047067445,0.9838035
1,1,0.99039173,0.054193627,0.98078346
1,0,0.66842556,0.635288,0.3368511
0,0,0.9632614,0.15743694,0.92652285
1,1,0.63266796,0.6575204,0.26533592
1,0,0.9371663,0.23469448,0.87433255
1,1,0.8955833,0.33468053,0.79116654
0,0,0.9347555,0.24116044,0.869511
0,0,0.9832636,0.08505015,0.9665272
0,0,0.9919341,0.046911776,0.98386824
0,0,0.9867255,0.07055713,0.973451
1,1,0.9872093,0.06846359,0.97441864
0,0,0.98974544,0.057167996,0.9794909
0,0,0.9903253,0.05450146,0.98065054
1,0,0.50576437,0.6930807,0.01152873
1,1,0.881679,0.36356634,0.763358
1,0,0.54477584,0.68913203,0.08955166
1,1,0.6939702,0.6158871,0.3879404
0,0,0.9922316,0.045474563,0.9844632
1,1,0.98783827,0.06571416,0.97567654
0,0,0.93475366,0.24116544,0.8695073
0,0,0.9915463,0.04876867,0.98309255
1,1,0.98742247,0.067535415,0.97484493
0,0,0.8298132,0.45618233,0.65962636
0,0,0.99190176,0.047067445,0.9838035
0,0,0.9347547,0.24116254,0.86950946
1,1,0.7914988,0.5119641,0.58299756
0,0,0.9418742,0.22177911,0.8837484
0,0,0.9933165,0.04013294,0.98663294
1,0,0.8098343,0.48646316,0.6196686
0,0,0.99350244,0.03920026,0.9870049
1,1,0.98918927,0.059694607,0.97837853
1,0,0.8967983,0.3320614,0.7935966
1,0,0.5930035,0.6757467,0.18600702
1,0,0.75345415,0.55850846,0.5069083
0,0,0.9837245,0.0831664,0.96744895
1,0,0.80504256,0.49333197,0.6100851
0,0,0.9347555,0.24116047,0.869511
1,1,0.98954725,0.05807176,0.9790945
1,1,0.9882405,0.06393874,0.97648096
1,1,0.8288792,0.45765898,0.65775836
0,0,0.99088657,0.05188676,0.98177314
1,1,0.8288792,0.45765898,0.65775836
1,1,0.87905407,0.36880547,0.75810814
1,0,0.8169829,0.47593772,0.63396585
0,0,0.9936237,0.038589407,0.98724735
1,1,0.7957875,0.50618696,0.591575
0,0,0.99190176,0.047067445,0.9838035
1,1,0.6962208,0.6140325,0.39244163
0,0,0.93475527,0.2411611,0.86951053
0,0,0.99312526,0.041086543,0.9862505
1,0,0.9371765,0.23466678,0.87435305
0,0,0.93475544,0.24116065,0.8695109
1,1,0.8334259,0.45041224,0.66685176
0,0,0.961614,0.16278042,0.923228
0,0,0.9933792,0.039819017,0.98675835
0,0,0.93475544,0.24116059,0.8695109
0,0,0.99279433,0.042724267,0.98558867
1,1,0.8036667,0.49527705,0.6073334
1,1,0.8605514,0.40396124,0.72110283
0,0,0.98649526,0.07154717,0.9729905
0,0,0.98489445,0.07832384,0.9697889
1,0,0.9371792,0.23465955,0.8743584
0,0,0.9802144,0.09720348,0.96042883
1,1,0.9898935,0.05649036,0.979787
1,0,0.5785634,0.68075144,0.15712678
0,0,0.99256206,0.043864805,0.9851241
0,0,0.9879284,0.065317616,0.9758568
0,0,0.9717291,0.12867928,0.9434582
0,0,0.99244666,0.044428505,0.9848933
0,0,0.88256127,0.3617906,0.76512253
0,0,0.93533075,0.23962632,0.8706615
1,1,0.98742247,0.067535415,0.97484493
1,1,0.98918927,0.059694607,0.97837853
0,0,0.7171937,0.5955843,0.43438745
1,1,0.98954725,0.05807176,0.9790945
0,0,0.9879284,0.06531745,0.9758568
1,1,0.93002224,0.2535814,0.8600445
1,0,0.85968375,0.40553713,0.7193675
0,0,0.98402494,0.081931226,0.9680499
1,0,0.74516886,0.5675807,0.49033773
1,1,0.9890057,0.06052216,0.97801137
1,0,0.83170545,0.45317167,0.6634109
1,1,0.90358573,0.31713212,0.80717146
0,0,0.9347555,0.2411605,0.869511
1,1,0.94666404,0.20822303,0.8933281
0,1,0.91347647,0.29441988,0.82695293
1,1,0.5857924,0.6783534,0.17158484
1,1,0.9890057,0.06052216,0.97801137
0,0,0.99190176,0.047067445,0.9838035
1,1,0.9373889,0.23409243,0.8747778
1,1,0.98972183,0.057275865,0.97944367
1,1,0.9403192,0.22608837,0.88063836
1,1,0.93335205,0.24488062,0.8667041
0,0,0.948722,0.20226121,0.897444
1,1,0.9296389,0.25457194,0.85927784
1,1,0.7095966,0.6025125,0.41919315
1,0,0.593573,0.6755317,0.18714595
1,1,0.8341966,0.4491691,0.66839325
1,0,0.9270655,0.26116428,0.854131
1,1,0.789587,0.51450336,0.57917404
0,0,0.9920373,0.04641454,0.9840746
0,0,0.9935027,0.039199118,0.98700535
1,1,0.98918927,0.059694607,0.97837853
0,0,0.9347552,0.24116123,0.8695104
1,1,0.9907102,0.052711993,0.9814204
0,0,0.8596837,0.40553725,0.7193674
1,1,0.9306129,0.2520506,0.86122584
0,0,0.9347554,0.24116081,0.86951077
1,1,0.699808,0.6110269,0.399616
1,0,0.6302526,0.6588211,0.26050523
0,0,0.8114951,0.48404774,0.62299025
0,0,0.93475556,0.24116036,0.8695111
0,0,0.93475544,0.24116063,0.8695109
1,1,0.9905523,0.053447925,0.9811046
0,0,0.9347554,0.24116084,0.86951077
1,1,0.92615724,0.26346743,0.8523145
1,1,0.7312353,0.58202624,0.46247065
0,0,0.9934412,0.039507966,0.98688245
1,1,0.7868202,0.51813936,0.57364035
0,0,0.99237627,0.044771656,0.98475254
1,1,0.9898935,0.05649036,0.979787
1,0,0.9270655,0.26116428,0.854131
1,1,0.8288792,0.45765898,0.65775836
0,0,0.98781496,0.06581662,0.9756299
1,1,0.9880409,0.06482132,0.97608185
1,1,0.9902284,0.054949284,0.9804568
1,1,0.9905523,0.053447925,0.9811046
0,0,0.9765913,0.11102397,0.9531826
1,0,0.7038248,0.6075886,0.40764964
0,0,0.9922314,0.045475394,0.98446286
1,1,0.8288792,0.45765898,0.65775836
0,0,0.98788786,0.06549599,0.9757757
0,0,0.9347555,0.2411605,0.869511
0,0,0.98475283,0.07891468,0.96950567
1,0,0.72238827,0.5906835,0.44477654
0,0,0.9677316,0.14254108,0.9354632
1,0,0.93475574,0.24115983,0.8695115
1,1,0.9898935,0.05649036,0.979787
0,0,0.98571694,0.07486479,0.9714339
1,0,0.5348151,0.69072104,0.069630116
1,1,0.92265993,0.27222434,0.84531987
1,1,0.9877037,0.06630521,0.97540736
1,1,0.6872881,0.6212534,0.3745762
0,0,0.98674506,0.070472844,0.9734901
1,0,0.9348755,0.24084097,0.869751
0,0,0.9926576,0.04339654,0.9853152
1,1,0.6962209,0.6140324,0.39244175
0,0,0.9347546,0.24116287,0.8695092
0,0,0.9069039,0.3096431,0.81380785
0,0,0.6797783,0.62703645,0.35955656
0,0,0.93475544,0.24116063,0.8695109
1,1,0.98936975,0.058877952,0.9787395
1,1,0.9323187,0.24759951,0.8646374
1,0,0.7588879,0.55235845,0.5177758
0,0,0.86172396,0.4018216,0.7234479
1,1,0.98621446,0.0727492,0.9724289
1,1,0.9244036,0.26788023,0.8488072
1,1,0.8288792,0.45765898,0.65775836
0,0,0.5607594,0.6857455,0.12151882
1,1,0.9907102,0.052711993,0.9814204
1,1,0.8288792,0.45765898,0.65775836
1,0,0.93475574,0.24115983,0.8695115
1,0,0.87630904,0.37421504,0.7526181
1,1,0.5384841,0.6901822,0.07696819
1,1,0.98954725,0.05807176,0.9790945
1,1,0.77875525,0.52847886,0.5575105
1,1,0.7707896,0.5383205,0.54157925
0,0,0.93475544,0.24116063,0.8695109
0,0,0.93475515,0.24116144,0.8695103
1,1,0.9898935,0.05649036,0.979787
0,0,0.86172396,0.4018216,0.7234479
1,1,0.98954725,0.05807176,0.9790945
1,1,0.92265993,0.27222434,0.84531987
0,0,0.9871118,0.068886936,0.9742236
1,0,0.93475574,0.24115983,0.8695115
1,1,0.98763204,0.06661925,0.9752641
1,1,0.74414307,0.5686786,0.48828614
1,1,0.6962209,0.6140324,0.39244175
0,0,0.9932533,0.0404487,0.9865066
1,1,0.9493518,0.20041946,0.8987036
1,1,0.50346684,0.6931231,0.006933689
0,0,0.93475556,0.2411603,0.8695111
0,0,0.98310703,0.08568733,0.96621406
0,0,0.86172396,0.4018216,0.7234479
1,1,0.98936975,0.058877952,0.9787395
1,0,0.92874193,0.25688112,0.85748386
1,1,0.9907102,0.052711993,0.9814204
1,0,0.93261385,0.24682468,0.8652277
1,1,0.98862946,0.062208477,0.9772589
1,1,0.98972183,0.057275865,0.97944367
1,0,0.8596837,0.40553725,0.7193674
1,0,0.93475574,0.24115983,0.8695115
0,0,0.9347552,0.24116129,0.8695104
1,1,0.92143685,0.275246,0.8428737
0,1,0.7537508,0.5581769,0.5075016
0,0,0.9858496,0.074302204,0.97169924
0,0,0.9911888,0.050464354,0.98237765
0,0,0.9913362,0.04976697,0.98267245
1,0,0.9347216,0.24125078,0.8694432
1,1,0.8066042,0.4911096,0.6132084
0,0,0.9922178,0.045541625,0.98443556
0,0,0.9936835,0.038286958,0.98736703
1,0,0.5600472,0.6859184,0.12009442
0,0,0.9347555,0.24116044,0.869511
1,1,0.98763204,0.06661925,0.9752641
0,0,0.86172396,0.4018216,0.7234479
1,1,0.6969854,0.613397,0.39397085
0,0,0.8085562,0.48830974,0.6171124
1,0,0.8852591,0.35631394,0.7705182
1,1,0.79240036,0.510759,0.5848007
1,1,0.9475168,0.20576295,0.8950336
1,0,0.7123481,0.6000358,0.42469624
0,0,0.828243,0.45866123,0.65648603
0,0,0.6646441,0.6379069,0.32928824
1,0,0.93261385,0.24682468,0.8652277
0,0,0.97012556,0.13430552,0.9402511
0,0,0.8654787,0.39489204,0.7309574
1,1,0.52891296,0.6914743,0.057825923
1,1,0.6207249,0.6637081,0.24144983
0,0,0.99053806,0.05351426,0.9810761
0,0,0.9911425,0.05068305,0.982285
1,0,0.93475574,0.24115983,0.8695115
1,0,0.6198483,0.6641383,0.23969662
1,0,0.64542073,0.6502354,0.29084146
0,0,0.99190176,0.047067445,0.9838035
1,0,0.8967985,0.332061,0.793597
1,1,0.9884366,0.06306811,0.97687316
1,0,0.9347216,0.24125078,0.8694432
1,1,0.9457982,0.21070603,0.89159644
1,1,0.9902284,0.054949284,0.9804568
0,0,0.934755,0.2411617,0.86951005
0,1,0.92120236,0.27582294,0.8424047
0,0,0.99026823,0.054765236,0.98053646
0,0,0.9808987,0.094520696,0.96179736
1,1,0.8966338,0.33241692,0.7932676
1,0,0.8576182,0.4092637,0.7152364
0,0,0.93475056,0.2411737,0.8695011
0,0,0.99362344,0.0385905,0.9872469
0,0,0.66957057,0.6344823,0.33914113
0,0,0.9911888,0.050464354,0.98237765
1,0,0.78557813,0.51975673,0.57115626
1,0,0.9293336,0.25535923,0.85866725
1,1,0.8288792,0.45765898,0.65775836
0,0,0.94395757,0.21593639,0.88791513
1,0,0.8617239,0.40182173,0.7234478
0,0,0.86172396,0.4018216,0.7234479
1,0,0.71107686,0.60118467,0.4221537
1,1,0.797393,0.5039953,0.59478605
0,0,0.58537364,0.6784982,0.17074728
0,0,0.69267833,0.61694086,0.3853567
0,0,0.86172396,0.4018216,0.7234479
0,0,0.9936238,0.038588725,0.9872476
0,0,0.86172396,0.4018216,0.7234479
1,0,0.68091154,0.6261804,0.36182308
1,0,0.7876537,0.51704884,0.57530737
0,0,0.98544776,0.076001875,0.9708955
0,0,0.99080086,0.05228824,0.9816017
0,0,0.9917512,0.0477899,0.9835024
1,1,0.9905523,0.053447925,0.9811046
1,0,0.91602045,0.28838283,0.8320409
0,0,0.934755,0.2411617,0.86951005
0,0,0.9936238,0.038588736,0.9872476
0,0,0.9347553,0.24116093,0.86951065
1,0,0.73868686,0.57442594,0.47737372
1,1,0.9890057,0.06052216,0.97801137
0,0,0.9036719,0.3169392,0.80734384
1,1,0.6062414,0.67039967,0.21248281
1,1,0.9403192,0.22608837,0.88063836
1,0,0.81349266,0.48111874,0.6269853
0,1,0.9457543,0.21083161,0.8915086
0,0,0.9347549,0.24116203,0.8695098
1,1,0.56325364,0.6851236,0.12650728
0,0,0.9923759,0.04477342,0.9847518
0,0,0.93475544,0.24116066,0.8695109
1,1,0.9403192,0.22608837,0.88063836
0,0,0.9855699,0.07548659,0.9711398
1,0,0.64542073,0.6502354,0.29084146
1,0,0.5498897,0.68816096,0.0997794
1,0,0.76842177,0.5411763,0.53684354
1,1,0.9907102,0.052711993,0.9814204
0,0,0.9634169,0.1569288,0.92683375
1,1,0.8930916,0.34000236,0.78618324
0,0,0.9920373,0.046414554,0.9840746
0,0,0.9930603,0.041409366,0.9861206
1,1,0.9907102,0.052711993,0.9814204
1,1,0.69621986,0.6140332,0.39243972
1,1,0.9331206,0.24549106,0.8662412
0,0,0.9347555,0.24116047,0.869511
1,0,0.611615,0.6680202,0.22323
1,1,0.9902284,0.054949284,0.9804568
1,0,0.8043246,0.49434847,0.60864925
1,1,0.93603176,0.23774947,0.8720635
0,0,0.9923042,0.045122057,0.9846084
1,1,0.8063381,0.4914894,0.61267614
1,1,0.925054,0.26624876,0.850108
1,0,0.87997043,0.36698386,0.75994086
1,1,0.95518965,0.18294133,0.9103793
0,0,0.9798437,0.098646894,0.95968735
0,0,0.9347555,0.2411605,0.869511
1,1,0.98783827,0.06571416,0.97567654
0,0,0.9347551,0.2411616,0.8695102
1,1,0.9301392,0.2532788,0.86027837
1,0,0.53848124,0.6901827,0.07696244
1,0,0.93475574,0.24115983,0.8695115
0,0,0.9324723,0.24719647,0.8649446
1,1,0.98763204,0.06661925,0.9752641
1,1,0.9038541,0.31653124,0.80770814
1,1,0.9898935,0.05649036,0.979787
1,1,0.9905523,0.053447925,0.9811046
1,1,0.7611696,0.549728,0.5223392
0,0,0.9920373,0.04641454,0.9840746
1,1,0.9898935,0.05649036,0.979787
0,0,0.9920373,0.046414554,0.9840746
1,0,0.93486863,0.24085918,0.86973727
1,1,0.8913289,0.34372795,0.78265774
0,0,0.99286175,0.04239201,0.9857235
0,0,0.9347433,0.24119297,0.8694866
1,1,0.8910562,0.34430143,0.78211236
1,0,0.81551033,0.47813356,0.63102067
1,0,0.92357695,0.2699451,0.8471539
0,0,0.97683775,0.11010316,0.9536755
1,1,0.9882405,0.06393874,0.97648096
1,1,0.76374775,0.54672134,0.5274955
1,1,0.9907102,0.052711993,0.9814204
0,0,0.86172396,0.4018216,0.7234479
1,0,0.93475574,0.24115983,0.8695115
1,1,0.5626498,0.6852765,0.12529957
0,0,0.9347555,0.24116044,0.869511
0,0,0.95053405,0.19693983,0.9010681
1,0,0.64542073,0.6502354,0.29084146
0,0,0.98432034,0.08071122,0.9686407
1,0,0.6894487,0.61954105,0.37889746
1,1,0.9905523,0.053447925,0.9811046
0,0,0.9928348,0.042524904,0.9856696
0,0,0.99237627,0.044771623,0.98475254
0,0,0.9928618,0.042391643,0.9857236
1,0,0.7394011,0.5736824,0.47880223
1,1,0.92143685,0.275246,0.8428737
0,0,0.91203946,0.29779375,0.8240789
1,1,0.9880409,0.06482132,0.97608185
1,1,0.8288792,0.45765898,0.65775836
0,1,0.8869439,0.35285756,0.77388775
1,1,0.78633875,0.51876736,0.5726775
0,1,0.5130789,0.69280505,0.026157856
1,0,0.9348757,0.24084036,0.86975145
1,1,0.9884366,0.06306811,0.97687316
0,0,0.93475485,0.24116221,0.8695097
0,0,0.8596837,0.40553725,0.7193674
1,0,0.8043446,0.4943202,0.6086892
1,1,0.8288792,0.45765898,0.65775836
0,1,0.9108486,0.30057,0.82169724
1,1,0.6962209,0.6140324,0.39244175
1,0,0.8617239,0.40182173,0.7234478
0,0,0.9907143,0.05269272,0.9814286
0,0,0.9933785,0.039822467,0.98675704
1,0,0.93489206,0.2407968,0.8697841
0,0,0.76762664,0.5421282,0.5352533
1,0,0.861724,0.40182152,0.72344804
0,0,0.9347552,0.24116123,0.8695104
0,0,0.989031,0.060408138,0.97806203
0,0,0.9937427,0.037987325,0.9874854
1,1,0.98742247,0.067535415,0.97484493
1,0,0.66028905,0.6408436,0.32057813
0,0,0.93475133,0.24117163,0.86950266
0,0,0.7826973,0.5234728,0.56539464
0,0,0.9347547,0.24116254,0.86950946
1,1,0.99039173,0.054193627,0.98078346
0,0,0.99299484,0.04173399,0.9859897
1,1,0.9158068,0.2888931,0.83161354
1,1,0.6962208,0.6140325,0.39244163
0,0,0.9936236,0.038589682,0.9872472
0,0,0.86172396,0.4018216,0.7234479
1,0,0.6206498,0.6637451,0.2412996
0,0,0.75203645,0.56008685,0.5040729
0,0,0.99190176,0.047067445,0.9838035
0,0,0.98746836,0.06733518,0.9749367
1,0,0.79055506,0.5132203,0.5811101
0,0,0.9931893,0.040768005,0.98637855
1,0,0.8781613,0.37057248,0.7563226
0,0,0.93475556,0.24116036,0.8695111
1,0,0.5647099,0.6847489,0.12941983
1,0,0.7535907,0.55835587,0.5071814
0,0,0.9347555,0.24116047,0.869511
0,0,0.98746824,0.0673356,0.9749365
0,0,0.934755,0.24116178,0.86951005
1,0,0.5171591,0.69255817,0.03431818
0,0,0.98544747,0.07600327,0.97089493
1,0,0.92357695,0.2699451,0.8471539
0,0,0.9347547,0.24116254,0.86950946
1,1,0.7728353,0.53582764,0.5456706
1,1,0.93500525,0.24049512,0.8700105
0,0,0.6465767,0.64954007,0.2931534
1,0,0.64542073,0.6502354,0.29084146
1,0,0.8386613,0.4418831,0.6773226
0,0,0.98858774,0.06239475,0.9771755
0,0,0.99190176,0.04706746,0.9838035
1,1,0.9882405,0.06393874,0.97648096
0,0,0.9868027,0.070224315,0.9736054
1,1,0.87938035,0.3681578,0.7587607
1,1,0.93230397,0.2476381,0.86460793
1,1,0.98862946,0.062208477,0.9772589
0,0,0.86172396,0.4018216,0.7234479
1,0,0.91465116,0.2916426,0.8293023
0,0,0.8854865,0.3558491,0.77097297
0,0,0.99223155,0.04547483,0.9844631
0,0,0.9347552,0.24116123,0.8695104
0,0,0.991858,0.047277637,0.983716
0,0,0.9347554,0.24116075,0.86951077
1,0,0.92652243,0.26254287,0.85304487
0,0,0.93475413,0.24116415,0.86950827
1,1,0.99006236,0.055714805,0.9801247
0,0,0.86172396,0.4018216,0.7234479
0,0,0.95520836,0.18288405,0.9104167
0,0,0.86172396,0.4018216,0.7234479
1,1,0.82671624,0.46105498,0.6534325
1,1,0.7979436,0.50324005,0.5958872
0,0,0.9895105,0.05823914,0.97902095
1,1,0.6593337,0.6414764,0.3186674
1,1,0.98862946,0.062208477,0.9772589
1,0,0.85801613,0.40854847,0.71603227
0,0,0.990801,0.052287757,0.98160195
1,0,0.9254181,0.26533285,0.85083616
1,1,0.93838024,0.2314013,0.8767605
1,1,0.9898935,0.05649036,0.979787
0,0,0.9837248,0.08316527,0.96744955
1,1,0.8288792,0.45765898,0.65775836
0,0,0.9715615,0.12927164,0.943123
1,0,0.64542073,0.6502354,0.29084146
1,0,0.836823,0.4449007,0.673646
0,0,0.9925182,0.044079226,0.9850364
1,1,0.65843326,0.6420692,0.31686652
1,1,0.8798873,0.36714953,0.75977457
1,1,0.98936975,0.058877952,0.9787395
0,0,0.99337924,0.039818887,0.9867585
0,0,0.907782,0.3076396,0.81556404
0,0,0.9935635,0.038892966,0.98712695
0,0,0.9761865,0.11253062,0.952373
0,0,0.9347542,0.241164,0.8695084
1,1,0.84253114,0.4354487,0.6850623
0,0,0.9882628,0.063839935,0.97652555
1,1,0.9898935,0.05649036,0.979787
1,1,0.56325364,0.6851236,0.12650728
1,0,0.80162513,0.49814123,0.60325027
1,1,0.699808,0.6110269,0.399616
1,1,0.94188005,0.22176287,0.8837601
1,1,0.9907102,0.052711993,0.9814204
1,0,0.9336909,0.24398533,0.8673818
1,1,0.91774726,0.28423718,0.8354945
1,1,0.9907102,0.052711993,0.9814204
1,1,0.9902284,0.054949284,0.9804568
1,1,0.6045728,0.67111397,0.20914555
1,1,0.69621986,0.6140332,0.39243972
0,0,0.991769,0.047704555,0.98353803
0,0,0.9911031,0.050868884,0.9822062
0,0,0.98341876,0.08441751,0.9668375
0,0,0.9741226,0.12010576,0.94824517
0,0,0.9347555,0.24116044,0.869511
1,0,0.8919942,0.3423256,0.78398836
1,0,0.8781613,0.37057248,0.7563226
1,0,0.8744726,0.3777951,0.74894524
1,1,0.9907102,0.052711993,0.9814204
1,1,0.98763204,0.06661925,0.9752641
1,0,0.89858675,0.32817718,0.7971735
0,0,0.9914655,0.049153227,0.982931
1,1,0.8215158,0.4690872,0.6430316
0,0,0.923576,0.2699475,0.847152
0,0,0.9347547,0.24116251,0.86950946
0,0,0.9347553,0.24116102,0.86951065
0,0,0.9884905,0.062827945,0.97698104
1,1,0.6962208,0.6140325,0.39244163
0,0,0.9347551,0.24116154,0.8695102
1,1,0.94188005,0.22176287,0.8837601
0,0,0.9729015,0.124506734,0.94580305
1,0,0.60144985,0.6724194,0.20289966
0,0,0.9936878,0.038265277,0.9873756
1,1,0.9902284,0.054949284,0.9804568
1,0,0.8292099,0.45713675,0.65841985
0,0,0.93475515,0.2411614,0.8695103
1,1,0.8288792,0.45765898,0.65775836
0,0,0.85968363,0.40553743,0.71936727
0,0,0.98531127,0.07657662,0.97062254
0,0,0.9347553,0.24116099,0.86951065
0,0,0.9745958,0.118384406,0.9491916
0,0,0.9913047,0.049916454,0.9826094
1,0,0.81734353,0.47539783,0.63468707
1,1,0.9888192,0.061359704,0.97763836
1,1,0.894582,0.33682707,0.78916395
1,1,0.94491917,0.213212,0.88983834
0,0,0.9906268,0.05310105,0.9812536
1,1,0.77495074,0.53322476,0.5499015
1,1,0.92622536,0.2632951,0.8524507
1,1,0.75124556,0.56096256,0.5024911
1,1,0.7378714,0.5752716,0.47574282
1,1,0.8500412,0.42263758,0.7000824
1,0,0.81407577,0.48025882,0.62815154
0,0,0.9347555,0.24116051,0.869511
1,1,0.9236378,0.2697934,0.8472756
1,1,0.9872093,0.06846359,0.97441864
0,0,0.9895099,0.058241665,0.97901976
1,1,0.82411224,0.4651003,0.6482245
1,0,0.92766345,0.25964138,0.8553269
1,1,0.77874786,0.52848816,0.5574957
0,0,0.99190176,0.04706746,0.9838035
1,0,0.6812651,0.6259122,0.36253026
1,1,0.92143685,0.275246,0.8428737
1,1,0.9898935,0.05649036,0.979787
1,1,0.98742247,0.067535415,0.97484493
1,1,0.98972183,0.057275865,0.97944367
1,1,0.9884366,0.06306811,0.97687316
1,1,0.98742247,0.067535415,0.97484493
1,0,0.6430689,0.65163195,0.2861378
0,0,0.93475264,0.24116811,0.8695053
1,0,0.8059236,0.4920801,0.61184716
0,0,0.8555275,0.41300002,0.71105504
1,0,0.8876379,0.35142556,0.7752758
1,1,0.9902284,0.054949284,0.9804568
0,0,0.9920373,0.046414554,0.9840746
1,1,0.98763204,0.06661925,0.9752641
1,1,0.682419,0.6250326,0.364838
1,1,0.98862946,0.062208477,0.9772589
1,0,0.93367547,0.24402615,0.86735094
1,1,0.5119735,0.6928604,0.023947
1,0,0.91062844,0.30108145,0.8212569
0,0,0.6043184,0.67122185,0.20863679
1,1,0.98862946,0.062208477,0.9772589
0,0,0.9931254,0.041086037,0.98625076
1,1,0.9907102,0.052711993,0.9814204
0,0,0.934755,0.2411617,0.86951005
1,1,0.831538,0.45343906,0.66307604
1,1,0.9880409,0.06482132,0.97608185
1,1,0.98972183,0.057275865,0.97944367
0,0,0.9907681,0.05244164,0.98153615
0,0,0.93475485,0.24116221,0.8695097
1,1,0.9884366,0.06306811,0.97687316
0,0,0.9923628,0.044837236,0.9847256
0,0,0.9920373,0.04641454,0.9840746
0,0,0.86172396,0.4018216,0.7234479
1,1,0.82590157,0.4623257,0.65180314
1,1,0.9241963,0.26839894,0.8483926
0,0,0.99138606,0.049530685,0.9827721
1,1,0.98742247,0.067535415,0.97484493
0,1,0.8751445,0.37648892,0.75028896
1,1,0.98862946,0.062208477,0.9772589
1,1,0.9902284,0.054949284,0.9804568
0,0,0.9921583,0.045829806,0.9843166
0,1,0.63999534,0.65342087,0.27999067
0,0,0.86172384,0.4018218,0.7234477
1,1,0.9363826,0.23680705,0.8727652
0,0,0.9925182,0.044079337,0.9850364
1,1,0.98495966,0.078051254,0.9699193
1,0,0.8006382,0.49951643,0.6012764
0,0,0.9897323,0.05722788,0.97946465
1,1,0.8288792,0.45765898,0.65775836
1,0,0.93367547,0.24402615,0.86735094
0,0,0.9873503,0.06785022,0.97470057
0,0,0.9840857,0.08168083,0.96817136
0,0,0.9935635,0.038893037,0.98712695
0,0,0.9347549,0.24116206,0.8695098
1,1,0.8288792,0.45765898,0.65775836
1,0,0.9450759,0.21276626,0.89015186
1,0,0.843675,0.43352532,0.68735003
1,0,0.8959671,0.33385482,0.79193425
0,0,0.99185723,0.047281444,0.98371446
1,0,0.9019538,0.32076868,0.80390763
1,0,0.74070495,0.57231826,0.4814099
0,0,0.86172396,0.4018216,0.7234479
1,0,0.86172396,0.4018216,0.7234479
1,0,0.9049939,0.3139696,0.8099878
0,0,0.9935027,0.039199106,0.98700535
0,0,0.6687527,0.63505846,0.33750534
0,0,0.9768048,0.11022644,0.9536096
1,1,0.66748714,0.6359439,0.3349743
1,1,0.947968,0.2044554,0.895936
0,0,0.93475544,0.24116063,0.8695109
1,1,0.9766127,0.11094417,0.9532254
1,0,0.93475574,0.24115983,0.8695115
0,0,0.9595273,0.16944349,0.9190546
1,1,0.9898935,0.05649036,0.979787
1,1,0.81417906,0.48010623,0.6283581
0,0,0.6145222,0.66668224,0.22904447
1,1,0.9283827,0.25780246,0.8567654
0,0,0.6834955,0.62420654,0.366991
0,0,0.9875837,0.06683087,0.9751674
1,0,0.74516845,0.5675812,0.49033692
1,1,0.8760683,0.37468612,0.7521366
0,0,0.9910563,0.051089235,0.98211265
0,0,0.9651094,0.1513514,0.9302188
0,0,0.7909563,0.51268685,0.58191264
1,0,0.5997018,0.6731324,0.19940364
1,0,0.8952126,0.3354764,0.7904252
1,0,0.93717384,0.23467399,0.8743477
0,0,0.93475276,0.24116778,0.8695055
1,0,0.61221784,0.6677457,0.22443569
1,0,0.8576182,0.4092637,0.7152364
0,0,0.9920373,0.04641454,0.9840746
0,0,0.98931205,0.05913943,0.9786241
0,0,0.9919341,0.046911716,0.98386824
1,1,0.8288792,0.45765898,0.65775836
0,0,0.99337924,0.03981886,0.9867585
1,0,0.5093437,0.69297254,0.018687367
0,0,0.9347555,0.24116047,0.869511
0,0,0.9571912,0.17677003,0.91438246
0,0,0.9898012,0.056912847,0.97960246
1,1,0.6787194,0.627831,0.3574388
0,0,0.9913403,0.049747728,0.98268056
0,0,0.9920373,0.046414554,0.9840746
1,1,0.9884366,0.06306811,0.97687316
0,0,0.99097085,0.051491234,0.9819417
1,1,0.9880409,0.06482132,0.97608185
1,0,0.9347216,0.24125078,0.8694432
1,0,0.54322386,0.6894059,0.086447716
0,0,0.9874682,0.06733593,0.97493637
0,0,0.9198935,0.27902937,0.839787
0,0,0.86172396,0.4018216,0.7234479
0,0,0.9931252,0.041086823,0.9862504
0,0,0.98781514,0.06581591,0.9756303
1,1,0.93327284,0.24508965,0.8665457
1,1,0.7779332,0.52951145,0.55586636
1,0,0.69787824,0.61265135,0.3957565
1,1,0.98783827,0.06571416,0.97567654
1,1,0.83378947,0.44982636,0.66757894
0,0,0.9548002,0.18413112,0.9096004
0,0,0.8661645,0.39361334,0.732329
0,0,0.9827815,0.08700687,0.96556306
1,1,0.94220084,0.2208684,0.8844017
0,0,0.9867442,0.07047649,0.97348845
0,0,0.99043506,0.053992733,0.9808701
1,1,0.99006236,0.055714805,0.9801247
1,1,0.6962208,0.6140325,0.39244163
0,0,0.9917811,0.04764649,0.98356223
1,1,0.9454908,0.21158418,0.89098155
1,1,0.98763204,0.06661925,0.9752641
1,0,0.6117492,0.6679592,0.22349834
1,0,0.8153707,0.47834104,0.63074136
1,1,0.9236378,0.2697934,0.8472756
1,1,0.9093553,0.30402693,0.81871057
1,0,0.9276227,0.25974542,0.85524535
0,0,0.9899907,0.056044318,0.9799814
0,0,0.86172396,0.4018216,0.7234479
1,0,0.5426628,0.68950254,0.0853256
0,0,0.99190176,0.047067445,0.9838035
1,1,0.94125706,0.22349457,0.8825141
1,1,0.9880409,0.06482132,0.97608185
0,0,0.93475544,0.24116063,0.8695109
0,0,0.9931254,0.04108601,0.98625076
1,1,0.6962208,0.6140325,0.39244163
0,0,0.867067,0.39192444,0.73413396
1,0,0.8474486,0.4271094,0.6948972
1,0,0.8967983,0.3320614,0.7935966
1,0,0.7643765,0.5459825,0.52875304
1,0,0.5378818,0.69027436,0.07576358
0,0,0.9922476,0.045397006,0.98449516
0,0,0.9897052,0.057351753,0.9794104
1,1,0.98972183,0.057275865,0.97944367
0,0,0.9347528,0.24116759,0.86950564
1,1,0.6045732,0.6711138,0.20914638
0,1,0.89658356,0.33252546,0.7931671
1,1,0.9902284,0.054949284,0.9804568
1,0,0.9287389,0.25688887,0.8574778
0,0,0.9347549,0.24116206,0.8695098
1,1,0.98783827,0.06571416,0.97567654
1,1,0.93653035,0.23640954,0.8730607
0,0,0.9928617,0.042392217,0.9857234
1,1,0.9890057,0.06052216,0.97801137
0,0,0.97868985,0.10309505,0.9573797
1,0,0.93717486,0.23467124,0.8743497
0,0,0.9347555,0.2411605,0.869511
1,0,0.648797,0.6481881,0.29759395
0,0,0.9347555,0.24116051,0.869511
0,0,0.9652798,0.15078527,0.93055964
1,1,0.98972183,0.057275865,0.97944367
0,0,0.9444132,0.21464776,0.8888264
0,0,0.8894534,0.3476566,0.7789068
1,0,0.861724,0.40182152,0.72344804
0,0,0.96559566,0.1497335,0.9311913
1,1,0.81674,0.47630098,0.63347995
0,0,0.9929285,0.042062238,0.985857
0,0,0.9347096,0.24128264,0.8694192
1,1,0.98954725,0.05807176,0.9790945
1,1,0.8288792,0.45765898,0.65775836
0,0,0.8576182,0.4092637,0.7152364
0,0,0.93475515,0.24116147,0.8695103
1,1,0.9882405,0.06393874,0.97648096
1,0,0.9714192,0.12977365,0.94283843
1,1,0.6787198,0.6278306,0.35743964
0,0,0.93475515,0.2411614,0.8695103
1,1,0.8495791,0.4234385,0.6991582
1,0,0.9334603,0.24459484,0.8669206
0,0,0.9616139,0.16278069,0.9232278
1,1,0.98972183,0.057275865,0.97944367
1,0,0.9264542,0.26271576,0.8529084
1,0,0.9699672,0.13485627,0.9399344
0,0,0.99325347,0.040447854,0.98650694
1,1,0.9284312,0.25767812,0.8568624
0,0,0.9147319,0.29145098,0.82946384
1,1,0.93002224,0.2535814,0.8600445
1,0,0.86172384,0.4018218,0.7234477
0,0,0.9347545,0.24116316,0.869509
1,1,0.6962208,0.6140325,0.39244163
1,1,0.6962208,0.6140325,0.39244163
0,0,0.9920373,0.046414554,0.9840746
1,0,0.8410195,0.4379754,0.682039
1,1,0.9907102,0.052711993,0.9814204
1,1,0.8288792,0.45765898,0.65775836
1,1,0.9880409,0.06482132,0.97608185
1,1,0.6155271,0.6662114,0.23105419
1,1,0.98783827,0.06571416,0.97567654
1,0,0.88697636,0.35279065,0.7739527
1,1,0.9905523,0.053447925,0.9811046
0,0,0.9347554,0.24116084,0.86951077
1,1,0.79548615,0.5065966,0.5909723
1,1,0.9902284,0.054949284,0.9804568
0,0,0.94290054,0.2189109,0.8858011
1,1,0.9176192,0.28454587,0.83523846
0,0,0.63816607,0.6544661,0.2763321
1,1,0.8083211,0.48864824,0.61664224
1,1,0.9872093,0.06846359,0.97441864
0,0,0.9347554,0.24116084,0.86951077
1,1,0.6622437,0.639536,0.32448745
0,0,0.9347555,0.24116051,0.869511
0,0,0.99190176,0.047067445,0.9838035
0,0,0.98890394,0.06097942,0.9778079
1,1,0.9905523,0.053447925,0.9811046
0,0,0.9439138,0.2160598,0.88782763
1,0,0.8857641,0.35528085,0.77152824
1,1,0.65459573,0.6445552,0.30919147
0,0,0.93475413,0.24116407,0.86950827
1,1,0.8967466,0.33217323,0.79349315
1,1,0.9207577,0.27691486,0.8415154
0,0,0.9845961,0.079567306,0.96919215
0,0,0.9020021,0.3206615,0.8040042
1,0,0.82239664,0.46773982,0.6447933
1,1,0.9005796,0.32380766,0.80115914
1,0,0.8338076,0.4497971,0.6676152
1,1,0.9475168,0.20576295,0.8950336
1,0,0.8903437,0.34579605,0.78068745
0,0,0.9917036,0.048017636,0.98340726
1,0,0.9714192,0.12977365,0.94283843
1,1,0.9236378,0.2697934,0.8472756
1,1,0.93603176,0.23774947,0.8720635
1,1,0.93183285,0.24887192,0.8636657
1,1,0.66898733,0.63489354,0.33797467
1,1,0.7902608,0.51361096,0.5805216
0,0,0.9874513,0.06740945,0.97490263
0,0,0.98197,0.09026984,0.96394
0,0,0.9627917,0.1589682,0.92558336
1,1,0.9238657,0.269225,0.84773135
1,0,0.8456743,0.43013966,0.69134855
0,0,0.9247325,0.267056,0.849465
1,0,0.81399775,0.48037398,0.6279955
1,0,0.7843912,0.52129364,0.56878245
1,0,0.6757548,0.63002807,0.35150957
0,0,0.9898012,0.056912884,0.97960246
1,0,0.729162,0.5840906,0.45832393
1,1,0.92299545,0.27139178,0.8459909
0,0,0.84354943,0.43373698,0.68709886
0,0,0.93475497,0.24116191,0.86950994
0,0,0.74316263,0.56972283,0.48632523
0,0,0.9935026,0.039199412,0.98700523
0,0,0.9920373,0.046414554,0.9840746
1,1,0.9872093,0.06846359,0.97441864
0,0,0.72693634,0.58628225,0.45387265
0,0,0.9741222,0.120106965,0.94824445
1,1,0.94491917,0.213212,0.88983834
0,0,0.93475544,0.24116066,0.8695109
1,1,0.9384842,0.23111811,0.8769684
0,0,0.98262846,0.08762516,0.9652569
1,0,0.93484545,0.24092099,0.8696909
1,1,0.6962209,0.6140324,0.39244175
0,1,0.8288792,0.45765898,0.65775836
1,0,0.6324033,0.6576642,0.26480663
0,0,0.93475544,0.24116063,0.8695109
1,0,0.8903437,0.34579605,0.78068745
1,1,0.98783827,0.06571416,0.97567654
1,1,0.98862946,0.062208477,0.9772589
1,1,0.92737985,0.26036435,0.8547597
0,0,0.86172396,0.4018216,0.7234479
1,1,0.69621986,0.6140332,0.39243972
0,0,0.9677316,0.14254108,0.9354632
1,1,0.9888192,0.061359704,0.97763836
1,0,0.8952126,0.3354764,0.7904252
1,1,0.93704313,0.2350271,0.87408626
1,1,0.8089747,0.48770624,0.61794937
1,1,0.9888192,0.061359704,0.97763836
1,0,0.93475574,0.24115983,0.8695115
0,0,0.9908869,0.05188515,0.98177385
1,0,0.861724,0.40182152,0.72344804
1,1,0.94094145,0.2243692,0.8818829
1,0,0.9714192,0.12977365,0.94283843
0,0,0.99178034,0.047650196,0.9835607
1,0,0.93475574,0.24115983,0.8695115
1,1,0.93704313,0.2350271,0.87408626
0,0,0.9898013,0.056912564,0.9796026
0,0,0.86131346,0.40257198,0.7226269
0,0,0.98991716,0.056381803,0.9798343
1,0,0.8967983,0.3320614,0.7935966
1,1,0.9450432,0.2128593,0.8900864
1,0,0.9146547,0.2916342,0.82930934
1,1,0.6962209,0.6140324,0.39244175
1,0,0.86080265,0.40350372,0.7216053
1,1,0.9907102,0.052711993,0.9814204
1,1,0.93500525,0.24049512,0.8700105
1,1,0.81417906,0.48010623,0.6283581
0,0,0.99162525,0.048392046,0.9832505
0,0,0.9519901,0.19261321,0.90398026
0,0,0.9347555,0.24116051,0.869511
0,0,0.93475556,0.24116036,0.8695111
1,1,0.940407,0.22584625,0.88081396
1,0,0.62259936,0.6627773,0.24519873
1,1,0.500851,0.69314575,0.001701951
1,1,0.7791242,0.5280142,0.5582484
1,1,0.9279406,0.25893366,0.8558812
0,0,0.8596837,0.40553725,0.7193674
1,1,0.7728357,0.5358272,0.54567134
0,0,0.98735046,0.06784946,0.9747009
0,1,0.6191982,0.6644553,0.2383964
1,0,0.80435693,0.4943028,0.60871387
0,0,0.9347555,0.24116047,0.869511
0,0,0.78362274,0.5222844,0.5672455
1,1,0.99006236,0.055714805,0.9801247
1,0,0.82085407,0.47009593,0.64170814
0,0,0.8982351,0.32894373,0.79647017
1,0,0.85761833,0.40926343,0.71523666
1,1,0.9412671,0.2234668,0.88253415
1,0,0.90314543,0.31811628,0.80629086
1,1,0.94666404,0.20822303,0.8933281
0,0,0.934755,0.2411617,0.86951005
1,1,0.9898935,0.05649036,0.979787
1,1,0.98936975,0.058877952,0.9787395
0,0,0.9393921,0.2286369,0.8787842
1,1,0.98972183,0.057275865,0.97944367
1,1,0.98742247,0.067535415,0.97484493
1,1,0.6962209,0.6140324,0.39244175
0,0,0.8638654,0.39788413,0.72773075
0,0,0.9861776,0.07290637,0.97235525
0,0,0.8102485,0.48586243,0.620497
1,0,0.8186048,0.4735025,0.63720965
1,1,0.98742247,0.067535415,0.97484493
0,0,0.9896083,0.057793744,0.9792166
0,0,0.99044925,0.053926893,0.9808985
1,1,0.99039173,0.054193627,0.98078346
1,1,0.6229144,0.66261935,0.24582875
0,0,0.99223155,0.04547483,0.9844631
0,0,0.95355904,0.18789937,0.9071181
0,0,0.926447,0.26273406,0.85289395
1,1,0.9905523,0.053447925,0.9811046
1,1,0.8288792,0.45765898,0.65775836
0,0,0.86172384,0.4018218,0.7234477
0,0,0.9583407,0.17318207,0.9166814
1,0,0.81736404,0.47536707,0.6347281
1,0,0.90056145,0.32384762,0.8011229
0,0,0.93475294,0.2411673,0.8695059
1,1,0.98918927,0.059694607,0.97837853
1,0,0.89521265,0.3354763,0.7904253
0,0,0.9935026,0.0391993,0.98700523
1,1,0.699808,0.6110269,0.399616
1,0,0.8497979,0.4230595,0.6995958
1,1,0.9428608,0.21902232,0.88572156
0,0,0.9680259,0.14153871,0.93605185
1,0,0.90930486,0.30414316,0.8186097
0,1,0.7923546,0.51082027,0.58470917
1,1,0.9890057,0.06052216,0.97801137
1,0,0.5510967,0.6879163,0.102193356
1,0,0.8967983,0.3320614,0.7935966
1,0,0.65615666,0.6435518,0.3123133
1,0,0.70539564,0.606223,0.41079128
1,1,0.8288792,0.45765898,0.65775836
1,0,0.56551087,0.6845391,0.13102177
1,0,0.93475574,0.24115983,0.8695115
0,0,0.95116067,0.1950835,0.90232134
1,1,0.64778477,0.64880717,0.29556954
1,1,0.8000139,0.50038314,0.6000278
0,0,0.94963485,0.199589,0.8992697
1,1,0.80131334,0.49857634,0.6026267
1,0,0.9371708,0.23468225,0.8743416
0,0,0.9930599,0.041411333,0.98611975
0,0,0.9347554,0.24116075,0.86951077
1,0,0.8324192,0.4520294,0.66483843
1,1,0.98972183,0.057275865,0.97944367
1,1,0.6962208,0.6140325,0.39244163
0,0,0.934753,0.24116714,0.869506
1,0,0.93717486,0.23467124,0.8743497
0,0,0.86172396,0.4018216,0.7234479
1,1,0.9880409,0.06482132,0.97608185
1,0,0.8781613,0.37057248,0.7563226
0,0,0.9749338,0.11714925,0.9498676
1,1,0.99039173,0.054193627,0.98078346
1,1,0.50514114,0.6930944,0.010282278
1,0,0.8817516,0.3634205,0.7635032
1,1,0.9884366,0.06306811,0.97687316
1,1,0.9457982,0.21070603,0.89159644
1,0,0.62665796,0.66071045,0.25331596
1,1,0.82425815,0.46487486,0.6485163
1,1,0.9890057,0.06052216,0.97801137
0,0,0.81772894,0.4748198,0.6354579
0,0,0.9924476,0.044423893,0.9848952
0,0,0.93475443,0.24116331,0.86950886
0,0,0.98498166,0.07795924,0.9699633
1,1,0.9905523,0.053447925,0.9811046
0,0,0.93475544,0.24116063,0.8695109
0,0,0.9887995,0.0614479,0.977599
1,1,0.9882405,0.06393874,0.97648096
0,0,0.9920095,0.04654845,0.98401904
1,1,0.5294313,0.69141376,0.058862567
0,0,0.98636854,0.07209028,0.9727371
0,0,0.98941153,0.058688384,0.97882307
1,1,0.554851,0.68711776,0.10970199
1,1,0.9872093,0.06846359,0.97441864
1,1,0.93803966,0.23232773,0.8760793
0,0,0.9347549,0.24116206,0.8695098
1,0,0.8238056,0.46557358,0.64761114
0,0,0.9935635,0.038892966,0.98712695
1,1,0.98936975,0.058877952,0.9787395
1,0,0.8297312,0.45631212,0.65946245
0,0,0.86172396,0.4018216,0.7234479
0,0,0.93475515,0.2411614,0.8695103
1,1,0.7602515,0.55078983,0.52050304
1,0,0.93367547,0.24402615,0.86735094
1,1,0.8288792,0.45765898,0.65775836
0,0,0.9718847,0.12812833,0.94376945
1,1,0.9412671,0.2234668,0.88253415
1,0,0.85968375,0.40553713,0.7193675
0,0,0.86172396,0.4018216,0.7234479
1,1,0.64941853,0.64780587,0.29883707
1,1,0.63418657,0.6566899,0.26837313
1,0,0.8198974,0.471549,0.6397948
1,1,0.9399886,0.22699887,0.8799772
1,1,0.98763204,0.06661925,0.9752641
0,0,0.9347529,0.24116749,0.86950576
0,0,0.99176663,0.047715884,0.98353326
1,1,0.94220084,0.2208684,0.8844017
1,1,0.99039173,0.054193627,0.98078346
0,0,0.6467377,0.6494428,0.29347536
1,0,0.6958988,0.6142993,0.39179754
0,0,0.98583317,0.07437215,0.97166634
0,0,0.9925882,0.043736573,0.98517644
0,0,0.9859811,0.073743775,0.9719622
0,0,0.93475515,0.24116144,0.8695103
0,0,0.9284888,0.2575306,0.8569776
0,0,0.98326296,0.08505281,0.9665259
1,1,0.5917121,0.67622936,0.18342423
0,0,0.9347553,0.24116093,0.86951065
1,0,0.75146866,0.5607159,0.5029373
1,1,0.9907102,0.052711993,0.9814204
1,1,0.6962209,0.6140324,0.39244175
1,1,0.9694465,0.13666102,0.93889296
0,0,0.9347555,0.24116044,0.869511
0,0,0.9870225,0.06927411,0.97404504
0,0,0.99306023,0.04140966,0.98612046
1,0,0.7799577,0.52696145,0.5599154
1,1,0.9888192,0.061359704,0.97763836
1,1,0.8951602,0.33558878,0.7903204
1,1,0.98763204,0.06661925,0.9752641
1,1,0.9236378,0.2697934,0.8472756
1,0,0.68284345,0.6247076,0.36568692
0,0,0.59116274,0.67643255,0.18232548
1,0,0.9348546,0.24089655,0.86970925
0,0,0.9935027,0.03919909,0.98700535
0,0,0.9590906,0.17082368,0.9181812
1,1,0.94094145,0.2243692,0.8818829
1,1,0.7691925,0.5402502,0.53838503
0,0,0.93475544,0.24116065,0.8695109
0,1,0.91073596,0.30083174,0.8214719
0,0,0.99178106,0.047646694,0.9835621
1,1,0.93000245,0.2536326,0.8600049
1,1,0.8288792,0.45765898,0.65775836
0,0,0.8841748,0.3585236,0.76834965
0,0,0.99190176,0.047067445,0.9838035
1,1,0.8288792,0.45765898,0.65775836
0,0,0.9923043,0.045121673,0.98460865
0,0,0.8246999,0.4641915,0.64939976
0,0,0.86172396,0.4018216,0.7234479
0,0,0.99043804,0.05397873,0.9808761
1,0,0.9113423,0.29942116,0.82268465
0,0,0.93475544,0.24116066,0.8695109
1,0,0.9265255,0.2625351,0.85305095
1,1,0.9907102,0.052711993,0.9814204
0,0,0.97492355,0.11718677,0.9498471
1,1,0.6962209,0.6140324,0.39244175
0,0,0.9347551,0.2411616,0.8695102
1,0,0.80122805,0.49869525,0.6024561
0,0,0.9920373,0.046414554,0.9840746
0,0,0.86172396,0.4018216,0.7234479
1,0,0.79633296,0.5054442,0.5926659
0,0,0.86172396,0.4018216,0.7234479
1,1,0.98936975,0.058877952,0.9787395
1,0,0.6755183,0.63020164,0.35103652
1,0,0.6575969,0.64261657,0.31519377
1,1,0.9905523,0.053447925,0.9811046
1,1,0.98936975,0.058877952,0.9787395
0,0,0.9347555,0.24116047,0.869511
1,1,0.94220084,0.2208684,0.8844017
0,0,0.99190176,0.04706746,0.9838035
0,0,0.9347536,0.24116555,0.8695072
1,0,0.8362446,0.44584507,0.67248917
1,0,0.9063769,0.31084117,0.8127538
1,0,0.92357695,0.2699451,0.8471539
0,0,0.9920373,0.046414554,0.9840746
1,0,0.53834945,0.69020295,0.0766989
0,0,0.9914037,0.049446996,0.9828074
1,1,0.9403192,0.22608837,0.88063836
1,1,0.9241068,0.2686228,0.84821355
0,0,0.99190176,0.047067445,0.9838035
0,0,0.99178064,0.047648698,0.9835613
0,1,0.9093429,0.3040555,0.81868577
0,0,0.86172396,0.4018216,0.7234479
1,1,0.5458594,0.6889351,0.09171879
0,0,0.99190176,0.047067445,0.9838035
0,0,0.93475556,0.2411603,0.8695111
0,0,0.93475515,0.2411614,0.8695103
1,1,0.9872093,0.06846359,0.97441864
1,1,0.9902284,0.054949284,0.9804568
1,1,0.92265993,0.27222434,0.84531987
0,0,0.9347555,0.24116047,0.869511
1,0,0.64542073,0.6502354,0.29084146
1,1,0.78456366,0.5210709,0.5691273
0,0,0.9928617,0.042392187,0.9857234
0,0,0.990574,0.0533469,0.981148
0,0,0.9259647,0.26395404,0.8519294
0,0,0.86172396,0.4018216,0.7234479
0,1,0.60325223,0.6716709,0.20650446
0,0,0.9702895,0.13373435,0.94057906
0,0,0.9934044,0.03969264,0.9868088
1,1,0.6962208,0.6140325,0.39244163
0,0,0.9899902,0.056046654,0.97998035
0,0,0.9168811,0.28632152,0.83376217
0,0,0.8519185,0.41936672,0.70383704
0,0,0.93475527,0.2411611,0.86951053
0,0,0.86172396,0.4018216,0.7234479
0,0,0.99350256,0.039199695,0.9870051
0,0,0.9925883,0.043736488,0.98517656
1,1,0.98763204,0.06661925,0.9752641
0,0,0.9920373,0.046414554,0.9840746
1,1,0.9890057,0.06052216,0.97801137
1,1,0.8288792,0.45765898,0.65775836
1,0,0.5876997,0.67768484,0.17539942
1,1,0.9898935,0.05649036,0.979787
0,0,0.9544026,0.185342,0.90880525
0,0,0.98865557,0.062091872,0.97731113
0,0,0.59282625,0.6758134,0.18565252
1,1,0.8076866,0.48956,0.61537325
0,1,0.6735743,0.6316184,0.34714866
1,1,0.9390214,0.2296517,0.8780428
1,1,0.9907102,0.052711993,0.9814204
1,0,0.836823,0.4449007,0.673646
1,1,0.8288792,0.45765898,0.65775836
0,0,0.9920373,0.046414554,0.9840746
1,1,0.9322856,0.24768627,0.8645712
0,0,0.98517305,0.077157274,0.9703461
0,0,0.9347555,0.24116051,0.869511
0,0,0.86172396,0.4018216,0.7234479
1,1,0.89500004,0.33593214,0.7900001
0,0,0.9790817,0.10159175,0.9581634
1,1,0.8288792,0.45765898,0.65775836
0,0,0.9636559,0.15614621,0.9273118
1,1,0.9195071,0.2799716,0.8390142
0,0,0.9927944,0.042724095,0.9855888
1,1,0.9902284,0.054949284,0.9804568
1,1,0.51224315,0.6928474,0.024486303
1,0,0.8524556,0.4184258,0.70491123
0,0,0.96161175,0.16278762,0.9232235
0,0,0.99071425,0.052692957,0.9814285
0,0,0.9915461,0.048769705,0.9830922
0,0,0.9914213,0.04936333,0.98284256
1,1,0.6962208,0.6140325,0.39244163
1,0,0.6560618,0.64361316,0.31212366
1,1,0.88367534,0.35953763,0.7673507
0,0,0.92255276,0.27248996,0.8451055
1,0,0.93367547,0.24402615,0.86735094
1,1,0.9236378,0.2697934,0.8472756
1,1,0.9907102,0.052711993,0.9814204
1,1,0.9295538,0.2547916,0.8591076
1,1,0.9374944,0.23380682,0.8749888
1,1,0.6962209,0.6140324,0.39244175
0,0,0.99325347,0.040447727,0.98650694
1,1,0.8288792,0.45765898,0.65775836
0,0,0.9347552,0.24116129,0.8695104
0,0,0.85552746,0.41300008,0.7110549
1,0,0.81577194,0.47774452,0.6315439
0,0,0.9347549,0.24116206,0.8695098
1,0,0.89521265,0.3354763,0.7904253
1,1,0.76895946,0.54053056,0.5379189
0,0,0.99258816,0.043736916,0.9851763
0,0,0.9920095,0.046548463,0.98401904
1,1,0.5917478,0.67621607,0.18349564
1,0,0.8385371,0.44208777,0.6770742
1,0,0.78968686,0.5143713,0.5793737
0,0,0.9347553,0.24116093,0.86951065
0,0,0.9907134,0.05269706,0.98142684
0,0,0.9347555,0.2411605,0.869511
0,0,0.9915953,0.048534863,0.98319066
1,1,0.98972183,0.057275865,0.97944367
1,1,0.9872093,0.06846359,0.97441864
1,0,0.8936228,0.33887327,0.78724563
1,1,0.5063793,0.69306576,0.012758613
0,0,0.991384,0.04954017,0.98276806
1,0,0.5369581,0.6904129,0.0739162
1,1,0.9329059,0.24605656,0.8658118
1,1,0.8288792,0.45765898,0.65775836
0,0,0.99146646,0.049148593,0.9829329
0,0,0.9937427,0.037987337,0.9874854
1,1,0.99039173,0.054193627,0.98078346
1,1,0.9888192,0.061359704,0.97763836
1,1,0.9872093,0.06846359,0.97441864
0,0,0.9347552,0.24116126,0.8695104
0,0,0.9347549,0.24116209,0.8695098
0,0,0.93475556,0.2411603,0.8695111
0,0,0.9871449,0.06874344,0.9742898
1,1,0.9905523,0.053447925,0.9811046
1,1,0.9400474,0.22683713,0.88009477
0,0,0.99190176,0.04706746,0.9838035
0,1,0.5448603,0.68911684,0.08972061
0,0,0.602639,0.6719271,0.20527804
1,0,0.92798203,0.25882778,0.85596406
1,0,0.861724,0.40182152,0.72344804
1,0,0.93153644,0.24964643,0.8630729
1,1,0.69621986,0.6140332,0.39243972
1,1,0.82883406,0.45773017,0.6576681
1,1,0.9907102,0.052711993,0.9814204
0,0,0.9487219,0.20226145,0.8974438
0,0,0.98699075,0.06941167,0.9739815
1,0,0.5678719,0.6839055,0.13574383
1,0,0.85761833,0.40926343,0.71523666
0,0,0.98649526,0.07154713,0.9729905
0,0,0.9832051,0.08528852,0.96641016
1,1,0.99039173,0.054193627,0.98078346
0,0,0.73316264,0.5800878,0.4663253
0,0,0.93475527,0.2411611,0.86951053
0,0,0.93475527,0.24116114,0.86951053
0,0,0.97561574,0.114643246,0.9512315
1,1,0.8288792,0.45765898,0.65775836
0,0,0.93475527,0.24116114,0.86951053
0,0,0.86172396,0.4018216,0.7234479
1,1,0.92299545,0.27139178,0.8459909
1,0,0.53308415,0.6909565,0.06616831
1,1,0.9602361,0.16719316,0.92047215
1,1,0.9890057,0.06052216,0.97801137
0,0,0.86172396,0.4018216,0.7234479
0,0,0.9921444,0.04589709,0.9842888
1,0,0.9349103,0.24074821,0.8698206
0,0,0.991386,0.049531,0.982772
1,0,0.64542073,0.6502354,0.29084146
0,0,0.9347555,0.24116047,0.869511
0,0,0.9809333,0.09438427,0.9618666
0,0,0.9920373,0.046414554,0.9840746
0,0,0.9895713,0.05796241,0.97914255
0,0,0.98571694,0.074864656,0.9714339
1,0,0.9704589,0.1331432,0.94091785
0,0,0.8177041,0.4748571,0.63540816
0,0,0.9347555,0.24116051,0.869511
1,0,0.70223033,0.6089627,0.40446064
0,0,0.93475294,0.24116728,0.8695059
1,1,0.8288792,0.45765898,0.65775836
1,0,0.7575043,0.55393964,0.51500857
0,0,0.9347533,0.2411663,0.8695066
1,1,0.94094145,0.2243692,0.8818829
0,0,0.9903592,0.05434451,0.9807184
0,0,0.62039626,0.6638698,0.24079251
0,0,0.9854443,0.07601653,0.9708886
1,1,0.98742247,0.067535415,0.97484493
1,0,0.8592171,0.40638214,0.7184342
0,0,0.869388,0.38754848,0.73877597
1,1,0.8013209,0.4985658,0.6026418
1,1,0.9431207,0.21829298,0.88624144
1,1,0.65606034,0.64361405,0.31212068
1,1,0.9884366,0.06306811,0.97687316
1,1,0.9882405,0.06393874,0.97648096
1,1,0.9898935,0.05649036,0.979787
1,0,0.89032596,0.34583333,0.7806519
1,1,0.98918927,0.059694607,0.97837853
1,1,0.9907102,0.052711993,0.9814204
1,1,0.8757233,0.37536028,0.7514466
0,0,0.9819701,0.090269625,0.96394014
1,1,0.98936975,0.058877952,0.9787395
1,1,0.99039173,0.054193627,0.98078346
0,0,0.99078673,0.05235421,0.98157346
0,0,0.86172396,0.4018216,0.7234479
1,1,0.9905523,0.053447925,0.9811046
1,1,0.9902284,0.054949284,0.9804568
0,0,0.9347553,0.24116102,0.86951065
1,0,0.565178,0.6846266,0.13035595
0,0,0.9916253,0.048391867,0.9832506
0,0,0.97350293,0.12234636,0.94700587
1,1,0.9888192,0.061359704,0.97763836
0,0,0.8227893,0.46713746,0.6455786
0,0,0.934028,0.24309275,0.86805606
0,0,0.99318784,0.040775053,0.9863757
1,1,0.98972183,0.057275865,0.97944367
1,1,0.9907102,0.052711993,0.9814204
1,1,0.8288792,0.45765898,0.65775836
0,0,0.86172396,0.4018216,0.7234479
1,1,0.98742247,0.067535415,0.97484493
0,0,0.9347555,0.24116047,0.869511
0,0,0.89095634,0.3445112,0.7819127
0,0,0.9514162,0.19432403,0.9028324
1,1,0.925054,0.26624876,0.850108
1,1,0.9882405,0.06393874,0.97648096
0,0,0.68346345,0.6242312,0.36692694
1,1,0.98862946,0.062208477,0.9772589
0,0,0.90349615,0.31733254,0.8069923
1,1,0.98742247,0.067535415,0.97484493
1,1,0.98862946,0.062208477,0.9772589
1,1,0.6962208,0.6140325,0.39244163
1,1,0.9260865,0.26364633,0.852173
1,1,0.9898935,0.05649036,0.979787
1,1,0.9236378,0.2697934,0.8472756
1,1,0.9880409,0.06482132,0.97608185
1,1,0.9907102,0.052711993,0.9814204
1,0,0.8502908,0.42220438,0.70058155
1,1,0.98954725,0.05807176,0.9790945
1,0,0.81293076,0.48194534,0.6258615
1,1,0.9905523,0.053447925,0.9811046
1,0,0.8763288,0.37417632,0.75265765
0,0,0.991934,0.046912286,0.983868
1,1,0.8036667,0.49527705,0.6073334
0,0,0.9347515,0.24117106,0.869503
1,1,0.8171493,0.47568876,0.63429856
0,0,0.9431068,0.21833208,0.88621354
0,0,0.9347555,0.24116044,0.869511
1,1,0.74512774,0.5676248,0.49025548
1,1,0.82425815,0.46487486,0.6485163
1,0,0.89521265,0.3354763,0.7904253
1,0,0.85968375,0.40553713,0.7193675
0,0,0.9046212,0.3148089,0.80924237
0,0,0.9803968,0.0964908,0.9607936
1,1,0.9296389,0.25457194,0.85927784
1,1,0.98763204,0.06661925,0.9752641
0,0,0.579255,0.6805314,0.15851
1,1,0.98954725,0.05807176,0.9790945
1,0,0.9347216,0.24125078,0.8694432
1,0,0.90828097,0.3064971,0.81656194
0,0,0.99208426,0.046187855,0.9841685
0,0,0.9923763,0.044771455,0.98475266
1,0,0.9276135,0.25976875,0.855227
1,0,0.80355185,0.4954389,0.6071037
1,1,0.7342157,0.5790206,0.46843135
0,0,0.970831,0.13184161,0.94166195
0,0,0.93475497,0.24116191,0.86950994
0,0,0.98735017,0.0678507,0.97470033
0,0,0.9347554,0.24116075,0.86951077
1,0,0.57620394,0.6814877,0.15240788
1,1,0.58406085,0.6789474,0.1681217
1,1,0.9907102,0.052711993,0.9814204
1,1,0.99006236,0.055714805,0.9801247
1,1,0.6962209,0.6140324,0.39244175
1,0,0.86172396,0.4018216,0.7234479
1,0,0.85244423,0.41844583,0.70488846
0,0,0.9935634,0.038893215,0.9871268
1,1,0.93991524,0.22720069,0.8798305
1,0,0.529891,0.69135916,0.05978203
1,1,0.9373889,0.23409243,0.8747778
0,0,0.9925882,0.04373663,0.98517644
1,1,0.8063309,0.49149963,0.61266184
0,1,0.53614664,0.69053173,0.07229328
0,0,0.9718844,0.12812936,0.94376886
1,1,0.7517299,0.56042665,0.5034598
1,1,0.69621986,0.6140332,0.39243972
1,1,0.9907102,0.052711993,0.9814204
0,0,0.99122274,0.050304085,0.9824455
1,0,0.71931136,0.59360254,0.43862268
1,1,0.99039173,0.054193627,0.98078346
0,0,0.90927047,0.30422243,0.81854093
1,1,0.9885035,0.06277016,0.97700703
0,0,0.9347532,0.24116665,0.86950636
0,0,0.99223167,0.045474403,0.98446333
1,1,0.9884366,0.06306811,0.97687316
0,0,0.9931253,0.041086275,0.98625064
1,1,0.6962208,0.6140325,0.39244163
1,0,0.63655543,0.65537435,0.2731109
0,0,0.98163164,0.09161932,0.9632633
0,0,0.93157184,0.24955398,0.8631437
1,1,0.94086915,0.22456929,0.8817383
1,1,0.9888192,0.061359704,0.97763836
1,1,0.6773039,0.62888503,0.35460782
1,0,0.83212197,0.45250556,0.66424394
0,0,0.9936238,0.038588785,0.9872476
1,1,0.8089746,0.48770636,0.61794925
0,0,0.9962338,0.024780693,0.99246764
1,1,0.6962208,0.6140325,0.39244163
0,0,0.8261805,0.4618911,0.65236104
1,1,0.98918927,0.059694607,0.97837853
0,0,0.8838992,0.3590834,0.7677984
0,0,0.97028977,0.13373345,0.94057953
1,1,0.8047566,0.49373728,0.60951316
1,0,0.85968375,0.40553713,0.7193675
1,1,0.9888192,0.061359704,0.97763836
0,0,0.99157846,0.048615262,0.9831569
1,0,0.8007659,0.49933887,0.60153174
1,1,0.9890057,0.06052216,0.97801137
1,1,0.9394296,0.22853418,0.87885916
1,1,0.9453915,0.21186742,0.89078295
1,1,0.9907102,0.052711993,0.9814204
0,1,0.5519969,0.6877301,0.10399377
1,0,0.710088,0.60207283,0.42017606
1,1,0.9880409,0.06482132,0.97608185
1,1,0.569969,0.6833237,0.139938
1,1,0.9880409,0.06482132,0.97608185
1,1,0.92265993,0.27222434,0.84531987
1,1,0.6962208,0.6140325,0.39244163
0,0,0.9916247,0.048394673,0.9832494
0,0,0.9877005,0.06631902,0.97540104
1,1,0.9888192,0.061359704,0.97763836
1,1,0.925054,0.26624876,0.850108
1,1,0.9880409,0.06482132,0.97608185
0,0,0.9920373,0.046414554,0.9840746
0,0,0.9935634,0.038893387,0.9871268
1,1,0.98954725,0.05807176,0.9790945
1,1,0.92143685,0.275246,0.8428737
1,0,0.8835192,0.35985416,0.76703835
0,0,0.84393024,0.4330948,0.6878605
0,0,0.9579611,0.17437068,0.91592216
1,0,0.6211436,0.6635015,0.24228719
0,0,0.989031,0.060408138,0.97806203
1,0,0.842026,0.43629497,0.684052
1,1,0.98862946,0.062208477,0.9772589
1,1,0.94220084,0.2208684,0.8844017
1,0,0.74308467,0.5698056,0.48616934
0,0,0.9881523,0.06432914,0.97630465
0,0,0.99087083,0.051960427,0.98174167
1,1,0.69621986,0.6140332,0.39243972
1,0,0.6947745,0.6152271,0.389549
1,1,0.9872038,0.06848769,0.97440755
0,1,0.5500569,0.6881274,0.10011375
1,1,0.98918927,0.059694607,0.97837853
0,0,0.86172396,0.4018216,0.7234479
1,1,0.8270874,0.46047458,0.6541748
1,1,0.9236378,0.2697934,0.8472756
0,0,0.6133039,0.66724724,0.2266078
0,0,0.93475175,0.24117047,0.8695035
0,0,0.86172396,0.4018216,0.7234479
0,0,0.930053,0.25350186,0.860106
1,1,0.9339633,0.24326432,0.8679266
1,1,0.94666404,0.20822303,0.8933281
1,0,0.6499677,0.64746666,0.2999353
0,0,0.96670306,0.14602216,0.9334061
0,0,0.99112433,0.0507687,0.98224866
0,0,0.9886942,0.061919305,0.9773884
0,0,0.9803972,0.09648918,0.96079445
1,0,0.6049979,0.6709331,0.20999575
1,0,0.56787145,0.6839056,0.1357429
0,0,0.99356335,0.038893547,0.9871267
1,0,0.6660953,0.6369095,0.33219063
1,1,0.78387654,0.5219576,0.5677531
1,1,0.98936975,0.058877952,0.9787395
0,0,0.93475527,0.2411611,0.86951053
1,1,0.6989646,0.61173904,0.3979292
1,1,0.9888192,0.061359704,0.97763836
0,1,0.8288881,0.45764485,0.65777624
0,0,0.94340944,0.21748143,0.8868189
0,0,0.99374247,0.037988555,0.98748493
0,0,0.99374264,0.037987623,0.9874853
1,0,0.96946746,0.13658854,0.9389349
0,0,0.99333143,0.040058244,0.98666286
0,0,0.99190176,0.047067445,0.9838035
0,1,0.7803235,0.5264982,0.560647
1,1,0.99039173,0.054193627,0.98078346
1,1,0.98862946,0.062208477,0.9772589
0,0,0.9920373,0.046414554,0.9840746
1,1,0.98742247,0.067535415,0.97484493
1,0,0.84966564,0.42328864,0.6993313
0,0,0.86172396,0.4018216,0.7234479
1,0,0.9347216,0.24125078,0.8694432
1,1,0.93803966,0.23232773,0.8760793
1,0,0.56885433,0.6836351,0.13770866
0,0,0.9347555,0.24116051,0.869511
1,1,0.98918927,0.059694607,0.97837853
0,0,0.86172396,0.4018216,0.7234479
0,0,0.9347555,0.2411605,0.869511
0,0,0.7742798,0.5340531,0.54855955
0,0,0.99356335,0.038893696,0.9871267
1,0,0.93475574,0.24115983,0.8695115
1,1,0.98972183,0.057275865,0.97944367
1,0,0.5558612,0.6868932,0.11172235
1,0,0.5365958,0.6904663,0.07319161
1,1,0.99006236,0.055714805,0.9801247
1,0,0.5515717,0.6878184,0.10314345
1,0,0.85968375,0.40553713,0.7193675
0,0,0.9347555,0.2411605,0.869511
0,0,0.99223155,0.045474958,0.9844631
1,1,0.93603176,0.23774947,0.8720635
0,0,0.9912225,0.05030524,0.982445
1,1,0.6962208,0.6140325,0.39244163
0,0,0.8875897,0.35152522,0.7751794
1,1,0.81900686,0.4728961,0.6380137
0,0,0.99215806,0.045831047,0.9843161
0,0,0.5799194,0.680318,0.1598388
0,0,0.96226865,0.16066605,0.9245373
1,1,0.9907102,0.052711993,0.9814204
1,1,0.6962208,0.6140325,0.39244163
1,0,0.62755775,0.6602427,0.25511548
1,1,0.7121316,0.600232,0.42426324
0,0,0.98498213,0.07795731,0.96996427
1,1,0.9212897,0.27560815,0.84257936
0,0,0.9347554,0.24116075,0.86951077
1,1,0.50483173,0.69310045,0.009663463
0,0,0.86172396,0.4018216,0.7234479
1,0,0.8817611,0.36340144,0.76352215
1,0,0.7561153,0.5555165,0.51223063
1,1,0.9236378,0.2697934,0.8472756
0,0,0.93475544,0.24116059,0.8695109
1,1,0.9160212,0.28838095,0.83204246
0,0,0.97869,0.103094466,0.95738006
1,1,0.9238657,0.269225,0.84773135
0,0,0.86172396,0.4018216,0.7234479
1,0,0.93475574,0.24115983,0.8695115
1,1,0.9226462,0.2722583,0.84529245
0,1,0.74948174,0.5629038,0.49896348
0,0,0.99035907,0.05434501,0.98071814
1,1,0.98918927,0.059694607,0.97837853
1,0,0.5772729,0.681157,0.15454578
1,1,0.92622536,0.2632951,0.8524507
0,0,0.9347553,0.24116099,0.86951065
1,1,0.7982335,0.5028416,0.596467
1,1,0.6962208,0.6140325,0.39244163
1,0,0.64542073,0.6502354,0.29084146
1,1,0.98918927,0.059694607,0.97837853
0,0,0.60526323,0.6708198,0.21052647
0,0,0.95946056,0.16965477,0.9189211
0,0,0.9935026,0.039199315,0.98700523
0,0,0.93475544,0.24116063,0.8695109
1,1,0.51678914,0.6925833,0.033578277
0,0,0.994491,0.034148317,0.98898196
0,0,0.9347522,0.24116918,0.86950445
0,0,0.6797782,0.6270365,0.35955647
0,0,0.9347547,0.2411625,0.86950946
1,1,0.61597496,0.66600025,0.23194993
0,0,0.86554253,0.3947732,0.73108506
1,0,0.6262088,0.6609426,0.25241753
0,0,0.9937424,0.037988786,0.9874848
1,1,0.9236378,0.2697934,0.8472756
0,0,0.97927475,0.10084841,0.9585495
0,0,0.93475306,0.24116702,0.8695061
0,0,0.9917811,0.047646474,0.98356223
1,1,0.9236378,0.2697934,0.8472756
0,0,0.99162436,0.048396304,0.9832487
0,0,0.99202573,0.046470225,0.98405147
1,0,0.64542073,0.6502354,0.29084146
0,0,0.90377563,0.31670696,0.80755126
0,0,0.9936835,0.038286958,0.98736703
0,1,0.91073596,0.30083174,0.8214719
0,0,0.8737247,0.3792444,0.7474494
0,0,0.9347551,0.24116154,0.8695102
0,0,0.93475413,0.24116407,0.86950827
0,0,0.9916237,0.048399456,0.9832474
0,0,0.86172396,0.4018216,0.7234479
0,0,0.9347555,0.24116051,0.869511
0,1,0.9224289,0.2727967,0.8448578
1,1,0.9907102,0.052711993,0.9814204
1,1,0.9902284,0.054949284,0.9804568
0,0,0.9347554,0.24116075,0.86951077
1,1,0.938239,0.23178579,0.87647796
0,1,0.87915236,0.36861047,0.7583047
1,1,0.98763204,0.06661925,0.9752641
1,1,0.9872093,0.06846359,0.97441864
0,0,0.93475515,0.2411614,0.8695103
0,0,0.98146003,0.092301205,0.96292007
1,1,0.8294478,0.4567607,0.6588956
1,0,0.9347216,0.24125078,0.8694432
0,0,0.9380623,0.23226622,0.8761246
1,0,0.8968194,0.33201578,0.7936388
0,1,0.8910415,0.34433222,0.78208303
1,1,0.98954725,0.05807176,0.9790945
0,0,0.9928607,0.042397313,0.98572135
0,0,0.99055636,0.053429123,0.9811127
1,1,0.9535399,0.18795724,0.9070798
1,1,0.98783827,0.06571416,0.97567654
0,0,0.9120403,0.29779178,0.8240806
1,1,0.9236378,0.2697934,0.8472756
1,1,0.8411558,0.43774825,0.68231165
1,1,0.98936975,0.058877952,0.9787395
1,1,0.9236378,0.2697934,0.8472756
1,1,0.9907102,0.052711993,0.9814204
0,0,0.93475544,0.24116066,0.8695109
1,1,0.89591414,0.33396888,0.7918283
0,0,0.9517808,0.19323798,0.9035616
1,1,0.99039173,0.054193627,0.98078346
0,0,0.9931253,0.04108619,0.98625064
0,0,0.7178592,0.59496385,0.43571842
1,1,0.6749973,0.630583,0.34999466
0,0,0.86172396,0.4018216,0.7234479
0,0,0.9919662,0.04675727,0.9839324
1,0,0.93367547,0.24402615,0.86735094
0,0,0.9920373,0.046414554,0.9840746
0,0,0.9347554,0.24116081,0.86951077
1,0,0.9709429,0.131449,0.9418858
0,0,0.98974544,0.05716798,0.9794909
1,0,0.7930208,0.50992674,0.58604157
1,0,0.799313,0.50135326,0.598626
1,0,0.85193425,0.41933918,0.7038685
1,1,0.92143685,0.275246,0.8428737
1,0,0.93367547,0.24402615,0.86735094
1,1,0.8288792,0.45765898,0.65775836
1,1,0.98972183,0.057275865,0.97944367
0,0,0.93475544,0.24116063,0.8695109
1,1,0.68558896,0.62258464,0.3711779
1,1,0.8651518,0.39550006,0.73030365
1,0,0.6617877,0.63984257,0.32357538
1,0,0.50022185,0.69314706,0.00044372678
1,1,0.93074393,0.25171036,0.86148787
1,1,0.9890057,0.06052216,0.97801137
1,1,0.9624142,0.16019428,0.9248284
1,0,0.56292045,0.6852082,0.1258409
1,1,0.9483566,0.20332593,0.89671326
0,0,0.88067955,0.36556885,0.7613591
0,0,0.77583563,0.53212833,0.55167127
1,0,0.895234,0.3354305,0.790468
1,1,0.8288792,0.45765898,0.65775836
1,0,0.7262137,0.58698857,0.45242742
1,1,0.6962208,0.6140325,0.39244163
1,1,0.73196685,0.58129275,0.4639337
0,0,0.9920373,0.046414554,0.9840746
0,0,0.9347554,0.24116075,0.86951077
0,0,0.9934412,0.03950783,0.98688245
0,1,0.90083134,0.3232525,0.8016627
0,0,0.99368346,0.038287267,0.9873669
1,1,0.9882405,0.06393874,0.97648096
1,1,0.93803346,0.23234458,0.8760669
1,1,0.7951859,0.50700414,0.59037185
1,0,0.8967985,0.332061,0.793597
0,0,0.86172384,0.4018218,0.7234477
1,1,0.9475168,0.20576295,0.8950336
0,0,0.85968363,0.40553743,0.71936727
1,1,0.98862946,0.062208477,0.9772589
0,0,0.91339535,0.29461107,0.8267907
0,0,0.9931254,0.04108601,0.98625076
1,1,0.68368787,0.6240583,0.36737573
1,0,0.9293336,0.25535923,0.85866725
0,0,0.93475544,0.24116066,0.8695109
1,1,0.9236378,0.2697934,0.8472756
0,0,0.72863483,0.58461195,0.4572697
0,0,0.97056156,0.13278465,0.9411231
0,0,0.990887,0.05188486,0.981774
1,0,0.5262787,0.6917654,0.05255735
1,1,0.98783827,0.06571416,0.97567654
0,0,0.9819699,0.09027023,0.9639398
0,0,0.5312414,0.6911938,0.062482804
0,0,0.9891098,0.06005318,0.9782196
1,1,0.9882405,0.06393874,0.97648096
1,1,0.99006236,0.055714805,0.9801247
1,0,0.8967985,0.332061,0.793597
1,1,0.99006236,0.055714805,0.9801247
0,0,0.9494145,0.20023564,0.898829
1,1,0.9236378,0.2697934,0.8472756
0,0,0.69280875,0.6168349,0.38561746
0,0,0.93475544,0.24116059,0.8695109
0,0,0.9265816,0.26239282,0.85316324
0,1,0.993411,0.03965951,0.986822
0,0,0.99017537,0.055194136,0.98035073
1,0,0.9371845,0.23464516,0.874369
0,0,0.7022959,0.60890645,0.4045918
1,0,0.9287389,0.25688887,0.8574778
1,1,0.9884366,0.06306811,0.97687316
0,0,0.86172396,0.40182164,0.7234479
0,0,0.9884631,0.06295008,0.9769262
0,0,0.9652798,0.15078518,0.93055964
0,0,0.9509754,0.19563316,0.90195084
1,1,0.9431207,0.21829298,0.88624144
1,0,0.81881076,0.473192,0.6376215
0,0,0.86172396,0.4018216,0.7234479
0,0,0.86172396,0.4018216,0.7234479
1,0,0.9198533,0.27912742,0.83970666
0,1,0.8288792,0.45765898,0.65775836
0,1,0.90056616,0.32383722,0.8011323
0,0,0.9347407,0.24119985,0.86948144
1,1,0.9890057,0.06052216,0.97801137
0,0,0.5662054,0.68435514,0.13241073
1,0,0.93367547,0.24402615,0.86735094
1,0,0.6619979,0.63970137,0.32399583
1,1,0.9457982,0.21070603,0.89159644
1,1,0.97256404,0.12571308,0.9451281
0,0,0.9347541,0.24116431,0.86950815
1,0,0.56010604,0.68590426,0.12021208
1,0,0.59503067,0.67497516,0.19006133
1,1,0.9898935,0.05649036,0.979787
0,0,0.93475485,0.24116221,0.8695097
1,0,0.7556292,0.5560659,0.51125836
1,1,0.88155186,0.36382157,0.7631037
0,1,0.981885,0.0906094,0.96377003
1,1,0.9905523,0.053447925,0.9811046
1,1,0.93910635,0.22941938,0.8782127
0,0,0.93475544,0.24116063,0.8695109
0,0,0.9702895,0.1337343,0.94057906
1,0,0.8794364,0.36804646,0.75887275
1,1,0.92622536,0.2632951,0.8524507
0,0,0.9913362,0.04976695,0.98267245
1,1,0.98763204,0.06661925,0.9752641
1,0,0.8593042,0.40622455,0.7186084
0,0,0.92476887,0.2669648,0.84953773
1,1,0.9882405,0.06393874,0.97648096
1,1,0.9238657,0.269225,0.84773135
1,1,0.9332538,0.24513982,0.86650765
1,0,0.5520871,0.6877112,0.10417426
1,0,0.77782637,0.5296453,0.55565274
1,0,0.6850004,0.6230427,0.37000084
1,1,0.9888192,0.061359704,0.97763836
1,1,0.9872093,0.06846359,0.97441864
0,0,0.99088657,0.05188676,0.98177314
0,0,0.86172396,0.4018216,0.7234479
1,1,0.9888192,0.061359704,0.97763836
1,1,0.8833173,0.360263,0.7666346
1,1,0.98783827,0.06571416,0.97567654
0,0,0.9917639,0.047729075,0.9835278
1,0,0.7198486,0.59309626,0.43969715
1,0,0.65575594,0.6438105,0.31151187
0,0,0.9347555,0.24116044,0.869511
1,1,0.8288792,0.45765898,0.65775836
0,0,0.98446584,0.080108196,0.9689317
1,1,0.9888192,0.061359704,0.97763836
1,1,0.74483126,0.5679427,0.48966253
0,0,0.86172396,0.4018216,0.7234479
0,1,0.7435542,0.56930643,0.48710835
0,0,0.86172396,0.4018216,0.7234479
0,0,0.9270456,0.2612149,0.85409117
1,1,0.757136,0.5543588,0.514272
0,0,0.9936238,0.038588688,0.9872476
1,0,0.9372062,0.23458652,0.8744124
0,0,0.98970824,0.05733784,0.9794165
0,0,0.86172396,0.4018216,0.7234479
1,0,0.64542073,0.6502354,0.29084146
1,1,0.82116,0.46962994,0.64232004
0,0,0.9347555,0.24116051,0.869511
1,0,0.93475574,0.24115983,0.8695115
1,1,0.93704313,0.2350271,0.87408626
1,1,0.53500324,0.6906947,0.07000649
1,0,0.88175637,0.36341092,0.76351273
0,0,0.93475515,0.24116144,0.8695103
0,0,0.69304925,0.61663914,0.3860985
1,1,0.6039859,0.6713624,0.20797181
1,1,0.8288792,0.45765898,0.65775836
1,1,0.9905523,0.053447925,0.9811046
1,1,0.9902284,0.054949284,0.9804568
1,1,0.9236378,0.2697934,0.8472756
1,0,0.8576182,0.4092637,0.7152364
1,1,0.99006236,0.055714805,0.9801247
1,1,0.86259717,0.4002207,0.72519433
0,0,0.9934536,0.039445527,0.98690724
0,0,0.84071386,0.43848425,0.6814277
0,0,0.9917811,0.047646534,0.98356223
1,1,0.9907102,0.052711993,0.9814204
0,0,0.98735046,0.0678493,0.9747009
1,1,0.90449864,0.3150845,0.8089973
1,0,0.89521265,0.3354763,0.7904253
1,1,0.99006236,0.055714805,0.9801247
0,0,0.98475254,0.07891591,0.9695051
1,1,0.9343248,0.24230555,0.8686496
1,1,0.8288792,0.45765898,0.65775836
0,0,0.9933791,0.039819356,0.98675823
0,0,0.9901767,0.055188015,0.98035336
1,1,0.92496383,0.26647532,0.84992766
0,0,0.93475544,0.24116059,0.8695109
1,1,0.8288792,0.45765898,0.65775836
0,0,0.9541399,0.18614022,0.9082798
1,1,0.9236378,0.2697934,0.8472756
1,1,0.9902284,0.054949284,0.9804568
0,0,0.7423715,0.57056177,0.484743
0,0,0.9877005,0.06631907,0.97540104
0,0,0.9220019,0.27385265,0.8440038
0,0,0.99190176,0.047067445,0.9838035
0,0,0.9561742,0.17991778,0.9123484
1,0,0.82188576,0.4685219,0.6437715
0,0,0.9918293,0.047415536,0.98365855
1,0,0.64542073,0.6502354,0.29084146
0,0,0.93475544,0.24116059,0.8695109
1,1,0.99039173,0.054193627,0.98078346
1,1,0.9888192,0.061359704,0.97763836
1,0,0.9347216,0.24125078,0.8694432
0,0,0.9347554,0.24116084,0.86951077
0,0,0.9730583,0.12394493,0.94611657
1,1,0.9898935,0.05649036,0.979787
0,0,0.906331,0.31094536,0.812662
1,0,0.805843,0.49219483,0.611686
1,0,0.88697636,0.35279065,0.7739527
1,0,0.64542073,0.6502354,0.29084146
0,0,0.98900735,0.060514607,0.9780147
0,0,0.9937426,0.03798785,0.9874852
1,1,0.80264866,0.49670863,0.6052973
1,0,0.93475574,0.24115983,0.8695115
0,0,0.9920373,0.046414554,0.9840746
1,0,0.7903006,0.51355815,0.5806012
0,0,0.9347555,0.24116051,0.869511
1,1,0.99039173,0.054193627,0.98078346
1,0,0.61643255,0.6657836,0.23286512
1,0,0.93475574,0.24115983,0.8695115
1,1,0.93074393,0.25171036,0.86148787
1,1,0.92537993,0.2654289,0.85075986
0,0,0.95596254,0.18056968,0.9119251
0,0,0.93475413,0.24116415,0.86950827
1,1,0.6962208,0.6140325,0.39244163
1,0,0.6306663,0.6586001,0.26133263
0,0,0.988041,0.06482114,0.97608197
0,0,0.93475544,0.24116059,0.8695109
1,1,0.8288792,0.45765898,0.65775836
0,0,0.9347554,0.24116084,0.86951077
1,1,0.98918927,0.059694607,0.97837853
0,0,0.86172396,0.4018216,0.7234479
1,0,0.85244423,0.41844583,0.70488846
1,0,0.7843912,0.52129364,0.56878245
0,0,0.9347554,0.24116075,0.86951077
0,0,0.9815585,0.091910034,0.963117
1,0,0.9704589,0.1331432,0.94091785
1,1,0.7954788,0.5066066,0.59095764
1,1,0.8288792,0.45765898,0.65775836
1,1,0.9880409,0.06482132,0.97608185
0,0,0.9347555,0.2411605,0.869511
1,0,0.8576182,0.4092637,0.7152364
0,0,0.9347551,0.2411616,0.8695102
0,0,0.86172396,0.4018216,0.7234479
0,0,0.9920373,0.046414554,0.9840746
1,1,0.9880409,0.06482132,0.97608185
0,0,0.9921583,0.04582985,0.9843166
0,0,0.9912253,0.050292082,0.9824506
1,0,0.9347216,0.24125078,0.8694432
0,0,0.99325335,0.040448423,0.9865067
1,1,0.6962209,0.6140324,0.39244175
1,1,0.99006236,0.055714805,0.9801247
1,0,0.6170546,0.66548765,0.23410916
1,0,0.93487334,0.24084668,0.8697467
0,0,0.8735314,0.37961808,0.7470628
1,1,0.99006236,0.055714805,0.9801247
0,0,0.9920373,0.046414554,0.9840746
1,0,0.5287714,0.69149065,0.0575428
1,0,0.6759826,0.62986064,0.35196522
1,0,0.8522413,0.4188016,0.70448256
1,1,0.68958163,0.619435,0.37916327
0,0,0.9347551,0.2411616,0.8695102
1,1,0.81864727,0.47343853,0.63729453
0,0,0.9902684,0.054764494,0.9805368
0,0,0.71786225,0.59496105,0.43572453
1,1,0.5288831,0.6914778,0.0577662
1,1,0.759765,0.55135065,0.51953006
0,0,0.9347555,0.2411605,0.869511
0,0,0.86172396,0.4018216,0.7234479
1,1,0.9399886,0.22699887,0.8799772
0,0,0.9905378,0.05351533,0.98107564
1,1,0.9399886,0.22699887,0.8799772
0,0,0.934754,0.24116445,0.869508
1,1,0.98918927,0.059694607,0.97837853
1,0,0.8886757,0.3492752,0.7773514
0,0,0.9920373,0.04641454,0.9840746
0,0,0.8596837,0.40553725,0.7193674
1,1,0.98972183,0.057275865,0.97944367
0,0,0.93475544,0.24116063,0.8695109
1,0,0.8844768,0.3579094,0.76895356
1,1,0.98918927,0.059694607,0.97837853
1,1,0.9429896,0.21866105,0.8859792
0,0,0.9674242,0.14358494,0.9348484
1,0,0.861724,0.40182152,0.72344804
0,0,0.93475485,0.24116217,0.8695097
0,1,0.9148003,0.2912887,0.8296006
0,0,0.98111224,0.09367835,0.9622245
1,0,0.6817344,0.6255552,0.36346877
1,1,0.74805176,0.5644654,0.49610353
1,1,0.9882405,0.06393874,0.97648096
0,0,0.9935634,0.038893268,0.9871268
1,1,0.5687284,0.68367004,0.13745677
1,1,0.8288792,0.45765898,0.65775836
1,1,0.9432046,0.21805741,0.88640916
1,1,0.69621986,0.6140332,0.39243972
1,1,0.5416121,0.68968004,0.08322418
1,1,0.9390214,0.2296517,0.8780428
1,1,0.9313698,0.25008124,0.86273956
1,0,0.8975051,0.33053046,0.7950102
0,0,0.983418,0.084420666,0.966836
0,1,0.91869617,0.28194228,0.83739233
1,0,0.861724,0.40182152,0.72344804
1,0,0.83060765,0.45492136,0.6612153
0,0,0.99362373,0.03858903,0.98724747
1,1,0.98783827,0.06571416,0.97567654
0,0,0.9766227,0.11090683,0.9532454
1,1,0.78387654,0.5219576,0.5677531
1,1,0.9902284,0.054949284,0.9804568
1,0,0.93475574,0.24115983,0.8695115
1,0,0.64542073,0.6502354,0.29084146
1,0,0.75512654,0.5566327,0.5102531
0,0,0.6830542,0.6245458,0.36610845
0,0,0.8596837,0.40553725,0.7193674
1,0,0.81663775,0.47645372,0.6332755
1,0,0.5161367,0.6926263,0.03227341
0,0,0.9873505,0.06784914,0.97470105
0,0,0.93475515,0.2411614,0.8695103
1,1,0.9172826,0.28535658,0.83456516
1,1,0.98742247,0.067535415,0.97484493
0,0,0.93475544,0.24116066,0.8695109
1,1,0.98783827,0.06571416,0.97567654
1,1,0.96118397,0.16416302,0.92236793
0,0,0.9920373,0.046414554,0.9840746
1,1,0.9898935,0.05649036,0.979787
0,0,0.86172396,0.4018216,0.7234479
1,1,0.7005674,0.61038274,0.40113485
1,0,0.8919766,0.3423627,0.7839532
0,0,0.86172396,0.4018216,0.7234479
0,0,0.9929286,0.04206159,0.98585725
1,0,0.83243936,0.4519971,0.6648787
1,1,0.98972183,0.057275865,0.97944367
0,0,0.99292856,0.042061917,0.9858571
1,1,0.774791,0.53342223,0.549582
1,1,0.9872093,0.06846359,0.97441864
0,0,0.9917036,0.04801762,0.98340726
1,0,0.9347216,0.24125078,0.8694432
0,0,0.9119647,0.29796845,0.8239294
1,0,0.8224033,0.4677296,0.6448066
1,0,0.85968363,0.40553743,0.71936727
1,1,0.9884366,0.06306811,0.97687316
0,0,0.9347554,0.24116075,0.86951077
0,0,0.9920373,0.04641454,0.9840746
0,0,0.9760545,0.11302047,0.952109
1,1,0.9238657,0.269225,0.84773135
1,0,0.5312215,0.6911963,0.062443048
1,1,0.9882405,0.06393874,0.97648096
1,1,0.9880409,0.06482132,0.97608185
1,1,0.8077776,0.48942947,0.61555517
0,0,0.99244756,0.04442433,0.9848951
1,1,0.9884366,0.06306811,0.97687316
1,1,0.93002224,0.2535814,0.8600445
1,1,0.9440267,0.21574102,0.8880534
0,0,0.9931253,0.041086275,0.98625064
1,1,0.6962208,0.6140325,0.39244163
1,1,0.7920013,0.511293,0.5840026
1,1,0.8755804,0.37563926,0.75116074
1,1,0.5337618,0.69086576,0.0675236
0,0,0.9347555,0.24116051,0.869511
1,1,0.69621986,0.6140332,0.39243972
1,1,0.9902284,0.054949284,0.9804568
1,0,0.935151,0.24010634,0.87030196
0,0,0.6602883,0.6408441,0.32057655
1,0,0.8869809,0.3527813,0.7739618
0,0,0.98379344,0.08288355,0.9675869
1,0,0.5305419,0.69128036,0.061083794
0,0,0.9347555,0.24116047,0.869511
1,1,0.5082858,0.69300985,0.016571641
1,0,0.92049074,0.27756917,0.8409815
0,0,0.9866209,0.07100744,0.9732418
1,0,0.5172333,0.69255304,0.034466624
1,1,0.6326684,0.65752023,0.26533675
1,1,0.98742247,0.067535415,0.97484493
1,1,0.98918927,0.059694607,0.97837853
1,1,0.620147,0.6639921,0.24029398
1,1,0.699808,0.6110269,0.399616
1,0,0.86172396,0.4018216,0.7234479
1,1,0.8288792,0.45765898,0.65775836
1,1,0.94360745,0.21692389,0.8872149
1,1,0.78456366,0.5210709,0.5691273
1,1,0.9898935,0.05649036,0.979787
1,1,0.6452106,0.6503611,0.29042125
0,0,0.9347547,0.24116251,0.86950946
1,1,0.8616536,0.4019503,0.72330725
1,0,0.88412386,0.35862714,0.7682477
1,1,0.8402147,0.43931365,0.68042946
1,1,0.9907102,0.052711993,0.9814204
0,0,0.7016831,0.60943145,0.4033662
1,0,0.77912784,0.5280096,0.5582557
0,0,0.98858774,0.062394693,0.9771755
0,0,0.9930601,0.04141029,0.9861202
1,1,0.99006236,0.055714805,0.9801247
0,0,0.9347554,0.24116075,0.86951077
1,0,0.6919099,0.61756396,0.3838198
1,0,0.80698913,0.49055943,0.61397827
1,1,0.98954725,0.05807176,0.9790945
1,0,0.9385544,0.23092677,0.8771088
0,0,0.93475527,0.2411611,0.86951053
1,0,0.93475574,0.24115983,0.8695115
1,0,0.7547749,0.5570283,0.50954986
1,1,0.98972183,0.057275865,0.97944367
0,1,0.50919664,0.692978,0.018393278
1,1,0.82211065,0.46817788,0.6442213
1,1,0.9438976,0.21610564,0.8877952
1,0,0.8596837,0.40553725,0.7193674
0,0,0.9914665,0.049148288,0.98293304
1,1,0.92513347,0.26604903,0.85026693
1,1,0.9905523,0.053447925,0.9811046
1,1,0.9888192,0.061359704,0.97763836
0,0,0.9925202,0.04406934,0.9850404
1,1,0.9882405,0.06393874,0.97648096
1,1,0.8236159,0.465866,0.6472318
1,1,0.83856916,0.44203496,0.6771383
1,1,0.7606634,0.55031407,0.5213268
1,0,0.93475574,0.24115983,0.8695115
1,1,0.7106919,0.601531,0.42138386
1,0,0.9304431,0.25249124,0.8608862
0,0,0.9928081,0.0426565,0.9856162
1,0,0.85968375,0.40553713,0.7193675
0,0,0.991039,0.051170856,0.98207796
0,0,0.93475556,0.24116036,0.8695111
1,0,0.79165804,0.5117516,0.5833161
1,0,0.64542073,0.6502354,0.29084146
1,1,0.8339084,0.44963455,0.66781676
0,0,0.93475544,0.24116063,0.8695109
1,0,0.5347782,0.69072616,0.069556355
0,0,0.9913362,0.04976695,0.98267245
1,0,0.5915673,0.676283,0.18313459
0,0,0.93475455,0.24116299,0.8695091
1,1,0.74483097,0.567943,0.48966193
1,0,0.6370248,0.65511084,0.27404964
1,1,0.79479086,0.5075396,0.5895817
0,0,0.9347554,0.24116084,0.86951077
0,0,0.9626488,0.15943277,0.9252976
1,0,0.8817611,0.36340144,0.76352215
0,0,0.987585,0.066825114,0.97517
1,1,0.9902284,0.054949284,0.9804568
1,1,0.8288792,0.45765898,0.65775836
1,0,0.7851918,0.5202579,0.57038355
1,0,0.85968375,0.40553713,0.7193675
0,0,0.86172396,0.40182164,0.7234479
1,1,0.8093169,0.487212,0.61863375
0,0,0.9907143,0.05269275,0.9814286
1,0,0.93715835,0.2347159,0.8743167
1,1,0.94188005,0.22176287,0.8837601
1,1,0.89663386,0.3324168,0.7932677
1,1,0.79269624,0.5103624,0.5853925
1,0,0.93261385,0.24682468,0.8652277
0,0,0.9347552,0.24116123,0.8695104
1,1,0.8342153,0.44913894,0.66843057
1,1,0.98742247,0.067535415,0.97484493
1,1,0.9884366,0.06306811,0.97687316
0,0,0.9622922,0.16058978,0.9245844
1,1,0.79822624,0.50285155,0.5964525
1,0,0.93475574,0.24115983,0.8695115
1,0,0.8391335,0.44110394,0.678267
1,0,0.8569531,0.41045618,0.71390617
1,1,0.9907102,0.052711993,0.9814204
1,1,0.9888192,0.061359704,0.97763836
0,0,0.98230237,0.08893808,0.96460474
0,0,0.86172396,0.4018216,0.7234479
0,0,0.9347552,0.24116123,0.8695104
1,1,0.9280337,0.2586957,0.8560674
1,1,0.64464295,0.6507,0.2892859
1,1,0.82884055,0.45771992,0.6576811
1,1,0.9902284,0.054949284,0.9804568
1,0,0.93367547,0.24402615,0.86735094
0,0,0.93475527,0.24116114,0.86951053
0,0,0.9775608,0.10738589,0.95512164
0,0,0.9347552,0.24116123,0.8695104
0,0,0.99071395,0.05269438,0.9814279
0,0,0.9468474,0.2076953,0.89369476
1,1,0.6271893,0.66043466,0.25437856
0,0,0.989393,0.05877259,0.978786
1,0,0.8173708,0.47535697,0.63474154
0,0,0.91989386,0.27902853,0.8397877
0,0,0.93475544,0.24116066,0.8695109
0,0,0.86172396,0.4018216,0.7234479
1,0,0.9352651,0.23980162,0.87053025
1,1,0.9872093,0.06846359,0.97441864
0,0,0.9925874,0.043740768,0.9851748
0,0,0.9838755,0.08254625,0.967751
1,1,0.9880409,0.06482132,0.97608185
1,1,0.99006236,0.055714805,0.9801247
1,1,0.98862946,0.062208477,0.9772589
1,1,0.56268626,0.6852673,0.12537253
0,0,0.99337924,0.03981886,0.9867585
1,0,0.9293336,0.25535923,0.85866725
1,0,0.7399653,0.5730932,0.47993064
0,0,0.992505,0.044143725,0.98501
1,0,0.8297312,0.45631212,0.65946245
0,0,0.9347555,0.24116051,0.869511
1,1,0.98936975,0.058877952,0.9787395
0,0,0.93475544,0.24116059,0.8695109
0,0,0.86172396,0.4018216,0.7234479
1,1,0.8288792,0.45765898,0.65775836
1,1,0.8288792,0.45765898,0.65775836
1,0,0.8808962,0.36513555,0.7617924
1,1,0.52047324,0.69230866,0.040946484
1,1,0.98783827,0.06571416,0.97567654
1,0,0.93475574,0.24115983,0.8695115
1,0,0.9372024,0.23459682,0.8744048
0,0,0.9347555,0.24116047,0.869511
0,0,0.93475527,0.2411611,0.86951053
1,1,0.7278686,0.58536726,0.45573723
1,1,0.9232542,0.27074867,0.8465084
1,0,0.88616765,0.35445356,0.7723353
0,0,0.8919874,0.34233996,0.78397477
0,0,0.73692846,0.5762452,0.47385696
1,1,0.92183924,0.2742542,0.8436785
0,0,0.9723963,0.12631108,0.9447926
1,1,0.93890506,0.22996971,0.8778101
0,0,0.93475544,0.24116059,0.8695109
0,0,0.9852296,0.076919876,0.9704592
1,1,0.89192283,0.3424762,0.78384566
1,1,0.95106703,0.19536138,0.90213406
1,0,0.5002223,0.6931471,0.00044468045
0,0,0.9347554,0.24116075,0.86951077
0,0,0.59304607,0.6757307,0.18609214
1,1,0.98936975,0.058877952,0.9787395
0,0,0.93475556,0.24116036,0.8695111
1,1,0.8288792,0.45765898,0.65775836
1,0,0.6673839,0.6360159,0.33476785
1,0,0.88350034,0.3598923,0.7670007
1,1,0.92851764,0.25745657,0.8570353
0,0,0.9518464,0.19304228,0.90369284
1,1,0.9888192,0.061359704,0.97763836
1,1,0.9902284,0.054949284,0.9804568
1,0,0.51355886,0.6927794,0.027117759
0,0,0.9931897,0.040765792,0.9863794
0,0,0.93475544,0.24116063,0.8695109
0,0,0.93475556,0.24116036,0.8695111
0,0,0.93475544,0.24116066,0.8695109
0,0,0.9505313,0.19694792,0.9010626
1,0,0.670282,0.6339787,0.34056398
1,1,0.6962208,0.6140325,0.39244163
0,1,0.97486204,0.11741189,0.9497241
1,1,0.91347647,0.29441988,0.82695293
1,1,0.9236378,0.2697934,0.8472756
1,1,0.6962208,0.6140325,0.39244163
1,0,0.6240647,0.66203916,0.2481294
1,1,0.6375074,0.6548389,0.27501476
0,0,0.9741223,0.12010674,0.9482446
1,0,0.85738134,0.40968877,0.7147627
1,1,0.7669364,0.5429517,0.53387284
0,0,0.9347555,0.24116051,0.869511
0,0,0.9347532,0.24116665,0.86950636
1,0,0.93475574,0.24115983,0.8695115
1,1,0.94094145,0.2243692,0.8818829
0,0,0.9347552,0.24116123,0.8695104
0,1,0.5224672,0.69213736,0.044934392
0,0,0.9916914,0.048076,0.9833828
0,0,0.98662084,0.07100767,0.9732417
1,1,0.9882405,0.06393874,0.97648096
1,1,0.6962209,0.6140324,0.39244175
1,1,0.92143685,0.275246,0.8428737
1,1,0.79479086,0.5075396,0.5895817
1,0,0.5422832,0.6895672,0.084566325
1,0,0.93472224,0.241249,0.8694445
0,0,0.93475556,0.24116036,0.8695111
0,0,0.9423905,0.2203387,0.884781
0,0,0.99019814,0.05508911,0.9803963
0,0,0.7992742,0.50140697,0.5985484
1,0,0.7864334,0.518644,0.5728668
1,1,0.9549483,0.18367901,0.9098966
0,0,0.9347554,0.24116075,0.86951077
0,0,0.93475455,0.24116305,0.8695091
1,1,0.59479684,0.67506504,0.18959367
0,0,0.89057904,0.345303,0.7811581
1,1,0.9905523,0.053447925,0.9811046
0,0,0.9347554,0.24116075,0.86951077
1,1,0.9902284,0.054949284,0.9804568
1,1,0.9872093,0.06846359,0.97441864
0,0,0.97073865,0.13216516,0.9414773
1,1,0.9907102,0.052711993,0.9814204
0,0,0.86172396,0.4018216,0.7234479
1,0,0.8265381,0.46133327,0.6530762
1,1,0.60308576,0.67174065,0.20617151
1,1,0.8288792,0.45765898,0.65775836
1,0,0.93153644,0.24964643,0.8630729
1,1,0.9034159,0.31751195,0.80683184
0,0,0.99230427,0.04512196,0.98460853
1,1,0.9450432,0.2128593,0.8900864
1,1,0.8288792,0.45765898,0.65775836
1,1,0.77805525,0.5293584,0.5561105
0,0,0.93475354,0.2411657,0.8695071
1,1,0.9236378,0.2697934,0.8472756
1,1,0.98783827,0.06571416,0.97567654
1,1,0.74114954,0.5718511,0.4822991
1,0,0.93153644,0.24964643,0.8630729
1,1,0.9882405,0.06393874,0.97648096
0,0,0.99190176,0.047067445,0.9838035
1,0,0.848138,0.42592537,0.69627595
1,1,0.8755804,0.37563926,0.75116074
0,1,0.5750489,0.6818398,0.15009785
1,0,0.85761833,0.40926343,0.71523666
0,1,0.58636606,0.6781539,0.17273211
0,0,0.93475187,0.2411702,0.86950374
0,0,0.93475544,0.24116066,0.8695109
1,0,0.8347686,0.44824383,0.6695372
0,0,0.96380013,0.15567307,0.92760026
1,0,0.95326906,0.1887748,0.9065381
0,0,0.98826265,0.06384038,0.9765253
0,0,0.9917667,0.047715675,0.9835334
0,0,0.93475413,0.24116418,0.86950827
0,0,0.99154615,0.048769288,0.9830923
0,0,0.9612452,0.16396657,0.92249036
1,1,0.9475168,0.20576295,0.8950336
1,0,0.8102498,0.48586053,0.6204996
0,0,0.99230427,0.045121986,0.98460853
0,0,0.9347555,0.2411605,0.869511
1,1,0.9905523,0.053447925,0.9811046
0,0,0.9347555,0.2411605,0.869511
1,1,0.8288792,0.45765898,0.65775836
0,0,0.9347473,0.24118233,0.86949456
0,0,0.9347554,0.24116084,0.86951077
0,0,0.9937424,0.037988752,0.9874848
0,0,0.86172396,0.4018216,0.7234479
1,0,0.66720116,0.6361431,0.3344023
0,0,0.93475467,0.24116269,0.86950934
1,1,0.92232424,0.27305573,0.8446485
1,0,0.93475574,0.24115983,0.8695115
1,0,0.59719276,0.67413354,0.1943855
1,1,0.9902284,0.054949284,0.9804568
1,0,0.67451155,0.63093746,0.34902307
1,1,0.6962209,0.6140324,0.39244175
0,0,0.8958179,0.33417606,0.79163575
0,0,0.9786901,0.103094265,0.9573802
1,1,0.9483566,0.20332593,0.89671326
1,1,0.7480519,0.5644653,0.49610376
1,0,0.861724,0.40182152,0.72344804
1,1,0.98742247,0.067535415,0.97484493
1,1,0.9882405,0.06393874,0.97648096
0,0,0.9900852,0.055609703,0.98017037
1,1,0.9882405,0.06393874,0.97648096
1,1,0.99006236,0.055714805,0.9801247
0,0,0.9347547,0.2411625,0.86950946
1,1,0.8288792,0.45765898,0.65775836
1,1,0.7628574,0.5477638,0.52571476
0,0,0.99190176,0.04706746,0.9838035
0,0,0.93475515,0.24116144,0.8695103
0,0,0.86172396,0.4018216,0.7234479
1,0,0.8919986,0.3423163,0.7839972
1,1,0.6077159,0.6697588,0.21543181
1,0,0.539081,0.6900894,0.078161955
1,1,0.9880409,0.06482132,0.97608185
0,0,0.9347553,0.2411609,0.86951065
1,0,0.9268306,0.26176113,0.8536612
0,1,0.6348482,0.65632486,0.26969635
1,1,0.98972183,0.057275865,0.97944367
1,1,0.98862946,0.062208477,0.9772589
0,0,0.9916237,0.048399456,0.9832474
0,0,0.93475515,0.24116144,0.8695103
0,0,0.99215823,0.045830123,0.98431647
0,0,0.98196995,0.09027008,0.9639399
0,0,0.86172396,0.4018216,0.7234479
1,1,0.82256216,0.46748602,0.6451243
1,1,0.9888192,0.061359704,0.97763836
0,0,0.975742,0.11417718,0.95148396
1,1,0.97926575,0.10088309,0.9585315
0,0,0.9853107,0.07657911,0.97062135
0,0,0.93475354,0.24116567,0.8695071
1,0,0.8919766,0.3423627,0.7839532
1,0,0.9293443,0.2553317,0.8586886
1,1,0.90067375,0.32360005,0.8013475
0,0,0.9910562,0.05108974,0.9821124
1,0,0.64878666,0.6481945,0.2975733
1,1,0.9373889,0.23409243,0.8747778
1,0,0.79640794,0.50534195,0.5928159
1,1,0.6962208,0.6140325,0.39244163
0,0,0.9219829,0.27389956,0.84396577
0,1,0.5995582,0.6731904,0.19911635
1,0,0.7933589,0.50947225,0.58671784
0,0,0.9347555,0.2411605,0.869511
1,1,0.9898935,0.05649036,0.979787
1,0,0.93475574,0.24115983,0.8695115
1,0,0.9372761,0.23439747,0.87455225
1,1,0.9220396,0.27375942,0.84407926
1,0,0.89904356,0.32717943,0.7980871
0,0,0.93474215,0.24119598,0.8694843
0,0,0.98788774,0.06549651,0.9757755
1,0,0.9371549,0.23472528,0.8743098
0,0,0.9808601,0.094672516,0.9617202
0,0,0.9347538,0.24116509,0.86950755
1,1,0.86853695,0.38915846,0.7370739
0,0,0.93475544,0.24116063,0.8695109
1,1,0.98954725,0.05807176,0.9790945
0,0,0.9834184,0.084419,0.9668368
0,0,0.58192873,0.67966187,0.16385749
1,1,0.9420678,0.22123957,0.8841356
1,1,0.9884366,0.06306811,0.97687316
0,0,0.6654339,0.6373652,0.33086774
1,1,0.6962209,0.6140324,0.39244175
1,1,0.6988472,0.6118379,0.39769435
0,0,0.9894114,0.058688994,0.9788228
1,1,0.8356667,0.4467861,0.67133343
1,0,0.6162784,0.66585666,0.23255682
0,0,0.9347554,0.24116075,0.86951077
0,0,0.9911399,0.050695315,0.9822798
1,1,0.98972183,0.057275865,0.97944367
0,0,0.9235759,0.26994774,0.84715176
0,0,0.99208426,0.046187885,0.9841685
0,0,0.9855822,0.07543479,0.97116435
1,0,0.92357695,0.2699451,0.8471539
0,0,0.9914812,0.049078684,0.98296237
1,0,0.91467947,0.29157543,0.82935894
1,1,0.98936975,0.058877952,0.9787395
1,1,0.8036667,0.49527705,0.6073334
0,0,0.98837215,0.06335459,0.9767443
1,1,0.98783827,0.06571416,0.97567654
0,0,0.93475264,0.24116808,0.8695053
1,1,0.7807175,0.52599835,0.561435
0,0,0.9347555,0.24116051,0.869511
1,0,0.88580084,0.3552056,0.7716017
0,0,0.80995095,0.48629406,0.6199019
0,0,0.99300814,0.041668013,0.9860163
1,1,0.9001697,0.32471,0.80033934
1,1,0.9890057,0.06052216,0.97801137
1,1,0.9882405,0.06393874,0.97648096
1,1,0.6850838,0.62297785,0.3701676
0,0,0.97503173,0.1167906,0.95006347
1,1,0.6399807,0.6534294,0.27996135
0,0,0.98354375,0.08390663,0.9670875
0,1,0.64517766,0.65038085,0.29035532
1,1,0.94188005,0.22176287,0.8837601
0,0,0.8973958,0.3307676,0.7947916
1,1,0.9872093,0.06846359,0.97441864
0,0,0.97788566,0.1061574,0.9557713
1,1,0.939357,0.22873315,0.87871397
1,1,0.68190914,0.625422,0.3638183
1,0,0.861724,0.40182152,0.72344804
1,1,0.98936975,0.058877952,0.9787395
1,1,0.94094145,0.2243692,0.8818829
0,1,0.91073596,0.30083174,0.8214719
0,0,0.9915462,0.048768986,0.9830924
1,1,0.98918927,0.059694607,0.97837853
0,1,0.86628336,0.3933913,0.7325667
1,1,0.8434045,0.43398112,0.68680894
1,0,0.78652376,0.51852614,0.5730475
1,1,0.9905523,0.053447925,0.9811046
0,0,0.9920373,0.046414554,0.9840746
0,0,0.9347548,0.24116236,0.8695096
1,1,0.78067565,0.52605146,0.5613513
1,0,0.85761833,0.40926343,0.71523666
1,1,0.9905523,0.053447925,0.9811046
1,0,0.77824754,0.5291171,0.5564951
1,1,0.9902284,0.054949284,0.9804568
1,1,0.5590634,0.6861539,0.11812675
0,0,0.7159925,0.5966985,0.43198502
0,0,0.93646663,0.236581,0.87293327
1,1,0.98936975,0.058877952,0.9787395
0,0,0.9916237,0.048399456,0.9832474
0,0,0.64345074,0.6514069,0.2869015
0,0,0.9866047,0.07107715,0.9732094
0,0,0.9911399,0.05069542,0.9822798
1,1,0.941132,0.22384134,0.882264
0,0,0.928244,0.2581577,0.856488
1,1,0.6593722,0.641451,0.31874442
1,1,0.6555063,0.6439712,0.31101263
1,0,0.85968363,0.40553743,0.71936727
0,0,0.99122256,0.050305054,0.9824451
0,0,0.86172396,0.4018216,0.7234479
0,0,0.99286175,0.042392075,0.9857235
0,0,0.9347554,0.24116081,0.86951077
0,0,0.99356353,0.03889278,0.98712707
0,0,0.86172396,0.4018216,0.7234479
0,0,0.9811106,0.0936849,0.96222115
1,0,0.82239664,0.46773982,0.6447933
1,0,0.82728744,0.4601614,0.6545749
0,0,0.9875689,0.06689548,0.9751378
1,1,0.58838326,0.6774416,0.17676651
1,1,0.9390214,0.2296517,0.8780428
1,1,0.9890057,0.06052216,0.97801137
1,1,0.95087373,0.1959345,0.90174747
1,1,0.93002224,0.2535814,0.8600445
0,0,0.99230427,0.04512189,0.98460853
0,0,0.9931897,0.040765766,0.9863794
1,1,0.8919184,0.34248552,0.78383684
1,0,0.93475574,0.24115983,0.8695115
0,0,0.9877933,0.06591171,0.97558665
0,0,0.9784918,0.10385219,0.95698357
1,0,0.85244423,0.41844583,0.70488846
1,1,0.9363826,0.23680705,0.8727652
0,0,0.86172396,0.4018216,0.7234479
1,0,0.9276452,0.25968796,0.8552904
0,0,0.9347555,0.24116051,0.869511
1,1,0.93603176,0.23774947,0.8720635
0,0,0.9890907,0.060139503,0.97818136
0,0,0.98387575,0.0825452,0.9677515
1,0,0.6030288,0.6717645,0.20605758
1,0,0.56369114,0.685012,0.12738225
0,0,0.9347555,0.24116044,0.869511
0,0,0.86793554,0.3902924,0.7358711
0,0,0.91204,0.2977924,0.82408
0,0,0.99113995,0.05069506,0.9822799
1,1,0.934435,0.24201283,0.86887
1,0,0.6291193,0.65942276,0.25823858
1,1,0.5162245,0.69262064,0.032449007
1,1,0.99039173,0.054193627,0.98078346
1,1,0.98936975,0.058877952,0.9787395
1,0,0.93475574,0.24115983,0.8695115
0,0,0.83727086,0.44416782,0.6745417
1,0,0.5417094,0.68966377,0.08341882
1,1,0.95175105,0.19332674,0.9035021
1,1,0.8288792,0.45765898,0.65775836
1,1,0.93327284,0.24508965,0.8665457
1,0,0.9244886,0.26766732,0.8489772
1,0,0.61897624,0.66456306,0.2379525
1,0,0.6190462,0.66452914,0.23809245
0,0,0.9934501,0.039463315,0.9869002
0,0,0.9347554,0.24116075,0.86951077
1,1,0.9457982,0.21070603,0.89159644
0,0,0.9927263,0.043059018,0.98545265
0,0,0.91149014,0.29907656,0.8229803
1,1,0.8779516,0.37098646,0.75590324
1,1,0.6962208,0.6140325,0.39244163
0,0,0.9347552,0.24116129,0.8695104
1,1,0.91686624,0.28635716,0.8337325
1,0,0.6991391,0.61159194,0.3982782
1,0,0.6335031,0.6570649,0.26700616
0,0,0.934755,0.2411617,0.86951005
0,0,0.98341864,0.084418066,0.9668373
1,1,0.8952608,0.33537298,0.7905216
1,1,0.7660783,0.5439717,0.5321566
1,1,0.93010515,0.25336686,0.8602103
1,1,0.8288792,0.45765898,0.65775836
1,0,0.8344859,0.4487015,0.6689718
0,0,0.9917059,0.04800663,0.9834118
1,1,0.5403274,0.6898911,0.08065486
1,1,0.98763204,0.06661925,0.9752641
1,1,0.7453924,0.56734073,0.49078476
1,0,0.56369114,0.685012,0.12738225
0,0,0.9579611,0.17437074,0.91592216
1,0,0.9217895,0.2743768,0.84357905
0,1,0.8807254,0.3654772,0.76145077
1,0,0.8198705,0.47158983,0.63974094
0,0,0.9825094,0.08810544,0.96501875
1,1,0.68137556,0.62582827,0.36275113
1,1,0.69621986,0.6140332,0.39243972
1,1,0.7920013,0.511293,0.5840026
0,0,0.9680258,0.14153904,0.9360516
1,1,0.9236378,0.2697934,0.8472756
0,0,0.968607,0.13955143,0.937214
0,0,0.52831066,0.69154334,0.056621313
1,1,0.82610387,0.46201056,0.65220773
1,1,0.9475168,0.20576295,0.8950336
1,1,0.88328063,0.3603372,0.76656127
0,0,0.7946781,0.5076922,0.5893562
1,1,0.9355112,0.23914409,0.87102234
1,1,0.5096608,0.6929605,0.01932156
1,1,0.9143764,0.29229382,0.82875276
1,1,0.94188005,0.22176287,0.8837601
1,1,0.93074393,0.25171036,0.86148787
0,0,0.93475544,0.24116059,0.8695109
1,1,0.99006236,0.055714805,0.9801247
0,0,0.86172396,0.4018216,0.7234479
1,1,0.93704313,0.2350271,0.87408626
0,0,0.86172396,0.4018216,0.7234479
1,1,0.9905523,0.053447925,0.9811046
1,1,0.99039173,0.054193627,0.98078346
1,0,0.5220937,0.6921706,0.044187427
1,0,0.8224033,0.4677296,0.6448066
0,0,0.9832635,0.085050665,0.966527
1,1,0.9736293,0.12189064,0.9472586
1,0,0.9371657,0.23469608,0.87433136
1,1,0.98954725,0.05807176,0.9790945
1,1,0.9370019,0.23513848,0.87400377
1,1,0.94180876,0.22196136,0.8836175
1,1,0.93704313,0.2350271,0.87408626
0,0,0.9891099,0.060052898,0.97821975
0,0,0.86172396,0.4018216,0.7234479
1,0,0.93367547,0.24402615,0.86735094
1,1,0.9905523,0.053447925,0.9811046
1,0,0.66357636,0.6386348,0.32715273
0,0,0.9863684,0.0720909,0.97273684
0,0,0.98804104,0.06482087,0.9760821
0,0,0.5698138,0.6833673,0.13962758
1,1,0.99006236,0.055714805,0.9801247
0,0,0.8950851,0.3357498,0.7901702
0,0,0.97767913,0.106938936,0.95535827
1,1,0.98783827,0.06571416,0.97567654
1,1,0.5835005,0.679137,0.16700101
1,0,0.93475574,0.24115983,0.8695115
1,1,0.82211035,0.46817833,0.6442207
0,0,0.99170357,0.048017923,0.98340714
0,1,0.7368322,0.5763444,0.4736644
0,0,0.93475556,0.2411603,0.8695111
1,1,0.8288792,0.45765898,0.65775836
0,0,0.9935635,0.038892865,0.98712695
1,1,0.98742247,0.067535415,0.97484493
1,1,0.93074393,0.25171036,0.86148787
0,0,0.99097204,0.051485516,0.9819441
0,0,0.8973964,0.33076632,0.7947928
0,0,0.86874056,0.38877383,0.7374811
1,0,0.88524055,0.35635185,0.7704811
1,0,0.86172396,0.4018216,0.7234479
1,1,0.9907102,0.052711993,0.9814204
0,0,0.9907143,0.052692786,0.9814286
1,0,0.82732517,0.46010226,0.65465033
0,0,0.9857167,0.07486569,0.9714334
1,1,0.9872093,0.06846359,0.97441864
1,1,0.9663402,0.14724246,0.93268037
1,1,0.89601225,0.33375764,0.7920245
0,1,0.83093923,0.4543938,0.66187847
1,0,0.52570045,0.6918256,0.0514009
0,0,0.9347555,0.24116044,0.869511
0,0,0.95561194,0.18164717,0.9112239
1,1,0.699808,0.6110269,0.399616
1,1,0.9457982,0.21070603,0.89159644
1,0,0.861724,0.40182152,0.72344804
1,1,0.6962209,0.6140324,0.39244175
0,0,0.93475264,0.24116813,0.8695053
1,1,0.7920013,0.511293,0.5840026
1,1,0.98936975,0.058877952,0.9787395
0,0,0.93475515,0.24116144,0.8695103
0,0,0.9937426,0.03798796,0.9874852
1,1,0.98742247,0.067535415,0.97484493
0,1,0.726815,0.5864011,0.45362997
0,0,0.95053095,0.19694889,0.9010619
1,0,0.86172396,0.4018216,0.7234479
0,1,0.9064976,0.31056708,0.8129952
1,0,0.60096717,0.67261755,0.20193437
1,0,0.88697636,0.35279065,0.7739527
1,1,0.93910635,0.22941938,0.8782127
0,0,0.93475556,0.24116036,0.8695111
1,0,0.6179283,0.6650692,0.23585665
0,0,0.9920373,0.04641454,0.9840746
0,0,0.93475485,0.24116224,0.8695097
0,0,0.80235857,0.4971153,0.60471714
0,1,0.93163526,0.24938834,0.8632705
0,0,0.93788046,0.23276013,0.8757609
0,0,0.9423904,0.22033902,0.88478076
1,1,0.96373373,0.15589094,0.92746747
0,0,0.993441,0.039509103,0.986882
1,1,0.65458137,0.6445644,0.30916274
0,0,0.99190176,0.04706746,0.9838035
1,1,0.8362521,0.44583285,0.6725042
1,1,0.9907102,0.052711993,0.9814204
0,0,0.9927482,0.042951494,0.9854964
1,1,0.977469,0.10773215,0.95493805
0,0,0.93475544,0.24116063,0.8695109
0,0,0.90785754,0.30746683,0.8157151
1,0,0.6170615,0.66548437,0.23412302
0,0,0.9866209,0.07100748,0.9732418
1,1,0.6962208,0.6140325,0.39244163
0,0,0.97726244,0.108510084,0.9545249
0,0,0.86172396,0.4018216,0.7234479
1,0,0.6162659,0.66586256,0.23253182
0,1,0.9236378,0.2697934,0.8472756
1,1,0.9483566,0.20332593,0.89671326
1,0,0.8128524,0.48206043,0.62570477
1,1,0.9888192,0.061359704,0.97763836
1,1,0.99006236,0.055714805,0.9801247
0,0,0.919342,0.28037354,0.83868396
0,0,0.9898964,0.056476973,0.97979283
0,1,0.6121059,0.66779673,0.22421181
1,1,0.80094594,0.4990883,0.6018919
0,0,0.99170357,0.04801773,0.98340714
0,0,0.9674345,0.14354986,0.93486905
1,1,0.7025331,0.60870266,0.40506625
1,1,0.9905523,0.053447925,0.9811046
0,0,0.93950987,0.22831406,0.87901974
1,1,0.93074393,0.25171036,0.86148787
0,1,0.8288792,0.45765898,0.65775836
0,0,0.93475527,0.2411611,0.86951053
0,0,0.934755,0.2411617,0.86951005
1,1,0.963025,0.15820849,0.92604995
1,1,0.6962209,0.6140324,0.39244175
1,0,0.75791115,0.55347574,0.5158223
0,0,0.9347538,0.24116507,0.86950755
0,0,0.99312514,0.04108708,0.9862503
1,1,0.80400896,0.49479434,0.6080179
1,1,0.6468603,0.6493686,0.2937206
0,0,0.9920373,0.04641454,0.9840746
1,1,0.925054,0.26624876,0.850108
1,1,0.9884366,0.06306811,0.97687316
1,0,0.8919942,0.3423256,0.78398836
0,0,0.9935026,0.0391993,0.98700523
1,1,0.98936975,0.058877952,0.9787395
1,0,0.61491954,0.6664966,0.22983909
0,0,0.9916253,0.048391778,0.9832506
1,1,0.98763204,0.06661925,0.9752641
0,0,0.99190176,0.047067445,0.9838035
0,0,0.9937426,0.03798785,0.9874852
0,0,0.93475366,0.24116544,0.8695073
0,0,0.9917639,0.047729075,0.9835278
0,0,0.9347555,0.24116051,0.869511
1,1,0.5067182,0.69305694,0.013436437
0,0,0.9933792,0.039818972,0.98675835
1,0,0.93487227,0.24084952,0.86974454
1,0,0.5468831,0.68874466,0.09376618
0,0,0.5931185,0.6757034,0.18623698
0,0,0.9931882,0.040773343,0.9863764
0,0,0.93475336,0.2411662,0.8695067
0,0,0.7538787,0.55803365,0.5077574
1,1,0.94188005,0.22176287,0.8837601
1,0,0.9282078,0.2582503,0.8564156
0,0,0.9347555,0.24116051,0.869511
0,0,0.99190176,0.04706746,0.9838035
0,0,0.9867547,0.07043137,0.97350943
1,0,0.67003965,0.6341505,0.34007934
0,0,0.9909711,0.05149003,0.9819422
1,0,0.9085197,0.3059494,0.8170394
0,0,0.9931897,0.040765822,0.9863794
1,0,0.6526545,0.64578784,0.30530903
0,0,0.9818015,0.090942696,0.963603
1,0,0.85761833,0.40926343,0.71523666
0,0,0.9857164,0.07486703,0.9714328
0,0,0.99223167,0.045474388,0.98446333
1,1,0.9872093,0.06846359,0.97441864
1,1,0.98783827,0.06571416,0.97567654
0,0,0.9347555,0.24116051,0.869511
1,0,0.92651623,0.26255855,0.85303247
0,0,0.86172396,0.40182164,0.7234479
1,1,0.93704313,0.2350271,0.87408626
1,1,0.98936975,0.058877952,0.9787395
0,0,0.99190176,0.047067445,0.9838035
1,1,0.98763204,0.06661925,0.9752641
1,1,0.9884366,0.06306811,0.97687316
0,0,0.99356353,0.03889277,0.98712707
1,1,0.9907102,0.052711993,0.9814204
1,0,0.861724,0.40182152,0.72344804
1,1,0.99039173,0.054193627,0.98078346
1,0,0.934729,0.2412311,0.86945796
0,0,0.86172396,0.4018216,0.7234479
1,0,0.8596837,0.40553725,0.7193674
0,0,0.9924475,0.044424485,0.984895
1,1,0.9902284,0.054949284,0.9804568
1,1,0.95042944,0.19724885,0.9008589
1,0,0.85761833,0.4092635,0.71523666
1,0,0.85968375,0.40553713,0.7193675
0,0,0.9861115,0.073188454,0.97222304
0,0,0.9920373,0.04641454,0.9840746
0,0,0.96230686,0.16054216,0.9246137
0,0,0.9874513,0.06740945,0.97490263
1,0,0.6055136,0.67071265,0.21102718
0,0,0.934754,0.24116448,0.869508
1,0,0.5440145,0.68926764,0.08802903
1,0,0.8358887,0.4464249,0.67177737
1,0,0.8402113,0.43931934,0.68042254
1,1,0.98742247,0.067535415,0.97484493
0,1,0.8799114,0.36710143,0.75982285
1,1,0.9902284,0.054949284,0.9804568
1,1,0.9905523,0.053447925,0.9811046
1,1,0.5119252,0.69286275,0.023850441
1,0,0.8640588,0.39752662,0.7281176
1,1,0.99039173,0.054193627,0.98078346
1,1,0.99039173,0.054193627,0.98078346
1,1,0.9888192,0.061359704,0.97763836
0,0,0.9920373,0.04641454,0.9840746
0,0,0.9347521,0.24116951,0.8695042
0,0,0.93475366,0.24116535,0.8695073
1,1,0.9236378,0.2697934,0.8472756
1,0,0.67542523,0.6302698,0.35085046
0,0,0.93475544,0.24116059,0.8695109
0,0,0.934751,0.24117258,0.86950195
1,1,0.97054887,0.13282904,0.94109774
1,1,0.93074393,0.25171036,0.86148787
1,1,0.79479086,0.5075396,0.5895817
1,0,0.5634558,0.6850721,0.12691161
0,0,0.9887172,0.061816413,0.9774344
1,0,0.5312383,0.6911943,0.062476665
1,0,0.71996224,0.59298897,0.43992448
0,0,0.98711175,0.06888726,0.9742235
1,1,0.9268888,0.26161325,0.85377765
0,0,0.9937427,0.037987325,0.9874854
1,1,0.9902284,0.054949284,0.9804568
0,0,0.99066514,0.052922204,0.9813303
1,0,0.8852545,0.3563234,0.770509
0,0,0.85945946,0.4059435,0.7189189
0,0,0.9347533,0.24116638,0.8695066
0,0,0.9935635,0.038893025,0.98712695
0,0,0.98943186,0.058596272,0.9788637
0,0,0.9800299,0.09792275,0.96005976
1,1,0.60804904,0.66961277,0.21609807
1,0,0.93729776,0.234339,0.8745955
1,1,0.98742247,0.067535415,0.97484493
1,1,0.98954725,0.05807176,0.9790945
0,0,0.87420034,0.37832326,0.7484007
0,0,0.991039,0.05117087,0.98207796
1,1,0.9155077,0.2896064,0.83101535
0,0,0.98931515,0.059125233,0.9786303
1,0,0.54981625,0.6881757,0.09963253
1,1,0.8288792,0.45765898,0.65775836
0,0,0.9886941,0.061919812,0.97738814
1,1,0.8196082,0.47198707,0.6392164
1,1,0.9888192,0.061359704,0.97763836
0,0,0.9347553,0.24116096,0.86951065
1,1,0.94094145,0.2243692,0.8818829
1,0,0.81407577,0.48025882,0.62815154
1,1,0.8063309,0.49149963,0.61266184
1,0,0.60632694,0.6703628,0.21265385
0,0,0.9347552,0.24116123,0.8695104
0,0,0.86172396,0.4018216,0.7234479
1,0,0.64542073,0.6502354,0.29084146
1,0,0.8596837,0.40553725,0.7193674
0,0,0.93475544,0.24116066,0.8695109
0,0,0.9347554,0.24116075,0.86951077
1,1,0.98972183,0.057275865,0.97944367
1,1,0.98742247,0.067535415,0.97484493
0,0,0.9920373,0.046414554,0.9840746
1,1,0.80401635,0.4947839,0.6080327
1,0,0.86172396,0.4018216,0.7234479
0,0,0.9347554,0.24116075,0.86951077
0,0,0.93475556,0.24116036,0.8695111
1,1,0.99006236,0.055714805,0.9801247
0,0,0.86172396,0.4018216,0.7234479
1,0,0.8967985,0.332061,0.793597
0,0,0.86172396,0.4018216,0.7234479
1,1,0.93112177,0.25072756,0.86224353
1,0,0.85761833,0.40926343,0.71523666
1,1,0.92851764,0.25745657,0.8570353
0,0,0.9922634,0.04532038,0.98452675
0,0,0.86172396,0.4018216,0.7234479
1,1,0.9898935,0.05649036,0.979787
1,0,0.861724,0.40182152,0.72344804
0,0,0.9903621,0.054330938,0.9807242
0,0,0.93475425,0.24116385,0.8695085
0,0,0.99350256,0.039199684,0.9870051
0,0,0.9900842,0.055614427,0.98016834
1,0,0.7095505,0.60255367,0.41910097
1,1,0.9902284,0.054949284,0.9804568
1,1,0.8607138,0.40366566,0.72142756
1,1,0.9343248,0.24230555,0.8686496
1,1,0.5904617,0.6766901,0.18092334
1,1,0.6962209,0.6140324,0.39244175
0,0,0.99344033,0.039512306,0.98688066
1,0,0.8967985,0.332061,0.793597
1,0,0.6918781,0.6175897,0.3837562
1,1,0.98763204,0.06661925,0.9752641
1,1,0.9882405,0.06393874,0.97648096
0,0,0.9755168,0.11500809,0.9510336
0,0,0.93475544,0.24116066,0.8695109
0,0,0.98112214,0.09363922,0.9622443
1,0,0.9347216,0.24125078,0.8694432
1,1,0.9483566,0.20332593,0.89671326
1,1,0.9236378,0.2697934,0.8472756
1,1,0.9160246,0.28837284,0.83204925
1,0,0.5140113,0.6927545,0.028022647
0,0,0.9811122,0.09367863,0.96222436
1,1,0.9890057,0.06052216,0.97801137
0,0,0.93475544,0.24116066,0.8695109
1,0,0.85968375,0.40553713,0.7193675
1,1,0.5075118,0.69303435,0.015023589
1,0,0.93261385,0.24682468,0.8652277
1,0,0.85435826,0.41507417,0.7087165
1,1,0.5739055,0.68218297,0.14781106
0,0,0.98558146,0.07543767,0.9711629
1,1,0.76595163,0.5441219,0.53190327
1,1,0.98936975,0.058877952,0.9787395
1,0,0.9347216,0.24125078,0.8694432
1,1,0.99006236,0.055714805,0.9801247
0,0,0.9920373,0.046414554,0.9840746
1,0,0.8596837,0.40553725,0.7193674
0,0,0.9927941,0.042725503,0.9855882
1,0,0.75333095,0.5586461,0.5066619
0,0,0.93475515,0.2411614,0.8695103
0,0,0.9347554,0.24116075,0.86951077
0,0,0.9347555,0.24116051,0.869511
1,1,0.9884366,0.06306811,0.97687316
1,1,0.77580947,0.5321609,0.55161893
1,1,0.78821284,0.5163149,0.5764257
0,0,0.9920373,0.04641454,0.9840746
0,0,0.9903592,0.05434444,0.9807184
0,0,0.9347529,0.24116746,0.86950576
0,0,0.93475544,0.24116063,0.8695109
0,0,0.9752897,0.11584378,0.9505794
0,1,0.91611737,0.28815117,0.83223474
0,0,0.983107,0.085687466,0.96621394
1,1,0.6962209,0.6140324,0.39244175
1,0,0.9270655,0.26116428,0.854131
1,1,0.61266905,0.66753924,0.2253381
1,1,0.6962209,0.6140324,0.39244175
0,0,0.9911888,0.050464336,0.98237765
0,0,0.99554485,0.028564129,0.9910897
0,0,0.9347555,0.24116044,0.869511
0,0,0.99208426,0.04618784,0.9841685
0,0,0.99362373,0.038588934,0.98724747
1,1,0.6991622,0.6115725,0.39832437
0,0,0.86172396,0.4018216,0.7234479
1,1,0.98322946,0.0851893,0.9664589
0,0,0.9920088,0.04655205,0.9840176
1,1,0.98972183,0.057275865,0.97944367
0,0,0.8424828,0.43552977,0.6849656
1,1,0.93838024,0.2314013,0.8767605
1,0,0.83479965,0.44819352,0.6695993
1,0,0.8469809,0.42791045,0.69396186
1,0,0.7852782,0.52014583,0.5705564
0,0,0.9347538,0.24116509,0.86950755
1,1,0.93169165,0.24924104,0.8633833
0,0,0.9914665,0.049148332,0.98293304
1,0,0.86172384,0.4018218,0.7234477
1,0,0.8967985,0.332061,0.793597
0,0,0.9687232,0.13915293,0.93744636
1,0,0.8905655,0.34533137,0.781131
1,1,0.9902284,0.054949284,0.9804568
0,0,0.9347545,0.24116322,0.869509
1,1,0.93500525,0.24049512,0.8700105
1,1,0.6962209,0.6140324,0.39244175
1,0,0.8430443,0.4345871,0.68608856
0,0,0.9872318,0.06836598,0.9744636
0,0,0.93475556,0.24116036,0.8695111
1,1,0.9158068,0.2888931,0.83161354
0,0,0.68134475,0.62585163,0.3626895
1,0,0.9133707,0.29466906,0.82674146
0,0,0.9864951,0.071548045,0.97299016
1,0,0.861724,0.40182152,0.72344804
1,0,0.80692405,0.4906525,0.6138481
1,1,0.99006236,0.055714805,0.9801247
0,0,0.9877526,0.06609057,0.97550523
0,0,0.9186314,0.28209937,0.83726275
0,0,0.99190176,0.04706746,0.9838035
0,0,0.9347555,0.2411605,0.869511
0,0,0.99299455,0.0417353,0.9859891
0,0,0.9347547,0.24116258,0.86950946
1,1,0.9872093,0.06846359,0.97441864
1,1,0.9907102,0.052711993,0.9814204
0,0,0.93868375,0.23057398,0.8773675
0,0,0.8555275,0.41300002,0.71105504
1,1,0.63647604,0.6554189,0.27295208
1,1,0.9907102,0.052711993,0.9814204
0,0,0.9920095,0.046548624,0.98401904
1,1,0.9907102,0.052711993,0.9814204
0,0,0.93474936,0.24117678,0.8694987
1,0,0.81293076,0.48194534,0.6258615
1,0,0.5563637,0.68678,0.1127274
0,0,0.9347551,0.24116157,0.8695102
1,1,0.55297893,0.68752307,0.105957866
0,0,0.99105644,0.051088654,0.9821129
0,0,0.7182131,0.5946331,0.43642616
0,0,0.9496355,0.19958703,0.899271
1,1,0.9260908,0.2636355,0.85218155
1,0,0.9223671,0.27294973,0.8447342
0,0,0.9347551,0.24116157,0.8695102
1,0,0.5663068,0.6843281,0.13261366
1,1,0.8288792,0.45765898,0.65775836
1,0,0.8148167,0.4791628,0.6296334
0,0,0.93475544,0.24116063,0.8695109
0,0,0.5863633,0.6781548,0.17272663
1,1,0.7268134,0.58640265,0.45362675
0,0,0.991039,0.051170856,0.98207796
0,0,0.86172396,0.4018216,0.7234479
0,0,0.95795965,0.17437515,0.9159193
1,1,0.9431207,0.21829298,0.88624144
0,0,0.93475527,0.2411611,0.86951053
1,1,0.8288792,0.45765898,0.65775836
1,1,0.939357,0.22873315,0.87871397
1,1,0.94220084,0.2208684,0.8844017
1,1,0.69621986,0.6140332,0.39243972
1,0,0.6258963,0.6611037,0.25179255
1,1,0.98936975,0.058877952,0.9787395
0,0,0.96090853,0.16504595,0.92181706
0,0,0.98919237,0.059680562,0.97838473
0,0,0.86172396,0.4018216,0.7234479
0,0,0.99286187,0.04239153,0.98572373
0,1,0.59331375,0.67562973,0.1866275
1,0,0.7353531,0.5778615,0.47070622
1,0,0.9070903,0.3092186,0.8141806
0,0,0.7466483,0.56598747,0.49329665
1,1,0.9880409,0.06482132,0.97608185
0,0,0.9929286,0.042061735,0.98585725
1,1,0.9890057,0.06052216,0.97801137
0,0,0.9922315,0.04547529,0.984463
1,1,0.9236378,0.2697934,0.8472756
0,0,0.9920373,0.046414554,0.9840746
1,0,0.70390576,0.60751855,0.40781152
0,0,0.9726498,0.12540688,0.9452996
0,0,0.98879945,0.06144807,0.9775989
0,0,0.9907141,0.05269391,0.98142815
1,0,0.8725926,0.38142833,0.74518526
0,0,0.9623071,0.16054139,0.9246142
0,0,0.86172396,0.4018216,0.7234479
0,1,0.9294485,0.25506324,0.858897
1,1,0.94220084,0.2208684,0.8844017
1,1,0.934435,0.24201283,0.86887
0,0,0.98848,0.06287493,0.97695994
0,0,0.99190176,0.04706746,0.9838035
1,1,0.5252832,0.6918682,0.050566435
1,1,0.8893931,0.34778234,0.7787862
0,0,0.8946198,0.3367461,0.78923965
1,0,0.85761833,0.40926343,0.71523666
1,1,0.5500747,0.6881238,0.10014939
0,0,0.9920373,0.046414554,0.9840746
0,0,0.99299484,0.041733965,0.9859897
0,0,0.9833552,0.08467671,0.96671045
1,0,0.8069607,0.4906001,0.6139214
1,1,0.77006805,0.5391941,0.5401361
1,1,0.9483566,0.20332593,0.89671326
1,1,0.98954725,0.05807176,0.9790945
1,1,0.98742247,0.067535415,0.97484493
0,0,0.99356353,0.038892757,0.98712707
1,1,0.5755884,0.68167603,0.15117681
1,1,0.9373889,0.23409243,0.8747778
0,0,0.9909721,0.051485345,0.9819442
1,1,0.9888192,0.061359704,0.97763836
0,0,0.9916237,0.048399456,0.9832474
1,0,0.861724,0.40182152,0.72344804
0,0,0.99362373,0.03858892,0.98724747
0,0,0.86172396,0.4018216,0.7234479
1,1,0.6252602,0.6614302,0.25052035
1,0,0.5968472,0.6742694,0.19369432
0,0,0.9898013,0.056912616,0.9796026
0,0,0.9914812,0.049078684,0.98296237
1,1,0.92785984,0.25914,0.8557197
0,0,0.93475497,0.24116185,0.86950994
0,0,0.9347554,0.24116084,0.86951077
0,0,0.8720077,0.38255224,0.74401546
0,0,0.95640546,0.17920418,0.9128109
0,0,0.9704077,0.13332205,0.94081545
0,0,0.93475515,0.2411614,0.8695103
1,0,0.52633816,0.69175917,0.05267632
1,0,0.93487245,0.240849,0.8697449
1,0,0.7893672,0.5147939,0.5787344
1,1,0.9905523,0.053447925,0.9811046
1,0,0.56190705,0.6854625,0.123814076
1,1,0.7154362,0.5972122,0.43087244
0,0,0.9347545,0.24116322,0.869509
1,0,0.93367547,0.24402615,0.86735094
1,0,0.85968363,0.40553737,0.71936727
1,1,0.9907102,0.052711993,0.9814204
0,0,0.86172384,0.4018218,0.7234477
1,1,0.6962208,0.6140325,0.39244163
0,1,0.69540584,0.6147069,0.39081168
1,1,0.9880409,0.06482132,0.97608185
1,1,0.82178605,0.46867436,0.6435721
0,1,0.73352206,0.57972413,0.46704412
0,0,0.67639023,0.6295605,0.35278046
0,0,0.9868027,0.07022429,0.9736054
0,0,0.9347554,0.24116084,0.86951077
1,1,0.9236378,0.2697934,0.8472756
1,0,0.8125596,0.48249015,0.6251192
1,1,0.92785984,0.25914,0.8557197
1,0,0.9347216,0.24125078,0.8694432
0,1,0.7514258,0.5607633,0.5028516
0,0,0.93475544,0.24116065,0.8695109
1,0,0.93475574,0.24115983,0.8695115
0,0,0.9920373,0.046414554,0.9840746
0,0,0.9347551,0.2411616,0.8695102
1,1,0.9884366,0.06306811,0.97687316
1,1,0.93535316,0.2395665,0.8707063
1,0,0.861724,0.40182152,0.72344804
1,0,0.7835202,0.5224163,0.56704044
1,1,0.98742247,0.067535415,0.97484493
1,1,0.9880409,0.06482132,0.97608185
1,1,0.9907102,0.052711993,0.9814204
1,1,0.9907102,0.052711993,0.9814204
1,1,0.93112177,0.25072756,0.86224353
0,0,0.96590906,0.14868703,0.9318181
1,1,0.8782494,0.3703985,0.7564988
1,1,0.6962208,0.6140325,0.39244163
0,0,0.98869413,0.061919425,0.97738826
1,0,0.9714192,0.12977363,0.94283843
0,0,0.9912226,0.050304737,0.98244524
0,0,0.6430879,0.6516208,0.28617585
0,0,0.99026823,0.054765288,0.98053646
1,0,0.89521265,0.3354763,0.7904253
1,1,0.98763204,0.06661925,0.9752641
0,0,0.9879285,0.065317035,0.975857
0,0,0.86172384,0.4018218,0.7234477
1,1,0.9884366,0.06306811,0.97687316
1,0,0.9371765,0.23466678,0.87435305
1,1,0.9880409,0.06482132,0.97608185
1,1,0.90109646,0.3226671,0.8021929
1,1,0.79664266,0.5050216,0.5932853
1,0,0.93519133,0.23999867,0.87038267
0,0,0.78701353,0.51788676,0.57402706
0,0,0.92937,0.25526556,0.85874
0,0,0.99162513,0.04839266,0.98325026
0,0,0.9347555,0.2411605,0.869511
1,0,0.861724,0.40182152,0.72344804
1,1,0.9905523,0.053447925,0.9811046
1,0,0.89032596,0.34583333,0.7806519
1,1,0.99039173,0.054193627,0.98078346
1,1,0.9890057,0.06052216,0.97801137
0,0,0.9900842,0.055614494,0.98016834
1,0,0.93475574,0.24115983,0.8695115
1,1,0.82670975,0.46106514,0.6534195
1,1,0.98763204,0.06661925,0.9752641
0,0,0.988967,0.060696147,0.977934
0,0,0.98310703,0.08568729,0.96621406
0,0,0.93475515,0.2411614,0.8695103
0,0,0.86172396,0.4018216,0.7234479
0,0,0.93976504,0.22761357,0.8795301
1,0,0.93483615,0.24094571,0.8696723
1,0,0.7878743,0.5167595,0.57574856
0,0,0.9453992,0.21184535,0.89079845
1,0,0.8527299,0.41794437,0.70545983
1,1,0.9755064,0.11504623,0.95101285
1,0,0.9336903,0.24398693,0.8673806
0,0,0.93475556,0.24116036,0.8695111
1,1,0.98783827,0.06571416,0.97567654
1,1,0.8288792,0.45765898,0.65775836
0,0,0.98781496,0.06581662,0.9756299
0,0,0.8942192,0.33760208,0.78843844
0,0,0.9543911,0.18537705,0.90878224
0,0,0.93475485,0.24116224,0.8695097
1,1,0.98862946,0.062208477,0.9772589
1,0,0.6015122,0.67239374,0.20302436
1,0,0.7814088,0.5251191,0.5628176
1,1,0.9343248,0.24230555,0.8686496
1,1,0.94666404,0.20822303,0.8933281
1,1,0.9373889,0.23409243,0.8747778
1,0,0.6180755,0.6649984,0.23615098
0,0,0.9347555,0.24116044,0.869511
0,0,0.93475264,0.24116813,0.8695053
1,0,0.6227162,0.6627188,0.24543238
1,1,0.98783827,0.06571416,0.97567654
1,1,0.92851764,0.25745657,0.8570353
1,1,0.9898935,0.05649036,0.979787
1,1,0.9363132,0.2369936,0.8726264
0,0,0.9920373,0.04641454,0.9840746
1,0,0.93475574,0.24115983,0.8695115
1,0,0.8919986,0.3423163,0.7839972
0,0,0.9911888,0.050464325,0.98237765
1,0,0.6742153,0.6311531,0.3484306
1,1,0.6962208,0.6140325,0.39244163
0,0,0.9347547,0.24116251,0.86950946
1,0,0.91271496,0.296211,0.8254299
1,0,0.9348721,0.24084997,0.8697442
1,1,0.8288792,0.45765898,0.65775836
1,0,0.93475574,0.24115983,0.8695115
1,1,0.92737985,0.26036435,0.8547597
0,0,0.9835722,0.08379042,0.96714437
0,0,0.99312526,0.04108666,0.9862505
0,0,0.93475527,0.24116111,0.86951053
0,0,0.99190176,0.04706746,0.9838035
0,0,0.98294884,0.08632945,0.9658977
1,1,0.9882405,0.06393874,0.97648096
1,0,0.928853,0.2565959,0.85770595
1,1,0.8288792,0.45765898,0.65775836
0,0,0.91863096,0.28210044,0.8372619
0,0,0.9549523,0.18366687,0.9099046
0,0,0.9816315,0.0916197,0.96326303
1,1,0.8288792,0.45765898,0.65775836
0,0,0.9875844,0.066827804,0.9751688
1,1,0.6962208,0.6140325,0.39244163
1,1,0.92737985,0.26036435,0.8547597
0,0,0.851821,0.4195373,0.703642
1,1,0.9976636,0.016490148,0.99532723
0,0,0.9127214,0.2961959,0.8254428
0,0,0.98230225,0.088938646,0.9646045
1,0,0.9153816,0.28990668,0.8307632
1,0,0.8496124,0.4233808,0.6992248
1,1,0.87237465,0.3818475,0.7447493
0,0,0.9764054,0.11171695,0.95281076
1,1,0.9023411,0.31990832,0.80468225
1,1,0.98742247,0.067535415,0.97484493
1,1,0.73167974,0.581581,0.46335948
0,0,0.6927749,0.6168624,0.38554978
0,1,0.6694863,0.63454187,0.33897257
1,1,0.63929635,0.65382195,0.2785927
1,1,0.6962209,0.6140324,0.39244175
1,0,0.68986046,0.61921227,0.37972096
1,1,0.98972183,0.057275865,0.97944367
1,1,0.99006236,0.055714805,0.9801247
1,1,0.88843346,0.3497781,0.7768669
1,1,0.699808,0.6110269,0.399616
1,1,0.94220084,0.2208684,0.8844017
1,1,0.9457982,0.21070603,0.89159644
0,0,0.98326355,0.085050434,0.9665271
0,0,0.5121831,0.69285035,0.02436626
0,0,0.990538,0.05351451,0.981076
0,0,0.9347555,0.2411605,0.869511
1,1,0.8884772,0.3496873,0.7769544
1,1,0.9390214,0.2296517,0.8780428
0,0,0.9885878,0.062394448,0.9771756
1,0,0.85761833,0.40926343,0.71523666
0,0,0.99374247,0.03798834,0.98748493
0,0,0.9347555,0.24116044,0.869511
1,1,0.99006236,0.055714805,0.9801247
0,0,0.98989606,0.056478575,0.9797921
1,1,0.9882405,0.06393874,0.97648096
1,1,0.83451694,0.4486512,0.6690339
0,1,0.90885067,0.30518892,0.81770134
1,0,0.8481115,0.4259709,0.696223
0,1,0.7433787,0.5694932,0.4867574
1,0,0.93715894,0.23471428,0.8743179
1,0,0.63756657,0.6548054,0.27513316
0,0,0.9915463,0.048768748,0.98309255
0,0,0.9916237,0.048399456,0.9832474
1,0,0.85968363,0.40553743,0.71936727
1,0,0.92797625,0.25884253,0.8559525
1,0,0.64542073,0.6502354,0.29084146
1,1,0.937964,0.23253323,0.87592804
0,0,0.97465336,0.118174344,0.9493067
1,1,0.8288792,0.45765898,0.65775836
0,1,0.8288792,0.45765898,0.65775836
1,1,0.9882405,0.06393874,0.97648096
1,0,0.93488353,0.24081953,0.86976707
0,0,0.8701282,0.3861429,0.7402564
0,0,0.9920373,0.046414554,0.9840746
1,0,0.928799,0.25673464,0.85759795
1,0,0.9347216,0.24125078,0.8694432
0,0,0.9741226,0.12010573,0.94824517
0,0,0.9929286,0.042061605,0.98585725
1,0,0.85244423,0.41844583,0.70488846
0,0,0.9347555,0.24116051,0.869511
1,0,0.5129827,0.69281006,0.025965422
1,1,0.7668046,0.5431087,0.53360915
0,0,0.9903959,0.054174215,0.9807918
0,0,0.9917639,0.04772906,0.9835278
0,0,0.9137923,0.29367486,0.8275846
0,0,0.9347552,0.24116123,0.8695104
1,1,0.93595386,0.23795846,0.8719077
1,0,0.8967985,0.332061,0.793597
1,0,0.89522976,0.33543962,0.7904595
0,0,0.67813385,0.6282681,0.3562677
1,0,0.96946746,0.13658854,0.9389349
1,1,0.9907102,0.052711993,0.9814204
1,1,0.6962208,0.6140325,0.39244163
0,1,0.9815569,0.091916494,0.9631138
0,0,0.99299484,0.041733954,0.9859897
1,1,0.9878098,0.06583941,0.97561955
1,1,0.71728396,0.59550023,0.43456793
1,0,0.85058,0.42170173,0.70115995
0,0,0.99337924,0.03981885,0.9867585
1,1,0.61895156,0.6645751,0.23790312
0,0,0.9914665,0.049148396,0.98293304
1,1,0.8288792,0.45765898,0.65775836
1,1,0.98936975,0.058877952,0.9787395
0,0,0.9439139,0.21605964,0.88782775
1,1,0.6755974,0.6301435,0.35119486
1,0,0.8744726,0.3777951,0.74894524
1,1,0.6962209,0.6140324,0.39244175
1,1,0.9198258,0.27919465,0.8396516
0,0,0.9748292,0.117532,0.9496584
1,0,0.93486863,0.24085918,0.86973727
0,0,0.9929283,0.042063076,0.98585665
0,0,0.9811121,0.09367877,0.96222425
1,1,0.9495365,0.19987774,0.899073
1,0,0.9348716,0.24085128,0.8697432
0,0,0.86172396,0.4018216,0.7234479
0,0,0.9347555,0.24116047,0.869511
0,0,0.82272977,0.4672289,0.64545953
0,0,0.98826253,0.06384094,0.97652507
1,0,0.93475574,0.24115983,0.8695115
0,0,0.90911317,0.3045848,0.81822634
1,1,0.6962209,0.6140324,0.39244175
1,1,0.6962209,0.6140324,0.39244175
0,0,0.93475354,0.24116573,0.8695071
1,1,0.6933794,0.61637,0.3867588
0,0,0.93475413,0.2411641,0.86950827
1,1,0.8288792,0.45765898,0.65775836
0,0,0.9347553,0.24116093,0.86951065
0,0,0.9932534,0.040448055,0.9865068
0,0,0.97265077,0.1254035,0.94530153
1,0,0.9347216,0.24125078,0.8694432
1,0,0.88867116,0.3492846,0.7773423
1,0,0.8763288,0.37417632,0.75265765
1,1,0.5373843,0.6903494,0.07476854
0,0,0.993379,0.039820004,0.986758
0,0,0.86172396,0.4018216,0.7234479
1,1,0.9902284,0.054949284,0.9804568
1,0,0.86827683,0.3896493,0.73655367
1,1,0.89296633,0.3402682,0.78593266
0,0,0.9347553,0.24116099,0.86951065
1,0,0.7852224,0.52021825,0.5704448
1,0,0.7820075,0.52435535,0.56401503
1,1,0.9880409,0.06482132,0.97608185
1,0,0.6015123,0.6723937,0.2030246
1,1,0.8288792,0.45765898,0.65775836
0,0,0.98686856,0.06994011,0.9737371
0,0,0.86172396,0.4018216,0.7234479
0,0,0.9843203,0.0807114,0.96864057
1,1,0.92397,0.26896456,0.84793997
0,1,0.73280275,0.5804512,0.4656055
0,0,0.9936238,0.038588773,0.9872476
0,0,0.93475544,0.24116063,0.8695109
1,0,0.861724,0.40182152,0.72344804
1,1,0.98862946,0.062208477,0.9772589
0,0,0.9347555,0.24116051,0.869511
1,1,0.98862946,0.062208477,0.9772589
1,1,0.8288792,0.45765898,0.65775836
1,0,0.79902804,0.5017469,0.5980561
0,0,0.9920373,0.04641454,0.9840746
1,0,0.93153644,0.24964643,0.8630729
1,1,0.9888192,0.061359704,0.97763836
0,0,0.9861109,0.07319099,0.97222185
1,1,0.98954725,0.05807176,0.9790945
1,1,0.70508015,0.60649824,0.4101603
1,0,0.8690195,0.3882463,0.738039
1,1,0.9093553,0.30402693,0.81871057
0,0,0.99237627,0.044771753,0.98475254
1,1,0.98862946,0.062208477,0.9772589
0,0,0.5917108,0.67622983,0.18342164
0,0,0.97662276,0.110906504,0.9532455
1,1,0.9363826,0.23680705,0.8727652
0,0,0.9347543,0.24116361,0.8695086
1,1,0.8585132,0.40765333,0.71702635
0,0,0.98711187,0.06888686,0.97422373
1,1,0.93074393,0.25171036,0.86148787
1,0,0.50018704,0.69314706,0.00037407875
0,0,0.96562344,0.14964084,0.9312469
0,0,0.9847528,0.0789149,0.96950555
1,1,0.8112698,0.4843765,0.62253964
0,0,0.93475455,0.24116299,0.8695091
1,1,0.9880409,0.06482132,0.97608185
1,0,0.8432137,0.43430224,0.68642735
0,0,0.9347541,0.24116428,0.86950815
1,0,0.970943,0.13144892,0.94188595
1,1,0.6962209,0.6140324,0.39244175
1,0,0.59776247,0.6739085,0.1955249
1,1,0.98972183,0.057275865,0.97944367
1,1,0.8192801,0.47248337,0.6385602
0,0,0.9863961,0.071972355,0.97279215
1,0,0.9270655,0.26116428,0.854131
0,0,0.9935635,0.038892865,0.98712695
0,0,0.93475544,0.24116066,0.8695109
1,0,0.97046417,0.13312496,0.94092834
1,0,0.80661494,0.4910943,0.6132299
0,0,0.965909,0.14868715,0.931818
1,1,0.6962208,0.6140325,0.39244163
0,0,0.93475467,0.24116272,0.86950934
0,0,0.9931254,0.041086026,0.98625076
1,0,0.93475574,0.24115983,0.8695115
1,0,0.85968375,0.40553713,0.7193675
0,0,0.99097186,0.051486477,0.9819437
1,0,0.85968375,0.40553713,0.7193675
1,0,0.93483907,0.24093798,0.86967814
0,0,0.9347527,0.2411679,0.8695054
1,1,0.9265466,0.26248163,0.85309315
0,0,0.9347543,0.24116367,0.8695086
1,0,0.861724,0.40182152,0.72344804
1,1,0.9898935,0.05649036,0.979787
0,0,0.93475515,0.2411614,0.8695103
0,0,0.73821104,0.5749198,0.47642204
1,0,0.78311217,0.5229407,0.56622434
0,0,0.98387563,0.08254571,0.96775126
0,0,0.75295264,0.559068,0.5059053
0,0,0.9909721,0.051485315,0.9819442
0,0,0.97574216,0.114176445,0.9514843
0,0,0.9879285,0.065316916,0.975857
0,0,0.9347548,0.2411624,0.8695096
0,0,0.8802379,0.36645073,0.76047575
0,0,0.93475413,0.24116407,0.86950827
0,0,0.9921581,0.0458307,0.98431623
1,1,0.94188005,0.22176287,0.8837601
1,1,0.6962209,0.6140324,0.39244175
1,1,0.6962208,0.6140325,0.39244163
1,1,0.92558426,0.26491416,0.8511685
0,0,0.88760585,0.35149178,0.7752117
0,0,0.9920373,0.046414554,0.9840746
1,1,0.9170038,0.28602678,0.8340076
0,0,0.9347552,0.24116129,0.8695104
1,1,0.98763204,0.06661925,0.9752641
1,1,0.9882405,0.06393874,0.97648096
1,0,0.80740064,0.4899702,0.6148013
0,0,0.9926576,0.043396503,0.9853152
1,0,0.8419757,0.4363792,0.6839514
1,1,0.8288792,0.45765898,0.65775836
1,1,0.6962208,0.6140325,0.39244163
0,0,0.9932527,0.040451717,0.9865054
1,0,0.5166809,0.6925906,0.033361793
0,0,0.99083847,0.052112114,0.98167694
1,1,0.61671036,0.6656516,0.23342073
1,1,0.85004133,0.4226374,0.70008266
0,0,0.9347546,0.24116291,0.8695092
1,0,0.8967983,0.3320614,0.7935966
0,0,0.93475527,0.2411611,0.86951053
1,1,0.9483566,0.20332593,0.89671326
0,0,0.9868685,0.0699403,0.973737
0,0,0.9920373,0.04641454,0.9840746
1,1,0.81674,0.47630098,0.63347995
0,0,0.9917206,0.047936216,0.98344123
1,0,0.8037741,0.49512565,0.60754824
1,1,0.5125384,0.6928327,0.025076747
1,0,0.69929504,0.61146045,0.39859012
0,0,0.9937424,0.03798865,0.9874848
0,0,0.98657924,0.07118653,0.9731585
1,1,0.5668329,0.6841871,0.1336658
1,0,0.84468913,0.4318118,0.68937826
1,1,0.9880409,0.06482132,0.97608185
1,0,0.8687605,0.38873613,0.73752105
0,1,0.8974765,0.33059257,0.794953
0,0,0.99251825,0.04407903,0.9850365
1,0,0.9347216,0.24125078,0.8694432
1,0,0.8706938,0.38506573,0.7413876
0,0,0.93475425,0.24116376,0.8695085
1,1,0.61703974,0.6654947,0.23407948
0,0,0.99286187,0.04239153,0.98572373
1,1,0.52528274,0.6918682,0.05056548
1,1,0.8718249,0.38290283,0.74364984
1,1,0.59609395,0.6745637,0.1921879
0,0,0.934755,0.2411617,0.86951005
0,1,0.8288792,0.45765898,0.65775836
1,1,0.9872093,0.06846359,0.97441864
1,0,0.9714192,0.12977365,0.94283843
1,1,0.93704313,0.2350271,0.87408626
1,1,0.54222137,0.6895777,0.084442735
0,0,0.99113995,0.050694987,0.9822799
1,1,0.8877079,0.35128087,0.7754158
0,0,0.99188745,0.04713625,0.9837749
0,0,0.7815597,0.5249268,0.5631194
1,1,0.6522106,0.6460675,0.3044212
0,0,0.99331623,0.040134285,0.98663247
1,1,0.9907102,0.052711993,0.9814204
1,1,0.9884366,0.06306811,0.97687316
1,1,0.99039173,0.054193627,0.98078346
1,1,0.80094594,0.4990883,0.6018919
0,0,0.85552746,0.41300008,0.7110549
1,1,0.98972183,0.057275865,0.97944367
0,0,0.9909721,0.051485375,0.9819442
1,0,0.75519556,0.5565549,0.5103911
0,1,0.63905764,0.65395844,0.27811527
1,0,0.69668365,0.6136481,0.39336732
0,0,0.9917811,0.04764658,0.98356223
1,1,0.9399886,0.22699887,0.8799772
0,0,0.9347555,0.24116047,0.869511
0,1,0.91073596,0.30083174,0.8214719
1,0,0.64542073,0.6502354,0.29084146
0,0,0.8596837,0.40553725,0.7193674
1,1,0.9457982,0.21070603,0.89159644
1,1,0.92143685,0.275246,0.8428737
0,0,0.98804104,0.06482087,0.9760821
1,0,0.6217209,0.6632154,0.24344182
0,0,0.96973884,0.13564879,0.9394777
1,1,0.93074393,0.25171036,0.86148787
1,0,0.5257262,0.69182295,0.051452428
1,1,0.9907102,0.052711993,0.9814204
0,0,0.68141687,0.62579685,0.36283374
1,1,0.9872093,0.06846359,0.97441864
1,0,0.64542073,0.6502354,0.29084146
0,0,0.9347553,0.2411609,0.86951065
1,1,0.9236378,0.2697934,0.8472756
1,1,0.98954725,0.05807176,0.9790945
1,0,0.9709429,0.131449,0.9418858
0,0,0.9885778,0.06243905,0.97715557
0,0,0.98686856,0.069940016,0.9737371
1,0,0.5044762,0.69310707,0.008952349
1,0,0.62003964,0.66404474,0.24007928
1,1,0.9822191,0.089272335,0.9644382
1,1,0.9236378,0.2697934,0.8472756
1,1,0.9697258,0.13569407,0.9394516
1,1,0.9907102,0.052711993,0.9814204
1,1,0.9882405,0.06393874,0.97648096
1,1,0.9481547,0.20391321,0.8963094
1,0,0.7937888,0.5088934,0.5875776
0,0,0.93475556,0.24116036,0.8695111
0,0,0.86172396,0.4018216,0.7234479
0,0,0.9347555,0.24116051,0.869511
1,0,0.8776593,0.37156284,0.75531864
1,0,0.79373765,0.5089623,0.5874753
1,0,0.93475574,0.24115983,0.8695115
1,0,0.9270655,0.26116428,0.854131
1,0,0.9019675,0.3207382,0.80393505
0,0,0.93475497,0.24116185,0.86950994
1,1,0.98862946,0.062208477,0.9772589
1,1,0.98763204,0.06661925,0.9752641
1,1,0.8288792,0.45765898,0.65775836
1,1,0.98936975,0.058877952,0.9787395
1,1,0.9907102,0.052711993,0.9814204
1,1,0.89930046,0.3266173,0.7986009
0,0,0.99251825,0.044079058,0.9850365
0,0,0.9848944,0.078324124,0.9697888
0,0,0.99374354,0.03798306,0.9874871
0,0,0.987327,0.06795172,0.97465396
1,1,0.6962209,0.6140324,0.39244175
1,1,0.93704313,0.2350271,0.87408626
0,0,0.99207026,0.046255518,0.9841405
1,0,0.9699671,0.13485634,0.93993425
1,1,0.98862946,0.062208477,0.9772589
0,0,0.8386602,0.44188493,0.67732036
0,0,0.9235762,0.269947,0.84715235
0,0,0.86172396,0.4018216,0.7234479
1,1,0.9517967,0.19319057,0.9035934
1,1,0.98862946,0.062208477,0.9772589
1,1,0.68609565,0.62218904,0.3721913
0,0,0.9920373,0.04641454,0.9840746
0,0,0.9697386,0.13564959,0.9394772
0,0,0.98122156,0.09324618,0.9624431
0,0,0.9936835,0.0382869,0.98736703
0,0,0.9803631,0.0966228,0.96072614
1,1,0.55849427,0.68628836,0.11698854
0,1,0.99424475,0.035422157,0.9884895
0,0,0.98674494,0.07047334,0.9734899
0,1,0.69757974,0.6129011,0.39515948
0,0,0.9347527,0.2411679,0.8695054
1,0,0.7645107,0.5458246,0.5290214
1,0,0.92652243,0.26254287,0.85304487
1,1,0.8301345,0.45567286,0.660269
0,0,0.96802604,0.14153826,0.9360521
1,0,0.85968375,0.40553713,0.7193675
1,1,0.5612673,0.6856209,0.12253463
1,1,0.9750497,0.11672481,0.95009935
0,0,0.86172396,0.4018216,0.7234479
0,0,0.9931896,0.04076638,0.98637915
1,1,0.98742247,0.067535415,0.97484493
1,1,0.5923053,0.6760085,0.1846106
0,0,0.99200946,0.04654888,0.9840189
1,1,0.9236378,0.2697934,0.8472756
1,1,0.9888192,0.061359704,0.97763836
1,0,0.6655984,0.6372521,0.3311968
1,1,0.9236378,0.2697934,0.8472756
1,1,0.95200855,0.19255818,0.9040171
1,1,0.9296389,0.25457194,0.85927784
1,0,0.85457194,0.4146959,0.7091439
0,0,0.9413535,0.22322696,0.882707
0,0,0.7462448,0.5664232,0.4924896
1,1,0.86056775,0.4039315,0.7211355
0,0,0.9899907,0.056044213,0.9799814
0,1,0.72143435,0.5915935,0.4428687
1,1,0.6962208,0.6140325,0.39244163
0,0,0.9347555,0.24116047,0.869511
1,1,0.98862946,0.062208477,0.9772589
0,0,0.9247685,0.26696572,0.849537
1,1,0.9888192,0.061359704,0.97763836
1,1,0.9403192,0.22608837,0.88063836
1,0,0.7387669,0.5743427,0.47753385
1,0,0.6813365,0.62585795,0.36267304
1,1,0.98763204,0.06661925,0.9752641
1,1,0.98742247,0.067535415,0.97484493
1,1,0.69621986,0.6140332,0.39243972
0,0,0.9935634,0.038893193,0.9871268
0,0,0.95719063,0.17677192,0.91438127
0,1,0.71581584,0.59686184,0.43163168
1,0,0.93367547,0.24402615,0.86735094
1,0,0.9371565,0.23472089,0.874313
1,1,0.94188005,0.22176287,0.8837601
1,0,0.8122351,0.48296574,0.62447023
1,1,0.6962208,0.6140325,0.39244163
0,0,0.8576182,0.4092637,0.7152364
0,0,0.9347551,0.2411616,0.8695102
0,0,0.9927261,0.043060116,0.9854522
0,0,0.991858,0.04727765,0.983716
1,0,0.8451988,0.4309476,0.6903976
0,0,0.9905383,0.05351299,0.9810766
0,0,0.9872318,0.06836596,0.9744636
0,0,0.9887665,0.06159573,0.977533
1,1,0.99039173,0.054193627,0.98078346
1,1,0.98783827,0.06571416,0.97567654
1,0,0.93475574,0.24115983,0.8695115
1,1,0.8288792,0.45765898,0.65775836
1,0,0.89702535,0.33157018,0.7940507
0,0,0.9930604,0.041408867,0.9861208
0,1,0.9038735,0.31648767,0.807747
0,0,0.98884845,0.06122852,0.9776969
1,0,0.7701489,0.5390964,0.54029775
0,0,0.90927094,0.30422133,0.8185419
1,1,0.94835436,0.20333251,0.8967087
0,0,0.99191976,0.046980828,0.9838395
1,1,0.99039173,0.054193627,0.98078346
0,0,0.73621535,0.57697845,0.47243074
1,0,0.92357695,0.2699451,0.8471539
0,0,0.9347552,0.24116123,0.8695104
0,0,0.9870225,0.06927411,0.97404504
1,1,0.82651556,0.46136844,0.6530311
1,1,0.9907102,0.052711993,0.9814204
0,0,0.9347549,0.24116206,0.8695098
0,0,0.9347552,0.24116123,0.8695104
1,1,0.61497283,0.6664716,0.22994566
1,1,0.9898935,0.05649036,0.979787
1,1,0.82399744,0.46527755,0.6479949
1,1,0.7698338,0.5394771,0.5396676
1,0,0.6127545,0.6675,0.22550905
1,0,0.88697636,0.35279065,0.7739527
1,1,0.91074824,0.3008032,0.8214965
0,0,0.9920373,0.04641454,0.9840746
0,0,0.96012074,0.16756025,0.9202415
0,0,0.8838008,0.35928312,0.7676016
0,0,0.98770005,0.06632118,0.9754001
0,0,0.9347555,0.24116051,0.869511
1,0,0.74563456,0.56708044,0.4912691
1,1,0.98936975,0.058877952,0.9787395
0,0,0.9928616,0.042392716,0.98572326
1,0,0.8459123,0.42973462,0.69182456
0,0,0.97829145,0.10461608,0.9565829
0,0,0.9920373,0.046414554,0.9840746
1,1,0.7244848,0.5886675,0.4489696
0,0,0.9347548,0.24116236,0.8695096
1,1,0.98936975,0.058877952,0.9787395
0,0,0.99325323,0.040449005,0.98650646
1,1,0.6962208,0.6140325,0.39244163
0,0,0.9766229,0.110906154,0.95324576
1,1,0.98918927,0.059694607,0.97837853
1,1,0.6962209,0.6140324,0.39244175
0,0,0.92243886,0.272772,0.8448777
0,0,0.99053746,0.05351702,0.9810749
1,1,0.6962208,0.6140325,0.39244163
1,1,0.98742247,0.067535415,0.97484493
0,0,0.99053806,0.053514197,0.9810761
0,0,0.9892141,0.059582368,0.97842824
1,1,0.8215158,0.4690872,0.6430316
1,1,0.93803966,0.23232773,0.8760793
0,0,0.9653148,0.15066881,0.9306296
1,0,0.89895326,0.3273768,0.7979065
0,0,0.93196654,0.24852216,0.8639331
0,0,0.93475163,0.24117076,0.86950326
1,0,0.89295137,0.34029993,0.78590274
1,1,0.98763204,0.06661925,0.9752641
1,0,0.93475574,0.24115983,0.8695115
0,0,0.945886,0.21045488,0.89177203
0,0,0.9616134,0.16278222,0.92322683
1,1,0.98954725,0.05807176,0.9790945
1,1,0.98763204,0.06661925,0.9752641
0,0,0.86172396,0.4018216,0.7234479
0,0,0.9900842,0.055614427,0.98016834
0,0,0.990432,0.05400669,0.98086405
0,0,0.9929286,0.042061698,0.98585725
1,1,0.6040213,0.67134744,0.20804262
1,1,0.98918927,0.059694607,0.97837853
1,0,0.83213466,0.45248523,0.6642693
0,0,0.87438035,0.37797418,0.7487607
1,0,0.62100613,0.66356945,0.24201223
1,1,0.5114928,0.69288296,0.022985578
1,1,0.9884366,0.06306811,0.97687316
0,0,0.98770046,0.06631927,0.9754009
1,1,0.9777573,0.106643535,0.95551455
1,0,0.9092487,0.30427262,0.8184974
1,1,0.93500525,0.24049512,0.8700105
0,1,0.81864727,0.47343853,0.63729453
1,0,0.60930616,0.6690574,0.21861231
1,1,0.53799427,0.6902573,0.07598853
0,0,0.87841,0.3700811,0.75681996
0,0,0.9683171,0.14054427,0.9366342
0,0,0.9347555,0.2411605,0.869511
1,0,0.86244637,0.40049765,0.72489274
0,0,0.93475527,0.24116114,0.86951053
0,0,0.98178554,0.09100632,0.9635711
1,1,0.6439218,0.6511283,0.28784359
1,1,0.98763204,0.06661925,0.9752641
1,0,0.9371603,0.23471054,0.8743206
1,0,0.8417013,0.4368379,0.68340266
1,0,0.54889286,0.6883585,0.09778571
1,1,0.9907102,0.052711993,0.9814204
0,0,0.94187397,0.22177982,0.88374794
1,1,0.9890057,0.06052216,0.97801137
0,0,0.99176776,0.04771041,0.9835355
1,1,0.9489499,0.20159574,0.89789975
1,1,0.8737147,0.37926373,0.7474294
0,0,0.735089,0.57813126,0.470178
0,0,0.9886942,0.061919324,0.9773884
1,1,0.939357,0.22873315,0.87871397
0,0,0.9894117,0.058687706,0.9788234
1,1,0.9898935,0.05649036,0.979787
0,0,0.9933783,0.039823677,0.98675656
1,1,0.92143685,0.275246,0.8428737
1,1,0.80869645,0.48810762,0.6173929
0,0,0.9908868,0.051885564,0.9817736
0,0,0.92236274,0.27296048,0.8447255
0,0,0.97482914,0.11753219,0.9496583
1,0,0.93475574,0.24115983,0.8695115
1,0,0.7136778,0.5988257,0.42735565
1,1,0.93127465,0.25032926,0.8625493
0,1,0.91869617,0.28194228,0.83739233
1,0,0.7383828,0.57474166,0.4767656
1,1,0.8060498,0.49190035,0.61209965
1,1,0.98783827,0.06571416,0.97567654
1,1,0.65843326,0.6420692,0.31686652
1,1,0.92563134,0.26479545,0.8512627
0,0,0.86172396,0.4018216,0.7234479
0,0,0.8596837,0.40553725,0.7193674
0,0,0.99190176,0.047067445,0.9838035
1,0,0.85761833,0.40926343,0.71523666
0,0,0.93646413,0.23658776,0.87292826
1,0,0.70064026,0.6103208,0.40128052
1,0,0.7647778,0.5455098,0.52955556
1,1,0.6253087,0.6614053,0.25061738
1,0,0.887656,0.3513882,0.77531195
1,0,0.93703717,0.23504321,0.87407434
0,0,0.98865557,0.062091872,0.97731113
0,0,0.84422266,0.43260092,0.6884453
0,0,0.934751,0.24117252,0.86950195
1,1,0.98763204,0.06661925,0.9752641
1,1,0.9882405,0.06393874,0.97648096
1,1,0.9236378,0.2697934,0.8472756
1,1,0.8627415,0.3999555,0.72548294
0,0,0.6392474,0.65384996,0.2784948
0,0,0.96683246,0.14558607,0.9336649
0,0,0.98692226,0.069708034,0.9738445
0,0,0.93154585,0.24962184,0.8630917
0,0,0.9634587,0.15679194,0.92691743
0,0,0.9890073,0.06051494,0.9780146
0,0,0.9347555,0.24116047,0.869511
1,0,0.8576182,0.4092637,0.7152364
0,0,0.9347552,0.24116126,0.8695104
0,0,0.9917812,0.047646295,0.98356235
1,0,0.5185654,0.6924577,0.037130803
0,0,0.9347553,0.24116099,0.86951065
1,1,0.98972183,0.057275865,0.97944367
0,0,0.9793498,0.100558914,0.9586996
0,0,0.98898256,0.06062615,0.9779651
1,0,0.9519197,0.19282359,0.90383935
1,1,0.93183285,0.24887192,0.8636657
1,0,0.861724,0.40182152,0.72344804
1,1,0.92737985,0.26036435,0.8547597
1,1,0.98783827,0.06571416,0.97567654
1,0,0.8198974,0.471549,0.6397948
0,0,0.51510286,0.6926909,0.030205727
1,0,0.8876741,0.35135078,0.7753482
0,0,0.95418996,0.18598828,0.9083799
1,1,0.99006236,0.055714805,0.9801247
1,1,0.9236378,0.2697934,0.8472756
1,1,0.7867457,0.5182366,0.57349145
1,0,0.9019538,0.32076868,0.80390763
1,0,0.6049979,0.6709331,0.20999575
0,0,0.9931254,0.041086037,0.98625076
1,1,0.98918927,0.059694607,0.97837853
1,1,0.99039173,0.054193627,0.98078346
1,1,0.9907102,0.052711993,0.9814204
1,0,0.68854594,0.62025917,0.37709185
1,1,0.97205406,0.12752788,0.9441081
1,1,0.98763204,0.06661925,0.9752641
1,1,0.9905523,0.053447925,0.9811046
0,0,0.9347552,0.24116123,0.8695104
1,0,0.7710968,0.53794765,0.54219365
0,0,0.9347539,0.24116474,0.8695078
1,0,0.796531,0.50517404,0.59306204
1,1,0.9890057,0.06052216,0.97801137
0,0,0.9347554,0.24116075,0.86951077
1,0,0.86080265,0.40350372,0.7216053
0,0,0.9933166,0.04013242,0.9866332
1,1,0.98954725,0.05807176,0.9790945
1,1,0.98742247,0.067535415,0.97484493
1,0,0.86483634,0.3960861,0.7296727
0,0,0.9347554,0.24116075,0.86951077
1,0,0.93475574,0.24115983,0.8695115
0,0,0.9889038,0.060979977,0.97780764
0,0,0.97829163,0.10461527,0.95658326
1,0,0.937153,0.23473036,0.87430596
1,0,0.8967983,0.3320614,0.7935966
1,0,0.82661194,0.46121794,0.6532239
1,1,0.7954788,0.5066066,0.59095764
0,0,0.97767997,0.106935896,0.95535994
1,0,0.9358915,0.23812565,0.871783
1,0,0.8459064,0.42974466,0.69181275
0,0,0.9819701,0.090269655,0.96394014
0,0,0.99053824,0.05351333,0.9810765
1,1,0.9238657,0.269225,0.84773135
0,0,0.70936334,0.60272074,0.41872665
0,0,0.6816988,0.6255823,0.36339757
1,1,0.9050582,0.31382462,0.8101164
0,0,0.9862403,0.072638616,0.97248065
0,0,0.9913045,0.049917232,0.98260903
1,1,0.7495981,0.56277627,0.49919617
1,1,0.84173864,0.4367755,0.6834773
0,0,0.99230427,0.045121845,0.98460853
1,0,0.5002223,0.6931471,0.00044468045
0,0,0.9347547,0.24116254,0.86950946
1,1,0.9202802,0.27808446,0.84056044
0,0,0.9528768,0.18995588,0.9057536
1,1,0.93002224,0.2535814,0.8600445
1,0,0.92875,0.2568604,0.85749996
1,0,0.93261385,0.24682468,0.8652277
1,1,0.9884366,0.06306811,0.97687316
1,1,0.99039173,0.054193627,0.98078346
1,1,0.9888192,0.061359704,0.97763836
0,0,0.9861115,0.07318838,0.97222304
1,1,0.98918927,0.059694607,0.97837853
1,1,0.98954725,0.05807176,0.9790945
1,1,0.93327284,0.24508965,0.8665457
0,0,0.9888449,0.061244577,0.97768974
0,0,0.8576182,0.4092637,0.7152364
0,0,0.757248,0.5542314,0.51449597
1,0,0.69508654,0.6149702,0.39017308
0,0,0.99137133,0.049600456,0.98274267
0,0,0.934754,0.24116448,0.869508
1,0,0.861724,0.40182152,0.72344804
1,1,0.939357,0.22873315,0.87871397
0,0,0.9347552,0.24116123,0.8695104
0,0,0.9919341,0.046911657,0.98386824
0,0,0.98489445,0.078323826,0.9697889
0,0,0.5196548,0.69237435,0.03930962
1,1,0.8532554,0.4170205,0.7065108
0,0,0.9937426,0.037987947,0.9874852
1,1,0.8288792,0.45765898,0.65775836
1,1,0.52528274,0.6918682,0.05056548
1,1,0.56378764,0.6849872,0.12757528
1,1,0.9656891,0.14942174,0.93137825
1,1,0.8288792,0.45765898,0.65775836
1,1,0.6962209,0.6140324,0.39244175
1,1,0.9872093,0.06846359,0.97441864
1,0,0.6154803,0.6662334,0.23096061
0,0,0.9740958,0.12020282,0.94819164
1,1,0.98763204,0.06661925,0.9752641
1,1,0.8288792,0.45765898,0.65775836
0,0,0.86172396,0.4018216,0.7234479
0,0,0.93475515,0.24116144,0.8695103
1,1,0.86259717,0.4002207,0.72519433
0,0,0.99190176,0.047067445,0.9838035
1,1,0.6962208,0.6140325,0.39244163
0,0,0.90476155,0.314493,0.8095231
0,0,0.9347551,0.24116154,0.8695102
1,1,0.9236378,0.2697934,0.8472756
1,1,0.9283827,0.25780246,0.8567654
1,1,0.77805483,0.52935886,0.55610967
0,0,0.99113935,0.050697915,0.9822787
1,1,0.8288792,0.45765898,0.65775836
0,0,0.9543913,0.1853765,0.9087826
1,0,0.9371609,0.23470895,0.8743218
0,0,0.8592907,0.40624893,0.71858144
0,0,0.9347555,0.2411605,0.869511
0,0,0.58063054,0.6800877,0.16126111
1,1,0.89591414,0.33396888,0.7918283
0,0,0.93199885,0.24843755,0.8639977
1,1,0.9297359,0.25432158,0.8594718
0,1,0.89914966,0.32694736,0.7982993
1,0,0.8860394,0.35471672,0.77207875
1,0,0.90344846,0.31743914,0.8068969
0,0,0.9868686,0.069939725,0.97373724
0,0,0.9922307,0.045478877,0.9844614
1,1,0.6962208,0.6140325,0.39244163
1,1,0.9888192,0.061359704,0.97763836
1,1,0.8288792,0.45765898,0.65775836
0,0,0.9347555,0.24116047,0.869511
1,1,0.98742247,0.067535415,0.97484493
1,0,0.86282927,0.3997941,0.72565854
0,1,0.63605434,0.65565467,0.27210867
1,1,0.9079427,0.307272,0.8158854
0,0,0.9863964,0.071971215,0.97279274
0,0,0.98446584,0.08010824,0.9689317
1,1,0.98742247,0.067535415,0.97484493
1,1,0.6962208,0.6140325,0.39244163
1,0,0.59539235,0.6748357,0.1907847
1,0,0.8414787,0.43720973,0.6829574
0,0,0.98557955,0.07544587,0.9711591
0,0,0.9930604,0.041408803,0.9861208
1,0,0.6553993,0.64404,0.31079867
1,0,0.5002223,0.6931471,0.00044468045
1,0,0.50410813,0.69311345,0.008216262
1,1,0.98742247,0.067535415,0.97484493
1,0,0.64542073,0.6502354,0.29084146
0,0,0.9937427,0.037987325,0.9874854
1,1,0.98936975,0.058877952,0.9787395
1,1,0.9907102,0.052711993,0.9814204
0,0,0.69115937,0.6181699,0.38231874
1,1,0.94120264,0.22364551,0.8824053
1,1,0.90902656,0.30478424,0.8180531
1,0,0.6230413,0.66255563,0.24608251
0,0,0.934755,0.24116176,0.86951005
1,0,0.78693295,0.517992,0.5738659
0,0,0.9639865,0.15506087,0.92797303
1,1,0.5360978,0.69053876,0.07219565
0,0,0.8667965,0.39243135,0.733593
1,1,0.9236378,0.2697934,0.8472756
1,1,0.89662546,0.33243495,0.7932509
1,1,0.98954725,0.05807176,0.9790945
1,1,0.9207577,0.27691486,0.8415154
0,0,0.97028977,0.13373344,0.94057953
1,1,0.92143685,0.275246,0.8428737
0,0,0.99331665,0.04013209,0.9866333
1,1,0.9884366,0.06306811,0.97687316
0,0,0.9901767,0.055188164,0.98035336
1,0,0.95897305,0.17119429,0.9179461
0,0,0.9920373,0.04641454,0.9840746
1,1,0.8288792,0.45765898,0.65775836
0,0,0.9017491,0.32122272,0.80349815
1,0,0.6311823,0.6583234,0.26236466
1,1,0.9809276,0.09440682,0.9618552
0,0,0.9347555,0.24116047,0.869511
1,0,0.85968375,0.40553713,0.7193675
1,0,0.89032596,0.34583333,0.7806519
1,0,0.9348465,0.2409181,0.86969304
1,1,0.5487686,0.68838286,0.09753716
1,1,0.9236378,0.2697934,0.8472756
1,1,0.624723,0.6617046,0.24944603
0,0,0.93475497,0.24116191,0.86950994
1,0,0.64542073,0.6502354,0.29084146
0,0,0.93475354,0.24116567,0.8695071
1,0,0.9348624,0.24087587,0.86972475
1,0,0.8967983,0.3320614,0.7935966
1,1,0.98763204,0.06661925,0.9752641
1,0,0.8903526,0.34577745,0.7807052
0,0,0.93533075,0.23962636,0.8706615
1,0,0.79218274,0.5110503,0.5843655
1,1,0.9483566,0.20332593,0.89671326
0,0,0.9347553,0.24116102,0.86951065
1,1,0.9905523,0.053447925,0.9811046
0,0,0.93475497,0.24116194,0.86950994
0,0,0.99044913,0.053927332,0.98089826
1,1,0.92737985,0.26036435,0.8547597
0,0,0.86172396,0.4018216,0.7234479
1,1,0.9390214,0.2296517,0.8780428
1,0,0.92357695,0.2699451,0.8471539
1,0,0.88697636,0.35279065,0.7739527
0,0,0.9900842,0.055614397,0.98016834
0,0,0.8596837,0.40553725,0.7193674
1,1,0.9475168,0.20576295,0.8950336
0,0,0.97246104,0.12608038,0.9449221
0,0,0.97705144,0.109302595,0.9541029
1,0,0.7908166,0.5128727,0.5816332
1,1,0.91073596,0.30083174,0.8214719
0,0,0.86172396,0.4018216,0.7234479
1,1,0.6962208,0.6140325,0.39244163
1,1,0.8288792,0.45765898,0.65775836
1,1,0.9390214,0.2296517,0.8780428
1,0,0.84468913,0.4318118,0.68937826
0,0,0.9925178,0.044081017,0.98503566
0,0,0.9347552,0.24116129,0.8695104
1,0,0.8151595,0.47865456,0.630319
0,0,0.99190176,0.047067445,0.9838035
1,0,0.85761833,0.40926343,0.71523666
1,0,0.73354244,0.57970357,0.46708485
0,0,0.98684555,0.07003947,0.9736911
0,0,0.9347552,0.24116123,0.8695104
0,0,0.9905384,0.05351256,0.98107684
1,0,0.861724,0.40182152,0.72344804
0,0,0.99190176,0.04706746,0.9838035
1,0,0.9021672,0.32029486,0.8043344
1,0,0.7378043,0.57534105,0.47560856
1,0,0.93475574,0.24115983,0.8695115
0,0,0.99193406,0.046911903,0.9838681
1,0,0.93367547,0.24402615,0.86735094
0,0,0.96332425,0.15723166,0.9266485
1,0,0.861724,0.40182152,0.72344804
0,0,0.9896082,0.057794064,0.97921646
1,0,0.93717486,0.23467124,0.8743497
1,1,0.98862946,0.062208477,0.9772589
1,0,0.82408464,0.4651429,0.6481693
0,0,0.9929948,0.041734144,0.9859896
0,0,0.9896688,0.05751797,0.9793376
0,0,0.8173328,0.4754139,0.6346656
0,0,0.9347552,0.24116123,0.8695104
0,0,0.99154615,0.048769355,0.9830923
1,0,0.861724,0.40182152,0.72344804
1,1,0.9902284,0.054949284,0.9804568
1,1,0.9898935,0.05649036,0.979787
1,1,0.9236378,0.2697934,0.8472756
0,0,0.9920373,0.046414554,0.9840746
1,1,0.98972183,0.057275865,0.97944367
0,0,0.9347552,0.24116123,0.8695104
1,0,0.843675,0.43352532,0.68735003
1,0,0.80316657,0.49598116,0.60633314
0,0,0.99368346,0.038287237,0.9873669
1,0,0.7314645,0.58179677,0.462929
1,0,0.7794579,0.5275932,0.55891585
0,0,0.97164494,0.12897693,0.9432899
1,1,0.9907102,0.052711993,0.9814204
0,0,0.86172396,0.4018216,0.7234479
0,0,0.98699033,0.069413505,0.97398067
1,1,0.91361785,0.29408655,0.8272357
1,0,0.602639,0.6719271,0.20527804
0,0,0.9347545,0.24116313,0.869509
1,0,0.55680835,0.6866789,0.113616675
1,0,0.91271853,0.29620254,0.82543707
0,0,0.991858,0.04727771,0.983716
0,0,0.98989576,0.05647999,0.9797915
1,0,0.7305329,0.5827281,0.4610658
1,1,0.9880409,0.06482132,0.97608185
1,1,0.90207964,0.32048935,0.8041593
1,1,0.93299186,0.24583025,0.8659837
1,0,0.9338096,0.24367131,0.86761916
1,1,0.6962208,0.6140325,0.39244163
1,1,0.5506566,0.68800616,0.10131323
0,0,0.9925179,0.044080682,0.9850358
0,0,0.9347552,0.24116123,0.8695104
0,0,0.9847215,0.07904538,0.96944296
0,0,0.99008375,0.0556164,0.9801675
1,1,0.99039173,0.054193627,0.98078346
1,0,0.8096259,0.48676494,0.61925185
1,1,0.8951602,0.33558878,0.7903204
1,0,0.9113183,0.2994771,0.8226366
0,0,0.93475544,0.24116065,0.8695109
0,0,0.98858774,0.06239471,0.9771755
1,0,0.53420395,0.6908055,0.06840789
1,1,0.97827816,0.10466661,0.9565563
1,1,0.8946075,0.3367725,0.78921497
1,1,0.8288792,0.45765898,0.65775836
0,0,0.9920373,0.04641454,0.9840746
0,0,0.98723143,0.06836742,0.97446287
1,1,0.9882405,0.06393874,0.97648096
1,1,0.9403192,0.22608837,0.88063836
1,0,0.7248881,0.5882772,0.44977617
0,0,0.9347444,0.24119002,0.86948884
1,0,0.77865976,0.528599,0.5573195
0,0,0.96652496,0.14662157,0.9330499
1,1,0.98763204,0.06661925,0.9752641
0,0,0.9925883,0.043736458,0.98517656
1,0,0.8198974,0.471549,0.6397948
1,1,0.9295102,0.25490412,0.85902035
1,1,0.9373889,0.23409243,0.8747778
1,1,0.9236378,0.2697934,0.8472756
1,0,0.62874067,0.65962255,0.2574813
1,0,0.54783857,0.6885631,0.09567717
0,0,0.86172396,0.4018216,0.7234479
0,1,0.8288792,0.45765898,0.65775836
1,1,0.98862946,0.062208477,0.9772589
1,1,0.98862946,0.062208477,0.9772589
0,0,0.9855787,0.07544935,0.97115743
0,0,0.9347554,0.24116075,0.86951077
0,0,0.99356353,0.03889278,0.98712707
1,1,0.9339633,0.24326432,0.8679266
1,1,0.9236378,0.2697934,0.8472756
0,0,0.93475497,0.24116185,0.86950994
0,0,0.98900723,0.060515247,0.97801447
1,1,0.94094145,0.2243692,0.8818829
1,1,0.9128408,0.29591554,0.82568157
0,1,0.7225696,0.59051,0.44513917
1,0,0.9140612,0.29303962,0.8281224
0,0,0.9873505,0.06784906,0.97470105
1,1,0.8288792,0.45765898,0.65775836
1,1,0.94094145,0.2243692,0.8818829
1,1,0.92737985,0.26036435,0.8547597
0,0,0.98111165,0.093680635,0.9622233
1,1,0.93547,0.23925424,0.87093997
0,0,0.98503447,0.07773833,0.97006893
0,0,0.9832853,0.08496191,0.9665706
0,0,0.98808986,0.06460521,0.9761797
1,0,0.93717384,0.23467399,0.8743477
1,0,0.861724,0.40182152,0.72344804
1,1,0.93112177,0.25072756,0.86224353
0,0,0.86172396,0.4018216,0.7234479
0,0,0.9845831,0.0796213,0.96916616
1,0,0.861724,0.40182152,0.72344804
1,1,0.9440267,0.21574102,0.8880534
1,1,0.93704313,0.2350271,0.87408626
1,0,0.9348482,0.24091363,0.8696964
1,1,0.9872093,0.06846359,0.97441864
0,0,0.8576182,0.4092637,0.7152364
1,1,0.9383627,0.23144898,0.87672544
1,0,0.6135943,0.6671131,0.22718859
1,0,0.85761833,0.40926343,0.71523666
0,0,0.9861115,0.07318838,0.97222304
0,0,0.8660627,0.39380342,0.7321254
0,1,0.8288792,0.45765898,0.65775836
0,0,0.8576182,0.4092637,0.7152364
0,0,0.5488455,0.6883678,0.09769103
1,1,0.9902284,0.054949284,0.9804568
0,0,0.9347552,0.24116129,0.8695104
1,1,0.8288792,0.45765898,0.65775836
0,0,0.93475264,0.24116813,0.8695053
1,0,0.58508885,0.67859626,0.17017767
1,0,0.861724,0.40182152,0.72344804
1,0,0.861724,0.40182152,0.72344804
1,1,0.9872093,0.06846359,0.97441864
0,0,0.9724913,0.12597242,0.94498265
1,1,0.93297327,0.24587923,0.86594653
0,1,0.61907375,0.66451573,0.2381475
1,1,0.9475168,0.20576295,0.8950336
1,1,0.9902284,0.054949284,0.9804568
0,0,0.9871118,0.06888696,0.9742236
0,0,0.9347552,0.24116123,0.8695104
1,1,0.83799046,0.44298717,0.6759809
1,0,0.85761833,0.40926343,0.71523666
1,1,0.6962209,0.6140324,0.39244175
1,1,0.8288792,0.45765898,0.65775836
1,0,0.9113046,0.299509,0.8226092
0,0,0.9347552,0.24116123,0.8695104
1,0,0.92878395,0.25677317,0.8575679
0,1,0.91135794,0.29938474,0.8227159
0,1,0.90207964,0.32048935,0.8041593
1,1,0.9884366,0.06306811,0.97687316
0,0,0.99153006,0.048845924,0.9830601
1,1,0.8288792,0.45765898,0.65775836
0,1,0.890131,0.34624135,0.780262
1,0,0.93715996,0.23471151,0.8743199
0,0,0.8715731,0.38338533,0.7431462
1,0,0.82083535,0.47012442,0.6416707
0,0,0.65317076,0.6454617,0.30634153
1,1,0.98783827,0.06571416,0.97567654
0,0,0.93475527,0.2411611,0.86951053
1,0,0.6870065,0.6214749,0.37401298
1,1,0.98954725,0.05807176,0.9790945
1,0,0.8090868,0.48754442,0.6181736
1,0,0.861724,0.40182152,0.72344804
0,0,0.9916251,0.048392884,0.98325014
0,0,0.8955121,0.33483344,0.7910242
1,0,0.9348506,0.24090725,0.86970115
1,1,0.90506804,0.31380248,0.8101361
1,0,0.861724,0.40182152,0.72344804
0,0,0.9629879,0.1583293,0.9259758
0,0,0.9908051,0.05226838,0.9816102
1,1,0.8288792,0.45765898,0.65775836
0,0,0.9856919,0.074970685,0.9713838
1,1,0.7350075,0.57821435,0.47001505
1,0,0.9159493,0.28855282,0.83189857
0,0,0.9347554,0.24116084,0.86951077
0,0,0.9929948,0.041734263,0.9859896
1,0,0.8096259,0.48676494,0.61925185
0,0,0.9347546,0.24116291,0.8695092
1,0,0.9347319,0.24122335,0.8694638
1,1,0.9757317,0.11421524,0.95146334
0,0,0.95087177,0.19594033,0.90174353
1,0,0.64542073,0.6502354,0.29084146
1,0,0.73371005,0.57953376,0.46742007
0,0,0.97290164,0.12450632,0.9458033
0,0,0.98976797,0.057064954,0.97953594
1,1,0.939357,0.22873315,0.87871397
0,0,0.6943809,0.6155504,0.38876173
1,1,0.9907102,0.052711993,0.9814204
0,0,0.99008405,0.055614986,0.9801681
0,0,0.98890346,0.060981628,0.9778069
1,1,0.99039173,0.054193627,0.98078346
0,0,0.93475544,0.24116063,0.8695109
0,0,0.9920373,0.046414554,0.9840746
1,1,0.98803574,0.064844206,0.9760715
1,0,0.970943,0.13144892,0.94188595
1,1,0.9329059,0.24605656,0.8658118
0,0,0.99351496,0.039137293,0.9870299
1,1,0.98862946,0.062208477,0.9772589
1,1,0.98763204,0.06661925,0.9752641
1,1,0.98918927,0.059694607,0.97837853
1,0,0.89521265,0.3354763,0.7904253
1,1,0.91505206,0.2906907,0.8301041
1,1,0.9236378,0.2697934,0.8472756
1,1,0.8288792,0.45765898,0.65775836
1,1,0.9322051,0.24789736,0.86441016
1,0,0.92107904,0.27612603,0.8421581
0,0,0.9347554,0.24116075,0.86951077
0,0,0.9826153,0.08767834,0.9652306
0,0,0.9920373,0.04641454,0.9840746
1,1,0.9882405,0.06393874,0.97648096
1,0,0.65316975,0.64546233,0.30633947
1,0,0.8521517,0.41895854,0.7043034
0,0,0.9920373,0.046414554,0.9840746
1,1,0.8977489,0.3300012,0.7954978
1,1,0.9898935,0.05649036,0.979787
0,0,0.99190176,0.047067445,0.9838035
1,1,0.9888192,0.061359704,0.97763836
1,1,0.640542,0.65310574,0.28108394
1,1,0.94491917,0.213212,0.88983834
1,0,0.79226756,0.5109368,0.5845351
1,0,0.9270655,0.26116428,0.854131
1,1,0.6405415,0.653106,0.281083
1,1,0.7796633,0.52733374,0.55932665
0,0,0.99130464,0.049916588,0.9826093
1,1,0.69621986,0.6140332,0.39243972
0,0,0.98021436,0.0972037,0.9604287
1,0,0.93153644,0.24964643,0.8630729
0,0,0.9912226,0.05030481,0.98244524
1,1,0.9412671,0.2234668,0.88253415
1,1,0.9907102,0.052711993,0.9814204
0,0,0.86172396,0.4018216,0.7234479
1,1,0.62015146,0.6639899,0.24030292
0,0,0.9907847,0.052363794,0.9815694
1,1,0.9905523,0.053447925,0.9811046
0,0,0.99362344,0.038590435,0.9872469
1,1,0.9907102,0.052711993,0.9814204
0,0,0.9934411,0.03950847,0.9868822
0,0,0.9700154,0.13468854,0.9400308
0,0,0.98766047,0.0664947,0.97532094
0,0,0.96161294,0.16278385,0.9232259
0,0,0.99272627,0.043059446,0.98545253
0,0,0.9878151,0.065816134,0.97563016
1,1,0.7383089,0.5748184,0.4766178
1,0,0.60009277,0.672974,0.20018551
1,1,0.8850601,0.3567204,0.77012014
0,0,0.95982474,0.16850074,0.9196495
1,1,0.94094145,0.2243692,0.8818829
0,0,0.86172396,0.4018216,0.7234479
1,0,0.65488684,0.6443689,0.30977365
0,0,0.93475515,0.24116144,0.8695103
1,0,0.61511177,0.6664065,0.23022354
1,1,0.8036667,0.49527705,0.6073334
0,1,0.5999134,0.6730467,0.19982684
0,0,0.9347555,0.2411605,0.869511
1,1,0.9884366,0.06306811,0.97687316
0,0,0.9347555,0.24116047,0.869511
1,1,0.93603176,0.23774947,0.8720635
1,1,0.9907102,0.052711993,0.9814204
1,1,0.9907102,0.052711993,0.9814204
1,1,0.87081444,0.38483554,0.7416289
1,1,0.6962209,0.6140324,0.39244175
1,1,0.9353614,0.23954451,0.8707228
0,0,0.9347555,0.2411605,0.869511
1,1,0.9907102,0.052711993,0.9814204
1,1,0.925054,0.26624876,0.850108
0,0,0.98880285,0.061432946,0.9776057
1,0,0.9372865,0.23436949,0.874573
0,0,0.9836811,0.083344325,0.96736217
1,1,0.94188005,0.22176287,0.8837601
1,1,0.98742247,0.067535415,0.97484493
0,0,0.8829487,0.36100844,0.7658974
1,1,0.9880409,0.06482132,0.97608185
0,0,0.9669554,0.14517108,0.93391085
1,1,0.8321695,0.45242947,0.66433895
1,1,0.6962208,0.6140325,0.39244163
0,0,0.7093606,0.6027232,0.41872123
0,0,0.99207264,0.04624394,0.9841453
1,1,0.9902284,0.054949284,0.9804568
0,0,0.93475527,0.2411611,0.86951053
1,0,0.93475574,0.24115983,0.8695115
0,0,0.9347555,0.24116051,0.869511
1,0,0.93698424,0.23518609,0.8739685
0,0,0.9885976,0.062350843,0.97719514
1,1,0.8288792,0.45765898,0.65775836
0,0,0.99122274,0.050304085,0.9824455
1,1,0.98742247,0.067535415,0.97484493
1,1,0.87976336,0.3673962,0.7595267
0,0,0.9929823,0.041796014,0.98596466
0,1,0.8288792,0.45765898,0.65775836
0,0,0.93474466,0.24118932,0.8694893
0,0,0.99193406,0.04691204,0.9838681
0,0,0.99272615,0.043059908,0.9854523
1,0,0.5636907,0.6850121,0.12738144
1,0,0.92950875,0.25490782,0.8590175
1,1,0.9907102,0.052711993,0.9814204
1,1,0.99006236,0.055714805,0.9801247
0,0,0.9019728,0.32072657,0.80394554
1,0,0.9371652,0.23469737,0.8743304
1,0,0.861724,0.40182152,0.72344804
1,1,0.6080536,0.66961074,0.21610725
1,0,0.5421128,0.68959594,0.084225625
1,1,0.69289815,0.61676216,0.3857963
0,0,0.9605512,0.16618846,0.9211024
1,0,0.93475574,0.24115983,0.8695115
0,0,0.9925181,0.044079717,0.98503625
0,0,0.94849855,0.2029127,0.8969971
0,0,0.9636574,0.15614128,0.92731476
0,0,0.8596837,0.40553725,0.7193674
0,0,0.9786901,0.103094265,0.9573802
0,0,0.7502346,0.5620772,0.5004692
1,1,0.99006236,0.055714805,0.9801247
1,1,0.9882405,0.06393874,0.97648096
0,0,0.93475544,0.24116063,0.8695109
0,0,0.98974544,0.057167996,0.9794909
0,0,0.8601516,0.4046882,0.7203032
1,1,0.98954725,0.05807176,0.9790945
1,1,0.94220084,0.2208684,0.8844017
0,0,0.9923761,0.044772536,0.9847522
1,0,0.81428885,0.479944,0.6285777
1,1,0.92394626,0.2690238,0.8478925
1,0,0.70032066,0.61059237,0.40064132
1,1,0.78833735,0.51615125,0.5766747
0,0,0.9896083,0.05779384,0.9792166
1,1,0.9252918,0.2656508,0.85058355
0,0,0.86172396,0.4018216,0.7234479
1,0,0.80476713,0.49372232,0.60953426
1,0,0.85968375,0.40553713,0.7193675
1,0,0.9348982,0.24078044,0.8697964
1,1,0.8409898,0.43802485,0.68197966
1,1,0.94188005,0.22176287,0.8837601
1,1,0.9390214,0.2296517,0.8780428
0,0,0.97747225,0.10772006,0.9549445
0,0,0.9920373,0.04641454,0.9840746
1,0,0.92357695,0.2699451,0.8471539
0,0,0.93475395,0.24116457,0.8695079
0,1,0.89983195,0.32545206,0.7996639
0,0,0.9347544,0.24116345,0.86950874
1,0,0.71153104,0.6007751,0.42306212
1,0,0.93490225,0.24076965,0.8698045
1,0,0.7252991,0.5878786,0.4505982
0,0,0.99088657,0.05188676,0.98177314
0,1,0.9224289,0.2727967,0.8448578
1,1,0.6028628,0.6718339,0.20572555
1,0,0.8065247,0.49122316,0.6130494
1,1,0.89930063,0.3266169,0.79860127
0,0,0.99325347,0.040447727,0.98650694
0,0,0.9932534,0.04044807,0.9865068
1,1,0.92265993,0.27222434,0.84531987
0,0,0.99374264,0.037987597,0.9874853
1,0,0.7084545,0.60352975,0.41690898
1,1,0.9143764,0.29229382,0.82875276
1,1,0.98742247,0.067535415,0.97484493
1,0,0.83113986,0.4540742,0.6622797
0,0,0.9440496,0.21567641,0.8880992
0,0,0.9347526,0.24116825,0.86950517
0,0,0.9668321,0.1455873,0.9336642
1,0,0.86282927,0.3997941,0.72565854
1,1,0.93002224,0.2535814,0.8600445
0,0,0.93475544,0.24116066,0.8695109
0,0,0.990574,0.0533469,0.981148
1,0,0.9358754,0.23816878,0.87175083
1,1,0.93327284,0.24508965,0.8665457
0,0,0.98797435,0.06511494,0.9759487
1,1,0.9323618,0.24748646,0.86472356
0,0,0.97993284,0.09830027,0.9598657
0,1,0.9224289,0.2727967,0.8448578
1,0,0.9576128,0.17545791,0.9152256
1,1,0.69621986,0.6140332,0.39243972
1,1,0.98936975,0.058877952,0.9787395
1,0,0.64542073,0.6502354,0.29084146
1,1,0.67499775,0.6305827,0.3499955
0,0,0.9919341,0.04691182,0.98386824
0,0,0.9882674,0.06381932,0.97653484
0,0,0.9347555,0.24116051,0.869511
1,0,0.50906384,0.69298285,0.01812771
1,1,0.5246707,0.6919294,0.04934144
1,1,0.6614888,0.6400431,0.32297754
0,0,0.9143932,0.292254,0.8287864
0,0,0.9347547,0.24116258,0.86950946
1,1,0.8089746,0.48770636,0.61794925
0,0,0.93475515,0.2411614,0.8695103
1,1,0.9339633,0.24326432,0.8679266
0,0,0.99190176,0.047067445,0.9838035
0,0,0.9662196,0.147647,0.9324392
0,0,0.99221796,0.045540802,0.9844359
1,1,0.98954725,0.05807176,0.9790945
1,0,0.5300125,0.6913446,0.060024977
0,0,0.9347552,0.24116123,0.8695104
0,0,0.9755169,0.11500762,0.95103383
1,1,0.98918927,0.059694607,0.97837853
1,1,0.9907102,0.052711993,0.9814204
1,1,0.9902284,0.054949284,0.9804568
1,1,0.98918927,0.059694607,0.97837853
0,0,0.9347555,0.24116047,0.869511
1,1,0.9905523,0.053447925,0.9811046
1,0,0.92765737,0.25965688,0.85531473
1,1,0.71765786,0.5951518,0.43531573
0,0,0.98900735,0.06051457,0.9780147
1,0,0.85968363,0.40553743,0.71936727
0,0,0.9847262,0.07902572,0.9694524
0,0,0.9347554,0.24116075,0.86951077
0,0,0.9347523,0.241169,0.8695046
0,0,0.93475515,0.2411614,0.8695103
0,0,0.9935026,0.03919945,0.98700523
1,1,0.92143685,0.275246,0.8428737
0,0,0.93475497,0.24116194,0.86950994
1,0,0.89521265,0.3354763,0.7904253
0,0,0.93475497,0.24116185,0.86950994
0,0,0.99130464,0.04991665,0.9826093
1,1,0.6962208,0.6140325,0.39244163
1,1,0.93112177,0.25072756,0.86224353
1,1,0.72221273,0.5908513,0.44442546
0,0,0.9027407,0.31901896,0.80548143
0,0,0.86172396,0.4018216,0.7234479
0,0,0.85968363,0.40553743,0.71936727
0,0,0.9721422,0.12721494,0.94428444
1,1,0.9890057,0.06052216,0.97801137
0,0,0.5779202,0.68095446,0.1558404
1,1,0.91283745,0.29592338,0.8256749
1,0,0.64542073,0.6502354,0.29084146
0,0,0.9824662,0.08827919,0.96493244
1,0,0.8419951,0.43634668,0.68399024
1,0,0.78213024,0.52419853,0.5642605
1,0,0.8527765,0.41786256,0.70555305
1,1,0.98783827,0.06571416,0.97567654
0,0,0.90556276,0.31268552,0.8111255
1,1,0.9872093,0.06846359,0.97441864
1,0,0.75915337,0.55205387,0.51830673
0,0,0.9913362,0.04976697,0.98267245
0,0,0.86172396,0.4018216,0.7234479
1,0,0.93475574,0.24115983,0.8695115
0,0,0.9898013,0.05691265,0.9796026
0,0,0.9347551,0.2411616,0.8695102
0,0,0.9927944,0.042724073,0.9855888
1,1,0.9383129,0.23158467,0.8766258
0,0,0.93475443,0.24116337,0.86950886
0,0,0.9648007,0.15237486,0.92960143
0,0,0.9928616,0.04239253,0.98572326
1,0,0.9336882,0.24399245,0.86737645
1,1,0.9888192,0.061359704,0.97763836
0,1,0.8974765,0.33059257,0.794953
1,0,0.8725926,0.38142833,0.74518526
1,1,0.98783827,0.06571416,0.97567654
0,0,0.86172396,0.4018216,0.7234479
1,1,0.71655995,0.59617305,0.4331199
1,1,0.9888192,0.061359704,0.97763836
1,0,0.8010762,0.4989069,0.60215235
1,1,0.9182386,0.28305045,0.83647716
0,0,0.9347537,0.24116525,0.86950743
1,0,0.79281545,0.5102024,0.5856309
1,0,0.93475574,0.24115983,0.8695115
1,1,0.9890057,0.06052216,0.97801137
0,1,0.9464369,0.2088759,0.89287376
1,1,0.77541566,0.5326493,0.5508313
1,1,0.79026073,0.513611,0.58052146
0,0,0.9347555,0.2411605,0.869511
1,0,0.9347216,0.24125078,0.8694432
0,0,0.9931253,0.0410863,0.98625064
1,1,0.8893931,0.34778234,0.7787862
0,0,0.89238566,0.34149832,0.7847713
1,0,0.93715745,0.23471834,0.8743149
1,1,0.9417688,0.22207254,0.88353765
0,0,0.94636875,0.20907147,0.8927375
0,0,0.99286157,0.042392973,0.98572314
1,1,0.9907102,0.052711993,0.9814204
1,1,0.98918927,0.059694607,0.97837853
0,0,0.65317076,0.6454617,0.30634153
1,1,0.8288792,0.45765898,0.65775836
0,0,0.93475527,0.24116111,0.86951053
1,1,0.9880409,0.06482132,0.97608185
1,0,0.9276257,0.25973764,0.85525143
1,0,0.6197784,0.66417253,0.23955682
0,0,0.9885476,0.06257367,0.97709525
0,0,0.9347555,0.2411605,0.869511
1,1,0.9907102,0.052711993,0.9814204
0,0,0.9876357,0.06660326,0.97527134
1,1,0.6962208,0.6140325,0.39244163
1,0,0.85341144,0.4167457,0.7068229
0,0,0.50671494,0.69305706,0.01342991
1,0,0.85761833,0.40926343,0.71523666
0,0,0.93475467,0.24116269,0.86950934
1,1,0.8192801,0.47248337,0.6385602
1,0,0.88177526,0.36337292,0.7635505
1,1,0.98742247,0.067535415,0.97484493
0,0,0.9716244,0.12904947,0.94324875
1,1,0.7554583,0.55625874,0.5109166
1,0,0.59464717,0.6751224,0.18929434
1,0,0.50660324,0.6930599,0.013206512
1,1,0.81900686,0.4728961,0.6380137
1,1,0.8288792,0.45765898,0.65775836
0,0,0.9347553,0.24116093,0.86951065
1,0,0.6640954,0.6382816,0.32819083
0,1,0.5306109,0.6912719,0.061221838
1,1,0.98972183,0.057275865,0.97944367
0,0,0.98931205,0.05913941,0.9786241
0,0,0.9211387,0.27597943,0.8422774
1,0,0.63146436,0.6581717,0.26292872
1,1,0.69621986,0.6140332,0.39243972
1,1,0.766392,0.5435993,0.532784
1,1,0.95583135,0.18097323,0.9116627
1,1,0.5119848,0.6928599,0.02396965
1,0,0.8967985,0.332061,0.793597
0,0,0.97135967,0.12998362,0.94271934
1,1,0.69621986,0.6140332,0.39243972
0,0,0.9347549,0.24116206,0.8695098
1,1,0.9238657,0.269225,0.84773135
1,1,0.98936975,0.058877952,0.9787395
0,0,0.85968363,0.40553743,0.71936727
1,1,0.89591414,0.33396888,0.7918283
0,0,0.99305993,0.04141117,0.98611987
0,0,0.9716003,0.12913464,0.9432006
0,0,0.9347545,0.24116322,0.869509
1,0,0.9347218,0.24125013,0.86944366
1,1,0.925054,0.26624876,0.850108
1,0,0.7975615,0.50376433,0.59512305
0,0,0.93475527,0.24116114,0.86951053
0,1,0.62559915,0.66125643,0.2511983
1,0,0.8687605,0.38873613,0.73752105
1,1,0.6964978,0.61380255,0.3929956
0,0,0.9906268,0.05310105,0.9812536
1,1,0.98862946,0.062208477,0.9772589
1,1,0.9457982,0.21070603,0.89159644
1,1,0.5590629,0.686154,0.1181258
1,0,0.861724,0.40182152,0.72344804
1,0,0.8967983,0.3320614,0.7935966
0,1,0.54018027,0.68991476,0.08036053
1,1,0.58064884,0.6800817,0.16129768
0,0,0.93793213,0.23261982,0.87586427
0,0,0.99244756,0.044424217,0.9848951
0,0,0.9347553,0.24116093,0.86951065
1,1,0.98954725,0.05807176,0.9790945
1,1,0.9888192,0.061359704,0.97763836
1,0,0.66656226,0.63658655,0.33312452
0,0,0.99356353,0.03889277,0.98712707
0,0,0.9936835,0.03828697,0.98736703
1,1,0.98783827,0.06571416,0.97567654
1,1,0.5674358,0.6840242,0.1348716
1,1,0.91448534,0.2920357,0.8289707
1,0,0.7009779,0.6100334,0.4019558
0,0,0.9347539,0.24116474,0.8695078
0,0,0.94490737,0.2132455,0.88981473
1,0,0.77074903,0.53836966,0.54149806
1,1,0.8877079,0.35128087,0.7754158
0,0,0.9869737,0.06948554,0.9739474
1,1,0.99006236,0.055714805,0.9801247
1,0,0.6256696,0.6612202,0.2513392
0,0,0.93475384,0.2411649,0.8695077
0,0,0.99035895,0.054345623,0.9807179
1,1,0.9907102,0.052711993,0.9814204
0,0,0.9898012,0.0569129,0.97960246
0,0,0.78389883,0.5219289,0.56779766
1,0,0.92481184,0.26685697,0.8496237
0,0,0.9911396,0.050696746,0.9822792
0,0,0.8917521,0.34283638,0.78350425
0,0,0.9900168,0.055924244,0.98003364
0,0,0.93475515,0.2411614,0.8695103
1,1,0.86992973,0.38652027,0.73985946
1,0,0.6557225,0.643832,0.31144497
1,1,0.9902284,0.054949284,0.9804568
1,0,0.9019771,0.32071692,0.80395424
1,1,0.9907102,0.052711993,0.9814204
1,0,0.547471,0.6886334,0.09494197
1,1,0.6571174,0.64292896,0.31423485
1,1,0.98763204,0.06661925,0.9752641
1,0,0.85968375,0.40553713,0.7193675
0,0,0.9583407,0.1731821,0.9166814
0,0,0.989312,0.059139706,0.978624
0,0,0.9936835,0.03828693,0.98736703
1,1,0.93704313,0.2350271,0.87408626
0,0,0.97491944,0.117201865,0.9498389
0,0,0.9030174,0.31840205,0.8060348
1,1,0.98763204,0.06661925,0.9752641
1,0,0.8059236,0.4920801,0.61184716
1,0,0.92875093,0.256858,0.85750186
0,0,0.9598273,0.16849257,0.9196546
0,0,0.934753,0.24116713,0.869506
0,0,0.9347552,0.24116129,0.8695104
0,0,0.93475485,0.24116217,0.8695097
1,0,0.92877793,0.25678864,0.85755587
0,0,0.9347555,0.24116051,0.869511
0,0,0.99193406,0.046912,0.9838681
0,0,0.9347554,0.24116084,0.86951077
0,0,0.99237794,0.044763595,0.9847559
1,1,0.9413374,0.22327164,0.8826748
1,1,0.7874261,0.517347,0.5748522
1,0,0.6152186,0.66635644,0.23043716
1,1,0.99006236,0.055714805,0.9801247
1,1,0.93838024,0.2314013,0.8767605
0,0,0.8012687,0.49863857,0.6025374
0,0,0.9347555,0.24116051,0.869511
1,0,0.9375233,0.23372856,0.8750466
1,1,0.9880409,0.06482132,0.97608185
0,0,0.96298563,0.15833664,0.92597127
1,1,0.9279406,0.25893366,0.8558812
1,0,0.8852591,0.35631394,0.7705182
1,1,0.99006236,0.055714805,0.9801247
0,0,0.9920373,0.046414554,0.9840746
0,0,0.9347555,0.24116051,0.869511
1,0,0.8826513,0.36160892,0.76530266
1,0,0.5115796,0.69287896,0.023159146
0,0,0.9347555,0.24116044,0.869511
1,0,0.58915615,0.6771642,0.17831233
1,1,0.9412671,0.2234668,0.88253415
1,1,0.9888192,0.061359704,0.97763836
1,0,0.92651933,0.26255068,0.85303867
0,0,0.9347552,0.24116123,0.8695104
0,0,0.9866205,0.07100925,0.973241
0,0,0.9931896,0.040766343,0.98637915
1,1,0.6448232,0.65059257,0.2896464
1,1,0.6962208,0.6140325,0.39244163
0,0,0.98278946,0.08697475,0.9655789
1,1,0.93704313,0.2350271,0.87408626
0,0,0.5382656,0.6902158,0.07653117
0,0,0.7224223,0.5906509,0.4448446
1,1,0.99006236,0.055714805,0.9801247
0,0,0.93475556,0.24116036,0.8695111
0,0,0.6851176,0.6229516,0.3702352
1,1,0.9290703,0.2560372,0.8581406
0,0,0.8596837,0.40553725,0.7193674
1,0,0.8869809,0.3527813,0.7739618
1,1,0.99039173,0.054193627,0.98078346
1,1,0.98954725,0.05807176,0.9790945
1,0,0.91406834,0.29302275,0.8281367
0,1,0.92236924,0.2729444,0.8447385
0,0,0.78906524,0.5151925,0.5781305
0,0,0.99337906,0.039819717,0.9867581
0,0,0.9932532,0.04044938,0.98650634
1,1,0.93183285,0.24887192,0.8636657
1,1,0.75398463,0.5579151,0.50796926
1,0,0.9259373,0.26402327,0.8518746
0,0,0.9347554,0.24116084,0.86951077
1,0,0.8596837,0.40553725,0.7193674
0,1,0.59992146,0.6730435,0.19984293
1,1,0.98972183,0.057275865,0.97944367
0,0,0.98432034,0.08071116,0.9686407
0,0,0.9891098,0.060053088,0.9782196
1,1,0.50465006,0.6931039,0.009300113
1,0,0.6230413,0.66255563,0.24608251
1,1,0.9888192,0.061359704,0.97763836
1,0,0.8038843,0.4949702,0.60776865
1,0,0.9704589,0.1331432,0.94091785
0,0,0.86172396,0.4018216,0.7234479
1,1,0.75992346,0.55116814,0.5198469
1,1,0.847859,0.4264049,0.69571805
0,0,0.9561317,0.1800488,0.9122634
1,0,0.93475574,0.24115983,0.8695115
0,0,0.75585496,0.5558109,0.5117099
0,0,0.9931254,0.041086026,0.98625076
0,0,0.6055743,0.6706866,0.21114862
1,0,0.8025576,0.49683636,0.6051152
1,1,0.9884366,0.06306811,0.97687316
0,0,0.93475294,0.24116725,0.8695059
0,0,0.9347552,0.24116129,0.8695104
0,0,0.7124599,0.59993434,0.42491987
1,1,0.9905523,0.053447925,0.9811046
1,1,0.9898935,0.05649036,0.979787
0,0,0.68955505,0.6194562,0.37911007
0,0,0.97829145,0.104615964,0.9565829
0,0,0.9347555,0.24116051,0.869511
0,0,0.9347553,0.24116099,0.86951065
1,1,0.70056707,0.61038303,0.40113413
0,1,0.9174159,0.28503567,0.83483183
0,0,0.9868686,0.069939725,0.97373724
1,1,0.8402875,0.43919283,0.680575
0,0,0.61368656,0.66707045,0.22737312
0,1,0.92655754,0.26245385,0.8531151
1,1,0.5110121,0.6929046,0.022024155
0,0,0.9347553,0.24116099,0.86951065
1,1,0.93417484,0.24270356,0.8683497
1,0,0.6194296,0.6643427,0.23885915
1,1,0.92737985,0.26036435,0.8547597
1,1,0.98936975,0.058877952,0.9787395
0,0,0.98111224,0.09367833,0.9622245
1,1,0.98918927,0.059694607,0.97837853
1,0,0.7550336,0.5567373,0.5100672
0,0,0.97645247,0.111541495,0.95290494
1,1,0.8288792,0.45765898,0.65775836
1,1,0.78660005,0.51842666,0.5732001
0,0,0.9917639,0.047729075,0.9835278
0,0,0.9736406,0.121849805,0.94728124
0,1,0.64778477,0.64880717,0.29556954
0,0,0.9914664,0.049148995,0.9829328
0,0,0.99331665,0.040132083,0.9866333
0,0,0.990268,0.05476637,0.980536
0,0,0.98402524,0.08192996,0.9680505
1,1,0.6917549,0.6176894,0.38350976
1,1,0.5191336,0.69241476,0.038267255
0,0,0.93475556,0.2411603,0.8695111
0,0,0.9571914,0.17676954,0.9143828
1,1,0.50210726,0.6931383,0.004214525
0,0,0.9927942,0.042724982,0.98558843
1,1,0.8288792,0.45765898,0.65775836
1,0,0.81428885,0.479944,0.6285777
1,1,0.8943165,0.3373944,0.788633
0,0,0.9347552,0.24116123,0.8695104
0,0,0.9347555,0.24116044,0.869511
1,0,0.59393317,0.675395,0.18786633
1,0,0.5968354,0.67427397,0.19367078
1,1,0.9890057,0.06052216,0.97801137
0,0,0.9867589,0.07041327,0.9735178
1,1,0.8040161,0.49478424,0.6080322
1,1,0.99039173,0.054193627,0.98078346
1,0,0.8011582,0.4987926,0.6023164
1,0,0.64542073,0.6502354,0.29084146
1,1,0.98862946,0.062208477,0.9772589
1,1,0.8188781,0.47309038,0.6377562
1,1,0.9882405,0.06393874,0.97648096
0,0,0.9347554,0.24116075,0.86951077
0,0,0.991858,0.047277607,0.983716
1,1,0.6789682,0.6276448,0.35793638
1,1,0.6560607,0.6436139,0.3121214
1,0,0.86172396,0.4018216,0.7234479
0,1,0.65936476,0.6414559,0.31872952
1,1,0.93500525,0.24049512,0.8700105
1,1,0.9327788,0.24639106,0.86555755
1,0,0.7843912,0.52129364,0.56878245
0,0,0.86172396,0.4018216,0.7234479
0,0,0.9347539,0.24116474,0.8695078
1,1,0.90828687,0.30648357,0.81657374
1,1,0.98742247,0.067535415,0.97484493
1,0,0.6051245,0.6708791,0.21024895
1,1,0.99006236,0.055714805,0.9801247
0,0,0.99362373,0.038589127,0.98724747
1,0,0.5133293,0.6927918,0.026658654
1,1,0.82610387,0.46201056,0.65220773
1,0,0.53843594,0.6901896,0.07687184
1,0,0.8952553,0.3353848,0.79051065
1,0,0.8903526,0.34577745,0.7807052
1,1,0.97848254,0.10388744,0.9569651
1,1,0.6962209,0.6140324,0.39244175
1,0,0.56736445,0.6840435,0.13472888
1,1,0.61268026,0.66753405,0.22536051
0,0,0.98230237,0.088938124,0.96460474
1,0,0.935015,0.24046904,0.87003005
1,1,0.70056707,0.61038303,0.40113413
0,0,0.99272615,0.043059982,0.9854523
0,1,0.885985,0.35482815,0.77197003
1,1,0.9272429,0.26071307,0.85448575
0,0,0.97965574,0.09937588,0.9593115
1,1,0.98783827,0.06571416,0.97567654
1,0,0.725939,0.5872563,0.45187795
1,0,0.72385985,0.5892708,0.4477197
1,0,0.8462025,0.4292401,0.692405
0,0,0.9916237,0.048399456,0.9832474
1,1,0.93074393,0.25171036,0.86148787
0,0,0.9347554,0.24116075,0.86951077
1,0,0.861724,0.40182152,0.72344804
1,1,0.98742247,0.067535415,0.97484493
1,0,0.59503055,0.6749752,0.19006112
1,1,0.92143685,0.275246,0.8428737
1,0,0.5956899,0.67472064,0.19137982
0,0,0.90211564,0.32040942,0.8042313
0,0,0.9894945,0.05831174,0.978989
0,0,0.9211395,0.27597755,0.84227896
1,0,0.9347216,0.24125078,0.8694432
1,1,0.78738815,0.5173967,0.5747763
1,1,0.5180834,0.6924931,0.036166787
1,0,0.7962814,0.5055145,0.5925628
1,1,0.8009605,0.49906802,0.60192096
0,0,0.7001195,0.6107631,0.400239
0,0,0.7868476,0.51810354,0.5736952
1,1,0.9261365,0.26351988,0.852273
1,0,0.8163527,0.47687918,0.63270545
0,0,0.93475556,0.24116036,0.8695111
1,0,0.90344846,0.31743914,0.8068969
1,1,0.9905523,0.053447925,0.9811046
0,0,0.9883715,0.06335747,0.976743
0,0,0.8876055,0.35149255,0.775211
1,0,0.81625,0.47703236,0.63250005
0,0,0.99368346,0.038287207,0.9873669
1,1,0.9475168,0.20576295,0.8950336
0,0,0.99017674,0.055187903,0.9803535
0,0,0.9896357,0.057668984,0.9792714
1,0,0.9689597,0.13834009,0.9379194
0,1,0.9174159,0.28503567,0.83483183
1,1,0.5247076,0.69192576,0.04941523
0,0,0.76811314,0.54154617,0.5362263
1,1,0.9373889,0.23409243,0.8747778
0,0,0.98057836,0.09577963,0.9611567
0,0,0.9930603,0.041409325,0.9861206
0,0,0.93475246,0.24116853,0.8695049
1,1,0.9884366,0.06306811,0.97687316
0,0,0.9805784,0.09577942,0.96115685
1,1,0.98954725,0.05807176,0.9790945
0,0,0.9761861,0.11253213,0.9523722
0,0,0.93475366,0.24116544,0.8695073
1,0,0.88177055,0.3633824,0.7635411
1,1,0.99006236,0.055714805,0.9801247
1,1,0.98763204,0.06661925,0.9752641
1,1,0.96888036,0.13861288,0.9377607
1,1,0.9884366,0.06306811,0.97687316
0,0,0.93475497,0.24116194,0.86950994
0,0,0.968607,0.13955148,0.937214
1,1,0.99039173,0.054193627,0.98078346
0,0,0.9784916,0.10385283,0.9569832
1,0,0.9347216,0.24125078,0.8694432
1,1,0.9907102,0.052711993,0.9814204
1,0,0.9293336,0.25535923,0.85866725
0,0,0.95431376,0.18561223,0.9086275
1,0,0.93475574,0.24115983,0.8695115
0,0,0.98484373,0.0785356,0.96968746
1,1,0.8288792,0.45765898,0.65775836
1,1,0.98954725,0.05807176,0.9790945
1,1,0.8288792,0.45765898,0.65775836
0,0,0.93475544,0.24116063,0.8695109
1,0,0.5390295,0.6900975,0.07805899
0,0,0.9924472,0.044426,0.9848944
1,1,0.52074915,0.6922859,0.041498303
0,0,0.9347552,0.24116123,0.8695104
1,0,0.9371558,0.23472278,0.87431157
0,0,0.53215545,0.6910778,0.06431091
0,0,0.9814599,0.09230168,0.96291983
1,1,0.98783827,0.06571416,0.97567654
1,0,0.71213317,0.6002306,0.4242663
1,1,0.6962209,0.6140324,0.39244175
0,0,0.9907316,0.052612066,0.9814632
1,0,0.8596837,0.40553725,0.7193674
1,0,0.83412695,0.44928163,0.6682539
0,0,0.9556116,0.18164831,0.9112232
1,1,0.98783827,0.06571416,0.97567654
1,1,0.98783827,0.06571416,0.97567654
1,1,0.83390844,0.44963443,0.6678169
0,0,0.9634738,0.1567425,0.9269476
0,0,0.99299484,0.041733965,0.9859897
1,0,0.57264376,0.6825555,0.14528751
0,0,0.9928764,0.0423197,0.9857528
0,0,0.99368227,0.03829325,0.98736453
0,0,0.9897051,0.05735239,0.9794102
0,0,0.9792744,0.100849696,0.9585488
1,1,0.9079427,0.307272,0.8158854
0,0,0.83008856,0.45574582,0.6601771
0,0,0.9920373,0.04641454,0.9840746
0,0,0.9927263,0.043059006,0.98545265
1,1,0.9882405,0.06393874,0.97648096
1,1,0.98783827,0.06571416,0.97567654
1,1,0.89663386,0.3324168,0.7932677
1,0,0.9232183,0.27083793,0.8464366
0,0,0.99114,0.050694868,0.98228
1,0,0.8744726,0.3777951,0.74894524
0,1,0.9412115,0.22362088,0.88242304
0,0,0.99208426,0.046187766,0.9841685
1,1,0.9905523,0.053447925,0.9811046
1,1,0.94880104,0.2020305,0.8976021
0,0,0.9923066,0.04511061,0.9846132
0,1,0.86165917,0.40194017,0.72331834
0,0,0.9347554,0.24116084,0.86951077
1,1,0.9236378,0.2697934,0.8472756
1,1,0.9071368,0.30911267,0.8142736
1,1,0.8966337,0.3324172,0.79326737
1,0,0.62103283,0.6635562,0.24206567
1,0,0.5844929,0.67880034,0.16898581
0,0,0.9347542,0.24116394,0.8695084
0,0,0.9347534,0.24116603,0.86950684
1,1,0.92674804,0.2619707,0.8534961
1,0,0.77323323,0.53533995,0.54646647
0,0,0.9347551,0.24116157,0.8695102
1,1,0.98763204,0.06661925,0.9752641
0,0,0.9473192,0.2063343,0.8946384
1,0,0.9347216,0.24125078,0.8694432
0,0,0.9347554,0.24116075,0.86951077
1,0,0.51354754,0.69278,0.02709508
1,1,0.74981743,0.56253564,0.49963486
1,1,0.99006236,0.055714805,0.9801247
1,0,0.9070902,0.3092189,0.8141804
1,0,0.8541319,0.41547447,0.70826375
0,0,0.9934412,0.039507892,0.98688245
1,0,0.9645929,0.15306237,0.92918575
0,0,0.96889377,0.13856672,0.93778753
1,1,0.7628574,0.5477638,0.52571476
0,0,0.9691779,0.13758841,0.9383558
1,1,0.58634025,0.6781629,0.1726805
1,1,0.9905523,0.053447925,0.9811046
1,1,0.93704313,0.2350271,0.87408626
1,0,0.9358734,0.23817423,0.8717468
1,1,0.8264519,0.4614678,0.6529038
1,0,0.60910237,0.6691479,0.21820477
0,0,0.9646394,0.15290856,0.92927885
1,1,0.9170038,0.28602678,0.8340076
0,0,0.85512656,0.4137125,0.7102531
1,0,0.8619336,0.40143788,0.7238672
1,1,0.99039173,0.054193627,0.98078346
0,0,0.93475544,0.24116065,0.8695109
0,1,0.8822833,0.36235088,0.76456654
1,1,0.7982335,0.5028416,0.596467
0,0,0.93475246,0.24116859,0.8695049
0,0,0.98262864,0.08762462,0.9652573
1,1,0.6962208,0.6140325,0.39244163
1,1,0.8288792,0.45765898,0.65775836
1,1,0.9907102,0.052711993,0.9814204
1,1,0.94220084,0.2208684,0.8844017
1,1,0.98763204,0.06661925,0.9752641
1,1,0.8288792,0.45765898,0.65775836
1,1,0.6917549,0.6176894,0.38350976
1,1,0.9907102,0.052711993,0.9814204
0,0,0.99286187,0.042391516,0.98572373
0,0,0.9347547,0.2411625,0.86950946
1,1,0.73346776,0.57977915,0.46693552
1,1,0.9390214,0.2296517,0.8780428
1,0,0.8229879,0.46683243,0.6459758
1,0,0.86172396,0.4018216,0.7234479
1,1,0.9902284,0.054949284,0.9804568
1,1,0.7244929,0.5886597,0.44898582
1,1,0.99006236,0.055714805,0.9801247
0,0,0.99227715,0.04525357,0.9845543
0,0,0.9347555,0.24116047,0.869511
0,1,0.9167052,0.28674358,0.8334104
1,1,0.98783827,0.06571416,0.97567654
0,0,0.9936238,0.0385888,0.9872476
1,1,0.8288792,0.45765898,0.65775836
1,0,0.93490374,0.24076572,0.8698075
1,1,0.9888192,0.061359704,0.97763836
1,1,0.9872093,0.06846359,0.97441864
0,0,0.8724878,0.38163006,0.74497557
0,0,0.9347553,0.24116093,0.86951065
1,0,0.8714178,0.38368258,0.74283564
1,0,0.9714192,0.12977365,0.94283843
1,1,0.98918927,0.059694607,0.97837853
1,1,0.63252956,0.65759563,0.2650591
0,0,0.9927412,0.04298568,0.98548245
1,1,0.98936975,0.058877952,0.9787395
0,0,0.9683175,0.14054285,0.936635
1,1,0.9877437,0.06612974,0.97548735
0,1,0.5981763,0.6737442,0.1963526
0,0,0.9920373,0.046414554,0.9840746
1,1,0.5716076,0.68285656,0.14321518
0,0,0.98558176,0.07543655,0.9711635
1,0,0.52577126,0.69181824,0.05154249
0,0,0.9347552,0.24116129,0.8695104
0,0,0.9347555,0.24116051,0.869511
1,1,0.5162132,0.69262135,0.032426357
1,0,0.5468023,0.6887598,0.093604565
0,0,0.9347555,0.24116051,0.869511
1,1,0.9343248,0.24230555,0.8686496
1,0,0.77948356,0.52756083,0.5589671
1,0,0.7989911,0.5017979,0.59798217
1,1,0.8288792,0.45765898,0.65775836
0,0,0.99190176,0.04706746,0.9838035
1,1,0.94666404,0.20822303,0.8933281
0,0,0.98597753,0.073758945,0.97195506
0,0,0.9908003,0.05229073,0.98160064
1,1,0.6962208,0.6140325,0.39244163
1,1,0.99006236,0.055714805,0.9801247
0,0,0.99026835,0.054764718,0.9805367
1,0,0.73538864,0.5778252,0.47077724
0,0,0.9916252,0.048392303,0.9832504
0,0,0.982038,0.0899979,0.96407604
1,0,0.70912635,0.6029321,0.41825274
1,0,0.90704495,0.30932194,0.8140899
1,1,0.9890057,0.06052216,0.97801137
1,0,0.6318985,0.6579375,0.26379707
1,1,0.98742247,0.067535415,0.97484493
1,0,0.5559401,0.68687546,0.11188018
0,0,0.96483076,0.15227534,0.9296615
0,0,0.86172396,0.4018216,0.7234479
0,0,0.9840251,0.08193057,0.96805024
1,1,0.5034185,0.6931238,0.0068370104
0,0,0.9843202,0.080711745,0.96864045
1,0,0.73650694,0.57667893,0.47301388
1,1,0.69621986,0.6140332,0.39243972
1,1,0.62932533,0.6593138,0.25865066
1,0,0.64542073,0.6502354,0.29084146
1,1,0.9888192,0.061359704,0.97763836
1,1,0.9278949,0.2590505,0.8557898
0,0,0.9917639,0.047729075,0.9835278
0,0,0.86172396,0.4018216,0.7234479
1,0,0.9289834,0.25626075,0.8579668
1,1,0.9898935,0.05649036,0.979787
1,0,0.7408527,0.5721631,0.48170543
1,1,0.93803966,0.23232773,0.8760793
0,0,0.9347554,0.24116081,0.86951077
0,0,0.98839504,0.06325286,0.9767901
1,1,0.888473,0.3496961,0.77694595
0,0,0.93475544,0.24116063,0.8695109
0,0,0.99097174,0.051487043,0.9819435
0,0,0.9931254,0.041086037,0.98625076
0,0,0.9695297,0.13637319,0.9390594
1,1,0.9884366,0.06306811,0.97687316
1,0,0.8500854,0.422561,0.70017076
1,0,0.93475574,0.24115983,0.8695115
1,0,0.93367547,0.24402615,0.86735094
0,0,0.9920373,0.046414554,0.9840746
1,1,0.9236378,0.2697934,0.8472756
0,0,0.6011143,0.67255723,0.20222852
1,0,0.64542073,0.6502354,0.29084146
0,0,0.86172396,0.4018216,0.7234479
1,1,0.93123686,0.25042775,0.8624737
1,1,0.53317654,0.6909442,0.06635308
0,0,0.98654646,0.07132748,0.9730929
0,0,0.96813023,0.14118284,0.93626046
0,0,0.9884172,0.06315432,0.9768344
1,1,0.9329059,0.24605656,0.8658118
0,0,0.98230225,0.08893857,0.9646045
1,1,0.98918927,0.059694607,0.97837853
0,0,0.9347467,0.24118395,0.86949337
1,1,0.9880409,0.06482132,0.97608185
1,0,0.8763288,0.37417632,0.75265765
1,0,0.897526,0.3304851,0.79505205
0,0,0.96161383,0.16278091,0.92322767
1,1,0.99006236,0.055714805,0.9801247
0,0,0.9882628,0.06383998,0.97652555
0,0,0.9347424,0.24119541,0.8694848
1,1,0.98783827,0.06571416,0.97567654
1,1,0.99039173,0.054193627,0.98078346
0,0,0.91734993,0.28519452,0.83469987
1,1,0.98918927,0.059694607,0.97837853
1,1,0.6888796,0.6199942,0.37775922
1,1,0.9884366,0.06306811,0.97687316
1,1,0.9718483,0.12825735,0.9436966
0,0,0.98405325,0.08181449,0.9681065
0,0,0.9920373,0.04641454,0.9840746
0,1,0.7561398,0.5554888,0.5122796
1,1,0.8288792,0.45765898,0.65775836
1,1,0.98954725,0.05807176,0.9790945
1,0,0.88697636,0.35279065,0.7739527
0,0,0.9920373,0.046414554,0.9840746
0,0,0.9347498,0.24117571,0.86949956
1,1,0.99006236,0.055714805,0.9801247
0,0,0.9936835,0.038287006,0.98736703
1,0,0.84123445,0.43761718,0.6824689
0,0,0.99045426,0.053903673,0.9809085
1,0,0.8576182,0.4092637,0.7152364
1,0,0.8524213,0.41848603,0.70484257
1,1,0.9907102,0.052711993,0.9814204
1,0,0.51779777,0.6925135,0.035595536
1,1,0.93074393,0.25171036,0.86148787
1,1,0.74322474,0.56965685,0.48644948
1,1,0.9902284,0.054949284,0.9804568
1,1,0.98386866,0.08257443,0.9677373
1,1,0.5204619,0.69230956,0.040923834
0,0,0.9900838,0.05561597,0.9801676
1,1,0.98742247,0.067535415,0.97484493
0,0,0.9920373,0.046414554,0.9840746
0,0,0.99362326,0.038591366,0.9872465
0,0,0.99178106,0.047646753,0.9835621
0,0,0.98921126,0.05959522,0.9784225
0,0,0.50389874,0.6931168,0.0077974796
1,1,0.9907102,0.052711993,0.9814204
0,0,0.98999065,0.05604451,0.9799813
0,0,0.99325347,0.04044769,0.98650694
0,0,0.9936227,0.038594175,0.98724544
1,1,0.79574025,0.50625134,0.5914805
1,1,0.9383129,0.23158467,0.8766258
0,1,0.8446179,0.4319324,0.6892358
1,1,0.98783827,0.06571416,0.97567654
1,0,0.85457194,0.4146959,0.7091439
1,0,0.82542044,0.4630739,0.6508409
0,0,0.85968363,0.40553737,0.71936727
0,0,0.9347555,0.24116047,0.869511
1,0,0.8399509,0.43975127,0.67990184
1,0,0.93475574,0.24115983,0.8695115
1,1,0.6669948,0.6362865,0.33398962
1,1,0.98783827,0.06571416,0.97567654
1,0,0.88175637,0.36341092,0.76351273
0,0,0.9347555,0.24116044,0.869511
1,0,0.86005485,0.4048639,0.7201097
1,1,0.9236378,0.2697934,0.8472756
1,0,0.93475574,0.24115983,0.8695115
0,0,0.93475455,0.24116305,0.8695091
1,1,0.98325634,0.085079834,0.9665127
0,0,0.86172396,0.4018216,0.7234479
1,1,0.9890057,0.06052216,0.97801137
1,0,0.7894528,0.5146808,0.5789056
0,0,0.99251825,0.04407893,0.9850365
1,1,0.6962208,0.6140325,0.39244163
0,0,0.9920373,0.04641454,0.9840746
1,0,0.8835192,0.35985416,0.76703835
1,0,0.8936487,0.33881822,0.78729737
1,1,0.56949663,0.6834563,0.13899326
1,0,0.93475574,0.24115983,0.8695115
0,0,0.98431915,0.08071608,0.9686383
0,0,0.9347542,0.24116397,0.8695084
1,0,0.9699671,0.13485634,0.93993425
1,1,0.8288792,0.45765898,0.65775836
0,0,0.67964274,0.62713844,0.35928547
0,0,0.93475163,0.24117076,0.86950326
1,0,0.7419584,0.57099855,0.48391676
0,0,0.97506046,0.11668532,0.9501209
0,0,0.86172384,0.4018218,0.7234477
0,0,0.9863684,0.072090805,0.97273684
1,1,0.8009605,0.49906802,0.60192096
1,0,0.9192699,0.28054893,0.83853984
1,1,0.9907102,0.052711993,0.9814204
1,0,0.64208627,0.6522083,0.28417256
1,1,0.9890057,0.06052216,0.97801137
1,1,0.98936975,0.058877952,0.9787395
0,0,0.99244756,0.04442416,0.9848951
0,0,0.9895713,0.057962425,0.97914255
1,0,0.895234,0.3354305,0.790468
1,0,0.8584027,0.40785244,0.71680546
1,1,0.94188005,0.22176287,0.8837601
1,1,0.9907102,0.052711993,0.9814204
1,0,0.93475574,0.24115983,0.8695115
0,0,0.9347553,0.24116093,0.86951065
1,1,0.8288792,0.45765898,0.65775836
1,0,0.83836967,0.44236347,0.67673934
1,1,0.6962209,0.6140324,0.39244175
1,0,0.9371757,0.23466903,0.8743514
1,0,0.93367547,0.24402615,0.86735094
1,1,0.94080377,0.22475019,0.88160753
1,1,0.8288792,0.45765898,0.65775836
0,0,0.93475515,0.2411614,0.8695103
0,0,0.98176366,0.09109354,0.9635273
0,0,0.9920373,0.046414554,0.9840746
1,1,0.9907102,0.052711993,0.9814204
0,0,0.9347554,0.24116084,0.86951077
1,0,0.921099,0.27607697,0.842198
1,1,0.978956,0.10207489,0.95791197
1,0,0.8952126,0.3354764,0.7904252
0,1,0.80660725,0.49110526,0.6132145
1,1,0.98862946,0.062208477,0.9772589
1,0,0.5166961,0.6925895,0.03339219
0,0,0.99088687,0.05188525,0.98177373
1,0,0.6446899,0.65067196,0.28937984
1,1,0.8742726,0.37818325,0.74854517
0,0,0.99331665,0.04013209,0.9866333
0,0,0.97436017,0.119242564,0.94872034
1,0,0.6946883,0.6152979,0.38937664
1,1,0.843609,0.4336366,0.68721795
0,0,0.7314694,0.5817919,0.4629388
1,0,0.8936401,0.33883652,0.7872802
1,0,0.85175997,0.41964406,0.70351994
0,0,0.99207026,0.046255413,0.9841405
0,0,0.93475544,0.24116059,0.8695109
1,1,0.82703364,0.4605587,0.6540673
0,0,0.93475527,0.2411611,0.86951053
0,0,0.93475544,0.24116063,0.8695109
1,1,0.8851838,0.35646775,0.7703676
1,1,0.7723543,0.53641593,0.5447086
0,0,0.99113995,0.050695017,0.9822799
1,1,0.939357,0.22873315,0.87871397
0,0,0.9917036,0.048017655,0.98340726
0,0,0.97109777,0.13090533,0.94219553
1,0,0.93367547,0.24402615,0.86735094
1,1,0.6817931,0.62551045,0.3635862
1,1,0.9902284,0.054949284,0.9804568
0,0,0.9347555,0.24116047,0.869511
0,0,0.934755,0.2411617,0.86951005
1,1,0.8779516,0.37098646,0.75590324
1,1,0.8961761,0.3334046,0.7923522
0,0,0.99062675,0.053101238,0.9812535
1,1,0.84817135,0.425868,0.6963427
0,0,0.9920373,0.046414554,0.9840746
0,0,0.9542079,0.18593377,0.9084158
0,0,0.9098878,0.30279735,0.8197756
1,1,0.98763204,0.06661925,0.9752641
1,0,0.7964858,0.5052358,0.59297156
1,1,0.9236378,0.2697934,0.8472756
1,0,0.7919507,0.51136065,0.5839014
1,1,0.9905523,0.053447925,0.9811046
0,0,0.9914665,0.049148455,0.98293304
1,0,0.5002223,0.6931471,0.00044468045
1,1,0.98862946,0.062208477,0.9772589
0,0,0.93475544,0.24116063,0.8695109
0,0,0.99200916,0.046550162,0.9840183
1,1,0.9343248,0.24230555,0.8686496
0,0,0.9882198,0.0640304,0.9764396
0,0,0.9439138,0.2160599,0.88782763
0,0,0.9921306,0.04596392,0.98426116
1,0,0.8534113,0.41674584,0.70682263
0,0,0.95003855,0.19840169,0.9000771
0,0,0.986352,0.072161,0.97270405
1,0,0.88178474,0.36335388,0.7635695
1,1,0.9898935,0.05649036,0.979787
0,0,0.9347555,0.24116044,0.869511
0,0,0.86172396,0.4018216,0.7234479
0,0,0.9347553,0.2411609,0.86951065
1,0,0.82484907,0.4639604,0.64969814
1,1,0.83856916,0.44203496,0.6771383
0,0,0.99190176,0.047067445,0.9838035
0,0,0.9924474,0.044425074,0.98489475
0,0,0.99190176,0.047067445,0.9838035
0,0,0.9347547,0.2411625,0.86950946
1,0,0.93153644,0.24964643,0.8630729
1,1,0.93327284,0.24508965,0.8665457
0,0,0.7830262,0.523051,0.56605244
0,0,0.98341835,0.084419146,0.9668367
1,1,0.7210933,0.59191775,0.4421866
0,0,0.9918572,0.04728172,0.98371434
1,1,0.98862946,0.062208477,0.9772589
0,0,0.94391245,0.2160637,0.8878249
0,0,0.9509774,0.19562732,0.90195477
0,0,0.9920373,0.046414554,0.9840746
0,0,0.99190176,0.047067445,0.9838035
1,1,0.6962209,0.6140324,0.39244175
0,0,0.9173494,0.28519577,0.8346988
1,1,0.8288792,0.45765898,0.65775836
1,0,0.7761497,0.53173816,0.5522994
0,0,0.9930604,0.04140888,0.9861208
0,0,0.9933166,0.040132344,0.9866332
0,0,0.9900842,0.055614494,0.98016834
1,1,0.68241936,0.62503237,0.36483872
0,0,0.5683446,0.6837759,0.13668919
0,0,0.9936238,0.038588762,0.9872476
0,0,0.9347536,0.24116558,0.8695072
1,1,0.8288792,0.45765898,0.65775836
0,0,0.93475354,0.24116576,0.8695071
0,0,0.9660354,0.1482642,0.93207085
1,0,0.917308,0.2852955,0.83461595
0,1,0.8288792,0.45765898,0.65775836
1,1,0.7611696,0.549728,0.5223392
0,0,0.9347525,0.24116838,0.86950505
1,0,0.84118795,0.43769467,0.6823759
0,0,0.80655336,0.4911822,0.6131067
0,0,0.9347554,0.24116075,0.86951077
1,0,0.69479525,0.61520994,0.38959053
0,0,0.73360884,0.5796363,0.46721765
1,1,0.93002224,0.2535814,0.8600445
1,0,0.93483615,0.24094571,0.8696723
1,0,0.82023287,0.4710402,0.64046574
1,1,0.9880409,0.06482132,0.97608185
1,0,0.9349092,0.24075103,0.86981845
0,0,0.9850346,0.07773776,0.97006917
1,1,0.8521979,0.4188776,0.7043958
0,0,0.9719769,0.12780175,0.94395375
1,1,0.84244734,0.43558925,0.6848947
0,0,0.9548452,0.18399374,0.9096904
1,0,0.6553993,0.64404,0.31079867
1,1,0.9884366,0.06306811,0.97687316
1,0,0.7234751,0.5896412,0.4469502
0,0,0.9347547,0.2411625,0.86950946
0,0,0.9764056,0.11171602,0.95281124
1,1,0.9882405,0.06393874,0.97648096
1,1,0.9882405,0.06393874,0.97648096
1,0,0.9287389,0.25688887,0.8574778
0,0,0.9869907,0.06941196,0.9739814
0,0,0.78517866,0.5202749,0.5703573
1,0,0.861724,0.40182152,0.72344804
1,0,0.7391317,0.57396317,0.47826335
1,0,0.5684266,0.6837533,0.13685319
1,1,0.9296389,0.25457194,0.85927784
1,0,0.82796514,0.4590981,0.6559303
1,1,0.6962209,0.6140324,0.39244175
0,0,0.9347552,0.24116123,0.8695104
1,1,0.9902284,0.054949284,0.9804568
1,1,0.9888192,0.061359704,0.97763836
1,1,0.682419,0.6250326,0.364838
0,0,0.9453973,0.21185078,0.89079463
0,0,0.99208426,0.04618784,0.9841685
1,0,0.8736473,0.37939408,0.74729455
1,1,0.5605648,0.6857929,0.12112963
1,0,0.7687665,0.5407625,0.53753304
1,0,0.86172384,0.4018218,0.7234477
1,1,0.9907102,0.052711993,0.9814204
1,1,0.6962208,0.6140325,0.39244163
0,0,0.93475235,0.24116886,0.8695047
1,0,0.7919507,0.51136065,0.5839014
1,1,0.9483566,0.20332593,0.89671326
0,0,0.93475544,0.24116065,0.8695109
0,0,0.99113995,0.05069519,0.9822799
1,1,0.85219187,0.41888815,0.70438373
0,0,0.9347539,0.24116474,0.8695078
1,0,0.8019707,0.49765825,0.60394144
1,0,0.9347216,0.24125078,0.8694432
0,0,0.9933791,0.03981938,0.98675823
1,1,0.93327284,0.24508965,0.8665457
1,1,0.9907102,0.052711993,0.9814204
0,0,0.86172396,0.40182164,0.7234479
1,1,0.8884774,0.34968695,0.77695477
0,0,0.93475515,0.24116144,0.8695103
1,0,0.6136838,0.6670717,0.22736761
1,0,0.8576182,0.4092637,0.7152364
1,1,0.98972183,0.057275865,0.97944367
1,1,0.93327284,0.24508965,0.8665457
1,1,0.9872093,0.06846359,0.97441864
1,1,0.74728584,0.56529737,0.4945717
0,0,0.8596837,0.40553725,0.7193674
0,0,0.9347547,0.24116257,0.86950946
1,0,0.9146893,0.29155207,0.8293786
0,1,0.93972516,0.22772308,0.8794503
1,0,0.8016396,0.49812102,0.60327923
1,1,0.8288792,0.45765898,0.65775836
0,0,0.99190176,0.047067445,0.9838035
0,0,0.99190176,0.047067445,0.9838035
1,1,0.6962208,0.6140325,0.39244163
0,0,0.96527934,0.15078674,0.9305587
1,1,0.98954725,0.05807176,0.9790945
1,1,0.6962209,0.6140324,0.39244175
0,0,0.9713614,0.12997743,0.9427228
1,0,0.52577126,0.69181824,0.05154249
0,0,0.9772626,0.10850939,0.95452523
1,0,0.921099,0.27607697,0.842198
1,0,0.86172396,0.4018216,0.7234479
1,1,0.9884366,0.06306811,0.97687316
1,1,0.98783827,0.06571416,0.97567654
0,1,0.9960472,0.025817135,0.9920944
0,0,0.9867452,0.07047234,0.97349036
0,0,0.9891098,0.060053125,0.9782196
0,0,0.9901806,0.055169936,0.9803612
1,1,0.98918927,0.059694607,0.97837853
0,0,0.98786616,0.06559154,0.9757323
0,0,0.989608,0.05779521,0.979216
1,0,0.9223671,0.27294973,0.8447342
1,1,0.98918927,0.059694607,0.97837853
1,1,0.86991125,0.38655537,0.7398225
0,0,0.9920093,0.046549782,0.98401856
1,1,0.8288792,0.45765898,0.65775836
0,0,0.8929198,0.3403669,0.78583956
0,0,0.9347552,0.24116129,0.8695104
0,0,0.99286175,0.042391907,0.9857235
1,0,0.8303031,0.45540535,0.66060615
1,1,0.9905523,0.053447925,0.9811046
1,1,0.98862946,0.062208477,0.9772589
0,0,0.93475544,0.24116066,0.8695109
0,0,0.96945965,0.13661553,0.9389193
1,1,0.7982408,0.5028316,0.59648156
1,1,0.9884366,0.06306811,0.97687316
1,1,0.69621986,0.6140332,0.39243972
1,0,0.64542073,0.6502354,0.29084146
1,1,0.9884366,0.06306811,0.97687316
0,0,0.7522712,0.5598262,0.50454235
0,0,0.9347521,0.24116951,0.8695042
1,0,0.6279737,0.6600253,0.25594732
1,1,0.50113404,0.69314456,0.002268076
1,1,0.86460197,0.3965208,0.72920394
1,0,0.7756822,0.5323188,0.5513644
1,1,0.99006236,0.055714805,0.9801247
1,1,0.9884366,0.06306811,0.97687316
1,1,0.6962208,0.6140325,0.39244163
1,1,0.98972183,0.057275865,0.97944367
1,1,0.64607537,0.6498423,0.29215074
1,0,0.6090574,0.6691679,0.21811482
0,0,0.65345496,0.6452816,0.30690992
0,0,0.9347555,0.24116044,0.869511
1,1,0.7954787,0.5066067,0.5909574
0,0,0.9843203,0.08071152,0.96864057
1,1,0.8288792,0.45765898,0.65775836
0,0,0.9936238,0.038588773,0.9872476
0,0,0.9347441,0.24119076,0.86948824
1,0,0.7877882,0.5168724,0.5755764
1,1,0.94220084,0.2208684,0.8844017
0,0,0.99193406,0.046912007,0.9838681
1,1,0.8288792,0.45765898,0.65775836
1,1,0.5233804,0.6920535,0.046760798
1,0,0.6833356,0.62432957,0.3666712
1,1,0.8288792,0.45765898,0.65775836
1,1,0.9116,0.29882032,0.8232
1,1,0.9884366,0.06306811,0.97687316
1,0,0.60558426,0.6706824,0.2111685
0,0,0.86172396,0.4018216,0.7234479
0,0,0.9347534,0.24116603,0.86950684
0,0,0.99244756,0.044424288,0.9848951
0,0,0.9896902,0.05742035,0.97938037
1,1,0.8961761,0.3334046,0.7923522
1,0,0.9348755,0.24084097,0.869751
1,0,0.90793717,0.30728468,0.81587434
0,1,0.8288792,0.45765898,0.65775836
1,0,0.53899825,0.69010234,0.07799646
1,1,0.8085053,0.48838305,0.6170106
0,0,0.98848003,0.06287475,0.97696006
0,0,0.9920563,0.046322804,0.9841126
0,0,0.93475515,0.2411614,0.8695103
1,1,0.8288792,0.45765898,0.65775836
0,0,0.9509771,0.19562821,0.9019542
1,1,0.98972183,0.057275865,0.97944367
1,0,0.74969566,0.5626692,0.49939135
1,0,0.57367957,0.68225014,0.14735913
0,0,0.9873388,0.0679002,0.97467756
1,1,0.9400723,0.22676855,0.8801446
1,0,0.8852637,0.3563046,0.77052736
0,0,0.9928613,0.04239448,0.98572254
1,1,0.9905523,0.053447925,0.9811046
1,0,0.8967983,0.3320614,0.7935966
1,0,0.8903482,0.34578678,0.7806964
1,1,0.928616,0.25720432,0.857232
1,1,0.9880409,0.06482132,0.97608185
0,0,0.9346988,0.24131134,0.86939764
0,1,0.7234877,0.58962905,0.44697535
1,1,0.9890057,0.06052216,0.97801137
0,0,0.93475115,0.2411721,0.8695023
0,0,0.9915457,0.048771538,0.98309135
0,0,0.9876316,0.066620976,0.97526324
0,0,0.99350905,0.039166875,0.9870181
1,0,0.93367547,0.24402615,0.86735094
1,0,0.66464305,0.6379076,0.3292861
0,0,0.9868782,0.06989832,0.97375643
0,0,0.9347552,0.24116129,0.8695104
1,1,0.9898935,0.05649036,0.979787
0,1,0.90056604,0.32383746,0.8011321
1,1,0.94491917,0.213212,0.88983834
1,1,0.9295538,0.2547916,0.8591076
1,1,0.9043634,0.31538844,0.8087268
0,0,0.98402536,0.081929594,0.9680507
1,1,0.8288792,0.45765898,0.65775836
1,0,0.86280763,0.39983386,0.72561526
0,0,0.96052116,0.16628434,0.9210423
1,1,0.98954725,0.05807176,0.9790945
1,0,0.8610748,0.40300757,0.7221496
1,0,0.9371609,0.23470895,0.8743218
1,1,0.75755185,0.55388546,0.5151037
1,0,0.8952126,0.3354764,0.7904252
0,0,0.9774723,0.10771983,0.9549446
1,1,0.82610387,0.46201056,0.65220773
0,0,0.99298245,0.041795384,0.9859649
1,1,0.8288792,0.45765898,0.65775836
1,1,0.920196,0.27829042,0.840392
1,1,0.9882405,0.06393874,0.97648096
0,0,0.9347552,0.24116129,0.8695104
1,0,0.52152634,0.69222015,0.043052673
1,1,0.98972183,0.057275865,0.97944367
0,0,0.98093593,0.09437403,0.96187186
0,0,0.9868685,0.06994028,0.973737
1,0,0.50447667,0.69310707,0.008953303
1,1,0.69251513,0.6170734,0.38503027
1,0,0.9347216,0.24125078,0.8694432
1,0,0.86172396,0.4018216,0.7234479
0,0,0.9919341,0.04691171,0.98386824
1,1,0.9812842,0.09299825,0.9625684
0,1,0.8288792,0.45765898,0.65775836
1,0,0.62333685,0.6624069,0.2466737
1,1,0.9902284,0.054949284,0.9804568
1,0,0.7618754,0.5489086,0.5237508
0,0,0.9347536,0.24116555,0.8695072
0,0,0.5008283,0.6931458,0.0016566515
0,0,0.9347555,0.24116047,0.869511
0,1,0.65934503,0.64146894,0.31869006
1,0,0.85968375,0.40553713,0.7193675
1,1,0.9440267,0.21574102,0.8880534
0,0,0.99251825,0.044079043,0.9850365
0,0,0.9347553,0.24116093,0.86951065
1,1,0.98936975,0.058877952,0.9787395
0,0,0.9418742,0.22177911,0.8837484
0,0,0.93475544,0.24116059,0.8695109
0,0,0.86172396,0.4018216,0.7234479
0,0,0.92210656,0.27359402,0.8442131
1,0,0.85968375,0.40553713,0.7193675
0,0,0.9347502,0.24117461,0.8695004
1,1,0.8288792,0.45765898,0.65775836
0,0,0.86172396,0.4018216,0.7234479
0,0,0.9868027,0.070224315,0.9736054
1,1,0.88847727,0.3496872,0.77695453
1,0,0.7954873,0.5065951,0.59097457
1,0,0.8860211,0.35475424,0.77204216
1,0,0.9347216,0.24125078,0.8694432
1,1,0.8759058,0.37500376,0.7518116
1,0,0.7848232,0.52073526,0.56964636
1,1,0.9457982,0.21070603,0.89159644
0,1,0.89209706,0.34210834,0.7841941
1,1,0.9907102,0.052711993,0.9814204
0,0,0.9667691,0.1457996,0.9335382
0,0,0.9503106,0.19759977,0.9006212
1,1,0.9884366,0.06306811,0.97687316
1,0,0.5300125,0.6913446,0.060024977
1,0,0.516111,0.6926279,0.032222003
1,0,0.8596837,0.40553725,0.7193674
0,0,0.6016872,0.6723216,0.20337439
1,1,0.98763204,0.06661925,0.9752641
0,0,0.7409787,0.5720307,0.48195744
1,1,0.9882405,0.06393874,0.97648096
0,0,0.9936238,0.038588762,0.9872476
1,1,0.69621986,0.6140332,0.39243972
1,1,0.76680464,0.54310864,0.5336093
0,0,0.94080675,0.22474198,0.8816135
1,0,0.8132232,0.4815154,0.62644637
1,1,0.99006236,0.055714805,0.9801247
0,0,0.99113995,0.050695032,0.9822799
1,0,0.64542073,0.6502354,0.29084146
1,1,0.7628574,0.5477638,0.52571476
0,0,0.93475354,0.24116573,0.8695071
0,0,0.9868686,0.0699397,0.97373724
1,1,0.98742247,0.067535415,0.97484493
1,0,0.88524055,0.35635185,0.7704811
1,0,0.95148855,0.19410875,0.9029771
1,0,0.9223671,0.27294973,0.8447342
0,0,0.96090794,0.16504784,0.9218159
1,0,0.93716276,0.23470394,0.8743255
1,1,0.9884366,0.06306811,0.97687316
1,1,0.9236378,0.2697934,0.8472756
1,1,0.98954725,0.05807176,0.9790945
1,0,0.93367547,0.24402615,0.86735094
1,1,0.93002224,0.2535814,0.8600445
0,0,0.99234825,0.044908024,0.9846965
0,0,0.9347547,0.24116254,0.86950946
0,0,0.99264467,0.04345999,0.98528934
1,1,0.6962209,0.6140324,0.39244175
1,0,0.93367547,0.24402615,0.86735094
0,0,0.98898804,0.06060148,0.9779761
0,0,0.99272597,0.043060858,0.98545194
1,1,0.98783827,0.06571416,0.97567654
0,0,0.8576182,0.4092637,0.7152364
0,0,0.991934,0.046912346,0.983868
0,0,0.99374264,0.03798755,0.9874853
0,0,0.9524717,0.19117218,0.90494335
0,0,0.5471895,0.68868685,0.09437892
1,1,0.98742247,0.067535415,0.97484493
1,1,0.9872093,0.06846359,0.97441864
0,0,0.9725641,0.1257128,0.9451282
1,1,0.93447685,0.24190165,0.8689537
1,1,0.93074393,0.25171036,0.86148787
0,0,0.99190176,0.04706746,0.9838035
0,0,0.9848944,0.07832405,0.9697888
1,1,0.78629595,0.5188231,0.5725919
0,0,0.9935025,0.039199866,0.987005
0,0,0.9347555,0.2411605,0.869511
1,0,0.75670975,0.55484295,0.5134195
1,0,0.88526833,0.35629514,0.77053666
0,0,0.9929286,0.042061567,0.98585725
1,1,0.93500525,0.24049512,0.8700105
0,0,0.99279416,0.042725313,0.9855883
1,1,0.55355436,0.6874,0.10710871
1,1,0.6962208,0.6140325,0.39244163
0,0,0.96398747,0.15505774,0.92797494
1,0,0.9371765,0.23466678,0.87435305
1,1,0.99039173,0.054193627,0.98078346
1,1,0.9872093,0.06846359,0.97441864
1,0,0.5373137,0.69035995,0.07462737
1,1,0.98742247,0.067535415,0.97484493
0,1,0.92120236,0.27582294,0.8424047
1,0,0.9235374,0.27004373,0.84707475
1,1,0.93183285,0.24887192,0.8636657
0,0,0.93475384,0.24116486,0.8695077
1,0,0.89611083,0.33354524,0.79222167
0,0,0.9636152,0.15627956,0.92723036
1,1,0.9238657,0.269225,0.84773135
0,0,0.98558295,0.07543138,0.9711659
1,1,0.72153854,0.5914943,0.4430771
0,1,0.8893783,0.3478132,0.7787566
0,0,0.9923758,0.044774003,0.9847516
0,0,0.9919953,0.046617124,0.98399055
0,0,0.93475515,0.24116144,0.8695103
1,0,0.6603296,0.6408166,0.32065916
1,1,0.98936975,0.058877952,0.9787395
1,0,0.5699203,0.68333733,0.1398406
1,1,0.6962208,0.6140325,0.39244163
0,0,0.86172396,0.4018216,0.7234479
1,1,0.53213054,0.69108105,0.06426108
0,0,0.97850096,0.103817105,0.9570019
1,1,0.98763204,0.06661925,0.9752641
1,1,0.9884366,0.06306811,0.97687316
1,0,0.93485016,0.24090843,0.8697003
1,1,0.9236378,0.2697934,0.8472756
1,1,0.9905523,0.053447925,0.9811046
0,1,0.9224289,0.2727967,0.8448578
1,0,0.93367547,0.24402615,0.86735094
0,0,0.9844652,0.08011088,0.96893036
0,1,0.9224289,0.2727967,0.8448578
1,0,0.85968363,0.40553743,0.71936727
0,0,0.98848045,0.06287287,0.9769609
1,0,0.8406932,0.43851867,0.68138635
0,0,0.93475556,0.24116036,0.8695111
1,1,0.6989646,0.61173904,0.3979292
1,1,0.9907102,0.052711993,0.9814204
0,0,0.99251825,0.044079114,0.9850365
0,0,0.9934412,0.03950783,0.98688245
0,0,0.99337906,0.03981964,0.9867581
1,1,0.9907102,0.052711993,0.9814204
0,0,0.99306035,0.041409016,0.9861207
0,0,0.95946056,0.16965477,0.9189211
1,0,0.7895327,0.5145751,0.57906544
0,0,0.9347551,0.24116154,0.8695102
0,0,0.91414934,0.29283118,0.8282987
0,0,0.9889911,0.06058776,0.97798216
1,1,0.98783827,0.06571416,0.97567654
1,0,0.8967985,0.332061,0.793597
0,0,0.9347555,0.24116051,0.869511
1,1,0.9236378,0.2697934,0.8472756
0,0,0.9347555,0.24116051,0.869511
0,0,0.9915487,0.04875706,0.98309743
1,1,0.83421504,0.44913936,0.6684301
0,1,0.8893783,0.3478132,0.7787566
1,1,0.98763204,0.06661925,0.9752641
1,1,0.58818907,0.67751086,0.17637813
1,1,0.5028428,0.69313097,0.005685568
0,0,0.9916253,0.048391778,0.9832506
1,1,0.9253613,0.2654759,0.85072255
1,1,0.8115906,0.48390833,0.6231812
0,0,0.9904489,0.053928494,0.9808978
0,0,0.93475556,0.2411603,0.8695111
1,1,0.98936975,0.058877952,0.9787395
1,1,0.8002863,0.50000525,0.6005726
0,0,0.9509771,0.19562817,0.9019542
1,1,0.5057532,0.693081,0.011506438
1,1,0.9343248,0.24230555,0.8686496
0,0,0.93475544,0.24116059,0.8695109
0,0,0.9920373,0.04641454,0.9840746
0,0,0.9347555,0.24116044,0.869511
0,0,0.9789166,0.10222606,0.9578332
1,1,0.9431207,0.21829298,0.88624144
1,0,0.8839098,0.3590619,0.76781964
1,0,0.7243859,0.5887631,0.44877183
1,1,0.99039173,0.054193627,0.98078346
0,0,0.9874683,0.06733529,0.9749366
1,0,0.902059,0.32053515,0.80411804
0,0,0.93475384,0.24116492,0.8695077
1,0,0.64542073,0.6502354,0.29084146
1,0,0.7675852,0.54217774,0.53517044
1,0,0.9293336,0.25535923,0.85866725
0,0,0.9924476,0.04442392,0.9848952
0,0,0.99135816,0.049663074,0.9827163
1,1,0.9236378,0.2697934,0.8472756
1,1,0.9884366,0.06306811,0.97687316
0,0,0.9604213,0.16660276,0.92084265
0,0,0.9301714,0.2531954,0.86034274
0,0,0.9347549,0.24116203,0.8695098
0,0,0.93475384,0.24116486,0.8695077
0,0,0.97109795,0.13090456,0.9421959
1,0,0.6227915,0.662681,0.24558306
0,0,0.9775341,0.10748664,0.95506823
0,1,0.6281496,0.6599331,0.25629926
1,1,0.98742247,0.067535415,0.97484493
1,0,0.7246809,0.58847785,0.4493618
1,0,0.85968375,0.40553713,0.7193675
0,0,0.9347552,0.24116132,0.8695104
1,0,0.93475574,0.24115983,0.8695115
0,0,0.9347545,0.24116322,0.869509
1,0,0.9265255,0.2625351,0.85305095
1,1,0.9390214,0.2296517,0.8780428
1,1,0.82884055,0.45771992,0.6576811
1,0,0.8756326,0.3755374,0.75126517
1,0,0.5963849,0.6744503,0.19276974
1,1,0.6962208,0.6140325,0.39244163
1,1,0.9872093,0.06846359,0.97441864
1,0,0.9019538,0.32076868,0.80390763
1,0,0.9347216,0.24125078,0.8694432
1,1,0.6045727,0.67111397,0.20914543
0,0,0.9347542,0.241164,0.8695084
0,0,0.9814592,0.09230457,0.9629184
0,1,0.7186056,0.59426546,0.43721116
1,1,0.81094396,0.4848513,0.6218879
0,0,0.9473219,0.20632648,0.8946438
0,0,0.9843021,0.08078678,0.9686042
1,0,0.85761833,0.40926343,0.71523666
1,0,0.8967985,0.332061,0.793597
1,1,0.6281551,0.6599302,0.25631022
1,0,0.92764825,0.25968018,0.8552965
1,1,0.9236378,0.2697934,0.8472756
1,0,0.61759484,0.6652293,0.23518968
1,1,0.93123686,0.25042775,0.8624737
1,0,0.5678719,0.6839055,0.13574383
0,0,0.9347555,0.24116051,0.869511
1,0,0.5446465,0.6891552,0.08929303
1,1,0.9907102,0.052711993,0.9814204
1,0,0.85968375,0.40553713,0.7193675
1,1,0.98936975,0.058877952,0.9787395
0,0,0.9347546,0.2411628,0.8695092
0,0,0.93475306,0.241167,0.8695061
0,0,0.99325347,0.040447846,0.98650694
1,1,0.9888192,0.061359704,0.97763836
1,1,0.8288792,0.45765898,0.65775836
1,0,0.5441446,0.6892446,0.08828914
1,1,0.7951859,0.50700414,0.59037185
1,0,0.93485945,0.24088362,0.8697189
0,0,0.9759964,0.113235846,0.95199275
1,1,0.6669948,0.6362865,0.33398962
1,0,0.5146479,0.692718,0.029295802
0,0,0.9898012,0.056912847,0.97960246
0,0,0.97662014,0.11091633,0.9532403
0,0,0.70607686,0.6056272,0.41215372
0,0,0.86172396,0.4018216,0.7234479
1,1,0.9907102,0.052711993,0.9814204
1,1,0.9907102,0.052711993,0.9814204
1,1,0.78167355,0.52478164,0.5633471
1,0,0.56599617,0.68441075,0.13199237
0,0,0.9872387,0.06833585,0.9744774
0,1,0.92120236,0.27582294,0.8424047
1,1,0.8288792,0.45765898,0.65775836
1,0,0.9699671,0.13485634,0.93993425
1,1,0.99006236,0.055714805,0.9801247
0,0,0.987815,0.06581644,0.97563004
1,1,0.9437942,0.21639743,0.8875884
1,1,0.7316793,0.5815814,0.46335864
1,1,0.9050582,0.31382462,0.8101164
0,0,0.9347553,0.24116093,0.86951065
0,0,0.86172396,0.4018216,0.7234479
1,1,0.72901744,0.58423364,0.45803487
0,0,0.9884803,0.06287336,0.97696066
1,1,0.98862946,0.062208477,0.9772589
1,1,0.9143764,0.29229382,0.82875276
0,0,0.9347552,0.24116123,0.8695104
1,1,0.9880409,0.06482132,0.97608185
1,1,0.6962208,0.6140325,0.39244163
1,1,0.9890057,0.06052216,0.97801137
0,0,0.9347553,0.24116093,0.86951065
1,1,0.6962208,0.6140325,0.39244163
0,0,0.9078568,0.3074685,0.81571364
0,0,0.99190176,0.047067445,0.9838035
0,0,0.93475544,0.24116063,0.8695109
1,1,0.9898935,0.05649036,0.979787
1,1,0.81094396,0.4848513,0.6218879
1,1,0.93500525,0.24049512,0.8700105
1,0,0.67013085,0.63408595,0.34026173
0,0,0.989031,0.060408138,0.97806203
0,0,0.6709854,0.63347864,0.3419708
1,0,0.93367547,0.24402615,0.86735094
0,0,0.8989528,0.3273779,0.79790556
1,1,0.68974906,0.61930126,0.37949812
1,1,0.98918927,0.059694607,0.97837853
1,1,0.9339633,0.24326432,0.8679266
1,0,0.85968375,0.40553713,0.7193675
0,0,0.9894117,0.058687676,0.9788234
1,1,0.91074824,0.3008032,0.8214965
1,1,0.9469218,0.20748088,0.89384365
0,0,0.9920373,0.04641454,0.9840746
1,1,0.5146449,0.69271815,0.029289842
1,1,0.98972183,0.057275865,0.97944367
1,1,0.8119361,0.48340344,0.62387216
1,0,0.55236554,0.6876528,0.10473108
1,1,0.98742247,0.067535415,0.97484493
1,0,0.67950463,0.6272423,0.3590093
1,1,0.79821885,0.50286174,0.5964377
0,0,0.989031,0.060408138,0.97806203
0,0,0.9824659,0.08828037,0.96493185
0,0,0.93476087,0.2411462,0.86952174
0,1,0.50530636,0.6930909,0.010612726
1,0,0.78539836,0.51998997,0.5707967
1,0,0.5968793,0.67425674,0.1937586
1,0,0.9348645,0.24087015,0.86972904
1,1,0.9058252,0.31209183,0.8116504
1,0,0.5072135,0.6930431,0.014426976
1,0,0.53053063,0.6912818,0.061061263
0,0,0.9880408,0.06482188,0.9760816
1,1,0.9905523,0.053447925,0.9811046
0,0,0.9935025,0.039199844,0.987005
1,0,0.932649,0.24673219,0.86529803
0,0,0.9347552,0.24116123,0.8695104
0,0,0.9932532,0.040449303,0.98650634
1,0,0.842026,0.43629497,0.684052
0,0,0.9055618,0.3126877,0.8111236
1,0,0.5762035,0.68148786,0.15240705
1,1,0.9403192,0.22608837,0.88063836
1,0,0.9198533,0.27912742,0.83970666
1,1,0.8288792,0.45765898,0.65775836
1,0,0.9602914,0.167017,0.9205828
1,1,0.98862946,0.062208477,0.9772589
0,0,0.86172396,0.4018216,0.7234479
1,0,0.5143,0.6927382,0.028600007
0,0,0.9909389,0.051641103,0.9818778
1,1,0.9884366,0.06306811,0.97687316
1,1,0.74981743,0.56253564,0.49963486
1,1,0.98954725,0.05807176,0.9790945
0,0,0.691506,0.61789036,0.38301206
0,0,0.75970805,0.5514162,0.5194161
0,0,0.99044925,0.053926773,0.9808985
1,1,0.9907102,0.052711993,0.9814204
1,0,0.6240579,0.6620426,0.24811581
0,0,0.9894117,0.058687624,0.9788234
1,1,0.98936975,0.058877952,0.9787395
1,1,0.7480519,0.5644653,0.49610376
1,0,0.76776063,0.5419681,0.53552127
0,0,0.9905381,0.053513985,0.98107624
1,1,0.64778036,0.6488099,0.29556072
1,1,0.74158305,0.57139456,0.4831661
1,1,0.60863376,0.66935533,0.21726751
1,1,0.7138085,0.5987063,0.42761695
1,0,0.6534041,0.64531386,0.3068082
1,1,0.76895946,0.54053056,0.5379189
0,0,0.86172396,0.4018216,0.7234479
0,0,0.9542746,0.18573123,0.9085492
0,0,0.9347551,0.24116154,0.8695102
1,0,0.85968363,0.40553743,0.71936727
1,1,0.8288792,0.45765898,0.65775836
1,1,0.8288792,0.45765898,0.65775836
1,1,0.9909185,0.051736873,0.98183703
1,0,0.82761747,0.459644,0.65523493
1,0,0.72533536,0.58784336,0.45067075
0,0,0.9920373,0.04641454,0.9840746
1,1,0.99006236,0.055714805,0.9801247
0,0,0.9870401,0.06919791,0.9740802
0,0,0.99080366,0.052275047,0.9816073
1,1,0.94188005,0.22176287,0.8837601
0,0,0.86172396,0.4018216,0.7234479
0,0,0.86172396,0.4018216,0.7234479
0,0,0.962649,0.15943222,0.925298
1,1,0.8576988,0.40911895,0.7153976
1,1,0.621368,0.6633905,0.24273598
1,1,0.93183285,0.24887192,0.8636657
1,1,0.9143764,0.29229382,0.82875276
1,0,0.93475574,0.24115983,0.8695115
0,0,0.9347553,0.24116099,0.86951065
1,1,0.9898935,0.05649036,0.979787
1,1,0.98862946,0.062208477,0.9772589
0,1,0.77961266,0.52739775,0.5592253
1,0,0.9347216,0.24125078,0.8694432
1,1,0.93183285,0.24887192,0.8636657
0,0,0.99331665,0.040132053,0.9866333
0,0,0.93475544,0.24116059,0.8695109
0,0,0.99026835,0.054764852,0.9805367
1,0,0.8410195,0.4379754,0.682039
1,0,0.9371732,0.23467574,0.8743464
1,0,0.62852585,0.65973556,0.25705174
0,0,0.93475515,0.24116147,0.8695103
1,0,0.9657371,0.14926155,0.9314742
1,0,0.69025725,0.6188947,0.3805145
0,0,0.9868686,0.069939725,0.97373724
1,1,0.9475168,0.20576295,0.8950336
0,0,0.9347555,0.24116047,0.869511
0,0,0.9347555,0.24116051,0.869511
1,1,0.9923288,0.045002498,0.98465765
0,0,0.9831067,0.08568868,0.96621335
0,0,0.9859687,0.07379647,0.9719374
1,1,0.65664524,0.6432356,0.31329048
1,1,0.98763204,0.06661925,0.9752641
1,1,0.98972183,0.057275865,0.97944367
0,0,0.9895713,0.057962425,0.97914255
1,0,0.75546956,0.55624604,0.5109391
0,0,0.9835725,0.08378922,0.96714497
1,1,0.9820302,0.090029076,0.9640604
0,0,0.93475544,0.24116065,0.8695109
0,0,0.99244666,0.044428606,0.9848933
1,1,0.56367636,0.6850158,0.12735271
1,1,0.6962209,0.6140324,0.39244175
1,1,0.9322051,0.24789736,0.86441016
1,1,0.9882405,0.06393874,0.97648096
1,1,0.98763204,0.06661925,0.9752641
1,1,0.7415831,0.5713945,0.48316622
1,1,0.9872093,0.06846359,0.97441864
1,0,0.8297171,0.45633447,0.6594342
1,1,0.6962208,0.6140325,0.39244163
1,0,0.85761833,0.40926343,0.71523666
0,1,0.58623976,0.678198,0.17247951
1,1,0.9907102,0.052711993,0.9814204
1,1,0.99006236,0.055714805,0.9801247
1,0,0.6720149,0.6327425,0.34402978
1,1,0.93610036,0.23756534,0.8722007
0,0,0.9920373,0.04641454,0.9840746
0,0,0.9347552,0.24116129,0.8695104
1,0,0.91600794,0.28841275,0.8320159
1,1,0.92622536,0.2632951,0.8524507
0,0,0.9347548,0.24116234,0.8695096
0,0,0.9347554,0.24116075,0.86951077
1,1,0.99006236,0.055714805,0.9801247
1,0,0.6764008,0.6295527,0.35280153
0,0,0.9733963,0.12273044,0.9467926
0,0,0.934754,0.24116448,0.869508
0,0,0.9928618,0.042391654,0.9857236
1,1,0.554294,0.6872399,0.10858798
1,0,0.85761833,0.40926343,0.71523666
1,0,0.8744726,0.3777951,0.74894524
0,0,0.93475544,0.24116063,0.8695109
1,1,0.9902284,0.054949284,0.9804568
1,1,0.8943022,0.33742493,0.7886044
