true_label,predicted_label,confidence,entropy,margin
1,0,0.89815205,0.32912445,0.7963041
0,1,0.5446818,0.6891489,0.089363575
0,0,0.6834767,0.624221,0.36695334
0,1,0.54232275,0.6895604,0.08464551
1,0,0.87234885,0.38189715,0.7446977
1,0,0.8928493,0.34051633,0.78569865
1,0,0.917514,0.2847994,0.83502805
0,1,0.54467005,0.68915105,0.08934009
0,1,0.55075026,0.6879871,0.10150051
0,1,0.56333405,0.68510324,0.1266681
1,0,0.52459085,0.6919373,0.04918173
0,1,0.56479603,0.6847265,0.12959206
1,0,0.92065024,0.27717832,0.8413005
1,0,0.67813754,0.6282654,0.35627508
1,0,0.85132694,0.42040044,0.7026539
1,1,0.54657453,0.68880254,0.093149066
0,1,0.55544484,0.68698627,0.11088967
0,1,0.5446725,0.6891506,0.08934498
1,1,0.5530892,0.68749964,0.1061784
1,0,0.88934565,0.34788123,0.7786913
1,0,0.8723488,0.38189724,0.7446976
1,1,0.56336707,0.6850948,0.12673414
1,0,0.8748489,0.3770641,0.7496978
1,0,0.92281723,0.27183422,0.84563446
1,0,0.8740203,0.37867224,0.74804056
1,0,0.50995934,0.6929488,0.01991868
1,0,0.52459085,0.6919373,0.04918173
0,1,0.5491492,0.68830806,0.09829843
1,0,0.9060043,0.3116862,0.8120086
0,1,0.5509021,0.68795615,0.10180426
1,0,0.50145173,0.693143,0.0029034615
0,1,0.55308986,0.68749946,0.106179714
0,1,0.55914086,0.68613553,0.11828172
1,0,0.889564,0.347426,0.77912796
0,0,0.9000575,0.32495666,0.800115
0,1,0.56332344,0.68510586,0.12664688
0,1,0.550757,0.6879858,0.10151398
1,0,0.52695227,0.69169366,0.053904563
1,1,0.5549568,0.68709445,0.10991359
1,0,0.8906784,0.34509462,0.7813568
1,0,0.88596654,0.35486606,0.7719331
0,0,0.6871487,0.62136304,0.37429738
0,1,0.5551167,0.68705916,0.110233426
1,0,0.6761899,0.6297081,0.35237977
0,1,0.554958,0.6870942,0.10991597
0,0,0.874231,0.37826395,0.74846196
0,1,0.53809255,0.6902423,0.07618511
1,0,0.6781569,0.62825096,0.35631382
0,1,0.54001296,0.68994164,0.08002591
0,1,0.5591602,0.6861309,0.118320346
1,0,0.9175477,0.28471828,0.8350954
0,1,0.5573256,0.6865603,0.1146512
0,1,0.5263446,0.69175845,0.052689195
1,0,0.9055244,0.31277227,0.81104875
0,1,0.5507511,0.68798697,0.10150218
1,0,0.67812264,0.62827647,0.3562453
1,0,0.91164327,0.29871932,0.82328653
1,1,0.5633547,0.68509793,0.12670934
0,0,0.88033247,0.36626208,0.76066494
1,0,0.50333846,0.6931249,0.0066768825
1,0,0.5499701,0.6881448,0.09994018
1,0,0.6853909,0.62273896,0.37078178
0,0,0.67609924,0.62977487,0.35219848
0,1,0.5572991,0.6865664,0.114598155
0,0,0.5857777,0.6783585,0.1715554
1,0,0.90368545,0.31690896,0.8073709
0,1,0.5578095,0.68644834,0.115618944
1,0,0.8848405,0.35716844,0.769681
1,0,0.8960761,0.33362016,0.79215217
1,0,0.8928635,0.34048626,0.785727
0,1,0.5549609,0.68709356,0.10992181
1,0,0.894662,0.33665586,0.78932405
1,0,0.85014933,0.42244995,0.70029867
1,0,0.8926794,0.34087646,0.7853588
0,1,0.5573444,0.6865559,0.114688754
1,0,0.91345006,0.2944821,0.8269001
1,0,0.8748489,0.3770641,0.7496978
0,1,0.5573333,0.6865585,0.11466658
0,0,0.8702246,0.38595954,0.7404492
0,1,0.5614934,0.6855651,0.12298679
1,0,0.88560724,0.355602,0.7712145
1,1,0.56335455,0.68509793,0.1267091
1,1,0.56567854,0.68449485,0.13135707
1,0,0.9094496,0.30380943,0.81889915
1,0,0.8740203,0.37867224,0.74804056
1,0,0.8826972,0.3615163,0.76539445
0,0,0.8721344,0.38230908,0.7442688
1,0,0.8899414,0.34663782,0.7798828
1,0,0.8902742,0.3459416,0.78054845
1,0,0.5457546,0.68895435,0.09150922
0,1,0.56334144,0.6851013,0.12668288
1,0,0.53355,0.69089425,0.06710008
0,0,0.6891786,0.61975634,0.37835714
1,0,0.5307132,0.6912594,0.06142643
0,1,0.5404814,0.68986607,0.08096278
1,0,0.67813534,0.628267,0.35627067
1,0,0.87318695,0.38028327,0.7463739
0,0,0.8797389,0.36744484,0.75947785
0,1,0.55963695,0.68601704,0.1192739
0,0,0.68184394,0.6254717,0.36368787
0,0,0.6887716,0.62008,0.37754324
0,1,0.6052832,0.67081124,0.2105664
1,0,0.85028034,0.4222225,0.7005607
1,1,0.54653853,0.6888093,0.09307706
0,1,0.50894266,0.69298726,0.017885327
1,0,0.8960761,0.33362016,0.79215217
1,0,0.87129223,0.3839228,0.74258447
1,1,0.5046893,0.6931032,0.009378552
1,1,0.56335706,0.68509734,0.12671411
1,0,0.9096445,0.3033596,0.81928897
1,1,0.5726436,0.68255556,0.14528716
0,1,0.55732113,0.6865613,0.11464226
0,0,0.68919015,0.6197471,0.37838027
0,1,0.5591597,0.686131,0.11831939
1,1,0.51081115,0.6929134,0.0216223
1,0,0.8750594,0.37665454,0.75011885
1,0,0.89119595,0.34400758,0.7823919
0,1,0.54232275,0.6895604,0.08464551
0,1,0.54654056,0.68880886,0.09308112
1,0,0.50522506,0.6930926,0.010450125
1,0,0.889564,0.347426,0.77912796
1,0,0.90236366,0.3198582,0.8047273
1,0,0.6818392,0.62547535,0.3636785
1,0,0.68185914,0.62546015,0.3637183
0,1,0.5409275,0.6897933,0.08185506
0,0,0.8750593,0.37665474,0.7501186
1,0,0.52787435,0.6915924,0.05574867
0,1,0.5633342,0.6851031,0.12666845
0,0,0.8729737,0.38069454,0.74594736
1,0,0.6781467,0.6282585,0.35629347
0,0,0.68183553,0.62547815,0.36367103
0,1,0.5619773,0.6854451,0.123954654
0,0,0.6714753,0.63312894,0.34295058
0,1,0.58516645,0.67856956,0.17033291
1,0,0.87234867,0.38189748,0.74469733
0,1,0.5530517,0.6875076,0.10610342
0,0,0.8758821,0.37505013,0.7517642
0,1,0.51082855,0.69291264,0.02165711
1,1,0.5404469,0.6898717,0.080893755
0,1,0.53246087,0.69103825,0.06492174
1,0,0.678161,0.62824786,0.35632205
1,0,0.90386564,0.31650534,0.8077313
0,0,0.85130996,0.42043012,0.7026199
1,0,0.50522506,0.6930926,0.010450125
1,0,0.89119595,0.34400758,0.7823919
1,0,0.5075924,0.6930319,0.01518476
1,0,0.6781344,0.62826765,0.35626876
1,0,0.6781596,0.62824893,0.35631922
0,0,0.8750593,0.37665474,0.7501186
1,0,0.91448563,0.29203498,0.82897127
1,1,0.55915165,0.6861329,0.1183033
1,0,0.8740203,0.37867224,0.74804056
1,0,0.67812216,0.6282768,0.35624433
0,1,0.5593066,0.686096,0.11861324
1,0,0.5203451,0.69231915,0.040690184
1,0,0.5160963,0.6926289,0.032192588
1,0,0.53355,0.69089425,0.06710008
1,0,0.8731869,0.38028336,0.7463738
1,0,0.6781362,0.62826633,0.35627246
0,1,0.5488866,0.68835974,0.097773194
1,0,0.89323103,0.33970627,0.78646207
1,0,0.9066074,0.31031764,0.8132148
0,0,0.6718929,0.63283,0.34378576
1,0,0.6781351,0.62826717,0.3562702
1,1,0.5465373,0.6888095,0.09307456
1,0,0.67813265,0.628269,0.35626528
1,1,0.5465401,0.6888089,0.09308016
0,1,0.557291,0.68656826,0.11458194
0,0,0.6871476,0.62136394,0.3742952
0,1,0.56663805,0.6842394,0.1332761
0,0,0.87609124,0.37464124,0.7521825
0,0,0.87234735,0.3819,0.7446947
1,0,0.910697,0.30092224,0.82139397
1,1,0.56335604,0.6850976,0.12671208
1,1,0.5028027,0.6931315,0.005605459
1,0,0.50618684,0.69307065,0.012373656
1,1,0.5465377,0.6888094,0.093075395
0,1,0.5633797,0.68509156,0.12675941
1,1,0.56338096,0.68509126,0.12676191
0,0,0.87423193,0.378262,0.74846387
0,1,0.5507584,0.6879855,0.10151684
1,0,0.6781346,0.6282675,0.35626924
0,1,0.5345543,0.6907573,0.069108605
0,0,0.87933177,0.36825427,0.75866354
0,1,0.5174151,0.6925405,0.034830213
1,0,0.92202306,0.27380034,0.8440461
0,1,0.563336,0.6851027,0.12667203
1,0,0.8848405,0.35716844,0.769681
1,0,0.851354,0.42035323,0.702708
0,1,0.51082855,0.69291264,0.02165711
1,1,0.5572933,0.68656766,0.11458659
0,0,0.87609106,0.3746416,0.7521821
1,0,0.8791269,0.36866096,0.7582538
1,1,0.56010437,0.6859046,0.12020874
1,0,0.91621685,0.28791323,0.8324337
0,1,0.5591627,0.6861303,0.11832535
1,0,0.91165525,0.29869136,0.8233105
1,1,0.563369,0.68509424,0.12673795
0,0,0.85130364,0.42044115,0.7026073
1,0,0.6891793,0.61975574,0.37835863
1,0,0.90665764,0.31020337,0.8133153
1,0,0.90035063,0.32431185,0.80070126
1,0,0.87234885,0.38189715,0.7446977
1,0,0.90173614,0.32125142,0.8034723
0,1,0.55496454,0.6870927,0.109929085
1,1,0.54888916,0.68835926,0.09777832
1,1,0.5046893,0.6931032,0.009378552
1,0,0.50807315,0.6930169,0.016146302
0,1,0.5666378,0.6842395,0.13327563
1,1,0.5633449,0.6851004,0.12668979
1,0,0.51184523,0.69286656,0.023690462
1,0,0.9005497,0.32387346,0.8010994
1,1,0.5106627,0.69291973,0.02132535
1,0,0.5136937,0.69277203,0.02738738
1,0,0.9156816,0.28919178,0.8313632
1,0,0.6853881,0.62274116,0.37077618
1,0,0.942524,0.2199654,0.88504803
1,0,0.90500396,0.3139469,0.8100079
0,0,0.6777122,0.62858194,0.3554244
0,1,0.55405277,0.68729234,0.10810554
1,0,0.6797832,0.62703276,0.35956642
0,1,0.55544484,0.68698627,0.11088967
0,1,0.55495924,0.6870939,0.109918475
1,0,0.91938716,0.2802636,0.8387743
0,1,0.55075437,0.68798625,0.10150874
0,1,0.55500436,0.68708396,0.11000872
0,1,0.5596961,0.6860029,0.11939216
1,0,0.5104401,0.69292915,0.020880252
1,1,0.5530952,0.68749833,0.10619044
0,1,0.5470184,0.68871915,0.09403682
0,1,0.55915904,0.68613124,0.11831808
1,0,0.917402,0.28506914,0.83480406
1,1,0.5530952,0.68749833,0.10619044
1,1,0.55495775,0.6870943,0.109915495
1,0,0.67816037,0.62824833,0.35632074
1,0,0.6781338,0.6282682,0.35626757
0,1,0.55914956,0.68613344,0.11829913
1,0,0.8899414,0.34663782,0.7798828
1,0,0.8813267,0.36427334,0.76265335
1,1,0.563338,0.68510216,0.12667596
0,0,0.84521097,0.43092698,0.69042194
1,1,0.51081115,0.6929134,0.0216223
1,0,0.89119595,0.34400758,0.7823919
1,0,0.67814016,0.6282634,0.35628033
0,1,0.53389764,0.6908473,0.06779528
0,1,0.55543643,0.6869881,0.110872865
0,0,0.8813267,0.36427334,0.76265335
1,1,0.563351,0.6850989,0.12670195
1,0,0.50807315,0.6930169,0.016146302
0,0,0.69079417,0.61846375,0.38158834
1,0,0.50995934,0.6929488,0.01991868
1,0,0.90368545,0.31690896,0.8073709
1,0,0.68184906,0.62546784,0.36369812
0,0,0.68184304,0.6254724,0.3636861
1,0,0.8803325,0.3662619,0.76066506
1,0,0.8773069,0.37225673,0.75461376
1,0,0.84992886,0.4228325,0.6998577
1,0,0.6781353,0.62826705,0.35627055
1,0,0.91345006,0.2944821,0.8269001
0,0,0.6818458,0.62547034,0.36369154
1,0,0.89323103,0.33970627,0.78646207
1,0,0.5019327,0.6931397,0.0038653612
1,0,0.5089978,0.69298524,0.017995566
0,0,0.876908,0.37304065,0.753816
1,0,0.9002312,0.3245747,0.80046237
1,0,0.50145173,0.693143,0.0029034615
0,0,0.68183553,0.62547815,0.36367103
1,0,0.90169674,0.3213388,0.8033935
0,1,0.51082855,0.69291264,0.02165711
1,0,0.9079272,0.30730742,0.81585443
1,0,0.90401983,0.31615967,0.80803967
1,1,0.51083004,0.6929126,0.02166009
1,1,0.5512235,0.6878903,0.10244703
1,0,0.90453225,0.31500894,0.8090645
1,1,0.5633423,0.68510115,0.12668455
0,1,0.5470203,0.6887188,0.09404063
1,0,0.5089978,0.69298524,0.017995566
1,0,0.8513254,0.42040318,0.7026508
0,0,0.67977685,0.6270375,0.3595537
1,0,0.68184197,0.62547326,0.3636839
1,1,0.5404762,0.6898669,0.080952406
0,1,0.5488897,0.68835914,0.09777939
1,0,0.6780801,0.6283082,0.35616016
0,1,0.55915046,0.6861332,0.118300915
0,1,0.54376704,0.68931115,0.08753407
1,1,0.50091594,0.6931455,0.0018318892
0,0,0.6851049,0.6229615,0.3702098
1,1,0.56567836,0.68449485,0.13135672
1,0,0.93294215,0.2459611,0.8658843
0,1,0.5423198,0.68956095,0.08463955
0,1,0.56333995,0.6851017,0.1266799
0,1,0.5591592,0.6861311,0.11831844
1,1,0.5507513,0.6879869,0.10150266
0,1,0.5408022,0.68981385,0.08160436
1,0,0.6781353,0.62826705,0.35627052
0,1,0.55496234,0.68709326,0.109924674
1,1,0.5633711,0.6850937,0.12674224
1,0,0.53259236,0.69102114,0.06518471
1,0,0.67814064,0.62826306,0.35628128
1,0,0.50807315,0.6930169,0.016146302
1,0,0.6781377,0.6282652,0.35627544
1,0,0.52082515,0.6922796,0.041650325
0,0,0.679358,0.6273525,0.35871598
0,1,0.5465375,0.6888094,0.09307504
1,0,0.87973624,0.36745015,0.7594725
1,0,0.6780484,0.6283318,0.3560967
1,0,0.8932169,0.33973628,0.7864338
0,0,0.8750593,0.37665474,0.7501186
1,0,0.53730464,0.6903613,0.07460925
0,0,0.68185145,0.625466,0.3637029
1,0,0.5146918,0.6927154,0.02938366
1,0,0.874231,0.37826395,0.74846196
1,1,0.5633372,0.68510234,0.12667441
0,0,0.88053495,0.36585778,0.7610699
0,1,0.5428422,0.6894717,0.08568442
0,1,0.5131802,0.6927997,0.026360393
1,0,0.50381935,0.69311804,0.0076387227
1,0,0.9110215,0.30016816,0.82204294
0,1,0.5549471,0.6870966,0.10989416
0,1,0.55171,0.68778974,0.10342002
1,0,0.8960761,0.33362016,0.79215217
0,1,0.5470604,0.6887113,0.09412074
0,1,0.56106466,0.68567073,0.12212932
1,0,0.89376616,0.3385681,0.7875323
1,0,0.91100943,0.30019614,0.82201886
0,1,0.527424,0.6916423,0.054847956
0,1,0.568008,0.6838683,0.13601601
0,1,0.5572954,0.68656725,0.114590764
0,1,0.5596326,0.6860181,0.1192652
1,1,0.56334645,0.6851,0.12669289
0,0,0.8500985,0.42253822,0.700197
0,1,0.5591597,0.686131,0.11831939
1,0,0.889564,0.347426,0.77912796
1,0,0.50381935,0.69311804,0.0076387227
0,0,0.88132614,0.3642744,0.7626523
1,0,0.8764922,0.37385625,0.7529844
0,1,0.54701513,0.6887198,0.09403026
0,0,0.88406926,0.35873806,0.7681385
0,1,0.5633498,0.6850992,0.12669957
1,0,0.8785281,0.3698474,0.75705624
1,0,0.9237292,0.2695656,0.84745836
0,1,0.5549833,0.6870886,0.109966636
0,0,0.87402016,0.37867245,0.7480403
1,0,0.9031784,0.31804267,0.8063568
1,0,0.85135347,0.4203542,0.70270693
1,0,0.8944806,0.3370438,0.7889612
0,0,0.911643,0.29871994,0.82328606
0,1,0.55915564,0.686132,0.118311286
0,0,0.68917966,0.6197555,0.37835935
0,1,0.5619933,0.685441,0.1239866
0,1,0.55123276,0.6878884,0.10246551
0,1,0.55915105,0.686133,0.11830211
1,0,0.50381935,0.69311804,0.0076387227
0,1,0.55730027,0.6865661,0.11460054
0,0,0.8702246,0.38595954,0.7404492
1,0,0.89428484,0.33746198,0.7885697
1,0,0.90368545,0.31690896,0.8073709
1,1,0.50232166,0.6931364,0.004643321
1,1,0.5465387,0.6888092,0.09307742
0,1,0.55313945,0.6874889,0.1062789
1,0,0.5541783,0.68726504,0.108356595
1,0,0.5307132,0.6912594,0.06142643
0,1,0.5869973,0.6779328,0.17399454
1,0,0.9055244,0.31277227,0.81104875
1,0,0.8939487,0.33817923,0.78789735
1,1,0.5633327,0.68510354,0.12666535
0,1,0.56383425,0.68497527,0.1276685
1,0,0.53259236,0.69102114,0.06518471
0,1,0.5591543,0.6861323,0.118308544
0,0,0.678146,0.62825906,0.35629204
1,0,0.87322104,0.38021743,0.7464421
1,0,0.6855315,0.6226294,0.371063
0,1,0.55500084,0.68708473,0.11000168
1,0,0.8748489,0.3770641,0.7496978
1,1,0.55508393,0.6870664,0.11016786
1,0,0.885787,0.35523394,0.771574
1,0,0.93089557,0.25131625,0.86179113
1,0,0.8867566,0.35324317,0.7735132
1,1,0.5633557,0.6850977,0.12671137
0,1,0.5530946,0.6874985,0.10618925
1,0,0.53355,0.69089425,0.06710008
1,1,0.5277418,0.6916071,0.05548358
0,1,0.5423593,0.6895542,0.084718585
0,0,0.87792575,0.37103748,0.7558515
0,1,0.55074435,0.68798834,0.10148871
0,1,0.5633529,0.6850984,0.12670577
1,1,0.5108288,0.6929126,0.021657586
1,1,0.5573037,0.6865653,0.11460745
1,1,0.5088926,0.692989,0.017785192
0,1,0.5549581,0.6870942,0.10991621
1,1,0.5633454,0.6851003,0.12669075
1,0,0.88656324,0.3536409,0.7731265
0,0,0.6891799,0.61975527,0.3783598
1,0,0.8944526,0.33710366,0.78890514
1,0,0.5160963,0.6926289,0.032192588
1,0,0.8890103,0.34857953,0.7780206
1,1,0.5530963,0.6874981,0.10619259
1,0,0.9192224,0.28066438,0.8384448
0,0,0.8875113,0.35168707,0.7750226
1,0,0.67813253,0.62826914,0.35626504
0,1,0.55075294,0.6879866,0.101505876
1,0,0.87423193,0.3782621,0.74846387
1,0,0.50381935,0.69311804,0.0076387227
1,0,0.8773069,0.37225673,0.75461376
0,1,0.56334573,0.6851002,0.12669146
0,0,0.6855211,0.6226375,0.37104222
1,0,0.6781392,0.6282641,0.35627845
0,1,0.53386325,0.690852,0.06772649
0,1,0.5240055,0.6919942,0.048010945
1,0,0.5089978,0.69298524,0.017995566
1,0,0.90169674,0.3213388,0.8033935
1,0,0.8844479,0.35796824,0.76889575
1,0,0.67815256,0.6282542,0.3563051
1,0,0.90035063,0.32431185,0.80070126
0,0,0.8899413,0.34663808,0.77988255
0,1,0.54518497,0.68905824,0.09036994
0,1,0.54891276,0.6883546,0.09782553
0,1,0.5591864,0.6861247,0.1183728
0,0,0.8750595,0.37665442,0.750119
0,1,0.55916446,0.68612987,0.11832893
0,1,0.5508526,0.6879662,0.10170519
1,1,0.56333834,0.6851021,0.12667668
0,0,0.87567276,0.37545893,0.7513455
0,0,0.8767002,0.37344843,0.75340044
1,0,0.8944526,0.33710366,0.78890514
0,0,0.9127095,0.29622385,0.82541895
0,1,0.55074984,0.6879872,0.10149968
1,0,0.51657677,0.6925975,0.033153504
0,0,0.8828957,0.36111552,0.7657914
0,1,0.5555016,0.6869736,0.11100316
1,0,0.5071118,0.69304603,0.014223605
0,1,0.5530953,0.68749833,0.10619056
1,0,0.889564,0.347426,0.77912796
0,1,0.5591606,0.68613076,0.11832118
1,1,0.5404451,0.68987197,0.08089018
1,0,0.8976093,0.33030435,0.7952186
0,1,0.54514956,0.6890647,0.09029913
1,0,0.67959315,0.62717575,0.3591863
0,1,0.5465955,0.6887986,0.09319103
0,1,0.5559413,0.6868752,0.11188257
1,0,0.50145173,0.693143,0.0029034615
1,0,0.5448006,0.68912756,0.08960116
0,0,0.6924009,0.61716616,0.38480175
1,0,0.89340025,0.33934668,0.7868005
1,0,0.91621685,0.28791323,0.8324337
1,1,0.5423523,0.68955547,0.08470464
1,0,0.8890103,0.34857953,0.7780206
1,0,0.67813987,0.6282636,0.35627973
0,1,0.5730917,0.68242407,0.14618337
1,0,0.6771139,0.6290258,0.35422778
1,0,0.9138936,0.2934357,0.82778716
0,1,0.56148756,0.68556654,0.12297511
1,0,0.85014397,0.42245924,0.70028794
1,1,0.5404484,0.68987143,0.080896854
0,1,0.5465339,0.6888101,0.093067765
0,0,0.87973785,0.36744696,0.7594757
1,0,0.90855616,0.3058657,0.8171123
0,0,0.8775132,0.37185073,0.75502634
0,0,0.8787327,0.36944243,0.75746536
1,1,0.54466325,0.68915224,0.0893265
1,0,0.5499701,0.6881448,0.09994018
0,0,0.8787333,0.36944127,0.75746655
1,1,0.5636845,0.68501365,0.12736905
0,1,0.5591579,0.6861315,0.118315816
1,1,0.5488857,0.6883599,0.097771406
0,0,0.874638,0.37747392,0.74927604
0,1,0.55915296,0.6861326,0.11830592
0,1,0.5366576,0.6904572,0.07331514
1,0,0.5084358,0.69300485,0.016871572
1,0,0.88767457,0.35134977,0.77534914
1,0,0.87234885,0.38189712,0.7446977
1,0,0.8848405,0.35716844,0.769681
0,1,0.5555813,0.6869558,0.11116254
1,0,0.50381935,0.69311804,0.0076387227
1,1,0.5028027,0.6931315,0.005605459
0,1,0.545186,0.68905807,0.09037197
1,0,0.9043788,0.31535387,0.80875754
0,1,0.5614968,0.6855643,0.12299359
0,1,0.5549587,0.68709403,0.1099174
0,0,0.685522,0.62263685,0.37104404
0,1,0.54705286,0.6887127,0.09410572
1,0,0.8983008,0.32880047,0.79660165
1,1,0.5633479,0.6850997,0.12669575
0,0,0.6797799,0.62703526,0.3595598
0,1,0.57962394,0.6804131,0.15924788
0,0,0.9068197,0.30983478,0.8136394
1,0,0.8960761,0.33362016,0.79215217
1,0,0.6781366,0.6282661,0.3562732
0,0,0.50197905,0.6931394,0.003958106
0,0,0.8500981,0.42253894,0.70019615
1,0,0.91254497,0.29660982,0.82508993
0,0,0.8750594,0.37665454,0.75011885
1,1,0.5656754,0.6844957,0.13135076
1,0,0.5457546,0.68895435,0.09150922
1,0,0.5156158,0.6926594,0.031231642
1,0,0.8803325,0.3662619,0.76066506
0,1,0.56153834,0.685554,0.12307668
0,1,0.6038568,0.6714169,0.2077136
1,0,0.92061776,0.27725798,0.8412355
1,0,0.909474,0.30375308,0.81894803
0,0,0.8793311,0.36825556,0.7586622
0,1,0.51082855,0.69291264,0.02165711
1,0,0.9224158,0.27282917,0.8448316
0,0,0.68551755,0.6226403,0.3710351
0,0,0.608165,0.6695618,0.21633008
1,0,0.8962551,0.3332343,0.79251015
1,0,0.5019327,0.6931397,0.0038653612
1,0,0.88973826,0.34706223,0.7794765
1,0,0.6780854,0.62830424,0.35617077
0,1,0.51134855,0.6928896,0.022697091
0,1,0.5591551,0.6861321,0.11831021
1,0,0.8513485,0.4203628,0.70269704
1,1,0.5633102,0.68510926,0.12662041
0,0,0.9037363,0.3167951,0.8074726
0,0,0.91164243,0.29872122,0.82328486
0,0,0.92147803,0.27514455,0.84295607
0,1,0.532475,0.69103646,0.06494999
1,0,0.876091,0.37464172,0.752182
0,1,0.5531517,0.6874863,0.10630345
1,0,0.89049095,0.34548765,0.7809819
1,0,0.68182236,0.62548816,0.36364472
1,0,0.53730464,0.6903613,0.07460925
0,0,0.8809231,0.36508173,0.7618462
0,0,0.8721344,0.38230908,0.7442688
1,0,0.8813267,0.36427334,0.76265335
1,0,0.88656324,0.3536409,0.7731265
0,1,0.5530837,0.6875008,0.106167436
1,1,0.5549539,0.6870951,0.10990775
0,1,0.51082855,0.69291264,0.02165711
1,0,0.8976229,0.33027482,0.79524577
1,0,0.50570595,0.6930821,0.011411905
1,1,0.5633686,0.68509436,0.12673724
1,0,0.88656324,0.3536409,0.7731265
1,0,0.85133296,0.42038995,0.7026659
0,1,0.5193554,0.6923977,0.038710833
0,0,0.87423193,0.378262,0.74846387
1,0,0.88053405,0.36585957,0.7610681
1,0,0.8767003,0.37344825,0.75340056
1,0,0.90898544,0.30487886,0.8179709
1,0,0.87234885,0.38189715,0.7446977
1,0,0.90835917,0.30631778,0.81671834
1,0,0.9066074,0.31031764,0.8132148
1,0,0.9128516,0.2958902,0.82570314
1,0,0.8901297,0.34624413,0.7802594
1,0,0.88672674,0.3533046,0.7734535
0,1,0.5409267,0.6897934,0.08185339
1,1,0.5070563,0.6930476,0.014112592
1,0,0.89159715,0.34316298,0.7831943
0,1,0.55494267,0.6870976,0.109885335
0,0,0.67977726,0.6270372,0.35955453
0,1,0.55357033,0.6873966,0.10714066
1,0,0.5293125,0.6914277,0.058624983
1,0,0.89408875,0.3378805,0.7881775
1,0,0.89358336,0.33895728,0.7871667
1,0,0.8813267,0.36427334,0.76265335
0,1,0.54231197,0.68956226,0.08462393
1,1,0.56334865,0.6850995,0.1266973
1,1,0.500435,0.69314677,0.0008699894
1,0,0.87234885,0.38189715,0.7446977
1,0,0.90729433,0.30875346,0.81458867
0,1,0.5549614,0.68709344,0.10992277
0,1,0.55125666,0.6878835,0.10251331
0,1,0.5591591,0.6861312,0.1183182
1,0,0.8787333,0.36944127,0.75746655
0,1,0.5451462,0.6890652,0.090292454
1,1,0.54183877,0.68964213,0.08367753
0,1,0.53387046,0.690851,0.06774092
1,0,0.88596654,0.35486606,0.7719331
1,1,0.5089429,0.6929872,0.017885804
1,1,0.56334287,0.6851009,0.12668574
1,0,0.50616264,0.69307125,0.012325287
1,0,0.5330713,0.69095814,0.06614256
1,0,0.9138936,0.2934357,0.82778716
0,1,0.5554629,0.6869823,0.11092579
0,1,0.5465916,0.6887993,0.09318316
1,0,0.9099359,0.3026861,0.8198718
1,0,0.87608856,0.37464648,0.7521771
1,0,0.8748489,0.3770641,0.7496978
1,1,0.56148124,0.68556815,0.122962475
1,1,0.5549585,0.6870941,0.109917045
1,1,0.54467094,0.6891509,0.08934188
1,0,0.87588215,0.37505,0.7517643
1,1,0.53385574,0.690853,0.06771147
1,1,0.56567633,0.68449545,0.13135266
1,0,0.8906784,0.34509462,0.7813568
1,0,0.909474,0.30375308,0.81894803
0,0,0.87191975,0.382721,0.7438395
0,0,0.8532043,0.41711038,0.7064086
0,1,0.5619657,0.68544793,0.12393141
0,0,0.87772036,0.3714426,0.7554407
1,1,0.53434,0.69078684,0.06868005
1,0,0.5184611,0.6924654,0.036922216
1,0,0.8764922,0.37385625,0.7529844
0,1,0.51082855,0.69291264,0.02165711
1,1,0.500435,0.69314677,0.0008699894
0,1,0.53631157,0.69050777,0.07262313
1,0,0.88596654,0.35486606,0.7719331
0,1,0.5507569,0.6879858,0.10151374
1,0,0.5330713,0.69095814,0.06614256
0,1,0.5507526,0.6879866,0.10150516
1,0,0.88672674,0.3533046,0.7734535
1,0,0.88309497,0.36071277,0.76618993
1,0,0.85135376,0.42035365,0.7027075
1,1,0.5441625,0.6892414,0.08832502
0,0,0.6855253,0.6226343,0.3710506
1,0,0.85134816,0.42036346,0.7026963
0,1,0.51789415,0.6925067,0.035788298
0,1,0.5465421,0.68880856,0.093084216
0,1,0.5282259,0.69155294,0.056451797
0,1,0.5591422,0.6861352,0.118284345
0,1,0.55407166,0.6872883,0.10814333
1,0,0.87234885,0.38189715,0.7446977
1,0,0.8636702,0.39824468,0.72734034
0,1,0.53918827,0.69007266,0.07837653
1,1,0.5633484,0.6850995,0.12669683
1,0,0.84554225,0.4303642,0.6910845
1,0,0.90355664,0.31719723,0.8071133
1,0,0.6781658,0.6282443,0.35633156
0,0,0.8702246,0.38595954,0.7404492
1,0,0.89266515,0.34090665,0.7853303
0,0,0.6903801,0.6187962,0.3807602
0,0,0.6797844,0.62703186,0.35956883
1,0,0.8826972,0.3615163,0.76539445
1,0,0.50381935,0.69311804,0.0076387227
0,1,0.5521903,0.6876896,0.10438061
1,0,0.9074436,0.30841288,0.81488717
1,0,0.67813754,0.6282654,0.35627508
1,0,0.8906784,0.34509462,0.7813568
1,0,0.88053507,0.36585757,0.76107013
0,0,0.8760908,0.374642,0.75218165
1,0,0.50614977,0.69307154,0.012299538
0,1,0.5507506,0.687987,0.10150123
1,0,0.52222836,0.6921587,0.04445675
1,0,0.889564,0.347426,0.77912796
1,0,0.8926794,0.34087646,0.7853588
1,0,0.67813414,0.6282679,0.3562683
1,0,0.9088262,0.30524528,0.81765234
0,1,0.55124086,0.6878867,0.10248172
1,0,0.90791476,0.3073359,0.8158295
1,1,0.5108173,0.6929132,0.021634579
1,1,0.5028027,0.6931315,0.005605459
0,1,0.5367011,0.6904508,0.07340217
1,1,0.5028027,0.6931315,0.005605459
1,0,0.8955096,0.33483878,0.7910192
1,0,0.6780045,0.62836444,0.35600904
0,1,0.55963916,0.68601656,0.11927831
1,0,0.9008805,0.32314396,0.80176103
0,0,0.67813766,0.62826526,0.35627535
0,1,0.5469903,0.6887245,0.09398055
0,0,0.87546265,0.37586892,0.7509253
1,0,0.91911256,0.28093147,0.8382251
0,0,0.9116427,0.2987207,0.82328534
0,0,0.85105723,0.4208708,0.70211446
1,0,0.67813194,0.62826955,0.35626388
1,0,0.88732004,0.35208204,0.7746401
1,0,0.87608975,0.3746442,0.7521795
1,1,0.5319787,0.69110054,0.06395745
1,0,0.91724485,0.28544736,0.8344897
1,0,0.6781385,0.62826467,0.35627696
1,1,0.54701155,0.68872046,0.09402311
1,1,0.5089418,0.6929872,0.017883658
1,0,0.67814016,0.6282634,0.3562803
1,0,0.9049912,0.3139757,0.8099824
0,1,0.6056597,0.67065,0.21131945
1,0,0.52459085,0.6919373,0.04918173
1,0,0.683473,0.6242238,0.366946
1,0,0.9094496,0.30380943,0.81889915
1,0,0.8803325,0.3662619,0.76066506
1,0,0.88732004,0.35208204,0.7746401
1,1,0.5028027,0.6931315,0.005605459
0,1,0.54467046,0.6891509,0.089340925
1,0,0.8884543,0.34973484,0.77690864
1,1,0.5633538,0.6850982,0.12670755
1,0,0.9156357,0.28930116,0.8312714
0,1,0.55915844,0.68613136,0.11831689
0,0,0.8760907,0.37464228,0.7521814
1,1,0.5633372,0.68510234,0.12667441
1,0,0.5123259,0.6928433,0.024651736
1,0,0.6781398,0.6282637,0.35627958
1,0,0.8803325,0.3662619,0.76066506
0,0,0.67606306,0.6298015,0.35212615
0,1,0.5573254,0.6865603,0.114650846
1,0,0.68183124,0.62548137,0.3636625
1,0,0.50618684,0.69307065,0.012373656
1,1,0.54887384,0.68836224,0.09774768
1,1,0.500435,0.69314677,0.0008699894
0,1,0.50468904,0.6931032,0.009378076
0,0,0.9178488,0.2839921,0.83569765
1,0,0.8803325,0.3662619,0.76066506
1,0,0.9149244,0.29099408,0.82984877
1,0,0.85132706,0.42040023,0.7026541
1,0,0.8917687,0.3428014,0.7835374
1,1,0.56335264,0.6850984,0.12670529
1,0,0.8828809,0.36114538,0.76576185
0,0,0.91538334,0.28990257,0.8307667
0,1,0.51082855,0.69291264,0.02165711
0,1,0.5572921,0.686568,0.11458421
1,0,0.50381935,0.69311804,0.0076387227
0,1,0.5633395,0.6851018,0.12667894
0,1,0.52162117,0.6922119,0.043242335
0,1,0.5591635,0.68613017,0.11832702
1,0,0.87234885,0.38189715,0.7446977
1,0,0.8760912,0.37464133,0.75218236
1,0,0.9267585,0.261944,0.85351706
1,0,0.89884037,0.3276235,0.79768074
0,1,0.5591486,0.6861336,0.11829722
1,0,0.67608094,0.6297883,0.35216185
0,1,0.55782115,0.6864456,0.11564231
1,0,0.85123813,0.42055535,0.70247626
0,1,0.56149507,0.68556476,0.12299013
1,0,0.8990151,0.32724154,0.79803026
1,0,0.8795352,0.36785007,0.7590704
0,0,0.8795351,0.3678503,0.75907016
1,1,0.5621798,0.68539447,0.12435961
1,0,0.9127102,0.29622215,0.8254204
0,1,0.56105745,0.6856725,0.1221149
1,0,0.6781313,0.62827003,0.35626256
1,0,0.90355664,0.31719723,0.8071133
1,0,0.8865632,0.35364103,0.77312636
1,0,0.8740203,0.37867227,0.74804056
1,0,0.89119595,0.34400758,0.7823919
1,1,0.563357,0.68509734,0.12671399
0,0,0.88053495,0.36585778,0.7610699
0,1,0.5549609,0.68709356,0.10992181
0,0,0.87191975,0.382721,0.7438395
1,0,0.85134125,0.4203755,0.7026825
0,1,0.5446683,0.68915135,0.08933663
1,0,0.91463596,0.29167858,0.8292719
0,1,0.5593054,0.6860963,0.11861086
1,0,0.51184523,0.69286656,0.023690462
1,0,0.91724485,0.28544736,0.8344897
0,0,0.52571154,0.69182444,0.051423073
1,0,0.6781385,0.62826467,0.356277
1,0,0.87234885,0.38189715,0.7446977
1,0,0.52318823,0.69207144,0.046376497
0,1,0.5169239,0.69257426,0.03384781
0,1,0.5507536,0.6879865,0.10150719
0,1,0.54661494,0.688795,0.09322989
1,1,0.565683,0.68449366,0.13136601
1,0,0.8813267,0.36427334,0.76265335
1,0,0.5019327,0.6931397,0.0038653612
0,1,0.5315479,0.6911553,0.06309581
1,1,0.5633518,0.68509865,0.12670362
1,1,0.5131951,0.6927989,0.026390195
0,1,0.557298,0.6865666,0.11459601
0,0,0.68348384,0.6242155,0.36696765
1,0,0.881527,0.36387148,0.763054
0,1,0.5554313,0.68698925,0.11086261
0,1,0.5405004,0.68986297,0.081000805
0,0,0.88406825,0.35874012,0.7681365
0,1,0.53809583,0.69024175,0.076191664
1,0,0.90387857,0.31647637,0.80775714
1,1,0.5633531,0.6850983,0.12670624
1,0,0.50381935,0.69311804,0.0076387227
1,1,0.56151444,0.68555987,0.123028874
0,1,0.5549599,0.6870938,0.10991979
1,0,0.8781169,0.37066022,0.7562338
1,0,0.89408875,0.3378805,0.7881775
1,0,0.9146476,0.2916511,0.82929516
1,0,0.50570595,0.6930821,0.011411905
1,0,0.5203451,0.69231915,0.040690184
0,1,0.5282398,0.6915513,0.056479573
1,0,0.8533204,0.416906,0.70664084
1,0,0.85135853,0.4203453,0.70271707
0,0,0.679366,0.6273464,0.358732
1,0,0.9138936,0.2934357,0.82778716
1,0,0.68673444,0.6216886,0.37346885
1,0,0.5019327,0.6931397,0.0038653612
1,1,0.5657747,0.68446946,0.13154936
1,0,0.50807315,0.6930169,0.016146302
1,0,0.5075924,0.6930319,0.01518476
1,1,0.5633546,0.68509793,0.12670922
1,0,0.9080383,0.3070531,0.81607664
0,0,0.8740203,0.37867224,0.74804056
0,1,0.5554384,0.68698764,0.1108768
1,0,0.90932775,0.30409044,0.8186555
0,1,0.56334865,0.6850995,0.1266973
1,0,0.5457546,0.68895435,0.09150922
1,0,0.8948293,0.33629793,0.78965855
1,0,0.6781334,0.6282685,0.35626686
0,1,0.5488867,0.68835974,0.09777343
1,0,0.90355664,0.31719723,0.8071133
1,0,0.9130045,0.29553086,0.82600904
0,1,0.54563165,0.6889769,0.091263294
0,1,0.5689881,0.68359804,0.13797617
1,0,0.88826346,0.35013062,0.7765269
1,0,0.8785281,0.3698474,0.75705624
1,1,0.53717166,0.69038117,0.07434332
1,1,0.5488872,0.6883596,0.09777439
1,0,0.90070856,0.32352328,0.8014171
0,1,0.5984581,0.6736319,0.19691622
0,1,0.5324731,0.6910367,0.064946175
1,1,0.5131951,0.6927989,0.026390195
1,0,0.89232445,0.34162775,0.7846489
1,0,0.8955512,0.33474943,0.7911024
1,0,0.88729036,0.3521433,0.7745807
1,0,0.8955096,0.33483878,0.7910192
0,0,0.6834874,0.62421274,0.36697483
1,0,0.8803325,0.3662619,0.76066506
1,0,0.87892234,0.36906666,0.7578447
1,0,0.91057664,0.30120164,0.8211533
1,1,0.5591731,0.68612784,0.118346214
0,1,0.5343303,0.69078815,0.06866062
0,1,0.5549755,0.6870904,0.10995102
1,0,0.87297374,0.3806944,0.7459475
1,0,0.8773069,0.37225673,0.75461376
0,0,0.8731868,0.38028347,0.74637365
1,0,0.8928635,0.34048626,0.785727
0,1,0.5366979,0.69045126,0.07339585
0,1,0.5572548,0.68657655,0.11450958
1,1,0.5572953,0.68656725,0.114590645
1,0,0.6760716,0.6297952,0.35214317
1,0,0.6781409,0.6282629,0.3562818
0,1,0.5217344,0.6922021,0.043468833
0,1,0.55496186,0.6870933,0.10992372
0,1,0.5549759,0.6870902,0.109951854
1,0,0.5034197,0.6931238,0.0068393946
0,0,0.67398566,0.63132006,0.34797132
1,0,0.90368545,0.31690896,0.8073709
1,1,0.56335485,0.68509793,0.1267097
0,1,0.51082855,0.69291264,0.02165711
1,0,0.50616264,0.69307125,0.012325287
0,1,0.52306443,0.6920829,0.04612887
1,0,0.89917624,0.32688922,0.7983525
0,0,0.8750593,0.37665474,0.7501186
0,0,0.67977715,0.6270373,0.35955432
1,0,0.87234867,0.38189745,0.74469733
0,0,0.6818372,0.62547684,0.36367437
1,0,0.8773069,0.37225673,0.75461376
0,1,0.5591636,0.6861301,0.11832714
0,1,0.55495685,0.68709445,0.10991371
0,0,0.6677098,0.6357887,0.33541968
1,0,0.90035063,0.32431185,0.80070126
1,0,0.9224264,0.2728029,0.8448528
1,1,0.50232166,0.6931364,0.004643321
1,0,0.67813504,0.62826717,0.3562701
0,1,0.5633387,0.685102,0.1266774
0,0,0.88132674,0.36427322,0.76265347
0,1,0.5446777,0.68914974,0.08935535
0,1,0.5633501,0.6850991,0.12670016
1,0,0.50711155,0.693046,0.014223069
0,0,0.8710745,0.38433897,0.742149
1,0,0.89955133,0.3260677,0.79910266
1,0,0.51373065,0.6927701,0.02746132
1,0,0.88560724,0.355602,0.7712145
1,0,0.8534205,0.4167297,0.706841
0,1,0.5154986,0.69266665,0.030997157
1,0,0.6781387,0.6282645,0.35627735
0,1,0.5507554,0.6879861,0.10151076
0,0,0.67356193,0.6316274,0.34712383
1,0,0.6781372,0.6282656,0.35627437
1,0,0.87234885,0.38189715,0.7446977
1,1,0.5577693,0.68645763,0.1155386
0,0,0.87771946,0.3714443,0.7554389
0,1,0.5549632,0.6870931,0.10992634
0,1,0.5554722,0.6869801,0.11094439
1,0,0.91356695,0.29420662,0.8271339
0,1,0.52777797,0.6916031,0.05555594
1,1,0.54479575,0.6891285,0.0895915
0,1,0.5446622,0.6891525,0.089324355
0,1,0.55729294,0.6865678,0.11458588
0,1,0.554958,0.6870942,0.10991597
1,0,0.50381935,0.69311804,0.0076387227
1,0,0.5123259,0.6928433,0.024651736
1,0,0.5499701,0.6881448,0.09994018
0,1,0.56571716,0.6844846,0.13143432
0,0,0.8710745,0.38433897,0.742149
0,0,0.88994086,0.34663898,0.7798817
1,0,0.8723488,0.38189727,0.7446976
1,0,0.5156158,0.6926594,0.031231642
1,0,0.87129045,0.3839262,0.7425809
1,0,0.882313,0.36229098,0.764626
1,0,0.6781322,0.6282694,0.35626432
1,0,0.8844327,0.35799918,0.76886535
0,0,0.876908,0.37304065,0.753816
0,0,0.58576965,0.6783613,0.17153934
1,1,0.56335336,0.6850983,0.12670672
1,0,0.5123259,0.6928433,0.024651736
1,1,0.5101952,0.6929393,0.020390391
0,0,0.6818445,0.62547135,0.36368898
0,0,0.90324676,0.31788996,0.8064935
1,0,0.87234885,0.38189715,0.7446977
1,0,0.88560724,0.355602,0.7712145
0,0,0.68184054,0.62547433,0.3636811
0,0,0.6855209,0.62263775,0.3710418
0,1,0.55915505,0.6861321,0.118310094
1,0,0.89800316,0.32944846,0.7960063
1,0,0.8998717,0.32536474,0.7997434
0,1,0.56148696,0.6855667,0.12297392
1,0,0.5541783,0.68726504,0.108356595
1,1,0.5591881,0.68612427,0.118376255
0,1,0.5614845,0.6855673,0.12296903
0,1,0.5507554,0.6879861,0.10151076
0,1,0.5343841,0.69078076,0.06876814
1,0,0.91769314,0.28436774,0.8353863
0,0,0.6814103,0.6258018,0.36282066
0,0,0.673984,0.6313213,0.34796798
1,0,0.51184523,0.69286656,0.023690462
1,0,0.8955512,0.33474943,0.7911024
0,0,0.6891782,0.6197566,0.3783565
0,1,0.5591866,0.6861246,0.118373156
1,0,0.6818208,0.62548935,0.36364162
1,0,0.5420102,0.68961334,0.08402035
0,1,0.56333333,0.68510336,0.12666667
1,0,0.883095,0.36071265,0.76619005
0,0,0.88231367,0.3622897,0.76462734
1,0,0.8513477,0.4203642,0.70269537
1,0,0.67607844,0.6297902,0.3521569
0,1,0.5470105,0.6887207,0.09402096
1,0,0.90584034,0.31205752,0.8116807
1,0,0.8962137,0.33332354,0.7924274
1,1,0.54889,0.688359,0.09777999
0,1,0.5550188,0.6870808,0.110037565
1,0,0.90368545,0.31690896,0.8073709
1,0,0.90355664,0.31719723,0.8071133
1,1,0.563345,0.6851004,0.12669003
0,0,0.8856067,0.35560313,0.7712134
1,0,0.90368545,0.31690896,0.8073709
0,0,0.6797768,0.6270376,0.35955358
1,0,0.8850062,0.35683042,0.7700124
1,0,0.8953295,0.3352256,0.79065895
1,0,0.53259236,0.69102114,0.06518471
1,1,0.50894403,0.6929872,0.01788807
1,0,0.9088262,0.30524528,0.81765234
1,1,0.58444554,0.6788165,0.16889107
1,0,0.9022202,0.32017714,0.8044404
0,1,0.5554385,0.68698764,0.11087704
1,0,0.51373065,0.6927701,0.02746132
1,0,0.5156158,0.6926594,0.031231642
1,0,0.5071118,0.69304603,0.014223605
0,0,0.678142,0.62826204,0.35628402
1,1,0.54231596,0.6895616,0.08463192
0,1,0.5488811,0.6883608,0.09776223
1,1,0.54655063,0.68880695,0.09310126
1,0,0.90665764,0.31020337,0.8133153
0,1,0.56150454,0.6855624,0.123009086
0,1,0.55079764,0.6879775,0.10159528
0,0,0.5858458,0.6783349,0.17169163
1,0,0.6739899,0.63131696,0.34797978
0,1,0.5507584,0.6879855,0.10151684
1,0,0.8803325,0.3662619,0.76066506
0,0,0.86915123,0.38799697,0.73830247
0,1,0.54702085,0.68871874,0.094041705
1,0,0.8976502,0.33021557,0.79530036
1,0,0.6781343,0.62826777,0.35626864
0,1,0.55310535,0.6874962,0.10621071
0,0,0.6777117,0.62858224,0.35542345
1,0,0.87423193,0.3782621,0.74846387
1,0,0.90073514,0.32346475,0.8014703
1,0,0.8748489,0.3770641,0.7496978
1,0,0.84956235,0.42346746,0.6991247
0,1,0.5549875,0.6870877,0.10997498
1,0,0.8992031,0.32683036,0.79840624
1,0,0.53730464,0.6903613,0.07460925
1,1,0.55404663,0.68729365,0.10809326
0,1,0.52682865,0.6917069,0.053657293
0,0,0.8750593,0.37665474,0.7501186
1,0,0.50618684,0.69307065,0.012373656
1,0,0.88072175,0.3654845,0.7614435
0,1,0.53246063,0.69103837,0.06492126
1,0,0.90855616,0.3058657,0.8171123
0,1,0.5493757,0.6882633,0.098751426
0,0,0.8729737,0.38069454,0.74594736
0,0,0.87423193,0.378262,0.74846387
1,0,0.90368545,0.31690896,0.8073709
1,0,0.67801356,0.62835765,0.3560271
0,0,0.88309443,0.36071387,0.76618886
1,0,0.87505937,0.37665465,0.75011873
1,0,0.5481014,0.68851256,0.09620282
0,0,0.90073514,0.3234647,0.8014703
1,1,0.5113096,0.69289136,0.022619247
1,0,0.8960761,0.33362016,0.79215217
1,0,0.88580203,0.3552032,0.77160406
1,1,0.5633849,0.68509024,0.12676978
0,1,0.54184616,0.6896409,0.08369231
1,0,0.90203726,0.32058346,0.8040745
1,0,0.50570595,0.6930821,0.011411905
0,0,0.6797854,0.6270311,0.3595707
0,0,0.8721341,0.38230968,0.7442682
1,0,0.87234885,0.38189715,0.7446977
1,0,0.917514,0.2847994,0.83502805
1,0,0.6778551,0.62847567,0.35571015
0,1,0.5212516,0.6922437,0.042503238
0,0,0.8781197,0.37065464,0.7562394
1,0,0.90103894,0.32279417,0.8020779
0,1,0.55913055,0.686138,0.1182611
1,0,0.8966123,0.33246338,0.7932246
1,0,0.8910237,0.3443697,0.7820474
1,0,0.8760902,0.37464327,0.75218046
1,0,0.90368545,0.31690896,0.8073709
0,1,0.5549979,0.6870854,0.10999584
1,0,0.9122374,0.2973305,0.8244748
1,0,0.9086913,0.30555534,0.8173826
0,1,0.50894254,0.69298726,0.017885089
1,0,0.8962413,0.33326408,0.7924826
0,0,0.85105723,0.4208708,0.70211446
1,0,0.678133,0.6282687,0.35626602
0,0,0.6818358,0.62547797,0.3636715
0,1,0.5596163,0.68602204,0.119232655
0,1,0.55124134,0.6878866,0.10248268
1,0,0.678138,0.628265,0.356276
0,0,0.89782727,0.32983086,0.79565454
1,0,0.9008805,0.32314396,0.80176103
1,0,0.89119595,0.34400758,0.7823919
1,0,0.893372,0.33940673,0.786744
1,0,0.91301626,0.29550317,0.8260325
0,0,0.8760912,0.37464133,0.75218236
1,1,0.5614864,0.68556684,0.122972846
1,0,0.87933123,0.36825538,0.75866246
1,0,0.6781323,0.6282693,0.35626462
0,1,0.5554627,0.6869823,0.110925436
0,0,0.87933064,0.36825657,0.75866127
0,1,0.56149465,0.6855648,0.1229893
0,1,0.5549593,0.68709385,0.109918594
0,1,0.55309796,0.68749774,0.10619593
0,1,0.55309826,0.6874977,0.10619652
0,1,0.538574,0.69016826,0.07714796
1,0,0.67148155,0.6331245,0.3429631
0,0,0.84767085,0.426728,0.6953417
1,1,0.56334764,0.6850997,0.12669528
0,0,0.67771214,0.628582,0.35542428
1,0,0.85125417,0.42052743,0.70250833
1,0,0.8742289,0.37826794,0.7484578
0,1,0.55915606,0.68613183,0.11831212
0,1,0.5489518,0.688347,0.09790361
1,0,0.8821137,0.3626923,0.7642274
1,0,0.5203451,0.69231915,0.040690184
0,1,0.54376,0.6893124,0.08752
0,0,0.6760645,0.62980044,0.352129
0,0,0.88231367,0.36228967,0.76462734
1,0,0.8769081,0.37304044,0.75381625
1,0,0.67814004,0.6282635,0.3562801
1,0,0.9146476,0.2916511,0.82929516
1,0,0.87234885,0.38189715,0.7446977
0,0,0.68076485,0.62629163,0.3615297
1,1,0.54466206,0.6891525,0.08932412
1,0,0.91869354,0.2819487,0.8373871
1,1,0.50859344,0.6929995,0.01718688
1,1,0.5089391,0.6929874,0.017878175
1,0,0.53355,0.69089425,0.06710008
0,0,0.8750594,0.37665454,0.75011885
0,1,0.54653394,0.6888101,0.093067884
1,0,0.87423164,0.37826264,0.7484633
1,1,0.5633483,0.68509954,0.12669659
1,1,0.5028027,0.6931315,0.005605459
0,0,0.68551606,0.6226415,0.37103212
0,1,0.5614866,0.6855668,0.1229732
0,1,0.5549643,0.6870928,0.10992861
0,1,0.5550599,0.6870717,0.11011982
0,1,0.5013255,0.6931437,0.0026509762
1,0,0.87234885,0.38189715,0.7446977
1,0,0.53355,0.69089425,0.06710008
1,0,0.8983008,0.32880047,0.79660165
0,1,0.51082885,0.69291264,0.021657705
1,0,0.5075924,0.6930319,0.01518476
1,0,0.89588296,0.33403602,0.7917659
0,1,0.5475165,0.68862474,0.09503305
0,1,0.5404911,0.6898645,0.08098221
1,0,0.8974323,0.33068833,0.79486465
0,0,0.6818522,0.6254654,0.3637044
1,0,0.90898544,0.30487886,0.8179709
0,0,0.6760665,0.6297989,0.352133
1,0,0.67813486,0.6282674,0.35626972
0,1,0.5297224,0.6913793,0.059444785
0,0,0.87873316,0.3694415,0.7574663
1,0,0.50995934,0.6929488,0.01991868
0,1,0.5489218,0.6883528,0.09784365
0,1,0.5470273,0.6887175,0.09405458
1,0,0.91224825,0.29730505,0.8244965
1,0,0.8955512,0.33474943,0.7911024
0,1,0.5680065,0.68386865,0.13601303
1,0,0.5075924,0.6930319,0.01518476
1,1,0.5633552,0.6850978,0.12671041
0,0,0.8760912,0.37464133,0.75218236
1,0,0.8742318,0.37826228,0.74846363
0,1,0.51082855,0.69291264,0.02165711
0,0,0.9169855,0.2860707,0.833971
0,0,0.88231367,0.36228967,0.76462734
1,0,0.50522506,0.6930926,0.010450125
1,0,0.8910237,0.3443697,0.7820474
1,1,0.5046893,0.6931032,0.009378552
0,0,0.876908,0.37304065,0.753816
1,0,0.90368545,0.31690896,0.8073709
1,1,0.5633459,0.68510014,0.12669182
0,0,0.8873199,0.35208225,0.77463984
1,0,0.5184611,0.6924654,0.036922216
0,0,0.67608,0.629789,0.35216
0,1,0.5446725,0.6891506,0.08934498
0,1,0.5549639,0.6870929,0.10992777
0,1,0.561989,0.6854421,0.12397802
0,1,0.54476804,0.6891334,0.08953607
1,0,0.8723488,0.38189727,0.7446976
0,0,0.87402016,0.37867245,0.7480403
0,1,0.5507477,0.68798757,0.101495385
0,0,0.89851654,0.32833028,0.7970331
1,1,0.55920637,0.6861199,0.11841273
0,0,0.875059,0.3766553,0.750118
0,0,0.8731868,0.38028347,0.74637365
0,1,0.51082855,0.69291264,0.02165711
1,1,0.56336135,0.68509626,0.1267227
1,0,0.6761027,0.6297723,0.3522054
0,1,0.5961802,0.67453015,0.1923604
0,0,0.8797389,0.36744484,0.75947785
1,1,0.56335354,0.6850982,0.12670708
1,0,0.67814106,0.6282627,0.35628211
0,1,0.5530949,0.68749833,0.10618985
1,0,0.5160963,0.6926289,0.032192588
1,0,0.8813267,0.36427334,0.76265335
1,0,0.50381935,0.69311804,0.0076387227
1,0,0.6760736,0.62979376,0.35214722
0,0,0.8750593,0.37665474,0.7501186
1,0,0.6781231,0.6282761,0.3562462
1,1,0.5633431,0.6851009,0.12668622
1,0,0.89086556,0.3447018,0.7817311
1,1,0.5028027,0.6931315,0.005605459
1,0,0.9163971,0.2874819,0.8327942
1,0,0.676069,0.6297971,0.35213807
1,0,0.902897,0.31867063,0.805794
0,1,0.53433794,0.69078714,0.068675876
0,1,0.50661564,0.6930597,0.0132312775
1,0,0.8978268,0.32983196,0.7956536
0,1,0.5735933,0.6822758,0.14718664
0,1,0.5614845,0.6855673,0.12296903
0,1,0.5070564,0.6930476,0.01411283
0,0,0.8777199,0.3714435,0.75543976
1,0,0.5160963,0.6926289,0.032192588
0,0,0.68348277,0.6242163,0.36696553
0,0,0.8865627,0.353642,0.7731254
1,0,0.88481027,0.35723,0.76962054
0,1,0.5591431,0.68613493,0.11828625
1,1,0.5591585,0.6861313,0.11831701
1,1,0.5592027,0.6861208,0.11840534
1,1,0.50091594,0.6931455,0.0018318892
0,0,0.6818419,0.62547326,0.36368382
1,1,0.5633392,0.68510187,0.12667835
0,1,0.5046034,0.6931048,0.009206772
1,0,0.8748489,0.3770641,0.7496978
1,0,0.92202306,0.27380034,0.8440461
1,1,0.5465355,0.6888098,0.093070984
1,0,0.5241111,0.69198406,0.048222184
1,0,0.88672674,0.3533046,0.7734535
0,0,0.88289535,0.36111626,0.7657907
0,1,0.5362424,0.69051784,0.07248485
1,0,0.8748489,0.3770641,0.7496978
1,0,0.6780877,0.62830245,0.3561754
1,0,0.67813265,0.62826896,0.3562653
0,1,0.50132513,0.69314367,0.002650261
1,0,0.5448006,0.68912756,0.08960116
1,0,0.899845,0.3254234,0.79969
0,1,0.55366343,0.68737656,0.107326865
0,1,0.52988094,0.69136035,0.05976188
1,0,0.6797811,0.6270344,0.35956216
1,0,0.8902742,0.3459416,0.78054845
0,1,0.5647837,0.6847297,0.12956738
1,1,0.5633238,0.6851058,0.12664759
0,0,0.68347776,0.6242202,0.3669555
1,0,0.91708744,0.28582585,0.8341749
1,0,0.50807315,0.6930169,0.016146302
0,0,0.87129045,0.38392627,0.7425809
0,0,0.6739835,0.6313216,0.34796703
0,1,0.5633407,0.6851015,0.12668145
0,1,0.55915326,0.68613255,0.11830652
1,0,0.9094496,0.30380943,0.81889915
0,0,0.68184876,0.625468,0.36369756
0,0,0.6797926,0.6270257,0.35958517
0,1,0.5960237,0.674591,0.19204736
1,0,0.91314536,0.2951995,0.8262907
1,1,0.5591619,0.6861305,0.1183238
0,1,0.5423188,0.6895611,0.08463764
0,0,0.6855172,0.6226406,0.3710344
1,1,0.5102024,0.692939,0.020404816
1,1,0.55915594,0.68613195,0.11831188
0,1,0.559149,0.68613356,0.118298054
0,0,0.876908,0.37304065,0.753816
0,1,0.55914813,0.68613374,0.118296266
1,1,0.5101952,0.6929393,0.020390391
0,0,0.8750593,0.37665474,0.7501186
1,0,0.89886737,0.32756454,0.79773474
1,0,0.67810786,0.6282875,0.35621575
1,0,0.9090345,0.30476594,0.818069
1,0,0.9179833,0.28366745,0.8359666
1,0,0.8838719,0.35913885,0.7677438
1,1,0.5633604,0.6850965,0.12672079
1,0,0.53259236,0.69102114,0.06518471
1,0,0.88973826,0.34706223,0.7794765
1,0,0.5203451,0.69231915,0.040690184
1,0,0.90169674,0.3213388,0.8033935
1,0,0.8978268,0.32983196,0.7956536
1,0,0.85134625,0.42036676,0.7026925
1,1,0.5633528,0.6850984,0.12670565
0,1,0.54752004,0.688624,0.09504008
1,1,0.515557,0.6926631,0.031113982
0,1,0.5446982,0.689146,0.08939636
0,1,0.54610854,0.68888915,0.09221709
0,1,0.5591539,0.6861324,0.11830783
1,0,0.67813456,0.6282676,0.35626915
1,0,0.8899414,0.34663782,0.7798828
1,0,0.8906784,0.34509462,0.7813568
1,0,0.89119595,0.34400758,0.7823919
0,0,0.8769071,0.37304237,0.7538142
0,1,0.56336784,0.6850946,0.12673569
0,1,0.5488897,0.68835914,0.09777939
0,1,0.54705286,0.6887127,0.09410572
1,0,0.8723476,0.38189957,0.7446952
0,1,0.5488847,0.6883601,0.09776938
0,1,0.5554816,0.68697804,0.110963225
0,1,0.5507509,0.68798697,0.10150182
0,0,0.6855244,0.62263495,0.3710488
0,0,0.8797388,0.3674451,0.7594776
0,1,0.5530971,0.687498,0.10619426
1,1,0.559153,0.6861326,0.11830604
1,0,0.8501042,0.42252827,0.7002084
1,0,0.6739896,0.6313172,0.3479792
1,1,0.5614978,0.68556404,0.122995615
1,1,0.500435,0.69314677,0.0008699894
0,1,0.5549598,0.68709373,0.10991955
1,0,0.8773069,0.37225673,0.75461376
1,0,0.6781341,0.62826794,0.35626814
1,0,0.89119595,0.34400758,0.7823919
1,1,0.5028027,0.6931315,0.005605459
1,0,0.89606225,0.33364993,0.7921245
0,0,0.67189956,0.63282526,0.34379908
1,1,0.53717047,0.69038135,0.07434094
1,1,0.5633935,0.68508804,0.12678695
0,0,0.87953466,0.36785114,0.7590693
0,0,0.850098,0.422539,0.700196
0,1,0.5390752,0.6900903,0.07815039
0,1,0.55963683,0.6860171,0.11927366
1,0,0.8944806,0.3370438,0.7889612
1,0,0.67813385,0.6282681,0.35626766
0,1,0.56336105,0.68509626,0.1267221
0,1,0.5446634,0.68915224,0.08932686
1,0,0.91164327,0.29871932,0.82328653
1,0,0.9077538,0.30770406,0.81550765
0,0,0.8742318,0.37826228,0.74846363
0,1,0.5591866,0.6861246,0.118373156
0,1,0.5446674,0.6891515,0.089334846
1,0,0.89376616,0.3385681,0.7875323
0,0,0.87690794,0.37304077,0.7538159
1,0,0.8953712,0.3351361,0.7907424
1,0,0.87234885,0.38189715,0.7446977
1,0,0.87234885,0.38189715,0.7446977
1,0,0.8803325,0.3662619,0.76066506
0,0,0.87423193,0.378262,0.74846387
1,0,0.9143467,0.29236412,0.8286934
1,0,0.5075924,0.6930319,0.01518476
1,0,0.85131425,0.4204226,0.7026285
1,0,0.8826972,0.3615163,0.76539445
0,1,0.5407498,0.68982244,0.08149958
1,0,0.68185806,0.625461,0.3637161
1,0,0.88672674,0.3533046,0.7734535
1,0,0.8712904,0.38392633,0.7425808
0,0,0.8723488,0.38189724,0.7446976
0,1,0.53908473,0.69008887,0.078169465
0,0,0.8878801,0.35092467,0.7757602
0,0,0.86784995,0.39045352,0.7356999
1,0,0.6781342,0.6282679,0.35626838
1,0,0.5217483,0.6922009,0.04349664
1,0,0.6855009,0.62265325,0.37100184
0,0,0.8750594,0.37665454,0.75011885
0,1,0.5633358,0.6851027,0.12667155
0,1,0.5507517,0.68798685,0.10150337
0,0,0.866982,0.39208385,0.73396397
0,0,0.87402016,0.37867245,0.7480403
1,1,0.5089359,0.6929875,0.017871857
1,0,0.50381935,0.69311804,0.0076387227
1,1,0.52822363,0.6915532,0.056447268
1,0,0.50807315,0.6930169,0.016146302
1,0,0.6781312,0.6282701,0.35626242
1,0,0.88826346,0.35013062,0.7765269
1,0,0.6781293,0.62827146,0.3562586
0,1,0.559153,0.6861326,0.11830604
0,0,0.88053465,0.36585838,0.7610693
1,0,0.90760505,0.30804414,0.8152101
1,0,0.87318546,0.3802861,0.7463709
0,1,0.5577849,0.68645406,0.11556983
0,1,0.59387213,0.6754182,0.18774426
0,1,0.54466677,0.68915164,0.089333534
1,1,0.5107675,0.6929153,0.021535039
1,0,0.89119595,0.34400758,0.7823919
1,1,0.5633439,0.6851007,0.12668777
1,0,0.50807315,0.6930169,0.016146302
1,0,0.89049095,0.34548765,0.7809819
0,0,0.6818353,0.6254783,0.3636706
0,0,0.8867566,0.35324317,0.7735132
1,0,0.8773069,0.37225673,0.75461376
1,0,0.87505937,0.37665465,0.75011873
0,0,0.67813176,0.6282697,0.35626352
1,0,0.52787435,0.6915924,0.05574867
0,1,0.5633514,0.68509877,0.12670279
1,0,0.88617575,0.35443693,0.7723515
1,1,0.56335443,0.685098,0.12670887
1,1,0.5446673,0.6891515,0.08933461
0,0,0.67189956,0.63282526,0.34379914
1,0,0.8949962,0.33594033,0.78999245
1,1,0.5385719,0.6901686,0.07714379
1,0,0.8723482,0.38189837,0.7446964
1,0,0.89119595,0.34400758,0.7823919
0,0,0.8723484,0.3818979,0.74469686
1,1,0.55252695,0.68761885,0.1050539
1,0,0.5160963,0.6926289,0.032192588
0,1,0.55127585,0.6878795,0.1025517
0,0,0.88560677,0.35560304,0.77121353
1,0,0.5019327,0.6931397,0.0038653612
1,0,0.5330713,0.69095814,0.06614256
0,1,0.5591617,0.6861305,0.118323445
1,0,0.67813444,0.62826765,0.35626885
1,0,0.88596654,0.35486606,0.7719331
0,0,0.874019,0.3786747,0.74803805
1,0,0.89955133,0.3260677,0.79910266
0,0,0.68347037,0.62422585,0.3669407
0,0,0.879331,0.36825582,0.758662
0,0,0.90090704,0.3230854,0.8018141
1,0,0.88560724,0.355602,0.7712145
1,0,0.53355,0.69089425,0.06710008
0,1,0.55495924,0.6870939,0.109918475
1,0,0.90169674,0.3213388,0.8033935
0,0,0.8769081,0.37304038,0.75381625
0,1,0.52870744,0.69149804,0.05741489
0,1,0.51082855,0.69291264,0.02165711
1,1,0.5633558,0.68509763,0.1267116
1,0,0.889564,0.347426,0.77912796
1,0,0.85130674,0.42043573,0.7026135
1,1,0.56335324,0.6850983,0.12670648
0,0,0.88675654,0.3532433,0.7735131
0,1,0.55914855,0.6861336,0.1182971
1,0,0.8821137,0.3626923,0.7642274
0,1,0.5381047,0.6902404,0.076209426
1,0,0.5123259,0.6928433,0.024651736
0,0,0.876908,0.37304065,0.753816
1,0,0.67813617,0.6282664,0.35627234
0,1,0.53857124,0.69016874,0.07714248
0,1,0.5549593,0.68709385,0.109918594
0,1,0.5619714,0.6854465,0.12394285
1,0,0.55044603,0.6880489,0.1008921
1,1,0.5493626,0.6882659,0.0987252
1,0,0.88826346,0.35013062,0.7765269
0,0,0.67977715,0.62703735,0.35955426
1,0,0.90371126,0.31685114,0.8074225
0,0,0.88033295,0.36626112,0.7606659
1,0,0.5448006,0.68912756,0.08960116
1,1,0.500435,0.69314677,0.0008699894
0,0,0.8766997,0.37344947,0.7533994
1,0,0.89800316,0.32944846,0.7960063
1,1,0.56335187,0.68509865,0.12670374
1,0,0.5160963,0.6926289,0.032192588
1,0,0.89122474,0.34394702,0.7824495
0,1,0.55309993,0.6874974,0.10619986
0,1,0.55738115,0.6865474,0.114762306
1,0,0.9179833,0.28366745,0.8359666
1,0,0.9180834,0.28342557,0.83616686
1,0,0.5457546,0.68895435,0.09150922
1,1,0.55915207,0.6861328,0.11830413
0,1,0.55313975,0.68748885,0.10627949
1,0,0.8906784,0.34509462,0.7813568
1,0,0.91478604,0.29132253,0.8295721
1,0,0.6760725,0.6297946,0.35214496
1,0,0.88560724,0.355602,0.7712145
1,1,0.5633502,0.68509907,0.1267004
0,1,0.56153655,0.6855544,0.1230731
1,0,0.9050294,0.3138895,0.81005883
1,1,0.5637785,0.6849896,0.12755704
0,1,0.5540682,0.687289,0.108136415
1,1,0.553095,0.6874984,0.106189966
1,0,0.8803325,0.3662619,0.76066506
0,0,0.6781458,0.6282592,0.35629165
1,1,0.54048353,0.68986577,0.08096707
1,1,0.55964386,0.6860154,0.11928773
0,0,0.8777204,0.3714424,0.75544083
1,1,0.56335264,0.6850984,0.12670529
0,1,0.54937714,0.68826306,0.09875429
1,0,0.50995934,0.6929488,0.01991868
1,1,0.5637879,0.6849872,0.12757576
1,1,0.54479575,0.6891285,0.0895915
1,1,0.5572176,0.6865851,0.114435196
1,0,0.90368545,0.31690896,0.8073709
1,1,0.55916464,0.6861298,0.11832929
1,0,0.8513346,0.42038715,0.70266914
1,0,0.90774137,0.30773252,0.81548274
1,0,0.9210601,0.2761726,0.8421202
0,1,0.52966577,0.691386,0.059331536
0,0,0.6760789,0.6297898,0.3521578
1,1,0.56336135,0.68509626,0.1267227
0,1,0.5578049,0.6864494,0.115609765
1,0,0.5136937,0.69277203,0.02738738
1,0,0.8955512,0.33474943,0.7911024
1,0,0.88309354,0.3607157,0.7661871
1,0,0.8981792,0.32906538,0.79635835
1,0,0.90883845,0.30521703,0.8176769
0,1,0.5259267,0.69180214,0.05185342
1,0,0.89356923,0.3389873,0.78713846
0,1,0.54479754,0.68912816,0.08959508
1,0,0.678138,0.628265,0.35627607
1,1,0.5447333,0.6891397,0.08946657
1,0,0.50614977,0.69307154,0.012299538
0,1,0.5965728,0.67437685,0.19314563
1,0,0.6781369,0.62826586,0.35627377
1,0,0.8983008,0.32880047,0.79660165
1,0,0.87234885,0.38189715,0.7446977
1,1,0.5633506,0.68509895,0.12670124
1,0,0.87234885,0.38189715,0.7446977
0,0,0.8729736,0.38069463,0.74594724
0,0,0.66981435,0.63431,0.3396287
1,0,0.681837,0.625477,0.36367404
0,0,0.68347526,0.6242221,0.36695054
1,0,0.50995934,0.6929488,0.01991868
0,1,0.5409267,0.6897934,0.08185339
0,0,0.6780091,0.62836105,0.3560182
0,1,0.549367,0.688265,0.09873402
1,0,0.53355,0.69089425,0.06710008
0,1,0.55075544,0.6879861,0.10151088
1,0,0.91478604,0.29132253,0.8295721
0,1,0.5591533,0.68613255,0.11830664
0,1,0.55499285,0.68708646,0.10998571
0,1,0.55547947,0.6869786,0.110958934
0,0,0.678132,0.62826943,0.356264
0,1,0.55312294,0.6874925,0.106245875
1,0,0.50807315,0.6930169,0.016146302
0,1,0.52183414,0.6921934,0.04366827
1,0,0.8976502,0.33021557,0.79530036
1,0,0.8967631,0.33213758,0.7935262
1,0,0.910697,0.30092224,0.82139397
1,1,0.5591512,0.686133,0.118302345
1,0,0.8723462,0.3819022,0.74469244
0,0,0.52800864,0.6915774,0.05601728
1,0,0.50807315,0.6930169,0.016146302
1,0,0.6613829,0.64011395,0.3227658
1,0,0.9224158,0.27282917,0.8448316
0,0,0.6698017,0.63431895,0.3396034
1,0,0.9241556,0.26850078,0.8483112
1,0,0.67815363,0.62825334,0.35630724
1,1,0.54279375,0.68948007,0.0855875
1,0,0.50807315,0.6930169,0.016146302
0,0,0.9200965,0.27853358,0.84019303
1,0,0.5184611,0.6924654,0.036922216
1,0,0.5370369,0.6904012,0.07407379
1,0,0.8748489,0.3770641,0.7496978
0,1,0.54093885,0.68979144,0.08187771
1,1,0.56338197,0.68509096,0.12676394
0,0,0.8777204,0.3714424,0.75544083
0,1,0.54653233,0.6888104,0.093064666
1,1,0.56567883,0.68449473,0.13135767
0,0,0.88406926,0.35873812,0.7681385
0,1,0.5549568,0.68709445,0.10991359
0,1,0.56801814,0.68386555,0.13603628
0,0,0.8731868,0.38028347,0.74637365
0,1,0.5549587,0.68709403,0.1099174
1,0,0.85132617,0.4204018,0.70265234
0,1,0.57078964,0.6830911,0.14157927
1,0,0.87234885,0.38189715,0.7446977
1,1,0.5070563,0.6930476,0.014112592
0,1,0.5549482,0.68709636,0.10989642
1,0,0.8948432,0.33626804,0.78968644
0,1,0.5428034,0.6894784,0.08560681
1,0,0.91669285,0.28677315,0.8333857
1,0,0.6781341,0.628268,0.3562682
1,1,0.5549597,0.6870938,0.10991943
0,1,0.55495274,0.68709534,0.10990548
0,1,0.5582639,0.68634236,0.116527796
0,0,0.6781322,0.6282694,0.35626438
1,0,0.8513433,0.42037195,0.70268655
1,0,0.6781367,0.628266,0.35627344
1,0,0.8803325,0.3662619,0.76066506
0,1,0.564319,0.68485034,0.12863803
0,1,0.5591466,0.6861341,0.118293166
1,0,0.5241111,0.69198406,0.048222184
1,0,0.85135204,0.42035666,0.7027041
1,0,0.89265096,0.34093672,0.7853019
0,1,0.532077,0.6910879,0.06415403
1,1,0.52774817,0.69160646,0.055496335
0,1,0.5423179,0.6895613,0.084635854
0,0,0.67814183,0.62826216,0.3562837
0,0,0.67935836,0.6273522,0.35871673
0,0,0.8712905,0.38392612,0.742581
1,0,0.6760662,0.6297992,0.35213244
1,0,0.8721345,0.38230884,0.744269
1,0,0.52222836,0.6921587,0.04445675
0,0,0.6871456,0.62136555,0.3742912
1,0,0.9156357,0.28930116,0.8312714
0,1,0.5489128,0.6883546,0.09782565
1,0,0.67612004,0.62975955,0.3522401
0,1,0.5386537,0.690156,0.07730734
1,0,0.50995934,0.6929488,0.01991868
1,0,0.50381935,0.69311804,0.0076387227
1,0,0.8813267,0.36427334,0.76265335
1,1,0.54044145,0.6898726,0.08088291
0,0,0.8729736,0.38069463,0.74594724
1,1,0.5108288,0.6929126,0.021657586
1,0,0.90169674,0.3213388,0.8033935
0,1,0.524947,0.6919019,0.049893975
1,0,0.87234885,0.38189715,0.7446977
1,1,0.56343275,0.685078,0.1268655
1,1,0.5591474,0.6861339,0.118294835
0,1,0.55075467,0.68798625,0.10150933
1,0,0.5241111,0.69198406,0.048222184
0,0,0.88406926,0.35873806,0.7681385
1,1,0.5633474,0.6850998,0.1266948
0,0,0.87423134,0.37826318,0.7484627
0,1,0.54753906,0.68862045,0.09507811
1,0,0.91224927,0.2973027,0.82449853
0,1,0.54467285,0.6891505,0.08934569
0,1,0.5657085,0.6844869,0.13141704
1,0,0.8740203,0.37867224,0.74804056
0,1,0.5507533,0.6879865,0.10150659
0,0,0.5000969,0.6931471,0.0001938045
0,1,0.54515976,0.68906283,0.090319514
0,1,0.55498403,0.6870885,0.109968066
1,1,0.56363535,0.6850263,0.1272707
0,0,0.5858545,0.6783319,0.17170894
1,1,0.5614954,0.68556464,0.12299085
1,0,0.87423193,0.378262,0.74846387
0,1,0.5488855,0.68836,0.09777105
0,0,0.8746376,0.37747478,0.7492752
1,0,0.8723488,0.3818972,0.7446976
0,1,0.5508107,0.6879748,0.10162139
1,0,0.8903032,0.345881,0.7806064
1,0,0.8944806,0.3370438,0.7889612
0,1,0.5549474,0.68709654,0.10989475
1,0,0.87380826,0.37908268,0.7476165
1,0,0.8781169,0.37066022,0.7562338
1,0,0.5203451,0.69231915,0.040690184
1,0,0.889564,0.347426,0.77912796
0,0,0.68183637,0.62547755,0.3636727
1,1,0.5633428,0.6851009,0.12668562
0,1,0.551742,0.6877831,0.103484035
1,0,0.5019327,0.6931397,0.0038653612
0,0,0.8723488,0.38189724,0.7446976
0,1,0.5465424,0.6888085,0.09308481
0,1,0.56069744,0.6857606,0.12139487
1,0,0.9162283,0.2878859,0.8324566
1,0,0.8484402,0.42540523,0.69688034
1,0,0.67813456,0.6282676,0.35626912
0,1,0.5443183,0.6892138,0.08863664
0,1,0.5461163,0.6888877,0.092232585
0,1,0.50826216,0.6930107,0.016524315
1,0,0.5156158,0.6926594,0.031231642
1,0,0.6760622,0.6298021,0.35212445
0,0,0.8769081,0.37304038,0.75381625
0,0,0.67458606,0.63088316,0.34917215
1,0,0.69281805,0.6168273,0.3856361
1,0,0.88898104,0.3486404,0.7779621
1,0,0.8914111,0.34355485,0.78282225
0,1,0.5339433,0.6908411,0.06788659
0,0,0.8723489,0.38189703,0.7446978
0,1,0.5240003,0.69199467,0.048000574
0,0,0.8738082,0.3790828,0.7476164
0,1,0.5549613,0.6870935,0.10992265
0,0,0.68347037,0.62422585,0.3669407
0,0,0.87129045,0.38392627,0.7425809
1,0,0.8924949,0.3412671,0.78498983
0,1,0.5498422,0.68817043,0.09968436
0,1,0.56012255,0.6859002,0.1202451
1,0,0.88767457,0.35134977,0.77534914
1,1,0.5572979,0.6865666,0.11459577
0,1,0.5385831,0.6901669,0.0771662
1,0,0.6760778,0.62979066,0.35215557
0,1,0.54190516,0.689631,0.08381033
1,0,0.8902742,0.3459416,0.78054845
1,1,0.54279447,0.68947995,0.08558893
0,1,0.5512261,0.68788975,0.10245216
1,0,0.50381935,0.69311804,0.0076387227
1,0,0.88051945,0.36588874,0.7610389
1,0,0.88189805,0.3631261,0.7637961
0,1,0.50894254,0.69298726,0.017885089
0,0,0.6818429,0.6254725,0.36368585
1,0,0.67812896,0.62827176,0.3562579
0,0,0.8914106,0.34355596,0.7828212
1,0,0.89119595,0.34400758,0.7823919
1,0,0.53259236,0.69102114,0.06518471
1,0,0.87234885,0.38189715,0.7446977
0,0,0.6814178,0.6257961,0.36283568
0,1,0.52213234,0.69216716,0.044264674
0,1,0.53858644,0.69016635,0.077172875
1,0,0.889564,0.347426,0.77912796
1,1,0.5614921,0.6855655,0.12298417
1,0,0.91345006,0.2944821,0.8269001
1,0,0.8779267,0.37103564,0.7558534
1,1,0.56353843,0.6850511,0.12707686
0,1,0.5446629,0.68915236,0.089325786
1,0,0.87234885,0.38189715,0.7446977
1,0,0.68183726,0.62547684,0.36367452
0,1,0.5465577,0.6888057,0.09311545
1,1,0.5614935,0.6855651,0.12298703
0,0,0.67815125,0.6282551,0.35630247
0,0,0.91773266,0.2842724,0.8354653
0,1,0.5488871,0.6883596,0.09777415
0,1,0.5362127,0.69052213,0.072425365
1,0,0.67978686,0.62703,0.35957372
0,1,0.563381,0.68509126,0.12676203
0,0,0.6855237,0.62263554,0.37104738
1,0,0.6818458,0.62547034,0.3636916
0,1,0.5446681,0.6891514,0.08933616
1,0,0.89376616,0.3385681,0.7875323
0,1,0.5591489,0.6861336,0.118297815
0,0,0.87463754,0.3774749,0.7492751
0,1,0.53389835,0.6908472,0.06779671
1,1,0.5633538,0.6850982,0.12670755
1,0,0.6781367,0.628266,0.35627344
0,1,0.52446723,0.6919494,0.04893446
1,0,0.872347,0.3819006,0.744694
1,0,0.52270836,0.6921154,0.045416713
0,0,0.8813261,0.36427453,0.76265216
0,1,0.5459095,0.68892586,0.09181905
1,0,0.8773069,0.37225673,0.75461376
0,1,0.5591478,0.68613386,0.11829555
1,0,0.50614977,0.69307154,0.012299538
0,1,0.51833737,0.6924745,0.036674738
1,0,0.50711155,0.693046,0.014223069
0,0,0.6740123,0.6313007,0.34802458
0,0,0.8760912,0.37464133,0.75218236
1,1,0.500435,0.69314677,0.0008699894
1,1,0.55075145,0.68798685,0.101502895
0,1,0.50469387,0.69310313,0.009387732
1,0,0.851292,0.42046142,0.702584
1,0,0.67808795,0.62830234,0.35617593
1,0,0.894662,0.33665586,0.78932405
0,0,0.9069828,0.30946356,0.81396556
1,0,0.52507067,0.6918896,0.050141305
0,1,0.56335413,0.68509805,0.12670827
0,1,0.55915797,0.6861315,0.118315935
0,1,0.55075383,0.6879864,0.101507664
0,0,0.8461921,0.42925778,0.69238424
1,0,0.89159715,0.34316298,0.7831943
0,0,0.8723489,0.38189703,0.7446978
1,0,0.883095,0.36071265,0.76619005
1,0,0.685518,0.62263995,0.37103605
0,1,0.55406696,0.68728924,0.10813391
0,1,0.5446649,0.68915194,0.08932984
0,1,0.51175827,0.6928706,0.023516536
0,1,0.53246385,0.6910379,0.0649277
1,0,0.8513023,0.42044342,0.70260465
0,1,0.561468,0.68557143,0.12293601
0,1,0.5633387,0.685102,0.1266774
1,0,0.8949962,0.33594033,0.78999245
1,0,0.88191354,0.363095,0.7638271
1,0,0.9200972,0.27853197,0.84019434
1,1,0.500435,0.69314677,0.0008699894
0,0,0.87609124,0.37464124,0.7521825
1,0,0.89428484,0.33746198,0.7885697
0,1,0.5368444,0.6904297,0.073688745
0,1,0.56148916,0.6855662,0.12297833
1,1,0.5633566,0.68509746,0.12671316
1,0,0.8910237,0.3443697,0.7820474
0,1,0.5633075,0.6851099,0.12661505
0,1,0.5489128,0.6883546,0.09782565
1,0,0.91160744,0.29880297,0.8232149
1,0,0.8906784,0.34509462,0.7813568
0,1,0.50794923,0.6930208,0.015898466
0,0,0.8750593,0.37665474,0.7501186
0,0,0.850098,0.422539,0.700196
0,0,0.86915123,0.38799697,0.73830247
1,0,0.87234885,0.38189715,0.7446977
0,1,0.5471328,0.6886976,0.09426558
0,1,0.5258416,0.69181097,0.051683187
1,0,0.88672674,0.3533046,0.7734535
1,0,0.5420102,0.68961334,0.08402035
0,1,0.5046034,0.6931048,0.009206772
0,0,0.87191975,0.382721,0.7438395
1,0,0.8890103,0.34857953,0.7780206
1,0,0.53355,0.69089425,0.06710008
0,0,0.866982,0.39208385,0.73396397
1,1,0.5549603,0.68709373,0.10992062
0,0,0.8777203,0.37144268,0.7554406
0,1,0.5640305,0.6849248,0.12806106
1,1,0.56148946,0.6855661,0.122978926
0,0,0.8750589,0.37665552,0.7501178
1,0,0.52082515,0.6922796,0.041650325
0,1,0.5508173,0.68797344,0.10163462
1,0,0.88617575,0.35443693,0.7723515
0,0,0.6855198,0.6226385,0.37103966
1,0,0.8977996,0.329891,0.7955992
1,1,0.5633474,0.6850998,0.1266948
0,1,0.5572967,0.6865669,0.11459339
1,0,0.8960761,0.33362016,0.79215217
1,1,0.5633484,0.6850995,0.12669683
1,0,0.50381935,0.69311804,0.0076387227
0,1,0.52774364,0.691607,0.055487275
0,0,0.6760613,0.6298028,0.35212258
1,0,0.9010257,0.3228234,0.8020514
1,1,0.56148964,0.68556607,0.12297928
0,0,0.67729247,0.6288935,0.3545849
0,1,0.549375,0.6882634,0.098749995
0,0,0.8767002,0.37344843,0.75340044
1,1,0.54466873,0.6891513,0.08933747
1,0,0.87234885,0.38189715,0.7446977
0,0,0.8742305,0.37826478,0.748461
1,1,0.5633425,0.68510103,0.12668502
0,1,0.5689691,0.6836033,0.13793814
0,0,0.6855157,0.62264174,0.3710314
1,0,0.8740203,0.37867224,0.74804056
0,1,0.5554384,0.68698764,0.1108768
0,0,0.6571233,0.64292514,0.31424665
1,0,0.8748489,0.3770641,0.7496978
1,0,0.90532154,0.31323048,0.8106431
0,0,0.6818452,0.62547076,0.3636904
1,0,0.90791476,0.3073359,0.8158295
1,1,0.5633404,0.68510157,0.12668085
0,0,0.8729737,0.38069454,0.74594736
0,1,0.5164529,0.69260573,0.032905817
1,0,0.9093155,0.30411863,0.81863105
0,1,0.5549593,0.68709385,0.109918594
1,0,0.9163758,0.28753287,0.83275163
1,0,0.89086556,0.3447018,0.7817311
1,0,0.9129927,0.29555857,0.82598543
0,0,0.8731868,0.38028347,0.74637365
1,1,0.56338453,0.6850903,0.12676907
1,1,0.5108288,0.6929126,0.021657586
1,0,0.6760732,0.629794,0.35214636
0,0,0.67936313,0.62734854,0.35872623
0,0,0.87423193,0.378262,0.74846387
0,0,0.53092736,0.691233,0.06185472
1,0,0.6781191,0.6282791,0.35623825
1,1,0.5572855,0.6865695,0.114570975
1,1,0.50657576,0.6930607,0.013151526
1,0,0.53682625,0.69043237,0.073652536
0,0,0.5167662,0.6925849,0.03353241
0,0,0.68918,0.61975515,0.37836006
1,0,0.68184346,0.62547207,0.36368692
1,1,0.50232166,0.6931364,0.004643321
0,0,0.6814177,0.6257962,0.36283538
1,1,0.5658475,0.68445015,0.13169503
1,0,0.89622754,0.33329374,0.7924551
0,1,0.5512383,0.6878872,0.1024766
1,0,0.89462006,0.33674556,0.7892401
1,0,0.87318707,0.38028306,0.74637413
0,1,0.5632212,0.6851319,0.12644243
1,0,0.9074062,0.3084982,0.8148124
1,0,0.89376616,0.3385681,0.7875323
0,1,0.55123883,0.68788713,0.10247767
1,0,0.9263759,0.26291397,0.85275185
1,0,0.50333846,0.6931249,0.0066768825
0,0,0.878528,0.36984763,0.757056
1,1,0.500435,0.69314677,0.0008699894
1,0,0.52787435,0.6915924,0.05574867
1,0,0.8791269,0.36866096,0.7582538
0,1,0.5591518,0.6861329,0.11830366
1,0,0.53355,0.69089425,0.06710008
1,0,0.5104401,0.69292915,0.020880252
1,0,0.90368545,0.31690896,0.8073709
1,0,0.6781378,0.62826514,0.35627553
0,0,0.68183994,0.6254748,0.3636799
1,0,0.889564,0.347426,0.77912796
1,0,0.89049095,0.34548765,0.7809819
1,0,0.89898825,0.32730037,0.7979765
0,0,0.8721344,0.38230908,0.7442688
1,0,0.50381935,0.69311804,0.0076387227
0,1,0.5512954,0.6878755,0.1025908
1,1,0.5633348,0.68510294,0.12666965
0,1,0.5301478,0.6913283,0.06029558
0,1,0.55313236,0.6874904,0.10626471
1,0,0.9002179,0.32460392,0.8004358
0,1,0.5301055,0.6913334,0.060210943
1,0,0.8779238,0.37104142,0.7558476
0,1,0.5164529,0.69260573,0.032905817
0,1,0.5617943,0.6854906,0.12358856
1,0,0.5179809,0.6925004,0.035961747
1,0,0.88898104,0.3486404,0.7779621
1,0,0.88617575,0.35443693,0.7723515
1,0,0.50618684,0.69307065,0.012373656
1,0,0.67813754,0.6282654,0.35627508
0,1,0.561488,0.6855665,0.122975945
1,0,0.8890103,0.34857953,0.7780206
0,0,0.67814976,0.62825626,0.35629952
1,0,0.9267585,0.261944,0.85351706
0,1,0.55309975,0.6874974,0.1061995
1,1,0.56336147,0.6850962,0.12672293
0,1,0.5447303,0.6891402,0.08946061
0,0,0.88636905,0.35404003,0.7727381
1,0,0.88560724,0.355602,0.7712145
0,1,0.5465379,0.6888094,0.09307575
1,1,0.5549563,0.68709457,0.109912634
0,1,0.56197256,0.68544614,0.12394512
0,1,0.5610646,0.6856708,0.1221292
1,0,0.8513458,0.4203676,0.70269156
1,0,0.8513543,0.4203527,0.7027086
0,1,0.5591598,0.686131,0.11831963
1,0,0.90791476,0.3073359,0.8158295
1,0,0.5104401,0.69292915,0.020880252
1,0,0.67788094,0.6284565,0.3557619
1,0,0.50995934,0.6929488,0.01991868
1,0,0.8944806,0.3370438,0.7889612
1,0,0.889564,0.347426,0.77912796
1,0,0.8972825,0.33101326,0.79456496
0,0,0.6797868,0.62703,0.35957363
0,1,0.55964035,0.68601626,0.119280696
1,0,0.89232445,0.34162775,0.7846489
1,0,0.52270836,0.6921154,0.045416713
0,1,0.5507577,0.6879856,0.10151541
0,1,0.5591573,0.6861316,0.118314624
0,1,0.5549638,0.6870929,0.109927654
0,0,0.6834705,0.62422574,0.36694098
1,0,0.8826972,0.3615163,0.76539445
1,1,0.5404445,0.68987215,0.08088899
0,0,0.6656207,0.6372367,0.33124134
1,1,0.57083225,0.6830789,0.1416645
0,1,0.54888475,0.6883601,0.0977695
0,1,0.5188176,0.69243884,0.037635207
0,1,0.5385747,0.69016826,0.07714939
1,0,0.51184523,0.69286656,0.023690462
0,1,0.54397833,0.68927395,0.08795667
0,1,0.55498743,0.68708766,0.10997486
1,1,0.56334215,0.68510115,0.12668431
0,1,0.5535765,0.6873952,0.10715306
0,0,0.892324,0.3416288,0.78464794
1,0,0.8910237,0.3443697,0.7820474
1,1,0.56334865,0.6850995,0.1266973
1,0,0.5123259,0.6928433,0.024651736
1,1,0.56335163,0.6850987,0.12670326
0,1,0.59391344,0.6754025,0.18782687
0,1,0.5282877,0.69154596,0.056575418
0,0,0.874232,0.37826192,0.748464
1,0,0.8996715,0.32580417,0.799343
1,0,0.8850364,0.35676873,0.7700728
1,0,0.91375285,0.293768,0.8275057
1,1,0.5591548,0.6861322,0.11830962
0,0,0.86915123,0.38799697,0.73830247
1,0,0.7011888,0.6098536,0.40237758
1,0,0.89358336,0.33895728,0.7871667
1,0,0.90679526,0.3098904,0.8135905
1,0,0.90368545,0.31690896,0.8073709
0,1,0.5591536,0.68613243,0.11830723
1,0,0.91345006,0.2944821,0.8269001
1,0,0.5175005,0.6925345,0.03500101
0,0,0.8731868,0.38028347,0.74637365
0,0,0.6781449,0.6282599,0.35628974
0,1,0.5470604,0.6887113,0.09412074
1,0,0.50711155,0.693046,0.014223069
0,1,0.55309993,0.6874974,0.10619986
1,1,0.56334317,0.6851009,0.12668633
0,1,0.5451428,0.6890659,0.09028566
0,1,0.56619674,0.6843574,0.13239348
1,0,0.8826972,0.3615163,0.76539445
1,1,0.56334764,0.6850997,0.12669528
0,1,0.5446667,0.68915164,0.089333415
0,0,0.8731868,0.38028342,0.74637365
0,1,0.5549582,0.6870941,0.10991645
0,1,0.54188716,0.68963397,0.08377433
1,1,0.5633595,0.68509674,0.126719
1,1,0.559164,0.68613,0.118327975
0,0,0.88503647,0.35676864,0.77007294
0,0,0.5072316,0.69304264,0.014463216
1,0,0.889564,0.347426,0.77912796
1,0,0.6781361,0.62826645,0.35627225
1,1,0.56336135,0.68509626,0.1267227
1,1,0.5633462,0.6851001,0.12669241
1,0,0.9034147,0.3175146,0.80682945
1,0,0.87792677,0.37103552,0.75585353
0,1,0.54888886,0.68835926,0.097777724
0,0,0.8777204,0.3714424,0.75544083
1,0,0.68552685,0.6226331,0.37105367
1,1,0.5362171,0.69052154,0.07243419
1,0,0.67813486,0.6282674,0.35626972
0,1,0.563328,0.6851047,0.12665606
1,0,0.88577205,0.3552646,0.7715441
1,0,0.88152677,0.36387196,0.76305354
1,0,0.88656324,0.3536409,0.7731265
1,0,0.9066325,0.31026053,0.81326497
1,0,0.5184611,0.6924654,0.036922216
0,0,0.87000716,0.38637304,0.7400143
0,0,0.6818351,0.6254784,0.36367023
1,0,0.8844327,0.35799918,0.76886535
0,1,0.5381836,0.69022834,0.07636726
0,0,0.6756399,0.6301124,0.35127985
1,0,0.8910237,0.3443697,0.7820474
1,0,0.8962137,0.33332354,0.7924274
1,0,0.9086913,0.30555534,0.8173826
0,1,0.5446712,0.6891508,0.089342356
1,0,0.88672674,0.3533046,0.7734535
0,1,0.5592349,0.6861131,0.118469834
1,0,0.88826346,0.35013062,0.7765269
0,0,0.8731868,0.38028347,0.74637365
0,1,0.56335413,0.68509805,0.12670827
0,0,0.50763357,0.69303066,0.0152671635
1,1,0.5633443,0.68510056,0.1266886
0,1,0.5530946,0.6874985,0.10618925
0,0,0.8731868,0.38028347,0.74637365
1,0,0.8899414,0.34663782,0.7798828
1,0,0.9141959,0.29272103,0.8283918
0,1,0.5609932,0.68568826,0.12198639
0,1,0.5636568,0.6850208,0.12731361
0,1,0.5633459,0.68510014,0.12669182
1,0,0.9096079,0.3034441,0.8192158
1,0,0.5241111,0.69198406,0.048222184
1,0,0.50618684,0.69307065,0.012373656
0,1,0.55363375,0.68738294,0.1072675
1,1,0.5633431,0.6851009,0.12668622
0,1,0.5591866,0.6861246,0.118373156
1,1,0.54044586,0.6898719,0.08089173
1,1,0.56339896,0.6850866,0.12679791
1,1,0.5591487,0.6861336,0.11829746
0,0,0.6855256,0.62263405,0.3710512
0,0,0.8767002,0.37344843,0.75340044
0,1,0.5253801,0.6918583,0.05076015
0,0,0.87402,0.37867284,0.74803996
1,1,0.5633331,0.6851034,0.12666619
0,1,0.5549599,0.6870938,0.10991979
0,0,0.6760725,0.6297946,0.35214493
1,0,0.86455727,0.39660367,0.72911453
0,0,0.87402016,0.37867245,0.7480403
0,1,0.5942906,0.67525876,0.18858123
0,1,0.55497056,0.6870914,0.109941125
0,1,0.5507507,0.6879871,0.101501346
1,0,0.5146918,0.6927154,0.02938366
0,1,0.5549602,0.68709373,0.10992038
0,0,0.8740202,0.37867236,0.74804044
1,0,0.8844479,0.35796824,0.76889575
0,1,0.52586955,0.6918081,0.051739097
0,1,0.5072022,0.6930435,0.014404416
0,1,0.5535948,0.68739134,0.107189655
0,1,0.5549595,0.68709385,0.10991895
1,0,0.88053507,0.36585757,0.76107013
0,1,0.5447529,0.6891362,0.08950579
1,1,0.56334716,0.68509984,0.12669432
1,0,0.71058553,0.6016266,0.42117107
0,1,0.53631425,0.6905074,0.0726285
0,1,0.55074877,0.68798745,0.10149753
0,1,0.5310688,0.6912154,0.062137604
0,0,0.88406926,0.35873806,0.7681385
1,1,0.5591704,0.68612844,0.11834085
1,0,0.89119595,0.34400758,0.7823919
0,1,0.54140943,0.6897137,0.082818866
0,0,0.8488872,0.42463452,0.6977744
0,1,0.55309814,0.68749774,0.106196284
1,0,0.67812264,0.62827647,0.35624525
0,1,0.54654056,0.68880886,0.09308112
1,0,0.6760667,0.62979877,0.3521334
0,0,0.8823131,0.36229086,0.76462615
0,1,0.50894254,0.69298726,0.017885089
1,0,0.50995934,0.6929488,0.01991868
1,0,0.91160744,0.29880297,0.8232149
1,0,0.6781372,0.6282656,0.35627434
0,0,0.87402016,0.37867245,0.7480403
1,0,0.88656324,0.3536409,0.7731265
1,0,0.9010257,0.3228234,0.8020514
0,1,0.5507995,0.6879771,0.10159898
1,0,0.9096323,0.3033877,0.81926465
1,0,0.91103345,0.3001402,0.8220669
0,1,0.54266053,0.6895029,0.08532107
1,0,0.8955512,0.33474943,0.7911024
1,0,0.8773069,0.37225673,0.75461376
1,0,0.8948013,0.33635777,0.78960264
1,0,0.55044603,0.6880489,0.1008921
1,0,0.67607296,0.6297942,0.3521459
1,0,0.8501363,0.42247263,0.70027256
0,0,0.67189956,0.63282526,0.34379908
1,1,0.5633463,0.6851001,0.12669265
0,0,0.66983354,0.6342964,0.33966705
1,0,0.883095,0.36071265,0.76619005
1,1,0.5530905,0.6874993,0.106181026
1,0,0.9254726,0.2651955,0.85094523
1,0,0.8723478,0.38189915,0.74469554
0,0,0.9007211,0.32349575,0.80144215
1,0,0.85088027,0.42117915,0.70176053
1,1,0.50704974,0.69304776,0.014099479
0,1,0.5591566,0.6861318,0.11831319
1,0,0.50381935,0.69311804,0.0076387227
0,0,0.90504223,0.31386065,0.81008446
1,0,0.5156158,0.6926594,0.031231642
1,0,0.8844479,0.35796824,0.76889575
1,0,0.91683966,0.28642097,0.8336793
0,1,0.5423515,0.6895555,0.08470297
1,0,0.8748489,0.3770641,0.7496978
1,0,0.50381935,0.69311804,0.0076387227
0,1,0.5405808,0.68985,0.08116162
1,0,0.88656324,0.3536409,0.7731265
0,1,0.5591513,0.686133,0.11830258
1,0,0.9156357,0.28930116,0.8312714
0,0,0.67606103,0.62980294,0.3521221
1,0,0.67399466,0.6313135,0.3479893
1,0,0.8803325,0.3662619,0.76066506
1,1,0.56336194,0.685096,0.12672389
0,0,0.8815263,0.3638729,0.7630526
1,0,0.6781372,0.6282656,0.35627437
1,0,0.50381935,0.69311804,0.0076387227
1,0,0.67815894,0.6282494,0.35631788
1,0,0.91356695,0.29420662,0.8271339
1,1,0.54231614,0.6895616,0.08463228
1,0,0.50807315,0.6930169,0.016146302
1,0,0.8723488,0.3818972,0.7446976
1,1,0.5465349,0.6888099,0.09306979
1,0,0.6781477,0.6282579,0.35629538
1,0,0.91103345,0.3001402,0.8220669
0,1,0.55543923,0.6869875,0.11087847
1,0,0.92132866,0.2755123,0.8426573
1,1,0.53058136,0.6912756,0.06116271
0,1,0.55496025,0.6870937,0.1099205
1,0,0.5123259,0.6928433,0.024651736
0,0,0.8723488,0.38189724,0.7446976
0,0,0.6814198,0.62579465,0.36283958
0,0,0.696423,0.61386466,0.392846
0,1,0.554997,0.68708557,0.109994054
1,0,0.50807315,0.6930169,0.016146302
0,1,0.54188704,0.68963397,0.08377409
0,0,0.68184257,0.6254728,0.36368513
0,1,0.55075043,0.6879871,0.10150087
1,0,0.5034197,0.6931238,0.0068393946
1,1,0.5131951,0.6927989,0.026390195
1,0,0.87423193,0.3782621,0.74846387
1,0,0.91356695,0.29420662,0.8271339
0,1,0.55309385,0.6874987,0.1061877
0,1,0.5596299,0.68601876,0.119259834
1,0,0.5443603,0.68920636,0.08872056
1,1,0.5633483,0.68509954,0.12669659
1,0,0.6781336,0.6282683,0.35626724
0,1,0.55496275,0.68709314,0.10992551
1,1,0.50232166,0.6931364,0.004643321
0,1,0.563349,0.68509936,0.12669802
1,0,0.9058277,0.31208614,0.8116554
1,0,0.50807315,0.6930169,0.016146302
0,1,0.5597172,0.68599784,0.11943436
1,1,0.5633485,0.6850995,0.12669694
1,0,0.90368545,0.31690896,0.8073709
0,1,0.55032325,0.68807375,0.100646496
1,0,0.93173796,0.24912001,0.8634759
0,0,0.8971319,0.3313395,0.79426384
0,1,0.5892914,0.67711544,0.17858279
0,1,0.53905714,0.69009316,0.07811427
0,1,0.5470169,0.68871945,0.09403384
0,1,0.5353045,0.69065225,0.07060897
0,0,0.87423193,0.378262,0.74846387
1,0,0.90169674,0.3213388,0.8033935
1,1,0.55915695,0.6861316,0.11831391
1,0,0.6781314,0.6282699,0.3562628
1,0,0.87234885,0.38189715,0.7446977
1,0,0.89265096,0.34093672,0.7853019
1,0,0.8826972,0.3615163,0.76539445
0,1,0.5633424,0.68510103,0.12668478
1,0,0.87234885,0.38189715,0.7446977
0,1,0.56148505,0.68556714,0.122970104
1,0,0.5123259,0.6928433,0.024651736
1,0,0.87318724,0.38028264,0.7463745
1,0,0.8974596,0.33062917,0.79491925
0,1,0.51082855,0.69291264,0.02165711
0,1,0.5643214,0.68484974,0.1286428
0,0,0.8740202,0.37867236,0.74804044
0,1,0.5530966,0.68749803,0.106193185
1,0,0.9098017,0.30299634,0.81960344
1,0,0.88826346,0.35013062,0.7765269
1,0,0.52082515,0.6922796,0.041650325
1,1,0.5549628,0.68709314,0.10992563
0,1,0.5530962,0.68749815,0.10619235
1,0,0.8773069,0.37225673,0.75461376
0,1,0.51929605,0.69240236,0.0385921
1,0,0.8513398,0.42037797,0.70267963
0,0,0.8760912,0.37464133,0.75218236
1,0,0.88656324,0.3536409,0.7731265
1,1,0.5549616,0.6870934,0.10992324
1,1,0.55309916,0.6874975,0.10619831
1,0,0.8740203,0.37867224,0.74804056
1,0,0.5123259,0.6928433,0.024651736
1,0,0.9120952,0.2976634,0.8241904
1,1,0.51319635,0.69279885,0.026392698
1,0,0.53355,0.69089425,0.06710008
0,1,0.5236156,0.6920314,0.047231197
1,0,0.88732004,0.35208204,0.7746401
0,1,0.5512307,0.68788874,0.10246146
0,1,0.5240715,0.6919879,0.04814303
0,1,0.53483015,0.6907189,0.069660306
0,1,0.5254835,0.6918478,0.050966978
0,0,0.90373623,0.3167952,0.80747247
1,0,0.9166702,0.2868275,0.8333404
1,0,0.50381935,0.69311804,0.0076387227
1,0,0.89159715,0.34316298,0.7831943
1,1,0.5572933,0.68656766,0.11458659
0,1,0.5433195,0.68938935,0.08663905
1,1,0.5633304,0.68510413,0.12666082
0,1,0.55495846,0.6870941,0.109916925
0,1,0.53856343,0.69016993,0.07712686
1,1,0.5591628,0.6861303,0.11832559
0,1,0.545162,0.6890624,0.090324044
1,0,0.54762495,0.688604,0.09524989
1,0,0.9080631,0.30699632,0.8161262
1,0,0.6818359,0.62547785,0.36367178
1,0,0.889564,0.347426,0.77912796
0,0,0.88406867,0.35873926,0.76813734
0,1,0.5428422,0.6894717,0.08568442
1,0,0.5184611,0.6924654,0.036922216
1,0,0.5075924,0.6930319,0.01518476
0,0,0.8785276,0.36984846,0.75705516
0,0,0.8797388,0.36744505,0.7594776
1,0,0.8813267,0.36427334,0.76265335
0,0,0.8735959,0.37949345,0.7471918
0,1,0.5633477,0.6850997,0.1266954
1,0,0.90368545,0.31690896,0.8073709
0,0,0.6719052,0.6328212,0.34381044
0,1,0.5131336,0.6928022,0.02626717
1,0,0.90664506,0.31023195,0.8132901
1,1,0.5633565,0.68509746,0.12671304
0,0,0.8769071,0.37304237,0.7538142
0,1,0.54232,0.6895609,0.084640026
1,1,0.50859344,0.6929995,0.01718688
1,0,0.6891929,0.6197449,0.37838578
0,0,0.88464427,0.35756835,0.76928854
0,1,0.5633395,0.6851018,0.12667894
0,1,0.54466057,0.6891527,0.08932114
0,0,0.66771215,0.635787,0.3354243
0,1,0.55496085,0.6870936,0.109921694
1,0,0.8939487,0.33817923,0.78789735
1,1,0.5656794,0.6844946,0.13135874
1,1,0.5633479,0.6850997,0.12669575
1,1,0.5633667,0.68509483,0.12673342
0,1,0.56432116,0.68484974,0.12864232
1,0,0.87623495,0.37436008,0.7524699
1,1,0.56335217,0.6850986,0.12670434
0,0,0.6777159,0.62857914,0.35543182
1,0,0.85135376,0.42035365,0.7027075
1,1,0.5633461,0.6851001,0.12669218
1,0,0.8971324,0.3313384,0.7942648
0,0,0.8723489,0.38189703,0.7446978
0,0,0.8742318,0.37826228,0.74846363
1,0,0.90322083,0.31794792,0.80644166
0,0,0.88751227,0.35168514,0.77502453
0,1,0.55915236,0.6861328,0.11830473
1,0,0.87234885,0.38189715,0.7446977
1,0,0.8803325,0.3662619,0.76066506
0,0,0.6698017,0.63431895,0.33960342
0,1,0.5404428,0.6898724,0.08088565
1,0,0.6780891,0.6283015,0.35617816
0,0,0.87505853,0.3766562,0.75011706
1,0,0.90368545,0.31690896,0.8073709
0,0,0.8777194,0.37144446,0.7554388
1,0,0.67814505,0.6282598,0.35629007
1,0,0.90371126,0.31685114,0.8074225
1,0,0.67813504,0.62826717,0.3562701
0,1,0.5549607,0.6870936,0.109921455
0,1,0.54797864,0.68853617,0.09595728
1,1,0.5508088,0.68797517,0.101617575
0,1,0.5512339,0.68788815,0.102467775
1,1,0.5046893,0.6931032,0.009378552
0,1,0.55729836,0.6865665,0.114596725
0,1,0.55915207,0.6861328,0.11830413
0,0,0.8723488,0.38189724,0.7446976
1,0,0.8512638,0.4205106,0.70252764
1,1,0.54277766,0.6894828,0.085555315
1,0,0.50807315,0.6930169,0.016146302
0,0,0.88012916,0.36666757,0.7602583
1,1,0.56567514,0.6844958,0.13135028
1,0,0.90035063,0.32431185,0.80070126
0,1,0.5554397,0.6869874,0.11087942
0,0,0.6760937,0.6297789,0.35218737
1,0,0.91345006,0.2944821,0.8269001
0,1,0.5591569,0.6861317,0.11831379
1,1,0.5549608,0.6870936,0.109921575
0,1,0.5517266,0.6877863,0.10345316
0,1,0.5507577,0.6879856,0.10151541
0,1,0.56335074,0.6850989,0.12670147
0,1,0.5329478,0.6909745,0.06589556
1,0,0.8813267,0.36427334,0.76265335
1,1,0.55309576,0.6874982,0.106191516
1,1,0.5633428,0.6851009,0.12668562
1,0,0.8750565,0.3766602,0.750113
1,0,0.889564,0.347426,0.77912796
0,1,0.55496085,0.6870936,0.109921694
0,0,0.6714686,0.63313377,0.34293723
1,1,0.5633398,0.68510175,0.12667966
0,0,0.67814624,0.6282589,0.3562925
1,0,0.8944526,0.33710366,0.78890514
1,1,0.56335336,0.6850983,0.12670672
1,1,0.5106627,0.69291973,0.02132535
0,1,0.5535779,0.687395,0.1071558
1,1,0.5507471,0.6879878,0.10149419
0,0,0.8708583,0.3847518,0.7417166
0,0,0.8742318,0.37826228,0.74846363
1,0,0.6855196,0.6226387,0.37103915
1,0,0.8795352,0.36785007,0.7590704
0,1,0.5362992,0.6905096,0.07259846
0,1,0.5324233,0.69104314,0.064846635
1,0,0.6855216,0.62263715,0.37104324
0,1,0.5572892,0.6865687,0.11457837
0,0,0.6855291,0.6226313,0.37105826
1,0,0.8844479,0.35796824,0.76889575
1,0,0.9080755,0.3069679,0.816151
0,1,0.54092616,0.6897935,0.08185232
1,0,0.8908368,0.3447623,0.78167355
1,0,0.8826972,0.3615163,0.76539445
1,1,0.5591816,0.6861258,0.11836314
0,0,0.6781361,0.62826645,0.35627222
0,1,0.54279405,0.68948007,0.0855881
0,0,0.507668,0.6930296,0.0153360665
0,0,0.50766075,0.69302976,0.015321493
0,0,0.84888744,0.4246341,0.6977749
1,0,0.8809236,0.36508065,0.76184726
0,1,0.5446653,0.6891519,0.089330554
1,0,0.8813267,0.36427334,0.76265335
0,0,0.8813267,0.36427334,0.76265335
0,1,0.5216205,0.692212,0.043241024
1,0,0.6781405,0.6282632,0.356281
1,0,0.87129045,0.3839262,0.7425809
0,1,0.5615386,0.68555397,0.123077154
0,0,0.67804873,0.62833154,0.35609743
1,1,0.54653203,0.68881047,0.09306407
1,0,0.90808785,0.30693963,0.8161757
0,1,0.5591605,0.6861309,0.11832094
1,0,0.8513499,0.4203604,0.7026998
0,0,0.8779265,0.37103596,0.75585306
1,0,0.6781554,0.628252,0.3563108
1,0,0.8928635,0.34048626,0.785727
1,0,0.88171303,0.36349797,0.76342607
1,0,0.6760694,0.6297968,0.3521388
1,0,0.8769051,0.37304637,0.75381017
1,1,0.53385603,0.690853,0.06771207
1,0,0.50711155,0.693046,0.014223069
1,0,0.6818473,0.6254692,0.36369455
0,1,0.5507577,0.6879856,0.10151541
1,0,0.67611,0.62976694,0.35222006
1,1,0.500435,0.69314677,0.0008699894
1,1,0.5559161,0.6868808,0.11183214
1,0,0.87234867,0.38189748,0.74469733
0,1,0.5174137,0.6925406,0.03482735
0,1,0.5605969,0.6857851,0.12119377
1,0,0.9128516,0.2958902,0.82570314
1,0,0.90435314,0.31541148,0.8087063
1,1,0.56334364,0.68510073,0.12668729
1,0,0.89902866,0.32721204,0.7980573
0,0,0.8513013,0.4204452,0.7026026
1,1,0.56568,0.6844945,0.13136005
1,0,0.8813267,0.36427334,0.76265335
1,0,0.8948013,0.33635777,0.78960264
0,1,0.5079492,0.6930208,0.015898347
1,0,0.67813456,0.6282676,0.35626915
1,0,0.8921395,0.34201872,0.784279
0,0,0.87107456,0.38433895,0.7421491
1,1,0.5683154,0.6837839,0.13663077
1,0,0.5123259,0.6928433,0.024651736
1,0,0.9034147,0.3175146,0.80682945
1,0,0.8533173,0.41691142,0.70663464
1,0,0.53259236,0.69102114,0.06518471
0,1,0.55128103,0.6878785,0.10256207
1,0,0.50614977,0.69307154,0.012299538
1,0,0.88656324,0.3536409,0.7731265
0,1,0.5633212,0.68510646,0.12664235
0,0,0.86957145,0.3872006,0.7391429
1,0,0.8944806,0.3370438,0.7889612
1,0,0.8962137,0.33332354,0.7924274
1,0,0.5104401,0.69292915,0.020880252
1,1,0.56334966,0.6850992,0.12669933
0,1,0.50894254,0.69298726,0.017885089
1,0,0.53259236,0.69102114,0.06518471
1,0,0.8853972,0.35603175,0.7707944
1,0,0.53730464,0.6903613,0.07460925
1,0,0.8773069,0.37225673,0.75461376
1,1,0.5046756,0.69310343,0.0093512535
1,0,0.91345006,0.2944821,0.8269001
0,1,0.5385746,0.6901682,0.07714915
0,1,0.5591513,0.686133,0.11830258
1,1,0.56335235,0.6850985,0.1267047
0,1,0.55729675,0.6865669,0.114593506
1,0,0.8977996,0.329891,0.7955992
0,0,0.8750575,0.3766582,0.75011504
0,0,0.8729737,0.38069454,0.74594736
0,0,0.51331913,0.6927923,0.0266383
1,0,0.5104401,0.69292915,0.020880252
1,0,0.889564,0.347426,0.77912796
0,1,0.5465348,0.68880993,0.09306955
1,1,0.54653513,0.6888099,0.09307027
1,0,0.6781415,0.6282624,0.35628298
0,1,0.55357623,0.68739533,0.10715246
1,1,0.5041025,0.69311357,0.008205056
1,0,0.8723489,0.38189697,0.7446978
1,1,0.5633574,0.6850972,0.12671483
0,1,0.55319816,0.6874764,0.10639632
1,0,0.6781384,0.6282647,0.35627678
1,0,0.9069827,0.30946365,0.81396544
1,0,0.50381935,0.69311804,0.0076387227
1,0,0.894662,0.33665586,0.78932405
1,0,0.89100933,0.3443999,0.78201866
0,1,0.5512334,0.68788826,0.10246682
0,1,0.56334573,0.6851002,0.12669146
0,0,0.87772024,0.37144276,0.7554405
0,0,0.67978567,0.6270309,0.35957134
0,1,0.5507808,0.6879809,0.10156155
1,0,0.8803325,0.3662619,0.76066506
0,1,0.55309886,0.68749756,0.106197715
1,0,0.5184611,0.6924654,0.036922216
0,0,0.87191975,0.382721,0.7438395
1,0,0.8803325,0.3662619,0.76066506
1,0,0.50995934,0.6929488,0.01991868
0,0,0.87129045,0.38392627,0.7425809
1,1,0.5592128,0.68611836,0.11842561
1,1,0.5549672,0.6870921,0.10993445
0,0,0.876908,0.37304065,0.753816
1,0,0.91160744,0.29880297,0.8232149
0,0,0.87609106,0.3746416,0.7521821
0,1,0.5633443,0.68510056,0.1266886
0,1,0.5489082,0.6883555,0.09781635
0,0,0.53092736,0.691233,0.06185472
0,1,0.54188704,0.68963397,0.08377409
0,0,0.6855226,0.6226363,0.37104523
0,1,0.5447314,0.68914,0.08946276
1,1,0.5277432,0.691607,0.05548644
0,1,0.5027197,0.6931324,0.0054394007
0,1,0.5512756,0.68787956,0.10255122
0,1,0.51082855,0.69291264,0.02165711
0,1,0.5596366,0.68601716,0.119273186
1,1,0.50232166,0.6931364,0.004643321
0,0,0.6851124,0.6229557,0.37022483
1,0,0.88767457,0.35134977,0.77534914
0,1,0.5634025,0.6850858,0.12680495
0,1,0.51526886,0.69268084,0.030537724
0,0,0.6818352,0.6254784,0.36367032
1,1,0.5656717,0.68449664,0.13134336
0,1,0.55915636,0.68613183,0.11831272
1,0,0.6781485,0.62825716,0.35629705
0,1,0.5591637,0.68613005,0.11832738
1,0,0.8803325,0.3662619,0.76066506
1,0,0.889564,0.347426,0.77912796
1,0,0.90368545,0.31690896,0.8073709
0,0,0.8702237,0.38596126,0.7404474
1,0,0.91133285,0.29944324,0.8226657
0,0,0.88406926,0.35873806,0.7681385
1,0,0.8821137,0.3626923,0.7642274
1,0,0.88053507,0.36585757,0.76107013
1,0,0.8813267,0.36427334,0.76265335
0,0,0.8697895,0.38678673,0.73957896
1,1,0.5296288,0.6913904,0.059257627
1,0,0.90918124,0.30442807,0.8183625
1,0,0.88934565,0.34788123,0.7786913
1,0,0.88826346,0.35013062,0.7765269
0,0,0.8863692,0.35403964,0.77273846
0,1,0.5343845,0.69078076,0.06876898
1,0,0.8976229,0.33027482,0.79524577
1,0,0.8944806,0.3370438,0.7889612
1,0,0.90371126,0.31685114,0.8074225
1,0,0.88560724,0.355602,0.7712145
0,1,0.5319813,0.6911002,0.06396258
0,0,0.87234896,0.38189694,0.7446979
1,1,0.5258627,0.6918088,0.051725388
0,0,0.8662804,0.39339685,0.73256075
1,0,0.8748489,0.3770641,0.7496978
1,1,0.54466796,0.6891514,0.08933592
0,0,0.8746376,0.37747478,0.7492752
0,1,0.5555058,0.6869726,0.111011624
1,0,0.67813647,0.6282662,0.35627294
0,0,0.87973887,0.36744493,0.75947773
0,0,0.6871474,0.6213641,0.3742948
1,0,0.90791476,0.3073359,0.8158295
1,1,0.55509,0.687065,0.11018002
0,1,0.55778813,0.6864533,0.11557627
0,1,0.557797,0.6864512,0.11559403
1,0,0.8848405,0.35716844,0.769681
1,0,0.6781228,0.62827635,0.35624564
0,0,0.6739912,0.63131607,0.34798238
1,0,0.5241111,0.69198406,0.048222184
1,0,0.87234885,0.38189715,0.7446977
0,1,0.5296226,0.6913911,0.05924523
1,0,0.88805765,0.35055712,0.7761153
0,1,0.5423309,0.6895591,0.08466184
1,0,0.50381935,0.69311804,0.0076387227
0,1,0.5633309,0.685104,0.12666178
0,0,0.6493844,0.6478269,0.29876876
0,1,0.5386327,0.6901592,0.07726538
1,0,0.9064947,0.3105737,0.81298935
1,0,0.92388546,0.2691756,0.8477709
1,0,0.50381935,0.69311804,0.0076387227
0,1,0.5074659,0.6930357,0.014931798
1,0,0.8803325,0.3662619,0.76066506
1,1,0.5083014,0.6930094,0.016602755
0,1,0.5619792,0.68544453,0.12395835
1,1,0.53010607,0.69133335,0.060212135
1,0,0.9224158,0.27282917,0.8448316
1,1,0.56360686,0.68503356,0.12721372
1,0,0.91100943,0.30019614,0.82201886
1,0,0.53730464,0.6903613,0.07460925
0,0,0.8721344,0.38230908,0.7442688
1,0,0.8844479,0.35796824,0.76889575
1,0,0.87380826,0.37908268,0.7476165
1,1,0.56334716,0.68509984,0.12669432
1,1,0.56335336,0.6850983,0.12670672
1,0,0.50618684,0.69307065,0.012373656
1,0,0.89462006,0.33674556,0.7892401
1,0,0.50995934,0.6929488,0.01991868
0,1,0.5638321,0.6849758,0.12766421
0,0,0.68538815,0.6227411,0.3707763
0,1,0.5601118,0.68590283,0.12022364
1,0,0.88732004,0.35208204,0.7746401
0,1,0.59843266,0.67364204,0.19686532
1,0,0.87234885,0.38189715,0.7446977
1,1,0.56335217,0.6850986,0.12670434
1,1,0.56334823,0.6850996,0.12669647
1,0,0.91910154,0.2809583,0.8382031
1,0,0.6812624,0.6259143,0.36252472
1,1,0.5046893,0.6931032,0.009378552
0,0,0.89519083,0.3355231,0.79038167
0,0,0.6605237,0.6406875,0.32104743
0,1,0.5591522,0.6861328,0.11830437
1,1,0.5569402,0.6866487,0.113880396
1,1,0.5507392,0.68798935,0.10147846
1,0,0.942524,0.2199654,0.88504803
1,0,0.8976093,0.33030435,0.7952186
0,1,0.5371813,0.69037974,0.074362636
0,0,0.84644544,0.42882556,0.6928909
0,1,0.55074793,0.68798757,0.10149586
0,0,0.507668,0.6930296,0.0153360665
0,0,0.90056217,0.32384598,0.80112433
0,1,0.5423765,0.68955135,0.08475304
0,1,0.5446725,0.6891506,0.08934498
0,0,0.671902,0.63282347,0.343804
1,0,0.8512964,0.42045367,0.70259285
1,0,0.8880724,0.35052657,0.77614474
0,0,0.6855211,0.6226375,0.37104225
0,1,0.557801,0.68645024,0.11560202
0,1,0.5404777,0.6898667,0.080955386
1,0,0.894662,0.33665586,0.78932405
0,1,0.5572936,0.68656766,0.11458719
1,0,0.902897,0.31867063,0.805794
0,1,0.5619891,0.6854421,0.12397826
0,0,0.91210634,0.29763725,0.8242127
0,1,0.55729824,0.6865666,0.114596486
1,0,0.91208327,0.2976912,0.82416654
0,1,0.5517097,0.6877898,0.10341942
1,0,0.8740203,0.37867224,0.74804056
0,0,0.8708583,0.3847518,0.7417166
0,0,0.6698086,0.63431406,0.33961725
0,1,0.5329829,0.6909698,0.06596577
0,0,0.8787333,0.36944124,0.75746655
0,0,0.68918097,0.61975443,0.3783619
1,0,0.9163979,0.28747988,0.83279586
1,0,0.6781393,0.628264,0.3562787
1,0,0.87234885,0.38189715,0.7446977
0,0,0.88053405,0.36585957,0.7610681
0,1,0.5385675,0.69016933,0.07713497
1,0,0.53259236,0.69102114,0.06518471
0,1,0.5572997,0.68656623,0.11459935
1,0,0.6760727,0.62979436,0.3521454
1,0,0.5061497,0.6930715,0.012299418
1,1,0.55914557,0.68613434,0.11829114
1,0,0.5293125,0.6914277,0.058624983
1,0,0.6779506,0.6284046,0.35590124
0,1,0.5614989,0.6855638,0.12299776
1,1,0.56349075,0.6850632,0.1269815
0,1,0.554957,0.68709445,0.109913945
1,0,0.8803325,0.3662619,0.76066506
1,0,0.52270836,0.6921154,0.045416713
1,0,0.9002312,0.3245747,0.80046237
0,0,0.9127095,0.29622385,0.82541895
1,0,0.8821137,0.3626923,0.7642274
1,0,0.52787435,0.6915924,0.05574867
1,1,0.56334937,0.68509924,0.12669873
0,1,0.5512662,0.68788147,0.10253239
1,1,0.5046893,0.6931032,0.009378552
1,0,0.9162397,0.2878587,0.83247936
1,0,0.909169,0.30445623,0.81833804
1,0,0.6781317,0.6282697,0.3562634
1,0,0.909169,0.30445623,0.81833804
0,0,0.8731868,0.38028347,0.74637365
0,0,0.85226405,0.4187617,0.7045281
1,0,0.88053507,0.36585757,0.76107013
0,1,0.5549508,0.68709576,0.10990155
0,0,0.8740203,0.37867224,0.74804056
1,0,0.90756774,0.30812937,0.8151355
1,1,0.56375045,0.6849968,0.12750089
1,0,0.88617575,0.35443693,0.7723515
0,1,0.5433196,0.68938935,0.086639166
1,1,0.50929254,0.69297445,0.018585086
0,0,0.8863695,0.35403904,0.77273905
1,0,0.9149244,0.29099408,0.82984877
1,0,0.89086556,0.3447018,0.7817311
0,0,0.6718991,0.63282555,0.34379816
0,0,0.6781405,0.6282632,0.356281
0,1,0.5385955,0.690165,0.077190995
1,0,0.50381935,0.69311804,0.0076387227
1,0,0.6781362,0.62826633,0.3562725
1,1,0.5507574,0.68798566,0.10151482
1,0,0.5080732,0.6930168,0.016146421
1,0,0.8939487,0.33817923,0.78789735
1,1,0.5591397,0.68613577,0.11827946
1,0,0.8779267,0.37103564,0.7558534
1,0,0.8821137,0.3626923,0.7642274
1,0,0.8781169,0.37066022,0.7562338
0,0,0.8723488,0.38189724,0.7446976
0,0,0.6834762,0.6242214,0.36695245
1,0,0.8976093,0.33030435,0.7952186
1,0,0.8917687,0.3428014,0.7835374
1,0,0.91405654,0.29305062,0.8281131
1,0,0.68714726,0.62136424,0.37429452
0,1,0.5549552,0.6870948,0.10991037
1,0,0.8852019,0.3564309,0.77040374
1,0,0.8813267,0.36427334,0.76265335
0,0,0.91375303,0.29376754,0.82750607
0,1,0.55075204,0.68798673,0.10150409
0,1,0.55496323,0.687093,0.10992646
1,0,0.678025,0.6283492,0.35605
0,1,0.55736536,0.6865511,0.114730716
1,0,0.9107211,0.30086622,0.82144225
0,0,0.8880719,0.35052764,0.7761438
1,0,0.9096079,0.3034441,0.8192158
1,0,0.87690806,0.3730405,0.7538161
1,0,0.8489007,0.42461127,0.69780135
1,0,0.90371126,0.31685114,0.8074225
0,0,0.6810007,0.6261128,0.3620014
1,0,0.67812836,0.6282722,0.35625672
0,1,0.5405446,0.6898558,0.08108926
1,0,0.90368545,0.31690896,0.8073709
1,0,0.8901297,0.34624413,0.7802594
0,1,0.54188704,0.68963397,0.08377409
1,0,0.8990151,0.32724154,0.79803026
1,0,0.5494939,0.6882398,0.09898779
0,1,0.5258644,0.6918087,0.051728845
1,0,0.6781405,0.6282631,0.35628104
0,1,0.5405076,0.68986183,0.08101523
1,0,0.50995934,0.6929488,0.01991868
0,0,0.68551564,0.6226418,0.3710313
1,1,0.50705665,0.6930476,0.014113307
1,0,0.90791476,0.3073359,0.8158295
0,1,0.5192886,0.6924029,0.0385772
1,0,0.92740875,0.26029065,0.8548175
1,1,0.5633488,0.68509936,0.12669766
0,0,0.67813194,0.62826955,0.3562639
0,1,0.6030014,0.67177594,0.20600283
0,0,0.85009813,0.42253885,0.70019627
1,0,0.9094496,0.30380943,0.81889915
1,0,0.9126866,0.29627758,0.8253732
0,0,0.6760633,0.6298013,0.35212657
0,1,0.55319786,0.6874764,0.10639572
1,1,0.5465402,0.6888089,0.0930804
1,0,0.8501232,0.42249528,0.70024645
1,0,0.6781759,0.6282368,0.35635185
0,1,0.55915755,0.6861315,0.1183151
1,0,0.889564,0.347426,0.77912796
0,1,0.5596399,0.68601644,0.11927974
1,0,0.50570595,0.6930821,0.011411905
1,0,0.8838719,0.35913885,0.7677438
0,1,0.5633514,0.68509877,0.12670279
1,0,0.8844327,0.35799918,0.76886535
0,0,0.85556793,0.4129281,0.71113586
1,0,0.91240317,0.2969422,0.82480633
0,0,0.8828957,0.36111552,0.7657914
0,0,0.6739923,0.63131523,0.34798452
0,0,0.8935832,0.3389576,0.78716636
1,0,0.9103836,0.30164945,0.82076716
0,1,0.56663,0.6842416,0.13326001
1,0,0.90368545,0.31690896,0.8073709
0,0,0.88406926,0.35873812,0.7681385
1,1,0.5362169,0.69052154,0.07243383
1,1,0.5633524,0.6850985,0.12670481
0,1,0.5596398,0.68601644,0.11927962
1,1,0.5488858,0.68835986,0.097771645
1,0,0.9156357,0.28930116,0.8312714
0,0,0.8846438,0.3575693,0.7692876
1,0,0.8809236,0.36508065,0.76184726
1,0,0.90169674,0.3213388,0.8033935
0,0,0.883872,0.35913873,0.76774395
1,0,0.8773069,0.37225673,0.75461376
1,0,0.8803325,0.3662619,0.76066506
0,1,0.55495834,0.68709415,0.10991669
1,1,0.56334805,0.6850996,0.12669611
0,1,0.5386658,0.6901541,0.07733154
0,0,0.5024072,0.6931356,0.004814416
1,0,0.8797232,0.3674761,0.7594464
0,0,0.5124435,0.6928375,0.024886966
0,0,0.67814744,0.628258,0.35629484
0,0,0.67978907,0.62702835,0.3595781
1,0,0.88672674,0.3533046,0.7734535
1,0,0.8978132,0.3298615,0.7956264
1,0,0.8488916,0.4246269,0.69778323
1,0,0.87380826,0.37908268,0.7476165
0,0,0.87609106,0.3746416,0.7521821
0,1,0.54890734,0.6883557,0.09781468
0,0,0.67771465,0.6285801,0.3554293
0,0,0.68184125,0.6254738,0.36368248
1,0,0.91682833,0.28644812,0.83365667
1,0,0.90871584,0.30549884,0.8174317
1,0,0.5019327,0.6931397,0.0038653612
0,1,0.56151974,0.68555856,0.123039484
0,0,0.8729736,0.38069463,0.74594724
0,1,0.5390764,0.6900901,0.078152776
0,1,0.54289496,0.68946266,0.08578992
1,0,0.90236366,0.3198582,0.8047273
0,1,0.5507553,0.68798614,0.101510644
0,0,0.6818427,0.62547266,0.36368537
1,0,0.8921252,0.3420489,0.7842504
0,1,0.56381506,0.68498015,0.12763011
0,1,0.54092634,0.68979347,0.081852674
0,1,0.55081856,0.68797326,0.101637125
1,1,0.5591575,0.68613154,0.11831498
1,0,0.52883315,0.6914835,0.057666272
1,1,0.58418304,0.67890584,0.16836607
1,0,0.6818555,0.6254629,0.363711
0,0,0.67148554,0.6331216,0.3429711
1,0,0.9120951,0.29766345,0.82419026
0,1,0.5306266,0.69127005,0.06125319
1,1,0.51082873,0.69291264,0.021657467
1,0,0.5541783,0.68726504,0.108356595
0,1,0.5512406,0.6878867,0.102481246
0,0,0.8767002,0.37344843,0.75340044
1,0,0.8906784,0.34509462,0.7813568
1,0,0.9042123,0.3157278,0.8084246
0,0,0.8797389,0.36744484,0.75947785
1,0,0.88732004,0.35208204,0.7746401
0,1,0.5409267,0.6897934,0.08185339
0,1,0.55915266,0.68613267,0.118305326
1,0,0.8880724,0.35052657,0.77614474
0,0,0.8764921,0.37385648,0.75298417
1,0,0.88112533,0.36467686,0.76225066
0,1,0.5572969,0.6865668,0.114593744
0,0,0.8760911,0.37464154,0.75218225
1,0,0.8769081,0.37304044,0.75381625
1,0,0.89159715,0.34316298,0.7831943
0,1,0.54054475,0.6898558,0.0810895
1,0,0.8826972,0.3615163,0.76539445
0,1,0.51602644,0.6926334,0.032052875
0,1,0.56149054,0.6855658,0.12298107
1,0,0.91356695,0.29420662,0.8271339
1,0,0.5075924,0.6930319,0.01518476
0,1,0.55930746,0.68609583,0.11861491
1,0,0.8754633,0.37586766,0.7509266
0,0,0.87898606,0.36894035,0.7579721
1,1,0.5591581,0.6861314,0.11831617
0,1,0.52021617,0.6923296,0.040432334
1,1,0.5530954,0.68749833,0.1061908
0,0,0.8721344,0.38230908,0.7442688
0,0,0.6855153,0.62264204,0.37103054
0,1,0.5437627,0.6893119,0.08752537
1,0,0.6778345,0.628491,0.355669
0,1,0.5320062,0.691097,0.06401241
1,0,0.8760912,0.37464133,0.75218236
0,1,0.55965716,0.68601227,0.11931431
0,1,0.55913657,0.6861365,0.11827314
0,0,0.87609106,0.3746416,0.7521821
0,0,0.65712065,0.64292693,0.3142413
0,1,0.54517835,0.6890595,0.09035671
1,0,0.6760706,0.6297959,0.3521411
1,0,0.9128516,0.2958902,0.82570314
1,0,0.8813267,0.36427334,0.76265335
1,0,0.8983008,0.32880047,0.79660165
1,0,0.8813267,0.36427334,0.76265335
1,0,0.6818385,0.6254759,0.363677
0,1,0.5961387,0.67454624,0.19227743
1,0,0.9077538,0.30770406,0.81550765
0,0,0.5167662,0.6925849,0.03353241
1,1,0.5277477,0.6916065,0.05549538
1,0,0.8777204,0.3714424,0.75544083
1,0,0.90883845,0.30521703,0.8176769
1,0,0.9281722,0.25834152,0.85634434
0,0,0.8742319,0.3782622,0.74846375
0,0,0.87792665,0.37103575,0.7558533
1,0,0.50995934,0.6929488,0.01991868
0,0,0.6698078,0.63431466,0.3396156
1,0,0.8971324,0.3313384,0.7942648
1,1,0.56567514,0.6844958,0.13135028
0,0,0.68511033,0.6229572,0.37022063
0,0,0.6797862,0.6270305,0.35957238
0,1,0.54232275,0.6895604,0.08464551
0,1,0.5428234,0.68947494,0.08564675
1,0,0.91463596,0.29167858,0.8292719
1,0,0.8964063,0.33290815,0.7928126
1,1,0.5633604,0.6850965,0.12672079
0,1,0.540479,0.6898665,0.08095801
0,1,0.5416285,0.6896773,0.08325696
1,0,0.87234837,0.38189808,0.74469674
1,1,0.5591687,0.68612885,0.11833739
0,1,0.5305949,0.6912739,0.06118977
1,0,0.5330713,0.69095814,0.06614256
0,0,0.8702246,0.38595954,0.7404492
1,0,0.8976229,0.33027482,0.79524577
1,0,0.89428484,0.33746198,0.7885697
1,0,0.8773069,0.37225673,0.75461376
0,0,0.87129045,0.38392627,0.7425809
1,1,0.5633533,0.6850983,0.1267066
0,1,0.52161723,0.6922123,0.043234468
0,1,0.55494916,0.6870961,0.10989833
1,0,0.5123259,0.6928433,0.024651736
1,0,0.8820983,0.36272332,0.76419663
0,0,0.68184596,0.62547016,0.36369193
1,0,0.9066325,0.31026053,0.81326497
1,0,0.90435314,0.31541148,0.8087063
1,0,0.8767003,0.37344825,0.75340056
1,0,0.87297374,0.3806944,0.7459475
1,1,0.50232166,0.6931364,0.004643321
1,0,0.5457546,0.68895435,0.09150922
1,1,0.5089429,0.6929872,0.017885804
0,0,0.67398465,0.63132083,0.34796926
1,0,0.88656324,0.3536409,0.7731265
1,1,0.5089319,0.69298756,0.01786375
1,0,0.9130045,0.29553086,0.82600904
1,0,0.67800057,0.6283674,0.35600117
0,0,0.6719022,0.63282335,0.34380436
0,0,0.6781544,0.62825274,0.35630882
0,0,0.8777205,0.37144232,0.75544095
0,1,0.5503235,0.6880737,0.10064697
0,1,0.5531419,0.6874884,0.106283784
0,1,0.56335366,0.6850982,0.12670732
1,0,0.5330713,0.69095814,0.06614256
1,0,0.9066325,0.31026053,0.81326497
0,1,0.51082855,0.69291264,0.02165711
1,1,0.5656683,0.6844976,0.13133657
1,1,0.5549556,0.6870947,0.1099112
0,1,0.5338534,0.69085336,0.06770682
0,0,0.8882634,0.35013077,0.7765268
0,1,0.55729693,0.6865668,0.11459386
0,1,0.5488808,0.68836087,0.09776163
0,0,0.85438627,0.41502458,0.70877254
1,0,0.88901025,0.34857965,0.7780205
0,1,0.51833224,0.69247484,0.036664486
1,0,0.9163758,0.28753287,0.83275163
0,1,0.5614991,0.6855637,0.12299824
0,1,0.54376,0.6893124,0.08752
1,0,0.69267815,0.6169411,0.3853563
1,0,0.90368545,0.31690896,0.8073709
1,1,0.538093,0.6902422,0.07618594
0,1,0.54750776,0.6886264,0.095015526
0,1,0.5662378,0.68434644,0.13247561
0,1,0.55729717,0.6865668,0.11459434
0,1,0.5391422,0.6900798,0.07828438
1,0,0.6817962,0.6255081,0.3635924
1,1,0.5572936,0.68656766,0.11458719
1,0,0.8821137,0.3626923,0.7642274
0,1,0.55405766,0.68729126,0.108115315
0,1,0.5594589,0.6860597,0.11891782
0,0,0.66771257,0.6357868,0.3354251
0,0,0.8760911,0.37464154,0.75218225
1,1,0.50091594,0.6931455,0.0018318892
1,0,0.5241111,0.69198406,0.048222184
0,1,0.5591555,0.686132,0.11831105
1,0,0.8838719,0.35913885,0.7677438
0,1,0.54328173,0.6893959,0.08656347
0,0,0.8850363,0.35676894,0.7700726
0,1,0.5446674,0.6891515,0.089334846
0,1,0.5643191,0.68485034,0.12863815
1,0,0.90103894,0.32279417,0.8020779
1,1,0.5633482,0.6850996,0.12669635
1,0,0.54105484,0.68977237,0.08210972
1,0,0.5175005,0.6925345,0.03500101
0,0,0.9037366,0.3167944,0.8074732
1,0,0.67806983,0.6283158,0.35613966
1,0,0.9178271,0.28404444,0.83565426
0,1,0.51082855,0.69291264,0.02165711
1,0,0.9162397,0.2878587,0.83247936
1,1,0.55075073,0.687987,0.101501465
0,0,0.6781409,0.6282629,0.3562818
1,0,0.6776843,0.6286027,0.35536858
0,0,0.87191975,0.382721,0.7438395
0,1,0.5319844,0.69109976,0.06396878
0,1,0.55496913,0.6870917,0.109938264
1,0,0.87234885,0.38189715,0.7446977
1,0,0.9081989,0.30668527,0.8163978
0,0,0.8865621,0.35364324,0.7731242
1,1,0.50091594,0.6931455,0.0018318892
1,0,0.67785597,0.62847495,0.35571194
0,0,0.6834707,0.6242256,0.36694142
0,1,0.5633069,0.6851101,0.12661386
1,0,0.8803325,0.3662619,0.76066506
1,1,0.56568146,0.6844941,0.13136292
0,0,0.8760912,0.37464133,0.75218236
1,1,0.5633492,0.68509936,0.12669837
1,0,0.90597904,0.31174344,0.8119581
0,0,0.876908,0.37304065,0.753816
1,0,0.5457546,0.68895435,0.09150922
0,1,0.5465549,0.6888062,0.093109846
1,0,0.8995245,0.32612646,0.799049
1,0,0.8803325,0.3662619,0.76066506
1,0,0.8803325,0.3662619,0.76066506
1,1,0.563345,0.6851004,0.12669003
0,1,0.54653907,0.68880916,0.09307814
1,0,0.9137421,0.29379335,0.82748425
1,1,0.5549501,0.6870959,0.109900236
0,1,0.55919415,0.6861228,0.118388295
0,1,0.55914533,0.68613446,0.11829066
0,0,0.68185365,0.6254643,0.3637073
0,1,0.5633364,0.6851026,0.12667274
1,1,0.55075055,0.6879871,0.10150111
1,0,0.88732004,0.35208204,0.7746401
0,0,0.6797775,0.62703705,0.35955504
1,0,0.68551093,0.6226455,0.37102187
0,0,0.67606103,0.62980294,0.3521221
1,0,0.90532154,0.31323048,0.8106431
1,0,0.89358336,0.33895728,0.7871667
1,1,0.5656786,0.68449485,0.1313572
1,0,0.89192563,0.34247032,0.78385127
0,1,0.5614751,0.68556964,0.122950196
0,1,0.5614894,0.6855661,0.12297881
0,1,0.5174137,0.6925406,0.03482735
0,0,0.8990285,0.3272124,0.79805696
0,1,0.5395351,0.6900179,0.07907021
0,1,0.5508119,0.6879746,0.10162377
1,0,0.87892234,0.36906666,0.7578447
0,0,0.67978764,0.6270294,0.35957527
0,0,0.9142068,0.29269522,0.8284136
0,1,0.5587309,0.68623257,0.1174618
0,0,0.6698098,0.6343132,0.33961964
1,0,0.89046204,0.34554824,0.7809241
0,1,0.55309993,0.6874974,0.10619986
0,1,0.563339,0.6851019,0.12667799
1,0,0.91345006,0.2944821,0.8269001
0,1,0.55496264,0.68709314,0.10992527
0,1,0.51082855,0.69291264,0.02165711
0,1,0.55499196,0.6870867,0.10998392
1,1,0.5633681,0.6850945,0.12673616
1,0,0.50618684,0.69307065,0.012373656
1,0,0.6781362,0.62826633,0.3562725
1,1,0.5549577,0.68709433,0.109915376
1,0,0.50098217,0.6931453,0.0019643605
0,0,0.8742318,0.37826228,0.74846363
1,0,0.52270836,0.6921154,0.045416713
1,0,0.67813945,0.62826395,0.3562789
1,1,0.5549635,0.687093,0.10992706
1,0,0.87792575,0.3710375,0.7558515
1,0,0.89119595,0.34400758,0.7823919
1,0,0.8848405,0.35716844,0.769681
1,0,0.5089978,0.69298524,0.017995566
0,0,0.886756,0.3532444,0.773512
1,1,0.55917066,0.6861284,0.11834133
1,1,0.5633436,0.68510073,0.12668717
0,1,0.54331017,0.68939096,0.08662033
0,0,0.67815185,0.6282547,0.35630366
1,0,0.67813325,0.6282686,0.35626647
0,1,0.5465983,0.68879807,0.09319663
1,0,0.6781324,0.6282692,0.35626483
0,1,0.51082855,0.69291264,0.02165711
0,0,0.85010135,0.4225332,0.7002027
0,0,0.6781399,0.6282636,0.35627988
0,1,0.55080825,0.6879753,0.1016165
0,0,0.5076306,0.6930307,0.015261173
1,0,0.8723464,0.38190183,0.7446928
1,1,0.553092,0.68749905,0.106184006
1,0,0.50098217,0.6931453,0.0019643605
0,0,0.679777,0.6270374,0.35955405
1,0,0.8748489,0.3770641,0.7496978
1,1,0.53621614,0.69052166,0.07243228
0,1,0.55914927,0.6861335,0.11829853
0,0,0.90504223,0.31386065,0.81008446
0,1,0.55310684,0.6874958,0.10621369
1,0,0.9128516,0.2958902,0.82570314
0,1,0.54653305,0.6888102,0.0930661
0,0,0.8750593,0.37665474,0.7501186
0,1,0.54891723,0.6883537,0.09783447
1,1,0.55967635,0.6860076,0.1193527
0,1,0.551711,0.68778956,0.103422046
1,1,0.5507438,0.6879884,0.10148764
1,0,0.6739896,0.6313172,0.3479792
0,1,0.5367399,0.69044507,0.07347977
1,1,0.55498314,0.6870886,0.10996628
0,0,0.84520715,0.43093348,0.6904143
0,1,0.55074966,0.6879872,0.10149932
1,0,0.8890103,0.34857953,0.7780206
0,1,0.5475021,0.6886275,0.0950042
1,1,0.5633479,0.6850997,0.12669575
0,1,0.5488822,0.68836063,0.09776437
0,1,0.55915743,0.6861316,0.11831486
0,0,0.6855222,0.6226367,0.37104437
0,0,0.84767205,0.426726,0.6953441
0,1,0.5046034,0.6931048,0.009206772
0,1,0.5428002,0.689479,0.085600376
1,1,0.56798494,0.6838746,0.13596988
1,0,0.904545,0.3149802,0.80909
0,1,0.55496186,0.6870933,0.10992372
1,1,0.54654056,0.68880886,0.09308112
1,0,0.9080631,0.30699632,0.8161262
1,0,0.88826346,0.35013062,0.7765269
1,0,0.87234885,0.38189715,0.7446977
1,0,0.9019065,0.32087368,0.803813
0,0,0.88503647,0.35676864,0.77007294
1,0,0.91524637,0.29022855,0.83049273
0,1,0.52824837,0.6915504,0.05649674
0,1,0.53154796,0.6911553,0.06309593
1,0,0.88732004,0.35208204,0.7746401
1,0,0.9063189,0.3109728,0.8126378
1,0,0.89265096,0.34093672,0.7853019
0,1,0.54654354,0.6888083,0.09308708
1,0,0.9113441,0.29941696,0.8226882
1,1,0.56357414,0.6850419,0.12714827
1,0,0.8773069,0.37225673,0.75461376
0,1,0.5409395,0.6897913,0.08187902
1,0,0.89192563,0.34247032,0.78385127
0,0,0.6834813,0.62421745,0.36696255
1,1,0.5633542,0.68509805,0.12670839
1,0,0.50947857,0.6929675,0.018957138
1,1,0.56334877,0.6850994,0.12669754
1,0,0.89265096,0.34093672,0.7853019
1,0,0.67804384,0.6283352,0.3560877
0,0,0.87792635,0.3710363,0.7558527
1,1,0.56566554,0.6844983,0.13133109
0,0,0.88387096,0.35914075,0.7677419
0,1,0.5488821,0.68836063,0.09776425
0,1,0.549366,0.6882652,0.098731995
1,0,0.8813267,0.36427334,0.76265335
1,0,0.67607284,0.62979424,0.35214564
1,1,0.50885856,0.69299024,0.017717123
1,0,0.52222836,0.6921587,0.04445675
0,1,0.5451475,0.68906504,0.09029496
1,0,0.91133285,0.29944324,0.8226657
1,1,0.54232013,0.6895609,0.084640265
1,0,0.89119595,0.34400758,0.7823919
0,1,0.5263764,0.6917551,0.052752852
0,0,0.68551654,0.6226411,0.37103307
0,1,0.553094,0.68749857,0.10618806
1,0,0.50145173,0.693143,0.0029034615
0,1,0.55915743,0.6861316,0.11831486
1,1,0.56147516,0.68556964,0.122950315
1,0,0.8901297,0.34624413,0.7802594
1,1,0.5633537,0.6850982,0.12670743
1,0,0.8962137,0.33332354,0.7924274
0,1,0.59387225,0.67541814,0.1877445
0,1,0.5633394,0.68510187,0.12667882
0,0,0.6834744,0.62422276,0.36694887
1,0,0.5123259,0.6928433,0.024651736
1,0,0.50614977,0.69307154,0.012299538
1,1,0.56799287,0.6838724,0.13598573
0,1,0.55496174,0.6870934,0.10992348
1,0,0.6781397,0.6282638,0.35627934
1,1,0.53058136,0.6912756,0.06116271
1,0,0.8869347,0.35287648,0.7738694
0,1,0.5573219,0.6865611,0.11464381
0,1,0.554953,0.6870953,0.10990596
0,1,0.5573011,0.6865659,0.11460221
1,0,0.5241111,0.69198406,0.048222184
1,0,0.89159715,0.34316298,0.7831943
1,0,0.8838719,0.35913885,0.7677438
0,1,0.55321354,0.68747306,0.10642707
0,0,0.68184704,0.6254694,0.36369407
0,1,0.56335413,0.68509805,0.12670827
1,0,0.8939487,0.33817923,0.78789735
1,0,0.8944526,0.33710366,0.78890514
1,1,0.55915403,0.6861324,0.11830807
0,0,0.8767002,0.37344843,0.75340044
0,0,0.8787333,0.36944127,0.75746655
0,1,0.54141444,0.6897129,0.08282888
1,1,0.5638675,0.6849667,0.12773502
1,1,0.55309385,0.6874987,0.1061877
1,0,0.9175365,0.28474528,0.835073
1,0,0.8795352,0.36785007,0.7590704
0,1,0.54049927,0.6898632,0.08099854
1,0,0.90500396,0.3139469,0.8100079
0,0,0.89901465,0.32724264,0.7980293
1,0,0.87234885,0.38189715,0.7446977
1,0,0.8731869,0.38028336,0.7463738
0,1,0.5400075,0.6899426,0.080014944
0,0,0.68185806,0.6254609,0.36371616
0,0,0.68552256,0.62263644,0.37104508
0,0,0.88464564,0.35756552,0.7692913
1,0,0.8803325,0.3662619,0.76066506
1,0,0.88748264,0.35174635,0.7749653
1,0,0.8511055,0.42078668,0.702211
0,0,0.868713,0.3888259,0.73742604
0,1,0.5554915,0.68697584,0.110983014
1,0,0.67813677,0.628266,0.35627353
1,1,0.56335336,0.6850983,0.12670672
0,1,0.55915594,0.68613195,0.11831188
1,0,0.50614977,0.69307154,0.012299538
1,1,0.56335455,0.68509793,0.1267091
1,0,0.5241111,0.69198406,0.048222184
0,1,0.50463843,0.69310415,0.009276867
1,1,0.5068466,0.6930534,0.013693213
1,0,0.50618684,0.69307065,0.012373656
1,1,0.500435,0.69314677,0.0008699894
0,1,0.55738163,0.68654734,0.11476326
1,1,0.5633517,0.68509865,0.12670338
0,0,0.8729737,0.38069454,0.74594736
0,1,0.5507317,0.6879909,0.10146344
1,0,0.8960761,0.33362016,0.79215217
1,0,0.90918124,0.30442807,0.8183625
0,0,0.8760912,0.37464133,0.75218236
1,1,0.5106973,0.6929183,0.02139461
1,0,0.8848405,0.35716844,0.769681
1,0,0.7117674,0.6005616,0.42353475
1,1,0.5795809,0.68042696,0.1591618
1,0,0.68750894,0.6210793,0.37501785
0,1,0.5549574,0.68709433,0.10991478
0,1,0.55729926,0.6865663,0.11459851
1,0,0.89232445,0.34162775,0.7846489
0,1,0.5573033,0.6865654,0.11460662
1,0,0.88656324,0.3536409,0.7731265
0,0,0.87213445,0.38230902,0.7442689
1,0,0.5160963,0.6926289,0.032192588
0,1,0.52589625,0.69180536,0.051792502
0,1,0.540443,0.6898723,0.08088601
0,0,0.87588215,0.37505,0.7517643
0,0,0.6793599,0.627351,0.3587198
1,1,0.5046756,0.69310343,0.0093512535
0,1,0.5591586,0.68613124,0.11831725
0,0,0.68184954,0.6254675,0.36369908
0,1,0.540927,0.6897934,0.081853986
1,0,0.90368545,0.31690896,0.8073709
1,0,0.8731867,0.38028368,0.7463734
1,1,0.5614957,0.6855645,0.12299144
1,0,0.89046204,0.34554824,0.7809241
0,0,0.68552303,0.6226361,0.37104607
0,1,0.53813595,0.6902356,0.07627189
1,1,0.5301054,0.6913334,0.060210824
0,1,0.5549544,0.687095,0.10990882
1,1,0.5591492,0.6861335,0.11829841
0,1,0.53250474,0.6910325,0.065009475
0,1,0.5591495,0.6861335,0.11829901
0,1,0.54328024,0.68939614,0.08656049
1,0,0.8976229,0.33027482,0.79524577
1,0,0.50807315,0.6930169,0.016146302
0,1,0.5428884,0.68946385,0.085776806
0,0,0.866982,0.39208382,0.73396397
1,0,0.8962137,0.33332354,0.7924274
1,0,0.88656324,0.3536409,0.7731265
1,1,0.5633496,0.68509924,0.12669921
0,1,0.5466047,0.6887969,0.093209386
0,1,0.54328793,0.6893948,0.086575866
1,0,0.87690806,0.37304053,0.7538161
0,1,0.5211722,0.6922504,0.04234445
1,1,0.5633544,0.685098,0.12670875
1,0,0.8976502,0.33021557,0.79530036
1,0,0.9083962,0.30623284,0.81679237
0,1,0.54232985,0.6895592,0.084659696
1,0,0.89588296,0.33403602,0.7917659
1,0,0.90368545,0.31690896,0.8073709
0,0,0.87129045,0.38392627,0.7425809
1,0,0.8960761,0.33362016,0.79215217
1,0,0.8748489,0.3770641,0.7496978
0,0,0.87000716,0.38637304,0.7400143
1,0,0.6780194,0.62835336,0.35603878
0,1,0.56432146,0.68484974,0.12864292
0,1,0.5582594,0.68634343,0.116518855
0,1,0.51571214,0.6926533,0.031424284
1,0,0.8803325,0.3662619,0.76066506
1,0,0.88653344,0.35370225,0.7730669
0,1,0.5470224,0.68871844,0.094044805
0,0,0.8830951,0.3607126,0.7661902
1,0,0.8731869,0.38028336,0.7463738
0,0,0.6797836,0.62703246,0.35956717
0,1,0.5591636,0.6861301,0.11832714
1,0,0.5160963,0.6926289,0.032192588
1,0,0.8906784,0.34509462,0.7813568
1,0,0.67810726,0.6282879,0.3562145
1,1,0.56334025,0.6851016,0.1266805
1,0,0.8978268,0.32983196,0.7956536
0,1,0.51106924,0.6929021,0.022138476
1,0,0.50381935,0.69311804,0.0076387227
0,0,0.88484246,0.35716438,0.7696849
1,0,0.8815277,0.36387002,0.76305544
1,1,0.55121964,0.68789107,0.102439284
0,1,0.54653746,0.6888094,0.09307492
1,0,0.54105484,0.68977237,0.08210972
1,0,0.68510413,0.6229621,0.3702083
1,0,0.88732004,0.35208204,0.7746401
1,0,0.8899414,0.34663782,0.7798828
1,0,0.91345006,0.2944821,0.8269001
0,1,0.54890925,0.6883553,0.097818494
0,1,0.5536337,0.68738294,0.10726738
1,0,0.5481014,0.68851256,0.09620282
1,1,0.54279375,0.68948007,0.0855875
0,0,0.85130143,0.42044497,0.70260286
0,1,0.5549634,0.687093,0.10992682
0,0,0.8750593,0.37665474,0.7501186
0,0,0.8836737,0.35954082,0.76734746
1,0,0.6855234,0.6226358,0.3710468
1,0,0.90368545,0.31690896,0.8073709
1,1,0.5633555,0.6850977,0.12671101
0,0,0.68184257,0.6254728,0.36368513
0,0,0.91195196,0.29799825,0.8239039
1,1,0.517298,0.69254863,0.034595966
0,0,0.88826174,0.35013422,0.7765235
0,1,0.56431043,0.68485254,0.12862086
1,0,0.91448563,0.29203498,0.82897127
1,0,0.88898104,0.3486404,0.7779621
1,0,0.89283514,0.3405464,0.7856703
1,0,0.8838719,0.35913885,0.7677438
1,0,0.89955133,0.3260677,0.79910266
0,0,0.6834789,0.6242193,0.36695778
0,0,0.67814386,0.6282606,0.35628775
1,0,0.5019327,0.6931397,0.0038653612
1,0,0.91683966,0.28642097,0.8336793
0,0,0.87128985,0.3839274,0.7425797
1,0,0.8740203,0.37867224,0.74804056
0,0,0.876908,0.37304062,0.753816
1,0,0.91057664,0.30120164,0.8211533
1,0,0.8821137,0.3626923,0.7642274
1,0,0.87380826,0.37908268,0.7476165
0,1,0.5446664,0.68915164,0.08933282
0,1,0.5591588,0.68613124,0.118317604
0,0,0.89250904,0.3412372,0.7850181
0,1,0.50894254,0.69298726,0.017885089
1,0,0.851361,0.420341,0.70272195
1,0,0.5415326,0.68969333,0.08306515
0,1,0.55914974,0.6861334,0.118299484
0,0,0.6818354,0.62547827,0.3636708
1,0,0.6781428,0.62826145,0.35628557
0,1,0.5633501,0.6850991,0.12670016
0,1,0.5572917,0.686568,0.11458337
1,0,0.8969136,0.33181205,0.7938272
1,0,0.9058277,0.31208614,0.8116554
0,1,0.55123174,0.68788856,0.102463484
1,0,0.91769314,0.28436774,0.8353863
1,0,0.52883315,0.6914835,0.057666272
1,1,0.5633549,0.6850978,0.12670982
1,1,0.5633515,0.68509877,0.12670302
0,0,0.67771304,0.6285813,0.35542604
1,0,0.52787435,0.6915924,0.05574867
0,1,0.5591589,0.6861312,0.11831784
1,0,0.53355,0.69089425,0.06710008
0,0,0.6818465,0.6254698,0.36369303
0,0,0.8775132,0.37185073,0.75502634
0,1,0.55494547,0.68709695,0.10989094
0,0,0.68142736,0.62578887,0.36285475
0,1,0.5666378,0.6842395,0.13327563
1,0,0.8852169,0.3564002,0.7704338
0,1,0.5507574,0.68798566,0.10151482
1,1,0.5549587,0.68709403,0.1099174
0,1,0.54562974,0.68897724,0.09125948
1,0,0.87933123,0.36825538,0.75866246
1,0,0.8901297,0.34624413,0.7802594
1,0,0.53259236,0.69102114,0.06518471
1,0,0.6760707,0.62979585,0.35214138
0,0,0.67459726,0.63087505,0.3491945
1,0,0.8742316,0.3782627,0.74846315
1,0,0.6760466,0.62981355,0.35209325
1,1,0.5633289,0.6851045,0.12665784
1,1,0.5656798,0.68449455,0.13135958
0,1,0.55916005,0.6861309,0.11832011
1,1,0.53197956,0.69110036,0.06395912
1,0,0.53355,0.69089425,0.06710008
0,1,0.52774626,0.69160664,0.05549252
0,0,0.87792665,0.37103575,0.7558533
1,0,0.50570595,0.6930821,0.011411905
1,1,0.50883967,0.6929909,0.017679334
0,0,0.6634877,0.638695,0.32697532
1,0,0.9062937,0.31103,0.8125874
1,0,0.91951865,0.2799434,0.8390373
1,0,0.90040386,0.32419467,0.8008077
1,0,0.8748489,0.3770641,0.7496978
1,0,0.50614977,0.69307154,0.012299538
0,0,0.68511146,0.6229564,0.37022293
1,0,0.93740803,0.23404063,0.87481606
0,1,0.5489004,0.688357,0.09780085
0,1,0.5390752,0.6900903,0.07815039
0,0,0.88560724,0.35560203,0.7712145
0,0,0.67607737,0.6297909,0.35215473
1,0,0.52883315,0.6914835,0.057666272
1,0,0.67608523,0.6297852,0.35217047
1,1,0.5633629,0.6850958,0.1267258
1,1,0.5028027,0.6931315,0.005605459
0,1,0.5465347,0.68880993,0.093069434
0,1,0.54562664,0.68897784,0.09125328
1,0,0.53259236,0.69102114,0.06518471
0,0,0.8731868,0.38028347,0.74637365
0,1,0.55500567,0.68708366,0.11001134
0,1,0.54375553,0.6893132,0.08751106
1,1,0.56332576,0.68510526,0.12665153
1,1,0.5633451,0.6851004,0.12669015
1,0,0.6818484,0.6254683,0.36369684
1,1,0.5089319,0.69298756,0.01786375
0,1,0.51082855,0.69291264,0.02165711
0,1,0.5446691,0.68915117,0.08933818
0,0,0.6781378,0.62826514,0.35627553
0,1,0.5380953,0.69024193,0.07619059
0,1,0.5508052,0.6879759,0.10161042
1,0,0.5499701,0.6881448,0.09994018
0,0,0.67314565,0.63192856,0.34629133
1,0,0.8875122,0.35168526,0.7750244
0,0,0.8750593,0.37665474,0.7501186
1,1,0.5591552,0.6861321,0.11831045
0,1,0.55729914,0.68656635,0.114598274
0,0,0.88112736,0.36467278,0.7622547
1,0,0.50947857,0.6929675,0.018957138
1,0,0.9129809,0.2955863,0.8259618
1,0,0.91626245,0.2878042,0.8325249
0,0,0.87423193,0.378262,0.74846387
0,1,0.5549693,0.6870917,0.10993862
0,1,0.5488863,0.6883598,0.0977726
0,0,0.91713184,0.2857191,0.8342637
1,0,0.5104401,0.69292915,0.020880252
1,1,0.54466885,0.6891513,0.08933771
1,0,0.8884249,0.3497959,0.77684975
1,1,0.54653597,0.68880975,0.09307194
0,1,0.5531187,0.6874933,0.10623741
1,0,0.51657677,0.6925975,0.033153504
1,1,0.5507518,0.6879868,0.10150361
0,1,0.5569554,0.68664527,0.113910794
1,0,0.91057664,0.30120164,0.8211533
1,0,0.9198139,0.27922374,0.83962774
1,0,0.91103345,0.3001402,0.8220669
0,0,0.67190933,0.6328182,0.3438187
1,0,0.9013947,0.3220076,0.80278945
1,0,0.8803325,0.3662619,0.76066506
0,1,0.56432015,0.68485,0.1286403
0,0,0.50199425,0.6931392,0.0039885044
0,1,0.55073905,0.6879894,0.1014781
0,1,0.51172125,0.69287235,0.023442507
1,0,0.8899414,0.34663782,0.7798828
1,0,0.8723472,0.38190034,0.74469435
0,0,0.6797844,0.62703186,0.35956883
1,0,0.889564,0.347426,0.77912796
0,0,0.6853869,0.62274206,0.37077382
1,0,0.9149244,0.29099408,0.82984877
0,1,0.55915105,0.686133,0.11830211
1,1,0.500435,0.69314677,0.0008699894
1,0,0.67813164,0.6282698,0.35626328
0,1,0.60477674,0.67102724,0.20955348
1,0,0.8773069,0.37225673,0.75461376
0,1,0.5239565,0.6919989,0.047912955
1,0,0.9175365,0.28474528,0.835073
0,1,0.55915815,0.68613136,0.11831629
1,0,0.8513512,0.42035812,0.7027024
1,1,0.55914927,0.6861335,0.11829853
0,1,0.5343845,0.69078076,0.06876898
1,1,0.50657576,0.6930607,0.013151526
0,0,0.679777,0.6270374,0.35955402
0,0,0.8882631,0.35013142,0.7765262
1,0,0.89100933,0.3443999,0.78201866
0,1,0.55503523,0.6870771,0.11007047
1,0,0.50995934,0.6929488,0.01991868
0,1,0.5545456,0.68718493,0.10909116
0,1,0.5371811,0.69037974,0.07436216
1,1,0.5595763,0.68603164,0.119152546
1,1,0.5089359,0.6929875,0.017871857
1,0,0.8813267,0.36427334,0.76265335
1,1,0.5088926,0.692989,0.017785192
0,0,0.68917805,0.6197567,0.3783561
0,1,0.5428234,0.68947494,0.08564675
0,0,0.9188364,0.28160208,0.8376728
0,0,0.91769236,0.2843696,0.8353847
1,0,0.8880724,0.35052657,0.77614474
0,1,0.56149465,0.6855648,0.1229893
1,0,0.9005497,0.32387346,0.8010994
1,0,0.52883315,0.6914835,0.057666272
0,1,0.5591501,0.68613327,0.1183002
1,1,0.56832707,0.68378067,0.13665414
0,0,0.8723489,0.38189703,0.7446978
0,1,0.5507454,0.6879881,0.101490855
1,0,0.8967631,0.33213758,0.7935262
0,1,0.5591582,0.68613136,0.11831641
1,0,0.85132504,0.42040378,0.70265007
0,1,0.5633428,0.6851009,0.12668562
0,0,0.6855161,0.62264144,0.37103224
0,1,0.55967146,0.6860088,0.11934292
0,0,0.8723479,0.38189897,0.7446958
0,1,0.55495894,0.687094,0.10991788
1,1,0.56336,0.6850966,0.12671995
0,1,0.5549509,0.68709576,0.109901786
1,1,0.56420904,0.6848788,0.12841809
0,1,0.56386095,0.6849684,0.1277219
1,0,0.8890103,0.34857953,0.7780206
0,1,0.51513124,0.6926892,0.03026247
1,1,0.5488763,0.68836176,0.09775257
1,0,0.8513202,0.42041218,0.7026404
0,1,0.55405766,0.68729126,0.108115315
1,0,0.88656324,0.3536409,0.7731265
0,0,0.8719192,0.382722,0.7438384
1,0,0.50947857,0.6929675,0.018957138
0,1,0.5596784,0.68600714,0.11935675
1,1,0.53621227,0.6905222,0.07242453
0,1,0.55357647,0.6873952,0.10715294
0,0,0.87000716,0.3863731,0.7400143
1,0,0.8513339,0.42038825,0.70266783
1,0,0.5075924,0.6930319,0.01518476
0,1,0.533978,0.6908364,0.06795597
0,0,0.8766997,0.37344947,0.7533994
0,1,0.55963475,0.68601763,0.11926949
0,1,0.5633435,0.6851008,0.12668705
1,0,0.87423193,0.3782621,0.74846387
0,0,0.88751227,0.35168514,0.77502453
0,1,0.54466254,0.68915236,0.08932507
0,0,0.8813261,0.3642745,0.76265216
0,1,0.5554522,0.68698466,0.110904455
1,1,0.56337345,0.68509316,0.1267469
1,0,0.9157957,0.28891957,0.83159137
0,1,0.55495757,0.6870943,0.10991514
1,1,0.5633667,0.68509483,0.12673342
1,1,0.5656809,0.6844942,0.13136184
1,1,0.5633509,0.6850989,0.12670183
1,1,0.50091594,0.6931455,0.0018318892
0,0,0.8821136,0.36269253,0.76422715
1,1,0.5432679,0.6893983,0.08653581
0,1,0.5590387,0.6861598,0.1180774
1,0,0.8924949,0.3412671,0.78498983
1,0,0.8971324,0.3313384,0.7942648
0,0,0.6855233,0.62263584,0.37104654
0,1,0.517861,0.692509,0.035722017
1,0,0.6760434,0.62981594,0.35208675
1,0,0.8713992,0.38371813,0.74279845
0,1,0.56334215,0.68510115,0.12668431
1,0,0.68186235,0.62545764,0.36372474
1,0,0.88596654,0.35486606,0.7719331
1,1,0.5113096,0.69289136,0.022619247
1,0,0.89159715,0.34316298,0.7831943
1,0,0.89192563,0.34247032,0.78385127
1,1,0.56335527,0.6850978,0.12671053
1,0,0.87318385,0.38028917,0.7463677
1,0,0.6776844,0.62860256,0.35536885
1,0,0.53259236,0.69102114,0.06518471
1,0,0.90170985,0.32130972,0.8034197
1,0,0.92188406,0.27414358,0.8437681
0,1,0.54140955,0.6897137,0.082819104
1,0,0.9105646,0.30122963,0.8211292
1,0,0.67813313,0.62826866,0.35626626
1,0,0.5156158,0.6926594,0.031231642
0,1,0.5470178,0.6887193,0.094035625
1,0,0.6781181,0.62827986,0.3562362
1,0,0.8848405,0.35716844,0.769681
0,1,0.5507542,0.68798625,0.10150838
0,1,0.54890686,0.6883558,0.097813725
0,0,0.8729736,0.38069463,0.74594724
1,1,0.5046893,0.6931032,0.009378552
1,0,0.67813486,0.6282674,0.35626972
0,0,0.8729737,0.38069454,0.74594736
1,1,0.54888254,0.6883606,0.09776509
1,0,0.87380826,0.37908268,0.7476165
1,1,0.5633345,0.68510306,0.12666905
0,1,0.5554397,0.6869874,0.11087942
0,1,0.54287964,0.68946534,0.08575928
0,0,0.8750593,0.37665474,0.7501186
1,0,0.6777223,0.62857443,0.35544455
1,0,0.91669285,0.28677315,0.8333857
0,0,0.8476686,0.42673194,0.6953372
1,0,0.902858,0.31875753,0.80571604
1,0,0.8785281,0.3698474,0.75705624
0,0,0.87423193,0.378262,0.74846387
1,0,0.50381935,0.69311804,0.0076387227
1,0,0.8512832,0.4204768,0.7025664
1,0,0.88934565,0.34788123,0.7786913
0,0,0.61415493,0.6668532,0.22830984
0,0,0.6528523,0.645663,0.30570462
1,0,0.85113096,0.42074233,0.7022619
1,1,0.55495864,0.6870941,0.10991728
1,0,0.8867417,0.35327387,0.7734834
0,1,0.5572952,0.68656725,0.11459041
0,0,0.6818458,0.62547034,0.36369154
1,0,0.90368545,0.31690896,0.8073709
0,0,0.87402016,0.37867245,0.7480403
0,0,0.6640781,0.6382934,0.32815623
1,0,0.8880724,0.35052657,0.77614474
1,0,0.88748264,0.35174635,0.7749653
0,0,0.8727602,0.38110584,0.74552035
1,0,0.8813267,0.36427334,0.76265335
0,1,0.5591765,0.686127,0.11835301
1,1,0.54280066,0.6894789,0.08560133
1,1,0.5633487,0.6850995,0.12669742
1,0,0.53355,0.69089425,0.06710008
0,1,0.5470203,0.6887188,0.09404063
1,0,0.91345006,0.2944821,0.8269001
1,0,0.87234885,0.38189715,0.7446977
0,0,0.8738082,0.3790828,0.7476164
1,0,0.88826346,0.35013062,0.7765269
1,0,0.9156816,0.28919178,0.8313632
0,1,0.55729985,0.6865662,0.114599705
1,0,0.8803325,0.3662619,0.76066506
1,0,0.9126984,0.2962499,0.8253968
0,1,0.5530948,0.6874984,0.10618961
0,1,0.5634299,0.68507874,0.12685978
0,1,0.5819298,0.67966145,0.1638596
0,1,0.5488813,0.68836075,0.097762585
0,1,0.5418871,0.689634,0.08377421
1,0,0.91165525,0.29869136,0.8233105
0,1,0.5591564,0.6861318,0.118312836
1,0,0.6781348,0.6282674,0.35626957
1,0,0.88672674,0.3533046,0.7734535
1,0,0.87234885,0.38189715,0.7446977
0,1,0.5624633,0.6853235,0.12492657
0,1,0.53020537,0.6913214,0.060410738
0,1,0.54091984,0.68979454,0.08183968
1,0,0.91224927,0.2973027,0.82449853
0,0,0.8777198,0.37144363,0.75543964
0,1,0.5474972,0.68862844,0.094994426
0,0,0.9179826,0.28366917,0.83596516
1,1,0.5446695,0.6891511,0.08933902
1,0,0.9034018,0.3175435,0.8068036
1,0,0.51373065,0.6927701,0.02746132
0,1,0.54466707,0.6891515,0.08933413
1,0,0.85134685,0.42036575,0.7026937
1,0,0.8944526,0.33710366,0.78890514
0,0,0.87318695,0.38028324,0.7463739
1,0,0.9237292,0.2695656,0.84745836
0,0,0.6818534,0.62546456,0.36370683
1,1,0.5530933,0.6874987,0.10618663
0,1,0.5381357,0.69023573,0.076271415
1,0,0.50711155,0.693046,0.014223069
1,1,0.5446671,0.6891515,0.08933425
1,0,0.5123259,0.6928433,0.024651736
0,1,0.5498473,0.68816936,0.09969461
1,0,0.8795352,0.36785007,0.7590704
0,0,0.6760639,0.62980086,0.3521278
1,0,0.89917624,0.32688922,0.7983525
0,0,0.87792677,0.37103552,0.75585353
1,0,0.50570595,0.6930821,0.011411905
1,1,0.56334466,0.6851005,0.12668931
0,1,0.55978096,0.6859825,0.11956191
1,0,0.68750894,0.6210793,0.37501785
1,0,0.8902742,0.3459416,0.78054845
0,1,0.5535881,0.6873928,0.107176185
1,0,0.50614977,0.69307154,0.012299538
1,0,0.52507067,0.6918896,0.050141305
0,1,0.55963707,0.68601704,0.11927414
1,0,0.6780473,0.6283326,0.3560946
1,0,0.68918127,0.6197542,0.37836254
0,1,0.538574,0.69016826,0.07714796
1,1,0.565701,0.6844889,0.13140202
0,1,0.5521903,0.6876896,0.10438061
1,0,0.87234783,0.38189906,0.74469566
0,1,0.543795,0.68930626,0.08758998
1,1,0.57962847,0.68041164,0.15925694
0,1,0.54231775,0.6895613,0.084635496
0,1,0.5500651,0.6881257,0.1001302
0,1,0.54892945,0.68835133,0.097858906
1,0,0.91314536,0.2951995,0.8262907
0,0,0.8815268,0.36387187,0.76305366
1,0,0.67813206,0.62826943,0.35626414
1,0,0.6781332,0.6282686,0.35626638
1,1,0.56332326,0.6851059,0.12664652
0,1,0.54889053,0.688359,0.09778106
1,0,0.87234885,0.38189715,0.7446977
0,1,0.55915654,0.68613183,0.118313074
1,0,0.9069827,0.30946365,0.81396544
0,1,0.5507498,0.6879872,0.10149956
0,0,0.8735954,0.3794943,0.74719083
0,1,0.56382954,0.68497646,0.12765908
1,1,0.5614822,0.68556786,0.12296438
1,0,0.50381935,0.69311804,0.0076387227
1,0,0.9068078,0.30986193,0.81361556
0,1,0.5465418,0.6888086,0.09308362
1,1,0.5046893,0.6931032,0.009378552
1,1,0.56148803,0.6855664,0.122976065
0,1,0.5358011,0.69058156,0.071602225
1,0,0.50807315,0.6930169,0.016146302
0,1,0.53434217,0.69078654,0.06868434
1,0,0.5264729,0.6917449,0.052945852
1,1,0.5684717,0.6837409,0.13694346
0,1,0.5507549,0.6879862,0.10150981
0,1,0.59844774,0.673636,0.19689548
1,1,0.5633468,0.68509996,0.1266936
0,1,0.5642966,0.6848562,0.1285932
1,1,0.56337535,0.6850927,0.12675071
1,0,0.6781376,0.62826526,0.3562752
0,1,0.5554377,0.6869879,0.11087537
1,0,0.5123259,0.6928433,0.024651736
0,1,0.54888636,0.68835974,0.09777272
0,1,0.5424173,0.68954444,0.084834576
1,0,0.6760726,0.6297945,0.3521452
1,0,0.9012368,0.32235697,0.80247355
1,0,0.9064821,0.3106023,0.8129642
1,1,0.5641082,0.6849048,0.12821639
0,0,0.8708583,0.3847518,0.7417166
0,1,0.5689619,0.6836053,0.13792384
1,0,0.9218846,0.27414224,0.8437692
0,0,0.8750594,0.37665454,0.75011885
1,0,0.87973887,0.36744493,0.75947773
0,0,0.67771316,0.62858117,0.3554263
0,1,0.551329,0.68786854,0.10265803
1,0,0.52507067,0.6918896,0.050141305
0,1,0.5380903,0.69024265,0.07618058
0,0,0.6781421,0.628262,0.3562841
1,0,0.5420102,0.68961334,0.08402035
1,0,0.90918124,0.30442807,0.8183625
1,1,0.56334794,0.68509966,0.12669587
0,0,0.8721344,0.38230908,0.7442688
0,0,0.8735954,0.37949437,0.74719083
0,0,0.90504223,0.31386065,0.81008446
1,0,0.51373065,0.6927701,0.02746132
1,1,0.5633512,0.68509877,0.12670243
0,1,0.5549589,0.687094,0.10991776
1,0,0.84147584,0.4372145,0.6829517
0,1,0.5614943,0.6855649,0.12298858
0,0,0.8513011,0.42044556,0.70260215
0,1,0.5263672,0.6917561,0.052734375
1,0,0.87380826,0.37908268,0.7476165
0,1,0.5633467,0.68509996,0.12669337
1,1,0.5633421,0.68510115,0.12668419
0,1,0.5503234,0.68807375,0.10064685
0,1,0.5409215,0.6897943,0.08184302
0,0,0.87402016,0.37867245,0.7480403
0,1,0.5633252,0.68510544,0.12665045
0,1,0.55915654,0.68613183,0.118313074
0,1,0.55496025,0.6870937,0.1099205
1,1,0.54653895,0.68880916,0.0930779
0,1,0.51082855,0.69291264,0.02165711
1,0,0.50995934,0.6929488,0.01991868
1,0,0.90371126,0.31685114,0.8074225
1,0,0.52883315,0.6914835,0.057666272
1,0,0.8993505,0.3265077,0.79870105
1,0,0.67813516,0.62826717,0.35627028
1,0,0.8767003,0.37344825,0.75340056
0,1,0.5470176,0.68871933,0.09403515
1,1,0.5549604,0.6870937,0.10992086
1,0,0.91463596,0.29167858,0.8292719
1,0,0.8944526,0.33710366,0.78890514
1,0,0.8899414,0.34663782,0.7798828
1,0,0.5019327,0.6931397,0.0038653612
1,0,0.9138936,0.2934357,0.82778716
0,1,0.54888076,0.68836087,0.09776151
1,0,0.5123259,0.6928433,0.024651736
1,1,0.5595539,0.686037,0.11910784
1,0,0.8767003,0.37344825,0.75340056
0,1,0.563497,0.68506163,0.12699401
1,0,0.8773069,0.37225673,0.75461376
1,0,0.89898825,0.32730037,0.7979765
1,0,0.50381935,0.69311804,0.0076387227
1,0,0.8809236,0.36508065,0.76184726
1,1,0.5037645,0.6931188,0.0075290203
0,0,0.8723479,0.38189897,0.7446958
0,1,0.549366,0.6882652,0.098731995
0,1,0.51082855,0.69291264,0.02165711
0,0,0.9045579,0.31495124,0.80911577
1,0,0.50381935,0.69311804,0.0076387227
1,0,0.90035063,0.32431185,0.80070126
1,0,0.8976229,0.33027482,0.79524577
1,0,0.8983008,0.32880047,0.79660165
0,0,0.8914106,0.343556,0.7828212
0,0,0.88309497,0.3607128,0.76618993
1,0,0.87234885,0.38189715,0.7446977
0,0,0.8750593,0.37665474,0.7501186
1,0,0.88580203,0.3552032,0.77160406
1,0,0.52222836,0.6921587,0.04445675
0,1,0.54662424,0.6887932,0.09324849
0,1,0.5507471,0.6879878,0.10149419
1,1,0.500435,0.69314677,0.0008699894
1,1,0.5102061,0.6929388,0.020412207
1,0,0.8928635,0.34048626,0.785727
1,0,0.88732004,0.35208204,0.7746401
0,1,0.5549597,0.6870938,0.10991943
1,0,0.88767457,0.35134977,0.77534914
0,1,0.5572972,0.6865668,0.11459446
1,0,0.5184611,0.6924654,0.036922216
1,0,0.5457546,0.68895435,0.09150922
0,1,0.54470015,0.6891457,0.08940029
0,1,0.54892224,0.6883527,0.09784448
0,1,0.54231566,0.68956167,0.084631324
0,0,0.8779268,0.3710354,0.75585365
1,1,0.5633852,0.6850902,0.12677038
0,1,0.53858596,0.6901665,0.07717192
0,1,0.52775085,0.69160616,0.0555017
1,0,0.8998717,0.32536474,0.7997434
1,0,0.8874961,0.3517185,0.7749922
0,1,0.5466708,0.6887845,0.09334159
1,1,0.56335205,0.6850986,0.1267041
1,1,0.54045296,0.6898707,0.080905914
0,1,0.56431067,0.6848525,0.12862134
0,0,0.8750593,0.37665474,0.7501186
1,0,0.8723483,0.38189822,0.7446966
0,0,0.90157783,0.32160223,0.80315566
1,0,0.50570595,0.6930821,0.011411905
0,1,0.5507535,0.68798643,0.10150695
1,0,0.9005364,0.32390273,0.80107284
1,0,0.88732004,0.35208204,0.7746401
1,1,0.5108288,0.6929126,0.021657586
1,0,0.8890103,0.34857953,0.7780206
1,0,0.5293125,0.6914277,0.058624983
0,1,0.5235839,0.69203436,0.047167778
0,0,0.8813267,0.36427334,0.76265335
1,0,0.8978268,0.32983196,0.7956536
0,1,0.5423197,0.68956095,0.08463943
0,0,0.68715084,0.62136143,0.37430164
0,1,0.5530959,0.6874982,0.106191754
1,0,0.8848405,0.35716844,0.769681
1,0,0.85088813,0.42116547,0.70177627
1,0,0.52082515,0.6922796,0.041650325
0,1,0.5577678,0.686458,0.11553562
0,0,0.7121681,0.6001989,0.42433622
0,0,0.8758821,0.37505016,0.7517642
1,0,0.89159715,0.34316298,0.7831943
1,0,0.6781386,0.62826455,0.3562772
1,0,0.8976229,0.33027482,0.79524577
1,0,0.51373065,0.6927701,0.02746132
1,0,0.50995934,0.6929488,0.01991868
0,0,0.6777413,0.6285603,0.35548255
0,1,0.5591595,0.686131,0.118319035
1,0,0.87505937,0.37665465,0.75011873
1,0,0.84925246,0.42400354,0.6985049
1,0,0.8811098,0.364708,0.76221955
0,0,0.88053334,0.36586097,0.7610667
1,1,0.56334823,0.6850996,0.12669647
0,1,0.5591636,0.6861301,0.11832714
0,1,0.5550627,0.6870711,0.11012542
0,1,0.5633456,0.68510026,0.12669122
1,0,0.8917687,0.3428014,0.7835374
1,0,0.8813266,0.3642734,0.76265323
0,1,0.55913526,0.68613684,0.11827052
1,0,0.8848405,0.35716844,0.769681
1,0,0.8803325,0.3662619,0.76066506
1,0,0.8974596,0.33062917,0.79491925
1,0,0.6818117,0.6254963,0.3636234
1,1,0.50704974,0.69304776,0.014099479
0,1,0.53199196,0.6910988,0.06398392
1,0,0.5123259,0.6928433,0.024651736
0,0,0.8520117,0.4192037,0.70402336
1,0,0.67813665,0.62826604,0.3562733
0,1,0.54797864,0.68853617,0.09595728
1,0,0.8990151,0.32724154,0.79803026
0,0,0.6777117,0.62858224,0.35542342
0,0,0.87423193,0.378262,0.74846387
1,0,0.9172674,0.28539315,0.83453476
1,0,0.8813267,0.36427334,0.76265335
1,0,0.87973696,0.36744875,0.7594739
0,0,0.87953526,0.36784995,0.7590705
0,0,0.8777204,0.3714424,0.75544083
1,0,0.87234885,0.38189715,0.7446977
1,0,0.8773069,0.37225673,0.75461376
1,1,0.5591656,0.68612957,0.118331194
1,0,0.9232168,0.27084163,0.84643364
1,0,0.50381935,0.69311804,0.0076387227
0,1,0.53014505,0.69132864,0.0602901
0,1,0.5633442,0.6851006,0.12668836
1,1,0.563346,0.68510014,0.12669206
0,1,0.541887,0.689634,0.08377397
0,1,0.54888964,0.68835914,0.097779274
1,0,0.8813267,0.36427334,0.76265335
0,1,0.5591534,0.68613255,0.118306756
1,1,0.55495346,0.68709517,0.10990691
0,0,0.9267781,0.26189446,0.85355616
1,0,0.90791476,0.3073359,0.8158295
1,1,0.5591417,0.6861353,0.11828339
1,0,0.6781359,0.62826663,0.3562717
1,0,0.91869354,0.2819487,0.8373871
0,0,0.88329357,0.36031103,0.76658714
0,1,0.56059027,0.6857867,0.121180534
1,1,0.55079126,0.68797874,0.10158253
1,1,0.56335455,0.68509793,0.1267091
1,0,0.8750588,0.37665564,0.75011766
0,1,0.5465402,0.6888089,0.0930804
0,1,0.55729556,0.6865672,0.11459112
0,0,0.8534428,0.41669047,0.7068856
0,1,0.55123144,0.6878886,0.10246289
1,0,0.6781423,0.6282618,0.35628465
0,1,0.5512294,0.68788904,0.102458835
0,1,0.5573605,0.6865522,0.11472094
1,0,0.91178614,0.2983857,0.8235723
0,1,0.546585,0.6888006,0.09317005
1,0,0.87234885,0.38189715,0.7446977
0,1,0.5041762,0.69311225,0.008352399
0,1,0.56664616,0.68423724,0.13329232
0,1,0.52162474,0.6922116,0.043249488
1,0,0.87234885,0.38189715,0.7446977
1,0,0.9083962,0.30623284,0.81679237
1,0,0.6781201,0.6282784,0.35624015
0,0,0.8742319,0.3782622,0.74846375
1,0,0.90371126,0.31685114,0.8074225
1,0,0.67812026,0.62827826,0.35624048
1,0,0.8948432,0.33626804,0.78968644
1,0,0.8783227,0.37025362,0.75664544
1,0,0.554258,0.6872477,0.10851598
0,1,0.5554722,0.6869801,0.11094439
1,0,0.9224158,0.27282917,0.8448316
1,0,0.8826972,0.3615163,0.76539445
0,1,0.5633247,0.68510556,0.12664938
1,0,0.6781337,0.6282682,0.35626748
0,0,0.8727602,0.38110584,0.74552035
0,1,0.5404452,0.689872,0.08089042
0,1,0.563351,0.6850989,0.12670195
0,1,0.56149256,0.6855653,0.122985125
0,0,0.876908,0.37304062,0.753816
1,1,0.5632633,0.6851212,0.1265266
0,0,0.8731868,0.38028347,0.74637365
1,1,0.5028027,0.6931315,0.005605459
1,0,0.6818421,0.62547314,0.36368418
1,1,0.56334686,0.68509996,0.12669373
0,1,0.55078083,0.6879809,0.101561666
1,0,0.8811098,0.364708,0.76221955
1,1,0.500435,0.69314677,0.0008699894
0,0,0.87772036,0.3714426,0.7554407
1,0,0.909474,0.30375308,0.81894803
1,1,0.5488899,0.6883591,0.09777975
0,0,0.8731868,0.38028347,0.74637365
1,1,0.561491,0.6855657,0.122982025
1,0,0.903363,0.3176303,0.806726
0,1,0.5549572,0.6870944,0.10991442
1,1,0.55309176,0.68749905,0.10618353
1,0,0.87234867,0.38189745,0.74469733
0,1,0.55914724,0.686134,0.11829448
1,0,0.8838719,0.35913885,0.7677438
1,0,0.8903032,0.345881,0.7806064
0,1,0.5633526,0.6850984,0.12670517
0,0,0.6891784,0.61975646,0.3783568
1,0,0.8955096,0.33483878,0.7910192
1,0,0.50807315,0.6930169,0.016146302
0,1,0.5376596,0.690308,0.07531917
1,0,0.5307132,0.6912594,0.06142643
1,0,0.883095,0.36071265,0.76619005
1,0,0.5457546,0.68895435,0.09150922
0,1,0.56334305,0.6851009,0.1266861
0,0,0.87129045,0.38392627,0.7425809
0,1,0.5488749,0.688362,0.09774983
0,1,0.5211659,0.69225097,0.042331815
0,1,0.5385843,0.6901667,0.077168584
1,1,0.56335455,0.68509793,0.1267091
0,1,0.5614778,0.685569,0.12295556
1,0,0.8513151,0.42042115,0.70263016
0,1,0.54752004,0.688624,0.09504008
0,0,0.6907943,0.61846364,0.38158858
1,0,0.90791476,0.3073359,0.8158295
1,0,0.5123259,0.6928433,0.024651736
1,0,0.8815268,0.36387187,0.76305366
0,1,0.5879298,0.6776032,0.17585957
0,1,0.54892695,0.6883518,0.0978539
1,1,0.50883967,0.6929909,0.017679334
1,0,0.899845,0.3254234,0.79969
1,0,0.6740029,0.63130754,0.34800574
0,1,0.56148326,0.6855676,0.12296653
1,1,0.5591236,0.6861396,0.11824715
0,1,0.6363923,0.6554657,0.2727846
0,1,0.5661619,0.6843667,0.13232374
1,0,0.88826346,0.35013062,0.7765269
0,1,0.54750204,0.6886275,0.09500408
1,1,0.563345,0.6851004,0.12669003
0,1,0.5423154,0.6895617,0.08463085
0,0,0.8723488,0.38189724,0.7446976
1,0,0.52507067,0.6918896,0.050141305
1,0,0.68170756,0.62557566,0.36341512
0,0,0.68904805,0.6198602,0.37809613
1,1,0.57031256,0.6832266,0.14062512
0,1,0.5348628,0.69071436,0.06972563
1,0,0.6818383,0.62547606,0.36367658
0,1,0.5512753,0.68787956,0.102550626
1,0,0.87380826,0.37908268,0.7476165
0,0,0.87628317,0.37426564,0.75256634
0,1,0.55915684,0.6861317,0.11831367
1,0,0.6781391,0.6282642,0.3562782
1,0,0.8962137,0.33332354,0.7924274
1,0,0.8880724,0.35052657,0.77614474
1,1,0.5650406,0.6846626,0.13008118
1,0,0.89229596,0.34168804,0.7845919
1,0,0.9185608,0.2822704,0.8371216
1,0,0.68195415,0.62538767,0.36390832
0,1,0.5549524,0.68709546,0.109904766
0,1,0.55915374,0.68613243,0.11830747
1,1,0.56342816,0.6850792,0.12685633
0,1,0.55729795,0.6865666,0.11459589
1,0,0.87505937,0.37665465,0.75011873
1,0,0.6781348,0.6282674,0.35626963
1,0,0.6781515,0.62825495,0.356303
0,1,0.5535785,0.68739486,0.10715699
1,0,0.91315717,0.29517177,0.82631433
0,1,0.57773596,0.6810123,0.15547192
0,1,0.56329364,0.6851135,0.12658727
0,1,0.5513316,0.687868,0.10266316
1,0,0.87085843,0.3847516,0.74171686
0,1,0.5614295,0.6855809,0.122859
1,0,0.5136937,0.69277203,0.02738738
1,0,0.52883315,0.6914835,0.057666272
0,1,0.5591575,0.68613154,0.11831498
0,0,0.6797768,0.6270376,0.3595536
1,0,0.89192563,0.34247032,0.78385127
1,0,0.5462315,0.6888663,0.09246299
1,0,0.50807315,0.6930169,0.016146302
0,1,0.5465356,0.6888098,0.09307122
1,0,0.8899413,0.34663808,0.77988255
1,0,0.9107211,0.30086622,0.82144225
1,1,0.5507903,0.687979,0.10158062
0,0,0.69079447,0.6184635,0.38158897
0,0,0.8758821,0.37505013,0.7517642
1,1,0.5465375,0.6888094,0.09307504
1,1,0.5633487,0.6850995,0.12669742
0,0,0.516773,0.69258446,0.033546
0,0,0.86653763,0.3929159,0.73307526
1,0,0.8787332,0.3694414,0.75746644
0,0,0.87772036,0.3714426,0.7554407
0,1,0.5563945,0.68677294,0.112789035
0,0,0.90665764,0.31020337,0.8133153
1,0,0.87423193,0.3782621,0.74846387
1,0,0.8880724,0.35052657,0.77614474
0,1,0.5380938,0.69024205,0.07618761
1,1,0.56334674,0.68509996,0.12669349
0,0,0.6855211,0.6226375,0.37104225
1,0,0.6781336,0.6282683,0.35626724
1,0,0.8813267,0.36427334,0.76265335
0,0,0.6797769,0.6270375,0.3595538
0,1,0.5104036,0.6929307,0.020807147
0,1,0.52446705,0.6919494,0.048934102
1,0,0.88653344,0.35370225,0.7730669
1,0,0.53682625,0.69043237,0.073652536
0,1,0.5530962,0.68749815,0.10619235
0,1,0.54044527,0.689872,0.08089054
0,0,0.9228377,0.27178344,0.84567535
0,1,0.54653823,0.6888093,0.09307647
0,0,0.8740203,0.37867224,0.74804056
0,0,0.507218,0.693043,0.014436007
0,0,0.8779268,0.3710354,0.75585365
1,0,0.8513361,0.42038447,0.70267224
1,0,0.9053724,0.3131157,0.81074476
0,1,0.5319814,0.6911001,0.06396282
0,1,0.5442373,0.6892282,0.08847463
1,1,0.54653597,0.68880975,0.09307194
0,1,0.55915666,0.6861317,0.11831331
1,0,0.50333846,0.6931249,0.0066768825
0,0,0.50953376,0.6929654,0.019067526
1,0,0.5203451,0.69231915,0.040690184
1,1,0.56335187,0.68509865,0.12670374
0,1,0.5591542,0.6861323,0.118308425
1,0,0.8513186,0.42041498,0.7026372
0,0,0.8760912,0.37464133,0.75218236
0,1,0.542829,0.68947405,0.085657954
0,1,0.55736446,0.6865513,0.11472893
1,1,0.56332767,0.6851048,0.12665534
0,1,0.5549522,0.68709546,0.10990441
0,1,0.55729663,0.68656695,0.11459327
1,1,0.510362,0.6929324,0.020724058
0,1,0.5507492,0.6879873,0.101498365
1,0,0.5241111,0.69198406,0.048222184
1,1,0.5634134,0.685083,0.12682676
1,0,0.8501111,0.4225163,0.70022225
0,0,0.6871463,0.62136495,0.3742926
0,1,0.5591455,0.6861344,0.11829102
0,1,0.5619807,0.6854442,0.12396145
0,0,0.8702246,0.38595954,0.7404492
1,0,0.8828809,0.36114538,0.76576185
1,0,0.8740203,0.37867224,0.74804056
1,0,0.8797388,0.36744505,0.7594776
1,0,0.50947857,0.6929675,0.018957138
0,1,0.559645,0.6860151,0.119289994
0,1,0.5382124,0.69022393,0.07642484
1,0,0.5293125,0.6914277,0.058624983
0,1,0.57175416,0.68281424,0.14350832
1,1,0.56337124,0.6850937,0.12674248
0,0,0.8731868,0.38028347,0.74637365
1,0,0.50807315,0.6930169,0.016146302
1,0,0.89049095,0.34548765,0.7809819
0,1,0.5614931,0.68556523,0.1229862
1,0,0.883095,0.36071265,0.76619005
0,0,0.8811253,0.36467695,0.76225054
1,0,0.8828809,0.36114538,0.76576185
1,0,0.5084358,0.69300485,0.016871572
1,0,0.87234885,0.38189715,0.7446977
0,1,0.547015,0.68871987,0.09403002
1,0,0.88051945,0.36588874,0.7610389
1,0,0.89376616,0.3385681,0.7875323
1,0,0.67813516,0.62826717,0.3562703
0,0,0.6924031,0.6171644,0.38480613
1,1,0.53386325,0.690852,0.06772649
1,1,0.51082623,0.6929127,0.02165246
1,0,0.51369363,0.6927721,0.027387261
1,1,0.500435,0.69314677,0.0008699894
0,1,0.5474973,0.6886284,0.094994545
1,0,0.9403292,0.22606078,0.8806584
1,0,0.85133505,0.42038625,0.7026701
1,1,0.55503035,0.68707824,0.11006069
1,0,0.53259236,0.69102114,0.06518471
1,0,0.8976229,0.33027482,0.79524577
0,0,0.6891781,0.6197567,0.37835625
0,0,0.6818491,0.6254678,0.36369827
1,0,0.67812824,0.6282723,0.35625646
0,1,0.53199357,0.6910986,0.063987136
0,1,0.5507808,0.6879809,0.10156155
0,0,0.8930469,0.34009722,0.78609383
1,0,0.8512441,0.42054498,0.7024882
0,1,0.56616265,0.68436646,0.13232529
0,0,0.8464416,0.4288321,0.69288325
0,1,0.52021617,0.6923296,0.040432334
1,0,0.6781343,0.62826777,0.35626867
1,0,0.88732004,0.35208204,0.7746401
1,1,0.5089402,0.6929873,0.01788044
0,1,0.55931437,0.68609416,0.11862874
0,1,0.5549672,0.6870921,0.10993445
1,0,0.50614977,0.69307154,0.012299538
0,1,0.5488839,0.6883602,0.09776783
1,0,0.67813945,0.62826395,0.35627887
0,1,0.5531144,0.6874943,0.10622883
0,1,0.5390717,0.6900909,0.07814336
1,1,0.5518358,0.6877636,0.10367155
1,0,0.8960761,0.33362016,0.79215217
0,1,0.55495805,0.6870942,0.10991609
1,0,0.7047355,0.60679835,0.409471
0,1,0.5064069,0.6930651,0.0128138065
0,1,0.55075264,0.6879866,0.10150528
1,0,0.9077538,0.30770406,0.81550765
0,1,0.5446674,0.6891515,0.089334846
1,1,0.5235015,0.6920421,0.04700303
0,0,0.6777133,0.62858117,0.35542652
0,1,0.52332044,0.69205904,0.046640873
1,1,0.56334966,0.6850992,0.12669933
1,1,0.56344146,0.6850758,0.12688291
0,1,0.54470664,0.6891445,0.089413285
1,0,0.90486395,0.31426236,0.8097279
0,1,0.539619,0.6900046,0.07923806
0,1,0.5338916,0.6908481,0.06778324
1,0,0.89428484,0.33746198,0.7885697
0,0,0.8742319,0.3782622,0.74846375
0,1,0.5277468,0.69160664,0.055493593
0,0,0.8912242,0.3439482,0.7824484
1,0,0.89119595,0.34400758,0.7823919
1,1,0.56338257,0.68509084,0.12676513
1,0,0.91982484,0.27919704,0.8396497
1,1,0.5633481,0.6850996,0.12669623
1,1,0.5591578,0.6861315,0.11831558
0,1,0.5451519,0.68906426,0.09030378
0,0,0.6871455,0.62136567,0.37429097
1,0,0.88053507,0.36585757,0.76107013
0,1,0.55915314,0.68613255,0.11830628
1,0,0.8769071,0.37304237,0.7538142
1,0,0.87234885,0.38189715,0.7446977
1,0,0.8760911,0.37464145,0.75218225
1,0,0.9040455,0.31610203,0.80809104
0,1,0.5482979,0.68847454,0.096595764
0,0,0.8721344,0.38230908,0.7442688
1,1,0.5572832,0.68657005,0.114566445
1,1,0.56615067,0.6843697,0.13230133
0,1,0.5507537,0.6879864,0.101507425
0,1,0.55500644,0.6870835,0.11001289
0,0,0.52803934,0.6915739,0.056078672
1,0,0.8919542,0.34241003,0.78390837
0,1,0.5614915,0.6855656,0.12298298
0,0,0.6855247,0.62263477,0.37104943
0,1,0.5196781,0.69237256,0.03935623
0,0,0.67979586,0.6270232,0.3595917
0,0,0.8721344,0.38230908,0.7442688
1,1,0.5614866,0.6855668,0.1229732
0,1,0.5591636,0.6861301,0.11832714
0,0,0.8488894,0.4246307,0.6977788
1,0,0.8813267,0.36427334,0.76265335
1,0,0.5336308,0.6908834,0.06726158
0,1,0.54888386,0.6883603,0.09776771
0,0,0.8723488,0.38189724,0.7446976
0,1,0.5465476,0.6888075,0.09309518
0,1,0.5507543,0.6879863,0.10150862
0,0,0.8783221,0.37025478,0.75664425
0,1,0.5549592,0.687094,0.109918356
0,0,0.6818563,0.6254623,0.36371258
0,1,0.51597244,0.69263685,0.03194487
1,0,0.8813267,0.36427334,0.76265335
0,1,0.52774364,0.691607,0.055487275
0,1,0.5554397,0.6869874,0.11087942
0,0,0.8828957,0.36111552,0.7657914
1,1,0.5046893,0.6931032,0.009378552
0,1,0.5619727,0.68544614,0.123945355
0,1,0.5446774,0.68914974,0.08935475
0,1,0.59841686,0.67364836,0.19683373
0,1,0.56149983,0.6855635,0.12299967
1,0,0.50995934,0.6929488,0.01991868
1,0,0.889564,0.347426,0.77912796
1,0,0.50995934,0.6929488,0.01991868
0,1,0.55309546,0.6874983,0.10619092
0,0,0.9037363,0.3167951,0.8074726
1,0,0.52270836,0.6921154,0.045416713
1,1,0.56568044,0.6844944,0.13136089
1,0,0.9117981,0.29835778,0.82359624
1,1,0.51082623,0.6929127,0.02165246
0,1,0.50894254,0.69298726,0.017885089
1,1,0.55309325,0.68749875,0.10618651
0,1,0.59390056,0.6754074,0.18780112
1,0,0.67813635,0.6282663,0.35627273
1,0,0.89232445,0.34162775,0.7846489
1,0,0.678137,0.62826574,0.356274
1,0,0.67814064,0.62826306,0.35628128
0,0,0.87129045,0.38392627,0.7425809
1,0,0.53259236,0.69102114,0.06518471
1,1,0.5220281,0.69217634,0.044056177
0,1,0.5638371,0.68497455,0.12767422
0,0,0.68552715,0.62263286,0.3710543
0,1,0.538574,0.69016826,0.07714796
1,0,0.853456,0.4166671,0.70691204
1,0,0.8795352,0.36785007,0.7590704
1,1,0.5634074,0.68508446,0.12681484
0,0,0.876908,0.37304065,0.753816
1,0,0.8976229,0.33027482,0.79524577
1,0,0.883095,0.36071265,0.76619005
1,1,0.56334245,0.68510103,0.1266849
0,1,0.55131274,0.6878719,0.10262549
0,0,0.87873316,0.36944145,0.7574663
1,0,0.88191354,0.363095,0.7638271
1,1,0.5634038,0.6850854,0.12680757
1,0,0.8899414,0.34663782,0.7798828
0,1,0.55495894,0.687094,0.10991788
0,0,0.6834837,0.6242156,0.3669674
1,0,0.5104401,0.69292915,0.020880252
0,0,0.87953335,0.36785376,0.7590667
0,1,0.55919534,0.68612254,0.11839068
1,0,0.90070856,0.32352328,0.8014171
0,0,0.6855233,0.62263584,0.3710465
0,1,0.534442,0.69077283,0.068884015
1,1,0.55915964,0.686131,0.11831927
1,1,0.50214386,0.693138,0.0042877197
0,1,0.56335455,0.68509793,0.1267091
1,0,0.9117981,0.29835778,0.82359624
0,1,0.5465384,0.6888093,0.093076825
0,1,0.549366,0.6882652,0.098731995
1,0,0.6781378,0.6282652,0.3562756
1,0,0.88826346,0.35013062,0.7765269
1,0,0.889564,0.347426,0.77912796
0,0,0.67462325,0.63085604,0.3492465
0,1,0.53621763,0.6905215,0.07243526
1,0,0.87234885,0.38189715,0.7446977
0,1,0.5419567,0.6896223,0.083913445
0,0,0.6797777,0.6270369,0.35955536
1,0,0.89643383,0.33284876,0.79286766
1,0,0.89119595,0.34400758,0.7823919
0,1,0.5573539,0.6865537,0.11470783
1,0,0.50614977,0.69307154,0.012299538
0,1,0.5451809,0.689059,0.09036183
1,0,0.8760902,0.37464327,0.75218046
1,0,0.6781378,0.6282652,0.35627556
1,1,0.5037645,0.6931188,0.0075290203
1,0,0.8803325,0.3662619,0.76066506
1,1,0.5037645,0.6931188,0.0075290203
0,1,0.5596377,0.6860169,0.11927545
0,0,0.6677036,0.635793,0.3354073
1,0,0.8513454,0.42036825,0.70269084
0,1,0.53812844,0.6902368,0.07625687
1,0,0.8926794,0.34087646,0.7853588
0,1,0.5549588,0.687094,0.10991764
0,1,0.50894254,0.69298726,0.017885089
1,0,0.90368545,0.31690896,0.8073709
0,1,0.5633467,0.68509996,0.12669337
1,1,0.55916053,0.6861309,0.11832106
0,0,0.88211316,0.3626934,0.7642263
1,0,0.67191553,0.6328138,0.3438311
0,0,0.9128626,0.29586428,0.8257252
0,1,0.5362192,0.69052124,0.07243836
0,1,0.5488847,0.6883601,0.09776938
0,1,0.5367098,0.69044954,0.07341957
1,0,0.6818477,0.62546885,0.3636954
1,1,0.5633567,0.68509746,0.1267134
0,0,0.8702246,0.38595954,0.7404492
1,0,0.6781299,0.6282711,0.35625985
1,0,0.6781307,0.62827045,0.35626137
0,0,0.8476702,0.4267292,0.6953404
0,0,0.8731868,0.38028347,0.74637365
1,1,0.5633515,0.68509877,0.12670302
1,0,0.5123259,0.6928433,0.024651736
0,1,0.54102504,0.68977726,0.082050085
1,1,0.5633581,0.68509704,0.12671626
1,0,0.5293125,0.6914277,0.058624983
0,1,0.5633539,0.6850981,0.12670779
1,0,0.9129809,0.2955863,0.8259618
0,0,0.87191975,0.382721,0.7438395
1,1,0.500435,0.69314677,0.0008699894
1,0,0.5184611,0.6924654,0.036922216
0,0,0.6818352,0.6254784,0.36367032
1,0,0.6781468,0.62825847,0.35629356
1,0,0.9061554,0.3113437,0.8123108
0,0,0.8795346,0.36785123,0.7590692
0,0,0.5076284,0.69303083,0.0152567625
0,1,0.5245503,0.69194126,0.049100637
1,0,0.50097084,0.69314533,0.0019417107
0,1,0.5634821,0.68506545,0.12696421
0,1,0.54048157,0.68986607,0.080963135
0,1,0.5479786,0.6885362,0.09595716
1,0,0.5156158,0.6926594,0.031231642
0,1,0.54376,0.6893124,0.08752
1,0,0.8785281,0.3698474,0.75705624
0,0,0.90157825,0.32160133,0.8031565
1,1,0.5633636,0.68509567,0.12672722
0,0,0.8750593,0.37665474,0.7501186
1,0,0.90355664,0.31719723,0.8071133
1,0,0.88748264,0.35174635,0.7749653
1,0,0.90368545,0.31690896,0.8073709
0,0,0.68171334,0.62557125,0.36342672
0,1,0.5512337,0.6878882,0.10246742
0,0,0.8787333,0.36944124,0.75746655
1,0,0.68183887,0.6254756,0.36367774
0,1,0.5633445,0.68510056,0.12668896
0,1,0.54610854,0.68888915,0.09221709
1,1,0.5655049,0.6845406,0.13100982
1,0,0.90665764,0.31020337,0.8133153
1,0,0.91375256,0.29376867,0.8275051
0,1,0.5531611,0.68748426,0.10632217
1,0,0.88560724,0.355602,0.7712145
0,1,0.5591578,0.6861315,0.11831558
0,1,0.55358607,0.6873932,0.10717213
1,0,0.8803325,0.3662619,0.76066506
1,0,0.9035437,0.3172261,0.8070874
1,1,0.5507526,0.6879866,0.10150516
0,1,0.5592037,0.6861205,0.11840737
0,1,0.50894254,0.69298726,0.017885089
1,0,0.6781113,0.62828493,0.3562226
1,0,0.68185246,0.6254653,0.36370495
0,0,0.679798,0.6270216,0.35959604
1,1,0.5446672,0.6891515,0.08933437
1,0,0.8813267,0.36427334,0.76265335
1,0,0.5494939,0.6882398,0.09898779
0,0,0.8723489,0.38189703,0.7446978
0,1,0.55495924,0.6870939,0.109918475
0,1,0.5591481,0.68613374,0.11829615
0,1,0.55915165,0.6861329,0.1183033
1,0,0.6781473,0.6282581,0.35629463
1,0,0.8976229,0.33027482,0.79524577
1,0,0.8910237,0.3443697,0.7820474
0,1,0.50894254,0.69298726,0.017885089
1,1,0.55916494,0.6861298,0.11832988
1,1,0.5446711,0.6891508,0.08934224
1,0,0.9080631,0.30699632,0.8161262
0,1,0.5549551,0.6870948,0.10991025
1,1,0.546542,0.68880856,0.09308398
1,1,0.55572337,0.6869241,0.11144674
1,1,0.5404469,0.6898717,0.080893755
1,0,0.8803325,0.3662619,0.76066506
1,0,0.90368545,0.31690896,0.8073709
0,1,0.52823585,0.6915518,0.056471705
0,0,0.8750584,0.37665644,0.7501168
1,1,0.56606174,0.6843933,0.13212347
1,0,0.8803325,0.3662619,0.76066506
0,0,0.8513037,0.42044103,0.7026074
0,1,0.5348225,0.69072,0.06964505
1,1,0.5108288,0.6929126,0.021657586
1,0,0.87234885,0.38189715,0.7446977
1,0,0.50097084,0.69314533,0.0019417107
0,1,0.5488766,0.6883617,0.09775317
0,1,0.5614922,0.6855655,0.12298441
1,0,0.5330713,0.69095814,0.06614256
0,0,0.6855283,0.62263197,0.3710566
0,1,0.5633521,0.6850986,0.12670422
1,1,0.5465963,0.6887984,0.09319258
1,1,0.5633446,0.6851005,0.1266892
1,0,0.9210601,0.2761726,0.8421202
1,0,0.50614977,0.69307154,0.012299538
1,0,0.5123259,0.6928433,0.024651736
0,0,0.8760912,0.37464133,0.75218236
1,0,0.5494939,0.6882398,0.09898779
1,0,0.8976229,0.33027482,0.79524577
0,0,0.87402016,0.37867245,0.7480403
1,0,0.89046204,0.34554824,0.7809241
1,0,0.53730464,0.6903613,0.07460925
1,1,0.5446674,0.6891515,0.089334846
0,1,0.56568044,0.6844944,0.13136089
1,1,0.5633533,0.6850983,0.1267066
0,1,0.55495596,0.6870947,0.10991192
1,1,0.50883967,0.6929909,0.017679334
1,1,0.56579286,0.68446463,0.13158572
1,0,0.9023767,0.3198292,0.8047534
1,0,0.8787333,0.36944127,0.75746655
0,0,0.67979383,0.62702477,0.3595877
1,1,0.56800216,0.6838699,0.13600433
0,0,0.68673044,0.6216917,0.3734609
0,1,0.53221005,0.6910708,0.064420104
0,1,0.56566995,0.6844971,0.13133991
0,1,0.52356523,0.69203615,0.047130466
1,0,0.90581506,0.31211478,0.81163013
0,1,0.55495805,0.6870942,0.10991609
0,0,0.68184435,0.6254715,0.36368868
0,1,0.5614939,0.685565,0.12298775
0,1,0.55496025,0.6870937,0.1099205
0,1,0.55962634,0.6860196,0.11925268
1,0,0.9175365,0.28474528,0.835073
0,1,0.5633492,0.68509936,0.12669837
0,0,0.87608933,0.374645,0.75217867
1,0,0.6891842,0.6197519,0.3783684
0,1,0.5446725,0.6891506,0.08934498
1,1,0.5108303,0.6929126,0.021660566
1,0,0.52459085,0.6919373,0.04918173
0,0,0.8779268,0.3710354,0.75585365
0,0,0.8738082,0.3790828,0.7476164
1,1,0.5465455,0.68880796,0.09309101
1,0,0.50618684,0.69307065,0.012373656
1,0,0.8826972,0.3615163,0.76539445
0,1,0.5137423,0.6927694,0.027484655
0,1,0.5554373,0.68698794,0.11087465
0,0,0.8836737,0.35954082,0.76734746
1,0,0.894662,0.33665586,0.78932405
0,1,0.5591518,0.6861329,0.11830366
1,0,0.9072694,0.3088103,0.81453884
0,0,0.85081905,0.42128572,0.7016381
0,1,0.5192586,0.6924052,0.038517237
1,0,0.54105484,0.68977237,0.08210972
1,1,0.550745,0.68798816,0.10149002
0,0,0.68184054,0.62547433,0.36368108
0,1,0.5572994,0.6865663,0.11459875
1,0,0.52082515,0.6922796,0.041650325
0,0,0.9032459,0.31789184,0.80649185
1,0,0.8821137,0.3626923,0.7642274
1,0,0.8842511,0.35836846,0.76850224
0,1,0.5591763,0.68612707,0.11835265
0,1,0.55827284,0.6863403,0.11654568
1,0,0.89283514,0.3405464,0.7856703
1,0,0.88617575,0.35443693,0.7723515
0,0,0.8760912,0.37464133,0.75218236
1,1,0.5633441,0.6851007,0.12668824
1,1,0.5470161,0.68871963,0.09403217
0,0,0.87505937,0.37665462,0.75011873
1,1,0.55495346,0.68709517,0.10990691
1,0,0.88656324,0.3536409,0.7731265
0,1,0.564291,0.6848576,0.128582
0,1,0.5466171,0.68879455,0.09323418
1,0,0.89428484,0.33746198,0.7885697
1,0,0.9064821,0.3106023,0.8129642
1,0,0.5184611,0.6924654,0.036922216
0,1,0.5404483,0.68987143,0.080896616
1,0,0.89049095,0.34548765,0.7809819
1,0,0.5293125,0.6914277,0.058624983
1,1,0.500435,0.69314677,0.0008699894
0,0,0.8414555,0.4372484,0.68291104
0,1,0.5582749,0.68633974,0.11654985
1,1,0.5591531,0.68613255,0.11830616
1,0,0.53259236,0.69102114,0.06518471
0,0,0.8488875,0.42463398,0.697775
0,1,0.50894254,0.69298726,0.017885089
0,1,0.5319859,0.69109964,0.06397176
1,0,0.889564,0.347426,0.77912796
1,1,0.5046893,0.6931032,0.009378552
1,1,0.5488877,0.68835956,0.09777546
0,1,0.55309886,0.68749756,0.106197715
1,0,0.8890103,0.34857953,0.7780206
1,0,0.5160963,0.6926289,0.032192588
1,0,0.8906784,0.34509462,0.7813568
1,0,0.8913824,0.3436153,0.7827648
0,0,0.52569777,0.69182587,0.051395535
1,1,0.56183213,0.68548113,0.12366426
1,0,0.89232445,0.34162775,0.7846489
0,1,0.5380938,0.69024205,0.07618761
1,0,0.8507991,0.42132053,0.70159817
0,1,0.54381365,0.689303,0.08762729
0,1,0.5418901,0.6896335,0.08378017
1,0,0.5203451,0.69231915,0.040690184
1,0,0.50381935,0.69311804,0.0076387227
1,0,0.8803325,0.3662619,0.76066506
0,0,0.86675996,0.39249983,0.7335199
1,0,0.67813426,0.62826777,0.35626853
0,1,0.51082855,0.69291264,0.02165711
1,0,0.91178614,0.2983857,0.8235723
0,1,0.54654354,0.6888083,0.09308708
1,0,0.8880429,0.35058764,0.77608585
1,1,0.5634156,0.68508244,0.12683117
1,0,0.67813504,0.62826717,0.3562701
0,1,0.5633443,0.68510056,0.1266886
0,1,0.5530971,0.687498,0.10619426
1,0,0.85134345,0.42037165,0.7026869
1,0,0.8939487,0.33817923,0.78789735
0,1,0.5633771,0.6850922,0.12675416
0,0,0.8750593,0.37665474,0.7501186
1,0,0.90070856,0.32352328,0.8014171
1,0,0.8948432,0.33626804,0.78968644
0,1,0.5619807,0.6854442,0.12396145
1,1,0.5633547,0.68509793,0.12670934
0,1,0.55915993,0.686131,0.11831987
0,1,0.5591501,0.68613327,0.1183002
1,0,0.8803325,0.3662619,0.76066506
1,1,0.5380926,0.6902423,0.07618523
1,1,0.5633527,0.6850984,0.12670541
1,0,0.676069,0.6297971,0.35213804
1,1,0.5637193,0.6850048,0.12743855
0,1,0.5489128,0.6883546,0.09782565
0,1,0.5591687,0.68612885,0.11833739
1,0,0.50995934,0.6929488,0.01991868
1,0,0.5203451,0.69231915,0.040690184
1,0,0.50947857,0.6929675,0.018957138
1,0,0.8777204,0.3714424,0.75544083
1,1,0.5633542,0.68509805,0.12670839
0,1,0.5391822,0.69007355,0.07836437
0,0,0.9068202,0.30983365,0.81364036
0,1,0.55453104,0.6871881,0.109062076
0,1,0.5549587,0.68709403,0.1099174
1,1,0.536296,0.69051003,0.07259202
1,0,0.50381935,0.69311804,0.0076387227
1,0,0.87234885,0.38189715,0.7446977
0,0,0.90808713,0.30694133,0.81617427
1,0,0.8748489,0.3770641,0.7496978
1,0,0.8769081,0.37304044,0.75381625
1,0,0.92132866,0.2755123,0.8426573
0,1,0.55915743,0.6861316,0.11831486
0,1,0.55496496,0.68709266,0.10992992
0,1,0.5549784,0.6870897,0.10995674
1,0,0.67757195,0.6286861,0.3551439
1,0,0.50381935,0.69311804,0.0076387227
0,1,0.5530924,0.6874989,0.10618484
1,0,0.91224927,0.2973027,0.82449853
0,0,0.685524,0.6226353,0.37104797
0,0,0.8750594,0.37665454,0.75011885
1,1,0.53009725,0.6913344,0.060194492
0,1,0.54701555,0.6887197,0.094031096
1,0,0.52883315,0.6914835,0.057666272
1,0,0.883095,0.36071265,0.76619005
1,0,0.9086913,0.30555534,0.8173826
0,0,0.8731868,0.38028347,0.74637365
0,1,0.5512337,0.6878882,0.10246742
1,0,0.91596675,0.28851113,0.8319335
0,0,0.87213445,0.38230902,0.7442689
1,1,0.5041025,0.69311357,0.008205056
1,1,0.5427984,0.6894793,0.0855968
0,1,0.5549553,0.6870948,0.10991061
0,1,0.5531368,0.6874895,0.10627365
1,1,0.50091594,0.6931455,0.0018318892
1,0,0.9112013,0.29974964,0.8224026
0,1,0.5470529,0.68871266,0.09410584
0,0,0.8723489,0.38189703,0.7446978
1,0,0.50807315,0.6930169,0.016146302
1,0,0.5541783,0.68726504,0.108356595
1,0,0.68182135,0.62548894,0.3636427
1,0,0.8928635,0.34048626,0.785727
0,1,0.5591649,0.6861298,0.11832976
1,0,0.90368545,0.31690896,0.8073709
0,1,0.5572987,0.6865665,0.11459744
0,1,0.55496484,0.68709266,0.10992968
1,0,0.6780143,0.6283572,0.35602856
0,0,0.8914125,0.3435519,0.782825
1,1,0.5634071,0.6850846,0.12681425
1,0,0.5184611,0.6924654,0.036922216
1,0,0.9175365,0.28474528,0.835073
1,1,0.51077163,0.6929151,0.021543264
0,1,0.55729526,0.68656725,0.114590526
0,0,0.8750593,0.37665474,0.7501186
1,0,0.8953295,0.3352256,0.79065895
1,1,0.50091594,0.6931455,0.0018318892
0,1,0.55963624,0.6860173,0.11927247
1,0,0.67812335,0.62827593,0.35624668
1,0,0.9180834,0.28342557,0.83616686
0,1,0.5488885,0.6883594,0.09777701
1,0,0.88617575,0.35443693,0.7723515
0,0,0.87792677,0.37103552,0.75585353
0,0,0.8758812,0.3750519,0.7517624
1,0,0.8828809,0.36114538,0.76576185
0,1,0.5635043,0.6850598,0.12700856
1,0,0.87933123,0.36825538,0.75866246
1,0,0.50618684,0.69307065,0.012373656
0,1,0.55309343,0.68749875,0.10618687
0,0,0.6739837,0.6313215,0.34796742
0,1,0.5591589,0.6861312,0.11831784
1,0,0.9081989,0.30668527,0.8163978
1,0,0.91345006,0.2944821,0.8269001
0,0,0.67813385,0.6282681,0.3562677
0,0,0.8854117,0.35600206,0.77082336
1,0,0.50614977,0.69307154,0.012299538
1,1,0.5104921,0.692927,0.020984173
0,0,0.65626097,0.6434845,0.3125219
0,0,0.6781446,0.62826014,0.35628918
1,0,0.9096079,0.3034441,0.8192158
1,1,0.56334865,0.6850995,0.1266973
1,0,0.6781348,0.6282674,0.3562696
0,1,0.51082855,0.69291264,0.02165711
1,1,0.5216177,0.6922122,0.04323542
0,1,0.53434217,0.69078654,0.06868434
1,1,0.50657576,0.6930607,0.013151526
1,1,0.55729073,0.68656826,0.114581466
0,1,0.55309975,0.6874974,0.1061995
0,1,0.5549573,0.68709433,0.10991454
0,0,0.8783221,0.37025478,0.75664425
1,0,0.89955133,0.3260677,0.79910266
1,1,0.50232166,0.6931364,0.004643321
0,1,0.565688,0.68449235,0.13137603
0,0,0.68347573,0.62422174,0.36695147
0,0,0.8729736,0.38069463,0.74594724
0,1,0.54653746,0.6888094,0.09307492
0,1,0.5549696,0.6870916,0.10993922
1,0,0.8844479,0.35796824,0.76889575
1,0,0.5146918,0.6927154,0.02938366
1,1,0.5089426,0.6929872,0.017885208
0,1,0.5530938,0.6874987,0.10618758
1,0,0.88934565,0.34788123,0.7786913
0,0,0.88053507,0.36585757,0.76107013
1,0,0.52082515,0.6922796,0.041650325
0,0,0.6790968,0.6275484,0.35819364
0,0,0.868713,0.3888259,0.73742604
1,1,0.5633455,0.6851003,0.12669098
0,0,0.8766997,0.37344947,0.7533994
1,0,0.67814934,0.62825656,0.3562987
1,1,0.5633739,0.68509305,0.12674785
1,1,0.55309004,0.6874994,0.10618007
0,1,0.51082855,0.69291264,0.02165711
1,0,0.6780988,0.6282942,0.35619757
0,1,0.55915964,0.686131,0.11831927
0,0,0.67813194,0.62826955,0.3562639
1,0,0.8939487,0.33817923,0.78789735
0,1,0.5591608,0.68613076,0.11832166
1,1,0.5633522,0.6850985,0.12670445
1,0,0.6781308,0.6282704,0.3562616
1,1,0.500435,0.69314677,0.0008699894
1,0,0.8773069,0.37225673,0.75461376
1,0,0.8723476,0.3818996,0.7446952
1,0,0.90169674,0.3213388,0.8033935
0,1,0.5656795,0.6844946,0.13135898
1,0,0.5457546,0.68895435,0.09150922
1,1,0.56335545,0.68509775,0.12671089
0,1,0.5188389,0.6924372,0.037677765
1,0,0.6719074,0.63281953,0.34381488
1,0,0.9080631,0.30699632,0.8161262
1,1,0.5103194,0.69293416,0.020638824
1,0,0.87234885,0.38189715,0.7446977
1,0,0.90368545,0.31690896,0.8073709
1,0,0.8742319,0.3782622,0.74846375
1,1,0.57317305,0.6824,0.14634609
0,1,0.5169144,0.69257486,0.033828855
1,0,0.8828809,0.36114538,0.76576185
0,0,0.8723489,0.38189703,0.7446978
0,0,0.8729736,0.38069463,0.74594724
1,0,0.50145173,0.693143,0.0029034615
1,0,0.8732366,0.38018745,0.7464732
1,0,0.8402256,0.4392956,0.68045115
1,0,0.8902742,0.3459416,0.78054845
0,1,0.54888594,0.68835986,0.09777188
1,1,0.5549568,0.68709445,0.10991359
0,0,0.6871468,0.6213646,0.37429357
0,1,0.55545294,0.6869844,0.110905886
1,0,0.8781169,0.37066022,0.7562338
0,0,0.6818491,0.6254678,0.36369827
0,0,0.5309316,0.69123244,0.061863154
0,0,0.6855211,0.6226375,0.37104222
0,0,0.5019789,0.6931394,0.0039577484
1,0,0.5330713,0.69095814,0.06614256
1,0,0.6781368,0.6282659,0.35627365
0,1,0.5591625,0.68613034,0.118324995
1,0,0.8813267,0.36427334,0.76265335
1,1,0.5404402,0.6898728,0.0808804
1,0,0.88767457,0.35134977,0.77534914
0,0,0.8787333,0.36944127,0.75746655
0,0,0.6781442,0.6282604,0.35628843
0,1,0.56429935,0.68485546,0.12859869
1,0,0.91432345,0.2924191,0.8286469
0,1,0.5614846,0.6855673,0.12296915
1,0,0.50614977,0.69307154,0.012299538
1,0,0.8815257,0.3638741,0.7630514
0,1,0.5507614,0.6879848,0.1015228
1,0,0.5104401,0.69292915,0.020880252
1,1,0.50232166,0.6931364,0.004643321
0,1,0.5572927,0.68656784,0.1145854
0,0,0.86915123,0.38799697,0.73830247
1,0,0.90169674,0.3213388,0.8033935
0,0,0.88231367,0.3622897,0.76462734
1,0,0.9149345,0.29097003,0.82986903
1,0,0.88617575,0.35443693,0.7723515
0,1,0.5390752,0.6900903,0.07815039
1,0,0.50618684,0.69307065,0.012373656
1,0,0.6781398,0.6282637,0.35627964
1,0,0.9081989,0.30668527,0.8163978
1,0,0.8913824,0.3436153,0.7827648
0,0,0.914346,0.29236582,0.82869196
1,1,0.5103194,0.69293416,0.020638824
1,1,0.56377333,0.68499094,0.12754667
1,0,0.89159715,0.34316298,0.7831943
1,1,0.5591575,0.68613154,0.11831498
1,1,0.5633435,0.6851008,0.12668705
1,0,0.87234885,0.38189715,0.7446977
0,1,0.5572923,0.6865679,0.114584565
1,0,0.89898825,0.32730037,0.7979765
1,0,0.8773069,0.37225673,0.75461376
1,1,0.563356,0.6850976,0.12671196
1,1,0.5549632,0.6870931,0.10992634
1,0,0.88788104,0.35092276,0.7757621
1,0,0.8773069,0.37225673,0.75461376
0,0,0.8723488,0.38189724,0.7446976
1,1,0.55915254,0.6861327,0.11830509
1,0,0.50381935,0.69311804,0.0076387227
0,1,0.55915487,0.6861322,0.118309736
0,1,0.5446631,0.68915224,0.08932614
0,1,0.55915314,0.68613255,0.11830628
1,0,0.6760666,0.6297989,0.35213315
0,1,0.55495465,0.6870949,0.109909296
0,1,0.52446723,0.6919494,0.04893446
0,1,0.54654354,0.6888083,0.09308708
1,0,0.6781447,0.62826,0.35628936
1,0,0.50381935,0.69311804,0.0076387227
1,0,0.678138,0.628265,0.35627604
0,0,0.8708583,0.3847518,0.7417166
1,0,0.9005497,0.32387346,0.8010994
1,0,0.9224052,0.27285546,0.84481037
0,1,0.5277783,0.6916032,0.055556655
1,1,0.5633479,0.6850997,0.12669575
1,0,0.9122374,0.2973305,0.8244748
0,1,0.54423714,0.6892282,0.08847427
1,0,0.50614977,0.69307154,0.012299538
0,1,0.50894254,0.69298726,0.017885089
1,0,0.52507067,0.6918896,0.050141305
0,0,0.87213445,0.38230902,0.7442689
1,0,0.5241111,0.69198406,0.048222184
0,0,0.6834768,0.62422085,0.36695364
1,0,0.6834805,0.6242181,0.366961
0,0,0.88636905,0.35404003,0.7727381
0,1,0.55917597,0.6861272,0.11835194
1,0,0.9010257,0.3228234,0.8020514
1,0,0.88560724,0.355602,0.7712145
0,1,0.5549667,0.6870923,0.10993338
0,1,0.5633727,0.68509334,0.12674534
0,1,0.55497515,0.6870904,0.109950304
0,1,0.5193359,0.69239926,0.03867185
1,0,0.9077787,0.30764726,0.81555736
1,1,0.57265335,0.6825527,0.1453067
1,1,0.53621656,0.6905216,0.072433114
1,0,0.8803325,0.3662619,0.76066506
0,1,0.5301055,0.6913334,0.060210943
0,1,0.54232055,0.68956083,0.0846411
1,0,0.6781331,0.62826866,0.35626614
1,0,0.87234885,0.38189715,0.7446977
1,0,0.90169674,0.3213388,0.8033935
0,1,0.5423355,0.68955827,0.08467102
1,1,0.56334734,0.68509984,0.12669468
0,0,0.88112533,0.36467686,0.76225066
1,0,0.87423193,0.378262,0.74846387
1,0,0.889564,0.347426,0.77912796
0,1,0.53246385,0.6910379,0.0649277
0,1,0.548948,0.6883477,0.09789598
1,1,0.5633538,0.6850982,0.12670755
0,1,0.5572994,0.6865663,0.11459875
0,1,0.56011873,0.68590117,0.12023747
0,0,0.6760615,0.62980264,0.35212302
0,1,0.55915725,0.6861316,0.118314505
0,0,0.6739837,0.6313215,0.34796736
1,1,0.56334865,0.6850995,0.1266973
1,0,0.91769314,0.28436774,0.8353863
1,0,0.8803325,0.3662619,0.76066506
1,0,0.50145173,0.693143,0.0029034615
1,0,0.889564,0.347426,0.77912796
1,0,0.89100933,0.3443999,0.78201866
1,1,0.57880664,0.68067425,0.15761328
0,0,0.88053507,0.3658575,0.76107013
1,0,0.6818461,0.6254701,0.36369216
1,0,0.89119595,0.34400758,0.7823919
0,1,0.54701227,0.68872035,0.09402454
1,0,0.91088945,0.3004751,0.8217789
1,0,0.50381935,0.69311804,0.0076387227
0,0,0.89519083,0.3355231,0.79038167
1,1,0.5531002,0.68749726,0.10620046
1,0,0.85046434,0.42190278,0.7009287
0,1,0.5596607,0.6860114,0.11932135
0,1,0.55495465,0.6870949,0.109909296
0,0,0.6928112,0.6168329,0.38562238
0,0,0.6797781,0.6270366,0.35955623
1,0,0.8511394,0.42072752,0.70227885
1,0,0.8803325,0.3662619,0.76066506
0,0,0.8534456,0.41668552,0.7068912
0,1,0.5093495,0.6929723,0.01869905
0,1,0.55551934,0.68696964,0.111038685
0,0,0.87423193,0.378262,0.74846387
1,1,0.5591738,0.68612766,0.118347645
0,0,0.8723489,0.38189703,0.7446978
0,0,0.88807184,0.35052776,0.77614367
0,1,0.54231924,0.689561,0.08463848
1,1,0.55490035,0.6871069,0.1098007
1,0,0.91345006,0.2944821,0.8269001
0,1,0.54241073,0.6895455,0.08482146
1,0,0.9230909,0.2711547,0.84618175
1,0,0.50145173,0.693143,0.0029034615
1,0,0.67977333,0.62704015,0.3595467
1,0,0.53259236,0.69102114,0.06518471
1,1,0.5362182,0.69052136,0.07243645
0,1,0.5310727,0.6912149,0.062145352
0,1,0.5512462,0.68788564,0.10249245
0,1,0.5573198,0.6865616,0.11463964
1,1,0.55915415,0.6861323,0.118308306
1,0,0.89049095,0.34548765,0.7809819
1,0,0.6782023,0.6282171,0.35640457
0,1,0.5320081,0.6910968,0.06401622
0,1,0.5291889,0.69144225,0.058377743
0,0,0.6853878,0.6227414,0.37077558
1,0,0.8748489,0.3770641,0.7496978
0,1,0.54654604,0.68880785,0.093092084
1,0,0.8785281,0.3698474,0.75705624
1,0,0.8944806,0.3370438,0.7889612
1,0,0.9025852,0.3193653,0.8051704
1,1,0.56334877,0.6850994,0.12669754
0,1,0.50937325,0.69297147,0.018746495
1,0,0.8760911,0.37464145,0.75218225
1,0,0.68141985,0.6257946,0.36283967
0,1,0.5465344,0.68881,0.09306884
1,0,0.5184611,0.6924654,0.036922216
0,0,0.6818419,0.62547326,0.36368382
1,0,0.87318695,0.38028324,0.7463739
1,0,0.53259236,0.69102114,0.06518471
0,1,0.5554466,0.68698585,0.11089325
1,1,0.5028027,0.6931315,0.005605459
1,1,0.500435,0.69314677,0.0008699894
1,0,0.87234885,0.38189715,0.7446977
1,0,0.89232445,0.34162775,0.7846489
0,1,0.5530954,0.68749833,0.1061908
1,0,0.51373065,0.6927701,0.02746132
0,0,0.87422997,0.3782659,0.74845994
1,0,0.91432345,0.2924191,0.8286469
1,0,0.90368545,0.31690896,0.8073709
0,1,0.55078524,0.68798,0.10157049
1,0,0.902858,0.31875753,0.80571604
1,0,0.87234885,0.38189715,0.7446977
1,1,0.5633574,0.6850972,0.12671483
1,0,0.90965664,0.3033315,0.8193133
0,1,0.5507929,0.68797845,0.101585746
1,0,0.90386564,0.31650534,0.8077313
1,0,0.91883713,0.28160042,0.83767426
0,1,0.5507506,0.687987,0.10150123
1,1,0.5106627,0.69291973,0.02132535
1,0,0.88112533,0.36467686,0.76225066
0,0,0.67813194,0.62826955,0.3562639
1,0,0.5293125,0.6914277,0.058624983
0,0,0.87107456,0.38433895,0.7421491
0,0,0.8775132,0.37185073,0.75502634
1,0,0.6781347,0.6282675,0.3562694
1,0,0.50995934,0.6929488,0.01991868
1,1,0.50705665,0.6930476,0.014113307
1,0,0.8803325,0.3662619,0.76066506
0,1,0.52823013,0.6915524,0.05646026
0,0,0.8815277,0.36387002,0.76305544
1,1,0.5633517,0.68509865,0.12670338
0,0,0.68552303,0.6226361,0.37104604
1,1,0.5633484,0.6850995,0.12669683
1,0,0.8813267,0.36427334,0.76265335
0,1,0.52065593,0.6922936,0.04131186
1,1,0.54885936,0.6883651,0.097718716
0,0,0.87609124,0.37464124,0.7521825
1,0,0.9120952,0.2976634,0.8241904
1,0,0.89658475,0.33252287,0.7931695
1,1,0.5106627,0.69291973,0.02132535
1,0,0.90436596,0.3153827,0.8087319
0,1,0.5512337,0.6878882,0.10246742
1,0,0.50618684,0.69307065,0.012373656
0,0,0.6855242,0.6226351,0.37104842
0,1,0.55123824,0.68788725,0.10247648
1,0,0.8764922,0.37385625,0.7529844
0,0,0.87992597,0.36707243,0.75985193
0,0,0.8510575,0.42087033,0.70211506
0,0,0.8890098,0.34858063,0.77801955
1,0,0.67978454,0.62703174,0.35956907
1,0,0.8874964,0.3517179,0.7749928
1,1,0.5108287,0.69291264,0.021657348
0,1,0.5527029,0.68758166,0.10540581
1,1,0.5633526,0.6850984,0.12670517
1,1,0.53621733,0.6905215,0.072434664
1,0,0.8826972,0.3615163,0.76539445
1,0,0.9129809,0.2955863,0.8259618
1,0,0.8897238,0.3470925,0.77944756
1,1,0.5633583,0.685097,0.12671661
0,1,0.55915374,0.68613243,0.11830747
1,0,0.67813796,0.628265,0.35627592
0,1,0.5376615,0.69030774,0.075322986
1,0,0.8813267,0.36427334,0.76265335
0,1,0.59614605,0.6745434,0.1922921
0,0,0.6818467,0.6254696,0.36369336
1,0,0.50381935,0.69311804,0.0076387227
0,1,0.54889095,0.6883589,0.0977819
0,1,0.53208005,0.6910875,0.06416011
1,1,0.50232166,0.6931364,0.004643321
1,0,0.90368545,0.31690896,0.8073709
1,0,0.67813647,0.6282662,0.3562729
1,1,0.5633373,0.68510234,0.12667465
1,0,0.52082515,0.6922796,0.041650325
1,0,0.8955512,0.33474943,0.7911024
1,0,0.89283514,0.3405464,0.7856703
1,1,0.5319822,0.6911001,0.06396437
1,0,0.8773069,0.37225673,0.75461376
0,0,0.9252267,0.26581454,0.8504534
0,0,0.87107456,0.38433895,0.7421491
1,0,0.89119595,0.34400758,0.7823919
1,0,0.8803325,0.3662619,0.76066506
1,0,0.87234885,0.38189715,0.7446977
1,0,0.5136937,0.69277203,0.02738738
0,1,0.55591667,0.6868807,0.111833334
1,0,0.5019327,0.6931397,0.0038653612
1,0,0.8906784,0.34509462,0.7813568
1,1,0.5428024,0.68947864,0.08560479
0,1,0.56148696,0.6855667,0.12297392
0,0,0.6777127,0.6285815,0.3554254
0,1,0.56149334,0.6855651,0.122986674
0,1,0.54231554,0.68956167,0.084631085
1,0,0.5084358,0.69300485,0.016871572
1,0,0.87318707,0.38028306,0.74637413
1,0,0.9030265,0.31838167,0.80605304
1,0,0.917402,0.28506914,0.83480406
1,0,0.8823129,0.36229125,0.7646258
1,0,0.87234885,0.38189715,0.7446977
1,1,0.5046893,0.6931032,0.009378552
1,0,0.5457546,0.68895435,0.09150922
1,0,0.87380826,0.37908268,0.7476165
1,0,0.6906582,0.61857295,0.3813164
1,0,0.6781379,0.6282651,0.3562758
1,0,0.8813267,0.36427334,0.76265335
0,0,0.8464428,0.4288301,0.69288564
1,0,0.67811215,0.6282843,0.3562243
1,0,0.9123913,0.29696998,0.8247826
0,0,0.68347895,0.6242193,0.3669579
1,0,0.88656324,0.3536409,0.7731265
0,0,0.86893237,0.38841122,0.73786473
1,0,0.5420102,0.68961334,0.08402035
0,1,0.5410056,0.6897805,0.08201122
1,0,0.9002312,0.3245747,0.80046237
0,0,0.88406926,0.35873812,0.7681385
1,0,0.8813267,0.36427334,0.76265335
1,1,0.56336373,0.68509567,0.12672746
1,0,0.5156158,0.6926594,0.031231642
1,0,0.91240317,0.2969422,0.82480633
0,1,0.56197476,0.68544567,0.12394953
1,0,0.89232445,0.34162775,0.7846489
1,0,0.89159715,0.34316298,0.7831943
0,0,0.8731868,0.38028347,0.74637365
1,0,0.50614977,0.69307154,0.012299538
1,1,0.5634331,0.6850779,0.12686622
0,1,0.5446725,0.6891506,0.08934498
1,0,0.85132796,0.42039865,0.7026559
1,0,0.679786,0.6270306,0.35957205
1,0,0.8983008,0.32880047,0.79660165
1,0,0.88732004,0.35208204,0.7746401
1,0,0.67812777,0.62827265,0.35625553
0,0,0.8813267,0.36427334,0.76265335
1,1,0.5633582,0.68509704,0.12671638
0,1,0.5273067,0.69165516,0.05461335
1,1,0.500435,0.69314677,0.0008699894
0,1,0.5470171,0.6887194,0.094034195
1,0,0.67402756,0.6312896,0.3480551
0,1,0.5633361,0.6851027,0.12667215
1,1,0.5633512,0.68509877,0.12670243
1,1,0.500435,0.69314677,0.0008699894
1,1,0.5634671,0.68506926,0.12693417
1,0,0.88231367,0.3622897,0.76462734
0,0,0.86915123,0.38799697,0.73830247
0,0,0.68184555,0.6254705,0.36369106
0,1,0.55501837,0.68708086,0.11003673
1,0,0.678118,0.6282799,0.356236
0,1,0.5466031,0.6887971,0.09320617
1,0,0.9131689,0.29514414,0.8263378
1,1,0.55916506,0.68612975,0.11833012
0,1,0.51082855,0.69291264,0.02165711
1,0,0.89642006,0.33287847,0.7928401
0,1,0.5572921,0.686568,0.11458421
1,0,0.87234664,0.38190138,0.7446933
1,0,0.8760895,0.37464464,0.752179
0,1,0.55733186,0.68655884,0.11466372
1,0,0.67607844,0.6297902,0.35215685
0,1,0.546537,0.6888095,0.093073964
1,0,0.87423193,0.37826204,0.74846387
1,1,0.56566995,0.6844971,0.13133991
0,0,0.8769071,0.37304237,0.7538142
1,0,0.50381935,0.69311804,0.0076387227
1,0,0.8512913,0.42046267,0.7025826
1,0,0.91240317,0.2969422,0.82480633
1,0,0.8976229,0.33027482,0.79524577
0,1,0.5592055,0.68612015,0.118410945
1,0,0.88053507,0.36585757,0.76107013
0,1,0.5549496,0.687096,0.10989916
0,1,0.5819006,0.67967105,0.1638012
0,1,0.5423553,0.6895549,0.0847106
1,0,0.50618684,0.69307065,0.012373656
1,0,0.5160963,0.6926289,0.032192588
0,1,0.52730626,0.69165516,0.054612517
1,0,0.67812824,0.6282723,0.35625646
1,0,0.53259236,0.69102114,0.06518471
1,0,0.89049095,0.34548765,0.7809819
0,1,0.55505925,0.6870718,0.11011851
0,1,0.53718877,0.6903786,0.07437754
0,1,0.55496454,0.6870927,0.109929085
1,0,0.87234885,0.38189715,0.7446977
1,0,0.6781343,0.62826777,0.35626864
1,0,0.87792677,0.37103552,0.75585353
0,1,0.59158164,0.6762777,0.18316329
1,0,0.8844479,0.35796824,0.76889575
0,1,0.52965444,0.69138736,0.059308887
1,1,0.50705665,0.6930476,0.014113307
0,1,0.5437738,0.68931,0.08754754
1,0,0.6775579,0.62869656,0.35511577
1,0,0.88732004,0.35208204,0.7746401
1,0,0.554258,0.6872477,0.10851598
0,1,0.54280716,0.6894778,0.08561432
0,1,0.5338574,0.69085276,0.06771481
1,0,0.51657677,0.6925975,0.033153504
0,1,0.54231834,0.6895612,0.08463669
1,0,0.89323103,0.33970627,0.78646207
0,1,0.5435386,0.6893512,0.08707714
1,1,0.5106627,0.69291973,0.02132535
1,0,0.92854613,0.2573835,0.85709226
0,0,0.58577573,0.67835915,0.17155147
1,1,0.5472021,0.68868446,0.09440422
1,0,0.87423193,0.3782621,0.74846387
1,0,0.67978644,0.6270303,0.35957292
1,0,0.8815277,0.36387002,0.76305544
1,1,0.5633905,0.68508875,0.12678099
1,1,0.56334424,0.68510056,0.12668848
0,1,0.5470519,0.68871284,0.09410381
1,0,0.678136,0.6282666,0.35627195
0,0,0.6845187,0.62341636,0.36903736
1,0,0.89232445,0.34162775,0.7846489
1,0,0.90368545,0.31690896,0.8073709
1,0,0.8773069,0.37225673,0.75461376
1,0,0.67814445,0.62826025,0.35628894
1,1,0.5530928,0.68749887,0.106185555
0,1,0.54887885,0.6883613,0.0977577
0,0,0.8769081,0.37304044,0.75381625
1,0,0.8773069,0.37225673,0.75461376
0,0,0.85130394,0.4204406,0.70260787
1,1,0.56800103,0.6838702,0.13600206
0,1,0.5578095,0.68644834,0.115618944
1,0,0.50807315,0.6930169,0.016146302
1,1,0.500435,0.69314677,0.0008699894
1,1,0.5638427,0.6849731,0.12768543
0,1,0.5591552,0.6861321,0.11831045
1,0,0.89232445,0.34162775,0.7846489
1,0,0.5434057,0.6893743,0.08681142
1,0,0.67813414,0.6282679,0.3562683
0,0,0.51331913,0.6927923,0.0266383
0,1,0.55361724,0.6873865,0.10723448
0,1,0.5591585,0.6861313,0.11831701
1,0,0.8742293,0.3782671,0.7484586
1,0,0.89119595,0.34400758,0.7823919
0,1,0.5405381,0.6898569,0.081076145
1,1,0.5089429,0.6929872,0.017885804
0,1,0.5573254,0.6865603,0.114650846
1,0,0.5307132,0.6912594,0.06142643
0,0,0.8740202,0.37867236,0.74804044
0,0,0.67398715,0.631319,0.34797427
0,0,0.85009843,0.42253828,0.70019686
1,0,0.8513508,0.4203588,0.70270157
1,1,0.5572967,0.6865669,0.11459339
0,1,0.53482324,0.6907199,0.06964648
1,1,0.56334955,0.68509924,0.12669909
1,0,0.5019327,0.6931397,0.0038653612
0,0,0.8729737,0.3806945,0.74594736
0,1,0.5559391,0.6868757,0.11187816
0,0,0.8510623,0.42086202,0.7021246
0,0,0.68142825,0.6257882,0.3628565
0,1,0.55967,0.68600917,0.11933994
0,1,0.5363167,0.69050705,0.072633386
0,0,0.87792665,0.37103575,0.7558533
1,0,0.89250916,0.34123695,0.7850183
0,0,0.90519387,0.3135186,0.81038773
1,0,0.678138,0.628265,0.35627604
1,0,0.6781337,0.6282682,0.35626748
1,0,0.89323103,0.33970627,0.78646207
1,0,0.8944526,0.33710366,0.78890514
1,0,0.8773069,0.37225673,0.75461376
1,0,0.88560724,0.355602,0.7712145
1,0,0.89159715,0.34316298,0.7831943
1,0,0.52222836,0.6921587,0.04445675
1,1,0.55496037,0.6870937,0.10992074
1,0,0.8944526,0.33710366,0.78890514
0,0,0.9186928,0.28195038,0.83738565
1,0,0.8962137,0.33332354,0.7924274
0,1,0.5404885,0.68986493,0.08097696
1,0,0.90918124,0.30442807,0.8183625
0,1,0.5591557,0.68613195,0.118311405
0,0,0.89103675,0.34434223,0.7820735
0,1,0.55496305,0.6870931,0.109926105
1,1,0.5447322,0.68913984,0.089464426
0,1,0.56568927,0.684492,0.13137853
1,0,0.6818458,0.62547034,0.36369157
1,0,0.67813396,0.628268,0.3562679
0,0,0.6891738,0.6197601,0.37834767
1,0,0.5415326,0.68969333,0.08306515
1,1,0.56334174,0.6851013,0.12668347
1,1,0.56335694,0.68509734,0.12671387
0,1,0.55728143,0.6865704,0.11456287
1,0,0.8899414,0.34663782,0.7798828
1,0,0.92559505,0.26488703,0.8511901
0,1,0.56335413,0.68509805,0.12670827
1,0,0.8803325,0.3662619,0.76066506
1,0,0.50614977,0.69307154,0.012299538
0,1,0.54888475,0.6883601,0.0977695
0,1,0.5465396,0.68880904,0.09307921
0,1,0.5614923,0.6855654,0.12298465
0,1,0.5512404,0.6878868,0.10248077
1,0,0.5307132,0.6912594,0.06142643
0,0,0.91041917,0.30156696,0.82083833
1,0,0.8513205,0.42041168,0.702641
1,0,0.67813456,0.6282676,0.35626915
1,1,0.503751,0.69311905,0.00750196
1,1,0.5633465,0.6851,0.12669301
1,0,0.9060043,0.3116862,0.8120086
1,0,0.8971187,0.3313681,0.7942374
1,1,0.5633542,0.68509805,0.12670839
1,0,0.5541783,0.68726504,0.108356595
1,0,0.5448006,0.68912756,0.08960116
1,0,0.90664506,0.31023195,0.8132901
1,0,0.90103894,0.32279417,0.8020779
1,0,0.89643353,0.33284935,0.79286706
1,1,0.5385722,0.6901686,0.077144384
1,0,0.89159715,0.34316298,0.7831943
1,0,0.8773069,0.37225673,0.75461376
0,1,0.6079558,0.66965365,0.21591163
0,1,0.52966577,0.691386,0.059331536
1,1,0.500435,0.69314677,0.0008699894
0,1,0.5530973,0.68749785,0.106194615
1,0,0.5184611,0.6924654,0.036922216
0,1,0.54819626,0.6884942,0.09639251
0,1,0.5591587,0.68613124,0.118317366
1,1,0.55914617,0.6861342,0.11829233
1,0,0.8897238,0.3470925,0.77944756
1,0,0.50995934,0.6929488,0.01991868
0,1,0.5390526,0.6900939,0.07810521
0,1,0.5446725,0.6891506,0.08934498
0,0,0.6818521,0.6254655,0.36370417
0,1,0.5408039,0.68981355,0.08160782
1,0,0.8813267,0.36427334,0.76265335
0,1,0.548889,0.68835926,0.09777796
0,1,0.5591528,0.68613267,0.118305564
0,1,0.5428358,0.6894729,0.085671544
0,0,0.87873316,0.3694415,0.7574663
0,0,0.848889,0.42463142,0.697778
1,0,0.87423193,0.3782621,0.74846387
0,1,0.56333005,0.6851042,0.12666011
1,0,0.68184197,0.62547326,0.36368394
0,1,0.51082855,0.69291264,0.02165711
0,0,0.8750593,0.37665474,0.7501186
1,0,0.8723489,0.38189703,0.7446978
1,0,0.50381935,0.69311804,0.0076387227
0,1,0.55916864,0.6861289,0.11833727
0,1,0.5587309,0.68623257,0.1174618
1,0,0.9122374,0.2973305,0.8244748
0,1,0.5010669,0.6931449,0.0021338463
1,1,0.5507569,0.6879858,0.10151374
1,0,0.8803325,0.3662619,0.76066506
1,0,0.9218739,0.27416855,0.84374785
0,1,0.59841985,0.67364717,0.19683969
0,0,0.6891789,0.6197561,0.37835777
0,0,0.87402016,0.37867245,0.7480403
0,1,0.5404489,0.68987143,0.08089781
0,1,0.555173,0.68704665,0.11034596
0,0,0.88406926,0.35873806,0.7681385
0,0,0.8723489,0.38189703,0.7446978
0,0,0.68552136,0.62263733,0.3710427
1,0,0.5019327,0.6931397,0.0038653612
1,0,0.8742306,0.37826458,0.74846125
1,0,0.5080732,0.6930168,0.016146421
0,0,0.87772036,0.37144256,0.7554407
1,0,0.8838719,0.35913885,0.7677438
1,0,0.6781361,0.62826645,0.35627222
0,0,0.8721344,0.38230908,0.7442688
0,1,0.55497223,0.68709105,0.10994446
0,1,0.5572934,0.68656766,0.11458683
1,0,0.87234885,0.38189715,0.7446977
1,1,0.5549605,0.6870936,0.10992098
1,0,0.8852019,0.3564309,0.77040374
0,1,0.5591647,0.6861298,0.118329406
1,0,0.5293125,0.6914277,0.058624983
1,0,0.90371126,0.31685114,0.8074225
1,0,0.8976229,0.33027482,0.79524577
0,1,0.52778435,0.69160247,0.055568695
1,0,0.8760912,0.37464136,0.75218236
1,1,0.52774584,0.6916067,0.055491686
1,0,0.9341175,0.24285561,0.868235
0,1,0.5371813,0.69037974,0.074362636
1,1,0.5428597,0.68946874,0.08571935
1,0,0.67190456,0.6328216,0.34380913
0,1,0.5488834,0.6883604,0.09776676
1,0,0.88898104,0.3486404,0.7779621
0,1,0.5474972,0.68862844,0.094994426
1,1,0.5633477,0.6850997,0.1266954
1,1,0.56567526,0.68449575,0.13135052
0,0,0.6818414,0.62547374,0.36368272
0,1,0.56011355,0.68590236,0.1202271
1,0,0.9063315,0.31094426,0.81266296
0,0,0.87318546,0.3802861,0.7463709
1,0,0.50614977,0.69307154,0.012299538
1,0,0.85133886,0.42037964,0.7026777
0,0,0.87318575,0.38028553,0.7463715
0,1,0.54376006,0.6893124,0.08752012
1,1,0.563347,0.68509984,0.12669396
0,1,0.5457062,0.6889632,0.091412425
1,0,0.8813267,0.36427334,0.76265335
1,0,0.90355664,0.31719723,0.8071133
0,1,0.56662446,0.6842431,0.13324893
1,0,0.87380826,0.37908268,0.7476165
0,0,0.87792665,0.37103575,0.7558533
0,1,0.5207312,0.6922873,0.04146242
0,1,0.51082855,0.69291264,0.02165711
0,1,0.54888475,0.6883601,0.0977695
0,1,0.51082855,0.69291264,0.02165711
1,0,0.8803325,0.3662619,0.76066506
0,1,0.5591495,0.6861335,0.11829901
0,0,0.6777352,0.62856483,0.3554704
0,0,0.8750595,0.37665442,0.750119
1,1,0.55915546,0.6861321,0.11831093
1,0,0.9105525,0.30125767,0.821105
1,1,0.5679983,0.6838709,0.13599658
1,1,0.5465393,0.6888091,0.09307861
1,0,0.67978287,0.627033,0.35956576
1,0,0.8813267,0.36427334,0.76265335
1,0,0.87234885,0.38189715,0.7446977
1,0,0.5293125,0.6914277,0.058624983
0,0,0.6714753,0.63312894,0.3429506
1,0,0.85133994,0.4203778,0.7026799
1,0,0.889564,0.347426,0.77912796
0,1,0.5591586,0.68613124,0.11831725
1,1,0.5046893,0.6931032,0.009378552
1,1,0.5633647,0.6850954,0.12672937
0,0,0.86455727,0.3966037,0.72911453
1,0,0.909474,0.30375308,0.81894803
1,0,0.89428484,0.33746198,0.7885697
0,0,0.8813267,0.36427334,0.76265335
0,1,0.5572974,0.6865667,0.11459482
1,0,0.87234885,0.38189715,0.7446977
1,1,0.5633349,0.68510294,0.12666976
0,0,0.88560694,0.35560262,0.7712139
0,0,0.8738082,0.3790828,0.7476164
0,0,0.84888756,0.4246339,0.6977751
1,0,0.53259236,0.69102114,0.06518471
0,1,0.5656662,0.68449813,0.1313324
0,0,0.50670266,0.6930573,0.013405323
1,0,0.9137421,0.29379335,0.82748425
1,0,0.53730464,0.6903613,0.07460925
1,0,0.50711155,0.693046,0.014223069
0,0,0.86915123,0.38799697,0.73830247
0,1,0.5315479,0.6911553,0.06309581
1,1,0.5404424,0.68987244,0.080884814
1,0,0.6781392,0.6282642,0.3562784
0,1,0.5319957,0.69109833,0.06399143
0,0,0.8756725,0.3754594,0.75134504
0,1,0.5489128,0.6883546,0.09782565
1,1,0.55729413,0.68656754,0.11458826
1,0,0.6781431,0.6282612,0.35628617
0,1,0.5140874,0.6927502,0.028174758
1,0,0.5123259,0.6928433,0.024651736
1,0,0.6760694,0.6297968,0.3521388
1,0,0.8848405,0.35716844,0.769681
1,1,0.54470617,0.6891446,0.08941233
1,0,0.5293125,0.6914277,0.058624983
1,1,0.51082104,0.69291294,0.021642089
1,1,0.51021117,0.6929386,0.02042234
1,0,0.68185246,0.6254653,0.36370495
0,0,0.8729736,0.38069463,0.74594724
0,1,0.5636522,0.6850219,0.12730443
1,0,0.5420102,0.68961334,0.08402035
1,1,0.5319801,0.69110036,0.063960195
1,0,0.6907911,0.61846626,0.38158214
0,1,0.55081743,0.6879734,0.10163486
0,1,0.5530951,0.68749833,0.106190205
0,1,0.5591542,0.6861323,0.118308425
1,0,0.8500891,0.4225545,0.70017815
1,0,0.87234885,0.38189715,0.7446977
0,1,0.5225846,0.69212663,0.045169234
1,0,0.87085843,0.3847516,0.74171686
1,0,0.8976229,0.33027482,0.79524577
1,0,0.50995934,0.6929488,0.01991868
1,0,0.88053507,0.36585757,0.76107013
0,1,0.5512337,0.6878882,0.10246742
1,0,0.8921395,0.34201872,0.784279
1,0,0.87423193,0.3782621,0.74846387
0,0,0.50669605,0.69305754,0.013392091
1,0,0.9237292,0.2695656,0.84745836
1,0,0.90774137,0.30773252,0.81548274
1,1,0.5549428,0.68709755,0.10988557
0,1,0.5549524,0.68709546,0.109904766
1,0,0.6781458,0.6282592,0.35629165
1,0,0.52222836,0.6921587,0.04445675
1,0,0.67813706,0.62826574,0.3562741
0,1,0.5512337,0.6878882,0.10246742
1,0,0.889564,0.347426,0.77912796
1,0,0.8803325,0.3662619,0.76066506
1,1,0.538089,0.6902428,0.076177955
1,0,0.8960761,0.33362016,0.79215217
0,1,0.5081686,0.6930137,0.016337156
0,1,0.5573001,0.6865661,0.11460018
0,0,0.874232,0.37826192,0.748464
0,1,0.5637457,0.68499804,0.12749135
0,1,0.5633348,0.68510294,0.12666965
1,1,0.54466766,0.68915147,0.08933532
1,0,0.5075924,0.6930319,0.01518476
0,1,0.5596394,0.6860165,0.11927879
1,0,0.8901297,0.34624413,0.7802594
0,1,0.5321854,0.691074,0.06437075
0,1,0.5404725,0.6898675,0.080945015
1,0,0.88051945,0.36588874,0.7610389
1,0,0.6760777,0.62979066,0.35215548
0,1,0.56334436,0.68510056,0.12668872
0,1,0.5512568,0.6878835,0.10251355
0,1,0.5591636,0.6861301,0.11832714
0,0,0.50285196,0.6931309,0.005703956
0,1,0.52758545,0.6916245,0.055170894
0,0,0.8439661,0.43303424,0.68793225
1,0,0.6818372,0.62547684,0.36367443
1,1,0.56335104,0.6850989,0.12670207
1,0,0.5160963,0.6926289,0.032192588
1,0,0.9146476,0.2916511,0.82929516
0,0,0.66990054,0.6342491,0.3398011
0,1,0.5404468,0.6898717,0.080893636
0,1,0.50887924,0.69298947,0.017758489
0,1,0.547003,0.6887221,0.09400594
0,1,0.54653937,0.68880904,0.09307873
1,0,0.8976229,0.33027482,0.79524577
1,1,0.5591599,0.686131,0.11831975
1,0,0.9199557,0.27887762,0.83991134
1,1,0.55915046,0.6861332,0.118300915
1,0,0.52222836,0.6921587,0.04445675
0,0,0.67802024,0.62835276,0.35604048
1,0,0.6781366,0.6282661,0.35627317
1,1,0.5112265,0.69289505,0.02245295
0,1,0.55031973,0.68807447,0.10063946
0,1,0.54231244,0.6895622,0.08462489
0,1,0.53489155,0.6907104,0.06978309
1,0,0.5307132,0.6912594,0.06142643
1,1,0.5549631,0.6870931,0.109926224
1,0,0.90371126,0.31685114,0.8074225
0,0,0.68552357,0.6226356,0.37104714
0,1,0.55358213,0.687394,0.10716426
1,0,0.91681707,0.2864752,0.83363414
0,0,0.9128626,0.29586428,0.8257252
1,0,0.87380826,0.37908268,0.7476165
0,0,0.88033235,0.36626232,0.7606647
0,1,0.5507577,0.6879856,0.10151541
0,1,0.51833224,0.69247484,0.036664486
1,1,0.5512245,0.68789005,0.10244906
1,0,0.6834754,0.62422204,0.36695072
1,1,0.5633439,0.6851007,0.12668777
1,0,0.9096079,0.3034441,0.8192158
0,0,0.8731868,0.38028347,0.74637365
0,0,0.87912637,0.368662,0.75825274
0,1,0.56149435,0.6855649,0.1229887
1,0,0.8844479,0.35796824,0.76889575
1,0,0.9096323,0.3033877,0.81926465
1,0,0.6855233,0.62263584,0.37104654
1,0,0.8512784,0.42048514,0.70255685
1,0,0.8983008,0.32880047,0.79660165
0,0,0.6793594,0.6273514,0.35871875
1,1,0.5614799,0.68556845,0.12295985
0,1,0.5329659,0.6909721,0.0659318
1,0,0.84992886,0.4228325,0.6998577
0,1,0.561643,0.6855281,0.12328601
0,0,0.8474263,0.4271476,0.6948526
0,0,0.6777117,0.62858224,0.35542348
0,1,0.54140955,0.6897137,0.082819104
1,0,0.50381935,0.69311804,0.0076387227
0,1,0.5446667,0.68915164,0.089333415
1,0,0.8928635,0.34048626,0.785727
1,0,0.9010257,0.3228234,0.8020514
0,1,0.5447297,0.6891403,0.08945942
1,0,0.67813826,0.6282648,0.35627654
1,1,0.5633485,0.6850995,0.12669694
0,0,0.6735616,0.6316277,0.34712315
0,1,0.55129194,0.68787616,0.102583885
0,1,0.56850773,0.68373096,0.13701546
1,0,0.6797965,0.62702274,0.35959303
1,0,0.8960761,0.33362016,0.79215217
1,0,0.89936393,0.3264783,0.79872787
1,1,0.5046893,0.6931032,0.009378552
0,0,0.6871463,0.62136495,0.37429264
0,0,0.8740203,0.37867224,0.74804056
0,1,0.5591424,0.6861351,0.11828482
1,0,0.90994805,0.30265796,0.8198961
1,0,0.8960761,0.33362016,0.79215217
0,0,0.52570105,0.6918255,0.05140212
1,0,0.67813617,0.6282664,0.35627234
1,1,0.5549617,0.6870934,0.10992336
1,0,0.6760889,0.62978244,0.35217786
1,0,0.8955096,0.33483878,0.7910192
1,0,0.889564,0.347426,0.77912796
1,0,0.8960761,0.33362016,0.79215217
0,0,0.8813261,0.3642745,0.76265216
1,0,0.67607236,0.6297946,0.35214475
1,0,0.6891697,0.6197634,0.3783394
0,0,0.673564,0.6316259,0.34712803
1,0,0.6870078,0.6214739,0.3740156
0,0,0.9181273,0.2833195,0.8362546
1,0,0.8897238,0.3470925,0.77944756
1,0,0.8512515,0.42053214,0.70250297
0,0,0.8865633,0.35364082,0.7731266
0,1,0.554961,0.68709356,0.10992205
1,0,0.50145173,0.693143,0.0029034615
0,0,0.87129045,0.38392627,0.7425809
0,1,0.5489093,0.68835527,0.09781861
1,0,0.9157957,0.28891957,0.83159137
0,1,0.54104143,0.68977463,0.08208287
0,1,0.56334466,0.6851005,0.12668931
0,1,0.5470159,0.68871963,0.09403181
0,0,0.87402016,0.37867245,0.7480403
0,1,0.5591542,0.6861323,0.118308425
1,0,0.889564,0.347426,0.77912796
0,1,0.54653716,0.6888095,0.09307432
0,0,0.87129045,0.38392627,0.7425809
0,1,0.55076206,0.6879847,0.101524115
1,0,0.8944806,0.3370438,0.7889612
1,0,0.67814505,0.6282598,0.3562901
0,1,0.55915856,0.6861313,0.11831713
0,0,0.674982,0.6305942,0.34996402
0,0,0.8750593,0.37665474,0.7501186
1,0,0.5136937,0.69277203,0.02738738
1,1,0.5089429,0.6929872,0.017885804
0,1,0.5596796,0.6860069,0.119359255
0,1,0.55075026,0.6879871,0.10150051
1,0,0.885787,0.35523394,0.771574
0,1,0.51082855,0.69291264,0.02165711
0,1,0.5343705,0.69078267,0.068740964
0,1,0.5465431,0.6888084,0.09308624
1,1,0.5087165,0.6929952,0.017433047
0,1,0.5465463,0.68880785,0.09309256
0,1,0.537347,0.69035494,0.07469404
1,0,0.8777204,0.3714424,0.75544083
1,0,0.8513504,0.42035946,0.70270085
1,0,0.67813677,0.628266,0.35627353
0,1,0.54188704,0.68963397,0.08377409
1,1,0.5633322,0.68510365,0.1266644
1,0,0.89119595,0.34400758,0.7823919
0,0,0.88033193,0.3662631,0.76066387
1,0,0.89937735,0.32644892,0.7987547
1,0,0.89046204,0.34554824,0.7809241
0,0,0.8760902,0.37464327,0.75218046
0,1,0.5559258,0.6868787,0.11185157
1,0,0.87973887,0.36744493,0.75947773
1,0,0.8848405,0.35716844,0.769681
0,1,0.54888254,0.6883606,0.09776509
1,0,0.50711155,0.693046,0.014223069
1,0,0.88767457,0.35134977,0.77534914
1,0,0.88132614,0.36427438,0.7626523
1,0,0.8848405,0.35716844,0.769681
0,0,0.6871475,0.621364,0.37429503
1,0,0.6797799,0.62703526,0.3595598
0,0,0.6739837,0.6313215,0.34796742
1,1,0.54653645,0.68880963,0.09307289
0,1,0.5633384,0.6851021,0.1266768
1,0,0.6781424,0.6282617,0.35628486
0,0,0.8729737,0.38069454,0.74594736
1,1,0.5634357,0.6850773,0.12687135
0,0,0.8787333,0.36944127,0.75746655
0,1,0.5549564,0.68709457,0.10991275
1,0,0.88732004,0.35208204,0.7746401
0,1,0.5362204,0.69052106,0.07244074
1,0,0.50807315,0.6930169,0.016146302
1,0,0.88654834,0.35367158,0.7730967
0,1,0.5596226,0.6860205,0.11924517
1,0,0.8890103,0.34857953,0.7780206
1,0,0.67813456,0.6282676,0.35626912
1,0,0.889564,0.347426,0.77912796
1,0,0.678137,0.62826574,0.356274
1,1,0.56334823,0.6850996,0.12669647
1,0,0.5123259,0.6928433,0.024651736
1,0,0.9156357,0.28930116,0.8312714
0,0,0.6766607,0.6293609,0.35332143
1,0,0.50381935,0.69311804,0.0076387227
0,1,0.5633566,0.68509746,0.12671316
0,1,0.56332284,0.68510604,0.12664568
1,0,0.50381935,0.69311804,0.0076387227
1,0,0.67813694,0.6282658,0.35627392
0,1,0.5032189,0.69312644,0.0064377785
0,1,0.554957,0.68709445,0.109913945
1,1,0.50091594,0.6931455,0.0018318892
0,1,0.5329831,0.6909698,0.06596625
1,0,0.67813504,0.6282672,0.35627007
0,1,0.55495703,0.6870944,0.109914064
1,0,0.91938716,0.2802636,0.8387743
1,0,0.88656324,0.3536409,0.7731265
0,0,0.88406926,0.35873812,0.7681385
0,0,0.88484055,0.35716832,0.7696811
0,1,0.5614871,0.68556666,0.12297416
0,0,0.68347085,0.6242255,0.3669417
1,0,0.50807315,0.6930169,0.016146302
1,0,0.50333846,0.6931249,0.0066768825
1,0,0.52082515,0.6922796,0.041650325
1,0,0.52883315,0.6914835,0.057666272
0,1,0.55309397,0.68749857,0.10618794
1,0,0.678136,0.6282666,0.35627195
1,0,0.54105484,0.68977237,0.08210972
1,0,0.50381935,0.69311804,0.0076387227
1,0,0.67813987,0.6282636,0.35627973
0,1,0.553128,0.6874913,0.10625601
0,0,0.8738082,0.3790828,0.7476164
1,1,0.5108235,0.6929129,0.021646976
0,1,0.56149495,0.68556476,0.12298989
0,1,0.55494934,0.6870961,0.10989869
0,0,0.878528,0.36984763,0.757056
0,1,0.5549578,0.6870942,0.109915614
0,0,0.66137636,0.64011836,0.32275274
0,1,0.5615909,0.685541,0.12318182
1,0,0.8844479,0.35796824,0.76889575
0,0,0.68347526,0.6242221,0.36695054
1,0,0.50381935,0.69311804,0.0076387227
0,1,0.5591636,0.6861301,0.11832714
0,1,0.5938529,0.6754255,0.18770576
0,1,0.5507899,0.68797904,0.101579785
1,0,0.9133213,0.29478538,0.82664263
0,1,0.55542815,0.68698996,0.110856295
0,1,0.5549553,0.6870948,0.10991061
1,0,0.88560724,0.355602,0.7712145
0,0,0.6718991,0.63282555,0.34379816
1,1,0.5220281,0.69217634,0.044056177
1,1,0.56334066,0.6851015,0.12668133
1,0,0.50570595,0.6930821,0.011411905
0,1,0.55495924,0.6870939,0.109918475
0,1,0.54945314,0.6882479,0.09890628
1,0,0.89192563,0.34247032,0.78385127
0,1,0.54231465,0.68956184,0.0846293
0,1,0.54888225,0.6883606,0.09776449
0,0,0.67965436,0.62712973,0.3593087
0,1,0.5554361,0.68698823,0.11087215
1,1,0.55915374,0.68613243,0.11830747
0,1,0.55923015,0.68611425,0.1184603
0,1,0.5549619,0.6870933,0.10992384
0,1,0.51082855,0.69291264,0.02165711
1,0,0.67813647,0.6282662,0.3562729
0,1,0.54047203,0.6898676,0.08094406
1,0,0.678104,0.6282904,0.35620797
1,0,0.90035063,0.32431185,0.80070126
1,0,0.88053405,0.36585957,0.7610681
1,0,0.90385276,0.31653416,0.8077055
1,1,0.5569385,0.6866491,0.11387706
0,0,0.8513031,0.42044207,0.7026062
1,1,0.5633538,0.6850982,0.12670755
1,0,0.8803325,0.3662619,0.76066506
1,1,0.56363773,0.6850257,0.12727547
1,1,0.5591576,0.6861315,0.11831522
0,0,0.6853893,0.6227402,0.3707786
1,0,0.67606854,0.62979746,0.35213712
0,0,0.6818452,0.62547076,0.36369035
0,1,0.5591509,0.68613315,0.11830175
1,1,0.5634701,0.6850685,0.12694025
1,0,0.85134816,0.42036346,0.7026963
0,1,0.53198487,0.6910997,0.06396973
1,0,0.90368545,0.31690896,0.8073709
1,0,0.8840683,0.35874003,0.7681366
0,1,0.55495906,0.687094,0.10991812
1,0,0.8955511,0.33474967,0.7911022
1,0,0.67813504,0.6282672,0.35627005
1,0,0.90070856,0.32352328,0.8014171
0,1,0.5301045,0.69133353,0.060209036
1,0,0.89086556,0.3447018,0.7817311
0,1,0.536215,0.69052184,0.072430015
1,0,0.9086913,0.30555534,0.8173826
1,0,0.8978132,0.3298615,0.7956264
0,1,0.5082622,0.6930107,0.016524434
0,1,0.55494803,0.68709636,0.109896064
1,0,0.920227,0.2782146,0.840454
1,0,0.9221612,0.27345887,0.84432244
0,0,0.8723488,0.3818972,0.7446976
0,1,0.5522271,0.6876819,0.10445416
0,1,0.56333727,0.68510234,0.12667453
0,1,0.5362148,0.69052184,0.07242966
0,1,0.5549522,0.68709546,0.10990441
0,0,0.8769081,0.37304038,0.75381625
1,1,0.56333345,0.6851033,0.1266669
0,0,0.6760653,0.62979984,0.35213068
0,1,0.55915666,0.6861317,0.11831331
0,1,0.55310684,0.6874958,0.10621369
0,1,0.55079746,0.6879775,0.101594925
0,1,0.5423239,0.6895603,0.084647775
0,0,0.8813254,0.36427584,0.76265085
0,0,0.8777202,0.3714429,0.75544035
0,1,0.56333816,0.6851021,0.12667632
1,1,0.5507538,0.6879864,0.101507545
0,0,0.86915123,0.38799697,0.73830247
1,0,0.90855616,0.3058657,0.8171123
0,1,0.5470203,0.6887188,0.09404063
0,1,0.554953,0.6870953,0.10990596
1,0,0.90173614,0.32125142,0.8034723
0,0,0.6760844,0.6297858,0.3521688
1,0,0.67813754,0.6282654,0.35627508
1,0,0.676075,0.6297927,0.35215
0,1,0.5555012,0.6869737,0.111002445
0,0,0.67979014,0.6270275,0.35958025
1,0,0.5457546,0.68895435,0.09150922
1,1,0.56335104,0.6850989,0.12670207
1,0,0.8795352,0.36785007,0.7590704
0,0,0.6735607,0.6316283,0.34712136
1,0,0.5184611,0.6924654,0.036922216
0,1,0.5549417,0.6870978,0.10988343
0,0,0.8738082,0.3790828,0.7476164
0,1,0.55544484,0.68698627,0.11088967
0,1,0.54084474,0.6898068,0.08168948
0,1,0.5572963,0.68656695,0.11459255
1,0,0.889564,0.347426,0.77912796
0,1,0.55543816,0.6869877,0.11087632
0,0,0.8723489,0.38189703,0.7446978
1,0,0.909169,0.30445623,0.81833804
1,1,0.58418316,0.67890584,0.16836631
0,1,0.53246385,0.6910379,0.0649277
0,0,0.874231,0.37826395,0.74846196
1,0,0.52270836,0.6921154,0.045416713
1,1,0.5591542,0.6861323,0.118308425
1,0,0.52787435,0.6915924,0.05574867
0,1,0.55913013,0.68613803,0.118260264
1,0,0.8723487,0.3818974,0.74469745
1,0,0.6760668,0.6297987,0.35213363
0,1,0.5211818,0.6922496,0.042363644
0,1,0.55310893,0.68749547,0.10621786
1,0,0.88365906,0.35957062,0.7673181
0,1,0.56334716,0.68509984,0.12669432
1,0,0.9218739,0.27416855,0.84374785
0,1,0.54984266,0.6881703,0.09968531
0,1,0.5596285,0.6860191,0.11925697
0,1,0.55916166,0.6861306,0.118323326
1,0,0.5448006,0.68912756,0.08960116
1,0,0.8513542,0.42035294,0.70270836
1,0,0.8978268,0.32983196,0.7956536
1,1,0.54659414,0.6887989,0.093188286
0,0,0.87129045,0.38392627,0.7425809
1,0,0.6781398,0.6282637,0.35627958
1,0,0.942524,0.2199654,0.88504803
1,1,0.55915934,0.6861311,0.11831868
1,0,0.909169,0.30445623,0.81833804
0,1,0.5633425,0.68510103,0.12668502
1,0,0.8803325,0.3662619,0.76066506
0,1,0.55496246,0.6870932,0.10992491
1,0,0.9224158,0.27282917,0.8448316
1,0,0.5075924,0.6930319,0.01518476
1,0,0.6797861,0.6270306,0.35957214
1,0,0.89192563,0.34247032,0.78385127
0,1,0.55315834,0.68748486,0.106316686
1,1,0.55914956,0.68613344,0.11829913
1,0,0.89119595,0.34400758,0.7823919
0,0,0.91632664,0.28765053,0.8326533
0,0,0.8838713,0.35913998,0.76774263
0,1,0.5489128,0.6883546,0.09782565
1,0,0.9180834,0.28342557,0.83616686
0,0,0.67814654,0.62825865,0.35629308
0,1,0.53342664,0.6909108,0.066853285
0,0,0.6818402,0.6254746,0.36368033
0,1,0.54889166,0.6883587,0.09778333
1,0,0.89119595,0.34400758,0.7823919
1,0,0.89428484,0.33746198,0.7885697
1,1,0.55495405,0.68709505,0.109908104
1,0,0.8813267,0.36427334,0.76265335
0,0,0.6814244,0.62579113,0.3628488
1,0,0.8955512,0.33474943,0.7911024
1,1,0.563323,0.68510604,0.12664604
0,1,0.55309594,0.6874982,0.10619187
0,1,0.5362194,0.69052124,0.072438836
1,0,0.88594556,0.3549091,0.7718911
1,0,0.8797379,0.36744687,0.7594758
1,0,0.5179809,0.6925004,0.035961747
0,1,0.51605964,0.69263124,0.032119274
1,0,0.90368545,0.31690896,0.8073709
0,1,0.6098657,0.6688081,0.21973145
1,0,0.9010654,0.3227357,0.8021308
1,0,0.90355664,0.31719723,0.8071133
0,0,0.8760912,0.37464133,0.75218236
0,1,0.53433347,0.6907878,0.068666935
1,0,0.68750894,0.6210793,0.37501785
1,0,0.89323103,0.33970627,0.78646207
0,1,0.5633494,0.68509924,0.12669885
1,0,0.52082515,0.6922796,0.041650325
1,0,0.7102219,0.6019529,0.42044374
1,0,0.9232168,0.27084163,0.84643364
0,1,0.5591599,0.686131,0.11831975
0,1,0.54888594,0.68835986,0.09777188
0,1,0.55915475,0.6861322,0.1183095
1,1,0.56334853,0.6850995,0.12669706
0,1,0.51124793,0.6928941,0.022495866
0,1,0.59387225,0.67541814,0.1877445
1,0,0.9058277,0.31208614,0.8116554
1,0,0.8901297,0.34624413,0.7802594
1,0,0.51184523,0.69286656,0.023690462
1,1,0.56336355,0.68509567,0.1267271
1,0,0.8513503,0.42035967,0.7027006
1,0,0.53730464,0.6903613,0.07460925
0,1,0.50894254,0.69298726,0.017885089
1,0,0.87234885,0.38189715,0.7446977
1,0,0.67813575,0.6282667,0.35627148
1,1,0.55075246,0.6879866,0.10150492
1,0,0.88653344,0.35370225,0.7730669
0,0,0.8750592,0.37665498,0.7501184
1,0,0.8848405,0.35716844,0.769681
0,1,0.5591552,0.6861321,0.11831045
1,0,0.6781354,0.62826693,0.3562708
0,1,0.55729777,0.68656665,0.11459553
1,1,0.5102061,0.6929388,0.020412207
0,1,0.5349189,0.69070655,0.06983781
1,0,0.6781351,0.62826717,0.3562702
0,0,0.8813267,0.36427334,0.76265335
1,1,0.500435,0.69314677,0.0008699894
0,1,0.51082855,0.69291264,0.02165711
1,0,0.5330713,0.69095814,0.06614256
1,0,0.9066074,0.31031764,0.8132148
1,0,0.9100935,0.3023215,0.820187
0,1,0.52350533,0.69204175,0.04701066
0,1,0.55123544,0.6878878,0.102470875
0,1,0.5338892,0.69084847,0.06777835
0,0,0.67516804,0.6304582,0.35033605
0,0,0.8828962,0.36111456,0.76579237
1,0,0.88596654,0.35486606,0.7719331
0,1,0.53434217,0.69078654,0.06868434
1,0,0.8803325,0.3662619,0.76066506
1,1,0.54467076,0.6891509,0.08934152
0,1,0.5507598,0.6879852,0.101519585
1,0,0.8803325,0.3662619,0.76066506
0,0,0.8777204,0.3714424,0.75544083
1,0,0.91103345,0.3001402,0.8220669
1,0,0.8813267,0.36427334,0.76265335
1,0,0.50522506,0.6930926,0.010450125
0,1,0.55914986,0.6861334,0.11829972
0,1,0.55495554,0.6870947,0.109911084
1,0,0.9175365,0.28474528,0.835073
1,1,0.56334436,0.68510056,0.12668872
1,0,0.53355,0.69089425,0.06710008
1,0,0.8783227,0.37025362,0.75664544
1,0,0.8773069,0.37225673,0.75461376
0,1,0.5685141,0.6837292,0.13702822
1,0,0.9203688,0.2778678,0.8407376
1,0,0.91681707,0.2864752,0.83363414
0,1,0.54241365,0.68954504,0.084827304
0,1,0.55497575,0.6870903,0.109951496
1,0,0.8513135,0.42042392,0.70262694
0,1,0.5550163,0.68708134,0.11003256
1,0,0.6781358,0.6282667,0.35627162
1,0,0.9175365,0.28474528,0.835073
0,1,0.5380902,0.69024265,0.07618046
1,0,0.8813267,0.36427334,0.76265335
0,1,0.5282193,0.6915537,0.056438565
0,1,0.54888886,0.68835926,0.097777724
1,1,0.56353694,0.68505144,0.12707388
1,0,0.88937485,0.34782037,0.7787497
0,1,0.5344406,0.690773,0.068881154
0,1,0.5488898,0.6883591,0.09777963
1,0,0.5123259,0.6928433,0.024651736
0,0,0.8750594,0.37665454,0.75011885
1,1,0.5634208,0.6850811,0.12684155
1,0,0.89304745,0.3400961,0.7860949
0,1,0.5101483,0.6929412,0.020296574
0,0,0.8742318,0.37826228,0.74846363
1,0,0.50711155,0.693046,0.014223069
1,0,0.90932775,0.30409044,0.8186555
1,1,0.5591487,0.6861336,0.11829746
1,0,0.90368545,0.31690896,0.8073709
0,1,0.5507577,0.6879856,0.10151541
1,0,0.53259236,0.69102114,0.06518471
1,0,0.51373065,0.6927701,0.02746132
1,1,0.50705665,0.6930476,0.014113307
1,0,0.85128,0.4204824,0.70255995
1,0,0.50522506,0.6930926,0.010450125
0,0,0.6834795,0.6242188,0.36695898
0,0,0.91654515,0.2871273,0.8330903
1,0,0.87234885,0.38189715,0.7446977
0,1,0.5390752,0.6900903,0.07815039
0,1,0.54654354,0.6888083,0.09308708
0,0,0.67814493,0.62825984,0.3562899
1,0,0.5123259,0.6928433,0.024651736
1,0,0.6818404,0.6254744,0.36368084
1,1,0.5614866,0.6855668,0.1229732
1,0,0.8767003,0.37344825,0.75340056
0,1,0.554959,0.687094,0.109918
1,0,0.67977774,0.62703687,0.35955545
1,0,0.5165782,0.6925974,0.033156395
1,0,0.88072175,0.3654845,0.7614435
0,1,0.55915505,0.6861321,0.118310094
1,0,0.50381935,0.69311804,0.0076387227
1,0,0.88656324,0.3536409,0.7731265
1,0,0.52082515,0.6922796,0.041650325
0,1,0.53482085,0.6907202,0.06964171
1,0,0.8723458,0.38190296,0.7446916
1,0,0.88596654,0.35486606,0.7719331
1,0,0.6834901,0.6242107,0.3669802
0,1,0.53107065,0.6912152,0.0621413
0,1,0.5470624,0.6887108,0.094124794
1,0,0.9096079,0.3034441,0.8192158
0,1,0.54654354,0.6888083,0.09308708
0,0,0.8795352,0.36785007,0.7590704
1,0,0.67607975,0.6297892,0.35215947
0,1,0.54096526,0.68978715,0.08193052
1,0,0.90169674,0.3213388,0.8033935
1,1,0.5656736,0.68449616,0.13134718
1,0,0.87234885,0.38189715,0.7446977
1,0,0.90070856,0.32352328,0.8014171
1,0,0.9241556,0.26850078,0.8483112
1,0,0.90355664,0.31719723,0.8071133
1,1,0.55729574,0.6865671,0.11459148
1,1,0.5046893,0.6931032,0.009378552
1,0,0.67812437,0.62827516,0.35624874
0,1,0.5549571,0.6870944,0.10991418
0,0,0.69240004,0.6171669,0.38480008
0,1,0.55496687,0.68709224,0.109933734
0,0,0.8769071,0.37304237,0.7538142
0,1,0.5433102,0.6893909,0.08662045
0,0,0.6851049,0.6229615,0.3702098
1,0,0.8732366,0.38018745,0.7464732
0,1,0.5488897,0.68835914,0.09777939
0,0,0.91553247,0.2895473,0.83106494
1,0,0.87318695,0.38028324,0.7463739
1,1,0.563357,0.68509734,0.12671399
0,1,0.55915374,0.68613243,0.11830747
1,1,0.56148803,0.6855664,0.122976065
0,1,0.54049075,0.6898646,0.08098149
1,0,0.889564,0.347426,0.77912796
0,0,0.66771024,0.6357884,0.3354205
0,0,0.8793311,0.36825562,0.7586622
1,0,0.50618684,0.69307065,0.012373656
0,1,0.5418871,0.689634,0.08377421
1,0,0.90355664,0.31719723,0.8071133
1,0,0.8969547,0.33172306,0.79390943
1,0,0.89046204,0.34554824,0.7809241
1,1,0.500435,0.69314677,0.0008699894
0,1,0.55309534,0.6874983,0.10619068
0,1,0.5507623,0.6879847,0.10152459
1,1,0.55308974,0.6874995,0.106179476
0,0,0.67813265,0.62826896,0.35626534
1,0,0.9113089,0.29949903,0.82261777
0,0,0.6851063,0.62296045,0.37021255
1,0,0.50381935,0.69311804,0.0076387227
0,0,0.8731868,0.38028347,0.74637365
1,0,0.9175365,0.28474528,0.835073
0,1,0.5639783,0.68493825,0.12795663
1,0,0.90368545,0.31690896,0.8073709
1,1,0.5591572,0.6861316,0.118314385
0,1,0.5549602,0.68709373,0.10992038
0,0,0.8702246,0.38595954,0.7404492
1,1,0.56800115,0.68387014,0.1360023
0,1,0.5507534,0.6879865,0.10150683
1,0,0.87234885,0.38189715,0.7446977
0,1,0.5446725,0.6891506,0.08934498
0,1,0.57821953,0.68086016,0.15643907
1,1,0.55074936,0.6879873,0.10149872
1,0,0.50381935,0.69311804,0.0076387227
0,1,0.5633562,0.6850975,0.12671244
1,1,0.56334096,0.68510145,0.12668192
0,1,0.5643208,0.6848499,0.1286416
1,1,0.5591568,0.6861317,0.11831355
1,0,0.91165525,0.29869136,0.8233105
1,1,0.5637236,0.68500364,0.12744725
0,1,0.51034373,0.69293314,0.02068746
0,0,0.88751215,0.3516854,0.7750243
1,0,0.8809236,0.36508065,0.76184726
0,0,0.87000716,0.3863731,0.7400143
0,0,0.84864026,0.42506045,0.6972805
0,1,0.5385678,0.69016933,0.07713556
0,0,0.8710745,0.38433897,0.742149
0,1,0.53953505,0.6900179,0.07907009
1,1,0.56179285,0.68549085,0.1235857
1,1,0.50894284,0.6929872,0.017885685
1,0,0.87423193,0.3782621,0.74846387
0,1,0.51082855,0.69291264,0.02165711
1,0,0.8748489,0.3770641,0.7496978
0,0,0.8740203,0.37867224,0.74804056
1,0,0.5336308,0.6908834,0.06726158
1,1,0.5465342,0.68881,0.09306836
0,0,0.68184316,0.6254723,0.36368635
0,1,0.5465425,0.68880844,0.09308505
0,0,0.9205631,0.27739194,0.8411262
1,0,0.53259236,0.69102114,0.06518471
1,0,0.5184611,0.6924654,0.036922216
1,0,0.9010257,0.3228234,0.8020514
1,0,0.9174133,0.285042,0.8348266
0,0,0.6780003,0.6283676,0.35600054
1,0,0.91133285,0.29944324,0.8226657
1,0,0.5420102,0.68961334,0.08402035
0,1,0.5423232,0.6895604,0.084646344
0,0,0.8729737,0.38069454,0.74594736
0,1,0.5591614,0.68613064,0.11832285
0,1,0.5591475,0.6861339,0.118294954
1,0,0.8976093,0.33030435,0.7952186
0,1,0.56341875,0.6850816,0.12683749
1,0,0.8513453,0.42036843,0.7026906
1,0,0.89286345,0.3404864,0.7857269
0,0,0.8760902,0.37464327,0.75218046
1,0,0.68347347,0.6242235,0.36694694
0,1,0.5643191,0.68485034,0.12863815
1,0,0.89800316,0.32944846,0.7960063
1,1,0.56334996,0.6850991,0.12669992
1,0,0.90368545,0.31690896,0.8073709
1,0,0.67814004,0.6282635,0.35628006
0,1,0.54654866,0.68880737,0.09309733
0,1,0.5155002,0.6926666,0.031000376
1,0,0.85083985,0.4212495,0.7016797
0,1,0.55321366,0.68747306,0.10642731
1,0,0.5071118,0.69304603,0.014223605
1,0,0.50807315,0.6930169,0.016146302
1,0,0.90368545,0.31690896,0.8073709
0,1,0.5593173,0.6860935,0.11863458
1,0,0.8948293,0.33629793,0.78965855
1,0,0.89159715,0.34316298,0.7831943
1,1,0.5112265,0.69289505,0.02245295
1,1,0.5633457,0.6851002,0.12669134
1,0,0.87792677,0.37103552,0.75585353
1,1,0.55915713,0.6861316,0.118314266
0,1,0.55496675,0.6870923,0.109933496
1,1,0.5633499,0.6850991,0.1266998
0,1,0.5601071,0.6859039,0.120214224
1,0,0.90823597,0.30660027,0.81647193
0,1,0.54894084,0.6883491,0.097881675
0,0,0.8815268,0.36387187,0.76305366
0,0,0.872347,0.38190067,0.744694
1,1,0.56336987,0.68509406,0.12673974
1,1,0.5633462,0.6851001,0.12669241
0,1,0.5470149,0.68871987,0.094029784
1,1,0.563354,0.6850981,0.12670803
1,0,0.8886301,0.34936988,0.7772602
1,0,0.67813456,0.6282676,0.35626915
1,0,0.6781373,0.62826556,0.3562746
0,1,0.5535706,0.6873965,0.10714126
0,1,0.5512406,0.6878867,0.102481246
0,0,0.50954103,0.6929651,0.01908207
1,1,0.53386956,0.6908511,0.06773913
1,0,0.89815205,0.32912445,0.7963041
1,1,0.5633527,0.6850984,0.12670541
1,0,0.87505794,0.37665743,0.7501159
0,1,0.56149334,0.6855651,0.122986674
0,1,0.5531006,0.6874972,0.10620117
1,0,0.89917624,0.32688922,0.7983525
0,1,0.5549551,0.6870948,0.10991025
0,1,0.5614996,0.68556356,0.12299919
0,1,0.5952235,0.6749009,0.19044697
0,1,0.52682865,0.6917069,0.053657293
1,0,0.53355,0.69089425,0.06710008
1,1,0.56334615,0.6851001,0.1266923
0,1,0.50894254,0.69298726,0.017885089
0,0,0.8910363,0.34434325,0.78207254
1,0,0.90368545,0.31690896,0.8073709
0,1,0.51082855,0.69291264,0.02165711
0,0,0.8783221,0.37025478,0.75664425
0,0,0.876908,0.37304065,0.753816
0,0,0.88211316,0.3626934,0.7642263
0,1,0.5736115,0.6822704,0.147223
1,0,0.889564,0.347426,0.77912796
1,0,0.89323103,0.33970627,0.78646207
0,1,0.5545302,0.68718827,0.10906041
0,1,0.56336665,0.6850949,0.1267333
1,0,0.9083962,0.30623284,0.81679237
0,0,0.8828962,0.36111456,0.76579237
0,1,0.5488827,0.6883605,0.097765446
1,0,0.90368545,0.31690896,0.8073709
0,1,0.51082855,0.69291264,0.02165711
0,1,0.55174893,0.6877817,0.10349786
1,1,0.57263815,0.68255717,0.14527631
1,1,0.52605796,0.69178855,0.052115917
1,0,0.9093155,0.30411863,0.81863105
1,0,0.6781353,0.62826705,0.35627058
1,1,0.5633494,0.68509924,0.12669885
1,0,0.8828809,0.36114538,0.76576185
1,0,0.90368545,0.31690896,0.8073709
1,0,0.89046204,0.34554824,0.7809241
1,1,0.55075765,0.6879856,0.10151529
1,0,0.9043403,0.31544024,0.80868065
1,0,0.87234885,0.38189715,0.7446977
0,0,0.68917984,0.6197553,0.37835968
0,1,0.54704344,0.6887145,0.094086885
0,1,0.5633394,0.68510187,0.12667882
1,0,0.8821137,0.3626923,0.7642274
0,0,0.68551546,0.6226419,0.37103093
0,1,0.55735344,0.68655384,0.114706874
1,1,0.5573221,0.68656105,0.11464417
1,0,0.88788104,0.35092276,0.7757621
1,0,0.8983008,0.32880047,0.79660165
1,1,0.5385699,0.690169,0.077139854
0,1,0.55495083,0.68709576,0.10990167
1,1,0.56334865,0.6850995,0.1266973
1,0,0.5160963,0.6926289,0.032192588
0,1,0.53032976,0.69130623,0.060659528
1,0,0.89122474,0.34394702,0.7824495
1,0,0.50381935,0.69311804,0.0076387227
0,1,0.55075634,0.6879859,0.10151267
1,0,0.8760902,0.37464327,0.75218046
1,0,0.6781423,0.6282618,0.3562846
1,1,0.5136006,0.69277716,0.027201176
1,0,0.52883315,0.6914835,0.057666272
1,0,0.8976229,0.33027482,0.79524577
1,1,0.5488862,0.68835986,0.09777236
1,1,0.5633251,0.68510544,0.12665021
1,1,0.5301044,0.69133353,0.060208797
1,0,0.50618684,0.69307065,0.012373656
0,0,0.68184453,0.6254713,0.36368906
1,1,0.51083004,0.6929126,0.02166009
1,1,0.55729574,0.6865671,0.11459148
1,0,0.8914111,0.34355485,0.78282225
0,0,0.8750593,0.37665474,0.7501186
1,0,0.90035063,0.32431185,0.80070126
0,0,0.8748488,0.37706432,0.74969757
0,1,0.5329435,0.69097507,0.065886974
0,1,0.54658335,0.6888008,0.09316671
0,0,0.87402016,0.37867245,0.7480403
0,0,0.5010376,0.69314504,0.0020751953
1,0,0.68552846,0.6226318,0.3710569
1,1,0.56335473,0.68509793,0.12670946
0,0,0.68552864,0.62263167,0.37105724
1,1,0.56335366,0.6850982,0.12670732
1,1,0.54653925,0.6888091,0.093078494
1,0,0.91621685,0.28791323,0.8324337
0,1,0.5174137,0.6925406,0.03482735
1,1,0.5572912,0.68656814,0.11458242
1,0,0.67403567,0.63128376,0.3480713
1,0,0.87234765,0.38189942,0.7446953
0,0,0.8702246,0.38595954,0.7404492
1,0,0.8803325,0.3662619,0.76066506
0,0,0.8731868,0.38028347,0.74637365
0,0,0.91581786,0.28886667,0.8316357
1,1,0.56334865,0.6850995,0.1266973
0,1,0.56149393,0.685565,0.12298787
0,0,0.87772036,0.3714426,0.7554407
0,1,0.51082855,0.69291264,0.02165711
1,0,0.88748264,0.35174635,0.7749653
1,0,0.90355664,0.31719723,0.8071133
0,1,0.5591636,0.6861301,0.11832714
0,1,0.5563928,0.6867733,0.11278558
0,1,0.54889166,0.6883587,0.09778333
0,0,0.6855222,0.6226367,0.37104443
1,0,0.8919542,0.34241003,0.78390837
0,1,0.5390642,0.6900921,0.07812846
1,0,0.91103345,0.3001402,0.8220669
1,1,0.5105815,0.6929232,0.021162987
1,1,0.5591525,0.68613267,0.11830497
1,0,0.9285363,0.25740868,0.8570726
1,1,0.56391716,0.6849539,0.12783432
0,0,0.67189956,0.63282526,0.34379908
1,0,0.6760756,0.6297922,0.35215113
1,0,0.8803325,0.3662619,0.76066506
1,0,0.6781373,0.6282655,0.35627463
1,1,0.56334853,0.6850995,0.12669706
1,0,0.89250916,0.34123695,0.7850183
1,1,0.5633514,0.68509877,0.12670279
1,0,0.9285363,0.25740868,0.8570726
0,1,0.5423174,0.68956137,0.08463478
0,1,0.51082855,0.69291264,0.02165711
0,1,0.56291986,0.6852083,0.12583971
1,0,0.91224927,0.2973027,0.82449853
0,1,0.5627514,0.6852509,0.12550282
1,1,0.51082194,0.69291294,0.021643877
1,0,0.9051947,0.3135168,0.8103894
1,0,0.5123259,0.6928433,0.024651736
1,1,0.5362167,0.6905216,0.07243335
1,0,0.8944806,0.3370438,0.7889612
1,0,0.8500212,0.42267233,0.70004237
1,0,0.9156816,0.28919178,0.8313632
0,0,0.64982486,0.647555,0.2996497
0,1,0.60308313,0.6717417,0.20616627
0,1,0.5465348,0.68880993,0.09306955
1,0,0.90368545,0.31690896,0.8073709
1,0,0.676067,0.6297986,0.35213396
1,0,0.88596654,0.35486606,0.7719331
0,0,0.87609106,0.3746416,0.7521821
0,1,0.543273,0.68939734,0.086545944
0,1,0.5549587,0.68709403,0.1099174
0,1,0.54377383,0.68930995,0.08754766
0,1,0.5446642,0.68915206,0.08932841
0,1,0.55357534,0.6873955,0.107150674
1,0,0.8813267,0.36427334,0.76265335
0,0,0.6719011,0.6328241,0.34380218
1,0,0.5123259,0.6928433,0.024651736
1,1,0.5633463,0.6851001,0.12669265
0,1,0.53916645,0.690076,0.0783329
0,1,0.5282629,0.69154876,0.056525826
1,0,0.88596654,0.35486606,0.7719331
1,1,0.51082623,0.6929127,0.02165246
1,1,0.56149536,0.68556464,0.12299073
1,0,0.52459085,0.6919373,0.04918173
1,0,0.89159715,0.34316298,0.7831943
1,0,0.5160963,0.6926289,0.032192588
1,0,0.67813545,0.6282669,0.3562709
0,1,0.5530948,0.6874984,0.10618961
1,0,0.900563,0.3238442,0.801126
0,0,0.6817103,0.6255735,0.3634206
1,0,0.8910237,0.3443697,0.7820474
0,0,0.8830941,0.3607146,0.76618814
1,0,0.52270836,0.6921154,0.045416713
1,0,0.90373707,0.31679335,0.80747414
0,1,0.5404489,0.68987143,0.08089781
0,0,0.8710745,0.38433897,0.742149
1,1,0.5656776,0.6844951,0.13135517
1,0,0.6781203,0.62827826,0.35624063
0,1,0.51082855,0.69291264,0.02165711
0,0,0.87669975,0.37344936,0.7533995
1,0,0.9175365,0.28474528,0.835073
0,1,0.5428861,0.6894642,0.08577216
1,0,0.87423193,0.3782621,0.74846387
1,1,0.56364137,0.68502474,0.12728274
1,0,0.90368545,0.31690896,0.8073709
0,1,0.5596329,0.68601805,0.119265795
1,1,0.5465401,0.6888089,0.09308016
1,0,0.50381935,0.69311804,0.0076387227
0,1,0.52775085,0.69160616,0.0555017
0,0,0.87771946,0.3714443,0.7554389
1,1,0.55914545,0.6861344,0.1182909
1,0,0.9209309,0.27648985,0.84186184
1,0,0.5019327,0.6931397,0.0038653612
0,1,0.57363236,0.6822642,0.14726472
0,1,0.5428002,0.689479,0.085600376
1,0,0.88596654,0.35486606,0.7719331
1,0,0.9010257,0.3228234,0.8020514
1,0,0.889564,0.347426,0.77912796
1,0,0.87234616,0.3819023,0.7446923
0,0,0.8721344,0.38230908,0.7442688
0,1,0.5572949,0.6865673,0.11458981
1,0,0.8791269,0.36866096,0.7582538
1,0,0.89046204,0.34554824,0.7809241
1,0,0.90373707,0.31679335,0.80747414
1,0,0.874231,0.37826395,0.74846196
1,0,0.87234885,0.38189715,0.7446977
0,1,0.5254122,0.6918551,0.050824404
1,0,0.8971324,0.3313384,0.7942648
0,0,0.8740202,0.37867236,0.74804044
1,0,0.90871584,0.30549884,0.8174317
1,0,0.90823597,0.30660027,0.81647193
0,1,0.54896927,0.6883435,0.09793854
1,0,0.8955096,0.33483878,0.7910192
0,1,0.5610664,0.6856703,0.12213278
0,0,0.86675996,0.3924998,0.7335199
1,0,0.8803325,0.3662619,0.76066506
0,1,0.5633415,0.6851013,0.126683
1,1,0.56335807,0.68509704,0.12671614
0,0,0.87669975,0.3734494,0.7533995
0,0,0.90519387,0.3135186,0.81038773
1,0,0.9161033,0.28818482,0.8322066
0,1,0.55123115,0.6878887,0.10246229
1,0,0.88152635,0.3638728,0.7630527
1,0,0.6818452,0.62547076,0.3636904
1,0,0.6781347,0.6282675,0.35626936
1,0,0.67563987,0.6301124,0.3512797
1,0,0.50145173,0.693143,0.0029034615
0,1,0.5633459,0.68510014,0.12669182
0,1,0.5554804,0.68697834,0.11096084
1,1,0.50657576,0.6930607,0.013151526
0,1,0.5338658,0.69085157,0.06773162
1,0,0.8809236,0.36508065,0.76184726
1,1,0.54894423,0.6883484,0.09788847
1,1,0.5530939,0.6874986,0.10618782
1,0,0.52883315,0.6914835,0.057666272
0,1,0.5554397,0.6869874,0.11087942
0,1,0.5577697,0.6864575,0.11553943
1,0,0.5293125,0.6914277,0.058624983
0,1,0.55075324,0.6879865,0.10150647
1,0,0.9103836,0.30164945,0.82076716
1,0,0.9066074,0.31031764,0.8132148
0,1,0.55733484,0.6865581,0.11466968
1,0,0.9079272,0.30730742,0.81585443
0,0,0.9128626,0.29586428,0.8257252
1,0,0.67813194,0.62826955,0.3562639
1,0,0.91391695,0.2933805,0.8278339
0,1,0.56197774,0.68544495,0.12395549
0,1,0.50650966,0.6930624,0.013019323
1,1,0.54422253,0.6892308,0.08844507
0,1,0.5465708,0.6888032,0.093141556
0,0,0.66980803,0.6343145,0.3396161
0,0,0.87609106,0.3746416,0.7521821
1,0,0.87234885,0.38189712,0.7446977
1,1,0.53621227,0.6905222,0.07242453
0,0,0.84520894,0.4309304,0.6904179
1,0,0.87234885,0.38189715,0.7446977
0,0,0.8787333,0.36944127,0.75746655
1,0,0.9066074,0.31031764,0.8132148
1,0,0.6781132,0.6282835,0.3562264
1,0,0.9169749,0.28609622,0.8339498
0,1,0.55915284,0.68613267,0.11830568
0,1,0.5428002,0.689479,0.085600376
0,0,0.8501039,0.4225288,0.7002078
0,1,0.5591604,0.6861309,0.11832082
1,0,0.67813677,0.628266,0.35627353
0,1,0.5465401,0.6888089,0.09308016
1,0,0.5089978,0.69298524,0.017995566
1,0,0.67609406,0.6297787,0.35218808
1,0,0.889564,0.347426,0.77912796
0,0,0.66729414,0.63607836,0.33458826
0,1,0.54888827,0.6883594,0.09777653
0,1,0.53668314,0.6904534,0.073366284
0,1,0.5619891,0.6854421,0.12397826
0,1,0.55495554,0.6870947,0.109911084
1,0,0.52883315,0.6914835,0.057666272
0,1,0.55314165,0.68748844,0.10628331
1,0,0.8813267,0.36427334,0.76265335
0,0,0.8710745,0.38433897,0.742149
1,0,0.90808785,0.30693963,0.8161757
0,0,0.678145,0.6282598,0.35628998
1,1,0.5041025,0.69311357,0.008205056
1,0,0.9120952,0.2976634,0.8241904
0,1,0.5423141,0.68956196,0.084628224
0,0,0.87609106,0.3746416,0.7521821
0,1,0.50843155,0.69300497,0.016863108
1,1,0.5591634,0.6861301,0.11832678
0,1,0.55916405,0.6861299,0.118328094
0,1,0.5549604,0.6870937,0.10992086
0,1,0.54375494,0.6893133,0.08750987
1,0,0.91356695,0.29420662,0.8271339
0,0,0.8723488,0.38189724,0.7446976
1,0,0.90355664,0.31719723,0.8071133
0,1,0.5572866,0.6865692,0.11457324
0,1,0.5633457,0.6851002,0.12669134
0,1,0.55640835,0.68676984,0.11281669
1,0,0.50145173,0.693143,0.0029034615
0,1,0.52870965,0.6914978,0.0574193
0,1,0.51927906,0.6924037,0.038558125
0,1,0.55496526,0.6870926,0.109930515
0,1,0.5423264,0.6895598,0.08465278
0,0,0.8769081,0.37304044,0.75381625
1,0,0.9351571,0.24009001,0.87031424
1,0,0.8501382,0.42246932,0.7002764
0,1,0.5531099,0.68749523,0.10621977
1,0,0.87505937,0.37665465,0.75011873
1,1,0.56165487,0.6855252,0.12330973
0,1,0.54707223,0.688709,0.09414446
1,0,0.90435314,0.31541148,0.8087063
0,0,0.85225415,0.41877902,0.7045083
1,0,0.909169,0.30445623,0.81833804
1,0,0.872346,0.38190266,0.74469197
1,0,0.9020504,0.32055435,0.80410075
0,1,0.50838363,0.6930066,0.016767263
0,0,0.8769071,0.37304237,0.7538142
0,1,0.5301015,0.6913339,0.060202956
1,0,0.9224158,0.27282917,0.8448316
0,0,0.68714833,0.62136334,0.37429667
1,0,0.89283514,0.3405464,0.7856703
1,1,0.5614976,0.68556404,0.12299526
1,1,0.500435,0.69314677,0.0008699894
1,1,0.56567836,0.68449485,0.13135672
1,0,0.6781348,0.6282674,0.35626963
0,0,0.86957145,0.3872006,0.7391429
1,0,0.8813267,0.36427334,0.76265335
1,0,0.9156816,0.28919178,0.8313632
1,0,0.50995934,0.6929488,0.01991868
1,0,0.50995934,0.6929488,0.01991868
1,1,0.5633488,0.68509936,0.12669766
0,1,0.549366,0.6882652,0.098731995
1,1,0.5488846,0.6883601,0.09776914
0,1,0.5601118,0.68590283,0.12022364
1,0,0.8821137,0.3626923,0.7642274
1,1,0.5634483,0.6850741,0.12689662
1,0,0.8512081,0.4206078,0.7024162
0,0,0.5350938,0.690682,0.07018757
0,1,0.5507493,0.6879873,0.101498604
1,1,0.50894403,0.6929872,0.01788807
1,1,0.5591638,0.68613005,0.11832762
1,1,0.5465382,0.6888093,0.09307635
0,1,0.51014835,0.6929412,0.020296693
1,1,0.5108286,0.6929127,0.021657228
1,0,0.90035063,0.32431185,0.80070126
0,1,0.6007293,0.6727148,0.20145857
0,1,0.55496454,0.6870927,0.109929085
1,0,0.50807315,0.6930169,0.016146302
1,0,0.67593884,0.6298928,0.35187772
1,0,0.8960484,0.33367968,0.79209685
1,0,0.5123259,0.6928433,0.024651736
1,0,0.67813396,0.628268,0.3562679
0,0,0.8740202,0.37867236,0.74804044
0,0,0.91654515,0.2871273,0.8330903
0,1,0.553091,0.6874992,0.10618198
1,0,0.67813367,0.62826824,0.35626733
1,0,0.8795352,0.36785007,0.7590704
1,0,0.52459085,0.6919373,0.04918173
1,0,0.6781385,0.62826467,0.35627696
1,0,0.9221506,0.27348512,0.8443012
1,0,0.8723464,0.38190183,0.7446928
0,0,0.85225403,0.41877925,0.70450807
0,1,0.5549577,0.68709433,0.109915376
0,1,0.5465717,0.6888031,0.093143344
0,0,0.87792677,0.37103552,0.75585353
0,1,0.5596331,0.68601805,0.11926615
1,0,0.68183696,0.6254771,0.36367393
0,1,0.57822734,0.6808577,0.15645468
1,0,0.8880429,0.35058764,0.77608585
0,0,0.8750593,0.37665474,0.7501186
1,0,0.9239063,0.2691235,0.84781265
1,0,0.89119595,0.34400758,0.7823919
1,0,0.88051945,0.36588874,0.7610389
1,0,0.6760726,0.6297944,0.35214522
0,1,0.55501276,0.6870821,0.110025525
0,0,0.6797973,0.62702215,0.35959458
1,0,0.6760645,0.62980044,0.35212895
1,0,0.92118907,0.27585557,0.84237814
1,0,0.90040386,0.32419467,0.8008077
1,0,0.87448657,0.37776804,0.74897313
1,0,0.51184523,0.69286656,0.023690462
1,0,0.8723459,0.38190275,0.74469185
0,1,0.5549635,0.687093,0.10992706
1,0,0.53730464,0.6903613,0.07460925
0,1,0.5563945,0.68677294,0.112789035
0,1,0.50894254,0.69298726,0.017885089
1,0,0.8513484,0.420363,0.7026968
0,1,0.5381378,0.6902354,0.07627559
1,1,0.55075073,0.687987,0.101501465
0,0,0.7007841,0.6101985,0.40156814
1,0,0.8955096,0.33483878,0.7910192
1,0,0.67813677,0.628266,0.35627353
0,1,0.50894254,0.69298726,0.017885089
0,1,0.56148756,0.68556654,0.12297511
1,0,0.8826972,0.3615163,0.76539445
1,0,0.90898544,0.30487886,0.8179709
1,0,0.8813267,0.36427334,0.76265335
0,0,0.6855157,0.62264174,0.3710314
0,1,0.54888886,0.68835926,0.097777724
1,1,0.5633412,0.6851014,0.1266824
0,1,0.51082855,0.69291264,0.02165711
0,1,0.5535769,0.68739516,0.10715377
1,1,0.50232166,0.6931364,0.004643321
1,0,0.6781098,0.628286,0.35621965
1,0,0.8797232,0.3674761,0.7594464
1,1,0.5108295,0.6929126,0.021659017
1,0,0.52459085,0.6919373,0.04918173
0,0,0.8721344,0.38230908,0.7442688
1,1,0.5557123,0.6869266,0.111424565
0,0,0.5076543,0.69303,0.015308648
0,1,0.5591469,0.68613404,0.11829376
1,1,0.5633451,0.6851004,0.12669015
1,0,0.5415326,0.68969333,0.08306515
1,1,0.56335104,0.6850989,0.12670207
0,1,0.56335026,0.68509907,0.12670052
1,0,0.9062937,0.31103,0.8125874
1,1,0.5656754,0.6844957,0.13135076
0,0,0.8797389,0.36744484,0.75947785
1,0,0.89119595,0.34400758,0.7823919
0,1,0.5573254,0.6865603,0.114650846
1,0,0.8838719,0.35913885,0.7677438
1,1,0.56165785,0.6855244,0.12331569
1,0,0.678153,0.6282538,0.35630596
0,1,0.5549479,0.6870964,0.109895825
1,0,0.89159715,0.34316298,0.7831943
1,1,0.55496037,0.6870937,0.10992074
1,0,0.8962137,0.33332354,0.7924274
1,1,0.5614679,0.68557143,0.12293577
1,0,0.8823133,0.36229044,0.7646266
0,0,0.8731868,0.38028347,0.74637365
1,0,0.67811596,0.6282815,0.35623193
1,0,0.88053507,0.36585757,0.76107013
0,0,0.87609106,0.3746416,0.7521821
0,0,0.6739837,0.6313215,0.34796742
1,0,0.85105443,0.4208757,0.70210886
0,0,0.66728336,0.63608587,0.3345667
0,0,0.87953526,0.36784995,0.7590705
0,1,0.5470204,0.6887188,0.09404075
1,0,0.8897238,0.3470925,0.77944756
1,1,0.5380826,0.69024384,0.0761652
0,1,0.5512568,0.6878835,0.10251355
1,0,0.678132,0.62826943,0.356264
0,1,0.55914456,0.68613464,0.11828911
0,1,0.55123,0.6878889,0.10246003
1,1,0.5621798,0.68539447,0.12435961
1,1,0.5427959,0.6894797,0.08559179
1,0,0.6776876,0.62860024,0.35537517
0,1,0.5656714,0.68449676,0.13134277
1,0,0.9267585,0.261944,0.85351706
1,0,0.89159715,0.34316298,0.7831943
1,0,0.91345006,0.2944821,0.8269001
1,0,0.88580203,0.3552032,0.77160406
1,0,0.87423027,0.37826523,0.74846053
0,1,0.5253898,0.69185734,0.05077958
0,1,0.5550039,0.6870841,0.11000776
0,1,0.5591604,0.6861309,0.11832082
0,0,0.87792695,0.37103513,0.7558539
1,1,0.54469514,0.6891465,0.08939028
0,0,0.874638,0.37747392,0.74927604
1,1,0.5108286,0.6929127,0.021657228
0,1,0.52774316,0.691607,0.05548632
0,1,0.5608379,0.6857263,0.12167585
1,0,0.90368545,0.31690896,0.8073709
0,1,0.5362121,0.6905222,0.07242417
0,0,0.6851055,0.622961,0.370211
1,0,0.90791476,0.3073359,0.8158295
1,0,0.53259236,0.69102114,0.06518471
1,0,0.89643383,0.33284876,0.79286766
0,1,0.55496037,0.6870937,0.10992074
1,0,0.50995934,0.6929488,0.01991868
0,1,0.557301,0.6865659,0.11460197
1,0,0.50995934,0.6929488,0.01991868
0,1,0.55495447,0.6870949,0.10990894
1,0,0.67609614,0.62977713,0.35219228
0,0,0.8957311,0.33436275,0.7914622
1,0,0.87234885,0.38189715,0.7446977
0,1,0.5591569,0.6861317,0.11831379
1,0,0.67813915,0.6282642,0.3562783
0,0,0.68183875,0.6254757,0.36367747
1,0,0.68552256,0.62263644,0.37104508
1,0,0.87234885,0.38189715,0.7446977
0,1,0.5530981,0.68749774,0.106196165
1,0,0.9143467,0.29236412,0.8286934
1,0,0.678138,0.628265,0.35627607
1,1,0.5614909,0.6855657,0.12298179
1,0,0.50807315,0.6930169,0.016146302
1,0,0.50381935,0.69311804,0.0076387227
0,1,0.55496794,0.687092,0.10993588
0,0,0.8750593,0.37665474,0.7501186
1,0,0.52883315,0.6914835,0.057666272
0,1,0.5549618,0.6870934,0.1099236
1,0,0.889564,0.347426,0.77912796
1,0,0.9224158,0.27282917,0.8448316
1,0,0.8731869,0.38028336,0.7463738
1,0,0.90532154,0.31323048,0.8106431
0,0,0.87609124,0.37464124,0.7521825
1,0,0.8953711,0.33513632,0.79074216
1,0,0.88051945,0.36588874,0.7610389
0,1,0.54093784,0.6897916,0.08187568
1,0,0.5136937,0.69277203,0.02738738
0,1,0.5549688,0.6870918,0.10993755
0,1,0.5490021,0.688337,0.09800422
1,1,0.5633548,0.68509793,0.12670958
0,0,0.8760911,0.3746415,0.75218225
0,1,0.550752,0.6879868,0.10150397
0,1,0.5591566,0.6861318,0.11831319
1,1,0.5633563,0.6850975,0.12671256
0,1,0.54231864,0.6895611,0.084637284
1,1,0.5614745,0.68556976,0.122949004
1,0,0.8821137,0.3626923,0.7642274
0,1,0.5277864,0.69160223,0.05557275
0,0,0.9020766,0.32049608,0.8041532
1,1,0.55914307,0.68613493,0.11828613
1,0,0.92118907,0.27585557,0.84237814
0,0,0.67814136,0.6282625,0.3562827
0,1,0.5465381,0.68880934,0.09307623
1,0,0.50711155,0.693046,0.014223069
0,1,0.56333685,0.68510246,0.1266737
1,0,0.8899414,0.34663782,0.7798828
1,1,0.5508101,0.68797493,0.1016202
0,1,0.54750943,0.68862605,0.09501886
1,0,0.8803325,0.3662619,0.76066506
1,0,0.90355664,0.31719723,0.8071133
1,1,0.5277478,0.6916065,0.05549562
0,1,0.5619794,0.6854445,0.123958826
1,0,0.9263759,0.26291397,0.85275185
1,0,0.67608845,0.6297828,0.3521769
1,1,0.563347,0.68509984,0.12669396
1,1,0.56148833,0.68556637,0.12297666
1,0,0.91681707,0.2864752,0.83363414
1,0,0.90500396,0.3139469,0.8100079
1,0,0.5203451,0.69231915,0.040690184
1,0,0.50381935,0.69311804,0.0076387227
0,1,0.5475295,0.68862224,0.09505904
0,0,0.6818352,0.6254784,0.36367032
1,0,0.67813647,0.6282662,0.3562729
1,1,0.54044807,0.68987155,0.08089614
1,0,0.8960484,0.33367968,0.79209685
0,1,0.5587309,0.68623257,0.1174618
0,1,0.5563946,0.68677294,0.112789154
1,0,0.8948293,0.33629793,0.78965855
1,0,0.5019327,0.6931397,0.0038653612
1,0,0.8740203,0.37867224,0.74804056
1,0,0.91360205,0.2941238,0.8272041
0,0,0.88231367,0.3622897,0.76462734
0,0,0.8777205,0.37144232,0.75544095
1,0,0.897976,0.3295076,0.79595196
0,0,0.88329256,0.36031303,0.7665851
0,0,0.88826346,0.35013062,0.7765269
1,0,0.5175005,0.6925345,0.03500101
1,0,0.50995934,0.6929488,0.01991868
0,1,0.5263672,0.6917561,0.052734375
1,0,0.5061497,0.6930715,0.012299418
1,0,0.91478604,0.29132253,0.8295721
0,0,0.6719227,0.6328087,0.34384534
1,0,0.50381935,0.69311804,0.0076387227
1,0,0.87380826,0.37908268,0.7476165
1,0,0.89643383,0.33284876,0.79286766
1,0,0.50381935,0.69311804,0.0076387227
1,1,0.5465406,0.68880886,0.093081236
1,0,0.9120952,0.2976634,0.8241904
1,0,0.67813796,0.628265,0.35627592
1,0,0.89086556,0.3447018,0.7817311
1,0,0.8740203,0.37867224,0.74804056
0,1,0.5591546,0.6861322,0.11830926
0,0,0.67771506,0.6285798,0.35543013
0,1,0.54471207,0.68914354,0.08942413
0,0,0.8702246,0.38595954,0.7404492
0,0,0.87792677,0.37103552,0.75585353
0,0,0.8500992,0.422537,0.7001984
0,1,0.5470162,0.68871963,0.09403241
1,1,0.5446682,0.68915135,0.089336395
1,0,0.8884249,0.3497959,0.77684975
1,0,0.8821137,0.3626923,0.7642274
1,0,0.88732004,0.35208204,0.7746401
1,1,0.5633765,0.6850924,0.12675297
1,0,0.50995934,0.6929488,0.01991868
0,0,0.67150664,0.6331065,0.34301332
1,0,0.6760839,0.62978613,0.35216787
0,1,0.5465356,0.6888098,0.09307122
0,0,0.6760734,0.6297939,0.35214674
1,0,0.67810583,0.628289,0.3562117
0,0,0.6818503,0.6254669,0.36370066
0,1,0.5633478,0.6850997,0.12669563
1,0,0.90918124,0.30442807,0.8183625
1,0,0.51184523,0.69286656,0.023690462
1,0,0.9281722,0.25834152,0.85634434
0,1,0.557292,0.686568,0.11458397
0,1,0.5549577,0.68709433,0.109915376
0,1,0.52778,0.69160295,0.055559993
1,0,0.63769335,0.65473384,0.2753867
0,0,0.67773056,0.6285683,0.35546115
0,1,0.5572992,0.68656635,0.11459839
0,1,0.5140823,0.6927505,0.028164625
0,1,0.5470331,0.6887164,0.09406614
1,0,0.8803325,0.3662619,0.76066506
0,1,0.55309993,0.6874974,0.10619986
0,1,0.5549525,0.6870954,0.109905005
1,0,0.6781405,0.6282631,0.35628104
0,1,0.55543727,0.68698794,0.11087453
1,0,0.90584034,0.31205752,0.8116807
0,1,0.5423261,0.6895599,0.084652185
1,0,0.8948013,0.33635777,0.78960264
1,0,0.8972825,0.33101326,0.79456496
1,1,0.5404502,0.6898712,0.08090043
1,1,0.5615791,0.6855439,0.12315822
1,1,0.56379557,0.6849852,0.12759113
0,1,0.51082855,0.69291264,0.02165711
1,0,0.8850364,0.35676873,0.7700728
0,1,0.53199136,0.6910989,0.063982725
1,0,0.8813267,0.36427334,0.76265335
1,0,0.88560724,0.355602,0.7712145
1,1,0.500435,0.69314677,0.0008699894
1,0,0.9119527,0.29799658,0.82390535
1,0,0.6817088,0.6255747,0.3634176
0,0,0.68876696,0.6200837,0.37753394
0,0,0.8910364,0.34434304,0.7820728
1,0,0.5123259,0.6928433,0.024651736
0,1,0.5596522,0.68601346,0.11930442
1,0,0.9080383,0.3070531,0.81607664
0,1,0.54466665,0.68915164,0.089333296
1,0,0.6781376,0.62826526,0.3562752
0,1,0.55126613,0.68788147,0.10253227
1,0,0.6781568,0.6282511,0.3563136
0,1,0.56334925,0.6850993,0.1266985
1,0,0.89232445,0.34162775,0.7846489
1,0,0.89159715,0.34316298,0.7831943
1,1,0.5633535,0.68509823,0.12670696
1,0,0.50381935,0.69311804,0.0076387227
0,1,0.5404719,0.6898677,0.08094382
0,1,0.55648476,0.68675244,0.11296952
1,1,0.5046893,0.6931032,0.009378552
0,1,0.52822256,0.69155335,0.05644512
0,0,0.8769081,0.37304044,0.75381625
0,0,0.68184924,0.62546766,0.36369845
1,1,0.56335807,0.68509704,0.12671614
1,0,0.8795352,0.36785007,0.7590704
0,1,0.55309534,0.6874983,0.10619068
1,1,0.5633532,0.68509835,0.12670636
0,1,0.50859153,0.6929996,0.017183065
1,0,0.8939487,0.33817923,0.78789735
1,0,0.89917624,0.32688922,0.7983525
0,0,0.86893237,0.38841122,0.73786473
1,0,0.89159715,0.34316298,0.7831943
0,0,0.7007841,0.6101985,0.40156814
0,1,0.55494744,0.6870965,0.10989487
0,0,0.8760911,0.37464154,0.75218225
1,1,0.5656995,0.68448937,0.13139904
1,0,0.8813267,0.36427334,0.76265335
1,0,0.6781312,0.6282701,0.35626242
1,0,0.9080631,0.30699632,0.8161262
0,0,0.88132614,0.3642744,0.7626523
0,0,0.8733828,0.37990513,0.7467656
0,0,0.69080055,0.6184586,0.38160107
0,0,0.6788441,0.6277377,0.3576882
1,1,0.50657576,0.6930607,0.013151526
1,1,0.5512202,0.6878909,0.10244036
0,1,0.55079025,0.687979,0.1015805
1,1,0.5549986,0.6870852,0.10999715
1,1,0.5656818,0.684494,0.13136363
1,1,0.5512352,0.6878879,0.1024704
1,0,0.6781419,0.62826216,0.35628378
0,1,0.5601065,0.6859041,0.12021303
1,1,0.5470779,0.68870795,0.09415579
1,0,0.90711987,0.30915117,0.81423974
1,0,0.889564,0.347426,0.77912796
1,0,0.889564,0.347426,0.77912796
1,0,0.5203451,0.69231915,0.040690184
0,1,0.5530894,0.6874996,0.10617876
1,0,0.8850062,0.35683042,0.7700124
0,1,0.56334984,0.6850991,0.12669969
1,0,0.8842511,0.35836846,0.76850224
0,0,0.8769071,0.37304237,0.7538142
1,0,0.88826346,0.35013062,0.7765269
1,0,0.8813267,0.36427334,0.76265335
1,0,0.8953295,0.3352256,0.79065895
0,1,0.5635015,0.6850605,0.12700295
1,0,0.913613,0.29409793,0.82722604
1,0,0.8978132,0.3298615,0.7956264
1,1,0.50859344,0.6929995,0.01718688
0,1,0.5140838,0.6927504,0.028167605
1,0,0.8748489,0.3770641,0.7496978
1,0,0.52459085,0.6919373,0.04918173
1,0,0.67812705,0.6282732,0.35625407
1,0,0.50381935,0.69311804,0.0076387227
1,1,0.54653734,0.68880945,0.09307468
0,0,0.6718931,0.63282984,0.3437862
0,0,0.90504223,0.31386065,0.81008446
1,0,0.8773069,0.37225673,0.75461376
0,1,0.50720596,0.69304335,0.014411926
0,1,0.54376006,0.6893124,0.08752012
1,0,0.88656324,0.3536409,0.7731265
0,1,0.54554355,0.688993,0.0910871
1,0,0.8960761,0.33362016,0.79215217
0,1,0.53631425,0.6905074,0.0726285
0,1,0.5310645,0.6912159,0.06212902
0,1,0.5535657,0.6873976,0.10713136
0,0,0.87129045,0.38392627,0.7425809
1,0,0.8960484,0.33367968,0.79209685
1,0,0.9030655,0.31829467,0.806131
0,0,0.50100845,0.69314516,0.002016902
1,0,0.85134614,0.42036697,0.7026923
1,0,0.88748264,0.35174635,0.7749653
1,1,0.5136006,0.69277716,0.027201176
0,1,0.5305897,0.6912745,0.0611794
1,0,0.88656324,0.3536409,0.7731265
1,0,0.8767003,0.37344825,0.75340056
1,0,0.8803325,0.3662619,0.76066506
0,1,0.554975,0.68709046,0.10994995
0,1,0.6258222,0.6611418,0.25164437
1,0,0.50381935,0.69311804,0.0076387227
1,0,0.8926794,0.34087646,0.7853588
0,1,0.5554362,0.6869882,0.11087239
1,0,0.87234885,0.38189715,0.7446977
0,0,0.6907933,0.61846447,0.38158655
1,0,0.910117,0.30226713,0.82023394
1,1,0.54654056,0.68880886,0.09308112
0,0,0.6855215,0.6226372,0.37104294
1,0,0.50381935,0.69311804,0.0076387227
1,0,0.6781399,0.6282636,0.35627988
1,0,0.5203451,0.69231915,0.040690184
1,0,0.9128516,0.2958902,0.82570314
1,0,0.5071118,0.69304603,0.014223605
1,1,0.5633484,0.6850995,0.12669683
0,0,0.8740198,0.37867314,0.7480396
0,0,0.8787333,0.36944124,0.75746655
0,1,0.5484731,0.68844044,0.09694624
1,0,0.5123259,0.6928433,0.024651736
0,0,0.8729736,0.38069463,0.74594724
1,0,0.88732004,0.35208204,0.7746401
0,1,0.5391392,0.6900803,0.07827842
0,1,0.56663,0.6842416,0.13326001
1,0,0.67814124,0.62826264,0.35628247
1,0,0.8976229,0.33027482,0.79524577
1,0,0.892203,0.34188452,0.78440595
0,1,0.55966073,0.6860114,0.119321465
0,1,0.5423191,0.6895611,0.08463824
0,0,0.6760626,0.62980187,0.35212514
1,1,0.5633423,0.68510115,0.12668455
1,0,0.9175365,0.28474528,0.835073
1,0,0.5071118,0.69304603,0.014223605
1,0,0.52883315,0.6914835,0.057666272
0,0,0.68347764,0.62422025,0.3669553
1,1,0.5592285,0.68611467,0.11845696
0,0,0.87318593,0.3802852,0.74637187
0,0,0.8501,0.4225356,0.70019996
1,0,0.8932169,0.33973628,0.7864338
1,1,0.56334907,0.68509936,0.12669814
1,0,0.8813267,0.36427334,0.76265335
0,0,0.88132566,0.36427534,0.7626513
1,0,0.5019327,0.6931397,0.0038653612
1,0,0.8976229,0.33027482,0.79524577
1,0,0.89046204,0.34554824,0.7809241
1,0,0.52459085,0.6919373,0.04918173
1,0,0.6781354,0.62826693,0.3562708
1,0,0.85136014,0.4203425,0.7027203
0,1,0.55915976,0.686131,0.11831951
1,0,0.88231367,0.3622897,0.76462734
1,1,0.5633808,0.68509126,0.12676156
1,0,0.88656324,0.3536409,0.7731265
0,0,0.89519083,0.3355231,0.79038167
1,0,0.91621685,0.28791323,0.8324337
1,0,0.89232445,0.34162775,0.7846489
1,0,0.87588215,0.37505,0.7517643
1,0,0.50711155,0.693046,0.014223069
1,0,0.889564,0.347426,0.77912796
1,0,0.910697,0.30092224,0.82139397
0,0,0.87402016,0.37867245,0.7480403
1,0,0.50145173,0.693143,0.0029034615
1,0,0.87234867,0.38189748,0.74469733
0,1,0.5474969,0.68862844,0.09499383
1,0,0.9074062,0.3084982,0.8148124
1,0,0.8976229,0.33027482,0.79524577
0,0,0.6887659,0.6200845,0.3775318
1,0,0.5293125,0.6914277,0.058624983
0,1,0.5533942,0.68743443,0.1067884
1,0,0.50145173,0.693143,0.0029034615
1,0,0.851342,0.42037416,0.70268404
1,0,0.9096445,0.3033596,0.81928897
0,1,0.56338644,0.6850898,0.12677288
1,0,0.88617575,0.35443693,0.7723515
1,0,0.5541783,0.68726504,0.108356595
1,1,0.56334394,0.6851007,0.12668788
0,0,0.87129045,0.38392627,0.7425809
1,0,0.50995934,0.6929488,0.01991868
1,0,0.8996715,0.32580417,0.799343
1,0,0.52507067,0.6918896,0.050141305
0,1,0.55132866,0.6878686,0.10265732
0,1,0.53199196,0.6910988,0.06398392
1,0,0.9066074,0.31031764,0.8132148
1,0,0.67813325,0.6282686,0.35626653
1,0,0.87792677,0.37103552,0.75585353
1,1,0.563354,0.6850981,0.12670803
0,1,0.5367398,0.6904451,0.07347965
0,1,0.5493733,0.6882638,0.09874666
0,1,0.5470203,0.6887188,0.09404063
0,0,0.6651771,0.63754165,0.33035424
1,0,0.89375204,0.33859816,0.7875041
1,0,0.8801293,0.36666733,0.76025856
0,1,0.54657614,0.68880224,0.093152285
1,0,0.889564,0.347426,0.77912796
0,0,0.68142664,0.6257894,0.3628533
1,0,0.87588215,0.37505,0.7517643
1,1,0.55916876,0.68612885,0.11833751
0,0,0.8760912,0.37464133,0.75218236
0,1,0.5633428,0.6851009,0.12668562
1,0,0.8971324,0.3313384,0.7942648
0,0,0.67771196,0.6285821,0.3554239
1,1,0.5101952,0.6929393,0.020390391
0,1,0.5451423,0.68906593,0.090284586
1,0,0.52883315,0.6914835,0.057666272
1,0,0.9224158,0.27282917,0.8448316
0,0,0.67771214,0.628582,0.35542428
0,1,0.5428811,0.68946505,0.08576214
1,0,0.8826972,0.3615163,0.76539445
1,0,0.67813504,0.6282672,0.35627005
1,0,0.5494939,0.6882398,0.09898779
1,1,0.5507535,0.68798643,0.10150695
1,0,0.53355,0.69089425,0.06710008
1,0,0.50807315,0.6930169,0.016146302
0,0,0.8760912,0.37464133,0.75218236
0,1,0.55357563,0.68739545,0.10715127
1,0,0.9138936,0.2934357,0.82778716
1,0,0.9094496,0.30380943,0.81889915
0,1,0.5549616,0.6870934,0.10992324
1,0,0.8712873,0.38393226,0.7425746
0,0,0.6781459,0.6282592,0.35629174
1,0,0.6780896,0.6283011,0.35617924
0,1,0.5446704,0.6891509,0.089340806
0,0,0.87129045,0.38392627,0.7425809
0,0,0.88406926,0.35873812,0.7681385
1,0,0.88051945,0.36588874,0.7610389
0,1,0.53011054,0.69133276,0.060221076
1,1,0.5656932,0.684491,0.1313864
1,1,0.5633425,0.68510103,0.12668502
0,0,0.6719042,0.6328219,0.3438084
0,1,0.5414095,0.6897137,0.082818985
1,0,0.8944806,0.3370438,0.7889612
1,0,0.9138936,0.2934357,0.82778716
1,0,0.53259236,0.69102114,0.06518471
1,0,0.9209309,0.27648985,0.84186184
1,1,0.5633544,0.685098,0.12670875
1,0,0.67812824,0.6282723,0.35625648
0,0,0.6851065,0.6229602,0.37021306
1,0,0.909474,0.30375308,0.81894803
0,1,0.5488897,0.68835914,0.09777939
0,0,0.8787327,0.36944243,0.75746536
1,1,0.56335235,0.6850985,0.1267047
1,0,0.67814744,0.628258,0.35629484
0,1,0.5508162,0.6879737,0.10163236
0,0,0.8731868,0.38028347,0.74637365
1,1,0.5549637,0.68709296,0.109927416
1,1,0.5656763,0.68449545,0.13135254
0,1,0.54188704,0.68963397,0.08377409
1,0,0.5203451,0.69231915,0.040690184
0,0,0.88132477,0.36427715,0.76264954
1,0,0.89937735,0.32644892,0.7987547
1,0,0.87234885,0.38189715,0.7446977
1,0,0.50614977,0.69307154,0.012299538
0,1,0.54654354,0.6888083,0.09308708
1,0,0.8874956,0.35171962,0.77499115
0,0,0.8731868,0.38028347,0.74637365
1,1,0.5633526,0.6850984,0.12670517
1,0,0.92118907,0.27585557,0.84237814
1,0,0.8785281,0.3698474,0.75705624
0,0,0.91390455,0.29340982,0.8278091
0,1,0.55075336,0.6879865,0.10150671
1,0,0.6781019,0.62829196,0.3562038
0,1,0.5423258,0.68955994,0.08465159
1,0,0.5307132,0.6912594,0.06142643
0,1,0.51082855,0.69291264,0.02165711
1,0,0.87234885,0.38189715,0.7446977
0,0,0.68552196,0.62263685,0.37104395
0,0,0.6781492,0.6282567,0.35629845
1,0,0.87423193,0.3782621,0.74846387
0,0,0.87588155,0.37505117,0.7517631
0,0,0.6855289,0.6226315,0.37105778
1,0,0.6781136,0.62828326,0.3562272
1,0,0.67813647,0.6282662,0.35627294
0,1,0.5591546,0.6861322,0.11830926
0,1,0.5572925,0.6865679,0.11458504
1,0,0.9141959,0.29272103,0.8283918
0,0,0.8899409,0.34663886,0.77988183
1,0,0.88596654,0.35486606,0.7719331
0,1,0.50894254,0.69298726,0.017885089
1,0,0.6830553,0.624545,0.3661106
1,0,0.9281722,0.25834152,0.85634434
1,0,0.5448006,0.68912756,0.08960116
1,0,0.9149244,0.29099408,0.82984877
1,0,0.876091,0.37464166,0.752182
1,0,0.8903032,0.345881,0.7806064
0,1,0.5493548,0.68826747,0.09870958
1,0,0.87234885,0.38189715,0.7446977
1,0,0.91509706,0.2905837,0.8301941
1,1,0.5446865,0.68914807,0.08937299
0,1,0.5540689,0.6872889,0.108137846
1,1,0.55923355,0.6861135,0.11846709
1,1,0.5465386,0.6888092,0.09307718
1,0,0.50381935,0.69311804,0.0076387227
1,0,0.9020634,0.32052532,0.80412686
1,1,0.5633508,0.68509895,0.1267016
0,1,0.5362634,0.6905148,0.07252681
1,0,0.9149244,0.29099408,0.82984877
1,0,0.883095,0.36071265,0.76619005
0,1,0.5395341,0.690018,0.079068184
0,1,0.5296313,0.69139016,0.059262633
1,0,0.6760658,0.6297995,0.35213158
0,1,0.53719944,0.690377,0.074398875
1,0,0.87588215,0.37505,0.7517643
1,0,0.8884543,0.34973484,0.77690864
1,0,0.8828809,0.36114538,0.76576185
1,0,0.8534891,0.41660887,0.7069782
1,0,0.910697,0.30092224,0.82139397
0,1,0.5549591,0.687094,0.10991824
1,0,0.88289624,0.36111438,0.7657925
0,1,0.5338633,0.690852,0.06772661
0,0,0.8888203,0.34897476,0.7776406
0,1,0.557785,0.68645406,0.11556995
0,1,0.5414071,0.68971413,0.08281422
1,0,0.52507067,0.6918896,0.050141305
0,0,0.87609047,0.3746428,0.75218093
1,1,0.56334233,0.6851011,0.12668467
0,0,0.61954004,0.6642889,0.23908007
1,0,0.8908368,0.3447623,0.78167355
0,1,0.55826044,0.6863432,0.11652088
1,0,0.8884543,0.34973478,0.77690864
1,0,0.8512993,0.42044872,0.7025986
1,0,0.87953514,0.36785015,0.7590703
1,0,0.5019327,0.6931397,0.0038653612
1,1,0.54653955,0.68880904,0.09307909
1,0,0.8996715,0.32580417,0.799343
0,0,0.67606163,0.6298025,0.35212323
1,0,0.90368545,0.31690896,0.8073709
1,0,0.89122474,0.34394702,0.7824495
1,0,0.52082515,0.6922796,0.041650325
0,1,0.53059524,0.69127387,0.061190486
1,0,0.84772396,0.42663684,0.6954479
1,0,0.6781568,0.6282511,0.3563136
1,0,0.67977893,0.627036,0.35955787
0,0,0.8476686,0.42673194,0.6953372
1,0,0.50995934,0.6929488,0.01991868
1,0,0.87234765,0.38189945,0.7446953
1,1,0.5633305,0.68510413,0.12666094
0,0,0.6928128,0.61683154,0.3856256
0,1,0.5550039,0.6870841,0.11000776
1,1,0.54653955,0.68880904,0.09307909
0,0,0.9000575,0.32495666,0.800115
1,0,0.67811567,0.6282817,0.35623133
0,0,0.6891811,0.6197543,0.3783622
0,1,0.56149364,0.68556505,0.12298727
1,0,0.50145173,0.693143,0.0029034615
1,0,0.9174133,0.285042,0.8348266
0,0,0.87772036,0.3714426,0.7554407
0,0,0.91041917,0.30156696,0.82083833
1,0,0.85112715,0.42074895,0.7022543
1,0,0.87234885,0.38189715,0.7446977
0,1,0.51082855,0.69291264,0.02165711
1,0,0.889564,0.347426,0.77912796
0,0,0.87380767,0.3790838,0.74761534
0,0,0.87402016,0.37867245,0.7480403
1,0,0.91478604,0.29132253,0.8295721
0,0,0.8582149,0.40819073,0.7164298
0,1,0.55963767,0.6860169,0.11927533
1,1,0.53621525,0.6905218,0.07243049
0,0,0.87933064,0.36825657,0.75866127
0,0,0.86915123,0.38799697,0.73830247
0,0,0.50341034,0.69312394,0.0068206787
0,1,0.5573443,0.686556,0.114688635
1,1,0.5657222,0.6844833,0.13144445
1,0,0.8821137,0.3626923,0.7642274
1,0,0.8884249,0.3497959,0.77684975
0,0,0.9037363,0.3167951,0.8074726
0,0,0.67935836,0.6273522,0.35871673
1,0,0.67609733,0.62977624,0.35219467
0,0,0.8815268,0.36387187,0.76305366
1,0,0.87234914,0.38189656,0.7446983
1,0,0.9015524,0.32165858,0.80310476
1,0,0.5184611,0.6924654,0.036922216
0,1,0.5085118,0.6930023,0.017023563
0,1,0.51689816,0.692576,0.03379631
1,1,0.5633816,0.6850911,0.12676322
1,0,0.6781392,0.6282642,0.3562784
1,0,0.53682625,0.69043237,0.073652536
0,0,0.6818122,0.6254959,0.36362445
0,1,0.52963316,0.6913899,0.05926633
1,0,0.50145173,0.693143,0.0029034615
1,1,0.55915785,0.6861315,0.1183157
0,1,0.5305837,0.6912753,0.06116736
1,1,0.56344783,0.6850742,0.12689567
1,0,0.89119595,0.34400758,0.7823919
1,1,0.56558365,0.6845199,0.1311673
1,0,0.8928493,0.34051633,0.78569865
1,0,0.8890103,0.34857953,0.7780206
1,1,0.56335413,0.68509805,0.12670827
1,0,0.50807315,0.6930169,0.016146302
1,1,0.5089429,0.6929872,0.017885804
1,0,0.87771946,0.3714443,0.7554389
1,0,0.54105484,0.68977237,0.08210972
0,0,0.87423193,0.378262,0.74846387
0,1,0.5573184,0.68656194,0.11463678
1,1,0.54479575,0.6891285,0.0895915
1,0,0.53355,0.69089425,0.06710008
0,1,0.5301844,0.6913239,0.060368776
0,1,0.55075276,0.6879866,0.10150552
1,0,0.93752086,0.23373517,0.8750417
0,1,0.5549521,0.6870955,0.10990417
1,0,0.889564,0.347426,0.77912796
1,1,0.5591506,0.6861332,0.11830115
1,1,0.551258,0.68788314,0.102516055
1,0,0.90355664,0.31719723,0.8071133
0,1,0.5508107,0.6879748,0.10162139
0,0,0.87973887,0.36744493,0.75947773
0,1,0.55122834,0.6878893,0.10245669
1,0,0.92093027,0.27649146,0.84186053
0,1,0.55495805,0.6870942,0.10991609
0,1,0.538094,0.69024205,0.07618797
1,0,0.87933123,0.36825538,0.75866246
1,1,0.55915797,0.6861315,0.118315935
1,0,0.8906784,0.34509462,0.7813568
0,1,0.59568685,0.6747218,0.1913737
1,0,0.50711155,0.693046,0.014223069
1,0,0.8777205,0.37144232,0.75544095
1,0,0.88231367,0.3622897,0.76462734
0,1,0.55963016,0.6860187,0.11926031
0,1,0.5428324,0.6894735,0.08566475
0,1,0.5521852,0.6876907,0.104370356
0,0,0.8750594,0.37665454,0.75011885
0,1,0.55076104,0.68798494,0.10152209
1,0,0.6781372,0.6282656,0.35627434
0,1,0.52539164,0.6918571,0.050783277
1,0,0.9068078,0.30986193,0.81361556
0,1,0.53857476,0.6901682,0.07714951
1,0,0.6773963,0.6288165,0.3547926
0,1,0.5507372,0.68798983,0.101474404
0,0,0.87191975,0.382721,0.7438395
0,1,0.554958,0.6870942,0.10991597
1,0,0.85083747,0.42125368,0.70167494
1,0,0.8723477,0.38189933,0.7446954
1,0,0.9107211,0.30086622,0.82144225
1,0,0.68549025,0.6226616,0.3709805
0,0,0.87402016,0.37867245,0.7480403
1,0,0.9030265,0.31838167,0.80605304
0,0,0.89902717,0.32721525,0.79805434
1,1,0.5086631,0.6929971,0.017326236
1,1,0.56334394,0.6851007,0.12668788
1,0,0.8756729,0.37545872,0.75134575
0,1,0.55915874,0.68613124,0.118317485
0,1,0.52361625,0.69203126,0.04723251
0,1,0.5507579,0.68798554,0.10151577
1,0,0.6781415,0.6282624,0.35628298
0,0,0.8488876,0.4246338,0.69777524
0,1,0.55543655,0.6869881,0.1108731
0,0,0.6657829,0.63712496,0.33156586
0,1,0.57498026,0.68186057,0.14996052
0,1,0.5301034,0.69133365,0.06020677
1,1,0.50232166,0.6931364,0.004643321
1,0,0.9036854,0.31690902,0.8073708
1,0,0.50616264,0.69307125,0.012325287
1,0,0.8803325,0.3662619,0.76066506
0,1,0.55075055,0.6879871,0.10150111
0,0,0.8787333,0.36944124,0.75746655
0,0,0.89901406,0.32724392,0.7980281
1,0,0.90368545,0.31690896,0.8073709
1,0,0.88617575,0.35443693,0.7723515
1,1,0.5572682,0.6865735,0.114536405
0,0,0.87953603,0.36784837,0.75907207
0,1,0.5518315,0.6877645,0.10366297
1,0,0.8944526,0.33710366,0.78890514
1,0,0.8852169,0.3564002,0.7704338
1,1,0.56334925,0.6850993,0.1266985
0,0,0.8795351,0.36785027,0.75907016
1,1,0.5633542,0.68509805,0.12670839
1,1,0.5046893,0.6931032,0.009378552
1,0,0.90368545,0.31690896,0.8073709
1,0,0.90355664,0.31719723,0.8071133
0,0,0.91375303,0.29376754,0.82750607
0,1,0.516617,0.6925949,0.033234
0,1,0.5591617,0.6861305,0.118323445
1,0,0.5241111,0.69198406,0.048222184
1,1,0.56337434,0.6850929,0.12674868
0,1,0.53434736,0.6907858,0.06869471
0,0,0.51677585,0.6925842,0.033551693
1,0,0.52507067,0.6918896,0.050141305
1,0,0.8944526,0.33710366,0.78890514
1,0,0.8513194,0.42041367,0.70263875
0,1,0.59247524,0.6759449,0.18495047
1,0,0.6781528,0.62825394,0.35630563
1,0,0.87423193,0.378262,0.74846387
0,1,0.540545,0.6898558,0.08108997
1,0,0.90898544,0.30487886,0.8179709
0,1,0.5633522,0.6850985,0.12670445
0,1,0.5159786,0.6926365,0.03195715
1,1,0.56148565,0.685567,0.1229713
1,0,0.6781442,0.6282604,0.35628846
0,0,0.67313766,0.6319343,0.34627536
1,1,0.53621763,0.6905215,0.07243526
0,0,0.67398477,0.6313207,0.34796953
0,0,0.6818435,0.62547207,0.36368707
0,1,0.5633393,0.68510187,0.12667859
1,1,0.5633535,0.68509823,0.12670696
0,1,0.5591551,0.6861321,0.11831021
1,1,0.5633481,0.6850996,0.12669623
1,1,0.52975106,0.69137585,0.059502125
1,1,0.5636551,0.68502116,0.12731016
0,1,0.51082855,0.69291264,0.02165711
0,1,0.5446725,0.6891506,0.08934498
0,0,0.8760912,0.37464133,0.75218236
0,1,0.5507995,0.6879771,0.10159898
1,0,0.88656324,0.3536409,0.7731265
1,0,0.91683966,0.28642097,0.8336793
0,1,0.549366,0.6882652,0.098731995
0,1,0.5614988,0.6855638,0.12299764
0,0,0.67189974,0.63282514,0.34379947
0,0,0.8721344,0.38230908,0.7442688
1,0,0.9062937,0.31103,0.8125874
1,1,0.5644415,0.6848186,0.128883
0,1,0.50894254,0.69298726,0.017885089
1,0,0.8992031,0.32683036,0.79840624
1,1,0.5633486,0.6850995,0.12669718
1,0,0.8779267,0.37103564,0.7558534
1,0,0.9119527,0.29799658,0.82390535
0,0,0.8723488,0.38189724,0.7446976
1,0,0.6781158,0.6282816,0.35623157
0,1,0.554958,0.6870942,0.10991597
1,0,0.6781409,0.6282629,0.3562818
0,0,0.68552685,0.6226331,0.37105367
1,0,0.53730464,0.6903613,0.07460925
1,0,0.6781342,0.6282679,0.35626838
1,0,0.9149244,0.29099408,0.82984877
0,1,0.52783084,0.6915973,0.05566168
0,1,0.55915433,0.6861323,0.11830866
0,1,0.5530925,0.6874989,0.10618496
0,0,0.88231355,0.36228994,0.7646271
1,0,0.53259236,0.69102114,0.06518471
1,0,0.9066325,0.31026053,0.81326497
0,1,0.5633396,0.68510175,0.12667918
1,0,0.8809236,0.36508065,0.76184726
1,0,0.93740803,0.23404063,0.87481606
1,1,0.5633473,0.6850998,0.12669456
0,1,0.5572923,0.6865679,0.114584565
0,0,0.87213445,0.38230902,0.7442689
0,1,0.51500714,0.6926967,0.030014277
1,0,0.8906784,0.34509462,0.7813568
1,0,0.88051945,0.36588874,0.7610389
0,0,0.876908,0.37304062,0.753816
1,0,0.67814624,0.6282589,0.35629246
1,0,0.8955512,0.33474943,0.7911024
1,0,0.51373065,0.6927701,0.02746132
0,0,0.8513056,0.42043766,0.7026112
1,0,0.883095,0.36071265,0.76619005
1,0,0.889564,0.347426,0.77912796
1,1,0.56343395,0.6850777,0.12686789
1,0,0.85122657,0.42057556,0.70245314
1,0,0.89800316,0.32944846,0.7960063
1,0,0.9066074,0.31031764,0.8132148
0,1,0.55915296,0.6861326,0.11830592
1,0,0.8803325,0.3662619,0.76066506
0,1,0.520244,0.6923273,0.040488005
0,1,0.5572994,0.6865663,0.11459875
1,0,0.90368545,0.31690896,0.8073709
0,0,0.87588155,0.37505117,0.7517631
1,1,0.56334996,0.6850991,0.12669992
1,0,0.8513072,0.42043483,0.7026144
0,1,0.5591503,0.68613327,0.11830056
1,0,0.8986923,0.32794684,0.7973846
0,1,0.5549598,0.68709373,0.10991955
1,0,0.5499701,0.6881448,0.09994018
1,0,0.5136937,0.69277203,0.02738738
0,1,0.55082035,0.68797284,0.1016407
0,1,0.5591523,0.6861328,0.11830461
0,1,0.55914944,0.6861335,0.11829889
0,0,0.68183947,0.6254751,0.36367893
1,1,0.54232377,0.6895603,0.08464754
1,0,0.5481014,0.68851256,0.09620282
1,0,0.6719307,0.6328029,0.3438613
1,0,0.88732004,0.35208204,0.7746401
1,0,0.88171303,0.36349797,0.76342607
1,0,0.67814153,0.6282624,0.35628307
0,1,0.5535931,0.68739164,0.1071862
1,1,0.563344,0.6851007,0.126688
1,0,0.87234885,0.38189715,0.7446977
1,0,0.6781351,0.62826717,0.3562702
0,1,0.5528834,0.6875434,0.10576677
0,1,0.55309284,0.68749887,0.106185675
1,1,0.56334895,0.68509936,0.1266979
1,0,0.6781347,0.6282675,0.3562694
1,0,0.52459085,0.6919373,0.04918173
1,0,0.89622754,0.33329374,0.7924551
0,0,0.89086473,0.3447036,0.78172946
0,0,0.876908,0.37304065,0.753816
1,0,0.88072175,0.3654845,0.7614435
0,0,0.6781471,0.6282582,0.35629416
1,0,0.8803325,0.3662619,0.76066506
1,1,0.5046893,0.6931032,0.009378552
1,0,0.8976229,0.33027482,0.79524577
1,0,0.90918124,0.30442807,0.8183625
0,1,0.5572964,0.68656695,0.11459279
0,1,0.5427955,0.68947977,0.08559096
1,0,0.52082515,0.6922796,0.041650325
1,0,0.9169862,0.28606904,0.83397245
1,0,0.90808785,0.30693963,0.8161757
1,0,0.87234885,0.38189715,0.7446977
1,1,0.56353605,0.6850517,0.1270721
1,1,0.5037645,0.6931188,0.0075290203
0,1,0.5465415,0.6888087,0.093083024
0,1,0.5184463,0.6924665,0.036892653
1,0,0.8743437,0.37804532,0.7486874
0,1,0.552187,0.68769026,0.10437405
1,1,0.56357235,0.6850424,0.1271447
1,0,0.8760911,0.37464145,0.75218225
1,0,0.910275,0.30190113,0.82054996
0,0,0.68185073,0.6254665,0.36370146
0,1,0.5577773,0.68645585,0.11555457
0,1,0.55313253,0.6874904,0.10626507
0,1,0.5465453,0.68880796,0.09309065
1,1,0.5633188,0.68510705,0.12663758
1,0,0.89304745,0.3400961,0.7860949
1,1,0.5591674,0.6861292,0.11833477
0,1,0.55519986,0.6870407,0.11039972
1,0,0.8803325,0.3662619,0.76066506
1,0,0.88732004,0.35208204,0.7746401
1,1,0.55074906,0.6879874,0.10149813
1,0,0.91826135,0.28299534,0.8365227
1,1,0.5633484,0.6850995,0.12669683
1,0,0.91621685,0.28791323,0.8324337
0,1,0.55074865,0.68798745,0.10149729
1,1,0.56334263,0.685101,0.12668526
0,1,0.52210104,0.6921699,0.04420209
1,1,0.563353,0.68509835,0.126706
1,0,0.6818422,0.6254731,0.3636844
1,1,0.55916756,0.68612915,0.11833513
1,0,0.87234885,0.38189715,0.7446977
1,1,0.5488819,0.6883607,0.09776378
0,0,0.84888846,0.42463234,0.6977769
0,0,0.6818414,0.62547374,0.36368272
1,0,0.90401983,0.31615967,0.80803967
1,0,0.8948013,0.33635777,0.78960264
1,1,0.56336987,0.68509406,0.12673974
0,0,0.6855285,0.6226318,0.371057
1,1,0.54231006,0.68956256,0.08462012
1,0,0.8944666,0.33707374,0.78893316
0,1,0.5591636,0.6861301,0.11832714
1,1,0.55075496,0.6879862,0.10150993
1,0,0.8944526,0.33710366,0.78890514
1,0,0.91301626,0.29550317,0.8260325
0,1,0.5549602,0.68709373,0.10992038
1,0,0.89394796,0.3381807,0.7878959
0,1,0.5343346,0.6907876,0.0686692
1,0,0.50145173,0.693143,0.0029034615
0,1,0.5404721,0.6898676,0.08094418
1,0,0.50145173,0.693143,0.0029034615
0,0,0.876908,0.37304065,0.753816
0,0,0.84766895,0.42673132,0.6953379
0,0,0.6834912,0.6242099,0.36698234
1,0,0.8723476,0.38189954,0.7446952
1,0,0.678138,0.628265,0.35627607
0,0,0.89286304,0.3404873,0.7857261
1,0,0.87234885,0.38189715,0.7446977
1,1,0.5634036,0.6850854,0.12680721
0,1,0.5619624,0.68544877,0.12392485
1,0,0.89046204,0.34554824,0.7809241
1,0,0.91951865,0.2799434,0.8390373
1,1,0.56335384,0.6850982,0.12670767
0,1,0.5404909,0.6898645,0.08098185
0,1,0.54377335,0.6893101,0.087546706
0,1,0.5074275,0.69303685,0.014855027
1,0,0.53259236,0.69102114,0.06518471
0,1,0.54892224,0.6883527,0.09784448
1,1,0.5112265,0.69289505,0.02245295
1,0,0.8803325,0.3662619,0.76066506
1,1,0.5028027,0.6931315,0.005605459
1,0,0.52787435,0.6915924,0.05574867
1,0,0.874231,0.37826395,0.74846196
1,1,0.56328505,0.6851157,0.1265701
1,1,0.5488844,0.6883602,0.09776878
0,1,0.5596304,0.6860187,0.11926079
0,0,0.870425,0.385578,0.74085
1,1,0.56334853,0.6850995,0.12669706
1,0,0.50381935,0.69311804,0.0076387227
1,0,0.67813337,0.6282685,0.35626674
1,0,0.89265096,0.34093672,0.7853019
1,0,0.8960761,0.33362016,0.79215217
1,0,0.6781341,0.628268,0.35626817
0,0,0.8750594,0.37665454,0.75011885
0,0,0.67398554,0.6313201,0.34797108
1,0,0.50381935,0.69311804,0.0076387227
0,1,0.5470305,0.6887169,0.09406102
0,0,0.8750593,0.37665474,0.7501186
0,1,0.5507977,0.68797743,0.1015954
1,0,0.67813414,0.6282679,0.3562683
1,0,0.88596654,0.35486606,0.7719331
1,0,0.50570595,0.6930821,0.011411905
1,0,0.8813267,0.36427334,0.76265335
0,1,0.509446,0.6929687,0.01889205
1,0,0.50807315,0.6930169,0.016146302
1,1,0.5703227,0.6832237,0.14064538
0,1,0.55495435,0.687095,0.1099087
1,0,0.8890103,0.34857953,0.7780206
1,1,0.56148326,0.6855676,0.12296653
0,1,0.56332976,0.68510425,0.12665951
0,0,0.8767014,0.37344605,0.7534028
1,0,0.8803325,0.3662619,0.76066506
0,1,0.51082855,0.69291264,0.02165711
1,0,0.88365906,0.35957062,0.7673181
0,0,0.6798129,0.62701035,0.35962585
0,0,0.8534444,0.4166876,0.7068888
1,1,0.5633181,0.68510723,0.12663615
0,1,0.552666,0.68758947,0.10533202
0,1,0.5540496,0.68729305,0.10809922
0,0,0.87649167,0.37385735,0.75298333
0,1,0.5277411,0.69160724,0.05548215
1,1,0.56335354,0.6850982,0.12670708
1,0,0.91133285,0.29944324,0.8226657
0,0,0.8795351,0.36785027,0.75907016
1,0,0.89643383,0.33284876,0.79286766
0,0,0.6855235,0.62263566,0.371047
1,0,0.89898825,0.32730037,0.7979765
0,0,0.8787333,0.36944124,0.75746655
1,1,0.56562996,0.6845077,0.13125992
1,1,0.5643972,0.68483007,0.12879443
0,1,0.55123866,0.6878872,0.10247731
0,0,0.6818411,0.6254739,0.36368215
1,0,0.50614977,0.69307154,0.012299538
1,1,0.5614868,0.6855667,0.12297356
1,0,0.8803325,0.3662619,0.76066506
0,0,0.88636905,0.35404003,0.7727381
0,1,0.5315479,0.6911553,0.06309581
1,0,0.8513515,0.42035758,0.702703
1,1,0.51082164,0.69291294,0.021643281
1,0,0.9150855,0.29061115,0.830171
1,1,0.55916286,0.6861303,0.11832571
1,0,0.8809236,0.36508065,0.76184726
0,1,0.55915684,0.6861317,0.11831367
0,0,0.68184686,0.62546945,0.36369368
0,1,0.5507517,0.68798685,0.10150337
1,0,0.51184523,0.69286656,0.023690462
0,1,0.5596299,0.68601876,0.119259834
1,0,0.88656324,0.3536409,0.7731265
0,1,0.564319,0.68485034,0.12863803
0,1,0.55308753,0.6875,0.106175065
0,1,0.5536734,0.6873744,0.10734677
1,0,0.87318695,0.38028324,0.7463739
0,1,0.55075145,0.68798685,0.101502895
1,0,0.8748489,0.3770641,0.7496978
1,0,0.889564,0.347426,0.77912796
1,1,0.5591521,0.6861328,0.11830425
0,1,0.5549371,0.6870988,0.10987425
1,0,0.9074062,0.3084982,0.8148124
1,0,0.8906784,0.34509462,0.7813568
0,1,0.5446659,0.68915176,0.089331746
0,0,0.8731868,0.38028347,0.74637365
1,0,0.91315717,0.29517177,0.82631433
0,1,0.55075765,0.6879856,0.10151529
0,1,0.5409267,0.6897934,0.08185339
0,1,0.55131274,0.6878719,0.10262549
0,1,0.5366981,0.69045126,0.073396206
1,1,0.55498576,0.6870881,0.10997152
1,0,0.67813486,0.6282674,0.35626972
0,0,0.88053447,0.3658587,0.76106894
0,0,0.87892175,0.36906782,0.7578435
0,1,0.5549575,0.68709433,0.10991502
0,1,0.5507526,0.6879866,0.10150516
0,0,0.6797769,0.6270375,0.35955378
1,0,0.53730464,0.6903613,0.07460925
0,0,0.8742319,0.3782622,0.74846375
1,1,0.50232166,0.6931364,0.004643321
1,1,0.54888165,0.6883607,0.0977633
1,0,0.87234867,0.38189745,0.74469733
0,1,0.5591444,0.6861347,0.118288755
1,1,0.5446708,0.6891509,0.08934164
0,1,0.50894254,0.69298726,0.017885089
0,0,0.67564046,0.630112,0.3512809
0,1,0.5892914,0.67711544,0.17858279
1,0,0.50381935,0.69311804,0.0076387227
1,0,0.67813873,0.6282644,0.35627744
1,1,0.5549521,0.6870955,0.10990417
1,0,0.9114762,0.29910904,0.8229524
1,0,0.8803325,0.3662619,0.76066506
0,1,0.5522114,0.68768513,0.10442281
0,0,0.6907917,0.6184657,0.38158348
0,0,0.68347514,0.62422216,0.3669503
1,0,0.8948432,0.33626804,0.78968644
0,0,0.8773063,0.37225792,0.75461257
1,0,0.89265096,0.34093672,0.7853019
1,0,0.90173614,0.32125142,0.8034723
1,0,0.50614977,0.69307154,0.012299538
1,1,0.5220973,0.69217026,0.04419458
0,0,0.87873316,0.36944145,0.7574663
1,1,0.55728537,0.6865695,0.11457074
1,0,0.90368545,0.31690896,0.8073709
1,0,0.910275,0.30190113,0.82054996
0,0,0.8767002,0.37344843,0.75340044
0,0,0.67977697,0.62703747,0.35955393
1,0,0.87234885,0.38189715,0.7446977
1,0,0.5499701,0.6881448,0.09994018
0,1,0.5446724,0.6891506,0.08934486
1,0,0.8960484,0.33367968,0.79209685
0,0,0.8723488,0.38189724,0.7446976
0,1,0.55729204,0.68656796,0.11458409
1,1,0.54889417,0.68835825,0.097788334
1,0,0.89159715,0.34316298,0.7831943
0,1,0.5531322,0.68749046,0.10626435
1,1,0.5530937,0.6874987,0.10618734
0,1,0.5470716,0.68870914,0.09414315
1,0,0.5123259,0.6928433,0.024651736
0,1,0.53719944,0.690377,0.074398875
1,0,0.9081989,0.30668527,0.8163978
1,0,0.678136,0.6282665,0.356272
1,1,0.50091594,0.6931455,0.0018318892
1,1,0.5633361,0.6851027,0.12667215
0,0,0.68184495,0.625471,0.36368993
1,0,0.87129045,0.3839262,0.7425809
1,1,0.56334394,0.6851007,0.12668788
0,0,0.65441376,0.64467144,0.30882752
1,0,0.8813267,0.36427334,0.76265335
0,1,0.5470195,0.68871903,0.09403896
1,0,0.883095,0.36071265,0.76619005
0,1,0.52306455,0.6920829,0.046129107
1,0,0.8511042,0.42078894,0.7022084
0,0,0.66560864,0.63724506,0.33121726
0,0,0.88636965,0.3540388,0.7727393
0,1,0.5405095,0.68986154,0.081019044
1,0,0.67813456,0.6282676,0.35626912
0,1,0.5433195,0.68938935,0.08663905
1,0,0.8976229,0.33027482,0.79524577
1,1,0.554959,0.687094,0.109918
1,0,0.50947857,0.6929675,0.018957138
0,0,0.8787333,0.36944127,0.75746655
0,1,0.54093367,0.6897923,0.08186734
1,1,0.5427981,0.68947935,0.085596204
1,1,0.56336117,0.68509626,0.12672234
0,1,0.51879555,0.6924405,0.0375911
0,0,0.8754627,0.37586883,0.7509254
1,1,0.55309296,0.6874988,0.10618591
1,1,0.55495745,0.68709433,0.1099149
0,1,0.5423174,0.68956137,0.08463478
0,0,0.8742318,0.37826228,0.74846363
1,0,0.91911256,0.28093147,0.8382251
1,0,0.8748489,0.3770641,0.7496978
1,0,0.909474,0.30375308,0.81894803
1,0,0.8834611,0.35997176,0.76692224
0,0,0.8723489,0.38189703,0.7446978
1,0,0.8880429,0.35058764,0.77608585
1,1,0.5046756,0.69310343,0.0093512535
1,0,0.8976229,0.33027482,0.79524577
1,0,0.8986923,0.32794684,0.7973846
1,0,0.6760728,0.62979436,0.35214555
1,1,0.55915654,0.68613183,0.118313074
0,1,0.53342664,0.6909108,0.066853285
1,0,0.8826972,0.3615163,0.76539445
0,0,0.68552667,0.6226332,0.37105334
1,0,0.87234885,0.38189715,0.7446977
1,0,0.52507067,0.6918896,0.050141305
0,0,0.5062021,0.69307023,0.012404203
1,0,0.678128,0.6282724,0.356256
0,0,0.8555661,0.41293138,0.71113217
1,0,0.5499701,0.6881448,0.09994018
1,0,0.85014355,0.42246002,0.7002871
1,0,0.5123259,0.6928433,0.024651736
0,1,0.5446704,0.6891509,0.089340806
1,0,0.678054,0.6283276,0.35610792
1,1,0.5306179,0.69127107,0.061235785
1,1,0.54653615,0.6888097,0.093072295
0,1,0.55729955,0.68656623,0.11459911
1,0,0.8513418,0.42037457,0.70268357
1,1,0.54888374,0.68836033,0.09776747
0,1,0.5493614,0.68826616,0.098722816
0,1,0.5656894,0.684492,0.13137877
1,0,0.8773069,0.37225673,0.75461376
1,1,0.5273917,0.69164586,0.054783344
0,1,0.55915755,0.6861315,0.1183151
1,0,0.50995934,0.6929488,0.01991868
1,0,0.91682833,0.28644812,0.83365667
1,1,0.5593252,0.6860916,0.11865044
0,1,0.55309343,0.68749875,0.10618687
1,1,0.5088926,0.692989,0.017785192
0,0,0.8760909,0.37464195,0.75218177
1,0,0.8760912,0.37464133,0.75218236
1,0,0.87129045,0.3839262,0.7425809
0,1,0.5549586,0.6870941,0.109917164
1,1,0.56343603,0.6850772,0.12687206
0,0,0.50792897,0.6930214,0.015857965
1,0,0.8844479,0.35796824,0.76889575
0,1,0.5554334,0.68698883,0.110866785
0,1,0.54328144,0.6893959,0.08656287
1,0,0.89502406,0.33588064,0.7900481
0,1,0.55122733,0.68788946,0.10245466
1,1,0.54514676,0.68906516,0.09029353
0,1,0.55931014,0.68609524,0.11862028
1,0,0.52459085,0.6919373,0.04918173
0,1,0.55777043,0.6864574,0.11554086
0,0,0.8769071,0.37304237,0.7538142
0,1,0.5549747,0.6870905,0.10994935
1,1,0.55075425,0.6879864,0.1015085
1,1,0.5633817,0.685091,0.12676334
0,1,0.55223644,0.6876799,0.104472876
0,0,0.8758821,0.37505016,0.7517642
0,0,0.8750593,0.37665474,0.7501186
0,1,0.55495316,0.6870953,0.109906316
0,0,0.87892234,0.36906666,0.7578447
1,1,0.5633529,0.6850984,0.12670577
0,1,0.5385691,0.6901691,0.077138186
0,0,0.87484884,0.37706423,0.7496977
0,0,0.87792677,0.37103552,0.75585353
0,1,0.52730817,0.6916549,0.054616332
1,1,0.5633453,0.6851003,0.12669063
1,0,0.50145173,0.693143,0.0029034615
1,0,0.87234885,0.38189715,0.7446977
0,1,0.53626174,0.69051504,0.072523475
0,1,0.56382567,0.68497753,0.12765133
1,0,0.8731869,0.38028336,0.7463738
1,0,0.88748264,0.35174635,0.7749653
0,0,0.8742302,0.37826538,0.7484604
1,0,0.50807315,0.6930169,0.016146302
1,0,0.6760744,0.62979317,0.35214874
0,1,0.5451727,0.68906045,0.09034538
1,1,0.5634197,0.68508136,0.1268394
0,0,0.8721344,0.38230908,0.7442688
0,1,0.5536323,0.68738323,0.10726464
0,0,0.6760684,0.62979746,0.35213688
1,0,0.87234885,0.38189715,0.7446977
1,0,0.67607343,0.6297939,0.35214686
1,0,0.87129045,0.3839262,0.7425809
1,0,0.89323103,0.33970627,0.78646207
1,0,0.8797375,0.36744773,0.759475
0,1,0.54231685,0.6895615,0.08463371
1,1,0.5617203,0.6855089,0.12344062
1,0,0.89159715,0.34316298,0.7831943
1,0,0.91479766,0.291295,0.8295953
1,1,0.546536,0.6888097,0.09307206
1,0,0.85078555,0.42134407,0.7015711
1,0,0.90070856,0.32352328,0.8014171
1,1,0.5591586,0.68613124,0.11831725
1,0,0.917402,0.28506914,0.83480406
0,1,0.5465367,0.68880963,0.09307337
0,0,0.67190087,0.6328243,0.34380177
1,1,0.56161076,0.685536,0.12322152
1,0,0.5448006,0.68912756,0.08960116
0,0,0.8721344,0.38230908,0.7442688
1,0,0.8838719,0.35913885,0.7677438
1,0,0.8993505,0.3265077,0.79870105
0,1,0.5577423,0.68646395,0.115484595
0,1,0.5591471,0.686134,0.11829424
1,0,0.5241111,0.69198406,0.048222184
0,0,0.8777204,0.3714424,0.75544083
1,0,0.8928635,0.34048626,0.785727
1,0,0.52883315,0.6914835,0.057666272
0,1,0.55916023,0.6861309,0.118320465
0,1,0.56332994,0.68510425,0.12665987
1,0,0.678125,0.6282747,0.35625002
0,0,0.87772036,0.3714426,0.7554407
0,1,0.5550143,0.6870818,0.110028625
1,0,0.90965664,0.3033315,0.8193133
1,1,0.5633493,0.6850993,0.12669861
1,1,0.5633496,0.68509924,0.12669921
1,0,0.50381935,0.69311804,0.0076387227
1,0,0.8948013,0.33635777,0.78960264
1,1,0.56154525,0.6855523,0.123090506
1,1,0.5070563,0.6930476,0.014112592
0,0,0.87402016,0.37867245,0.7480403
0,1,0.52966815,0.69138575,0.059336305
0,1,0.51837087,0.692472,0.036741734
1,0,0.8748489,0.3770641,0.7496978
0,1,0.55495757,0.6870943,0.10991514
1,1,0.500435,0.69314677,0.0008699894
1,0,0.90035063,0.32431185,0.80070126
0,1,0.50946456,0.692968,0.018929124
1,0,0.8731869,0.38028336,0.7463738
1,1,0.5530933,0.6874987,0.10618663
1,0,0.51373065,0.6927701,0.02746132
1,0,0.8813267,0.36427334,0.76265335
1,0,0.8803325,0.3662619,0.76066506
1,1,0.5493628,0.6882659,0.09872556
1,0,0.8838719,0.35913885,0.7677438
0,1,0.55494726,0.6870966,0.109894514
0,0,0.9205665,0.2773836,0.841133
0,1,0.54984707,0.6881694,0.09969413
1,0,0.67399305,0.6313147,0.3479861
0,0,0.67979884,0.62702096,0.35959765
1,0,0.87423193,0.3782621,0.74846387
1,0,0.5136937,0.69277203,0.02738738
0,0,0.85009813,0.42253882,0.70019627
0,1,0.50894254,0.69298726,0.017885089
1,0,0.899845,0.3254234,0.79969
1,0,0.90368545,0.31690896,0.8073709
1,1,0.54935896,0.68826663,0.09871793
1,0,0.883095,0.36071265,0.76619005
0,0,0.8815278,0.3638699,0.76305556
1,0,0.8871276,0.35247904,0.77425516
0,0,0.88053495,0.36585778,0.7610699
0,1,0.55733407,0.6865583,0.11466813
0,1,0.5535624,0.6873983,0.107124805
0,1,0.5343325,0.6907879,0.06866503
0,0,0.86915123,0.38799697,0.73830247
0,0,0.89250904,0.3412372,0.7850181
0,1,0.5344047,0.6907779,0.06880939
1,1,0.5108235,0.6929129,0.021646976
1,0,0.8955512,0.33474943,0.7911024
0,0,0.6805818,0.62643015,0.3611636
1,0,0.9157957,0.28891957,0.83159137
0,1,0.5446701,0.68915105,0.08934021
0,1,0.5633457,0.6851002,0.12669134
1,0,0.90401983,0.31615967,0.80803967
1,1,0.5633428,0.6851009,0.12668562
0,0,0.5467819,0.6887637,0.093563825
0,1,0.55363375,0.68738294,0.1072675
1,1,0.51319635,0.69279885,0.026392698
0,1,0.5572866,0.6865692,0.11457324
1,0,0.6781298,0.62827116,0.3562596
0,1,0.55915284,0.68613267,0.11830568
1,0,0.89232445,0.34162775,0.7846489
1,0,0.50807315,0.6930169,0.016146302
1,0,0.89159715,0.34316298,0.7831943
1,0,0.8821137,0.3626923,0.7642274
1,0,0.8723488,0.38189724,0.7446976
1,0,0.681838,0.62547624,0.36367595
1,0,0.678054,0.6283276,0.35610795
1,1,0.56341857,0.68508166,0.12683713
0,1,0.5549511,0.68709576,0.10990214
1,0,0.90486395,0.31426236,0.8097279
0,1,0.53810096,0.690241,0.076201916
1,0,0.6818404,0.62547445,0.36368087
1,1,0.50887626,0.6929896,0.017752528
1,0,0.9050294,0.3138895,0.81005883
1,0,0.6834754,0.62422204,0.36695078
1,0,0.67607665,0.6297915,0.35215327
0,1,0.5530969,0.687498,0.10619378
1,1,0.5507533,0.6879865,0.10150659
1,0,0.9137655,0.2937382,0.827531
0,1,0.51600015,0.69263506,0.032000303
0,1,0.5409227,0.68979406,0.0818454
1,0,0.53730464,0.6903613,0.07460925
0,0,0.69281614,0.61682886,0.38563228
1,0,0.6834791,0.6242192,0.36695814
0,0,0.6818453,0.6254707,0.36369058
0,0,0.87933064,0.3682565,0.75866127
1,0,0.67813486,0.6282674,0.35626972
0,1,0.5493625,0.6882659,0.09872496
0,1,0.55729556,0.6865672,0.11459112
1,0,0.87234885,0.38189715,0.7446977
0,1,0.5174137,0.6925406,0.03482735
0,0,0.68186593,0.625455,0.3637319
1,0,0.50614977,0.69307154,0.012299538
1,1,0.5633394,0.68510187,0.12667882
1,1,0.5184061,0.6924695,0.036812186
1,0,0.8723476,0.3818996,0.7446952
0,1,0.5418871,0.689634,0.08377421
1,0,0.92388546,0.2691756,0.8477709
1,1,0.5220281,0.69217634,0.044056177
1,0,0.9043788,0.31535387,0.80875754
0,0,0.88053507,0.36585757,0.76107013
1,1,0.56334513,0.6851003,0.12669027
1,0,0.889564,0.347426,0.77912796
1,1,0.5591469,0.68613404,0.11829376
0,1,0.55309993,0.6874974,0.10619986
1,1,0.56336796,0.68509454,0.12673593
0,1,0.5984237,0.6736456,0.19684744
1,0,0.88053507,0.36585757,0.76107013
1,1,0.5633548,0.68509793,0.12670958
1,0,0.67813504,0.6282672,0.35627005
0,1,0.56197506,0.68544555,0.123950124
0,1,0.563339,0.6851019,0.12667799
1,0,0.67813456,0.6282676,0.35626912
0,1,0.538137,0.6902355,0.07627404
1,0,0.8983008,0.32880047,0.79660165
1,0,0.88882035,0.34897456,0.7776407
1,0,0.679664,0.6271224,0.35932806
1,0,0.89250916,0.34123695,0.7850183
1,0,0.8914111,0.34355485,0.78282225
0,0,0.8634443,0.39866138,0.72688866
0,1,0.54984725,0.6881694,0.09969449
1,1,0.563323,0.68510604,0.12664604
1,1,0.5319843,0.69109976,0.06396866
0,1,0.54327756,0.6893966,0.08655512
1,0,0.9104199,0.3015653,0.82083976
1,0,0.8785281,0.3698474,0.75705624
1,0,0.90387857,0.31647637,0.80775714
1,0,0.53259236,0.69102114,0.06518471
0,1,0.5591534,0.68613255,0.118306756
0,1,0.5512261,0.68788975,0.10245216
1,1,0.5591625,0.68613034,0.118324995
0,1,0.53670704,0.69044995,0.07341409
0,0,0.67815584,0.62825173,0.35631168
0,1,0.5633524,0.6850985,0.12670481
0,0,0.68918324,0.61975265,0.3783665
1,1,0.531987,0.6910994,0.06397402
1,0,0.67810816,0.62828726,0.3562163
1,0,0.8902742,0.3459416,0.78054845
0,0,0.8522561,0.41877556,0.70451224
0,0,0.8797388,0.3674451,0.7594776
0,1,0.5591637,0.68613005,0.11832738
1,0,0.87234885,0.38189715,0.7446977
1,0,0.678125,0.6282747,0.35625008
0,0,0.8738082,0.3790828,0.7476164
1,0,0.68552905,0.6226313,0.3710581
0,0,0.8750593,0.37665474,0.7501186
1,1,0.5633429,0.6851009,0.12668586
1,0,0.8803325,0.3662619,0.76066506
1,0,0.50145173,0.693143,0.0029034615
0,0,0.87129045,0.38392627,0.7425809
1,1,0.5592134,0.68611825,0.1184268
0,1,0.51903754,0.69242215,0.03807509
1,0,0.8773069,0.37225673,0.75461376
1,0,0.9061554,0.3113437,0.8123108
1,0,0.9354973,0.23918127,0.87099457
1,0,0.87792575,0.37103748,0.7558515
1,0,0.67813957,0.62826383,0.3562791
0,0,0.8846438,0.3575693,0.7692876
1,0,0.8723474,0.3818999,0.7446948
0,1,0.55496275,0.68709314,0.10992551
0,1,0.5554513,0.6869848,0.11090255
1,0,0.89800316,0.32944846,0.7960063
0,1,0.563346,0.68510014,0.12669206
0,1,0.5549641,0.68709284,0.10992825
0,1,0.6075013,0.6698527,0.21500266
1,0,0.91345006,0.2944821,0.8269001
1,0,0.8512962,0.42045414,0.7025924
1,0,0.6719073,0.63281965,0.34381464
0,1,0.55315834,0.68748486,0.106316686
1,0,0.50381935,0.69311804,0.0076387227
0,1,0.5531945,0.6874771,0.106389046
1,0,0.8955512,0.33474943,0.7911024
0,0,0.8797388,0.3674451,0.7594776
1,1,0.5108286,0.6929127,0.021657228
1,1,0.50091594,0.6931455,0.0018318892
1,0,0.8996715,0.32580417,0.799343
0,1,0.5573024,0.6865656,0.11460483
1,1,0.56334263,0.685101,0.12668526
0,1,0.5512319,0.6878885,0.10246384
0,1,0.5308426,0.6912434,0.061685205
1,0,0.67606366,0.62980103,0.35212734
1,0,0.93089557,0.25131625,0.86179113
0,1,0.55730015,0.6865661,0.1146003
1,1,0.55916685,0.68612933,0.1183337
1,0,0.5494939,0.6882398,0.09898779
1,0,0.8723485,0.38189784,0.744697
1,1,0.56335235,0.6850985,0.1267047
0,0,0.6698035,0.6343177,0.33960703
0,0,0.88580143,0.35520434,0.77160287
1,0,0.8803325,0.3662619,0.76066506
1,0,0.85008633,0.42255932,0.70017266
0,1,0.5419056,0.68963087,0.083811164
1,0,0.51373065,0.6927701,0.02746132
1,0,0.8723489,0.38189703,0.7446978
1,0,0.6781341,0.62826794,0.35626814
1,1,0.5633524,0.6850985,0.12670481
1,1,0.5512296,0.68788904,0.10245919
1,0,0.90368545,0.31690896,0.8073709
1,1,0.56334347,0.6851008,0.12668693
1,0,0.90355664,0.31719723,0.8071133
1,1,0.56147414,0.6855699,0.12294829
1,0,0.90371126,0.31685114,0.8074225
1,0,0.8813267,0.36427334,0.76265335
0,1,0.54654163,0.6888087,0.09308326
0,1,0.5633439,0.6851007,0.12668777
1,0,0.89815205,0.32912445,0.7963041
1,0,0.8512813,0.42048007,0.7025626
1,0,0.8902742,0.3459416,0.78054845
1,0,0.5415326,0.68969333,0.08306515
1,0,0.89049095,0.34548765,0.7809819
1,1,0.55729747,0.6865667,0.11459494
0,0,0.87484884,0.37706423,0.7496977
1,0,0.8996715,0.32580417,0.799343
1,1,0.56334865,0.6850995,0.1266973
0,1,0.55915505,0.6861321,0.118310094
0,0,0.87481606,0.37712795,0.7496321
0,1,0.55915874,0.68613124,0.118317485
1,0,0.54105484,0.68977237,0.08210972
0,0,0.8797388,0.3674451,0.7594776
1,0,0.6818422,0.625473,0.36368445
1,1,0.5591456,0.68613434,0.11829126
1,0,0.6781354,0.62826693,0.3562708
1,0,0.52222836,0.6921587,0.04445675
0,1,0.5320046,0.69109714,0.06400919
1,1,0.5409228,0.68979406,0.08184564
1,0,0.89266515,0.34090665,0.7853303
0,0,0.8813261,0.3642745,0.76265216
0,1,0.54653484,0.6888099,0.09306967
1,0,0.9120952,0.2976634,0.8241904
1,0,0.8513315,0.42039254,0.70266294
1,1,0.5633426,0.68510103,0.12668514
1,1,0.5615165,0.6855594,0.12303305
0,1,0.55915546,0.6861321,0.11831093
0,0,0.89085114,0.34473217,0.7817023
0,0,0.6871526,0.62135994,0.37430528
1,1,0.5596147,0.6860224,0.119229436
1,0,0.8797386,0.3674454,0.75947726
0,1,0.5316344,0.6911444,0.06326878
0,0,0.87873316,0.36944145,0.7574663
0,1,0.5480058,0.688531,0.09601164
1,0,0.8813112,0.36430442,0.76262236
1,0,0.50381935,0.69311804,0.0076387227
1,1,0.5593997,0.68607384,0.11879945
1,0,0.5146918,0.6927154,0.02938366
0,1,0.5615018,0.685563,0.1230036
0,0,0.8797389,0.36744484,0.75947785
0,1,0.5140839,0.6927504,0.028167844
0,0,0.68552077,0.62263775,0.3710415
1,1,0.50859344,0.6929995,0.01718688
1,1,0.51082164,0.69291294,0.021643281
0,1,0.54094636,0.68979025,0.08189273
1,0,0.5541783,0.68726504,0.108356595
1,0,0.5123259,0.6928433,0.024651736
0,0,0.67771214,0.628582,0.35542428
0,1,0.52121943,0.6922464,0.042438865
0,0,0.6818106,0.6254971,0.36362126
1,0,0.50381935,0.69311804,0.0076387227
1,0,0.6781324,0.6282692,0.35626483
1,0,0.8948432,0.33626804,0.78968644
1,1,0.559173,0.68612784,0.118345976
1,0,0.9254624,0.26522118,0.85092485
1,1,0.565676,0.68449557,0.13135195
0,1,0.54753643,0.6886209,0.095072865
0,1,0.542852,0.68947005,0.08570397
1,1,0.5551518,0.68705136,0.11030364
0,0,0.68171525,0.6255698,0.36343053
0,1,0.55075544,0.6879861,0.10151088
1,0,0.5457546,0.68895435,0.09150922
0,1,0.54701734,0.6887194,0.09403467
1,0,0.68185246,0.6254653,0.36370495
0,1,0.52031004,0.69232196,0.04062009
0,1,0.5549539,0.6870951,0.10990775
1,1,0.5089426,0.6929872,0.017885208
1,0,0.8974596,0.33062917,0.79491925
0,1,0.5197486,0.69236696,0.039497256
1,0,0.8773069,0.37225673,0.75461376
1,1,0.56334615,0.6851001,0.1266923
1,0,0.8795352,0.36785007,0.7590704
0,0,0.87423193,0.378262,0.74846387
1,1,0.5636098,0.68503284,0.12721956
1,0,0.8781169,0.37066022,0.7562338
0,1,0.5614915,0.6855656,0.12298298
0,1,0.55275106,0.68757147,0.10550213
1,0,0.6779326,0.62841797,0.3558652
1,0,0.8960761,0.33362016,0.79215217
1,1,0.56335264,0.6850984,0.12670529
1,0,0.6818371,0.62547696,0.36367413
0,0,0.67771214,0.628582,0.35542428
1,0,0.89046204,0.34554824,0.7809241
1,0,0.50995934,0.6929488,0.01991868
0,0,0.87973887,0.36744493,0.75947773
1,0,0.88580203,0.3552032,0.77160406
1,0,0.8511374,0.42073107,0.7022748
1,0,0.8501442,0.4224589,0.7002884
1,0,0.50995934,0.6929488,0.01991868
1,1,0.5633427,0.685101,0.12668538
0,1,0.55915576,0.68613195,0.118311524
0,1,0.5428006,0.68947893,0.08560121
0,0,0.88656324,0.3536409,0.7731265
0,1,0.5549607,0.6870936,0.109921455
0,0,0.87792677,0.37103552,0.75585353
1,0,0.5434057,0.6893743,0.08681142
1,0,0.50807315,0.6930169,0.016146302
1,0,0.6780828,0.62830615,0.35616565
0,1,0.50838786,0.69300646,0.016775727
1,0,0.88936025,0.3478508,0.7787205
1,0,0.88580203,0.3552032,0.77160406
1,0,0.88732004,0.35208204,0.7746401
0,1,0.5591582,0.68613136,0.11831641
0,0,0.852257,0.41877395,0.704514
1,0,0.67816055,0.6282482,0.35632107
0,0,0.8723489,0.38189703,0.7446978
0,1,0.56010795,0.6859037,0.12021589
1,0,0.52507067,0.6918896,0.050141305
1,1,0.5633473,0.6850998,0.12669456
1,0,0.910275,0.30190113,0.82054996
1,1,0.55951476,0.68604636,0.11902952
0,1,0.5961004,0.67456114,0.19220078
0,1,0.5470185,0.68871915,0.094037056
1,0,0.85133797,0.4203812,0.70267594
0,1,0.5277569,0.69160545,0.05551386
0,1,0.5367081,0.6904498,0.07341623
0,0,0.6818352,0.6254784,0.36367032
0,1,0.5549538,0.68709517,0.10990763
1,0,0.6818318,0.62548095,0.36366355
1,0,0.89428484,0.33746198,0.7885697
1,0,0.8501167,0.42250657,0.70023346
0,1,0.5596372,0.68601704,0.11927438
1,0,0.8974596,0.33062917,0.79491925
1,0,0.678128,0.6282724,0.35625604
0,1,0.53482586,0.69071954,0.06965172
0,1,0.5507511,0.68798697,0.10150218
0,1,0.56144845,0.6855762,0.12289691
1,0,0.9149244,0.29099408,0.82984877
0,1,0.5385971,0.6901647,0.077194214
1,0,0.88656324,0.3536409,0.7731265
1,0,0.90169674,0.3213388,0.8033935
1,1,0.5482602,0.6884818,0.096520424
0,1,0.51082855,0.69291264,0.02165711
1,0,0.88656324,0.3536409,0.7731265
1,0,0.9224052,0.27285546,0.84481037
0,1,0.5470212,0.6887187,0.09404242
0,1,0.54888695,0.6883596,0.09777391
1,0,0.8996715,0.32580417,0.799343
1,0,0.54105484,0.68977237,0.08210972
1,0,0.889564,0.347426,0.77912796
0,0,0.8760912,0.37464133,0.75218236
1,0,0.6760764,0.6297916,0.35215282
0,1,0.56431645,0.684851,0.1286329
1,0,0.6781406,0.6282631,0.35628116
1,1,0.5512296,0.68788904,0.10245919
0,1,0.56334406,0.6851006,0.12668812
0,1,0.5488897,0.68835914,0.09777939
1,1,0.56568223,0.6844939,0.13136446
1,1,0.56337243,0.6850934,0.12674487
1,1,0.52962416,0.691391,0.05924833
1,0,0.67814577,0.6282592,0.3562915
0,0,0.8861768,0.35443473,0.77235365
1,0,0.91360205,0.2941238,0.8272041
1,0,0.85047126,0.4218908,0.7009425
1,0,0.90355664,0.31719723,0.8071133
0,0,0.9214673,0.27517095,0.8429346
1,0,0.5019327,0.6931397,0.0038653612
0,0,0.68552065,0.62263787,0.37104133
1,0,0.91683966,0.28642097,0.8336793
0,1,0.5549551,0.6870948,0.10991025
0,1,0.56210417,0.68541336,0.12420833
1,1,0.5362163,0.6905216,0.07243264
0,1,0.5488841,0.6883602,0.09776819
0,1,0.5596565,0.6860124,0.119313
0,1,0.5428438,0.6894715,0.08568764
1,1,0.59619343,0.6745249,0.19238687
1,1,0.563353,0.68509835,0.126706
1,0,0.90140784,0.32197857,0.8028157
0,0,0.88636965,0.3540388,0.7727393
0,1,0.56613874,0.6843728,0.13227749
1,0,0.6781346,0.6282675,0.35626924
0,0,0.87609124,0.37464124,0.7521825
0,1,0.5404908,0.68986464,0.08098161
1,0,0.89119595,0.34400758,0.7823919
1,1,0.5634801,0.6850659,0.12696016
1,1,0.55744314,0.68653315,0.114886284
0,0,0.8787333,0.36944127,0.75746655
0,1,0.5549622,0.68709326,0.109924436
1,0,0.9179833,0.28366745,0.8359666
1,0,0.9105646,0.30122963,0.8211292
0,0,0.67606103,0.62980294,0.35212207
0,0,0.874231,0.37826395,0.74846196
0,1,0.5661619,0.6843667,0.13232374
0,0,0.6753663,0.63031304,0.3507326
0,1,0.5296482,0.69138813,0.05929637
1,1,0.55915546,0.6861321,0.11831093
1,0,0.6698122,0.63431156,0.33962438
1,1,0.5635031,0.68506,0.12700617
0,1,0.5549954,0.6870859,0.109990835
1,0,0.87423193,0.37826204,0.74846387
1,0,0.9180834,0.28342557,0.83616686
0,0,0.876908,0.37304065,0.753816
0,0,0.68183494,0.6254786,0.36366987
1,0,0.8513875,0.42029476,0.702775
0,1,0.5192655,0.6924046,0.038530946
0,1,0.55914235,0.6861351,0.1182847
1,0,0.9083962,0.30623284,0.81679237
0,1,0.55495626,0.68709457,0.109912515
1,0,0.5330713,0.69095814,0.06614256
0,0,0.8731868,0.38028347,0.74637365
0,1,0.54466593,0.68915176,0.089331865
0,0,0.8723489,0.38189703,0.7446978
0,1,0.5633191,0.685107,0.12663817
1,1,0.5572934,0.68656766,0.11458683
1,0,0.90368545,0.31690896,0.8073709
1,0,0.89100933,0.3443999,0.78201866
1,0,0.8910237,0.3443697,0.7820474
0,1,0.5310688,0.6912154,0.062137604
1,0,0.9182725,0.28296837,0.836545
0,1,0.56153625,0.6855545,0.123072505
0,0,0.6781337,0.62826824,0.35626742
0,0,0.87792677,0.37103552,0.75585353
0,0,0.89901346,0.3272452,0.7980269
1,1,0.5447308,0.6891402,0.089461565
1,0,0.67608404,0.629786,0.35216808
0,1,0.55728996,0.68656844,0.114579916
1,1,0.55495554,0.6870947,0.109911084
1,1,0.51081115,0.6929134,0.0216223
0,1,0.5572973,0.6865668,0.11459458
0,1,0.5549582,0.6870941,0.10991645
1,1,0.56333953,0.68510175,0.12667906
1,0,0.8926794,0.34087646,0.7853588
0,1,0.54280925,0.68947744,0.085618496
1,0,0.889564,0.347426,0.77912796
0,1,0.5666455,0.6842374,0.133291
1,0,0.91345006,0.2944821,0.8269001
1,0,0.5123259,0.6928433,0.024651736
0,1,0.5385989,0.69016445,0.07719779
0,0,0.8488902,0.42462933,0.6977804
0,0,0.8815277,0.36387002,0.76305544
0,1,0.51549196,0.69266707,0.030983925
1,0,0.9086913,0.30555534,0.8173826
0,0,0.87852806,0.3698475,0.7570561
0,0,0.87567264,0.3754592,0.7513453
0,0,0.88033193,0.3662631,0.76066387
1,0,0.8928635,0.34048626,0.785727
0,1,0.5465402,0.6888089,0.0930804
1,0,0.90932775,0.30409044,0.8186555
0,1,0.54236466,0.6895534,0.084729314
1,1,0.550752,0.6879868,0.10150397
1,0,0.5019327,0.6931397,0.0038653612
0,1,0.55914825,0.68613374,0.118296504
0,1,0.5493625,0.6882659,0.09872496
1,0,0.88826346,0.35013062,0.7765269
1,0,0.50570595,0.6930821,0.011411905
0,1,0.52988094,0.69136035,0.05976188
0,1,0.54936934,0.68826455,0.09873867
1,0,0.91724485,0.28544736,0.8344897
1,0,0.52082515,0.6922796,0.041650325
1,0,0.91621685,0.28791323,0.8324337
1,0,0.8928493,0.34051633,0.78569865
0,0,0.6756414,0.6301113,0.35128284
1,1,0.5591581,0.6861314,0.11831617
0,1,0.5456391,0.6889756,0.091278195
0,0,0.88053507,0.36585757,0.76107013
1,0,0.8769081,0.37304044,0.75381625
0,1,0.5591524,0.6861327,0.11830485
1,1,0.5614866,0.6855668,0.1229732
0,0,0.8760891,0.37464544,0.7521782
1,0,0.9022202,0.32017714,0.8044404
1,0,0.6781369,0.62826586,0.35627377
1,1,0.50232166,0.6931364,0.004643321
0,1,0.5633358,0.6851027,0.12667155
1,1,0.55918926,0.68612397,0.11837852
1,0,0.8838719,0.35913885,0.7677438
1,1,0.56335104,0.6850989,0.12670207
0,1,0.54331756,0.68938965,0.08663511
0,0,0.86915123,0.38799697,0.73830247
1,0,0.91494745,0.29093927,0.8298949
0,1,0.52870524,0.6914983,0.05741048
1,0,0.67800194,0.62836635,0.35600388
0,1,0.55075,0.6879872,0.101500034
0,1,0.52634394,0.6917585,0.052687883
0,1,0.5173989,0.6925416,0.034797788
1,1,0.5089429,0.6929872,0.017885804
0,0,0.87609047,0.3746428,0.75218093
1,0,0.88826346,0.35013062,0.7765269
1,0,0.6818484,0.6254683,0.36369684
1,1,0.563433,0.68507797,0.12686598
0,0,0.8742318,0.37826228,0.74846363
1,0,0.87380826,0.37908268,0.7476165
0,1,0.5503509,0.68806815,0.10070181
0,1,0.54888445,0.68836015,0.0977689
1,0,0.9138936,0.2934357,0.82778716
1,0,0.90871584,0.30549884,0.8174317
1,0,0.9199557,0.27887762,0.83991134
1,0,0.8844327,0.35799918,0.76886535
1,0,0.67604303,0.6298162,0.35208607
1,0,0.9066325,0.31026053,0.81326497
0,1,0.55915785,0.6861315,0.1183157
0,0,0.870425,0.385578,0.74085
0,1,0.52966845,0.6913857,0.0593369
0,0,0.8750582,0.3766569,0.75011635
0,1,0.54048157,0.68986607,0.080963135
1,0,0.67978954,0.627028,0.35957906
0,0,0.681847,0.62546945,0.36369395
0,1,0.5535736,0.68739593,0.10714722
1,1,0.5068466,0.6930534,0.013693213
1,0,0.51657677,0.6925975,0.033153504
1,0,0.67607677,0.6297914,0.35215354
0,0,0.8731868,0.38028347,0.74637365
0,1,0.5639218,0.68495274,0.12784362
0,0,0.6881654,0.62056065,0.37633088
0,0,0.8875113,0.35168707,0.7750226
1,0,0.8740203,0.37867224,0.74804056
1,0,0.8803325,0.3662619,0.76066506
0,0,0.8910374,0.34434086,0.7820748
0,1,0.55730313,0.6865654,0.11460626
1,0,0.8820983,0.36272332,0.76419663
1,1,0.5703211,0.6832242,0.14064217
0,1,0.55915624,0.68613183,0.11831248
1,0,0.87234885,0.38189715,0.7446977
0,0,0.8476696,0.42673022,0.6953392
1,1,0.5633507,0.6850989,0.12670135
1,0,0.5075924,0.6930319,0.01518476
0,0,0.8748488,0.37706432,0.74969757
1,0,0.8852019,0.3564309,0.77040374
0,0,0.8971324,0.3313384,0.7942648
0,0,0.8787333,0.36944124,0.75746655
0,0,0.6781479,0.62825763,0.3562958
1,1,0.5488775,0.6883615,0.097754955
1,0,0.90386564,0.31650534,0.8077313
0,1,0.55915684,0.6861317,0.11831367
0,0,0.8846441,0.35756868,0.7692882
0,0,0.67977846,0.62703633,0.3595569
1,1,0.55492896,0.6871006,0.10985792
0,1,0.5461086,0.68888915,0.09221721
1,1,0.5465351,0.6888099,0.09307015
1,0,0.53730464,0.6903613,0.07460925
1,0,0.8974596,0.33062917,0.79491925
1,0,0.8953295,0.3352256,0.79065895
1,0,0.5462315,0.6888663,0.09246299
1,1,0.5634954,0.68506205,0.1269908
1,1,0.56332904,0.6851045,0.12665808
0,1,0.5550066,0.6870835,0.11001325
0,1,0.55967754,0.6860074,0.11935508
0,1,0.54566646,0.68897057,0.09133291
1,0,0.8890103,0.34857953,0.7780206
1,1,0.5088679,0.6929899,0.017735839
1,0,0.9080383,0.3070531,0.81607664
0,0,0.6756425,0.6301105,0.35128498
1,0,0.5203451,0.69231915,0.040690184
0,0,0.68185455,0.6254636,0.3637091
0,1,0.53809583,0.69024175,0.076191664
1,0,0.67800784,0.62836194,0.35601568
1,1,0.5633589,0.68509686,0.1267178
0,1,0.5466319,0.6887918,0.093263745
0,1,0.5423163,0.68956155,0.084632635
1,0,0.6781373,0.62826556,0.3562746
1,1,0.5703232,0.6832236,0.14064646
1,0,0.8512695,0.42050067,0.70253897
0,0,0.69240445,0.6171633,0.3848089
1,0,0.8971324,0.3313384,0.7942648
1,0,0.8813267,0.36427334,0.76265335
0,1,0.55963886,0.6860166,0.119277716
1,0,0.889564,0.347426,0.77912796
0,1,0.54281473,0.6894765,0.08562946
1,1,0.50232166,0.6931364,0.004643321
1,0,0.87234885,0.38189715,0.7446977
0,0,0.6834791,0.6242191,0.36695817
1,1,0.5549588,0.687094,0.10991764
0,1,0.54231614,0.6895616,0.08463228
0,1,0.5446691,0.68915117,0.08933818
0,1,0.5635047,0.68505967,0.12700939
1,0,0.53355,0.69089425,0.06710008
0,0,0.5076624,0.6930297,0.015324801
1,0,0.8769081,0.37304044,0.75381625
0,1,0.5465387,0.6888092,0.09307742
0,1,0.5596335,0.6860179,0.11926699
0,1,0.5591422,0.6861352,0.118284345
0,1,0.51082855,0.69291264,0.02165711
1,0,0.8500686,0.42259008,0.70013726
1,0,0.50570595,0.6930821,0.011411905
1,1,0.50894403,0.6929872,0.01788807
0,0,0.67811376,0.6282831,0.35622752
0,0,0.68918145,0.6197541,0.37836286
1,0,0.678138,0.628265,0.35627604
1,0,0.52270836,0.6921154,0.045416713
1,0,0.90368545,0.31690896,0.8073709
1,0,0.87234885,0.38189715,0.7446977
1,1,0.5488955,0.68835795,0.09779096
1,0,0.90169674,0.3213388,0.8033935
0,0,0.8797389,0.36744484,0.75947785
0,1,0.55075157,0.68798685,0.101503134
0,0,0.91479695,0.29129666,0.8295939
1,0,0.51373065,0.6927701,0.02746132
1,0,0.851349,0.420362,0.702698
1,0,0.91164327,0.29871932,0.82328653
0,1,0.5362163,0.6905216,0.07243264
0,1,0.5507502,0.68798715,0.10150039
1,0,0.90355664,0.31719723,0.8071133
0,0,0.5257447,0.691821,0.051489323
0,0,0.67522013,0.63042,0.35044023
1,1,0.5633528,0.6850984,0.12670565
0,1,0.56022525,0.68587536,0.1204505
0,1,0.55915886,0.68613124,0.11831772
1,0,0.8740203,0.37867224,0.74804056
1,0,0.68141115,0.6258012,0.36282226
0,1,0.5572991,0.6865664,0.114598155
1,0,0.8976229,0.33027482,0.79524577
1,1,0.5046893,0.6931032,0.009378552
1,0,0.5462315,0.6888663,0.09246299
1,0,0.6780063,0.62836313,0.35601255
1,0,0.85132205,0.42040896,0.7026441
0,1,0.5597046,0.6860008,0.1194092
1,0,0.9107211,0.30086622,0.82144225
0,0,0.87567276,0.37545893,0.7513455
1,0,0.89898825,0.32730037,0.7979765
1,0,0.50381935,0.69311804,0.0076387227
1,0,0.90368545,0.31690896,0.8073709
1,0,0.889564,0.347426,0.77912796
1,0,0.8844479,0.35796824,0.76889575
1,0,0.6781026,0.62829137,0.35620522
1,0,0.67813647,0.6282662,0.35627294
0,1,0.51082855,0.69291264,0.02165711
0,1,0.55496246,0.6870932,0.10992491
1,0,0.9153725,0.28992838,0.830745
1,0,0.8902887,0.34591126,0.7805774
1,1,0.55915195,0.68613285,0.118303895
0,0,0.8738082,0.3790828,0.7476164
1,1,0.56335425,0.68509805,0.12670851
1,0,0.8978132,0.3298615,0.7956264
1,0,0.6781409,0.6282629,0.3562818
1,1,0.5108254,0.69291276,0.021650791
1,0,0.90070856,0.32352328,0.8014171
1,0,0.851356,0.42034966,0.70271206
1,0,0.85025716,0.4222628,0.7005143
0,0,0.8702246,0.38595954,0.7404492
0,0,0.68184173,0.62547344,0.3636835
1,0,0.9137535,0.2937665,0.827507
0,1,0.5362545,0.6905161,0.07250905
1,0,0.8964063,0.33290815,0.7928126
0,0,0.67521834,0.6304214,0.3504367
0,0,0.87402016,0.37867245,0.7480403
1,0,0.6781331,0.62826866,0.35626614
1,1,0.5633431,0.6851009,0.12668622
1,0,0.8974323,0.33068833,0.79486465
0,0,0.67815787,0.62825024,0.35631573
1,0,0.8803325,0.3662619,0.76066506
1,1,0.563362,0.685096,0.126724
1,0,0.50807315,0.6930169,0.016146302
1,1,0.5633484,0.6850995,0.12669683
1,0,0.9099602,0.30262986,0.8199204
0,0,0.8731868,0.38028347,0.74637365
0,1,0.53857476,0.6901682,0.07714951
1,0,0.88656324,0.3536409,0.7731265
1,1,0.5446694,0.68915117,0.08933878
1,0,0.50807315,0.6930169,0.016146302
1,0,0.8906784,0.34509462,0.7813568
0,1,0.55966645,0.68601,0.11933291
0,0,0.68348193,0.624217,0.36696383
1,0,0.5293125,0.6914277,0.058624983
1,0,0.89232445,0.34162775,0.7846489
1,0,0.8795352,0.36785007,0.7590704
0,1,0.5423162,0.68956155,0.0846324
1,0,0.8723489,0.38189703,0.7446978
1,0,0.8723489,0.38189703,0.7446978
1,1,0.5633483,0.68509954,0.12669659
1,0,0.88732004,0.35208204,0.7746401
1,1,0.54231966,0.689561,0.08463931
1,0,0.5241111,0.69198406,0.048222184
0,0,0.68714035,0.6213696,0.3742807
1,0,0.917514,0.2847994,0.83502805
0,0,0.681854,0.6254641,0.36370802
1,0,0.8986923,0.32794684,0.7973846
1,1,0.55075514,0.68798614,0.10151029
1,0,0.9157957,0.28891957,0.83159137
0,1,0.53922266,0.6900672,0.078445315
1,0,0.8946481,0.33668572,0.78929615
0,1,0.56148994,0.68556595,0.12297988
0,0,0.67977715,0.6270373,0.35955432
0,0,0.86784995,0.39045358,0.7356999
0,0,0.8767002,0.37344843,0.75340044
1,0,0.68184316,0.6254723,0.36368635
0,0,0.6756867,0.630078,0.35137346
1,0,0.68512523,0.62294567,0.37025046
1,1,0.5572765,0.68657154,0.114552975
1,0,0.8803325,0.3662619,0.76066506
1,1,0.5572903,0.6865684,0.11458063
1,0,0.8932169,0.33973628,0.7864338
0,1,0.55495614,0.68709457,0.109912276
0,0,0.88483995,0.35716954,0.7696799
1,0,0.90791476,0.3073359,0.8158295
1,0,0.9120952,0.2976634,0.8241904
1,0,0.89555115,0.33474958,0.7911023
1,0,0.9111773,0.29980555,0.82235456
0,1,0.5424519,0.6895385,0.084903836
0,0,0.68184626,0.62547,0.3636925
1,1,0.5633376,0.6851023,0.12667525
0,0,0.85225403,0.4187792,0.70450807
1,0,0.50807315,0.6930169,0.016146302
0,1,0.5549969,0.6870856,0.109993815
0,1,0.5549747,0.6870905,0.10994935
1,0,0.8838719,0.35913885,0.7677438
0,1,0.5587602,0.68622565,0.11752045
1,0,0.89265096,0.34093672,0.7853019
0,0,0.89851624,0.32833096,0.7970325
1,0,0.5203451,0.69231915,0.040690184
0,1,0.51833725,0.6924745,0.0366745
0,1,0.5615011,0.6855632,0.12300217
1,0,0.52459085,0.6919373,0.04918173
1,0,0.91345006,0.2944821,0.8269001
1,0,0.8723489,0.38189703,0.7446978
0,0,0.5393498,0.69004714,0.07869959
0,0,0.9030777,0.31826743,0.80615544
0,1,0.54044443,0.68987215,0.08088887
0,1,0.5901865,0.6767906,0.18037295
1,1,0.5549583,0.68709415,0.10991657
1,0,0.6818439,0.62547183,0.36368772
0,1,0.5465294,0.68881094,0.093058825
1,1,0.5319796,0.6911004,0.06395924
0,1,0.51082855,0.69291264,0.02165711
1,0,0.8723489,0.38189703,0.7446978
0,0,0.8723488,0.38189724,0.7446976
0,1,0.5592028,0.68612075,0.11840558
0,1,0.55495596,0.6870947,0.10991192
1,0,0.8803325,0.3662619,0.76066506
1,0,0.88560724,0.355602,0.7712145
1,0,0.92612326,0.26355338,0.8522465
1,0,0.90368545,0.31690896,0.8073709
1,0,0.9328124,0.2463026,0.8656248
0,1,0.55545926,0.68698305,0.11091852
0,1,0.5591551,0.6861321,0.11831021
0,1,0.5531083,0.6874955,0.10621655
0,0,0.678134,0.628268,0.35626805
1,0,0.87234885,0.38189715,0.7446977
1,0,0.6781365,0.6282661,0.35627306
1,1,0.50887626,0.6929896,0.017752528
0,0,0.88464373,0.3575694,0.76928747
1,0,0.67813754,0.6282654,0.35627508
1,0,0.8932169,0.33973628,0.7864338
1,0,0.85133433,0.42038757,0.70266867
1,0,0.67771596,0.62857914,0.3554319
1,0,0.90401983,0.31615967,0.80803967
1,1,0.50232166,0.6931364,0.004643321
0,1,0.54890925,0.6883553,0.097818494
1,0,0.9002179,0.32460392,0.8004358
1,1,0.5633717,0.68509364,0.12674344
0,0,0.67771214,0.628582,0.35542428
0,1,0.55502087,0.6870803,0.11004174
0,1,0.5319879,0.6910993,0.06397581
0,1,0.542374,0.6895518,0.08474803
0,0,0.67977935,0.6270356,0.3595587
0,0,0.8750593,0.37665474,0.7501186
1,0,0.9202267,0.27821532,0.8404534
1,1,0.56567806,0.684495,0.13135612
1,0,0.50807315,0.6930169,0.016146302
1,0,0.6779486,0.6284061,0.35589722
1,0,0.50947857,0.6929675,0.018957138
1,0,0.6781332,0.6282686,0.35626638
1,0,0.50381935,0.69311804,0.0076387227
1,0,0.6781242,0.62827533,0.35624838
1,0,0.9077538,0.30770406,0.81550765
0,0,0.85225475,0.418778,0.7045095
0,1,0.5461456,0.6888823,0.092291236
1,0,0.90486395,0.31426236,0.8097279
0,1,0.55495995,0.68709373,0.109919906
0,0,0.87973887,0.36744493,0.75947773
1,0,0.88596654,0.35486606,0.7719331
1,0,0.88936025,0.3478508,0.7787205
1,0,0.52883315,0.6914835,0.057666272
0,1,0.5507987,0.68797725,0.10159743
1,0,0.9077662,0.30767572,0.81553245
1,0,0.9169749,0.28609622,0.8339498
0,1,0.5484548,0.688444,0.09690964
0,0,0.68184876,0.6254681,0.3636975
0,1,0.5635006,0.6850607,0.12700117
1,0,0.6781342,0.6282679,0.35626838
1,0,0.50616264,0.69307125,0.012325287
0,1,0.5493532,0.6882678,0.098706365
1,0,0.52222836,0.6921587,0.04445675
1,0,0.90368545,0.31690896,0.8073709
0,1,0.5428127,0.68947685,0.08562541
1,0,0.50145173,0.693143,0.0029034615
1,0,0.67813826,0.62826484,0.35627648
1,0,0.87234885,0.38189715,0.7446977
1,0,0.8821137,0.3626923,0.7642274
1,0,0.88560724,0.355602,0.7712145
0,1,0.5601533,0.6858928,0.12030661
0,0,0.8769075,0.37304157,0.75381505
1,0,0.87322104,0.38021743,0.7464421
1,0,0.8974323,0.33068833,0.79486465
1,0,0.88560724,0.355602,0.7712145
0,0,0.678027,0.62834775,0.35605395
0,1,0.5371813,0.69037974,0.074362636
1,0,0.8844479,0.35796824,0.76889575
1,0,0.53355,0.69089425,0.06710008
0,0,0.8500983,0.42253855,0.7001966
1,0,0.88786626,0.35095334,0.7757325
0,0,0.681818,0.6254915,0.36363602
1,0,0.67813945,0.62826395,0.3562789
0,1,0.5479746,0.688537,0.09594917
1,0,0.6855173,0.6226405,0.3710346
1,1,0.56332654,0.6851051,0.12665308
1,0,0.87234885,0.38189715,0.7446977
1,0,0.8944526,0.33710366,0.78890514
0,1,0.53809255,0.6902423,0.07618511
1,0,0.90223324,0.3201481,0.8044665
0,1,0.50277203,0.6931318,0.0055440664
0,0,0.9015779,0.32160208,0.8031558
1,0,0.8906784,0.34509462,0.7813568
1,0,0.66983277,0.634297,0.33966553
0,1,0.54469156,0.6891471,0.089383125
0,0,0.8750593,0.37665474,0.7501186
1,0,0.8944806,0.3370438,0.7889612
1,0,0.88973826,0.34706223,0.7794765
0,1,0.5507846,0.6879801,0.101569176
1,0,0.8820983,0.36272332,0.76419663
1,0,0.917514,0.2847994,0.83502805
0,0,0.8758821,0.37505016,0.7517642
1,0,0.89643383,0.33284876,0.79286766
1,1,0.5633484,0.6850995,0.12669683
0,1,0.5446658,0.68915176,0.08933163
1,1,0.5530894,0.6874996,0.10617876
1,1,0.54653865,0.6888092,0.0930773
1,1,0.56335485,0.68509793,0.1267097
1,0,0.53730464,0.6903613,0.07460925
1,0,0.89323103,0.33970627,0.78646207
1,0,0.8976093,0.33030435,0.7952186
0,1,0.5550628,0.6870711,0.11012554
0,1,0.50419426,0.693112,0.008388519
1,0,0.90368545,0.31690896,0.8073709
1,0,0.6781348,0.6282674,0.35626963
1,0,0.8958968,0.33400622,0.7917936
1,1,0.5507485,0.68798745,0.101497054
1,0,0.9163872,0.28750557,0.8327744
0,0,0.881913,0.36309606,0.763826
1,1,0.53010195,0.69133383,0.06020391
1,0,0.8850364,0.35676873,0.7700728
1,0,0.5241111,0.69198406,0.048222184
1,0,0.87234885,0.38189715,0.7446977
1,1,0.55916446,0.68612987,0.11832893
1,1,0.5301035,0.69133365,0.06020701
1,1,0.51082164,0.69291294,0.021643281
1,1,0.54653907,0.68880916,0.09307814
1,0,0.5019327,0.6931397,0.0038653612
0,1,0.5549577,0.68709433,0.109915376
0,0,0.8779268,0.3710354,0.75585365
1,0,0.53259236,0.69102114,0.06518471
1,0,0.52082515,0.6922796,0.041650325
1,0,0.8756729,0.37545872,0.75134575
1,0,0.9094496,0.30380943,0.81889915
1,0,0.8960761,0.33362016,0.79215217
0,1,0.56333506,0.68510294,0.12667012
1,0,0.90855616,0.3058657,0.8171123
1,1,0.5549954,0.6870859,0.109990835
1,0,0.53730464,0.6903613,0.07460925
1,0,0.891783,0.34277123,0.783566
1,0,0.8813267,0.36427334,0.76265335
1,0,0.889564,0.347426,0.77912796
0,0,0.87772036,0.3714426,0.7554407
1,0,0.88672674,0.3533046,0.7734535
1,1,0.5089429,0.6929872,0.017885804
1,0,0.8914111,0.34355485,0.78282225
0,1,0.5596565,0.6860124,0.119313
1,0,0.68552244,0.6226365,0.3710449
0,1,0.55122274,0.6878904,0.10244548
0,0,0.87423193,0.378262,0.74846387
0,1,0.5423175,0.68956137,0.08463502
1,0,0.8996849,0.3257748,0.7993698
0,1,0.55931026,0.6860952,0.118620515
1,0,0.6781798,0.62823385,0.3563596
0,0,0.6871474,0.6213641,0.37429473
1,0,0.50614977,0.69307154,0.012299538
1,0,0.67813253,0.6282691,0.3562651
1,0,0.904545,0.3149802,0.80909
1,0,0.8513108,0.42042863,0.7026216
1,0,0.50381935,0.69311804,0.0076387227
1,0,0.9030265,0.31838167,0.80605304
1,0,0.9068078,0.30986193,0.81361556
1,0,0.6781355,0.6282669,0.356271
0,0,0.6739843,0.6313211,0.34796858
0,1,0.5447145,0.68914306,0.08942902
1,0,0.851105,0.42078757,0.70220995
0,1,0.51082855,0.69291264,0.02165711
1,0,0.90368545,0.31690896,0.8073709
1,1,0.56334585,0.6851002,0.1266917
1,0,0.6781374,0.6282655,0.35627484
0,1,0.5507557,0.687986,0.10151136
1,0,0.67813706,0.62826574,0.35627416
1,1,0.5046893,0.6931032,0.009378552
1,0,0.8821137,0.3626923,0.7642274
0,1,0.56342614,0.6850797,0.12685227
1,0,0.8899414,0.34663782,0.7798828
0,1,0.553097,0.687498,0.10619402
1,1,0.5427959,0.6894797,0.08559179
0,1,0.55357575,0.68739545,0.10715151
0,1,0.55496496,0.68709266,0.10992992
0,0,0.6781445,0.6282602,0.35628903
1,1,0.53815144,0.69023323,0.076302886
1,0,0.8821137,0.3626923,0.7642274
0,1,0.535804,0.69058114,0.07160795
1,0,0.52459085,0.6919373,0.04918173
1,0,0.8844479,0.35796824,0.76889575
0,1,0.51190877,0.69286346,0.02381754
1,0,0.851265,0.4205085,0.70253
1,0,0.9254726,0.2651955,0.85094523
0,1,0.55728394,0.6865698,0.114567876
0,1,0.55729705,0.6865668,0.1145941
1,0,0.87423193,0.3782621,0.74846387
0,0,0.87402016,0.37867245,0.7480403
0,1,0.5573976,0.6865437,0.11479521
1,1,0.5591626,0.6861303,0.11832523
0,1,0.5503235,0.6880737,0.10064697
0,1,0.55495834,0.68709415,0.10991669
1,1,0.52652305,0.69173956,0.053046107
0,1,0.56197107,0.6854466,0.12394214
1,0,0.53259236,0.69102114,0.06518471
0,0,0.8795351,0.36785027,0.75907016
1,0,0.8910237,0.3443697,0.7820474
1,0,0.88053507,0.36585757,0.76107013
0,1,0.55496305,0.6870931,0.109926105
1,0,0.52222836,0.6921587,0.04445675
1,0,0.50947857,0.6929675,0.018957138
1,0,0.88560724,0.355602,0.7712145
1,0,0.8748489,0.3770641,0.7496978
1,0,0.87234885,0.38189715,0.7446977
1,1,0.5105815,0.6929232,0.021162987
0,0,0.8750594,0.37665454,0.75011885
1,0,0.8777204,0.3714424,0.75544083
1,0,0.8795352,0.36785007,0.7590704
0,1,0.54888356,0.68836033,0.097767115
0,1,0.54660213,0.68879735,0.09320426
0,1,0.52021873,0.6923294,0.04043746
0,1,0.51082855,0.69291264,0.02165711
1,0,0.9120952,0.2976634,0.8241904
0,1,0.5423174,0.68956137,0.08463478
1,0,0.8448318,0.43157005,0.68966365
1,0,0.8723458,0.38190296,0.7446916
1,0,0.85134274,0.42037284,0.7026855
1,1,0.5046893,0.6931032,0.009378552
1,0,0.5184611,0.6924654,0.036922216
1,0,0.8826972,0.3615163,0.76539445
1,0,0.50807315,0.6930169,0.016146302
0,1,0.5211676,0.6922508,0.042335153
1,1,0.5633536,0.6850982,0.1267072
0,1,0.5616374,0.6855295,0.1232748
1,0,0.6781385,0.62826467,0.356277
1,0,0.50807315,0.6930169,0.016146302
1,0,0.90368545,0.31690896,0.8073709
0,1,0.54327756,0.6893966,0.08655512
0,1,0.5591616,0.6861306,0.11832321
1,0,0.9232168,0.27084163,0.84643364
1,1,0.56335765,0.6850972,0.1267153
0,0,0.883872,0.35913873,0.76774395
1,0,0.50807315,0.6930169,0.016146302
0,1,0.5489485,0.6883476,0.09789705
0,0,0.92214996,0.27348673,0.8442999
1,0,0.89462006,0.33674556,0.7892401
1,0,0.50381935,0.69311804,0.0076387227
0,0,0.8723489,0.38189703,0.7446978
1,0,0.50807315,0.6930169,0.016146302
0,1,0.52822316,0.69155324,0.056446314
1,0,0.5019327,0.6931397,0.0038653612
1,1,0.5633452,0.6851004,0.12669039
0,1,0.55916137,0.68613064,0.11832273
1,0,0.87234885,0.38189715,0.7446977
0,0,0.8756727,0.3754591,0.7513454
0,0,0.88012916,0.3666676,0.7602583
0,1,0.50894254,0.69298726,0.017885089
0,0,0.8723488,0.38189724,0.7446976
1,0,0.90103894,0.32279417,0.8020779
1,0,0.9128626,0.29586428,0.8257252
0,0,0.87588155,0.37505117,0.7517631
1,0,0.85122013,0.42058682,0.70244026
1,0,0.90453225,0.31500894,0.8090645
1,0,0.87234885,0.38189715,0.7446977
1,1,0.53385806,0.6908527,0.06771612
1,1,0.51263946,0.69282764,0.025278926
1,1,0.500435,0.69314677,0.0008699894
0,0,0.90056217,0.32384598,0.80112433
1,0,0.8773069,0.37225673,0.75461376
0,1,0.5633499,0.6850991,0.1266998
0,1,0.5488922,0.68835866,0.0977844
1,0,0.52507067,0.6918896,0.050141305
1,0,0.90368545,0.31690896,0.8073709
0,1,0.54054695,0.68985546,0.08109391
1,0,0.9224052,0.27285546,0.84481037
1,1,0.5482602,0.6884818,0.096520424
1,0,0.91360205,0.2941238,0.8272041
1,0,0.87933123,0.36825538,0.75866246
0,0,0.8708583,0.3847518,0.7417166
0,1,0.54888636,0.68835974,0.09777272
1,0,0.8691513,0.38799688,0.7383026
0,1,0.5657147,0.6844853,0.13142943
0,1,0.5447124,0.6891434,0.08942485
0,1,0.50894254,0.69298726,0.017885089
1,1,0.56335324,0.6850983,0.12670648
1,1,0.5046893,0.6931032,0.009378552
0,0,0.8797388,0.3674451,0.7594776
1,0,0.91160744,0.29880297,0.8232149
1,1,0.54466945,0.68915117,0.0893389
0,1,0.54049075,0.6898646,0.08098149
1,1,0.56148624,0.6855669,0.12297249
1,0,0.889564,0.347426,0.77912796
0,0,0.68552065,0.62263787,0.3710413
0,0,0.8865627,0.35364205,0.7731254
1,0,0.5019327,0.6931397,0.0038653612
1,0,0.8781169,0.37066022,0.7562338
0,1,0.5386162,0.6901618,0.07723236
0,0,0.87402016,0.37867245,0.7480403
0,0,0.6871468,0.6213646,0.3742936
1,0,0.91345006,0.2944821,0.8269001
1,0,0.6781354,0.62826693,0.35627076
0,0,0.8935828,0.33895838,0.78716564
1,0,0.5293125,0.6914277,0.058624983
1,1,0.54654115,0.6888087,0.09308231
1,1,0.55309224,0.687499,0.10618448
0,1,0.5173737,0.6925434,0.034747362
0,0,0.6780169,0.62835526,0.3560338
0,0,0.6779998,0.628368,0.3559996
0,1,0.5549598,0.68709373,0.10991955
0,1,0.546534,0.6888101,0.093068
1,0,0.894662,0.33665586,0.78932405
0,1,0.55254275,0.6876155,0.10508549
1,1,0.5633508,0.68509895,0.1267016
1,0,0.88732004,0.35208204,0.7746401
1,1,0.5633602,0.6850965,0.12672043
1,0,0.6781336,0.6282683,0.3562672
0,0,0.8750593,0.37665474,0.7501186
0,1,0.51082855,0.69291264,0.02165711
0,1,0.5362171,0.69052154,0.07243419
1,0,0.8512618,0.4205141,0.7025236
1,0,0.8990151,0.32724154,0.79803026
0,0,0.66980845,0.6343142,0.3396169
1,0,0.89917624,0.32688922,0.7983525
0,0,0.8828957,0.3611155,0.7657914
0,1,0.55171466,0.6877888,0.10342932
1,0,0.50381935,0.69311804,0.0076387227
0,0,0.881325,0.36427665,0.76265
0,1,0.5470308,0.6887168,0.09406161
1,0,0.89881337,0.32768244,0.79762673
1,0,0.50570595,0.6930821,0.011411905
1,1,0.5258597,0.6918092,0.051719427
1,1,0.5568162,0.68667704,0.11363244
0,1,0.51082855,0.69291264,0.02165711
0,1,0.55501544,0.6870815,0.11003089
1,1,0.5633487,0.6850995,0.12669742
1,0,0.50995934,0.6929488,0.01991868
0,0,0.8848405,0.35716844,0.769681
1,0,0.9131689,0.29514414,0.8263378
1,0,0.5184611,0.6924654,0.036922216
0,0,0.8795336,0.36785322,0.7590672
1,1,0.5549658,0.6870924,0.10993159
1,0,0.9403292,0.22606078,0.8806584
1,0,0.5089978,0.69298524,0.017995566
1,0,0.8976229,0.33027482,0.79524577
1,0,0.5061497,0.6930715,0.012299418
0,1,0.55074936,0.6879873,0.10149872
1,1,0.5633494,0.68509924,0.12669885
1,0,0.88936025,0.3478508,0.7787205
1,0,0.90355664,0.31719723,0.8071133
1,0,0.85015893,0.42243332,0.70031786
0,1,0.549366,0.6882652,0.098731995
0,1,0.5308868,0.691238,0.061773658
0,0,0.87792677,0.37103552,0.75585353
1,1,0.55075306,0.68798655,0.101506114
0,0,0.8797377,0.36744732,0.75947535
0,1,0.602469,0.67199785,0.20493805
0,1,0.53953505,0.6900179,0.07907009
1,1,0.54466724,0.6891515,0.08933449
1,1,0.50091594,0.6931455,0.0018318892
1,1,0.5409228,0.68979406,0.08184564
0,1,0.54092693,0.6897934,0.08185387
0,1,0.54439604,0.68920004,0.088792086
0,1,0.5442372,0.6892282,0.08847439
0,1,0.52539164,0.6918571,0.050783277
0,0,0.88406914,0.3587383,0.7681383
0,1,0.5465385,0.6888093,0.093076944
1,1,0.56333965,0.68510175,0.1266793
0,0,0.88051933,0.365889,0.76103866
1,0,0.5175005,0.6925345,0.03500101
1,0,0.5075924,0.6930319,0.01518476
1,0,0.91708744,0.28582585,0.8341749
1,1,0.5633482,0.6850996,0.12669635
1,1,0.5046893,0.6931032,0.009378552
0,1,0.54092765,0.68979335,0.0818553
0,1,0.54376,0.6893124,0.08752
1,0,0.52883315,0.6914835,0.057666272
0,1,0.54282784,0.6894742,0.08565569
1,0,0.5123259,0.6928433,0.024651736
1,0,0.90368545,0.31690896,0.8073709
0,0,0.8760912,0.37464133,0.75218236
1,0,0.90385276,0.31653416,0.8077055
1,1,0.56335187,0.68509865,0.12670374
1,0,0.91565865,0.28924644,0.8313173
1,1,0.5083014,0.6930094,0.016602755
0,1,0.5619755,0.6854455,0.12395096
0,1,0.55496,0.68709373,0.109920025
0,1,0.5666354,0.6842401,0.13327074
1,0,0.9199557,0.27887762,0.83991134
1,0,0.91160744,0.29880297,0.8232149
0,1,0.5619784,0.6854447,0.1239568
1,0,0.88596654,0.35486606,0.7719331
1,0,0.6781409,0.6282629,0.35628176
1,1,0.55493903,0.6870984,0.10987806
1,0,0.85131633,0.42041892,0.70263267
1,0,0.87234885,0.38189715,0.7446977
0,1,0.5530939,0.6874986,0.10618782
1,0,0.8760912,0.37464133,0.75218236
1,0,0.5494939,0.6882398,0.09898779
0,1,0.54654354,0.6888083,0.09308708
1,0,0.8740203,0.37867224,0.74804056
1,0,0.543883,0.68929076,0.08776605
1,1,0.5277436,0.691607,0.055487156
1,0,0.8910237,0.3443697,0.7820474
0,1,0.5666212,0.684244,0.13324237
0,1,0.5512294,0.68788904,0.102458835
0,0,0.6698084,0.6343143,0.33961675
0,1,0.5572964,0.68656695,0.11459279
0,0,0.8729737,0.38069454,0.74594736
0,1,0.5507519,0.68798673,0.10150385
1,0,0.89643383,0.33284876,0.79286766
0,1,0.5549561,0.68709457,0.10991216
1,0,0.9131689,0.29514414,0.8263378
1,1,0.5633565,0.68509746,0.12671304
1,0,0.50381935,0.69311804,0.0076387227
0,0,0.6781547,0.62825257,0.35630938
1,0,0.8721345,0.38230887,0.744269
1,0,0.50381935,0.69311804,0.0076387227
0,0,0.8767002,0.37344843,0.75340044
0,1,0.5519183,0.6877464,0.103836656
1,1,0.56148946,0.6855661,0.122978926
0,1,0.5409267,0.6897934,0.08185339
0,0,0.8680704,0.39003837,0.73614085
1,0,0.88580203,0.3552032,0.77160406
0,1,0.5549536,0.68709517,0.10990715
0,0,0.8731868,0.38028347,0.74637365
0,1,0.5386161,0.6901618,0.07723224
0,0,0.6781435,0.6282609,0.356287
0,1,0.5428198,0.6894756,0.085639596
1,0,0.89283514,0.3405464,0.7856703
1,1,0.5507469,0.6879878,0.101493835
0,1,0.530104,0.6913336,0.060207963
0,1,0.54423726,0.6892282,0.08847451
1,0,0.8513073,0.42043477,0.70261455
0,1,0.55915827,0.68613136,0.11831653
1,0,0.8969136,0.33181205,0.7938272
1,0,0.8977996,0.329891,0.7955992
1,0,0.87234885,0.38189715,0.7446977
1,0,0.89408875,0.3378805,0.7881775
0,1,0.5591536,0.68613243,0.11830723
1,1,0.5028027,0.6931315,0.005605459
0,1,0.5465409,0.6888088,0.09308183
1,1,0.55074686,0.6879878,0.101493716
0,0,0.8742319,0.3782622,0.74846375
1,0,0.52787435,0.6915924,0.05574867
0,1,0.51550543,0.6926663,0.031010866
0,1,0.5221113,0.6921691,0.044222593
0,1,0.5048974,0.69309926,0.009794831
0,0,0.8740203,0.37867224,0.74804056
1,0,0.5071118,0.69304603,0.014223605
1,0,0.90368545,0.31690896,0.8073709
0,0,0.88636905,0.35403997,0.7727381
0,1,0.5530969,0.687498,0.10619378
0,0,0.6749801,0.63059556,0.3499602
1,0,0.50522506,0.6930926,0.010450125
1,0,0.50618684,0.69307065,0.012373656
0,1,0.54328805,0.6893948,0.086576104
1,0,0.90035063,0.32431185,0.80070126
1,0,0.87234885,0.38189715,0.7446977
1,0,0.6776401,0.6286355,0.35528013
1,0,0.68183815,0.6254761,0.36367628
1,1,0.50883967,0.6929909,0.017679334
0,1,0.59610367,0.67455983,0.19220734
0,1,0.55319494,0.68747705,0.10638988
0,0,0.88751125,0.3516872,0.7750225
0,1,0.54231673,0.6895615,0.08463347
0,1,0.54287976,0.68946534,0.08575952
1,0,0.88560724,0.355602,0.7712145
1,1,0.56334966,0.6850992,0.12669933
0,1,0.54710865,0.68870217,0.0942173
0,1,0.5507536,0.6879865,0.10150719
0,1,0.5310688,0.6912154,0.062137604
1,0,0.87129045,0.3839262,0.7425809
1,0,0.889564,0.347426,0.77912796
0,1,0.55738163,0.68654734,0.11476326
1,0,0.5457546,0.68895435,0.09150922
0,0,0.68552613,0.6226336,0.3710523
0,1,0.55079854,0.6879773,0.10159707
1,0,0.9156357,0.28930116,0.8312714
1,0,0.88898104,0.3486404,0.7779621
1,0,0.88560724,0.355602,0.7712145
0,0,0.68184674,0.62546957,0.3636935
0,1,0.50794935,0.6930208,0.015898705
0,1,0.5549549,0.68709487,0.10990977
1,0,0.50807315,0.6930169,0.016146302
0,0,0.8882629,0.35013175,0.77652586
0,1,0.54001296,0.68994164,0.08002591
0,1,0.5591563,0.68613183,0.1183126
0,1,0.5591586,0.68613124,0.11831725
1,0,0.5457546,0.68895435,0.09150922
0,1,0.5221319,0.69216716,0.04426384
1,0,0.91100943,0.30019614,0.82201886
1,0,0.6781348,0.6282674,0.35626963
0,1,0.5319799,0.69110036,0.06395984
1,0,0.67608124,0.62978816,0.35216248
0,0,0.8532043,0.41711038,0.7064086
1,1,0.5108288,0.6929126,0.021657586
1,1,0.5633715,0.68509364,0.12674296
1,1,0.56335306,0.68509835,0.12670612
0,1,0.5409609,0.6897878,0.081921816
1,1,0.525381,0.69185823,0.050762057
0,1,0.5452632,0.68904406,0.09052634
1,0,0.67813456,0.6282676,0.35626915
1,0,0.9185497,0.28229728,0.83709943
1,0,0.6781348,0.6282674,0.35626963
1,1,0.56615245,0.6843692,0.1323049
1,0,0.8977996,0.329891,0.7955992
0,1,0.5287049,0.69149834,0.057409763
1,0,0.67551625,0.6302031,0.3510325
0,1,0.5367304,0.6904465,0.07346082
1,1,0.54653203,0.68881047,0.09306407
0,0,0.67355335,0.6316336,0.3471067
0,1,0.5554484,0.68698543,0.110896826
0,1,0.55915534,0.6861321,0.11831069
0,1,0.55309343,0.68749875,0.10618687
1,0,0.52222836,0.6921587,0.04445675
1,1,0.5549669,0.6870922,0.10993385
1,0,0.9302934,0.25287935,0.86058676
1,0,0.87380826,0.37908268,0.7476165
0,1,0.53482145,0.69072014,0.0696429
0,0,0.6609674,0.6403917,0.32193482
1,1,0.5656809,0.6844942,0.13136184
0,1,0.54989386,0.68816006,0.09978771
1,0,0.9200645,0.2786118,0.840129
0,1,0.54888886,0.68835926,0.097777724
1,1,0.5633951,0.6850876,0.12679017
1,0,0.5156158,0.6926594,0.031231642
0,0,0.8891999,0.34818482,0.7783998
1,0,0.67610246,0.6297725,0.35220492
1,1,0.5488848,0.6883601,0.09776962
1,0,0.9005497,0.32387346,0.8010994
1,0,0.8844479,0.35796824,0.76889575
1,0,0.89323103,0.33970627,0.78646207
0,0,0.66937673,0.6346192,0.33875343
1,0,0.87567294,0.37545863,0.7513459
0,0,0.91726667,0.28539485,0.83453333
1,0,0.8852019,0.3564309,0.77040374
0,1,0.55495703,0.6870944,0.109914064
1,0,0.8773069,0.37225673,0.75461376
1,0,0.50711155,0.693046,0.014223069
0,1,0.56334394,0.6851007,0.12668788
1,0,0.50381935,0.69311804,0.0076387227
0,0,0.87792665,0.37103575,0.7558533
0,1,0.536707,0.69044995,0.07341397
1,0,0.8955512,0.33474943,0.7911024
0,1,0.5414044,0.6897146,0.08280885
1,0,0.88053507,0.36585757,0.76107013
1,0,0.6781086,0.62828696,0.35621712
0,1,0.5296552,0.6913873,0.059310436
1,0,0.9175365,0.28474528,0.835073
0,1,0.5489868,0.68834007,0.097973585
1,0,0.53355,0.69089425,0.06710008
1,0,0.9064947,0.3105737,0.81298935
0,1,0.53905386,0.69009364,0.078107715
0,1,0.5633463,0.6851001,0.12669265
1,0,0.8998717,0.32536474,0.7997434
0,1,0.5277689,0.69160414,0.05553782
1,0,0.8513522,0.42035633,0.7027044
1,1,0.5549619,0.6870933,0.10992384
0,1,0.55495715,0.6870944,0.1099143
1,1,0.51082087,0.69291294,0.021641731
1,0,0.5123259,0.6928433,0.024651736
0,1,0.55919164,0.68612343,0.11838329
1,0,0.50995934,0.6929488,0.01991868
1,0,0.89265096,0.34093672,0.7853019
1,1,0.5549663,0.68709236,0.10993254
0,0,0.87873185,0.36944413,0.7574637
1,0,0.9129809,0.2955863,0.8259618
0,0,0.8750593,0.37665474,0.7501186
1,1,0.55959636,0.6860268,0.11919272
1,0,0.8803325,0.3662619,0.76066506
1,1,0.555433,0.68698895,0.11086595
0,1,0.5085916,0.6929996,0.017183185
0,1,0.61198676,0.6678511,0.22397351
0,0,0.8729736,0.38069463,0.74594724
1,0,0.85130876,0.42043215,0.7026175
1,1,0.5633536,0.6850982,0.1267072
0,0,0.8750592,0.37665495,0.7501184
1,1,0.56333673,0.6851025,0.12667346
1,0,0.53259236,0.69102114,0.06518471
0,0,0.6891783,0.6197566,0.37835658
1,1,0.55074924,0.6879873,0.101498485
1,0,0.87234885,0.38189715,0.7446977
0,1,0.5507866,0.6879797,0.10157323
0,0,0.8758821,0.37505016,0.7517642
1,0,0.5136937,0.69277203,0.02738738
0,1,0.5446725,0.6891506,0.08934498
1,0,0.8844327,0.35799918,0.76886535
1,1,0.51082104,0.69291294,0.021642089
0,1,0.55964565,0.686015,0.119291306
1,0,0.6781368,0.6282659,0.35627368
0,0,0.8785276,0.36984846,0.75705516
1,0,0.50995934,0.6929488,0.01991868
1,0,0.8813267,0.36427334,0.76265335
1,0,0.8946481,0.33668572,0.78929615
1,0,0.8508711,0.42119512,0.7017422
1,0,0.87234885,0.38189715,0.7446977
1,0,0.8850062,0.35683042,0.7700124
0,1,0.5424027,0.6895469,0.08480537
1,0,0.90918124,0.30442807,0.8183625
1,0,0.89119595,0.34400758,0.7823919
0,1,0.5573048,0.68656504,0.1146096
1,0,0.9050294,0.3138895,0.81005883
1,0,0.89122474,0.34394702,0.7824495
0,1,0.54048157,0.68986607,0.080963135
0,1,0.5530945,0.68749845,0.10618901
1,0,0.9149244,0.29099408,0.82984877
1,0,0.90368545,0.31690896,0.8073709
1,1,0.56334865,0.6850995,0.1266973
1,0,0.51373065,0.6927701,0.02746132
1,1,0.57265335,0.6825527,0.1453067
1,0,0.889564,0.347426,0.77912796
1,0,0.8773069,0.37225673,0.75461376
0,0,0.8723488,0.38189724,0.7446976
0,0,0.85009825,0.42253864,0.7001965
1,1,0.5633481,0.6850996,0.12669623
1,0,0.91254497,0.29660982,0.82508993
1,0,0.9035437,0.3172261,0.8070874
1,0,0.67608005,0.629789,0.3521601
1,1,0.5113096,0.69289136,0.022619247
1,0,0.88580203,0.3552032,0.77160406
0,1,0.546524,0.6888119,0.09304798
1,0,0.88898104,0.3486404,0.7779621
1,0,0.50570595,0.6930821,0.011411905
1,0,0.8813267,0.36427334,0.76265335
1,1,0.5633419,0.68510115,0.12668383
0,0,0.68142277,0.6257924,0.36284554
1,0,0.67813945,0.62826395,0.35627887
1,0,0.93004346,0.25352648,0.8600869
0,1,0.5470246,0.688718,0.094049215
0,0,0.8858021,0.3552031,0.7716042
1,0,0.6760652,0.62979984,0.3521304
0,1,0.5633481,0.6850996,0.12669623
0,0,0.6613785,0.64011693,0.322757
0,1,0.51928854,0.6924029,0.03857708
1,0,0.50807315,0.6930169,0.016146302
0,1,0.5470209,0.68871874,0.094041824
0,1,0.5596331,0.68601805,0.11926615
0,1,0.5493711,0.68826425,0.09874225
1,0,0.50947857,0.6929675,0.018957138
0,0,0.87421507,0.37829477,0.74843013
0,1,0.5348788,0.6907121,0.06975758
0,0,0.87318695,0.38028324,0.7463739
0,0,0.62875915,0.6596128,0.25751832
1,1,0.5508261,0.6879717,0.101652145
0,0,0.878732,0.36944377,0.75746405
1,1,0.56335515,0.6850978,0.1267103
0,0,0.6793597,0.62735116,0.35871932
0,1,0.5531416,0.68748844,0.10628319
0,1,0.56012434,0.68589973,0.120248675
0,0,0.87402016,0.37867245,0.7480403
1,0,0.67810404,0.6282903,0.3562081
1,0,0.8986923,0.32794684,0.7973846
1,0,0.8880724,0.35052657,0.77614474
0,0,0.8708583,0.3847518,0.7417166
0,1,0.5591478,0.68613386,0.11829555
0,0,0.874232,0.37826192,0.748464
0,1,0.55123883,0.68788713,0.10247767
0,0,0.67724407,0.6289294,0.35448813
0,1,0.5046034,0.6931048,0.009206772
1,0,0.50995934,0.6929488,0.01991868
0,1,0.55172175,0.6877873,0.1034435
1,0,0.90035063,0.32431185,0.80070126
0,0,0.8731868,0.38028347,0.74637365
1,0,0.9077538,0.30770406,0.81550765
1,1,0.5591595,0.686131,0.118319035
1,0,0.52082515,0.6922796,0.041650325
1,0,0.9263759,0.26291397,0.85275185
0,0,0.8828959,0.36111516,0.7657918
1,0,0.9224158,0.27282917,0.8448316
1,0,0.9063189,0.3109728,0.8126378
0,0,0.67814434,0.6282603,0.3562887
1,0,0.90355664,0.31719723,0.8071133
0,1,0.5549598,0.68709373,0.10991955
0,1,0.5216322,0.69221103,0.04326439
0,1,0.52306455,0.6920829,0.046129107
1,0,0.6781355,0.6282669,0.35627103
1,1,0.5108288,0.6929126,0.021657586
0,0,0.8750594,0.37665454,0.75011885
1,0,0.89729613,0.3309837,0.79459226
1,0,0.5123259,0.6928433,0.024651736
1,0,0.90791476,0.3073359,0.8158295
1,0,0.5160963,0.6926289,0.032192588
1,0,0.9061554,0.3113437,0.8123108
1,0,0.9013815,0.32203683,0.802763
0,1,0.5512568,0.6878835,0.10251355
0,0,0.6781322,0.6282694,0.35626438
1,0,0.89122474,0.34394702,0.7824495
0,1,0.51323617,0.69279677,0.02647233
1,0,0.889564,0.347426,0.77912796
1,0,0.8906784,0.34509462,0.7813568
1,0,0.8826972,0.3615163,0.76539445
0,1,0.56013304,0.6858977,0.12026608
1,0,0.8928493,0.34051633,0.78569865
0,1,0.5348217,0.6907201,0.06964338
0,0,0.87609106,0.3746416,0.7521821
1,1,0.54479575,0.6891285,0.0895915
1,0,0.8976502,0.33021557,0.79530036
1,0,0.8906784,0.34509462,0.7813568
1,0,0.87234896,0.38189694,0.7446979
1,0,0.88826346,0.35013062,0.7765269
0,1,0.54231995,0.6895609,0.08463991
1,1,0.54467154,0.6891508,0.08934307
1,0,0.9137421,0.29379335,0.82748425
0,1,0.5507605,0.68798506,0.101521015
0,0,0.6797892,0.6270282,0.35957834
0,0,0.8742319,0.3782622,0.74846375
0,1,0.54654175,0.6888087,0.0930835
0,1,0.5540558,0.6872917,0.10811162
0,0,0.9037363,0.3167951,0.8074726
0,1,0.5198285,0.69236064,0.039656997
1,1,0.5451462,0.6890652,0.090292454
0,1,0.5633347,0.68510306,0.1266694
0,0,0.6781553,0.62825215,0.35631058
1,0,0.8948013,0.33635777,0.78960264
1,0,0.52222836,0.6921587,0.04445675
0,0,0.68917775,0.61975706,0.37835547
1,0,0.8976093,0.33030435,0.7952186
1,0,0.89898825,0.32730037,0.7979765
1,0,0.88826346,0.35013062,0.7765269
1,0,0.8773069,0.37225673,0.75461376
1,0,0.8803325,0.3662619,0.76066506
1,0,0.91345006,0.2944821,0.8269001
1,0,0.50614977,0.69307154,0.012299538
0,1,0.54653543,0.6888098,0.093070865
0,1,0.54887867,0.6883613,0.09775734
0,1,0.51082855,0.69291264,0.02165711
1,1,0.56336534,0.6850952,0.12673068
1,0,0.8944806,0.3370438,0.7889612
1,0,0.50381935,0.69311804,0.0076387227
1,0,0.8773069,0.37225673,0.75461376
0,0,0.8723489,0.38189703,0.7446978
1,0,0.9224158,0.27282917,0.8448316
1,0,0.5203451,0.69231915,0.040690184
0,1,0.54757935,0.68861276,0.095158696
1,1,0.56335723,0.6850972,0.12671447
0,1,0.6007486,0.67270696,0.2014972
1,0,0.90486395,0.31426236,0.8097279
1,1,0.5465417,0.6888087,0.09308338
0,0,0.8760902,0.37464327,0.75218046
0,0,0.8797383,0.3674461,0.75947654
0,1,0.5560356,0.686854,0.11207116
1,0,0.50995934,0.6929488,0.01991868
0,1,0.5614908,0.68556577,0.12298155
0,1,0.53625166,0.6905165,0.07250333
0,1,0.5404401,0.68987286,0.080880165
1,0,0.50145173,0.693143,0.0029034615
1,0,0.68552065,0.62263787,0.3710413
1,0,0.85135174,0.42035717,0.7027035
0,1,0.52966547,0.6913861,0.05933094
1,0,0.8844479,0.35796824,0.76889575
1,1,0.55923027,0.68611425,0.118460536
1,1,0.5633533,0.6850983,0.1267066
0,0,0.8797388,0.3674451,0.7594776
1,0,0.53259236,0.69102114,0.06518471
1,0,0.87234885,0.38189715,0.7446977
1,0,0.6781378,0.62826514,0.35627553
1,0,0.50618684,0.69307065,0.012373656
0,1,0.5235352,0.692039,0.047070384
1,0,0.91724485,0.28544736,0.8344897
1,0,0.67813486,0.6282674,0.35626972
1,1,0.5616162,0.6855347,0.123232365
1,0,0.8928635,0.34048626,0.785727
1,0,0.8902742,0.3459416,0.78054845
1,1,0.56342465,0.6850801,0.1268493
0,1,0.559141,0.68613553,0.11828196
0,1,0.5521903,0.6876896,0.10438061
1,1,0.5549558,0.6870947,0.10991156
0,1,0.51082855,0.69291264,0.02165711
0,1,0.5427966,0.6894796,0.08559322
1,1,0.5633775,0.6850921,0.126755
1,0,0.90368545,0.31690896,0.8073709
0,0,0.8501009,0.42253405,0.70020175
1,0,0.50381935,0.69311804,0.0076387227
0,1,0.56334615,0.6851001,0.1266923
1,0,0.6781343,0.62826777,0.35626864
1,0,0.85133547,0.4203856,0.70267093
1,0,0.8906784,0.34509462,0.7813568
1,0,0.88560724,0.355602,0.7712145
1,0,0.8813267,0.36427334,0.76265335
1,1,0.5089402,0.6929873,0.01788044
0,1,0.55309314,0.6874988,0.10618627
1,0,0.9080508,0.3070246,0.81610155
0,0,0.87191975,0.382721,0.7438395
0,1,0.5400074,0.6899426,0.080014825
0,0,0.87402016,0.37867245,0.7480403
1,0,0.8723483,0.3818982,0.7446966
1,0,0.90368545,0.31690896,0.8073709
1,1,0.5089426,0.6929872,0.017885208
1,0,0.90500396,0.3139469,0.8100079
0,0,0.6818535,0.62546444,0.36370695
1,0,0.6781353,0.62826705,0.35627058
0,1,0.54327756,0.6893966,0.08655512
0,0,0.6739855,0.6313202,0.34797093
0,0,0.6871474,0.6213641,0.3742948
1,1,0.5596251,0.68601996,0.11925018
1,0,0.91625106,0.28783143,0.8325021
1,1,0.5592311,0.6861141,0.118462205
1,0,0.67813987,0.6282636,0.35627973
0,1,0.5591557,0.68613195,0.118311405
1,0,0.8944526,0.33710366,0.78890514
1,0,0.5019327,0.6931397,0.0038653612
1,0,0.5104401,0.69292915,0.020880252
1,0,0.9169749,0.28609622,0.8339498
1,0,0.50618684,0.69307065,0.012373656
0,0,0.8510591,0.42086762,0.70211816
0,1,0.55915564,0.686132,0.118311286
0,1,0.5414044,0.6897146,0.08280885
1,0,0.88560724,0.355602,0.7712145
1,0,0.6781368,0.6282659,0.35627368
0,1,0.59614533,0.6745437,0.19229066
0,1,0.5549552,0.6870948,0.10991037
1,1,0.51077163,0.6929151,0.021543264
1,0,0.8773069,0.37225673,0.75461376
1,0,0.50570595,0.6930821,0.011411905
0,0,0.6834766,0.6242211,0.36695325
0,0,0.8891999,0.34818482,0.7783998
1,1,0.55495864,0.6870941,0.10991728
0,1,0.54466933,0.68915117,0.08933866
1,0,0.85119194,0.42063597,0.7023839
1,0,0.87933123,0.36825538,0.75866246
0,1,0.54987615,0.68816364,0.09975231
1,0,0.51373065,0.6927701,0.02746132
0,1,0.5423183,0.68956125,0.08463657
1,0,0.8803325,0.3662619,0.76066506
0,1,0.5549635,0.687093,0.10992706
1,1,0.51082087,0.69291294,0.021641731
0,0,0.67398345,0.63132167,0.34796694
1,0,0.5146918,0.6927154,0.02938366
1,0,0.90368545,0.31690896,0.8073709
0,0,0.66980165,0.634319,0.3396033
1,1,0.5638162,0.6849799,0.12763238
1,0,0.8976229,0.33027482,0.79524577
0,1,0.5591857,0.6861248,0.11837137
0,1,0.5749516,0.6818692,0.14990318
1,0,0.6781406,0.6282631,0.35628116
1,0,0.88729036,0.3521433,0.7745807
0,1,0.5531194,0.6874932,0.10623884
1,0,0.85135484,0.42035174,0.7027097
0,1,0.55915755,0.6861315,0.1183151
0,1,0.5549587,0.68709403,0.1099174
0,0,0.6781409,0.6282629,0.35628176
0,1,0.5633302,0.6851042,0.12666035
1,0,0.88672674,0.3533046,0.7734535
0,1,0.5633371,0.6851024,0.12667418
1,1,0.5131951,0.6927989,0.026390195
0,1,0.56326663,0.68512034,0.12653327
1,0,0.51373065,0.6927701,0.02746132
0,1,0.5759134,0.6815767,0.15182686
0,0,0.88731945,0.35208327,0.7746389
1,1,0.5220281,0.69217634,0.044056177
0,0,0.8710745,0.38433897,0.742149
1,1,0.5633591,0.6850968,0.12671816
1,0,0.87234885,0.38189715,0.7446977
1,0,0.88053507,0.36585757,0.76107013
1,0,0.87234885,0.38189715,0.7446977
0,1,0.5381354,0.69023573,0.07627082
0,0,0.8723489,0.38189703,0.7446978
0,1,0.528254,0.6915498,0.056507945
0,1,0.5591592,0.6861311,0.11831844
0,1,0.55173254,0.687785,0.10346508
1,0,0.8960484,0.33367968,0.79209685
1,1,0.5507533,0.6879865,0.10150659
1,0,0.50381935,0.69311804,0.0076387227
1,0,0.8748489,0.3770641,0.7496978
1,1,0.5465384,0.6888093,0.093076825
0,1,0.55496883,0.6870918,0.10993767
1,1,0.55915564,0.686132,0.118311286
1,0,0.50995934,0.6929488,0.01991868
1,1,0.55914944,0.6861335,0.11829889
1,0,0.68183595,0.6254778,0.3636719
0,0,0.8729736,0.38069463,0.74594724
0,1,0.5145678,0.6927227,0.029135585
1,1,0.56334686,0.68509996,0.12669373
0,1,0.5636588,0.68502027,0.12731755
1,1,0.54703194,0.68871665,0.09406388
0,1,0.54467094,0.6891509,0.08934188
1,0,0.67813146,0.6282699,0.3562629
1,0,0.8803325,0.3662619,0.76066506
0,0,0.67563987,0.6301124,0.3512797
1,0,0.53259236,0.69102114,0.06518471
1,0,0.902858,0.31875753,0.80571604
1,0,0.8773069,0.37225673,0.75461376
1,0,0.87234885,0.38189715,0.7446977
1,1,0.56335115,0.6850988,0.12670231
0,0,0.887127,0.35248023,0.77425396
1,0,0.889564,0.347426,0.77912796
0,1,0.5549521,0.6870955,0.10990417
0,1,0.53246385,0.6910379,0.0649277
1,0,0.87423193,0.3782621,0.74846387
1,0,0.6855266,0.6226333,0.37105325
1,0,0.88656324,0.3536409,0.7731265
1,0,0.90823597,0.30660027,0.81647193
0,1,0.54892224,0.6883527,0.09784448
1,0,0.88560724,0.355602,0.7712145
1,0,0.5217483,0.6922009,0.04349664
0,1,0.55310065,0.6874972,0.10620129
0,0,0.88132644,0.36427382,0.7626529
1,0,0.8773069,0.37225673,0.75461376
1,1,0.517298,0.69254863,0.034595966
1,0,0.88580203,0.3552032,0.77160406
1,0,0.89376616,0.3385681,0.7875323
0,0,0.8748488,0.37706432,0.74969757
0,1,0.54285896,0.68946886,0.08571792
0,0,0.6797812,0.6270343,0.3595624
0,0,0.67935824,0.62735224,0.35871646
1,0,0.880535,0.36585766,0.76107
1,0,0.9199557,0.27887762,0.83991134
1,0,0.8723476,0.3818996,0.7446952
1,1,0.56334823,0.6850996,0.12669647
0,0,0.88053495,0.36585778,0.7610699
1,0,0.52883315,0.6914835,0.057666272
0,1,0.5554466,0.68698585,0.11089325
0,1,0.5470203,0.6887188,0.09404063
0,1,0.5521903,0.6876896,0.10438061
1,1,0.5591536,0.68613243,0.11830723
1,0,0.50995934,0.6929488,0.01991868
1,0,0.8813267,0.36427334,0.76265335
1,0,0.66771495,0.6357851,0.33542988
0,1,0.51082855,0.69291264,0.02165711
1,0,0.67813903,0.62826425,0.35627806
0,1,0.563348,0.6850996,0.12669599
0,1,0.5572927,0.68656784,0.1145854
0,0,0.8899413,0.34663808,0.77988255
0,1,0.507448,0.6930362,0.014896035
1,0,0.8933861,0.33937675,0.78677225
1,1,0.5614907,0.6855658,0.12298143
0,0,0.6818607,0.62545896,0.36372137
1,1,0.5633789,0.68509173,0.12675774
1,0,0.9030785,0.3182657,0.806157
1,0,0.8983008,0.32880047,0.79660165
1,0,0.90791476,0.3073359,0.8158295
1,0,0.89232445,0.34162775,0.7846489
0,0,0.9188364,0.28160208,0.8376728
1,0,0.68183774,0.6254765,0.36367548
0,1,0.5338162,0.69085836,0.06763244
0,0,0.68145955,0.62576437,0.3629191
1,0,0.8863547,0.35406956,0.77270937
0,1,0.53813803,0.6902354,0.076276064
0,1,0.51082855,0.69291264,0.02165711
1,0,0.9061806,0.3112865,0.81236124
0,1,0.50836545,0.69300723,0.016730905
0,1,0.55738086,0.6865475,0.11476171
0,0,0.8731868,0.38028347,0.74637365
0,1,0.51929545,0.69240236,0.038590908
1,0,0.8773069,0.37225673,0.75461376
0,1,0.5554337,0.6869887,0.11086738
1,0,0.89192563,0.34247032,0.78385127
0,1,0.5343431,0.6907864,0.06868625
0,1,0.5582835,0.6863377,0.116567016
1,0,0.89119595,0.34400758,0.7823919
1,0,0.6760812,0.62978816,0.35216233
0,1,0.5554397,0.6869874,0.11087942
1,1,0.5633715,0.68509364,0.12674296
0,1,0.54285896,0.68946886,0.08571792
1,0,0.50995934,0.6929488,0.01991868
1,0,0.90371126,0.31685114,0.8074225
1,0,0.8995245,0.32612646,0.799049
1,0,0.87234885,0.38189715,0.7446977
1,0,0.9010654,0.3227357,0.8021308
0,0,0.6420561,0.652226,0.28411224
0,1,0.54188406,0.68963456,0.08376813
0,1,0.5531355,0.68748975,0.10627103
1,0,0.67813504,0.62826717,0.3562701
0,0,0.8795352,0.36785007,0.7590704
1,1,0.5380968,0.69024163,0.07619357
1,0,0.9080631,0.30699632,0.8161262
1,0,0.8996715,0.32580417,0.799343
0,1,0.54470134,0.68914545,0.089402676
0,0,0.6481118,0.6486077,0.29622364
0,1,0.54660815,0.6887963,0.0932163
1,1,0.55309427,0.6874985,0.106188536
0,1,0.54898405,0.6883406,0.0979681
1,0,0.8803325,0.3662619,0.76066506
1,0,0.89119595,0.34400758,0.7823919
0,1,0.56334054,0.6851015,0.12668109
0,0,0.84888744,0.4246341,0.6977749
1,0,0.5075924,0.6930319,0.01518476
0,0,0.6698109,0.6343125,0.33962175
1,1,0.55915034,0.68613327,0.11830068
1,0,0.8928635,0.34048626,0.785727
1,0,0.68553656,0.62262547,0.37107313
1,0,0.53355,0.69089425,0.06710008
0,0,0.8750593,0.37665474,0.7501186
0,0,0.8742318,0.37826228,0.74846363
1,0,0.8781169,0.37066022,0.7562338
0,0,0.87609124,0.37464124,0.7521825
1,0,0.50711155,0.693046,0.014223069
1,0,0.8983008,0.32880047,0.79660165
0,1,0.51082855,0.69291264,0.02165711
1,0,0.6781391,0.6282642,0.35627815
0,0,0.8990285,0.32721236,0.79805696
1,0,0.917514,0.2847994,0.83502805
1,0,0.6855204,0.6226381,0.37104085
0,1,0.5442372,0.6892282,0.08847439
0,1,0.5404369,0.68987334,0.08087385
1,0,0.90808785,0.30693963,0.8161757
0,1,0.5536099,0.68738806,0.107219815
0,0,0.8723489,0.38189703,0.7446978
0,1,0.5521903,0.6876896,0.10438061
1,0,0.52787435,0.6915924,0.05574867
0,0,0.6887667,0.6200839,0.3775334
1,1,0.557289,0.68656874,0.11457801
0,1,0.55076015,0.6879851,0.1015203
1,0,0.67813456,0.6282676,0.35626912
1,1,0.55928576,0.686101,0.11857152
0,1,0.5362366,0.69051874,0.07247317
1,0,0.874231,0.37826395,0.74846196
1,0,0.63769335,0.65473384,0.2753867
0,0,0.88751215,0.3516854,0.7750243
1,1,0.5635142,0.6850573,0.12702835
0,1,0.5550115,0.68708235,0.11002302
0,1,0.51082855,0.69291264,0.02165711
1,0,0.683486,0.6242138,0.36697197
0,0,0.661378,0.64011717,0.32275608
0,1,0.5507577,0.6879856,0.10151541
1,0,0.9049912,0.3139757,0.8099824
0,1,0.5549574,0.68709433,0.10991478
1,0,0.8821137,0.3626923,0.7642274
0,0,0.88329357,0.36031103,0.76658714
0,0,0.87191975,0.382721,0.7438395
1,0,0.5123259,0.6928433,0.024651736
0,1,0.54515475,0.6890637,0.0903095
1,0,0.67812777,0.62827265,0.35625556
1,1,0.55249155,0.6876263,0.10498309
1,0,0.8773069,0.37225673,0.75461376
0,1,0.50894254,0.69298726,0.017885089
1,1,0.5046893,0.6931032,0.009378552
0,0,0.6797849,0.6270315,0.35956976
1,0,0.8944805,0.33704397,0.78896105
1,1,0.60699475,0.6700734,0.2139895
0,0,0.8742318,0.37826228,0.74846363
0,1,0.5378694,0.69027627,0.07573879
1,0,0.6781348,0.6282674,0.3562696
0,0,0.6781318,0.6282697,0.35626364
0,1,0.55324835,0.68746567,0.10649669
0,1,0.53438234,0.690781,0.06876469
0,0,0.87609106,0.3746416,0.7521821
0,0,0.68185246,0.6254653,0.36370492
1,0,0.8944526,0.33710366,0.78890514
1,0,0.883095,0.36071265,0.76619005
0,1,0.54375494,0.6893133,0.08750987
0,0,0.8758821,0.37505016,0.7517642
1,0,0.8928635,0.34048626,0.785727
0,0,0.87213445,0.38230902,0.7442689
0,1,0.56200975,0.68543696,0.1240195
0,1,0.55777705,0.68645585,0.115554094
0,1,0.55172086,0.6877875,0.103441715
1,0,0.9077662,0.30767572,0.81553245
1,0,0.9030265,0.31838167,0.80605304
1,0,0.9077538,0.30770406,0.81550765
1,0,0.87234885,0.38189715,0.7446977
0,0,0.68510634,0.6229604,0.37021267
1,0,0.50807315,0.6930169,0.016146302
1,0,0.53730464,0.6903613,0.07460925
1,0,0.68183506,0.6254785,0.36367014
0,0,0.6814314,0.6257858,0.3628628
1,0,0.87234664,0.38190135,0.7446933
1,0,0.6760725,0.62979454,0.352145
1,0,0.53730464,0.6903613,0.07460925
0,0,0.6855216,0.62263715,0.3710432
1,0,0.88656324,0.3536409,0.7731265
0,1,0.54936165,0.68826604,0.09872329
0,0,0.5586114,0.6862608,0.117222756
1,0,0.8820983,0.36272332,0.76419663
0,0,0.67814124,0.62826264,0.35628244
0,0,0.8760911,0.37464154,0.75218225
0,0,0.68553025,0.6226305,0.3710605
0,1,0.5531397,0.68748885,0.10627937
0,1,0.5546155,0.68716955,0.109230995
1,0,0.8731872,0.38028276,0.74637437
1,1,0.5549943,0.6870862,0.10998857
0,1,0.57034886,0.68321633,0.14069772
0,1,0.54376,0.6893124,0.08752
0,1,0.55360776,0.68738854,0.10721552
1,0,0.87234885,0.38189715,0.7446977
0,1,0.563415,0.68508255,0.12682998
1,0,0.89588296,0.33403602,0.7917659
0,0,0.6818433,0.6254722,0.3636866
1,1,0.5633448,0.68510044,0.12668955
1,0,0.89376605,0.3385683,0.7875321
0,1,0.55496067,0.6870936,0.109921336
0,1,0.5591541,0.6861324,0.11830819
0,0,0.8785275,0.36984858,0.75705504
0,1,0.55081576,0.68797374,0.10163152
0,0,0.5857892,0.6783545,0.17157844
0,1,0.540937,0.68979174,0.08187401
0,1,0.547018,0.6887193,0.09403598
1,0,0.90355664,0.31719723,0.8071133
1,0,0.90368545,0.31690896,0.8073709
0,1,0.5591599,0.686131,0.11831975
1,1,0.503751,0.69311905,0.00750196
1,0,0.53259236,0.69102114,0.06518471
1,0,0.8955096,0.33483878,0.7910192
0,0,0.66771305,0.6357864,0.33542612
1,1,0.56447685,0.68480945,0.1289537
0,1,0.5507511,0.68798697,0.10150218
0,1,0.5507546,0.68798625,0.10150921
0,1,0.55495423,0.68709505,0.10990846
0,0,0.9200965,0.27853358,0.84019303
1,0,0.8960761,0.33362016,0.79215217
1,0,0.9005497,0.32387346,0.8010994
1,1,0.50894284,0.6929872,0.017885685
1,1,0.56456536,0.6847865,0.12913072
0,1,0.5549561,0.68709457,0.10991216
0,1,0.5507534,0.6879865,0.10150683
0,1,0.5643082,0.68485314,0.12861645
1,1,0.5633474,0.6850998,0.1266948
1,0,0.89049006,0.3454895,0.7809801
1,0,0.90371126,0.31685114,0.8074225
1,0,0.8976229,0.33027482,0.79524577
1,0,0.87234885,0.38189715,0.7446977
1,1,0.5489373,0.6883497,0.09787464
0,0,0.8742323,0.3782614,0.7484646
1,1,0.5572952,0.68656725,0.11459041
0,1,0.5591475,0.6861339,0.118294954
0,1,0.55728847,0.68656886,0.114576936
1,0,0.8797232,0.3674761,0.7594464
1,0,0.8886301,0.34936988,0.7772602
0,1,0.55122733,0.68788946,0.10245466
0,1,0.5549595,0.68709385,0.10991895
1,1,0.557302,0.6865657,0.114604
0,1,0.5596519,0.6860135,0.11930382
0,1,0.5549547,0.6870949,0.109909415
1,0,0.67565787,0.63009924,0.3513157
1,0,0.8820983,0.36272332,0.76419663
0,1,0.5591545,0.68613225,0.11830902
0,0,0.8723489,0.38189703,0.7446978
1,0,0.50381935,0.69311804,0.0076387227
0,0,0.8758816,0.37505108,0.7517632
1,0,0.67813474,0.62826747,0.35626948
0,1,0.5377344,0.69029665,0.07546878
0,1,0.55495375,0.68709517,0.10990751
0,1,0.56334573,0.6851002,0.12669146
0,1,0.5572975,0.6865667,0.114595056
0,0,0.67608,0.629789,0.35215998
1,0,0.6781163,0.6282812,0.35623264
1,1,0.5427947,0.6894799,0.08558941
0,1,0.531983,0.69109994,0.063966036
1,0,0.8813267,0.36427334,0.76265335
1,1,0.50091594,0.6931455,0.0018318892
0,0,0.8723489,0.38189703,0.7446978
0,0,0.6781472,0.62825817,0.35629436
1,1,0.5633485,0.6850995,0.12669694
0,1,0.5593082,0.6860957,0.11861634
0,0,0.88807184,0.3505277,0.77614367
1,0,0.5179809,0.6925004,0.035961747
1,1,0.55926716,0.68610543,0.11853433
0,0,0.6818491,0.6254678,0.36369827
0,1,0.52352905,0.6920395,0.047058105
0,1,0.55495745,0.68709433,0.1099149
1,0,0.8803325,0.3662619,0.76066506
0,0,0.84145415,0.43725064,0.6829083
0,0,0.8508162,0.4212907,0.7016324
0,1,0.5507945,0.68797815,0.101588964
0,0,0.68142736,0.62578887,0.36285475
1,0,0.902897,0.31867063,0.805794
0,1,0.5391837,0.69007325,0.07836735
0,1,0.54701895,0.68871903,0.09403789
1,0,0.67813814,0.6282649,0.3562763
1,0,0.9066074,0.31031764,0.8132148
1,0,0.5293125,0.6914277,0.058624983
1,1,0.56334585,0.6851002,0.1266917
1,0,0.6781355,0.6282669,0.356271
0,0,0.9085685,0.30583733,0.817137
1,0,0.8944806,0.3370438,0.7889612
1,0,0.9060043,0.3116862,0.8120086
1,1,0.563345,0.6851004,0.12669003
1,0,0.6760912,0.62978077,0.35218242
1,0,0.85121256,0.4206,0.7024251
0,1,0.54888695,0.6883596,0.09777391
1,1,0.5131951,0.6927989,0.026390195
0,1,0.52401924,0.6919929,0.048038483
0,0,0.8856072,0.35560215,0.77121437
1,0,0.89232445,0.34162775,0.7846489
0,1,0.5633434,0.6851008,0.12668681
1,0,0.92007536,0.27858526,0.8401507
0,1,0.55730945,0.68656397,0.1146189
1,1,0.5614834,0.6855676,0.12296677
1,0,0.85134983,0.42036048,0.70269966
0,1,0.5404489,0.68987143,0.08089781
1,0,0.9080631,0.30699632,0.8161262
0,1,0.5423165,0.6895615,0.08463299
0,1,0.5239565,0.6919989,0.047912955
1,1,0.55309206,0.687499,0.106184125
0,1,0.5503234,0.68807375,0.10064685
0,0,0.8750588,0.37665564,0.75011766
0,1,0.54892206,0.6883528,0.097844124
0,1,0.5507533,0.6879865,0.10150659
0,0,0.6714753,0.63312894,0.34295058
1,0,0.8512647,0.42050904,0.70252943
0,0,0.6891794,0.6197556,0.37835887
1,1,0.5089429,0.6929872,0.017885804
1,1,0.5634138,0.6850829,0.1268276
1,1,0.5046893,0.6931032,0.009378552
1,0,0.5160963,0.6926289,0.032192588
0,1,0.52966505,0.6913861,0.059330106
1,0,0.50381935,0.69311804,0.0076387227
0,0,0.8760902,0.37464327,0.75218046
1,0,0.9141959,0.29272103,0.8283918
1,1,0.5615513,0.6855508,0.123102546
1,0,0.91345006,0.2944821,0.8269001
1,1,0.56335795,0.6850971,0.1267159
1,0,0.87234885,0.38189715,0.7446977
1,0,0.50995934,0.6929488,0.01991868
1,0,0.9249504,0.266509,0.84990084
0,0,0.8740202,0.37867236,0.74804044
1,0,0.8969136,0.33181205,0.7938272
0,1,0.553096,0.68749815,0.10619199
0,0,0.8813261,0.3642745,0.76265216
1,0,0.8821137,0.3626923,0.7642274
0,1,0.5507532,0.6879865,0.10150635
0,1,0.5512245,0.68789005,0.10244906
1,0,0.88656324,0.3536409,0.7731265
0,1,0.5371813,0.69037974,0.074362636
1,0,0.88112533,0.36467686,0.76225066
0,1,0.5614944,0.6855649,0.12298882
1,0,0.50570595,0.6930821,0.011411905
1,1,0.5633513,0.68509877,0.12670255
0,1,0.555553,0.6869621,0.11110604
1,1,0.51021117,0.6929386,0.02042234
0,1,0.54752237,0.6886236,0.09504473
0,0,0.878528,0.36984763,0.757056
0,1,0.5240255,0.6919923,0.048051
0,0,0.8760912,0.37464133,0.75218236
1,0,0.9022202,0.32017714,0.8044404
1,1,0.563348,0.6850996,0.12669599
1,1,0.54231757,0.68956137,0.08463514
1,1,0.50091594,0.6931455,0.0018318892
1,0,0.89119595,0.34400758,0.7823919
1,1,0.5633485,0.6850995,0.12669694
1,0,0.91314536,0.2951995,0.8262907
1,0,0.85134774,0.42036414,0.7026955
0,1,0.56382054,0.68497884,0.12764108
1,0,0.88596654,0.35486606,0.7719331
1,0,0.50145173,0.693143,0.0029034615
1,0,0.8498918,0.42289674,0.69978356
1,1,0.56334764,0.6850997,0.12669528
1,0,0.91490126,0.291049,0.8298025
1,1,0.5635069,0.6850591,0.1270138
0,0,0.6818464,0.62546986,0.36369273
0,0,0.6760825,0.6297872,0.35216495
0,0,0.8760912,0.37464133,0.75218236
1,0,0.8803325,0.3662619,0.76066506
1,1,0.54653716,0.6888095,0.09307432
1,0,0.5160963,0.6926289,0.032192588
1,0,0.92281723,0.27183422,0.84563446
0,0,0.8848396,0.35717025,0.7696792
1,0,0.5184611,0.6924654,0.036922216
0,1,0.5074738,0.6930355,0.014947653
0,1,0.5404844,0.6898656,0.08096886
1,0,0.52787435,0.6915924,0.05574867
1,1,0.5715479,0.6828737,0.14309585
1,0,0.6781349,0.62826735,0.3562698
1,0,0.889564,0.347426,0.77912796
0,1,0.55734146,0.68655664,0.11468291
0,0,0.8815268,0.36387187,0.76305366
0,0,0.88132674,0.36427322,0.76265347
0,0,0.68714476,0.6213662,0.3742895
0,0,0.86784995,0.39045358,0.7356999
0,1,0.54888433,0.68836015,0.097768664
1,0,0.67807895,0.628309,0.3561579
1,0,0.5160963,0.6926289,0.032192588
0,0,0.6718929,0.63283,0.3437858
0,1,0.5549574,0.68709433,0.10991478
0,1,0.5619916,0.68544143,0.123983145
0,1,0.54375565,0.6893132,0.0875113
1,0,0.5443603,0.68920636,0.08872056
1,1,0.55729955,0.68656623,0.11459911
0,1,0.5494246,0.68825364,0.09884918
0,1,0.5507569,0.6879858,0.10151374
1,0,0.5541783,0.68726504,0.108356595
0,1,0.5591582,0.68613136,0.11831641
1,1,0.531982,0.6911001,0.06396401
0,0,0.6891787,0.6197562,0.37835738
0,0,0.87567234,0.3754598,0.7513447
1,0,0.9354973,0.23918127,0.87099457
1,0,0.8748489,0.3770641,0.7496978
1,0,0.889564,0.347426,0.77912796
1,0,0.91869354,0.2819487,0.8373871
1,1,0.56334096,0.68510145,0.12668192
1,0,0.90664506,0.31023195,0.8132901
1,0,0.6781348,0.6282674,0.35626963
0,1,0.53718734,0.69037884,0.074374676
0,0,0.8723488,0.3818972,0.7446976
1,0,0.91345006,0.2944821,0.8269001
0,0,0.68538976,0.62273985,0.3707795
0,0,0.86893237,0.38841122,0.73786473
0,1,0.56334823,0.6850996,0.12669647
0,0,0.5076566,0.69302994,0.015313178
0,1,0.5512292,0.6878891,0.10245836
0,1,0.51082855,0.69291264,0.02165711
0,1,0.5643029,0.6848545,0.12860584
0,1,0.55121106,0.6878928,0.10242212
0,1,0.5616391,0.68552905,0.12327814
0,1,0.55313236,0.6874904,0.10626471
0,1,0.5615198,0.6855586,0.1230396
0,0,0.8748488,0.37706432,0.74969757
0,1,0.54888725,0.6883596,0.097774506
1,0,0.9053724,0.3131157,0.81074476
0,0,0.8738082,0.3790828,0.7476164
1,0,0.90368545,0.31690896,0.8073709
1,1,0.5633368,0.68510246,0.12667358
0,0,0.8702246,0.38595954,0.7404492
1,1,0.56334263,0.685101,0.12668526
1,1,0.54653454,0.68881,0.09306908
0,1,0.5446609,0.68915266,0.08932185
0,0,0.6818446,0.62547123,0.36368918
1,1,0.50859344,0.6929995,0.01718688
0,1,0.55123115,0.6878887,0.10246229
1,0,0.909474,0.30375308,0.81894803
1,0,0.50947857,0.6929675,0.018957138
0,1,0.51082855,0.69291264,0.02165711
0,1,0.5446641,0.6891521,0.08932817
0,0,0.68141764,0.6257963,0.3628353
1,0,0.9077662,0.30767572,0.81553245
0,0,0.88406926,0.35873806,0.7681385
0,1,0.5446635,0.6891522,0.08932698
1,0,0.8960761,0.33362016,0.79215217
1,0,0.8723462,0.3819022,0.74469244
0,1,0.5470203,0.6887188,0.09404063
0,1,0.5572977,0.6865667,0.11459541
0,0,0.6781497,0.6282563,0.3562994
1,0,0.89086556,0.3447018,0.7817311
1,0,0.90898544,0.30487886,0.8179709
1,1,0.51319635,0.69279885,0.026392698
0,1,0.559632,0.6860183,0.11926401
1,1,0.50232166,0.6931364,0.004643321
0,1,0.54045963,0.68986964,0.080919266
1,0,0.6781385,0.62826467,0.356277
1,0,0.89232445,0.34162775,0.7846489
0,1,0.54280794,0.6894777,0.08561587
1,1,0.5591501,0.68613327,0.1183002
1,0,0.917402,0.28506914,0.83480406
1,0,0.88767457,0.35134977,0.77534914
0,0,0.88732004,0.35208198,0.7746401
1,0,0.50618684,0.69307065,0.012373656
1,0,0.88051945,0.36588874,0.7610389
1,0,0.8723464,0.38190183,0.7446928
1,0,0.91490126,0.291049,0.8298025
0,0,0.68538463,0.62274384,0.3707693
0,1,0.5465362,0.68880963,0.093072414
1,0,0.8826972,0.3615163,0.76539445
1,0,0.67813796,0.628265,0.35627592
0,1,0.55123,0.6878889,0.10246003
1,0,0.89376616,0.3385681,0.7875323
1,0,0.88560724,0.355602,0.7712145
0,1,0.60297585,0.6717866,0.20595169
1,1,0.56800264,0.6838697,0.13600528
0,1,0.53681237,0.69043446,0.07362473
0,1,0.5447215,0.6891418,0.08944297
1,1,0.5087264,0.69299483,0.017452836
1,0,0.8852019,0.3564309,0.77040374
0,1,0.54660213,0.68879735,0.09320426
0,0,0.68184257,0.6254728,0.36368516
1,0,0.67813534,0.628267,0.35627067
1,1,0.56334084,0.6851015,0.12668169
1,0,0.50807315,0.6930169,0.016146302
0,1,0.50894266,0.69298726,0.017885327
0,1,0.56161,0.68553627,0.12321997
0,0,0.85009813,0.42253885,0.70019627
1,0,0.89428484,0.33746198,0.7885697
1,0,0.89323103,0.33970627,0.78646207
1,0,0.8773069,0.37225673,0.75461376
1,0,0.5457546,0.68895435,0.09150922
1,0,0.50381935,0.69311804,0.0076387227
0,1,0.5507484,0.68798757,0.101496816
0,0,0.8729736,0.38069463,0.74594724
0,1,0.5371994,0.690377,0.074398756
1,0,0.88934565,0.34788123,0.7786913
0,0,0.67771477,0.62858003,0.35542953
0,1,0.5465375,0.6888094,0.09307504
0,1,0.53246385,0.6910379,0.0649277
1,0,0.8939065,0.33826914,0.78781295
0,0,0.8948427,0.3362692,0.78968537
0,1,0.55309373,0.6874987,0.10618746
0,0,0.8830951,0.3607126,0.7661902
1,0,0.8803325,0.3662619,0.76066506
0,1,0.54701483,0.68871987,0.094029665
1,0,0.50618684,0.69307065,0.012373656
1,0,0.9222886,0.27314392,0.8445772
1,0,0.50381935,0.69311804,0.0076387227
0,0,0.65925205,0.64153033,0.31850412
1,1,0.5380921,0.69024235,0.07618415
0,1,0.61032104,0.66860425,0.22064209
1,1,0.500435,0.69314677,0.0008699894
0,1,0.54188704,0.68963397,0.08377409
1,0,0.90898544,0.30487886,0.8179709
0,1,0.5531645,0.68748355,0.106328964
1,0,0.8899414,0.34663782,0.7798828
0,1,0.548916,0.688354,0.097831964
0,1,0.5143895,0.692733,0.02877903
0,1,0.55730456,0.6865651,0.11460912
1,0,0.8513456,0.4203679,0.7026912
0,0,0.9261328,0.26352927,0.8522656
1,0,0.50381935,0.69311804,0.0076387227
1,0,0.9281722,0.25834152,0.85634434
1,0,0.5420102,0.68961334,0.08402035
0,1,0.51082855,0.69291264,0.02165711
1,0,0.6781347,0.6282675,0.3562694
1,1,0.53857136,0.69016874,0.077142715
0,0,0.6677036,0.635793,0.33540726
0,1,0.5465382,0.6888093,0.09307635
1,0,0.5084358,0.69300485,0.016871572
1,0,0.8740203,0.37867224,0.74804056
0,1,0.510778,0.69291484,0.02155602
1,0,0.54527766,0.68904144,0.09055531
1,0,0.8944806,0.3370438,0.7889612
1,0,0.53355,0.69089425,0.06710008
0,1,0.5451475,0.68906504,0.09029496
1,1,0.56334573,0.6851002,0.12669146
1,0,0.8773069,0.37225673,0.75461376
1,0,0.8742323,0.37826142,0.7484646
1,0,0.5203451,0.69231915,0.040690184
1,0,0.90338886,0.3175724,0.8067777
0,1,0.546543,0.68880844,0.093086004
0,0,0.8731868,0.38028342,0.74637365
0,0,0.6797773,0.62703717,0.35955465
0,1,0.5447148,0.689143,0.08942962
0,1,0.5507484,0.68798757,0.101496816
0,0,0.85201406,0.41919953,0.7040281
1,1,0.55075383,0.6879864,0.101507664
0,1,0.51927924,0.6924036,0.038558483
1,0,0.8902742,0.3459416,0.78054845
1,1,0.5601066,0.6859041,0.12021315
1,0,0.90035063,0.32431185,0.80070126
1,0,0.67608404,0.629786,0.3521681
1,1,0.5108288,0.6929126,0.021657586
0,0,0.6781523,0.62825435,0.35630465
0,1,0.5557394,0.6869205,0.111478806
0,1,0.5507445,0.6879883,0.10148895
0,0,0.67813194,0.62826955,0.3562639
1,0,0.9077538,0.30770406,0.81550765
1,1,0.56336147,0.6850962,0.12672293
1,0,0.88767457,0.35134977,0.77534914
0,1,0.54701596,0.68871963,0.09403193
0,1,0.5591644,0.6861299,0.11832881
1,1,0.55916494,0.6861298,0.11832988
0,1,0.537209,0.69037557,0.07441795
0,0,0.8738082,0.3790828,0.7476164
1,0,0.851292,0.42046145,0.702584
1,0,0.52787435,0.6915924,0.05574867
0,1,0.5545283,0.6871887,0.10905659
1,0,0.50614977,0.69307154,0.012299538
0,1,0.5206778,0.69229174,0.04135561
1,0,0.8787333,0.36944127,0.75746655
1,1,0.5633449,0.6851004,0.12668979
0,1,0.55729884,0.6865665,0.11459768
1,0,0.8719198,0.38272086,0.7438396
0,0,0.8795351,0.36785027,0.75907016
0,1,0.5592427,0.6861113,0.11848545
1,0,0.9237292,0.2695656,0.84745836
0,0,0.87129045,0.38392627,0.7425809
1,0,0.50807315,0.6930169,0.016146302
0,1,0.50517,0.6930938,0.010339975
0,1,0.5282282,0.69155264,0.056456447
0,1,0.5530938,0.6874987,0.10618758
0,1,0.5591421,0.68613523,0.118284225
0,1,0.5458503,0.68893677,0.091700554
0,1,0.5530938,0.6874987,0.10618758
0,1,0.5381378,0.6902354,0.07627559
1,0,0.8723488,0.38189727,0.7446976
0,0,0.8748488,0.37706432,0.74969757
0,0,0.8777204,0.37144244,0.75544083
0,1,0.5507524,0.6879867,0.1015048
0,0,0.88053495,0.36585778,0.7610699
0,0,0.8723489,0.38189703,0.7446978
1,1,0.52975106,0.69137585,0.059502125
1,0,0.50995934,0.6929488,0.01991868
1,0,0.87234885,0.38189715,0.7446977
1,0,0.5075924,0.6930319,0.01518476
0,1,0.5633414,0.6851013,0.12668276
1,0,0.85133016,0.42039484,0.7026603
1,0,0.8944526,0.33710366,0.78890514
1,0,0.67813575,0.6282667,0.35627148
1,0,0.5217483,0.6922009,0.04349664
0,1,0.55496204,0.68709326,0.10992408
1,0,0.8944806,0.3370438,0.7889612
0,1,0.55913544,0.6861368,0.118270874
1,0,0.8795352,0.36785007,0.7590704
0,1,0.5633495,0.68509924,0.12669897
1,1,0.5465305,0.6888107,0.09306097
1,1,0.5549541,0.68709505,0.10990822
0,1,0.54702467,0.688718,0.094049335
1,0,0.5293125,0.6914277,0.058624983
1,0,0.5075924,0.6930319,0.01518476
1,0,0.89428484,0.33746198,0.7885697
0,1,0.543098,0.6894277,0.086195946
1,0,0.9064821,0.3106023,0.8129642
1,0,0.6781304,0.6282706,0.3562608
1,1,0.5633634,0.68509567,0.12672675
0,1,0.55252486,0.68761927,0.10504973
0,1,0.56334955,0.68509924,0.12669909
0,1,0.51082855,0.69291264,0.02165711
0,1,0.55074906,0.6879874,0.10149813
1,0,0.5075924,0.6930319,0.01518476
1,1,0.56335616,0.6850976,0.12671232
1,0,0.8962137,0.33332354,0.7924274
1,0,0.889564,0.347426,0.77912796
1,1,0.55079025,0.687979,0.1015805
0,0,0.8760912,0.37464133,0.75218236
1,0,0.92132866,0.2755123,0.8426573
1,0,0.52082515,0.6922796,0.041650325
0,0,0.6818471,0.6254693,0.36369422
0,1,0.5635011,0.6850606,0.12700224
0,1,0.5367371,0.69044554,0.07347417
1,1,0.5089429,0.6929872,0.017885804
1,0,0.902897,0.31867063,0.805794
1,0,0.5330713,0.69095814,0.06614256
1,0,0.9224158,0.27282917,0.8448316
1,0,0.8974596,0.33062917,0.79491925
1,0,0.85077274,0.42136633,0.7015455
1,0,0.89159715,0.34316298,0.7831943
1,0,0.5481014,0.68851256,0.09620282
1,0,0.89192563,0.34247032,0.78385127
1,0,0.5448006,0.68912756,0.08960116
1,0,0.91100943,0.30019614,0.82201886
1,0,0.85083455,0.42125875,0.7016691
1,1,0.56334877,0.6850994,0.12669754
1,0,0.715641,0.59702325,0.43128204
0,0,0.8740202,0.37867236,0.74804044
1,0,0.53355,0.69089425,0.06710008
0,1,0.5465415,0.6888087,0.093083024
0,0,0.68184316,0.6254723,0.36368632
1,0,0.50618684,0.69307065,0.012373656
0,1,0.5471076,0.68870234,0.094215155
1,0,0.6818304,0.625482,0.3636608
0,1,0.5508053,0.6879759,0.10161054
0,0,0.90056217,0.32384598,0.80112433
1,0,0.6780431,0.6283357,0.35608622
0,1,0.54475033,0.6891366,0.089500666
1,0,0.53682625,0.69043237,0.073652536
1,0,0.88560724,0.355602,0.7712145
0,1,0.5507535,0.68798643,0.10150695
0,1,0.55494523,0.687097,0.10989046
0,1,0.54892385,0.68835247,0.0978477
1,1,0.563356,0.6850976,0.12671196
0,1,0.5554794,0.6869786,0.110958815
0,1,0.5587841,0.68622005,0.117568254
1,0,0.50995934,0.6929488,0.01991868
1,0,0.8513483,0.42036325,0.70269656
0,1,0.5512337,0.6878882,0.10246742
1,0,0.5330713,0.69095814,0.06614256
1,1,0.554962,0.6870933,0.10992396
0,0,0.8731868,0.38028347,0.74637365
0,0,0.88674116,0.35327494,0.7734823
0,1,0.53810817,0.6902399,0.07621634
1,1,0.5632512,0.6851243,0.1265024
1,0,0.6760729,0.62979424,0.3521458
1,0,0.6780168,0.6283553,0.3560336
0,0,0.87505764,0.37665802,0.7501153
0,1,0.55914843,0.6861337,0.11829686
1,0,0.69297427,0.6167002,0.38594854
1,0,0.50381935,0.69311804,0.0076387227
1,0,0.690655,0.6185756,0.38131002
0,1,0.54514956,0.6890647,0.09029913
0,1,0.5591609,0.6861307,0.11832178
0,0,0.8766997,0.37344947,0.7533994
1,0,0.8731869,0.38028336,0.7463738
1,1,0.563435,0.6850774,0.12687004
1,0,0.8803325,0.3662619,0.76066506
1,0,0.8723459,0.38190275,0.74469185
0,1,0.55965644,0.6860124,0.11931288
1,0,0.90855616,0.3058657,0.8171123
0,1,0.54196954,0.68962014,0.083939075
0,0,0.88732004,0.35208204,0.7746401
0,0,0.87609106,0.3746416,0.7521821
1,0,0.50947857,0.6929675,0.018957138
1,0,0.90729433,0.30875346,0.81458867
1,0,0.90387857,0.31647637,0.80775714
0,1,0.5446705,0.6891509,0.089341044
0,1,0.561555,0.68554986,0.123110056
0,1,0.50894254,0.69298726,0.017885089
1,0,0.8500895,0.42255384,0.700179
0,1,0.53434217,0.69078654,0.06868434
0,1,0.53198737,0.6910994,0.06397474
0,1,0.55545115,0.68698484,0.11090231
1,1,0.56566674,0.68449795,0.13133347
1,0,0.91254497,0.29660982,0.82508993
0,1,0.54654354,0.6888083,0.09308708
1,0,0.8803325,0.3662619,0.76066506
1,0,0.8813267,0.36427334,0.76265335
0,1,0.5549559,0.6870947,0.1099118
1,1,0.55542916,0.6869898,0.11085832
0,1,0.5573024,0.6865656,0.11460483
0,1,0.5301055,0.6913334,0.060210943
0,0,0.8815277,0.36387002,0.76305544
1,0,0.909474,0.30375308,0.81894803
1,0,0.8813267,0.36427334,0.76265335
0,1,0.55495656,0.6870945,0.10991311
1,0,0.67816544,0.6282446,0.35633087
0,0,0.6781529,0.62825394,0.3563058
1,0,0.9209306,0.27649054,0.84186125
1,0,0.87234867,0.38189748,0.74469733
0,0,0.8748483,0.37706524,0.7496966
1,0,0.5264729,0.6917449,0.052945852
0,0,0.87792665,0.37103575,0.7558533
1,0,0.8513484,0.420363,0.7026968
0,0,0.6855316,0.6226294,0.37106323
0,0,0.87463754,0.37747484,0.7492751
0,1,0.5451462,0.6890652,0.090292454
1,1,0.5634198,0.6850813,0.12683964
1,0,0.5241111,0.69198406,0.048222184
1,1,0.5638568,0.68496954,0.12771356
1,0,0.88672674,0.3533046,0.7734535
1,1,0.5108287,0.69291264,0.021657348
1,1,0.5591579,0.6861315,0.118315816
0,1,0.5446702,0.689151,0.08934045
1,0,0.8939065,0.33826914,0.78781295
0,0,0.6830734,0.6245311,0.36614677
0,1,0.5423185,0.6895612,0.084637046
0,1,0.50859165,0.69299954,0.017183304
1,0,0.9062811,0.31105858,0.8125622
0,0,0.8501013,0.42253336,0.7002026
1,0,0.87318707,0.38028306,0.74637413
0,1,0.5507473,0.6879877,0.10149455
0,1,0.55543,0.68698955,0.11085999
1,0,0.6760705,0.629796,0.35214102
1,1,0.5633942,0.6850878,0.12678838
1,0,0.67813194,0.62826955,0.35626388
1,0,0.8874964,0.3517179,0.7749928
0,0,0.67977726,0.6270372,0.3595545
1,1,0.54044545,0.6898719,0.080890894
1,0,0.6781361,0.62826645,0.35627222
1,0,0.50947857,0.6929675,0.018957138
0,1,0.5474899,0.68862975,0.09497976
0,1,0.53953505,0.6900179,0.07907009
1,0,0.9175365,0.28474528,0.835073
0,0,0.6818596,0.6254598,0.36371922
0,1,0.5554397,0.6869874,0.11087942
0,1,0.5615944,0.6855401,0.12318885
1,0,0.8821137,0.3626923,0.7642274
1,0,0.89323103,0.33970627,0.78646207
1,1,0.56336415,0.6850955,0.1267283
1,0,0.87234885,0.38189715,0.7446977
1,1,0.5635008,0.6850606,0.12700164
0,0,0.8941308,0.33779073,0.78826165
0,1,0.55170524,0.68779075,0.10341048
1,0,0.88231325,0.3622905,0.7646265
0,0,0.6814177,0.6257962,0.3628354
0,0,0.68714654,0.6213648,0.37429306
1,1,0.55926055,0.68610704,0.118521094
1,0,0.67607445,0.6297931,0.3521489
1,0,0.9105646,0.30122963,0.8211292
1,0,0.889564,0.347426,0.77912796
0,0,0.67606175,0.62980247,0.35212353
1,0,0.8976229,0.33027482,0.79524577
1,0,0.8803325,0.3662619,0.76066506
0,1,0.5367399,0.69044507,0.07347977
0,1,0.5418925,0.68963313,0.08378506
1,0,0.90368545,0.31690896,0.8073709
1,0,0.8838719,0.35913885,0.7677438
0,0,0.8710745,0.38433897,0.742149
1,0,0.53730464,0.6903613,0.07460925
0,1,0.548885,0.6883601,0.097769976
1,0,0.90581506,0.31211478,0.81163013
1,0,0.8944526,0.33710366,0.78890514
1,1,0.54653955,0.68880904,0.09307909
0,1,0.5488878,0.6883595,0.09777558
1,0,0.89119595,0.34400758,0.7823919
1,0,0.90823597,0.30660027,0.81647193
0,1,0.536738,0.6904454,0.07347596
0,0,0.67189956,0.63282526,0.34379908
0,0,0.88347584,0.35994193,0.7669517
1,0,0.8513138,0.42042333,0.70262766
1,0,0.8983008,0.32880047,0.79660165
0,1,0.53858125,0.6901672,0.077162504
1,0,0.90035063,0.32431185,0.80070126
1,0,0.85134697,0.4203655,0.70269394
1,0,0.9094496,0.30380943,0.81889915
1,0,0.9040455,0.31610203,0.80809104
1,0,0.5019327,0.6931397,0.0038653612
1,1,0.54888666,0.68835974,0.09777331
0,0,0.6855243,0.62263507,0.37104857
1,0,0.902533,0.3194815,0.805066
1,1,0.56157994,0.6855437,0.123159885
1,0,0.53259236,0.69102114,0.06518471
0,1,0.55075324,0.6879865,0.10150647
0,0,0.8767009,0.37344712,0.75340176
1,0,0.8899414,0.34663782,0.7798828
0,1,0.5572944,0.6865674,0.11458886
0,0,0.87423,0.37826574,0.74846005
0,0,0.90729356,0.30875522,0.8145871
1,1,0.559149,0.68613356,0.118298054
1,0,0.90745604,0.3083844,0.8149121
0,1,0.55495477,0.6870949,0.109909534
1,0,0.6781386,0.62826455,0.35627726
1,1,0.5089429,0.6929872,0.017885804
0,1,0.55498344,0.6870886,0.109966874
1,0,0.90373707,0.31679335,0.80747414
0,1,0.553128,0.6874913,0.10625601
0,0,0.68347037,0.62422585,0.3669407
1,1,0.56147414,0.6855699,0.12294829
1,0,0.87505937,0.37665465,0.75011873
0,1,0.51741374,0.69254065,0.03482747
1,0,0.6781355,0.6282669,0.356271
0,1,0.55729204,0.68656796,0.11458409
0,0,0.87129045,0.38392627,0.7425809
0,1,0.5685582,0.683717,0.13711643
1,1,0.56334853,0.6850995,0.12669706
1,0,0.8846443,0.3575682,0.76928866
0,0,0.8750593,0.37665474,0.7501186
1,0,0.50807315,0.6930169,0.016146302
1,0,0.5123259,0.6928433,0.024651736
1,0,0.88365906,0.35957062,0.7673181
0,1,0.5448002,0.6891277,0.089600444
0,0,0.68552256,0.62263644,0.37104514
0,1,0.5390942,0.6900873,0.07818842
0,1,0.54937565,0.6882633,0.09875131
0,1,0.5461086,0.68888915,0.09221721
1,0,0.89937735,0.32644892,0.7987547
0,1,0.5386885,0.6901506,0.07737696
0,0,0.67398554,0.6313201,0.34797108
0,1,0.5471159,0.6887008,0.094231844
1,0,0.90919346,0.3043999,0.8183869
1,0,0.68551743,0.6226404,0.37103486
0,0,0.68184173,0.6254734,0.36368343
0,1,0.5424016,0.68954706,0.08480322
0,0,0.6818351,0.6254784,0.36367023
0,1,0.5549599,0.6870938,0.10991979
0,1,0.5489093,0.68835527,0.09781861
1,0,0.8748489,0.3770641,0.7496978
0,0,0.6777134,0.62858105,0.35542676
0,1,0.5343778,0.69078165,0.06875563
0,1,0.5633432,0.68510085,0.12668645
0,1,0.5507559,0.68798596,0.101511836
1,1,0.55498505,0.6870882,0.10997009
0,1,0.5108286,0.6929127,0.021657228
0,0,0.88406926,0.35873806,0.7681385
0,0,0.8760904,0.37464285,0.7521808
1,0,0.52883315,0.6914835,0.057666272
1,0,0.50570595,0.6930821,0.011411905
0,0,0.87751323,0.3718506,0.75502646
1,1,0.56334573,0.6851002,0.12669146
0,0,0.67813766,0.62826526,0.35627532
1,1,0.5549598,0.68709373,0.10991955
1,0,0.9080755,0.3069679,0.816151
1,0,0.87933123,0.36825538,0.75866246
1,0,0.89122474,0.34394702,0.7824495
1,0,0.5019327,0.6931397,0.0038653612
1,0,0.90368545,0.31690896,0.8073709
0,0,0.50243175,0.6931354,0.0048635304
0,1,0.56321985,0.68513227,0.12643969
1,0,0.9203688,0.2778678,0.8407376
0,0,0.8912242,0.34394816,0.7824484
0,1,0.55495936,0.68709385,0.10991871
1,0,0.5293125,0.6914277,0.058624983
1,1,0.56334865,0.6850995,0.1266973
1,0,0.67813516,0.62826717,0.3562703
1,0,0.912415,0.29691443,0.82483006
0,1,0.5508114,0.6879747,0.10162282
0,0,0.8697895,0.38678673,0.73957896
0,0,0.68181586,0.62549317,0.36363176
0,0,0.8740202,0.37867236,0.74804044
1,0,0.89902866,0.32721204,0.7980573
0,1,0.5164529,0.69260573,0.032905817
1,0,0.5241111,0.69198406,0.048222184
1,1,0.5423178,0.68956125,0.084635615
1,0,0.8512389,0.42055404,0.7024778
0,0,0.876908,0.37304062,0.753816
0,1,0.5452083,0.689054,0.09041655
0,0,0.679777,0.6270374,0.35955402
0,0,0.87873316,0.3694415,0.7574663
1,0,0.87234885,0.38189715,0.7446977
0,1,0.5531546,0.6874857,0.106309175
1,0,0.8426741,0.43520892,0.68534815
0,0,0.68184346,0.62547207,0.36368692
1,0,0.9074062,0.3084982,0.8148124
1,0,0.91708744,0.28582585,0.8341749
0,1,0.5536017,0.68738985,0.107203364
1,1,0.54888356,0.68836033,0.097767115
0,1,0.54231733,0.68956137,0.08463466
1,0,0.915074,0.29063854,0.830148
1,1,0.563342,0.68510115,0.12668395
0,1,0.5277493,0.69160634,0.0554986
1,0,0.6817044,0.62557805,0.3634088
1,0,0.5494939,0.6882398,0.09898779
0,0,0.6818456,0.62547046,0.3636912
1,1,0.5046893,0.6931032,0.009378552
1,0,0.90368545,0.31690896,0.8073709
1,0,0.8512878,0.42046878,0.70257556
1,0,0.88656324,0.3536409,0.7731265
0,0,0.84888756,0.42463386,0.6977751
0,1,0.60431683,0.67122245,0.20863366
0,1,0.5591603,0.6861309,0.118320584
0,1,0.5380922,0.6902423,0.07618439
1,0,0.87234885,0.38189715,0.7446977
1,0,0.50711155,0.693046,0.014223069
0,0,0.8777199,0.3714435,0.75543976
1,0,0.8850364,0.35676873,0.7700728
1,0,0.9045578,0.31495136,0.80911565
0,1,0.53813803,0.6902354,0.076276064
1,1,0.5282044,0.6915554,0.056408763
1,0,0.9122374,0.2973305,0.8244748
0,1,0.5447613,0.68913466,0.0895226
1,1,0.5633505,0.685099,0.126701
0,0,0.8813267,0.36427334,0.76265335
1,0,0.91345006,0.2944821,0.8269001
0,1,0.565722,0.6844834,0.13144398
0,0,0.6851119,0.62295604,0.37022373
0,1,0.5666639,0.6842325,0.13332784
1,0,0.9020634,0.32052532,0.80412686
1,0,0.88788104,0.35092276,0.7757621
0,1,0.5447121,0.6891435,0.08942425
0,0,0.6834795,0.6242188,0.36695898
0,0,0.88053495,0.36585778,0.7610699
1,0,0.89917624,0.32688922,0.7983525
0,1,0.5633337,0.6851033,0.12666738
0,1,0.5549552,0.6870948,0.10991037
0,0,0.6781341,0.628268,0.35626817
0,1,0.53627837,0.6905126,0.072556734
0,1,0.5465446,0.6888081,0.09308922
1,1,0.563362,0.685096,0.126724
1,0,0.6776875,0.6286003,0.35537502
1,0,0.92561436,0.26483822,0.8512287
1,0,0.90995914,0.30263236,0.8199183
1,0,0.9254726,0.2651955,0.85094523
0,1,0.5282578,0.6915493,0.056515574
0,1,0.5512301,0.68788886,0.102460146
0,1,0.56334627,0.6851001,0.12669253
1,0,0.8899414,0.34663782,0.7798828
1,0,0.50807315,0.6930169,0.016146302
0,0,0.878528,0.36984763,0.757056
1,0,0.67813015,0.62827086,0.35626033
1,0,0.889564,0.347426,0.77912796
1,1,0.5685576,0.68371725,0.13711524
1,0,0.8785281,0.3698474,0.75705624
1,0,0.67811334,0.6282834,0.35622665
0,1,0.55919594,0.6861224,0.11839187
0,1,0.5635038,0.6850599,0.1270076
0,1,0.536218,0.69052136,0.072435975
1,1,0.5633473,0.6850998,0.12669456
0,1,0.54938996,0.6882605,0.09877992
1,0,0.8941309,0.33779055,0.7882618
1,1,0.5507544,0.68798625,0.101508856
0,1,0.5633382,0.6851021,0.12667644
0,1,0.5549586,0.6870941,0.109917164
1,1,0.56354725,0.6850488,0.1270945
1,1,0.5633445,0.68510056,0.12668896
0,0,0.6772918,0.628894,0.35458362
1,0,0.67813635,0.6282663,0.35627273
1,0,0.91345006,0.2944821,0.8269001
1,0,0.90371126,0.31685114,0.8074225
1,0,0.6779157,0.6284306,0.3558314
0,1,0.5591557,0.68613195,0.118311405
0,0,0.88309443,0.36071387,0.76618886
1,0,0.91133285,0.29944324,0.8226657
1,0,0.87234885,0.38189715,0.7446977
1,0,0.88786626,0.35095334,0.7757325
0,0,0.6698078,0.63431466,0.3396156
0,1,0.5620079,0.6854374,0.12401581
1,0,0.85130525,0.42043832,0.7026105
1,1,0.5385715,0.69016874,0.077142954
1,0,0.889564,0.347426,0.77912796
0,0,0.8875114,0.35168695,0.77502275
1,0,0.9224158,0.27282917,0.8448316
0,1,0.5268624,0.6917033,0.053724766
0,1,0.5552671,0.6870258,0.11053419
0,0,0.8756728,0.37545887,0.75134563
0,1,0.55916864,0.6861289,0.11833727
0,1,0.55495375,0.68709517,0.10990751
1,0,0.9104199,0.3015653,0.82083976
0,1,0.5540618,0.6872904,0.10812354
1,0,0.6781447,0.62826,0.3562894
1,0,0.52883315,0.6914835,0.057666272
1,1,0.5591442,0.6861347,0.1182884
1,0,0.6834746,0.62422264,0.3669492
1,0,0.90368545,0.31690896,0.8073709
0,0,0.8769081,0.37304044,0.75381625
0,0,0.8731868,0.38028347,0.74637365
0,0,0.874638,0.37747392,0.74927604
0,1,0.55495894,0.687094,0.10991788
1,0,0.6760896,0.62978196,0.35217917
1,0,0.87380826,0.37908268,0.7476165
1,0,0.90616804,0.31131506,0.8123361
0,0,0.68170273,0.62557936,0.36340547
0,1,0.5466575,0.688787,0.093315005
0,0,0.8498558,0.42295918,0.69971156
0,1,0.5329644,0.6909723,0.06592882
0,1,0.52590466,0.69180447,0.05180931
1,0,0.67607284,0.62979424,0.35214567
0,1,0.5531161,0.6874939,0.10623217
1,1,0.56335294,0.68509835,0.12670588
0,1,0.52775085,0.69160616,0.0555017
0,1,0.5592293,0.68611443,0.11845863
1,0,0.9175477,0.28471828,0.8350954
0,1,0.5573999,0.6865431,0.11479986
0,1,0.52861047,0.6915091,0.057220936
0,0,0.6655991,0.6372516,0.33119825
1,0,0.9020634,0.32052532,0.80412686
1,0,0.90236366,0.3198582,0.8047273
1,0,0.53355,0.69089425,0.06710008
1,0,0.91391695,0.2933805,0.8278339
0,1,0.5385979,0.6901646,0.07719576
1,0,0.88617575,0.35443693,0.7723515
1,0,0.6729198,0.6320915,0.34583962
1,1,0.5108288,0.6929126,0.021657586
1,1,0.5549606,0.6870936,0.10992122
1,0,0.8990151,0.32724154,0.79803026
0,0,0.8702246,0.38595954,0.7404492
0,0,0.6760619,0.6298023,0.35212386
1,0,0.52507067,0.6918896,0.050141305
1,1,0.56335306,0.68509835,0.12670612
1,0,0.91708744,0.28582585,0.8341749
1,0,0.9010654,0.3227357,0.8021308
1,0,0.67813486,0.6282674,0.35626972
0,1,0.55555344,0.686962,0.11110687
0,0,0.8731868,0.38028347,0.74637365
1,1,0.5320493,0.6910914,0.0640986
0,0,0.6781535,0.62825346,0.35630706
1,0,0.8946619,0.33665606,0.7893238
0,1,0.55548036,0.68697834,0.11096072
1,0,0.91625106,0.28783143,0.8325021
1,1,0.56566805,0.6844976,0.1313361
0,1,0.53857124,0.69016874,0.07714248
1,0,0.9022202,0.32017714,0.8044404
1,0,0.5019327,0.6931397,0.0038653612
1,1,0.5220988,0.69217014,0.04419756
1,0,0.52883315,0.6914835,0.057666272
1,0,0.889564,0.347426,0.77912796
1,0,0.50381935,0.69311804,0.0076387227
1,1,0.5046893,0.6931032,0.009378552
1,0,0.8850364,0.35676873,0.7700728
0,0,0.87792677,0.37103552,0.75585353
0,1,0.5296501,0.6913879,0.059300184
1,0,0.6781323,0.6282693,0.35626456
0,1,0.52730817,0.6916549,0.054616332
0,1,0.5065754,0.6930607,0.013150811
0,0,0.66560555,0.6372472,0.33121106
0,1,0.5531393,0.6874889,0.10627866
1,0,0.9224158,0.27282917,0.8448316
1,0,0.676064,0.6298008,0.35212806
1,0,0.90774137,0.30773252,0.81548274
1,0,0.88788104,0.35092276,0.7757621
0,1,0.55916005,0.6861309,0.11832011
1,0,0.50570595,0.6930821,0.011411905
0,1,0.5892914,0.67711544,0.17858279
1,0,0.678136,0.6282665,0.356272
0,1,0.5507518,0.6879868,0.10150361
1,0,0.90760505,0.30804414,0.8152101
1,0,0.8821137,0.3626923,0.7642274
1,1,0.56334096,0.68510145,0.12668192
0,0,0.87234676,0.38190117,0.7446935
1,0,0.50807315,0.6930169,0.016146302
0,0,0.6818392,0.62547535,0.36367846
0,0,0.5155753,0.6926619,0.03115055
1,0,0.8512376,0.42055634,0.7024752
0,1,0.52446723,0.6919494,0.04893446
1,0,0.89046204,0.34554824,0.7809241
1,0,0.5293125,0.6914277,0.058624983
1,0,0.52222836,0.6921587,0.04445675
1,0,0.89119595,0.34400758,0.7823919
0,1,0.5549611,0.6870935,0.10992217
0,1,0.5591377,0.68613625,0.118275404
0,1,0.55309457,0.68749845,0.10618913
0,1,0.5493981,0.6882589,0.09879625
1,0,0.9042123,0.3157278,0.8084246
0,1,0.5554367,0.68698806,0.11087334
1,0,0.8740203,0.37867224,0.74804056
0,1,0.5591541,0.6861324,0.11830819
1,0,0.8742293,0.3782671,0.7484586
1,1,0.561502,0.68556297,0.12300396
1,1,0.5633541,0.68509805,0.12670815
1,0,0.9040584,0.31607312,0.8081168
0,1,0.5573024,0.6865656,0.11460483
1,1,0.5028027,0.6931315,0.005605459
0,1,0.5549378,0.6870986,0.10987556
0,1,0.5074485,0.6930362,0.014896989
0,0,0.876908,0.37304065,0.753816
1,0,0.8803325,0.3662619,0.76066506
1,0,0.52318823,0.69207144,0.046376497
1,1,0.5488938,0.6883583,0.09778762
0,1,0.56148654,0.6855668,0.122973084
1,0,0.51373065,0.6927701,0.02746132
1,0,0.52883315,0.6914835,0.057666272
1,0,0.89376616,0.3385681,0.7875323
1,0,0.8899414,0.34663782,0.7798828
0,1,0.5470416,0.68871474,0.09408319
1,0,0.9080631,0.30699632,0.8161262
1,1,0.56334704,0.6850999,0.12669408
1,1,0.50232166,0.6931364,0.004643321
1,0,0.87423193,0.3782621,0.74846387
1,0,0.9086913,0.30555534,0.8173826
1,1,0.55495834,0.68709415,0.10991669
0,1,0.51082855,0.69291264,0.02165711
1,0,0.88406926,0.35873812,0.7681385
1,0,0.8948013,0.33635777,0.78960264
0,1,0.5427963,0.68947965,0.08559263
0,0,0.88053507,0.3658575,0.76107013
1,1,0.5046893,0.6931032,0.009378552
1,1,0.55914724,0.686134,0.11829448
1,0,0.9232168,0.27084163,0.84643364
0,0,0.8702246,0.38595954,0.7404492
1,0,0.9053724,0.3131157,0.81074476
1,1,0.5633462,0.6851001,0.12669241
0,1,0.52167827,0.692207,0.043356538
1,0,0.8976229,0.33027482,0.79524577
0,1,0.54704624,0.6887139,0.09409249
0,0,0.6814254,0.62579036,0.3628508
1,0,0.67813516,0.62826717,0.3562703
1,0,0.50145173,0.693143,0.0029034615
0,0,0.8721344,0.38230908,0.7442688
0,1,0.51172125,0.69287235,0.023442507
1,1,0.5635439,0.68504965,0.12708783
1,0,0.8826972,0.3615163,0.76539445
1,1,0.5633541,0.68509805,0.12670815
1,0,0.8731869,0.38028336,0.7463738
0,0,0.86915123,0.38799697,0.73830247
0,0,0.87423193,0.378262,0.74846387
1,0,0.50995934,0.6929488,0.01991868
0,1,0.5615,0.68556345,0.123000026
0,1,0.54888797,0.6883595,0.097775936
1,0,0.50145173,0.693143,0.0029034615
0,1,0.55728954,0.68656856,0.11457908
1,0,0.8731861,0.3802848,0.7463722
1,0,0.6781502,0.62825596,0.35630032
1,0,0.8887911,0.34903544,0.77758217
0,0,0.8723488,0.38189724,0.7446976
1,0,0.8974596,0.33062917,0.79491925
1,0,0.88788104,0.35092276,0.7757621
0,1,0.5465341,0.68881005,0.09306824
0,1,0.51082855,0.69291264,0.02165711
0,1,0.55833954,0.68632466,0.11667907
1,0,0.54762495,0.688604,0.09524989
1,1,0.5103194,0.69293416,0.020638824
1,0,0.50711155,0.693046,0.014223069
0,0,0.6871468,0.6213646,0.3742936
1,1,0.5591628,0.6861303,0.11832559
1,1,0.5679943,0.683872,0.1359886
0,1,0.5591473,0.686134,0.1182946
0,0,0.87129045,0.38392627,0.7425809
1,0,0.8969136,0.33181205,0.7938272
0,1,0.55309117,0.68749917,0.10618234
1,1,0.5380946,0.69024193,0.07618916
1,0,0.70670784,0.6050732,0.41341564
1,0,0.85338086,0.41679955,0.7067617
1,0,0.6781347,0.6282675,0.35626933
1,0,0.50995934,0.6929488,0.01991868
0,1,0.54188734,0.68963397,0.083774686
1,0,0.8976229,0.33027482,0.79524577
1,0,0.89159715,0.34316298,0.7831943
1,1,0.55917543,0.6861273,0.11835086
1,1,0.5106973,0.6929183,0.02139461
1,0,0.51184523,0.69286656,0.023690462
1,0,0.68172866,0.62555957,0.36345732
0,0,0.91553205,0.28954828,0.8310641
1,0,0.5184611,0.6924654,0.036922216
1,1,0.55495435,0.687095,0.1099087
0,1,0.5507473,0.6879877,0.10149455
0,1,0.54188204,0.68963486,0.083764076
0,0,0.8875113,0.35168707,0.7750226
1,0,0.53259236,0.69102114,0.06518471
1,0,0.8828809,0.36114538,0.76576185
0,0,0.6818352,0.6254784,0.36367035
0,1,0.5233052,0.69206053,0.046610355
1,1,0.559141,0.68613553,0.11828196
0,1,0.5961397,0.6745459,0.19227946
0,0,0.68185616,0.6254624,0.3637123
0,1,0.51082855,0.69291264,0.02165711
1,1,0.5633482,0.6850996,0.12669635
1,0,0.9224158,0.27282917,0.8448316
0,1,0.5488815,0.6883607,0.09776294
0,0,0.8760911,0.37464154,0.75218225
1,0,0.90518194,0.31354553,0.8103639
1,1,0.5633463,0.6851001,0.12669265
0,1,0.53208065,0.6910875,0.0641613
1,1,0.5635714,0.6850426,0.12714279
1,0,0.52459085,0.6919373,0.04918173
0,1,0.54653716,0.6888095,0.09307432
1,1,0.5507483,0.68798757,0.10149658
0,1,0.51082855,0.69291264,0.02165711
1,0,0.87234896,0.38189694,0.7446979
1,1,0.5549587,0.68709403,0.1099174
1,1,0.5184061,0.6924695,0.036812186
1,1,0.56148523,0.68556714,0.12297046
1,0,0.89232445,0.34162775,0.7846489
1,1,0.5319855,0.69109964,0.06397104
0,1,0.5475757,0.6886134,0.095151424
1,0,0.9020634,0.32052532,0.80412686
1,1,0.5617682,0.68549705,0.12353635
0,0,0.67606306,0.6298015,0.35212612
0,1,0.55914897,0.68613356,0.118297935
1,0,0.50807315,0.6930169,0.016146302
0,0,0.9186928,0.28195038,0.83738565
1,0,0.6740174,0.631297,0.3480349
1,0,0.8890103,0.34857953,0.7780206
0,1,0.55079764,0.6879775,0.10159528
1,0,0.50381935,0.69311804,0.0076387227
1,0,0.88936025,0.3478508,0.7787205
1,1,0.56147695,0.68556917,0.12295389
0,1,0.5263672,0.6917561,0.052734375
0,0,0.8498687,0.42293677,0.6997374
1,0,0.876699,0.37345085,0.75339794
1,1,0.5028027,0.6931315,0.005605459
1,0,0.8501294,0.42248452,0.70025885
0,1,0.554964,0.6870929,0.10992801
0,0,0.67814565,0.6282593,0.35629126
1,1,0.5818899,0.6796746,0.16377985
1,0,0.5156158,0.6926594,0.031231642
1,0,0.8803325,0.3662619,0.76066506
1,0,0.50381935,0.69311804,0.0076387227
1,0,0.88656324,0.3536409,0.7731265
1,0,0.6781431,0.6282612,0.35628617
1,0,0.8955096,0.33483878,0.7910192
0,0,0.5362429,0.6905178,0.072485805
1,0,0.88580203,0.3552032,0.77160406
0,1,0.5465419,0.6888086,0.09308386
0,1,0.53821015,0.6902243,0.07642031
0,1,0.5633361,0.6851027,0.12667215
1,0,0.5241111,0.69198406,0.048222184
0,0,0.68347627,0.6242213,0.36695254
1,0,0.53730464,0.6903613,0.07460925
1,0,0.6760677,0.62979805,0.35213542
0,0,0.67564046,0.630112,0.3512809
0,1,0.51597244,0.69263685,0.03194487
1,0,0.8740203,0.37867224,0.74804056
0,1,0.547041,0.6887149,0.094082
0,1,0.5549768,0.68709004,0.10995364
1,0,0.67813355,0.62826836,0.3562671
0,1,0.54927224,0.6882838,0.09854448
0,0,0.84520906,0.4309302,0.6904181
0,0,0.86675996,0.3924998,0.7335199
1,0,0.9311426,0.25067323,0.86228526
1,0,0.67814237,0.6282618,0.35628474
0,1,0.5549692,0.6870917,0.10993838
0,1,0.5614932,0.6855652,0.122986436
1,0,0.8795352,0.36785007,0.7590704
1,0,0.8884249,0.3497959,0.77684975
1,0,0.88596654,0.35486606,0.7719331
0,1,0.5549538,0.68709517,0.10990763
1,0,0.6781478,0.62825775,0.35629562
1,0,0.9107211,0.30086622,0.82144225
1,1,0.5634166,0.68508214,0.1268332
1,0,0.89100933,0.3443999,0.78201866
0,1,0.5055819,0.69308484,0.011163831
0,1,0.55079097,0.6879788,0.10158193
0,1,0.52400976,0.6919938,0.04801953
1,0,0.88053334,0.36586097,0.7610667
1,0,0.9100935,0.3023215,0.820187
1,1,0.50232166,0.6931364,0.004643321
0,1,0.56567925,0.68449473,0.1313585
0,1,0.5549568,0.68709445,0.10991359
1,0,0.89448047,0.33704406,0.78896093
1,0,0.50145173,0.693143,0.0029034615
0,0,0.8926793,0.34087676,0.78535855
1,1,0.55915314,0.68613255,0.11830628
1,0,0.88748264,0.35174635,0.7749653
1,0,0.89323103,0.33970627,0.78646207
1,0,0.8838719,0.35913885,0.7677438
1,0,0.89046204,0.34554824,0.7809241
1,0,0.8773069,0.37225673,0.75461376
1,0,0.91937613,0.28029037,0.83875227
1,0,0.8723489,0.38189703,0.7446978
0,1,0.5530941,0.68749857,0.10618818
1,0,0.909474,0.30375308,0.81894803
0,1,0.550749,0.6879873,0.10149801
1,0,0.8955096,0.33483878,0.7910192
1,0,0.89358336,0.33895728,0.7871667
1,0,0.8826972,0.3615163,0.76539445
0,1,0.5362168,0.6905216,0.07243359
1,0,0.88826346,0.35013062,0.7765269
1,0,0.88732004,0.35208204,0.7746401
0,1,0.53531796,0.69065034,0.070635915
1,0,0.9281722,0.25834152,0.85634434
0,0,0.5060357,0.69307435,0.012071401
1,0,0.9123913,0.29696998,0.8247826
0,1,0.5404489,0.68987143,0.08089781
1,0,0.8813267,0.36427334,0.76265335
0,0,0.6714835,0.63312304,0.34296706
0,0,0.5858079,0.67834806,0.17161584
0,0,0.87832206,0.37025487,0.7566441
1,0,0.88732004,0.35208204,0.7746401
0,0,0.68918097,0.61975443,0.3783619
1,0,0.50995934,0.6929488,0.01991868
0,0,0.67935836,0.6273521,0.3587167
0,1,0.54232043,0.6895609,0.08464086
1,0,0.88406926,0.35873806,0.7681385
1,0,0.889564,0.347426,0.77912796
0,1,0.559641,0.6860161,0.11928201
0,1,0.553602,0.68738973,0.10720396
0,0,0.8760911,0.37464154,0.75218225
0,1,0.55496454,0.6870927,0.109929085
0,0,0.68918407,0.61975193,0.3783681
0,1,0.56333286,0.68510354,0.12666571
0,0,0.6756414,0.6301113,0.3512828
0,0,0.8893733,0.34782356,0.7787466
1,0,0.5123259,0.6928433,0.024651736
0,1,0.5685761,0.6837121,0.1371522
1,1,0.51925045,0.6924058,0.038500905
0,1,0.5470177,0.6887193,0.09403539
1,0,0.88365906,0.35957062,0.7673181
1,1,0.55495244,0.6870954,0.109904885
1,0,0.5071118,0.69304603,0.014223605
1,0,0.50995934,0.6929488,0.01991868
0,1,0.5178752,0.692508,0.03575039
0,0,0.87423193,0.378262,0.74846387
1,1,0.56335527,0.6850978,0.12671053
0,1,0.56432164,0.6848496,0.12864327
1,0,0.8902742,0.3459416,0.78054845
0,0,0.8821136,0.36269253,0.76422715
1,0,0.87423146,0.378263,0.7484629
0,1,0.5531065,0.68749595,0.10621297
1,1,0.5488844,0.6883602,0.09776878
1,0,0.53259236,0.69102114,0.06518471
1,0,0.8723477,0.38189933,0.7446954
1,0,0.9005497,0.32387346,0.8010994
1,0,0.8902742,0.3459416,0.78054845
1,0,0.67813456,0.6282676,0.35626915
1,0,0.8944806,0.3370438,0.7889612
1,0,0.89265096,0.34093672,0.7853019
1,0,0.8740203,0.37867224,0.74804056
1,1,0.55309886,0.68749756,0.106197715
0,1,0.5409393,0.6897914,0.08187854
1,0,0.87234885,0.38189715,0.7446977
1,0,0.67813087,0.6282703,0.35626173
0,1,0.5572994,0.6865663,0.11459875
1,1,0.5591472,0.686134,0.11829436
1,0,0.85008824,0.42255598,0.7001765
0,1,0.5488898,0.6883591,0.09777963
1,0,0.8826972,0.3615163,0.76539445
0,1,0.55358225,0.687394,0.1071645
0,1,0.5206714,0.69229233,0.041342854
1,0,0.9175365,0.28474528,0.835073
1,0,0.50145173,0.693143,0.0029034615
1,1,0.55310225,0.6874968,0.10620451
1,0,0.909474,0.30375308,0.81894803
1,0,0.8748489,0.3770641,0.7496978
1,0,0.8813112,0.36430442,0.76262236
0,1,0.5531127,0.68749464,0.10622537
1,0,0.92281723,0.27183422,0.84563446
1,0,0.8910237,0.3443697,0.7820474
0,0,0.8767002,0.37344843,0.75340044
0,1,0.5465856,0.68880045,0.09317124
0,0,0.8735954,0.37949437,0.74719083
1,0,0.50381935,0.69311804,0.0076387227
1,0,0.8960761,0.33362016,0.79215217
1,1,0.5615096,0.6855611,0.12301922
0,0,0.88675654,0.35324332,0.7735131
1,0,0.8854123,0.3560009,0.77082455
0,1,0.53622,0.6905211,0.07244003
1,0,0.889564,0.347426,0.77912796
0,1,0.54048157,0.68986607,0.080963135
1,1,0.5371685,0.69038165,0.074337006
1,0,0.67810535,0.62828934,0.35621074
1,0,0.67808115,0.62830734,0.3561623
0,1,0.5554386,0.68698764,0.110877156
1,0,0.88596654,0.35486606,0.7719331
0,1,0.55496544,0.68709254,0.10993087
0,0,0.64982474,0.64755505,0.2996495
1,0,0.90368545,0.31690896,0.8073709
1,0,0.50381935,0.69311804,0.0076387227
1,0,0.9080631,0.30699632,0.8161262
0,0,0.8723489,0.38189703,0.7446978
1,0,0.6739916,0.6313157,0.34798324
1,1,0.56336457,0.6850954,0.12672913
1,0,0.89232445,0.34162775,0.7846489
1,0,0.9018671,0.32096106,0.8037342
1,1,0.54888666,0.68835974,0.09777331
1,1,0.50232166,0.6931364,0.004643321
0,1,0.5465381,0.68880934,0.09307623
0,1,0.5400311,0.6899388,0.08006215
1,1,0.54653454,0.68881,0.09306908
1,1,0.53434026,0.69078684,0.068680525
0,1,0.55495846,0.6870941,0.109916925
1,1,0.5569385,0.6866491,0.11387706
0,0,0.87953484,0.3678508,0.7590697
1,0,0.87234855,0.38189772,0.7446971
1,1,0.5089429,0.6929872,0.017885804
1,0,0.88656324,0.3536409,0.7731265
1,0,0.8813267,0.36427334,0.76265335
1,0,0.53730464,0.6903613,0.07460925
1,0,0.68538415,0.6227442,0.37076828
0,1,0.5596447,0.68601525,0.1192894
1,1,0.554955,0.6870949,0.10991001
1,1,0.5633613,0.68509626,0.12672257
1,0,0.67813027,0.62827075,0.35626054
1,1,0.5572929,0.6865678,0.11458576
1,0,0.8902887,0.34591126,0.7805774
1,0,0.8976229,0.33027482,0.79524577
0,0,0.8476713,0.42672735,0.69534254
0,1,0.5488864,0.68835974,0.09777284
0,1,0.5512315,0.6878886,0.10246301
1,0,0.90386564,0.31650534,0.8077313
0,1,0.56197256,0.68544614,0.12394512
1,1,0.56335074,0.6850989,0.12670147
1,0,0.91490126,0.291049,0.8298025
0,0,0.6789391,0.62766653,0.35787824
1,0,0.6781355,0.6282669,0.35627106
1,1,0.56333715,0.68510234,0.1266743
0,0,0.87953526,0.36784995,0.7590705
0,1,0.5591597,0.686131,0.11831939
0,0,0.67978925,0.6270282,0.3595785
1,0,0.87234885,0.38189715,0.7446977
1,0,0.8886301,0.34936988,0.7772602
1,0,0.9080631,0.30699632,0.8161262
0,1,0.54705304,0.6887126,0.09410608
0,1,0.559152,0.6861329,0.118304014
0,0,0.87129176,0.3839237,0.7425835
1,0,0.9263759,0.26291397,0.85275185
0,0,0.87022465,0.38595942,0.7404493
1,0,0.5156158,0.6926594,0.031231642
0,1,0.56388825,0.6849614,0.1277765
1,0,0.51373065,0.6927701,0.02746132
1,1,0.55309343,0.68749875,0.10618687
1,0,0.6781255,0.6282743,0.35625097
0,1,0.5465342,0.68881,0.09306836
1,1,0.56337667,0.68509233,0.12675333
0,0,0.8488875,0.42463398,0.697775
1,0,0.8773069,0.37225673,0.75461376
1,1,0.55496407,0.6870929,0.10992813
0,1,0.51082855,0.69291264,0.02165711
0,1,0.54520077,0.6890554,0.09040153
1,0,0.88898104,0.3486404,0.7779621
1,1,0.53621376,0.690522,0.07242751
1,0,0.87234783,0.38189906,0.74469566
1,0,0.8906784,0.34509462,0.7813568
0,1,0.54887635,0.68836176,0.09775269
1,1,0.56566095,0.6844995,0.1313219
1,1,0.51083004,0.6929126,0.02166009
1,1,0.55309314,0.6874988,0.10618627
0,1,0.56568754,0.68449247,0.13137507
1,0,0.676065,0.6298001,0.35213006
0,1,0.5489218,0.6883528,0.09784365
1,0,0.9066074,0.31031764,0.8132148
1,1,0.56799805,0.683871,0.1359961
0,0,0.8899413,0.34663808,0.77988255
1,0,0.89917624,0.32688922,0.7983525
0,1,0.54656667,0.68880403,0.09313333
0,1,0.5055819,0.69308484,0.011163831
0,1,0.5503234,0.68807375,0.10064685
0,1,0.5216598,0.69220865,0.043319583
1,0,0.52222836,0.6921587,0.04445675
1,0,0.8742293,0.3782671,0.7484586
1,0,0.8723489,0.38189703,0.7446978
1,0,0.88882035,0.34897456,0.7776407
0,0,0.6855236,0.62263554,0.3710473
1,0,0.88732004,0.35208204,0.7746401
1,0,0.8906784,0.34509462,0.7813568
1,0,0.89831436,0.32877097,0.7966287
1,1,0.56333673,0.6851025,0.12667346
1,1,0.5046893,0.6931032,0.009378552
0,1,0.5465332,0.6888102,0.093066454
0,1,0.5633509,0.6850989,0.12670183
0,1,0.5577861,0.68645376,0.115572214
1,1,0.51082873,0.69291264,0.021657467
0,0,0.87402016,0.37867245,0.7480403
0,1,0.53810704,0.6902401,0.076214075
0,0,0.88053495,0.36585778,0.7610699
0,0,0.8513012,0.42044538,0.7026024
0,0,0.8750593,0.37665474,0.7501186
0,0,0.5067425,0.6930562,0.013484985
0,1,0.5809935,0.6799693,0.16198695
1,0,0.9010257,0.3228234,0.8020514
0,0,0.87792677,0.37103552,0.75585353
0,1,0.5301042,0.69133353,0.06020844
1,1,0.54702145,0.6887186,0.0940429
1,0,0.88653344,0.35370225,0.7730669
0,1,0.54888284,0.68836045,0.097765684
1,0,0.8974596,0.33062917,0.79491925
1,1,0.5593174,0.68609345,0.11863482
1,0,0.8962413,0.33326408,0.7924826
0,1,0.5488972,0.68835765,0.09779441
0,1,0.549877,0.6881635,0.099753976
1,1,0.50887626,0.6929896,0.017752528
1,0,0.67813516,0.62826717,0.3562703
0,1,0.5104036,0.6929307,0.020807147
1,0,0.6781323,0.6282693,0.35626456
1,0,0.9128633,0.2958626,0.8257266
0,1,0.5961801,0.67453015,0.19236016
1,0,0.50618684,0.69307065,0.012373656
0,1,0.51082855,0.69291264,0.02165711
1,0,0.5146918,0.6927154,0.02938366
0,1,0.563349,0.68509936,0.12669802
0,0,0.89376634,0.33856767,0.7875327
1,1,0.5028027,0.6931315,0.005605459
1,1,0.56336343,0.68509567,0.12672687
0,1,0.5521949,0.68768865,0.10438979
0,1,0.5446725,0.6891506,0.08934498
1,1,0.5633687,0.68509436,0.12673736
0,1,0.5554396,0.6869874,0.11087918
1,1,0.5633445,0.68510056,0.12668896
1,0,0.6779944,0.62837195,0.35598874
0,0,0.87588096,0.37505233,0.7517619
1,0,0.8838719,0.35913885,0.7677438
1,1,0.50657576,0.6930607,0.013151526
0,1,0.53582025,0.6905788,0.07164049
1,1,0.55915236,0.6861328,0.11830473
1,0,0.90584034,0.31205752,0.8116807
1,0,0.85078937,0.42133737,0.70157874
1,0,0.8731861,0.38028485,0.7463722
0,1,0.56431067,0.6848525,0.12862134
1,1,0.563354,0.6850981,0.12670803
1,0,0.87234885,0.38189715,0.7446977
0,1,0.5362145,0.6905219,0.07242894
1,0,0.9224158,0.27282917,0.8448316
1,1,0.5362179,0.69052136,0.072435856
1,1,0.5591636,0.6861301,0.11832714
1,0,0.8750563,0.3766605,0.75011265
0,1,0.55915767,0.6861315,0.11831534
1,1,0.50091594,0.6931455,0.0018318892
1,0,0.67813647,0.6282662,0.3562729
0,1,0.51082855,0.69291264,0.02165711
1,1,0.56567705,0.6844952,0.1313541
0,1,0.56333554,0.6851028,0.12667108
0,1,0.56332064,0.68510664,0.12664127
1,1,0.5088657,0.69299,0.017731428
0,1,0.53812385,0.6902375,0.07624769
1,0,0.9113441,0.29941696,0.8226882
1,0,0.89119595,0.34400758,0.7823919
1,0,0.91315717,0.29517177,0.82631433
1,1,0.5595276,0.68604326,0.11905515
1,0,0.50381935,0.69311804,0.0076387227
1,0,0.8976229,0.33027482,0.79524577
1,1,0.56335795,0.6850971,0.1267159
1,0,0.9207691,0.276887,0.8415382
0,1,0.58789384,0.67761594,0.17578769
0,0,0.87402016,0.37867245,0.7480403
1,1,0.5028027,0.6931315,0.005605459
1,0,0.8928635,0.34048626,0.785727
0,0,0.67606235,0.629802,0.3521247
0,1,0.5465389,0.68880916,0.09307778
1,0,0.9053724,0.3131157,0.81074476
1,1,0.565669,0.68449736,0.131338
0,1,0.5046576,0.6931038,0.009315252
1,0,0.8779253,0.37103847,0.75585055
0,1,0.56335413,0.68509805,0.12670827
0,0,0.88329357,0.36031103,0.76658714
0,1,0.55218863,0.68768996,0.10437727
1,0,0.8513266,0.42040104,0.70265317
1,0,0.53730464,0.6903613,0.07460925
0,1,0.5633465,0.6851,0.12669301
1,0,0.67604643,0.6298137,0.35209286
0,1,0.5952235,0.6749009,0.19044697
1,0,0.90368545,0.31690896,0.8073709
1,0,0.85133064,0.420394,0.7026613
0,1,0.5074621,0.69303584,0.014924169
1,0,0.851344,0.4203707,0.702688
1,1,0.5488872,0.6883596,0.09777439
0,1,0.50463843,0.69310415,0.009276867
0,0,0.8803325,0.36626193,0.76066506
0,0,0.87423193,0.37826207,0.74846387
0,1,0.5512464,0.6878855,0.10249281
0,1,0.5446683,0.68915135,0.08933663
1,0,0.88289624,0.36111438,0.7657925
1,0,0.53259236,0.69102114,0.06518471
1,0,0.50947857,0.6929675,0.018957138
0,1,0.54936624,0.6882652,0.09873247
0,1,0.5512333,0.68788826,0.10246658
1,0,0.8899414,0.34663782,0.7798828
1,1,0.51075226,0.692916,0.021504521
1,0,0.67815304,0.6282538,0.35630608
1,1,0.56567925,0.68449473,0.1313585
1,0,0.6781347,0.6282675,0.3562694
0,0,0.52144647,0.692227,0.042892933
1,1,0.5634189,0.68508154,0.12683785
0,0,0.8813288,0.36426902,0.76265764
0,0,0.67814934,0.62825656,0.35629869
0,0,0.68918693,0.61974967,0.3783739
0,1,0.5577839,0.6864543,0.1155678
1,0,0.8960484,0.33367968,0.79209685
0,1,0.5535726,0.6873961,0.10714519
0,1,0.53434265,0.6907865,0.06868529
0,0,0.66981184,0.6343118,0.33962372
1,1,0.55730116,0.6865659,0.11460233
1,1,0.5591566,0.6861318,0.11831319
1,0,0.89250916,0.34123695,0.7850183
1,0,0.912248,0.29730564,0.82449603
0,1,0.54888934,0.6883592,0.09777868
0,1,0.5633346,0.68510306,0.12666917
1,0,0.87234885,0.38189715,0.7446977
1,0,0.53259236,0.69102114,0.06518471
1,0,0.6781361,0.62826645,0.35627222
0,0,0.874638,0.37747392,0.74927604
1,0,0.87608975,0.3746442,0.7521795
0,1,0.54702365,0.6887182,0.09404731
0,1,0.5409267,0.6897934,0.08185339
0,1,0.54044527,0.689872,0.08089054
0,1,0.56334454,0.68510056,0.12668908
0,0,0.88191295,0.36309615,0.7638259
1,0,0.90355664,0.31719723,0.8071133
0,1,0.5415402,0.689692,0.08308041
0,0,0.67813194,0.62826955,0.3562639
1,0,0.89283514,0.3405464,0.7856703
0,1,0.5616384,0.68552923,0.12327683
1,1,0.5465371,0.6888095,0.0930742
0,1,0.56566405,0.68449867,0.1313281
1,0,0.50145173,0.693143,0.0029034615
1,0,0.68183815,0.6254761,0.36367634
0,0,0.69079137,0.618466,0.3815827
1,1,0.53197896,0.6911005,0.06395793
1,0,0.67607474,0.6297929,0.35214952
1,0,0.6781415,0.62826246,0.35628292
1,0,0.87234885,0.38189715,0.7446977
0,0,0.6481056,0.6486114,0.29621127
1,1,0.56337047,0.6850939,0.12674093
0,1,0.5530959,0.6874982,0.106191754
1,0,0.88748264,0.35174635,0.7749653
0,1,0.5082622,0.6930107,0.016524434
1,0,0.5160963,0.6926289,0.032192588
1,0,0.9060043,0.3116862,0.8120086
0,0,0.87423193,0.378262,0.74846387
0,0,0.87402016,0.37867245,0.7480403
0,1,0.55495363,0.68709517,0.10990727
0,1,0.54654104,0.6888088,0.09308207
1,0,0.87234586,0.3819029,0.7446917
1,0,0.9267585,0.261944,0.85351706
0,1,0.56334555,0.6851003,0.1266911
1,0,0.8787333,0.36944127,0.75746655
1,0,0.6781305,0.6282706,0.35626104
0,0,0.6871493,0.6213626,0.37429857
0,1,0.55075014,0.6879872,0.10150027
1,1,0.5184061,0.6924695,0.036812186
1,0,0.8815258,0.36387384,0.7630516
0,1,0.55542356,0.686991,0.110847116
1,0,0.68673444,0.6216886,0.37346885
1,0,0.91100943,0.30019614,0.82201886
0,1,0.51082855,0.69291264,0.02165711
0,1,0.56335616,0.6850976,0.12671232
0,0,0.90241593,0.31974193,0.80483186
1,0,0.88560724,0.355602,0.7712145
1,0,0.89606225,0.33364993,0.7921245
0,1,0.56664616,0.68423724,0.13329232
0,1,0.53604335,0.69054663,0.07208669
0,1,0.55309606,0.6874981,0.10619211
1,1,0.5633694,0.68509424,0.12673879
0,0,0.87129045,0.38392627,0.7425809
0,0,0.88483995,0.35716954,0.7696799
0,1,0.5047097,0.69310284,0.009419441
1,1,0.5409202,0.68979454,0.081840396
1,0,0.83771133,0.4434456,0.67542267
1,0,0.90035063,0.32431185,0.80070126
0,1,0.52021617,0.6923296,0.040432334
0,1,0.5430946,0.6894283,0.08618915
1,0,0.50995934,0.6929488,0.01991868
1,1,0.5446672,0.6891515,0.08933437
1,0,0.9010257,0.3228234,0.8020514
1,0,0.9245695,0.26746473,0.849139
0,1,0.559133,0.6861374,0.11826599
0,0,0.8513013,0.42044517,0.7026026
1,0,0.89265096,0.34093672,0.7853019
1,1,0.55075645,0.68798584,0.10151291
0,0,0.88053495,0.36585778,0.7610699
1,0,0.87423193,0.3782621,0.74846387
1,1,0.56334734,0.68509984,0.12669468
1,0,0.88656324,0.3536409,0.7731265
0,1,0.55367327,0.6873744,0.107346535
1,0,0.5457546,0.68895435,0.09150922
0,1,0.52022696,0.6923287,0.04045391
0,1,0.5591536,0.68613243,0.11830723
0,0,0.68347555,0.6242218,0.3669511
1,0,0.52459085,0.6919373,0.04918173
0,1,0.52280366,0.69210684,0.04560733
1,1,0.56333166,0.68510383,0.12666333
1,0,0.8513123,0.420426,0.70262456
0,1,0.55074334,0.6879885,0.10148668
0,1,0.5535804,0.6873944,0.10716081
1,0,0.90241593,0.31974196,0.80483186
0,0,0.8742307,0.37826446,0.74846137
0,0,0.87609106,0.3746416,0.7521821
0,0,0.8731699,0.38031608,0.7463398
0,0,0.6762407,0.62967074,0.3524814
1,0,0.88051945,0.36588874,0.7610389
1,0,0.67606485,0.6298002,0.35212973
1,0,0.8990151,0.32724154,0.79803026
1,1,0.5046893,0.6931032,0.009378552
1,1,0.5633585,0.685097,0.12671697
0,1,0.54888886,0.68835926,0.097777724
0,1,0.55495375,0.68709517,0.10990751
0,0,0.87973887,0.36744493,0.75947773
1,0,0.897976,0.3295076,0.79595196
0,1,0.54467016,0.68915105,0.08934033
0,1,0.5952235,0.6749009,0.19044697
1,0,0.8983008,0.32880047,0.79660165
1,0,0.8838719,0.35913885,0.7677438
1,1,0.56334865,0.6850995,0.1266973
1,1,0.56334627,0.6851001,0.12669253
0,0,0.91654515,0.2871273,0.8330903
0,1,0.51082855,0.69291264,0.02165711
1,0,0.87234885,0.38189715,0.7446977
1,0,0.8902742,0.3459416,0.78054845
1,1,0.50705665,0.6930476,0.014113307
0,1,0.55075157,0.68798685,0.101503134
0,1,0.5614916,0.6855656,0.12298322
1,0,0.89323103,0.33970627,0.78646207
0,1,0.5535709,0.68739647,0.10714185
0,1,0.5507523,0.68798673,0.101504564
1,0,0.8908368,0.3447623,0.78167355
1,0,0.85129184,0.42046168,0.7025837
1,0,0.889564,0.347426,0.77912796
0,1,0.5489415,0.68834895,0.097882986
0,1,0.55915236,0.6861328,0.11830473
0,1,0.55079955,0.6879771,0.1015991
0,0,0.8758816,0.37505108,0.7517632
1,1,0.5530952,0.68749833,0.10619044
0,1,0.5508097,0.687975,0.10161936
0,1,0.55963236,0.6860182,0.11926472
1,0,0.8955096,0.33483878,0.7910192
1,0,0.8756729,0.37545872,0.75134575
1,0,0.92007536,0.27858526,0.8401507
1,1,0.5573203,0.68656147,0.11464059
1,0,0.52787435,0.6915924,0.05574867
1,1,0.5591607,0.68613076,0.11832142
0,1,0.55502087,0.6870803,0.11004174
1,0,0.8890103,0.34857953,0.7780206
0,0,0.87234825,0.38189828,0.7446965
0,0,0.87191975,0.382721,0.7438395
0,1,0.5404497,0.68987125,0.08089936
0,0,0.6718999,0.632825,0.34379983
0,0,0.84644437,0.4288274,0.69288874
0,1,0.5512286,0.6878892,0.102457166
0,1,0.5572972,0.6865668,0.11459446
0,1,0.5591948,0.68612266,0.11838961
0,0,0.8756728,0.37545887,0.75134563
1,1,0.5028027,0.6931315,0.005605459
0,1,0.5254267,0.6918536,0.05085337
1,0,0.8513424,0.4203735,0.70268476
0,1,0.56350225,0.68506026,0.1270045
1,0,0.50145173,0.693143,0.0029034615
0,1,0.5074858,0.6930351,0.014971614
1,0,0.8826972,0.3615163,0.76539445
1,0,0.90355664,0.31719723,0.8071133
1,0,0.67813873,0.6282645,0.35627747
1,0,0.6781423,0.6282618,0.35628462
1,0,0.8944806,0.3370438,0.7889612
1,0,0.9224158,0.27282917,0.8448316
1,0,0.897105,0.3313978,0.79420996
0,1,0.5376563,0.69030845,0.075312614
0,1,0.5493891,0.6882606,0.09877825
0,1,0.5428409,0.68947196,0.085681796
1,0,0.87423193,0.3782621,0.74846387
0,1,0.5474969,0.68862844,0.09499383
1,0,0.91490126,0.291049,0.8298025
1,0,0.8501419,0.42246288,0.70028377
1,0,0.6781367,0.628266,0.35627338
1,0,0.9077538,0.30770406,0.81550765
1,0,0.5123259,0.6928433,0.024651736
0,1,0.53197694,0.6911007,0.06395388
0,1,0.52962166,0.6913912,0.05924332
1,0,0.91254497,0.29660982,0.82508993
1,0,0.8838719,0.35913885,0.7677438
1,0,0.52883315,0.6914835,0.057666272
0,1,0.5507499,0.6879872,0.101499796
0,1,0.55915785,0.6861315,0.1183157
1,0,0.67813456,0.6282676,0.35626912
0,1,0.55123883,0.68788713,0.10247767
1,0,0.91494745,0.29093927,0.8298949
1,0,0.54762495,0.688604,0.09524989
1,0,0.87234885,0.38189715,0.7446977
1,1,0.5549564,0.68709457,0.10991275
0,1,0.51082855,0.69291264,0.02165711
1,0,0.8944526,0.33710366,0.78890514
1,0,0.6781333,0.62826854,0.35626662
0,0,0.68552244,0.6226365,0.3710449
1,1,0.5046893,0.6931032,0.009378552
1,1,0.55916077,0.68613076,0.11832154
0,1,0.52586436,0.69180864,0.051728725
0,1,0.5591406,0.68613553,0.118281245
1,1,0.56334573,0.6851002,0.12669146
0,1,0.5277412,0.69160724,0.055482388
0,1,0.55358326,0.6873938,0.10716653
1,0,0.5019327,0.6931397,0.0038653612
1,0,0.92740875,0.26029065,0.8548175
0,0,0.69039214,0.6187866,0.38078424
1,1,0.5044128,0.69310826,0.008825541
0,0,0.67813176,0.6282697,0.35626352
0,1,0.5512337,0.6878882,0.10246742
0,1,0.55321217,0.6874734,0.10642433
0,1,0.56434,0.6848449,0.12867999
0,1,0.5235024,0.692042,0.04700482
1,0,0.87792677,0.37103552,0.75585353
1,0,0.8723489,0.38189697,0.7446978
0,1,0.5508365,0.68796957,0.10167301
1,0,0.67813706,0.62826574,0.35627416
1,0,0.8899414,0.34663782,0.7798828
1,0,0.53730464,0.6903613,0.07460925
0,1,0.5517105,0.6877897,0.10342097
0,0,0.8488907,0.42462844,0.69778144
0,0,0.8731868,0.38028347,0.74637365
0,0,0.8738082,0.3790828,0.7476164
1,1,0.563338,0.68510216,0.12667596
1,1,0.54654,0.6888089,0.093080044
1,0,0.90089375,0.32311472,0.8017875
1,0,0.5241111,0.69198406,0.048222184
0,0,0.6834719,0.62422466,0.3669438
1,0,0.8875122,0.35168526,0.7750244
1,0,0.5184611,0.6924654,0.036922216
1,0,0.9157957,0.28891957,0.83159137
1,0,0.88729036,0.3521433,0.7745807
1,1,0.5591552,0.6861321,0.11831045
1,0,0.6760729,0.62979424,0.3521458
1,1,0.5423173,0.68956137,0.08463454
1,0,0.87234837,0.38189808,0.74469674
1,1,0.5089429,0.6929872,0.017885804
0,1,0.5051337,0.6930945,0.010267377
1,1,0.5633686,0.68509436,0.12673724
1,0,0.90918124,0.30442807,0.8183625
1,1,0.56149006,0.68556595,0.12298012
1,0,0.90851915,0.30595064,0.8170383
0,1,0.54655206,0.6888067,0.093104124
0,1,0.5504103,0.6880561,0.10082054
1,1,0.5656793,0.6844947,0.13135862
1,1,0.56334865,0.6850995,0.1266973
1,0,0.88656324,0.3536409,0.7731265
1,0,0.91160744,0.29880297,0.8232149
0,0,0.66983503,0.6342954,0.33967006
0,1,0.5530884,0.68749976,0.10617685
0,0,0.866982,0.39208385,0.73396397
0,0,0.87792665,0.37103575,0.7558533
0,1,0.5452454,0.6890473,0.09049082
1,0,0.50618684,0.69307065,0.012373656
0,1,0.54238784,0.68954945,0.084775686
1,1,0.56335455,0.68509793,0.1267091
1,0,0.8848405,0.35716844,0.769681
1,0,0.8976229,0.33027482,0.79524577
1,0,0.88934565,0.34788123,0.7786913
1,0,0.52883315,0.6914835,0.057666272
0,1,0.5633264,0.6851051,0.12665284
1,0,0.850978,0.42100888,0.70195603
0,1,0.53621614,0.69052166,0.07243228
1,0,0.9020634,0.32052532,0.80412686
1,0,0.5293125,0.6914277,0.058624983
1,0,0.8899414,0.34663782,0.7798828
1,0,0.874231,0.37826395,0.74846196
1,1,0.500435,0.69314677,0.0008699894
0,0,0.87402016,0.37867245,0.7480403
1,0,0.9107211,0.30086622,0.82144225
1,0,0.6761233,0.62975717,0.35224664
1,0,0.90518194,0.31354553,0.8103639
1,1,0.563346,0.68510014,0.12669206
1,0,0.5420102,0.68961334,0.08402035
0,1,0.5306363,0.6912688,0.06127262
1,1,0.55915856,0.6861313,0.11831713
1,1,0.56350946,0.6850585,0.12701893
0,0,0.6855223,0.62263656,0.37104467
1,1,0.5488854,0.68836,0.09777081
1,0,0.5104401,0.69292915,0.020880252
1,0,0.8513069,0.42043543,0.70261383
0,0,0.66136986,0.64012265,0.32273972
1,0,0.87234867,0.38189745,0.74469733
1,0,0.9077538,0.30770406,0.81550765
1,0,0.8948013,0.33635777,0.78960264
1,0,0.88672674,0.3533046,0.7734535
1,1,0.500435,0.69314677,0.0008699894
1,0,0.50381935,0.69311804,0.0076387227
0,1,0.534839,0.6907177,0.06967795
0,1,0.5591618,0.6861305,0.118323565
0,0,0.6851124,0.6229557,0.37022483
1,0,0.5160963,0.6926289,0.032192588
1,0,0.67813325,0.6282686,0.35626653
1,0,0.52082515,0.6922796,0.041650325
1,0,0.6818377,0.6254765,0.36367536
1,1,0.55081207,0.6879745,0.10162413
0,1,0.5535716,0.6873963,0.10714316
1,0,0.8760911,0.37464145,0.75218225
1,1,0.5591686,0.6861289,0.118337154
1,0,0.889564,0.347426,0.77912796
0,1,0.51082855,0.69291264,0.02165711
1,0,0.90932775,0.30409044,0.8186555
0,1,0.55309194,0.68749905,0.10618389
0,1,0.53675604,0.6904427,0.07351208
1,0,0.9080631,0.30699632,0.8161262
0,0,0.89537066,0.33513722,0.7907413
1,1,0.56334937,0.68509924,0.12669873
0,1,0.5554722,0.6869801,0.11094439
0,1,0.5366979,0.69045126,0.07339585
0,1,0.5363185,0.6905068,0.07263696
0,1,0.5446667,0.68915164,0.089333415
1,1,0.5633613,0.68509626,0.12672257
0,0,0.6609456,0.64040625,0.3218912
0,1,0.5601533,0.6858928,0.12030661
1,0,0.8976229,0.33027482,0.79524577
1,0,0.8880724,0.35052657,0.77614474
1,0,0.5336308,0.6908834,0.06726158
1,0,0.50381935,0.69311804,0.0076387227
1,0,0.8969136,0.33181205,0.7938272
0,0,0.87484837,0.37706515,0.74969673
1,0,0.91181004,0.2983299,0.8236201
0,1,0.55054146,0.6880295,0.10108292
0,1,0.55172837,0.6877859,0.103456736
0,1,0.5726605,0.6825506,0.14532101
1,1,0.5633577,0.6850972,0.12671542
1,0,0.89159715,0.34316298,0.7831943
0,0,0.8777218,0.37143975,0.7554436
0,1,0.5475939,0.68860996,0.09518778
1,1,0.50705665,0.6930476,0.014113307
0,0,0.68347585,0.6242216,0.36695173
1,0,0.8838719,0.35913885,0.7677438
1,0,0.6739875,0.6313187,0.34797505
0,1,0.5291889,0.69144225,0.058377743
1,0,0.8740203,0.37867224,0.74804056
0,0,0.6718991,0.63282555,0.34379816
0,1,0.5620282,0.6854323,0.12405646
1,0,0.8828809,0.36114538,0.76576185
0,0,0.69240355,0.617164,0.3848071
0,1,0.5573014,0.6865659,0.114602804
0,0,0.6818444,0.62547135,0.36368883
0,1,0.5408022,0.68981385,0.08160436
1,0,0.6818564,0.62546223,0.36371282
1,1,0.56356496,0.6850443,0.12712991
1,0,0.5330713,0.69095814,0.06614256
1,1,0.55917096,0.6861284,0.11834192
0,1,0.5376552,0.6903087,0.07531035
1,0,0.8803325,0.3662619,0.76066506
1,0,0.87423193,0.3782621,0.74846387
0,1,0.59610105,0.6745609,0.19220209
0,1,0.5428609,0.68946856,0.08572185
1,1,0.5633698,0.68509406,0.12673962
0,1,0.5620027,0.6854387,0.12400544
0,1,0.5549549,0.68709487,0.10990977
1,0,0.8773069,0.37225673,0.75461376
0,1,0.5549577,0.68709433,0.109915376
1,0,0.67813945,0.62826395,0.35627887
1,0,0.8850062,0.35683042,0.7700124
0,1,0.5409534,0.68978906,0.081906796
1,0,0.90597904,0.31174344,0.8119581
0,1,0.51082855,0.69291264,0.02165711
1,1,0.55728793,0.6865689,0.11457586
1,0,0.91523486,0.29025593,0.8304697
1,0,0.6592566,0.6415274,0.31851313
1,0,0.91361374,0.29409623,0.8272275
0,1,0.5549596,0.68709385,0.10991919
1,0,0.87129146,0.3839243,0.7425829
0,1,0.5362174,0.6905215,0.07243478
1,1,0.5656731,0.6844963,0.13134623
0,1,0.5573254,0.6865603,0.114650846
0,1,0.5301034,0.69133365,0.06020677
1,0,0.8723489,0.38189703,0.7446978
0,1,0.54654133,0.6888087,0.09308267
1,0,0.681844,0.6254717,0.36368796
1,1,0.56334674,0.68509996,0.12669349
0,1,0.55122536,0.68788993,0.10245073
1,0,0.9146476,0.2916511,0.82929516
1,0,0.91432345,0.2924191,0.8286469
1,0,0.87567294,0.37545863,0.7513459
0,1,0.5258428,0.6918109,0.05168557
0,1,0.5530976,0.68749785,0.10619521
1,0,0.92132866,0.2755123,0.8426573
0,1,0.55915546,0.6861321,0.11831093
0,0,0.653686,0.6451349,0.30737197
1,0,0.91315717,0.29517177,0.82631433
1,0,0.88617575,0.35443693,0.7723515
0,0,0.67398393,0.6313213,0.34796786
1,0,0.85016096,0.42242977,0.7003219
0,0,0.8884542,0.34973508,0.7769084
1,0,0.67814195,0.62826204,0.35628387
0,0,0.8729736,0.38069463,0.74594724
0,0,0.8731873,0.38028252,0.7463746
1,0,0.5420102,0.68961334,0.08402035
0,1,0.5554625,0.68698233,0.11092496
1,1,0.563356,0.6850976,0.12671196
0,0,0.681437,0.62578154,0.36287403
1,0,0.9267585,0.261944,0.85351706
1,0,0.67813414,0.6282679,0.3562683
1,0,0.6781354,0.62826693,0.3562708
1,0,0.87234855,0.38189772,0.7446971
0,1,0.5488763,0.68836176,0.09775257
0,1,0.550751,0.68798697,0.10150194
1,0,0.5184611,0.6924654,0.036922216
0,1,0.56335694,0.68509734,0.12671387
0,0,0.8842505,0.35836968,0.76850104
1,0,0.87318707,0.38028306,0.74637413
1,0,0.87423193,0.378262,0.74846387
1,0,0.50807315,0.6930169,0.016146302
0,0,0.8750584,0.37665644,0.7501168
0,0,0.6855205,0.622638,0.3710411
0,1,0.55915445,0.6861322,0.1183089
1,0,0.8803325,0.3662619,0.76066506
0,0,0.87402016,0.37867245,0.7480403
1,0,0.67813575,0.6282667,0.3562715
0,1,0.55495566,0.6870947,0.10991132
0,0,0.51567864,0.69265544,0.03135732
1,0,0.53259236,0.69102114,0.06518471
0,1,0.5367304,0.6904465,0.07346082
1,0,0.889564,0.347426,0.77912796
1,0,0.8748489,0.3770641,0.7496978
1,0,0.8962137,0.33332354,0.7924274
0,1,0.5684729,0.68374056,0.13694584
0,0,0.87129045,0.38392627,0.7425809
1,0,0.90665764,0.31020337,0.8133153
0,1,0.5385799,0.6901674,0.07715976
1,1,0.5507525,0.6879866,0.10150504
1,0,0.87129045,0.3839262,0.7425809
1,0,0.84276855,0.43505034,0.6855371
1,1,0.5619365,0.6854552,0.123872995
1,0,0.8760912,0.37464133,0.75218236
1,0,0.87588257,0.3750492,0.75176513
1,0,0.88596654,0.35486606,0.7719331
1,0,0.8928635,0.34048626,0.785727
1,0,0.6781372,0.6282656,0.35627437
1,1,0.5530956,0.6874982,0.10619116
1,0,0.8815276,0.3638703,0.7630552
0,1,0.55915385,0.6861324,0.11830771
1,1,0.50887626,0.6929896,0.017752528
1,0,0.8740203,0.37867224,0.74804056
1,0,0.50618684,0.69307065,0.012373656
1,0,0.50333846,0.6931249,0.0066768825
0,0,0.6760613,0.6298028,0.35212258
1,1,0.56568223,0.6844939,0.13136446
1,0,0.676074,0.6297934,0.3521481
1,0,0.50807315,0.6930169,0.016146302
1,0,0.8813267,0.36427334,0.76265335
1,0,0.51136446,0.69288886,0.02272889
1,0,0.87234885,0.38189715,0.7446977
1,0,0.91724485,0.28544736,0.8344897
0,1,0.51082855,0.69291264,0.02165711
0,0,0.6698072,0.6343151,0.33961442
0,1,0.5465359,0.68880975,0.09307182
1,1,0.5549637,0.68709296,0.109927416
1,0,0.67800164,0.6283666,0.3560033
0,0,0.6777131,0.6285813,0.3554262
0,0,0.65839386,0.6420951,0.3167877
1,1,0.5423164,0.68956155,0.084632754
0,0,0.6781594,0.62824905,0.35631883
0,1,0.5391317,0.6900815,0.0782634
0,1,0.5633592,0.68509674,0.1267184
0,1,0.51315415,0.69280106,0.026308298
1,0,0.50098217,0.6931453,0.0019643605
1,0,0.5071118,0.69304603,0.014223605
0,1,0.5549606,0.6870936,0.10992122
1,0,0.87234885,0.38189715,0.7446977
0,1,0.5952235,0.6749009,0.19044697
1,1,0.56335044,0.685099,0.12670088
1,0,0.87234885,0.38189715,0.7446977
1,1,0.56335014,0.6850991,0.12670028
1,0,0.90933996,0.30406222,0.8186799
0,0,0.8801296,0.36666673,0.76025915
0,0,0.67564213,0.63011074,0.35128424
1,0,0.50381935,0.69311804,0.0076387227
0,0,0.8723489,0.38189703,0.7446978
1,1,0.5101747,0.6929401,0.020349383
0,0,0.6781462,0.62825894,0.35629237
0,0,0.8760902,0.37464327,0.75218046
1,0,0.8813267,0.36427334,0.76265335
1,0,0.87234837,0.38189808,0.74469674
1,1,0.5028027,0.6931315,0.005605459
1,0,0.87234885,0.38189715,0.7446977
0,1,0.5343373,0.6907872,0.068674564
1,1,0.5572788,0.68657106,0.114557624
1,0,0.50807315,0.6930169,0.016146302
0,1,0.56333834,0.6851021,0.12667668
0,1,0.5591533,0.68613255,0.11830664
0,1,0.5591575,0.68613154,0.11831498
1,0,0.90486395,0.31426236,0.8097279
0,1,0.5591608,0.68613076,0.11832166
1,0,0.508248,0.69301116,0.016495943
0,1,0.5549611,0.6870935,0.10992217
1,0,0.89428484,0.33746198,0.7885697
1,0,0.5019327,0.6931397,0.0038653612
1,0,0.52222836,0.6921587,0.04445675
1,0,0.88672674,0.3533046,0.7734535
0,1,0.5633009,0.68511164,0.12660182
1,1,0.5592055,0.68612015,0.118410945
1,0,0.9048767,0.31423366,0.8097534
0,1,0.54888254,0.6883606,0.09776509
1,0,0.5160963,0.6926289,0.032192588
1,1,0.5338649,0.6908517,0.06772983
0,1,0.56382734,0.68497705,0.12765467
0,1,0.5549625,0.6870932,0.10992503
1,0,0.92388546,0.2691756,0.8477709
1,0,0.9122374,0.2973305,0.8244748
0,0,0.8712896,0.38392785,0.7425792
1,0,0.9096079,0.3034441,0.8192158
1,0,0.50807315,0.6930169,0.016146302
1,1,0.55510765,0.6870611,0.11021531
0,1,0.53342336,0.6909113,0.06684673
0,1,0.53953505,0.6900179,0.07907009
1,0,0.8944806,0.3370438,0.7889612
0,1,0.5465476,0.6888075,0.09309518
0,0,0.6718929,0.63283,0.34378576
1,0,0.88788104,0.35092276,0.7757621
0,1,0.55495715,0.6870944,0.1099143
1,0,0.90103894,0.32279417,0.8020779
1,0,0.9107211,0.30086622,0.82144225
1,0,0.8962137,0.33332354,0.7924274
0,0,0.68184566,0.6254704,0.36369133
1,0,0.8813267,0.36427334,0.76265335
0,1,0.5512307,0.68788874,0.10246146
1,0,0.88936025,0.3478508,0.7787205
1,0,0.91208327,0.2976912,0.82416654
0,1,0.5465355,0.6888098,0.093070984
0,0,0.8754632,0.37586784,0.7509264
1,0,0.8803325,0.3662619,0.76066506
1,0,0.87234885,0.38189715,0.7446977
1,1,0.5658122,0.6844595,0.13162434
0,0,0.8721343,0.38230923,0.74426866
1,0,0.8928635,0.34048626,0.785727
1,0,0.87234885,0.38189715,0.7446977
1,0,0.909169,0.30445623,0.81833804
0,1,0.5952235,0.6749009,0.19044697
1,1,0.56567407,0.68449605,0.13134813
1,0,0.8928635,0.34048626,0.785727
0,0,0.87588215,0.37505,0.7517643
1,0,0.9145088,0.29198003,0.82901764
0,1,0.5555058,0.6869726,0.111011624
1,0,0.8826972,0.3615163,0.76539445
0,1,0.5591579,0.6861315,0.118315816
1,0,0.8850354,0.35677075,0.7700708
1,0,0.88732004,0.35208204,0.7746401
1,0,0.88656324,0.3536409,0.7731265
1,0,0.9099359,0.3026861,0.8198718
0,1,0.5636575,0.68502057,0.12731504
0,1,0.5549485,0.6870963,0.10989702
1,0,0.6760818,0.6297877,0.35216358
0,0,0.8760911,0.37464154,0.75218225
0,1,0.52635735,0.6917571,0.052714705
0,1,0.5633451,0.6851004,0.12669015
0,1,0.56565195,0.6845019,0.1313039
1,0,0.6781421,0.62826204,0.35628414
0,1,0.60473037,0.671047,0.20946074
1,0,0.8962551,0.3332343,0.79251015
0,0,0.8501011,0.42253363,0.7002022
1,1,0.55915433,0.6861323,0.11830866
1,0,0.87234885,0.38189715,0.7446977
0,1,0.5465387,0.6888092,0.09307742
0,1,0.5385597,0.6901705,0.07711935
1,0,0.87423193,0.3782621,0.74846387
0,1,0.56333923,0.68510187,0.12667847
1,0,0.89169276,0.34296152,0.7833855
1,0,0.87973887,0.36744493,0.75947773
1,0,0.8948013,0.33635777,0.78960264
1,0,0.90355664,0.31719723,0.8071133
1,0,0.90257215,0.31939435,0.8051443
0,1,0.5301009,0.69133395,0.060201764
1,1,0.5633483,0.68509954,0.12669659
0,0,0.6818483,0.62546843,0.36369655
0,1,0.5591476,0.68613386,0.11829519
0,1,0.5633452,0.6851004,0.12669039
1,0,0.8902742,0.3459416,0.78054845
0,1,0.54895186,0.6883469,0.09790373
1,0,0.8850364,0.35676873,0.7700728
1,0,0.6781392,0.6282642,0.3562784
0,1,0.5507575,0.68798566,0.101515055
0,1,0.53809583,0.69024175,0.076191664
1,0,0.87234837,0.38189808,0.74469674
1,0,0.50381935,0.69311804,0.0076387227
0,1,0.5423189,0.6895611,0.08463776
0,1,0.55357665,0.6873952,0.1071533
1,1,0.56334126,0.6851014,0.12668252
0,1,0.56333876,0.685102,0.12667751
0,1,0.5531396,0.6874889,0.106279254
1,0,0.50381935,0.69311804,0.0076387227
1,0,0.8996715,0.32580417,0.799343
1,0,0.5462315,0.6888663,0.09246299
1,1,0.56333244,0.6851036,0.12666488
0,1,0.5470197,0.6887189,0.09403944
0,1,0.5465373,0.6888095,0.09307456
1,0,0.8777045,0.3714738,0.755409
1,1,0.56337225,0.68509346,0.12674451
0,0,0.88636905,0.35404003,0.7727381
0,0,0.8723489,0.38189703,0.7446978
0,0,0.6772919,0.62889385,0.35458386
0,1,0.5591604,0.6861309,0.11832082
0,0,0.6781393,0.62826407,0.35627863
0,0,0.87811875,0.37065658,0.7562375
0,1,0.561491,0.6855657,0.122982025
1,0,0.5499701,0.6881448,0.09994018
0,1,0.5425836,0.68951607,0.08516717
1,1,0.503751,0.69311905,0.00750196
0,1,0.53437495,0.69078207,0.068749905
0,1,0.5512662,0.68788147,0.10253239
1,1,0.55964386,0.6860154,0.11928773
0,1,0.5228849,0.69209933,0.04576981
1,0,0.90368545,0.31690896,0.8073709
1,1,0.50232166,0.6931364,0.004643321
1,1,0.5614958,0.6855645,0.12299156
1,0,0.8795352,0.36785007,0.7590704
1,0,0.8939487,0.33817923,0.78789735
0,1,0.5446725,0.6891506,0.08934498
1,0,0.50614977,0.69307154,0.012299538
0,1,0.56200695,0.6854376,0.1240139
1,0,0.851355,0.42035145,0.70271003
1,0,0.8803325,0.3662619,0.76066506
0,0,0.8742318,0.37826228,0.74846363
0,1,0.55734223,0.68655646,0.11468446
1,0,0.8867417,0.35327387,0.7734834
0,1,0.51127577,0.69289285,0.022551537
1,0,0.6760716,0.6297952,0.35214317
0,1,0.6033934,0.6716117,0.20678675
1,0,0.8910237,0.3443697,0.7820474
1,1,0.56568086,0.68449426,0.13136172
0,1,0.55729616,0.68656707,0.114592314
0,1,0.54514724,0.6890651,0.09029448
1,0,0.90368545,0.31690896,0.8073709
0,1,0.61063296,0.6684641,0.22126591
1,1,0.5633527,0.6850984,0.12670541
1,0,0.53682625,0.69043237,0.073652536
0,1,0.5624666,0.6853226,0.12493324
1,0,0.91224927,0.2973027,0.82449853
0,1,0.51977265,0.69236505,0.039545298
0,1,0.553105,0.68749624,0.10620999
1,0,0.9010257,0.3228234,0.8020514
0,1,0.5493792,0.6882626,0.09875846
0,1,0.5549541,0.68709505,0.10990822
1,0,0.90518194,0.31354553,0.8103639
1,1,0.5591512,0.686133,0.118302345
0,1,0.5656619,0.68449926,0.13132381
1,1,0.5633518,0.68509865,0.12670362
1,0,0.50381935,0.69311804,0.0076387227
1,0,0.6855228,0.6226362,0.37104556
1,0,0.87263846,0.38134012,0.7452769
0,0,0.8787333,0.36944127,0.75746655
1,0,0.5541783,0.68726504,0.108356595
0,1,0.5428422,0.6894717,0.08568442
1,0,0.53259236,0.69102114,0.06518471
0,1,0.5731428,0.6824089,0.14628565
1,0,0.6760956,0.62977755,0.35219118
0,1,0.5446759,0.68915,0.08935177
0,1,0.5549979,0.6870854,0.10999584
0,1,0.50894254,0.69298726,0.017885089
0,1,0.55543864,0.68698764,0.110877275
1,0,0.8974596,0.33062917,0.79491925
1,0,0.9074062,0.3084982,0.8148124
0,1,0.5447374,0.68913895,0.0894748
1,1,0.56337535,0.6850927,0.12675071
1,0,0.8850062,0.35683042,0.7700124
1,0,0.8731869,0.38028336,0.7463738
1,0,0.8803325,0.3662619,0.76066506
1,0,0.89323103,0.33970627,0.78646207
1,0,0.92388546,0.2691756,0.8477709
0,1,0.5456271,0.6889777,0.091254234
0,1,0.5549526,0.6870954,0.10990524
1,0,0.50381935,0.69311804,0.0076387227
1,1,0.5656825,0.6844938,0.13136494
0,1,0.563507,0.6850591,0.12701404
0,1,0.5619933,0.685441,0.1239866
1,0,0.6781461,0.62825894,0.35629228
0,1,0.554959,0.687094,0.109918
0,1,0.56334007,0.6851016,0.12668014
1,0,0.5075924,0.6930319,0.01518476
0,0,0.6818435,0.62547207,0.36368707
0,0,0.67815673,0.6282511,0.35631344
0,1,0.5079831,0.69301975,0.015966177
1,0,0.88656324,0.3536409,0.7731265
1,0,0.9066325,0.31026053,0.81326497
1,0,0.50947857,0.6929675,0.018957138
1,0,0.6781168,0.6282809,0.35623363
1,1,0.5633565,0.68509746,0.12671304
1,0,0.8803325,0.3662619,0.76066506
1,1,0.56334865,0.6850995,0.1266973
0,0,0.8773066,0.3722573,0.75461316
0,0,0.6698016,0.63431907,0.33960322
0,0,0.6834712,0.62422526,0.36694238
1,0,0.88656324,0.3536409,0.7731265
1,1,0.5633539,0.6850981,0.12670779
1,0,0.67814994,0.6282561,0.35629988
1,1,0.5465458,0.68880785,0.09309161
1,0,0.67812395,0.6282755,0.35624793
1,0,0.6818456,0.62547046,0.3636912
0,1,0.5465391,0.68880916,0.093078256
1,0,0.90355664,0.31719723,0.8071133
1,1,0.55495745,0.68709433,0.1099149
0,1,0.5712805,0.68295074,0.14256096
0,0,0.8824974,0.36191946,0.76499474
0,1,0.555442,0.68698686,0.11088395
0,1,0.51082855,0.69291264,0.02165711
1,0,0.90368545,0.31690896,0.8073709
1,1,0.5572923,0.6865679,0.114584565
0,1,0.55915505,0.6861321,0.118310094
1,0,0.6781509,0.6282554,0.3563018
0,1,0.56015307,0.6858928,0.120306134
1,0,0.88617575,0.35443693,0.7723515
0,0,0.88406926,0.35873812,0.7681385
0,1,0.54653853,0.6888093,0.09307706
0,1,0.55915993,0.686131,0.11831987
1,0,0.9128626,0.29586428,0.8257252
1,1,0.5680152,0.68386626,0.13603044
1,0,0.9022202,0.32017714,0.8044404
1,1,0.55916286,0.6861303,0.11832571
0,0,0.87609124,0.37464124,0.7521825
1,0,0.6855192,0.62263906,0.3710384
1,1,0.50705665,0.6930476,0.014113307
1,0,0.889564,0.347426,0.77912796
1,0,0.68183994,0.6254748,0.36367992
1,0,0.8848405,0.35716844,0.769681
1,0,0.8773069,0.37225673,0.75461376
0,1,0.50746834,0.6930356,0.014936686
1,0,0.5104401,0.69292915,0.020880252
0,1,0.5428961,0.68946254,0.085792184
1,0,0.67786026,0.62847185,0.35572052
1,0,0.8803325,0.3662619,0.76066506
1,1,0.56334984,0.6850991,0.12669969
0,0,0.8830949,0.36071292,0.7661898
0,1,0.59613895,0.6745461,0.19227791
0,1,0.5591491,0.6861335,0.11829817
1,0,0.8740203,0.37867224,0.74804056
0,0,0.6818433,0.6254722,0.3636866
0,1,0.5596586,0.6860119,0.119317174
0,1,0.5277433,0.691607,0.05548656
1,1,0.5633765,0.6850924,0.12675297
1,0,0.8723489,0.38189703,0.7446978
1,0,0.50614977,0.69307154,0.012299538
0,1,0.5549612,0.6870935,0.10992241
0,1,0.52063596,0.6922953,0.041271925
1,1,0.55729854,0.6865665,0.11459708
1,0,0.87234885,0.38189715,0.7446977
1,1,0.5656807,0.68449426,0.13136137
0,0,0.87234885,0.38189715,0.7446977
1,1,0.5465387,0.6888092,0.09307742
1,0,0.88654834,0.35367158,0.7730967
0,1,0.55495214,0.6870955,0.10990429
1,0,0.50807315,0.6930169,0.016146302
0,0,0.6944179,0.61552006,0.3888358
0,0,0.8891999,0.34818482,0.7783998
0,0,0.8748483,0.37706524,0.7496966
1,0,0.8813267,0.36427334,0.76265335
1,1,0.5633696,0.6850941,0.12673914
0,0,0.6750927,0.63051325,0.3501854
1,1,0.563356,0.6850976,0.12671196
1,1,0.5573018,0.68656576,0.11460364
0,1,0.5530964,0.6874981,0.10619283
1,0,0.90791476,0.3073359,0.8158295
0,1,0.5666378,0.6842395,0.13327563
0,0,0.68306464,0.6245378,0.36612928
1,0,0.8779267,0.37103564,0.7558534
0,1,0.5530944,0.68749857,0.106188774
1,0,0.87129045,0.3839262,0.7425809
1,0,0.90368545,0.31690896,0.8073709
1,0,0.89119595,0.34400758,0.7823919
1,1,0.5633441,0.6851007,0.12668824
1,0,0.50618684,0.69307065,0.012373656
1,0,0.6781354,0.62826693,0.3562708
1,1,0.500435,0.69314677,0.0008699894
1,0,0.8731869,0.38028336,0.7463738
0,0,0.6871464,0.62136483,0.37429285
1,0,0.9156357,0.28930116,0.8312714
1,1,0.5531031,0.68749666,0.10620618
1,0,0.5541783,0.68726504,0.108356595
0,0,0.68347776,0.6242202,0.36695555
0,1,0.5572949,0.6865673,0.11458981
1,0,0.92496073,0.26648313,0.84992146
1,1,0.5591578,0.6861315,0.11831558
0,1,0.5591647,0.6861298,0.118329406
1,0,0.9237292,0.2695656,0.84745836
1,0,0.88732004,0.35208204,0.7746401
1,0,0.5499701,0.6881448,0.09994018
1,0,0.87234885,0.38189715,0.7446977
1,0,0.52883315,0.6914835,0.057666272
1,0,0.8948432,0.33626804,0.78968644
0,1,0.53251356,0.69103146,0.06502712
1,0,0.8767003,0.37344825,0.75340056
0,0,0.85344845,0.41668049,0.7068969
0,1,0.54469573,0.6891464,0.08939147
1,0,0.88580203,0.3552032,0.77160406
0,0,0.6818359,0.62547785,0.36367178
1,1,0.5656698,0.68449724,0.13133955
1,1,0.5028027,0.6931315,0.005605459
0,0,0.8532102,0.41709998,0.7064204
0,1,0.5470103,0.6887207,0.094020605
1,0,0.6781415,0.6282624,0.35628298
1,0,0.91356695,0.29420662,0.8271339
0,1,0.5404684,0.6898682,0.08093679
0,1,0.5591552,0.6861321,0.11831045
1,1,0.53204656,0.69109184,0.06409311
0,1,0.5433565,0.6893829,0.08671296
1,1,0.5089429,0.6929872,0.017885804
0,1,0.5591594,0.68613106,0.118318796
1,0,0.8944526,0.33710366,0.78890514
1,0,0.9175365,0.28474528,0.835073
1,0,0.8897238,0.3470925,0.77944756
1,0,0.9218846,0.27414224,0.8437692
0,0,0.52803826,0.69157404,0.056076497
0,1,0.5343398,0.69078684,0.06867957
0,1,0.5470205,0.6887188,0.09404099
1,0,0.8899414,0.34663782,0.7798828
0,0,0.8830951,0.3607126,0.7661902
1,0,0.50807315,0.6930169,0.016146302
1,1,0.56335074,0.6850989,0.12670147
0,0,0.8520118,0.41920346,0.7040236
1,1,0.5108288,0.6929126,0.021657586
0,1,0.5614814,0.6855681,0.12296283
1,0,0.9141959,0.29272103,0.8283918
1,0,0.8890103,0.34857953,0.7780206
0,0,0.8777204,0.3714424,0.75544083
0,1,0.50637114,0.693066,0.012742281
1,0,0.5019327,0.6931397,0.0038653612
0,1,0.5503234,0.68807375,0.10064685
0,1,0.56147546,0.6855696,0.12295091
1,0,0.9051947,0.3135168,0.8103894
0,1,0.55915344,0.68613255,0.118306875
0,0,0.86915123,0.38799697,0.73830247
1,1,0.50883967,0.6929909,0.017679334
0,1,0.55916804,0.68612903,0.11833608
0,1,0.55075204,0.68798673,0.10150409
1,0,0.90241593,0.31974196,0.80483186
1,0,0.87234885,0.38189715,0.7446977
1,1,0.5591576,0.6861315,0.11831522
0,1,0.53953505,0.6900179,0.07907009
1,0,0.87933123,0.36825538,0.75866246
0,0,0.67398393,0.6313213,0.3479679
0,1,0.55452836,0.6871887,0.10905671
1,1,0.5633585,0.685097,0.12671697
1,0,0.50614977,0.69307154,0.012299538
1,1,0.55316174,0.68748415,0.10632348
1,0,0.52459085,0.6919373,0.04918173
0,1,0.5549525,0.6870954,0.109905005
0,1,0.54940605,0.68825734,0.0988121
0,0,0.6787491,0.62780875,0.3574982
1,0,0.5330713,0.69095814,0.06614256
1,0,0.8844479,0.35796824,0.76889575
1,0,0.87234765,0.38189942,0.7446953
0,0,0.87318695,0.38028324,0.7463739
0,0,0.8723488,0.38189724,0.7446976
1,0,0.8944526,0.33710366,0.78890514
1,0,0.6781357,0.62826675,0.3562714
1,0,0.8960761,0.33362016,0.79215217
1,0,0.90355664,0.31719723,0.8071133
0,1,0.5680147,0.68386644,0.13602936
1,0,0.8813267,0.36427334,0.76265335
1,0,0.9141959,0.29272103,0.8283918
1,1,0.563359,0.68509686,0.12671804
1,0,0.6781424,0.6282617,0.35628486
0,1,0.5549599,0.6870938,0.10991979
1,0,0.88580203,0.3552032,0.77160406
0,0,0.8742319,0.3782622,0.74846375
0,1,0.5591575,0.68613154,0.11831498
0,1,0.56147766,0.68556905,0.12295532
0,1,0.54466563,0.68915176,0.08933127
1,1,0.5614958,0.6855645,0.12299156
0,0,0.5066307,0.6930592,0.013261437
0,1,0.5633864,0.6850898,0.12677276
0,1,0.51082855,0.69291264,0.02165711
0,1,0.5550265,0.6870791,0.11005294
1,0,0.8850062,0.35683042,0.7700124
1,1,0.56335473,0.68509793,0.12670946
1,0,0.88748264,0.35174635,0.7749653
1,1,0.500435,0.69314677,0.0008699894
0,0,0.87484884,0.37706423,0.7496977
0,1,0.5451547,0.6890637,0.09030938
0,1,0.554943,0.68709755,0.10988605
1,1,0.5089428,0.6929872,0.017885566
0,0,0.6781517,0.6282548,0.35630342
0,0,0.68347037,0.62422585,0.3669407
0,1,0.5591596,0.686131,0.118319154
1,1,0.5037645,0.6931188,0.0075290203
0,0,0.88675666,0.35324308,0.7735133
0,0,0.87213445,0.38230902,0.7442689
1,0,0.91345006,0.2944821,0.8269001
0,1,0.5592159,0.68611765,0.11843181
1,0,0.50333846,0.6931249,0.0066768825
1,1,0.5423204,0.6895609,0.08464074
0,1,0.55916345,0.6861301,0.1183269
0,1,0.5592427,0.6861113,0.11848545
1,0,0.5104401,0.69292915,0.020880252
1,0,0.53259236,0.69102114,0.06518471
0,0,0.88598025,0.35483795,0.7719605
1,1,0.54653907,0.68880916,0.09307814
1,0,0.8513517,0.4203573,0.70270336
1,0,0.90368545,0.31690896,0.8073709
1,1,0.5554266,0.6869903,0.110853195
0,1,0.5633344,0.68510306,0.12666881
1,1,0.5037645,0.6931188,0.0075290203
1,1,0.55729413,0.68656754,0.11458826
1,1,0.5614959,0.6855645,0.1229918
1,1,0.5108286,0.6929127,0.021657228
0,0,0.685532,0.62262905,0.37106398
1,0,0.85119593,0.42062902,0.70239186
0,1,0.53718114,0.69037974,0.07436228
1,0,0.910697,0.30092224,0.82139397
1,0,0.6714835,0.63312304,0.342967
1,1,0.5633557,0.6850977,0.12671137
0,1,0.55074686,0.6879878,0.101493716
1,0,0.68538475,0.6227438,0.3707695
1,0,0.6781359,0.62826663,0.3562717
0,0,0.6719085,0.6328188,0.343817
1,1,0.5633497,0.68509924,0.12669945
0,1,0.54654354,0.6888083,0.09308708
1,0,0.90371126,0.31685114,0.8074225
1,0,0.89955133,0.3260677,0.79910266
0,1,0.57264346,0.68255556,0.14528692
1,0,0.68183595,0.6254778,0.3636719
0,1,0.5319808,0.69110024,0.063961625
0,0,0.87609124,0.37464124,0.7521825
1,0,0.50995934,0.6929488,0.01991868
0,1,0.5572947,0.68656737,0.11458945
0,0,0.8878809,0.35092294,0.77576184
0,0,0.88502073,0.35680073,0.77004147
1,1,0.5319847,0.69109976,0.06396937
1,0,0.8960484,0.33367968,0.79209685
1,0,0.87234885,0.38189715,0.7446977
0,0,0.9127095,0.29622385,0.82541895
1,0,0.89119595,0.34400758,0.7823919
0,1,0.5591636,0.6861301,0.11832714
1,0,0.67814475,0.62826,0.3562895
0,1,0.5225846,0.69212663,0.045169234
0,1,0.52332044,0.69205904,0.046640873
1,0,0.6781498,0.6282562,0.35629967
1,1,0.5666911,0.6842252,0.1333822
0,0,0.6818431,0.62547237,0.3636862
1,0,0.90368545,0.31690896,0.8073709
1,0,0.6779839,0.6283798,0.3559678
0,0,0.84520817,0.43093172,0.69041634
0,0,0.6798018,0.62701875,0.35960364
1,1,0.55921996,0.6861167,0.11843991
0,1,0.5065754,0.6930607,0.013150811
1,1,0.5633484,0.6850995,0.12669683
1,1,0.5633573,0.6850972,0.12671459
0,1,0.55964243,0.6860158,0.11928487
0,0,0.87505877,0.37665573,0.75011754
0,1,0.5367085,0.6904497,0.07341695
1,0,0.87234753,0.38189965,0.74469507
0,0,0.8740197,0.37867337,0.74803936
1,0,0.90401983,0.31615967,0.80803967
1,0,0.89232445,0.34162775,0.7846489
1,0,0.5184611,0.6924654,0.036922216
0,0,0.85225415,0.41877905,0.7045083
0,1,0.5572909,0.68656826,0.11458182
0,1,0.5423142,0.68956196,0.08462834
0,1,0.51082855,0.69291264,0.02165711
0,0,0.671898,0.6328263,0.343796
1,0,0.917514,0.2847994,0.83502805
1,0,0.91224927,0.2973027,0.82449853
0,1,0.563377,0.6850923,0.12675405
1,0,0.89265096,0.34093672,0.7853019
0,1,0.5423185,0.6895612,0.084637046
0,1,0.5446725,0.6891506,0.08934498
1,0,0.6760671,0.6297985,0.35213426
0,1,0.5446615,0.6891526,0.089323044
1,0,0.50995934,0.6929488,0.01991868
1,1,0.5488843,0.6883602,0.097768545
0,0,0.6834767,0.624221,0.36695337
1,1,0.56334794,0.68509966,0.12669587
1,1,0.56605774,0.68439436,0.13211548
0,1,0.55127305,0.68788004,0.102546096
0,1,0.5507489,0.68798745,0.10149777
0,1,0.54514956,0.6890647,0.09029913
1,0,0.6761048,0.62977076,0.3522096
0,1,0.55309266,0.6874989,0.10618532
0,1,0.5549484,0.68709636,0.10989678
1,1,0.55728996,0.68656844,0.114579916
0,0,0.8890098,0.34858066,0.77801955
1,0,0.8838719,0.35913885,0.7677438
1,0,0.67812896,0.62827176,0.3562579
1,0,0.68551916,0.62263906,0.37103832
0,0,0.9061807,0.31128642,0.81236136
1,0,0.90169674,0.3213388,0.8033935
1,0,0.67813987,0.6282636,0.35627973
0,0,0.5156852,0.6926551,0.03137037
0,1,0.54469514,0.6891465,0.08939028
0,0,0.87567276,0.37545893,0.7513455
0,1,0.55495846,0.6870941,0.109916925
1,0,0.8974596,0.33062917,0.79491925
1,1,0.56335497,0.6850978,0.12670994
1,1,0.5633337,0.6851033,0.12666738
1,0,0.92022765,0.27821305,0.8404553
1,0,0.5019327,0.6931397,0.0038653612
0,1,0.5549577,0.68709433,0.109915376
0,1,0.51082855,0.69291264,0.02165711
1,0,0.676076,0.629792,0.352152
1,0,0.84889925,0.4246137,0.6977985
1,0,0.50570595,0.6930821,0.011411905
1,0,0.89588296,0.33403602,0.7917659
0,0,0.873184,0.38028887,0.74636805
0,1,0.54654676,0.68880767,0.093093514
0,1,0.5457218,0.6889604,0.09144366
1,0,0.8974323,0.33068833,0.79486465
0,1,0.5430473,0.68943644,0.08609462
1,0,0.88503647,0.35676864,0.77007294
1,1,0.5404493,0.6898713,0.08089864
1,1,0.5046893,0.6931032,0.009378552
0,0,0.88751125,0.3516872,0.7750225
1,0,0.9100935,0.3023215,0.820187
1,1,0.5633368,0.68510246,0.12667358
0,1,0.5512336,0.68788815,0.10246718
1,0,0.67977965,0.62703544,0.35955927
0,1,0.5446809,0.689149,0.08936179
0,1,0.5366979,0.69045126,0.07339585
1,0,0.50995934,0.6929488,0.01991868
1,0,0.89265096,0.34093672,0.7853019
1,1,0.5470161,0.68871963,0.09403217
0,1,0.5554397,0.6869874,0.11087942
1,0,0.851346,0.42036718,0.70269203
0,1,0.5405036,0.6898625,0.08100724
1,0,0.88826346,0.35013062,0.7765269
0,0,0.8750593,0.37665474,0.7501186
0,1,0.56331176,0.68510884,0.12662351
0,1,0.53247505,0.69103646,0.06495011
0,0,0.876908,0.37304062,0.753816
1,0,0.9080383,0.3070531,0.81607664
1,0,0.88656324,0.3536409,0.7731265
1,1,0.5657245,0.6844827,0.13144898
0,1,0.54888946,0.68835914,0.09777892
1,1,0.5512265,0.6878897,0.10245299
1,1,0.56149256,0.6855653,0.122985125
1,0,0.5217483,0.6922009,0.04349664
0,0,0.87423193,0.378262,0.74846387
0,1,0.53626156,0.69051504,0.07252312
1,1,0.54653776,0.6888094,0.093075514
1,0,0.90073514,0.32346475,0.8014703
0,1,0.54376566,0.6893114,0.08753133
1,0,0.8962413,0.33326408,0.7924826
0,1,0.55319494,0.68747705,0.10638988
0,0,0.90519387,0.3135186,0.81038773
0,0,0.6897309,0.61931586,0.37946177
1,0,0.90368545,0.31690896,0.8073709
1,1,0.56335616,0.6850976,0.12671232
1,0,0.53730464,0.6903613,0.07460925
1,1,0.5046893,0.6931032,0.009378552
1,0,0.87234885,0.38189715,0.7446977
0,1,0.55915725,0.6861316,0.118314505
1,0,0.90995926,0.30263206,0.8199185
1,1,0.56148833,0.68556637,0.12297666
1,0,0.9030655,0.31829467,0.806131
0,1,0.55543864,0.68698764,0.110877275
1,0,0.889564,0.347426,0.77912796
1,1,0.50232166,0.6931364,0.004643321
0,1,0.55729663,0.68656695,0.11459327
0,1,0.5596331,0.68601805,0.11926615
1,1,0.5319792,0.6911005,0.06395841
1,0,0.8990151,0.32724154,0.79803026
0,1,0.55915207,0.6861328,0.11830413
0,0,0.8742319,0.3782622,0.74846375
1,1,0.55915636,0.68613183,0.11831272
1,0,0.87235034,0.38189423,0.7447007
1,0,0.89122474,0.34394702,0.7824495
1,1,0.5089429,0.6929872,0.017885804
1,1,0.5046893,0.6931032,0.009378552
1,0,0.50807315,0.6930169,0.016146302
1,0,0.8955096,0.33483878,0.7910192
0,1,0.51082855,0.69291264,0.02165711
1,1,0.5554325,0.686989,0.110865
1,0,0.89159715,0.34316298,0.7831943
1,0,0.6781006,0.6282929,0.35620117
0,1,0.50794923,0.6930208,0.015898466
0,0,0.8758819,0.37505046,0.7517638
0,1,0.55495775,0.6870943,0.109915495
1,1,0.563605,0.68503404,0.12721002
1,0,0.67813796,0.628265,0.35627592
0,0,0.6609456,0.64040625,0.3218912
1,0,0.91404486,0.29307824,0.8280897
1,0,0.8740203,0.37867224,0.74804056
1,0,0.90236366,0.3198582,0.8047273
1,0,0.9086913,0.30555534,0.8173826
1,1,0.563664,0.6850189,0.12732804
0,0,0.685524,0.6226353,0.37104794
1,0,0.8777204,0.3714424,0.75544083
0,1,0.55076444,0.6879842,0.10152888
0,1,0.5404765,0.6898669,0.080953
1,0,0.89323103,0.33970627,0.78646207
0,1,0.5371994,0.690377,0.074398756
1,0,0.85109705,0.4208014,0.7021941
0,1,0.51314485,0.69280154,0.026289701
0,0,0.8750593,0.37665474,0.7501186
0,1,0.557296,0.68656707,0.114591956
0,0,0.8838713,0.35913998,0.76774263
0,1,0.546583,0.68880093,0.09316599
1,1,0.5409202,0.68979454,0.081840396
0,1,0.5447522,0.68913627,0.08950436
1,1,0.56332415,0.6851057,0.1266483
0,1,0.55495554,0.6870947,0.109911084
0,0,0.8795352,0.36785007,0.7590704
0,0,0.87191975,0.382721,0.7438395
0,0,0.6199581,0.6640847,0.2399162
0,0,0.68552256,0.62263644,0.37104514
1,1,0.5656688,0.6844974,0.13133764
0,0,0.5067209,0.6930568,0.013441831
0,0,0.87129045,0.38392627,0.7425809
1,0,0.6781362,0.62826633,0.35627246
0,0,0.8769071,0.37304237,0.7538142
1,0,0.6818516,0.62546587,0.36370325
0,1,0.5559426,0.6868749,0.11188519
1,0,0.90368545,0.31690896,0.8073709
0,1,0.5503234,0.68807375,0.10064685
1,0,0.8748489,0.3770641,0.7496978
1,0,0.89643383,0.33284876,0.79286766
1,1,0.55916,0.68613094,0.11831999
1,0,0.9175365,0.28474528,0.835073
1,0,0.87234885,0.38189712,0.7446977
0,1,0.5549594,0.68709385,0.10991883
1,0,0.5156158,0.6926594,0.031231642
1,1,0.5656776,0.6844951,0.13135517
1,0,0.87234885,0.38189715,0.7446977
0,1,0.5446777,0.68914974,0.08935535
1,0,0.87234885,0.38189715,0.7446977
0,0,0.6818401,0.62547463,0.36368024
0,0,0.8750595,0.37665442,0.750119
0,1,0.5306266,0.69127005,0.06125319
1,0,0.5175005,0.6925345,0.03500101
0,0,0.8760912,0.37464133,0.75218236
0,0,0.6891785,0.61975634,0.37835705
1,1,0.5633425,0.68510103,0.12668502
0,0,0.87953514,0.36785018,0.7590703
1,0,0.874231,0.37826395,0.74846196
1,0,0.8821215,0.36267662,0.764243
0,0,0.87129045,0.38392627,0.7425809
0,0,0.8769081,0.37304044,0.75381625
0,1,0.5573016,0.68656576,0.11460316
1,0,0.9175365,0.28474528,0.835073
0,0,0.8850358,0.35676992,0.7700716
0,1,0.54887396,0.68836224,0.09774792
1,0,0.5123259,0.6928433,0.024651736
0,0,0.6851098,0.6229577,0.3702196
1,1,0.56342113,0.685081,0.12684226
0,1,0.5591713,0.68612826,0.11834264
0,0,0.6797773,0.62703717,0.35955465
1,0,0.6781242,0.62827533,0.35624838
1,0,0.50711155,0.693046,0.014223069
0,1,0.5549544,0.687095,0.10990882
1,1,0.56335235,0.6850985,0.1267047
0,1,0.5512337,0.6878882,0.10246742
1,0,0.6781292,0.6282716,0.35625842
0,1,0.55495703,0.6870944,0.109914064
1,0,0.6780081,0.6283618,0.35601616
0,1,0.53670716,0.69044995,0.073414326
1,0,0.9022202,0.32017714,0.8044404
1,0,0.8803325,0.3662619,0.76066506
0,1,0.5380931,0.6902422,0.07618618
1,0,0.5160963,0.6926289,0.032192588
1,1,0.5591581,0.6861314,0.11831617
1,0,0.8773069,0.37225673,0.75461376
0,1,0.5253948,0.69185686,0.050789595
0,1,0.5446571,0.6891533,0.08931422
0,0,0.91581786,0.28886667,0.8316357
1,0,0.676101,0.62977356,0.35220206
0,0,0.8758809,0.37505248,0.7517618
1,0,0.67814004,0.6282635,0.35628006
0,1,0.5530955,0.6874982,0.10619104
1,0,0.9080631,0.30699632,0.8161262
0,0,0.874232,0.37826192,0.748464
0,0,0.87873316,0.36944145,0.7574663
1,0,0.6818507,0.6254666,0.36370137
0,0,0.8767002,0.37344843,0.75340044
0,0,0.87973887,0.36744493,0.75947773
0,1,0.5591832,0.6861254,0.11836636
1,0,0.90368545,0.31690896,0.8073709
0,0,0.88132614,0.3642744,0.7626523
1,0,0.9062937,0.31103,0.8125874
0,1,0.538579,0.69016755,0.077157974
1,0,0.9224052,0.27285546,0.84481037
1,1,0.5591581,0.6861314,0.11831617
1,0,0.6781417,0.6282622,0.35628346
1,1,0.56334955,0.68509924,0.12669909
0,1,0.55729914,0.68656635,0.114598274
1,0,0.8976502,0.33021557,0.79530036
1,1,0.55075276,0.6879866,0.10150552
1,0,0.5071118,0.69304603,0.014223605
1,0,0.6781385,0.62826467,0.35627696
0,1,0.5169315,0.69257367,0.03386295
1,1,0.50091594,0.6931455,0.0018318892
1,1,0.5594629,0.68605876,0.11892581
1,0,0.889564,0.347426,0.77912796
1,1,0.5184061,0.6924695,0.036812186
0,1,0.5344568,0.6907708,0.06891358
1,0,0.90368545,0.31690896,0.8073709
1,0,0.91769314,0.28436774,0.8353863
1,0,0.88656324,0.3536409,0.7731265
1,0,0.85115904,0.42069334,0.7023181
1,0,0.85134983,0.42036048,0.70269966
1,1,0.56334823,0.6850996,0.12669647
0,0,0.67192984,0.6328035,0.3438597
0,1,0.54654557,0.6888079,0.09309113
1,1,0.55915713,0.6861316,0.118314266
0,0,0.8742318,0.37826228,0.74846363
0,0,0.87792677,0.37103552,0.75585353
1,0,0.88560724,0.355602,0.7712145
1,1,0.548877,0.68836164,0.097754
1,0,0.6760739,0.6297935,0.3521478
0,1,0.5051748,0.69309366,0.010349631
1,0,0.8723476,0.3818996,0.7446952
0,1,0.55309594,0.6874982,0.10619187
1,0,0.50570595,0.6930821,0.011411905
1,0,0.51369363,0.6927721,0.027387261
0,1,0.54892224,0.6883527,0.09784448
1,1,0.50232166,0.6931364,0.004643321
1,1,0.5633532,0.68509835,0.12670636
0,1,0.55913544,0.6861368,0.118270874
1,1,0.547014,0.68872005,0.094027996
0,1,0.5573417,0.6865566,0.11468339
0,0,0.8815267,0.36387205,0.7630534
1,0,0.8813267,0.36427334,0.76265335
1,0,0.9088262,0.30524528,0.81765234
0,1,0.54894465,0.68834835,0.097889304
1,0,0.50616264,0.69307125,0.012325287
0,1,0.5390942,0.6900873,0.07818842
0,1,0.507476,0.69303536,0.014951944
1,0,0.6761153,0.62976307,0.35223052
0,0,0.90808713,0.30694133,0.81617427
0,1,0.55309117,0.68749917,0.10618234
0,0,0.8710745,0.38433897,0.742149
0,0,0.67978734,0.62702966,0.35957468
1,0,0.88053507,0.3658575,0.76107013
0,1,0.5549621,0.68709326,0.1099242
1,0,0.8832935,0.36031112,0.766587
1,0,0.92557454,0.26493862,0.8511491
1,0,0.8723485,0.3818978,0.744697
0,1,0.56154585,0.6855521,0.1230917
0,1,0.5554397,0.6869874,0.11087942
1,0,0.89159715,0.34316298,0.7831943
1,1,0.5614552,0.68557453,0.12291038
1,1,0.5634049,0.6850852,0.12680984
1,1,0.563348,0.6850996,0.12669599
0,1,0.53198135,0.6911002,0.0639627
1,1,0.5104921,0.692927,0.020984173
0,1,0.5572969,0.6865668,0.114593744
1,0,0.8795352,0.36785007,0.7590704
1,0,0.5123259,0.6928433,0.024651736
1,1,0.5549626,0.6870932,0.10992515
0,0,0.8758821,0.37505013,0.7517642
1,0,0.8513403,0.4203772,0.7026806
1,0,0.8795352,0.36785007,0.7590704
0,0,0.87402016,0.37867245,0.7480403
0,0,0.9200965,0.27853358,0.84019303
1,0,0.88191354,0.363095,0.7638271
0,0,0.6891769,0.61975765,0.37835386
0,0,0.88231367,0.3622897,0.76462734
0,0,0.8706413,0.38516584,0.7412826
0,0,0.87423193,0.37826207,0.74846387
0,1,0.51082855,0.69291264,0.02165711
1,0,0.89898825,0.32730037,0.7979765
1,0,0.88786626,0.35095334,0.7757325
1,1,0.5572889,0.68656874,0.11457777
0,1,0.5592013,0.6861211,0.1184026
1,0,0.90371126,0.31685114,0.8074225
1,0,0.85113835,0.4207294,0.7022767
0,1,0.5587309,0.68623257,0.1174618
1,0,0.8813267,0.36427334,0.76265335
1,0,0.8785281,0.3698474,0.75705624
0,1,0.6006916,0.6727302,0.20138323
0,0,0.67670155,0.62933075,0.35340312
0,1,0.5549528,0.68709534,0.1099056
1,1,0.54279375,0.68948007,0.0855875
1,0,0.9020634,0.32052532,0.80412686
1,1,0.55729544,0.6865672,0.11459088
1,1,0.51973456,0.69236803,0.039469123
0,0,0.8513037,0.42044103,0.7026074
1,0,0.67813665,0.62826604,0.3562733
1,0,0.88656324,0.3536409,0.7731265
0,1,0.54653764,0.6888094,0.093075275
1,0,0.91178614,0.2983857,0.8235723
1,0,0.85124654,0.42054075,0.7024931
0,1,0.5287049,0.69149834,0.057409763
1,0,0.92098325,0.27636132,0.8419665
0,1,0.5216179,0.6922122,0.04323578
1,0,0.6818416,0.6254735,0.36368325
1,0,0.67814106,0.6282627,0.35628211
1,0,0.88826346,0.35013062,0.7765269
1,0,0.87772036,0.37144256,0.7554407
0,1,0.5596359,0.6860174,0.119271755
0,0,0.67668307,0.62934446,0.3533661
1,0,0.87873214,0.36944348,0.7574643
1,0,0.889564,0.347426,0.77912796
1,0,0.88560724,0.355602,0.7712145
1,1,0.5083014,0.6930094,0.016602755
1,1,0.5633418,0.6851012,0.1266836
0,1,0.55915326,0.68613255,0.11830652
0,1,0.5549593,0.68709385,0.109918594
0,1,0.5591531,0.68613255,0.11830616
0,1,0.5550191,0.68708074,0.11003816
0,1,0.53342235,0.6909114,0.0668447
1,0,0.5203451,0.69231915,0.040690184
0,1,0.5572935,0.68656766,0.11458695
0,1,0.5530949,0.68749833,0.10618985
1,0,0.9098017,0.30299634,0.81960344
0,1,0.5339055,0.69084626,0.06781101
0,0,0.874638,0.37747392,0.74927604
0,0,0.8725464,0.38151735,0.74509275
1,0,0.87234885,0.38189715,0.7446977
1,1,0.55914974,0.6861334,0.118299484
1,0,0.90368545,0.31690896,0.8073709
0,0,0.6588265,0.6418108,0.31765294
1,1,0.5572994,0.6865663,0.11459875
1,0,0.6760156,0.6298364,0.3520312
0,0,0.6855229,0.6226361,0.37104586
1,1,0.56348,0.685066,0.12696004
1,0,0.87933123,0.36825538,0.75866246
0,1,0.55914897,0.68613356,0.118297935
0,0,0.87873316,0.3694415,0.7574663
1,0,0.89100933,0.3443999,0.78201866
0,1,0.5423181,0.68956125,0.08463621
0,0,0.6781579,0.6282502,0.35631585
1,0,0.88656324,0.3536409,0.7731265
0,1,0.52162653,0.69221145,0.043253064
1,0,0.6835057,0.6241987,0.36701143
1,1,0.55921507,0.6861179,0.11843014
1,1,0.5591567,0.6861317,0.11831343
0,1,0.56342256,0.68508065,0.12684512
1,0,0.8902742,0.3459416,0.78054845
0,1,0.558731,0.68623257,0.11746204
1,0,0.89937735,0.32644892,0.7987547
1,0,0.8773069,0.37225673,0.75461376
1,0,0.67606616,0.6297992,0.35213235
1,0,0.91345006,0.2944821,0.8269001
0,1,0.5531614,0.68748426,0.106322765
0,0,0.678132,0.62826943,0.356264
1,0,0.6781287,0.62827194,0.3562574
1,0,0.88656324,0.3536409,0.7731265
1,0,0.8944526,0.33710366,0.78890514
1,0,0.9022202,0.32017714,0.8044404
0,0,0.6781379,0.6282651,0.3562758
0,1,0.5572974,0.6865667,0.11459482
0,1,0.57326996,0.68237144,0.14653993
1,0,0.50381935,0.69311804,0.0076387227
0,1,0.5530964,0.6874981,0.10619283
1,0,0.67813957,0.62826383,0.3562791
0,1,0.5447295,0.6891404,0.08945894
1,0,0.67814124,0.62826264,0.35628244
1,0,0.67797816,0.6283841,0.3559563
0,1,0.5592055,0.68612015,0.118410945
0,1,0.5465383,0.6888093,0.09307659
0,0,0.68464005,0.6233223,0.3692801
0,0,0.6980183,0.61253405,0.39603662
1,0,0.90368545,0.31690896,0.8073709
0,0,0.6797768,0.6270376,0.35955358
0,0,0.88406926,0.35873806,0.7681385
1,0,0.6760795,0.62978935,0.35215902
0,1,0.5423236,0.6895603,0.08464718
0,0,0.8756728,0.37545887,0.75134563
0,0,0.84888893,0.42463154,0.69777787
0,0,0.87973887,0.36744493,0.75947773
0,0,0.8676292,0.39086884,0.73525834
0,1,0.53483206,0.69071865,0.06966412
0,0,0.8838714,0.35913995,0.76774275
0,1,0.5507519,0.68798673,0.10150385
0,1,0.51315385,0.6928011,0.026307702
0,0,0.70670366,0.60507685,0.4134073
1,0,0.6781361,0.62826645,0.35627225
0,0,0.6818504,0.6254668,0.36370075
1,0,0.5160963,0.6926289,0.032192588
0,0,0.68347764,0.62422025,0.36695528
1,0,0.8712905,0.38392615,0.742581
0,1,0.5362591,0.6905154,0.07251823
0,1,0.5573047,0.68656504,0.11460936
1,1,0.55308545,0.6875004,0.10617089
0,1,0.5591635,0.68613017,0.11832702
1,1,0.5591558,0.68613195,0.11831164
1,1,0.5549553,0.6870948,0.10991061
1,0,0.8941309,0.33779055,0.7882618
1,0,0.89428484,0.33746198,0.7885697
1,1,0.54660124,0.6887975,0.09320247
1,0,0.88672674,0.3533046,0.7734535
1,0,0.8760912,0.37464133,0.75218236
0,1,0.5343821,0.69078106,0.06876421
0,1,0.5296055,0.69139314,0.059211016
0,1,0.55123276,0.6878884,0.10246551
1,0,0.8773069,0.37225673,0.75461376
1,0,0.89119595,0.34400758,0.7823919
1,0,0.50807315,0.6930169,0.016146302
1,1,0.55914456,0.68613464,0.11828911
1,1,0.5634009,0.68508613,0.12680185
1,0,0.8899414,0.34663782,0.7798828
1,1,0.56335855,0.685097,0.12671709
1,0,0.9224158,0.27282917,0.8448316
1,0,0.8838719,0.35913885,0.7677438
1,0,0.8809236,0.36508065,0.76184726
1,1,0.5527507,0.6875715,0.10550141
0,1,0.54888564,0.6883599,0.09777129
0,0,0.87000716,0.3863731,0.7400143
1,0,0.9088262,0.30524528,0.81765234
1,0,0.50381935,0.69311804,0.0076387227
0,1,0.54888475,0.6883601,0.0977695
0,1,0.53198487,0.6910997,0.06396973
0,1,0.5591599,0.686131,0.11831975
0,1,0.5633446,0.6851005,0.1266892
0,1,0.5414095,0.6897137,0.082818985
1,1,0.5615256,0.6855571,0.12305117
1,0,0.8934144,0.33931664,0.78682876
1,1,0.5636098,0.68503284,0.12721956
0,0,0.87953514,0.36785018,0.7590703
0,1,0.56334716,0.68509984,0.12669432
1,0,0.5457546,0.68895435,0.09150922
1,1,0.56334084,0.6851015,0.12668169
1,0,0.90371126,0.31685114,0.8074225
1,0,0.91356695,0.29420662,0.8271339
0,1,0.52777845,0.69160306,0.055556893
0,1,0.5362145,0.6905219,0.07242894
0,1,0.56333995,0.6851017,0.1266799
1,0,0.50381935,0.69311804,0.0076387227
0,0,0.8719193,0.3827219,0.74383855
0,0,0.8760912,0.37464133,0.75218236
1,1,0.55077195,0.6879827,0.1015439
1,0,0.85133225,0.42039117,0.7026645
0,1,0.55123425,0.687888,0.10246849
1,0,0.909169,0.30445623,0.81833804
0,1,0.54888546,0.68836,0.09777093
0,0,0.69281554,0.6168293,0.3856311
0,0,0.67977834,0.62703645,0.3595567
1,0,0.9080631,0.30699632,0.8161262
1,1,0.56334794,0.68509966,0.12669587
1,0,0.8944806,0.3370438,0.7889612
0,0,0.67808807,0.6283022,0.35617614
1,0,0.5160963,0.6926289,0.032192588
0,1,0.56334955,0.68509924,0.12669909
1,0,0.89588296,0.33403602,0.7917659
0,1,0.5512285,0.6878892,0.10245705
0,1,0.54654,0.6888089,0.093080044
0,1,0.60961145,0.6689216,0.2192229
1,0,0.9027412,0.31901786,0.8054824
1,0,0.52459085,0.6919373,0.04918173
0,0,0.6781466,0.6282586,0.35629317
1,0,0.5136937,0.69277203,0.02738738
0,1,0.5405653,0.6898525,0.081130624
1,0,0.678143,0.62826127,0.35628602
1,0,0.8928493,0.34051633,0.78569865
1,0,0.5156158,0.6926594,0.031231642
1,0,0.6781157,0.6282816,0.35623148
0,1,0.51082855,0.69291264,0.02165711
1,0,0.6818441,0.6254716,0.3636882
1,0,0.90368545,0.31690896,0.8073709
1,0,0.90532154,0.31323048,0.8106431
0,0,0.67815304,0.6282538,0.35630608
1,0,0.554258,0.6872477,0.10851598
1,0,0.5146918,0.6927154,0.02938366
1,0,0.6781436,0.62826085,0.35628724
0,1,0.5592575,0.68610775,0.118515015
1,0,0.9156816,0.28919178,0.8313632
1,0,0.68876123,0.6200882,0.3775225
0,1,0.56334156,0.6851013,0.12668312
1,0,0.90823597,0.30660027,0.81647193
0,1,0.5591424,0.6861351,0.11828482
0,0,0.8488902,0.42462936,0.6977804
1,0,0.50145173,0.693143,0.0029034615
1,0,0.8723476,0.38189954,0.7446952
1,1,0.5633349,0.68510294,0.12666976
1,0,0.50995934,0.6929488,0.01991868
0,1,0.6001825,0.67293763,0.20036495
0,0,0.8500982,0.42253876,0.7001964
1,0,0.88732004,0.35208204,0.7746401
1,1,0.5633474,0.6850998,0.1266948
0,0,0.5010083,0.69314516,0.0020165443
1,1,0.5592046,0.68612033,0.11840916
1,0,0.5307132,0.6912594,0.06142643
0,1,0.5325046,0.6910326,0.06500924
1,0,0.5156158,0.6926594,0.031231642
0,1,0.5530998,0.6874974,0.10619962
0,1,0.56149,0.68556595,0.12298
0,1,0.55915314,0.68613255,0.11830628
1,1,0.56152064,0.68555844,0.12304127
1,0,0.8976229,0.33027482,0.79524577
0,0,0.67813826,0.6282648,0.35627654
1,0,0.5330713,0.69095814,0.06614256
1,0,0.5136937,0.69277203,0.02738738
0,0,0.8721344,0.38230908,0.7442688
0,1,0.5239935,0.6919954,0.047986984
1,1,0.5488711,0.6883628,0.0977422
1,0,0.5075924,0.6930319,0.01518476
1,0,0.8815277,0.36387002,0.76305544
1,1,0.5108288,0.6929126,0.021657586
0,0,0.87609106,0.3746416,0.7521821
1,0,0.9074062,0.3084982,0.8148124
0,0,0.8880719,0.35052764,0.7761438
0,1,0.55496454,0.6870927,0.109929085
0,0,0.66136986,0.64012265,0.32273972
1,1,0.5041025,0.69311357,0.008205056
0,0,0.679777,0.6270374,0.35955402
1,0,0.67812276,0.62827635,0.3562455
1,0,0.67813474,0.62826747,0.35626948
0,0,0.8783225,0.37025407,0.75664496
1,0,0.8848405,0.35716844,0.769681
1,1,0.56334865,0.6850995,0.1266973
0,1,0.550751,0.68798697,0.10150194
1,1,0.56447554,0.6848098,0.12895107
0,0,0.88483995,0.35716954,0.7696799
1,1,0.500435,0.69314677,0.0008699894
1,0,0.90995944,0.30263168,0.8199189
1,0,0.8756729,0.37545872,0.75134575
1,1,0.56334144,0.6851013,0.12668288
1,0,0.67811835,0.6282797,0.3562367
1,0,0.8723461,0.3819024,0.7446922
0,1,0.5432852,0.6893953,0.08657038
1,0,0.9020634,0.32052532,0.80412686
1,1,0.55914843,0.6861337,0.11829686
1,1,0.55729413,0.68656754,0.11458826
1,0,0.8813267,0.36427334,0.76265335
1,1,0.500435,0.69314677,0.0008699894
0,1,0.54044926,0.6898713,0.08089852
1,0,0.87234885,0.38189715,0.7446977
1,0,0.8995245,0.32612646,0.799049
1,1,0.5591498,0.6861334,0.1182996
1,0,0.53259236,0.69102114,0.06518471
1,0,0.8852019,0.3564309,0.77040374
1,0,0.5156158,0.6926594,0.031231642
1,0,0.8511535,0.420703,0.702307
1,0,0.8723474,0.3818999,0.7446948
1,1,0.5633673,0.6850947,0.12673461
0,1,0.5536094,0.6873882,0.10721874
1,1,0.56335527,0.6850978,0.12671053
0,0,0.88053495,0.36585778,0.7610699
1,0,0.889564,0.347426,0.77912796
1,0,0.87318695,0.3802832,0.7463739
0,0,0.8785275,0.36984855,0.75705504
0,1,0.55309314,0.6874988,0.10618627
1,0,0.8960761,0.33362016,0.79215217
1,0,0.50381935,0.69311804,0.0076387227
1,0,0.889564,0.347426,0.77912796
1,1,0.5106627,0.69291973,0.02132535
1,0,0.8748489,0.3770641,0.7496978
0,1,0.5488837,0.68836033,0.09776735
0,1,0.5572984,0.6865665,0.11459684
1,0,0.8773069,0.37225673,0.75461376
1,0,0.8813267,0.36427334,0.76265335
0,0,0.87669975,0.37344936,0.7533995
0,1,0.5206536,0.69229376,0.04130721
1,0,0.90368545,0.31690896,0.8073709
0,1,0.55873084,0.68623257,0.11746168
0,1,0.5745316,0.68199575,0.14906323
1,1,0.55075413,0.6879863,0.10150826
1,1,0.5591391,0.6861359,0.118278146
1,0,0.6781358,0.6282667,0.35627162
0,0,0.86784995,0.39045352,0.7356999
0,0,0.6928166,0.61682844,0.38563323
1,1,0.5380921,0.69024235,0.07618415
0,0,0.87402016,0.37867245,0.7480403
1,0,0.6781416,0.62826234,0.3562832
0,1,0.5366979,0.69045126,0.07339585
1,0,0.917514,0.2847994,0.83502805
1,0,0.5160963,0.6926289,0.032192588
1,0,0.90103894,0.32279417,0.8020779
1,0,0.8974323,0.33068833,0.79486465
1,1,0.5028027,0.6931315,0.005605459
0,0,0.91654515,0.2871273,0.8330903
1,0,0.89917624,0.32688922,0.7983525
1,1,0.5633446,0.6851005,0.1266892
1,0,0.6855209,0.62263775,0.37104177
1,0,0.87234885,0.38189715,0.7446977
0,1,0.5554404,0.6869873,0.11088085
1,1,0.563309,0.68510956,0.12661803
1,0,0.88171303,0.36349797,0.76342607
1,1,0.5614456,0.6855769,0.12289119
1,0,0.88656324,0.3536409,0.7731265
1,0,0.91494745,0.29093927,0.8298949
1,0,0.8960761,0.33362016,0.79215217
0,1,0.56155497,0.68554986,0.12310994
1,0,0.52082515,0.6922796,0.041650325
1,0,0.8803325,0.3662619,0.76066506
0,0,0.85556173,0.41293913,0.71112347
0,1,0.5488849,0.6883601,0.09776986
0,1,0.55171454,0.68778884,0.10342908
1,0,0.90774137,0.30773252,0.81548274
0,1,0.5282258,0.69155294,0.05645156
0,0,0.8731868,0.38028347,0.74637365
1,0,0.67813855,0.6282646,0.3562771
0,1,0.559159,0.6861312,0.11831796
0,1,0.5643107,0.6848525,0.12862146
0,1,0.55730134,0.6865659,0.114602685
0,1,0.5310688,0.6912154,0.062137604
1,0,0.9178271,0.28404444,0.83565426
0,1,0.5507545,0.68798625,0.101508975
0,0,0.8815276,0.36387023,0.7630552
0,1,0.5573254,0.6865603,0.114650846
1,0,0.87107456,0.3843389,0.7421491
1,0,0.8986923,0.32794684,0.7973846
0,1,0.5549523,0.6870955,0.10990465
1,0,0.87973887,0.36744493,0.75947773
0,0,0.6846918,0.6232822,0.3693836
0,1,0.55962473,0.68602,0.11924946
1,0,0.88656324,0.3536409,0.7731265
1,0,0.8854123,0.3560009,0.77082455
0,0,0.6871484,0.6213633,0.37429678
1,0,0.87234885,0.38189715,0.7446977
1,1,0.56196135,0.685449,0.123922706
0,1,0.55924374,0.6861111,0.11848748
1,0,0.87234885,0.38189715,0.7446977
1,0,0.87297374,0.3806944,0.7459475
0,1,0.5465783,0.6888018,0.093156576
0,1,0.53342676,0.6909108,0.06685352
1,0,0.88053346,0.36586076,0.7610669
1,1,0.5554273,0.68699014,0.110854626
1,1,0.56334555,0.6851003,0.1266911
0,1,0.5371813,0.69037974,0.074362636
0,1,0.55121994,0.687891,0.10243988
1,0,0.9000449,0.32498428,0.80008984
1,1,0.5633518,0.68509865,0.12670362
0,1,0.5230607,0.69208324,0.04612136
1,0,0.50947857,0.6929675,0.018957138
0,1,0.53672105,0.6904479,0.0734421
0,1,0.54710925,0.68870205,0.09421849
1,0,0.8960484,0.33367968,0.79209685
1,0,0.50614977,0.69307154,0.012299538
0,1,0.55915934,0.6861311,0.11831868
1,0,0.50145173,0.693143,0.0029034615
0,0,0.8801296,0.36666673,0.76025915
0,0,0.67564034,0.63011205,0.35128072
0,1,0.59437925,0.67522496,0.18875849
0,1,0.51082855,0.69291264,0.02165711
1,0,0.5160963,0.6926289,0.032192588
1,0,0.90368545,0.31690896,0.8073709
0,0,0.66980994,0.63431317,0.3396199
1,0,0.88560724,0.355602,0.7712145
1,0,0.87423193,0.3782621,0.74846387
1,1,0.57196295,0.6827538,0.1439259
1,0,0.5494939,0.6882398,0.09898779
1,0,0.889564,0.347426,0.77912796
1,0,0.68181133,0.62549657,0.36362267
1,0,0.50807315,0.6930169,0.016146302
1,1,0.5343422,0.69078654,0.06868446
0,0,0.87792677,0.37103552,0.75585353
0,1,0.5380895,0.69024277,0.07617903
0,1,0.54653627,0.68880963,0.09307253
1,0,0.6781344,0.62826765,0.35626876
1,0,0.8993505,0.3265077,0.79870105
1,0,0.50381935,0.69311804,0.0076387227
1,0,0.8826972,0.3615163,0.76539445
1,1,0.5633409,0.68510145,0.1266818
0,1,0.5385694,0.690169,0.07713878
0,1,0.54984725,0.6881694,0.09969449
0,1,0.5493038,0.68827754,0.09860766
0,1,0.5338486,0.69085395,0.06769717
1,1,0.5108179,0.69291306,0.02163577
0,1,0.5591555,0.686132,0.11831105
0,1,0.5382086,0.6902245,0.07641721
1,0,0.8723488,0.3818972,0.7446976
1,1,0.56334037,0.6851015,0.12668073
1,0,0.8962137,0.33332354,0.7924274
1,0,0.50614977,0.69307154,0.012299538
1,0,0.87380826,0.37908268,0.7476165
1,0,0.90241593,0.31974196,0.80483186
1,1,0.56334543,0.6851003,0.12669086
0,0,0.68552434,0.622635,0.3710487
1,0,0.8731869,0.38028336,0.7463738
0,1,0.55495864,0.6870941,0.10991728
1,0,0.53259236,0.69102114,0.06518471
0,0,0.6871444,0.62136644,0.37428883
0,0,0.88862956,0.34937102,0.7772591
0,1,0.54888535,0.68836,0.09777069
1,0,0.90791476,0.3073359,0.8158295
0,1,0.55729777,0.68656665,0.11459553
0,0,0.6718995,0.63282526,0.343799
1,0,0.8803325,0.3662619,0.76066506
1,0,0.90368545,0.31690896,0.8073709
1,0,0.5293125,0.6914277,0.058624983
0,1,0.5666378,0.6842395,0.13327563
1,0,0.9096323,0.3033877,0.81926465
1,1,0.5319814,0.6911001,0.06396282
0,0,0.8740202,0.37867236,0.74804044
0,1,0.55597305,0.6868681,0.111946106
1,0,0.90368545,0.31690896,0.8073709
0,0,0.6818475,0.62546897,0.36369503
0,1,0.57127523,0.68295217,0.14255047
0,1,0.5423175,0.68956137,0.08463502
0,0,0.66771984,0.63578165,0.3354397
0,0,0.8731868,0.38028347,0.74637365
0,0,0.85130125,0.42044526,0.7026025
1,0,0.90791476,0.3073359,0.8158295
0,1,0.5901865,0.6767906,0.18037295
0,1,0.5310653,0.6912159,0.06213057
0,1,0.5633249,0.6851055,0.12664986
0,0,0.8742319,0.3782622,0.74846375
0,1,0.560603,0.6857836,0.121206045
0,1,0.5549598,0.68709373,0.10991955
0,1,0.5253803,0.6918583,0.050760627
0,0,0.6851077,0.62295926,0.37021542
0,1,0.5611444,0.6856511,0.12228882
0,0,0.8787333,0.36944127,0.75746655
1,0,0.6781367,0.628266,0.35627344
0,0,0.86455727,0.3966037,0.72911453
0,0,0.87129045,0.38392627,0.7425809
1,0,0.8795352,0.36785007,0.7590704
0,1,0.5591528,0.68613267,0.118305564
1,0,0.8846443,0.3575682,0.76928866
0,1,0.5174414,0.6925386,0.034882784
0,0,0.8787325,0.36944276,0.757465
1,0,0.87318635,0.38028437,0.7463727
1,0,0.5160963,0.6926289,0.032192588
0,0,0.8850363,0.35676897,0.7700726
1,1,0.51076543,0.6929153,0.021530867
0,0,0.87792677,0.37103552,0.75585353
0,1,0.5592616,0.6861068,0.11852324
1,1,0.56335104,0.6850989,0.12670207
0,0,0.68877083,0.6200806,0.37754166
1,0,0.8903032,0.345881,0.7806064
1,0,0.52270836,0.6921154,0.045416713
1,0,0.88751227,0.35168514,0.77502453
1,1,0.53857607,0.69016796,0.07715213
1,0,0.50381935,0.69311804,0.0076387227
1,0,0.50145173,0.693143,0.0029034615
1,0,0.6781369,0.62826586,0.35627377
1,0,0.8740203,0.37867224,0.74804056
1,0,0.50381935,0.69311804,0.0076387227
0,0,0.681859,0.62546027,0.363718
1,0,0.917402,0.28506914,0.83480406
0,1,0.56334394,0.6851007,0.12668788
0,1,0.5512338,0.68788815,0.102467656
1,0,0.87933123,0.36825538,0.75866246
0,0,0.8758816,0.37505108,0.7517632
1,0,0.8803325,0.3662619,0.76066506
1,1,0.56567925,0.68449473,0.1313585
0,0,0.91654515,0.2871273,0.8330903
1,1,0.5614958,0.6855645,0.12299156
1,0,0.91951865,0.2799434,0.8390373
1,0,0.89898825,0.32730037,0.7979765
0,0,0.8758821,0.37505016,0.7517642
0,1,0.52021617,0.6923296,0.040432334
1,0,0.89394766,0.33818138,0.7878953
1,0,0.6760679,0.62979794,0.35213578
1,0,0.5075924,0.6930319,0.01518476
0,0,0.67935944,0.6273514,0.35871887
1,0,0.5146918,0.6927154,0.02938366
0,0,0.89782685,0.3298318,0.7956537
1,0,0.85013527,0.42247438,0.70027053
1,0,0.50570595,0.6930821,0.011411905
0,1,0.5573525,0.6865541,0.11470497
1,0,0.6818454,0.6254706,0.36369085
1,0,0.8853972,0.35603175,0.7707944
1,0,0.6780368,0.6283404,0.35607365
1,1,0.5619811,0.68544406,0.123962164
1,0,0.8731869,0.38028336,0.7463738
1,0,0.883095,0.36071265,0.76619005
0,1,0.56199837,0.68543977,0.123996735
0,1,0.55915385,0.6861324,0.11830771
1,0,0.91432345,0.2924191,0.8286469
1,0,0.67975175,0.6270564,0.35950354
1,0,0.902858,0.31875753,0.80571604
0,0,0.87953335,0.3678537,0.7590667
1,0,0.678141,0.62826276,0.35628203
1,1,0.5636272,0.6850284,0.12725437
1,0,0.6781484,0.6282573,0.35629675
1,1,0.5614866,0.6855668,0.1229732
1,0,0.90070856,0.32352328,0.8014171
0,1,0.55310076,0.68749714,0.10620153
1,0,0.8983008,0.32880047,0.79660165
0,1,0.54466903,0.68915117,0.089338064
1,1,0.56336087,0.6850964,0.12672174
0,1,0.5512337,0.6878882,0.10246742
0,0,0.6768712,0.62920547,0.3537424
0,1,0.550754,0.6879864,0.10150802
1,0,0.8986923,0.32794684,0.7973846
1,0,0.9010257,0.3228234,0.8020514
1,0,0.6779469,0.6284073,0.35589385
0,0,0.6818439,0.6254718,0.36368778
1,0,0.9010257,0.3228234,0.8020514
1,0,0.6781341,0.628268,0.35626817
0,1,0.54888666,0.68835974,0.09777331
0,1,0.5614692,0.68557113,0.122938395
1,0,0.89283514,0.3405464,0.7856703
0,0,0.8740197,0.37867337,0.74803936
0,1,0.5507489,0.68798745,0.10149777
1,0,0.6818304,0.6254821,0.36366078
1,1,0.5530918,0.68749905,0.10618365
0,0,0.67771304,0.6285813,0.35542607
1,0,0.5241111,0.69198406,0.048222184
1,0,0.90368545,0.31690896,0.8073709
1,0,0.8983008,0.32880047,0.79660165
0,1,0.5517326,0.687785,0.1034652
1,0,0.6781353,0.62826705,0.35627058
0,1,0.55915844,0.68613136,0.11831689
1,0,0.8748489,0.3770641,0.7496978
1,0,0.89122474,0.34394702,0.7824495
1,0,0.7102196,0.60195494,0.4204392
0,1,0.5549565,0.68709457,0.10991299
1,0,0.67813385,0.6282681,0.35626772
1,1,0.5633593,0.68509674,0.12671864
0,1,0.5423205,0.68956083,0.08464098
0,1,0.55547434,0.68697965,0.11094868
0,1,0.55507666,0.687068,0.11015332
0,0,0.67813426,0.62826777,0.35626853
0,1,0.5465322,0.6888104,0.09306443
1,0,0.8513505,0.42035937,0.702701
0,0,0.88751084,0.3516881,0.7750217
0,1,0.55357504,0.6873956,0.10715008
1,0,0.8803325,0.3662619,0.76066506
0,1,0.5578095,0.68644834,0.115618944
0,0,0.88231367,0.3622897,0.76462734
0,0,0.67677134,0.6292792,0.3535427
0,1,0.5300931,0.6913349,0.060186148
1,0,0.89192563,0.34247032,0.78385127
1,0,0.90368545,0.31690896,0.8073709
0,1,0.55122614,0.6878897,0.10245228
1,0,0.85121423,0.42059708,0.70242846
0,1,0.5362823,0.69051206,0.0725646
0,1,0.5530956,0.6874982,0.10619116
1,0,0.50807315,0.6930169,0.016146302
1,1,0.54431146,0.689215,0.08862293
1,0,0.8813267,0.36427334,0.76265335
0,1,0.5493981,0.6882589,0.09879625
0,0,0.8740202,0.37867236,0.74804044
1,0,0.87380826,0.37908268,0.7476165
1,0,0.68552494,0.62263453,0.37104985
0,1,0.5507998,0.687977,0.101599574
1,0,0.8723636,0.3818687,0.74472725
0,1,0.563336,0.6851027,0.12667203
0,0,0.9019191,0.32084566,0.80383825
1,0,0.87380826,0.37908268,0.7476165
0,0,0.67607284,0.62979424,0.35214564
0,1,0.50894254,0.69298726,0.017885089
1,0,0.87234694,0.3819008,0.7446939
0,0,0.6818475,0.62546897,0.36369503
1,0,0.9099602,0.30262986,0.8199204
1,0,0.91210705,0.29763556,0.8242141
1,0,0.66537344,0.6374068,0.33074686
1,1,0.5591683,0.686129,0.11833656
0,0,0.637084,0.6550776,0.27416804
0,1,0.53106546,0.6912158,0.062130928
1,1,0.555433,0.68698895,0.11086595
1,0,0.90103894,0.32279417,0.8020779
0,1,0.5488897,0.68835914,0.09777939
0,1,0.55927706,0.6861031,0.118554115
1,0,0.8748489,0.3770641,0.7496978
0,0,0.6834817,0.62421715,0.36696342
1,1,0.5591425,0.6861351,0.11828494
1,0,0.8803325,0.3662619,0.76066506
1,0,0.89119595,0.34400758,0.7823919
1,1,0.55915684,0.6861317,0.11831367
1,1,0.5614922,0.6855655,0.12298441
0,0,0.8488904,0.42462897,0.69778085
1,0,0.874233,0.37826,0.748466
1,0,0.5075924,0.6930319,0.01518476
1,0,0.87234885,0.38189715,0.7446977
1,0,0.6818397,0.62547493,0.36367938
0,1,0.55914766,0.68613386,0.11829531
0,1,0.5465386,0.6888092,0.09307718
0,0,0.87669975,0.3734494,0.7533995
1,0,0.9149244,0.29099408,0.82984877
0,1,0.5614994,0.6855637,0.12299883
0,1,0.5573539,0.6865537,0.11470783
1,0,0.8803325,0.3662619,0.76066506
0,1,0.51082855,0.69291264,0.02165711
1,0,0.9080383,0.3070531,0.81607664
0,1,0.55915296,0.6861326,0.11830592
1,0,0.8986923,0.32794684,0.7973846
1,1,0.5633573,0.6850972,0.12671459
1,0,0.90371126,0.31685114,0.8074225
1,0,0.6871456,0.62136555,0.37429115
0,1,0.5507549,0.6879862,0.10150981
1,1,0.5089429,0.6929872,0.017885804
0,1,0.559153,0.6861326,0.11830604
0,0,0.87772,0.3714432,0.75544
0,0,0.87792575,0.37103754,0.7558515
1,0,0.9107211,0.30086622,0.82144225
1,0,0.6797801,0.6270351,0.35956022
1,0,0.52883315,0.6914835,0.057666272
0,1,0.53131044,0.69118524,0.06262088
1,1,0.5633448,0.68510044,0.12668955
0,1,0.51697993,0.69257045,0.033959866
1,0,0.88748264,0.35174635,0.7749653
0,1,0.5479847,0.68853503,0.09596944
1,1,0.51021117,0.6929386,0.02042234
1,0,0.87234885,0.38189715,0.7446977
1,0,0.6761075,0.6297688,0.35221502
1,0,0.50711155,0.693046,0.014223069
0,1,0.55543756,0.6869879,0.11087513
0,1,0.55077654,0.6879818,0.10155308
1,0,0.88656324,0.3536409,0.7731265
0,0,0.68347013,0.6242261,0.36694023
1,0,0.91509706,0.2905837,0.8301941
1,0,0.8813267,0.36427334,0.76265335
0,0,0.8750594,0.37665454,0.75011885
0,1,0.5367399,0.69044507,0.07347977
1,0,0.89408875,0.3378805,0.7881775
1,0,0.9066325,0.31026053,0.81326497
0,0,0.8750594,0.37665454,0.75011885
1,0,0.89122474,0.34394702,0.7824495
0,0,0.88211364,0.36269248,0.7642273
1,0,0.9209302,0.27649158,0.8418604
0,0,0.6797776,0.6270369,0.35955524
1,0,0.85133886,0.42037958,0.7026777
0,1,0.5512405,0.6878868,0.10248101
0,0,0.6851082,0.6229589,0.37021637
0,0,0.6818526,0.62546515,0.36370513
0,1,0.5749977,0.6818553,0.14999545
0,0,0.6818441,0.6254716,0.3636882
1,1,0.5591579,0.6861315,0.118315816
1,0,0.88617575,0.35443693,0.7723515
1,1,0.5106973,0.6929183,0.02139461
1,0,0.91160744,0.29880297,0.8232149
0,0,0.8738077,0.37908375,0.74761546
0,0,0.6781599,0.6282487,0.3563198
1,1,0.5633434,0.6851008,0.12668681
0,0,0.8723845,0.38182864,0.744769
0,1,0.55553335,0.68696654,0.1110667
1,0,0.90664506,0.31023195,0.8132901
0,1,0.5591597,0.686131,0.11831939
1,1,0.5633474,0.6850998,0.1266948
0,1,0.54045373,0.6898706,0.080907464
1,1,0.563354,0.6850981,0.12670803
1,1,0.5633452,0.6851004,0.12669039
0,1,0.5633481,0.6850996,0.12669623
1,0,0.9051947,0.3135168,0.8103894
1,1,0.55309635,0.6874981,0.10619271
0,0,0.8488923,0.42462575,0.69778454
0,0,0.6821399,0.6252459,0.36427975
1,1,0.56335276,0.6850984,0.12670553
1,0,0.6780467,0.6283331,0.3560934
0,1,0.50894254,0.69298726,0.017885089
1,0,0.6760767,0.6297914,0.35215342
0,1,0.5530978,0.6874978,0.10619557
0,0,0.8733833,0.3799042,0.74676657
1,0,0.54527766,0.68904144,0.09055531
1,0,0.8723489,0.38189703,0.7446978
0,1,0.5633459,0.68510014,0.12669182
1,0,0.8890103,0.34857953,0.7780206
1,0,0.889564,0.347426,0.77912796
0,0,0.68918395,0.61975205,0.37836787
0,0,0.88406914,0.35873836,0.7681383
1,1,0.56334305,0.6851009,0.1266861
1,0,0.89232445,0.34162775,0.7846489
0,1,0.5666296,0.6842417,0.13325918
1,0,0.88617575,0.35443693,0.7723515
1,0,0.678133,0.6282687,0.356266
0,0,0.67263603,0.6322961,0.34527206
0,0,0.8769075,0.37304163,0.75381505
0,0,0.67813265,0.62826896,0.35626534
1,1,0.55308366,0.68750083,0.10616732
1,0,0.5293125,0.6914277,0.058624983
0,1,0.5632887,0.68511474,0.12657738
0,1,0.5408079,0.6898129,0.081615806
0,1,0.5549589,0.687094,0.10991776
0,1,0.53386855,0.6908512,0.0677371
1,0,0.53682625,0.69043237,0.073652536
0,0,0.874231,0.37826395,0.74846196
1,0,0.8880724,0.35052657,0.77614474
1,0,0.67802846,0.6283466,0.35605693
1,0,0.89358336,0.33895728,0.7871667
1,0,0.89898825,0.32730037,0.7979765
0,0,0.6818366,0.6254773,0.3636732
1,0,0.8513311,0.42039317,0.7026622
1,0,0.889564,0.347426,0.77912796
1,1,0.5633567,0.68509746,0.1267134
0,1,0.5643029,0.6848545,0.12860584
1,1,0.500435,0.69314677,0.0008699894
0,0,0.89358324,0.3389575,0.7871665
1,0,0.89232445,0.34162775,0.7846489
0,0,0.88132656,0.36427355,0.7626531
1,0,0.50381935,0.69311804,0.0076387227
0,0,0.6781422,0.6282619,0.3562844
1,0,0.90774137,0.30773252,0.81548274
1,0,0.5165782,0.6925974,0.033156395
1,0,0.6781336,0.6282683,0.3562672
0,1,0.54265785,0.6895033,0.085315704
0,1,0.55170965,0.6877898,0.103419304
1,0,0.893372,0.33940673,0.786744
0,1,0.5423166,0.6895615,0.08463323
0,0,0.87423193,0.378262,0.74846387
1,0,0.8742311,0.37826368,0.7484622
1,1,0.563351,0.6850989,0.12670195
0,1,0.54283285,0.6894734,0.0856657
1,0,0.87234885,0.38189715,0.7446977
0,1,0.55915993,0.686131,0.11831987
1,0,0.8723488,0.38189727,0.7446976
0,1,0.5367786,0.6904394,0.07355726
0,1,0.5512756,0.68787956,0.10255122
1,0,0.9030265,0.31838167,0.80605304
1,0,0.9022202,0.32017714,0.8044404
1,0,0.9110215,0.30016816,0.82204294
1,0,0.50995934,0.6929488,0.01991868
1,1,0.51082164,0.69291294,0.021643281
0,0,0.88656163,0.35364422,0.77312326
0,0,0.67814577,0.62825924,0.35629153
0,0,0.6756431,0.63011,0.3512862
1,0,0.8503252,0.42214453,0.70065045
0,1,0.5633293,0.6851044,0.12665856
1,0,0.8512956,0.4204552,0.7025912
0,0,0.67814523,0.62825966,0.35629046
0,1,0.5633522,0.6850985,0.12670445
0,1,0.538581,0.6901672,0.07716203
1,0,0.5541783,0.68726504,0.108356595
1,0,0.53355,0.69089425,0.06710008
1,1,0.5103194,0.69293416,0.020638824
0,1,0.53691655,0.6904191,0.07383311
1,0,0.5160963,0.6926289,0.032192588
1,0,0.9169749,0.28609622,0.8339498
0,0,0.87423193,0.378262,0.74846387
0,0,0.6672833,0.63608587,0.33456662
1,1,0.5591598,0.686131,0.11831963
0,0,0.85321105,0.41709855,0.7064221
1,0,0.5160963,0.6926289,0.032192588
1,0,0.68348515,0.62421453,0.36697027
1,1,0.5089429,0.6929872,0.017885804
0,1,0.55123115,0.6878887,0.10246229
0,0,0.877926,0.37103704,0.755852
0,1,0.5573254,0.6865603,0.114650846
1,0,0.8953295,0.3352256,0.79065895
0,1,0.559159,0.6861312,0.11831796
0,1,0.5088869,0.69298923,0.017773747
0,0,0.6793581,0.62735236,0.35871625
1,0,0.87423193,0.3782621,0.74846387
0,1,0.5614915,0.6855656,0.12298298
0,0,0.87873316,0.3694415,0.7574663
0,1,0.52790904,0.6915885,0.05581808
0,0,0.8723488,0.38189724,0.7446976
1,0,0.89119595,0.34400758,0.7823919
0,0,0.91405505,0.2930541,0.8281101
0,0,0.52616215,0.6917777,0.052324325
1,1,0.56337696,0.6850922,0.12675393
1,1,0.55024904,0.68808866,0.10049808
0,1,0.5596447,0.68601525,0.1192894
0,1,0.55495703,0.6870944,0.109914064
0,0,0.8750594,0.37665454,0.75011885
0,0,0.88329357,0.36031103,0.76658714
0,0,0.8750594,0.37665454,0.75011885
1,0,0.8803325,0.3662619,0.76066506
1,0,0.8844327,0.35799918,0.76886535
0,0,0.8665377,0.39291584,0.7330754
0,0,0.8769075,0.37304157,0.75381505
1,0,0.8974323,0.33068833,0.79486465
1,0,0.6797799,0.62703526,0.35955977
0,0,0.8769076,0.37304148,0.7538152
0,1,0.55032337,0.68807364,0.100646734
0,1,0.50894254,0.69298726,0.017885089
1,0,0.88560724,0.355602,0.7712145
0,0,0.8785275,0.36984858,0.75705504
0,0,0.68714863,0.6213631,0.37429726
1,0,0.50618684,0.69307065,0.012373656
1,0,0.8813267,0.36427334,0.76265335
0,1,0.5559254,0.6868788,0.11185086
0,0,0.68184626,0.62547,0.3636925
0,0,0.8828959,0.36111516,0.7657918
1,0,0.9180834,0.28342557,0.83616686
0,0,0.9200965,0.27853358,0.84019303
0,1,0.5306266,0.69127005,0.06125319
0,0,0.8721344,0.38230908,0.7442688
0,1,0.5512294,0.68788904,0.102458835
1,0,0.92022765,0.27821305,0.8404553
1,1,0.5591951,0.6861226,0.1183902
0,0,0.6781637,0.62824583,0.3563274
0,1,0.5507526,0.6879866,0.10150516
0,1,0.5572937,0.6865676,0.114587426
0,0,0.67813313,0.62826866,0.35626626
0,1,0.55032337,0.68807364,0.100646734
1,0,0.91708744,0.28582585,0.8341749
1,1,0.54654044,0.6888089,0.09308088
0,0,0.87129045,0.38392627,0.7425809
0,0,0.88092303,0.36508185,0.76184607
0,1,0.5465885,0.68879986,0.09317696
1,1,0.56567633,0.68449545,0.13135266
1,0,0.52082515,0.6922796,0.041650325
0,0,0.88580203,0.3552032,0.77160406
1,0,0.85134095,0.420376,0.7026819
1,0,0.8996715,0.32580417,0.799343
1,0,0.68511164,0.6229563,0.3702233
0,1,0.5573816,0.68654734,0.11476314
0,1,0.55916077,0.68613076,0.11832154
1,1,0.56334805,0.6850996,0.12669611
1,0,0.50618684,0.69307065,0.012373656
0,0,0.8731868,0.38028347,0.74637365
1,0,0.8948013,0.33635777,0.78960264
0,0,0.7121688,0.6001983,0.42433766
1,0,0.889564,0.347426,0.77912796
0,1,0.5633088,0.6851096,0.12661755
0,0,0.8750593,0.37665474,0.7501186
0,1,0.53482586,0.69071954,0.06965172
1,0,0.8852019,0.3564309,0.77040374
1,1,0.565674,0.68449605,0.13134801
0,0,0.876908,0.37304065,0.753816
1,0,0.88560724,0.355602,0.7712145
0,1,0.53672105,0.6904479,0.0734421
1,0,0.6781466,0.6282586,0.3562932
1,1,0.5633513,0.68509877,0.12670255
0,1,0.56664616,0.68423724,0.13329232
1,0,0.678153,0.6282538,0.35630596
1,0,0.88732004,0.35208204,0.7746401
1,1,0.55075294,0.6879866,0.101505876
0,0,0.90504223,0.31386065,0.81008446
1,0,0.9061554,0.3113437,0.8123108
1,0,0.51373065,0.6927701,0.02746132
0,1,0.5008468,0.69314575,0.0016936064
0,1,0.559138,0.6861362,0.118276
1,1,0.565676,0.68449557,0.13135195
0,1,0.5507541,0.6879863,0.10150814
0,1,0.53110766,0.69121057,0.06221533
1,0,0.678135,0.6282673,0.35626996
0,0,0.6871446,0.62136626,0.37428916
0,0,0.85106325,0.42086032,0.7021265
0,0,0.8850213,0.35679948,0.77004266
0,0,0.6344435,0.6565484,0.26888707
0,1,0.5488807,0.6883609,0.09776139
1,1,0.56333727,0.68510234,0.12667453
1,1,0.572654,0.68255246,0.14530802
0,0,0.87234867,0.38189745,0.74469733
1,0,0.92061776,0.27725798,0.8412355
1,0,0.5457546,0.68895435,0.09150922
1,1,0.5633539,0.6850981,0.12670779
1,0,0.89606225,0.33364993,0.7921245
1,0,0.678137,0.62826574,0.356274
1,0,0.5104401,0.69292915,0.020880252
1,0,0.67606777,0.62979805,0.35213554
1,0,0.67813325,0.6282686,0.3562665
1,0,0.9066074,0.31031764,0.8132148
1,0,0.8803325,0.3662619,0.76066506
0,0,0.8828962,0.36111456,0.76579237
1,1,0.5046893,0.6931032,0.009378552
1,0,0.50995934,0.6929488,0.01991868
0,1,0.56333995,0.6851017,0.1266799
1,0,0.50570595,0.6930821,0.011411905
1,1,0.56339794,0.68508697,0.12679589
1,0,0.91911256,0.28093147,0.8382251
1,1,0.5532199,0.68747175,0.10643983
0,1,0.5423184,0.6895612,0.08463681
1,0,0.91550994,0.28960094,0.8310199
1,0,0.9249504,0.266509,0.84990084
1,1,0.55915326,0.68613255,0.11830652
1,0,0.91314536,0.2951995,0.8262907
1,1,0.5592023,0.68612087,0.11840463
1,0,0.8906784,0.34509462,0.7813568
0,1,0.5507995,0.6879771,0.10159898
1,0,0.5123259,0.6928433,0.024651736
0,1,0.5188176,0.69243884,0.037635207
1,0,0.6797792,0.62703586,0.35955834
1,0,0.67813176,0.6282697,0.35626352
1,0,0.87234885,0.38189715,0.7446977
1,0,0.5420102,0.68961334,0.08402035
1,1,0.55309194,0.68749905,0.10618389
0,0,0.68714666,0.6213647,0.37429333
0,1,0.55367184,0.6873747,0.10734367
1,0,0.50570595,0.6930821,0.011411905
0,0,0.67400044,0.63130933,0.34800088
0,1,0.5488856,0.68836,0.09777117
1,0,0.8875122,0.35168526,0.7750244
0,1,0.5633465,0.6851,0.12669301
1,1,0.56336135,0.68509626,0.1267227
1,1,0.5636644,0.68501884,0.12732875
0,1,0.5310712,0.69121516,0.062142372
1,0,0.88656324,0.3536409,0.7731265
0,1,0.5531009,0.68749714,0.10620177
0,1,0.54467165,0.68915075,0.08934331
1,0,0.91345006,0.2944821,0.8269001
0,1,0.55075186,0.6879868,0.10150373
0,1,0.5591577,0.6861315,0.11831546
0,0,0.87953514,0.36785018,0.7590703
1,0,0.6797787,0.62703615,0.35955742
0,1,0.5339016,0.6908468,0.067803144
1,0,0.90035063,0.32431185,0.80070126
1,1,0.54052216,0.6898595,0.08104432
0,1,0.51082855,0.69291264,0.02165711
0,1,0.55915993,0.686131,0.11831987
1,0,0.88656324,0.3536409,0.7731265
0,1,0.53387046,0.690851,0.06774092
1,0,0.6760725,0.62979454,0.352145
0,0,0.8721344,0.38230908,0.7442688
0,0,0.874232,0.37826192,0.748464
1,0,0.5156158,0.6926594,0.031231642
0,0,0.8748485,0.37706488,0.74969697
1,0,0.9222886,0.27314392,0.8445772
1,0,0.8969547,0.33172306,0.79390943
0,0,0.6739838,0.63132143,0.34796762
0,0,0.9076043,0.3080459,0.81520855
1,0,0.9055244,0.31277227,0.81104875
1,0,0.9066074,0.31031764,0.8132148
0,0,0.8769081,0.37304038,0.75381625
0,0,0.8723489,0.38189703,0.7446978
1,0,0.91133285,0.29944324,0.8226657
1,1,0.55356836,0.687397,0.10713673
0,1,0.5512369,0.68788755,0.102473855
1,1,0.5614902,0.68556595,0.122980356
0,1,0.5536706,0.687375,0.10734117
1,1,0.5633487,0.6850995,0.12669742
1,0,0.8773069,0.37225673,0.75461376
0,1,0.54654247,0.6888085,0.09308493
1,0,0.8811098,0.364708,0.76221955
1,0,0.67813694,0.6282658,0.3562739
1,0,0.8884249,0.3497959,0.77684975
1,0,0.8803325,0.3662619,0.76066506
0,1,0.54656667,0.68880403,0.09313333
0,0,0.8586823,0.40734833,0.71736455
0,1,0.55495703,0.6870944,0.109914064
0,1,0.54517263,0.68906045,0.09034526
1,0,0.50145173,0.693143,0.0029034615
0,1,0.54048157,0.68986607,0.080963135
0,1,0.5549569,0.68709445,0.109913826
0,1,0.5512618,0.6878824,0.102523565
0,0,0.8785275,0.36984855,0.75705504
1,1,0.54044294,0.6898724,0.08088589
1,0,0.8844479,0.35796824,0.76889575
1,0,0.89955133,0.3260677,0.79910266
1,0,0.89232445,0.34162775,0.7846489
1,0,0.8813267,0.36427334,0.76265335
0,0,0.8735959,0.37949345,0.7471918
0,0,0.5072202,0.6930429,0.014440417
0,1,0.53252614,0.6910298,0.06505227
0,0,0.88112473,0.36467803,0.76224947
1,1,0.53857,0.6901689,0.07713997
0,1,0.54937357,0.6882637,0.098747134
0,0,0.690794,0.6184639,0.38158795
0,1,0.5122019,0.6928494,0.02440381
1,0,0.87234885,0.38189715,0.7446977
1,0,0.8513452,0.4203686,0.70269036
1,0,0.889564,0.347426,0.77912796
1,0,0.53730464,0.6903613,0.07460925
0,0,0.87892234,0.36906666,0.7578447
0,0,0.9128626,0.29586428,0.8257252
1,0,0.88189805,0.3631261,0.7637961
1,0,0.91345006,0.2944821,0.8269001
1,0,0.8534615,0.41665748,0.706923
0,1,0.5344139,0.6907767,0.06882775
1,0,0.90368545,0.31690896,0.8073709
1,0,0.8939065,0.33826914,0.78781295
1,1,0.5277412,0.69160724,0.055482388
0,0,0.876908,0.37304065,0.753816
1,0,0.50807315,0.6930169,0.016146302
1,1,0.5591531,0.68613255,0.11830616
0,1,0.54654354,0.6888083,0.09308708
1,0,0.91224927,0.2973027,0.82449853
0,1,0.5343382,0.6907871,0.06867635
1,0,0.52082515,0.6922796,0.041650325
0,0,0.68551946,0.6226388,0.3710389
1,0,0.8723485,0.3818978,0.744697
0,0,0.5350852,0.69068325,0.07017043
0,1,0.55075234,0.68798673,0.10150468
1,0,0.91210705,0.29763556,0.8242141
0,0,0.6781496,0.6282563,0.3562992
1,0,0.5481014,0.68851256,0.09620282
0,1,0.56664854,0.68423665,0.13329709
1,0,0.90368545,0.31690896,0.8073709
0,1,0.554951,0.68709576,0.109902024
0,1,0.54231685,0.6895615,0.08463371
1,0,0.6818372,0.62547684,0.36367443
1,0,0.50145173,0.693143,0.0029034615
1,0,0.87423193,0.3782621,0.74846387
0,0,0.8787333,0.36944124,0.75746655
0,0,0.914346,0.29236582,0.82869196
0,1,0.5385678,0.69016933,0.07713556
1,0,0.67815566,0.62825185,0.3563113
1,0,0.5123259,0.6928433,0.024651736
1,0,0.90368545,0.31690896,0.8073709
1,0,0.87423193,0.3782621,0.74846387
0,0,0.87933064,0.3682566,0.75866127
0,1,0.54654497,0.688808,0.09308994
0,1,0.50894254,0.69298726,0.017885089
1,0,0.50381935,0.69311804,0.0076387227
0,1,0.5381378,0.6902354,0.07627559
1,0,0.8803325,0.3662619,0.76066506
1,0,0.8899414,0.34663782,0.7798828
1,1,0.5070563,0.6930476,0.014112592
0,1,0.50894254,0.69298726,0.017885089
1,0,0.8976229,0.33027482,0.79524577
1,1,0.5108179,0.69291306,0.02163577
1,0,0.85134494,0.42036903,0.7026899
0,0,0.85106015,0.42086574,0.7021203
0,1,0.53342664,0.6909108,0.066853285
0,1,0.5633293,0.6851044,0.12665856
1,0,0.53259236,0.69102114,0.06518471
1,0,0.8719198,0.38272086,0.7438396
1,0,0.8962137,0.33332354,0.7924274
0,0,0.6818437,0.62547195,0.3636874
0,0,0.5309316,0.69123244,0.061863154
1,0,0.50381935,0.69311804,0.0076387227
0,1,0.53953415,0.69001806,0.0790683
1,0,0.87129045,0.3839262,0.7425809
1,0,0.50995934,0.6929488,0.01991868
0,1,0.54231405,0.6895619,0.084628105
0,0,0.88732004,0.35208198,0.7746401
0,0,0.87402016,0.37867245,0.7480403
0,1,0.55312294,0.6874925,0.106245875
1,1,0.56148803,0.6855664,0.122976065
1,0,0.90368545,0.31690896,0.8073709
0,1,0.5503316,0.6880721,0.100663185
1,1,0.55916584,0.68612957,0.11833167
1,1,0.517298,0.69254863,0.034595966
0,1,0.56334305,0.6851009,0.1266861
1,0,0.6797863,0.62703043,0.35957262
0,0,0.8785271,0.3698494,0.7570542
1,0,0.889564,0.347426,0.77912796
1,0,0.6781383,0.6282648,0.35627663
1,0,0.5104401,0.69292915,0.020880252
0,0,0.9186928,0.28195038,0.83738565
0,0,0.88751113,0.3516875,0.77502227
1,1,0.51319635,0.69279885,0.026392698
1,0,0.6781355,0.6282669,0.35627103
0,0,0.6797778,0.62703687,0.3595556
0,0,0.88012916,0.36666757,0.7602583
0,0,0.6855197,0.62263864,0.37103942
0,0,0.6781322,0.6282694,0.35626438
1,0,0.50947857,0.6929675,0.018957138
1,0,0.8740203,0.37867224,0.74804056
0,1,0.55915296,0.6861326,0.11830592
1,0,0.6781342,0.6282679,0.35626844
0,0,0.8534428,0.41669047,0.7068856
1,1,0.5530934,0.6874987,0.10618675
1,0,0.91345006,0.2944821,0.8269001
1,1,0.53717166,0.69038117,0.07434332
0,1,0.56334347,0.6851008,0.12668693
0,0,0.6944171,0.6155207,0.38883424
1,0,0.6780665,0.6283183,0.35613298
0,1,0.561489,0.6855662,0.12297797
0,0,0.68348336,0.62421584,0.3669667
0,0,0.67885375,0.6277305,0.35770753
1,0,0.89588296,0.33403602,0.7917659
0,1,0.55495775,0.6870943,0.109915495
0,0,0.874232,0.37826192,0.748464
0,0,0.8738082,0.3790828,0.7476164
0,0,0.6924049,0.61716294,0.38480985
1,0,0.90368545,0.31690896,0.8073709
0,1,0.540466,0.68986857,0.08093202
0,1,0.5549615,0.6870934,0.109923005
0,1,0.5376596,0.690308,0.07531917
1,0,0.6781362,0.62826633,0.35627243
0,1,0.54953283,0.6882321,0.09906566
1,0,0.8974596,0.33062917,0.79491925
0,0,0.87423193,0.378262,0.74846387
1,0,0.5089978,0.69298524,0.017995566
0,1,0.53621596,0.6905217,0.07243192
0,0,0.67399645,0.63131225,0.3479929
1,0,0.9237292,0.2695656,0.84745836
1,0,0.88788104,0.35092276,0.7757621
1,1,0.55543625,0.6869882,0.11087251
1,0,0.6778863,0.6284525,0.3557726
1,1,0.56359375,0.6850369,0.12718749
1,0,0.5541783,0.68726504,0.108356595
0,0,0.6756447,0.6301089,0.3512894
1,0,0.88920003,0.34818462,0.77840006
1,0,0.889564,0.347426,0.77912796
1,1,0.55495876,0.687094,0.10991752
1,0,0.5481014,0.68851256,0.09620282
1,1,0.5616013,0.6855384,0.12320256
1,0,0.8791269,0.36866096,0.7582538
0,0,0.68876576,0.62008464,0.37753153
0,1,0.545888,0.6889298,0.09177601
0,1,0.5432909,0.6893943,0.086581826
1,0,0.9080383,0.3070531,0.81607664
0,0,0.68349236,0.6242089,0.36698472
0,1,0.55915344,0.68613255,0.118306875
0,1,0.5530928,0.68749887,0.106185555
1,0,0.8986923,0.32794684,0.7973846
1,0,0.8844479,0.35796824,0.76889575
0,0,0.8750573,0.37665865,0.75011456
0,0,0.6714751,0.63312906,0.34295022
1,1,0.5633619,0.68509614,0.12672377
1,1,0.55496955,0.68709165,0.1099391
0,1,0.5319901,0.69109905,0.06398022
0,1,0.5343654,0.6907834,0.06873083
0,0,0.9214673,0.27517095,0.8429346
1,1,0.5423181,0.68956125,0.08463621
0,1,0.53621954,0.6905212,0.072439075
0,0,0.891411,0.3435551,0.782822
1,0,0.6781348,0.6282674,0.35626957
1,0,0.8848405,0.35716844,0.769681
1,0,0.8813267,0.36427334,0.76265335
1,0,0.8801293,0.36666733,0.76025856
0,0,0.8785275,0.36984858,0.75705504
1,1,0.54043823,0.6898731,0.08087647
1,1,0.5633396,0.68510175,0.12667918
1,1,0.5301031,0.69133365,0.060206175
1,0,0.90368545,0.31690896,0.8073709
0,0,0.67977726,0.6270372,0.35955453
0,1,0.5479744,0.688537,0.095948815
1,0,0.87297267,0.38069645,0.74594533
1,0,0.9094496,0.30380943,0.81889915
0,1,0.5507531,0.6879865,0.10150623
1,0,0.90371126,0.31685114,0.8074225
1,1,0.56335247,0.6850985,0.12670493
1,0,0.6781342,0.6282679,0.3562684
0,1,0.54188704,0.68963397,0.08377409
1,0,0.50522506,0.6930926,0.010450125
1,0,0.87380826,0.37908268,0.7476165
0,0,0.8714889,0.3835465,0.74297786
1,0,0.87690663,0.37304333,0.75381327
1,0,0.889564,0.347426,0.77912796
1,0,0.90035063,0.32431185,0.80070126
0,1,0.5856334,0.67840844,0.1712668
0,1,0.5366949,0.69045174,0.07338977
1,1,0.5046893,0.6931032,0.009378552
1,0,0.6781359,0.6282666,0.35627177
1,0,0.8976229,0.33027482,0.79524577
1,0,0.89119595,0.34400758,0.7823919
1,0,0.8844327,0.35799918,0.76886535
0,1,0.5596573,0.6860122,0.11931455
0,0,0.8795342,0.36785203,0.75906837
1,1,0.57264894,0.682554,0.14529788
1,0,0.87588215,0.37505,0.7517643
1,1,0.5633403,0.68510157,0.12668061
0,1,0.5385736,0.6901684,0.077147245
0,1,0.5507507,0.6879871,0.101501346
1,0,0.678136,0.6282665,0.356272
0,0,0.8702246,0.38595954,0.7404492
1,0,0.87234885,0.38189715,0.7446977
0,1,0.5530966,0.68749803,0.106193185
1,1,0.51081115,0.6929134,0.0216223
0,1,0.56149113,0.6855657,0.12298226
0,0,0.8721344,0.38230908,0.7442688
0,0,0.8476693,0.4267307,0.6953386
1,0,0.8821137,0.3626923,0.7642274
1,0,0.67813474,0.62826747,0.35626948
0,1,0.5675721,0.6839872,0.13514423
1,0,0.67813385,0.6282681,0.35626766
0,1,0.53198624,0.6910995,0.06397247
1,1,0.51319635,0.69279885,0.026392698
1,0,0.9066325,0.31026053,0.81326497
0,1,0.51082855,0.69291264,0.02165711
1,0,0.52082515,0.6922796,0.041650325
1,0,0.8504156,0.42198747,0.7008312
1,0,0.52787435,0.6915924,0.05574867
1,0,0.8513553,0.4203509,0.7027106
1,0,0.68174136,0.6255499,0.36348274
0,0,0.8721006,0.38237393,0.7442012
0,1,0.5530921,0.687499,0.106184244
1,0,0.91164327,0.29871932,0.82328653
1,1,0.5028027,0.6931315,0.005605459
1,0,0.8960484,0.33367968,0.79209685
0,1,0.54891276,0.6883546,0.09782553
1,1,0.5637704,0.68499166,0.12754083
1,0,0.67607224,0.6297947,0.35214445
1,0,0.87234885,0.38189715,0.7446977
1,1,0.5469994,0.6887228,0.09399879
0,1,0.542308,0.68956304,0.084615946
0,1,0.5614977,0.68556404,0.12299538
0,0,0.68184197,0.62547326,0.36368394
1,0,0.8960484,0.33367968,0.79209685
0,1,0.5465406,0.68880886,0.093081236
1,1,0.54402333,0.6892661,0.08804667
1,0,0.889564,0.347426,0.77912796
1,0,0.6818358,0.62547797,0.3636715
0,1,0.5424354,0.68954134,0.084870815
1,0,0.50145173,0.693143,0.0029034615
0,1,0.5348334,0.6907185,0.06966674
1,0,0.5019327,0.6931397,0.0038653612
1,0,0.8740203,0.37867224,0.74804056
1,1,0.51076543,0.6929153,0.021530867
0,0,0.87423193,0.378262,0.74846387
1,1,0.5507526,0.6879866,0.10150516
0,0,0.85130167,0.4204445,0.70260334
1,0,0.9066325,0.31026053,0.81326497
1,0,0.50570595,0.6930821,0.011411905
1,0,0.92022765,0.27821305,0.8404553
1,0,0.8511053,0.42078707,0.70221055
0,1,0.5427966,0.6894796,0.08559322
1,0,0.87234765,0.38189942,0.7446953
0,0,0.8662807,0.39339632,0.73256135
0,0,0.874638,0.37747392,0.74927604
0,0,0.8760912,0.37464133,0.75218236
1,1,0.5046893,0.6931032,0.009378552
1,0,0.90371126,0.31685114,0.8074225
1,0,0.85135746,0.4203472,0.7027149
0,1,0.56333834,0.6851021,0.12667668
1,0,0.51657677,0.6925975,0.033153504
0,1,0.5712753,0.68295217,0.14255059
1,0,0.5541783,0.68726504,0.108356595
0,0,0.876908,0.37304065,0.753816
1,0,0.6781374,0.6282655,0.35627484
0,1,0.54140943,0.6897137,0.082818866
0,1,0.5508295,0.687971,0.10165906
1,1,0.55916524,0.6861297,0.11833048
0,1,0.55963886,0.6860166,0.119277716
1,0,0.9169749,0.28609622,0.8339498
1,1,0.56151325,0.6855602,0.12302649
1,1,0.5633827,0.6850908,0.12676537
1,0,0.53259236,0.69102114,0.06518471
1,0,0.909169,0.30445623,0.81833804
1,1,0.5614925,0.68556535,0.122985005
1,0,0.91345006,0.2944821,0.8269001
1,1,0.5108254,0.69291276,0.021650791
1,0,0.50381935,0.69311804,0.0076387227
0,1,0.55915153,0.68613297,0.11830306
1,0,0.90355664,0.31719723,0.8071133
0,1,0.559146,0.6861342,0.118291974
1,0,0.8803325,0.3662619,0.76066506
0,1,0.5512327,0.6878884,0.10246539
0,1,0.55915534,0.6861321,0.11831069
1,0,0.8760906,0.37464255,0.7521812
1,0,0.91345006,0.2944821,0.8269001
0,0,0.8779268,0.3710354,0.75585365
0,1,0.53486276,0.69071436,0.06972551
0,0,0.8723488,0.38189724,0.7446976
1,1,0.5633453,0.6851003,0.12669063
0,1,0.5591512,0.686133,0.118302345
0,1,0.55495524,0.6870948,0.10991049
0,0,0.8767002,0.37344843,0.75340044
1,0,0.8948293,0.33629793,0.78965855
1,0,0.9162397,0.2878587,0.83247936
1,0,0.8850062,0.35683042,0.7700124
1,0,0.8813267,0.36427334,0.76265335
0,0,0.87505704,0.37665918,0.7501141
1,0,0.50618684,0.69307065,0.012373656
1,0,0.8880724,0.35052657,0.77614474
0,0,0.8740202,0.37867233,0.74804044
0,0,0.88053495,0.36585778,0.7610699
1,1,0.55671877,0.6866993,0.11343753
1,0,0.9285363,0.25740868,0.8570726
1,0,0.8813267,0.36427334,0.76265335
0,1,0.55497426,0.68709064,0.109948516
0,1,0.55075294,0.6879866,0.101505876
0,1,0.5549561,0.68709457,0.10991216
1,0,0.87234885,0.38189715,0.7446977
1,0,0.5019327,0.6931397,0.0038653612
0,1,0.5287093,0.6914978,0.057418585
0,0,0.679777,0.6270374,0.35955402
1,0,0.88617575,0.35443693,0.7723515
0,0,0.8702246,0.38595954,0.7404492
1,0,0.8899414,0.34663782,0.7798828
0,1,0.5202281,0.69232863,0.040456176
1,0,0.6834755,0.6242219,0.366951
0,1,0.5343414,0.69078666,0.06868279
0,1,0.5591545,0.68613225,0.11830902
1,0,0.8783227,0.37025362,0.75664544
1,0,0.8821137,0.3626923,0.7642274
1,0,0.8844479,0.35796824,0.76889575
1,0,0.90355664,0.31719723,0.8071133
1,0,0.9368501,0.23554811,0.87370014
0,1,0.5474969,0.68862844,0.09499383
1,0,0.6781336,0.6282683,0.3562672
0,1,0.5405283,0.68985844,0.081056595
0,1,0.54232156,0.68956065,0.084643126
1,0,0.8826972,0.3615163,0.76539445
0,1,0.5155022,0.6926664,0.031004429
1,1,0.55496067,0.6870936,0.109921336
1,0,0.8890103,0.34857953,0.7780206
1,0,0.89192563,0.34247032,0.78385127
0,1,0.5549596,0.68709385,0.10991919
0,1,0.539052,0.690094,0.07810402
0,1,0.53057724,0.6912761,0.061154485
1,1,0.56335014,0.6850991,0.12670028
1,0,0.9137421,0.29379335,0.82748425
1,1,0.51082087,0.69291294,0.021641731
0,0,0.88171244,0.36349916,0.7634249
1,1,0.5633537,0.6850982,0.12670743
1,1,0.5046893,0.6931032,0.009378552
0,0,0.88347584,0.35994193,0.7669517
0,1,0.5591592,0.6861311,0.11831844
0,1,0.55321217,0.6874734,0.10642433
1,0,0.8791269,0.36866096,0.7582538
0,0,0.68184304,0.6254724,0.36368608
0,0,0.87234885,0.38189715,0.7446977
1,0,0.9080383,0.3070531,0.81607664
0,1,0.54888886,0.68835926,0.097777724
1,0,0.5462315,0.6888663,0.09246299
0,1,0.5591539,0.6861324,0.11830783
1,1,0.56333745,0.68510234,0.12667489
0,0,0.6818447,0.6254711,0.36368942
1,0,0.8723488,0.3818972,0.7446976
1,0,0.8838719,0.35913885,0.7677438
1,1,0.56605774,0.68439436,0.13211548
1,0,0.9120952,0.2976634,0.8241904
1,0,0.53259236,0.69102114,0.06518471
1,0,0.9224158,0.27282917,0.8448316
0,1,0.5549969,0.6870856,0.109993815
1,1,0.5089429,0.6929872,0.017885804
0,1,0.55504364,0.68707526,0.110087276
0,0,0.8676292,0.39086887,0.73525834
1,0,0.50381935,0.69311804,0.0076387227
0,0,0.67190397,0.63282204,0.34380794
1,0,0.8723488,0.3818972,0.7446976
0,1,0.54750943,0.68862605,0.09501886
1,0,0.67804384,0.6283352,0.3560877
1,0,0.90373707,0.31679335,0.80747414
0,1,0.55913484,0.68613696,0.11826968
0,1,0.5507493,0.6879873,0.101498604
0,1,0.54563135,0.68897694,0.0912627
0,0,0.8775137,0.3718497,0.7550274
0,0,0.6871504,0.62136173,0.37430084
1,0,0.6781341,0.628268,0.35626817
1,1,0.55495137,0.68709564,0.10990274
0,0,0.67606163,0.6298025,0.35212326
1,0,0.67771024,0.6285834,0.35542047
0,0,0.8742318,0.37826228,0.74846363
1,0,0.5494939,0.6882398,0.09898779
0,0,0.91654515,0.2871273,0.8330903
0,1,0.5619916,0.68544143,0.123983145
1,0,0.6781355,0.6282669,0.35627103
0,0,0.6797848,0.62703156,0.35956958
1,0,0.90760505,0.30804414,0.8152101
1,0,0.67814785,0.6282577,0.3562957
0,1,0.5591454,0.6861344,0.11829078
0,1,0.53621936,0.69052124,0.07243872
1,0,0.9149244,0.29099408,0.82984877
1,0,0.8803325,0.3662619,0.76066506
0,1,0.53201264,0.6910962,0.06402528
1,0,0.5160963,0.6926289,0.032192588
1,0,0.90373707,0.31679335,0.80747414
1,0,0.8903032,0.345881,0.7806064
1,1,0.5108179,0.69291306,0.02163577
1,0,0.5307132,0.6912594,0.06142643
0,0,0.66941273,0.6345937,0.33882546
0,1,0.5749842,0.6818594,0.14996839
1,1,0.56333435,0.6851031,0.12666869
0,1,0.55729026,0.6865684,0.11458051
1,1,0.56336284,0.68509585,0.12672567
0,0,0.8795346,0.36785123,0.7590692
0,1,0.5591572,0.6861316,0.118314385
1,1,0.500435,0.69314677,0.0008699894
1,0,0.8890103,0.34857953,0.7780206
0,0,0.6718991,0.63282555,0.34379816
1,1,0.52586067,0.69180906,0.051721334
1,0,0.8507885,0.42133892,0.70157695
1,0,0.9068078,0.30986193,0.81361556
0,1,0.5277415,0.69160724,0.055482984
1,1,0.500435,0.69314677,0.0008699894
1,0,0.6818452,0.62547076,0.36369035
1,0,0.6780231,0.6283506,0.35604617
0,0,0.8890102,0.34857973,0.7780204
0,1,0.541887,0.689634,0.08377397
0,1,0.54231477,0.6895618,0.084629536
1,1,0.5703284,0.6832222,0.14065683
1,0,0.50995934,0.6929488,0.01991868
0,1,0.56335276,0.6850984,0.12670553
0,0,0.9192654,0.28055993,0.8385308
1,0,0.53355,0.69089425,0.06710008
1,0,0.67813337,0.6282685,0.35626674
0,0,0.8797388,0.3674451,0.7594776
1,0,0.90774137,0.30773252,0.81548274
0,0,0.87609106,0.3746416,0.7521821
1,0,0.9207691,0.276887,0.8415382
0,1,0.5287096,0.6914978,0.05741918
0,0,0.8760902,0.37464327,0.75218046
1,1,0.56334066,0.6851015,0.12668133
1,0,0.67814267,0.62826157,0.3562853
1,0,0.6781143,0.62828267,0.3562286
0,0,0.8723488,0.38189724,0.7446976
1,0,0.8902742,0.3459416,0.78054845
0,0,0.8710745,0.38433897,0.742149
0,1,0.5633429,0.6851009,0.12668586
1,0,0.8880429,0.35058764,0.77608585
1,0,0.92740875,0.26029065,0.8548175
0,0,0.8488872,0.42463452,0.6977744
0,0,0.92214996,0.27348673,0.8442999
1,0,0.67813516,0.62826717,0.3562703
0,0,0.6756397,0.6301125,0.35127938
1,0,0.6818477,0.62546885,0.36369535
0,1,0.54279584,0.6894797,0.085591674
0,0,0.88012916,0.3666676,0.7602583
1,0,0.67813504,0.6282672,0.35627007
1,1,0.5614864,0.68556684,0.122972846
1,0,0.9020504,0.32055435,0.80410075
1,1,0.56334394,0.6851007,0.12668788
0,1,0.50894254,0.69298726,0.017885089
1,0,0.8899414,0.34663782,0.7798828
0,0,0.67771304,0.6285813,0.35542607
0,1,0.5507527,0.6879866,0.1015054
1,1,0.56148773,0.68556654,0.12297547
0,0,0.8779248,0.37103942,0.7558496
1,1,0.5488878,0.6883595,0.09777558
0,0,0.8464451,0.4288262,0.69289017
0,1,0.56332517,0.68510544,0.12665033
0,0,0.84619147,0.42925888,0.69238293
0,1,0.55495924,0.6870939,0.109918475
0,1,0.5942931,0.6752579,0.18858624
0,0,0.8727602,0.38110584,0.74552035
1,0,0.8773069,0.37225673,0.75461376
1,0,0.88826346,0.35013062,0.7765269
1,0,0.6781347,0.6282675,0.35626936
0,1,0.5549558,0.6870947,0.10991156
1,1,0.56334645,0.6851,0.12669289
0,0,0.8767002,0.37344843,0.75340044
0,1,0.5447147,0.68914306,0.08942938
1,0,0.6781363,0.6282663,0.35627258
1,0,0.8740203,0.37867224,0.74804056
1,0,0.88656324,0.3536409,0.7731265
1,1,0.554958,0.6870942,0.10991597
0,0,0.6781522,0.6282544,0.35630438
1,1,0.5108288,0.6929126,0.021657586
0,0,0.6907869,0.6184696,0.3815738
1,0,0.9008805,0.32314396,0.80176103
0,1,0.5428405,0.6894721,0.08568096
0,0,0.6818419,0.62547326,0.36368382
1,0,0.53730464,0.6903613,0.07460925
0,1,0.5591609,0.6861307,0.11832178
1,0,0.8803325,0.3662619,0.76066506
1,0,0.90774137,0.30773252,0.81548274
1,0,0.90355664,0.31719723,0.8071133
1,0,0.50381935,0.69311804,0.0076387227
1,0,0.89100933,0.3443999,0.78201866
1,0,0.53355,0.69089425,0.06710008
0,1,0.548903,0.6883565,0.09780598
0,1,0.5529405,0.6875313,0.105880976
0,1,0.51783895,0.6925106,0.03567791
1,0,0.67814225,0.62826186,0.3562845
1,0,0.67813396,0.628268,0.35626796
1,1,0.5465378,0.6888094,0.09307563
0,0,0.6834849,0.62421465,0.36696982
1,0,0.554258,0.6872477,0.10851598
0,0,0.6881685,0.6205582,0.37633708
0,1,0.52401775,0.69199306,0.048035502
1,0,0.9218846,0.27414224,0.8437692
1,0,0.8809236,0.36508065,0.76184726
0,1,0.5591561,0.68613183,0.11831224
1,1,0.553095,0.6874984,0.106189966
1,0,0.9146476,0.2916511,0.82929516
1,1,0.56335354,0.6850982,0.12670708
0,0,0.67356086,0.63162816,0.34712175
1,0,0.87953424,0.36785194,0.7590685
1,1,0.5108288,0.6929126,0.021657586
0,1,0.51082855,0.69291264,0.02165711
0,1,0.5423184,0.6895612,0.08463681
0,0,0.8731868,0.38028347,0.74637365
0,0,0.6781411,0.62826264,0.3562822
1,0,0.6781373,0.6282655,0.35627463
0,1,0.55495614,0.68709457,0.109912276
1,0,0.50145173,0.693143,0.0029034615
1,1,0.550752,0.6879868,0.10150397
1,0,0.88826346,0.35013062,0.7765269
0,1,0.5456278,0.6889776,0.091255546
1,0,0.8928493,0.34051633,0.78569865
1,0,0.8821137,0.3626923,0.7642274
1,0,0.88596654,0.35486606,0.7719331
0,1,0.5446626,0.68915236,0.08932519
1,1,0.55075157,0.68798685,0.101503134
0,1,0.5427894,0.68948084,0.0855788
1,0,0.8826972,0.3615163,0.76539445
1,0,0.88732004,0.35208204,0.7746401
1,0,0.9175477,0.28471828,0.8350954
0,0,0.9082352,0.30660203,0.8164704
0,1,0.5475775,0.6886131,0.095155
1,1,0.56339574,0.68508744,0.12679148
0,1,0.55074817,0.68798757,0.10149634
1,0,0.88596654,0.35486606,0.7719331
1,0,0.8813267,0.36427334,0.76265335
0,1,0.5488871,0.6883596,0.09777415
0,1,0.5145678,0.6927227,0.029135585
1,0,0.8973098,0.3309541,0.79461956
1,0,0.52318823,0.69207144,0.046376497
1,0,0.8803325,0.3662619,0.76066506
0,1,0.5615098,0.68556106,0.123019576
1,1,0.5108288,0.6929126,0.021657586
1,0,0.52459085,0.6919373,0.04918173
1,0,0.92805374,0.25864452,0.8561075
1,0,0.6696477,0.63442785,0.33929542
0,0,0.9127095,0.29622385,0.82541895
1,0,0.68552136,0.62263733,0.37104276
1,0,0.89046204,0.34554824,0.7809241
1,0,0.9285363,0.25740868,0.8570726
1,0,0.8813267,0.36427334,0.76265335
1,1,0.5591633,0.68613017,0.118326545
0,1,0.5708275,0.6830803,0.14165497
0,1,0.5297581,0.691375,0.05951619
0,0,0.85438657,0.41502404,0.70877314
1,0,0.88920003,0.34818462,0.77840006
1,1,0.54653853,0.6888093,0.09307706
0,0,0.88211375,0.3626922,0.7642275
0,1,0.5423774,0.6895512,0.084754825
0,1,0.55496454,0.6870927,0.109929085
1,0,0.91621685,0.28791323,0.8324337
0,1,0.54891366,0.68835443,0.097827315
1,1,0.5572349,0.68658113,0.11446977
0,0,0.8723489,0.38189703,0.7446978
0,1,0.55729353,0.68656766,0.11458707
0,1,0.5446704,0.6891509,0.089340806
1,1,0.51081115,0.6929134,0.0216223
1,0,0.8773069,0.37225673,0.75461376
1,1,0.5028027,0.6931315,0.005605459
0,0,0.68918324,0.61975265,0.37836644
1,0,0.9066074,0.31031764,0.8132148
1,0,0.8890103,0.34857953,0.7780206
0,1,0.55363363,0.687383,0.10726726
0,1,0.549366,0.6882652,0.098731995
1,0,0.8777204,0.3714424,0.75544083
1,0,0.5156158,0.6926594,0.031231642
0,0,0.8721344,0.38230908,0.7442688
0,1,0.5530969,0.687498,0.10619378
1,0,0.5311923,0.6912,0.062384635
0,1,0.53389996,0.69084704,0.067799926
0,0,0.8809231,0.36508173,0.7618462
0,1,0.5488776,0.6883615,0.09775519
0,0,0.88053507,0.36585757,0.76107013
1,0,0.8803325,0.3662619,0.76066506
1,1,0.563353,0.68509835,0.126706
0,1,0.5596334,0.68601793,0.11926675
0,1,0.5573101,0.68656385,0.11462021
1,0,0.8803325,0.3662619,0.76066506
1,0,0.9098017,0.30299634,0.81960344
0,1,0.5620027,0.6854387,0.12400544
1,0,0.8723488,0.3818972,0.7446976
0,1,0.5596586,0.6860119,0.119317174
0,1,0.5549642,0.6870928,0.10992837
1,1,0.56334424,0.68510056,0.12668848
1,0,0.9126984,0.2962499,0.8253968
0,1,0.54654324,0.6888083,0.09308648
0,1,0.5619729,0.68544614,0.12394583
0,1,0.5577648,0.6864587,0.11552966
1,0,0.50381935,0.69311804,0.0076387227
0,1,0.5572974,0.6865667,0.11459482
1,1,0.5574718,0.68652654,0.11494362
1,0,0.90823597,0.30660027,0.81647193
1,0,0.8986923,0.32794684,0.7973846
0,0,0.6818409,0.6254741,0.3636818
1,0,0.89358336,0.33895728,0.7871667
0,1,0.55915374,0.68613243,0.11830747
1,0,0.91356695,0.29420662,0.8271339
1,0,0.891783,0.34277123,0.783566
1,0,0.50381935,0.69311804,0.0076387227
0,0,0.87000716,0.3863731,0.7400143
1,0,0.87933123,0.36825538,0.75866246
1,0,0.9199557,0.27887762,0.83991134
1,0,0.8948013,0.33635777,0.78960264
0,1,0.5591563,0.68613183,0.1183126
1,0,0.50995934,0.6929488,0.01991868
0,0,0.694414,0.6155232,0.388828
0,1,0.56333965,0.68510175,0.1266793
1,1,0.5549574,0.68709433,0.10991478
1,0,0.50807315,0.6930169,0.016146302
0,0,0.6772914,0.6288943,0.35458282
0,0,0.9179826,0.28366917,0.83596516
1,1,0.55915457,0.6861322,0.11830914
0,1,0.5494601,0.6882466,0.098920226
0,0,0.8742318,0.37826228,0.74846363
1,0,0.8691513,0.38799688,0.7383026
1,0,0.51657677,0.6925975,0.033153504
1,0,0.6760709,0.6297957,0.3521419
0,1,0.56334335,0.68510085,0.12668669
0,1,0.5198698,0.69235736,0.03973961
0,0,0.67815304,0.6282538,0.35630608
1,0,0.88617575,0.35443693,0.7723515
1,0,0.5123259,0.6928433,0.024651736
1,0,0.8844479,0.35796824,0.76889575
1,0,0.9005497,0.32387346,0.8010994
0,1,0.50894254,0.69298726,0.017885089
0,1,0.5385715,0.69016874,0.077142954
1,0,0.8803325,0.3662619,0.76066506
1,1,0.5046893,0.6931032,0.009378552
1,0,0.87234885,0.38189715,0.7446977
1,0,0.9090223,0.30479413,0.81804454
1,0,0.9114643,0.2991369,0.82292855
0,1,0.5423149,0.68956184,0.084629774
1,0,0.6781307,0.62827045,0.35626137
0,1,0.55730456,0.6865651,0.11460912
1,1,0.56334585,0.6851002,0.1266917
1,0,0.8976229,0.33027482,0.79524577
0,0,0.8785275,0.36984855,0.75705504
1,0,0.67813665,0.62826604,0.3562733
0,0,0.6944138,0.61552346,0.38882753
1,1,0.5633224,0.68510616,0.12664485
1,1,0.5530972,0.6874979,0.10619438
1,0,0.52883315,0.6914835,0.057666272
1,0,0.87234885,0.38189715,0.7446977
0,0,0.865886,0.39413315,0.73177195
1,1,0.55729455,0.6865674,0.114589095
1,1,0.5591557,0.68613195,0.118311405
1,0,0.8511197,0.42076194,0.7022394
0,1,0.56430274,0.68485457,0.12860548
1,0,0.9175365,0.28474528,0.835073
1,0,0.9060043,0.3116862,0.8120086
1,0,0.6760812,0.62978816,0.3521624
1,0,0.90835917,0.30631778,0.81671834
1,0,0.5203451,0.69231915,0.040690184
0,1,0.56582963,0.68445486,0.13165927
0,1,0.5591507,0.68613315,0.11830139
1,1,0.56334794,0.68509966,0.12669587
0,0,0.8735959,0.37949347,0.7471918
1,0,0.8887911,0.34903544,0.77758217
1,0,0.92022765,0.27821305,0.8404553
1,0,0.5457546,0.68895435,0.09150922
1,0,0.6760731,0.6297941,0.35214618
1,0,0.8803325,0.3662619,0.76066506
1,0,0.8944526,0.33710366,0.78890514
1,0,0.50947857,0.6929675,0.018957138
1,0,0.8731867,0.38028368,0.7463734
1,0,0.91345006,0.2944821,0.8269001
1,1,0.55075586,0.687986,0.10151172
0,0,0.87669975,0.37344936,0.7533995
1,0,0.90368545,0.31690896,0.8073709
0,0,0.876908,0.37304062,0.753816
1,0,0.87892234,0.36906666,0.7578447
0,1,0.53246087,0.69103825,0.06492174
1,1,0.5639121,0.68495524,0.12782419
1,0,0.89643383,0.33284876,0.79286766
1,0,0.90918124,0.30442807,0.8183625
1,0,0.90851915,0.30595064,0.8170383
1,0,0.90387857,0.31647637,0.80775714
1,1,0.50883967,0.6929909,0.017679334
1,0,0.89250916,0.34123695,0.7850183
1,0,0.5241111,0.69198406,0.048222184
1,0,0.9129809,0.2955863,0.8259618
1,1,0.56334615,0.6851001,0.1266923
1,0,0.9045578,0.31495136,0.80911565
0,1,0.5591501,0.68613327,0.1183002
0,0,0.67397726,0.6313262,0.34795454
1,0,0.8906784,0.34509462,0.7813568
1,0,0.67813873,0.6282645,0.3562775
1,0,0.88898104,0.3486404,0.7779621
1,0,0.685493,0.62265944,0.37098598
0,1,0.5423151,0.6895617,0.08463025
1,1,0.55728245,0.68657017,0.114564896
1,0,0.8944526,0.33710366,0.78890514
0,1,0.5633519,0.68509865,0.12670386
1,1,0.510362,0.6929324,0.020724058
0,1,0.506418,0.6930648,0.012835979
1,1,0.5470118,0.6887204,0.094023585
0,1,0.55597657,0.68686724,0.11195314
1,0,0.9137538,0.29376578,0.8275076
0,0,0.8815277,0.36387002,0.76305544
0,1,0.55915904,0.68613124,0.11831808
1,0,0.6780769,0.62831056,0.35615385
0,0,0.84767133,0.42672724,0.69534266
0,0,0.6600879,0.64097714,0.32017577
1,0,0.6781347,0.6282675,0.3562694
1,0,0.87234885,0.38189715,0.7446977
1,0,0.89917624,0.32688922,0.7983525
1,0,0.87892234,0.36906666,0.7578447
0,0,0.67771184,0.6285822,0.35542372
0,1,0.56566316,0.6844989,0.13132632
0,1,0.5531395,0.6874889,0.106279016
1,0,0.52787435,0.6915924,0.05574867
0,1,0.56381464,0.68498033,0.12762928
0,1,0.5549517,0.6870956,0.109903455
1,0,0.676076,0.629792,0.352152
0,1,0.55499965,0.68708503,0.1099993
0,1,0.5418871,0.689634,0.08377421
1,0,0.8826972,0.3615163,0.76539445
1,0,0.88826346,0.35013062,0.7765269
1,0,0.5136937,0.69277203,0.02738738
1,0,0.9175365,0.28474528,0.835073
1,0,0.50807315,0.6930169,0.016146302
1,1,0.54888296,0.68836045,0.09776592
1,0,0.89159715,0.34316298,0.7831943
0,1,0.5517228,0.6877871,0.10344565
0,0,0.6818464,0.62546986,0.36369273
0,1,0.5540686,0.6872889,0.10813725
0,1,0.5549513,0.68709564,0.10990262
1,0,0.89119595,0.34400758,0.7823919
1,0,0.8875122,0.35168526,0.7750244
0,1,0.55074894,0.6879874,0.10149789
1,0,0.89192563,0.34247032,0.78385127
0,0,0.8702246,0.38595954,0.7404492
0,1,0.51082855,0.69291264,0.02165711
0,0,0.8697895,0.3867867,0.73957896
1,0,0.50145173,0.693143,0.0029034615
1,0,0.9079272,0.30730742,0.81585443
0,0,0.8769081,0.37304038,0.75381625
0,1,0.5320834,0.691087,0.064166784
1,0,0.8813267,0.36427334,0.76265335
1,0,0.8501236,0.42249465,0.70024717
1,0,0.90368545,0.31690896,0.8073709
0,1,0.554959,0.687094,0.109918
1,1,0.565678,0.684495,0.131356
1,0,0.52270836,0.6921154,0.045416713
0,1,0.54653335,0.6888102,0.09306669
0,1,0.55675554,0.6866909,0.113511086
0,1,0.5984239,0.67364556,0.1968478
0,1,0.53627646,0.6905129,0.07255292
0,1,0.50839305,0.6930063,0.016786098
1,0,0.8928493,0.34051633,0.78569865
1,0,0.9077787,0.30764726,0.81555736
1,0,0.5184611,0.6924654,0.036922216
1,1,0.5656807,0.68449426,0.13136137
0,1,0.5549634,0.687093,0.10992682
0,1,0.51106924,0.6929021,0.022138476
0,0,0.88112473,0.36467803,0.76224947
0,1,0.5385665,0.6901695,0.07713306
1,0,0.52787435,0.6915924,0.05574867
0,0,0.9113441,0.29941696,0.8226882
1,0,0.6781353,0.62826705,0.35627055
0,1,0.54327756,0.6893966,0.08655512
1,0,0.52883315,0.6914835,0.057666272
0,0,0.8767002,0.37344843,0.75340044
1,0,0.6781348,0.6282674,0.35626963
1,0,0.85014737,0.42245337,0.70029473
1,1,0.56149566,0.6855646,0.12299132
0,1,0.55915344,0.68613255,0.118306875
0,1,0.5235466,0.6920379,0.047093153
1,0,0.50807315,0.6930169,0.016146302
1,0,0.51184523,0.69286656,0.023690462
1,0,0.88596654,0.35486606,0.7719331
0,1,0.50894254,0.69298726,0.017885089
1,0,0.8723476,0.38189954,0.7446952
1,0,0.6740764,0.63125414,0.34815276
0,0,0.87953466,0.36785114,0.7590693
1,0,0.67813194,0.62826955,0.3562639
1,1,0.54888844,0.6883594,0.09777689
1,0,0.8921395,0.34201872,0.784279
1,0,0.8955512,0.33474943,0.7911024
1,0,0.5457546,0.68895435,0.09150922
0,1,0.5489318,0.68835086,0.097863555
0,1,0.51082855,0.69291264,0.02165711
1,0,0.53730464,0.6903613,0.07460925
0,1,0.55496234,0.68709326,0.109924674
0,0,0.8750593,0.37665474,0.7501186
0,0,0.87318695,0.38028324,0.7463739
1,0,0.678118,0.6282799,0.35623598
0,1,0.5549604,0.6870937,0.10992086
0,1,0.5549504,0.6870959,0.10990083
1,0,0.8727603,0.38110563,0.7455206
1,0,0.50807315,0.6930169,0.016146302
0,0,0.68348265,0.62421644,0.3669653
0,1,0.5530957,0.6874982,0.1061914
0,1,0.56150377,0.6855626,0.123007536
1,0,0.6781429,0.6282613,0.35628584
0,0,0.8740202,0.37867236,0.74804044
1,0,0.85132074,0.42041126,0.7026415
0,0,0.91479695,0.29129666,0.8295939
0,1,0.54887795,0.6883614,0.09775591
0,1,0.54092747,0.68979335,0.08185494
0,1,0.5137357,0.69276977,0.027471423
0,1,0.5465369,0.6888095,0.093073845
0,1,0.5689537,0.6836076,0.13790739
0,1,0.5474969,0.68862844,0.09499383
1,0,0.5019327,0.6931397,0.0038653612
1,0,0.9120952,0.2976634,0.8241904
1,0,0.88826346,0.35013062,0.7765269
0,1,0.5507536,0.6879865,0.10150719
1,0,0.8773069,0.37225673,0.75461376
0,0,0.8848405,0.35716844,0.769681
0,1,0.52586114,0.69180894,0.051722288
0,0,0.91581786,0.28886667,0.8316357
0,1,0.5507542,0.68798625,0.10150838
0,1,0.56848985,0.6837359,0.1369797
1,1,0.56334305,0.6851009,0.1266861
1,0,0.87234885,0.38189715,0.7446977
0,0,0.6818579,0.6254611,0.36371577
0,0,0.874232,0.37826192,0.748464
1,1,0.56334317,0.6851009,0.12668633
1,1,0.5488746,0.6883621,0.09774923
1,0,0.5123259,0.6928433,0.024651736
0,1,0.56334203,0.68510115,0.12668407
0,1,0.55075425,0.6879864,0.1015085
0,0,0.87792575,0.37103748,0.7558515
1,0,0.90518194,0.31354553,0.8103639
0,1,0.5414095,0.6897137,0.082818985
0,1,0.53198487,0.6910997,0.06396973
1,1,0.5595943,0.68602735,0.11918855
0,1,0.54797864,0.68853617,0.09595728
1,0,0.8813267,0.36427334,0.76265335
1,0,0.50947857,0.6929675,0.018957138
0,0,0.91538334,0.28990257,0.8307667
0,1,0.546548,0.6888075,0.09309602
0,1,0.5541446,0.6872724,0.10828924
1,1,0.5633473,0.6850998,0.12669456
1,0,0.9241556,0.26850078,0.8483112
1,1,0.5470161,0.68871963,0.09403217
0,1,0.5633424,0.68510103,0.12668478
0,0,0.91420656,0.29269582,0.8284131
0,1,0.5572939,0.68656754,0.114587784
0,0,0.89141124,0.34355456,0.7828225
1,0,0.6781425,0.6282617,0.35628498
0,0,0.88132674,0.36427322,0.76265347
1,0,0.9154985,0.28962827,0.830997
0,1,0.5606976,0.6857606,0.12139523
1,1,0.5046756,0.69310343,0.0093512535
0,0,0.6871464,0.62136483,0.37429285
0,0,0.8750593,0.37665474,0.7501186
1,0,0.88560724,0.355602,0.7712145
1,0,0.67813575,0.6282667,0.35627154
1,0,0.50381935,0.69311804,0.0076387227
1,0,0.90035063,0.32431185,0.80070126
1,1,0.5002539,0.69314706,0.0005078316
0,0,0.6781429,0.6282614,0.35628578
0,1,0.55915743,0.6861316,0.11831486
1,0,0.91509706,0.2905837,0.8301941
0,1,0.5507528,0.6879866,0.10150564
1,0,0.67815584,0.62825173,0.35631168
0,0,0.68714035,0.6213696,0.3742807
1,0,0.6781436,0.62826085,0.35628727
0,0,0.5857525,0.67836726,0.17150494
1,0,0.90368545,0.31690896,0.8073709
1,0,0.90851915,0.30595064,0.8170383
0,0,0.91581786,0.28886667,0.8316357
0,1,0.52399474,0.69199526,0.047989488
1,0,0.5241111,0.69198406,0.048222184
0,0,0.91654515,0.2871273,0.8330903
0,1,0.536686,0.69045305,0.07337201
0,1,0.54280007,0.689479,0.08560014
1,1,0.55914265,0.68613505,0.1182853
1,0,0.89100933,0.3443999,0.78201866
1,0,0.6817531,0.625541,0.3635062
0,0,0.87772006,0.37144318,0.7554401
1,0,0.5494939,0.6882398,0.09898779
0,1,0.51621425,0.6926213,0.032428503
1,1,0.500435,0.69314677,0.0008699894
0,1,0.51082855,0.69291264,0.02165711
1,1,0.5591623,0.6861304,0.11832464
1,1,0.5046893,0.6931032,0.009378552
1,0,0.88786626,0.35095334,0.7757325
0,0,0.87402016,0.37867245,0.7480403
1,1,0.500435,0.69314677,0.0008699894
1,0,0.5203451,0.69231915,0.040690184
1,0,0.89304745,0.3400961,0.7860949
1,1,0.55915684,0.6861317,0.11831367
0,1,0.5287051,0.6914983,0.05741024
1,0,0.8803325,0.3662619,0.76066506
1,0,0.87234885,0.38189715,0.7446977
0,1,0.5512289,0.68788916,0.10245776
1,1,0.5633484,0.6850995,0.12669683
0,1,0.5507561,0.6879859,0.10151219
1,0,0.88596654,0.35486606,0.7719331
1,1,0.51021117,0.6929386,0.02042234
1,0,0.91224927,0.2973027,0.82449853
1,0,0.8955512,0.33474943,0.7911024
0,0,0.87423193,0.378262,0.74846387
1,1,0.53857386,0.6901683,0.07714772
1,1,0.5549616,0.6870934,0.10992324
1,1,0.5634074,0.68508446,0.12681484
0,1,0.5465443,0.68880814,0.09308863
0,1,0.561489,0.6855662,0.12297797
1,0,0.87234885,0.38189715,0.7446977
0,1,0.55927706,0.6861031,0.118554115
1,0,0.50381935,0.69311804,0.0076387227
1,1,0.5614907,0.6855658,0.12298143
1,0,0.8723489,0.38189703,0.7446978
1,1,0.5108083,0.69291353,0.021616578
0,0,0.88406926,0.35873806,0.7681385
1,0,0.52507067,0.6918896,0.050141305
0,1,0.5108505,0.69291174,0.021700978
0,1,0.54888606,0.68835986,0.09777212
0,0,0.8962551,0.3332343,0.79251015
0,1,0.53817534,0.69022965,0.07635069
0,1,0.54279137,0.68948054,0.08558273
1,0,0.6781366,0.6282661,0.35627314
0,1,0.54469925,0.6891458,0.0893985
0,1,0.5524352,0.68763816,0.10487044
1,0,0.87588215,0.37505,0.7517643
1,1,0.5530902,0.6874994,0.10618043
1,0,0.90368545,0.31690896,0.8073709
0,1,0.5509021,0.68795615,0.10180426
0,0,0.67668056,0.6293463,0.35336116
0,1,0.53443724,0.6907735,0.06887448
0,1,0.5404446,0.6898721,0.080889225
1,0,0.8803325,0.3662619,0.76066506
1,0,0.6781429,0.6282613,0.35628584
1,0,0.8803325,0.3662619,0.76066506
1,1,0.5614907,0.6855658,0.12298143
1,1,0.5028027,0.6931315,0.005605459
1,0,0.88617575,0.35443693,0.7723515
0,0,0.67813194,0.62826955,0.3562639
0,0,0.6777128,0.62858146,0.35542557
0,1,0.54937917,0.6882626,0.09875834
0,1,0.52824885,0.6915504,0.056497693
1,1,0.56333286,0.68510354,0.12666571
0,1,0.55592704,0.6868784,0.11185408
1,0,0.50381935,0.69311804,0.0076387227
0,1,0.51082855,0.69291264,0.02165711
0,0,0.68714714,0.62136436,0.37429425
0,1,0.5636574,0.68502057,0.1273148
0,0,0.88053495,0.36585778,0.7610699
1,0,0.8803325,0.3662619,0.76066506
1,1,0.54888606,0.68835986,0.09777212
1,0,0.50381935,0.69311804,0.0076387227
1,0,0.6818408,0.62547415,0.36368155
0,1,0.5507402,0.6879892,0.101480365
1,0,0.9010257,0.3228234,0.8020514
0,1,0.5559197,0.68688,0.11183941
1,1,0.5362206,0.690521,0.07244122
0,0,0.8723488,0.38189724,0.7446976
1,0,0.50807315,0.6930169,0.016146302
1,0,0.50711155,0.693046,0.014223069
0,1,0.554954,0.68709505,0.109907985
1,0,0.89643365,0.33284914,0.7928673
0,1,0.54184294,0.6896414,0.083685875
0,1,0.53808886,0.6902428,0.076177716
1,1,0.572664,0.6825496,0.14532804
0,1,0.5530973,0.68749785,0.106194615
0,0,0.88444775,0.35796845,0.7688955
1,0,0.6698121,0.6343116,0.3396242
0,0,0.67564917,0.6301056,0.35129836
1,0,0.9175365,0.28474528,0.835073
1,1,0.5362151,0.69052184,0.07243025
1,1,0.55917543,0.6861273,0.11835086
1,0,0.87380826,0.37908268,0.7476165
1,0,0.88788104,0.35092276,0.7757621
0,1,0.5591545,0.68613225,0.11830902
1,0,0.9107211,0.30086622,0.82144225
1,1,0.51077163,0.6929151,0.021543264
1,0,0.67813957,0.62826383,0.35627916
1,0,0.52883315,0.6914835,0.057666272
1,0,0.67812777,0.62827265,0.35625556
1,0,0.5123259,0.6928433,0.024651736
0,1,0.5530868,0.6875001,0.106173635
1,0,0.8813267,0.36427334,0.76265335
0,0,0.6818539,0.6254642,0.36370775
0,1,0.5554627,0.6869823,0.110925436
0,1,0.5507512,0.68798697,0.10150242
1,0,0.89100933,0.3443999,0.78201866
1,1,0.5633507,0.6850989,0.12670135
0,0,0.91654515,0.2871273,0.8330903
1,0,0.88656324,0.3536409,0.7731265
0,1,0.55915827,0.68613136,0.11831653
0,1,0.53624177,0.6905179,0.07248354
1,0,0.8791269,0.36866096,0.7582538
1,0,0.5160963,0.6926289,0.032192588
1,1,0.5636301,0.6850276,0.12726021
0,1,0.505347,0.69308996,0.010694027
0,0,0.67356557,0.6316247,0.34713113
1,0,0.87380826,0.37908268,0.7476165
0,1,0.5395426,0.6900167,0.07908523
0,1,0.5254174,0.6918545,0.050834775
0,1,0.55915177,0.6861329,0.11830354
0,1,0.5419242,0.68962777,0.08384836
1,1,0.55730075,0.686566,0.11460149
1,0,0.52883315,0.6914835,0.057666272
0,1,0.55915314,0.68613255,0.11830628
1,0,0.888234,0.3501917,0.77646804
1,0,0.90401983,0.31615967,0.80803967
1,1,0.565679,0.68449473,0.13135803
0,0,0.65411955,0.6448591,0.3082391
1,0,0.50614977,0.69307154,0.012299538
1,1,0.54653525,0.6888099,0.09307051
1,0,0.9263759,0.26291397,0.85275185
1,0,0.50618684,0.69307065,0.012373656
1,1,0.53904754,0.69009465,0.07809508
